{
"type": "FeatureCollection",
"name": "finalcat_info_v1-0",
"crs": { "type": "name", "properties": { "name": "urn:ogc:def:crs:OGC:1.3:CRS84" } },
"features": [
{ "type": "Feature", "properties": { "SubId": 90010572, "DowSubId": 90012669, "RivSlope": -1.2345, "RivLength": -1.2345, "BasSlope": 0.73025678795404703, "BasAspect": 199.54391479343241, "BasArea": 67852677.139828995, "BkfWidth": 14.204982772799999, "BkfDepth": 0.40590901151499997, "Lake_Cat": 0, "HyLakeId": 0, "LakeVol": 0.0, "LakeDepth": 0.0, "LakeArea": 0.0, "Laketype": 0, "Has_POI": 1, "MeanElev": 515.85416309250263, "FloodP_n": -1.2345, "Q_Mean": 3.89239073257, "Ch_n": -1.2345, "DrainArea": 67852677.139828995, "Strahler": 1, "Seg_ID": 1, "Seg_order": 1, "Max_DEM": -1.2345, "Min_DEM": -1.2345, "DA_Obs": 66.5, "DA_error": 1.0203410096200001, "Obs_NM": "02GA041", "SRC_obs": "HYDAT", "centroid_x": -80.320718914246527, "centroid_y": 44.176761870202391, "DA_Chn_L": 11995.201719000001, "DA_Slope": 0.23980106136900001, "DA_Chn_Slp": 0.0059781378946600003, "outletLat": 44.140378770799998, "outletLng": -80.362577441499994, "Region": "SW", "Sub_Reg": "02G", "rvhName": "02GA041" }, "geometry": { "type": "MultiPolygon", "coordinates": [ [ [ [ -80.272572875421687, 44.158678424287565 ], [ -80.272596227293008, 44.158409085795014 ], [ -80.272970357946633, 44.158425896177086 ], [ -80.2729470079138, 44.158695234758262 ], [ -80.272572875421687, 44.158678424287565 ] ] ], [ [ [ -80.331565354180455, 44.13643835710392 ], [ -80.331542302504133, 44.136707701165207 ], [ -80.33191630253144, 44.136724301745005 ], [ -80.331870202171544, 44.137262990300997 ], [ -80.332244206101009, 44.137279589727797 ], [ -80.332267254557223, 44.137010245319253 ], [ -80.332641256876599, 44.137026843330609 ], [ -80.33261821025782, 44.137296187826706 ], [ -80.33411422915799, 44.137362566942613 ], [ -80.334068149938133, 44.137901256892754 ], [ -80.334442158906256, 44.137917848526733 ], [ -80.334419120792944, 44.138187193718423 ], [ -80.334793131825805, 44.138203784111901 ], [ -80.334770095322767, 44.138473129477141 ], [ -80.335518121745167, 44.138506306454971 ], [ -80.335495088689981, 44.138775652081264 ], [ -80.335869104079492, 44.138792238665566 ], [ -80.335892135297129, 44.138522892951876 ], [ -80.336640163082564, 44.138556061961722 ], [ -80.336617135540024, 44.13882540785017 ], [ -80.337365167909084, 44.138858571722857 ], [ -80.337342143814553, 44.139127917872251 ], [ -80.337716162177315, 44.139144497903935 ], [ -80.337670116982181, 44.13968319063585 ], [ -80.338418161739369, 44.139716347064692 ], [ -80.338395142476443, 44.13998569373458 ], [ -80.339143191817115, 44.140018845025992 ], [ -80.339074143692045, 44.140826886076326 ], [ -80.339822204966922, 44.140860032579681 ], [ -80.339799192146629, 44.141129379943337 ], [ -80.341669358494599, 44.141212223397268 ], [ -80.341692362126238, 44.140942875597005 ], [ -80.342066394238884, 44.140959440216243 ], [ -80.342158399145617, 44.139882049527039 ], [ -80.342532424134347, 44.139898612469075 ], [ -80.342555422956181, 44.13962926492475 ], [ -80.342929446334097, 44.139645826451385 ], [ -80.343021432002487, 44.138568436786301 ], [ -80.343395448256771, 44.138584996635885 ], [ -80.343464429613761, 44.137776955029679 ], [ -80.344212451777352, 44.137810070221214 ], [ -80.344373374614833, 44.135924641601008 ], [ -80.344747373174457, 44.135941196594047 ], [ -80.344770359406866, 44.135671849905812 ], [ -80.345144356355775, 44.13568840348367 ], [ -80.345167340524085, 44.135419056794419 ], [ -80.345541335862308, 44.135435608957032 ], [ -80.34561028149507, 44.13462756914484 ], [ -80.34673225233341, 44.134677216880327 ], [ -80.346709276194545, 44.134946563659767 ], [ -80.347083268764564, 44.134963110336351 ], [ -80.347060294236442, 44.135232457289277 ], [ -80.347808283731041, 44.135265546832962 ], [ -80.347785312651098, 44.135534894046494 ], [ -80.348159309575635, 44.135551436913602 ], [ -80.348090400488729, 44.136359479333031 ], [ -80.348838406042077, 44.136392561606499 ], [ -80.348815439568284, 44.136661909426408 ], [ -80.351059472689187, 44.13676112489847 ], [ -80.35103651701391, 44.137030473327457 ], [ -80.352158542143769, 44.137080063397143 ], [ -80.352181492306499, 44.136810714706783 ], [ -80.352929506516531, 44.136843767939084 ], [ -80.35295245277787, 44.136574419160745 ], [ -80.353326458384871, 44.136590943697833 ], [ -80.353349402582367, 44.136321594918613 ], [ -80.355219424824071, 44.13640419724895 ], [ -80.355265294165363, 44.135865499078491 ], [ -80.356761301330664, 44.13593155634284 ], [ -80.356784228312122, 44.135662207038834 ], [ -80.357158228831338, 44.135678717947975 ], [ -80.35718115374921, 44.135409368643167 ], [ -80.357929151791041, 44.135442386303552 ], [ -80.357974993598702, 44.134903687604648 ], [ -80.358722985195044, 44.13493669960522 ], [ -80.358677150737165, 44.135475398652083 ], [ -80.359051150549277, 44.135491902834403 ], [ -80.358936569636455, 44.136838652395632 ], [ -80.359310578862178, 44.13685515568487 ], [ -80.359287663839098, 44.137124505942772 ], [ -80.359661675128393, 44.137141007990969 ], [ -80.359615848079372, 44.137679708939324 ], [ -80.359989863269888, 44.137696209833436 ], [ -80.359944038992097, 44.138234911300522 ], [ -80.360318058083905, 44.138251411040535 ], [ -80.36034096849815, 44.137982060176938 ], [ -80.361463021616387, 44.138031551167899 ], [ -80.36141721158792, 44.138570253502948 ], [ -80.361791233421229, 44.13858674801773 ], [ -80.361676713584941, 44.139933505798162 ], [ -80.362424776306682, 44.139966491712791 ], [ -80.362401875337255, 44.14023584370122 ], [ -80.362775908874767, 44.14025233475332 ], [ -80.362753009517263, 44.140521686914809 ], [ -80.363127045118489, 44.140538176725698 ], [ -80.363104147372937, 44.140807529060289 ], [ -80.363478185037849, 44.140824017629946 ], [ -80.363432392544908, 44.141362722731301 ], [ -80.36418047590378, 44.141395696233886 ], [ -80.364134689859071, 44.14193440202736 ], [ -80.364882781472886, 44.141967370564934 ], [ -80.364859891787688, 44.142236723764555 ], [ -80.365233939771244, 44.142253206128053 ], [ -80.365188163399409, 44.142791912959495 ], [ -80.365936267395767, 44.14282487404936 ], [ -80.365913382547191, 44.143094227767946 ], [ -80.366661491122571, 44.143127183718789 ], [ -80.366592846250668, 44.14393524591231 ], [ -80.366218786335963, 44.143918768340448 ], [ -80.366195902422461, 44.144188122490299 ], [ -80.365821840895393, 44.144171643503384 ], [ -80.365798954918048, 44.144440997652467 ], [ -80.365424891778659, 44.144424517250492 ], [ -80.365379115470404, 44.144963225633163 ], [ -80.365005048880548, 44.144946743729243 ], [ -80.364821919909957, 44.14710158000721 ], [ -80.365196001205547, 44.147118062606069 ], [ -80.365173110906298, 44.147387417614837 ], [ -80.365921277851498, 44.147420379001467 ], [ -80.365898391003071, 44.147689734269967 ], [ -80.366272476652682, 44.147706213057667 ], [ -80.366203820267742, 44.148514279639819 ], [ -80.365829729103055, 44.148497800591556 ], [ -80.365806841351457, 44.14876715620413 ], [ -80.365058656022683, 44.148734193948883 ], [ -80.365012872488407, 44.149272905084466 ], [ -80.36538696871672, 44.149289387049983 ], [ -80.365295406291892, 44.150366810700312 ], [ -80.364921302709703, 44.150350328387326 ], [ -80.364829729317293, 44.151427753065484 ], [ -80.364455618606812, 44.15141126907664 ], [ -80.364432722855454, 44.151680625374148 ], [ -80.364058610532283, 44.151664139969995 ], [ -80.363989916406993, 44.152472209117441 ], [ -80.36324168140672, 44.152439233802575 ], [ -80.363218779235837, 44.152708590183096 ], [ -80.362470541462088, 44.152675609380744 ], [ -80.362424729087749, 44.153214322051802 ], [ -80.362050606862539, 44.153197829484157 ], [ -80.362004789906806, 44.153736542324992 ], [ -80.361256538779685, 44.153703552856598 ], [ -80.361210713564915, 44.154242265693199 ], [ -80.360836584662977, 44.15422576879245 ], [ -80.360813669877757, 44.154495125252581 ], [ -80.360065409074679, 44.154462127291843 ], [ -80.360042490385823, 44.154731483663937 ], [ -80.359294226809723, 44.154698480215366 ], [ -80.359225458353606, 44.155506549324961 ], [ -80.358477184649459, 44.155473540040596 ], [ -80.358431330525846, 44.156012252861579 ], [ -80.358057190335415, 44.155995746052682 ], [ -80.357988401936737, 44.156803815666834 ], [ -80.358362547643765, 44.156820322736742 ], [ -80.358339619563964, 44.157089679533435 ], [ -80.358713767336127, 44.157106185361791 ], [ -80.358667914175697, 44.157644899386575 ], [ -80.357919611501814, 44.157611886053303 ], [ -80.35782788775434, 44.158689314436366 ], [ -80.357453729400817, 44.158672805428864 ], [ -80.357430796059248, 44.158942162652068 ], [ -80.357804956251783, 44.158958671746575 ], [ -80.357782024522976, 44.159228029142554 ], [ -80.357407862491385, 44.159211519961026 ], [ -80.357384928697229, 44.159480877355747 ], [ -80.357010765052877, 44.15946436675862 ], [ -80.356987829193329, 44.159733724152041 ], [ -80.356613663936201, 44.159717212139341 ], [ -80.356590726011248, 44.159986569531533 ], [ -80.356216559141373, 44.159970056103163 ], [ -80.356101856925704, 44.161316843914932 ], [ -80.356476032991324, 44.161333357778489 ], [ -80.356453093708282, 44.161602715685014 ], [ -80.356827271839464, 44.161619228307011 ], [ -80.356804334169269, 44.161888586386311 ], [ -80.357178514366041, 44.161905097766656 ], [ -80.357040894627303, 44.163521248564287 ], [ -80.357415086086135, 44.163537759138102 ], [ -80.357300405942937, 44.164884554260624 ], [ -80.358423009268321, 44.164934079314989 ], [ -80.358354215021507, 44.165742158199464 ], [ -80.358728422101009, 44.165758664154495 ], [ -80.358682561817346, 44.16629738401295 ], [ -80.359056772802191, 44.166313888813185 ], [ -80.359010915292473, 44.166852609188112 ], [ -80.35938513018273, 44.166869112833474 ], [ -80.35933927544707, 44.167407833724901 ], [ -80.360087713264761, 44.167440837377299 ], [ -80.360064789236802, 44.167710198125306 ], [ -80.36043901032464, 44.167726698045286 ], [ -80.360370242402382, 44.168534781063855 ], [ -80.36074446923547, 44.16855127991591 ], [ -80.360721547981981, 44.168820641180226 ], [ -80.361095776881001, 44.16883713879038 ], [ -80.361049937374844, 44.16937586174965 ], [ -80.361424170179561, 44.169392358204874 ], [ -80.361378333448172, 44.169931081680296 ], [ -80.361752570158629, 44.169947576980562 ], [ -80.361729653293466, 44.170216938933549 ], [ -80.362103892069925, 44.170233432991864 ], [ -80.362080976818419, 44.170502795117308 ], [ -80.36432642526492, 44.170601732082218 ], [ -80.364303520826439, 44.170871094814757 ], [ -80.364677764865348, 44.170887579744651 ], [ -80.364654862040723, 44.171156942649624 ], [ -80.365777601033315, 44.171206389726621 ], [ -80.36575470350239, 44.17147575297772 ], [ -80.36612895212518, 44.171492232765758 ], [ -80.36610605620821, 44.171761596189228 ], [ -80.366480306896932, 44.171778074735222 ], [ -80.366434518065006, 44.172316802012496 ], [ -80.366808772659638, 44.172333279403226 ], [ -80.366762986603874, 44.172872007196304 ], [ -80.367511503831039, 44.172904958338293 ], [ -80.367488614144307, 44.173174322536774 ], [ -80.367862874936833, 44.173190796201119 ], [ -80.367702653684688, 44.17507634859205 ], [ -80.368076927583985, 44.175092821535245 ], [ -80.368031151730506, 44.175631551732714 ], [ -80.368405429536139, 44.175648023520544 ], [ -80.368382543110755, 44.17591738883425 ], [ -80.368756822982519, 44.175933859379903 ], [ -80.368733938171516, 44.176203224865894 ], [ -80.369482502273215, 44.176236162143596 ], [ -80.369459620916885, 44.176505527888658 ], [ -80.369833905146777, 44.176521994620728 ], [ -80.3698110254049, 44.176791360537983 ], [ -80.371308171943994, 44.176857214522791 ], [ -80.3712852993376, 44.177126580872603 ], [ -80.371659588377184, 44.177143041132915 ], [ -80.371613846167804, 44.177681774262425 ], [ -80.371988139113867, 44.177698233367117 ], [ -80.371805175969442, 44.179853169995589 ], [ -80.371430868299697, 44.179836710196852 ], [ -80.371247875981339, 44.181991651595489 ], [ -80.370873553812558, 44.181975189773432 ], [ -80.370621895528672, 44.184938242158886 ], [ -80.370996237945974, 44.184954704935429 ], [ -80.370881847987093, 44.186301550774076 ], [ -80.370507496365249, 44.186285087563647 ], [ -80.37041597296863, 44.187362565421921 ], [ -80.370041614208674, 44.187346100534995 ], [ -80.369972963766131, 44.188154209563208 ], [ -80.369598599708937, 44.188137743086564 ], [ -80.369552827935422, 44.188676482691122 ], [ -80.369178460421949, 44.188660014711466 ], [ -80.369132684062379, 44.189198754483293 ], [ -80.368758313092627, 44.189182285000669 ], [ -80.36873542273274, 44.189451654927517 ], [ -80.368361050147826, 44.189435184028689 ], [ -80.368246585752289, 44.190782034506377 ], [ -80.367872204187378, 44.19076556184401 ], [ -80.367826413164437, 44.191304302457517 ], [ -80.367452028143049, 44.191287828292054 ], [ -80.367383334389302, 44.192095939590317 ], [ -80.367008944070065, 44.19207946383483 ], [ -80.366986043858645, 44.192348834351037 ], [ -80.36623726021584, 44.19231587867808 ], [ -80.366191451749231, 44.192854619618309 ], [ -80.365817056584305, 44.19283813961389 ], [ -80.365748336664069, 44.19364625140188 ], [ -80.365373936201124, 44.193629769807366 ], [ -80.3653281181072, 44.194168511251064 ], [ -80.36495371418755, 44.194152028153269 ], [ -80.364907891505879, 44.194690769763483 ], [ -80.364533484129524, 44.194674285162435 ], [ -80.364510570607834, 44.194943656008206 ], [ -80.364136161616202, 44.194927169990699 ], [ -80.364113246026761, 44.195196540834672 ], [ -80.363738835419881, 44.195180053400733 ], [ -80.363715917762647, 44.195449424242845 ], [ -80.363341505540518, 44.195432935392461 ], [ -80.363318585815449, 44.195702306232697 ], [ -80.3629441719781, 44.195685815965852 ], [ -80.362898328165883, 44.196224557727604 ], [ -80.36252391087173, 44.196208065957357 ], [ -80.36247806247097, 44.19674680788534 ], [ -80.362103641719969, 44.196730314611649 ], [ -80.362080715338422, 44.196999685616269 ], [ -80.360957448918882, 44.196950197556909 ], [ -80.360888651841051, 44.197758310298099 ], [ -80.360514224629114, 44.197741811358277 ], [ -80.360491289975272, 44.198011182355025 ], [ -80.360116861148114, 44.197994681998644 ], [ -80.360025112901127, 44.199072166487575 ], [ -80.359650676933555, 44.199055664453638 ], [ -80.359627737463811, 44.1993250357013 ], [ -80.35925329988099, 44.19930853225074 ], [ -80.359161532369512, 44.200386017742964 ], [ -80.358787087645993, 44.200369512614778 ], [ -80.35876414335992, 44.200638884113182 ], [ -80.358015250908934, 44.20060586969381 ], [ -80.357992302712532, 44.200875241103127 ], [ -80.357617854985094, 44.200858731811913 ], [ -80.357594904720202, 44.201128103219105 ], [ -80.357220455377515, 44.201111592511218 ], [ -80.357174550484046, 44.201650335406306 ], [ -80.357549003510542, 44.20166684628829 ], [ -80.357457198371506, 44.202744333445452 ], [ -80.357831658992481, 44.202760843345821 ], [ -80.35776280828442, 44.203568959866061 ], [ -80.357388342137369, 44.203552449704596 ], [ -80.357319483863279, 44.204360566727566 ], [ -80.356945012416688, 44.204344054975252 ], [ -80.356807278695285, 44.20596029078979 ], [ -80.357181761194809, 44.205976803064289 ], [ -80.357066986070365, 44.207323669010904 ], [ -80.356692494359578, 44.20730715630112 ], [ -80.356669536812262, 44.207576529657786 ], [ -80.3562950434859, 44.207560015531122 ], [ -80.356157282386334, 44.209176256929055 ], [ -80.356531786766922, 44.209192771578024 ], [ -80.356508827632382, 44.209462145528072 ], [ -80.356883334082141, 44.209478658934223 ], [ -80.356837418817776, 44.21001740726264 ], [ -80.357211929179201, 44.210033919512981 ], [ -80.357188973049404, 44.210303293891336 ], [ -80.357937998137388, 44.210336314576381 ], [ -80.357915045465887, 44.210605689213544 ], [ -80.35828956019246, 44.210622197648171 ], [ -80.358243657854459, 44.21116094735072 ], [ -80.358618176492797, 44.211177454629521 ], [ -80.358572276933231, 44.211716204844926 ], [ -80.358946799483419, 44.21173271096778 ], [ -80.358923851206242, 44.212002086289566 ], [ -80.359298375825716, 44.212018591169482 ], [ -80.359229535162171, 44.212826717904029 ], [ -80.35960406553626, 44.212843221714976 ], [ -80.359558174312738, 44.213381973468771 ], [ -80.359932708598862, 44.213398476123722 ], [ -80.359886820154273, 44.213937228390208 ], [ -80.360261358352531, 44.21395372988912 ], [ -80.360192529514279, 44.21476185918479 ], [ -80.360567073467536, 44.214778359614641 ], [ -80.360498248118262, 44.215586489933067 ], [ -80.360872797826673, 44.215602989293814 ], [ -80.360849857433251, 44.21587236632287 ], [ -80.360475305881948, 44.215855866875167 ], [ -80.360452363419014, 44.216125243901857 ], [ -80.360077810251425, 44.216108743037104 ], [ -80.359963085322633, 44.217455629004945 ], [ -80.360337647705023, 44.217472130304643 ], [ -80.360291759833004, 44.218010885457936 ], [ -80.359542627922792, 44.217977881180495 ], [ -80.359519679960727, 44.218247258710029 ], [ -80.358395978266444, 44.218197742056958 ], [ -80.358281207409405, 44.219544629668057 ], [ -80.358655783629587, 44.219561136984261 ], [ -80.358609877385817, 44.220099892794643 ], [ -80.357860717799625, 44.220066876483919 ], [ -80.357837760651279, 44.220336254341852 ], [ -80.356714017443366, 44.220286719638366 ], [ -80.356668091407144, 44.220825475085583 ], [ -80.356293507105107, 44.2208089606833 ], [ -80.356224610819751, 44.221617094226772 ], [ -80.356599200651488, 44.221633608890237 ], [ -80.356530307854172, 44.222441743455427 ], [ -80.355781117357807, 44.222408712275936 ], [ -80.355758148951651, 44.222678090459183 ], [ -80.355383552200507, 44.222661572787011 ], [ -80.35526869754932, 44.224008464534926 ], [ -80.35564330351734, 44.224024982642469 ], [ -80.355597363755209, 44.22456374010698 ], [ -80.355222754100311, 44.224547221825283 ], [ -80.355153837224719, 44.225355358394104 ], [ -80.35477922226633, 44.225338838520862 ], [ -80.354756247677045, 44.22560821745892 ], [ -80.353257782739362, 44.225542124314593 ], [ -80.353188835487131, 44.226350260589911 ], [ -80.353563456911644, 44.226366786132814 ], [ -80.353540475883705, 44.226636165147148 ], [ -80.353165852615618, 44.226619639517182 ], [ -80.353142869517043, 44.226889018528809 ], [ -80.352768244632429, 44.226872491481352 ], [ -80.35281421428968, 44.226333733716729 ], [ -80.352439593319318, 44.226317205513212 ], [ -80.35248556575533, 44.225778448260428 ], [ -80.350987098893185, 44.225712322840323 ], [ -80.350964105414633, 44.225981701075924 ], [ -80.349091017730629, 44.22589901393313 ], [ -80.349068014807287, 44.226168391817197 ], [ -80.348693396108658, 44.226151850310615 ], [ -80.348624380444406, 44.226959984207681 ], [ -80.348999004673686, 44.226976525975893 ], [ -80.34897600084129, 44.227245904197574 ], [ -80.349350627141433, 44.227262444722697 ], [ -80.34932762492538, 44.227531823115896 ], [ -80.348952996781634, 44.227515282503582 ], [ -80.348860978270224, 44.228592796571249 ], [ -80.348111707915351, 44.228559710657912 ], [ -80.348134716571494, 44.228290332188877 ], [ -80.347010818275166, 44.228240693602785 ], [ -80.34698780408803, 44.228510071810142 ], [ -80.346613169933661, 44.228493522866707 ], [ -80.346659201767864, 44.227954766710944 ], [ -80.346284571528173, 44.227938216611747 ], [ -80.346307588947809, 44.227668838747576 ], [ -80.3451837051241, 44.227619180729697 ], [ -80.345160682173628, 44.22788855833209 ], [ -80.344786052843659, 44.227872002911504 ], [ -80.344740002573047, 44.228410758194784 ], [ -80.343990737221077, 44.228377643013474 ], [ -80.343967708057235, 44.228647020607049 ], [ -80.343593073878864, 44.228630460933566 ], [ -80.343570042643833, 44.228899838524171 ], [ -80.342820771282405, 44.228866715011513 ], [ -80.342797736132454, 44.22913609251183 ], [ -80.342423098949439, 44.229119528672612 ], [ -80.342307910567143, 44.230466417002276 ], [ -80.342682556968839, 44.230482981278072 ], [ -80.34263648371018, 44.231021737374647 ], [ -80.34301113402708, 44.23103830049466 ], [ -80.342872919851658, 44.232654571330819 ], [ -80.342498258471537, 44.232638007686901 ], [ -80.342406103759885, 44.233715522913421 ], [ -80.342031435231561, 44.233698957589738 ], [ -80.341985352821865, 44.234237715533745 ], [ -80.341610680833213, 44.234221148704862 ], [ -80.341564593824728, 44.234759906811014 ], [ -80.339691218856643, 44.234677051835746 ], [ -80.339668165790556, 44.23494643057834 ], [ -80.338918813709583, 44.234913279099899 ], [ -80.338895756727581, 44.235182657751878 ], [ -80.339645112496697, 44.235215809405133 ], [ -80.339575951248349, 44.236023946390603 ], [ -80.33920126771757, 44.236007370967123 ], [ -80.339178211668383, 44.236276750043253 ], [ -80.338803526521275, 44.236260173201828 ], [ -80.338757410051102, 44.236798931431807 ], [ -80.338008033063772, 44.236765773407662 ], [ -80.338031095101115, 44.236496394425458 ], [ -80.337281722713669, 44.236463231253978 ], [ -80.337258656987984, 44.236732610061424 ], [ -80.335759907571557, 44.236666267402128 ], [ -80.335736834241274, 44.236935645943909 ], [ -80.334612769040319, 44.236885874716286 ], [ -80.334589689949496, 44.237155253079941 ], [ -80.334215000161095, 44.237138659922145 ], [ -80.334238081096075, 44.236869281645994 ], [ -80.3338633933799, 44.236852687245126 ], [ -80.333932640348849, 44.236044553184023 ], [ -80.332808595166014, 44.235994762785538 ], [ -80.332831682565114, 44.235725385195934 ], [ -80.332082323938678, 44.235692185119333 ], [ -80.332059232851407, 44.235961562533895 ], [ -80.330935191090774, 44.235911752177508 ], [ -80.331073767384467, 44.234295490528169 ], [ -80.330699098318121, 44.234278884940231 ], [ -80.330745292278294, 44.233740131905641 ], [ -80.331119957656739, 44.233756737318487 ], [ -80.331143052450585, 44.233487360839931 ], [ -80.331517716213298, 44.233503964834817 ], [ -80.331540808935046, 44.233234588352929 ], [ -80.331915471082041, 44.233251190929806 ], [ -80.331938561731732, 44.232981814444621 ], [ -80.332687883022331, 44.233015015431945 ], [ -80.332757142539364, 44.23220688595665 ], [ -80.33313179799525, 44.23222348419219 ], [ -80.333293382645294, 44.230337851085764 ], [ -80.332918740095835, 44.230321253462755 ], [ -80.332941824548712, 44.230051877729231 ], [ -80.33406574735011, 44.230101666344659 ], [ -80.334134982747287, 44.229293538862443 ], [ -80.333385711713674, 44.229260348307385 ], [ -80.333478037133375, 44.228182846877701 ], [ -80.332354154416521, 44.228133052117578 ], [ -80.332377240732043, 44.22786367723338 ], [ -80.33200261545943, 44.22784707640686 ], [ -80.332025703390386, 44.227577701694528 ], [ -80.331651080189417, 44.227561099625234 ], [ -80.331720348144174, 44.226752976256819 ], [ -80.3305964965014, 44.226703162854818 ], [ -80.33064268505801, 44.226164414889425 ], [ -80.329144234142674, 44.226097979096615 ], [ -80.32916733545234, 44.225828605590692 ], [ -80.328792725137419, 44.225811993404399 ], [ -80.32893133926288, 44.224195754665708 ], [ -80.328182141437637, 44.224162527353329 ], [ -80.328205246679616, 44.22389315470069 ], [ -80.327830649952617, 44.223876539136789 ], [ -80.327853756809589, 44.22360716665613 ], [ -80.327479162154091, 44.223590549849625 ], [ -80.327502270625999, 44.223321177540974 ], [ -80.327127678042004, 44.223304559491865 ], [ -80.327173897987379, 44.222765815302914 ], [ -80.32792307601089, 44.222799049720521 ], [ -80.328015498417059, 44.221721561654824 ], [ -80.327640916663697, 44.221704945461482 ], [ -80.327664023537707, 44.221435573743719 ], [ -80.325791127410525, 44.221352473262939 ], [ -80.325768011321117, 44.221621844542639 ], [ -80.325393430937581, 44.221605220368474 ], [ -80.325370312776727, 44.221874591644934 ], [ -80.324246567467171, 44.221824710878671 ], [ -80.324223443548661, 44.222094081976657 ], [ -80.323848860392545, 44.222077452306628 ], [ -80.323779481737049, 44.222885565844052 ], [ -80.32265571705139, 44.222835668064008 ], [ -80.322632584846502, 44.223105039148933 ], [ -80.322257995231809, 44.223088403807566 ], [ -80.32228112927983, 44.222819032810349 ], [ -80.321157367336426, 44.222769119068396 ], [ -80.32118050668528, 44.222499748418691 ], [ -80.320431336885477, 44.222466466115371 ], [ -80.320454479691961, 44.222197095725519 ], [ -80.320079896978058, 44.222180452666372 ], [ -80.320103041399008, 44.221911082448656 ], [ -80.319353880343272, 44.22187779251545 ], [ -80.319400175871436, 44.221339052684215 ], [ -80.319025599372637, 44.22132240589788 ], [ -80.319164491527289, 44.219706188957005 ], [ -80.318789926314935, 44.219689541367153 ], [ -80.318836225556325, 44.219150803237945 ], [ -80.318461664258393, 44.219134154493538 ], [ -80.318507966270815, 44.21859541687769 ], [ -80.318133408887277, 44.218578766978773 ], [ -80.318179713670631, 44.218040029876335 ], [ -80.316681501166016, 44.217973417682565 ], [ -80.316658341517524, 44.21824278584041 ], [ -80.315909232952151, 44.218209471587819 ], [ -80.315932396286215, 44.217940103605599 ], [ -80.315557844189513, 44.217923444572101 ], [ -80.315604173856727, 44.217384709036715 ], [ -80.31522962567432, 44.217368048848812 ], [ -80.315252792007442, 44.217098681295667 ], [ -80.314878245896594, 44.217082019865629 ], [ -80.314901413843586, 44.216812652484833 ], [ -80.314526869804254, 44.216795989812603 ], [ -80.31457320869707, 44.216257255480194 ], [ -80.313449589008286, 44.216207260010691 ], [ -80.313472763639311, 44.215937893234802 ], [ -80.31197461462952, 44.215871214340666 ], [ -80.311951432628007, 44.216140580765156 ], [ -80.311202355811645, 44.216107233162667 ], [ -80.31117916989588, 44.216376599495774 ], [ -80.310804629988581, 44.216359923611705 ], [ -80.310758253784698, 44.216898656355674 ], [ -80.310009167286651, 44.216865300245928 ], [ -80.309985975155797, 44.217134666568825 ], [ -80.308862341598839, 44.217084622165594 ], [ -80.308839143710856, 44.217353988309178 ], [ -80.308464597807429, 44.217337304093526 ], [ -80.308441397847602, 44.217606670233636 ], [ -80.308066850330647, 44.217589984600053 ], [ -80.307997243548073, 44.218398083263317 ], [ -80.307622690732103, 44.218381396035859 ], [ -80.307599486170119, 44.218650762337887 ], [ -80.307974040828839, 44.218667449653317 ], [ -80.307950837880412, 44.218936816127773 ], [ -80.308325394611117, 44.218953502201146 ], [ -80.30830219327629, 44.219222868847972 ], [ -80.307927634702807, 44.219206182686669 ], [ -80.307904431295981, 44.219475549329999 ], [ -80.306780751422338, 44.21942548260192 ], [ -80.306757542257827, 44.219694849065768 ], [ -80.305259298264673, 44.219628074455869 ], [ -80.305212864505123, 44.220166806932845 ], [ -80.303340046245467, 44.220083307864385 ], [ -80.303363272454092, 44.219813942023798 ], [ -80.302988711333199, 44.219797238308047 ], [ -80.303011939155226, 44.219527872639972 ], [ -80.302637380106574, 44.219511167682221 ], [ -80.302683838747853, 44.21897243677536 ], [ -80.302309283614221, 44.218955730663744 ], [ -80.302332514433431, 44.218686365425071 ], [ -80.300834303564741, 44.218619528030672 ], [ -80.30081106537456, 44.218888892917029 ], [ -80.299687404104915, 44.218838750641908 ], [ -80.299710647823289, 44.218569386019851 ], [ -80.298586994148167, 44.218519232039093 ], [ -80.298563744901642, 44.218788596396756 ], [ -80.297814639914336, 44.218755153583345 ], [ -80.297837892846275, 44.218485789401953 ], [ -80.296339692998828, 44.218418888167818 ], [ -80.296409472528552, 44.217610797188172 ], [ -80.296784016617849, 44.217627524227169 ], [ -80.29685378855207, 44.216819433742998 ], [ -80.297228327343291, 44.216836159187537 ], [ -80.297344600093354, 44.215489342962407 ], [ -80.296970070514845, 44.215472617958682 ], [ -80.29701658169202, 44.214933892236324 ], [ -80.296642056028148, 44.214917166079012 ], [ -80.296665313114644, 44.214647803432761 ], [ -80.295916266160901, 44.214614347304845 ], [ -80.295939526702526, 44.214344984919443 ], [ -80.295565005412683, 44.214328254948839 ], [ -80.29558826756697, 44.214058892736134 ], [ -80.295213748349269, 44.214042161523857 ], [ -80.295237012116175, 44.213772799483849 ], [ -80.29486249497063, 44.213756067029905 ], [ -80.294885760350112, 44.213486705162616 ], [ -80.294511245276681, 44.213469971467028 ], [ -80.294557779030981, 44.212931248162455 ], [ -80.294183267871986, 44.212914513313407 ], [ -80.294276339992109, 44.21183706807151 ], [ -80.293901836431985, 44.21182033224553 ], [ -80.293925105729727, 44.211550971234615 ], [ -80.293550604241631, 44.21153423416709 ], [ -80.293620416282536, 44.210726151906485 ], [ -80.293245920550788, 44.210709413773813 ], [ -80.293269192613579, 44.210440053277651 ], [ -80.292894698953816, 44.210423313903433 ], [ -80.292941246074093, 44.209884593341336 ], [ -80.292566756328384, 44.209867852813829 ], [ -80.292613306213411, 44.20932913276657 ], [ -80.292238820381698, 44.20931239108581 ], [ -80.292262096821474, 44.209043031277339 ], [ -80.291887613061675, 44.209026288355091 ], [ -80.291910891113574, 44.208756928719474 ], [ -80.290412965741481, 44.208689944086323 ], [ -80.29043625093145, 44.208420584888394 ], [ -80.289312814842845, 44.208370332716413 ], [ -80.289336105328729, 44.208100973867978 ], [ -80.288961628934473, 44.208084220572893 ], [ -80.28893833660662, 44.208353579333014 ], [ -80.28856385860044, 44.208336824619899 ], [ -80.288540564200602, 44.208606183376347 ], [ -80.2881660845825, 44.208589427245172 ], [ -80.288096194476665, 44.20939750375711 ], [ -80.287721709562646, 44.209380746031272 ], [ -80.287698410558505, 44.209650104949411 ], [ -80.287323924032563, 44.209633345805528 ], [ -80.28730062295628, 44.209902704719902 ], [ -80.285802671785689, 44.209835654493567 ], [ -80.285779363111061, 44.21010501313912 ], [ -80.285404874051792, 44.210088247169836 ], [ -80.285428184568474, 44.209818888612638 ], [ -80.284679210824706, 44.20978535286158 ], [ -80.284702524795222, 44.209515994565777 ], [ -80.284328040110722, 44.209499224784004 ], [ -80.284351355692991, 44.209229866661147 ], [ -80.283976873080746, 44.209213095638077 ], [ -80.284000190274739, 44.208943737688223 ], [ -80.283251229425062, 44.208910191829787 ], [ -80.28327455007269, 44.208640834141328 ], [ -80.282525593828169, 44.208607283140935 ], [ -80.282548917929347, 44.208337925713892 ], [ -80.282174441994499, 44.208321148307597 ], [ -80.28219776770726, 44.208051791053592 ], [ -80.281823293844681, 44.208035012406057 ], [ -80.281893275126464, 44.207226941416998 ], [ -80.28151880701985, 44.207210161705135 ], [ -80.281542135494902, 44.206940804966486 ], [ -80.281167669460487, 44.206924024013389 ], [ -80.281190999546951, 44.2066546674478 ], [ -80.280816535584748, 44.206637885253521 ], [ -80.280909860993759, 44.205560460191343 ], [ -80.280160948494654, 44.20552689252159 ], [ -80.280184282954323, 44.205257536644581 ], [ -80.279435375060331, 44.205223963833397 ], [ -80.279482050655105, 44.204685252687305 ], [ -80.277984252366167, 44.204618091817657 ], [ -80.278030941772187, 44.204079381718252 ], [ -80.277656496459443, 44.204062588353928 ], [ -80.277679842658259, 44.203793233519725 ], [ -80.275433186673453, 44.203692445944206 ], [ -80.275456543691092, 44.203423091725938 ], [ -80.275082103675658, 44.203406289231822 ], [ -80.275105462304211, 44.203136935186798 ], [ -80.274731024360975, 44.203120131451691 ], [ -80.274824463934564, 44.202042716472775 ], [ -80.274450033587911, 44.202025911762455 ], [ -80.274473394746082, 44.20175655831806 ], [ -80.273724538427729, 44.20172294508609 ], [ -80.273817995484791, 44.200645532864336 ], [ -80.274566837072044, 44.200679145387632 ], [ -80.274660275707404, 44.199601733812955 ], [ -80.274285862163708, 44.199584928570367 ], [ -80.274309223087201, 44.199315575977138 ], [ -80.273934811615419, 44.19929876949368 ], [ -80.273958174149499, 44.19902941707381 ], [ -80.27358376474966, 44.199012609349516 ], [ -80.27360712889427, 44.198743257103004 ], [ -80.272858314469147, 44.198709637843358 ], [ -80.273021882798432, 44.196824175732026 ], [ -80.273770671447437, 44.196857793751285 ], [ -80.273840757652977, 44.196049739301152 ], [ -80.27271759159504, 44.195999311075603 ], [ -80.272740958725308, 44.195729960027663 ], [ -80.272366572341738, 44.195713148049073 ], [ -80.272436677871241, 44.194905095680085 ], [ -80.272811058731875, 44.194921907392846 ], [ -80.272857790916063, 44.194383206060522 ], [ -80.273606545965634, 44.194416825143684 ], [ -80.273653269863459, 44.193878123796381 ], [ -80.27402764405241, 44.193894931166852 ], [ -80.274004284059728, 44.194164281886643 ], [ -80.27437866032021, 44.194181088016379 ], [ -80.274355301937817, 44.194450438909634 ], [ -80.276601575388668, 44.194551248304066 ], [ -80.276648269831753, 44.194012545539707 ], [ -80.277022645865244, 44.194029342275833 ], [ -80.27704599090012, 44.193759990932442 ], [ -80.277420365323195, 44.193776786250702 ], [ -80.277443708286683, 44.193507434903665 ], [ -80.277818081099312, 44.193524228804108 ], [ -80.277841421991468, 44.193254877453441 ], [ -80.278215793193667, 44.193271669936081 ], [ -80.278239132014505, 44.193002318581804 ], [ -80.278613501606259, 44.193019109646656 ], [ -80.2787301830502, 44.191672353706316 ], [ -80.279853265595463, 44.191722717597891 ], [ -80.279876595670785, 44.191453366399116 ], [ -80.28025095513911, 44.191470151616009 ], [ -80.280274283143342, 44.191200800413704 ], [ -80.281771715956495, 44.19126792763501 ], [ -80.281795036367427, 44.190998576163835 ], [ -80.283292465501262, 44.191065681763568 ], [ -80.283269152453371, 44.191335033588459 ], [ -80.28439223224278, 44.191385349096464 ], [ -80.284485460964504, 44.190307941245834 ], [ -80.28336240326405, 44.190257626798655 ], [ -80.283409027288485, 44.18971892391346 ], [ -80.283034678863302, 44.189702149949497 ], [ -80.283057992370985, 44.189432798722798 ], [ -80.282683646016608, 44.189416023518007 ], [ -80.282706961134764, 44.189146672464688 ], [ -80.282332616851207, 44.189129896019132 ], [ -80.282355933579794, 44.188860545139235 ], [ -80.28123290763213, 44.188810208092718 ], [ -80.281209585381717, 44.189079558707284 ], [ -80.28046089888656, 44.189045993853505 ], [ -80.280530875990593, 44.188237942795467 ], [ -80.280156538610171, 44.188221158640182 ], [ -80.280133211298534, 44.188490508819406 ], [ -80.27751284320064, 44.188372981896684 ], [ -80.277536183396094, 44.188103632336905 ], [ -80.276038842628139, 44.18803644520802 ], [ -80.276015495070595, 44.188305794413658 ], [ -80.275641158614263, 44.188288994220031 ], [ -80.275827947344908, 44.186134203663322 ], [ -80.27470498352973, 44.186083797232989 ], [ -80.274728336604966, 44.185814449061652 ], [ -80.273605380385632, 44.185764030935253 ], [ -80.27362873875137, 44.18549468311469 ], [ -80.273254422313073, 44.185477874502993 ], [ -80.273511369361088, 44.182515055064961 ], [ -80.273137073395816, 44.182498246098746 ], [ -80.273160432675027, 44.182228899476151 ], [ -80.272786138780418, 44.182212089269562 ], [ -80.272762777661072, 44.182481435803545 ], [ -80.272014186883453, 44.182447811226162 ], [ -80.271967456592463, 44.182986504194943 ], [ -80.271593157869347, 44.182969689735536 ], [ -80.271616524970298, 44.182700343297221 ], [ -80.271242228317959, 44.18268352759744 ], [ -80.2714058044469, 44.180798105532439 ], [ -80.271780088218833, 44.180814920611837 ], [ -80.271873547858348, 44.179737538092908 ], [ -80.272622101374353, 44.179771163555934 ], [ -80.272668822450797, 44.179232472452881 ], [ -80.272294549257296, 44.179215660563038 ], [ -80.27231791128952, 44.178946315227854 ], [ -80.271569369274118, 44.178912687638686 ], [ -80.271592734755487, 44.178643342565906 ], [ -80.27196700380803, 44.178660156936317 ], [ -80.272037093348956, 44.177852121963177 ], [ -80.271662829815909, 44.177835307858622 ], [ -80.271709558703108, 44.177296618479708 ], [ -80.271335299080192, 44.177279803223563 ], [ -80.271382030724482, 44.176741114362656 ], [ -80.271007775011654, 44.176724297954884 ], [ -80.27117134138004, 44.17483889024659 ], [ -80.270797098775432, 44.174822073130436 ], [ -80.270820466316607, 44.174552729601679 ], [ -80.270446225782194, 44.174535911245393 ], [ -80.270469594932294, 44.174266567890541 ], [ -80.27009535646809, 44.174249748294123 ], [ -80.270118727227086, 44.173980405113163 ], [ -80.269744490833077, 44.173963584276628 ], [ -80.26976786320094, 44.173694241269587 ], [ -80.269393628877097, 44.173677419192948 ], [ -80.269440376599803, 44.173138733611985 ], [ -80.268691916002112, 44.173105085827132 ], [ -80.268762046892718, 44.172297058627294 ], [ -80.269136271557926, 44.172313882918075 ], [ -80.269183020652704, 44.171775198367293 ], [ -80.269557241869805, 44.171792021152001 ], [ -80.269580614231813, 44.171522678915927 ], [ -80.269954833840217, 44.171539500283302 ], [ -80.269978204132201, 44.171270158043868 ], [ -80.269603986363151, 44.171253336765126 ], [ -80.269790955110651, 44.16909860263064 ], [ -80.269416752286389, 44.16908178073249 ], [ -80.269440124181145, 44.168812439438398 ], [ -80.269814325166237, 44.168829261247865 ], [ -80.269884433949258, 44.168021237611846 ], [ -80.270258629647515, 44.16803805782672 ], [ -80.270281996941492, 44.16776871669682 ], [ -80.274023948212459, 44.16793684488605 ], [ -80.274070645326518, 44.167398161110206 ], [ -80.274819030989718, 44.167431770450449 ], [ -80.274842375522951, 44.167162428513478 ], [ -80.275216566860976, 44.167179231102132 ], [ -80.275239909324739, 44.166909889162071 ], [ -80.275614099054053, 44.166926690333554 ], [ -80.275707459249531, 44.165849323073196 ], [ -80.27533327687641, 44.165832522255869 ], [ -80.275356618188482, 44.165563180742943 ], [ -80.274982437884688, 44.165546378685598 ], [ -80.275029123495798, 44.16500769609312 ], [ -80.274654947100288, 44.164990892884354 ], [ -80.27477166629177, 44.163644188341493 ], [ -80.275145833492758, 44.163660991107456 ], [ -80.275192515879269, 44.16312230971154 ], [ -80.274818352355965, 44.163105507122658 ], [ -80.274981746325338, 44.161220125550052 ], [ -80.27460759590366, 44.161203322252611 ], [ -80.274630938816728, 44.160933982458587 ], [ -80.274256790464051, 44.16091717792127 ], [ -80.274350167167611, 44.159839819954819 ], [ -80.274724308165716, 44.159856624137895 ], [ -80.274841014670031, 44.158509928162076 ], [ -80.272970357946633, 44.158425896177086 ], [ -80.273017057321141, 44.157887219271572 ], [ -80.273391184528165, 44.157904028148145 ], [ -80.273507919740865, 44.156557336939343 ], [ -80.273882037986155, 44.156574144044647 ], [ -80.273952070834596, 44.155766130081062 ], [ -80.272829733334873, 44.155715705577414 ], [ -80.272876431778741, 44.155177030561347 ], [ -80.27250232341612, 44.155160219914073 ], [ -80.272619074685707, 44.153813534315795 ], [ -80.272993173857174, 44.153830344520117 ], [ -80.273016521581823, 44.153561007568868 ], [ -80.273390619145445, 44.153577816356346 ], [ -80.273437310227422, 44.153039142533721 ], [ -80.273063216340091, 44.15302233392341 ], [ -80.273133256750015, 44.152214324097933 ], [ -80.272759168607323, 44.152197514425133 ], [ -80.272782516788055, 44.151928178076673 ], [ -80.273156603092673, 44.151944987660848 ], [ -80.273203295087043, 44.151406315043822 ], [ -80.273577377945898, 44.151423123122633 ], [ -80.273600721759593, 44.151153786854124 ], [ -80.273974803010717, 44.151170593516191 ], [ -80.274021486271252, 44.150631921059222 ], [ -80.275891877600557, 44.150715933561358 ], [ -80.275868545275401, 44.150985270189729 ], [ -80.276990788349266, 44.151035662018558 ], [ -80.276967461308004, 44.151304998998249 ], [ -80.277341544630929, 44.151321793706664 ], [ -80.277294893534133, 44.151860468100267 ], [ -80.279165331980792, 44.15194442260443 ], [ -80.27918864845384, 44.151675084922324 ], [ -80.27993682176664, 44.151708657249607 ], [ -80.280006758777347, 44.150900644186898 ], [ -80.28038084026457, 44.150917428092868 ], [ -80.280404150303482, 44.150648090488332 ], [ -80.280778230182619, 44.150664872977693 ], [ -80.2808248458946, 44.150126197848991 ], [ -80.281198922327661, 44.150142978833294 ], [ -80.281268838657269, 44.149334966518211 ], [ -80.281642909806365, 44.149351745909037 ], [ -80.281666212951833, 44.149082408553802 ], [ -80.282040282492872, 44.149099186528076 ], [ -80.282063583570547, 44.148829849170212 ], [ -80.282437651503542, 44.148846625727913 ], [ -80.282460950513467, 44.148577288367434 ], [ -80.282835016838405, 44.148594063508597 ], [ -80.282858313780594, 44.148324726145489 ], [ -80.283232378497473, 44.148341499870135 ], [ -80.283255673371983, 44.148072162504477 ], [ -80.28362973648079, 44.148088934812591 ], [ -80.28365302928762, 44.147819597444347 ], [ -80.283278968016674, 44.147802825224623 ], [ -80.283325556616717, 44.147264150922368 ], [ -80.282951499251197, 44.147247377551338 ], [ -80.282998090607677, 44.146708703769214 ], [ -80.282624037147514, 44.146691929246899 ], [ -80.282670631260288, 44.146153255984949 ], [ -80.281174434419967, 44.146086145322265 ], [ -80.28119773848249, 44.145816809173695 ], [ -80.280823691684773, 44.145800028276305 ], [ -80.280893608006082, 44.144992020611184 ], [ -80.281267649290783, 44.145008801243279 ], [ -80.28140746470109, 44.143392787701075 ], [ -80.281033434441895, 44.143376007599599 ], [ -80.281080041414867, 44.142837337282884 ], [ -80.280706015060559, 44.142820556030266 ], [ -80.280729320039754, 44.142551221089256 ], [ -80.280355295752813, 44.14253443859711 ], [ -80.280331988936126, 44.142803773449685 ], [ -80.27846186176275, 44.14271984062723 ], [ -80.278508493540812, 44.142181171892609 ], [ -80.278134472470924, 44.142164381521184 ], [ -80.278181107003917, 44.141625713307207 ], [ -80.278555124398977, 44.141642503501679 ], [ -80.278625068961446, 44.140834501559773 ], [ -80.27899908107436, 44.140851290160874 ], [ -80.278975768287523, 44.141120624144037 ], [ -80.280097811517905, 44.141170982245185 ], [ -80.280074504013271, 44.141440316579676 ], [ -80.280448520720597, 44.141457100045997 ], [ -80.280425214823481, 44.141726434554876 ], [ -80.280799233598088, 44.141743216781677 ], [ -80.280822537657826, 44.141473882184357 ], [ -80.281570572221781, 44.141507442477298 ], [ -80.281593872376831, 44.141238107789007 ], [ -80.282341904185287, 44.141271662593326 ], [ -80.282365200435763, 44.141002327814185 ], [ -80.282739214847282, 44.141019103136017 ], [ -80.282762509030633, 44.140749768354397 ], [ -80.283136521834507, 44.140766542259939 ], [ -80.283159813950732, 44.140497207475917 ], [ -80.283533825147003, 44.1405139799651 ], [ -80.283557115196132, 44.140244645178662 ], [ -80.284679144651193, 44.140294954413562 ], [ -80.284725713036352, 44.139756284568342 ], [ -80.285099719639391, 44.139773051480745 ], [ -80.285123001650192, 44.139503716598753 ], [ -80.286993028923035, 44.139587530800469 ], [ -80.28701630151771, 44.139318195562772 ], [ -80.287390305823692, 44.139334954331083 ], [ -80.287436846649882, 44.138796283937033 ], [ -80.288184848601233, 44.138829797136751 ], [ -80.288208114995555, 44.138560461892126 ], [ -80.288582114478217, 44.138577216411839 ], [ -80.288605378805798, 44.138307881164941 ], [ -80.288979376680643, 44.138324634268514 ], [ -80.289025900973016, 44.137785963856182 ], [ -80.289773890062136, 44.137819465726544 ], [ -80.289843663756898, 44.137011460223711 ], [ -80.290217653134007, 44.137028208902294 ], [ -80.290264164109303, 44.136489538820797 ], [ -80.290638150041474, 44.136506285995019 ], [ -80.290661403347983, 44.136236950995105 ], [ -80.29103538767238, 44.136253696753215 ], [ -80.291081889923177, 44.135715026835172 ], [ -80.291829851911515, 44.135748514015006 ], [ -80.291922838965021, 44.134671174505876 ], [ -80.292296812954916, 44.134687915751165 ], [ -80.292366545326828, 44.13387991175874 ], [ -80.291992576847861, 44.133863170778085 ], [ -80.292062312667412, 44.133055167825454 ], [ -80.292436275635566, 44.133071908541396 ], [ -80.292482761361924, 44.132533240160519 ], [ -80.292856720885524, 44.1325499793723 ], [ -80.292926442245417, 44.131741977182486 ], [ -80.29367435095908, 44.131775451093581 ], [ -80.293720823372482, 44.131236783045068 ], [ -80.293346872574688, 44.131220046929755 ], [ -80.293463058781882, 44.129873378757601 ], [ -80.29308911739696, 44.129856641755602 ], [ -80.293205307058713, 44.128509976179572 ], [ -80.29283137508618, 44.128493238290908 ], [ -80.292901091643131, 44.127685240244666 ], [ -80.293648944797852, 44.127718714165056 ], [ -80.293741882306804, 44.126641383938562 ], [ -80.293367962960929, 44.126624647994973 ], [ -80.293391198601853, 44.126355315742217 ], [ -80.293765116111246, 44.126372051597627 ], [ -80.293788349686622, 44.126102719342938 ], [ -80.294536181719778, 44.126136186894662 ], [ -80.294559411393138, 44.125866854549891 ], [ -80.294933325916872, 44.125883586246218 ], [ -80.294956553524784, 44.125614253899563 ], [ -80.295330466441115, 44.125630984180169 ], [ -80.295353691983536, 44.125361651831632 ], [ -80.295727603292505, 44.125378380696517 ], [ -80.295750826769506, 44.125109048346125 ], [ -80.296124736471072, 44.125125775795304 ], [ -80.296147957882695, 44.124856443443072 ], [ -80.295774050017513, 44.124839716082057 ], [ -80.295797273036527, 44.124570383904292 ], [ -80.295423367236708, 44.124553655303885 ], [ -80.295516264368132, 44.123476327808639 ], [ -80.296264061506207, 44.123509782976704 ], [ -80.296310501352878, 44.122971119394499 ], [ -80.296684396592809, 44.122987844810993 ], [ -80.296661178620226, 44.123257176647066 ], [ -80.29778287122241, 44.123307345195947 ], [ -80.297829295921105, 44.12276868108134 ], [ -80.298203190240429, 44.12278540109979 ], [ -80.298226400410201, 44.12251606908395 ], [ -80.298974186062921, 44.122549504962052 ], [ -80.298950979565632, 44.122818837154135 ], [ -80.30306383721134, 44.123002640536527 ], [ -80.303087023509718, 44.122733307375903 ], [ -80.303834815109212, 44.122766708739071 ], [ -80.303811632483416, 44.123036042075732 ], [ -80.304185530462348, 44.123052740854078 ], [ -80.304208711251832, 44.122783407429402 ], [ -80.304582607623047, 44.12280010479224 ], [ -80.304605786347693, 44.122530771365952 ], [ -80.305353576103172, 44.122564161933127 ], [ -80.305330401051094, 44.122833495535382 ], [ -80.305704298107898, 44.122850188915685 ], [ -80.30565795099082, 44.123388856555252 ], [ -80.305284050261392, 44.123372162999004 ], [ -80.30523769855759, 44.123910830808079 ], [ -80.304863794384005, 44.123894135748344 ], [ -80.304840616352919, 44.12416346969443 ], [ -80.305214522362903, 44.124180164842144 ], [ -80.305168169287924, 44.124718833169311 ], [ -80.306289899707465, 44.124768911174975 ], [ -80.306266728336468, 44.125038245731957 ], [ -80.305892816131689, 44.125021554303018 ], [ -80.305846469031309, 44.125560223500059 ], [ -80.306220384909039, 44.125576915104944 ], [ -80.306197212852567, 44.125846249920912 ], [ -80.306945048966497, 44.125879629323776 ], [ -80.306921880354565, 44.126148964402006 ], [ -80.307295800590779, 44.126165652200022 ], [ -80.307272633586905, 44.126434987452456 ], [ -80.308394401175704, 44.126485043144619 ], [ -80.308371239453095, 44.126754378747158 ], [ -80.309493014607213, 44.12680442275451 ], [ -80.309539326804639, 44.126265751108306 ], [ -80.309913248639589, 44.126282429613056 ], [ -80.309936402559245, 44.126013093831489 ], [ -80.310310322785966, 44.126029770920773 ], [ -80.310356626267293, 44.125491099440893 ], [ -80.311104460059525, 44.125524449285088 ], [ -80.311127607784726, 44.125255113498838 ], [ -80.312249354675416, 44.125305128044644 ], [ -80.31222621245972, 44.125574464094434 ], [ -80.31260013038289, 44.125591133042306 ], [ -80.312646410913075, 44.125052460853439 ], [ -80.313020325391406, 44.12506912829808 ], [ -80.313043463477726, 44.124799792245355 ], [ -80.314165202772173, 44.124849786350239 ], [ -80.314072671096056, 44.125927132133192 ], [ -80.315194434481754, 44.125977115343474 ], [ -80.315171306502151, 44.126246452268461 ], [ -80.315545229923444, 44.126263110771113 ], [ -80.315522103552368, 44.126532447870211 ], [ -80.315896029038313, 44.126549105133016 ], [ -80.315872904275793, 44.126818442406226 ], [ -80.31624683182639, 44.126835098429176 ], [ -80.316223708672482, 44.127104435876475 ], [ -80.316597638287746, 44.12712109065955 ], [ -80.316574516742463, 44.127390428280947 ], [ -80.316948448422394, 44.127407081824138 ], [ -80.31692532848578, 44.127676419619583 ], [ -80.317299262230392, 44.127693071922863 ], [ -80.317253025346616, 44.128231747948192 ], [ -80.318748777298396, 44.128298344586625 ], [ -80.318679442304031, 44.129106360324698 ], [ -80.31942733066812, 44.129139651204127 ], [ -80.31940422222111, 44.129408990131481 ], [ -80.320152115170345, 44.129442275875498 ], [ -80.320175219943707, 44.129172936772704 ], [ -80.320549164923307, 44.129189577565441 ], [ -80.320595370112912, 44.128650899443343 ], [ -80.321343253408344, 44.128684176694918 ], [ -80.321389450339595, 44.128145498567257 ], [ -80.321763388655484, 44.128162135026109 ], [ -80.321809581002114, 44.127623457068339 ], [ -80.322931386295821, 44.127673357952929 ], [ -80.322908295746572, 44.127942697151639 ], [ -80.32440404667291, 44.128009213427454 ], [ -80.324380963243001, 44.128278553063033 ], [ -80.324754903380494, 44.128295178900373 ], [ -80.324801066339148, 44.127756499540311 ], [ -80.326296814470979, 44.127822988911916 ], [ -80.326227591732888, 44.12863100913264 ], [ -80.326601534845096, 44.12864762841911 ], [ -80.326578461980787, 44.128916968752897 ], [ -80.326952407157364, 44.128933586799242 ], [ -80.326929335902392, 44.129202927306864 ], [ -80.327303283143308, 44.129219544112999 ], [ -80.327280213497659, 44.12948888479454 ], [ -80.326906264419847, 44.12947226790083 ], [ -80.326883192709815, 44.129741608581085 ], [ -80.326509242022652, 44.129724990272059 ], [ -80.326486168248181, 44.129994330951021 ], [ -80.326112215951667, 44.129977711226672 ], [ -80.326089140112742, 44.130247051904369 ], [ -80.325715186206892, 44.130230430764627 ], [ -80.325645951813812, 44.13103845305244 ], [ -80.326019911230489, 44.131055074454906 ], [ -80.325996834481245, 44.131324415477607 ], [ -80.326370795962518, 44.131341035639899 ], [ -80.326347720822667, 44.131610376836448 ], [ -80.327095648141864, 44.131643613352828 ], [ -80.327072576448515, 44.131912954810787 ], [ -80.32782050835192, 44.131946186191151 ], [ -80.32779744010513, 44.132215527910482 ], [ -80.328545376592643, 44.132248754154723 ], [ -80.328499246764892, 44.132787438202286 ], [ -80.328873219024047, 44.132804049507783 ], [ -80.328850155606077, 44.133073391748454 ], [ -80.329224129929827, 44.133090001813663 ], [ -80.32920106812152, 44.13335934422809 ], [ -80.329575044509824, 44.133375953052997 ], [ -80.329551984311223, 44.133645295641173 ], [ -80.329925962764136, 44.133661903225772 ], [ -80.329902904175299, 44.133931245987668 ], [ -80.330276884692793, 44.133947852331914 ], [ -80.330253827713747, 44.134217195267553 ], [ -80.330627810295852, 44.134233800371447 ], [ -80.330604754926611, 44.134503143480806 ], [ -80.330978739573325, 44.134519747344335 ], [ -80.330955685813947, 44.134789090627372 ], [ -80.331329672525271, 44.134805693250549 ], [ -80.3311913562179, 44.136421755283699 ], [ -80.331565354180455, 44.13643835710392 ] ] ] ] } },
{ "type": "Feature", "properties": { "SubId": 90010574, "DowSubId": 90014273, "RivSlope": -1.2345, "RivLength": -1.2345, "BasSlope": 1.6351584291178449, "BasAspect": 189.23456047511124, "BasArea": 52657597.612769999, "BkfWidth": 12.5628957549, "BkfDepth": 0.37706664774900001, "Lake_Cat": 0, "HyLakeId": 0, "LakeVol": 0.0, "LakeDepth": 0.0, "LakeArea": 0.0, "Laketype": 0, "Has_POI": 0, "MeanElev": 477.18566287753453, "FloodP_n": -1.2345, "Q_Mean": 3.0444897713699999, "Ch_n": -1.2345, "DrainArea": 52657597.612769999, "Strahler": 1, "Seg_ID": 4, "Seg_order": 1, "Max_DEM": -1.2345, "Min_DEM": -1.2345, "DA_Obs": 0.0, "DA_error": 0.0, "Obs_NM": null, "SRC_obs": null, "centroid_x": -80.23011775213304, "centroid_y": 43.842776289902282, "DA_Chn_L": 10897.926448, "DA_Slope": 0.76989846259600003, "DA_Chn_Slp": 0.012104639095600001, "outletLat": 43.830631653499999, "outletLng": -80.296557253800003, "Region": "SW", "Sub_Reg": "02G", "rvhName": "sub90010574" }, "geometry": { "type": "Polygon", "coordinates": [ [ [ -80.206671252952674, 43.823173433750668 ], [ -80.207043079569416, 43.823190470847372 ], [ -80.207137200245214, 43.822113644900931 ], [ -80.207509019829928, 43.822130680319326 ], [ -80.207603129551742, 43.821053855489012 ], [ -80.20685950513797, 43.821019784050108 ], [ -80.206883035622823, 43.820750578252436 ], [ -80.207254845898774, 43.820767614541893 ], [ -80.207325430522431, 43.819959997432882 ], [ -80.207697235582472, 43.819977032133842 ], [ -80.20783838770835, 43.818361799867851 ], [ -80.207466593541042, 43.81834476570495 ], [ -80.207490119903454, 43.818075560739857 ], [ -80.207861912255339, 43.818092594813038 ], [ -80.207932484512426, 43.817284980202203 ], [ -80.207560697606581, 43.817267946398054 ], [ -80.207631273233787, 43.816460332886734 ], [ -80.207259492004539, 43.816443298032304 ], [ -80.207306544899922, 43.815904889665575 ], [ -80.20656299039446, 43.815870816357489 ], [ -80.206586520126606, 43.815601612491989 ], [ -80.20621474503514, 43.815584573948691 ], [ -80.206238276351812, 43.815315370265168 ], [ -80.205866503306254, 43.81529833049229 ], [ -80.205890036207407, 43.815029126990801 ], [ -80.205518265207758, 43.815012085988343 ], [ -80.205541799693336, 43.814742882668831 ], [ -80.204798262016595, 43.814708796885576 ], [ -80.204845337556094, 43.814170390882516 ], [ -80.205217102648831, 43.814187434254336 ], [ -80.205287708782095, 43.81337982567306 ], [ -80.205659468660301, 43.813396867456419 ], [ -80.205683001761514, 43.813127664690981 ], [ -80.206054760055409, 43.813144705065469 ], [ -80.206148882893089, 43.812067894568386 ], [ -80.206520634157613, 43.812084933264785 ], [ -80.206544162475339, 43.811815730781738 ], [ -80.206915912155523, 43.811832768069252 ], [ -80.206939438427639, 43.81156356558887 ], [ -80.207682934850027, 43.81159763602691 ], [ -80.207706457261608, 43.811328433459558 ], [ -80.209193445613707, 43.811396558146527 ], [ -80.209240475225599, 43.810858152571733 ], [ -80.209612219260123, 43.810875180266187 ], [ -80.209706268458078, 43.809798369866968 ], [ -80.210078005463558, 43.80981539588371 ], [ -80.21010151537196, 43.809546193425319 ], [ -80.210473250793072, 43.809563218033205 ], [ -80.210614294514869, 43.807948004686551 ], [ -80.212472920633061, 43.80803310525075 ], [ -80.212449422995945, 43.808302307692074 ], [ -80.21430806394666, 43.808387375726156 ], [ -80.214261086129369, 43.808925781781937 ], [ -80.215004551380872, 43.808959800119808 ], [ -80.21498106575649, 43.809229003465504 ], [ -80.215724535558607, 43.809263016705899 ], [ -80.215748017553295, 43.808993813181161 ], [ -80.216119750984817, 43.809010817733096 ], [ -80.216096270804982, 43.809280021347355 ], [ -80.217211477925119, 43.809331027356755 ], [ -80.217188002959688, 43.809600231332006 ], [ -80.217559740941581, 43.809617230786316 ], [ -80.217536267560888, 43.809886434943522 ], [ -80.217908007587795, 43.809903433168145 ], [ -80.217884535791924, 43.810172637507286 ], [ -80.219371505460074, 43.810240617571885 ], [ -80.219418434302398, 43.809702208270281 ], [ -80.220161913257073, 43.809736190029625 ], [ -80.220185373703401, 43.809466985338581 ], [ -80.221300588415588, 43.809517947815429 ], [ -80.221347497728971, 43.808979538174171 ], [ -80.222834439378488, 43.809047468959534 ], [ -80.222810992096299, 43.809316674091569 ], [ -80.223554467930086, 43.809350631748025 ], [ -80.223577911582467, 43.80908142643721 ], [ -80.223949648029233, 43.809098403197304 ], [ -80.223973089636914, 43.80882919788958 ], [ -80.224716559590021, 43.808863147273492 ], [ -80.224739997338176, 43.808593941879529 ], [ -80.225483464580634, 43.808627885808058 ], [ -80.225553765557478, 43.807820269645013 ], [ -80.225182037265881, 43.807803298608377 ], [ -80.225346077541673, 43.805918864758056 ], [ -80.225717793129974, 43.805935835169223 ], [ -80.225694361308726, 43.806205039816781 ], [ -80.226066078941429, 43.806222008998255 ], [ -80.226042648705217, 43.806491213827634 ], [ -80.227901249387244, 43.806576040394958 ], [ -80.227924670549811, 43.806306835118988 ], [ -80.229039828270103, 43.806357714962125 ], [ -80.229063243758887, 43.806088509510815 ], [ -80.229434961643364, 43.806105466731033 ], [ -80.229458375087887, 43.805836261283019 ], [ -80.230573524674199, 43.805887124761178 ], [ -80.23055011667384, 43.806156330477023 ], [ -80.230921835476281, 43.806173282420787 ], [ -80.230898429061213, 43.806442488318424 ], [ -80.231270149907857, 43.806459439032274 ], [ -80.231293554508184, 43.806190233045442 ], [ -80.232408712980401, 43.806241077004721 ], [ -80.232385313824352, 43.806510283259229 ], [ -80.232757035588648, 43.806527228696631 ], [ -80.23273363801799, 43.806796435132917 ], [ -80.234220534627781, 43.806864204048004 ], [ -80.234243924939278, 43.806594997254948 ], [ -80.234615647850205, 43.806611936096701 ], [ -80.234662424155758, 43.806073522609886 ], [ -80.235405863406328, 43.806107395979318 ], [ -80.235429247585685, 43.805838189196407 ], [ -80.236544402736499, 43.805888989089688 ], [ -80.2365677812424, 43.805619782131913 ], [ -80.238426368669963, 43.805704421792704 ], [ -80.238402999237849, 43.805973629196068 ], [ -80.24100504396101, 43.806092069941691 ], [ -80.2410284006897, 43.805822861914756 ], [ -80.242143560704392, 43.805873602180178 ], [ -80.242166911759796, 43.805604393978683 ], [ -80.242910349284614, 43.805638214048578 ], [ -80.242933696481586, 43.805369005761619 ], [ -80.244048849040965, 43.805419725705974 ], [ -80.244025507288328, 43.805688934259969 ], [ -80.245884108537311, 43.805773441562948 ], [ -80.245860775629879, 43.806042650654391 ], [ -80.246232498380749, 43.806059548246573 ], [ -80.246115839486819, 43.807405595537553 ], [ -80.247602769074845, 43.807473174493587 ], [ -80.247649418799369, 43.806934754587864 ], [ -80.249508067779999, 43.807019197712066 ], [ -80.249484752106611, 43.807288408063201 ], [ -80.250971682665124, 43.807355939172844 ], [ -80.25094837402294, 43.807625149972104 ], [ -80.255037471871375, 43.807810752667287 ], [ -80.255014182965525, 43.808079964536283 ], [ -80.255757661900333, 43.808113693508716 ], [ -80.255734376396234, 43.808382905647846 ], [ -80.256106118021066, 43.80839976824403 ], [ -80.256082834103722, 43.808668980564491 ], [ -80.256454577771891, 43.808685841930213 ], [ -80.256431295441331, 43.808955054432026 ], [ -80.257174787092552, 43.808988773383255 ], [ -80.257198065792963, 43.808719560703921 ], [ -80.257941554726884, 43.808753274200647 ], [ -80.257964829568948, 43.808484061436374 ], [ -80.25982354682121, 43.808568321647783 ], [ -80.259846812359825, 43.808299108532495 ], [ -80.260218554679525, 43.808315956528318 ], [ -80.260288344481765, 43.807508317471779 ], [ -80.259916607607153, 43.80749146974204 ], [ -80.25993987223346, 43.807222256997058 ], [ -80.260311607293076, 43.807239104638114 ], [ -80.260404656257776, 43.806162254229456 ], [ -80.260776384285649, 43.806179100196545 ], [ -80.260799644141812, 43.805909887737229 ], [ -80.262658278626461, 43.805994097341475 ], [ -80.262681529180085, 43.80572488453145 ], [ -80.263053254945973, 43.805741722406111 ], [ -80.263099751739674, 43.80520329688666 ], [ -80.264214919515325, 43.805253802063753 ], [ -80.264238162125721, 43.804984589177096 ], [ -80.264609883358446, 43.805001421509182 ], [ -80.264633123926146, 43.804732208626561 ], [ -80.26500484357183, 43.804749039550906 ], [ -80.26491188719362, 43.805825891991681 ], [ -80.265655341687548, 43.805859550591649 ], [ -80.265632105653339, 43.806128764110674 ], [ -80.266003835056907, 43.806145591520455 ], [ -80.265980600609851, 43.806414805220719 ], [ -80.266352332056172, 43.806431631399867 ], [ -80.266329099196327, 43.806700845281362 ], [ -80.267072566402192, 43.806734493859267 ], [ -80.267049336944581, 43.807003708010548 ], [ -80.269279754917093, 43.807104622614411 ], [ -80.269256536121944, 43.807373837389584 ], [ -80.269628275062516, 43.807390651961455 ], [ -80.269605057854818, 43.80765986691776 ], [ -80.269976798838059, 43.80767668025895 ], [ -80.269953583217827, 43.807945895396408 ], [ -80.27144055668694, 43.808013135922643 ], [ -80.271417348099547, 43.808282351506705 ], [ -80.271789093850799, 43.808299158428611 ], [ -80.271742679623699, 43.80883759005156 ], [ -80.272114429232758, 43.80885439583114 ], [ -80.272091223593108, 43.809123611870007 ], [ -80.272462975244835, 43.809140416418799 ], [ -80.272416566913435, 43.809678848951208 ], [ -80.272788322423068, 43.809695652357689 ], [ -80.272765119731361, 43.809964868851203 ], [ -80.273508635063507, 43.809998471883105 ], [ -80.273485435774845, 43.81026768864615 ], [ -80.274228955647303, 43.81030128657769 ], [ -80.274205759761742, 43.810570503610187 ], [ -80.274577521854368, 43.810587300685391 ], [ -80.274391961105565, 43.812741040984832 ], [ -80.275135515018931, 43.812774632592138 ], [ -80.275112322532848, 43.813043850722842 ], [ -80.275855880986711, 43.813077437229403 ], [ -80.275832691904171, 43.813346655629459 ], [ -80.276576254898387, 43.81338023703524 ], [ -80.276437137415087, 43.814995550439001 ], [ -80.276808930146473, 43.815012339693155 ], [ -80.276693001736675, 43.816358437181613 ], [ -80.276321199927068, 43.816341647485487 ], [ -80.276298011747386, 43.816610867172081 ], [ -80.275182602235745, 43.816560489901633 ], [ -80.275113019990982, 43.817368148720639 ], [ -80.275856636999038, 43.817401735417683 ], [ -80.275763872014977, 43.818478615844363 ], [ -80.276135688123262, 43.818495407567234 ], [ -80.276066117445026, 43.819303069122839 ], [ -80.275694295889181, 43.819286277134722 ], [ -80.275671103392426, 43.819555497749654 ], [ -80.274927457331231, 43.81952190963792 ], [ -80.27485786758092, 43.820329571506463 ], [ -80.274486039443744, 43.820312775205949 ], [ -80.274439641507641, 43.820851216736685 ], [ -80.274811473276728, 43.820868013214032 ], [ -80.274788275783422, 43.821137234206361 ], [ -80.275160109595959, 43.821154029452579 ], [ -80.275136913691185, 43.821423250625692 ], [ -80.276252421941507, 43.821473628711928 ], [ -80.276275612398251, 43.821204407273541 ], [ -80.276647447120496, 43.821221197241357 ], [ -80.276624258479785, 43.821490418768121 ], [ -80.276996095245451, 43.821507207504688 ], [ -80.276972908193386, 43.821776429212193 ], [ -80.277716586038906, 43.821810002903234 ], [ -80.277693402391591, 43.822079224879865 ], [ -80.27880892631309, 43.822129575784324 ], [ -80.278762569232995, 43.822668020544825 ], [ -80.280621798475494, 43.822751913209537 ], [ -80.280552288392954, 43.823559582367906 ], [ -80.281295992577526, 43.823593130726067 ], [ -80.28106431385828, 43.826285369020482 ], [ -80.280692443489571, 43.826268594618035 ], [ -80.280646101386452, 43.826807043207658 ], [ -80.281017975387954, 43.826823817786746 ], [ -80.280994805811943, 43.827093042308256 ], [ -80.281366681857065, 43.827109815655881 ], [ -80.281343513870283, 43.827379040357968 ], [ -80.281715391959068, 43.82739581247413 ], [ -80.281692225561514, 43.827665037356745 ], [ -80.282435986053585, 43.827698577806338 ], [ -80.28241282306179, 43.827967802957836 ], [ -80.282784705465048, 43.827984571291218 ], [ -80.282761544062609, 43.828253796623237 ], [ -80.283133428509529, 43.828270563725106 ], [ -80.283156588095466, 43.828001338304809 ], [ -80.283528470953016, 43.828018103998595 ], [ -80.283551628495346, 43.827748878582263 ], [ -80.283923509763497, 43.827765642867988 ], [ -80.283969820533883, 43.827227192135496 ], [ -80.285085454802001, 43.82727747654431 ], [ -80.285062304979746, 43.827546702129268 ], [ -80.286549827781513, 43.827613729883588 ], [ -80.286526684998222, 43.827882955913623 ], [ -80.288014218697455, 43.827949962903979 ], [ -80.287991082953297, 43.828219189379105 ], [ -80.290594288377648, 43.828336401416614 ], [ -80.290571165122515, 43.828605628601153 ], [ -80.291314943775333, 43.828639106052577 ], [ -80.291291823926599, 43.828908333505588 ], [ -80.292035607119601, 43.828941805853908 ], [ -80.292012490677365, 43.829211033575397 ], [ -80.292756278410451, 43.829244500820543 ], [ -80.292733165374798, 43.829513728810483 ], [ -80.293105061398023, 43.829530460541378 ], [ -80.293058838280018, 43.83006891697412 ], [ -80.293430738163266, 43.830085647561354 ], [ -80.293407628080956, 43.830354876004144 ], [ -80.293779530007569, 43.830371605359559 ], [ -80.293756421515326, 43.830640833982656 ], [ -80.294128325485318, 43.830657562106282 ], [ -80.294105218583198, 43.830926790909665 ], [ -80.29447712459654, 43.830943517801437 ], [ -80.294500229681915, 43.830674288909982 ], [ -80.294872134105134, 43.8306910143938 ], [ -80.294895237147173, 43.830421785506488 ], [ -80.296010946326078, 43.830471953774399 ], [ -80.296034043691336, 43.83020272471515 ], [ -80.296405945387335, 43.83021944474325 ], [ -80.296382849838807, 43.830488673890599 ], [ -80.296754753578043, 43.83050539268686 ], [ -80.296731659619738, 43.830774622014403 ], [ -80.296359754063744, 43.830757903130092 ], [ -80.296221174656324, 43.832373280503418 ], [ -80.295849258425974, 43.832356559770979 ], [ -80.295733760272086, 43.833702709676928 ], [ -80.295361835183769, 43.833685987184289 ], [ -80.295338733056326, 43.833955217353896 ], [ -80.294594879925583, 43.833921768232578 ], [ -80.294571773937591, 43.834190998318221 ], [ -80.293827918079444, 43.834157543740815 ], [ -80.29380480823086, 43.83442677374245 ], [ -80.293060949645437, 43.834393313708922 ], [ -80.29303783593619, 43.834662543626514 ], [ -80.292665905166558, 43.834645811541662 ], [ -80.292642789413591, 43.834915041463276 ], [ -80.29227085705368, 43.83489830797032 ], [ -80.292224621233487, 43.835436767913706 ], [ -80.291852685466282, 43.835420032924517 ], [ -80.291829565398999, 43.835689262946239 ], [ -80.291457628041499, 43.835672526548947 ], [ -80.291411383592447, 43.836210986692471 ], [ -80.291039442827611, 43.836194248798847 ], [ -80.290993193837139, 43.836732709134509 ], [ -80.290249305719527, 43.836699229034636 ], [ -80.290226177249792, 43.836968459164311 ], [ -80.289854231714145, 43.836951717046148 ], [ -80.289784839492242, 43.837759407723098 ], [ -80.289412888732016, 43.837742664020418 ], [ -80.289389755720421, 43.838011894342024 ], [ -80.289017803369902, 43.837995149231098 ], [ -80.288948397521921, 43.838802840483716 ], [ -80.288204482598417, 43.838769345772562 ], [ -80.288158203629322, 43.839307806715063 ], [ -80.287786242873523, 43.839291057203006 ], [ -80.287763101231221, 43.839560287724105 ], [ -80.287391138885155, 43.839543536803703 ], [ -80.28732170714423, 43.840351228654519 ], [ -80.28769367494229, 43.840367979839534 ], [ -80.287670532391914, 43.840637210728687 ], [ -80.287298562776542, 43.840620459455472 ], [ -80.287252273360025, 43.841158921333339 ], [ -80.286880300336932, 43.841142168563572 ], [ -80.286857153470734, 43.841411399552278 ], [ -80.285369256379511, 43.841344374918755 ], [ -80.285346102016604, 43.841613605646536 ], [ -80.284974126494177, 43.841596846099549 ], [ -80.284950970086697, 43.841866076831039 ], [ -80.285322947426536, 43.84188283646629 ], [ -80.285253482293484, 43.842690529477281 ], [ -80.285997448559314, 43.842724045316707 ], [ -80.28595114460488, 43.843262508136746 ], [ -80.28557915772339, 43.843245750700653 ], [ -80.285509694635664, 43.844053445355541 ], [ -80.284765710648841, 43.844019925993273 ], [ -80.284696234611175, 43.844827620945964 ], [ -80.284324237505757, 43.844810859019724 ], [ -80.284277915376052, 43.845349322604534 ], [ -80.283905914862572, 43.8453325591815 ], [ -80.283790096473425, 43.846678719310226 ], [ -80.281930051872791, 43.846594880184156 ], [ -80.28195322509373, 43.846325648416105 ], [ -80.281209212480178, 43.84629210370035 ], [ -80.281186035623818, 43.846561335291774 ], [ -80.280814027840393, 43.846544560865162 ], [ -80.280790848938935, 43.846813792460097 ], [ -80.280418839565186, 43.846797016624883 ], [ -80.280395658618588, 43.847066248223356 ], [ -80.277791586646941, 43.846948779790452 ], [ -80.277837973760711, 43.846410317922427 ], [ -80.277465968024501, 43.846393531613359 ], [ -80.277489163057751, 43.846124300905522 ], [ -80.276745155903328, 43.846090724503405 ], [ -80.276721957234727, 43.846359955034472 ], [ -80.276349952181221, 43.846343164764647 ], [ -80.276373152667475, 43.846073934322007 ], [ -80.275629146878643, 43.846040349998397 ], [ -80.275652350772575, 43.845771119824455 ], [ -80.275280350037235, 43.84575432577067 ], [ -80.275257144325664, 43.846023555856206 ], [ -80.274885142000358, 43.84600676039377 ], [ -80.274838726258892, 43.846545220663494 ], [ -80.27446672052595, 43.846528423703894 ], [ -80.274350668099203, 43.847874575543258 ], [ -80.273978653505395, 43.847857776821158 ], [ -80.273955440519117, 43.84812700737605 ], [ -80.273583424335257, 43.848110207245135 ], [ -80.273490562841602, 43.849187130029023 ], [ -80.273118539614245, 43.849170328223991 ], [ -80.273095321853575, 43.849439559060961 ], [ -80.27272329703618, 43.849422755847144 ], [ -80.272700077229842, 43.849691986687425 ], [ -80.272328050822409, 43.849675182064772 ], [ -80.272304828970363, 43.84994441290835 ], [ -80.271932800972877, 43.849927606876882 ], [ -80.271909577075121, 43.85019683772375 ], [ -80.271537547487597, 43.850180030283425 ], [ -80.271560773203234, 43.849910799525063 ], [ -80.271188745661462, 43.849893990852912 ], [ -80.271002919012133, 43.852047838780891 ], [ -80.270630877154673, 43.852031028080276 ], [ -80.270607645979922, 43.852300259395591 ], [ -80.270979689655391, 43.852317070184732 ], [ -80.270910000217683, 43.853124764946585 ], [ -80.270537951088016, 43.853107953891865 ], [ -80.270514719001497, 43.853377185574004 ], [ -80.270142668281693, 43.853360373110391 ], [ -80.270119434149137, 43.853629604795742 ], [ -80.269747381839181, 43.853612790923137 ], [ -80.269724145660504, 43.853882022611657 ], [ -80.26935209176041, 43.853865207330074 ], [ -80.269328853535626, 43.85413443902172 ], [ -80.268956798045409, 43.854117622331167 ], [ -80.26893355777446, 43.854386854025925 ], [ -80.26818944384182, 43.854353216506354 ], [ -80.26821268774907, 43.854083984988698 ], [ -80.26560830889683, 43.853966212696214 ], [ -80.265631565302812, 43.853696981890359 ], [ -80.264515411814315, 43.853646488510087 ], [ -80.264468887865476, 43.854184949681702 ], [ -80.264096833522899, 43.854168115736826 ], [ -80.264073569387989, 43.854437346371512 ], [ -80.263701513455544, 43.854420511017551 ], [ -80.263678247274228, 43.854689741655243 ], [ -80.263306189751916, 43.854672904892197 ], [ -80.263259653068104, 43.855211366265259 ], [ -80.261771410716833, 43.855144005299188 ], [ -80.261748134759728, 43.855413235768431 ], [ -80.261376072924634, 43.855396392137159 ], [ -80.261329516688875, 43.855934853173295 ], [ -80.26021332164494, 43.855884313824269 ], [ -80.260190037729785, 43.85615354421369 ], [ -80.259817971353812, 43.85613669503433 ], [ -80.259794685391967, 43.8564059254266 ], [ -80.259422617426253, 43.856389074838106 ], [ -80.259399329417661, 43.856658305233303 ], [ -80.259027259862222, 43.856641453235589 ], [ -80.259003969806869, 43.856910683633615 ], [ -80.258631898661676, 43.856893830226632 ], [ -80.25860860655952, 43.857163060627556 ], [ -80.257120316991362, 43.85709563343967 ], [ -80.257073717555059, 43.857634093806226 ], [ -80.256329566869496, 43.857600371934204 ], [ -80.25630626317178, 43.857869602077272 ], [ -80.255934186353684, 43.857852739071703 ], [ -80.25591088060898, 43.858121969217571 ], [ -80.255538802201244, 43.858105104802696 ], [ -80.255515494409508, 43.85837433495135 ], [ -80.255143414412146, 43.858357469127128 ], [ -80.255120104573365, 43.858626699278524 ], [ -80.254748022986362, 43.858609832044984 ], [ -80.254724711100494, 43.858879062199129 ], [ -80.254352627923879, 43.858862193556227 ], [ -80.25432931399088, 43.859131423713116 ], [ -80.253957229224667, 43.859114553660852 ], [ -80.253910597035542, 43.859653014071569 ], [ -80.253166420915903, 43.859619269650089 ], [ -80.253143100841285, 43.859888499815071 ], [ -80.251654744074457, 43.859820994770033 ], [ -80.251678071422717, 43.8595517649605 ], [ -80.250933898049468, 43.859518004692433 ], [ -80.250910567064395, 43.859787234324209 ], [ -80.250538478902769, 43.859770352120464 ], [ -80.250515145870338, 43.860039581754862 ], [ -80.250143056119242, 43.86002269814167 ], [ -80.250049714426069, 43.861099617238807 ], [ -80.249305521063221, 43.861065845339461 ], [ -80.249282181430459, 43.861335075164668 ], [ -80.248910083274083, 43.861318187145201 ], [ -80.248886741593765, 43.861587416972966 ], [ -80.248514641847962, 43.861570527544004 ], [ -80.248491298120058, 43.861839757374334 ], [ -80.247374994801476, 43.86178908089699 ], [ -80.247304945876408, 43.862596770136349 ], [ -80.247677052209141, 43.862613663882904 ], [ -80.247607006677654, 43.86342135421225 ], [ -80.247979118695312, 43.863438246905062 ], [ -80.247932424165981, 43.863976707759775 ], [ -80.247560308511012, 43.863959814889057 ], [ -80.247513609427841, 43.864498275931602 ], [ -80.247885728720178, 43.864515168980191 ], [ -80.247839032357874, 43.865053630566379 ], [ -80.247094786727459, 43.86501984279267 ], [ -80.247024729552919, 43.86582753532376 ], [ -80.246280473926618, 43.865793741733519 ], [ -80.246187046601548, 43.866870665676025 ], [ -80.245814911856939, 43.86685376654394 ], [ -80.245791552633762, 43.867122997669028 ], [ -80.245419416299555, 43.867106097127213 ], [ -80.245372693527685, 43.867644559473526 ], [ -80.244628414271588, 43.867610754071713 ], [ -80.244581683306976, 43.868149216427419 ], [ -80.2449538264582, 43.868166119966695 ], [ -80.244907098214227, 43.868704582865732 ], [ -80.245279245232638, 43.868721485262341 ], [ -80.245255882585681, 43.868990716937901 ], [ -80.24637233047352, 43.869041416469834 ], [ -80.246348973054268, 43.869310648503735 ], [ -80.246721124627712, 43.869327545795151 ], [ -80.246697768798242, 43.869596778009303 ], [ -80.246325615405766, 43.869579880628926 ], [ -80.246255541084835, 43.870387577552364 ], [ -80.245883382464456, 43.870370678584237 ], [ -80.245860022079867, 43.87063991098568 ], [ -80.245487861869663, 43.870623010607744 ], [ -80.245464499436707, 43.870892243011482 ], [ -80.245092337636677, 43.870875341223737 ], [ -80.245045608444642, 43.871413806127123 ], [ -80.24541777388292, 43.871430708092845 ], [ -80.245394410762088, 43.871699940770455 ], [ -80.245766578248833, 43.871716841504366 ], [ -80.245743216717869, 43.871986074362255 ], [ -80.246115386253081, 43.872002973864298 ], [ -80.246021945113171, 43.873079906564428 ], [ -80.245649768301064, 43.873063006706417 ], [ -80.245626405623611, 43.873332240020595 ], [ -80.245254227221551, 43.873315338752697 ], [ -80.245184132355419, 43.874123038975668 ], [ -80.244811948724788, 43.874106136119885 ], [ -80.24478858149142, 43.874375369620992 ], [ -80.244044211279558, 43.874341559768645 ], [ -80.244020840178138, 43.874610793182931 ], [ -80.242904281122819, 43.874560068230487 ], [ -80.242880904333944, 43.874829301468893 ], [ -80.2425087166217, 43.87481239042053 ], [ -80.242438579420195, 43.875620090415815 ], [ -80.241694193767856, 43.875586263821972 ], [ -80.241670810602912, 43.875855497158 ], [ -80.241298616301592, 43.875838581790603 ], [ -80.241275231087698, 43.876107815128741 ], [ -80.241647427208449, 43.876124730585204 ], [ -80.241624043584466, 43.876393964103613 ], [ -80.24199624175418, 43.876410878328095 ], [ -80.24197285972015, 43.876680112026804 ], [ -80.242345059938827, 43.876697025019482 ], [ -80.242298298821211, 43.877235492868344 ], [ -80.241926094963532, 43.877218579697541 ], [ -80.241902712240943, 43.877487813669653 ], [ -80.241530506793282, 43.877470899088834 ], [ -80.24150712202163, 43.877740133062993 ], [ -80.241134914983945, 43.877723217072074 ], [ -80.241111528163216, 43.877992451048328 ], [ -80.24073931953555, 43.877975533647337 ], [ -80.240692541566247, 43.878514001695116 ], [ -80.240320329529027, 43.878497082794944 ], [ -80.240273547002175, 43.879035551029041 ], [ -80.238784686592695, 43.878967861505387 ], [ -80.238761287706353, 43.879237095402679 ], [ -80.23838907135854, 43.879220169630095 ], [ -80.238342269257515, 43.879758637519721 ], [ -80.237970049500134, 43.879741710247849 ], [ -80.237923242840907, 43.880280178323602 ], [ -80.237178796736643, 43.880246319460149 ], [ -80.237155389423052, 43.88051555345632 ], [ -80.236410940598475, 43.880481689130384 ], [ -80.23636411800311, 43.881020157039394 ], [ -80.236736345939917, 43.881037090041239 ], [ -80.236619294528538, 43.882383261853171 ], [ -80.23475811164856, 43.882298581403788 ], [ -80.234804951100486, 43.881760113297688 ], [ -80.234432718853711, 43.881743173422933 ], [ -80.23445614005459, 43.881473939595622 ], [ -80.234083909857475, 43.881456998489014 ], [ -80.234107332648179, 43.881187764841997 ], [ -80.232246194210518, 43.881103039938957 ], [ -80.232269625869861, 43.880833806829138 ], [ -80.231897400691992, 43.880816857974594 ], [ -80.23192083394099, 43.880547625045089 ], [ -80.231176387914729, 43.880513723551395 ], [ -80.231129513907959, 43.881052189144427 ], [ -80.230385061523208, 43.881018282009492 ], [ -80.2303381793173, 43.881556747609622 ], [ -80.229593720574144, 43.881522834833305 ], [ -80.229570275486566, 43.881792067591334 ], [ -80.22696466439794, 43.881673330635628 ], [ -80.22698812222356, 43.88140409850282 ], [ -80.226615894808688, 43.881387130885663 ], [ -80.226639354223735, 43.881117898933226 ], [ -80.226267128858851, 43.881100930084379 ], [ -80.226290589863254, 43.880831698312306 ], [ -80.225546143463703, 43.880797756830255 ], [ -80.22561653601295, 43.879990062596619 ], [ -80.225244318617527, 43.879973090142144 ], [ -80.225267784159541, 43.879703859002419 ], [ -80.22377892415976, 43.87963595633196 ], [ -80.223708505007551, 43.880443648951612 ], [ -80.223336285124816, 43.880426669713266 ], [ -80.223312809793626, 43.880695900679179 ], [ -80.222940588321705, 43.880678920030405 ], [ -80.22284667741387, 43.881755844446765 ], [ -80.222474448893777, 43.881738862119221 ], [ -80.222450968770943, 43.882008093361463 ], [ -80.220962049716832, 43.881940150483231 ], [ -80.220915074221921, 43.882478612525183 ], [ -80.22017060879935, 43.882444632801871 ], [ -80.220100132909138, 43.883252326010506 ], [ -80.219727895084503, 43.883235333898824 ], [ -80.219704400840087, 43.883504565060868 ], [ -80.21933216142628, 43.883487571538623 ], [ -80.219308665131436, 43.883756802702166 ], [ -80.218936424128486, 43.883739807769331 ], [ -80.21895992224313, 43.883470576695295 ], [ -80.21858768329065, 43.883453580530862 ], [ -80.218611182994394, 43.883184349637276 ], [ -80.217494472980476, 43.883133353486045 ], [ -80.217517977912777, 43.882864122951979 ], [ -80.217145743522678, 43.882847121682254 ], [ -80.217122236770621, 43.883116352126812 ], [ -80.215633294238941, 43.883048333479117 ], [ -80.215656808269955, 43.882779103392764 ], [ -80.214540109254003, 43.882728075804479 ], [ -80.214563628513304, 43.882458846077832 ], [ -80.213074707003173, 43.882390791156986 ], [ -80.213098233310305, 43.882121561879643 ], [ -80.212353777580176, 43.882087526672173 ], [ -80.212377307295668, 43.881818297665056 ], [ -80.212005081596701, 43.88180127816937 ], [ -80.212028612900852, 43.881532049342873 ], [ -80.210539719693543, 43.881463958508476 ], [ -80.210563258045099, 43.881194730131512 ], [ -80.210191037140476, 43.88117770421001 ], [ -80.210214577080549, 43.880908476013715 ], [ -80.20909792121185, 43.880857390592212 ], [ -80.209121466379514, 43.880588162755927 ], [ -80.208377033928386, 43.880554099382643 ], [ -80.20840058250397, 43.880284871816727 ], [ -80.207656154616501, 43.880250803338875 ], [ -80.207679706599919, 43.879981576043377 ], [ -80.206563071961128, 43.879930463688432 ], [ -80.206610186151224, 43.879392009908763 ], [ -80.202888122110437, 43.87922155132479 ], [ -80.202864546936667, 43.879490777271528 ], [ -80.202120133266021, 43.879456669523812 ], [ -80.202072974946489, 43.879995121331142 ], [ -80.201328554923876, 43.879961007940402 ], [ -80.201304971778015, 43.880230233800937 ], [ -80.200932760294478, 43.880213175034356 ], [ -80.20088558966934, 43.880751626848742 ], [ -80.198652303796806, 43.880649245430618 ], [ -80.198605110411549, 43.881187696530759 ], [ -80.197488459685005, 43.881136487449368 ], [ -80.19751206195194, 43.880867262123445 ], [ -80.19565099113899, 43.880781887684449 ], [ -80.195674602271566, 43.880512662899029 ], [ -80.194185757070713, 43.880444339930271 ], [ -80.194209375249258, 43.88017511559562 ], [ -80.193464957678614, 43.880140946365451 ], [ -80.193512200617803, 43.879602498328957 ], [ -80.1923955869172, 43.879551235116509 ], [ -80.192371960105405, 43.879820458819339 ], [ -80.190883137807333, 43.879752089016442 ], [ -80.190906771896593, 43.879482865673616 ], [ -80.190162365778136, 43.879448673026722 ], [ -80.190186003274079, 43.879179449954947 ], [ -80.189441601722365, 43.879145252204417 ], [ -80.189465242624934, 43.878876029403635 ], [ -80.189093044016445, 43.878858928637079 ], [ -80.189116686506253, 43.878589706017465 ], [ -80.18837229362407, 43.878555500701729 ], [ -80.188395939520362, 43.87828627835318 ], [ -80.186907163818333, 43.878217852231373 ], [ -80.186930816759499, 43.877948630334082 ], [ -80.186186433939852, 43.877914409528131 ], [ -80.186210090287275, 43.877645187902097 ], [ -80.185837901044962, 43.877628075607952 ], [ -80.185908874151593, 43.876820411546277 ], [ -80.18553669059898, 43.87680329820158 ], [ -80.185560349655916, 43.876534077119857 ], [ -80.185188168154667, 43.876516962544429 ], [ -80.185211828798501, 43.876247741643851 ], [ -80.184839649348575, 43.876230625837735 ], [ -80.184957958179666, 43.874884523151259 ], [ -80.184213618167107, 43.87485028847788 ], [ -80.184237282874619, 43.874581068393972 ], [ -80.183492947429073, 43.874546828617781 ], [ -80.183540283423156, 43.874008389083919 ], [ -80.182795956182673, 43.873974144385265 ], [ -80.182819627469129, 43.873704924935247 ], [ -80.182447466016271, 43.873687800694945 ], [ -80.182471138889341, 43.873418581426193 ], [ -80.182098979487733, 43.873401455955282 ], [ -80.182170002169485, 43.872593798966108 ], [ -80.181425694976554, 43.872559544603284 ], [ -80.181544079653889, 43.871213452345373 ], [ -80.181171935499904, 43.871196323633811 ], [ -80.181219291381751, 43.870657887548916 ], [ -80.181591431898255, 43.870675016080099 ], [ -80.181615107671902, 43.870405798084178 ], [ -80.181242968974075, 43.870388669643198 ], [ -80.181337677019798, 43.869311798931847 ], [ -80.181709808443003, 43.869328927012084 ], [ -80.181780831581747, 43.868521274665248 ], [ -80.183269337774519, 43.868589772697852 ], [ -80.183245670901613, 43.86885899041625 ], [ -80.183617799849088, 43.868876111713007 ], [ -80.183641464903417, 43.868606893904449 ], [ -80.184013592264535, 43.868624013790431 ], [ -80.184037255268038, 43.868354795982917 ], [ -80.184409381042812, 43.868371914458145 ], [ -80.184433041995533, 43.868102696651626 ], [ -80.184805166183921, 43.868119813716156 ], [ -80.184852483755719, 43.867581378196597 ], [ -80.185224604539187, 43.867598493760234 ], [ -80.185248261158293, 43.867329276047151 ], [ -80.185620380355417, 43.867346390200069 ], [ -80.185714997236445, 43.866269519899575 ], [ -80.185342885313219, 43.866252406107094 ], [ -80.185366540771611, 43.86598318885018 ], [ -80.184994430898954, 43.865966073827231 ], [ -80.185018087943604, 43.865696856751704 ], [ -80.184273872531591, 43.865662622924461 ], [ -80.184297532980878, 43.865393406120418 ], [ -80.18466963875241, 43.865410523604169 ], [ -80.184740613252146, 43.864602873469209 ], [ -80.185112713800763, 43.864619989362069 ], [ -80.185183680756182, 43.8638123397782 ], [ -80.18555577608204, 43.863829454080211 ], [ -80.185579429451323, 43.86356023764472 ], [ -80.185207335943744, 43.863543123432841 ], [ -80.185254645622479, 43.863004691015973 ], [ -80.183766288459424, 43.862936221684564 ], [ -80.183789950223456, 43.862667005973613 ], [ -80.183417863331314, 43.862649885429725 ], [ -80.183441526681335, 43.862380669900219 ], [ -80.183813611755312, 43.862397790353967 ], [ -80.18386093412245, 43.861859359388639 ], [ -80.184233015792273, 43.861876478341642 ], [ -80.184280333594501, 43.861338047561333 ], [ -80.184652411860228, 43.861355165013627 ], [ -80.18467606859501, 43.861085949670347 ], [ -80.185048145274763, 43.861103065712122 ], [ -80.185095454411794, 43.860564635119353 ], [ -80.183235091515201, 43.860479042607679 ], [ -80.183306080750384, 43.859671398755737 ], [ -80.182561948125041, 43.859637153049142 ], [ -80.182609280392811, 43.859098724631984 ], [ -80.182237218064373, 43.859081599978438 ], [ -80.182260885667887, 43.858812385997098 ], [ -80.18188882538962, 43.858795260113354 ], [ -80.181959832260532, 43.85798761898814 ], [ -80.181587777668184, 43.857970492054598 ], [ -80.181611447978526, 43.857701278619132 ], [ -80.180867343126337, 43.857667020971398 ], [ -80.180962036587829, 43.85659016886521 ], [ -80.180217947207197, 43.856555906657796 ], [ -80.180194270554679, 43.856825119366796 ], [ -80.179822224395025, 43.856807986192408 ], [ -80.179798545692407, 43.857077198902658 ], [ -80.178682403154127, 43.857025791186956 ], [ -80.178706087310104, 43.856756578747401 ], [ -80.177589952316566, 43.856705159419725 ], [ -80.177613641693426, 43.85643594734232 ], [ -80.177241598978156, 43.856418805016098 ], [ -80.177265289940323, 43.856149593120321 ], [ -80.176521208842615, 43.85611530468757 ], [ -80.176544903207741, 43.855846093063811 ], [ -80.17617286482529, 43.855828946957274 ], [ -80.176196560775651, 43.855559735515214 ], [ -80.175824524443371, 43.855542588178686 ], [ -80.175871919281931, 43.855004165749463 ], [ -80.176243951978904, 43.855021312905428 ], [ -80.176267647231811, 43.854752101737688 ], [ -80.175895616352463, 43.854734954672026 ], [ -80.175919313190519, 43.854465743686013 ], [ -80.176291342252227, 43.854482890661409 ], [ -80.176409813867352, 43.853136836651963 ], [ -80.176037793893414, 43.853119690127969 ], [ -80.176061489336561, 43.852850479690794 ], [ -80.176805525881861, 43.852884771238017 ], [ -80.176852908800839, 43.852346350276996 ], [ -80.177224923787193, 43.852363493889818 ], [ -80.177248613080565, 43.852094283456317 ], [ -80.177620626481868, 43.85211142565867 ], [ -80.177668000736531, 43.851573004885672 ], [ -80.178412020966505, 43.851607284968864 ], [ -80.178459387022016, 43.851068864200947 ], [ -80.179947415730652, 43.851137407803556 ], [ -80.179971091140345, 43.850868197196036 ], [ -80.180343097080822, 43.850885329706095 ], [ -80.180390443568655, 43.85034690858518 ], [ -80.180762446106641, 43.850364039594673 ], [ -80.180786117184837, 43.850094829081371 ], [ -80.181902120739991, 43.850146213918499 ], [ -80.181973116225421, 43.84933858211626 ], [ -80.181601120260154, 43.849321455427862 ], [ -80.181766780988127, 43.847436985059176 ], [ -80.181022815195348, 43.847402728984598 ], [ -80.1810938200707, 43.846595100741702 ], [ -80.180721842973995, 43.846577970994922 ], [ -80.180745512618529, 43.846308761854054 ], [ -80.179257613822173, 43.846240230027263 ], [ -80.179281290502814, 43.845971021338855 ], [ -80.177421431318663, 43.845885327305943 ], [ -80.177397745552739, 43.846154535543143 ], [ -80.176281827379128, 43.846103103012403 ], [ -80.176305518596195, 43.845833895045963 ], [ -80.175561577943171, 43.845799600272606 ], [ -80.175585272561889, 43.845530392578326 ], [ -80.175213304401041, 43.845513243301959 ], [ -80.175308087819502, 43.844436413802569 ], [ -80.174936127158958, 43.844419263567346 ], [ -80.174959824249399, 43.844150056511928 ], [ -80.175331783093014, 43.844167206656842 ], [ -80.175355478134094, 43.843897999602795 ], [ -80.174983521107393, 43.84388084954815 ], [ -80.17500721773294, 43.843611642676038 ], [ -80.174635262755572, 43.843594491391826 ], [ -80.17465896096553, 43.843325284701663 ], [ -80.17317115064823, 43.84325666672634 ], [ -80.173194855893087, 43.842987460489169 ], [ -80.172822905711868, 43.84297030278583 ], [ -80.172846612541036, 43.84270109673065 ], [ -80.172474664409151, 43.84268393779773 ], [ -80.172498372822574, 43.842414731924599 ], [ -80.17212642674005, 43.842397571762099 ], [ -80.172150136737685, 43.842128366070988 ], [ -80.171778192704494, 43.842111204678929 ], [ -80.171825615635555, 43.841572793752519 ], [ -80.171453675468427, 43.841555631221276 ], [ -80.171477388401797, 43.841286425985999 ], [ -80.169989637326253, 43.841217763023664 ], [ -80.170013357293755, 43.840948558241593 ], [ -80.16964142192316, 43.840931389291704 ], [ -80.169712585879708, 43.840123775766955 ], [ -80.170456445953704, 43.840158111804513 ], [ -80.17055131343912, 43.839081294332622 ], [ -80.170923236558721, 43.839098460010149 ], [ -80.170946951031993, 43.838829255781135 ], [ -80.171318872567653, 43.838846420048462 ], [ -80.171366297183354, 43.838308011685058 ], [ -80.171738215318555, 43.838325174451789 ], [ -80.171761925461041, 43.838055970317406 ], [ -80.1721338420123, 43.838073131674015 ], [ -80.172157550105752, 43.837803927541017 ], [ -80.172529465073055, 43.837821087487498 ], [ -80.172624287855868, 43.836744271511975 ], [ -80.174111920986817, 43.836812896654628 ], [ -80.174088222905567, 43.837082100872124 ], [ -80.174832044498544, 43.83711640570543 ], [ -80.174808349817766, 43.837385610195319 ], [ -80.175552175973237, 43.837419909930084 ], [ -80.175528484693018, 43.837689114692331 ], [ -80.175900399935799, 43.837706262670338 ], [ -80.175924089399544, 43.837437057817787 ], [ -80.176296003058184, 43.837454204385637 ], [ -80.176343377655726, 43.836915794775408 ], [ -80.176715287913765, 43.836932939842974 ], [ -80.176762657949212, 43.836394530419398 ], [ -80.177134564806678, 43.836411673986674 ], [ -80.177158247659534, 43.836142469322354 ], [ -80.177530152932903, 43.836159611479616 ], [ -80.177553833737093, 43.835890406816858 ], [ -80.177925737426335, 43.835907547564098 ], [ -80.177949416181903, 43.835638342902939 ], [ -80.178693220624297, 43.835672620257675 ], [ -80.178740570173304, 43.835134210849944 ], [ -80.179112469110109, 43.835151347367244 ], [ -80.179136141720008, 43.834882142710924 ], [ -80.17950803907263, 43.834899277818252 ], [ -80.179555379963276, 43.834360868600776 ], [ -80.179927273915439, 43.834378002207949 ], [ -80.17997461024494, 43.833839593177537 ], [ -80.180346500796688, 43.833856725284605 ], [ -80.180393832565215, 43.833318316441293 ], [ -80.181509494715456, 43.833369704303117 ], [ -80.181533154802906, 43.833100499748745 ], [ -80.182648813592863, 43.833151875462789 ], [ -80.18262515895411, 43.833421080287643 ], [ -80.182997047497665, 43.833438202976403 ], [ -80.182973394443195, 43.833707407983319 ], [ -80.183345285034989, 43.833724529442527 ], [ -80.183321633564816, 43.833993734631449 ], [ -80.183693526204863, 43.834010854861049 ], [ -80.183669876319044, 43.834280060232054 ], [ -80.184413665927522, 43.834314296912368 ], [ -80.184437312180748, 43.834045091361162 ], [ -80.184809205516558, 43.834062207631611 ], [ -80.18488013743594, 43.833254591258985 ], [ -80.185252025554803, 43.833271705939381 ], [ -80.185275667247922, 43.833002500575525 ], [ -80.184903780945291, 43.832985385985232 ], [ -80.184974710082116, 43.832177770715454 ], [ -80.185346590936106, 43.832194885035442 ], [ -80.18541751253764, 43.831387270322658 ], [ -80.186161264044202, 43.831421494463022 ], [ -80.186184900482118, 43.831152289562446 ], [ -80.186928649283658, 43.831186508244002 ], [ -80.186905016477994, 43.831455713324679 ], [ -80.187276893042551, 43.831472820776078 ], [ -80.187300524032054, 43.83120361560529 ], [ -80.187672399012214, 43.831220721646886 ], [ -80.187648769838859, 43.831489926907786 ], [ -80.189136279341255, 43.831558338237883 ], [ -80.189112657200823, 43.831827543950858 ], [ -80.189484536971804, 43.831844643574236 ], [ -80.189460916415911, 43.832113849469181 ], [ -80.189832798234733, 43.832130947862893 ], [ -80.189809179263378, 43.832400153939801 ], [ -80.190181063130069, 43.832417251103841 ], [ -80.190157445743324, 43.832686457362655 ], [ -80.191273104181732, 43.832737741206621 ], [ -80.191249492012162, 43.833006947827421 ], [ -80.191621380437738, 43.833024039892635 ], [ -80.191597769852876, 43.833293246695334 ], [ -80.192341551031234, 43.833327427046576 ], [ -80.192317943847414, 43.833596634121157 ], [ -80.192689836600195, 43.833613722407158 ], [ -80.192666231001184, 43.833882929663616 ], [ -80.193410020833966, 43.83391710245634 ], [ -80.193386418636138, 43.834186309984617 ], [ -80.194874008344769, 43.834254640092901 ], [ -80.194850413180973, 43.834523848072756 ], [ -80.195966113341498, 43.834575082066351 ], [ -80.196036881791272, 43.833767457593027 ], [ -80.196408776858377, 43.833784532681655 ], [ -80.196479537776966, 43.832976908765914 ], [ -80.196851427626427, 43.832993982265101 ], [ -80.196898596782972, 43.832455566601169 ], [ -80.197270483231136, 43.832472638600848 ], [ -80.19729406564619, 43.832203430816925 ], [ -80.197665950509361, 43.832220501407015 ], [ -80.1976895308769, 43.831951293625167 ], [ -80.198061414155092, 43.831968362805682 ], [ -80.198084992475117, 43.831699155025909 ], [ -80.197713111013158, 43.831682085935263 ], [ -80.197760270591928, 43.831143670831366 ], [ -80.197388392993631, 43.831126600600754 ], [ -80.197411974252333, 43.830857393276659 ], [ -80.196668223381906, 43.830823249036115 ], [ -80.196715392470111, 43.830284835023392 ], [ -80.195971649789456, 43.830250685863803 ], [ -80.196042412583665, 43.829443066073978 ], [ -80.196414278360052, 43.829460141043896 ], [ -80.196437863679421, 43.82919093454138 ], [ -80.196809727871056, 43.82920800810178 ], [ -80.196856894183867, 43.828669595193027 ], [ -80.197228754974688, 43.828686667254026 ], [ -80.197275916730391, 43.828148254533588 ], [ -80.198019631741715, 43.828182394337254 ], [ -80.19804320864074, 43.827913187935337 ], [ -80.19878692094494, 43.82794732228087 ], [ -80.198763347677897, 43.828216528862498 ], [ -80.199135205992761, 43.828233594145715 ], [ -80.199111634310555, 43.828502800909213 ], [ -80.199483494672592, 43.828519864962658 ], [ -80.199459924575265, 43.828789071908027 ], [ -80.200575512496272, 43.828840256420122 ], [ -80.200646205750601, 43.828032635051656 ], [ -80.20138992129057, 43.828066750922645 ], [ -80.201413481614509, 43.827797543804351 ], [ -80.202529051209268, 43.827848707444488 ], [ -80.202552605854208, 43.827579500148815 ], [ -80.202924461031799, 43.827596551966543 ], [ -80.202995118132833, 43.826788930362547 ], [ -80.203366968093505, 43.826805980591359 ], [ -80.2034140680409, 43.826267566469539 ], [ -80.204157761391357, 43.826301662609339 ], [ -80.204181307386833, 43.826032455507082 ], [ -80.205296843696544, 43.82608358955089 ], [ -80.205343924099552, 43.82554517508413 ], [ -80.205715766366083, 43.825562216946807 ], [ -80.205762842214028, 43.82502380266903 ], [ -80.206506520176049, 43.825057882076869 ], [ -80.206671252952674, 43.823173433750668 ] ] ] } },
{ "type": "Feature", "properties": { "SubId": 90010647, "DowSubId": 90011484, "RivSlope": -1.2345, "RivLength": -1.2345, "BasSlope": 0.82811319323527499, "BasAspect": 172.68542460906332, "BasArea": 47186549.455830999, "BkfWidth": 11.912551969300001, "BkfDepth": 0.36523059539899999, "Lake_Cat": 1, "HyLakeId": 9027, "LakeVol": 23.39, "LakeDepth": 2.0, "LakeArea": 11430000.0, "Laketype": 1, "Has_POI": 0, "MeanElev": 485.40536319910211, "FloodP_n": -1.2345, "Q_Mean": 1.7078502120126859, "Ch_n": -1.2345, "DrainArea": 47186549.455830999, "Strahler": 2, "Seg_ID": 21, "Seg_order": 1, "Max_DEM": -1.2345, "Min_DEM": -1.2345, "DA_Obs": 0.0, "DA_error": 0.0, "Obs_NM": null, "SRC_obs": null, "centroid_x": -80.439825289406528, "centroid_y": 43.942210057220052, "DA_Chn_L": 7318.394973, "DA_Slope": 0.35669602183, "DA_Chn_Slp": 0.0021358875736800001, "outletLat": 43.962931941199997, "outletLng": -80.403063110800005, "Region": "SW", "Sub_Reg": "02G", "rvhName": "sub90010647" }, "geometry": { "type": "Polygon", "coordinates": [ [ [ -80.403612919190465, 43.945252151507475 ], [ -80.403635536147675, 43.944982857994574 ], [ -80.403262823122304, 43.944966516162545 ], [ -80.403285441682172, 43.944697222825894 ], [ -80.402912730704102, 43.94468087975681 ], [ -80.402957970806767, 43.944142293526241 ], [ -80.4025852637009, 43.944125949306283 ], [ -80.40260788524364, 43.943856656412351 ], [ -80.400371658227741, 43.943758563824453 ], [ -80.400507448509131, 43.942142811455305 ], [ -80.400134755733902, 43.94212645857673 ], [ -80.40015738849371, 43.941857166917089 ], [ -80.398293937078392, 43.941775383109608 ], [ -80.398361861393852, 43.940967509964437 ], [ -80.397989177252455, 43.940951149492399 ], [ -80.398034462666118, 43.940412568019191 ], [ -80.397661782396568, 43.940396206396549 ], [ -80.397752357851914, 43.93931904487787 ], [ -80.398125030823039, 43.93933540615577 ], [ -80.398170313566354, 43.938796825765699 ], [ -80.3985429831109, 43.938813185548298 ], [ -80.398565622324242, 43.938543895402503 ], [ -80.398192954604227, 43.938527535706065 ], [ -80.398238236012446, 43.937988955857705 ], [ -80.397492908537956, 43.937956232840747 ], [ -80.397538196353977, 43.937417653698333 ], [ -80.397910856331052, 43.937434015695885 ], [ -80.397933498080832, 43.937164726173954 ], [ -80.398306156455988, 43.937181086762429 ], [ -80.398328796158836, 43.936911797244619 ], [ -80.398701452932045, 43.936928156424031 ], [ -80.398769365232468, 43.936120288154079 ], [ -80.398396713932414, 43.93610392923317 ], [ -80.398441991335702, 43.935565351010553 ], [ -80.398069343906798, 43.935548990939139 ], [ -80.39809198409904, 43.935279702049492 ], [ -80.398464629703639, 43.935296062034766 ], [ -80.398487267849092, 43.935026773149339 ], [ -80.398859911851872, 43.935043131725564 ], [ -80.398882547950578, 43.934773842844329 ], [ -80.400000475820718, 43.934822910377477 ], [ -80.400045736405204, 43.934284332369224 ], [ -80.40041837582487, 43.934300685395662 ], [ -80.400486259561063, 43.933492818802691 ], [ -80.401231528122111, 43.933525520370331 ], [ -80.401254151941089, 43.933256231514541 ], [ -80.401626784730908, 43.933272580228042 ], [ -80.401649406503367, 43.933003291376536 ], [ -80.402022037691324, 43.933019638681131 ], [ -80.402067276921031, 43.932481061077098 ], [ -80.40243990468295, 43.932497406886732 ], [ -80.402485139375287, 43.931958829472237 ], [ -80.401739891370198, 43.931926136874687 ], [ -80.401762512031169, 43.931656848475264 ], [ -80.402135134098501, 43.931673195349333 ], [ -80.402180371105459, 43.931134618649615 ], [ -80.401807752686281, 43.931118271947767 ], [ -80.401875612001817, 43.930310407834881 ], [ -80.402248224948963, 43.930326754278425 ], [ -80.402316076792189, 43.929518890721397 ], [ -80.401943469316947, 43.929502544536142 ], [ -80.40196608797747, 43.929233256950859 ], [ -80.401220877341657, 43.929200560784466 ], [ -80.401266121291528, 43.928661986229777 ], [ -80.400520918840442, 43.928629285117097 ], [ -80.40054354412969, 43.928359998147727 ], [ -80.40017094506149, 43.928343645693509 ], [ -80.400193571952258, 43.92807435890078 ], [ -80.399448378130558, 43.92804165019659 ], [ -80.399471008446625, 43.927772363666634 ], [ -80.399098413693125, 43.927756007416725 ], [ -80.399143677305787, 43.927217434800667 ], [ -80.398771086422215, 43.927201077400397 ], [ -80.398793719718753, 43.92693179131431 ], [ -80.396930777756069, 43.926849984904301 ], [ -80.396908135340809, 43.927119270559508 ], [ -80.396535545791892, 43.927102905223428 ], [ -80.396490256646402, 43.927641476632971 ], [ -80.39611766367247, 43.927625109801845 ], [ -80.396072369989341, 43.928163681400989 ], [ -80.395699773590337, 43.928147313074781 ], [ -80.395677124591145, 43.928416598923867 ], [ -80.395304526590877, 43.928400229188796 ], [ -80.395281875545308, 43.928669515042159 ], [ -80.394536676564826, 43.928636771431542 ], [ -80.394559331258066, 43.928367485750663 ], [ -80.394186733925565, 43.928351112047608 ], [ -80.394209390219999, 43.928081826543433 ], [ -80.393836794933932, 43.92806545160397 ], [ -80.393859452829545, 43.927796166276551 ], [ -80.392741673778559, 43.927747033781046 ], [ -80.392764336922824, 43.9274777488029 ], [ -80.392391746174937, 43.927461368745398 ], [ -80.392369081206937, 43.927730653637255 ], [ -80.390506121689654, 43.92764873307879 ], [ -80.390483447380106, 43.927918017629686 ], [ -80.389738261485121, 43.927885239975225 ], [ -80.389715583305232, 43.928154524443926 ], [ -80.389342988868222, 43.928138133546412 ], [ -80.389365668871889, 43.927868849164042 ], [ -80.388620484313975, 43.927836063573778 ], [ -80.388643167742259, 43.927566779454587 ], [ -80.387897987723392, 43.927533988746511 ], [ -80.387920674576222, 43.927264704890511 ], [ -80.387175499096443, 43.927231909064695 ], [ -80.387220879428156, 43.926693341969667 ], [ -80.387593463409203, 43.926709740371145 ], [ -80.387684214102777, 43.925632606921688 ], [ -80.387311637416232, 43.925616208865705 ], [ -80.387425079885418, 43.924269794522559 ], [ -80.387052512539555, 43.924253395575889 ], [ -80.387097891613777, 43.923714830645196 ], [ -80.387470455312652, 43.923731229419104 ], [ -80.387583889979894, 43.922384818245426 ], [ -80.38795644478455, 43.922401215265005 ], [ -80.387979129225954, 43.922131933215631 ], [ -80.386861470950748, 43.922082738448587 ], [ -80.386906850104964, 43.921544175139893 ], [ -80.387279398993783, 43.921560574545296 ], [ -80.387347460583328, 43.92075273000264 ], [ -80.386974917164409, 43.920736330856393 ], [ -80.386997605738401, 43.920467049609798 ], [ -80.386625064365631, 43.920450649227455 ], [ -80.386670444491372, 43.919912087178901 ], [ -80.386297906987991, 43.919895685646893 ], [ -80.386388671857176, 43.91881856298302 ], [ -80.386761202067873, 43.918834964169484 ], [ -80.386783890904724, 43.918565683643742 ], [ -80.387156419515193, 43.918582083421427 ], [ -80.387179106306036, 43.91831280289999 ], [ -80.387551633316264, 43.918329201268904 ], [ -80.387528948348532, 43.918598481876685 ], [ -80.387901477404739, 43.918614879009624 ], [ -80.387878794037292, 43.918884159794466 ], [ -80.388251325139478, 43.918900555691337 ], [ -80.388228643372344, 43.919169836653182 ], [ -80.388973709891545, 43.919202624652435 ], [ -80.388951031547933, 43.919471905877643 ], [ -80.391186247391346, 43.919570238655403 ], [ -80.391208914795769, 43.919300956912295 ], [ -80.391581449726004, 43.919317340993807 ], [ -80.391604115084561, 43.91904805925504 ], [ -80.392349181966651, 43.919080823278229 ], [ -80.392394504723072, 43.918542259727573 ], [ -80.392021974817041, 43.918525878549744 ], [ -80.39204463768445, 43.918256596996692 ], [ -80.391299582186619, 43.918223830846387 ], [ -80.391412911414889, 43.916877425304378 ], [ -80.391785429937045, 43.916893808609267 ], [ -80.391808093291672, 43.916624527686679 ], [ -80.392553127357857, 43.916657290156813 ], [ -80.392575786843793, 43.916388009152371 ], [ -80.392948302387808, 43.916404388317652 ], [ -80.393061587363675, 43.915057984225044 ], [ -80.39343409401539, 43.915074361636691 ], [ -80.393456748519952, 43.914805081004118 ], [ -80.394946770060457, 43.914870577082482 ], [ -80.395014710364094, 43.914062734694404 ], [ -80.395387210836759, 43.914079105149604 ], [ -80.395409855336837, 43.913809824448911 ], [ -80.395782354209089, 43.913826193495531 ], [ -80.39580499666387, 43.913556912799429 ], [ -80.396177493935696, 43.913573280437575 ], [ -80.396200134345236, 43.91330399974602 ], [ -80.397317622026577, 43.913353094468242 ], [ -80.397294987085573, 43.913622375418285 ], [ -80.397667485246927, 43.913638737767371 ], [ -80.397690118365077, 43.913369456731047 ], [ -80.39955260339228, 43.913451248211103 ], [ -80.399575227173884, 43.91318196683477 ], [ -80.399947723023288, 43.9131983210778 ], [ -80.399970344759836, 43.91292903970615 ], [ -80.40034283900863, 43.912945392540763 ], [ -80.400410697416532, 43.912137548712224 ], [ -80.401155675643864, 43.91217024989799 ], [ -80.40122352111554, 43.911362406370152 ], [ -80.402713458362811, 43.911427791841326 ], [ -80.402781279962682, 43.910619948097967 ], [ -80.40352623898255, 43.910652632383666 ], [ -80.403548842092988, 43.910383351145441 ], [ -80.40429379835561, 43.910416029970165 ], [ -80.404271198890527, 43.910685311380497 ], [ -80.405388640417442, 43.910734319959111 ], [ -80.405411234414416, 43.910465038290617 ], [ -80.405783713544594, 43.910481371752994 ], [ -80.405806305496952, 43.910212090089367 ], [ -80.406178783026363, 43.910228422143483 ], [ -80.406269141326092, 43.909151296053672 ], [ -80.405896671087262, 43.909134964343608 ], [ -80.405941852550967, 43.908596402016087 ], [ -80.405569386179238, 43.908580069155903 ], [ -80.405591978400793, 43.908310788214521 ], [ -80.405219514073508, 43.908294454118192 ], [ -80.405242107895717, 43.908025173353764 ], [ -80.404869645612891, 43.908008838021281 ], [ -80.404914836236529, 43.907470276937261 ], [ -80.405659753734028, 43.907502945935889 ], [ -80.405682345067987, 43.907233665358191 ], [ -80.406799717510964, 43.907282658682014 ], [ -80.406822303155565, 43.90701337793719 ], [ -80.405704936180001, 43.906964384871422 ], [ -80.405727527070127, 43.906695104475595 ], [ -80.405355073677825, 43.906678770895461 ], [ -80.405377666168519, 43.906409490676587 ], [ -80.405005214820548, 43.90639315586035 ], [ -80.405050402781001, 43.905854595867567 ], [ -80.404677955299761, 43.905838259901259 ], [ -80.404700550769476, 43.905568980127384 ], [ -80.405072996428331, 43.905585316007624 ], [ -80.405163368798611, 43.904508197477462 ], [ -80.404790930429044, 43.904491861941416 ], [ -80.404836118927292, 43.903953303394317 ], [ -80.404463684424201, 43.903936966708301 ], [ -80.404554066046643, 43.902859851050323 ], [ -80.40529892069695, 43.902892522412074 ], [ -80.405344102887966, 43.902353964785028 ], [ -80.406833800273631, 43.902419290956097 ], [ -80.406788632660025, 43.902957849271267 ], [ -80.407161061205386, 43.90297417768101 ], [ -80.407138478888072, 43.903243457061137 ], [ -80.407510909477423, 43.903259784234841 ], [ -80.407443166661466, 43.904067623179273 ], [ -80.407070730605341, 43.9040512957476 ], [ -80.407048147400843, 43.904320575491766 ], [ -80.407420585279226, 43.904336903009437 ], [ -80.407398003675212, 43.904606182930557 ], [ -80.409260205505277, 43.904687801117895 ], [ -80.409282777997731, 43.904418520766825 ], [ -80.40965521720662, 43.904434840352096 ], [ -80.409677787655042, 43.90416556000612 ], [ -80.410795101144799, 43.904214510571627 ], [ -80.410840230442929, 43.903675949637076 ], [ -80.411212665071545, 43.903692263676248 ], [ -80.411235227565911, 43.903422983259574 ], [ -80.410862794759552, 43.903406669306349 ], [ -80.410930486379726, 43.902598828860164 ], [ -80.410558059261675, 43.902582513842624 ], [ -80.410625754353887, 43.901774674473614 ], [ -80.410998176005407, 43.901790989233326 ], [ -80.411020738770773, 43.901521709539765 ], [ -80.411393158821753, 43.901538022891643 ], [ -80.411415719543399, 43.901268743203296 ], [ -80.411788137993824, 43.901285055147198 ], [ -80.411810696671779, 43.901015775463996 ], [ -80.412927947886033, 43.901064703106009 ], [ -80.412950500876136, 43.900795423256184 ], [ -80.414067748617583, 43.90084433874263 ], [ -80.414022653348567, 43.901382899048635 ], [ -80.414395073349553, 43.901399201738535 ], [ -80.414417619272655, 43.901129921454128 ], [ -80.415907294202157, 43.901195118650293 ], [ -80.415884755567618, 43.901464399278083 ], [ -80.416257176675586, 43.901480695357947 ], [ -80.416234639641857, 43.901749976162648 ], [ -80.417351909760271, 43.901798856727623 ], [ -80.417374441327482, 43.901529575665478 ], [ -80.417746863320716, 43.901545866457283 ], [ -80.417836980088154, 43.900468742776326 ], [ -80.417464565383455, 43.900452452327713 ], [ -80.417509626083756, 43.899913891205401 ], [ -80.417137215244495, 43.89989759960639 ], [ -80.417182278703805, 43.899359039020062 ], [ -80.417554685898978, 43.899375330447469 ], [ -80.417577215474708, 43.899106050205198 ], [ -80.417949621069113, 43.899122340224821 ], [ -80.41797214860155, 43.898853059987829 ], [ -80.418344552595215, 43.898869348599732 ], [ -80.418367078084444, 43.898600068368125 ], [ -80.419111883091446, 43.898632641454462 ], [ -80.419089361246208, 43.898901921857643 ], [ -80.419461765903492, 43.898918206503659 ], [ -80.419439245659106, 43.899187487083736 ], [ -80.42241850545426, 43.899317717347472 ], [ -80.422395999565055, 43.899586998704564 ], [ -80.42276840985636, 43.899603271624407 ], [ -80.422745905568178, 43.899872553158339 ], [ -80.425725210430329, 43.900002689611107 ], [ -80.425747700141741, 43.899733407391757 ], [ -80.426120112421557, 43.89974966841374 ], [ -80.426142600089989, 43.899480386199876 ], [ -80.427632244129185, 43.899545416725431 ], [ -80.427609763749118, 43.899814699281812 ], [ -80.428354590737712, 43.899847206783846 ], [ -80.428332113781124, 43.900116489602624 ], [ -80.429449361385977, 43.900165241197548 ], [ -80.429426889675099, 43.900434524364179 ], [ -80.429799307806974, 43.900450772337365 ], [ -80.42977683769756, 43.900720055680715 ], [ -80.430894098883755, 43.900768791924925 ], [ -80.430871634020278, 43.901038075616064 ], [ -80.431244056679162, 43.901054318472305 ], [ -80.431221593417263, 43.901323602340128 ], [ -80.431594018119014, 43.90133984395986 ], [ -80.431571556458735, 43.901609128004289 ], [ -80.432316410168539, 43.901641607448759 ], [ -80.432293951932166, 43.901910891755392 ], [ -80.433038810168838, 43.901943366082676 ], [ -80.4330163553565, 43.902212650651464 ], [ -80.433761218119898, 43.902245119861497 ], [ -80.433738766731636, 43.902514404692397 ], [ -80.434111200266457, 43.902530637399806 ], [ -80.434088750480029, 43.90279992240729 ], [ -80.434461186057675, 43.902816153878142 ], [ -80.43443873787308, 43.903085439062188 ], [ -80.43518361333453, 43.903117898208535 ], [ -80.435138723593482, 43.903656469191858 ], [ -80.43588360722633, 43.90368892339167 ], [ -80.435861165669976, 43.903958209190868 ], [ -80.436233609639473, 43.903974434393078 ], [ -80.436211169685151, 43.904243720368797 ], [ -80.436583615697501, 43.904259944334328 ], [ -80.43656117734524, 43.904529230486574 ], [ -80.436933625400442, 43.904545453215434 ], [ -80.436911188650271, 43.904814739544179 ], [ -80.439145892543792, 43.904912048664926 ], [ -80.439123466508363, 43.905181335597263 ], [ -80.439868373213642, 43.905213761564433 ], [ -80.439845950603029, 43.905483048758612 ], [ -80.440590861834394, 43.905515469607913 ], [ -80.440568442648683, 43.905784757063877 ], [ -80.440940900417274, 43.905800965590657 ], [ -80.440918482833936, 43.906070253223035 ], [ -80.443898167488911, 43.906199874521334 ], [ -80.443786149175892, 43.907546317462383 ], [ -80.444158619861597, 43.907562514601395 ], [ -80.444091411701223, 43.908370381714164 ], [ -80.444463888075234, 43.908386577786821 ], [ -80.444419085180272, 43.908925156487634 ], [ -80.444791565419919, 43.908941351408643 ], [ -80.444769165465203, 43.909210640980838 ], [ -80.445886612972828, 43.909259218066097 ], [ -80.445841823340402, 43.909797797995139 ], [ -80.446214309928664, 43.909813987882892 ], [ -80.446191916605372, 43.910083278069131 ], [ -80.448799341641816, 43.910196570855788 ], [ -80.448821722204769, 43.9099272800728 ], [ -80.449566699119686, 43.909959637369212 ], [ -80.449589075816974, 43.909690346506771 ], [ -80.451079024992765, 43.909755044891121 ], [ -80.451056655587124, 43.910024336094338 ], [ -80.451429145253385, 43.910040507469851 ], [ -80.45127256602197, 43.911925549035807 ], [ -80.451645068668924, 43.911941719685203 ], [ -80.451622701151408, 43.912211011786468 ], [ -80.451250196681386, 43.9121948410519 ], [ -80.451227827121045, 43.912464133158934 ], [ -80.451600333414149, 43.912480303978676 ], [ -80.451577965457162, 43.912749596261804 ], [ -80.453068000119202, 43.912814266657691 ], [ -80.453045639234986, 43.913083559372367 ], [ -80.454908196620636, 43.913164368039119 ], [ -80.454885844632557, 43.913433661270361 ], [ -80.456003387168579, 43.913482130856941 ], [ -80.455981040430487, 43.913751424434409 ], [ -80.457471107511338, 43.913816032376317 ], [ -80.457448767846614, 43.914085326385063 ], [ -80.457821286988761, 43.914101475149536 ], [ -80.457798948927802, 43.914370769334226 ], [ -80.458171470112646, 43.914386916861325 ], [ -80.458149133655496, 43.914656211221967 ], [ -80.463364478801878, 43.914882138934694 ], [ -80.46329754469356, 43.915690026132161 ], [ -80.463670076461426, 43.915706154162322 ], [ -80.463625456273377, 43.916244746251643 ], [ -80.464743063832387, 43.916293122916898 ], [ -80.464720758879849, 43.916562419352715 ], [ -80.465093296994567, 43.916578542347715 ], [ -80.465070993646364, 43.916847838959342 ], [ -80.465443533803665, 43.916863960716732 ], [ -80.465398930096868, 43.917402554382491 ], [ -80.465771474120231, 43.917418674987154 ], [ -80.465749173761665, 43.917687972041222 ], [ -80.466121719827655, 43.917704091408297 ], [ -80.466099421073537, 43.917973388638138 ], [ -80.466471969182138, 43.917989506767562 ], [ -80.466449672032496, 43.918258804173156 ], [ -80.466822222183723, 43.918274921064928 ], [ -80.466799926638586, 43.918544218646282 ], [ -80.467172478832438, 43.918560334300317 ], [ -80.467127890732215, 43.919098929905324 ], [ -80.467500446792329, 43.919115044406581 ], [ -80.467478154237298, 43.919384342430234 ], [ -80.467850712340066, 43.919400455693832 ], [ -80.467806130220254, 43.919939052183295 ], [ -80.468178692189355, 43.919955164294024 ], [ -80.4681341128409, 43.920493761316507 ], [ -80.467761547224384, 43.920477649036044 ], [ -80.467739255397902, 43.92074694759863 ], [ -80.46699412117448, 43.920714718900086 ], [ -80.466904937088159, 43.921791913379373 ], [ -80.467277511385419, 43.921808028729494 ], [ -80.467099147288067, 43.923962422724252 ], [ -80.466726558399785, 43.923946306695022 ], [ -80.466681961536764, 43.924484905931401 ], [ -80.467054554072988, 43.924501022130414 ], [ -80.467032257136808, 43.924770321969568 ], [ -80.468150041531885, 43.92481866288496 ], [ -80.468127749848662, 43.925087963069494 ], [ -80.468500346909138, 43.925104074147335 ], [ -80.468411185282122, 43.926181276132048 ], [ -80.468038580925352, 43.926165164714725 ], [ -80.467904820968727, 43.927780969903317 ], [ -80.467532205886101, 43.927764856653994 ], [ -80.467509909969053, 43.92803415775122 ], [ -80.467137293281311, 43.92801804309417 ], [ -80.467114995320927, 43.928287344197173 ], [ -80.466742377028083, 43.928271228132481 ], [ -80.466697776801482, 43.928809830440656 ], [ -80.46707039874282, 43.928825946675175 ], [ -80.467025801288216, 43.929364549515697 ], [ -80.46739842709728, 43.929380664597154 ], [ -80.467331534744929, 43.930188569792293 ], [ -80.467704166246136, 43.930204683805528 ], [ -80.46768187018148, 43.93047398580336 ], [ -80.468054503726165, 43.930490098578616 ], [ -80.468009914588336, 43.931028703015834 ], [ -80.468755189632574, 43.931060924937157 ], [ -80.468732898383905, 43.931330227461402 ], [ -80.469105538059054, 43.931346336522495 ], [ -80.468904923383704, 43.933770064080512 ], [ -80.469277579698698, 43.933786172582437 ], [ -80.469210709670975, 43.934594083652968 ], [ -80.469956033905987, 43.934626297196978 ], [ -80.469933747107973, 43.934895601237933 ], [ -80.470306411378729, 43.93491170611027 ], [ -80.470261840775052, 43.935450314633364 ], [ -80.470634508914259, 43.935466418352341 ], [ -80.470567656840331, 43.936274332070354 ], [ -80.470194983226847, 43.936258228096861 ], [ -80.4701726969394, 43.936527532765695 ], [ -80.469800021720161, 43.936511427384318 ], [ -80.469710867080636, 43.937588646625166 ], [ -80.469338184781122, 43.937572539581367 ], [ -80.469271311026588, 43.938380454707406 ], [ -80.469643998800819, 43.938396562005742 ], [ -80.46962170893606, 43.938665867313517 ], [ -80.470739779047889, 43.938714181524475 ], [ -80.470717494438915, 43.938983487177211 ], [ -80.471462879258553, 43.939015690205323 ], [ -80.471440598080534, 43.939284996118104 ], [ -80.47181329264383, 43.939301095732333 ], [ -80.471791013071808, 43.939570401820419 ], [ -80.472163709679094, 43.939586500196278 ], [ -80.47214143171314, 43.939855806459569 ], [ -80.472514130364402, 43.939871903597108 ], [ -80.472469577425699, 43.940410516564583 ], [ -80.473214982685306, 43.940442707209428 ], [ -80.473192709537685, 43.940712013998379 ], [ -80.473565414320987, 43.940728107420853 ], [ -80.473543142779548, 43.940997414384974 ], [ -80.47428855665305, 43.941029597429974 ], [ -80.474266288542978, 43.941298904654055 ], [ -80.477993389291441, 43.941459741336075 ], [ -80.477971139214205, 43.941729049497823 ], [ -80.478343852317352, 43.941745125973206 ], [ -80.478277106249095, 43.942553051254841 ], [ -80.479395263297647, 43.942601273503882 ], [ -80.47937301964663, 43.94287058236592 ], [ -80.479745740925395, 43.94288665388715 ], [ -80.479701256618043, 43.943425272051677 ], [ -80.480073981766026, 43.943441342418993 ], [ -80.480051741109747, 43.943710651721481 ], [ -80.480424468301663, 43.943726720850201 ], [ -80.480402229252107, 43.943996030327718 ], [ -80.480774958487984, 43.944012098217826 ], [ -80.480752721045192, 43.944281407870342 ], [ -80.481498183823447, 43.944313539850015 ], [ -80.481475949812861, 43.944582849762178 ], [ -80.48184868335521, 43.944598913851763 ], [ -80.481804218329216, 43.945137534116348 ], [ -80.481431481136028, 43.94512146985749 ], [ -80.481387011584914, 43.945660090314213 ], [ -80.481014270959349, 43.94564402456286 ], [ -80.480992034030479, 43.945913334842089 ], [ -80.480619291798035, 43.945897267682774 ], [ -80.480574813633481, 43.946435888342904 ], [ -80.481320305619022, 43.946468021676786 ], [ -80.481298069859903, 43.946737332311613 ], [ -80.481670818006094, 43.946753397078176 ], [ -80.481648583853968, 43.947022707887967 ], [ -80.482021334044248, 43.947038771415826 ], [ -80.481999101499127, 43.947308082400518 ], [ -80.482371853733568, 43.947324144689652 ], [ -80.482349622795496, 43.94759345584928 ], [ -80.482722377074083, 43.947609516899661 ], [ -80.482700147743088, 43.947878828234195 ], [ -80.483072904065793, 43.947894888045838 ], [ -80.483050676341932, 43.948164199555244 ], [ -80.48379619329414, 43.948196315377615 ], [ -80.483773969003096, 43.948465627146497 ], [ -80.484892251546924, 43.948513791208455 ], [ -80.484870032514479, 43.948783103321361 ], [ -80.485242795624984, 43.948799155446451 ], [ -80.485198360556268, 43.949337780112188 ], [ -80.485571127536645, 43.949353831083016 ], [ -80.485548911500416, 43.94962314363584 ], [ -80.485921680524939, 43.949639193367815 ], [ -80.485899466096086, 43.94990850609544 ], [ -80.486272237164769, 43.949924554588534 ], [ -80.486250024343349, 43.950193867490945 ], [ -80.486995570787371, 43.950225960675944 ], [ -80.486973361399194, 43.950495273837731 ], [ -80.487346136774562, 43.950511318529564 ], [ -80.487323928993902, 43.950780631866095 ], [ -80.487696706413416, 43.950796675319026 ], [ -80.487674500240274, 43.951065988830322 ], [ -80.488047279703977, 43.951082031044301 ], [ -80.488025075138424, 43.951351344730348 ], [ -80.488770638372429, 43.95138342535693 ], [ -80.488748437240417, 43.951652739302226 ], [ -80.489121221010706, 43.951668777714794 ], [ -80.489099021486339, 43.951938091834805 ], [ -80.489471807300816, 43.951954129008392 ], [ -80.489449609384167, 43.952223443303069 ], [ -80.489822397242818, 43.952239479237669 ], [ -80.489800200933914, 43.952508793707075 ], [ -80.490172990836754, 43.952524828402638 ], [ -80.490150796135623, 43.952794143046724 ], [ -80.490523588082652, 43.952810176503249 ], [ -80.490412620434114, 43.954156751499077 ], [ -80.490785421729598, 43.954172784054379 ], [ -80.49076322937141, 43.95444209940856 ], [ -80.491136032711182, 43.954458130724746 ], [ -80.491113841960924, 43.954727446253607 ], [ -80.491486647344999, 43.954743476330712 ], [ -80.491464458202728, 43.955012792034168 ], [ -80.491091650992502, 43.954996761872614 ], [ -80.491002884937046, 43.95607402525026 ], [ -80.491375699452036, 43.956090055749591 ], [ -80.491175979499772, 43.958513904382393 ], [ -80.491548810669727, 43.958529934318136 ], [ -80.491460047879201, 43.959607203057736 ], [ -80.491087209403545, 43.959591172784201 ], [ -80.490998435815925, 43.960668442627217 ], [ -80.49137128159758, 43.960684473238551 ], [ -80.491349089481659, 43.960953791008947 ], [ -80.490976241873469, 43.960937760313122 ], [ -80.490865268887731, 43.96228435009327 ], [ -80.491238125628897, 43.962300381211321 ], [ -80.491193738560241, 43.962839017922484 ], [ -80.49156659917297, 43.962855047885675 ], [ -80.491522214884782, 43.963393685125766 ], [ -80.491895079369115, 43.963409713934062 ], [ -80.491761932227789, 43.965025628320873 ], [ -80.491389056782808, 43.96500959900591 ], [ -80.491366863002, 43.965278918300847 ], [ -80.490993985948435, 43.965262887577602 ], [ -80.490927397815938, 43.966070845748824 ], [ -80.490181633402429, 43.966038779824025 ], [ -80.490159433267934, 43.966308099225415 ], [ -80.489786549561742, 43.966292064192764 ], [ -80.489764347382035, 43.966561383599597 ], [ -80.489018576970821, 43.966529309393756 ], [ -80.488996370918926, 43.966798628721556 ], [ -80.488623484213946, 43.966782589548345 ], [ -80.488579067801155, 43.967321228304733 ], [ -80.488206177660686, 43.967305187638637 ], [ -80.488183967299719, 43.967574507067177 ], [ -80.487065292707953, 43.96752637687208 ], [ -80.487043076647637, 43.967795696137017 ], [ -80.486297291024826, 43.967763602551727 ], [ -80.486252850940772, 43.968302241013113 ], [ -80.485879954803139, 43.968286192065555 ], [ -80.485835510190967, 43.968824830717388 ], [ -80.4850897112632, 43.968792728512305 ], [ -80.485067484975204, 43.969062047803938 ], [ -80.483202982345887, 43.968981768699948 ], [ -80.483180746704022, 43.969251087658513 ], [ -80.482807845007045, 43.969235027781373 ], [ -80.482785607319443, 43.969504346745175 ], [ -80.482412704014095, 43.969488285459512 ], [ -80.482390464280726, 43.969757604428537 ], [ -80.481644654671982, 43.96972547771616 ], [ -80.481622411065715, 43.969994796605825 ], [ -80.481249504762374, 43.969978731179097 ], [ -80.481227259110241, 43.970248050073977 ], [ -80.480481443505667, 43.970215915079422 ], [ -80.480414694273833, 43.971023871795161 ], [ -80.479668868581683, 43.970991730996886 ], [ -80.479646614745789, 43.971261049912464 ], [ -80.47927370040081, 43.971244977442709 ], [ -80.47925144451888, 43.971514296363431 ], [ -80.478878528565588, 43.971498222485046 ], [ -80.478856270637579, 43.971767541410898 ], [ -80.478483353076015, 43.971751466123841 ], [ -80.478505612831228, 43.971482147282671 ], [ -80.477386866941629, 43.97143391373173 ], [ -80.477364601704863, 43.971703232318802 ], [ -80.476991685019073, 43.971687151735907 ], [ -80.47694715023421, 43.972225789009975 ], [ -80.476574230113002, 43.972209706933626 ], [ -80.476551960564848, 43.972479025620594 ], [ -80.476179038835411, 43.972462942135536 ], [ -80.476156767241022, 43.972732260827613 ], [ -80.475783843903372, 43.97271617593379 ], [ -80.475761570262677, 43.972985494630912 ], [ -80.475015720590065, 43.972953320701826 ], [ -80.474993443075761, 43.973222639319204 ], [ -80.474620516740814, 43.973206550283905 ], [ -80.474509116746262, 43.974553144293317 ], [ -80.474882052217808, 43.974569233752433 ], [ -80.4748597733889, 43.974838552908331 ], [ -80.47448683608998, 43.974822463364447 ], [ -80.474375429521501, 43.976169060065956 ], [ -80.47474837595756, 43.976185150033665 ], [ -80.474681534869205, 43.97699310938539 ], [ -80.475054487006901, 43.977009198283255 ], [ -80.475032208033383, 43.977278518331403 ], [ -80.475778116621214, 43.977310692324323 ], [ -80.475689013156526, 43.978387974091376 ], [ -80.475316051442704, 43.978371887417943 ], [ -80.47522693716175, 43.979449170280624 ], [ -80.47597287542979, 43.97948134298133 ], [ -80.475950599967121, 43.979750664090609 ], [ -80.47632357125751, 43.97976674853944 ], [ -80.476301297403495, 43.9800360698231 ], [ -80.476674270740688, 43.980052153032467 ], [ -80.476651998495328, 43.98032147449053 ], [ -80.477397949482437, 43.980353637106177 ], [ -80.477375680673546, 43.980622958823282 ], [ -80.477748658323435, 43.98063903822954 ], [ -80.477681856065956, 43.981447004172701 ], [ -80.476935890018339, 43.981414843527695 ], [ -80.476913618505421, 43.981684165518551 ], [ -80.475794665593526, 43.981635914365178 ], [ -80.475816942589958, 43.98136659262854 ], [ -80.475070978733299, 43.981334418741341 ], [ -80.475093259166215, 43.981065097263809 ], [ -80.473974320508333, 43.981016826755699 ], [ -80.473952034591974, 43.981286147978928 ], [ -80.473579053649942, 43.981270055076358 ], [ -80.473601341394101, 43.981000733937911 ], [ -80.473228362499071, 43.980984639795928 ], [ -80.473250651851785, 43.980715318831884 ], [ -80.471758745775404, 43.980650929361147 ], [ -80.471736449111631, 43.980920249985964 ], [ -80.470990493733709, 43.980888047135778 ], [ -80.470968193195048, 43.981157367680467 ], [ -80.469849256290033, 43.981109053219285 ], [ -80.469826950048656, 43.981378373599107 ], [ -80.469080989553419, 43.981346157167543 ], [ -80.468991747771213, 43.982423438903787 ], [ -80.468618760541474, 43.982407328362207 ], [ -80.468596447719435, 43.982676648935325 ], [ -80.46785047026269, 43.982644423709701 ], [ -80.467828153565392, 43.982913744202598 ], [ -80.467455163338414, 43.982897629518497 ], [ -80.467432844593716, 43.983166950016106 ], [ -80.465940878569796, 43.983102477697791 ], [ -80.465918552293971, 43.983371797945239 ], [ -80.465545559509081, 43.983355676470111 ], [ -80.465523231185713, 43.983624996722142 ], [ -80.465150236792553, 43.983608873837852 ], [ -80.46508324502085, 43.984416834876434 ], [ -80.46471024536352, 43.984400710413027 ], [ -80.464687912505653, 43.984670030853302 ], [ -80.463941910194123, 43.984637777783753 ], [ -80.463964246707931, 43.984368457513391 ], [ -80.463591247709687, 43.984352329077169 ], [ -80.463613585831723, 43.984083008981301 ], [ -80.463240588881163, 43.984066879305772 ], [ -80.463262928611385, 43.983797559384399 ], [ -80.462143944562058, 43.983749162667266 ], [ -80.462166289556237, 43.983479843090407 ], [ -80.461420304944753, 43.98344757216109 ], [ -80.461397956294775, 43.98371689156793 ], [ -80.461024962490896, 43.983700754031901 ], [ -80.461002611793162, 43.983970073443267 ], [ -80.460629616381226, 43.983953934497954 ], [ -80.460607263635737, 43.984223253913811 ], [ -80.460980260875601, 43.984239392944168 ], [ -80.46091320680371, 43.985047351983908 ], [ -80.460540204079976, 43.98503121269848 ], [ -80.460517850454977, 43.985300532472323 ], [ -80.459771842011193, 43.985268249758604 ], [ -80.459749484510269, 43.985537569451893 ], [ -80.459376478790276, 43.985521426023546 ], [ -80.45933175947259, 43.986060065508511 ], [ -80.458958750316484, 43.98604392058575 ], [ -80.458936388499666, 43.986313240377378 ], [ -80.458563377735487, 43.986297094045263 ], [ -80.458541013870615, 43.986566413841295 ], [ -80.458168001498379, 43.986550266099798 ], [ -80.458145635585453, 43.986819585900221 ], [ -80.457399607844835, 43.986787286274108 ], [ -80.457556190207526, 43.984902050741169 ], [ -80.457183189463422, 43.984885899537275 ], [ -80.457227928956883, 43.984347261789111 ], [ -80.45648193544055, 43.984314955748935 ], [ -80.456526681365432, 43.983776318699185 ], [ -80.456153688593147, 43.983760163862925 ], [ -80.45619843729348, 43.983221527341456 ], [ -80.455079471264312, 43.983173055398019 ], [ -80.455124230051197, 43.982634419745366 ], [ -80.454751245470675, 43.982618259952723 ], [ -80.45470648302819, 43.983156895435108 ], [ -80.453960507216365, 43.983124571536614 ], [ -80.453870965066699, 43.984201842894421 ], [ -80.453497970179669, 43.984185678618239 ], [ -80.453520357875277, 43.983916360729687 ], [ -80.453147365036315, 43.983900195214396 ], [ -80.453169754339541, 43.983630877500488 ], [ -80.452423772978108, 43.9835985426676 ], [ -80.452446165716751, 43.983329225213566 ], [ -80.451700188892019, 43.983296885254141 ], [ -80.45165539588308, 43.983835519910954 ], [ -80.450536421331307, 43.983786999528995 ], [ -80.4505140190128, 43.98405631673603 ], [ -80.450141026108398, 43.984040140541673 ], [ -80.450073812347085, 43.984848092444111 ], [ -80.44970081417938, 43.984831914669847 ], [ -80.449678407323589, 43.985101232064395 ], [ -80.449305407548408, 43.985085052880656 ], [ -80.449282998644279, 43.985354370279424 ], [ -80.448909997261595, 43.985338189686203 ], [ -80.448887586309084, 43.985607507089171 ], [ -80.44776857799998, 43.98555895710814 ], [ -80.447790994436303, 43.985289639960932 ], [ -80.447044993655282, 43.985257266856124 ], [ -80.447067413526923, 43.984987949968918 ], [ -80.446321417283869, 43.9849555717377 ], [ -80.446343840590757, 43.984686255110461 ], [ -80.445597848885754, 43.984653871752897 ], [ -80.445642702149243, 43.98411523910822 ], [ -80.444896718638034, 43.984082850794927 ], [ -80.444919148594536, 43.983813534777426 ], [ -80.443800180465956, 43.983764942631829 ], [ -80.443867485461709, 43.982956995884308 ], [ -80.443121518779336, 43.982924595011596 ], [ -80.443143956992017, 43.98265527977879 ], [ -80.441652033586806, 43.982590462484652 ], [ -80.441674478889624, 43.982321147682825 ], [ -80.441301500417921, 43.982304940134235 ], [ -80.441323947327646, 43.982035625507287 ], [ -80.44095097090441, 43.982019416719893 ], [ -80.440973419421013, 43.981750102267888 ], [ -80.440227470892282, 43.981717680891506 ], [ -80.440272374573567, 43.981179052597589 ], [ -80.438407525392918, 43.981097976838321 ], [ -80.438429986040276, 43.98082866325278 ], [ -80.438057018694408, 43.980812444213981 ], [ -80.438079480948403, 43.980543130803412 ], [ -80.437333550574621, 43.980510688924369 ], [ -80.437356016262754, 43.980241375774249 ], [ -80.436983053234854, 43.980225152934032 ], [ -80.437027987603258, 43.979686527073348 ], [ -80.435536152321632, 43.979621623155303 ], [ -80.435558626484251, 43.979352310701216 ], [ -80.435185670043879, 43.979336081497003 ], [ -80.43532052134222, 43.977720209166272 ], [ -80.436439358433148, 43.977768891267893 ], [ -80.436461827393828, 43.977499579269832 ], [ -80.437953605966072, 43.97756446986029 ], [ -80.438088371234599, 43.975948597702519 ], [ -80.438461305466191, 43.975964816527394 ], [ -80.438506221800722, 43.975426193020908 ], [ -80.43962501485727, 43.975474841038931 ], [ -80.439647467211586, 43.975205529163865 ], [ -80.439274537799108, 43.975189314567245 ], [ -80.439296991759818, 43.974920002867243 ], [ -80.438924064395366, 43.974903787032083 ], [ -80.438946519962414, 43.974634475507152 ], [ -80.438573594645973, 43.974618258433452 ], [ -80.438596051819331, 43.974348947083662 ], [ -80.437850205503338, 43.974316509135249 ], [ -80.437917586660944, 43.973508576136318 ], [ -80.437544669315614, 43.973492355432626 ], [ -80.437634515074905, 43.972415113031474 ], [ -80.437261605258627, 43.97239889134562 ], [ -80.437373916622562, 43.971052340789733 ], [ -80.436628115922304, 43.971019894300987 ], [ -80.436650581186214, 43.970750584629862 ], [ -80.435904785023453, 43.970718133016625 ], [ -80.435927253720195, 43.970448823606226 ], [ -80.435554357797102, 43.970432595899346 ], [ -80.435576828099741, 43.970163286664153 ], [ -80.434085253924721, 43.970098362940114 ], [ -80.43406277631469, 43.970367671833287 ], [ -80.433316986899669, 43.97033520185721 ], [ -80.433294505414892, 43.970604510669055 ], [ -80.432921609212173, 43.970588273609728 ], [ -80.432899125679413, 43.970857582425758 ], [ -80.432526227870895, 43.970841343957041 ], [ -80.43250374229018, 43.971110652777249 ], [ -80.432130842875921, 43.971094412899127 ], [ -80.432085867397277, 43.97163303063757 ], [ -80.430594257336637, 43.971568057202035 ], [ -80.430616752494146, 43.97129874863024 ], [ -80.429498052752123, 43.971250004909805 ], [ -80.429475552113914, 43.971519313224789 ], [ -80.429102650815537, 43.971503062584695 ], [ -80.429147655524446, 43.970964446215589 ], [ -80.428774758101099, 43.970948194422839 ], [ -80.428797261950464, 43.970678886458451 ], [ -80.428424366575285, 43.970662633427487 ], [ -80.428559395985005, 43.969046788039144 ], [ -80.428932280399465, 43.969063040556392 ], [ -80.428954782699805, 43.968793733220132 ], [ -80.429327665508836, 43.96880998432799 ], [ -80.429395165602116, 43.968002062600902 ], [ -80.429022288273146, 43.96798581174987 ], [ -80.429067290882358, 43.967447197885207 ], [ -80.427575798392439, 43.967382181928485 ], [ -80.427665830181098, 43.966304956646518 ], [ -80.427292964918209, 43.966288699690537 ], [ -80.427337983137647, 43.965750087759595 ], [ -80.425473678408707, 43.96566878398054 ], [ -80.425563748720819, 43.964591562909597 ], [ -80.425936601918025, 43.964607825970162 ], [ -80.425981632092814, 43.964069215802319 ], [ -80.425608782548423, 43.964052952913143 ], [ -80.425653815490392, 43.963514343275989 ], [ -80.425280969820093, 43.963498079234519 ], [ -80.425371040352601, 43.962420861381197 ], [ -80.425743878717668, 43.962437125079958 ], [ -80.425811423813613, 43.961629212376579 ], [ -80.424692925818789, 43.961580418080544 ], [ -80.424715445886633, 43.961311114282893 ], [ -80.423969785316231, 43.961278578305659 ], [ -80.423992308815002, 43.961009274769282 ], [ -80.42287382509889, 43.960960461133716 ], [ -80.422896353854682, 43.960691157944396 ], [ -80.422523528218449, 43.960674884171134 ], [ -80.42254605857886, 43.960405581157417 ], [ -80.421427588477712, 43.960356752153487 ], [ -80.421450124094918, 43.96008744948692 ], [ -80.421077302997091, 43.960071170590886 ], [ -80.421054765553791, 43.960340473171705 ], [ -80.420681942851445, 43.960324192866395 ], [ -80.420659403360446, 43.960593495451384 ], [ -80.419168107462937, 43.960528360651587 ], [ -80.419123013207042, 43.961066965404953 ], [ -80.418750186134588, 43.96105067822451 ], [ -80.418727636847962, 43.961319980650245 ], [ -80.41798197971589, 43.961287402147093 ], [ -80.417959426555228, 43.961556704491066 ], [ -80.417586596495653, 43.961540413168322 ], [ -80.417564041287051, 43.96180971551636 ], [ -80.41532705463031, 43.961711939269833 ], [ -80.415304488242853, 43.961981241192674 ], [ -80.414558824146425, 43.961948638350151 ], [ -80.414536253884734, 43.962217940191088 ], [ -80.414163420343229, 43.96220163669858 ], [ -80.414185992431086, 43.961932334943548 ], [ -80.413440329666201, 43.961899724159586 ], [ -80.413462905184446, 43.961630422666168 ], [ -80.413090075961108, 43.961614115374736 ], [ -80.413067498616698, 43.961883416782236 ], [ -80.410457687486854, 43.961769228080932 ], [ -80.410480277614241, 43.96149992727495 ], [ -80.410107450167274, 43.961483609395032 ], [ -80.410130041898668, 43.961214308764859 ], [ -80.409757216499926, 43.96119798964736 ], [ -80.409779809835285, 43.960928689193018 ], [ -80.409406986484768, 43.960912368837946 ], [ -80.409429581424064, 43.960643068559442 ], [ -80.407565477134455, 43.960561447360966 ], [ -80.407542873064884, 43.960830747209499 ], [ -80.406797229252518, 43.960798089293405 ], [ -80.406774621308557, 43.961067389059778 ], [ -80.407147444929677, 43.961083718765536 ], [ -80.407057018235434, 43.962160919073661 ], [ -80.407429849383263, 43.962177247800042 ], [ -80.40740724398016, 43.962446548187664 ], [ -80.406288745725092, 43.962397557779838 ], [ -80.40622091174653, 43.963205458707485 ], [ -80.405848073960911, 43.963189125666283 ], [ -80.405825460363857, 43.963458426069089 ], [ -80.404706942862518, 43.96340941874579 ], [ -80.404729561938197, 43.963140118601139 ], [ -80.403611051917068, 43.963091099623725 ], [ -80.403588427362806, 43.963360399510151 ], [ -80.403215589307777, 43.963344057117773 ], [ -80.403238215688248, 43.963074757317415 ], [ -80.402865379681899, 43.963058413687548 ], [ -80.402888007666078, 43.962789114063092 ], [ -80.400651007257764, 43.962691025005419 ], [ -80.400673645976312, 43.962421725987518 ], [ -80.400300815180032, 43.9624053732649 ], [ -80.400278174635346, 43.962674672196663 ], [ -80.398786846371948, 43.962609247726 ], [ -80.398764198300086, 43.962878546402948 ], [ -80.398391364964766, 43.962862186890192 ], [ -80.398459313990642, 43.962054291387339 ], [ -80.39883214184762, 43.96207065064155 ], [ -80.398854789251445, 43.961801352234041 ], [ -80.399227615505012, 43.96181771007852 ], [ -80.399272905992532, 43.961279113360654 ], [ -80.399645728816651, 43.961295469709327 ], [ -80.399668371900404, 43.961026171398991 ], [ -80.399295550902337, 43.961009815136514 ], [ -80.399340840053995, 43.960471218957686 ], [ -80.398968022930561, 43.960454861544022 ], [ -80.398990668998408, 43.960185563675552 ], [ -80.398617853923611, 43.960169205024563 ], [ -80.398663149043244, 43.959630609729537 ], [ -80.398290337842994, 43.959614249927412 ], [ -80.398358284330172, 43.958806357917446 ], [ -80.398731090052735, 43.958822717461018 ], [ -80.398753736610587, 43.958553420217946 ], [ -80.399126540729924, 43.958569778351901 ], [ -80.399171829526011, 43.95803118396308 ], [ -80.398799029058338, 43.958014826001467 ], [ -80.3988896112822, 43.956937638647332 ], [ -80.39814402562105, 43.956904919443204 ], [ -80.398189322700091, 43.956366326650354 ], [ -80.398562111767887, 43.956382686741776 ], [ -80.398607404304911, 43.955844094136289 ], [ -80.398980189943956, 43.955860452731955 ], [ -80.399002834052851, 43.955591156477958 ], [ -80.399375618088854, 43.955607513664091 ], [ -80.399443543602956, 43.95479962518332 ], [ -80.399816322384652, 43.9548159807876 ], [ -80.399884240418729, 43.954008092858047 ], [ -80.400257013946216, 43.954024446880531 ], [ -80.400324924500694, 43.95321655950238 ], [ -80.401070461270038, 43.95324926306052 ], [ -80.401115726558373, 43.952710671580547 ], [ -80.401861256915709, 43.952743369500915 ], [ -80.401883885575202, 43.952474073723707 ], [ -80.402256649262057, 43.952490420612818 ], [ -80.402301902262806, 43.951951829156243 ], [ -80.402674662521193, 43.951968174549833 ], [ -80.402697286862491, 43.951698878870488 ], [ -80.403070045517865, 43.951715222854716 ], [ -80.403092667811364, 43.951445927179279 ], [ -80.403465424863683, 43.951462269754153 ], [ -80.403533284933701, 43.950654383009947 ], [ -80.402787782003699, 43.950621697053485 ], [ -80.402810405233012, 43.950352401824397 ], [ -80.402437655926917, 43.950336056947393 ], [ -80.402460280759172, 43.950066761894441 ], [ -80.402087533500804, 43.950050415780289 ], [ -80.402110159935944, 43.949781120903516 ], [ -80.402482905369013, 43.94979746693155 ], [ -80.402505529756468, 43.949528172058727 ], [ -80.404741996072829, 43.949626219922564 ], [ -80.404787222277335, 43.949087629414237 ], [ -80.406278189665315, 43.949152967503771 ], [ -80.406255583975309, 43.949422263057052 ], [ -80.407001072653202, 43.949454924334518 ], [ -80.407023674692653, 43.949185628609179 ], [ -80.407396417539573, 43.94920195717706 ], [ -80.407441617301416, 43.94866336582465 ], [ -80.407814356719982, 43.948679692897286 ], [ -80.407836954442416, 43.948410397270266 ], [ -80.407464216849107, 43.948394070283612 ], [ -80.407509415278042, 43.947855479471762 ], [ -80.407136681557276, 43.947839151334037 ], [ -80.407159282263734, 43.947569856149343 ], [ -80.406786550590311, 43.947553526774357 ], [ -80.406809152899754, 43.947284231765821 ], [ -80.406436423273675, 43.947267901153651 ], [ -80.406459027186088, 43.946998606321273 ], [ -80.405340845116442, 43.946949606803841 ], [ -80.405408671946475, 43.946141723621849 ], [ -80.404663229295082, 43.946109051177423 ], [ -80.404685841444078, 43.945839757135829 ], [ -80.404313122276818, 43.94582341901495 ], [ -80.404335736028571, 43.945554125149577 ], [ -80.403963018908641, 43.945537785791629 ], [ -80.403985634263123, 43.945268492102464 ], [ -80.403612919190465, 43.945252151507475 ] ] ] } },
{ "type": "Feature", "properties": { "SubId": 90010806, "DowSubId": 90013181, "RivSlope": -1.2345, "RivLength": -1.2345, "BasSlope": 0.77598958148941799, "BasAspect": 200.32210706020334, "BasArea": 53688003.913945004, "BkfWidth": 12.6814164923, "BkfDepth": 0.37919702902300001, "Lake_Cat": 0, "HyLakeId": 0, "LakeVol": 0.0, "LakeDepth": 0.0, "LakeArea": 0.0, "Laketype": 0, "Has_POI": 0, "MeanElev": 501.22345811262926, "FloodP_n": -1.2345, "Q_Mean": 3.1022053288999989, "Ch_n": -1.2345, "DrainArea": 53688003.913945004, "Strahler": 1, "Seg_ID": 2, "Seg_order": 1, "Max_DEM": -1.2345, "Min_DEM": -1.2345, "DA_Obs": 0.0, "DA_error": 0.0, "Obs_NM": null, "SRC_obs": null, "centroid_x": -80.319893687116803, "centroid_y": 44.09187612819472, "DA_Chn_L": 19924.067095, "DA_Slope": 0.54798053907699995, "DA_Chn_Slp": 0.0025658333027299999, "outletLat": 44.030484142600002, "outletLng": -80.377897376500002, "Region": "SW", "Sub_Reg": "02G", "rvhName": "sub90010806" }, "geometry": { "type": "Polygon", "coordinates": [ [ [ -80.337545880433154, 44.044514219153214 ], [ -80.337614829568679, 44.0437062779014 ], [ -80.337988195634139, 44.043722854957103 ], [ -80.338011176395554, 44.043453541295221 ], [ -80.338384540856097, 44.043470116938082 ], [ -80.338407519560064, 44.04320080327691 ], [ -80.339154245497625, 44.043233950411391 ], [ -80.339200194902233, 44.042695323003969 ], [ -80.339573554548053, 44.042711894408299 ], [ -80.339596527079934, 44.042442580749402 ], [ -80.339969885120851, 44.04245915074091 ], [ -80.339992855595426, 44.042189837082731 ], [ -80.341112925581726, 44.04223953884248 ], [ -80.341158854865924, 44.041700911266659 ], [ -80.3415322083181, 44.041717475694369 ], [ -80.341784783074473, 44.038755029366762 ], [ -80.341411449762987, 44.03873846589903 ], [ -80.341388487720948, 44.039007778673621 ], [ -80.341015152804658, 44.038991213793217 ], [ -80.341038116677566, 44.03872190110588 ], [ -80.340664783818227, 44.038705334987334 ], [ -80.340710714547498, 44.038166710051669 ], [ -80.340337385575978, 44.0381501427823 ], [ -80.340383319062454, 44.037611518373865 ], [ -80.34000999397864, 44.037594949953672 ], [ -80.340032962213499, 44.037325637969005 ], [ -80.339659639186593, 44.037309068310748 ], [ -80.339682609026084, 44.037039756501478 ], [ -80.339309288056086, 44.037023185605243 ], [ -80.339332259500168, 44.036753873971527 ], [ -80.339705578639425, 44.036770444780529 ], [ -80.339820423314137, 44.035423887498247 ], [ -80.339073803568596, 44.035390745427975 ], [ -80.3391427186436, 44.034582812640942 ], [ -80.338769414601856, 44.03456623987978 ], [ -80.338907249629173, 44.032950377211854 ], [ -80.340027129483275, 44.033000089947912 ], [ -80.34005009570491, 44.032730779550235 ], [ -80.34079667974386, 44.03276391457343 ], [ -80.340819642078486, 44.032494604089429 ], [ -80.341566223360715, 44.032527733637103 ], [ -80.341589181808402, 44.032258423066814 ], [ -80.342335760333782, 44.032291547139003 ], [ -80.342358714894601, 44.032022236482483 ], [ -80.342732002665812, 44.032038796443466 ], [ -80.342823811327847, 44.030961554351329 ], [ -80.343197092003422, 44.030978112638103 ], [ -80.34326594063657, 44.030170181734512 ], [ -80.343639216047052, 44.030186738434409 ], [ -80.343662163309318, 44.02991742822261 ], [ -80.344408711147338, 44.029950537472381 ], [ -80.34443165452312, 44.029681227174507 ], [ -80.34405838232145, 44.029664673299422 ], [ -80.344081327301666, 44.029395363177073 ], [ -80.34445459767305, 44.029411916964939 ], [ -80.344500483295377, 44.028873296810858 ], [ -80.344873750232111, 44.028889849099137 ], [ -80.34496551144592, 44.027812609502448 ], [ -80.3453387712877, 44.027829160116781 ], [ -80.345315833153151, 44.028098469970601 ], [ -80.345689095050858, 44.028115019346984 ], [ -80.345757903286682, 44.02730708978909 ], [ -80.346131159919707, 44.02732363757881 ], [ -80.346154093716663, 44.027054327815762 ], [ -80.346527348745298, 44.027070874193157 ], [ -80.346573212001744, 44.026532254757932 ], [ -80.346946463595927, 44.026548799635876 ], [ -80.346969393055474, 44.026279489963692 ], [ -80.347342643045252, 44.026296033429396 ], [ -80.347388497627179, 44.025757414175935 ], [ -80.34776174418252, 44.025773956142238 ], [ -80.347784669304943, 44.025504646560989 ], [ -80.348531159432511, 44.025537726344027 ], [ -80.348554080669246, 44.025268416676965 ], [ -80.348927324241444, 44.025284954493735 ], [ -80.348904404834741, 44.025554264247972 ], [ -80.349277650462568, 44.025570800826827 ], [ -80.349208896379039, 44.026378730881447 ], [ -80.348835645261033, 44.026362194041234 ], [ -80.348789804417166, 44.026900814345474 ], [ -80.349909569428647, 44.026950421413517 ], [ -80.349886654158709, 44.027219731959597 ], [ -80.350633168954502, 44.027252796886884 ], [ -80.350587345058599, 44.027791418592685 ], [ -80.35096060645516, 44.027807949242828 ], [ -80.350937695999107, 44.028077260315399 ], [ -80.351310959451396, 44.028093789727471 ], [ -80.351288050600047, 44.028363100975504 ], [ -80.351661316108064, 44.028379629149548 ], [ -80.351638408861447, 44.028648940573035 ], [ -80.35238494421445, 44.028681993119726 ], [ -80.352362040402895, 44.028951304805744 ], [ -80.352735310247851, 44.028967829178391 ], [ -80.352758212229162, 44.028698517405324 ], [ -80.354251286542151, 44.028764601295968 ], [ -80.354274180976958, 44.028495289263141 ], [ -80.354647448288404, 44.028511806835837 ], [ -80.354670340667568, 44.028242494804303 ], [ -80.355043606374124, 44.028259010964852 ], [ -80.355020715825191, 44.028528323083371 ], [ -80.357260325777261, 44.028627392739949 ], [ -80.357306084686613, 44.028088767547366 ], [ -80.357679350139804, 44.028105274344775 ], [ -80.357702227426415, 44.027835961794125 ], [ -80.358822019646325, 44.027885473974393 ], [ -80.358890633683032, 44.02707753607033 ], [ -80.359263892715958, 44.027094037219285 ], [ -80.359241023425739, 44.0273633498525 ], [ -80.359987545827366, 44.027396348348816 ], [ -80.359964679972478, 44.027665661244299 ], [ -80.360711206934923, 44.027698654613843 ], [ -80.360688344515438, 44.027967967771559 ], [ -80.361061610164498, 44.027984462555487 ], [ -80.361038749350243, 44.028253775888523 ], [ -80.362158553138386, 44.028303252549968 ], [ -80.362135697590006, 44.028572566232107 ], [ -80.364002050887891, 44.028655001265143 ], [ -80.363979204266201, 44.028924315469979 ], [ -80.364352477430884, 44.028940798587861 ], [ -80.364398166788718, 44.02840217009291 ], [ -80.364771436517614, 44.028418651711902 ], [ -80.364794279028914, 44.028149337510136 ], [ -80.367033891141773, 44.028248198874302 ], [ -80.367011059612395, 44.028517513596874 ], [ -80.367384330914931, 44.028533985939504 ], [ -80.367361500991166, 44.028803300837268 ], [ -80.367734774348776, 44.028819771941514 ], [ -80.367711946030639, 44.029089087014441 ], [ -80.369205049029645, 44.029154958526291 ], [ -80.369182227808381, 44.029424274034703 ], [ -80.369555505950203, 44.029440738686368 ], [ -80.369532686334708, 44.029710054369914 ], [ -80.369905966531604, 44.029726517783097 ], [ -80.369860330287594, 44.030265149588892 ], [ -80.370233614370036, 44.030281611850278 ], [ -80.370210797741564, 44.030550927972484 ], [ -80.371703943639162, 44.030616764112409 ], [ -80.371681134108144, 44.030886080669887 ], [ -80.372427712065303, 44.030918990961688 ], [ -80.372450517935292, 44.030649674230837 ], [ -80.373570381063232, 44.03069902946897 ], [ -80.373593181217188, 44.03042971256648 ], [ -80.374713040873644, 44.030479055617157 ], [ -80.37466745132447, 44.031017690030467 ], [ -80.375414032872925, 44.031050579117817 ], [ -80.375391241422861, 44.031319896630364 ], [ -80.375764534364222, 44.031336339272755 ], [ -80.375787323983715, 44.0310670216736 ], [ -80.376160615318852, 44.031083462904085 ], [ -80.376183402883441, 44.030814145306692 ], [ -80.376556692612354, 44.030830585125251 ], [ -80.376579478122068, 44.030561267529606 ], [ -80.377699343162945, 44.030610578773853 ], [ -80.377722122956769, 44.030341261006825 ], [ -80.378095409921713, 44.030357695351086 ], [ -80.378072631958432, 44.030627013204708 ], [ -80.378445920978152, 44.030643446310286 ], [ -80.378377591234596, 44.031451400661247 ], [ -80.378750885970248, 44.031467832701274 ], [ -80.378591454868513, 44.033353063219252 ], [ -80.378964762643093, 44.033369494539969 ], [ -80.378919212543209, 44.033908132799112 ], [ -80.379292524203507, 44.033924562967613 ], [ -80.379224202864407, 44.034732521278521 ], [ -80.378850885711714, 44.034716090850331 ], [ -80.378714225994386, 44.036332009337087 ], [ -80.378340898080666, 44.036315577064045 ], [ -80.378318118845328, 44.036584897034281 ], [ -80.37869144858999, 44.036601329393903 ], [ -80.378668670961332, 44.036870649538997 ], [ -80.37904200276121, 44.036887080659746 ], [ -80.378996450493091, 44.037425721387883 ], [ -80.378623115031218, 44.037409290093954 ], [ -80.378577558204071, 44.037947931002009 ], [ -80.378204219304436, 44.037931498209488 ], [ -80.378181438723402, 44.038200818709299 ], [ -80.377808098217017, 44.038184384504717 ], [ -80.377785315580638, 44.038453705006184 ], [ -80.378158657918078, 44.038470139297345 ], [ -80.378135876888479, 44.038739459973634 ], [ -80.378509221281291, 44.038755893025922 ], [ -80.378372541380116, 44.040371819455814 ], [ -80.3787458969841, 44.040388251702097 ], [ -80.37870033888511, 44.04092689472423 ], [ -80.377206903165259, 44.040861157093339 ], [ -80.377184116454373, 44.041130478390329 ], [ -80.376810756254045, 44.041114040582137 ], [ -80.37678796748753, 44.041383361880705 ], [ -80.376414605680324, 44.041366922660345 ], [ -80.376346232540627, 44.042174886825194 ], [ -80.375972865463979, 44.042158446019442 ], [ -80.375950072137272, 44.042427767497436 ], [ -80.375203334994666, 44.042394881735902 ], [ -80.375066548344719, 44.044010811415234 ], [ -80.374693169121898, 44.043994366026212 ], [ -80.374670368729795, 44.044263687861239 ], [ -80.373923607294842, 44.044230792933014 ], [ -80.373900803015303, 44.044500114682819 ], [ -80.3735274208032, 44.044483665143602 ], [ -80.373459001122896, 44.045291630661673 ], [ -80.373085613640953, 44.045275179536752 ], [ -80.372834704039136, 44.048237725597986 ], [ -80.372461296634242, 44.048221272193864 ], [ -80.37243848349101, 44.048490595004672 ], [ -80.372065074479067, 44.048474140188134 ], [ -80.372042259279482, 44.048743463000207 ], [ -80.371295438266188, 44.048710549216572 ], [ -80.371226980328842, 44.049518517660729 ], [ -80.371600396218383, 44.049534975475588 ], [ -80.371554760133478, 44.050073621718425 ], [ -80.371181340580364, 44.050057163730173 ], [ -80.371135699932964, 44.050595810151599 ], [ -80.370762276940937, 44.050579350664094 ], [ -80.370693808788729, 44.051387320695824 ], [ -80.370320380525854, 44.051370859622381 ], [ -80.370251904855067, 44.052178830185582 ], [ -80.370625338613664, 44.05219529151924 ], [ -80.370579690706435, 44.052733939174608 ], [ -80.370953128353761, 44.052750399355922 ], [ -80.370884660303119, 44.053558371758633 ], [ -80.370137774241186, 44.053525449549753 ], [ -80.370114947444009, 44.053794773686363 ], [ -80.369741502918203, 44.053778310506395 ], [ -80.369718674064174, 44.054047634644164 ], [ -80.368971782022953, 44.054014704133131 ], [ -80.36894894927994, 44.054284028185236 ], [ -80.368575501764568, 44.054267560854242 ], [ -80.368461325515781, 44.055614181999566 ], [ -80.368087869064723, 44.055597712908749 ], [ -80.367950839151021, 44.057213660662242 ], [ -80.368324306595383, 44.057230130273744 ], [ -80.368255794098772, 44.058038105596665 ], [ -80.36862926726495, 44.058054574142588 ], [ -80.368515084433696, 44.059401201871083 ], [ -80.368888566986655, 44.059417669524805 ], [ -80.368660202778884, 44.062110932433505 ], [ -80.369780706762626, 44.062160330041415 ], [ -80.369757874602527, 44.062429657075249 ], [ -80.370131378212889, 44.06244612037915 ], [ -80.369971559623735, 44.064331412679486 ], [ -80.369598043184538, 44.064314948768335 ], [ -80.369575209225175, 44.064584276503908 ], [ -80.369201691178134, 44.064567811179863 ], [ -80.369178855161081, 44.064837138916324 ], [ -80.36880533550621, 44.064820672179408 ], [ -80.368759659131626, 44.065359327741888 ], [ -80.368386136036136, 44.0653428595053 ], [ -80.368317614288458, 44.066150843246305 ], [ -80.367944085919433, 44.066134373423168 ], [ -80.367829869342074, 44.067481014310701 ], [ -80.366335721458256, 44.06741512002035 ], [ -80.366290018588415, 44.067953776294374 ], [ -80.366663558887652, 44.067970252029909 ], [ -80.366617858783329, 44.068508908828058 ], [ -80.366991402973696, 44.068525383411007 ], [ -80.366968554416914, 44.0687947120283 ], [ -80.366595008393531, 44.068778237358543 ], [ -80.366457901327422, 44.070394210380947 ], [ -80.364963675491154, 44.070328296355669 ], [ -80.364940816192998, 44.070597625151954 ], [ -80.364567258463737, 44.070581143243061 ], [ -80.364430086946271, 44.072197117338213 ], [ -80.36405651844305, 44.072180633581915 ], [ -80.36394219348476, 44.073527280633996 ], [ -80.364315771154438, 44.073543764824556 ], [ -80.364224314466469, 44.074621084388752 ], [ -80.363850729463294, 44.074604599850716 ], [ -80.363782129081727, 44.075412590181791 ], [ -80.36340853880354, 44.075396104056729 ], [ -80.363385669725616, 44.075665434255185 ], [ -80.363012077839286, 44.075648946716861 ], [ -80.362989206702565, 44.075918276915857 ], [ -80.362615613208078, 44.075901787964234 ], [ -80.362546992945383, 44.07670977882524 ], [ -80.362173394175699, 44.076693288286506 ], [ -80.362150518470528, 44.076962618661504 ], [ -80.361776918092687, 44.076946126709444 ], [ -80.361754040328577, 44.077215457084954 ], [ -80.361380438342565, 44.077198963719518 ], [ -80.361311798196979, 44.078006955109835 ], [ -80.360938190935627, 44.07799046015721 ], [ -80.3609153086026, 44.07825979070855 ], [ -80.359794482670452, 44.078210297631038 ], [ -80.359771594611061, 44.078479628008971 ], [ -80.359024374783203, 44.078446625817698 ], [ -80.359047266509876, 44.078177295613663 ], [ -80.358300051251462, 44.07814428829036 ], [ -80.35827715585755, 44.078413618320504 ], [ -80.357903546733098, 44.078397112582188 ], [ -80.357880649279963, 44.078666442612722 ], [ -80.357507038547467, 44.078649935460938 ], [ -80.357484139035094, 44.078919265491869 ], [ -80.357110526694555, 44.078902756926553 ], [ -80.357064723325564, 44.07944141707663 ], [ -80.356691107543327, 44.07942490701096 ], [ -80.356668203686667, 44.079694237129971 ], [ -80.3562945862964, 44.079677725650747 ], [ -80.356157147414507, 44.081293707677389 ], [ -80.354662636100613, 44.081227646406873 ], [ -80.354616806663742, 44.081766307084884 ], [ -80.354243175732037, 44.081749788276817 ], [ -80.354220258841096, 44.082019118659751 ], [ -80.353846626301362, 44.082002598438081 ], [ -80.353777868772028, 44.082810589849551 ], [ -80.354525145080544, 44.082843629488643 ], [ -80.354433479884491, 44.083920953289059 ], [ -80.354059834281571, 44.083904433784618 ], [ -80.354013996660683, 44.084443096034342 ], [ -80.354761295428332, 44.084476134064829 ], [ -80.35469254830744, 44.085284128616166 ], [ -80.355066203532118, 44.085300645902564 ], [ -80.354997459881176, 44.086108641500196 ], [ -80.355371120833979, 44.086125157721035 ], [ -80.355348207666182, 44.086394489848423 ], [ -80.356095533917369, 44.086427518484122 ], [ -80.356049714241095, 44.086966183348608 ], [ -80.356423381373688, 44.086982695850452 ], [ -80.356377564462818, 44.087521361237847 ], [ -80.356003893661793, 44.087504848561956 ], [ -80.355958072179405, 44.088043514124109 ], [ -80.355584397935687, 44.088026999947481 ], [ -80.355538571881638, 44.088565665684342 ], [ -80.354791216734498, 44.088532633002785 ], [ -80.354745382440001, 44.089071298740251 ], [ -80.35511906356929, 44.089087815918454 ], [ -80.355027399607621, 44.090165148787484 ], [ -80.354653711140884, 44.090148631261101 ], [ -80.354630792751479, 44.090417964609209 ], [ -80.354257102676215, 44.090401445669038 ], [ -80.35421126155093, 44.090940112452529 ], [ -80.353837568032674, 44.090923592011428 ], [ -80.353814645296765, 44.091192925446826 ], [ -80.354188340649472, 44.091209445974997 ], [ -80.354165419522133, 44.091478779584534 ], [ -80.354539116935186, 44.091495298872928 ], [ -80.354447437504945, 44.092572634530519 ], [ -80.35407373275379, 44.092556114893938 ], [ -80.354050810496972, 44.092825448939031 ], [ -80.353677104137162, 44.092808927888555 ], [ -80.353631255276582, 44.093347596065911 ], [ -80.353257545473525, 44.093331073514456 ], [ -80.353097054501831, 44.095216414268407 ], [ -80.353470777147535, 44.095232937429365 ], [ -80.353447850796741, 44.095502272258031 ], [ -80.353821575503162, 44.095518794179114 ], [ -80.353775725793213, 44.09605746427173 ], [ -80.353401997417251, 44.096040942176501 ], [ -80.35337907038857, 44.096310277266255 ], [ -80.353005340403797, 44.096293753757067 ], [ -80.352844832031622, 44.098179101212224 ], [ -80.352471089428818, 44.098162575766509 ], [ -80.352356424636469, 44.099509254694262 ], [ -80.352730176414113, 44.099525780575405 ], [ -80.352569649056406, 44.101411135335702 ], [ -80.3521958844332, 44.101394608844942 ], [ -80.352172949214207, 44.10166394549988 ], [ -80.352546715672531, 44.10168047207771 ], [ -80.352500848226668, 44.102219145822488 ], [ -80.35287461858141, 44.102235671247421 ], [ -80.352828753901719, 44.102774345513964 ], [ -80.352454979876555, 44.102757819914842 ], [ -80.352432045362406, 44.103027157091354 ], [ -80.349815620670554, 44.102911440129169 ], [ -80.349792673083613, 44.10318077678275 ], [ -80.34904512153669, 44.103147702675415 ], [ -80.349068072794097, 44.102878366196094 ], [ -80.348694299195202, 44.102861827238925 ], [ -80.348740204701699, 44.102323154715215 ], [ -80.347992665523464, 44.102290073168291 ], [ -80.348015621607672, 44.102020737211113 ], [ -80.347268087004863, 44.101987650530212 ], [ -80.347245127250332, 44.10225698631303 ], [ -80.346871358453228, 44.102240440894803 ], [ -80.346848396637213, 44.102509776677309 ], [ -80.346100856051692, 44.102476681685232 ], [ -80.346077890338975, 44.102746017380241 ], [ -80.345704118550557, 44.102729467806348 ], [ -80.345658182775551, 44.103268139282534 ], [ -80.345284407543147, 44.103251588207158 ], [ -80.345238467192075, 44.103790259856332 ], [ -80.344864688515614, 44.103773707279402 ], [ -80.344749824498905, 44.105120387486004 ], [ -80.343628462298881, 44.105070720483937 ], [ -80.343605483310128, 44.105340056524007 ], [ -80.342857905971954, 44.105306938379094 ], [ -80.342834923085974, 44.105576274331469 ], [ -80.343208713477154, 44.10559283415472 ], [ -80.343139768966054, 44.106400842794457 ], [ -80.342765973068708, 44.106384282709364 ], [ -80.342742989276488, 44.106653619008931 ], [ -80.341995394490695, 44.10662049468268 ], [ -80.341903442372356, 44.107697840050498 ], [ -80.341529637977501, 44.107681275547449 ], [ -80.341483656887618, 44.108219948577371 ], [ -80.341109849048379, 44.108203382572526 ], [ -80.341086856327934, 44.108472719130368 ], [ -80.340339237658398, 44.108439582964373 ], [ -80.340293244195252, 44.108978255990969 ], [ -80.33991943152941, 44.108961685742536 ], [ -80.339873433488279, 44.109500358941432 ], [ -80.339499617377982, 44.109483787191067 ], [ -80.339338604242073, 44.111369145507254 ], [ -80.339712433202038, 44.111385717868899 ], [ -80.339689432254175, 44.111655055205325 ], [ -80.338941770889505, 44.111621908980077 ], [ -80.338918766043349, 44.111891246228495 ], [ -80.33854493386545, 44.111874671037576 ], [ -80.338475912458833, 44.112682683040823 ], [ -80.338102075000378, 44.112666106260562 ], [ -80.338079065575386, 44.112935443680868 ], [ -80.337705226507978, 44.112918865485931 ], [ -80.33768221502028, 44.11318820290559 ], [ -80.337308374343905, 44.113171623295926 ], [ -80.337262347016193, 44.113710298220411 ], [ -80.336888502894993, 44.11369371710866 ], [ -80.336865487054908, 44.113963054613464 ], [ -80.336491641324741, 44.113946472086965 ], [ -80.336468623421851, 44.114215809591066 ], [ -80.336094776082717, 44.114199225649763 ], [ -80.336071756116993, 44.114468563153068 ], [ -80.335697907168907, 44.114451977797074 ], [ -80.335628840402123, 44.115259990564354 ], [ -80.335254986173183, 44.115243403618742 ], [ -80.335231961627642, 44.115512741293649 ], [ -80.334484250178861, 44.115479563245493 ], [ -80.334415164164142, 44.11628757626513 ], [ -80.334041303272315, 44.116270984987679 ], [ -80.333995241121812, 44.116809660592089 ], [ -80.333621376784947, 44.116793067812353 ], [ -80.333575310053988, 44.117331743588139 ], [ -80.33320144227207, 44.117315149306073 ], [ -80.333178406729829, 44.117584487236343 ], [ -80.33280453733893, 44.11756789153938 ], [ -80.332735423841058, 44.118375905587072 ], [ -80.333109298740354, 44.11839250154641 ], [ -80.333063225611753, 44.118931178185761 ], [ -80.333437104410535, 44.118947772992527 ], [ -80.333414069341714, 44.119217111529437 ], [ -80.334161831293116, 44.119250297335412 ], [ -80.334115767819071, 44.119788975018537 ], [ -80.334489652807932, 44.119805566105114 ], [ -80.334466622566524, 44.120074905163939 ], [ -80.334840509618715, 44.120091495010506 ], [ -80.334817480986544, 44.120360834243179 ], [ -80.334443592098054, 44.12034424430918 ], [ -80.334374499330139, 44.121152262263791 ], [ -80.334000605159744, 44.12113567074006 ], [ -80.333908470944266, 44.122213028873766 ], [ -80.333534569655427, 44.122196435672642 ], [ -80.333488497512064, 44.122735115083366 ], [ -80.333114592777491, 44.122718520379784 ], [ -80.333091554528608, 44.122987860127338 ], [ -80.331969836178615, 44.122938067788709 ], [ -80.331946792193136, 44.123207407360368 ], [ -80.331572884694424, 44.123190807171532 ], [ -80.33154983864523, 44.123460146742069 ], [ -80.330802020656606, 44.12342694220667 ], [ -80.330778970707158, 44.123696281688659 ], [ -80.330405060217259, 44.123679677342082 ], [ -80.330358955963433, 44.124218356390273 ], [ -80.329985042027815, 44.124201750541083 ], [ -80.329961987723379, 44.124471090107285 ], [ -80.329588072178552, 44.124454482842964 ], [ -80.329565015810232, 44.124723822408008 ], [ -80.328443265030273, 44.124673992386832 ], [ -80.32842020292486, 44.124943331775704 ], [ -80.326924531055838, 44.124876872810638 ], [ -80.326855321335955, 44.125684890444788 ], [ -80.326107475746767, 44.125651652471042 ], [ -80.326084401711896, 44.125920991680083 ], [ -80.324214782538007, 44.125837873074182 ], [ -80.324168615419282, 44.126376550875108 ], [ -80.323420761996474, 44.126343293788736 ], [ -80.323397674422367, 44.126612632643493 ], [ -80.32302374621581, 44.126596002021287 ], [ -80.323000656577349, 44.126865340874637 ], [ -80.322626726761825, 44.126848708837116 ], [ -80.322603635058996, 44.12711804768918 ], [ -80.322229703634491, 44.127101414236343 ], [ -80.322206609867266, 44.127370753087121 ], [ -80.321832676833793, 44.127354118218904 ], [ -80.321763388655484, 44.128162135026109 ], [ -80.321389450339595, 44.128145498567257 ], [ -80.321343253408344, 44.128684176694918 ], [ -80.320595370112912, 44.128650899443343 ], [ -80.320549164923307, 44.129189577565441 ], [ -80.320175219943707, 44.129172936772704 ], [ -80.320152115170345, 44.129442275875498 ], [ -80.31940422222111, 44.129408990131481 ], [ -80.31942733066812, 44.129139651204127 ], [ -80.318679442304031, 44.129106360324698 ], [ -80.318748777298396, 44.128298344586625 ], [ -80.317253025346616, 44.128231747948192 ], [ -80.317299262230392, 44.127693071922863 ], [ -80.31692532848578, 44.127676419619583 ], [ -80.316948448422394, 44.127407081824138 ], [ -80.316574516742463, 44.127390428280947 ], [ -80.316597638287746, 44.12712109065955 ], [ -80.316223708672482, 44.127104435876475 ], [ -80.31624683182639, 44.126835098429176 ], [ -80.315872904275793, 44.126818442406226 ], [ -80.315896029038313, 44.126549105133016 ], [ -80.315522103552368, 44.126532447870211 ], [ -80.315545229923444, 44.126263110771113 ], [ -80.315171306502151, 44.126246452268461 ], [ -80.315194434481754, 44.125977115343474 ], [ -80.314072671096056, 44.125927132133192 ], [ -80.314165202772173, 44.124849786350239 ], [ -80.313043463477726, 44.124799792245355 ], [ -80.313020325391406, 44.12506912829808 ], [ -80.312646410913075, 44.125052460853439 ], [ -80.31260013038289, 44.125591133042306 ], [ -80.31222621245972, 44.125574464094434 ], [ -80.312249354675416, 44.125305128044644 ], [ -80.311127607784726, 44.125255113498838 ], [ -80.311104460059525, 44.125524449285088 ], [ -80.310356626267293, 44.125491099440893 ], [ -80.310310322785966, 44.126029770920773 ], [ -80.309936402559245, 44.126013093831489 ], [ -80.309913248639589, 44.126282429613056 ], [ -80.309539326804639, 44.126265751108306 ], [ -80.309493014607213, 44.12680442275451 ], [ -80.308371239453095, 44.126754378747158 ], [ -80.308394401175704, 44.126485043144619 ], [ -80.307272633586905, 44.126434987452456 ], [ -80.307295800590779, 44.126165652200022 ], [ -80.306921880354565, 44.126148964402006 ], [ -80.306945048966497, 44.125879629323776 ], [ -80.306197212852567, 44.125846249920912 ], [ -80.306220384909039, 44.125576915104944 ], [ -80.305846469031309, 44.125560223500059 ], [ -80.305892816131689, 44.125021554303018 ], [ -80.306266728336468, 44.125038245731957 ], [ -80.306289899707465, 44.124768911174975 ], [ -80.305168169287924, 44.124718833169311 ], [ -80.305214522362903, 44.124180164842144 ], [ -80.304840616352919, 44.12416346969443 ], [ -80.304863794384005, 44.123894135748344 ], [ -80.30523769855759, 44.123910830808079 ], [ -80.305284050261392, 44.123372162999004 ], [ -80.30565795099082, 44.123388856555252 ], [ -80.305704298107898, 44.122850188915685 ], [ -80.305330401051094, 44.122833495535382 ], [ -80.305353576103172, 44.122564161933127 ], [ -80.304605786347693, 44.122530771365952 ], [ -80.304582607623047, 44.12280010479224 ], [ -80.304208711251832, 44.122783407429402 ], [ -80.304185530462348, 44.123052740854078 ], [ -80.303811632483416, 44.123036042075732 ], [ -80.303834815109212, 44.122766708739071 ], [ -80.303087023509718, 44.122733307375903 ], [ -80.30306383721134, 44.123002640536527 ], [ -80.298950979565632, 44.122818837154135 ], [ -80.298974186062921, 44.122549504962052 ], [ -80.298226400410201, 44.12251606908395 ], [ -80.298203190240429, 44.12278540109979 ], [ -80.297829295921105, 44.12276868108134 ], [ -80.29778287122241, 44.123307345195947 ], [ -80.296661178620226, 44.123257176647066 ], [ -80.296684396592809, 44.122987844810993 ], [ -80.296310501352878, 44.122971119394499 ], [ -80.296264061506207, 44.123509782976704 ], [ -80.295516264368132, 44.123476327808639 ], [ -80.295423367236708, 44.124553655303885 ], [ -80.295797273036527, 44.124570383904292 ], [ -80.295774050017513, 44.124839716082057 ], [ -80.296147957882695, 44.124856443443072 ], [ -80.296124736471072, 44.125125775795304 ], [ -80.295750826769506, 44.125109048346125 ], [ -80.295727603292505, 44.125378380696517 ], [ -80.295353691983536, 44.125361651831632 ], [ -80.295330466441115, 44.125630984180169 ], [ -80.294956553524784, 44.125614253899563 ], [ -80.294933325916872, 44.125883586246218 ], [ -80.294559411393138, 44.125866854549891 ], [ -80.294536181719778, 44.126136186894662 ], [ -80.293788349686622, 44.126102719342938 ], [ -80.293765116111246, 44.126372051597627 ], [ -80.293391198601853, 44.126355315742217 ], [ -80.293367962960929, 44.126624647994973 ], [ -80.293741882306804, 44.126641383938562 ], [ -80.293648944797852, 44.127718714165056 ], [ -80.292901091643131, 44.127685240244666 ], [ -80.29283137508618, 44.128493238290908 ], [ -80.293205307058713, 44.128509976179572 ], [ -80.29308911739696, 44.129856641755602 ], [ -80.293463058781882, 44.129873378757601 ], [ -80.293346872574688, 44.131220046929755 ], [ -80.293720823372482, 44.131236783045068 ], [ -80.29367435095908, 44.131775451093581 ], [ -80.292926442245417, 44.131741977182486 ], [ -80.292856720885524, 44.1325499793723 ], [ -80.292482761361924, 44.132533240160519 ], [ -80.292436275635566, 44.133071908541396 ], [ -80.292062312667412, 44.133055167825454 ], [ -80.291992576847861, 44.133863170778085 ], [ -80.292366545326828, 44.13387991175874 ], [ -80.292296812954916, 44.134687915751165 ], [ -80.291922838965021, 44.134671174505876 ], [ -80.291829851911515, 44.135748514015006 ], [ -80.291081889923177, 44.135715026835172 ], [ -80.29103538767238, 44.136253696753215 ], [ -80.290661403347983, 44.136236950995105 ], [ -80.290638150041474, 44.136506285995019 ], [ -80.290264164109303, 44.136489538820797 ], [ -80.290217653134007, 44.137028208902294 ], [ -80.289843663756898, 44.137011460223711 ], [ -80.289773890062136, 44.137819465726544 ], [ -80.289025900973016, 44.137785963856182 ], [ -80.288979376680643, 44.138324634268514 ], [ -80.288605378805798, 44.138307881164941 ], [ -80.288582114478217, 44.138577216411839 ], [ -80.288208114995555, 44.138560461892126 ], [ -80.288184848601233, 44.138829797136751 ], [ -80.287436846649882, 44.138796283937033 ], [ -80.287390305823692, 44.139334954331083 ], [ -80.28701630151771, 44.139318195562772 ], [ -80.286993028923035, 44.139587530800469 ], [ -80.285123001650192, 44.139503716598753 ], [ -80.285099719639391, 44.139773051480745 ], [ -80.284725713036352, 44.139756284568342 ], [ -80.284679144651193, 44.140294954413562 ], [ -80.283557115196132, 44.140244645178662 ], [ -80.283533825147003, 44.1405139799651 ], [ -80.283159813950732, 44.140497207475917 ], [ -80.283136521834507, 44.140766542259939 ], [ -80.282762509030633, 44.140749768354397 ], [ -80.282739214847282, 44.141019103136017 ], [ -80.282365200435763, 44.141002327814185 ], [ -80.282341904185287, 44.141271662593326 ], [ -80.281593872376831, 44.141238107789007 ], [ -80.281570572221781, 44.141507442477298 ], [ -80.280822537657826, 44.141473882184357 ], [ -80.280799233598088, 44.141743216781677 ], [ -80.280425214823481, 44.141726434554876 ], [ -80.280448520720597, 44.141457100045997 ], [ -80.280074504013271, 44.141440316579676 ], [ -80.280097811517905, 44.141170982245185 ], [ -80.278975768287523, 44.141120624144037 ], [ -80.27899908107436, 44.140851290160874 ], [ -80.278625068961446, 44.140834501559773 ], [ -80.278555124398977, 44.141642503501679 ], [ -80.278181107003917, 44.141625713307207 ], [ -80.278134472470924, 44.142164381521184 ], [ -80.278508493540812, 44.142181171892609 ], [ -80.27846186176275, 44.14271984062723 ], [ -80.280331988936126, 44.142803773449685 ], [ -80.280355295752813, 44.14253443859711 ], [ -80.280729320039754, 44.142551221089256 ], [ -80.280706015060559, 44.142820556030266 ], [ -80.281080041414867, 44.142837337282884 ], [ -80.281033434441895, 44.143376007599599 ], [ -80.28140746470109, 44.143392787701075 ], [ -80.281267649290783, 44.145008801243279 ], [ -80.280893608006082, 44.144992020611184 ], [ -80.280823691684773, 44.145800028276305 ], [ -80.28119773848249, 44.145816809173695 ], [ -80.281174434419967, 44.146086145322265 ], [ -80.282670631260288, 44.146153255984949 ], [ -80.282624037147514, 44.146691929246899 ], [ -80.282998090607677, 44.146708703769214 ], [ -80.282951499251197, 44.147247377551338 ], [ -80.283325556616717, 44.147264150922368 ], [ -80.283278968016674, 44.147802825224623 ], [ -80.28365302928762, 44.147819597444347 ], [ -80.28362973648079, 44.148088934812591 ], [ -80.283255673371983, 44.148072162504477 ], [ -80.283232378497473, 44.148341499870135 ], [ -80.282858313780594, 44.148324726145489 ], [ -80.282835016838405, 44.148594063508597 ], [ -80.282460950513467, 44.148577288367434 ], [ -80.282437651503542, 44.148846625727913 ], [ -80.282063583570547, 44.148829849170212 ], [ -80.282040282492872, 44.149099186528076 ], [ -80.281666212951833, 44.149082408553802 ], [ -80.281642909806365, 44.149351745909037 ], [ -80.281268838657269, 44.149334966518211 ], [ -80.281198922327661, 44.150142978833294 ], [ -80.2808248458946, 44.150126197848991 ], [ -80.280778230182619, 44.150664872977693 ], [ -80.280404150303482, 44.150648090488332 ], [ -80.28038084026457, 44.150917428092868 ], [ -80.280006758777347, 44.150900644186898 ], [ -80.27993682176664, 44.151708657249607 ], [ -80.27918864845384, 44.151675084922324 ], [ -80.279165331980792, 44.15194442260443 ], [ -80.277294893534133, 44.151860468100267 ], [ -80.277341544630929, 44.151321793706664 ], [ -80.276967461308004, 44.151304998998249 ], [ -80.276990788349266, 44.151035662018558 ], [ -80.275868545275401, 44.150985270189729 ], [ -80.275891877600557, 44.150715933561358 ], [ -80.274021486271252, 44.150631921059222 ], [ -80.273974803010717, 44.151170593516191 ], [ -80.273600721759593, 44.151153786854124 ], [ -80.273577377945898, 44.151423123122633 ], [ -80.273203295087043, 44.151406315043822 ], [ -80.273156603092673, 44.151944987660848 ], [ -80.272782516788055, 44.151928178076673 ], [ -80.272759168607323, 44.152197514425133 ], [ -80.273133256750015, 44.152214324097933 ], [ -80.273063216340091, 44.15302233392341 ], [ -80.273437310227422, 44.153039142533721 ], [ -80.273390619145445, 44.153577816356346 ], [ -80.273016521581823, 44.153561007568868 ], [ -80.272993173857174, 44.153830344520117 ], [ -80.272619074685707, 44.153813534315795 ], [ -80.27250232341612, 44.155160219914073 ], [ -80.272876431778741, 44.155177030561347 ], [ -80.272829733334873, 44.155715705577414 ], [ -80.273952070834596, 44.155766130081062 ], [ -80.273882037986155, 44.156574144044647 ], [ -80.273507919740865, 44.156557336939343 ], [ -80.273391184528165, 44.157904028148145 ], [ -80.273017057321141, 44.157887219271572 ], [ -80.272970357946633, 44.158425896177086 ], [ -80.274841014670031, 44.158509928162076 ], [ -80.274724308165716, 44.159856624137895 ], [ -80.274350167167611, 44.159839819954819 ], [ -80.274256790464051, 44.16091717792127 ], [ -80.274630938816728, 44.160933982458587 ], [ -80.27460759590366, 44.161203322252611 ], [ -80.274981746325338, 44.161220125550052 ], [ -80.274818352355965, 44.163105507122658 ], [ -80.275192515879269, 44.16312230971154 ], [ -80.275145833492758, 44.163660991107456 ], [ -80.27477166629177, 44.163644188341493 ], [ -80.274654947100288, 44.164990892884354 ], [ -80.275029123495798, 44.16500769609312 ], [ -80.274982437884688, 44.165546378685598 ], [ -80.275356618188482, 44.165563180742943 ], [ -80.27533327687641, 44.165832522255869 ], [ -80.275707459249531, 44.165849323073196 ], [ -80.275614099054053, 44.166926690333554 ], [ -80.275239909324739, 44.166909889162071 ], [ -80.275216566860976, 44.167179231102132 ], [ -80.274842375522951, 44.167162428513478 ], [ -80.274819030989718, 44.167431770450449 ], [ -80.274070645326518, 44.167398161110206 ], [ -80.274023948212459, 44.16793684488605 ], [ -80.270281996941492, 44.16776871669682 ], [ -80.27037546381159, 44.166691353031098 ], [ -80.269627091036483, 44.166657712159207 ], [ -80.269650460855587, 44.166388371633587 ], [ -80.26927627665296, 44.166371549293437 ], [ -80.269323019277351, 44.16583286867575 ], [ -80.268200479087227, 44.165782394215988 ], [ -80.268177102373414, 44.166051734216097 ], [ -80.267428739722106, 44.166018077756149 ], [ -80.267405359099627, 44.166287417664272 ], [ -80.266282811336097, 44.166236922744133 ], [ -80.266259424965938, 44.166506262471572 ], [ -80.265885241000632, 44.16648942808569 ], [ -80.265838463889949, 44.167028107619316 ], [ -80.265090089295697, 44.16699443450694 ], [ -80.265066696716062, 44.167263774224381 ], [ -80.264692507926156, 44.167246935586597 ], [ -80.264715902344832, 44.166977595957903 ], [ -80.264341715624781, 44.1669607560803 ], [ -80.2643651116516, 44.166691416625746 ], [ -80.263990927001444, 44.166674575508331 ], [ -80.264014324636364, 44.166405236227938 ], [ -80.263265959706729, 44.166371550184969 ], [ -80.263336162259904, 44.165563533388834 ], [ -80.262587809287595, 44.165529842564332 ], [ -80.262658020795911, 44.16472182706957 ], [ -80.262283850172821, 44.164704979930917 ], [ -80.262354065119183, 44.16389696547143 ], [ -80.260109079329936, 44.163795856339618 ], [ -80.260085663545965, 44.164065193874471 ], [ -80.259711498217555, 44.164048337614005 ], [ -80.259641243962847, 44.16485635046466 ], [ -80.259267073349037, 44.16483949260919 ], [ -80.259220232346095, 44.165378168092388 ], [ -80.25847188445637, 44.165344448040486 ], [ -80.258448459930477, 44.165613785732496 ], [ -80.257700109287569, 44.165580060188823 ], [ -80.257582964801443, 44.166926749041039 ], [ -80.256834596694006, 44.166893017294434 ], [ -80.256787729925207, 44.167431693077425 ], [ -80.256413542540372, 44.167414825033511 ], [ -80.256390106970116, 44.167684162964157 ], [ -80.256015917977535, 44.167667293502781 ], [ -80.255992480336971, 44.167936631429868 ], [ -80.255618289736645, 44.167919760550994 ], [ -80.255594850025759, 44.168189098474507 ], [ -80.25447227409559, 44.168138477599733 ], [ -80.254448828636242, 44.16840781534178 ], [ -80.253700442161502, 44.168374061271159 ], [ -80.253723891298932, 44.168104723706975 ], [ -80.252975509427856, 44.168070964499982 ], [ -80.252998962011915, 44.167801627199047 ], [ -80.252624773262539, 44.167784745691662 ], [ -80.252648227454173, 44.167515408565073 ], [ -80.251899854327746, 44.167481641742548 ], [ -80.25187639645813, 44.167750978691203 ], [ -80.250753832987698, 44.167700318226316 ], [ -80.250706905519962, 44.168238991845605 ], [ -80.25033271448153, 44.168222102188864 ], [ -80.250356180170186, 44.167952765425568 ], [ -80.249607802466045, 44.1679189823044 ], [ -80.249748613802609, 44.166302964584979 ], [ -80.250122791505234, 44.166319856275656 ], [ -80.250146257411927, 44.166050520198795 ], [ -80.250520433507234, 44.166067410472046 ], [ -80.250543897343505, 44.165798074391567 ], [ -80.250918071831492, 44.165814963247229 ], [ -80.25094153359737, 44.165545627163091 ], [ -80.25131570647801, 44.165562514601241 ], [ -80.25133916617358, 44.165293178513572 ], [ -80.251713337446859, 44.165310064534239 ], [ -80.251736795072091, 44.165040728442904 ], [ -80.25248513463545, 44.165074496320784 ], [ -80.252508588351603, 44.164805160136879 ], [ -80.252882756641625, 44.164822041994142 ], [ -80.252929659702076, 44.164283369704648 ], [ -80.253303824545924, 44.164300250055476 ], [ -80.253350723003265, 44.163761577929733 ], [ -80.253724884400995, 44.163778456774168 ], [ -80.253795224835542, 44.162970448959413 ], [ -80.254169380948483, 44.16298732620853 ], [ -80.254310044539395, 44.161371312352564 ], [ -80.253935899458241, 44.16135443563708 ], [ -80.253982789148452, 44.1608157652134 ], [ -80.25435693055249, 44.16083264175095 ], [ -80.254427257837364, 44.160024636489794 ], [ -80.254053121948871, 44.160007760219067 ], [ -80.254100009325924, 44.159469090650354 ], [ -80.254474141537457, 44.159485966743233 ], [ -80.25452102431241, 44.158947297338706 ], [ -80.254895153078365, 44.158964171925412 ], [ -80.254942031251389, 44.158425502685105 ], [ -80.255316156571794, 44.15844237576556 ], [ -80.255339593473039, 44.158173041184831 ], [ -80.25571371718631, 44.158189912848101 ], [ -80.255737152017957, 44.157920578263948 ], [ -80.256111274124081, 44.157937448509976 ], [ -80.256134706886158, 44.157668113922476 ], [ -80.256508827385119, 44.157684982751299 ], [ -80.256532258077669, 44.15741564816048 ], [ -80.259151095173834, 44.157533692147396 ], [ -80.259127677349738, 44.157803027360252 ], [ -80.25987592227645, 44.157836742436558 ], [ -80.259922750340223, 44.157298071740954 ], [ -80.260296869473393, 44.157314927108985 ], [ -80.260320281320432, 44.157045591800667 ], [ -80.260694398846255, 44.157062445751571 ], [ -80.260717808623994, 44.156793110440027 ], [ -80.26109192454247, 44.156809962973803 ], [ -80.261138739728494, 44.156271292429821 ], [ -80.261886964905017, 44.156304993157299 ], [ -80.261910368475071, 44.156035657836107 ], [ -80.262658590898681, 44.156069353072851 ], [ -80.262705389993073, 44.155530682332142 ], [ -80.263079497874656, 44.155547527780534 ], [ -80.263149689270193, 44.154739522045247 ], [ -80.262775586903246, 44.154722676863173 ], [ -80.262798985411621, 44.154453341878124 ], [ -80.262424885113674, 44.154436495456586 ], [ -80.262635477844228, 44.152012485244441 ], [ -80.263009561599404, 44.152029330866924 ], [ -80.263103145014966, 44.150951994867349 ], [ -80.263477221649069, 44.150968838806641 ], [ -80.263500615088034, 44.150699504932248 ], [ -80.263874690114989, 44.150716347454591 ], [ -80.263991644658844, 44.149369678924629 ], [ -80.264365710727191, 44.149386519675076 ], [ -80.264412487253878, 44.148847852685762 ], [ -80.2647865498773, 44.148864691930605 ], [ -80.264809935956777, 44.148595358475824 ], [ -80.264435875171159, 44.148578519319727 ], [ -80.264459262857713, 44.148309186039462 ], [ -80.263711145654156, 44.148275503920502 ], [ -80.263757927686115, 44.147736837972261 ], [ -80.263383873105909, 44.147719995098164 ], [ -80.263430657890311, 44.147181329670552 ], [ -80.263056607216257, 44.147164485645995 ], [ -80.263080001100008, 44.14689515314965 ], [ -80.262331904119563, 44.146861461293859 ], [ -80.262378698545319, 44.146322796913637 ], [ -80.262004654076549, 44.146305949171264 ], [ -80.262028052780849, 44.146036617198611 ], [ -80.262402095412, 44.146053464852216 ], [ -80.262425492047896, 44.145784132876585 ], [ -80.263173574327382, 44.145817824022167 ], [ -80.263220359556541, 44.145279159973278 ], [ -80.263594397367285, 44.145296003376522 ], [ -80.263711347214723, 44.143949344312503 ], [ -80.264085376068621, 44.143966185943952 ], [ -80.264155537696212, 44.143158191269471 ], [ -80.264529561268475, 44.143175031306704 ], [ -80.26455294617891, 44.142905699831523 ], [ -80.265300990340592, 44.14293937574471 ], [ -80.265324371345571, 44.142670044177933 ], [ -80.265698391934961, 44.14268688005388 ], [ -80.26576852805411, 44.141878885602686 ], [ -80.266142543361994, 44.141895719884573 ], [ -80.266165919769861, 44.141626388483921 ], [ -80.266539933470995, 44.141643221349135 ], [ -80.266563307810969, 44.141373889945697 ], [ -80.265815284313902, 44.141340223064709 ], [ -80.265862039651353, 44.140801560870386 ], [ -80.265488031923255, 44.140784725615468 ], [ -80.265511411083367, 44.140515394735893 ], [ -80.26476339999347, 44.140481720419928 ], [ -80.264786782597469, 44.140212389803736 ], [ -80.264412779235684, 44.140195550742668 ], [ -80.264459547426171, 44.139656889945563 ], [ -80.26408554796943, 44.139640049734133 ], [ -80.264132318911692, 44.139101389458247 ], [ -80.263384328038811, 44.139067705406852 ], [ -80.26340771683823, 44.138798375575362 ], [ -80.26303372358494, 44.13878153164665 ], [ -80.263057113990769, 44.138512201989897 ], [ -80.263431105406966, 44.138529045829792 ], [ -80.26345449374503, 44.138259716170239 ], [ -80.263828483554818, 44.138276558593596 ], [ -80.263851869825132, 44.138007228931222 ], [ -80.264225858028496, 44.138024069938048 ], [ -80.264249242231116, 44.137754740272868 ], [ -80.264623228828071, 44.137771579863099 ], [ -80.264669992867297, 44.137232920613272 ], [ -80.264296009944431, 44.137216081200528 ], [ -80.264319393455153, 44.13694675179331 ], [ -80.264693374541011, 44.136963591117322 ], [ -80.264716755984139, 44.136694261707376 ], [ -80.265090735463616, 44.136711099614864 ], [ -80.265207630035562, 44.135364453411604 ], [ -80.265581600560893, 44.135381289547695 ], [ -80.265651729026672, 44.134573302591846 ], [ -80.265277764011941, 44.134556466721925 ], [ -80.265301141542949, 44.134287137997447 ], [ -80.264927178595613, 44.134270300888531 ], [ -80.264997315315753, 44.13346231549761 ], [ -80.263501487873711, 44.13339495484977 ], [ -80.263524873666313, 44.133125626913163 ], [ -80.263150919219072, 44.133108783520797 ], [ -80.263221080723241, 44.132300800493823 ], [ -80.262473183540934, 44.132267110258617 ], [ -80.262496573921041, 44.131997782932658 ], [ -80.262122627512539, 44.131980935912345 ], [ -80.26219280277877, 44.131172954717428 ], [ -80.261818862110815, 44.131156106635807 ], [ -80.261842255241461, 44.130886779831833 ], [ -80.26221619407282, 44.130903627824672 ], [ -80.262309756942358, 44.129826321114784 ], [ -80.261935825457158, 44.129809473477046 ], [ -80.261959217434409, 44.129540147103668 ], [ -80.261585288016349, 44.12952329822717 ], [ -80.261655468073371, 44.128715319890262 ], [ -80.261281544395388, 44.128698469952518 ], [ -80.26130493912278, 44.128429144101339 ], [ -80.261678860964366, 44.128445993950265 ], [ -80.261749038253257, 44.127638016647232 ], [ -80.261375121920821, 44.127621167064682 ], [ -80.261421909299429, 44.12708251613779 ], [ -80.260674084671948, 44.127048813345304 ], [ -80.260697481687842, 44.126779488188738 ], [ -80.260323571556484, 44.126762634890028 ], [ -80.260370368568658, 44.126223985013077 ], [ -80.260744275027491, 44.126240838134166 ], [ -80.260814463306716, 44.125432863698812 ], [ -80.261188364487552, 44.125449715226019 ], [ -80.261211758283039, 44.125180390497867 ], [ -80.261585657858348, 44.125197240608777 ], [ -80.261609049586994, 44.124927915878054 ], [ -80.264600239802007, 44.125062668266125 ], [ -80.264576862762937, 44.125331993706908 ], [ -80.265698568406052, 44.125382504215352 ], [ -80.265768682306003, 44.124574527353076 ], [ -80.26689037349739, 44.124625025115783 ], [ -80.266913738827938, 44.124355699401399 ], [ -80.268783219573578, 44.1244398353465 ], [ -80.268806575492945, 44.124170509275004 ], [ -80.269180470496849, 44.124187332392971 ], [ -80.269250531364762, 44.123379354430092 ], [ -80.268876641869255, 44.123362531578117 ], [ -80.268923351635365, 44.122823880211577 ], [ -80.269297237458673, 44.122840702886279 ], [ -80.269343942631551, 44.122302051687591 ], [ -80.269717825012989, 44.122318872857583 ], [ -80.269811225251701, 44.121241571141319 ], [ -80.270558976017156, 44.121275208790024 ], [ -80.270535629974802, 44.121544534266903 ], [ -80.271657263357341, 44.121594981050364 ], [ -80.271703944195963, 44.12105632965126 ], [ -80.272077818778456, 44.121073142413806 ], [ -80.272171170350404, 44.119995840297321 ], [ -80.272545037819228, 44.120012651378069 ], [ -80.272591708552838, 44.119474000660745 ], [ -80.272217844755787, 44.119457189757163 ], [ -80.272264518240803, 44.118918539562479 ], [ -80.271890658345541, 44.118901727508742 ], [ -80.271937334581864, 44.118363077836662 ], [ -80.271563478588334, 44.118346264632869 ], [ -80.271633496724405, 44.117538291038578 ], [ -80.272007347210632, 44.117555103976649 ], [ -80.272054021146062, 44.117016455168553 ], [ -80.272427868190931, 44.117033266602192 ], [ -80.27245120297782, 44.116763942239196 ], [ -80.272077357768651, 44.116747130894176 ], [ -80.27212403032361, 44.11620848260457 ], [ -80.272497871861475, 44.116225293772452 ], [ -80.272544539824878, 44.115686645651429 ], [ -80.272918377921485, 44.115703455314836 ], [ -80.272965041293531, 44.115164807362433 ], [ -80.272591206868128, 44.115147997876186 ], [ -80.2726145400447, 44.114878674118231 ], [ -80.272988372634543, 44.114895483515916 ], [ -80.27305836527745, 44.114087512495097 ], [ -80.273432192590676, 44.114104320299823 ], [ -80.273455521176146, 44.113834996710601 ], [ -80.273081695698409, 44.113818188994429 ], [ -80.273105025889365, 44.113548865580213 ], [ -80.272357379294917, 44.113515246343503 ], [ -80.272380712926804, 44.113245923192892 ], [ -80.272006891810079, 44.113229111672347 ], [ -80.272030227047381, 44.112959788696884 ], [ -80.271282589174973, 44.112926161851348 ], [ -80.271305927853064, 44.112656839139596 ], [ -80.27093211109738, 44.112640023814677 ], [ -80.2709554513808, 44.112370701278039 ], [ -80.27132926630108, 44.112387516514325 ], [ -80.271469292157747, 44.110771582579474 ], [ -80.271095488249486, 44.110754767874809 ], [ -80.271118826922304, 44.110485445943795 ], [ -80.271492628995333, 44.110502260559826 ], [ -80.271515965602845, 44.110232938626773 ], [ -80.271889766070657, 44.110249751827133 ], [ -80.271936434925109, 44.109711108043449 ], [ -80.271562638127747, 44.109694295020269 ], [ -80.271585974045152, 44.109424973346833 ], [ -80.271212179313039, 44.109408159085213 ], [ -80.271235516835574, 44.109138837586954 ], [ -80.270861724168697, 44.109122022086829 ], [ -80.270908402193925, 44.108583379527253 ], [ -80.271282191190494, 44.108600194850176 ], [ -80.271398873052092, 44.107253589523431 ], [ -80.271025093230946, 44.107236774643589 ], [ -80.271048430748209, 44.106967453926657 ], [ -80.271422208734307, 44.106984268717923 ], [ -80.27144554418652, 44.106714947999009 ], [ -80.271819320567616, 44.106731761374668 ], [ -80.272005981225263, 44.10457719803324 ], [ -80.272379743156847, 44.104594009373145 ], [ -80.272426402351726, 44.104055369227225 ], [ -80.272800160843559, 44.104072179063003 ], [ -80.272823488261253, 44.103802859031489 ], [ -80.273197245148168, 44.103819667451788 ], [ -80.273243895624148, 44.103281027471589 ], [ -80.273991402748493, 44.10331463997715 ], [ -80.274014723972044, 44.103045319939959 ], [ -80.274388476044237, 44.103062124113798 ], [ -80.274411795203164, 44.10279280407476 ], [ -80.274785545670426, 44.102809606833134 ], [ -80.274762228346276, 44.103078926960713 ], [ -80.275135980878147, 44.10309572848071 ], [ -80.275112665158943, 44.103365048783516 ], [ -80.275486419755424, 44.103381849065102 ], [ -80.275509733639822, 44.103112528673769 ], [ -80.275883486631287, 44.103129327539897 ], [ -80.275906798451103, 44.102860007146745 ], [ -80.276280549837566, 44.102876804597436 ], [ -80.276420404922987, 44.101260883528475 ], [ -80.276794145530843, 44.101277679121232 ], [ -80.276817452073004, 44.101008359158122 ], [ -80.277191191075886, 44.101025153335492 ], [ -80.277214495553679, 44.100755833370648 ], [ -80.277588232951615, 44.10077262613266 ], [ -80.277611535365068, 44.100503306166068 ], [ -80.277985271158059, 44.100520097512728 ], [ -80.278008571507229, 44.100250777544424 ], [ -80.278756040112839, 44.100284356080181 ], [ -80.278779336563147, 44.100015036021716 ], [ -80.281021736882408, 44.100115739253638 ], [ -80.281091591833132, 44.099307778006953 ], [ -80.281465320519231, 44.099324556969684 ], [ -80.281488603209269, 44.099055236639295 ], [ -80.282983512909965, 44.099122338868177 ], [ -80.28300678803231, 44.098853018270987 ], [ -80.284127967212896, 44.098903330745706 ], [ -80.284174505762181, 44.09836468928151 ], [ -80.28454822894534, 44.098381457276041 ], [ -80.284571496041451, 44.098112136585819 ], [ -80.284945217619381, 44.098128903165154 ], [ -80.284968482651692, 44.097859582473397 ], [ -80.28534220262442, 44.097876347637587 ], [ -80.285388728332208, 44.097337706337896 ], [ -80.285762444865227, 44.097354469998592 ], [ -80.285808965987044, 44.096815828869566 ], [ -80.286556392403028, 44.096849351857294 ], [ -80.286579648951232, 44.096580031246432 ], [ -80.286953360668619, 44.096596790661785 ], [ -80.286976615153193, 44.096327470049481 ], [ -80.287350325265351, 44.096344228049738 ], [ -80.287396829878176, 44.095805586909108 ], [ -80.28777053655071, 44.095822343405992 ], [ -80.287863535689169, 44.094745061814081 ], [ -80.287489836353984, 44.094728305670358 ], [ -80.287536338217009, 44.094189665572351 ], [ -80.287162642779535, 44.094172908278509 ], [ -80.287325404921901, 44.092287671291508 ], [ -80.287699087519982, 44.092304427967285 ], [ -80.287722336503919, 44.092035108657164 ], [ -80.288096017496983, 44.092051863917938 ], [ -80.288119264417688, 44.091782544606509 ], [ -80.288492943805721, 44.091799298452372 ], [ -80.288516188663252, 44.091529979139594 ], [ -80.288889866446254, 44.09154673157051 ], [ -80.288913109240639, 44.09127741225641 ], [ -80.289286785418582, 44.09129416327238 ], [ -80.289449465728055, 44.089408929891434 ], [ -80.289823129296892, 44.089425678962975 ], [ -80.289846366591107, 44.089156360168275 ], [ -80.290220028554998, 44.089173107824976 ], [ -80.29024326378628, 44.088903789029075 ], [ -80.290616924145183, 44.088920535270937 ], [ -80.290709855445243, 44.087843260604572 ], [ -80.291457162178688, 44.087876748402678 ], [ -80.291480390763653, 44.087607429777222 ], [ -80.292227694744966, 44.087640912092645 ], [ -80.292250919433357, 44.08737159337781 ], [ -80.292998220662383, 44.087405070210565 ], [ -80.293067882351608, 44.08659711405928 ], [ -80.293441527807914, 44.086613850221248 ], [ -80.293511181936623, 44.085805894589051 ], [ -80.293884822120376, 44.085822629159978 ], [ -80.293954468688938, 44.085014674047095 ], [ -80.293580834006292, 44.08499793974071 ], [ -80.293604050905316, 44.084728621632138 ], [ -80.293977683754278, 44.084745355850337 ], [ -80.294024113198745, 44.084206719718182 ], [ -80.294397742609135, 44.084223452433505 ], [ -80.294467379559464, 44.083415498624255 ], [ -80.296709127819227, 44.083515865473764 ], [ -80.296732328677066, 44.083246547182767 ], [ -80.297479576258795, 44.083279992011306 ], [ -80.297502773220884, 44.083010673631243 ], [ -80.29787639552103, 44.083027393967726 ], [ -80.297853200392524, 44.083296712435882 ], [ -80.299347699212731, 44.083363580869566 ], [ -80.29937088700683, 44.083094262049045 ], [ -80.299744510449528, 44.083110975753222 ], [ -80.299767696181576, 44.082841656931791 ], [ -80.300888562379484, 44.082891789821389 ], [ -80.300865382148203, 44.083161108906978 ], [ -80.301239006504588, 44.083177817305291 ], [ -80.301215827878508, 44.083447136566051 ], [ -80.302336707818768, 44.083497254066266 ], [ -80.302359880943968, 44.083227934541398 ], [ -80.303854383392959, 44.083294738952326 ], [ -80.30380805158336, 44.08383337879323 ], [ -80.304928941818815, 44.083883468701224 ], [ -80.304952102336742, 44.083614148473274 ], [ -80.305325731037996, 44.083630842368322 ], [ -80.30537204772196, 44.083092201997921 ], [ -80.305745672984102, 44.083108894390598 ], [ -80.305815140797876, 44.082300934224996 ], [ -80.306188760787364, 44.082317625027287 ], [ -80.306211914435409, 44.082048305058549 ], [ -80.306585532819469, 44.082064994446448 ], [ -80.30663183576408, 44.081526354594651 ], [ -80.307379065882287, 44.081559729039434 ], [ -80.307402213345384, 44.081290409068409 ], [ -80.308523054732603, 44.08134046052357 ], [ -80.308569337973552, 44.080801820315884 ], [ -80.308195727616777, 44.08078513799974 ], [ -80.308218870728751, 44.080515818114577 ], [ -80.307845262433474, 44.08049913455995 ], [ -80.307868407150849, 44.080229814849964 ], [ -80.307494800917098, 44.080213130056812 ], [ -80.307541093334606, 44.079674491074385 ], [ -80.308288298696439, 44.079707858982601 ], [ -80.308311440896304, 44.07943853944645 ], [ -80.308685042085827, 44.079455221323094 ], [ -80.30873132213479, 44.078916582336745 ], [ -80.309478517864235, 44.078949941759262 ], [ -80.309501653880005, 44.078680622221221 ], [ -80.309875250253299, 44.078697299855044 ], [ -80.309921517934328, 44.078158660865 ], [ -80.31029511086885, 44.078175336996708 ], [ -80.31031824253418, 44.07790601754472 ], [ -80.309944651432971, 44.077889341500878 ], [ -80.309967784703687, 44.077620022224053 ], [ -80.307352666210903, 44.077503253394617 ], [ -80.307375812086576, 44.077233934820327 ], [ -80.307002226475731, 44.07721724834159 ], [ -80.30702537395662, 44.076947929942541 ], [ -80.307398957734222, 44.076964616333392 ], [ -80.307560970883031, 44.075079389369407 ], [ -80.308308113457954, 44.075112756941415 ], [ -80.308377533245917, 44.07430480331081 ], [ -80.308751099376096, 44.074321484843708 ], [ -80.308774237016422, 44.074052167053672 ], [ -80.309147801541499, 44.074068847172406 ], [ -80.309194072472309, 44.073530211678616 ], [ -80.31068831818736, 44.073596918188137 ], [ -80.31066519016801, 44.073866236242843 ], [ -80.311412318058757, 44.07389958171585 ], [ -80.311389193477666, 44.074168900033619 ], [ -80.312509892521518, 44.074218908559779 ], [ -80.312533011603406, 44.073949589978461 ], [ -80.312906576573837, 44.073966256746878 ], [ -80.312952810388282, 44.073427619670838 ], [ -80.313326371920382, 44.073444284937331 ], [ -80.313349486652953, 44.073174966442572 ], [ -80.312975926953911, 44.073158301263888 ], [ -80.313068390939108, 44.072081028510084 ], [ -80.313815495901139, 44.072114356838767 ], [ -80.313884830501536, 44.071306402664362 ], [ -80.313511283405404, 44.071289739426554 ], [ -80.313534396316399, 44.071020421631097 ], [ -80.31278730647297, 44.070987091352471 ], [ -80.312810422821997, 44.070717773820057 ], [ -80.312436880074699, 44.070701106779261 ], [ -80.312459998028828, 44.070431789422138 ], [ -80.312086457342119, 44.070415121143036 ], [ -80.312109576901321, 44.070145803961132 ], [ -80.311736038275157, 44.070129134443718 ], [ -80.311759159439418, 44.069859817437106 ], [ -80.311012086535968, 44.069826474599466 ], [ -80.311035211137977, 44.069557157856003 ], [ -80.310661676860704, 44.0695404845358 ], [ -80.310684803067673, 44.069271167967663 ], [ -80.31031127085096, 44.069254493409197 ], [ -80.310334398662846, 44.068985177016366 ], [ -80.309960868506678, 44.068968501219643 ], [ -80.309983997923453, 44.068699185002131 ], [ -80.309610469827803, 44.068682507967154 ], [ -80.309679862209038, 44.067874560103135 ], [ -80.309306339839253, 44.067857882005683 ], [ -80.3093757356677, 44.067049935192664 ], [ -80.309002219023554, 44.067033256032794 ], [ -80.309071618298972, 44.06622531027098 ], [ -80.30944512944545, 44.066241989167239 ], [ -80.309468260249034, 44.065972674000442 ], [ -80.311709320916933, 44.066072719003749 ], [ -80.3116862011085, 44.066342034697662 ], [ -80.312059713849521, 44.066358704311554 ], [ -80.312082831825421, 44.066089388529804 ], [ -80.315817953431662, 44.066256010857444 ], [ -80.315841052854466, 44.065986694285307 ], [ -80.316214564434276, 44.066003349136992 ], [ -80.316237661797032, 44.065734032564691 ], [ -80.316611171771811, 44.065750686002524 ], [ -80.316634267074519, 44.065481369429946 ], [ -80.317381284041517, 44.065514672152112 ], [ -80.317427466634484, 44.064976038918729 ], [ -80.317800971794142, 44.064992688115282 ], [ -80.317777882443878, 44.065262004775924 ], [ -80.319271912686702, 44.065328588652619 ], [ -80.319248830439108, 44.065597905751659 ], [ -80.32074287164987, 44.065664468762321 ], [ -80.320719796505117, 44.065933786299631 ], [ -80.322213848682807, 44.066000328443984 ], [ -80.322236916497289, 44.065731010556071 ], [ -80.322983940284402, 44.065764273496562 ], [ -80.323007004206545, 44.065494955520919 ], [ -80.323754025237278, 44.065528212981945 ], [ -80.323777085267139, 44.065258894918706 ], [ -80.324150594290671, 44.065275521572467 ], [ -80.324173652260868, 44.065006203509149 ], [ -80.324547159678986, 44.065022828749292 ], [ -80.324570215589532, 44.064753510685954 ], [ -80.324943721402235, 44.064770134512479 ], [ -80.325012882273811, 44.063962180585214 ], [ -80.32538638281612, 44.063978802822966 ], [ -80.325478586802816, 44.062901531796115 ], [ -80.325852080242456, 44.06291815235754 ], [ -80.325875128839144, 44.062648834732322 ], [ -80.326248620673411, 44.062665453880129 ], [ -80.32627166721069, 44.062396136255003 ], [ -80.327018647895471, 44.062429370397531 ], [ -80.327087775151298, 44.061621417522581 ], [ -80.327461260337088, 44.061638032342245 ], [ -80.327507340374936, 44.061099397355456 ], [ -80.327880822123063, 44.061116010674084 ], [ -80.328042082281868, 44.059230790369398 ], [ -80.328415551431306, 44.059247401749396 ], [ -80.328530721291742, 44.0579008180109 ], [ -80.327783801540946, 44.057867594800292 ], [ -80.327852911727248, 44.057059646135109 ], [ -80.328226365993075, 44.057076258140775 ], [ -80.328249400436079, 44.056806942007015 ], [ -80.328622853096746, 44.056823552599305 ], [ -80.328714981272313, 44.055746288591749 ], [ -80.32908842683193, 44.055762897508174 ], [ -80.329203572788387, 44.054416319036257 ], [ -80.329577009415345, 44.054432926189321 ], [ -80.329623062546702, 44.053894295240156 ], [ -80.329996495736765, 44.05391090089244 ], [ -80.330065568237686, 44.053102954864819 ], [ -80.330438996159103, 44.053119558928913 ], [ -80.330462018040848, 44.052850243674541 ], [ -80.33083544435722, 44.052866846325372 ], [ -80.330881483777091, 44.052328215905248 ], [ -80.330508061124164, 44.052311613429367 ], [ -80.330531082325777, 44.05204229843855 ], [ -80.330904503146968, 44.052058900826957 ], [ -80.33101959659615, 44.050712326753427 ], [ -80.331393008485747, 44.050728927378771 ], [ -80.331416024663966, 44.050459612740234 ], [ -80.33178943494859, 44.050476211952422 ], [ -80.331858476628582, 44.049668268301787 ], [ -80.332231881645129, 44.049684865925933 ], [ -80.332300915790952, 44.048876922804112 ], [ -80.332674315539549, 44.048893518840281 ], [ -80.332697324636811, 44.04862420455472 ], [ -80.333070722780491, 44.04864079917779 ], [ -80.333139743218439, 44.047832856586467 ], [ -80.333513136094297, 44.04784944962163 ], [ -80.333536140622428, 44.04758013551298 ], [ -80.333909531893383, 44.047596727135087 ], [ -80.333978538624478, 44.046788785074561 ], [ -80.334351924627754, 44.046805375108896 ], [ -80.334374924587095, 44.046536061177271 ], [ -80.335121693610333, 44.04656923709414 ], [ -80.335167685524254, 44.046030609145284 ], [ -80.33554106671285, 44.046047194940577 ], [ -80.335564060498839, 44.045777881010693 ], [ -80.335937440082546, 44.04579446539303 ], [ -80.335983423312697, 44.045255837622548 ], [ -80.336356799460219, 44.045272420504531 ], [ -80.336402778122306, 44.044733792911337 ], [ -80.337149523771359, 44.044766954349214 ], [ -80.33717250910037, 44.044497640509938 ], [ -80.337545880433154, 44.044514219153214 ] ], [ [ -80.272596227293008, 44.158409085795014 ], [ -80.272572875421687, 44.158678424287565 ], [ -80.2729470079138, 44.158695234758262 ], [ -80.272970357946633, 44.158425896177086 ], [ -80.272596227293008, 44.158409085795014 ] ] ] } },
{ "type": "Feature", "properties": { "SubId": 90011484, "DowSubId": 90013481, "RivSlope": 0.0030875634826279998, "RivLength": 7032.558385, "BasSlope": 1.0144576125618341, "BasAspect": 178.63749701443135, "BasArea": 51113896.708722003, "BkfWidth": 16.999901376499999, "BkfDepth": 0.45209750200900001, "Lake_Cat": 0, "HyLakeId": 0, "LakeVol": 0.0, "LakeDepth": 0.0, "LakeArea": 0.0, "Laketype": 0, "Has_POI": 0, "MeanElev": 485.54523629172479, "FloodP_n": 0.050948320234134002, "Q_Mean": 3.5182044384531639, "Ch_n": 0.039866257381685997, "DrainArea": 98300446.164553002, "Strahler": 2, "Seg_ID": 21, "Seg_order": 2, "Max_DEM": 480.4871521, "Min_DEM": 464.516113281, "DA_Obs": 0.0, "DA_error": 0.0, "Obs_NM": null, "SRC_obs": null, "centroid_x": -80.413366444496233, "centroid_y": 43.987305206666214, "DA_Chn_L": 14350.953358000001, "DA_Slope": 0.252501288647, "DA_Chn_Slp": 0.0098325462565299997, "outletLat": 43.97405217, "outletLng": -80.360956601200002, "Region": "SW", "Sub_Reg": "02G", "rvhName": "sub90011484" }, "geometry": { "type": "MultiPolygon", "coordinates": [ [ [ [ -80.360758732746447, 43.97417856504142 ], [ -80.360781572366747, 43.973909270627843 ], [ -80.36115446962576, 43.973925763926687 ], [ -80.361131631832137, 43.974195058427121 ], [ -80.360758732746447, 43.97417856504142 ] ] ], [ [ [ -80.387920674576222, 43.927264704890511 ], [ -80.387897987723392, 43.927533988746511 ], [ -80.388643167742259, 43.927566779454587 ], [ -80.388620484313975, 43.927836063573778 ], [ -80.389365668871889, 43.927868849164042 ], [ -80.389342988868222, 43.928138133546412 ], [ -80.389715583305232, 43.928154524443926 ], [ -80.389738261485121, 43.927885239975225 ], [ -80.390483447380106, 43.927918017629686 ], [ -80.390506121689654, 43.92764873307879 ], [ -80.392369081206937, 43.927730653637255 ], [ -80.392391746174937, 43.927461368745398 ], [ -80.392764336922824, 43.9274777488029 ], [ -80.392741673778559, 43.927747033781046 ], [ -80.393859452829545, 43.927796166276551 ], [ -80.393836794933932, 43.92806545160397 ], [ -80.394209390219999, 43.928081826543433 ], [ -80.394186733925565, 43.928351112047608 ], [ -80.394559331258066, 43.928367485750663 ], [ -80.394536676564826, 43.928636771431542 ], [ -80.395281875545308, 43.928669515042159 ], [ -80.395304526590877, 43.928400229188796 ], [ -80.395677124591145, 43.928416598923867 ], [ -80.395699773590337, 43.928147313074781 ], [ -80.396072369989341, 43.928163681400989 ], [ -80.39611766367247, 43.927625109801845 ], [ -80.396490256646402, 43.927641476632971 ], [ -80.396535545791892, 43.927102905223428 ], [ -80.396908135340809, 43.927119270559508 ], [ -80.396930777756069, 43.926849984904301 ], [ -80.398793719718753, 43.92693179131431 ], [ -80.398771086422215, 43.927201077400397 ], [ -80.399143677305787, 43.927217434800667 ], [ -80.399098413693125, 43.927756007416725 ], [ -80.399471008446625, 43.927772363666634 ], [ -80.399448378130558, 43.92804165019659 ], [ -80.400193571952258, 43.92807435890078 ], [ -80.40017094506149, 43.928343645693509 ], [ -80.40054354412969, 43.928359998147727 ], [ -80.400520918840442, 43.928629285117097 ], [ -80.401266121291528, 43.928661986229777 ], [ -80.401220877341657, 43.929200560784466 ], [ -80.40196608797747, 43.929233256950859 ], [ -80.401943469316947, 43.929502544536142 ], [ -80.402316076792189, 43.929518890721397 ], [ -80.402248224948963, 43.930326754278425 ], [ -80.401875612001817, 43.930310407834881 ], [ -80.401807752686281, 43.931118271947767 ], [ -80.402180371105459, 43.931134618649615 ], [ -80.402135134098501, 43.931673195349333 ], [ -80.401762512031169, 43.931656848475264 ], [ -80.401739891370198, 43.931926136874687 ], [ -80.402485139375287, 43.931958829472237 ], [ -80.40243990468295, 43.932497406886732 ], [ -80.402067276921031, 43.932481061077098 ], [ -80.402022037691324, 43.933019638681131 ], [ -80.401649406503367, 43.933003291376536 ], [ -80.401626784730908, 43.933272580228042 ], [ -80.401254151941089, 43.933256231514541 ], [ -80.401231528122111, 43.933525520370331 ], [ -80.400486259561063, 43.933492818802691 ], [ -80.40041837582487, 43.934300685395662 ], [ -80.400045736405204, 43.934284332369224 ], [ -80.400000475820718, 43.934822910377477 ], [ -80.398882547950578, 43.934773842844329 ], [ -80.398859911851872, 43.935043131725564 ], [ -80.398487267849092, 43.935026773149339 ], [ -80.398464629703639, 43.935296062034766 ], [ -80.39809198409904, 43.935279702049492 ], [ -80.398069343906798, 43.935548990939139 ], [ -80.398441991335702, 43.935565351010553 ], [ -80.398396713932414, 43.93610392923317 ], [ -80.398769365232468, 43.936120288154079 ], [ -80.398701452932045, 43.936928156424031 ], [ -80.398328796158836, 43.936911797244619 ], [ -80.398306156455988, 43.937181086762429 ], [ -80.397933498080832, 43.937164726173954 ], [ -80.397910856331052, 43.937434015695885 ], [ -80.397538196353977, 43.937417653698333 ], [ -80.397492908537956, 43.937956232840747 ], [ -80.398238236012446, 43.937988955857705 ], [ -80.398192954604227, 43.938527535706065 ], [ -80.398565622324242, 43.938543895402503 ], [ -80.3985429831109, 43.938813185548298 ], [ -80.398170313566354, 43.938796825765699 ], [ -80.398125030823039, 43.93933540615577 ], [ -80.397752357851914, 43.93931904487787 ], [ -80.397661782396568, 43.940396206396549 ], [ -80.398034462666118, 43.940412568019191 ], [ -80.397989177252455, 43.940951149492399 ], [ -80.398361861393852, 43.940967509964437 ], [ -80.398293937078392, 43.941775383109608 ], [ -80.40015738849371, 43.941857166917089 ], [ -80.400134755733902, 43.94212645857673 ], [ -80.400507448509131, 43.942142811455305 ], [ -80.400371658227741, 43.943758563824453 ], [ -80.40260788524364, 43.943856656412351 ], [ -80.4025852637009, 43.944125949306283 ], [ -80.402957970806767, 43.944142293526241 ], [ -80.402912730704102, 43.94468087975681 ], [ -80.403285441682172, 43.944697222825894 ], [ -80.403262823122304, 43.944966516162545 ], [ -80.403635536147675, 43.944982857994574 ], [ -80.403612919190465, 43.945252151507475 ], [ -80.403985634263123, 43.945268492102464 ], [ -80.403963018908641, 43.945537785791629 ], [ -80.404335736028571, 43.945554125149577 ], [ -80.404313122276818, 43.94582341901495 ], [ -80.404685841444078, 43.945839757135829 ], [ -80.404663229295082, 43.946109051177423 ], [ -80.405408671946475, 43.946141723621849 ], [ -80.405340845116442, 43.946949606803841 ], [ -80.406459027186088, 43.946998606321273 ], [ -80.406436423273675, 43.947267901153651 ], [ -80.406809152899754, 43.947284231765821 ], [ -80.406786550590311, 43.947553526774357 ], [ -80.407159282263734, 43.947569856149343 ], [ -80.407136681557276, 43.947839151334037 ], [ -80.407509415278042, 43.947855479471762 ], [ -80.407464216849107, 43.948394070283612 ], [ -80.407836954442416, 43.948410397270266 ], [ -80.407814356719982, 43.948679692897286 ], [ -80.407441617301416, 43.94866336582465 ], [ -80.407396417539573, 43.94920195717706 ], [ -80.407023674692653, 43.949185628609179 ], [ -80.407001072653202, 43.949454924334518 ], [ -80.406255583975309, 43.949422263057052 ], [ -80.406278189665315, 43.949152967503771 ], [ -80.404787222277335, 43.949087629414237 ], [ -80.404741996072829, 43.949626219922564 ], [ -80.402505529756468, 43.949528172058727 ], [ -80.402482905369013, 43.94979746693155 ], [ -80.402110159935944, 43.949781120903516 ], [ -80.402087533500804, 43.950050415780289 ], [ -80.402460280759172, 43.950066761894441 ], [ -80.402437655926917, 43.950336056947393 ], [ -80.402810405233012, 43.950352401824397 ], [ -80.402787782003699, 43.950621697053485 ], [ -80.403533284933701, 43.950654383009947 ], [ -80.403465424863683, 43.951462269754153 ], [ -80.403092667811364, 43.951445927179279 ], [ -80.403070045517865, 43.951715222854716 ], [ -80.402697286862491, 43.951698878870488 ], [ -80.402674662521193, 43.951968174549833 ], [ -80.402301902262806, 43.951951829156243 ], [ -80.402256649262057, 43.952490420612818 ], [ -80.401883885575202, 43.952474073723707 ], [ -80.401861256915709, 43.952743369500915 ], [ -80.401115726558373, 43.952710671580547 ], [ -80.401070461270038, 43.95324926306052 ], [ -80.400324924500694, 43.95321655950238 ], [ -80.400257013946216, 43.954024446880531 ], [ -80.399884240418729, 43.954008092858047 ], [ -80.399816322384652, 43.9548159807876 ], [ -80.399443543602956, 43.95479962518332 ], [ -80.399375618088854, 43.955607513664091 ], [ -80.399002834052851, 43.955591156477958 ], [ -80.398980189943956, 43.955860452731955 ], [ -80.398607404304911, 43.955844094136289 ], [ -80.398562111767887, 43.956382686741776 ], [ -80.398189322700091, 43.956366326650354 ], [ -80.39814402562105, 43.956904919443204 ], [ -80.3988896112822, 43.956937638647332 ], [ -80.398799029058338, 43.958014826001467 ], [ -80.399171829526011, 43.95803118396308 ], [ -80.399126540729924, 43.958569778351901 ], [ -80.398753736610587, 43.958553420217946 ], [ -80.398731090052735, 43.958822717461018 ], [ -80.398358284330172, 43.958806357917446 ], [ -80.398290337842994, 43.959614249927412 ], [ -80.398663149043244, 43.959630609729537 ], [ -80.398617853923611, 43.960169205024563 ], [ -80.398990668998408, 43.960185563675552 ], [ -80.398968022930561, 43.960454861544022 ], [ -80.399340840053995, 43.960471218957686 ], [ -80.399295550902337, 43.961009815136514 ], [ -80.399668371900404, 43.961026171398991 ], [ -80.399645728816651, 43.961295469709327 ], [ -80.399272905992532, 43.961279113360654 ], [ -80.399227615505012, 43.96181771007852 ], [ -80.398854789251445, 43.961801352234041 ], [ -80.39883214184762, 43.96207065064155 ], [ -80.398459313990642, 43.962054291387339 ], [ -80.398391364964766, 43.962862186890192 ], [ -80.398764198300086, 43.962878546402948 ], [ -80.398786846371948, 43.962609247726 ], [ -80.400278174635346, 43.962674672196663 ], [ -80.400300815180032, 43.9624053732649 ], [ -80.400673645976312, 43.962421725987518 ], [ -80.400651007257764, 43.962691025005419 ], [ -80.402888007666078, 43.962789114063092 ], [ -80.402865379681899, 43.963058413687548 ], [ -80.403238215688248, 43.963074757317415 ], [ -80.403215589307777, 43.963344057117773 ], [ -80.403588427362806, 43.963360399510151 ], [ -80.403611051917068, 43.963091099623725 ], [ -80.404729561938197, 43.963140118601139 ], [ -80.404706942862518, 43.96340941874579 ], [ -80.405825460363857, 43.963458426069089 ], [ -80.405848073960911, 43.963189125666283 ], [ -80.40622091174653, 43.963205458707485 ], [ -80.406288745725092, 43.962397557779838 ], [ -80.40740724398016, 43.962446548187664 ], [ -80.407429849383263, 43.962177247800042 ], [ -80.407057018235434, 43.962160919073661 ], [ -80.407147444929677, 43.961083718765536 ], [ -80.406774621308557, 43.961067389059778 ], [ -80.406797229252518, 43.960798089293405 ], [ -80.407542873064884, 43.960830747209499 ], [ -80.407565477134455, 43.960561447360966 ], [ -80.409429581424064, 43.960643068559442 ], [ -80.409406986484768, 43.960912368837946 ], [ -80.409779809835285, 43.960928689193018 ], [ -80.409757216499926, 43.96119798964736 ], [ -80.410130041898668, 43.961214308764859 ], [ -80.410107450167274, 43.961483609395032 ], [ -80.410480277614241, 43.96149992727495 ], [ -80.410457687486854, 43.961769228080932 ], [ -80.413067498616698, 43.961883416782236 ], [ -80.413090075961108, 43.961614115374736 ], [ -80.413462905184446, 43.961630422666168 ], [ -80.413440329666201, 43.961899724159586 ], [ -80.414185992431086, 43.961932334943548 ], [ -80.414163420343229, 43.96220163669858 ], [ -80.414536253884734, 43.962217940191088 ], [ -80.414558824146425, 43.961948638350151 ], [ -80.415304488242853, 43.961981241192674 ], [ -80.41532705463031, 43.961711939269833 ], [ -80.417564041287051, 43.96180971551636 ], [ -80.417586596495653, 43.961540413168322 ], [ -80.417959426555228, 43.961556704491066 ], [ -80.41798197971589, 43.961287402147093 ], [ -80.418727636847962, 43.961319980650245 ], [ -80.418750186134588, 43.96105067822451 ], [ -80.419123013207042, 43.961066965404953 ], [ -80.419168107462937, 43.960528360651587 ], [ -80.420659403360446, 43.960593495451384 ], [ -80.420681942851445, 43.960324192866395 ], [ -80.421054765553791, 43.960340473171705 ], [ -80.421077302997091, 43.960071170590886 ], [ -80.421450124094918, 43.96008744948692 ], [ -80.421427588477712, 43.960356752153487 ], [ -80.42254605857886, 43.960405581157417 ], [ -80.422523528218449, 43.960674884171134 ], [ -80.422896353854682, 43.960691157944396 ], [ -80.42287382509889, 43.960960461133716 ], [ -80.423992308815002, 43.961009274769282 ], [ -80.423969785316231, 43.961278578305659 ], [ -80.424715445886633, 43.961311114282893 ], [ -80.424692925818789, 43.961580418080544 ], [ -80.425811423813613, 43.961629212376579 ], [ -80.425743878717668, 43.962437125079958 ], [ -80.425371040352601, 43.962420861381197 ], [ -80.425280969820093, 43.963498079234519 ], [ -80.425653815490392, 43.963514343275989 ], [ -80.425608782548423, 43.964052952913143 ], [ -80.425981632092814, 43.964069215802319 ], [ -80.425936601918025, 43.964607825970162 ], [ -80.425563748720819, 43.964591562909597 ], [ -80.425473678408707, 43.96566878398054 ], [ -80.427337983137647, 43.965750087759595 ], [ -80.427292964918209, 43.966288699690537 ], [ -80.427665830181098, 43.966304956646518 ], [ -80.427575798392439, 43.967382181928485 ], [ -80.429067290882358, 43.967447197885207 ], [ -80.429022288273146, 43.96798581174987 ], [ -80.429395165602116, 43.968002062600902 ], [ -80.429327665508836, 43.96880998432799 ], [ -80.428954782699805, 43.968793733220132 ], [ -80.428932280399465, 43.969063040556392 ], [ -80.428559395985005, 43.969046788039144 ], [ -80.428424366575285, 43.970662633427487 ], [ -80.428797261950464, 43.970678886458451 ], [ -80.428774758101099, 43.970948194422839 ], [ -80.429147655524446, 43.970964446215589 ], [ -80.429102650815537, 43.971503062584695 ], [ -80.429475552113914, 43.971519313224789 ], [ -80.429498052752123, 43.971250004909805 ], [ -80.430616752494146, 43.97129874863024 ], [ -80.430594257336637, 43.971568057202035 ], [ -80.432085867397277, 43.97163303063757 ], [ -80.432130842875921, 43.971094412899127 ], [ -80.43250374229018, 43.971110652777249 ], [ -80.432526227870895, 43.970841343957041 ], [ -80.432899125679413, 43.970857582425758 ], [ -80.432921609212173, 43.970588273609728 ], [ -80.433294505414892, 43.970604510669055 ], [ -80.433316986899669, 43.97033520185721 ], [ -80.43406277631469, 43.970367671833287 ], [ -80.434085253924721, 43.970098362940114 ], [ -80.435576828099741, 43.970163286664153 ], [ -80.435554357797102, 43.970432595899346 ], [ -80.435927253720195, 43.970448823606226 ], [ -80.435904785023453, 43.970718133016625 ], [ -80.436650581186214, 43.970750584629862 ], [ -80.436628115922304, 43.971019894300987 ], [ -80.437373916622562, 43.971052340789733 ], [ -80.437261605258627, 43.97239889134562 ], [ -80.437634515074905, 43.972415113031474 ], [ -80.437544669315614, 43.973492355432626 ], [ -80.437917586660944, 43.973508576136318 ], [ -80.437850205503338, 43.974316509135249 ], [ -80.438596051819331, 43.974348947083662 ], [ -80.438573594645973, 43.974618258433452 ], [ -80.438946519962414, 43.974634475507152 ], [ -80.438924064395366, 43.974903787032083 ], [ -80.439296991759818, 43.974920002867243 ], [ -80.439274537799108, 43.975189314567245 ], [ -80.439647467211586, 43.975205529163865 ], [ -80.43962501485727, 43.975474841038931 ], [ -80.438506221800722, 43.975426193020908 ], [ -80.438461305466191, 43.975964816527394 ], [ -80.438088371234599, 43.975948597702519 ], [ -80.437953605966072, 43.97756446986029 ], [ -80.436461827393828, 43.977499579269832 ], [ -80.436439358433148, 43.977768891267893 ], [ -80.43532052134222, 43.977720209166272 ], [ -80.435185670043879, 43.979336081497003 ], [ -80.435558626484251, 43.979352310701216 ], [ -80.435536152321632, 43.979621623155303 ], [ -80.437027987603258, 43.979686527073348 ], [ -80.436983053234854, 43.980225152934032 ], [ -80.437356016262754, 43.980241375774249 ], [ -80.437333550574621, 43.980510688924369 ], [ -80.438079480948403, 43.980543130803412 ], [ -80.438057018694408, 43.980812444213981 ], [ -80.438429986040276, 43.98082866325278 ], [ -80.438407525392918, 43.981097976838321 ], [ -80.440272374573567, 43.981179052597589 ], [ -80.440227470892282, 43.981717680891506 ], [ -80.440973419421013, 43.981750102267888 ], [ -80.44095097090441, 43.982019416719893 ], [ -80.441323947327646, 43.982035625507287 ], [ -80.441301500417921, 43.982304940134235 ], [ -80.441674478889624, 43.982321147682825 ], [ -80.441652033586806, 43.982590462484652 ], [ -80.443143956992017, 43.98265527977879 ], [ -80.443121518779336, 43.982924595011596 ], [ -80.443867485461709, 43.982956995884308 ], [ -80.443800180465956, 43.983764942631829 ], [ -80.444919148594536, 43.983813534777426 ], [ -80.444896718638034, 43.984082850794927 ], [ -80.445642702149243, 43.98411523910822 ], [ -80.445597848885754, 43.984653871752897 ], [ -80.446343840590757, 43.984686255110461 ], [ -80.446321417283869, 43.9849555717377 ], [ -80.447067413526923, 43.984987949968918 ], [ -80.447044993655282, 43.985257266856124 ], [ -80.447790994436303, 43.985289639960932 ], [ -80.44776857799998, 43.98555895710814 ], [ -80.448887586309084, 43.985607507089171 ], [ -80.448909997261595, 43.985338189686203 ], [ -80.449282998644279, 43.985354370279424 ], [ -80.449305407548408, 43.985085052880656 ], [ -80.449678407323589, 43.985101232064395 ], [ -80.44970081417938, 43.984831914669847 ], [ -80.450073812347085, 43.984848092444111 ], [ -80.450141026108398, 43.984040140541673 ], [ -80.4505140190128, 43.98405631673603 ], [ -80.450536421331307, 43.983786999528995 ], [ -80.45165539588308, 43.983835519910954 ], [ -80.451700188892019, 43.983296885254141 ], [ -80.452446165716751, 43.983329225213566 ], [ -80.452423772978108, 43.9835985426676 ], [ -80.453169754339541, 43.983630877500488 ], [ -80.453147365036315, 43.983900195214396 ], [ -80.453520357875277, 43.983916360729687 ], [ -80.453497970179669, 43.984185678618239 ], [ -80.453870965066699, 43.984201842894421 ], [ -80.453960507216365, 43.983124571536614 ], [ -80.45470648302819, 43.983156895435108 ], [ -80.454751245470675, 43.982618259952723 ], [ -80.455124230051197, 43.982634419745366 ], [ -80.455079471264312, 43.983173055398019 ], [ -80.45619843729348, 43.983221527341456 ], [ -80.456153688593147, 43.983760163862925 ], [ -80.456526681365432, 43.983776318699185 ], [ -80.45648193544055, 43.984314955748935 ], [ -80.457227928956883, 43.984347261789111 ], [ -80.457183189463422, 43.984885899537275 ], [ -80.457556190207526, 43.984902050741169 ], [ -80.457265385809123, 43.988403205934034 ], [ -80.458384460656561, 43.98845165491818 ], [ -80.458362095031646, 43.98872097542975 ], [ -80.458735122249067, 43.988737122527468 ], [ -80.458645664862189, 43.989814405808204 ], [ -80.459018699612628, 43.989830551921806 ], [ -80.458884517901822, 43.991446480035101 ], [ -80.459257563842371, 43.99146262533467 ], [ -80.459212838502168, 43.992001268924199 ], [ -80.459585888319538, 43.992017413069419 ], [ -80.459563527147893, 43.992286735083276 ], [ -80.459190475502055, 43.992270590852996 ], [ -80.459168112281944, 43.992539912871145 ], [ -80.458795059027665, 43.992523767231347 ], [ -80.458727962561724, 43.993331733566642 ], [ -80.458354904041968, 43.993315586347144 ], [ -80.458332536284715, 43.993584908552499 ], [ -80.457959476156489, 43.993568759923441 ], [ -80.457914736324682, 43.994107404431936 ], [ -80.457541672759461, 43.994091254308223 ], [ -80.4574969283901, 43.994629899003783 ], [ -80.457123861387799, 43.994613747385358 ], [ -80.457101487044355, 43.994883069781984 ], [ -80.455982281872451, 43.994834606724282 ], [ -80.455959901822993, 43.99510392895489 ], [ -80.455586832044077, 43.995087771868135 ], [ -80.455609213922145, 43.994818449722658 ], [ -80.454116944323204, 43.994753808470946 ], [ -80.45413933329543, 43.994484486755304 ], [ -80.45339320347469, 43.994452158352679 ], [ -80.4533708108453, 43.994721479897983 ], [ -80.452624678248625, 43.99468914602695 ], [ -80.452647074535165, 43.994419824651985 ], [ -80.452274010395911, 43.994403655814907 ], [ -80.452296408290664, 43.994134334614408 ], [ -80.451923346200331, 43.994118164537994 ], [ -80.451945745703256, 43.993848843511998 ], [ -80.451572685661816, 43.993832672196284 ], [ -80.451595086772883, 43.993563351344797 ], [ -80.450848971008199, 43.993531004910281 ], [ -80.450826566240124, 43.993800325591394 ], [ -80.450453506859901, 43.993784150302226 ], [ -80.450431100042891, 43.99405347098741 ], [ -80.450058039054596, 43.994037294288511 ], [ -80.449990811795203, 43.994845256624046 ], [ -80.44961774554173, 43.994829078344978 ], [ -80.449572922609249, 43.995367720177931 ], [ -80.449199852919108, 43.995351540403867 ], [ -80.449177439293493, 43.995620861368998 ], [ -80.448804367995251, 43.995604680185153 ], [ -80.4487595364252, 43.996143322212696 ], [ -80.449132611380733, 43.996159503566993 ], [ -80.449042952908869, 43.997236789034027 ], [ -80.448669870638582, 43.997220607338704 ], [ -80.448647453640518, 43.997489928843301 ], [ -80.448274369762061, 43.997473745738112 ], [ -80.448207111958226, 43.998281710531366 ], [ -80.448580201323011, 43.998297893892321 ], [ -80.448557783442709, 43.998567215753766 ], [ -80.44893087485687, 43.9985833978754 ], [ -80.448796373916124, 44.000199331428504 ], [ -80.448423271528725, 44.00018314879533 ], [ -80.448400852104356, 44.000452471281037 ], [ -80.448773956320693, 44.000468653999441 ], [ -80.448729120468045, 44.001007299408883 ], [ -80.44947533687828, 44.001039661212765 ], [ -80.449408092419006, 44.001847630507008 ], [ -80.447915638532791, 44.001782900577467 ], [ -80.44789321595573, 44.002052223512791 ], [ -80.447146986678263, 44.002019850429349 ], [ -80.447079706648907, 44.002827819258364 ], [ -80.446706586853963, 44.002811630473744 ], [ -80.446661728739457, 44.003350276634727 ], [ -80.447034852192601, 44.003366465589934 ], [ -80.446967568853026, 44.00417443575553 ], [ -80.447340698014315, 44.004190623641882 ], [ -80.447295845009521, 44.004729271034918 ], [ -80.447668978049933, 44.004745457767058 ], [ -80.447646553045729, 44.005014781682526 ], [ -80.448019688136014, 44.005030967175202 ], [ -80.44795241728724, 44.00583893971168 ], [ -80.448325558085983, 44.005855124135401 ], [ -80.448303135857728, 44.006124448577594 ], [ -80.448676278706444, 44.006140631761788 ], [ -80.448653858086857, 44.006409956378306 ], [ -80.449027002985545, 44.006426138322951 ], [ -80.448914905725005, 44.007772763167331 ], [ -80.449288059991247, 44.007788944213416 ], [ -80.449265641706702, 44.00805826953458 ], [ -80.449638798023017, 44.008074449341088 ], [ -80.449616381347326, 44.00834377483654 ], [ -80.449989539713698, 44.008359953403421 ], [ -80.449967124646903, 44.008629279073112 ], [ -80.450340285063334, 44.008645456400394 ], [ -80.450317871605449, 44.008914782244283 ], [ -80.45143735966667, 44.008963306532443 ], [ -80.451414951476806, 44.009232632721023 ], [ -80.451788116434471, 44.009248804919167 ], [ -80.451810522794801, 44.008979478645387 ], [ -80.454049506193456, 44.00907648350055 ], [ -80.454027110810429, 44.009345810285438 ], [ -80.45477344403244, 44.009378134808358 ], [ -80.454751052088184, 44.009647461852545 ], [ -80.455124220859318, 44.009663622211804 ], [ -80.455101830524313, 44.009932949430116 ], [ -80.455848172386823, 44.009965266344182 ], [ -80.455825785490717, 44.010234593821735 ], [ -80.456198958582078, 44.010250750376521 ], [ -80.456176573295295, 44.010520078028215 ], [ -80.456922923798231, 44.010552387333192 ], [ -80.456900541950489, 44.010821715244091 ], [ -80.458020074845862, 44.010870169519869 ], [ -80.457997698266936, 44.011139497775019 ], [ -80.458370878168878, 44.01115564663548 ], [ -80.458348503199474, 44.011424975064685 ], [ -80.458721685151346, 44.01144112268527 ], [ -80.458699311791477, 44.011710451288501 ], [ -80.459445680015264, 44.011742742724913 ], [ -80.459423310094735, 44.012012071587243 ], [ -80.459796496366636, 44.012028215403063 ], [ -80.459707021802174, 44.013105532082086 ], [ -80.459333828211015, 44.01308938792608 ], [ -80.459311457189656, 44.013358717233089 ], [ -80.458938261988791, 44.01334257166701 ], [ -80.458915888917403, 44.013611900977914 ], [ -80.458542692106874, 44.013595754001713 ], [ -80.458520316985386, 44.013865083316439 ], [ -80.458147118565179, 44.013848934930166 ], [ -80.458102364001746, 44.014387593656231 ], [ -80.457729162141959, 44.014371443774742 ], [ -80.45770678269993, 44.014640773186031 ], [ -80.458079986389663, 44.014656923152593 ], [ -80.45805760855734, 44.014926252737915 ], [ -80.459177226437802, 44.014974694942673 ], [ -80.45913248109234, 44.015513354890388 ], [ -80.461371744758026, 44.015610204543918 ], [ -80.461237569319422, 44.017226189581834 ], [ -80.461610791681295, 44.017242327063151 ], [ -80.461588430167978, 44.017511658298844 ], [ -80.461961654580094, 44.017527794540051 ], [ -80.461939294676839, 44.017797125949606 ], [ -80.462312521139225, 44.017813260950703 ], [ -80.462290162846088, 44.018082592534121 ], [ -80.462663391358717, 44.018098726295086 ], [ -80.462618677772653, 44.018637389898458 ], [ -80.462245445599578, 44.018621255967474 ], [ -80.462223086646233, 44.018890587817388 ], [ -80.46147661929983, 44.018858315809915 ], [ -80.461454256465885, 44.019127647578614 ], [ -80.460334551606422, 44.01907922937361 ], [ -80.460312183061532, 44.01934856097602 ], [ -80.459192474692813, 44.01930013058935 ], [ -80.459170100436936, 44.019569462025387 ], [ -80.458423625631696, 44.019537168304943 ], [ -80.4583117327455, 44.02088382596628 ], [ -80.458684979189599, 44.020899973914517 ], [ -80.458617846305714, 44.021707969831809 ], [ -80.458991098461269, 44.021724116710054 ], [ -80.45896872222319, 44.021993448945103 ], [ -80.459715230855949, 44.022025738895955 ], [ -80.459648111802991, 44.022833736644046 ], [ -80.460394632299497, 44.02286602180429 ], [ -80.460372262502418, 44.023135354734556 ], [ -80.460745524911502, 44.023151495411852 ], [ -80.460700788317823, 44.023690161708664 ], [ -80.461074054608176, 44.023706301230774 ], [ -80.461006953558012, 44.024514301596483 ], [ -80.461380225560347, 44.024530440048373 ], [ -80.461268395226426, 44.025877109523826 ], [ -80.461641676602298, 44.025893247075544 ], [ -80.461507483920244, 44.027509253882599 ], [ -80.461880776500905, 44.02752539061914 ], [ -80.46170185524177, 44.029680072006116 ], [ -80.462075162689828, 44.029696208097398 ], [ -80.46203043383521, 44.030234879500327 ], [ -80.462777056715808, 44.030267148046626 ], [ -80.462754695620291, 44.030536484051005 ], [ -80.463128009221833, 44.030552616420955 ], [ -80.463105649737216, 44.030821952598941 ], [ -80.463478965389953, 44.030838083728405 ], [ -80.463389532574482, 44.031915429666071 ], [ -80.463016209597356, 44.031899298196628 ], [ -80.462949127180963, 44.032707308324817 ], [ -80.46332245565155, 44.032723440049281 ], [ -80.463300096236978, 44.032992777020766 ], [ -80.463673426758902, 44.033008907504701 ], [ -80.463651068955429, 44.033278244649729 ], [ -80.464397734322034, 44.033310501810952 ], [ -80.464353025379665, 44.033849176706553 ], [ -80.464726362055615, 44.033865303468808 ], [ -80.464681655895433, 44.034403978888442 ], [ -80.464308315556892, 44.034387851956254 ], [ -80.464285960315365, 44.034657189713883 ], [ -80.464659302485217, 44.034673316731045 ], [ -80.464636948854903, 44.034942654662146 ], [ -80.465010293076176, 44.034958780438707 ], [ -80.464987941057132, 44.035228118543294 ], [ -80.465361287329827, 44.035244243079227 ], [ -80.465338936922095, 44.035513581357279 ], [ -80.465712285246212, 44.035529704652561 ], [ -80.465689936449806, 44.035799043104021 ], [ -80.466063286825388, 44.035815165158688 ], [ -80.466040939640351, 44.036084503783627 ], [ -80.46641429206737, 44.036100624597601 ], [ -80.466391946493729, 44.036369963395956 ], [ -80.466765300972213, 44.036386082969244 ], [ -80.466742957010027, 44.036655421941028 ], [ -80.467116313539961, 44.036671540273609 ], [ -80.467093971189243, 44.036940879418793 ], [ -80.46746732977067, 44.036956996510668 ], [ -80.467444989031449, 44.037226335829246 ], [ -80.467818349664341, 44.037242451680392 ], [ -80.467796010536674, 44.037511791172321 ], [ -80.468169373221045, 44.037527905782753 ], [ -80.468147035704973, 44.037797245448054 ], [ -80.468520400440823, 44.037813358817729 ], [ -80.468498064536377, 44.038082698656403 ], [ -80.46887143132372, 44.038098810785286 ], [ -80.468826762518233, 44.038637490897827 ], [ -80.469200133188679, 44.038653601870791 ], [ -80.469177800287682, 44.038922942144609 ], [ -80.469551173009663, 44.038939051876781 ], [ -80.469461846533335, 44.040016414195847 ], [ -80.469835226801891, 44.04003252294185 ], [ -80.469812896464802, 44.040301863827558 ], [ -80.470186278784951, 44.040317971332691 ], [ -80.470163950059714, 44.040587312391665 ], [ -80.470537334431484, 44.040603418655955 ], [ -80.470515007318141, 44.040872759888202 ], [ -80.470888393741532, 44.04088886491158 ], [ -80.470866068240113, 44.0411582063171 ], [ -80.471986234324604, 44.041206513687236 ], [ -80.471941593653156, 44.04174519727254 ], [ -80.472688379469076, 44.04177739589646 ], [ -80.472621427804683, 44.042585422446273 ], [ -80.472248029291237, 44.042569323542715 ], [ -80.472181070153169, 44.043377350633335 ], [ -80.471807666363731, 44.043361250149488 ], [ -80.471785344379498, 44.043630592604906 ], [ -80.471411938977923, 44.043614490710368 ], [ -80.471344966210367, 44.04442251835215 ], [ -80.470598145074788, 44.044390310076452 ], [ -80.470575816715211, 44.044659652630642 ], [ -80.469828992795115, 44.04462743888184 ], [ -80.469806660551626, 44.04489678135463 ], [ -80.469433247089398, 44.044880672406521 ], [ -80.469410912793904, 44.045150014882786 ], [ -80.468290668230864, 44.045101679828747 ], [ -80.468268328219253, 44.045371022138603 ], [ -80.46789491197282, 44.045354907717282 ], [ -80.467872569909176, 44.045624250030507 ], [ -80.468245987987643, 44.045640364536723 ], [ -80.468178965972825, 44.046448392260906 ], [ -80.467805542398011, 44.046432277499953 ], [ -80.467783199454246, 44.046701620166345 ], [ -80.466289500026932, 44.046637147523867 ], [ -80.466267149534502, 44.046906489938792 ], [ -80.465146871778629, 44.046858121280181 ], [ -80.465035088532034, 44.048204833404313 ], [ -80.463541351296229, 44.048140321597323 ], [ -80.463518986657448, 44.048409663946941 ], [ -80.462398680546471, 44.048361265914423 ], [ -80.46237631019072, 44.048630608097262 ], [ -80.461629436887108, 44.048598335942536 ], [ -80.461607062646536, 44.04886767804355 ], [ -80.461233624492991, 44.048851539892247 ], [ -80.461211248199803, 44.04912088199643 ], [ -80.460837808434363, 44.049104742434139 ], [ -80.460793051522316, 44.049643426737084 ], [ -80.460419608312677, 44.049627285678731 ], [ -80.460397227693761, 44.049896627877459 ], [ -80.460023782872241, 44.049880485408089 ], [ -80.460001400200568, 44.050149827609935 ], [ -80.459627953767153, 44.050133683729513 ], [ -80.459605569042708, 44.050403025934514 ], [ -80.458111778184445, 44.050338436812901 ], [ -80.458134170238225, 44.05006909494827 ], [ -80.457387279796848, 44.050036792601844 ], [ -80.457409675294727, 44.049767450995624 ], [ -80.457036232237158, 44.049751297918569 ], [ -80.457058629346747, 44.049481956485643 ], [ -80.456311747557962, 44.049449646523954 ], [ -80.456334148111495, 44.049180305349466 ], [ -80.455960709380236, 44.04916414846484 ], [ -80.455983111545407, 44.048894807463718 ], [ -80.45560967486702, 44.048878649338285 ], [ -80.455632078643802, 44.048609308510478 ], [ -80.45488520961338, 44.04857698845214 ], [ -80.454907616833879, 44.048307647882865 ], [ -80.454534184481858, 44.048291485949974 ], [ -80.454511775429154, 44.048560826434098 ], [ -80.453018040899366, 44.048496165102755 ], [ -80.453040457280792, 44.048226824959322 ], [ -80.452667026032373, 44.048210656396925 ], [ -80.452689444025211, 44.047941316426929 ], [ -80.451569157101119, 44.047892803039872 ], [ -80.451591580369552, 44.047623463413721 ], [ -80.450471300929266, 44.0475749383493 ], [ -80.450448872164458, 44.047844277719747 ], [ -80.450075444293986, 44.047828099961272 ], [ -80.450030582437464, 44.048366778796307 ], [ -80.449657151123603, 44.048350599541422 ], [ -80.449544983455439, 44.049697297746228 ], [ -80.44917154320153, 44.049681116739151 ], [ -80.449149107172857, 44.049950456559387 ], [ -80.448775665307622, 44.049934274141101 ], [ -80.448753227225723, 44.050203613964243 ], [ -80.447632897459243, 44.050155058497829 ], [ -80.44765534103793, 44.049885718930575 ], [ -80.447281900056723, 44.049869531208529 ], [ -80.447259454645803, 44.050138870690517 ], [ -80.44501880240783, 44.050041716001644 ], [ -80.444996345782286, 44.050311055059893 ], [ -80.44462290268433, 44.050294857885611 ], [ -80.444600444005374, 44.050564196946645 ], [ -80.443853554808513, 44.050531798449555 ], [ -80.443876017151979, 44.050262459559313 ], [ -80.440888483872683, 44.050132813216415 ], [ -80.440910960652744, 44.049863475097396 ], [ -80.440537521820985, 44.049847263423274 ], [ -80.440560000211889, 44.049577925477813 ], [ -80.439439690541434, 44.049529282756261 ], [ -80.439529623877107, 44.048451932881385 ], [ -80.438035910063959, 44.048387058723925 ], [ -80.438058400172679, 44.048117721817484 ], [ -80.43656469723156, 44.048052826787931 ], [ -80.436587194447029, 44.047783490311616 ], [ -80.436213771097613, 44.047767263325071 ], [ -80.436236269923555, 44.04749792702242 ], [ -80.435116006700909, 44.047449238364202 ], [ -80.435138510801295, 44.04717990240627 ], [ -80.43476509200228, 44.047163670287411 ], [ -80.434810103202153, 44.046624998807239 ], [ -80.434063273596905, 44.046592530934092 ], [ -80.434085782528271, 44.046323195497379 ], [ -80.431845310024514, 44.046225760571687 ], [ -80.431867829725689, 44.045956425736591 ], [ -80.429627376196805, 44.045858943595526 ], [ -80.429604845504315, 44.046128277916971 ], [ -80.429231435527399, 44.046112026167549 ], [ -80.429208902781127, 44.046381360491566 ], [ -80.428835491194206, 44.046365107330736 ], [ -80.428858025772357, 44.046095773092325 ], [ -80.427737797838802, 44.046047005911902 ], [ -80.427760337690643, 44.045777672018666 ], [ -80.426640117250301, 44.045728893163151 ], [ -80.426617571902895, 44.045998226799341 ], [ -80.424003719157156, 44.045884362467497 ], [ -80.423981160764711, 44.046153695591904 ], [ -80.423234344029822, 44.046121150822145 ], [ -80.423211781751505, 44.04639048386327 ], [ -80.422838371885476, 44.046374209403965 ], [ -80.422815807553107, 44.046643542447512 ], [ -80.422442396077386, 44.046627266576657 ], [ -80.422464962241619, 44.046357933618864 ], [ -80.422091552820007, 44.046341656507963 ], [ -80.422159255474909, 44.045533658421022 ], [ -80.421785851771006, 44.045517380241648 ], [ -80.421808420709979, 44.045248047808151 ], [ -80.421435019060127, 44.04523176838881 ], [ -80.421457589608622, 44.044962436129218 ], [ -80.42071079063922, 44.044929873484897 ], [ -80.420733364628973, 44.044660541485158 ], [ -80.419986570212231, 44.044627973709396 ], [ -80.419963992559005, 44.044897305537525 ], [ -80.419590593852377, 44.044881019575229 ], [ -80.419568014145057, 44.045150351405759 ], [ -80.419194613829035, 44.045134064031899 ], [ -80.419217195368077, 44.044864732287188 ], [ -80.418097001249492, 44.044815862468603 ], [ -80.418119588061387, 44.044546531069585 ], [ -80.417746192298381, 44.044530238564441 ], [ -80.417836544648523, 44.043452914193907 ], [ -80.417463156434664, 44.043436620706409 ], [ -80.417485745797748, 44.043167289920198 ], [ -80.417112359637926, 44.043150995192875 ], [ -80.417134950610219, 44.042881664580747 ], [ -80.416014798960376, 44.042832772702248 ], [ -80.415992202493285, 44.043102103056746 ], [ -80.414498662748926, 44.043036894982286 ], [ -80.414521266542351, 44.042767564971335 ], [ -80.414147883994247, 44.042751259724426 ], [ -80.414373928002433, 44.040057965327939 ], [ -80.414747292235731, 44.040074269715795 ], [ -80.414792494703804, 44.03953561172397 ], [ -80.415165855496866, 44.039551914614385 ], [ -80.415233652035994, 44.038743928031224 ], [ -80.416353719268159, 44.038792827975875 ], [ -80.416331126138274, 44.039062157006271 ], [ -80.417077842401341, 44.03909475051325 ], [ -80.417055252711691, 44.03936407980369 ], [ -80.418548695232175, 44.039429251253942 ], [ -80.418526112645594, 44.039698580976086 ], [ -80.419646202364888, 44.039747445902471 ], [ -80.419691356327391, 44.039208786031544 ], [ -80.420064716349017, 44.039225071517492 ], [ -80.420177588208588, 44.037878422956808 ], [ -80.421670993891041, 44.037943549928841 ], [ -80.421648427288829, 44.03821287980746 ], [ -80.422021781096262, 44.038229158322324 ], [ -80.42204434586715, 44.037959828357927 ], [ -80.423164403128496, 44.03800865569179 ], [ -80.423141843851539, 44.038277985913481 ], [ -80.4250086195525, 44.038359338720383 ], [ -80.425031169672849, 44.038090008070121 ], [ -80.425777877844908, 44.038122539742332 ], [ -80.425822970094302, 44.037583878363968 ], [ -80.426943023029409, 44.037632665416375 ], [ -80.426965563327258, 44.037363334602666 ], [ -80.428832313500976, 44.037444619416938 ], [ -80.428854844420471, 44.037175288263313 ], [ -80.429228193289518, 44.037191541163828 ], [ -80.429250722155899, 44.036922210012939 ], [ -80.43074411252492, 44.036987208016846 ], [ -80.430766633844428, 44.036717876611881 ], [ -80.431513326696916, 44.036750367489255 ], [ -80.431558361345722, 44.036211704602088 ], [ -80.431931704442022, 44.036227947881279 ], [ -80.431954219602645, 44.035958616484727 ], [ -80.432327561089394, 44.035974858352787 ], [ -80.432395099747623, 44.035166864436846 ], [ -80.432768435962444, 44.035183104722648 ], [ -80.432880986804278, 44.033836449536885 ], [ -80.433254314085062, 44.033852688069352 ], [ -80.433299329208339, 44.033314026443072 ], [ -80.433672653048589, 44.033330263478952 ], [ -80.433695158446795, 44.033060932712949 ], [ -80.4344418031299, 44.033093402637192 ], [ -80.434419301393802, 44.033362733574279 ], [ -80.435539275573078, 44.033411428776169 ], [ -80.435674249708583, 44.031795442941487 ], [ -80.43604756389189, 44.031811671511463 ], [ -80.436115042477056, 44.031003679532311 ], [ -80.435741733786529, 44.030987451218877 ], [ -80.435764228036277, 44.030718120821703 ], [ -80.435390921398138, 44.030701891268357 ], [ -80.435413417257308, 44.030432561045259 ], [ -80.435040112671501, 44.030416330251995 ], [ -80.435085107387167, 44.029877670242342 ], [ -80.434338506203417, 44.029845205021786 ], [ -80.434361006890668, 44.029575875320837 ], [ -80.433987708461871, 44.029559640808017 ], [ -80.434032712833414, 44.029020981842812 ], [ -80.433659418287718, 44.029004746175715 ], [ -80.433681921971981, 44.028735416911474 ], [ -80.432562045156402, 44.028686702214678 ], [ -80.432584554111344, 44.028417373295682 ], [ -80.431091395449144, 44.028352402154006 ], [ -80.431113911505264, 44.028083073665918 ], [ -80.430367337165421, 44.028050580314243 ], [ -80.43038985666125, 44.027781252085902 ], [ -80.429270002306225, 44.027732502375294 ], [ -80.429315051616669, 44.027193846698033 ], [ -80.42894177093639, 44.027177594315127 ], [ -80.42898682302112, 44.026638939163462 ], [ -80.428613546223772, 44.026622685626535 ], [ -80.428681128179463, 44.025814703820416 ], [ -80.426814774977601, 44.025733417541232 ], [ -80.426837311005187, 44.02546409087801 ], [ -80.426464042860744, 44.025447829732023 ], [ -80.426486580496956, 44.02517850324304 ], [ -80.425740048534649, 44.025145977146835 ], [ -80.425762589609931, 44.024876650917903 ], [ -80.424269535669879, 44.024811583165281 ], [ -80.424246987272824, 44.02508090905139 ], [ -80.423500457973617, 44.025048367052214 ], [ -80.423477905693687, 44.025317692855488 ], [ -80.422731373621559, 44.025285145383897 ], [ -80.422708817458712, 44.025554471104286 ], [ -80.422335549925222, 44.025538195294864 ], [ -80.422312991709873, 44.025807521018073 ], [ -80.42193972256797, 44.025791243797684 ], [ -80.421962282613805, 44.025521918160209 ], [ -80.420469215589037, 44.025456796369106 ], [ -80.420446648221329, 44.025726121663467 ], [ -80.419700112380852, 44.025693552644853 ], [ -80.419722683409447, 44.025424227522116 ], [ -80.419349417652924, 44.025407941110757 ], [ -80.41937199028979, 44.025138616162373 ], [ -80.418998726585883, 44.025122328511642 ], [ -80.419021300830963, 44.024853003737704 ], [ -80.418648039179701, 44.024836714847517 ], [ -80.418670615032951, 44.02456739024796 ], [ -80.418297355434277, 44.024551100118444 ], [ -80.418319932895685, 44.024281775693375 ], [ -80.417573418025839, 44.024249191630275 ], [ -80.417595998925691, 44.023979867465492 ], [ -80.417222743654534, 44.023963573531987 ], [ -80.417403397493899, 44.021808984091251 ], [ -80.417776638122987, 44.021825277337967 ], [ -80.417799217022505, 44.021555953970946 ], [ -80.418172456043649, 44.021572245806695 ], [ -80.418262762098763, 44.020494952882011 ], [ -80.418635994021557, 44.020511243049306 ], [ -80.418658568149709, 44.020241919954024 ], [ -80.418285338057004, 44.020225629872542 ], [ -80.418307913793043, 44.019956306951791 ], [ -80.419427599247456, 44.02000517296343 ], [ -80.419495308651889, 44.019197203961006 ], [ -80.419122085435063, 44.019180916872983 ], [ -80.419144656622279, 44.018911594135417 ], [ -80.419517878009088, 44.018927881137621 ], [ -80.419563016057069, 44.018389235757034 ], [ -80.41993623400603, 44.018405521262565 ], [ -80.420049066089064, 44.017058908935041 ], [ -80.419675857289747, 44.017042623858543 ], [ -80.41972099222798, 44.016503979720433 ], [ -80.4193477873105, 44.016487693490483 ], [ -80.419392925019949, 44.015949049879119 ], [ -80.419019723984249, 44.015932762495822 ], [ -80.419042294335611, 44.015663440909108 ], [ -80.418669095351817, 44.01564715228664 ], [ -80.418804523773545, 44.014031225146041 ], [ -80.419177711778929, 44.014047513253615 ], [ -80.419245417501983, 44.013239550624888 ], [ -80.418872234985557, 44.013223262774765 ], [ -80.418917374682934, 44.01268462163808 ], [ -80.419290553540151, 44.012700909316585 ], [ -80.419335688689941, 44.01216226836366 ], [ -80.419708864110106, 44.012178554545649 ], [ -80.419776559680486, 44.011370593525321 ], [ -80.420149729834137, 44.011386878125009 ], [ -80.420194855445089, 44.010848237717624 ], [ -80.420568022161817, 44.010864520820768 ], [ -80.42061314322568, 44.010325880597378 ], [ -80.420239980167892, 44.010309597665717 ], [ -80.420307665586833, 44.009501638254662 ], [ -80.41993450823928, 44.009485354255538 ], [ -80.419979634400534, 44.008946715264337 ], [ -80.419606480933723, 44.008930430111967 ], [ -80.419651609865468, 44.008391791648037 ], [ -80.420024759673595, 44.008408076628818 ], [ -80.42004732197708, 44.00813875744447 ], [ -80.420420470177959, 44.008155041014625 ], [ -80.42044303043015, 44.007885721833368 ], [ -80.420069884058563, 44.007869438349069 ], [ -80.420092445918002, 44.007600119342584 ], [ -80.419719301597709, 44.007583834619261 ], [ -80.419741865064381, 44.007314515787527 ], [ -80.419368722795355, 44.007298229825196 ], [ -80.419391287869232, 44.00702891116827 ], [ -80.419018147651471, 44.007012623966965 ], [ -80.419040714332468, 44.006743305484775 ], [ -80.418667576165987, 44.006727017044547 ], [ -80.418757847986058, 44.00564974434883 ], [ -80.417265326807396, 44.005584578713751 ], [ -80.417378198167285, 44.004237991563016 ], [ -80.417005077573194, 44.004221697271689 ], [ -80.417050228220262, 44.003683063206118 ], [ -80.416677111506289, 44.003666767761842 ], [ -80.416812569089871, 44.002050868217083 ], [ -80.417185674830307, 44.002067163146279 ], [ -80.41732111344426, 44.000451266292501 ], [ -80.417694208433929, 44.000467559382024 ], [ -80.417716778930142, 44.000198243465675 ], [ -80.41920915379437, 44.000263402234665 ], [ -80.419186590613208, 44.000532718494306 ], [ -80.420305879578763, 44.000581573920364 ], [ -80.420328437273625, 44.000312257403287 ], [ -80.420701532210629, 44.000328539810326 ], [ -80.420724087854779, 44.000059223296624 ], [ -80.421470274737032, 44.000091783965381 ], [ -80.421447722750429, 44.000361100650629 ], [ -80.421820818353183, 44.000377379083908 ], [ -80.421798267973443, 44.000646695944027 ], [ -80.422171365626852, 44.000662973138461 ], [ -80.422193914177811, 44.0003936561926 ], [ -80.422940106492618, 44.000426206436146 ], [ -80.422917561599263, 44.000695523553532 ], [ -80.423290659918209, 44.000711796774169 ], [ -80.423245573123694, 44.001250431447644 ], [ -80.424364880384331, 44.001299243676236 ], [ -80.424342342140946, 44.001568561403786 ], [ -80.424715446833574, 44.00158482958313 ], [ -80.424692910197294, 44.001854147485453 ], [ -80.425066016940562, 44.001870414425859 ], [ -80.425043481911445, 44.002139732502961 ], [ -80.42578969972098, 44.002172262581261 ], [ -80.42581223109228, 44.001902944332763 ], [ -80.426558446130784, 44.001935468941106 ], [ -80.426580973622563, 44.001666150610326 ], [ -80.429192720436305, 44.001779944413705 ], [ -80.429282776978525, 44.000702669583497 ], [ -80.429655877236939, 44.000718920200086 ], [ -80.429678388989842, 44.000449601629661 ], [ -80.429305290560265, 44.000433351098714 ], [ -80.429350317059246, 43.999894714396511 ], [ -80.428977222508777, 43.999878462712161 ], [ -80.42899973725477, 43.999609144580354 ], [ -80.42825355247605, 43.99957663740917 ], [ -80.428276070658029, 43.99930731953777 ], [ -80.427902980429749, 43.999291064050944 ], [ -80.427925500218919, 43.999021746354323 ], [ -80.427552412040953, 43.99900548962853 ], [ -80.42757493343727, 43.998736172106732 ], [ -80.427201847309604, 43.998719914142036 ], [ -80.427224370313027, 43.998450596795024 ], [ -80.426851286235646, 43.998434337591448 ], [ -80.426873810846146, 43.998165020419229 ], [ -80.426500728819065, 43.998148759976772 ], [ -80.426545781032488, 43.997610126071159 ], [ -80.426172702884315, 43.99759386447549 ], [ -80.42619523048721, 43.99732454774211 ], [ -80.425822154389294, 43.997308284907604 ], [ -80.425867212587292, 43.99676965187971 ], [ -80.425494140368215, 43.996753387892063 ], [ -80.42551667096329, 43.996484071597564 ], [ -80.425143600794414, 43.996467806371093 ], [ -80.425166132996367, 43.996198490251487 ], [ -80.424793064877704, 43.996182223786199 ], [ -80.424815598686479, 43.995912907841493 ], [ -80.424069466771286, 43.995880371108932 ], [ -80.42409200401535, 43.99561105542481 ], [ -80.422226687250401, 43.995529690843597 ], [ -80.422249233415016, 43.995260375677383 ], [ -80.421876172555869, 43.995244098873471 ], [ -80.421943815204088, 43.994436154167261 ], [ -80.421570760051978, 43.994419876296178 ], [ -80.421615857698413, 43.993881247109655 ], [ -80.421242806424885, 43.99386496808566 ], [ -80.421265356743675, 43.993595653712021 ], [ -80.420892307520333, 43.993579373449371 ], [ -80.420937411148998, 43.993040745141322 ], [ -80.419445231100838, 43.99297561153297 ], [ -80.419467789895464, 43.992706297855939 ], [ -80.418348662674347, 43.992657434000975 ], [ -80.418326098394957, 43.992926747420569 ], [ -80.417953054603601, 43.992910456734307 ], [ -80.417930488273953, 43.993179770157312 ], [ -80.414573087689803, 43.993033093611004 ], [ -80.414595670473744, 43.992763780960736 ], [ -80.413849587554893, 43.9927311717762 ], [ -80.413827001114484, 43.993000484254672 ], [ -80.413453958160119, 43.992984177589939 ], [ -80.413386192020866, 43.993792115303023 ], [ -80.413013143803937, 43.993775807056132 ], [ -80.412990552818087, 43.994045119719715 ], [ -80.412617502995104, 43.994028810062524 ], [ -80.412549723219072, 43.99483674833062 ], [ -80.41217666813337, 43.994820437091235 ], [ -80.41215407260178, 43.995089749939716 ], [ -80.411781015910023, 43.995073437289975 ], [ -80.411735820523134, 43.995612063082632 ], [ -80.410989700493047, 43.995579433466027 ], [ -80.410921894774731, 43.996387372308092 ], [ -80.409802699941579, 43.996338417176162 ], [ -80.409757484046736, 43.99687704300085 ], [ -80.409384415890258, 43.996860721802648 ], [ -80.409339195448723, 43.997399347811914 ], [ -80.408966123857709, 43.997383025117259 ], [ -80.408920898869283, 43.99792165131111 ], [ -80.408174749040626, 43.997889001604342 ], [ -80.408106898918007, 43.998696941047449 ], [ -80.407733818851767, 43.998680613949269 ], [ -80.407688580666843, 43.999219240518194 ], [ -80.407315497165939, 43.99920291192344 ], [ -80.407247632733515, 44.000010852186932 ], [ -80.406874543969238, 43.999994522009551 ], [ -80.406806672047523, 44.000802462816637 ], [ -80.406433578019772, 44.000786131056579 ], [ -80.406410951771932, 44.001055444751017 ], [ -80.40603785613807, 44.001039111580354 ], [ -80.406015227838864, 44.001308425277806 ], [ -80.40564213059892, 44.001292090696516 ], [ -80.405619500248307, 44.001561404396959 ], [ -80.405246401402266, 44.001545068405022 ], [ -80.405223769000202, 44.001814382108442 ], [ -80.404850668548079, 44.001798044705836 ], [ -80.40482803409455, 44.002067358412255 ], [ -80.404454932036344, 44.002051019598952 ], [ -80.404364384679766, 44.003128274970393 ], [ -80.403991275528995, 44.003111934488189 ], [ -80.403968636304143, 44.003381248467505 ], [ -80.403222415013161, 44.003348563357044 ], [ -80.403199771907765, 44.003617877253134 ], [ -80.402826659767584, 44.00360153262487 ], [ -80.402804014610496, 44.003870846523853 ], [ -80.40243090086426, 44.00385450048482 ], [ -80.40238560622376, 44.004393128377515 ], [ -80.400893138836054, 44.004327730285937 ], [ -80.400915793583394, 44.004058416639602 ], [ -80.399796450869914, 44.004009354420646 ], [ -80.399773790635848, 44.004278667808428 ], [ -80.39902755961721, 44.004245952866931 ], [ -80.399050223509093, 44.003976639651469 ], [ -80.398677110163163, 44.003960280279919 ], [ -80.398699775660916, 44.003690967239628 ], [ -80.398326664366891, 44.003674606629644 ], [ -80.398371998351024, 44.003135980988368 ], [ -80.397998890937728, 44.003119619226176 ], [ -80.398021559424052, 44.002850306625241 ], [ -80.397648454062633, 44.00283394362463 ], [ -80.397671124154712, 44.002564631198908 ], [ -80.397298020845128, 44.002548266959906 ], [ -80.397434047685891, 44.000932394792002 ], [ -80.39706095557176, 44.000916029745724 ], [ -80.397083627759841, 44.000646718115554 ], [ -80.396710537697416, 44.000630351830956 ], [ -80.396755885061623, 44.000091729010187 ], [ -80.39600971292063, 44.000058992812292 ], [ -80.395987035692826, 44.000328304005698 ], [ -80.395240860787084, 44.000295562337215 ], [ -80.395218179678906, 44.000564873447161 ], [ -80.394845090732119, 44.000548500539871 ], [ -80.394822407572136, 44.00081781165261 ], [ -80.394449317019905, 44.000801437334495 ], [ -80.394403946373046, 44.001340059654524 ], [ -80.392911571767016, 44.001274548446517 ], [ -80.392934264516725, 44.001005237587123 ], [ -80.39256117325202, 44.000988856560049 ], [ -80.392583867607115, 44.000719545875974 ], [ -80.392210778394343, 44.000703163610659 ], [ -80.392188082210637, 44.000972474208425 ], [ -80.391068810426361, 44.000923319206329 ], [ -80.391136914765127, 44.000115388457026 ], [ -80.390763830102912, 44.00009900106626 ], [ -80.390786532931031, 43.999829691080905 ], [ -80.390040367933864, 43.999796912498482 ], [ -80.390017661448596, 44.000066222311183 ], [ -80.389271493687929, 44.000033438258065 ], [ -80.389248783322131, 44.000302747987057 ], [ -80.38887569794835, 44.000286353887375 ], [ -80.388852985530491, 44.000555663619039 ], [ -80.388479898551608, 44.00053926810844 ], [ -80.388457184081688, 44.000808577842761 ], [ -80.388084095497675, 44.000792180921266 ], [ -80.388038662230073, 44.001330800484133 ], [ -80.387665570212334, 44.001314402065361 ], [ -80.387642851414611, 44.001583711893986 ], [ -80.386523571216699, 44.001534508431121 ], [ -80.386546295500366, 44.001265198861766 ], [ -80.38617320437686, 44.001248795144825 ], [ -80.386195930265558, 44.000979485750904 ], [ -80.385822841194283, 44.000963080795856 ], [ -80.385845568687984, 44.000693771577374 ], [ -80.385099394873478, 44.000660957866572 ], [ -80.38512212580072, 44.000391648909968 ], [ -80.384749041057518, 44.000375240154249 ], [ -80.384771773589677, 44.000105931373113 ], [ -80.384398690898678, 44.000089521379337 ], [ -80.384421425035697, 43.999820212773663 ], [ -80.384048344396945, 43.999803801541859 ], [ -80.384071080138796, 43.999534493111675 ], [ -80.383698001552219, 43.999518080641842 ], [ -80.383720738898887, 43.999248772387162 ], [ -80.382974586053848, 43.999215943646973 ], [ -80.38299732683376, 43.998946635654313 ], [ -80.382624252575297, 43.998930219383936 ], [ -80.382646994959913, 43.998660911566809 ], [ -80.382273922753669, 43.998644494058553 ], [ -80.38229666674296, 43.998375186416872 ], [ -80.381550526658614, 43.998342347599959 ], [ -80.381573274080935, 43.998073040220383 ], [ -80.381200206202863, 43.998056618911754 ], [ -80.381222955229774, 43.997787311707754 ], [ -80.380849889403891, 43.997770889161202 ], [ -80.380872640035349, 43.997501582132763 ], [ -80.380126512711797, 43.997468733239451 ], [ -80.380194774233118, 43.996660813207754 ], [ -80.380567832298027, 43.996677238057046 ], [ -80.380590583862457, 43.996407931471467 ], [ -80.381336697007171, 43.996440777023786 ], [ -80.381359444691242, 43.996171470354241 ], [ -80.382105555074588, 43.996204310435971 ], [ -80.382128298878357, 43.995935003682526 ], [ -80.383247460646729, 43.995984253612711 ], [ -80.383429359145524, 43.993829800717528 ], [ -80.383056319624515, 43.993813386090295 ], [ -80.383079057758408, 43.993544079965986 ], [ -80.382332983043682, 43.993511246911574 ], [ -80.382423947966814, 43.992434023997724 ], [ -80.382050918257264, 43.992417605829999 ], [ -80.382119145084573, 43.991609689840338 ], [ -80.381746121082699, 43.991593270607865 ], [ -80.381723377202675, 43.991862575762049 ], [ -80.381350351596581, 43.991846155118765 ], [ -80.381373097304561, 43.991576850051061 ], [ -80.380627050419577, 43.991544004964688 ], [ -80.380672548476028, 43.99100539544294 ], [ -80.379553490794578, 43.990956118400568 ], [ -80.379621752651815, 43.990148205565703 ], [ -80.379248739355944, 43.99013177749606 ], [ -80.379271494688538, 43.989862473482688 ], [ -80.378898483444345, 43.989846044175387 ], [ -80.378943997093614, 43.989307436589478 ], [ -80.3785709897289, 43.989291006131062 ], [ -80.3786165061383, 43.988752399075189 ], [ -80.378243502652992, 43.988735967465665 ], [ -80.378266262349626, 43.988466664158103 ], [ -80.377520259706145, 43.988433797139677 ], [ -80.377543022834345, 43.988164494094541 ], [ -80.377170023676186, 43.988148058685631 ], [ -80.377192788408166, 43.987878755816325 ], [ -80.376819791301614, 43.987862319169814 ], [ -80.376842557637346, 43.987593016476353 ], [ -80.376469562582429, 43.987576578592282 ], [ -80.376492330521856, 43.987307276074674 ], [ -80.375746344739184, 43.987274396507289 ], [ -80.375769116109922, 43.987005094252183 ], [ -80.375396125382196, 43.986988652568819 ], [ -80.375441671106913, 43.986450048499592 ], [ -80.374695697633868, 43.986417161507092 ], [ -80.374718473815349, 43.986147859779614 ], [ -80.374345489242444, 43.986131414383813 ], [ -80.374368267027435, 43.985862112832272 ], [ -80.373995284506108, 43.985845666198998 ], [ -80.374040843058992, 43.985307063537043 ], [ -80.373294885998575, 43.985274166644736 ], [ -80.373317668593899, 43.98500486562105 ], [ -80.372944692227307, 43.984988415275438 ], [ -80.373035827677413, 43.983911212420203 ], [ -80.372662858844649, 43.98389476109719 ], [ -80.372685643974322, 43.983625460693325 ], [ -80.372312677193037, 43.983609008132937 ], [ -80.372403822779987, 43.982531807757518 ], [ -80.372776782251933, 43.982548259971153 ], [ -80.372845133607115, 43.981740360367809 ], [ -80.372472179617006, 43.981723908414089 ], [ -80.372494964781126, 43.981454608811674 ], [ -80.371749061127701, 43.981421701105617 ], [ -80.371726272309118, 43.981691000534681 ], [ -80.371353318991368, 43.981674544608993 ], [ -80.371330528121391, 43.9819438440407 ], [ -80.370957573200556, 43.981927386704349 ], [ -80.370980365897793, 43.981658087359314 ], [ -80.369115603792849, 43.981575781251088 ], [ -80.369138405401955, 43.981306482429005 ], [ -80.368765455480897, 43.981290017322152 ], [ -80.368788258692945, 43.981020718676142 ], [ -80.368415310823352, 43.981004252332063 ], [ -80.368460920228927, 43.980465655481645 ], [ -80.367715032471239, 43.980432719168604 ], [ -80.367737840491856, 43.980163421050968 ], [ -80.3673648987766, 43.980146950995263 ], [ -80.367387708399988, 43.979877653053791 ], [ -80.367014768736183, 43.979861181760924 ], [ -80.367083201741551, 43.97905328873312 ], [ -80.367456135924158, 43.979069759765729 ], [ -80.367501753151998, 43.978531164687361 ], [ -80.367128822623414, 43.978514693828338 ], [ -80.36715163272784, 43.978245396510047 ], [ -80.366778704250592, 43.978228924413884 ], [ -80.366824327440384, 43.977690330219126 ], [ -80.36607847846679, 43.977657382402271 ], [ -80.366101293379018, 43.977388085612596 ], [ -80.365355448956763, 43.977355132673857 ], [ -80.365332630390668, 43.977624429289918 ], [ -80.364586783212232, 43.977591470882082 ], [ -80.364563960767867, 43.977860767413986 ], [ -80.364191035688378, 43.977844286137426 ], [ -80.364305154800235, 43.976497804806414 ], [ -80.364678070745242, 43.976514285648868 ], [ -80.36470089206739, 43.976244989564151 ], [ -80.363955064055503, 43.976212026729087 ], [ -80.363977888806872, 43.975942730907477 ], [ -80.363604976964439, 43.975926247591005 ], [ -80.363650629447363, 43.975387656389898 ], [ -80.363277721482987, 43.975371171923285 ], [ -80.363300549214472, 43.975101876543761 ], [ -80.362927643301362, 43.975085390840128 ], [ -80.362996130629071, 43.974277505499003 ], [ -80.36150453114243, 43.974211550489052 ], [ -80.36152736710936, 43.97394225590174 ], [ -80.36115446962576, 43.973925763926687 ], [ -80.361177307194779, 43.973656469515753 ], [ -80.360804411762402, 43.97363997630378 ], [ -80.360827250933482, 43.973370682069252 ], [ -80.361200144539225, 43.973387175194205 ], [ -80.361245818554366, 43.972848586819957 ], [ -80.361618708731498, 43.97286507844747 ], [ -80.361664378195215, 43.972326490257473 ], [ -80.362037264943737, 43.972342980387559 ], [ -80.362060097512227, 43.972073686339968 ], [ -80.362432982658731, 43.972090175059456 ], [ -80.362455813176155, 43.97182088101453 ], [ -80.362828696720626, 43.97183736832347 ], [ -80.362805868029724, 43.972106662455211 ], [ -80.363178753625235, 43.972123148527274 ], [ -80.363201580489587, 43.971853854308662 ], [ -80.363574464483023, 43.971870338970156 ], [ -80.363597289296379, 43.971601044754244 ], [ -80.36397017168774, 43.971617528005197 ], [ -80.363992994450143, 43.971348233792 ], [ -80.364365875239415, 43.971364715632376 ], [ -80.364388695950893, 43.97109542142195 ], [ -80.364761575138076, 43.971111901851835 ], [ -80.364852848434126, 43.970034725558392 ], [ -80.365225720539868, 43.970051204317343 ], [ -80.365248536476528, 43.969781910381109 ], [ -80.364875666197193, 43.969765431708964 ], [ -80.3648984837359, 43.969496137949122 ], [ -80.364152747503155, 43.969463176807452 ], [ -80.36417556847023, 43.969193883310844 ], [ -80.363802702516821, 43.969177400841339 ], [ -80.363825525085844, 43.968908107521152 ], [ -80.363452661183217, 43.968891623814841 ], [ -80.36347548535413, 43.968622330671067 ], [ -80.363102623502257, 43.968605845727964 ], [ -80.36312544927506, 43.968336552760647 ], [ -80.36237972989727, 43.968303579077215 ], [ -80.3624025590982, 43.968034286373204 ], [ -80.362029701572311, 43.968017797632918 ], [ -80.362052532375017, 43.967748505105376 ], [ -80.362425388074683, 43.96776499375882 ], [ -80.36247104535417, 43.967226408798901 ], [ -80.362843897625794, 43.967242895955032 ], [ -80.362980853120177, 43.965627142705543 ], [ -80.363353694659239, 43.965643628017041 ], [ -80.363376517963331, 43.965374336035758 ], [ -80.363749357900701, 43.965390819936857 ], [ -80.363863461924836, 43.964044360941458 ], [ -80.363117800535093, 43.964011392684043 ], [ -80.36316344787808, 43.963472810061056 ], [ -80.361299316591001, 43.963390367124624 ], [ -80.361344981295844, 43.962851785729043 ], [ -80.362090625833559, 43.962884766526599 ], [ -80.362113454197413, 43.962615475789697 ], [ -80.362859095981079, 43.962648451119669 ], [ -80.362904744731892, 43.962109869567549 ], [ -80.363650380109604, 43.962142839256259 ], [ -80.363673200496635, 43.96187354844114 ], [ -80.364791649768264, 43.961922992787763 ], [ -80.364814464453346, 43.961653701801929 ], [ -80.365187279499992, 43.961670180517082 ], [ -80.365278528693963, 43.960593017124069 ], [ -80.36714257077449, 43.960675389112303 ], [ -80.367165373383315, 43.960406098054527 ], [ -80.367538180646235, 43.960422568395146 ], [ -80.367560981205102, 43.960153277340439 ], [ -80.367933786866416, 43.96016974627085 ], [ -80.367956585375339, 43.959900455219156 ], [ -80.368329389435019, 43.959916922739396 ], [ -80.368488959941715, 43.958031887284889 ], [ -80.368861751445593, 43.95804835287457 ], [ -80.368884544510195, 43.957779062367905 ], [ -80.368511754831957, 43.95776259686496 ], [ -80.36855734394014, 43.957224016294603 ], [ -80.368930129967154, 43.957240481624076 ], [ -80.368952922359526, 43.956971191386941 ], [ -80.368580138158094, 43.956954726144168 ], [ -80.368671312789019, 43.955877566441131 ], [ -80.369044089688316, 43.955894031336946 ], [ -80.369089672008357, 43.955355451851176 ], [ -80.369835219177148, 43.955388377326038 ], [ -80.369903580024157, 43.954580508251205 ], [ -80.370276348468252, 43.954596968743537 ], [ -80.370321917595405, 43.954058389636444 ], [ -80.370694682612665, 43.954074848632118 ], [ -80.370717465014891, 43.953805559126707 ], [ -80.370344701823015, 43.953789100217747 ], [ -80.370367485826648, 43.953519810888984 ], [ -80.369994724684105, 43.95350335074346 ], [ -80.370017510289102, 43.953234061591331 ], [ -80.369644751195892, 43.953217600209264 ], [ -80.369667538402211, 43.952948311233811 ], [ -80.369294781358334, 43.952931848615187 ], [ -80.369317570165961, 43.952662559816353 ], [ -80.368944815171389, 43.952646095961249 ], [ -80.368967605580281, 43.952376807339078 ], [ -80.368594852635027, 43.952360342247495 ], [ -80.368617644645127, 43.952091053801958 ], [ -80.367872143077292, 43.952058119822567 ], [ -80.367894938513814, 43.951788831640485 ], [ -80.367522189891247, 43.95177236275272 ], [ -80.367567783742473, 43.951233786831921 ], [ -80.367940528714641, 43.951250255546199 ], [ -80.367986118019175, 43.950711679811782 ], [ -80.368731601335028, 43.950744612923806 ], [ -80.368777182442741, 43.950206037202342 ], [ -80.368404444323076, 43.950189571481381 ], [ -80.368427236366003, 43.949920283842367 ], [ -80.368054500295472, 43.949903816884984 ], [ -80.368077293939464, 43.949634529422696 ], [ -80.368450028184895, 43.949650996293343 ], [ -80.368472819779754, 43.949381708834281 ], [ -80.368845552424148, 43.949398174295062 ], [ -80.369027862518152, 43.947243877169633 ], [ -80.369400580786575, 43.947260340613475 ], [ -80.369423366715424, 43.946991053791237 ], [ -80.36905065027193, 43.946974590434124 ], [ -80.369119012189358, 43.946166730767899 ], [ -80.368746301444475, 43.946150266347871 ], [ -80.368814666820597, 43.945342407752456 ], [ -80.369187372090991, 43.945358871912312 ], [ -80.369255729976942, 43.944551013867503 ], [ -80.368883030180882, 43.944534549967791 ], [ -80.3689513915254, 43.943726692994083 ], [ -80.368578697427452, 43.943710228031556 ], [ -80.368738212165184, 43.941825232187675 ], [ -80.368365531063588, 43.94180876650924 ], [ -80.36841110833636, 43.941270197252969 ], [ -80.36803843110782, 43.941253730425053 ], [ -80.368084011133732, 43.940715161702869 ], [ -80.365847974360761, 43.940616333995131 ], [ -80.365870774984543, 43.940347050289851 ], [ -80.365498104797709, 43.940330574461818 ], [ -80.365520907021846, 43.9400612909335 ], [ -80.365893575384248, 43.940077766674747 ], [ -80.365961975238875, 43.939269916370584 ], [ -80.365589312349684, 43.939253440889679 ], [ -80.365612113677443, 43.938984157722125 ], [ -80.365239452836704, 43.938967681005089 ], [ -80.365307860948491, 43.938159832304095 ], [ -80.364935205804827, 43.938143354524613 ], [ -80.364980813740772, 43.937604789348619 ], [ -80.364608162469779, 43.937588310419869 ], [ -80.364653773157769, 43.937049745778403 ], [ -80.364281125759362, 43.937033265700443 ], [ -80.364303932591412, 43.936763983601871 ], [ -80.363931287241343, 43.936747502287915 ], [ -80.364022519624911, 43.93567037514341 ], [ -80.364395157678302, 43.935686856110124 ], [ -80.364417963389727, 43.935417574462839 ], [ -80.365535873422232, 43.935467009165933 ], [ -80.365558673437221, 43.935197727348552 ], [ -80.365931308738737, 43.935214202850574 ], [ -80.366022499261888, 43.934137076136786 ], [ -80.366395127491188, 43.934153549968961 ], [ -80.36644071776054, 43.933614986980317 ], [ -80.366813342565777, 43.933631459316224 ], [ -80.366858928291165, 43.933092896515326 ], [ -80.367604171277591, 43.933125836871902 ], [ -80.3676269601564, 43.932856555433446 ], [ -80.369117441520515, 43.932922419927046 ], [ -80.369140222879537, 43.932653138231991 ], [ -80.369512841956308, 43.932669600961887 ], [ -80.369626736274014, 43.931323193408311 ], [ -80.36999934645506, 43.931339654381958 ], [ -80.370181551134024, 43.929185406302118 ], [ -80.37055414694845, 43.92920186525955 ], [ -80.370622464539409, 43.928394023461195 ], [ -80.370995055106476, 43.92841048083595 ], [ -80.371017825365598, 43.928141200330664 ], [ -80.370645236622209, 43.92812474304263 ], [ -80.370827405229747, 43.925970502949909 ], [ -80.371199979384386, 43.925986959544545 ], [ -80.371268283450121, 43.92517912074252 ], [ -80.371640852357984, 43.92519557575455 ], [ -80.37170914894007, 43.92438773750699 ], [ -80.372081712601258, 43.924404190936556 ], [ -80.372058949121012, 43.92467347034858 ], [ -80.372431514829302, 43.924689922542271 ], [ -80.372408752948829, 43.924959202131475 ], [ -80.373153888683206, 43.92499210272463 ], [ -80.373131130226042, 43.925261382577595 ], [ -80.37350370025213, 43.925277830977038 ], [ -80.373480943394867, 43.925547111007148 ], [ -80.373853515468056, 43.925563558170673 ], [ -80.373830760210708, 43.925832838377886 ], [ -80.374203334331, 43.9258492843055 ], [ -80.374180580673595, 43.926118564689851 ], [ -80.376043463745887, 43.926200774922698 ], [ -80.376066208285536, 43.925931494105328 ], [ -80.376811359431798, 43.925964368767403 ], [ -80.376856840546552, 43.925425807057884 ], [ -80.376484268508733, 43.925409370561233 ], [ -80.376507010554462, 43.925140089928846 ], [ -80.376879580768744, 43.925156526338874 ], [ -80.376902320767527, 43.924887245710373 ], [ -80.377274889381766, 43.924903680711303 ], [ -80.377297627333618, 43.924634400086767 ], [ -80.37804276158532, 43.924667265947917 ], [ -80.378065495666846, 43.924397985240788 ], [ -80.379183193249176, 43.924447273854007 ], [ -80.379205921636995, 43.924177992977761 ], [ -80.379578486120963, 43.92419441978393 ], [ -80.37960121246202, 43.923925138911734 ], [ -80.379973775345832, 43.923941564308855 ], [ -80.380087394584905, 43.922595160873477 ], [ -80.381205057224903, 43.922644427832338 ], [ -80.38122777493291, 43.922375147157446 ], [ -80.380855222319681, 43.922358726246792 ], [ -80.38087794162783, 43.922089445748973 ], [ -80.380505391061163, 43.922073023602344 ], [ -80.380550832654379, 43.921534463051451 ], [ -80.379805739483956, 43.921501615136833 ], [ -80.379828463592276, 43.921232335170274 ], [ -80.379083374961425, 43.921199482138903 ], [ -80.379128829801246, 43.920660922823629 ], [ -80.378756289467191, 43.920644494497346 ], [ -80.378779018375397, 43.920375215062172 ], [ -80.37952409562034, 43.920408070219253 ], [ -80.379569545474084, 43.919869511274605 ], [ -80.379942080785099, 43.919885936696453 ], [ -80.379987526099512, 43.919347377941293 ], [ -80.38110512243297, 43.919396645753523 ], [ -80.381150555915724, 43.918858086841865 ], [ -80.381523084826995, 43.9188745066282 ], [ -80.381545799410517, 43.918605227221846 ], [ -80.381918326721845, 43.918621645599302 ], [ -80.382054598598629, 43.917005970546235 ], [ -80.382427115194815, 43.917022387082497 ], [ -80.382495242652226, 43.916214550520742 ], [ -80.382867754002618, 43.9162309654753 ], [ -80.382913167546263, 43.915692408048052 ], [ -80.383285675473843, 43.915708821507401 ], [ -80.383308380088167, 43.915439542843387 ], [ -80.383680886415902, 43.915455954893993 ], [ -80.383703588984304, 43.915186676234249 ], [ -80.384076093712167, 43.915203086876119 ], [ -80.384121494534185, 43.914664529655973 ], [ -80.385238999118513, 43.914713753129263 ], [ -80.385216304287596, 43.914983031953255 ], [ -80.386333816347033, 43.915032243785198 ], [ -80.386311126761825, 43.915301522959105 ], [ -80.386683633050353, 43.915317924344897 ], [ -80.386660945065159, 43.915587203695893 ], [ -80.387033453399468, 43.915603603845774 ], [ -80.387010767014331, 43.915872883373886 ], [ -80.387755787997406, 43.91590567987943 ], [ -80.387687738442622, 43.916713519526319 ], [ -80.387315222370745, 43.916697121675604 ], [ -80.387269851240646, 43.917235681720982 ], [ -80.386897331745573, 43.917219282375186 ], [ -80.386829267909746, 43.918027122864302 ], [ -80.387201792873995, 43.918043522469219 ], [ -80.387156419515193, 43.918582083421427 ], [ -80.386783890904724, 43.918565683643742 ], [ -80.386761202067873, 43.918834964169484 ], [ -80.386388671857176, 43.91881856298302 ], [ -80.386297906987991, 43.919895685646893 ], [ -80.386670444491372, 43.919912087178901 ], [ -80.386625064365631, 43.920450649227455 ], [ -80.386997605738401, 43.920467049609798 ], [ -80.386974917164409, 43.920736330856393 ], [ -80.387347460583328, 43.92075273000264 ], [ -80.387279398993783, 43.921560574545296 ], [ -80.386906850104964, 43.921544175139893 ], [ -80.386861470950748, 43.922082738448587 ], [ -80.387979129225954, 43.922131933215631 ], [ -80.38795644478455, 43.922401215265005 ], [ -80.387583889979894, 43.922384818245426 ], [ -80.387470455312652, 43.923731229419104 ], [ -80.387097891613777, 43.923714830645196 ], [ -80.387052512539555, 43.924253395575889 ], [ -80.387425079885418, 43.924269794522559 ], [ -80.387311637416232, 43.925616208865705 ], [ -80.387684214102777, 43.925632606921688 ], [ -80.387593463409203, 43.926709740371145 ], [ -80.387220879428156, 43.926693341969667 ], [ -80.387175499096443, 43.927231909064695 ], [ -80.387920674576222, 43.927264704890511 ] ] ] ] } },
{ "type": "Feature", "properties": { "SubId": 90012657, "DowSubId": 90014227, "RivSlope": -1.2345, "RivLength": -1.2345, "BasSlope": 1.236069663311397, "BasAspect": 193.2044493024903, "BasArea": 183930231.43001902, "BkfWidth": 23.029745088199999, "BkfDepth": 0.54242256095300001, "Lake_Cat": 0, "HyLakeId": 0, "LakeVol": 0.0, "LakeDepth": 0.0, "LakeArea": 0.0, "Laketype": 0, "Has_POI": 1, "MeanElev": 486.92277333337398, "FloodP_n": -1.2345, "Q_Mean": 5.7378803546511383, "Ch_n": -1.2345, "DrainArea": 183930231.43001902, "Strahler": 1, "Seg_ID": 3, "Seg_order": 1, "Max_DEM": -1.2345, "Min_DEM": -1.2345, "DA_Obs": 0.0, "DA_error": 0.0, "Obs_NM": "02GA-19", "SRC_obs": "OIHQUAT", "centroid_x": -80.227691163924419, "centroid_y": 43.972979257159274, "DA_Chn_L": 29104.637426000001, "DA_Slope": 0.30249900226699999, "DA_Chn_Slp": 0.019702112863800001, "outletLat": 43.892205004300003, "outletLng": -80.283420704299999, "Region": "SW", "Sub_Reg": "02G", "rvhName": "02GA-19" }, "geometry": { "type": "MultiPolygon", "coordinates": [ [ [ [ -80.236619294528538, 43.882383261853171 ], [ -80.236642705270427, 43.882114027308681 ], [ -80.237014940716108, 43.882130959346092 ], [ -80.236991531794061, 43.882400193979741 ], [ -80.236619294528538, 43.882383261853171 ] ] ], [ [ [ -80.28326932475548, 43.891792742712781 ], [ -80.283246138783952, 43.892061991074428 ], [ -80.28361845606581, 43.892078757882622 ], [ -80.283595271687389, 43.892348006423497 ], [ -80.283222952584779, 43.892331239527003 ], [ -80.283199766157935, 43.892600488070499 ], [ -80.283572087081325, 43.89261725505532 ], [ -80.283525717186251, 43.893155752591817 ], [ -80.283153392621259, 43.893138985430404 ], [ -80.283130205511412, 43.893408234246756 ], [ -80.282385553422813, 43.893374695782889 ], [ -80.282315979802092, 43.894182442247605 ], [ -80.281943648636783, 43.894165670768466 ], [ -80.281804484321228, 43.895781165622431 ], [ -80.282176826412126, 43.895797937631507 ], [ -80.282014470428336, 43.897682686380975 ], [ -80.281642115590088, 43.897665913753563 ], [ -80.28161891914597, 43.897935163850029 ], [ -80.281991275805311, 43.897951936565704 ], [ -80.281968080954556, 43.898221186841305 ], [ -80.281595722474066, 43.898204414037302 ], [ -80.281340544048462, 43.901166172090718 ], [ -80.281712922562633, 43.901182945866402 ], [ -80.281620130858855, 43.902259951871763 ], [ -80.281992516886334, 43.902276724679098 ], [ -80.281969320212283, 43.902545976495645 ], [ -80.282341708288996, 43.902562748069535 ], [ -80.28231851320858, 43.902832000065203 ], [ -80.282690903334526, 43.902848770405711 ], [ -80.282667709847772, 43.903118022580394 ], [ -80.283040102022994, 43.903134791687485 ], [ -80.28301691012993, 43.903404044041203 ], [ -80.283761698806558, 43.903437578466786 ], [ -80.283738510328774, 43.90370683108781 ], [ -80.284110906830207, 43.903723596406181 ], [ -80.284064532834549, 43.904262102097093 ], [ -80.283692132690035, 43.904245336602081 ], [ -80.283622564523895, 43.905053095553832 ], [ -80.283994970133151, 43.90506986131372 ], [ -80.283925405382192, 43.905877621346626 ], [ -80.28355299430801, 43.905860855321848 ], [ -80.283483422042323, 43.906668615905993 ], [ -80.283111005730845, 43.906651848294459 ], [ -80.283064619438079, 43.907190355627286 ], [ -80.282692199710922, 43.907173586517295 ], [ -80.2826690044011, 43.907442840231369 ], [ -80.282296583079997, 43.907426069711157 ], [ -80.282273385720586, 43.90769532342761 ], [ -80.281900962805537, 43.907678551497277 ], [ -80.281877763396523, 43.907947805215997 ], [ -80.281505338887541, 43.907931031875442 ], [ -80.281458935742322, 43.908469539408102 ], [ -80.282576220883669, 43.908519855994001 ], [ -80.282553024434748, 43.908789110161322 ], [ -80.283297885978527, 43.908822648119191 ], [ -80.283251499684681, 43.909361157078806 ], [ -80.283623934442005, 43.909377924251437 ], [ -80.283600742775306, 43.909647178955524 ], [ -80.284345616617131, 43.909680709511754 ], [ -80.284252862248024, 43.910757729940222 ], [ -80.285742641815958, 43.910824776602013 ], [ -80.285719459942328, 43.911094032288695 ], [ -80.286091907225611, 43.911110790737517 ], [ -80.285860094186532, 43.913803353468076 ], [ -80.28548762868212, 43.913786594136639 ], [ -80.285464444303628, 43.91405585081943 ], [ -80.285091977204743, 43.914039090077694 ], [ -80.285045604120086, 43.91457760353827 ], [ -80.284673133604471, 43.914560841297941 ], [ -80.284649944898248, 43.914830098075711 ], [ -80.283532529251346, 43.914779803157529 ], [ -80.283393359428942, 43.91639534413526 ], [ -80.283020877068424, 43.916378575988595 ], [ -80.2829976794782, 43.916647833046568 ], [ -80.282625195523195, 43.916631063489469 ], [ -80.2826019958827, 43.916900320549608 ], [ -80.282229510333195, 43.91688354958211 ], [ -80.282183106723707, 43.917422063797062 ], [ -80.281438129018852, 43.917388517542399 ], [ -80.281414923227373, 43.917657774608884 ], [ -80.280669942789487, 43.917624222889003 ], [ -80.280693152225822, 43.91735496599928 ], [ -80.280320664171271, 43.917338188244557 ], [ -80.280343875202007, 43.917068931533592 ], [ -80.279971389197883, 43.917052152545118 ], [ -80.280017814220088, 43.916513639571271 ], [ -80.277037963554946, 43.916379361482299 ], [ -80.27701473657909, 43.916648617216843 ], [ -80.276642254450152, 43.91663182641792 ], [ -80.27661902542377, 43.916901082154475 ], [ -80.275874058205744, 43.916867496413531 ], [ -80.275897290876799, 43.91659824085388 ], [ -80.27477984722843, 43.916547852592167 ], [ -80.27475660909036, 43.916817107886466 ], [ -80.274384126508423, 43.916800309066602 ], [ -80.274267923282054, 43.918146586452146 ], [ -80.274640414975906, 43.918163385714379 ], [ -80.274617175468165, 43.91843264155122 ], [ -80.273872188663915, 43.918399041527707 ], [ -80.273848945282978, 43.918668297277961 ], [ -80.273476450400878, 43.91865149519456 ], [ -80.27342995930907, 43.919190006789371 ], [ -80.273057461010396, 43.919173203206832 ], [ -80.273010965360157, 43.9197117149862 ], [ -80.271893460899406, 43.919661295774624 ], [ -80.271846953400456, 43.920199807384428 ], [ -80.271101944278655, 43.920166187611834 ], [ -80.271078686541415, 43.92043544337519 ], [ -80.270706180500667, 43.920418631417164 ], [ -80.270636400450329, 43.921226398983855 ], [ -80.270263889170351, 43.92120958543795 ], [ -80.270217364349023, 43.921748097423709 ], [ -80.269844849652316, 43.921731282378509 ], [ -80.269821585076215, 43.922000538418324 ], [ -80.269449068785434, 43.921983721962356 ], [ -80.269379268217747, 43.922791490358037 ], [ -80.269006746687481, 43.922774672314155 ], [ -80.268936938594422, 43.923582441256876 ], [ -80.269681992819926, 43.923616076553856 ], [ -80.269658726643883, 43.923885333225826 ], [ -80.270031255922248, 43.923902148979529 ], [ -80.270007991340464, 43.924171405830336 ], [ -80.270380522670166, 43.92418822035031 ], [ -80.270357259682598, 43.924457477379981 ], [ -80.270729793063694, 43.92447429066624 ], [ -80.270706531670399, 43.924743547874719 ], [ -80.273686821527377, 43.924878007271026 ], [ -80.273663574488481, 43.92514726527795 ], [ -80.274036113571427, 43.925164066840679 ], [ -80.274012868127031, 43.925433325026354 ], [ -80.274757950623808, 43.925466924361878 ], [ -80.274734708596881, 43.925736182814781 ], [ -80.275107252010727, 43.925752980587554 ], [ -80.275037530028712, 43.92656075675319 ], [ -80.275410079139789, 43.926577553469038 ], [ -80.275386839845424, 43.926846812459878 ], [ -80.275759391007824, 43.926863607941833 ], [ -80.275736153308173, 43.927132867111368 ], [ -80.277226367532748, 43.927200036169467 ], [ -80.277203136896958, 43.927469295783034 ], [ -80.277575692846781, 43.927486084830086 ], [ -80.277506005039285, 43.928293864477332 ], [ -80.277878566686624, 43.928310652467296 ], [ -80.277832110653421, 43.928849172860048 ], [ -80.276714415457306, 43.928798804392521 ], [ -80.276737649057452, 43.9285295444163 ], [ -80.275619961385246, 43.928479164312506 ], [ -80.275596722315683, 43.928748424023375 ], [ -80.275224158391794, 43.928731627922232 ], [ -80.275154434343648, 43.929539407330658 ], [ -80.274409296241956, 43.929505810630289 ], [ -80.274386050789474, 43.929775070436563 ], [ -80.272895770034225, 43.929707860812961 ], [ -80.272872517060534, 43.929977120355396 ], [ -80.272499945619657, 43.929960314554961 ], [ -80.272523200416529, 43.929691055101024 ], [ -80.271778061866627, 43.929657439709914 ], [ -80.271708285851318, 43.930465217811118 ], [ -80.271335711449524, 43.930448407866322 ], [ -80.271312450497476, 43.930717667325148 ], [ -80.270939874501011, 43.930700855969469 ], [ -80.270916611497142, 43.930970115429936 ], [ -80.270171456543437, 43.930936488574055 ], [ -80.270124922556903, 43.93147500741123 ], [ -80.269752341776439, 43.931458191822486 ], [ -80.269729072616954, 43.931727451287728 ], [ -80.268611326177535, 43.931676996321102 ], [ -80.268634600806877, 43.93140773712161 ], [ -80.268262020941037, 43.931390916243089 ], [ -80.268192190897039, 43.932198693846168 ], [ -80.267819605790024, 43.932181871379399 ], [ -80.267796326827934, 43.932451130672078 ], [ -80.267051153653469, 43.932417481593916 ], [ -80.267004587749682, 43.932956000095146 ], [ -80.266631997858909, 43.93293917339512 ], [ -80.266608712740478, 43.933208432692261 ], [ -80.266981304454617, 43.933225259480913 ], [ -80.266864884547516, 43.934571557761025 ], [ -80.266492283716246, 43.934554730529264 ], [ -80.266352561336205, 43.93617029090575 ], [ -80.266725173108625, 43.936187118669267 ], [ -80.266701887067981, 43.936456379135812 ], [ -80.267074500892818, 43.936473205665393 ], [ -80.26705121644693, 43.936742466310569 ], [ -80.267423832324184, 43.936759291606187 ], [ -80.267237563109362, 43.93891338071689 ], [ -80.267982824729344, 43.938947028758101 ], [ -80.267959543695426, 43.939216290479095 ], [ -80.268332176672374, 43.939233112604363 ], [ -80.268308897233439, 43.939502374503959 ], [ -80.267936262432698, 43.93948555229013 ], [ -80.267912980941176, 43.939754814191097 ], [ -80.267540344545409, 43.93973799056598 ], [ -80.267447208995975, 43.94081503871503 ], [ -80.267819852687197, 43.940831862694566 ], [ -80.267796570051686, 43.941101125045314 ], [ -80.268169215795609, 43.941117947790751 ], [ -80.268076090261303, 43.942194998447455 ], [ -80.268448743529817, 43.9422118202246 ], [ -80.268425463398245, 43.942481083202168 ], [ -80.268798118719559, 43.942497903745178 ], [ -80.268821397027125, 43.942228640679026 ], [ -80.269939358891591, 43.942279094105871 ], [ -80.26989281299177, 43.942817620859579 ], [ -80.270265471052113, 43.942834436200208 ], [ -80.269986198329349, 43.946065605336045 ], [ -80.270358878508205, 43.946082420416644 ], [ -80.27033560611882, 43.946351685183977 ], [ -80.271453653500458, 43.946402122754428 ], [ -80.271430386355206, 43.946671387877252 ], [ -80.272175756068307, 43.946705006487072 ], [ -80.272129228389105, 43.94724353735635 ], [ -80.272874606314105, 43.94727715102885 ], [ -80.272851345780253, 43.947546416775275 ], [ -80.273224036910051, 43.947563221715725 ], [ -80.273177518805255, 43.94810175365506 ], [ -80.273922909048238, 43.948135359921316 ], [ -80.273876397326731, 43.948673892573886 ], [ -80.274249096439959, 43.948690693899671 ], [ -80.274225842060829, 43.948959960449152 ], [ -80.2745985432271, 43.948976760540496 ], [ -80.274552037432073, 43.949515294085806 ], [ -80.277160977537292, 43.949632858921994 ], [ -80.277137737068699, 43.949902126448542 ], [ -80.277883154232555, 43.949935704672164 ], [ -80.277859917184671, 43.950204972465365 ], [ -80.279350761551314, 43.950272113390788 ], [ -80.279327531573401, 43.950541381627403 ], [ -80.280445672719722, 43.950591723695531 ], [ -80.280468897223798, 43.950322455193778 ], [ -80.280841609571198, 43.950339233148824 ], [ -80.280795163983996, 43.950877770418863 ], [ -80.281167880208912, 43.950894547227698 ], [ -80.281121437357967, 43.95143308503355 ], [ -80.281494157460457, 43.951449860696101 ], [ -80.281470937517312, 43.951719129822045 ], [ -80.281843659672731, 43.951735904249979 ], [ -80.281820441326047, 43.952005173553964 ], [ -80.282193165534395, 43.952021946747251 ], [ -80.28216994878423, 43.952291216229384 ], [ -80.281797222751138, 43.95227444294779 ], [ -80.281634686336247, 43.954159331216928 ], [ -80.282007425142979, 43.954176105116971 ], [ -80.281960987762858, 43.9547146456066 ], [ -80.283079216501704, 43.954764959898291 ], [ -80.283102429831203, 43.954495689343595 ], [ -80.283475171375628, 43.954512458039687 ], [ -80.283498382652027, 43.954243187486391 ], [ -80.2846166031796, 43.954293485371174 ], [ -80.284593397377876, 43.954562756189397 ], [ -80.285338882519966, 43.95459628167378 ], [ -80.285362084671874, 43.954327010678959 ], [ -80.286107567076442, 43.95436053069443 ], [ -80.286130765350478, 43.954091259612781 ], [ -80.286503505069945, 43.954108017547618 ], [ -80.286480308620796, 43.954377288717538 ], [ -80.287225792393528, 43.954410800794463 ], [ -80.287202599366211, 43.954680072230623 ], [ -80.287575343419505, 43.954696826372711 ], [ -80.287552151989132, 43.954966097986812 ], [ -80.288670390991584, 43.955016352739214 ], [ -80.288531270472092, 43.956631985895655 ], [ -80.288904028212215, 43.956648735362876 ], [ -80.288880842486279, 43.956918007957754 ], [ -80.288508082921084, 43.956901258402276 ], [ -80.288392141746769, 43.958247622280368 ], [ -80.288019373283845, 43.958230870960591 ], [ -80.287880225400585, 43.959846510042972 ], [ -80.287507446214263, 43.959829756870576 ], [ -80.287484252277125, 43.960099030276396 ], [ -80.287111471493532, 43.960082275692464 ], [ -80.287065079284574, 43.960620822596432 ], [ -80.286692295078396, 43.960604066512786 ], [ -80.286645898306574, 43.961142613598568 ], [ -80.286273110677783, 43.961125856015137 ], [ -80.286203508333358, 43.961933677050837 ], [ -80.286949094771344, 43.961967191424016 ], [ -80.286902699369662, 43.962505739582035 ], [ -80.287275496581628, 43.962522494960204 ], [ -80.287252300364145, 43.962791769261813 ], [ -80.287997899123155, 43.962825276224734 ], [ -80.287974706328598, 43.96309455079237 ], [ -80.288347507875628, 43.963111302377129 ], [ -80.288301125253483, 43.963649851957491 ], [ -80.290537961229447, 43.96375033473479 ], [ -80.290514780529705, 43.964019610188551 ], [ -80.290887589149037, 43.964036352774613 ], [ -80.290864410046964, 43.964305628406095 ], [ -80.29235565410535, 43.96437258586954 ], [ -80.292216618522957, 43.965988243654422 ], [ -80.291843796212603, 43.965971505744619 ], [ -80.291797445544319, 43.966510058879273 ], [ -80.292170271506137, 43.966526796965404 ], [ -80.292123923577932, 43.967065350634307 ], [ -80.29249675341913, 43.967082087573353 ], [ -80.292427235295378, 43.967889919012258 ], [ -80.292054399976706, 43.967873181808741 ], [ -80.291984874324712, 43.96868101378827 ], [ -80.292357715120986, 43.968697751256272 ], [ -80.292334541273817, 43.968967028849825 ], [ -80.292707384123858, 43.968983765082527 ], [ -80.292684211874757, 43.969253042853666 ], [ -80.292311367198792, 43.969236306532814 ], [ -80.29228819289591, 43.969505584305253 ], [ -80.292661039397814, 43.969522320714248 ], [ -80.292637866693028, 43.969791598664258 ], [ -80.292265018365157, 43.969774862167107 ], [ -80.292218668620038, 43.970313418159051 ], [ -80.291845816868047, 43.970296680162065 ], [ -80.2916372153, 43.97272018575741 ], [ -80.292010083486744, 43.972736924547924 ], [ -80.291963728728007, 43.973275482506317 ], [ -80.294200964548153, 43.973375888512017 ], [ -80.294177797784258, 43.973645168154128 ], [ -80.294550673044597, 43.973661897943956 ], [ -80.29450434248588, 43.974200457672445 ], [ -80.294131463573009, 43.974183727706375 ], [ -80.294061960547523, 43.974991567704762 ], [ -80.293689076383558, 43.974974836150665 ], [ -80.293665906426412, 43.975244116240624 ], [ -80.292920135129407, 43.975210648985268 ], [ -80.292943308739211, 43.974941369071615 ], [ -80.29182465898181, 43.974891158525708 ], [ -80.291778300576325, 43.975429717913386 ], [ -80.291405414127055, 43.975412978241152 ], [ -80.291382232756064, 43.975682257980786 ], [ -80.29175512103167, 43.975698997741212 ], [ -80.291731941259073, 43.975968277658325 ], [ -80.292104831589015, 43.975985016183259 ], [ -80.292058475012766, 43.97652357646173 ], [ -80.292431369223436, 43.976540313839315 ], [ -80.292408192419856, 43.976809594200617 ], [ -80.29203529638275, 43.976792856734903 ], [ -80.292012117524791, 43.977062137097285 ], [ -80.291266322481533, 43.977028658018348 ], [ -80.291243139742704, 43.977297938293695 ], [ -80.291616038976812, 43.977314678583191 ], [ -80.291592857836491, 43.977583959035968 ], [ -80.291965759125034, 43.977600698089944 ], [ -80.291919399813494, 43.978139259439672 ], [ -80.292665210380477, 43.978172733929149 ], [ -80.29264203403585, 43.978442014914229 ], [ -80.293014941487769, 43.978458750261531 ], [ -80.292991766741778, 43.978728031423998 ], [ -80.293364676248174, 43.978744765535744 ], [ -80.293341503100848, 43.979014046875591 ], [ -80.29408732645048, 43.979047511304159 ], [ -80.294064156728467, 43.979316792909522 ], [ -80.294809984642754, 43.979350252219348 ], [ -80.294763651821711, 43.97988881605027 ], [ -80.295136569773888, 43.979905543895789 ], [ -80.295113404848294, 43.980174826033135 ], [ -80.295486324854949, 43.980191552643049 ], [ -80.295439997973702, 43.980730117361738 ], [ -80.295812921861582, 43.980746842824018 ], [ -80.295789759905986, 43.98101612540529 ], [ -80.296162685848373, 43.981032849631866 ], [ -80.296093204095101, 43.981840698175134 ], [ -80.29646613574559, 43.981857421342191 ], [ -80.296373497526233, 43.98293455433415 ], [ -80.296000558568409, 43.982917830814735 ], [ -80.295792092806778, 43.985341384469415 ], [ -80.296165048207172, 43.985358108781689 ], [ -80.2961418860327, 43.985627393054841 ], [ -80.295395971805661, 43.985593942930166 ], [ -80.295372805749267, 43.985863227116226 ], [ -80.294999847150493, 43.985846499979928 ], [ -80.294884004315122, 43.987192921806063 ], [ -80.294511036808686, 43.987176192905196 ], [ -80.294348834477333, 43.989061186586 ], [ -80.29509479529905, 43.989094644297502 ], [ -80.295002117856669, 43.990171786207569 ], [ -80.294256142416486, 43.990138327791115 ], [ -80.294232968831423, 43.990407613314936 ], [ -80.293859979625893, 43.990390882032528 ], [ -80.293790452020858, 43.991198738873656 ], [ -80.294163446708538, 43.991215470420471 ], [ -80.294117097486847, 43.991754042269136 ], [ -80.293744099144305, 43.991737310546029 ], [ -80.293697745355828, 43.992275882574319 ], [ -80.293324743586339, 43.992259149350851 ], [ -80.293301564522636, 43.992528435410335 ], [ -80.293674568119613, 43.992545168721968 ], [ -80.293558678518579, 43.993891600794399 ], [ -80.292439640998651, 43.993841395564964 ], [ -80.292416456911667, 43.994110681981823 ], [ -80.292789471017869, 43.994127418470583 ], [ -80.292766288530416, 43.994396705064581 ], [ -80.292393272596613, 43.9943799684876 ], [ -80.292300533055695, 43.995457115399958 ], [ -80.291927510039386, 43.995440377146188 ], [ -80.291857947505719, 43.996248237999424 ], [ -80.291111891191179, 43.996214756990305 ], [ -80.291042315637981, 43.9970226181144 ], [ -80.290669282339664, 43.997005875358987 ], [ -80.290530114106005, 43.998621599477332 ], [ -80.290903158371322, 43.998638342761957 ], [ -80.290833576657676, 43.999446206285114 ], [ -80.290460526908603, 43.999429462735876 ], [ -80.290414134302679, 43.99996803868568 ], [ -80.289294975457082, 43.999917799563065 ], [ -80.289271773327869, 44.000187087406538 ], [ -80.288898719007861, 44.000170338295561 ], [ -80.288875514822394, 44.000439626139595 ], [ -80.288129403211315, 44.000406123768308 ], [ -80.288106195141538, 44.000675411524654 ], [ -80.287360080787735, 44.000641903679707 ], [ -80.28733686883362, 44.000911191348315 ], [ -80.285844635554511, 44.000844159413852 ], [ -80.28582141605996, 44.001113446818138 ], [ -80.285075297134938, 44.001079922728536 ], [ -80.285052073755878, 44.001349210045007 ], [ -80.284679012808056, 44.001332445925456 ], [ -80.284632561708378, 44.001871020648061 ], [ -80.284259497332954, 44.00185425502756 ], [ -80.284236269612293, 44.002123542433658 ], [ -80.283863203637324, 44.002106775400556 ], [ -80.283839973860054, 44.002376062807052 ], [ -80.282720771822227, 44.002325753496777 ], [ -80.282697536332108, 44.00259504072703 ], [ -80.282324467615254, 44.002578268219928 ], [ -80.282254754288857, 44.003386130178043 ], [ -80.28188168031626, 44.003369356081521 ], [ -80.281811959447651, 44.004177218573048 ], [ -80.28143888021917, 44.004160442887063 ], [ -80.281415637644102, 44.004429730473277 ], [ -80.280669476216787, 44.004396174951445 ], [ -80.280622983067687, 44.004934750036441 ], [ -80.281369151807937, 44.00496830591181 ], [ -80.281276177391319, 44.006045457853084 ], [ -80.281649269417656, 44.006062234157689 ], [ -80.281602784493842, 44.006600810837078 ], [ -80.28197588040554, 44.006617585994022 ], [ -80.28195263942898, 44.006886874555079 ], [ -80.282325737397741, 44.006903648475927 ], [ -80.282302498020897, 44.007172937214008 ], [ -80.282675598046723, 44.007189709898789 ], [ -80.282652360269623, 44.00745899881386 ], [ -80.282279258415386, 44.007442226040716 ], [ -80.282163056957813, 44.008788671503794 ], [ -80.281789946189917, 44.008771896964369 ], [ -80.281696973593412, 44.009849054576392 ], [ -80.281323855740041, 44.009832278358999 ], [ -80.281137884939412, 44.011986597128043 ], [ -80.280764752685585, 44.011969818879031 ], [ -80.280718254040437, 44.01250839928008 ], [ -80.281091389951754, 44.012525177705868 ], [ -80.28088215118305, 44.014948794687953 ], [ -80.281628456611074, 44.014982349156604 ], [ -80.281558717210331, 44.015790223607233 ], [ -80.281931875754353, 44.015806999119732 ], [ -80.281908630658918, 44.01607629086859 ], [ -80.282281791260644, 44.016093065144808 ], [ -80.282212060088838, 44.016900941187259 ], [ -80.282958392952736, 44.016934486295746 ], [ -80.282888670696693, 44.017742363664418 ], [ -80.282515498663116, 44.017725591507457 ], [ -80.282492255624547, 44.017994884052207 ], [ -80.282865429487259, 44.018011656297524 ], [ -80.282818946382179, 44.018550241828976 ], [ -80.283192124131915, 44.01856701292634 ], [ -80.283122403246409, 44.019374892151689 ], [ -80.283495586712448, 44.01939166218925 ], [ -80.283425869256206, 44.020199542475353 ], [ -80.283052680302376, 44.020182772172724 ], [ -80.282959713174719, 44.021259946771472 ], [ -80.282586517132387, 44.021243174790634 ], [ -80.282540028537355, 44.021781762443496 ], [ -80.282166829065048, 44.02176498896111 ], [ -80.282004098969836, 44.02365004791038 ], [ -80.282750523755467, 44.023683594787414 ], [ -80.282727279342822, 44.023952889453057 ], [ -80.283846923725676, 44.024003200097056 ], [ -80.283823684572866, 44.024272495116058 ], [ -80.284570118964197, 44.024306029097623 ], [ -80.284546883241802, 44.024575324381587 ], [ -80.284920102610116, 44.024592089473337 ], [ -80.284896868488602, 44.024861384933928 ], [ -80.286389755566816, 44.024928432405105 ], [ -80.286366528535112, 44.025197728307198 ], [ -80.287486201733145, 44.025248000263765 ], [ -80.287462979961774, 44.025517296519013 ], [ -80.287089753504205, 44.025500540436816 ], [ -80.287066529674604, 44.025769836692071 ], [ -80.286693301615927, 44.025753079196654 ], [ -80.286670075728054, 44.02602237545193 ], [ -80.285923616637191, 44.025988856309652 ], [ -80.285900386861329, 44.026258152476615 ], [ -80.285527155829158, 44.026241390829767 ], [ -80.285503923994924, 44.02651068699668 ], [ -80.284384226781356, 44.026460393841482 ], [ -80.284407464104703, 44.026191097939517 ], [ -80.283661004098633, 44.026157562721288 ], [ -80.283498312415446, 44.028042634651548 ], [ -80.283125069947332, 44.02802586443665 ], [ -80.283101825533393, 44.028295160691307 ], [ -80.281982094012449, 44.028244841831366 ], [ -80.281958843880233, 44.028514137909141 ], [ -80.281585598667775, 44.02849736221745 ], [ -80.281515841408449, 44.029305250714948 ], [ -80.281142590935303, 44.029288473433098 ], [ -80.281119336227874, 44.02955776968696 ], [ -80.280746084153748, 44.029540990991656 ], [ -80.280676313168243, 44.030348880017179 ], [ -80.281049570732137, 44.030365658977651 ], [ -80.28102631510906, 44.03063495558424 ], [ -80.282146094664014, 44.030685284780411 ], [ -80.282122844301966, 44.030954581740325 ], [ -80.281749582391441, 44.030937806578272 ], [ -80.281633317997901, 44.032284292258346 ], [ -80.282006589058625, 44.032301067862292 ], [ -80.281983337323311, 44.032570365351148 ], [ -80.282356610443003, 44.03258713971838 ], [ -80.282263608533384, 44.033664330908451 ], [ -80.282636889202536, 44.033681104304016 ], [ -80.282427637988164, 44.036104790431196 ], [ -80.282800935358537, 44.036121563296909 ], [ -80.282684685824591, 44.03746805911414 ], [ -80.282311379302271, 44.037451285806597 ], [ -80.282264874225547, 44.037989884573058 ], [ -80.283011494820883, 44.03802343021637 ], [ -80.282941746471849, 44.038831329556437 ], [ -80.282568430568233, 44.038814557132305 ], [ -80.282521926863325, 44.039353156955656 ], [ -80.282895246428026, 44.03936992955655 ], [ -80.282778992312643, 44.040716431096733 ], [ -80.283525650434825, 44.040749973206147 ], [ -80.283432657667532, 44.041827176728702 ], [ -80.283805994394754, 44.041843946148802 ], [ -80.28375950029924, 44.042382548614491 ], [ -80.283386159910521, 44.042365779017715 ], [ -80.283362910688666, 44.042635080294133 ], [ -80.283736252908156, 44.0426518499793 ], [ -80.283713005288178, 44.042921151432004 ], [ -80.28408634956736, 44.042937919880131 ], [ -80.284063103549329, 44.043207221509078 ], [ -80.284809796455917, 44.043240754605904 ], [ -80.284786553870674, 44.043510056499485 ], [ -80.285533251354337, 44.043543584471337 ], [ -80.285510012201968, 44.043812886629489 ], [ -80.28588336311789, 44.043829648715629 ], [ -80.285860125567609, 44.044098951049989 ], [ -80.28623347854321, 44.044115711899025 ], [ -80.286210242595033, 44.044385014409627 ], [ -80.28658359763034, 44.04440177402153 ], [ -80.286560363284295, 44.044671076708333 ], [ -80.286933720379309, 44.04468783508311 ], [ -80.286910487635438, 44.044957137946064 ], [ -80.28728384679016, 44.044973895083722 ], [ -80.28726061564852, 44.045243198122904 ], [ -80.288380699977907, 44.045293461847962 ], [ -80.288125202748134, 44.048255803991623 ], [ -80.288498584790673, 44.048272556886594 ], [ -80.288475358228709, 44.048541861333213 ], [ -80.288101974354959, 44.048525108349963 ], [ -80.288009058495021, 44.049602326661613 ], [ -80.288382449693742, 44.049619079997917 ], [ -80.288359221988188, 44.04988838488363 ], [ -80.288732615246929, 44.04990513698263 ], [ -80.288616482444979, 44.051251663169381 ], [ -80.288243080029517, 44.051234910629063 ], [ -80.288219850951563, 44.051504216041458 ], [ -80.288593255198435, 44.051520968670083 ], [ -80.288570027723154, 44.051790274258551 ], [ -80.288196621644872, 44.051773521541683 ], [ -80.288126932352284, 44.052581438568865 ], [ -80.288500343924923, 44.052598191550494 ], [ -80.288360970152326, 44.054214028503445 ], [ -80.28873439294297, 44.054230780688961 ], [ -80.288664708463273, 44.055038700614496 ], [ -80.289038136977496, 44.055055451739136 ], [ -80.288991683177272, 44.055594065637798 ], [ -80.289365115583578, 44.055610815613242 ], [ -80.289225759683404, 44.05722665994309 ], [ -80.288852316286651, 44.05720990943815 ], [ -80.288805858826379, 44.057748524739566 ], [ -80.289179305886762, 44.057765275421019 ], [ -80.289132851175097, 44.058303891249494 ], [ -80.288759400451013, 44.058287140391549 ], [ -80.288712941160554, 44.0588257563941 ], [ -80.288339487001494, 44.058809004033812 ], [ -80.288316255181186, 44.059078312078249 ], [ -80.287942799419028, 44.059061558303888 ], [ -80.287896331428115, 44.059600174479094 ], [ -80.287522872230937, 44.059583419202326 ], [ -80.287476399660775, 44.060122035551366 ], [ -80.287102937028507, 44.060105278772234 ], [ -80.287079698568164, 44.060374586989859 ], [ -80.287453163032424, 44.060391343857283 ], [ -80.287313738456149, 44.062007195531912 ], [ -80.286566787771932, 44.061973679411714 ], [ -80.286473818819815, 44.063050914906285 ], [ -80.286847301376042, 44.063067673982516 ], [ -80.286824060397862, 44.06333698316331 ], [ -80.287197545015147, 44.063353741001926 ], [ -80.287174305640278, 44.063623050358537 ], [ -80.287547792318676, 44.063639806959522 ], [ -80.287478078317392, 44.064447735819321 ], [ -80.287851570721401, 44.064464491359232 ], [ -80.287828334095479, 44.064733801242461 ], [ -80.28745483985918, 44.064717045614309 ], [ -80.287431601172088, 44.064986355496728 ], [ -80.287058105332392, 44.064969598454319 ], [ -80.286988382400708, 44.065777528361778 ], [ -80.285867879764268, 44.065727248483974 ], [ -80.285844632832109, 44.06599655836316 ], [ -80.286218135314328, 44.066013319736726 ], [ -80.286148398641132, 44.066821250164075 ], [ -80.285774890661742, 44.06680448852557 ], [ -80.285751642813636, 44.067073798754613 ], [ -80.285378133230807, 44.067057035701801 ], [ -80.285331633182722, 44.067595656245587 ], [ -80.284958120164006, 44.067578891690083 ], [ -80.284934867963955, 44.067848202004747 ], [ -80.284561353341815, 44.067831436034943 ], [ -80.28451484458958, 44.068370056750027 ], [ -80.284141326531511, 44.068353289277439 ], [ -80.284071556187527, 44.069161220740654 ], [ -80.284445079743222, 44.069177988478295 ], [ -80.284398568700269, 44.069716610067488 ], [ -80.282904461191507, 44.069649530453752 ], [ -80.282857934571311, 44.070188151685649 ], [ -80.282484404601732, 44.070171378290269 ], [ -80.282461139115256, 44.070440688948914 ], [ -80.282087607542238, 44.070423914139063 ], [ -80.282064339993923, 44.070693224796699 ], [ -80.28169080681748, 44.070676448572364 ], [ -80.281644267367909, 44.071215069972943 ], [ -80.281270730755324, 44.071198292245718 ], [ -80.281247458853997, 44.071467602988669 ], [ -80.28050038265124, 44.071434043379035 ], [ -80.280453830829956, 44.071972664773249 ], [ -80.279706748213499, 44.071939099505485 ], [ -80.279683468293427, 44.072208410156804 ], [ -80.279309925496463, 44.072191625445242 ], [ -80.279286643514325, 44.072460936095439 ], [ -80.278913099113936, 44.072444149969371 ], [ -80.278866530796066, 44.072982771354816 ], [ -80.27849298295952, 44.072965983725688 ], [ -80.278399836239913, 44.074043227190494 ], [ -80.278026281301479, 44.074026437881372 ], [ -80.278002992215178, 44.074295748877368 ], [ -80.277629435673319, 44.074278958153592 ], [ -80.277582853146669, 44.074817580230487 ], [ -80.276088614610828, 44.07475040336567 ], [ -80.276065315671687, 44.075019714181053 ], [ -80.275691754778606, 44.075002916560919 ], [ -80.275575247475146, 44.076349471504315 ], [ -80.275201677646862, 44.076332672115356 ], [ -80.275155069452524, 44.076871294526413 ], [ -80.275528642946838, 44.076888094092403 ], [ -80.275482037500225, 44.077426717029397 ], [ -80.275855614890219, 44.077443515446163 ], [ -80.275809012191459, 44.077982138909057 ], [ -80.276182593477188, 44.077998936176606 ], [ -80.27608939265744, 44.079076184502824 ], [ -80.275715804039137, 44.079059386881283 ], [ -80.275692501427102, 44.079328699092329 ], [ -80.27606609187859, 44.079345496802368 ], [ -80.276042790870193, 44.079614809189103 ], [ -80.276416383384458, 44.079631605661326 ], [ -80.276346484481536, 44.080439543610026 ], [ -80.275972886467528, 44.080422746872287 ], [ -80.275926282384532, 44.080961372430217 ], [ -80.27667348597528, 44.080994964933353 ], [ -80.276650187256038, 44.081264278020051 ], [ -80.277397395431635, 44.081297865394717 ], [ -80.277374100149544, 44.081567178745551 ], [ -80.277747706414971, 44.081583970531831 ], [ -80.277677824691665, 44.082391911372454 ], [ -80.277304212926069, 44.082375119320787 ], [ -80.277280916725857, 44.082644433020128 ], [ -80.276907303356381, 44.082627639553536 ], [ -80.276884005093194, 44.082896953251499 ], [ -80.276510390119839, 44.082880158370031 ], [ -80.276417187437573, 44.083957413678959 ], [ -80.276043565359899, 44.083940617117072 ], [ -80.276020262281847, 44.084209931073545 ], [ -80.276393886193048, 44.084226727723923 ], [ -80.276347283015212, 44.084765356075103 ], [ -80.276720910823101, 44.084782151576057 ], [ -80.27665100983512, 44.085590095021345 ], [ -80.275530110597984, 44.085539703742619 ], [ -80.275553416657715, 44.085270389439302 ], [ -80.273685265023573, 44.085186377888029 ], [ -80.273708580021548, 44.084917064114428 ], [ -80.272961324643006, 44.084883450385817 ], [ -80.272938005977906, 44.085152763982293 ], [ -80.271817119132706, 44.085102333175328 ], [ -80.271840443298473, 44.084833019844559 ], [ -80.270719564022301, 44.084782577365303 ], [ -80.270742893458845, 44.084513264387404 ], [ -80.270369269326693, 44.084496447663369 ], [ -80.270345938056622, 44.084765760552663 ], [ -80.269598686814959, 44.08473212294809 ], [ -80.269552016250998, 44.085270748633377 ], [ -80.26805750185865, 44.085203456797878 ], [ -80.268080844589761, 44.084934144266271 ], [ -80.267707218400162, 44.084917318079931 ], [ -80.267730562734798, 44.084648005724034 ], [ -80.267356938608742, 44.084631178299936 ], [ -80.267380284546846, 44.084361866119771 ], [ -80.267006662484306, 44.084345037457901 ], [ -80.267030010025863, 44.084075725453445 ], [ -80.266656390026839, 44.084058895553845 ], [ -80.2667030880867, 44.083520271983517 ], [ -80.266329471984619, 44.083503440934798 ], [ -80.266376172791098, 44.082964817890193 ], [ -80.266002560585861, 44.082947985692542 ], [ -80.26602591247736, 44.082678674389513 ], [ -80.265652302335624, 44.08266184095416 ], [ -80.265745714934127, 44.081584596967822 ], [ -80.266119317742579, 44.081601430048387 ], [ -80.266212719326745, 44.080524187101041 ], [ -80.266586315032242, 44.080541018500526 ], [ -80.266633010777582, 44.080002397372276 ], [ -80.266259418738485, 44.07998556615015 ], [ -80.266352814801451, 44.078908325294158 ], [ -80.266726399507945, 44.078925156161581 ], [ -80.266796438640554, 44.078117226168722 ], [ -80.267170018077806, 44.078134055443812 ], [ -80.267216706016754, 44.077595435707167 ], [ -80.266843130245604, 44.077578606609428 ], [ -80.266889820930643, 44.077039987398919 ], [ -80.266516249055513, 44.07702315715229 ], [ -80.26653959588603, 44.076753847766525 ], [ -80.266166026073876, 44.076737016282351 ], [ -80.266189374507334, 44.07646770707246 ], [ -80.264695104890919, 44.076400368228406 ], [ -80.26467174912564, 44.076669677083494 ], [ -80.264298180463769, 44.076652838968236 ], [ -80.264274822635457, 44.076922147821804 ], [ -80.262780542957529, 44.076854781743734 ], [ -80.262733811946717, 44.077393399002567 ], [ -80.262360238936722, 44.077376553989978 ], [ -80.262290135195002, 44.078184480265882 ], [ -80.261916556916191, 44.078167633660804 ], [ -80.261893186708804, 44.078436942505029 ], [ -80.26114602717584, 44.078403245138531 ], [ -80.261122653072107, 44.078672553892396 ], [ -80.260749071817955, 44.078655703131005 ], [ -80.26070231925344, 44.079194320722564 ], [ -80.260328734563458, 44.079177468457331 ], [ -80.260305356102648, 44.079446777295047 ], [ -80.259931769809896, 44.07942992361474 ], [ -80.259908389285613, 44.079699232450793 ], [ -80.259161213724951, 44.079665520933709 ], [ -80.259137829304066, 44.079934829679274 ], [ -80.258764240036186, 44.079917971842534 ], [ -80.258740853551771, 44.080187280586408 ], [ -80.257993672040968, 44.080153560756344 ], [ -80.257970281659823, 44.080422869409666 ], [ -80.257596689416914, 44.08040600741635 ], [ -80.257549904296923, 44.080944624806655 ], [ -80.257176308618156, 44.080927761309347 ], [ -80.257152913879224, 44.081197070046301 ], [ -80.256779316597743, 44.081180205133826 ], [ -80.256732522761979, 44.081718822691322 ], [ -80.257479724888341, 44.081752551545364 ], [ -80.257362754597636, 44.083099097851608 ], [ -80.256615534138376, 44.083065368108961 ], [ -80.256592135722045, 44.083334677453692 ], [ -80.256218524004879, 44.083317810503935 ], [ -80.256148321872516, 44.084125738793823 ], [ -80.255401088129659, 44.084092000381922 ], [ -80.255424492737802, 44.083822691042698 ], [ -80.254303649353233, 44.083772073743603 ], [ -80.254233418336455, 44.084580001222356 ], [ -80.253859798836046, 44.084563125869856 ], [ -80.25383638620238, 44.084832435114564 ], [ -80.253089144226806, 44.084798680252511 ], [ -80.253065727695571, 44.085067989406376 ], [ -80.252692105220419, 44.08505110989681 ], [ -80.252645267798826, 44.085589728287715 ], [ -80.252271641887532, 44.085572847273824 ], [ -80.252248220997117, 44.085842156510857 ], [ -80.251127339147459, 44.085791505243904 ], [ -80.251103912525807, 44.086060814300993 ], [ -80.250730283870709, 44.086043927803559 ], [ -80.250706855184703, 44.086313236858686 ], [ -80.250333224926976, 44.086296348945801 ], [ -80.250239500540246, 44.087373585680133 ], [ -80.248744952481573, 44.087306019340261 ], [ -80.248768391258821, 44.08703671038225 ], [ -80.24764748814043, 44.08698602196673 ], [ -80.247670932187347, 44.086716713362762 ], [ -80.247297300110063, 44.086699814660378 ], [ -80.247320745759467, 44.086430506232396 ], [ -80.245452598006224, 44.086345993269369 ], [ -80.245382232862113, 44.087153917478304 ], [ -80.244634964377383, 44.087120102473627 ], [ -80.244611505200041, 44.087389410539004 ], [ -80.244237869470865, 44.087372500957898 ], [ -80.244167485051136, 44.08818042540841 ], [ -80.243793844052433, 44.088163514233578 ], [ -80.243770380283223, 44.088432822468484 ], [ -80.242649453173541, 44.088382080717786 ], [ -80.242696391482298, 44.087843464869579 ], [ -80.241949115233098, 44.087809630759978 ], [ -80.241972587707707, 44.087540323144538 ], [ -80.241598951763592, 44.087523404189213 ], [ -80.241645899685992, 44.086984789397427 ], [ -80.241272267640213, 44.086967869293943 ], [ -80.24129574308796, 44.08669856211764 ], [ -80.240174853839022, 44.086647794116189 ], [ -80.240268775318242, 44.085570567350452 ], [ -80.239147910152738, 44.085519788481449 ], [ -80.239171395444316, 44.085250482274986 ], [ -80.238797776018643, 44.085233553421773 ], [ -80.238821262912182, 44.084964247391447 ], [ -80.237326794857267, 44.084896519071599 ], [ -80.237303300630316, 44.08516582474504 ], [ -80.236182446519663, 44.085115014310574 ], [ -80.236205946246642, 44.084845708904886 ], [ -80.235832330506142, 44.084828769529906 ], [ -80.235855831834868, 44.084559464300398 ], [ -80.235482218159248, 44.08454252368837 ], [ -80.235505721089737, 44.084273218635104 ], [ -80.235132109478982, 44.084256276785965 ], [ -80.235155614011163, 44.083986971908907 ], [ -80.234782004465274, 44.083970028822748 ], [ -80.234805510599145, 44.083700724122011 ], [ -80.234431903118065, 44.083683779798733 ], [ -80.234478918357439, 44.083145170836794 ], [ -80.233358108303335, 44.08309433044478 ], [ -80.233334595299837, 44.083363634614336 ], [ -80.23296099057859, 44.083346685075107 ], [ -80.232937475510212, 44.083615989242396 ], [ -80.231443051609361, 44.083548177464934 ], [ -80.231419528976389, 44.083817481361891 ], [ -80.231045921747324, 44.083800525012421 ], [ -80.231069446213496, 44.08353122120478 ], [ -80.229948631416661, 44.083480344466423 ], [ -80.229972161150641, 44.083211041013833 ], [ -80.226983346559678, 44.083075312069148 ], [ -80.226959802160309, 44.083344614806599 ], [ -80.226586199546972, 44.083327642630771 ], [ -80.226609745779484, 44.083058339982735 ], [ -80.226236145231283, 44.083041366570029 ], [ -80.226306788036311, 44.082233459416194 ], [ -80.225933193219475, 44.082216484945477 ], [ -80.22595674219022, 44.081947182824329 ], [ -80.225583149438478, 44.08193020711682 ], [ -80.225677350333541, 44.080852999860056 ], [ -80.226050935753165, 44.080869975209808 ], [ -80.226098031142641, 44.080331371924721 ], [ -80.226471613128297, 44.080348345769366 ], [ -80.226495158642109, 44.08007904416796 ], [ -80.226868739026784, 44.080096016596919 ], [ -80.22689228247566, 44.079826714993189 ], [ -80.22726586125934, 44.079843686006548 ], [ -80.227289402643351, 44.079574384400388 ], [ -80.2269158256926, 44.079557413476437 ], [ -80.226986453951753, 44.078749509448627 ], [ -80.226612882731601, 44.078732537466728 ], [ -80.226824771479997, 44.076308830890838 ], [ -80.227198326205141, 44.076325802067956 ], [ -80.227221866407064, 44.076056501683425 ], [ -80.22796897288768, 44.076090439880488 ], [ -80.22801604526515, 44.075551839015205 ], [ -80.228389595187906, 44.075568805945828 ], [ -80.228413129196227, 44.075299505554518 ], [ -80.228039581106103, 44.075282538713346 ], [ -80.22811018723786, 44.074474638330528 ], [ -80.228857272654253, 44.074508570150456 ], [ -80.228927865704065, 44.073700670015818 ], [ -80.228180791283009, 44.073666738732214 ], [ -80.228298460054987, 44.072320241145398 ], [ -80.227177877649382, 44.072269335615665 ], [ -80.22720141620556, 44.07200003662814 ], [ -80.226080841384018, 44.071949119432595 ], [ -80.226104385205531, 44.071679820800519 ], [ -80.225730862561235, 44.07166284583942 ], [ -80.225754407983217, 44.071393547384012 ], [ -80.225007367055142, 44.07135959366277 ], [ -80.22498381796845, 44.071628891939305 ], [ -80.222742689757908, 44.071526998415145 ], [ -80.222766249838728, 44.07125770067546 ], [ -80.220898658540278, 44.071172753388375 ], [ -80.22096936487479, 44.070364862035341 ], [ -80.221342877173342, 44.070381853876107 ], [ -80.221366443654944, 44.07011255684337 ], [ -80.221739954353367, 44.070129547268657 ], [ -80.221834210629609, 44.069052359652026 ], [ -80.222207714231303, 44.069069348393377 ], [ -80.222231275887935, 44.068800051617856 ], [ -80.222604777889515, 44.068817038943777 ], [ -80.222628337481908, 44.068547742166018 ], [ -80.223001837883416, 44.068564728076531 ], [ -80.223096066603944, 44.067487541480297 ], [ -80.221975588081023, 44.067436580845005 ], [ -80.221928463192242, 44.067975173431499 ], [ -80.221554967151221, 44.067958183722361 ], [ -80.221578531543756, 44.067688887474944 ], [ -80.220831543822229, 44.067654904257957 ], [ -80.22090224659955, 44.066847016576546 ], [ -80.221275734848092, 44.066864008579422 ], [ -80.221299300144253, 44.066594712770737 ], [ -80.22167278679288, 44.066611703358213 ], [ -80.221696350024928, 44.066342407547275 ], [ -80.221322865208307, 44.066325417049299 ], [ -80.221393559007879, 44.065517530408904 ], [ -80.221020079919256, 44.065500538853712 ], [ -80.221043645886851, 44.065231243571105 ], [ -80.221417123143553, 44.065248235036854 ], [ -80.221511377365346, 44.064171054421791 ], [ -80.221884847526582, 44.064188044203583 ], [ -80.221908408669989, 44.063918749178782 ], [ -80.222655346024908, 44.063952724586144 ], [ -80.222678903272609, 44.063683429469592 ], [ -80.223425837891924, 44.063717399394889 ], [ -80.223520049908259, 44.062640219086624 ], [ -80.223893510238696, 44.062657201702692 ], [ -80.223917060831113, 44.062387906754623 ], [ -80.223543602332427, 44.062370924228027 ], [ -80.223637809709487, 44.06129374566769 ], [ -80.223264358769583, 44.06127676217325 ], [ -80.22328791186564, 44.061007467841186 ], [ -80.222914462989351, 44.060990483110558 ], [ -80.222938017685081, 44.060721188955355 ], [ -80.222564570872393, 44.060704202988497 ], [ -80.222588127167782, 44.060434909010247 ], [ -80.221467793616625, 44.060383943423936 ], [ -80.221444231826425, 44.060653237133664 ], [ -80.221070785941848, 44.060636245864004 ], [ -80.221047222087989, 44.060905539571642 ], [ -80.218806540664843, 44.06080356357684 ], [ -80.218782965589142, 44.06107285683467 ], [ -80.218409517666174, 44.061055856106009 ], [ -80.218385940526673, 44.061325149361608 ], [ -80.218012491004274, 44.061308147217751 ], [ -80.217988911800916, 44.061577440471218 ], [ -80.217615460679099, 44.061560436912025 ], [ -80.217591879411842, 44.061829730163311 ], [ -80.217218426690621, 44.061812725188801 ], [ -80.217194843359451, 44.06208201843792 ], [ -80.216821389038799, 44.062065012048073 ], [ -80.216797803643701, 44.062334305294975 ], [ -80.215303981357394, 44.062266266120083 ], [ -80.215327574079254, 44.061996973231579 ], [ -80.21383376283741, 44.061928913203744 ], [ -80.21381016278886, 44.062198205733601 ], [ -80.21343670872777, 44.062181187322679 ], [ -80.213389504270026, 44.062719772465194 ], [ -80.2122691324914, 44.062668708740084 ], [ -80.212245524418719, 44.062938001173357 ], [ -80.211125149237589, 44.062886925247632 ], [ -80.211101535437265, 44.063156217499156 ], [ -80.210728075676968, 44.063139189449437 ], [ -80.210751691308985, 44.062869897287591 ], [ -80.210378233612971, 44.062852868001755 ], [ -80.210401850844107, 44.062583576017055 ], [ -80.210028395212376, 44.062566545495287 ], [ -80.210052014042574, 44.062297253687618 ], [ -80.209678560475112, 44.062280221929868 ], [ -80.209702180904358, 44.062010930299287 ], [ -80.209328729401179, 44.061993897305555 ], [ -80.209399594787968, 44.061186023207298 ], [ -80.209773040796335, 44.061203055931827 ], [ -80.209843898594755, 44.060395182350859 ], [ -80.208723577751485, 44.060344081007955 ], [ -80.208747202046936, 44.060074790258319 ], [ -80.208373764062642, 44.060057753915785 ], [ -80.208397389956943, 44.059788463343317 ], [ -80.206903647672632, 44.059720305075778 ], [ -80.206927280660096, 44.059451014949822 ], [ -80.206553847502292, 44.059433972158615 ], [ -80.206530212683361, 44.059703262194802 ], [ -80.205036475054115, 44.059635077414541 ], [ -80.205012832676587, 44.059904367178895 ], [ -80.203145656721645, 44.059819105927694 ], [ -80.203169308256392, 44.059549816612524 ], [ -80.203542741150159, 44.059566871424188 ], [ -80.203566390620566, 44.059297582106566 ], [ -80.203192959558208, 44.059280527384786 ], [ -80.203240261463108, 44.058741949191422 ], [ -80.202866834296458, 44.05872489332377 ], [ -80.202914138932414, 44.058186315659889 ], [ -80.201047024906913, 44.058101017336149 ], [ -80.201070686032097, 44.057831729084754 ], [ -80.20069726575727, 44.057814665533165 ], [ -80.200720928480735, 44.057545377459071 ], [ -80.20034751027022, 44.057528312671806 ], [ -80.200394838680594, 44.056989736965797 ], [ -80.199648010283724, 44.056955603774213 ], [ -80.199671677801817, 44.056686316232202 ], [ -80.197804620044749, 44.056600960505861 ], [ -80.197875648668344, 44.055793099753636 ], [ -80.197128838184483, 44.055758948724112 ], [ -80.197152517588307, 44.055489662161548 ], [ -80.196779114527274, 44.055472584748507 ], [ -80.19685015683298, 44.054664725855602 ], [ -80.197596952201678, 44.054698878816424 ], [ -80.197691657363151, 44.053621734131113 ], [ -80.19806504807309, 44.053638808263464 ], [ -80.198088721949631, 44.053369522220954 ], [ -80.198835500406844, 44.053403666329444 ], [ -80.19888284013669, 44.052865094147236 ], [ -80.199256226052981, 44.052882164033448 ], [ -80.199279893737341, 44.052612877983698 ], [ -80.199653278055749, 44.052629946454552 ], [ -80.199747939139101, 44.05155280277129 ], [ -80.200121316366889, 44.051569869557071 ], [ -80.20016864184872, 44.051031298060963 ], [ -80.19942189494958, 44.050997163523697 ], [ -80.199445561002648, 44.050727878086832 ], [ -80.199072189733442, 44.05071080892003 ], [ -80.199095857384293, 44.050441523660645 ], [ -80.1994692268227, 44.050458592737492 ], [ -80.199492892409737, 44.050189307475819 ], [ -80.199866260250388, 44.050206375137392 ], [ -80.199889923773625, 44.04993708987336 ], [ -80.200263290016494, 44.049954156119654 ], [ -80.200334273696029, 44.049146300583367 ], [ -80.200707634679645, 44.049163365234598 ], [ -80.200778610770371, 44.048355510217071 ], [ -80.201151966494862, 44.048372573273305 ], [ -80.201199279062678, 44.047834003519988 ], [ -80.201945983887811, 44.04786812529688 ], [ -80.201969636161081, 44.047598840371933 ], [ -80.201596285462699, 44.047581780236001 ], [ -80.201667246377042, 44.046773926256627 ], [ -80.202787282695468, 44.046825101879612 ], [ -80.20283457782395, 44.046286532459114 ], [ -80.203581262544859, 44.046320642555244 ], [ -80.203652192508329, 44.045512788542965 ], [ -80.204025529726408, 44.045529841333604 ], [ -80.204049170751503, 44.045260556748381 ], [ -80.204422506371884, 44.045277608123889 ], [ -80.204493422559295, 44.044469754624963 ], [ -80.204866752921035, 44.044486804405807 ], [ -80.20489038935429, 44.044217519991747 ], [ -80.205263718118317, 44.04423456835751 ], [ -80.205334620530692, 44.043426715372249 ], [ -80.204961297257839, 44.043409667275924 ], [ -80.205032203067105, 44.04260181534972 ], [ -80.204658885517929, 44.042584766197635 ], [ -80.204706158554558, 44.042046198865179 ], [ -80.20507947244316, 44.042063247837696 ], [ -80.205197641811466, 44.040716830593482 ], [ -80.205570946781634, 44.040733877791716 ], [ -80.205689101182656, 44.039387462293327 ], [ -80.205315805363185, 44.039370415544113 ], [ -80.205339437375585, 44.039101132797661 ], [ -80.205712731364983, 44.039118179457077 ], [ -80.205736361314649, 44.038848896708643 ], [ -80.206856239188241, 44.038900028466948 ], [ -80.206903487409463, 44.038361462694787 ], [ -80.207276776839066, 44.0383785037845 ], [ -80.207300398770798, 44.038109220940463 ], [ -80.207673686602902, 44.038126260615272 ], [ -80.207720926108763, 44.037587695011176 ], [ -80.209214065122126, 44.037655839741788 ], [ -80.20923767720636, 44.037386556712491 ], [ -80.209610960710847, 44.037403589492733 ], [ -80.209634570732661, 44.037134306461617 ], [ -80.210754417150696, 44.037185396582778 ], [ -80.21080162551732, 44.0366468302459 ], [ -80.211174904461487, 44.036663857456759 ], [ -80.211363713994984, 44.034509594907483 ], [ -80.211736978532471, 44.034526620075759 ], [ -80.211854967791808, 44.033180208391464 ], [ -80.211481712403113, 44.033163183671626 ], [ -80.211670497776893, 44.031008930268356 ], [ -80.210924016970594, 44.03097487828893 ], [ -80.210971218309481, 44.030436316176782 ], [ -80.210224745750565, 44.030402259256562 ], [ -80.210201141538207, 44.030671540089209 ], [ -80.209081428953837, 44.030620444503064 ], [ -80.209223083673677, 44.029004762442376 ], [ -80.20884985758714, 44.028987728468941 ], [ -80.208897077626915, 44.02844916866578 ], [ -80.209270300054641, 44.028466202459704 ], [ -80.20929390789658, 44.028196922600436 ], [ -80.208920687298217, 44.028179888896197 ], [ -80.208967905943695, 44.027641329621318 ], [ -80.208594689236421, 44.027624294771741 ], [ -80.208618300039916, 44.027355015356136 ], [ -80.207871870981151, 44.027320941862101 ], [ -80.207895485210855, 44.027051662714051 ], [ -80.207522272859379, 44.027034624069628 ], [ -80.207545888685942, 44.026765345099385 ], [ -80.206799468338872, 44.026731264015666 ], [ -80.206775848853752, 44.027000542806363 ], [ -80.205656214588885, 44.026949410975554 ], [ -80.205679839561768, 44.026680132454295 ], [ -80.205306630434421, 44.026663085950894 ], [ -80.205377509445569, 44.02585525118473 ], [ -80.205750713085266, 44.025872297418694 ], [ -80.205774337128076, 44.025603019249672 ], [ -80.206147539171127, 44.025620064069088 ], [ -80.206171161152241, 44.025350785898389 ], [ -80.206544361598588, 44.025367829303278 ], [ -80.206567981518077, 44.025098551130874 ], [ -80.20694118036775, 44.025115593121257 ], [ -80.207059267332838, 44.023769203132154 ], [ -80.206686077628675, 44.023752161590657 ], [ -80.206733314445756, 44.023213606391472 ], [ -80.207106500491832, 44.023230647753422 ], [ -80.207177348487178, 44.022422815346438 ], [ -80.206804167928084, 44.022405774253798 ], [ -80.206827785290656, 44.022136497050866 ], [ -80.206454606792946, 44.022119454723367 ], [ -80.206478225752036, 44.021850177698404 ], [ -80.20573187311183, 44.021816089248944 ], [ -80.205779117648291, 44.021277535822676 ], [ -80.204659601404984, 44.021226393752436 ], [ -80.204683228811135, 44.020957117440972 ], [ -80.204310059023911, 44.020940067524798 ], [ -80.204286429788908, 44.021209343746428 ], [ -80.20354008725441, 44.021175239760524 ], [ -80.203563720147116, 44.02090596371854 ], [ -80.203190551057574, 44.020888909828486 ], [ -80.203214185546543, 44.020619633964557 ], [ -80.202467851722915, 44.020585522390206 ], [ -80.202491489636913, 44.020316246794167 ], [ -80.202118324902841, 44.020299189109984 ], [ -80.202141964413016, 44.02002991369195 ], [ -80.201768801740343, 44.020012854772979 ], [ -80.201792442846653, 44.019743579533042 ], [ -80.201419282235406, 44.019726519379397 ], [ -80.201442924937822, 44.019457244317493 ], [ -80.201069766387988, 44.019440182929131 ], [ -80.20109341068644, 44.019170908045311 ], [ -80.200347097942284, 44.01913678147465 ], [ -80.200394393155946, 44.0185982323312 ], [ -80.199648088657383, 44.018564100821855 ], [ -80.199719040704437, 44.017756278307758 ], [ -80.198226456443948, 44.017688000473512 ], [ -80.198202798679858, 44.017957274196974 ], [ -80.197456504289164, 44.01792312715282 ], [ -80.197432842635052, 44.018192400784621 ], [ -80.195567101590299, 44.018107009545226 ], [ -80.195590772387462, 44.017837736363234 ], [ -80.195217626705869, 44.017820654231748 ], [ -80.195193954080096, 44.018089927323757 ], [ -80.194447659758552, 44.018055758907245 ], [ -80.194423983242615, 44.018325031907487 ], [ -80.193677686195812, 44.018290858012861 ], [ -80.193654005789654, 44.018560130921294 ], [ -80.193280855787165, 44.018543041897168 ], [ -80.193115073618046, 44.020427954095602 ], [ -80.19124926309803, 44.020342485955481 ], [ -80.191225569854993, 44.02061175902918 ], [ -80.19047924362151, 44.020577562320959 ], [ -80.19045554648784, 44.020846835302663 ], [ -80.190082381892125, 44.020829734871612 ], [ -80.190058682696446, 44.021099007851411 ], [ -80.189685516505207, 44.021081906005655 ], [ -80.189661815247518, 44.021351178983522 ], [ -80.188542312587032, 44.021299865228443 ], [ -80.188518605609715, 44.021569138024148 ], [ -80.188145436694015, 44.021552030699816 ], [ -80.188098018381837, 44.022090576375362 ], [ -80.187724846041846, 44.022073467546186 ], [ -80.18765371133702, 44.022881286450016 ], [ -80.186907356383983, 44.02284706427703 ], [ -80.186931071843347, 44.022577791401211 ], [ -80.186184721481609, 44.022543564110002 ], [ -80.186208440365277, 44.022274291502633 ], [ -80.185835267363373, 44.022257175960249 ], [ -80.185882708088045, 44.02171863119014 ], [ -80.18439003304546, 44.021650156495902 ], [ -80.184366305484673, 44.021919428476181 ], [ -80.183619965706768, 44.021885183001089 ], [ -80.183667427909938, 44.021346639489451 ], [ -80.183294262028824, 44.021329514945428 ], [ -80.183317994608842, 44.021060243412016 ], [ -80.182571667204783, 44.021025990530653 ], [ -80.182595403208694, 44.020756719265798 ], [ -80.181849080396404, 44.020722461266608 ], [ -80.181872819824108, 44.020453190270381 ], [ -80.181499660597083, 44.020436059374148 ], [ -80.181523401619842, 44.020166788556267 ], [ -80.181150244455111, 44.020149656425765 ], [ -80.181221471607529, 44.01934184477178 ], [ -80.180848320162326, 44.019324711587444 ], [ -80.180872063907771, 44.019055441302726 ], [ -80.18012576537555, 44.019021171141056 ], [ -80.18017325947973, 44.018482631197131 ], [ -80.179800114221251, 44.018465494310085 ], [ -80.179823862751348, 44.018196224560619 ], [ -80.179450719555092, 44.018179086439304 ], [ -80.179521969228688, 44.017371277990975 ], [ -80.179148831751604, 44.017354138816067 ], [ -80.17922008480717, 44.016546331432281 ], [ -80.178846953049089, 44.016529191203794 ], [ -80.178941961164711, 44.015452116288316 ], [ -80.179688210287637, 44.015486394698634 ], [ -80.1797119580756, 44.015217126009745 ], [ -80.180085081159248, 44.015234263137998 ], [ -80.180108826885231, 44.014964994447105 ], [ -80.180855070096868, 44.014999264549822 ], [ -80.180973776939368, 44.013652921516616 ], [ -80.180600664358053, 44.013635787578728 ], [ -80.180624406853966, 44.013366519327143 ], [ -80.180251296334461, 44.013349384155205 ], [ -80.180275040424917, 44.013080116082108 ], [ -80.17952882374324, 44.013045841945569 ], [ -80.179552571256409, 44.012776574141363 ], [ -80.179179465094222, 44.012759435176847 ], [ -80.179203214201877, 44.012490167551199 ], [ -80.178830110101501, 44.012473027352605 ], [ -80.178853860803599, 44.012203759905546 ], [ -80.178480758765033, 44.01218661847291 ], [ -80.178647019932882, 44.01030174944826 ], [ -80.179020109175099, 44.010318890248861 ], [ -80.179091354972115, 44.009511090292399 ], [ -80.178718271213754, 44.0094939497626 ], [ -80.17876577089929, 44.008955417080706 ], [ -80.178392691030439, 44.008938275407296 ], [ -80.178416442350581, 44.008669009289164 ], [ -80.178043364543299, 44.008651866381804 ], [ -80.17816212677802, 44.007305537568236 ], [ -80.177789058343535, 44.007288393788201 ], [ -80.177836565257124, 44.006749863062133 ], [ -80.178209630036079, 44.006767006661597 ], [ -80.178233381314598, 44.006497741340851 ], [ -80.177860318363386, 44.006480597831704 ], [ -80.177884071235951, 44.006211332689702 ], [ -80.175272649915712, 44.006091291680875 ], [ -80.175248884249228, 44.006360556190579 ], [ -80.174875823168037, 44.006343402088 ], [ -80.174780750852975, 44.007420460649399 ], [ -80.174407682694707, 44.007403304861178 ], [ -80.17428882790027, 44.008749629599741 ], [ -80.173915750836812, 44.008732472035433 ], [ -80.173939524091296, 44.00846320700137 ], [ -80.173566449089591, 44.008446048203211 ], [ -80.173590223937993, 44.008176783347892 ], [ -80.173217150998028, 44.00815962331589 ], [ -80.173312255363669, 44.007082565139882 ], [ -80.169954675232034, 44.00692806851773 ], [ -80.170002258910003, 44.006389541587644 ], [ -80.167763904620287, 44.006286485337228 ], [ -80.167787707074055, 44.006017222547605 ], [ -80.16741465067291, 44.006000041961819 ], [ -80.167557471443516, 44.00438446762368 ], [ -80.167184426242002, 44.004367286256759 ], [ -80.167208230711665, 44.004098024267044 ], [ -80.1660891019948, 44.004046472493222 ], [ -80.166065292042632, 44.004315734211403 ], [ -80.16457311638959, 44.004246979613541 ], [ -80.164620750679546, 44.003708456989941 ], [ -80.163874671568735, 44.003674072108673 ], [ -80.163898492017125, 44.003404811110642 ], [ -80.16128723530386, 44.003284422951992 ], [ -80.1613110683098, 44.003015162676547 ], [ -80.160938034401582, 44.002997959162514 ], [ -80.160985703364844, 44.002459439058143 ], [ -80.159866614011293, 44.002407821115597 ], [ -80.159842774164829, 44.002677080851612 ], [ -80.159469743021987, 44.002659872132014 ], [ -80.159493584695781, 44.00239061248665 ], [ -80.158001469779393, 44.002321764730596 ], [ -80.157953771578462, 44.002860283384585 ], [ -80.157580739781153, 44.002843067954146 ], [ -80.157556888501389, 44.00311232732313 ], [ -80.15718385511137, 44.003095110477958 ], [ -80.157160001769583, 44.003364369844697 ], [ -80.156786966786854, 44.003347151584769 ], [ -80.156739255744498, 44.003885670402106 ], [ -80.155247103541356, 44.003816783396267 ], [ -80.155223240358453, 44.004086042574684 ], [ -80.154850201067106, 44.004068817422343 ], [ -80.154874066077411, 44.003799558334642 ], [ -80.153754955094342, 44.003747875205441 ], [ -80.15377882535202, 44.003478616478347 ], [ -80.15265972196454, 44.003426921704985 ], [ -80.152635846224698, 44.003696180159757 ], [ -80.151516739469017, 44.003644473197603 ], [ -80.151636143229396, 44.002298183169707 ], [ -80.152009169443076, 44.002315419693872 ], [ -80.152056925648239, 44.001776904120142 ], [ -80.152429948442276, 44.001794139138703 ], [ -80.152453824365281, 44.001524881393721 ], [ -80.152080803398476, 44.001507646465939 ], [ -80.152104680913837, 44.001238388900191 ], [ -80.151731662009155, 44.001221152739149 ], [ -80.151874933131694, 43.999605609747228 ], [ -80.151501925424853, 43.999588372807004 ], [ -80.151788464227195, 43.996357297470531 ], [ -80.151415478679155, 43.996340060295914 ], [ -80.151558746358489, 43.99472452795375 ], [ -80.151931720945541, 43.994741764583637 ], [ -80.151955596243312, 43.994472509412496 ], [ -80.152328569238435, 43.994489744627771 ], [ -80.152352442474609, 43.99422048945447 ], [ -80.153471357388526, 43.994272186885127 ], [ -80.153495224909648, 43.994002931528108 ], [ -80.154241165705926, 43.994037389681381 ], [ -80.154265029338831, 43.993768134231431 ], [ -80.154637998262317, 43.993785361231616 ], [ -80.154685721170551, 43.99324685041617 ], [ -80.155431652414734, 43.993281300082216 ], [ -80.155455509863415, 43.993012044625985 ], [ -80.156201438392856, 43.993046488815459 ], [ -80.156225291953518, 43.992777233266423 ], [ -80.158090108249141, 43.992863320120463 ], [ -80.158066263821937, 43.993132576122896 ], [ -80.158812195635406, 43.993167001779405 ], [ -80.158979076127821, 43.991282210354484 ], [ -80.159352029599717, 43.991299420562484 ], [ -80.159423540813918, 43.99049165386694 ], [ -80.159796489040545, 43.990508862479309 ], [ -80.159820323816518, 43.990239607000881 ], [ -80.160193270451032, 43.990256814198844 ], [ -80.160217103166076, 43.989987558718475 ], [ -80.160590048208476, 43.990004764502082 ], [ -80.160613878862605, 43.989735509019816 ], [ -80.160986822312879, 43.989752713389109 ], [ -80.161034479265041, 43.989214202509423 ], [ -80.161407419296708, 43.989231405373779 ], [ -80.161431245594784, 43.988962149976416 ], [ -80.16180418403431, 43.988979351426458 ], [ -80.161947125943598, 43.987363820362042 ], [ -80.162320053659002, 43.987381019944856 ], [ -80.162462976175917, 43.98576549153222 ], [ -80.162835893167809, 43.985782689247891 ], [ -80.162859710941134, 43.985513434732617 ], [ -80.163232626341014, 43.985530631034088 ], [ -80.163304072777024, 43.984722867749333 ], [ -80.165168625896058, 43.984808828044322 ], [ -80.165192431775395, 43.984539573340932 ], [ -80.165565341275425, 43.984556761338638 ], [ -80.165589145094486, 43.984287506633535 ], [ -80.165962053002431, 43.98430469321714 ], [ -80.165985854761232, 43.984035438510354 ], [ -80.166358761077106, 43.984052623679808 ], [ -80.166406360240231, 43.983514114351763 ], [ -80.166779263137869, 43.983531298016665 ], [ -80.16685065464894, 43.982723534419392 ], [ -80.167223552302318, 43.982740716489239 ], [ -80.167294936229084, 43.981932953420241 ], [ -80.167667828638315, 43.98195013389509 ], [ -80.167691620986574, 43.981680879626005 ], [ -80.167318730403352, 43.981663699241665 ], [ -80.167366318049957, 43.981125191151143 ], [ -80.16699343135268, 43.9811080096243 ], [ -80.167064816545548, 43.980300248426794 ], [ -80.166691935560095, 43.980283065847942 ], [ -80.16673952817051, 43.979744559008488 ], [ -80.167112405504184, 43.97976174140635 ], [ -80.167136199632537, 43.9794924880295 ], [ -80.167509075374326, 43.979509669013396 ], [ -80.167604242244707, 43.978432656033419 ], [ -80.167231373806189, 43.978415475411481 ], [ -80.167278959489224, 43.977876969636156 ], [ -80.166906094936223, 43.9778597878718 ], [ -80.166977477183266, 43.977052030147512 ], [ -80.167350336259105, 43.977069211640398 ], [ -80.167374128047854, 43.976799959153098 ], [ -80.167001270797698, 43.976782777750707 ], [ -80.167025064178148, 43.97651352544289 ], [ -80.166652208987614, 43.976496342807614 ], [ -80.166699798697948, 43.975957838639928 ], [ -80.166326947392648, 43.975940654862278 ], [ -80.166350743722475, 43.975671403002451 ], [ -80.165605045465057, 43.975637031658131 ], [ -80.165652644725057, 43.97509852856755 ], [ -80.165279799598537, 43.975081341091432 ], [ -80.165303600703041, 43.974812089770097 ], [ -80.166049287539053, 43.974846463218057 ], [ -80.166073084758509, 43.974577211804778 ], [ -80.166445926701968, 43.974594396453213 ], [ -80.166422131308053, 43.974863647957022 ], [ -80.167167819547956, 43.974898013464895 ], [ -80.167191611290789, 43.974628761780117 ], [ -80.168310139928479, 43.974680299845474 ], [ -80.168333925960795, 43.974411047978279 ], [ -80.169825293449762, 43.974479746510234 ], [ -80.169849071946118, 43.97421049437024 ], [ -80.172086119240092, 43.974313501925636 ], [ -80.172133653625252, 43.973774996827665 ], [ -80.172506492007884, 43.973792159941148 ], [ -80.172554021807301, 43.973253655018631 ], [ -80.172926856772634, 43.973270816627974 ], [ -80.17295061949639, 43.97300156420993 ], [ -80.173323452869894, 43.973018724405577 ], [ -80.173394734162997, 43.97221096741476 ], [ -80.173021906265788, 43.972193807490257 ], [ -80.173093190932519, 43.971386051572395 ], [ -80.17272036874509, 43.971368890595777 ], [ -80.17274413165876, 43.971099638891744 ], [ -80.172371311530298, 43.97108247668222 ], [ -80.172442604345434, 43.970274722376047 ], [ -80.172069789926525, 43.970257559114465 ], [ -80.172093555556202, 43.969988307947709 ], [ -80.171720743196232, 43.969971143453321 ], [ -80.172053463031205, 43.966201637745563 ], [ -80.173544611665619, 43.966270282721943 ], [ -80.173568368315813, 43.96600103262157 ], [ -80.174686726768982, 43.966052502189932 ], [ -80.174710477710661, 43.96578325190773 ], [ -80.174337693151074, 43.965766096798419 ], [ -80.174551457543359, 43.963342849087233 ], [ -80.174924225678765, 43.963360003383407 ], [ -80.174947974285644, 43.963090753993662 ], [ -80.173829676054297, 43.963039287407106 ], [ -80.173948442958235, 43.96169304315292 ], [ -80.174321199678076, 43.961710199553011 ], [ -80.174344950533637, 43.961440950879705 ], [ -80.174717705662246, 43.961458105866441 ], [ -80.17474145445965, 43.961188857192056 ], [ -80.17623247000968, 43.961257463547611 ], [ -80.176279952306786, 43.960718965744185 ], [ -80.176652703128411, 43.960736113844945 ], [ -80.17667644210222, 43.960466864986913 ], [ -80.177049191332571, 43.960484011674346 ], [ -80.177072928248407, 43.96021476281534 ], [ -80.17819117186545, 43.96026619466884 ], [ -80.178214903074064, 43.959996945628326 ], [ -80.178587649588351, 43.960014086843245 ], [ -80.178635107656518, 43.959475588849635 ], [ -80.179007850754857, 43.959492728561045 ], [ -80.179031577614481, 43.959223479608013 ], [ -80.179404319121446, 43.959240617906197 ], [ -80.179451768491873, 43.958702120087693 ], [ -80.179824506582946, 43.958719256882439 ], [ -80.179848229093793, 43.95845000801696 ], [ -80.180593702326362, 43.958484277457032 ], [ -80.180617420954988, 43.958215028500483 ], [ -80.180990156096485, 43.95823216114588 ], [ -80.181013872667435, 43.957962912188471 ], [ -80.181386606217529, 43.957980043420712 ], [ -80.181457749058225, 43.95717229681425 ], [ -80.181830477367981, 43.957189426452864 ], [ -80.181854189357566, 43.956920177672629 ], [ -80.18148146287227, 43.956903048124211 ], [ -80.181505176453214, 43.956633799523651 ], [ -80.181132452025423, 43.956616668742534 ], [ -80.18120359684292, 43.955808923748002 ], [ -80.181576315797514, 43.955826054258438 ], [ -80.181623740861639, 43.955287557862142 ], [ -80.181251025555738, 43.955270427532156 ], [ -80.181274739562511, 43.955001179558366 ], [ -80.181647453044093, 43.955018309798177 ], [ -80.181694876709784, 43.954479813938619 ], [ -80.182440297074947, 43.954514070088749 ], [ -80.182511419880001, 43.953706326429142 ], [ -80.184002241515287, 43.95377482177306 ], [ -80.184025941354008, 43.953505573704746 ], [ -80.184398645521, 43.95352269414348 ], [ -80.184422343302558, 43.953253446074491 ], [ -80.184049640959799, 43.953236325725911 ], [ -80.184120738379534, 43.952428582326391 ], [ -80.184493435249735, 43.952445702404503 ], [ -80.184517132099629, 43.952176454693522 ], [ -80.185635218635184, 43.952227806720522 ], [ -80.185658909779761, 43.951958558828608 ], [ -80.186404298319474, 43.951992786719046 ], [ -80.186427985582938, 43.951723538736381 ], [ -80.186800678377878, 43.951740650607292 ], [ -80.186824363584421, 43.951471402624051 ], [ -80.187197054788044, 43.951488513082062 ], [ -80.187220737937679, 43.951219265098246 ], [ -80.18759342754997, 43.951236374143377 ], [ -80.187617108642755, 43.950967126159 ], [ -80.1879897966637, 43.950984233791296 ], [ -80.188202899609465, 43.948561005151404 ], [ -80.187830228004543, 43.948543898330037 ], [ -80.187853906770002, 43.948274651241398 ], [ -80.187108567906151, 43.948240433810767 ], [ -80.187132250086677, 43.947971186991957 ], [ -80.186014249008224, 43.947919851196183 ], [ -80.186132683777188, 43.94657361979818 ], [ -80.186505341451436, 43.946590732602161 ], [ -80.186647444550061, 43.944975257341824 ], [ -80.187020091514682, 43.944992368282449 ], [ -80.187114814964275, 43.94391538620836 ], [ -80.186742175294228, 43.943898275628236 ], [ -80.186765857398441, 43.943629030424049 ], [ -80.186393219784705, 43.943611918611431 ], [ -80.186416903479781, 43.943342673587075 ], [ -80.186044267922355, 43.943325560542014 ], [ -80.186067953208237, 43.943056315697469 ], [ -80.185322686438823, 43.943022085819941 ], [ -80.185346375139034, 43.94275284124538 ], [ -80.184973743927017, 43.942735724412927 ], [ -80.184997434217919, 43.942466480018211 ], [ -80.184252176139353, 43.942432242565999 ], [ -80.184228482201434, 43.9427014867804 ], [ -80.183483221407215, 43.942667243857692 ], [ -80.183506918992137, 43.94239799982364 ], [ -80.182761662776414, 43.942363751791163 ], [ -80.182785363775395, 43.942094508027139 ], [ -80.180922236429637, 43.942008865252745 ], [ -80.180898526313314, 43.942278108565716 ], [ -80.179035395675157, 43.942192432277139 ], [ -80.179059114908668, 43.941923189415412 ], [ -80.178686491303651, 43.941906050280416 ], [ -80.17875765307592, 43.941098322504338 ], [ -80.178385035174188, 43.941081182317625 ], [ -80.178408757122128, 43.940811939995328 ], [ -80.178036141276863, 43.940794798576405 ], [ -80.178083588120103, 43.940256314381536 ], [ -80.177710976154586, 43.9402391718207 ], [ -80.177734701049815, 43.939969929948155 ], [ -80.177362091140765, 43.939952786155139 ], [ -80.177409543878383, 43.939414302859895 ], [ -80.177036937848996, 43.939397157925008 ], [ -80.17710812067655, 43.93858943392619 ], [ -80.177480721236279, 43.938606578590189 ], [ -80.177504446555972, 43.938337337346503 ], [ -80.176014053008799, 43.938268751117228 ], [ -80.175990320396366, 43.938537991999709 ], [ -80.175617720769367, 43.938520842045982 ], [ -80.175593986100537, 43.938790082927994 ], [ -80.17484878389979, 43.938755778872775 ], [ -80.174825045351355, 43.939025019663845 ], [ -80.174452442777678, 43.93900786556221 ], [ -80.174476183149324, 43.93873862486155 ], [ -80.1741035826321, 43.938721469527856 ], [ -80.174127324593641, 43.938452229007297 ], [ -80.17300952991134, 43.938400755342954 ], [ -80.173033277109042, 43.938131515183215 ], [ -80.172660681171422, 43.938114354740669 ], [ -80.172684429958906, 43.937845114761068 ], [ -80.172311836077768, 43.937827953086504 ], [ -80.172430585630323, 43.936481754987199 ], [ -80.172058001097881, 43.936464592442171 ], [ -80.172176753931453, 43.935118397039908 ], [ -80.171804178747266, 43.935101233624472 ], [ -80.171827930436834, 43.934831994903888 ], [ -80.170710211753331, 43.934780496994932 ], [ -80.170733968678192, 43.934511258635382 ], [ -80.169988827702042, 43.934476920265396 ], [ -80.170036348142986, 43.9339384441775 ], [ -80.169291215392064, 43.933904100880063 ], [ -80.169314978908019, 43.933634863151752 ], [ -80.168197287001291, 43.933583338559863 ], [ -80.16822105575217, 43.933314101192735 ], [ -80.167475932627568, 43.933279745034397 ], [ -80.167499704790472, 43.933010507938114 ], [ -80.167127145401267, 43.932993327966003 ], [ -80.167103371415621, 43.933262564971855 ], [ -80.164868009049741, 43.933159456829195 ], [ -80.164891793971947, 43.932890220366332 ], [ -80.164519236218183, 43.932873031138527 ], [ -80.164543022729447, 43.932603794856071 ], [ -80.164170467032136, 43.932586604396562 ], [ -80.164241830631767, 43.931778896359866 ], [ -80.1634967308744, 43.931744512017474 ], [ -80.163520521918841, 43.931475276366093 ], [ -80.162030332499697, 43.931406492176912 ], [ -80.162054130600865, 43.931137256977649 ], [ -80.161309040939329, 43.931102857131037 ], [ -80.161332842451884, 43.930833622202819 ], [ -80.159097590015534, 43.930730391474178 ], [ -80.159073777567514, 43.93099962585876 ], [ -80.158701234490934, 43.930982416019084 ], [ -80.158725048761511, 43.930713181725125 ], [ -80.157607426403331, 43.930661544544968 ], [ -80.157583606665071, 43.930930778566982 ], [ -80.157211064524475, 43.930913563438601 ], [ -80.15718724272962, 43.93118279745984 ], [ -80.156442155505445, 43.931148363055229 ], [ -80.156418329831354, 43.931417596984993 ], [ -80.154928150901739, 43.931348711946917 ], [ -80.154904317703242, 43.931617945603783 ], [ -80.153414135229767, 43.931549039047979 ], [ -80.153390294506721, 43.931818272431833 ], [ -80.15301774765129, 43.931801042396692 ], [ -80.152993904871423, 43.932070275779651 ], [ -80.15262135642763, 43.932053044331589 ], [ -80.152645201030111, 43.931783811039367 ], [ -80.15190010849058, 43.931749344358174 ], [ -80.151923956503921, 43.931480111337272 ], [ -80.150433781526843, 43.931411162471875 ], [ -80.150457636596101, 43.931141929903958 ], [ -80.149712554158782, 43.93110744771981 ], [ -80.149736412638731, 43.930838215423357 ], [ -80.149363873594197, 43.930820972438845 ], [ -80.149435453095052, 43.930013276361073 ], [ -80.149062919752353, 43.929996032326827 ], [ -80.149086780939612, 43.929726800571508 ], [ -80.149459312459868, 43.929744044514933 ], [ -80.149554747575152, 43.928667118029175 ], [ -80.150299796739631, 43.928701601223253 ], [ -80.150419067136809, 43.92735544423104 ], [ -80.150791582958945, 43.927372683391006 ], [ -80.15083928583293, 43.926834221042036 ], [ -80.151211798244844, 43.926851458698415 ], [ -80.151331042218345, 43.925505303946366 ], [ -80.150958538917465, 43.925488066743888 ], [ -80.151053937167802, 43.924411144924825 ], [ -80.150308945845879, 43.9243766672801 ], [ -80.150356650853638, 43.923838207273654 ], [ -80.150729142753306, 43.923855446575445 ], [ -80.150848392062343, 43.922509297680577 ], [ -80.151220875086267, 43.922526535206529 ], [ -80.151244722423286, 43.922257305606884 ], [ -80.150127279520191, 43.92220558933559 ], [ -80.150174984423018, 43.921667130951057 ], [ -80.149802507567756, 43.921649889731697 ], [ -80.149826361489602, 43.921380660765294 ], [ -80.149453886690537, 43.921363418314819 ], [ -80.149477742199963, 43.921094189529278 ], [ -80.148732796948565, 43.921059700844218 ], [ -80.14878051455176, 43.920521243906535 ], [ -80.147663109363393, 43.9204695015097 ], [ -80.14768697327888, 43.92020027344843 ], [ -80.148059439618805, 43.920217522145109 ], [ -80.148154885649689, 43.919140610437502 ], [ -80.147782426596763, 43.919123362104173 ], [ -80.147806289340252, 43.918854134493323 ], [ -80.147433832343438, 43.918836884928979 ], [ -80.147457696674223, 43.918567657499075 ], [ -80.147085241733507, 43.918550406703737 ], [ -80.147109107651559, 43.918281179454773 ], [ -80.146736654766912, 43.918263927428463 ], [ -80.146760522272189, 43.917994700360452 ], [ -80.147132973335204, 43.91801195229592 ], [ -80.147204568979646, 43.917204271360077 ], [ -80.147577014812214, 43.917221521701201 ], [ -80.147696327090557, 43.9158753881566 ], [ -80.148068764049768, 43.9158926367218 ], [ -80.1481403431399, 43.915084957404432 ], [ -80.148512774869033, 43.91510220437538 ], [ -80.148560489447902, 43.914563751766359 ], [ -80.148932917768448, 43.914580997233934 ], [ -80.148956772884986, 43.914311770973896 ], [ -80.149329199618421, 43.914329015028933 ], [ -80.149353052679274, 43.914059788768277 ], [ -80.149725477825598, 43.914077031410798 ], [ -80.149749328830779, 43.913807805149546 ], [ -80.150121752389978, 43.913825046379557 ], [ -80.150169450054889, 43.913286593946076 ], [ -80.150914290590478, 43.913321072077849 ], [ -80.150961980033159, 43.912782619642115 ], [ -80.151334397009578, 43.912799856543927 ], [ -80.151382081872924, 43.912261404287577 ], [ -80.151754495440898, 43.912278639686157 ], [ -80.151802175725066, 43.91174018760924 ], [ -80.15142976579962, 43.911722952392175 ], [ -80.151453607411739, 43.911453726579801 ], [ -80.151081199541693, 43.911436490131891 ], [ -80.15110504274088, 43.911167264500605 ], [ -80.15147744878972, 43.9111845008578 ], [ -80.151572811960179, 43.910107598872216 ], [ -80.151200413196051, 43.910090362878066 ], [ -80.151295779904814, 43.909013462700088 ], [ -80.151668171384529, 43.909030698331179 ], [ -80.15169201065531, 43.908761473421634 ], [ -80.152436790674926, 43.90879594053758 ], [ -80.152460626069498, 43.90852671553688 ], [ -80.152833014609385, 43.90854394702172 ], [ -80.152880681054256, 43.908005497109798 ], [ -80.153253066186139, 43.908022727091605 ], [ -80.153276897236481, 43.907753502180427 ], [ -80.154021664560304, 43.907787957997819 ], [ -80.154045491734649, 43.907518732995548 ], [ -80.15479025635247, 43.907553183345335 ], [ -80.154814079650848, 43.907283958251959 ], [ -80.155186460489716, 43.907301181353816 ], [ -80.15525792351832, 43.906493506343729 ], [ -80.15451317300024, 43.906459059362639 ], [ -80.154584644848882, 43.905651385710009 ], [ -80.154212275403438, 43.905634160509315 ], [ -80.154259925774483, 43.905095712040854 ], [ -80.15388756020468, 43.905078485700031 ], [ -80.153959039468944, 43.904270813947392 ], [ -80.15358667959552, 43.904253586557296 ], [ -80.153610507369748, 43.903984362911295 ], [ -80.152121077499046, 43.903915440498928 ], [ -80.152264082927474, 43.90230010269925 ], [ -80.151891736968963, 43.902282869337 ], [ -80.15193940721403, 43.901744424308731 ], [ -80.152311749531322, 43.901761657489459 ], [ -80.152335582482209, 43.901492435020295 ], [ -80.153080264177689, 43.90152689723611 ], [ -80.153175579076702, 43.900450007538083 ], [ -80.153547912993247, 43.900467236301012 ], [ -80.15357173931254, 43.900198014011963 ], [ -80.153944071642528, 43.90021524136278 ], [ -80.1539678959074, 43.899946019073511 ], [ -80.153595565397893, 43.899928791813409 ], [ -80.153690867399874, 43.898851903924168 ], [ -80.154063190627596, 43.898869130821431 ], [ -80.154134659211607, 43.898061465582749 ], [ -80.15450697721208, 43.89807869088655 ], [ -80.154530797785242, 43.897809469230694 ], [ -80.154903114199257, 43.897826693122489 ], [ -80.154926932718212, 43.897557471466442 ], [ -80.155299247545742, 43.897574693946275 ], [ -80.155394512001749, 43.896497807864876 ], [ -80.155766819781917, 43.896515028660659 ], [ -80.155814446966417, 43.895976585981977 ], [ -80.156186751339916, 43.895993805275097 ], [ -80.156210562761231, 43.895724583980979 ], [ -80.15732747182372, 43.895776233660882 ], [ -80.15737508304376, 43.895237790800429 ], [ -80.157747382891657, 43.895255004536594 ], [ -80.157771186330905, 43.894985783151604 ], [ -80.158515783087424, 43.895020206478961 ], [ -80.158587181082041, 43.894212542323807 ], [ -80.159704061587874, 43.894264166589956 ], [ -80.159870610509145, 43.892379618163716 ], [ -80.159498329514136, 43.892362412030444 ], [ -80.159522123102803, 43.892093191279891 ], [ -80.15803300873884, 43.892024353897533 ], [ -80.158056809373846, 43.891755133600128 ], [ -80.156195430776378, 43.891669057599216 ], [ -80.156219240277451, 43.891399837845718 ], [ -80.155474694114488, 43.891365398378639 ], [ -80.155498507021647, 43.891096178897136 ], [ -80.154381694990334, 43.891044510060027 ], [ -80.154405513123379, 43.890775290941278 ], [ -80.15142737255556, 43.890637449971813 ], [ -80.151403539863551, 43.89090666836475 ], [ -80.149914467915011, 43.890837715810186 ], [ -80.150009826396442, 43.889760844234807 ], [ -80.148893046730223, 43.889709117036674 ], [ -80.148869202001578, 43.889978334522119 ], [ -80.147752418982805, 43.88992659516181 ], [ -80.147776269170791, 43.889657377948808 ], [ -80.148148528123158, 43.889674625632445 ], [ -80.148196224157203, 43.889136191296906 ], [ -80.148568479704196, 43.889153437477916 ], [ -80.148640016540298, 43.888345786382303 ], [ -80.149012266862272, 43.888363030969828 ], [ -80.149131481142589, 43.8870169471708 ], [ -80.1495037226004, 43.887034189983304 ], [ -80.149599082533442, 43.88595732421421 ], [ -80.149226848353862, 43.885940081764872 ], [ -80.14927453055526, 43.885401649606457 ], [ -80.149646761095823, 43.885418891874217 ], [ -80.14969443872215, 43.884880459897317 ], [ -80.150811120831023, 43.884932178230095 ], [ -80.150834953834817, 43.884662962105509 ], [ -80.151207179852904, 43.884680198817087 ], [ -80.151231010803315, 43.884410982692508 ], [ -80.151603235235896, 43.884428217992379 ], [ -80.151627064132924, 43.884159001867864 ], [ -80.153115956924452, 43.884227929494834 ], [ -80.153139778309935, 43.883958713098146 ], [ -80.153884222469927, 43.88399316880453 ], [ -80.153908039982738, 43.88372395231724 ], [ -80.154652481439101, 43.883758402558442 ], [ -80.154676295079312, 43.883489185980601 ], [ -80.155792953558787, 43.883540851163239 ], [ -80.155816761507069, 43.883271634404174 ], [ -80.156933416631674, 43.883323287426379 ], [ -80.156909614141583, 43.883592504457432 ], [ -80.158026276827215, 43.883644145863123 ], [ -80.158050073859073, 43.883374928560166 ], [ -80.158422293402097, 43.883392139629549 ], [ -80.158469883126244, 43.882853705114876 ], [ -80.159586532240269, 43.882905329853678 ], [ -80.159610321293869, 43.882636112460787 ], [ -80.160726967051403, 43.882687725039453 ], [ -80.160703183455936, 43.882956942704119 ], [ -80.16144761876707, 43.882991344666394 ], [ -80.16142383857698, 43.883260562603056 ], [ -80.161796058402089, 43.8832777616933 ], [ -80.161819836772779, 43.883008543666129 ], [ -80.162936492190298, 43.883060132739658 ], [ -80.163102896043497, 43.881175607191771 ], [ -80.163475102247233, 43.881192800274 ], [ -80.163546409226484, 43.880385147559423 ], [ -80.162802007967912, 43.880350760617262 ], [ -80.162825780132835, 43.8800815434086 ], [ -80.162453581672779, 43.880064348046751 ], [ -80.162596220677386, 43.878449047247429 ], [ -80.162224033365632, 43.878431851107997 ], [ -80.162247807535479, 43.878162634716944 ], [ -80.16261999302813, 43.878179830765809 ], [ -80.162667537029648, 43.87764139807544 ], [ -80.162295355175161, 43.877624202207691 ], [ -80.162342901881431, 43.877085770062195 ], [ -80.161970723898335, 43.877068573054686 ], [ -80.161994498720489, 43.876799357208959 ], [ -80.161622322789739, 43.876782158971245 ], [ -80.161646099197526, 43.876512943307056 ], [ -80.160901751674132, 43.876478543050411 ], [ -80.16092553148647, 43.876209327658316 ], [ -80.161297703312542, 43.876226528356476 ], [ -80.161440366372062, 43.874611237371496 ], [ -80.162929012356074, 43.874680024783231 ], [ -80.162881473487332, 43.875218455471931 ], [ -80.163253639204356, 43.875235649204114 ], [ -80.163229871238954, 43.875504864775522 ], [ -80.163974207010639, 43.875539248458708 ], [ -80.163950442449817, 43.875808464302153 ], [ -80.165439124067703, 43.8758772161815 ], [ -80.165462881352767, 43.87560799997604 ], [ -80.165835050521267, 43.875625184553478 ], [ -80.165858805754226, 43.875355968348543 ], [ -80.167347477483844, 43.87542469308886 ], [ -80.16729998133637, 43.875963126313472 ], [ -80.16767215348942, 43.875980304377556 ], [ -80.167648406885021, 43.87624952121687 ], [ -80.168020581090147, 43.8762666980506 ], [ -80.167996836071694, 43.876535915071244 ], [ -80.168369012328881, 43.876553090674719 ], [ -80.168345268896388, 43.876822307876871 ], [ -80.168717447205651, 43.876839482249935 ], [ -80.168693705359161, 43.877108699633503 ], [ -80.17018242820248, 43.877177384279413 ], [ -80.170158693399244, 43.877446602115647 ], [ -80.170530876511577, 43.877463770065489 ], [ -80.1705071432945, 43.877732988083082 ], [ -80.17125151385622, 43.877767320201123 ], [ -80.17127524343509, 43.877498102002768 ], [ -80.172391795567137, 43.877549590002509 ], [ -80.172368071445604, 43.877818808471972 ], [ -80.172740257774464, 43.87783596858727 ], [ -80.172716535239203, 43.878105187238091 ], [ -80.174205290159492, 43.878173814852282 ], [ -80.174157858943829, 43.878712253149558 ], [ -80.174530051894237, 43.878729406931647 ], [ -80.174482623385884, 43.879267845773391 ], [ -80.1748548202075, 43.879284998415287 ], [ -80.174831107423415, 43.879554218062935 ], [ -80.175203306297036, 43.879571369474235 ], [ -80.175155883669149, 43.880109809223015 ], [ -80.175528086414076, 43.880126959494035 ], [ -80.17548066649384, 43.880665399787205 ], [ -80.175852873110117, 43.88068254891791 ], [ -80.175829164620239, 43.880951769291215 ], [ -80.176201373288592, 43.880968917191289 ], [ -80.176177666385357, 43.881238137745783 ], [ -80.176549877105785, 43.881255284415253 ], [ -80.176573582189647, 43.880986063770472 ], [ -80.17769021028883, 43.88103749558249 ], [ -80.177666510663101, 43.881306716498088 ], [ -80.178410934197856, 43.881340997948634 ], [ -80.178387237978299, 43.881610219135673 ], [ -80.17875945191399, 43.881627357969776 ], [ -80.178664671987519, 43.882704243988037 ], [ -80.179409115112307, 43.882738518415344 ], [ -80.179385423188208, 43.883007740327628 ], [ -80.180129870882254, 43.883042009651462 ], [ -80.180153559167337, 43.882772787558729 ], [ -80.180898004152468, 43.882807051418204 ], [ -80.180921688566016, 43.882537829235943 ], [ -80.181293909587836, 43.882554959094037 ], [ -80.18153072274302, 43.879862741370125 ], [ -80.182275129095828, 43.879896995319619 ], [ -80.182298805494256, 43.87962777386705 ], [ -80.182671007199957, 43.879644898770273 ], [ -80.182694681546693, 43.879375677318521 ], [ -80.183439082016591, 43.879409922981921 ], [ -80.183462752492375, 43.879140701440811 ], [ -80.183834951256543, 43.879157822201002 ], [ -80.183858619680706, 43.878888600660723 ], [ -80.184603014267452, 43.878922838038164 ], [ -80.184626678820763, 43.878653616408606 ], [ -80.184998874643298, 43.878670733025842 ], [ -80.185022537145102, 43.878401511397136 ], [ -80.18539473138064, 43.878418626603391 ], [ -80.185418391830936, 43.878149404975552 ], [ -80.185790584479491, 43.878166518770811 ], [ -80.185814242878322, 43.877897297143882 ], [ -80.186930816759499, 43.877948630334082 ], [ -80.186907163818333, 43.878217852231373 ], [ -80.188395939520362, 43.87828627835318 ], [ -80.18837229362407, 43.878555500701729 ], [ -80.189116686506253, 43.878589706017465 ], [ -80.189093044016445, 43.878858928637079 ], [ -80.189465242624934, 43.878876029403635 ], [ -80.189441601722365, 43.879145252204417 ], [ -80.190186003274079, 43.879179449954947 ], [ -80.190162365778136, 43.879448673026722 ], [ -80.190906771896593, 43.879482865673616 ], [ -80.190883137807333, 43.879752089016442 ], [ -80.192371960105405, 43.879820458819339 ], [ -80.1923955869172, 43.879551235116509 ], [ -80.193512200617803, 43.879602498328957 ], [ -80.193464957678614, 43.880140946365451 ], [ -80.194209375249258, 43.88017511559562 ], [ -80.194185757070713, 43.880444339930271 ], [ -80.195674602271566, 43.880512662899029 ], [ -80.19565099113899, 43.880781887684449 ], [ -80.19751206195194, 43.880867262123445 ], [ -80.197488459685005, 43.881136487449368 ], [ -80.198605110411549, 43.881187696530759 ], [ -80.198652303796806, 43.880649245430618 ], [ -80.20088558966934, 43.880751626848742 ], [ -80.200932760294478, 43.880213175034356 ], [ -80.201304971778015, 43.880230233800937 ], [ -80.201328554923876, 43.879961007940402 ], [ -80.202072974946489, 43.879995121331142 ], [ -80.202120133266021, 43.879456669523812 ], [ -80.202864546936667, 43.879490777271528 ], [ -80.202888122110437, 43.87922155132479 ], [ -80.206610186151224, 43.879392009908763 ], [ -80.206563071961128, 43.879930463688432 ], [ -80.207679706599919, 43.879981576043377 ], [ -80.207656154616501, 43.880250803338875 ], [ -80.20840058250397, 43.880284871816727 ], [ -80.208377033928386, 43.880554099382643 ], [ -80.209121466379514, 43.880588162755927 ], [ -80.20909792121185, 43.880857390592212 ], [ -80.210214577080549, 43.880908476013715 ], [ -80.210191037140476, 43.88117770421001 ], [ -80.210563258045099, 43.881194730131512 ], [ -80.210539719693543, 43.881463958508476 ], [ -80.212028612900852, 43.881532049342873 ], [ -80.212005081596701, 43.88180127816937 ], [ -80.212377307295668, 43.881818297665056 ], [ -80.212353777580176, 43.882087526672173 ], [ -80.213098233310305, 43.882121561879643 ], [ -80.213074707003173, 43.882390791156986 ], [ -80.214563628513304, 43.882458846077832 ], [ -80.214540109254003, 43.882728075804479 ], [ -80.215656808269955, 43.882779103392764 ], [ -80.215633294238941, 43.883048333479117 ], [ -80.217122236770621, 43.883116352126812 ], [ -80.217145743522678, 43.882847121682254 ], [ -80.217517977912777, 43.882864122951979 ], [ -80.217494472980476, 43.883133353486045 ], [ -80.218611182994394, 43.883184349637276 ], [ -80.21858768329065, 43.883453580530862 ], [ -80.21895992224313, 43.883470576695295 ], [ -80.218936424128486, 43.883739807769331 ], [ -80.219308665131436, 43.883756802702166 ], [ -80.21933216142628, 43.883487571538623 ], [ -80.219704400840087, 43.883504565060868 ], [ -80.219727895084503, 43.883235333898824 ], [ -80.220100132909138, 43.883252326010506 ], [ -80.22017060879935, 43.882444632801871 ], [ -80.220915074221921, 43.882478612525183 ], [ -80.220962049716832, 43.881940150483231 ], [ -80.222450968770943, 43.882008093361463 ], [ -80.222474448893777, 43.881738862119221 ], [ -80.22284667741387, 43.881755844446765 ], [ -80.222940588321705, 43.880678920030405 ], [ -80.223312809793626, 43.880695900679179 ], [ -80.223336285124816, 43.880426669713266 ], [ -80.223708505007551, 43.880443648951612 ], [ -80.22377892415976, 43.87963595633196 ], [ -80.225267784159541, 43.879703859002419 ], [ -80.225244318617527, 43.879973090142144 ], [ -80.22561653601295, 43.879990062596619 ], [ -80.225546143463703, 43.880797756830255 ], [ -80.226290589863254, 43.880831698312306 ], [ -80.226267128858851, 43.881100930084379 ], [ -80.226639354223735, 43.881117898933226 ], [ -80.226615894808688, 43.881387130885663 ], [ -80.22698812222356, 43.88140409850282 ], [ -80.22696466439794, 43.881673330635628 ], [ -80.229570275486566, 43.881792067591334 ], [ -80.229593720574144, 43.881522834833305 ], [ -80.2303381793173, 43.881556747609622 ], [ -80.230385061523208, 43.881018282009492 ], [ -80.231129513907959, 43.881052189144427 ], [ -80.231176387914729, 43.880513723551395 ], [ -80.23192083394099, 43.880547625045089 ], [ -80.231897400691992, 43.880816857974594 ], [ -80.232269625869861, 43.880833806829138 ], [ -80.232246194210518, 43.881103039938957 ], [ -80.234107332648179, 43.881187764841997 ], [ -80.234083909857475, 43.881456998489014 ], [ -80.23445614005459, 43.881473939595622 ], [ -80.234432718853711, 43.881743173422933 ], [ -80.234804951100486, 43.881760113297688 ], [ -80.23475811164856, 43.882298581403788 ], [ -80.236619294528538, 43.882383261853171 ], [ -80.236595883556831, 43.882652496488696 ], [ -80.236223644701298, 43.882635562951855 ], [ -80.236129991236751, 43.883712502047608 ], [ -80.234641008995368, 43.883644753262153 ], [ -80.234523900594155, 43.884990927395776 ], [ -80.237129685628318, 43.885109477019718 ], [ -80.237153095028532, 43.88484024138674 ], [ -80.238642112824323, 43.884907954606639 ], [ -80.238618710704117, 43.885177190596195 ], [ -80.23899096754748, 43.885194115687369 ], [ -80.238967567017568, 43.885463351857041 ], [ -80.239339825910676, 43.885480275716155 ], [ -80.239316426971101, 43.885749512065928 ], [ -80.240433210488774, 43.885800275983456 ], [ -80.24033963427452, 43.886877223361587 ], [ -80.239967365591852, 43.886860303020548 ], [ -80.239920572466374, 43.887398777077188 ], [ -80.240665117342047, 43.887432616794463 ], [ -80.240571542896376, 43.888509566711861 ], [ -80.240943822959579, 43.88852648494499 ], [ -80.240897037999247, 43.889064960627472 ], [ -80.240524754295507, 43.889048042216167 ], [ -80.240501359650551, 43.889317280104692 ], [ -80.239756789291533, 43.889283439140016 ], [ -80.23970999203128, 43.889821914833384 ], [ -80.238965415309906, 43.889788068227091 ], [ -80.23891860984935, 43.890326543927571 ], [ -80.238174026765648, 43.890292691679562 ], [ -80.238150620049979, 43.890561929487845 ], [ -80.237778327032487, 43.890545001292764 ], [ -80.237754918266617, 43.890814239102809 ], [ -80.237382623658576, 43.890797309497209 ], [ -80.237335801796533, 43.891335785211645 ], [ -80.236963503777517, 43.891318854106409 ], [ -80.236940090681287, 43.891588092010764 ], [ -80.236567791071749, 43.891571159495044 ], [ -80.236544375925178, 43.891840397401083 ], [ -80.236916677355183, 43.891857330005948 ], [ -80.236869850013349, 43.892395806268922 ], [ -80.237242155314178, 43.89241273773078 ], [ -80.237218743118916, 43.892681976087694 ], [ -80.239452590673551, 43.892783537644995 ], [ -80.239475991945753, 43.892514298753305 ], [ -80.239848298855279, 43.892531220965601 ], [ -80.239871698077209, 43.89226198207556 ], [ -80.241360920730557, 43.892329657354672 ], [ -80.24145448619339, 43.891252701277793 ], [ -80.242199084334331, 43.891286530276489 ], [ -80.242222471485007, 43.891017291306298 ], [ -80.24557315809939, 43.891169455592568 ], [ -80.24559652863654, 43.890900215911948 ], [ -80.247085721372244, 43.89096780977264 ], [ -80.247132447194744, 43.890429329972186 ], [ -80.248249333232451, 43.890480010959763 ], [ -80.248272690338382, 43.890210770928974 ], [ -80.250134162552015, 43.890295212370184 ], [ -80.250157510326559, 43.890025971985672 ], [ -80.251274390944388, 43.890076620727605 ], [ -80.251251048631104, 43.890345861378847 ], [ -80.251995640496432, 43.8903796207779 ], [ -80.25197230159489, 43.890648861697834 ], [ -80.253089196572759, 43.890699491152965 ], [ -80.253112530012942, 43.890430249966442 ], [ -80.253484826976646, 43.890447123719895 ], [ -80.253508158367296, 43.890177882535404 ], [ -80.254625045171423, 43.8902284956012 ], [ -80.254601719242146, 43.890497737052215 ], [ -80.255718613568817, 43.890548338492358 ], [ -80.255695292871991, 43.890817580300762 ], [ -80.256439893875594, 43.890851308165011 ], [ -80.256416576590794, 43.891120550241936 ], [ -80.257161182151179, 43.891154272998314 ], [ -80.257137868278519, 43.891423515343753 ], [ -80.259371701376054, 43.891524652432366 ], [ -80.259348398197872, 43.891793895401314 ], [ -80.260837632121437, 43.891861294054166 ], [ -80.260767743061464, 43.892669024571191 ], [ -80.261884687291541, 43.892719560484487 ], [ -80.261907978411656, 43.892450316621783 ], [ -80.262652605400561, 43.89248400044611 ], [ -80.262675892650691, 43.892214756496926 ], [ -80.263048204667484, 43.892231596338284 ], [ -80.263071489868366, 43.89196235239131 ], [ -80.264188421828507, 43.892012863720844 ], [ -80.264211701338937, 43.891743619598799 ], [ -80.264584010628866, 43.891760453977149 ], [ -80.264607288090119, 43.891491209857371 ], [ -80.265724211869298, 43.891541704798087 ], [ -80.265700939869873, 43.891810949183778 ], [ -80.266073250073902, 43.8918277782765 ], [ -80.266119790203049, 43.891289289418786 ], [ -80.266492096994327, 43.891306117012846 ], [ -80.266515364895611, 43.891036872631773 ], [ -80.2661430599249, 43.891020045126261 ], [ -80.266189598683226, 43.890481556814215 ], [ -80.266561900012803, 43.89049838414244 ], [ -80.266585167228726, 43.89022914003418 ], [ -80.267702067126478, 43.890279613824681 ], [ -80.267725328652389, 43.890010369541649 ], [ -80.268842225144041, 43.890060831174104 ], [ -80.268818969079703, 43.890330075722908 ], [ -80.269563571523562, 43.890363710381436 ], [ -80.269610076141802, 43.889825221020502 ], [ -80.269982374065108, 43.889842036190572 ], [ -80.270005624211294, 43.889572791558003 ], [ -80.270377920542359, 43.889589605318172 ], [ -80.270401168639765, 43.889320360688039 ], [ -80.270773463378603, 43.889337173038292 ], [ -80.270796709427273, 43.889067928410604 ], [ -80.271913589551687, 43.889118357267662 ], [ -80.271960070041573, 43.888579867754125 ], [ -80.272704650650212, 43.88861348003136 ], [ -80.272681414160274, 43.88888272491964 ], [ -80.27305370662728, 43.888899529164739 ], [ -80.272984001250094, 43.889707264641004 ], [ -80.274473195245193, 43.889774469469508 ], [ -80.274449966945397, 43.890043715164111 ], [ -80.274822267834907, 43.890060513156278 ], [ -80.274799041127594, 43.890329759030358 ], [ -80.275543647231899, 43.89036335122735 ], [ -80.275520423937735, 43.890632597369311 ], [ -80.275892729152517, 43.890649391574115 ], [ -80.275869507450949, 43.890918637895503 ], [ -80.276241814714339, 43.890935430867344 ], [ -80.27621859460541, 43.891204677368123 ], [ -80.276590903917423, 43.891221469107009 ], [ -80.276567685401162, 43.891490715787135 ], [ -80.277312308350403, 43.891524295477481 ], [ -80.277335523225346, 43.891255048620529 ], [ -80.277707833221214, 43.891271836395106 ], [ -80.277731046047577, 43.891002589540683 ], [ -80.27922028102742, 43.891069727071269 ], [ -80.279243486343304, 43.890800479954265 ], [ -80.27961579383728, 43.890817260944964 ], [ -80.27959259034202, 43.891086508150352 ], [ -80.279964899884462, 43.891103287908017 ], [ -80.279941697982082, 43.891372535292703 ], [ -80.280686321391698, 43.89140609102045 ], [ -80.28066312290288, 43.891675338672833 ], [ -80.282524694516198, 43.891759205308645 ], [ -80.282547883901486, 43.891489957214588 ], [ -80.282920197086582, 43.891506726489048 ], [ -80.282897009521989, 43.891775974671447 ], [ -80.28326932475548, 43.891792742712781 ] ] ] ] } },
{ "type": "Feature", "properties": { "SubId": 90012669, "DowSubId": 90013181, "RivSlope": 0.0016450143688290001, "RivLength": 21729.680095, "BasSlope": 1.034645403296435, "BasAspect": 193.09461742001704, "BasArea": 76397346.138552994, "BkfWidth": 20.471605912899999, "BkfDepth": 0.50542348021799999, "Lake_Cat": 0, "HyLakeId": 0, "LakeVol": 0.0, "LakeDepth": 0.0, "LakeArea": 0.0, "Laketype": 0, "Has_POI": 0, "MeanElev": 499.6341650672955, "FloodP_n": 0.050000000745099998, "Q_Mean": 6.449987114829125, "Ch_n": 0.029392269029531001, "DrainArea": 144250023.278382, "Strahler": 1, "Seg_ID": 1, "Seg_order": 2, "Max_DEM": 499.31448364300002, "Min_DEM": 476.16101074199997, "DA_Obs": 0.0, "DA_error": 0.0, "Obs_NM": null, "SRC_obs": null, "centroid_x": -80.382436619764817, "centroid_y": 44.109201585526925, "DA_Chn_L": 33724.881814, "DA_Slope": 0.33067887276000002, "DA_Chn_Slp": 0.010074246710499999, "outletLat": 44.030231258500002, "outletLng": -80.378293441500006, "Region": "SW", "Sub_Reg": "02G", "rvhName": "sub90012669" }, "geometry": { "type": "Polygon", "coordinates": [ [ [ -80.391478565850377, 44.027161579439323 ], [ -80.391455855088097, 44.02743089908077 ], [ -80.393322213469006, 44.027512813385236 ], [ -80.393344915079226, 44.027243493312199 ], [ -80.395957813384854, 44.027358117074741 ], [ -80.395889746323178, 44.028166079371104 ], [ -80.396636301689369, 44.028198817607915 ], [ -80.396613615883098, 44.028468138722843 ], [ -80.396986895731672, 44.028484505939595 ], [ -80.39696421153262, 44.028753827229238 ], [ -80.397337493435032, 44.028770193206945 ], [ -80.397314810843227, 44.029039514671297 ], [ -80.397688094799449, 44.029055879409974 ], [ -80.397710775560725, 44.028786557859412 ], [ -80.398457340481926, 44.028819283188433 ], [ -80.398480017358878, 44.028549961553949 ], [ -80.399599860923288, 44.028599039349366 ], [ -80.399622532085417, 44.028329717544771 ], [ -80.399995811889411, 44.028346074073184 ], [ -80.399927803225097, 44.029154040010972 ], [ -80.400301088743888, 44.029170395472654 ], [ -80.400255752179703, 44.029709040045915 ], [ -80.399882462999742, 44.029692684411913 ], [ -80.399837121881646, 44.030231329166689 ], [ -80.399463829263581, 44.030214972035004 ], [ -80.399395810420586, 44.031022939572004 ], [ -80.399769108530677, 44.031039296962199 ], [ -80.399746436967305, 44.031308619737587 ], [ -80.399373137026501, 44.031292262261211 ], [ -80.39935046340922, 44.031561585038844 ], [ -80.398977161860913, 44.031545226150897 ], [ -80.398886457836511, 44.032622517800853 ], [ -80.399259766707871, 44.032638877033619 ], [ -80.399237091974484, 44.032908200253324 ], [ -80.39961040289991, 44.032924558246847 ], [ -80.399587729774126, 44.033193881641118 ], [ -80.399961042753617, 44.033210238395469 ], [ -80.399938371235464, 44.033479561964342 ], [ -80.401804948634862, 44.033561326285799 ], [ -80.401918258222921, 44.032214707171448 ], [ -80.403038179877399, 44.032263748567459 ], [ -80.403060835633354, 44.031994424751417 ], [ -80.403807447523334, 44.032027112216305 ], [ -80.403784795428976, 44.032296436204568 ], [ -80.405278029208048, 44.032361795574225 ], [ -80.405255384214016, 44.032631119995266 ], [ -80.405628695047, 44.032647456610299 ], [ -80.405583408051783, 44.033186105889783 ], [ -80.406330037709964, 44.033218775487931 ], [ -80.406307397539763, 44.033488100432422 ], [ -80.4055607642198, 44.033455430662151 ], [ -80.405470186662484, 44.034532730635533 ], [ -80.407710133239604, 44.034630726106613 ], [ -80.40768749927885, 44.034900051837234 ], [ -80.408060826319414, 44.034916379862715 ], [ -80.408038193966846, 44.035185705767738 ], [ -80.408411523061233, 44.035202032553762 ], [ -80.408388892316879, 44.035471358633231 ], [ -80.408762223465118, 44.035487684179827 ], [ -80.40873959432902, 44.035757010433649 ], [ -80.409859594603631, 44.035805979378587 ], [ -80.409836970737985, 44.036075305978784 ], [ -80.411330314880175, 44.036140579692493 ], [ -80.411375547740022, 44.035601925892628 ], [ -80.411748880670118, 44.035618240835383 ], [ -80.411771494934982, 44.035348913982041 ], [ -80.41214482625665, 44.035365227513338 ], [ -80.412167438467804, 44.035095900662441 ], [ -80.41366075865632, 44.035161141189164 ], [ -80.413638153769412, 44.035430468383844 ], [ -80.414011486204018, 44.035446775287738 ], [ -80.413988882925651, 44.035716102656707 ], [ -80.414362217413895, 44.03573240832106 ], [ -80.414339615744083, 44.036001735864325 ], [ -80.414712952285981, 44.036018040289079 ], [ -80.414690352224753, 44.036287368006619 ], [ -80.415063690820318, 44.03630367119176 ], [ -80.41504109236773, 44.036572999083518 ], [ -80.41541443301692, 44.036589301029075 ], [ -80.415391836173015, 44.036858629095164 ], [ -80.415765178875873, 44.036874929801073 ], [ -80.41574258364065, 44.037144258041373 ], [ -80.416115928397176, 44.03716055750764 ], [ -80.416070740921839, 44.037699214425047 ], [ -80.416444089563242, 44.037715512737513 ], [ -80.416421497323142, 44.03798484141462 ], [ -80.416048146850486, 44.037968543016262 ], [ -80.415980363301628, 44.038776529319911 ], [ -80.415233652035994, 44.038743928031224 ], [ -80.415165855496866, 44.039551914614385 ], [ -80.414792494703804, 44.03953561172397 ], [ -80.414747292235731, 44.040074269715795 ], [ -80.414373928002433, 44.040057965327939 ], [ -80.414147883994247, 44.042751259724426 ], [ -80.414521266542351, 44.042767564971335 ], [ -80.414498662748926, 44.043036894982286 ], [ -80.415992202493285, 44.043102103056746 ], [ -80.416014798960376, 44.042832772702248 ], [ -80.417134950610219, 44.042881664580747 ], [ -80.417112359637926, 44.043150995192875 ], [ -80.417485745797748, 44.043167289920198 ], [ -80.417463156434664, 44.043436620706409 ], [ -80.417836544648523, 44.043452914193907 ], [ -80.417746192298381, 44.044530238564441 ], [ -80.418119588061387, 44.044546531069585 ], [ -80.418097001249492, 44.044815862468603 ], [ -80.419217195368077, 44.044864732287188 ], [ -80.419194613829035, 44.045134064031899 ], [ -80.419568014145057, 44.045150351405759 ], [ -80.419590593852377, 44.044881019575229 ], [ -80.419963992559005, 44.044897305537525 ], [ -80.419986570212231, 44.044627973709396 ], [ -80.420733364628973, 44.044660541485158 ], [ -80.42071079063922, 44.044929873484897 ], [ -80.421457589608622, 44.044962436129218 ], [ -80.421435019060127, 44.04523176838881 ], [ -80.421808420709979, 44.045248047808151 ], [ -80.421785851771006, 44.045517380241648 ], [ -80.422159255474909, 44.045533658421022 ], [ -80.422091552820007, 44.046341656507963 ], [ -80.422464962241619, 44.046357933618864 ], [ -80.422374696251325, 44.04743526597904 ], [ -80.422001279502126, 44.047418988525102 ], [ -80.421911002628235, 44.048496321952733 ], [ -80.422284426705318, 44.048512599749785 ], [ -80.422261858763207, 44.048781933412812 ], [ -80.423008711248102, 44.048814485200865 ], [ -80.422986146747803, 44.049083819123553 ], [ -80.423359575155615, 44.049100093114546 ], [ -80.423337012265179, 44.049369427211104 ], [ -80.424830735446491, 44.049434510259402 ], [ -80.424808179662165, 44.04970384478699 ], [ -80.425181612844966, 44.049720112320131 ], [ -80.425136504274164, 44.050258781811166 ], [ -80.427003691840753, 44.05034010044541 ], [ -80.426981146382957, 44.050609435751547 ], [ -80.427354586394614, 44.050625695586412 ], [ -80.427309498477271, 44.05116436663436 ], [ -80.427682942375327, 44.05118062531465 ], [ -80.427660399915851, 44.051449961056463 ], [ -80.428780738438689, 44.051498729398638 ], [ -80.42871312621854, 44.052306737923494 ], [ -80.430580389012988, 44.052387993259515 ], [ -80.430557860323901, 44.05265733003877 ], [ -80.43130477065958, 44.052689823062664 ], [ -80.431282245413314, 44.052959160101217 ], [ -80.431655702746284, 44.052975404709784 ], [ -80.431588131173541, 44.053783416610642 ], [ -80.430841205735163, 44.053750925553906 ], [ -80.430818677769068, 44.054020262859076 ], [ -80.430445213550286, 44.054004015256091 ], [ -80.430422683529869, 44.054273352563733 ], [ -80.430049217700542, 44.054257103549119 ], [ -80.430026685625791, 44.054526440859149 ], [ -80.429653218185948, 44.0545101904329 ], [ -80.429585615132751, 44.055318202634325 ], [ -80.430706034610367, 44.055366950705604 ], [ -80.430660975793657, 44.055905626460373 ], [ -80.431781408263532, 44.055954363110892 ], [ -80.431758884020013, 44.0562237013771 ], [ -80.432132363786266, 44.056239944360755 ], [ -80.432109841153476, 44.056509282800562 ], [ -80.43248332297415, 44.056525524543723 ], [ -80.432438280708311, 44.057064201858452 ], [ -80.432064795222431, 44.05704795994415 ], [ -80.432042271924104, 44.057317298647916 ], [ -80.431295297952559, 44.057284810669799 ], [ -80.431272770767094, 44.057554149290347 ], [ -80.430899282281501, 44.057537903226518 ], [ -80.43083169389574, 44.058345919359247 ], [ -80.431205187879399, 44.058362165679888 ], [ -80.431182659806382, 44.058631504652311 ], [ -80.431556155844689, 44.058647749732437 ], [ -80.431488575792528, 44.05945576743423 ], [ -80.431115074255942, 44.059439522097328 ], [ -80.431047486708323, 44.060247540333748 ], [ -80.43328853224665, 44.060344994003508 ], [ -80.433198456398927, 44.061422354937037 ], [ -80.432824940922998, 44.061406115631897 ], [ -80.432734854194251, 44.062483477629577 ], [ -80.432361331608305, 44.06246723665592 ], [ -80.432293758733209, 44.063275258820127 ], [ -80.431920230870062, 44.063259016263522 ], [ -80.431830123264561, 44.064336380036906 ], [ -80.432203658460054, 44.064352622935914 ], [ -80.432113554636601, 44.065429988457105 ], [ -80.432487097386641, 44.065446230372174 ], [ -80.432464572709193, 44.065715572057613 ], [ -80.432838117514336, 44.065731812731968 ], [ -80.432770547650421, 44.066539838571892 ], [ -80.433144098177166, 44.066556078176646 ], [ -80.433121576278722, 44.066825420384475 ], [ -80.432000919864294, 44.066776697334454 ], [ -80.431978392244076, 44.067046039373317 ], [ -80.430484179465381, 44.06698105639542 ], [ -80.430439108892656, 44.067519740051651 ], [ -80.430065552586314, 44.067503490820066 ], [ -80.430043015133634, 44.067772832694224 ], [ -80.428922342046846, 44.067724076784422 ], [ -80.428899798872081, 44.067993418489422 ], [ -80.428526239787288, 44.067977163781109 ], [ -80.428548784795396, 44.067707822161765 ], [ -80.427054558010767, 44.067642790407596 ], [ -80.42700945310574, 44.068181473048661 ], [ -80.427383013135355, 44.068197733148082 ], [ -80.4272928079927, 44.069275099825958 ], [ -80.425424973398961, 44.06919378435115 ], [ -80.425447534184912, 44.068924442978577 ], [ -80.425073969766274, 44.06890817599016 ], [ -80.425051407146924, 44.069177517277026 ], [ -80.424677841117187, 44.069161248876497 ], [ -80.424655276442124, 44.069430590165368 ], [ -80.425028844305288, 44.069446858651617 ], [ -80.424961154446692, 44.070254883301729 ], [ -80.424587581083173, 44.070238614558278 ], [ -80.424474751038687, 44.071585323633791 ], [ -80.42522191632321, 44.0716178606515 ], [ -80.425199353314511, 44.071887202901117 ], [ -80.425572938123807, 44.071903469506019 ], [ -80.42552781510669, 44.072442154439692 ], [ -80.425154226630184, 44.072425887663357 ], [ -80.42513166295457, 44.072695230175988 ], [ -80.424758072866737, 44.072678961987471 ], [ -80.424780638375964, 44.072409619560567 ], [ -80.422165526822425, 44.072295705699808 ], [ -80.422188104944553, 44.072026363960852 ], [ -80.421440935883865, 44.071993805376891 ], [ -80.421418354094584, 44.072263146944266 ], [ -80.421044768064363, 44.072246865576801 ], [ -80.421022184218998, 44.072516207146073 ], [ -80.419154248237817, 44.072434779982814 ], [ -80.419176841251144, 44.072165438842632 ], [ -80.418803256556188, 44.072149149516449 ], [ -80.418780661709278, 44.072418490570783 ], [ -80.418407075403366, 44.072402199832297 ], [ -80.418384478500258, 44.072671540888436 ], [ -80.418758066639782, 44.07268783171277 ], [ -80.418712875832938, 44.07322651425963 ], [ -80.419086467862314, 44.073242803929162 ], [ -80.419018685483394, 44.074050828664269 ], [ -80.419392283236377, 44.074067117264832 ], [ -80.419324504355146, 44.074875143045936 ], [ -80.41969810783192, 44.074891430577487 ], [ -80.419652924465623, 44.075430115041236 ], [ -80.420026531832534, 44.075446401417899 ], [ -80.419845804134383, 44.077601143462608 ], [ -80.420219426394823, 44.077617429199258 ], [ -80.420151655337108, 44.078425459168152 ], [ -80.419778027574765, 44.078409173174023 ], [ -80.419710249011672, 44.07921720367321 ], [ -80.420083882276074, 44.079233489924796 ], [ -80.420038699122372, 44.079772177533478 ], [ -80.419665062189821, 44.079755891110253 ], [ -80.419461710471211, 44.082179988907662 ], [ -80.419835363911247, 44.082196276103332 ], [ -80.419790175859845, 44.08273496563654 ], [ -80.420163833191054, 44.082751251677131 ], [ -80.420141240665686, 44.083020596660731 ], [ -80.420514900053817, 44.083036881460401 ], [ -80.42049230914013, 44.083306226617253 ], [ -80.420865970585197, 44.083322510176011 ], [ -80.420843381283234, 44.083591855506086 ], [ -80.421217044785237, 44.083608137823902 ], [ -80.421194457095027, 44.083877483327214 ], [ -80.42156812265398, 44.083893764404046 ], [ -80.421545536575564, 44.084163110080567 ], [ -80.421919204191468, 44.084179389916478 ], [ -80.421896619724905, 44.084448735766209 ], [ -80.421522950274593, 44.084432455844549 ], [ -80.421477777004895, 44.084971147634697 ], [ -80.421104104108323, 44.084954866214616 ], [ -80.421036337030998, 44.085762904297965 ], [ -80.420288980898889, 44.085730336962683 ], [ -80.420266387758886, 44.085999682993624 ], [ -80.419892708192279, 44.08598339724994 ], [ -80.419824921932829, 44.086791435609499 ], [ -80.419451237085312, 44.086775148281518 ], [ -80.419428639385586, 44.087044494490279 ], [ -80.419054952926203, 44.087028205749618 ], [ -80.4190323531692, 44.0872975519599 ], [ -80.418658665097965, 44.087281261806552 ], [ -80.418636063283628, 44.08755060801834 ], [ -80.418262373600541, 44.087534316452292 ], [ -80.418217165634474, 44.088073008966177 ], [ -80.417843472504885, 44.088056715901551 ], [ -80.41779825997844, 44.088595408593036 ], [ -80.418171956777314, 44.088611701829372 ], [ -80.417991112437647, 44.090766476774576 ], [ -80.417617400960864, 44.090750182851338 ], [ -80.417594792581028, 44.091019530026415 ], [ -80.416847366626314, 44.090986938027399 ], [ -80.416869978675777, 44.090717591024045 ], [ -80.41500142686327, 44.090636088234596 ], [ -80.414956184193358, 44.091174781469526 ], [ -80.413835044772185, 44.091125863357185 ], [ -80.413857671723036, 44.090856516953885 ], [ -80.413483960863417, 44.090840208348517 ], [ -80.413506589426049, 44.09057086211839 ], [ -80.413132880624232, 44.090554552272053 ], [ -80.413155510798617, 44.090285206215142 ], [ -80.412781804054589, 44.090268895127835 ], [ -80.41282706740374, 44.089730203447807 ], [ -80.412079661923755, 44.089697577636315 ], [ -80.412057026691272, 44.089966923260761 ], [ -80.410935914640262, 44.089917974333829 ], [ -80.410981195890372, 44.089379283688167 ], [ -80.409486397623795, 44.08931400056381 ], [ -80.409554339841279, 44.088505966282035 ], [ -80.408806953054906, 44.088473317274769 ], [ -80.408829603683571, 44.088203972860811 ], [ -80.408455912459786, 44.08818764645293 ], [ -80.408478564699791, 44.087918302212323 ], [ -80.408104875533823, 44.08790197456365 ], [ -80.408082221459253, 44.088171318718224 ], [ -80.407708530681987, 44.088154989656644 ], [ -80.407685874549571, 44.088424333812462 ], [ -80.407312182160979, 44.088408003337975 ], [ -80.407266865557091, 44.088946691739416 ], [ -80.406893169722593, 44.088930359765961 ], [ -80.40687050925105, 44.089199704011513 ], [ -80.406496811805241, 44.089183370625172 ], [ -80.406451486522897, 44.089722059206039 ], [ -80.406825187638034, 44.089738392764588 ], [ -80.406734541731993, 44.090815771317828 ], [ -80.406360833278015, 44.090799437415001 ], [ -80.406202181500007, 44.092684852639614 ], [ -80.406575902797655, 44.092701187145003 ], [ -80.406530575377602, 44.093239878166308 ], [ -80.406156850410156, 44.093223543488776 ], [ -80.40606618554979, 44.094300926233473 ], [ -80.405692453465974, 44.094284589884595 ], [ -80.40566978485738, 44.094553935702649 ], [ -80.406043518776187, 44.094570272137602 ], [ -80.406020851779189, 44.094839618128908 ], [ -80.406768323957024, 44.094872287189936 ], [ -80.406722996632951, 44.095410979778372 ], [ -80.407096736727027, 44.095427312490507 ], [ -80.407074074564974, 44.095696659001526 ], [ -80.407447816717479, 44.095712990472691 ], [ -80.407425156167164, 44.095982337156947 ], [ -80.408172644812396, 44.096014996290258 ], [ -80.408149987708953, 44.096284343233741 ], [ -80.408897480917673, 44.096316997230964 ], [ -80.408806864952012, 44.097394386564687 ], [ -80.409180619231975, 44.097410711916822 ], [ -80.40909000703455, 44.098488102988661 ], [ -80.40946376887878, 44.098504427357817 ], [ -80.409418465110932, 44.099043123588437 ], [ -80.409792230849021, 44.099059446802528 ], [ -80.40970162797538, 44.100136840652858 ], [ -80.409327854895849, 44.10012051709468 ], [ -80.409282548448573, 44.10065921437026 ], [ -80.409656325198924, 44.100675538100475 ], [ -80.409565716966597, 44.101752934040377 ], [ -80.408818149005526, 44.101720284564529 ], [ -80.408727522516216, 44.102797681208806 ], [ -80.40910131372722, 44.102814006954446 ], [ -80.409056002813699, 44.103352705970742 ], [ -80.409429797919202, 44.10336903056124 ], [ -80.409293870832514, 44.104985130214246 ], [ -80.409667677175321, 44.105001453993651 ], [ -80.409645023714958, 44.105270804326231 ], [ -80.410018832116805, 44.105287126864376 ], [ -80.409882917679511, 44.106903231202395 ], [ -80.409509098262916, 44.106886908148141 ], [ -80.409486443239231, 44.1071562590894 ], [ -80.40873880140434, 44.107123608826832 ], [ -80.408648164389007, 44.108201012772888 ], [ -80.408274336463052, 44.108184685306398 ], [ -80.408161025987695, 44.109531441764062 ], [ -80.407787189105306, 44.109515112539945 ], [ -80.407764524503946, 44.109784464006083 ], [ -80.407016847737481, 44.109751801403505 ], [ -80.406994179240613, 44.110021152784377 ], [ -80.405124982055611, 44.109939472617953 ], [ -80.405102304155037, 44.110208823655228 ], [ -80.404728463552672, 44.110192483553604 ], [ -80.404705783592462, 44.110461834591618 ], [ -80.404331941377635, 44.110445493076469 ], [ -80.404286577114277, 44.11098419524081 ], [ -80.40391273145093, 44.11096785222599 ], [ -80.403890047147726, 44.111237203352282 ], [ -80.404263894647173, 44.111253546453248 ], [ -80.404195845904027, 44.112061600611504 ], [ -80.403821992896184, 44.112045257252177 ], [ -80.403799307698364, 44.112314608725782 ], [ -80.404173162542392, 44.11233095217127 ], [ -80.404037057675879, 44.113947063352512 ], [ -80.403663191814488, 44.113930719390261 ], [ -80.403617818063779, 44.11446942363937 ], [ -80.403243948753456, 44.114453078177327 ], [ -80.403221259706257, 44.114722430345893 ], [ -80.403595130852906, 44.114738775894089 ], [ -80.40352706787813, 44.115546833178762 ], [ -80.403153191222373, 44.115530487372141 ], [ -80.40313050128033, 44.115799839887693 ], [ -80.402382744967213, 44.115767144119516 ], [ -80.402360051128611, 44.116036496549526 ], [ -80.401986171471293, 44.116020146587928 ], [ -80.401963475572501, 44.116289499018485 ], [ -80.400841832433983, 44.11624044090987 ], [ -80.400864533842025, 44.11597108873783 ], [ -80.400116776541651, 44.11593837686668 ], [ -80.400094071460785, 44.116207728866314 ], [ -80.399720191309981, 44.116191370853201 ], [ -80.399697484168826, 44.116460722853368 ], [ -80.399323602405488, 44.116444363426467 ], [ -80.399300893204, 44.116713715427132 ], [ -80.398927009828142, 44.116697354586464 ], [ -80.398949720866071, 44.116428002672031 ], [ -80.397080316528246, 44.116346178986433 ], [ -80.397057596308201, 44.116615530469645 ], [ -80.396683714276207, 44.116599161663594 ], [ -80.396660991995702, 44.116868513147253 ], [ -80.395165458762605, 44.116803024302357 ], [ -80.395188188388801, 44.116533673163829 ], [ -80.394814307477191, 44.116517297719994 ], [ -80.394791576014555, 44.116786648772212 ], [ -80.394043811190912, 44.116753893729282 ], [ -80.39402107583129, 44.117023244695588 ], [ -80.3936471919193, 44.117006865096471 ], [ -80.39353350257619, 44.118353620796675 ], [ -80.39315960970599, 44.118337239438333 ], [ -80.393091387900043, 44.119145293639505 ], [ -80.393465286279863, 44.119161675256848 ], [ -80.393374328079076, 44.120239082416809 ], [ -80.394122140204303, 44.12027184235923 ], [ -80.39409940376683, 44.120541194538447 ], [ -80.394473312002404, 44.120557572604497 ], [ -80.394450577177466, 44.12082692495666 ], [ -80.394824487473883, 44.120843301781335 ], [ -80.394801754261451, 44.121112654306472 ], [ -80.395175666618755, 44.121129029889786 ], [ -80.395152935018871, 44.121398382587799 ], [ -80.396274678945829, 44.12144750163062 ], [ -80.396251952632056, 44.121716854674098 ], [ -80.396625869559344, 44.121733225119293 ], [ -80.396512243812865, 44.123079992067076 ], [ -80.396886170148335, 44.123096361615943 ], [ -80.396772547983829, 44.124443131159509 ], [ -80.39752041969605, 44.124475867136624 ], [ -80.397497698264786, 44.124745221477554 ], [ -80.397871636293971, 44.124761587560712 ], [ -80.397826196433243, 44.125300296674695 ], [ -80.398200138360465, 44.125316661602575 ], [ -80.398177419931059, 44.125586016375628 ], [ -80.398551363919339, 44.125602380061949 ], [ -80.398392341499758, 44.127487866499578 ], [ -80.398766298571786, 44.127504229461735 ], [ -80.398698148257211, 44.1283122966341 ], [ -80.399072111064868, 44.128328658527145 ], [ -80.399003964245679, 44.12913672673649 ], [ -80.399377932789136, 44.129153087560319 ], [ -80.399355218571969, 44.129422443889268 ], [ -80.400103160005457, 44.129455161725687 ], [ -80.400080449238914, 44.12972451831353 ], [ -80.400454422128959, 44.129740875326092 ], [ -80.400409003598597, 44.130279588933526 ], [ -80.400782980387305, 44.130295944790582 ], [ -80.400737564635833, 44.130834658916193 ], [ -80.401111545323246, 44.130851013617715 ], [ -80.401043425528641, 44.131659085712926 ], [ -80.401791398599926, 44.13169179164926 ], [ -80.401745991633689, 44.132230507156244 ], [ -80.402493972950609, 44.132263208125416 ], [ -80.40247127280665, 44.132532566180863 ], [ -80.402845265638433, 44.132548914759639 ], [ -80.402822567108132, 44.132818272987677 ], [ -80.403196562001355, 44.132834620324594 ], [ -80.403128470579858, 44.133642695785475 ], [ -80.400884471502692, 44.133544590292743 ], [ -80.400861762888852, 44.13381394843541 ], [ -80.40011376131288, 44.133781235807973 ], [ -80.400091048799808, 44.134050593864636 ], [ -80.399343044444691, 44.134017875752718 ], [ -80.399388476597196, 44.133479160070706 ], [ -80.3990144784309, 44.133462799195186 ], [ -80.398991760629116, 44.133732156906781 ], [ -80.397869761961914, 44.13368306605345 ], [ -80.397892485276444, 44.133413708600585 ], [ -80.397144490960713, 44.133380974897527 ], [ -80.39707630931926, 44.134189046997676 ], [ -80.397450311877805, 44.134205414772005 ], [ -80.397404860004613, 44.134744130109759 ], [ -80.397778866462559, 44.134760496728582 ], [ -80.397710692484623, 44.135568570641553 ], [ -80.397336680513661, 44.135552203763922 ], [ -80.397291226398863, 44.136090919965099 ], [ -80.396917210976611, 44.136074551586923 ], [ -80.396780832225346, 44.137690701744134 ], [ -80.396406806000542, 44.137674331520223 ], [ -80.39638407358612, 44.137943690095504 ], [ -80.395636018133558, 44.137910945490795 ], [ -80.395590545280513, 44.13844966255504 ], [ -80.39521651421488, 44.13843328808791 ], [ -80.395193775614061, 44.138702646663134 ], [ -80.394819742934843, 44.138686270781577 ], [ -80.394774261384484, 44.139224988018171 ], [ -80.395148297739539, 44.139241364072362 ], [ -80.395125558465821, 44.139510722906358 ], [ -80.395499596883127, 44.139527097718712 ], [ -80.395454121338716, 44.140065815818005 ], [ -80.395828163656262, 44.140082189474775 ], [ -80.395759954171538, 44.140890267529393 ], [ -80.396134002227456, 44.140906640116874 ], [ -80.396111267122023, 44.141175999727146 ], [ -80.395737217228074, 44.141159627053383 ], [ -80.39571448006032, 44.141428986663577 ], [ -80.396088531792344, 44.141445359423635 ], [ -80.396043060460173, 44.141984079075193 ], [ -80.396417116092692, 44.142000450679625 ], [ -80.396371647539695, 44.142539170848572 ], [ -80.396745707072782, 44.142555541297348 ], [ -80.396722974298058, 44.142824901597393 ], [ -80.397471097713321, 44.142857638682756 ], [ -80.397448368390741, 44.143126999241524 ], [ -80.397822432272918, 44.143143365878089 ], [ -80.397754248474556, 44.143951448330192 ], [ -80.397380179077672, 44.14393508143484 ], [ -80.39733471841447, 44.144473803327855 ], [ -80.397708791487929, 44.144490170395741 ], [ -80.397572415146712, 44.146106338659813 ], [ -80.397946499474557, 44.146122704916962 ], [ -80.397878313792091, 44.146930790470421 ], [ -80.398252403859487, 44.146947155658012 ], [ -80.398229676688686, 44.147216517767639 ], [ -80.398603768818788, 44.147232881713109 ], [ -80.398581043262269, 44.147502243995064 ], [ -80.40119970731908, 44.147616755022696 ], [ -80.401176994408104, 44.14788611799429 ], [ -80.401925189832667, 44.147918823647736 ], [ -80.401879770692773, 44.148457550193989 ], [ -80.402253872418285, 44.148473901200475 ], [ -80.402208456059427, 44.149012628263364 ], [ -80.401834350656671, 44.148996277084521 ], [ -80.401788929724361, 44.14953500431934 ], [ -80.402537148108507, 44.149567705693414 ], [ -80.402514440983623, 44.149837069612204 ], [ -80.403262663941248, 44.149869765844883 ], [ -80.403194552254732, 44.150677858634729 ], [ -80.403568669585738, 44.150694205016869 ], [ -80.403545967080987, 44.150963569538384 ], [ -80.404668325934139, 44.151012600972422 ], [ -80.404645628721781, 44.151281965838415 ], [ -80.405019750626181, 44.151298307078932 ], [ -80.404951663161938, 44.15210640245143 ], [ -80.404577535741041, 44.152090060952524 ], [ -80.404554837632901, 44.152359426162583 ], [ -80.404928966892669, 44.152375767747642 ], [ -80.404860876741253, 44.153183864152268 ], [ -80.405235011741681, 44.153200204667179 ], [ -80.405189620865585, 44.153738936205812 ], [ -80.405563759767844, 44.153755275564414 ], [ -80.40551837167402, 44.154294007619228 ], [ -80.405892514478182, 44.154310345821528 ], [ -80.405869821934417, 44.154579712063999 ], [ -80.406992257207335, 44.154628718957831 ], [ -80.406901506862027, 44.155706185820549 ], [ -80.407275659757047, 44.155722519139026 ], [ -80.407230286919486, 44.156261253258243 ], [ -80.407604443716636, 44.156277585420284 ], [ -80.407422958125778, 44.158432526022814 ], [ -80.407048786614808, 44.158416193172101 ], [ -80.407026098069309, 44.158685561047889 ], [ -80.406651924942921, 44.158669226782322 ], [ -80.406629234334204, 44.158938594657997 ], [ -80.406255059592382, 44.158922258977711 ], [ -80.406186980904721, 44.159730362861417 ], [ -80.406561161164603, 44.159746698799992 ], [ -80.406538469660248, 44.160016067019065 ], [ -80.407661017301507, 44.160065067120833 ], [ -80.407638331091476, 44.160334435684049 ], [ -80.408012515925734, 44.16035076647993 ], [ -80.407989831331292, 44.160620135215055 ], [ -80.408364018228852, 44.160636464768317 ], [ -80.408318652047328, 44.161175202668247 ], [ -80.408692842847657, 44.161191531064887 ], [ -80.408647479449797, 44.161730269480294 ], [ -80.409021674152982, 44.16174659672032 ], [ -80.408976313538915, 44.162285335651163 ], [ -80.409350512145025, 44.162301661734531 ], [ -80.40930515431485, 44.162840401180723 ], [ -80.409679356823943, 44.162856726107421 ], [ -80.409656679412763, 44.163126096045296 ], [ -80.410030883985286, 44.163142419729198 ], [ -80.40998553217085, 44.163681160034436 ], [ -80.410359740646456, 44.163697482561595 ], [ -80.410291716765514, 44.164505593920943 ], [ -80.409543288999942, 44.164472947021572 ], [ -80.409520610245963, 44.164742317474179 ], [ -80.409146394859135, 44.164725991945183 ], [ -80.409123714041598, 44.164995362397512 ], [ -80.408749497038869, 44.164979035453584 ], [ -80.408681447723907, 44.165787147066936 ], [ -80.407933003351388, 44.165754488676178 ], [ -80.407910316119043, 44.166023859213311 ], [ -80.407536092428813, 44.166007527938554 ], [ -80.407558781500953, 44.165738157487496 ], [ -80.406810338471857, 44.165705491123546 ], [ -80.406787645720129, 44.165974861402432 ], [ -80.406413422701704, 44.165958526141061 ], [ -80.406368032846729, 44.166497266783814 ], [ -80.405619580122561, 44.166464591930037 ], [ -80.405664977336798, 44.165925851631719 ], [ -80.405290754990347, 44.165909512383749 ], [ -80.405426952295429, 44.16429329406342 ], [ -80.405052741211421, 44.164276954003341 ], [ -80.405098142200359, 44.163738215421567 ], [ -80.403975521330523, 44.163689187785309 ], [ -80.403952815429122, 44.16395855677488 ], [ -80.403578607081002, 44.163942211485683 ], [ -80.403533190926623, 44.164480949549812 ], [ -80.402784767544006, 44.164448254640412 ], [ -80.402739343134428, 44.164986992702907 ], [ -80.401616698703421, 44.164937939855527 ], [ -80.401639416539382, 44.164668571039925 ], [ -80.400890991719038, 44.164635862669883 ], [ -80.400800104312225, 44.165713337757111 ], [ -80.401174323969158, 44.165729692951359 ], [ -80.401151603396627, 44.165999062023715 ], [ -80.40152582511756, 44.166015415975323 ], [ -80.401480386979372, 44.166554154549587 ], [ -80.401854612604112, 44.16657050734473 ], [ -80.401809177248722, 44.167109246434244 ], [ -80.402557636530133, 44.167141948382614 ], [ -80.402534922195855, 44.167411318228304 ], [ -80.40290915401269, 44.167427667295321 ], [ -80.402750160275403, 44.169313259217645 ], [ -80.403124405195996, 44.169329607558964 ], [ -80.403101692748294, 44.169598978262442 ], [ -80.403850186942009, 44.169631671130539 ], [ -80.40378205929423, 44.170439784271871 ], [ -80.403407806565113, 44.170423438243773 ], [ -80.403362383332379, 44.170962180593925 ], [ -80.402988127147211, 44.170945833064572 ], [ -80.402965413354465, 44.1712152042819 ], [ -80.401094126591133, 44.17113344626933 ], [ -80.401071403373507, 44.171402817141335 ], [ -80.400697144853453, 44.171386461465637 ], [ -80.400538063168838, 44.173272059363157 ], [ -80.400912334570293, 44.173288415642311 ], [ -80.400866884322156, 44.173827158841512 ], [ -80.401241159628455, 44.173843513964052 ], [ -80.401218436008236, 44.174112885778186 ], [ -80.401592713379145, 44.174129239657837 ], [ -80.401501824016762, 44.175206728114773 ], [ -80.401127539284403, 44.175190373890246 ], [ -80.40110481454272, 44.175459746132134 ], [ -80.400730528194259, 44.175443390492312 ], [ -80.40070780138781, 44.175712762733525 ], [ -80.400333513423277, 44.17569640567838 ], [ -80.400310784552076, 44.175965777918904 ], [ -80.399936494971456, 44.175949419448436 ], [ -80.399913764035446, 44.176218791688235 ], [ -80.399539472838754, 44.17620243180243 ], [ -80.399516739837921, 44.176471804041519 ], [ -80.399142447025142, 44.176455442740341 ], [ -80.399119711959443, 44.176724814978698 ], [ -80.399868301490329, 44.176757536424397 ], [ -80.399800105989783, 44.177565654169911 ], [ -80.399425805590582, 44.177549293852913 ], [ -80.399403071467745, 44.177818666519514 ], [ -80.398654467661501, 44.17778594172556 ], [ -80.398631729633124, 44.178055314305141 ], [ -80.398257426226095, 44.178038949828213 ], [ -80.398189205272431, 44.178847067820946 ], [ -80.398563514201243, 44.178863432556682 ], [ -80.398518036124372, 44.17940217848502 ], [ -80.398892348958938, 44.179418542064077 ], [ -80.398846873665562, 44.179957288506721 ], [ -80.399221190405953, 44.179973650928993 ], [ -80.399152981304653, 44.180781771492555 ], [ -80.39877865904208, 44.18076540881146 ], [ -80.398755920385327, 44.181034782417228 ], [ -80.398381596506454, 44.181018418320626 ], [ -80.398358855784437, 44.181287791925534 ], [ -80.397984530289278, 44.181271426413446 ], [ -80.397939044490187, 44.181810173706985 ], [ -80.39681605830701, 44.181761068677524 ], [ -80.396838806841245, 44.181491695246891 ], [ -80.396464480403438, 44.181475324331515 ], [ -80.396441730028414, 44.18174469767586 ], [ -80.395693074144987, 44.181711951684747 ], [ -80.395670319863726, 44.181981324941873 ], [ -80.394547332200872, 44.181932195726851 ], [ -80.394524572172543, 44.182201568810399 ], [ -80.394150241560098, 44.182185189660537 ], [ -80.394081954604417, 44.182993309164431 ], [ -80.393707618694137, 44.182976928426292 ], [ -80.393639324193359, 44.183785048439496 ], [ -80.394013665626346, 44.183801429436656 ], [ -80.393899846168409, 44.18514829826394 ], [ -80.39427419703101, 44.185164678363542 ], [ -80.394251434306256, 44.185434052471322 ], [ -80.393877081602611, 44.185417672285368 ], [ -80.393854316812082, 44.18568704639214 ], [ -80.393479962492137, 44.1856706647905 ], [ -80.39345719563579, 44.18594003889622 ], [ -80.393082839699545, 44.185923655878895 ], [ -80.393060070777366, 44.186193029983549 ], [ -80.392685713224807, 44.186176645550482 ], [ -80.392594627923671, 44.18725414247664 ], [ -80.392220263231451, 44.18723775636871 ], [ -80.392151941371452, 44.188045879699622 ], [ -80.391403201614494, 44.188013102977294 ], [ -80.391380423529043, 44.188282477418703 ], [ -80.391006052146665, 44.188266086977009 ], [ -80.390983271995111, 44.188535461417267 ], [ -80.390608898996419, 44.188519069559767 ], [ -80.390586116778707, 44.188788443998845 ], [ -80.389837367773637, 44.188755656122765 ], [ -80.389723434898187, 44.190102528732545 ], [ -80.390097818494695, 44.190118923767415 ], [ -80.390075033086021, 44.190388298631454 ], [ -80.389700647648169, 44.190371903510162 ], [ -80.389677860173165, 44.190641278372965 ], [ -80.390052247452374, 44.190657673580695 ], [ -80.390029461593755, 44.190927048615158 ], [ -80.389655072473175, 44.190910653321019 ], [ -80.389586708023216, 44.191718778676261 ], [ -80.389961102668067, 44.191735174229713 ], [ -80.389938315909532, 44.19200454960486 ], [ -80.389563919423253, 44.191988153965035 ], [ -80.389541130598261, 44.192257529338995 ], [ -80.389166732495525, 44.192241132283222 ], [ -80.389052775787817, 44.193588009998223 ], [ -80.389427183098135, 44.193604407486184 ], [ -80.389404392923055, 44.193873783371068 ], [ -80.3897788023, 44.19389017961587 ], [ -80.389710435949411, 44.194698308040628 ], [ -80.389336021047612, 44.194681911536527 ], [ -80.389313229972387, 44.194951287761924 ], [ -80.38893881345399, 44.194934889841797 ], [ -80.388916020312081, 44.195204266065879 ], [ -80.388541602177071, 44.195187866729732 ], [ -80.388518806968406, 44.195457242952479 ], [ -80.388144387216826, 44.195440842200284 ], [ -80.388121589941363, 44.195710218421659 ], [ -80.387372747430135, 44.195677412755572 ], [ -80.387327144837073, 44.196216165107742 ], [ -80.387701569663548, 44.196232568778534 ], [ -80.38767876987103, 44.196501945168727 ], [ -80.3873043432028, 44.196485541411469 ], [ -80.387235936949111, 44.197293670833112 ], [ -80.386861504980715, 44.197277265486797 ], [ -80.38670186961491, 44.199162903175498 ], [ -80.385952980567609, 44.199130087283102 ], [ -80.385930170930706, 44.199399464262918 ], [ -80.38518127910055, 44.199366642878751 ], [ -80.385067209117494, 44.200713528187919 ], [ -80.385441664129843, 44.200729939977407 ], [ -80.385373224962635, 44.201538072442375 ], [ -80.384998764424154, 44.201521660393361 ], [ -80.38490750167874, 44.202599171190137 ], [ -80.38453303399713, 44.202582757465301 ], [ -80.384464579045698, 44.203390891195319 ], [ -80.383715633305485, 44.203358059237097 ], [ -80.383738455532352, 44.203088681415217 ], [ -80.383363984842489, 44.203072263527964 ], [ -80.38338680868614, 44.202802885877567 ], [ -80.383012340063814, 44.202786466747085 ], [ -80.383035165524205, 44.202517089268177 ], [ -80.382660698969445, 44.202500668894437 ], [ -80.382683526046549, 44.202231291587076 ], [ -80.38156013326126, 44.202182022747081 ], [ -80.381582965639225, 44.201912645784354 ], [ -80.381208503670464, 44.20189622026475 ], [ -80.381231337665028, 44.201626843473569 ], [ -80.380107958638021, 44.201577559196082 ], [ -80.380130797933219, 44.201308182749649 ], [ -80.377884057021561, 44.201209578811614 ], [ -80.377906907143299, 44.200940202969932 ], [ -80.377532452956373, 44.200923764412877 ], [ -80.377555304694411, 44.200654388742805 ], [ -80.377180852575123, 44.200637948942685 ], [ -80.377112291157914, 44.201446075947793 ], [ -80.376737833738318, 44.201429634558011 ], [ -80.376692121314335, 44.201968386146213 ], [ -80.376317660436357, 44.20195194325332 ], [ -80.376203366215876, 44.203298823276874 ], [ -80.374705488119645, 44.203233036674021 ], [ -80.374728354783727, 44.202963660846244 ], [ -80.373604954108956, 44.202914307191676 ], [ -80.373650697812195, 44.202375556311225 ], [ -80.373276235056494, 44.202359102606998 ], [ -80.373344854443516, 44.201550977183445 ], [ -80.372595940661938, 44.201518066306235 ], [ -80.372618817023181, 44.201248691508404 ], [ -80.370746545732885, 44.201166391479127 ], [ -80.370792316197225, 44.200627643005987 ], [ -80.370417866300969, 44.200611179184591 ], [ -80.370440753036078, 44.20034180516226 ], [ -80.368942963078936, 44.200275936926964 ], [ -80.368920068976166, 44.200545310602045 ], [ -80.368545620210114, 44.20052884013225 ], [ -80.368499827642509, 44.201067587563742 ], [ -80.368125375418714, 44.201051115590559 ], [ -80.368079578262751, 44.20158986318814 ], [ -80.367705122581157, 44.201573389711591 ], [ -80.367636419625256, 44.20238151148444 ], [ -80.367261958643795, 44.202365036417653 ], [ -80.367055820984319, 44.20478940553938 ], [ -80.366681343650072, 44.204772928361187 ], [ -80.366635529108734, 44.205311677814805 ], [ -80.365886567750152, 44.205278719121551 ], [ -80.365817833187933, 44.206086843417204 ], [ -80.365443347321303, 44.206070361815271 ], [ -80.365351690701274, 44.207147861716301 ], [ -80.365726183937142, 44.207164343665802 ], [ -80.365634531065695, 44.208241845271388 ], [ -80.365260030460348, 44.208225362974346 ], [ -80.365168366598297, 44.209302865589066 ], [ -80.364793858849509, 44.209286381614596 ], [ -80.364725103048968, 44.210094509205035 ], [ -80.364350589998978, 44.210078023639959 ], [ -80.364327669103545, 44.210347399586041 ], [ -80.363953154437411, 44.210330912604135 ], [ -80.363930231473034, 44.210600288548065 ], [ -80.363555715190756, 44.210583800149294 ], [ -80.363532790157393, 44.210853176091049 ], [ -80.363158272258985, 44.210836686275428 ], [ -80.363089490272543, 44.211644814348276 ], [ -80.362714967072776, 44.21162832294192 ], [ -80.36264617752029, 44.212436451516467 ], [ -80.363020706248022, 44.212452943183614 ], [ -80.362928991044825, 44.21353044948318 ], [ -80.361430848009462, 44.213464473443494 ], [ -80.361407911271442, 44.21373384988231 ], [ -80.361033374236172, 44.213717352460392 ], [ -80.361010435428838, 44.213986728896927 ], [ -80.360635896777382, 44.213970230058003 ], [ -80.360612955900706, 44.214239606492242 ], [ -80.360238415633049, 44.214223106236361 ], [ -80.360261358352531, 44.21395372988912 ], [ -80.359886820154273, 44.213937228390208 ], [ -80.359932708598862, 44.213398476123722 ], [ -80.359558174312738, 44.213381973468771 ], [ -80.35960406553626, 44.212843221714976 ], [ -80.359229535162171, 44.212826717904029 ], [ -80.359298375825716, 44.212018591169482 ], [ -80.358923851206242, 44.212002086289566 ], [ -80.358946799483419, 44.21173271096778 ], [ -80.358572276933231, 44.211716204844926 ], [ -80.358618176492797, 44.211177454629521 ], [ -80.358243657854459, 44.21116094735072 ], [ -80.35828956019246, 44.210622197648171 ], [ -80.357915045465887, 44.210605689213544 ], [ -80.357937998137388, 44.210336314576381 ], [ -80.357188973049404, 44.210303293891336 ], [ -80.357211929179201, 44.210033919512981 ], [ -80.356837418817776, 44.21001740726264 ], [ -80.356883334082141, 44.209478658934223 ], [ -80.356508827632382, 44.209462145528072 ], [ -80.356531786766922, 44.209192771578024 ], [ -80.356157282386334, 44.209176256929055 ], [ -80.3562950434859, 44.207560015531122 ], [ -80.356669536812262, 44.207576529657786 ], [ -80.356692494359578, 44.20730715630112 ], [ -80.357066986070365, 44.207323669010904 ], [ -80.357181761194809, 44.205976803064289 ], [ -80.356807278695285, 44.20596029078979 ], [ -80.356945012416688, 44.204344054975252 ], [ -80.357319483863279, 44.204360566727566 ], [ -80.357388342137369, 44.203552449704596 ], [ -80.35776280828442, 44.203568959866061 ], [ -80.357831658992481, 44.202760843345821 ], [ -80.357457198371506, 44.202744333445452 ], [ -80.357549003510542, 44.20166684628829 ], [ -80.357174550484046, 44.201650335406306 ], [ -80.357220455377515, 44.201111592511218 ], [ -80.357594904720202, 44.201128103219105 ], [ -80.357617854985094, 44.200858731811913 ], [ -80.357992302712532, 44.200875241103127 ], [ -80.358015250908934, 44.20060586969381 ], [ -80.35876414335992, 44.200638884113182 ], [ -80.358787087645993, 44.200369512614778 ], [ -80.359161532369512, 44.200386017742964 ], [ -80.35925329988099, 44.19930853225074 ], [ -80.359627737463811, 44.1993250357013 ], [ -80.359650676933555, 44.199055664453638 ], [ -80.360025112901127, 44.199072166487575 ], [ -80.360116861148114, 44.197994681998644 ], [ -80.360491289975272, 44.198011182355025 ], [ -80.360514224629114, 44.197741811358277 ], [ -80.360888651841051, 44.197758310298099 ], [ -80.360957448918882, 44.196950197556909 ], [ -80.362080715338422, 44.196999685616269 ], [ -80.362103641719969, 44.196730314611649 ], [ -80.36247806247097, 44.19674680788534 ], [ -80.36252391087173, 44.196208065957357 ], [ -80.362898328165883, 44.196224557727604 ], [ -80.3629441719781, 44.195685815965852 ], [ -80.363318585815449, 44.195702306232697 ], [ -80.363341505540518, 44.195432935392461 ], [ -80.363715917762647, 44.195449424242845 ], [ -80.363738835419881, 44.195180053400733 ], [ -80.364113246026761, 44.195196540834672 ], [ -80.364136161616202, 44.194927169990699 ], [ -80.364510570607834, 44.194943656008206 ], [ -80.364533484129524, 44.194674285162435 ], [ -80.364907891505879, 44.194690769763483 ], [ -80.36495371418755, 44.194152028153269 ], [ -80.3653281181072, 44.194168511251064 ], [ -80.365373936201124, 44.193629769807366 ], [ -80.365748336664069, 44.19364625140188 ], [ -80.365817056584305, 44.19283813961389 ], [ -80.366191451749231, 44.192854619618309 ], [ -80.36623726021584, 44.19231587867808 ], [ -80.366986043858645, 44.192348834351037 ], [ -80.367008944070065, 44.19207946383483 ], [ -80.367383334389302, 44.192095939590317 ], [ -80.367452028143049, 44.191287828292054 ], [ -80.367826413164437, 44.191304302457517 ], [ -80.367872204187378, 44.19076556184401 ], [ -80.368246585752289, 44.190782034506377 ], [ -80.368361050147826, 44.189435184028689 ], [ -80.36873542273274, 44.189451654927517 ], [ -80.368758313092627, 44.189182285000669 ], [ -80.369132684062379, 44.189198754483293 ], [ -80.369178460421949, 44.188660014711466 ], [ -80.369552827935422, 44.188676482691122 ], [ -80.369598599708937, 44.188137743086564 ], [ -80.369972963766131, 44.188154209563208 ], [ -80.370041614208674, 44.187346100534995 ], [ -80.37041597296863, 44.187362565421921 ], [ -80.370507496365249, 44.186285087563647 ], [ -80.370881847987093, 44.186301550774076 ], [ -80.370996237945974, 44.184954704935429 ], [ -80.370621895528672, 44.184938242158886 ], [ -80.370873553812558, 44.181975189773432 ], [ -80.371247875981339, 44.181991651595489 ], [ -80.371430868299697, 44.179836710196852 ], [ -80.371805175969442, 44.179853169995589 ], [ -80.371988139113867, 44.177698233367117 ], [ -80.371613846167804, 44.177681774262425 ], [ -80.371659588377184, 44.177143041132915 ], [ -80.3712852993376, 44.177126580872603 ], [ -80.371308171943994, 44.176857214522791 ], [ -80.3698110254049, 44.176791360537983 ], [ -80.369833905146777, 44.176521994620728 ], [ -80.369459620916885, 44.176505527888658 ], [ -80.369482502273215, 44.176236162143596 ], [ -80.368733938171516, 44.176203224865894 ], [ -80.368756822982519, 44.175933859379903 ], [ -80.368382543110755, 44.17591738883425 ], [ -80.368405429536139, 44.175648023520544 ], [ -80.368031151730506, 44.175631551732714 ], [ -80.368076927583985, 44.175092821535245 ], [ -80.367702653684688, 44.17507634859205 ], [ -80.367862874936833, 44.173190796201119 ], [ -80.367488614144307, 44.173174322536774 ], [ -80.367511503831039, 44.172904958338293 ], [ -80.366762986603874, 44.172872007196304 ], [ -80.366808772659638, 44.172333279403226 ], [ -80.366434518065006, 44.172316802012496 ], [ -80.366480306896932, 44.171778074735222 ], [ -80.36610605620821, 44.171761596189228 ], [ -80.36612895212518, 44.171492232765758 ], [ -80.36575470350239, 44.17147575297772 ], [ -80.365777601033315, 44.171206389726621 ], [ -80.364654862040723, 44.171156942649624 ], [ -80.364677764865348, 44.170887579744651 ], [ -80.364303520826439, 44.170871094814757 ], [ -80.36432642526492, 44.170601732082218 ], [ -80.362080976818419, 44.170502795117308 ], [ -80.362103892069925, 44.170233432991864 ], [ -80.361729653293466, 44.170216938933549 ], [ -80.361752570158629, 44.169947576980562 ], [ -80.361378333448172, 44.169931081680296 ], [ -80.361424170179561, 44.169392358204874 ], [ -80.361049937374844, 44.16937586174965 ], [ -80.361095776881001, 44.16883713879038 ], [ -80.360721547981981, 44.168820641180226 ], [ -80.36074446923547, 44.16855127991591 ], [ -80.360370242402382, 44.168534781063855 ], [ -80.36043901032464, 44.167726698045286 ], [ -80.360064789236802, 44.167710198125306 ], [ -80.360087713264761, 44.167440837377299 ], [ -80.35933927544707, 44.167407833724901 ], [ -80.35938513018273, 44.166869112833474 ], [ -80.359010915292473, 44.166852609188112 ], [ -80.359056772802191, 44.166313888813185 ], [ -80.358682561817346, 44.16629738401295 ], [ -80.358728422101009, 44.165758664154495 ], [ -80.358354215021507, 44.165742158199464 ], [ -80.358423009268321, 44.164934079314989 ], [ -80.357300405942937, 44.164884554260624 ], [ -80.357415086086135, 44.163537759138102 ], [ -80.357040894627303, 44.163521248564287 ], [ -80.357178514366041, 44.161905097766656 ], [ -80.356804334169269, 44.161888586386311 ], [ -80.356827271839464, 44.161619228307011 ], [ -80.356453093708282, 44.161602715685014 ], [ -80.356476032991324, 44.161333357778489 ], [ -80.356101856925704, 44.161316843914932 ], [ -80.356216559141373, 44.159970056103163 ], [ -80.356590726011248, 44.159986569531533 ], [ -80.356613663936201, 44.159717212139341 ], [ -80.356987829193329, 44.159733724152041 ], [ -80.357010765052877, 44.15946436675862 ], [ -80.357384928697229, 44.159480877355747 ], [ -80.357407862491385, 44.159211519961026 ], [ -80.357782024522976, 44.159228029142554 ], [ -80.357804956251783, 44.158958671746575 ], [ -80.357430796059248, 44.158942162652068 ], [ -80.357453729400817, 44.158672805428864 ], [ -80.35782788775434, 44.158689314436366 ], [ -80.357919611501814, 44.157611886053303 ], [ -80.358667914175697, 44.157644899386575 ], [ -80.358713767336127, 44.157106185361791 ], [ -80.358339619563964, 44.157089679533435 ], [ -80.358362547643765, 44.156820322736742 ], [ -80.357988401936737, 44.156803815666834 ], [ -80.358057190335415, 44.155995746052682 ], [ -80.358431330525846, 44.156012252861579 ], [ -80.358477184649459, 44.155473540040596 ], [ -80.359225458353606, 44.155506549324961 ], [ -80.359294226809723, 44.154698480215366 ], [ -80.360042490385823, 44.154731483663937 ], [ -80.360065409074679, 44.154462127291843 ], [ -80.360813669877757, 44.154495125252581 ], [ -80.360836584662977, 44.15422576879245 ], [ -80.361210713564915, 44.154242265693199 ], [ -80.361256538779685, 44.153703552856598 ], [ -80.362004789906806, 44.153736542324992 ], [ -80.362050606862539, 44.153197829484157 ], [ -80.362424729087749, 44.153214322051802 ], [ -80.362470541462088, 44.152675609380744 ], [ -80.363218779235837, 44.152708590183096 ], [ -80.36324168140672, 44.152439233802575 ], [ -80.363989916406993, 44.152472209117441 ], [ -80.364058610532283, 44.151664139969995 ], [ -80.364432722855454, 44.151680625374148 ], [ -80.364455618606812, 44.15141126907664 ], [ -80.364829729317293, 44.151427753065484 ], [ -80.364921302709703, 44.150350328387326 ], [ -80.365295406291892, 44.150366810700312 ], [ -80.36538696871672, 44.149289387049983 ], [ -80.365012872488407, 44.149272905084466 ], [ -80.365058656022683, 44.148734193948883 ], [ -80.365806841351457, 44.14876715620413 ], [ -80.365829729103055, 44.148497800591556 ], [ -80.366203820267742, 44.148514279639819 ], [ -80.366272476652682, 44.147706213057667 ], [ -80.365898391003071, 44.147689734269967 ], [ -80.365921277851498, 44.147420379001467 ], [ -80.365173110906298, 44.147387417614837 ], [ -80.365196001205547, 44.147118062606069 ], [ -80.364821919909957, 44.14710158000721 ], [ -80.365005048880548, 44.144946743729243 ], [ -80.365379115470404, 44.144963225633163 ], [ -80.365424891778659, 44.144424517250492 ], [ -80.365798954918048, 44.144440997652467 ], [ -80.365821840895393, 44.144171643503384 ], [ -80.366195902422461, 44.144188122490299 ], [ -80.366218786335963, 44.143918768340448 ], [ -80.366592846250668, 44.14393524591231 ], [ -80.366661491122571, 44.143127183718789 ], [ -80.365913382547191, 44.143094227767946 ], [ -80.365936267395767, 44.14282487404936 ], [ -80.365188163399409, 44.142791912959495 ], [ -80.365233939771244, 44.142253206128053 ], [ -80.364859891787688, 44.142236723764555 ], [ -80.364882781472886, 44.141967370564934 ], [ -80.364134689859071, 44.14193440202736 ], [ -80.36418047590378, 44.141395696233886 ], [ -80.363432392544908, 44.141362722731301 ], [ -80.363478185037849, 44.140824017629946 ], [ -80.363104147372937, 44.140807529060289 ], [ -80.363127045118489, 44.140538176725698 ], [ -80.362753009517263, 44.140521686914809 ], [ -80.362775908874767, 44.14025233475332 ], [ -80.362401875337255, 44.14023584370122 ], [ -80.362424776306682, 44.139966491712791 ], [ -80.361676713584941, 44.139933505798162 ], [ -80.361791233421229, 44.13858674801773 ], [ -80.36141721158792, 44.138570253502948 ], [ -80.361463021616387, 44.138031551167899 ], [ -80.36034096849815, 44.137982060176938 ], [ -80.360318058083905, 44.138251411040535 ], [ -80.359944038992097, 44.138234911300522 ], [ -80.359989863269888, 44.137696209833436 ], [ -80.359615848079372, 44.137679708939324 ], [ -80.359661675128393, 44.137141007990969 ], [ -80.359287663839098, 44.137124505942772 ], [ -80.359310578862178, 44.13685515568487 ], [ -80.358936569636455, 44.136838652395632 ], [ -80.359051150549277, 44.135491902834403 ], [ -80.358677150737165, 44.135475398652083 ], [ -80.358722985195044, 44.13493669960522 ], [ -80.357974993598702, 44.134903687604648 ], [ -80.357929151791041, 44.135442386303552 ], [ -80.35718115374921, 44.135409368643167 ], [ -80.357158228831338, 44.135678717947975 ], [ -80.356784228312122, 44.135662207038834 ], [ -80.356761301330664, 44.13593155634284 ], [ -80.355265294165363, 44.135865499078491 ], [ -80.355219424824071, 44.13640419724895 ], [ -80.353349402582367, 44.136321594918613 ], [ -80.353326458384871, 44.136590943697833 ], [ -80.35295245277787, 44.136574419160745 ], [ -80.352929506516531, 44.136843767939084 ], [ -80.352181492306499, 44.136810714706783 ], [ -80.352158542143769, 44.137080063397143 ], [ -80.35103651701391, 44.137030473327457 ], [ -80.351059472689187, 44.13676112489847 ], [ -80.348815439568284, 44.136661909426408 ], [ -80.348838406042077, 44.136392561606499 ], [ -80.348090400488729, 44.136359479333031 ], [ -80.348159309575635, 44.135551436913602 ], [ -80.347785312651098, 44.135534894046494 ], [ -80.347808283731041, 44.135265546832962 ], [ -80.347060294236442, 44.135232457289277 ], [ -80.347083268764564, 44.134963110336351 ], [ -80.346709276194545, 44.134946563659767 ], [ -80.34673225233341, 44.134677216880327 ], [ -80.34561028149507, 44.13462756914484 ], [ -80.345541335862308, 44.135435608957032 ], [ -80.345167340524085, 44.135419056794419 ], [ -80.345144356355775, 44.13568840348367 ], [ -80.344770359406866, 44.135671849905812 ], [ -80.344747373174457, 44.135941196594047 ], [ -80.344373374614833, 44.135924641601008 ], [ -80.344212451777352, 44.137810070221214 ], [ -80.343464429613761, 44.137776955029679 ], [ -80.343395448256771, 44.138584996635885 ], [ -80.343021432002487, 44.138568436786301 ], [ -80.342929446334097, 44.139645826451385 ], [ -80.342555422956181, 44.13962926492475 ], [ -80.342532424134347, 44.139898612469075 ], [ -80.342158399145617, 44.139882049527039 ], [ -80.342066394238884, 44.140959440216243 ], [ -80.341692362126238, 44.140942875597005 ], [ -80.341669358494599, 44.141212223397268 ], [ -80.339799192146629, 44.141129379943337 ], [ -80.339822204966922, 44.140860032579681 ], [ -80.339074143692045, 44.140826886076326 ], [ -80.339143191817115, 44.140018845025992 ], [ -80.338395142476443, 44.13998569373458 ], [ -80.338418161739369, 44.139716347064692 ], [ -80.337670116982181, 44.13968319063585 ], [ -80.337716162177315, 44.139144497903935 ], [ -80.337342143814553, 44.139127917872251 ], [ -80.337365167909084, 44.138858571722857 ], [ -80.336617135540024, 44.13882540785017 ], [ -80.336640163082564, 44.138556061961722 ], [ -80.335892135297129, 44.138522892951876 ], [ -80.335869104079492, 44.138792238665566 ], [ -80.335495088689981, 44.138775652081264 ], [ -80.335518121745167, 44.138506306454971 ], [ -80.334770095322767, 44.138473129477141 ], [ -80.334793131825805, 44.138203784111901 ], [ -80.334419120792944, 44.138187193718423 ], [ -80.334442158906256, 44.137917848526733 ], [ -80.334068149938133, 44.137901256892754 ], [ -80.33411422915799, 44.137362566942613 ], [ -80.33261821025782, 44.137296187826706 ], [ -80.332641256876599, 44.137026843330609 ], [ -80.332267254557223, 44.137010245319253 ], [ -80.332244206101009, 44.137279589727797 ], [ -80.331870202171544, 44.137262990300997 ], [ -80.33191630253144, 44.136724301745005 ], [ -80.331542302504133, 44.136707701165207 ], [ -80.331565354180455, 44.13643835710392 ], [ -80.3311913562179, 44.136421755283699 ], [ -80.331329672525271, 44.134805693250549 ], [ -80.330955685813947, 44.134789090627372 ], [ -80.330978739573325, 44.134519747344335 ], [ -80.330604754926611, 44.134503143480806 ], [ -80.330627810295852, 44.134233800371447 ], [ -80.330253827713747, 44.134217195267553 ], [ -80.330276884692793, 44.133947852331914 ], [ -80.329902904175299, 44.133931245987668 ], [ -80.329925962764136, 44.133661903225772 ], [ -80.329551984311223, 44.133645295641173 ], [ -80.329575044509824, 44.133375953052997 ], [ -80.32920106812152, 44.13335934422809 ], [ -80.329224129929827, 44.133090001813663 ], [ -80.328850155606077, 44.133073391748454 ], [ -80.328873219024047, 44.132804049507783 ], [ -80.328499246764892, 44.132787438202286 ], [ -80.328545376592643, 44.132248754154723 ], [ -80.32779744010513, 44.132215527910482 ], [ -80.32782050835192, 44.131946186191151 ], [ -80.327072576448515, 44.131912954810787 ], [ -80.327095648141864, 44.131643613352828 ], [ -80.326347720822667, 44.131610376836448 ], [ -80.326370795962518, 44.131341035639899 ], [ -80.325996834481245, 44.131324415477607 ], [ -80.326019911230489, 44.131055074454906 ], [ -80.325645951813812, 44.13103845305244 ], [ -80.325715186206892, 44.130230430764627 ], [ -80.326089140112742, 44.130247051904369 ], [ -80.326112215951667, 44.129977711226672 ], [ -80.326486168248181, 44.129994330951021 ], [ -80.326509242022652, 44.129724990272059 ], [ -80.326883192709815, 44.129741608581085 ], [ -80.326906264419847, 44.12947226790083 ], [ -80.327280213497659, 44.12948888479454 ], [ -80.327303283143308, 44.129219544112999 ], [ -80.326929335902392, 44.129202927306864 ], [ -80.326952407157364, 44.128933586799242 ], [ -80.326578461980787, 44.128916968752897 ], [ -80.326601534845096, 44.12864762841911 ], [ -80.326227591732888, 44.12863100913264 ], [ -80.326296814470979, 44.127822988911916 ], [ -80.324801066339148, 44.127756499540311 ], [ -80.324754903380494, 44.128295178900373 ], [ -80.324380963243001, 44.128278553063033 ], [ -80.32440404667291, 44.128009213427454 ], [ -80.322908295746572, 44.127942697151639 ], [ -80.322931386295821, 44.127673357952929 ], [ -80.321809581002114, 44.127623457068339 ], [ -80.321832676833793, 44.127354118218904 ], [ -80.322206609867266, 44.127370753087121 ], [ -80.322229703634491, 44.127101414236343 ], [ -80.322603635058996, 44.12711804768918 ], [ -80.322626726761825, 44.126848708837116 ], [ -80.323000656577349, 44.126865340874637 ], [ -80.32302374621581, 44.126596002021287 ], [ -80.323397674422367, 44.126612632643493 ], [ -80.323420761996474, 44.126343293788736 ], [ -80.324168615419282, 44.126376550875108 ], [ -80.324214782538007, 44.125837873074182 ], [ -80.326084401711896, 44.125920991680083 ], [ -80.326107475746767, 44.125651652471042 ], [ -80.326855321335955, 44.125684890444788 ], [ -80.326924531055838, 44.124876872810638 ], [ -80.32842020292486, 44.124943331775704 ], [ -80.328443265030273, 44.124673992386832 ], [ -80.329565015810232, 44.124723822408008 ], [ -80.329588072178552, 44.124454482842964 ], [ -80.329961987723379, 44.124471090107285 ], [ -80.329985042027815, 44.124201750541083 ], [ -80.330358955963433, 44.124218356390273 ], [ -80.330405060217259, 44.123679677342082 ], [ -80.330778970707158, 44.123696281688659 ], [ -80.330802020656606, 44.12342694220667 ], [ -80.33154983864523, 44.123460146742069 ], [ -80.331572884694424, 44.123190807171532 ], [ -80.331946792193136, 44.123207407360368 ], [ -80.331969836178615, 44.122938067788709 ], [ -80.333091554528608, 44.122987860127338 ], [ -80.333114592777491, 44.122718520379784 ], [ -80.333488497512064, 44.122735115083366 ], [ -80.333534569655427, 44.122196435672642 ], [ -80.333908470944266, 44.122213028873766 ], [ -80.334000605159744, 44.12113567074006 ], [ -80.334374499330139, 44.121152262263791 ], [ -80.334443592098054, 44.12034424430918 ], [ -80.334817480986544, 44.120360834243179 ], [ -80.334840509618715, 44.120091495010506 ], [ -80.334466622566524, 44.120074905163939 ], [ -80.334489652807932, 44.119805566105114 ], [ -80.334115767819071, 44.119788975018537 ], [ -80.334161831293116, 44.119250297335412 ], [ -80.333414069341714, 44.119217111529437 ], [ -80.333437104410535, 44.118947772992527 ], [ -80.333063225611753, 44.118931178185761 ], [ -80.333109298740354, 44.11839250154641 ], [ -80.332735423841058, 44.118375905587072 ], [ -80.33280453733893, 44.11756789153938 ], [ -80.333178406729829, 44.117584487236343 ], [ -80.33320144227207, 44.117315149306073 ], [ -80.333575310053988, 44.117331743588139 ], [ -80.333621376784947, 44.116793067812353 ], [ -80.333995241121812, 44.116809660592089 ], [ -80.334041303272315, 44.116270984987679 ], [ -80.334415164164142, 44.11628757626513 ], [ -80.334484250178861, 44.115479563245493 ], [ -80.335231961627642, 44.115512741293649 ], [ -80.335254986173183, 44.115243403618742 ], [ -80.335628840402123, 44.115259990564354 ], [ -80.335697907168907, 44.114451977797074 ], [ -80.336071756116993, 44.114468563153068 ], [ -80.336094776082717, 44.114199225649763 ], [ -80.336468623421851, 44.114215809591066 ], [ -80.336491641324741, 44.113946472086965 ], [ -80.336865487054908, 44.113963054613464 ], [ -80.336888502894993, 44.11369371710866 ], [ -80.337262347016193, 44.113710298220411 ], [ -80.337308374343905, 44.113171623295926 ], [ -80.33768221502028, 44.11318820290559 ], [ -80.337705226507978, 44.112918865485931 ], [ -80.338079065575386, 44.112935443680868 ], [ -80.338102075000378, 44.112666106260562 ], [ -80.338475912458833, 44.112682683040823 ], [ -80.33854493386545, 44.111874671037576 ], [ -80.338918766043349, 44.111891246228495 ], [ -80.338941770889505, 44.111621908980077 ], [ -80.339689432254175, 44.111655055205325 ], [ -80.339712433202038, 44.111385717868899 ], [ -80.339338604242073, 44.111369145507254 ], [ -80.339499617377982, 44.109483787191067 ], [ -80.339873433488279, 44.109500358941432 ], [ -80.33991943152941, 44.108961685742536 ], [ -80.340293244195252, 44.108978255990969 ], [ -80.340339237658398, 44.108439582964373 ], [ -80.341086856327934, 44.108472719130368 ], [ -80.341109849048379, 44.108203382572526 ], [ -80.341483656887618, 44.108219948577371 ], [ -80.341529637977501, 44.107681275547449 ], [ -80.341903442372356, 44.107697840050498 ], [ -80.341995394490695, 44.10662049468268 ], [ -80.342742989276488, 44.106653619008931 ], [ -80.342765973068708, 44.106384282709364 ], [ -80.343139768966054, 44.106400842794457 ], [ -80.343208713477154, 44.10559283415472 ], [ -80.342834923085974, 44.105576274331469 ], [ -80.342857905971954, 44.105306938379094 ], [ -80.343605483310128, 44.105340056524007 ], [ -80.343628462298881, 44.105070720483937 ], [ -80.344749824498905, 44.105120387486004 ], [ -80.344864688515614, 44.103773707279402 ], [ -80.345238467192075, 44.103790259856332 ], [ -80.345284407543147, 44.103251588207158 ], [ -80.345658182775551, 44.103268139282534 ], [ -80.345704118550557, 44.102729467806348 ], [ -80.346077890338975, 44.102746017380241 ], [ -80.346100856051692, 44.102476681685232 ], [ -80.346848396637213, 44.102509776677309 ], [ -80.346871358453228, 44.102240440894803 ], [ -80.347245127250332, 44.10225698631303 ], [ -80.347268087004863, 44.101987650530212 ], [ -80.348015621607672, 44.102020737211113 ], [ -80.347992665523464, 44.102290073168291 ], [ -80.348740204701699, 44.102323154715215 ], [ -80.348694299195202, 44.102861827238925 ], [ -80.349068072794097, 44.102878366196094 ], [ -80.34904512153669, 44.103147702675415 ], [ -80.349792673083613, 44.10318077678275 ], [ -80.349815620670554, 44.102911440129169 ], [ -80.352432045362406, 44.103027157091354 ], [ -80.352454979876555, 44.102757819914842 ], [ -80.352828753901719, 44.102774345513964 ], [ -80.35287461858141, 44.102235671247421 ], [ -80.352500848226668, 44.102219145822488 ], [ -80.352546715672531, 44.10168047207771 ], [ -80.352172949214207, 44.10166394549988 ], [ -80.3521958844332, 44.101394608844942 ], [ -80.352569649056406, 44.101411135335702 ], [ -80.352730176414113, 44.099525780575405 ], [ -80.352356424636469, 44.099509254694262 ], [ -80.352471089428818, 44.098162575766509 ], [ -80.352844832031622, 44.098179101212224 ], [ -80.353005340403797, 44.096293753757067 ], [ -80.35337907038857, 44.096310277266255 ], [ -80.353401997417251, 44.096040942176501 ], [ -80.353775725793213, 44.09605746427173 ], [ -80.353821575503162, 44.095518794179114 ], [ -80.353447850796741, 44.095502272258031 ], [ -80.353470777147535, 44.095232937429365 ], [ -80.353097054501831, 44.095216414268407 ], [ -80.353257545473525, 44.093331073514456 ], [ -80.353631255276582, 44.093347596065911 ], [ -80.353677104137162, 44.092808927888555 ], [ -80.354050810496972, 44.092825448939031 ], [ -80.35407373275379, 44.092556114893938 ], [ -80.354447437504945, 44.092572634530519 ], [ -80.354539116935186, 44.091495298872928 ], [ -80.354165419522133, 44.091478779584534 ], [ -80.354188340649472, 44.091209445974997 ], [ -80.353814645296765, 44.091192925446826 ], [ -80.353837568032674, 44.090923592011428 ], [ -80.35421126155093, 44.090940112452529 ], [ -80.354257102676215, 44.090401445669038 ], [ -80.354630792751479, 44.090417964609209 ], [ -80.354653711140884, 44.090148631261101 ], [ -80.355027399607621, 44.090165148787484 ], [ -80.35511906356929, 44.089087815918454 ], [ -80.354745382440001, 44.089071298740251 ], [ -80.354791216734498, 44.088532633002785 ], [ -80.355538571881638, 44.088565665684342 ], [ -80.355584397935687, 44.088026999947481 ], [ -80.355958072179405, 44.088043514124109 ], [ -80.356003893661793, 44.087504848561956 ], [ -80.356377564462818, 44.087521361237847 ], [ -80.356423381373688, 44.086982695850452 ], [ -80.356049714241095, 44.086966183348608 ], [ -80.356095533917369, 44.086427518484122 ], [ -80.355348207666182, 44.086394489848423 ], [ -80.355371120833979, 44.086125157721035 ], [ -80.354997459881176, 44.086108641500196 ], [ -80.355066203532118, 44.085300645902564 ], [ -80.35469254830744, 44.085284128616166 ], [ -80.354761295428332, 44.084476134064829 ], [ -80.354013996660683, 44.084443096034342 ], [ -80.354059834281571, 44.083904433784618 ], [ -80.354433479884491, 44.083920953289059 ], [ -80.354525145080544, 44.082843629488643 ], [ -80.353777868772028, 44.082810589849551 ], [ -80.353846626301362, 44.082002598438081 ], [ -80.354220258841096, 44.082019118659751 ], [ -80.354243175732037, 44.081749788276817 ], [ -80.354616806663742, 44.081766307084884 ], [ -80.354662636100613, 44.081227646406873 ], [ -80.356157147414507, 44.081293707677389 ], [ -80.3562945862964, 44.079677725650747 ], [ -80.356668203686667, 44.079694237129971 ], [ -80.356691107543327, 44.07942490701096 ], [ -80.357064723325564, 44.07944141707663 ], [ -80.357110526694555, 44.078902756926553 ], [ -80.357484139035094, 44.078919265491869 ], [ -80.357507038547467, 44.078649935460938 ], [ -80.357880649279963, 44.078666442612722 ], [ -80.357903546733098, 44.078397112582188 ], [ -80.35827715585755, 44.078413618320504 ], [ -80.358300051251462, 44.07814428829036 ], [ -80.359047266509876, 44.078177295613663 ], [ -80.359024374783203, 44.078446625817698 ], [ -80.359771594611061, 44.078479628008971 ], [ -80.359794482670452, 44.078210297631038 ], [ -80.3609153086026, 44.07825979070855 ], [ -80.360938190935627, 44.07799046015721 ], [ -80.361311798196979, 44.078006955109835 ], [ -80.361380438342565, 44.077198963719518 ], [ -80.361754040328577, 44.077215457084954 ], [ -80.361776918092687, 44.076946126709444 ], [ -80.362150518470528, 44.076962618661504 ], [ -80.362173394175699, 44.076693288286506 ], [ -80.362546992945383, 44.07670977882524 ], [ -80.362615613208078, 44.075901787964234 ], [ -80.362989206702565, 44.075918276915857 ], [ -80.363012077839286, 44.075648946716861 ], [ -80.363385669725616, 44.075665434255185 ], [ -80.36340853880354, 44.075396104056729 ], [ -80.363782129081727, 44.075412590181791 ], [ -80.363850729463294, 44.074604599850716 ], [ -80.364224314466469, 44.074621084388752 ], [ -80.364315771154438, 44.073543764824556 ], [ -80.36394219348476, 44.073527280633996 ], [ -80.36405651844305, 44.072180633581915 ], [ -80.364430086946271, 44.072197117338213 ], [ -80.364567258463737, 44.070581143243061 ], [ -80.364940816192998, 44.070597625151954 ], [ -80.364963675491154, 44.070328296355669 ], [ -80.366457901327422, 44.070394210380947 ], [ -80.366595008393531, 44.068778237358543 ], [ -80.366968554416914, 44.0687947120283 ], [ -80.366991402973696, 44.068525383411007 ], [ -80.366617858783329, 44.068508908828058 ], [ -80.366663558887652, 44.067970252029909 ], [ -80.366290018588415, 44.067953776294374 ], [ -80.366335721458256, 44.06741512002035 ], [ -80.367829869342074, 44.067481014310701 ], [ -80.367944085919433, 44.066134373423168 ], [ -80.368317614288458, 44.066150843246305 ], [ -80.368386136036136, 44.0653428595053 ], [ -80.368759659131626, 44.065359327741888 ], [ -80.36880533550621, 44.064820672179408 ], [ -80.369178855161081, 44.064837138916324 ], [ -80.369201691178134, 44.064567811179863 ], [ -80.369575209225175, 44.064584276503908 ], [ -80.369598043184538, 44.064314948768335 ], [ -80.369971559623735, 44.064331412679486 ], [ -80.370131378212889, 44.06244612037915 ], [ -80.369757874602527, 44.062429657075249 ], [ -80.369780706762626, 44.062160330041415 ], [ -80.368660202778884, 44.062110932433505 ], [ -80.368888566986655, 44.059417669524805 ], [ -80.368515084433696, 44.059401201871083 ], [ -80.36862926726495, 44.058054574142588 ], [ -80.368255794098772, 44.058038105596665 ], [ -80.368324306595383, 44.057230130273744 ], [ -80.367950839151021, 44.057213660662242 ], [ -80.368087869064723, 44.055597712908749 ], [ -80.368461325515781, 44.055614181999566 ], [ -80.368575501764568, 44.054267560854242 ], [ -80.36894894927994, 44.054284028185236 ], [ -80.368971782022953, 44.054014704133131 ], [ -80.369718674064174, 44.054047634644164 ], [ -80.369741502918203, 44.053778310506395 ], [ -80.370114947444009, 44.053794773686363 ], [ -80.370137774241186, 44.053525449549753 ], [ -80.370884660303119, 44.053558371758633 ], [ -80.370953128353761, 44.052750399355922 ], [ -80.370579690706435, 44.052733939174608 ], [ -80.370625338613664, 44.05219529151924 ], [ -80.370251904855067, 44.052178830185582 ], [ -80.370320380525854, 44.051370859622381 ], [ -80.370693808788729, 44.051387320695824 ], [ -80.370762276940937, 44.050579350664094 ], [ -80.371135699932964, 44.050595810151599 ], [ -80.371181340580364, 44.050057163730173 ], [ -80.371554760133478, 44.050073621718425 ], [ -80.371600396218383, 44.049534975475588 ], [ -80.371226980328842, 44.049518517660729 ], [ -80.371295438266188, 44.048710549216572 ], [ -80.372042259279482, 44.048743463000207 ], [ -80.372065074479067, 44.048474140188134 ], [ -80.37243848349101, 44.048490595004672 ], [ -80.372461296634242, 44.048221272193864 ], [ -80.372834704039136, 44.048237725597986 ], [ -80.373085613640953, 44.045275179536752 ], [ -80.373459001122896, 44.045291630661673 ], [ -80.3735274208032, 44.044483665143602 ], [ -80.373900803015303, 44.044500114682819 ], [ -80.373923607294842, 44.044230792933014 ], [ -80.374670368729795, 44.044263687861239 ], [ -80.374693169121898, 44.043994366026212 ], [ -80.375066548344719, 44.044010811415234 ], [ -80.375203334994666, 44.042394881735902 ], [ -80.375950072137272, 44.042427767497436 ], [ -80.375972865463979, 44.042158446019442 ], [ -80.376346232540627, 44.042174886825194 ], [ -80.376414605680324, 44.041366922660345 ], [ -80.37678796748753, 44.041383361880705 ], [ -80.376810756254045, 44.041114040582137 ], [ -80.377184116454373, 44.041130478390329 ], [ -80.377206903165259, 44.040861157093339 ], [ -80.37870033888511, 44.04092689472423 ], [ -80.3787458969841, 44.040388251702097 ], [ -80.378372541380116, 44.040371819455814 ], [ -80.378509221281291, 44.038755893025922 ], [ -80.378135876888479, 44.038739459973634 ], [ -80.378158657918078, 44.038470139297345 ], [ -80.377785315580638, 44.038453705006184 ], [ -80.377808098217017, 44.038184384504717 ], [ -80.378181438723402, 44.038200818709299 ], [ -80.378204219304436, 44.037931498209488 ], [ -80.378577558204071, 44.037947931002009 ], [ -80.378623115031218, 44.037409290093954 ], [ -80.378996450493091, 44.037425721387883 ], [ -80.37904200276121, 44.036887080659746 ], [ -80.378668670961332, 44.036870649538997 ], [ -80.37869144858999, 44.036601329393903 ], [ -80.378318118845328, 44.036584897034281 ], [ -80.378340898080666, 44.036315577064045 ], [ -80.378714225994386, 44.036332009337087 ], [ -80.378850885711714, 44.034716090850331 ], [ -80.379224202864407, 44.034732521278521 ], [ -80.379292524203507, 44.033924562967613 ], [ -80.378919212543209, 44.033908132799112 ], [ -80.378964762643093, 44.033369494539969 ], [ -80.378591454868513, 44.033353063219252 ], [ -80.378750885970248, 44.031467832701274 ], [ -80.378377591234596, 44.031451400661247 ], [ -80.378468697110904, 44.030374128370099 ], [ -80.378095409921713, 44.030357695351086 ], [ -80.378118187660775, 44.030088377585841 ], [ -80.378491473019452, 44.030104810518282 ], [ -80.378514248703766, 44.029835492754891 ], [ -80.379260816432691, 44.029868354470764 ], [ -80.379306359806804, 44.029329718862961 ], [ -80.379679640346566, 44.029346147559863 ], [ -80.379702409866908, 44.029076829802072 ], [ -80.380075688800346, 44.02909325708719 ], [ -80.380098456266097, 44.02882393933124 ], [ -80.380471733593211, 44.028840365204594 ], [ -80.380494499004413, 44.028571047450484 ], [ -80.380867774725203, 44.028587471912104 ], [ -80.380890538081886, 44.028318154159962 ], [ -80.381263812196337, 44.028334577209776 ], [ -80.381354856060838, 44.027257306739592 ], [ -80.381728123077835, 44.027273728118111 ], [ -80.381864671171456, 44.025657824547935 ], [ -80.382611183914022, 44.025690662291296 ], [ -80.382633937485082, 44.025421345166322 ], [ -80.383380447463068, 44.025454177436046 ], [ -80.383403197149747, 44.02518486022656 ], [ -80.383776450644419, 44.025201274287241 ], [ -80.383730954707602, 44.025739908967601 ], [ -80.387463538571765, 44.025903978419464 ], [ -80.387508997903552, 44.025365342010247 ], [ -80.388255510040779, 44.025398139652935 ], [ -80.388278235710573, 44.025128821408309 ], [ -80.388651490284502, 44.025145218155522 ], [ -80.388674213900373, 44.024875899913035 ], [ -80.389047466867737, 44.024892295248705 ], [ -80.389070188429741, 44.024622977008377 ], [ -80.389816691374961, 44.024655763531499 ], [ -80.389839409052883, 44.024386445206979 ], [ -80.390959159657228, 44.02443561479398 ], [ -80.39093644746994, 44.024704933377556 ], [ -80.390563195214696, 44.024688544754028 ], [ -80.390517766508964, 44.025227182014127 ], [ -80.390144510816825, 44.025210791892739 ], [ -80.390121794298295, 44.02548011056922 ], [ -80.389748536999505, 44.02546371903631 ], [ -80.389725818427095, 44.025733037714964 ], [ -80.38935255952164, 44.025716644770512 ], [ -80.389329838895307, 44.025985963451319 ], [ -80.389703099631049, 44.026002356482159 ], [ -80.389612222210502, 44.027079632435985 ], [ -80.391478565850377, 44.027161579439323 ] ] ] } },
{ "type": "Feature", "properties": { "SubId": 90013181, "DowSubId": 90013285, "RivSlope": 0.0037279634893370001, "RivLength": 2943.018647, "BasSlope": 1.094681596866276, "BasAspect": 190.07315509573905, "BasArea": 9421268.4242400005, "BkfWidth": 24.407282201499999, "BkfDepth": 0.56166313517499999, "Lake_Cat": 0, "HyLakeId": 0, "LakeVol": 0.0, "LakeDepth": 0.0, "LakeArea": 0.0, "Laketype": 0, "Has_POI": 1, "MeanElev": 485.20175993858794, "FloodP_n": 0.050689610426052002, "Q_Mean": 11.245282739549616, "Ch_n": 0.045233781647064999, "DrainArea": 207359295.61656702, "Strahler": 2, "Seg_ID": 29, "Seg_order": 1, "Max_DEM": 480.465667725, "Min_DEM": 473.87606811500001, "DA_Obs": 0.0, "DA_error": 0.0, "Obs_NM": "02GA-17", "SRC_obs": "OIHQUAT", "centroid_x": -80.396327380010106, "centroid_y": 44.024504281487459, "DA_Chn_L": 36667.900460999997, "DA_Slope": 0.249230754001, "DA_Chn_Slp": 0.0168936207586, "outletLat": 44.011625483499998, "outletLng": -80.385484667900002, "Region": "SW", "Sub_Reg": "02G", "rvhName": "02GA-17" }, "geometry": { "type": "MultiPolygon", "coordinates": [ [ [ [ -80.365585774443531, 44.014397953477669 ], [ -80.365608607096121, 44.014128643967581 ], [ -80.365235434573691, 44.014112165625264 ], [ -80.365258268830942, 44.013842856290722 ], [ -80.365631439524023, 44.013859334546197 ], [ -80.365677103705721, 44.013320715969535 ], [ -80.36605027096482, 44.01333719272656 ], [ -80.366073100889324, 44.013067883484496 ], [ -80.36644626654379, 44.013084358829943 ], [ -80.366491922060206, 44.012545740438377 ], [ -80.366865084280747, 44.012562214285445 ], [ -80.36688790987273, 44.012292905135965 ], [ -80.367261070488652, 44.012309377571455 ], [ -80.367238246725947, 44.012578686807728 ], [ -80.367611409395707, 44.012595158005219 ], [ -80.367588587237663, 44.012864467416975 ], [ -80.368334916909575, 44.012897406011199 ], [ -80.368312098185541, 44.013166715685209 ], [ -80.368685265187651, 44.013183183081843 ], [ -80.368662448068392, 44.013452492931364 ], [ -80.369781955909914, 44.013501887432724 ], [ -80.3697591440542, 44.013771197631186 ], [ -80.371625004093247, 44.013853495737386 ], [ -80.371602201159959, 44.014122806458161 ], [ -80.373094900548267, 44.014188621442983 ], [ -80.373117696163945, 44.013919310375485 ], [ -80.374237217572571, 44.013968657443343 ], [ -80.374260007475726, 44.01369934620454 ], [ -80.375752698509487, 44.013765123400717 ], [ -80.375775480870828, 44.013495811904079 ], [ -80.376148652360413, 44.013512252804482 ], [ -80.376171432668144, 44.013242941310011 ], [ -80.377664113550708, 44.013308691316659 ], [ -80.377686886316781, 44.013039379564553 ], [ -80.378060055268378, 44.013055813667577 ], [ -80.378082825980982, 44.012786501917617 ], [ -80.379202328692116, 44.012835796018045 ], [ -80.379225093692597, 44.01256648409715 ], [ -80.381464094187123, 44.012665036008634 ], [ -80.381532354916445, 44.011857099220876 ], [ -80.383025004439375, 44.011922772960844 ], [ -80.383002258404161, 44.012192085480649 ], [ -80.383748588167464, 44.012224914574787 ], [ -80.383771330543979, 44.011955601882015 ], [ -80.385637149721774, 44.012037651000796 ], [ -80.38565988272785, 44.011768337964519 ], [ -80.385286720274124, 44.011751930876855 ], [ -80.3853094548858, 44.011482618015819 ], [ -80.38568261551022, 44.011499025017081 ], [ -80.385705348068882, 44.011229712158411 ], [ -80.386078507087674, 44.011246117748449 ], [ -80.386055776358333, 44.011515430693535 ], [ -80.386428937430139, 44.011531835045204 ], [ -80.38640620830644, 44.011801148165532 ], [ -80.388272026166945, 44.011883150483825 ], [ -80.388249305966326, 44.012152464124959 ], [ -80.388995638334507, 44.012185255951351 ], [ -80.389018354876399, 44.011915942137456 ], [ -80.390511014977804, 44.011981509546885 ], [ -80.390556432756156, 44.011442881494581 ], [ -80.390929594681538, 44.011459269862215 ], [ -80.390952301406159, 44.011189955882941 ], [ -80.391325461725671, 44.011206342839415 ], [ -80.39134816639752, 44.010937028862621 ], [ -80.392467643208647, 44.010986181524274 ], [ -80.392490342169154, 44.010716867377347 ], [ -80.393982973727262, 44.010782385367158 ], [ -80.393960282084024, 44.011051699859273 ], [ -80.394333442361187, 44.011068076131004 ], [ -80.394310752323975, 44.011337390798232 ], [ -80.394683914653768, 44.011353765831437 ], [ -80.394638537568198, 44.011892395604853 ], [ -80.395011703780014, 44.011908769485785 ], [ -80.394989016731714, 44.012178084591973 ], [ -80.394615848690492, 44.012161710624788 ], [ -80.39459315958949, 44.012431025733527 ], [ -80.394219989942158, 44.012414650355232 ], [ -80.394129223987406, 44.013491911333013 ], [ -80.393756047245532, 44.013475534284751 ], [ -80.393710659269246, 44.014014165133744 ], [ -80.393337479091684, 44.013997786588035 ], [ -80.39322399609452, 44.015344364832352 ], [ -80.393597185419921, 44.015360743809524 ], [ -80.393529098430051, 44.016168692079887 ], [ -80.393902293467747, 44.016185069991003 ], [ -80.3938795991874, 44.016454386344869 ], [ -80.393506402320014, 44.016438008347457 ], [ -80.393392918419167, 44.017784591015932 ], [ -80.394139330674662, 44.017817346548647 ], [ -80.394162024242064, 44.017548029664987 ], [ -80.394908433731416, 44.017580779725229 ], [ -80.394840363337963, 44.018388731159931 ], [ -80.395213573907043, 44.01840510446138 ], [ -80.395190885159067, 44.01867442186991 ], [ -80.395937310626792, 44.018707164670317 ], [ -80.395914625315228, 44.018976482340022 ], [ -80.396287840213887, 44.018992851838952 ], [ -80.396265156508946, 44.019262169683593 ], [ -80.396638373460732, 44.019278537943741 ], [ -80.396615691362427, 44.019547855963275 ], [ -80.39736212959555, 44.019580588680952 ], [ -80.397384808034033, 44.01931127048897 ], [ -80.398504461568024, 44.019360359369102 ], [ -80.398459115447395, 44.019898996359011 ], [ -80.398832337398247, 44.019915356841381 ], [ -80.398855008740199, 44.019646038215896 ], [ -80.399228229084272, 44.019662397287043 ], [ -80.399296236281558, 44.018854441684034 ], [ -80.399669451359017, 44.018870799171594 ], [ -80.39960144965147, 44.019678755033134 ], [ -80.400347891455141, 44.019711466550206 ], [ -80.400257234028075, 44.020788742962928 ], [ -80.401003691363925, 44.02082144986904 ], [ -80.401026352395277, 44.020552130460608 ], [ -80.402146034581804, 44.020601180623352 ], [ -80.402123379040518, 44.020870500290265 ], [ -80.402496608712056, 44.020886847780488 ], [ -80.402428646240381, 44.021694807571478 ], [ -80.402801881625109, 44.021711153995 ], [ -80.402824534175238, 44.021441833889895 ], [ -80.403571001953381, 44.021474522589408 ], [ -80.40359365062038, 44.021205202400715 ], [ -80.40396688301378, 44.021221544676735 ], [ -80.403944236176855, 44.021490864951488 ], [ -80.405063940184675, 44.021539884087247 ], [ -80.405041298615131, 44.021809204708923 ], [ -80.406907485569008, 44.021890877196668 ], [ -80.406930117987969, 44.02162155614468 ], [ -80.407303354216992, 44.021637886580834 ], [ -80.407325984583082, 44.021368565531453 ], [ -80.407699219204758, 44.021384894556455 ], [ -80.407721847518005, 44.021115573509697 ], [ -80.40809508053232, 44.021131901123582 ], [ -80.408117706792751, 44.020862580079431 ], [ -80.408490938199691, 44.020878906282206 ], [ -80.408513562407364, 44.020609585240706 ], [ -80.408886792206914, 44.020625910032365 ], [ -80.408909414361872, 44.020356588993522 ], [ -80.409655870968848, 44.020389234429601 ], [ -80.40967848924106, 44.020119913307418 ], [ -80.410051716048457, 44.020136233951838 ], [ -80.410096948264979, 44.019597591801535 ], [ -80.410470171634955, 44.019613910948941 ], [ -80.410515399301133, 44.019075268981446 ], [ -80.410888619233717, 44.019091586631824 ], [ -80.410979064575471, 44.018014303417452 ], [ -80.41135227741087, 44.0180306193989 ], [ -80.411397495086703, 44.017491978152115 ], [ -80.411770704484866, 44.01750829263662 ], [ -80.41186112984704, 44.016431010864075 ], [ -80.41260753467219, 44.016463635170531 ], [ -80.41265273869918, 44.015924994472996 ], [ -80.413025937785861, 44.015941304466836 ], [ -80.4130711372636, 44.015402663952578 ], [ -80.413444332913187, 44.015418972449616 ], [ -80.413466930488696, 44.015149652239707 ], [ -80.413840124530978, 44.015165959325884 ], [ -80.413862720054368, 44.014896639118838 ], [ -80.414235912489303, 44.014912944794155 ], [ -80.414258505960618, 44.014643624590001 ], [ -80.41463169678822, 44.014659928854456 ], [ -80.414654288207487, 44.014390608653201 ], [ -80.415027477427742, 44.014406911506811 ], [ -80.415117833562945, 44.013329631246329 ], [ -80.416610563392567, 44.013394828037363 ], [ -80.416633144552179, 44.013125507850766 ], [ -80.417379507141234, 44.013158098125118 ], [ -80.417402084419422, 44.012888777855686 ], [ -80.418521624480604, 44.012937653072782 ], [ -80.418544196047833, 44.012668332634696 ], [ -80.418917374682934, 44.01268462163808 ], [ -80.418872234985557, 44.013223262774765 ], [ -80.419245417501983, 44.013239550624888 ], [ -80.419177711778929, 44.014047513253615 ], [ -80.418804523773545, 44.014031225146041 ], [ -80.418669095351817, 44.01564715228664 ], [ -80.419042294335611, 44.015663440909108 ], [ -80.419019723984249, 44.015932762495822 ], [ -80.419392925019949, 44.015949049879119 ], [ -80.4193477873105, 44.016487693490483 ], [ -80.41972099222798, 44.016503979720433 ], [ -80.419675857289747, 44.017042623858543 ], [ -80.420049066089064, 44.017058908935041 ], [ -80.41993623400603, 44.018405521262565 ], [ -80.419563016057069, 44.018389235757034 ], [ -80.419517878009088, 44.018927881137621 ], [ -80.419144656622279, 44.018911594135417 ], [ -80.419122085435063, 44.019180916872983 ], [ -80.419495308651889, 44.019197203961006 ], [ -80.419427599247456, 44.02000517296343 ], [ -80.418307913793043, 44.019956306951791 ], [ -80.418285338057004, 44.020225629872542 ], [ -80.418658568149709, 44.020241919954024 ], [ -80.418635994021557, 44.020511243049306 ], [ -80.418262762098763, 44.020494952882011 ], [ -80.418172456043649, 44.021572245806695 ], [ -80.417799217022505, 44.021555953970946 ], [ -80.417776638122987, 44.021825277337967 ], [ -80.417403397493899, 44.021808984091251 ], [ -80.417222743654534, 44.023963573531987 ], [ -80.417595998925691, 44.023979867465492 ], [ -80.417573418025839, 44.024249191630275 ], [ -80.418319932895685, 44.024281775693375 ], [ -80.418297355434277, 44.024551100118444 ], [ -80.418670615032951, 44.02456739024796 ], [ -80.418648039179701, 44.024836714847517 ], [ -80.419021300830963, 44.024853003737704 ], [ -80.418998726585883, 44.025122328511642 ], [ -80.41937199028979, 44.025138616162373 ], [ -80.419349417652924, 44.025407941110757 ], [ -80.419722683409447, 44.025424227522116 ], [ -80.419700112380852, 44.025693552644853 ], [ -80.420446648221329, 44.025726121663467 ], [ -80.420469215589037, 44.025456796369106 ], [ -80.421962282613805, 44.025521918160209 ], [ -80.42193972256797, 44.025791243797684 ], [ -80.422312991709873, 44.025807521018073 ], [ -80.422335549925222, 44.025538195294864 ], [ -80.422708817458712, 44.025554471104286 ], [ -80.422731373621559, 44.025285145383897 ], [ -80.423477905693687, 44.025317692855488 ], [ -80.423500457973617, 44.025048367052214 ], [ -80.424246987272824, 44.02508090905139 ], [ -80.424269535669879, 44.024811583165281 ], [ -80.425762589609931, 44.024876650917903 ], [ -80.425740048534649, 44.025145977146835 ], [ -80.426486580496956, 44.02517850324304 ], [ -80.426464042860744, 44.025447829732023 ], [ -80.426837311005187, 44.02546409087801 ], [ -80.426814774977601, 44.025733417541232 ], [ -80.428681128179463, 44.025814703820416 ], [ -80.428613546223772, 44.026622685626535 ], [ -80.42898682302112, 44.026638939163462 ], [ -80.42894177093639, 44.027177594315127 ], [ -80.429315051616669, 44.027193846698033 ], [ -80.429270002306225, 44.027732502375294 ], [ -80.43038985666125, 44.027781252085902 ], [ -80.430367337165421, 44.028050580314243 ], [ -80.431113911505264, 44.028083073665918 ], [ -80.431091395449144, 44.028352402154006 ], [ -80.432584554111344, 44.028417373295682 ], [ -80.432562045156402, 44.028686702214678 ], [ -80.433681921971981, 44.028735416911474 ], [ -80.433659418287718, 44.029004746175715 ], [ -80.434032712833414, 44.029020981842812 ], [ -80.433987708461871, 44.029559640808017 ], [ -80.434361006890668, 44.029575875320837 ], [ -80.434338506203417, 44.029845205021786 ], [ -80.435085107387167, 44.029877670242342 ], [ -80.435040112671501, 44.030416330251995 ], [ -80.435413417257308, 44.030432561045259 ], [ -80.435390921398138, 44.030701891268357 ], [ -80.435764228036277, 44.030718120821703 ], [ -80.435741733786529, 44.030987451218877 ], [ -80.436115042477056, 44.031003679532311 ], [ -80.43604756389189, 44.031811671511463 ], [ -80.435674249708583, 44.031795442941487 ], [ -80.435539275573078, 44.033411428776169 ], [ -80.434419301393802, 44.033362733574279 ], [ -80.4344418031299, 44.033093402637192 ], [ -80.433695158446795, 44.033060932712949 ], [ -80.433672653048589, 44.033330263478952 ], [ -80.433299329208339, 44.033314026443072 ], [ -80.433254314085062, 44.033852688069352 ], [ -80.432880986804278, 44.033836449536885 ], [ -80.432768435962444, 44.035183104722648 ], [ -80.432395099747623, 44.035166864436846 ], [ -80.432327561089394, 44.035974858352787 ], [ -80.431954219602645, 44.035958616484727 ], [ -80.431931704442022, 44.036227947881279 ], [ -80.431558361345722, 44.036211704602088 ], [ -80.431513326696916, 44.036750367489255 ], [ -80.430766633844428, 44.036717876611881 ], [ -80.43074411252492, 44.036987208016846 ], [ -80.429250722155899, 44.036922210012939 ], [ -80.429228193289518, 44.037191541163828 ], [ -80.428854844420471, 44.037175288263313 ], [ -80.428832313500976, 44.037444619416938 ], [ -80.426965563327258, 44.037363334602666 ], [ -80.426943023029409, 44.037632665416375 ], [ -80.425822970094302, 44.037583878363968 ], [ -80.425777877844908, 44.038122539742332 ], [ -80.425031169672849, 44.038090008070121 ], [ -80.4250086195525, 44.038359338720383 ], [ -80.423141843851539, 44.038277985913481 ], [ -80.423164403128496, 44.03800865569179 ], [ -80.42204434586715, 44.037959828357927 ], [ -80.422021781096262, 44.038229158322324 ], [ -80.421648427288829, 44.03821287980746 ], [ -80.421670993891041, 44.037943549928841 ], [ -80.420177588208588, 44.037878422956808 ], [ -80.420064716349017, 44.039225071517492 ], [ -80.419691356327391, 44.039208786031544 ], [ -80.419646202364888, 44.039747445902471 ], [ -80.418526112645594, 44.039698580976086 ], [ -80.418548695232175, 44.039429251253942 ], [ -80.417055252711691, 44.03936407980369 ], [ -80.417077842401341, 44.03909475051325 ], [ -80.416331126138274, 44.039062157006271 ], [ -80.416353719268159, 44.038792827975875 ], [ -80.415980363301628, 44.038776529319911 ], [ -80.416048146850486, 44.037968543016262 ], [ -80.416421497323142, 44.03798484141462 ], [ -80.416444089563242, 44.037715512737513 ], [ -80.416070740921839, 44.037699214425047 ], [ -80.416115928397176, 44.03716055750764 ], [ -80.41574258364065, 44.037144258041373 ], [ -80.415765178875873, 44.036874929801073 ], [ -80.415391836173015, 44.036858629095164 ], [ -80.41541443301692, 44.036589301029075 ], [ -80.41504109236773, 44.036572999083518 ], [ -80.415063690820318, 44.03630367119176 ], [ -80.414690352224753, 44.036287368006619 ], [ -80.414712952285981, 44.036018040289079 ], [ -80.414339615744083, 44.036001735864325 ], [ -80.414362217413895, 44.03573240832106 ], [ -80.413988882925651, 44.035716102656707 ], [ -80.414011486204018, 44.035446775287738 ], [ -80.413638153769412, 44.035430468383844 ], [ -80.41366075865632, 44.035161141189164 ], [ -80.412167438467804, 44.035095900662441 ], [ -80.41214482625665, 44.035365227513338 ], [ -80.411771494934982, 44.035348913982041 ], [ -80.411748880670118, 44.035618240835383 ], [ -80.411375547740022, 44.035601925892628 ], [ -80.411330314880175, 44.036140579692493 ], [ -80.409836970737985, 44.036075305978784 ], [ -80.409859594603631, 44.035805979378587 ], [ -80.40873959432902, 44.035757010433649 ], [ -80.408762223465118, 44.035487684179827 ], [ -80.408388892316879, 44.035471358633231 ], [ -80.408411523061233, 44.035202032553762 ], [ -80.408038193966846, 44.035185705767738 ], [ -80.408060826319414, 44.034916379862715 ], [ -80.40768749927885, 44.034900051837234 ], [ -80.407710133239604, 44.034630726106613 ], [ -80.405470186662484, 44.034532730635533 ], [ -80.4055607642198, 44.033455430662151 ], [ -80.406307397539763, 44.033488100432422 ], [ -80.406330037709964, 44.033218775487931 ], [ -80.405583408051783, 44.033186105889783 ], [ -80.405628695047, 44.032647456610299 ], [ -80.405255384214016, 44.032631119995266 ], [ -80.405278029208048, 44.032361795574225 ], [ -80.403784795428976, 44.032296436204568 ], [ -80.403807447523334, 44.032027112216305 ], [ -80.403060835633354, 44.031994424751417 ], [ -80.403038179877399, 44.032263748567459 ], [ -80.401918258222921, 44.032214707171448 ], [ -80.401804948634862, 44.033561326285799 ], [ -80.399938371235464, 44.033479561964342 ], [ -80.399961042753617, 44.033210238395469 ], [ -80.399587729774126, 44.033193881641118 ], [ -80.39961040289991, 44.032924558246847 ], [ -80.399237091974484, 44.032908200253324 ], [ -80.399259766707871, 44.032638877033619 ], [ -80.398886457836511, 44.032622517800853 ], [ -80.398977161860913, 44.031545226150897 ], [ -80.39935046340922, 44.031561585038844 ], [ -80.399373137026501, 44.031292262261211 ], [ -80.399746436967305, 44.031308619737587 ], [ -80.399769108530677, 44.031039296962199 ], [ -80.399395810420586, 44.031022939572004 ], [ -80.399463829263581, 44.030214972035004 ], [ -80.399837121881646, 44.030231329166689 ], [ -80.399882462999742, 44.029692684411913 ], [ -80.400255752179703, 44.029709040045915 ], [ -80.400301088743888, 44.029170395472654 ], [ -80.399927803225097, 44.029154040010972 ], [ -80.399995811889411, 44.028346074073184 ], [ -80.399622532085417, 44.028329717544771 ], [ -80.399599860923288, 44.028599039349366 ], [ -80.398480017358878, 44.028549961553949 ], [ -80.398457340481926, 44.028819283188433 ], [ -80.397710775560725, 44.028786557859412 ], [ -80.397688094799449, 44.029055879409974 ], [ -80.397314810843227, 44.029039514671297 ], [ -80.397337493435032, 44.028770193206945 ], [ -80.39696421153262, 44.028753827229238 ], [ -80.396986895731672, 44.028484505939595 ], [ -80.396613615883098, 44.028468138722843 ], [ -80.396636301689369, 44.028198817607915 ], [ -80.395889746323178, 44.028166079371104 ], [ -80.395957813384854, 44.027358117074741 ], [ -80.393344915079226, 44.027243493312199 ], [ -80.393322213469006, 44.027512813385236 ], [ -80.391455855088097, 44.02743089908077 ], [ -80.391478565850377, 44.027161579439323 ], [ -80.389612222210502, 44.027079632435985 ], [ -80.389703099631049, 44.026002356482159 ], [ -80.389329838895307, 44.025985963451319 ], [ -80.38935255952164, 44.025716644770512 ], [ -80.389725818427095, 44.025733037714964 ], [ -80.389748536999505, 44.02546371903631 ], [ -80.390121794298295, 44.02548011056922 ], [ -80.390144510816825, 44.025210791892739 ], [ -80.390517766508964, 44.025227182014127 ], [ -80.390563195214696, 44.024688544754028 ], [ -80.39093644746994, 44.024704933377556 ], [ -80.390959159657228, 44.02443561479398 ], [ -80.389839409052883, 44.024386445206979 ], [ -80.389816691374961, 44.024655763531499 ], [ -80.389070188429741, 44.024622977008377 ], [ -80.389047466867737, 44.024892295248705 ], [ -80.388674213900373, 44.024875899913035 ], [ -80.388651490284502, 44.025145218155522 ], [ -80.388278235710573, 44.025128821408309 ], [ -80.388255510040779, 44.025398139652935 ], [ -80.387508997903552, 44.025365342010247 ], [ -80.387463538571765, 44.025903978419464 ], [ -80.383730954707602, 44.025739908967601 ], [ -80.383776450644419, 44.025201274287241 ], [ -80.383403197149747, 44.02518486022656 ], [ -80.383380447463068, 44.025454177436046 ], [ -80.382633937485082, 44.025421345166322 ], [ -80.382611183914022, 44.025690662291296 ], [ -80.381864671171456, 44.025657824547935 ], [ -80.381728123077835, 44.027273728118111 ], [ -80.381354856060838, 44.027257306739592 ], [ -80.381263812196337, 44.028334577209776 ], [ -80.380890538081886, 44.028318154159962 ], [ -80.380867774725203, 44.028587471912104 ], [ -80.380494499004413, 44.028571047450484 ], [ -80.380471733593211, 44.028840365204594 ], [ -80.380098456266097, 44.02882393933124 ], [ -80.380075688800346, 44.02909325708719 ], [ -80.379702409866908, 44.029076829802072 ], [ -80.379679640346566, 44.029346147559863 ], [ -80.379306359806804, 44.029329718862961 ], [ -80.379260816432691, 44.029868354470764 ], [ -80.378514248703766, 44.029835492754891 ], [ -80.378491473019452, 44.030104810518282 ], [ -80.378118187660775, 44.030088377585841 ], [ -80.378095409921713, 44.030357695351086 ], [ -80.377722122956769, 44.030341261006825 ], [ -80.377699343162945, 44.030610578773853 ], [ -80.376579478122068, 44.030561267529606 ], [ -80.376556692612354, 44.030830585125251 ], [ -80.376183402883441, 44.030814145306692 ], [ -80.376160615318852, 44.031083462904085 ], [ -80.375787323983715, 44.0310670216736 ], [ -80.375764534364222, 44.031336339272755 ], [ -80.375391241422861, 44.031319896630364 ], [ -80.375414032872925, 44.031050579117817 ], [ -80.37466745132447, 44.031017690030467 ], [ -80.374713040873644, 44.030479055617157 ], [ -80.373593181217188, 44.03042971256648 ], [ -80.373570381063232, 44.03069902946897 ], [ -80.372450517935292, 44.030649674230837 ], [ -80.372427712065303, 44.030918990961688 ], [ -80.371681134108144, 44.030886080669887 ], [ -80.371703943639162, 44.030616764112409 ], [ -80.370210797741564, 44.030550927972484 ], [ -80.370233614370036, 44.030281611850278 ], [ -80.369860330287594, 44.030265149588892 ], [ -80.369905966531604, 44.029726517783097 ], [ -80.369532686334708, 44.029710054369914 ], [ -80.369555505950203, 44.029440738686368 ], [ -80.369182227808381, 44.029424274034703 ], [ -80.369205049029645, 44.029154958526291 ], [ -80.367711946030639, 44.029089087014441 ], [ -80.367734774348776, 44.028819771941514 ], [ -80.367361500991166, 44.028803300837268 ], [ -80.367384330914931, 44.028533985939504 ], [ -80.367011059612395, 44.028517513596874 ], [ -80.367033891141773, 44.028248198874302 ], [ -80.364794279028914, 44.028149337510136 ], [ -80.364771436517614, 44.028418651711902 ], [ -80.364398166788718, 44.02840217009291 ], [ -80.364352477430884, 44.028940798587861 ], [ -80.363979204266201, 44.028924315469979 ], [ -80.364002050887891, 44.028655001265143 ], [ -80.362135697590006, 44.028572566232107 ], [ -80.362158553138386, 44.028303252549968 ], [ -80.361038749350243, 44.028253775888523 ], [ -80.361061610164498, 44.027984462555487 ], [ -80.360688344515438, 44.027967967771559 ], [ -80.360711206934923, 44.027698654613843 ], [ -80.359964679972478, 44.027665661244299 ], [ -80.359987545827366, 44.027396348348816 ], [ -80.359241023425739, 44.0273633498525 ], [ -80.359263892715958, 44.027094037219285 ], [ -80.358890633683032, 44.02707753607033 ], [ -80.358936375248504, 44.026538911243051 ], [ -80.35818986517873, 44.026505905317528 ], [ -80.35821273928407, 44.026236593210427 ], [ -80.357839486417049, 44.026220088346925 ], [ -80.357862362127364, 44.025950776415229 ], [ -80.358235613164254, 44.025967281191761 ], [ -80.358304233453893, 44.025159345666481 ], [ -80.358677479225662, 44.025175848857067 ], [ -80.358700350375202, 44.024906537105238 ], [ -80.359073594542025, 44.024923038883827 ], [ -80.359096463636391, 44.024653727133547 ], [ -80.359469706198283, 44.024670227500089 ], [ -80.359492573237517, 44.024400915751357 ], [ -80.359119332505657, 44.024384415471751 ], [ -80.359187937762883, 44.023576481017237 ], [ -80.358814702746102, 44.023559979673344 ], [ -80.358837572544928, 44.023290668452447 ], [ -80.359210805731763, 44.023307169709376 ], [ -80.359233673475586, 44.023037858490021 ], [ -80.359606905057575, 44.023054358334974 ], [ -80.359652636210129, 44.022515735987909 ], [ -80.359279408287961, 44.022499236316825 ], [ -80.359348008818458, 44.021691303720914 ], [ -80.359721231251044, 44.021707803131214 ], [ -80.359766960153081, 44.021169181669407 ], [ -80.360140179151045, 44.02118567958086 ], [ -80.360185903493331, 44.02064705829936 ], [ -80.359812688154946, 44.020630560561756 ], [ -80.359881278470013, 44.019822629564473 ], [ -80.359508068845855, 44.019806130762632 ], [ -80.359530933663862, 44.019536820694256 ], [ -80.359904141458301, 44.019553319409184 ], [ -80.359995591161322, 44.018476079673803 ], [ -80.360368791862115, 44.018492576716106 ], [ -80.360391651895725, 44.018223266916827 ], [ -80.360764850991899, 44.018239762547296 ], [ -80.360787708970918, 44.017970452749715 ], [ -80.361160906462445, 44.017986946968378 ], [ -80.361183762386901, 44.017717637172495 ], [ -80.36193015438559, 44.017750621461317 ], [ -80.361907302120315, 44.01801993143097 ], [ -80.362653698677818, 44.018052910593866 ], [ -80.362722243821423, 44.017244980429517 ], [ -80.36309543694874, 44.017261467763063 ], [ -80.363118283050653, 44.016992157798668 ], [ -80.363491474573266, 44.017008643720416 ], [ -80.363514318620787, 44.016739333757826 ], [ -80.363887508538667, 44.016755818267804 ], [ -80.363910350531853, 44.016486508307018 ], [ -80.365029916145687, 44.016535953627219 ], [ -80.365098424310972, 44.015728023495214 ], [ -80.365471607809937, 44.015744502358395 ], [ -80.365540108464231, 44.014936572763922 ], [ -80.365913286699566, 44.014953050041804 ], [ -80.365936117972154, 44.014683740267529 ], [ -80.366309294602758, 44.014700216133775 ], [ -80.366332123821266, 44.014430906361383 ], [ -80.365585774443531, 44.014397953477669 ] ] ], [ [ [ -80.378468697110904, 44.030374128370099 ], [ -80.378445920978152, 44.030643446310286 ], [ -80.378072631958432, 44.030627013204708 ], [ -80.378095409921713, 44.030357695351086 ], [ -80.378468697110904, 44.030374128370099 ] ] ] ] } },
{ "type": "Feature", "properties": { "SubId": 90013285, "DowSubId": 90013481, "RivSlope": 0.002518083713463, "RivLength": 6202.751485, "BasSlope": 0.99576288710201399, "BasAspect": 194.9722642519381, "BasArea": 52598534.398262009, "BkfWidth": 27.232747702600001, "BkfDepth": 0.59981751581800002, "Lake_Cat": 0, "HyLakeId": 0, "LakeVol": 0.0, "LakeDepth": 0.0, "LakeArea": 0.0, "Laketype": 0, "Has_POI": 0, "MeanElev": 488.99968136978214, "FloodP_n": 0.050562824872921998, "Q_Mean": 12.331765476547872, "Ch_n": 0.036689730849980999, "DrainArea": 259957830.01482904, "Strahler": 2, "Seg_ID": 29, "Seg_order": 2, "Max_DEM": 476.94546508799999, "Min_DEM": 464.546051025, "DA_Obs": 0.0, "DA_error": 0.0, "Obs_NM": null, "SRC_obs": null, "centroid_x": -80.331792943542411, "centroid_y": 44.027821306533987, "DA_Chn_L": 42855.458893000003, "DA_Slope": 0.22970627766000001, "DA_Chn_Slp": 0.021158809679, "outletLat": 43.974321464500001, "outletLng": -80.360933762399995, "Region": "SW", "Sub_Reg": "02G", "rvhName": "sub90013285" }, "geometry": { "type": "Polygon", "coordinates": [ [ [ -80.355017379577333, 43.997711740077669 ], [ -80.355131765729226, 43.99636523397772 ], [ -80.354758717442806, 43.99634871881112 ], [ -80.354781595826111, 43.996079417945211 ], [ -80.354408549592861, 43.996062901541301 ], [ -80.354431429579179, 43.995793600851442 ], [ -80.354058385399114, 43.995777083210207 ], [ -80.354081266988402, 43.995507782696386 ], [ -80.353708224861521, 43.995491263817875 ], [ -80.353753991020866, 43.994952663231388 ], [ -80.353007914754599, 43.99491962184959 ], [ -80.353053687325456, 43.994381021967506 ], [ -80.352680653186042, 43.99436449946424 ], [ -80.352703540961713, 43.99409519974386 ], [ -80.352330508875411, 43.994078676003305 ], [ -80.352399176335311, 43.993270777637676 ], [ -80.352772202937814, 43.993287301117036 ], [ -80.352795089812886, 43.993018001752944 ], [ -80.353168114812661, 43.993034523821009 ], [ -80.353259652750125, 43.99195732690746 ], [ -80.353632670663615, 43.991973847303157 ], [ -80.353792840593115, 43.990088755526394 ], [ -80.353419835473886, 43.990072235739888 ], [ -80.35346559994052, 43.989533639065691 ], [ -80.353092598701735, 43.989517118129122 ], [ -80.353115482425068, 43.989247820012807 ], [ -80.352742483239012, 43.989231297839105 ], [ -80.352788253665622, 43.988692702048091 ], [ -80.352415258359898, 43.988676178724305 ], [ -80.352438145063132, 43.988406881049606 ], [ -80.352811138541242, 43.98842340428633 ], [ -80.352834023191775, 43.988154106613798 ], [ -80.35246103154121, 43.988137583464102 ], [ -80.352483917794174, 43.987868285967771 ], [ -80.352110928196282, 43.987851761581013 ], [ -80.352156703681914, 43.987313167030059 ], [ -80.351783717964182, 43.987296641493302 ], [ -80.351806607196792, 43.987027344438694 ], [ -80.352179591087037, 43.987043869888389 ], [ -80.35224825195165, 43.986235978998643 ], [ -80.351875273543754, 43.986219453810094 ], [ -80.351898161875809, 43.985950157112384 ], [ -80.351152209390264, 43.98591710293725 ], [ -80.351175101151981, 43.985647806502868 ], [ -80.350802127074317, 43.985631277516283 ], [ -80.350870806490548, 43.984823389009797 ], [ -80.350497838120134, 43.984806858960418 ], [ -80.350520732635843, 43.984537563057152 ], [ -80.350147766317932, 43.984521031770832 ], [ -80.350262244655042, 43.983174554028977 ], [ -80.350635201836667, 43.983191084879863 ], [ -80.350680987940791, 43.982652494233903 ], [ -80.351053941693209, 43.982669023586695 ], [ -80.351076832580361, 43.982399728310575 ], [ -80.350703880655118, 43.982383199044875 ], [ -80.350726773144274, 43.982113903945127 ], [ -80.350353823271362, 43.982097373442556 ], [ -80.350376717362494, 43.981828078519207 ], [ -80.350003769541871, 43.98181154677976 ], [ -80.350026665234964, 43.981542252032796 ], [ -80.349653719466644, 43.981525719056506 ], [ -80.349699513831396, 43.980987130004742 ], [ -80.349326571942427, 43.980970595878709 ], [ -80.349509755009876, 43.978816243941921 ], [ -80.349136827961985, 43.978799709188792 ], [ -80.349159726658939, 43.97853041568591 ], [ -80.348786801663181, 43.978513879696024 ], [ -80.348855501883449, 43.97770599998492 ], [ -80.349228421398621, 43.977722535713518 ], [ -80.349251319194806, 43.977453242568181 ], [ -80.34962423710833, 43.977469776885783 ], [ -80.349670028371506, 43.976931190689079 ], [ -80.350042942856589, 43.976947723508701 ], [ -80.350111622582332, 43.976139844622878 ], [ -80.349738713577551, 43.976123312064608 ], [ -80.349761608195919, 43.975854019368604 ], [ -80.350134515373981, 43.975870551839847 ], [ -80.350180300281849, 43.975331966542001 ], [ -80.350553204031627, 43.975348497515299 ], [ -80.350621874225041, 43.974540619978086 ], [ -80.350994772719915, 43.974557149366397 ], [ -80.351040548070117, 43.974018564614731 ], [ -80.351413443136835, 43.97403509250514 ], [ -80.351436328647722, 43.973765800176452 ], [ -80.351809222112891, 43.973782326656057 ], [ -80.35185498880638, 43.973243742092997 ], [ -80.353346550304579, 43.973309834077682 ], [ -80.353323674376654, 43.973579126662628 ], [ -80.354442353342165, 43.973628682013 ], [ -80.354419482669073, 43.973897974948478 ], [ -80.354792377934032, 43.973914490838119 ], [ -80.354769508862674, 43.974183783950082 ], [ -80.355142406179141, 43.974200298602973 ], [ -80.355119538709531, 43.974469591891406 ], [ -80.356238237488114, 43.974519128168446 ], [ -80.356192512834326, 43.975057715535613 ], [ -80.356565416530245, 43.975074225154344 ], [ -80.356542555692812, 43.975343519059074 ], [ -80.356915461440252, 43.975360027441013 ], [ -80.356892602204752, 43.97562932152217 ], [ -80.35838423474938, 43.97569534215971 ], [ -80.3584070866779, 43.975426047730764 ], [ -80.359525807965852, 43.975475549048198 ], [ -80.359548654189453, 43.975206254447954 ], [ -80.359921559908059, 43.975222752152582 ], [ -80.359944404080238, 43.974953457554903 ], [ -80.360690212537961, 43.974986448818989 ], [ -80.360713052832082, 43.974717154136982 ], [ -80.360340150317612, 43.974700659253728 ], [ -80.360362992213794, 43.974431364748099 ], [ -80.360735892901559, 43.974447859544448 ], [ -80.360758732746447, 43.97417856504142 ], [ -80.361131631832137, 43.974195058427121 ], [ -80.36115446962576, 43.973925763926687 ], [ -80.36152736710936, 43.97394225590174 ], [ -80.36150453114243, 43.974211550489052 ], [ -80.362996130629071, 43.974277505499003 ], [ -80.362927643301362, 43.975085390840128 ], [ -80.363300549214472, 43.975101876543761 ], [ -80.363277721482987, 43.975371171923285 ], [ -80.363650629447363, 43.975387656389898 ], [ -80.363604976964439, 43.975926247591005 ], [ -80.363977888806872, 43.975942730907477 ], [ -80.363955064055503, 43.976212026729087 ], [ -80.36470089206739, 43.976244989564151 ], [ -80.364678070745242, 43.976514285648868 ], [ -80.364305154800235, 43.976497804806414 ], [ -80.364191035688378, 43.977844286137426 ], [ -80.364563960767867, 43.977860767413986 ], [ -80.364586783212232, 43.977591470882082 ], [ -80.365332630390668, 43.977624429289918 ], [ -80.365355448956763, 43.977355132673857 ], [ -80.366101293379018, 43.977388085612596 ], [ -80.36607847846679, 43.977657382402271 ], [ -80.366824327440384, 43.977690330219126 ], [ -80.366778704250592, 43.978228924413884 ], [ -80.36715163272784, 43.978245396510047 ], [ -80.367128822623414, 43.978514693828338 ], [ -80.367501753151998, 43.978531164687361 ], [ -80.367456135924158, 43.979069759765729 ], [ -80.367083201741551, 43.97905328873312 ], [ -80.367014768736183, 43.979861181760924 ], [ -80.367387708399988, 43.979877653053791 ], [ -80.3673648987766, 43.980146950995263 ], [ -80.367737840491856, 43.980163421050968 ], [ -80.367715032471239, 43.980432719168604 ], [ -80.368460920228927, 43.980465655481645 ], [ -80.368415310823352, 43.981004252332063 ], [ -80.368788258692945, 43.981020718676142 ], [ -80.368765455480897, 43.981290017322152 ], [ -80.369138405401955, 43.981306482429005 ], [ -80.369115603792849, 43.981575781251088 ], [ -80.370980365897793, 43.981658087359314 ], [ -80.370957573200556, 43.981927386704349 ], [ -80.371330528121391, 43.9819438440407 ], [ -80.371353318991368, 43.981674544608993 ], [ -80.371726272309118, 43.981691000534681 ], [ -80.371749061127701, 43.981421701105617 ], [ -80.372494964781126, 43.981454608811674 ], [ -80.372472179617006, 43.981723908414089 ], [ -80.372845133607115, 43.981740360367809 ], [ -80.372776782251933, 43.982548259971153 ], [ -80.372403822779987, 43.982531807757518 ], [ -80.372312677193037, 43.983609008132937 ], [ -80.372685643974322, 43.983625460693325 ], [ -80.372662858844649, 43.98389476109719 ], [ -80.373035827677413, 43.983911212420203 ], [ -80.372944692227307, 43.984988415275438 ], [ -80.373317668593899, 43.98500486562105 ], [ -80.373294885998575, 43.985274166644736 ], [ -80.374040843058992, 43.985307063537043 ], [ -80.373995284506108, 43.985845666198998 ], [ -80.374368267027435, 43.985862112832272 ], [ -80.374345489242444, 43.986131414383813 ], [ -80.374718473815349, 43.986147859779614 ], [ -80.374695697633868, 43.986417161507092 ], [ -80.375441671106913, 43.986450048499592 ], [ -80.375396125382196, 43.986988652568819 ], [ -80.375769116109922, 43.987005094252183 ], [ -80.375746344739184, 43.987274396507289 ], [ -80.376492330521856, 43.987307276074674 ], [ -80.376469562582429, 43.987576578592282 ], [ -80.376842557637346, 43.987593016476353 ], [ -80.376819791301614, 43.987862319169814 ], [ -80.377192788408166, 43.987878755816325 ], [ -80.377170023676186, 43.988148058685631 ], [ -80.377543022834345, 43.988164494094541 ], [ -80.377520259706145, 43.988433797139677 ], [ -80.378266262349626, 43.988466664158103 ], [ -80.378243502652992, 43.988735967465665 ], [ -80.3786165061383, 43.988752399075189 ], [ -80.3785709897289, 43.989291006131062 ], [ -80.378943997093614, 43.989307436589478 ], [ -80.378898483444345, 43.989846044175387 ], [ -80.379271494688538, 43.989862473482688 ], [ -80.379248739355944, 43.99013177749606 ], [ -80.379621752651815, 43.990148205565703 ], [ -80.379553490794578, 43.990956118400568 ], [ -80.380672548476028, 43.99100539544294 ], [ -80.380627050419577, 43.991544004964688 ], [ -80.381373097304561, 43.991576850051061 ], [ -80.381350351596581, 43.991846155118765 ], [ -80.381723377202675, 43.991862575762049 ], [ -80.381746121082699, 43.991593270607865 ], [ -80.382119145084573, 43.991609689840338 ], [ -80.382050918257264, 43.992417605829999 ], [ -80.382423947966814, 43.992434023997724 ], [ -80.382332983043682, 43.993511246911574 ], [ -80.383079057758408, 43.993544079965986 ], [ -80.383056319624515, 43.993813386090295 ], [ -80.383429359145524, 43.993829800717528 ], [ -80.383247460646729, 43.995984253612711 ], [ -80.382128298878357, 43.995935003682526 ], [ -80.382105555074588, 43.996204310435971 ], [ -80.381359444691242, 43.996171470354241 ], [ -80.381336697007171, 43.996440777023786 ], [ -80.380590583862457, 43.996407931471467 ], [ -80.380567832298027, 43.996677238057046 ], [ -80.380194774233118, 43.996660813207754 ], [ -80.380126512711797, 43.997468733239451 ], [ -80.380872640035349, 43.997501582132763 ], [ -80.380849889403891, 43.997770889161202 ], [ -80.381222955229774, 43.997787311707754 ], [ -80.381200206202863, 43.998056618911754 ], [ -80.381573274080935, 43.998073040220383 ], [ -80.381550526658614, 43.998342347599959 ], [ -80.38229666674296, 43.998375186416872 ], [ -80.382273922753669, 43.998644494058553 ], [ -80.382646994959913, 43.998660911566809 ], [ -80.382624252575297, 43.998930219383936 ], [ -80.38299732683376, 43.998946635654313 ], [ -80.382974586053848, 43.999215943646973 ], [ -80.383720738898887, 43.999248772387162 ], [ -80.383698001552219, 43.999518080641842 ], [ -80.384071080138796, 43.999534493111675 ], [ -80.384048344396945, 43.999803801541859 ], [ -80.384421425035697, 43.999820212773663 ], [ -80.384398690898678, 44.000089521379337 ], [ -80.384771773589677, 44.000105931373113 ], [ -80.384749041057518, 44.000375240154249 ], [ -80.38512212580072, 44.000391648909968 ], [ -80.385099394873478, 44.000660957866572 ], [ -80.385845568687984, 44.000693771577374 ], [ -80.385822841194283, 44.000963080795856 ], [ -80.386195930265558, 44.000979485750904 ], [ -80.38617320437686, 44.001248795144825 ], [ -80.386546295500366, 44.001265198861766 ], [ -80.386523571216699, 44.001534508431121 ], [ -80.387642851414611, 44.001583711893986 ], [ -80.387665570212334, 44.001314402065361 ], [ -80.388038662230073, 44.001330800484133 ], [ -80.388084095497675, 44.000792180921266 ], [ -80.388457184081688, 44.000808577842761 ], [ -80.388479898551608, 44.00053926810844 ], [ -80.388852985530491, 44.000555663619039 ], [ -80.38887569794835, 44.000286353887375 ], [ -80.389248783322131, 44.000302747987057 ], [ -80.389271493687929, 44.000033438258065 ], [ -80.390017661448596, 44.000066222311183 ], [ -80.390040367933864, 43.999796912498482 ], [ -80.390786532931031, 43.999829691080905 ], [ -80.390763830102912, 44.00009900106626 ], [ -80.391136914765127, 44.000115388457026 ], [ -80.391068810426361, 44.000923319206329 ], [ -80.392188082210637, 44.000972474208425 ], [ -80.392210778394343, 44.000703163610659 ], [ -80.392583867607115, 44.000719545875974 ], [ -80.39256117325202, 44.000988856560049 ], [ -80.392934264516725, 44.001005237587123 ], [ -80.392911571767016, 44.001274548446517 ], [ -80.394403946373046, 44.001340059654524 ], [ -80.394449317019905, 44.000801437334495 ], [ -80.394822407572136, 44.00081781165261 ], [ -80.394845090732119, 44.000548500539871 ], [ -80.395218179678906, 44.000564873447161 ], [ -80.395240860787084, 44.000295562337215 ], [ -80.395987035692826, 44.000328304005698 ], [ -80.39600971292063, 44.000058992812292 ], [ -80.396755885061623, 44.000091729010187 ], [ -80.396710537697416, 44.000630351830956 ], [ -80.397083627759841, 44.000646718115554 ], [ -80.39706095557176, 44.000916029745724 ], [ -80.397434047685891, 44.000932394792002 ], [ -80.397298020845128, 44.002548266959906 ], [ -80.397671124154712, 44.002564631198908 ], [ -80.397648454062633, 44.00283394362463 ], [ -80.398021559424052, 44.002850306625241 ], [ -80.397998890937728, 44.003119619226176 ], [ -80.398371998351024, 44.003135980988368 ], [ -80.398326664366891, 44.003674606629644 ], [ -80.398699775660916, 44.003690967239628 ], [ -80.398677110163163, 44.003960280279919 ], [ -80.399050223509093, 44.003976639651469 ], [ -80.39902755961721, 44.004245952866931 ], [ -80.399773790635848, 44.004278667808428 ], [ -80.399796450869914, 44.004009354420646 ], [ -80.400915793583394, 44.004058416639602 ], [ -80.400893138836054, 44.004327730285937 ], [ -80.40238560622376, 44.004393128377515 ], [ -80.40243090086426, 44.00385450048482 ], [ -80.402804014610496, 44.003870846523853 ], [ -80.402826659767584, 44.00360153262487 ], [ -80.403199771907765, 44.003617877253134 ], [ -80.403222415013161, 44.003348563357044 ], [ -80.403968636304143, 44.003381248467505 ], [ -80.403991275528995, 44.003111934488189 ], [ -80.404364384679766, 44.003128274970393 ], [ -80.404454932036344, 44.002051019598952 ], [ -80.40482803409455, 44.002067358412255 ], [ -80.404850668548079, 44.001798044705836 ], [ -80.405223769000202, 44.001814382108442 ], [ -80.405246401402266, 44.001545068405022 ], [ -80.405619500248307, 44.001561404396959 ], [ -80.40564213059892, 44.001292090696516 ], [ -80.406015227838864, 44.001308425277806 ], [ -80.40603785613807, 44.001039111580354 ], [ -80.406410951771932, 44.001055444751017 ], [ -80.406433578019772, 44.000786131056579 ], [ -80.406806672047523, 44.000802462816637 ], [ -80.406874543969238, 43.999994522009551 ], [ -80.407247632733515, 44.000010852186932 ], [ -80.407315497165939, 43.99920291192344 ], [ -80.407688580666843, 43.999219240518194 ], [ -80.407733818851767, 43.998680613949269 ], [ -80.408106898918007, 43.998696941047449 ], [ -80.408174749040626, 43.997889001604342 ], [ -80.408920898869283, 43.99792165131111 ], [ -80.408966123857709, 43.997383025117259 ], [ -80.409339195448723, 43.997399347811914 ], [ -80.409384415890258, 43.996860721802648 ], [ -80.409757484046736, 43.99687704300085 ], [ -80.409802699941579, 43.996338417176162 ], [ -80.410921894774731, 43.996387372308092 ], [ -80.410989700493047, 43.995579433466027 ], [ -80.411735820523134, 43.995612063082632 ], [ -80.411781015910023, 43.995073437289975 ], [ -80.41215407260178, 43.995089749939716 ], [ -80.41217666813337, 43.994820437091235 ], [ -80.412549723219072, 43.99483674833062 ], [ -80.412617502995104, 43.994028810062524 ], [ -80.412990552818087, 43.994045119719715 ], [ -80.413013143803937, 43.993775807056132 ], [ -80.413386192020866, 43.993792115303023 ], [ -80.413453958160119, 43.992984177589939 ], [ -80.413827001114484, 43.993000484254672 ], [ -80.413849587554893, 43.9927311717762 ], [ -80.414595670473744, 43.992763780960736 ], [ -80.414573087689803, 43.993033093611004 ], [ -80.417930488273953, 43.993179770157312 ], [ -80.417953054603601, 43.992910456734307 ], [ -80.418326098394957, 43.992926747420569 ], [ -80.418348662674347, 43.992657434000975 ], [ -80.419467789895464, 43.992706297855939 ], [ -80.419445231100838, 43.99297561153297 ], [ -80.420937411148998, 43.993040745141322 ], [ -80.420892307520333, 43.993579373449371 ], [ -80.421265356743675, 43.993595653712021 ], [ -80.421242806424885, 43.99386496808566 ], [ -80.421615857698413, 43.993881247109655 ], [ -80.421570760051978, 43.994419876296178 ], [ -80.421943815204088, 43.994436154167261 ], [ -80.421876172555869, 43.995244098873471 ], [ -80.422249233415016, 43.995260375677383 ], [ -80.422226687250401, 43.995529690843597 ], [ -80.42409200401535, 43.99561105542481 ], [ -80.424069466771286, 43.995880371108932 ], [ -80.424815598686479, 43.995912907841493 ], [ -80.424793064877704, 43.996182223786199 ], [ -80.425166132996367, 43.996198490251487 ], [ -80.425143600794414, 43.996467806371093 ], [ -80.42551667096329, 43.996484071597564 ], [ -80.425494140368215, 43.996753387892063 ], [ -80.425867212587292, 43.99676965187971 ], [ -80.425822154389294, 43.997308284907604 ], [ -80.42619523048721, 43.99732454774211 ], [ -80.426172702884315, 43.99759386447549 ], [ -80.426545781032488, 43.997610126071159 ], [ -80.426500728819065, 43.998148759976772 ], [ -80.426873810846146, 43.998165020419229 ], [ -80.426851286235646, 43.998434337591448 ], [ -80.427224370313027, 43.998450596795024 ], [ -80.427201847309604, 43.998719914142036 ], [ -80.42757493343727, 43.998736172106732 ], [ -80.427552412040953, 43.99900548962853 ], [ -80.427925500218919, 43.999021746354323 ], [ -80.427902980429749, 43.999291064050944 ], [ -80.428276070658029, 43.99930731953777 ], [ -80.42825355247605, 43.99957663740917 ], [ -80.42899973725477, 43.999609144580354 ], [ -80.428977222508777, 43.999878462712161 ], [ -80.429350317059246, 43.999894714396511 ], [ -80.429305290560265, 44.000433351098714 ], [ -80.429678388989842, 44.000449601629661 ], [ -80.429655877236939, 44.000718920200086 ], [ -80.429282776978525, 44.000702669583497 ], [ -80.429192720436305, 44.001779944413705 ], [ -80.426580973622563, 44.001666150610326 ], [ -80.426558446130784, 44.001935468941106 ], [ -80.42581223109228, 44.001902944332763 ], [ -80.42578969972098, 44.002172262581261 ], [ -80.425043481911445, 44.002139732502961 ], [ -80.425066016940562, 44.001870414425859 ], [ -80.424692910197294, 44.001854147485453 ], [ -80.424715446833574, 44.00158482958313 ], [ -80.424342342140946, 44.001568561403786 ], [ -80.424364880384331, 44.001299243676236 ], [ -80.423245573123694, 44.001250431447644 ], [ -80.423290659918209, 44.000711796774169 ], [ -80.422917561599263, 44.000695523553532 ], [ -80.422940106492618, 44.000426206436146 ], [ -80.422193914177811, 44.0003936561926 ], [ -80.422171365626852, 44.000662973138461 ], [ -80.421798267973443, 44.000646695944027 ], [ -80.421820818353183, 44.000377379083908 ], [ -80.421447722750429, 44.000361100650629 ], [ -80.421470274737032, 44.000091783965381 ], [ -80.420724087854779, 44.000059223296624 ], [ -80.420701532210629, 44.000328539810326 ], [ -80.420328437273625, 44.000312257403287 ], [ -80.420305879578763, 44.000581573920364 ], [ -80.419186590613208, 44.000532718494306 ], [ -80.41920915379437, 44.000263402234665 ], [ -80.417716778930142, 44.000198243465675 ], [ -80.417694208433929, 44.000467559382024 ], [ -80.41732111344426, 44.000451266292501 ], [ -80.417185674830307, 44.002067163146279 ], [ -80.416812569089871, 44.002050868217083 ], [ -80.416677111506289, 44.003666767761842 ], [ -80.417050228220262, 44.003683063206118 ], [ -80.417005077573194, 44.004221697271689 ], [ -80.417378198167285, 44.004237991563016 ], [ -80.417265326807396, 44.005584578713751 ], [ -80.418757847986058, 44.00564974434883 ], [ -80.418667576165987, 44.006727017044547 ], [ -80.419040714332468, 44.006743305484775 ], [ -80.419018147651471, 44.007012623966965 ], [ -80.419391287869232, 44.00702891116827 ], [ -80.419368722795355, 44.007298229825196 ], [ -80.419741865064381, 44.007314515787527 ], [ -80.419719301597709, 44.007583834619261 ], [ -80.420092445918002, 44.007600119342584 ], [ -80.420069884058563, 44.007869438349069 ], [ -80.42044303043015, 44.007885721833368 ], [ -80.420420470177959, 44.008155041014625 ], [ -80.42004732197708, 44.00813875744447 ], [ -80.420024759673595, 44.008408076628818 ], [ -80.419651609865468, 44.008391791648037 ], [ -80.419606480933723, 44.008930430111967 ], [ -80.419979634400534, 44.008946715264337 ], [ -80.41993450823928, 44.009485354255538 ], [ -80.420307665586833, 44.009501638254662 ], [ -80.420239980167892, 44.010309597665717 ], [ -80.42061314322568, 44.010325880597378 ], [ -80.420568022161817, 44.010864520820768 ], [ -80.420194855445089, 44.010848237717624 ], [ -80.420149729834137, 44.011386878125009 ], [ -80.419776559680486, 44.011370593525321 ], [ -80.419708864110106, 44.012178554545649 ], [ -80.419335688689941, 44.01216226836366 ], [ -80.419290553540151, 44.012700909316585 ], [ -80.418544196047833, 44.012668332634696 ], [ -80.418521624480604, 44.012937653072782 ], [ -80.417402084419422, 44.012888777855686 ], [ -80.417379507141234, 44.013158098125118 ], [ -80.416633144552179, 44.013125507850766 ], [ -80.416610563392567, 44.013394828037363 ], [ -80.415117833562945, 44.013329631246329 ], [ -80.415027477427742, 44.014406911506811 ], [ -80.414654288207487, 44.014390608653201 ], [ -80.41463169678822, 44.014659928854456 ], [ -80.414258505960618, 44.014643624590001 ], [ -80.414235912489303, 44.014912944794155 ], [ -80.413862720054368, 44.014896639118838 ], [ -80.413840124530978, 44.015165959325884 ], [ -80.413466930488696, 44.015149652239707 ], [ -80.413444332913187, 44.015418972449616 ], [ -80.4130711372636, 44.015402663952578 ], [ -80.413025937785861, 44.015941304466836 ], [ -80.41265273869918, 44.015924994472996 ], [ -80.41260753467219, 44.016463635170531 ], [ -80.41186112984704, 44.016431010864075 ], [ -80.411770704484866, 44.01750829263662 ], [ -80.411397495086703, 44.017491978152115 ], [ -80.41135227741087, 44.0180306193989 ], [ -80.410979064575471, 44.018014303417452 ], [ -80.410888619233717, 44.019091586631824 ], [ -80.410515399301133, 44.019075268981446 ], [ -80.410470171634955, 44.019613910948941 ], [ -80.410096948264979, 44.019597591801535 ], [ -80.410051716048457, 44.020136233951838 ], [ -80.40967848924106, 44.020119913307418 ], [ -80.409655870968848, 44.020389234429601 ], [ -80.408909414361872, 44.020356588993522 ], [ -80.408886792206914, 44.020625910032365 ], [ -80.408513562407364, 44.020609585240706 ], [ -80.408490938199691, 44.020878906282206 ], [ -80.408117706792751, 44.020862580079431 ], [ -80.40809508053232, 44.021131901123582 ], [ -80.407721847518005, 44.021115573509697 ], [ -80.407699219204758, 44.021384894556455 ], [ -80.407325984583082, 44.021368565531453 ], [ -80.407303354216992, 44.021637886580834 ], [ -80.406930117987969, 44.02162155614468 ], [ -80.406907485569008, 44.021890877196668 ], [ -80.405041298615131, 44.021809204708923 ], [ -80.405063940184675, 44.021539884087247 ], [ -80.403944236176855, 44.021490864951488 ], [ -80.40396688301378, 44.021221544676735 ], [ -80.40359365062038, 44.021205202400715 ], [ -80.403571001953381, 44.021474522589408 ], [ -80.402824534175238, 44.021441833889895 ], [ -80.402801881625109, 44.021711153995 ], [ -80.402428646240381, 44.021694807571478 ], [ -80.402496608712056, 44.020886847780488 ], [ -80.402123379040518, 44.020870500290265 ], [ -80.402146034581804, 44.020601180623352 ], [ -80.401026352395277, 44.020552130460608 ], [ -80.401003691363925, 44.02082144986904 ], [ -80.400257234028075, 44.020788742962928 ], [ -80.400347891455141, 44.019711466550206 ], [ -80.39960144965147, 44.019678755033134 ], [ -80.399669451359017, 44.018870799171594 ], [ -80.399296236281558, 44.018854441684034 ], [ -80.399228229084272, 44.019662397287043 ], [ -80.398855008740199, 44.019646038215896 ], [ -80.398832337398247, 44.019915356841381 ], [ -80.398459115447395, 44.019898996359011 ], [ -80.398504461568024, 44.019360359369102 ], [ -80.397384808034033, 44.01931127048897 ], [ -80.39736212959555, 44.019580588680952 ], [ -80.396615691362427, 44.019547855963275 ], [ -80.396638373460732, 44.019278537943741 ], [ -80.396265156508946, 44.019262169683593 ], [ -80.396287840213887, 44.018992851838952 ], [ -80.395914625315228, 44.018976482340022 ], [ -80.395937310626792, 44.018707164670317 ], [ -80.395190885159067, 44.01867442186991 ], [ -80.395213573907043, 44.01840510446138 ], [ -80.394840363337963, 44.018388731159931 ], [ -80.394908433731416, 44.017580779725229 ], [ -80.394162024242064, 44.017548029664987 ], [ -80.394139330674662, 44.017817346548647 ], [ -80.393392918419167, 44.017784591015932 ], [ -80.393506402320014, 44.016438008347457 ], [ -80.3938795991874, 44.016454386344869 ], [ -80.393902293467747, 44.016185069991003 ], [ -80.393529098430051, 44.016168692079887 ], [ -80.393597185419921, 44.015360743809524 ], [ -80.39322399609452, 44.015344364832352 ], [ -80.393337479091684, 44.013997786588035 ], [ -80.393710659269246, 44.014014165133744 ], [ -80.393756047245532, 44.013475534284751 ], [ -80.394129223987406, 44.013491911333013 ], [ -80.394219989942158, 44.012414650355232 ], [ -80.39459315958949, 44.012431025733527 ], [ -80.394615848690492, 44.012161710624788 ], [ -80.394989016731714, 44.012178084591973 ], [ -80.395011703780014, 44.011908769485785 ], [ -80.394638537568198, 44.011892395604853 ], [ -80.394683914653768, 44.011353765831437 ], [ -80.394310752323975, 44.011337390798232 ], [ -80.394333442361187, 44.011068076131004 ], [ -80.393960282084024, 44.011051699859273 ], [ -80.393982973727262, 44.010782385367158 ], [ -80.392490342169154, 44.010716867377347 ], [ -80.392467643208647, 44.010986181524274 ], [ -80.39134816639752, 44.010937028862621 ], [ -80.391325461725671, 44.011206342839415 ], [ -80.390952301406159, 44.011189955882941 ], [ -80.390929594681538, 44.011459269862215 ], [ -80.390556432756156, 44.011442881494581 ], [ -80.390511014977804, 44.011981509546885 ], [ -80.389018354876399, 44.011915942137456 ], [ -80.388995638334507, 44.012185255951351 ], [ -80.388249305966326, 44.012152464124959 ], [ -80.388272026166945, 44.011883150483825 ], [ -80.38640620830644, 44.011801148165532 ], [ -80.386428937430139, 44.011531835045204 ], [ -80.386055776358333, 44.011515430693535 ], [ -80.386078507087674, 44.011246117748449 ], [ -80.385705348068882, 44.011229712158411 ], [ -80.38568261551022, 44.011499025017081 ], [ -80.3853094548858, 44.011482618015819 ], [ -80.385286720274124, 44.011751930876855 ], [ -80.38565988272785, 44.011768337964519 ], [ -80.385637149721774, 44.012037651000796 ], [ -80.383771330543979, 44.011955601882015 ], [ -80.383748588167464, 44.012224914574787 ], [ -80.383002258404161, 44.012192085480649 ], [ -80.383025004439375, 44.011922772960844 ], [ -80.381532354916445, 44.011857099220876 ], [ -80.381464094187123, 44.012665036008634 ], [ -80.379225093692597, 44.01256648409715 ], [ -80.379202328692116, 44.012835796018045 ], [ -80.378082825980982, 44.012786501917617 ], [ -80.378060055268378, 44.013055813667577 ], [ -80.377686886316781, 44.013039379564553 ], [ -80.377664113550708, 44.013308691316659 ], [ -80.376171432668144, 44.013242941310011 ], [ -80.376148652360413, 44.013512252804482 ], [ -80.375775480870828, 44.013495811904079 ], [ -80.375752698509487, 44.013765123400717 ], [ -80.374260007475726, 44.01369934620454 ], [ -80.374237217572571, 44.013968657443343 ], [ -80.373117696163945, 44.013919310375485 ], [ -80.373094900548267, 44.014188621442983 ], [ -80.371602201159959, 44.014122806458161 ], [ -80.371625004093247, 44.013853495737386 ], [ -80.3697591440542, 44.013771197631186 ], [ -80.369781955909914, 44.013501887432724 ], [ -80.368662448068392, 44.013452492931364 ], [ -80.368685265187651, 44.013183183081843 ], [ -80.368312098185541, 44.013166715685209 ], [ -80.368334916909575, 44.012897406011199 ], [ -80.367588587237663, 44.012864467416975 ], [ -80.367611409395707, 44.012595158005219 ], [ -80.367238246725947, 44.012578686807728 ], [ -80.367261070488652, 44.012309377571455 ], [ -80.36688790987273, 44.012292905135965 ], [ -80.366865084280747, 44.012562214285445 ], [ -80.366491922060206, 44.012545740438377 ], [ -80.36644626654379, 44.013084358829943 ], [ -80.366073100889324, 44.013067883484496 ], [ -80.36605027096482, 44.01333719272656 ], [ -80.365677103705721, 44.013320715969535 ], [ -80.365631439524023, 44.013859334546197 ], [ -80.365258268830942, 44.013842856290722 ], [ -80.365235434573691, 44.014112165625264 ], [ -80.365608607096121, 44.014128643967581 ], [ -80.365585774443531, 44.014397953477669 ], [ -80.366332123821266, 44.014430906361383 ], [ -80.366309294602758, 44.014700216133775 ], [ -80.365936117972154, 44.014683740267529 ], [ -80.365913286699566, 44.014953050041804 ], [ -80.365540108464231, 44.014936572763922 ], [ -80.365471607809937, 44.015744502358395 ], [ -80.365098424310972, 44.015728023495214 ], [ -80.365029916145687, 44.016535953627219 ], [ -80.363910350531853, 44.016486508307018 ], [ -80.363887508538667, 44.016755818267804 ], [ -80.363514318620787, 44.016739333757826 ], [ -80.363491474573266, 44.017008643720416 ], [ -80.363118283050653, 44.016992157798668 ], [ -80.36309543694874, 44.017261467763063 ], [ -80.362722243821423, 44.017244980429517 ], [ -80.362653698677818, 44.018052910593866 ], [ -80.361907302120315, 44.01801993143097 ], [ -80.36193015438559, 44.017750621461317 ], [ -80.361183762386901, 44.017717637172495 ], [ -80.361160906462445, 44.017986946968378 ], [ -80.360787708970918, 44.017970452749715 ], [ -80.360764850991899, 44.018239762547296 ], [ -80.360391651895725, 44.018223266916827 ], [ -80.360368791862115, 44.018492576716106 ], [ -80.359995591161322, 44.018476079673803 ], [ -80.359904141458301, 44.019553319409184 ], [ -80.359530933663862, 44.019536820694256 ], [ -80.359508068845855, 44.019806130762632 ], [ -80.359881278470013, 44.019822629564473 ], [ -80.359812688154946, 44.020630560561756 ], [ -80.360185903493331, 44.02064705829936 ], [ -80.360140179151045, 44.02118567958086 ], [ -80.359766960153081, 44.021169181669407 ], [ -80.359721231251044, 44.021707803131214 ], [ -80.359348008818458, 44.021691303720914 ], [ -80.359279408287961, 44.022499236316825 ], [ -80.359652636210129, 44.022515735987909 ], [ -80.359606905057575, 44.023054358334974 ], [ -80.359233673475586, 44.023037858490021 ], [ -80.359210805731763, 44.023307169709376 ], [ -80.358837572544928, 44.023290668452447 ], [ -80.358814702746102, 44.023559979673344 ], [ -80.359187937762883, 44.023576481017237 ], [ -80.359119332505657, 44.024384415471751 ], [ -80.359492573237517, 44.024400915751357 ], [ -80.359469706198283, 44.024670227500089 ], [ -80.359096463636391, 44.024653727133547 ], [ -80.359073594542025, 44.024923038883827 ], [ -80.358700350375202, 44.024906537105238 ], [ -80.358677479225662, 44.025175848857067 ], [ -80.358304233453893, 44.025159345666481 ], [ -80.358235613164254, 44.025967281191761 ], [ -80.357862362127364, 44.025950776415229 ], [ -80.357839486417049, 44.026220088346925 ], [ -80.35821273928407, 44.026236593210427 ], [ -80.35818986517873, 44.026505905317528 ], [ -80.358936375248504, 44.026538911243051 ], [ -80.358822019646325, 44.027885473974393 ], [ -80.357702227426415, 44.027835961794125 ], [ -80.357679350139804, 44.028105274344775 ], [ -80.357306084686613, 44.028088767547366 ], [ -80.357260325777261, 44.028627392739949 ], [ -80.355020715825191, 44.028528323083371 ], [ -80.355043606374124, 44.028259010964852 ], [ -80.354670340667568, 44.028242494804303 ], [ -80.354647448288404, 44.028511806835837 ], [ -80.354274180976958, 44.028495289263141 ], [ -80.354251286542151, 44.028764601295968 ], [ -80.352758212229162, 44.028698517405324 ], [ -80.352735310247851, 44.028967829178391 ], [ -80.352362040402895, 44.028951304805744 ], [ -80.35238494421445, 44.028681993119726 ], [ -80.351638408861447, 44.028648940573035 ], [ -80.351661316108064, 44.028379629149548 ], [ -80.351288050600047, 44.028363100975504 ], [ -80.351310959451396, 44.028093789727471 ], [ -80.350937695999107, 44.028077260315399 ], [ -80.35096060645516, 44.027807949242828 ], [ -80.350587345058599, 44.027791418592685 ], [ -80.350633168954502, 44.027252796886884 ], [ -80.349886654158709, 44.027219731959597 ], [ -80.349909569428647, 44.026950421413517 ], [ -80.348789804417166, 44.026900814345474 ], [ -80.348835645261033, 44.026362194041234 ], [ -80.349208896379039, 44.026378730881447 ], [ -80.349277650462568, 44.025570800826827 ], [ -80.348904404834741, 44.025554264247972 ], [ -80.348927324241444, 44.025284954493735 ], [ -80.348554080669246, 44.025268416676965 ], [ -80.348531159432511, 44.025537726344027 ], [ -80.347784669304943, 44.025504646560989 ], [ -80.34776174418252, 44.025773956142238 ], [ -80.347388497627179, 44.025757414175935 ], [ -80.347342643045252, 44.026296033429396 ], [ -80.346969393055474, 44.026279489963692 ], [ -80.346946463595927, 44.026548799635876 ], [ -80.346573212001744, 44.026532254757932 ], [ -80.346527348745298, 44.027070874193157 ], [ -80.346154093716663, 44.027054327815762 ], [ -80.346131159919707, 44.02732363757881 ], [ -80.345757903286682, 44.02730708978909 ], [ -80.345689095050858, 44.028115019346984 ], [ -80.345315833153151, 44.028098469970601 ], [ -80.3453387712877, 44.027829160116781 ], [ -80.34496551144592, 44.027812609502448 ], [ -80.344873750232111, 44.028889849099137 ], [ -80.344500483295377, 44.028873296810858 ], [ -80.34445459767305, 44.029411916964939 ], [ -80.344081327301666, 44.029395363177073 ], [ -80.34405838232145, 44.029664673299422 ], [ -80.34443165452312, 44.029681227174507 ], [ -80.344408711147338, 44.029950537472381 ], [ -80.343662163309318, 44.02991742822261 ], [ -80.343639216047052, 44.030186738434409 ], [ -80.34326594063657, 44.030170181734512 ], [ -80.343197092003422, 44.030978112638103 ], [ -80.342823811327847, 44.030961554351329 ], [ -80.342732002665812, 44.032038796443466 ], [ -80.342358714894601, 44.032022236482483 ], [ -80.342335760333782, 44.032291547139003 ], [ -80.341589181808402, 44.032258423066814 ], [ -80.341566223360715, 44.032527733637103 ], [ -80.340819642078486, 44.032494604089429 ], [ -80.34079667974386, 44.03276391457343 ], [ -80.34005009570491, 44.032730779550235 ], [ -80.340027129483275, 44.033000089947912 ], [ -80.338907249629173, 44.032950377211854 ], [ -80.338769414601856, 44.03456623987978 ], [ -80.3391427186436, 44.034582812640942 ], [ -80.339073803568596, 44.035390745427975 ], [ -80.339820423314137, 44.035423887498247 ], [ -80.339705578639425, 44.036770444780529 ], [ -80.339332259500168, 44.036753873971527 ], [ -80.339309288056086, 44.037023185605243 ], [ -80.339682609026084, 44.037039756501478 ], [ -80.339659639186593, 44.037309068310748 ], [ -80.340032962213499, 44.037325637969005 ], [ -80.34000999397864, 44.037594949953672 ], [ -80.340383319062454, 44.037611518373865 ], [ -80.340337385575978, 44.0381501427823 ], [ -80.340710714547498, 44.038166710051669 ], [ -80.340664783818227, 44.038705334987334 ], [ -80.341038116677566, 44.03872190110588 ], [ -80.341015152804658, 44.038991213793217 ], [ -80.341388487720948, 44.039007778673621 ], [ -80.341411449762987, 44.03873846589903 ], [ -80.341784783074473, 44.038755029366762 ], [ -80.3415322083181, 44.041717475694369 ], [ -80.341158854865924, 44.041700911266659 ], [ -80.341112925581726, 44.04223953884248 ], [ -80.339992855595426, 44.042189837082731 ], [ -80.339969885120851, 44.04245915074091 ], [ -80.339596527079934, 44.042442580749402 ], [ -80.339573554548053, 44.042711894408299 ], [ -80.339200194902233, 44.042695323003969 ], [ -80.339154245497625, 44.043233950411391 ], [ -80.338407519560064, 44.04320080327691 ], [ -80.338384540856097, 44.043470116938082 ], [ -80.338011176395554, 44.043453541295221 ], [ -80.337988195634139, 44.043722854957103 ], [ -80.337614829568679, 44.0437062779014 ], [ -80.337545880433154, 44.044514219153214 ], [ -80.33717250910037, 44.044497640509938 ], [ -80.337149523771359, 44.044766954349214 ], [ -80.336402778122306, 44.044733792911337 ], [ -80.336356799460219, 44.045272420504531 ], [ -80.335983423312697, 44.045255837622548 ], [ -80.335937440082546, 44.04579446539303 ], [ -80.335564060498839, 44.045777881010693 ], [ -80.33554106671285, 44.046047194940577 ], [ -80.335167685524254, 44.046030609145284 ], [ -80.335121693610333, 44.04656923709414 ], [ -80.334374924587095, 44.046536061177271 ], [ -80.334351924627754, 44.046805375108896 ], [ -80.333978538624478, 44.046788785074561 ], [ -80.333909531893383, 44.047596727135087 ], [ -80.333536140622428, 44.04758013551298 ], [ -80.333513136094297, 44.04784944962163 ], [ -80.333139743218439, 44.047832856586467 ], [ -80.333070722780491, 44.04864079917779 ], [ -80.332697324636811, 44.04862420455472 ], [ -80.332674315539549, 44.048893518840281 ], [ -80.332300915790952, 44.048876922804112 ], [ -80.332231881645129, 44.049684865925933 ], [ -80.331858476628582, 44.049668268301787 ], [ -80.33178943494859, 44.050476211952422 ], [ -80.331416024663966, 44.050459612740234 ], [ -80.331393008485747, 44.050728927378771 ], [ -80.33101959659615, 44.050712326753427 ], [ -80.330904503146968, 44.052058900826957 ], [ -80.330531082325777, 44.05204229843855 ], [ -80.330508061124164, 44.052311613429367 ], [ -80.330881483777091, 44.052328215905248 ], [ -80.33083544435722, 44.052866846325372 ], [ -80.330462018040848, 44.052850243674541 ], [ -80.330438996159103, 44.053119558928913 ], [ -80.330065568237686, 44.053102954864819 ], [ -80.329996495736765, 44.05391090089244 ], [ -80.329623062546702, 44.053894295240156 ], [ -80.329577009415345, 44.054432926189321 ], [ -80.329203572788387, 44.054416319036257 ], [ -80.32908842683193, 44.055762897508174 ], [ -80.328714981272313, 44.055746288591749 ], [ -80.328622853096746, 44.056823552599305 ], [ -80.328249400436079, 44.056806942007015 ], [ -80.328226365993075, 44.057076258140775 ], [ -80.327852911727248, 44.057059646135109 ], [ -80.327783801540946, 44.057867594800292 ], [ -80.328530721291742, 44.0579008180109 ], [ -80.328415551431306, 44.059247401749396 ], [ -80.328042082281868, 44.059230790369398 ], [ -80.327880822123063, 44.061116010674084 ], [ -80.327507340374936, 44.061099397355456 ], [ -80.327461260337088, 44.061638032342245 ], [ -80.327087775151298, 44.061621417522581 ], [ -80.327018647895471, 44.062429370397531 ], [ -80.32627166721069, 44.062396136255003 ], [ -80.326248620673411, 44.062665453880129 ], [ -80.325875128839144, 44.062648834732322 ], [ -80.325852080242456, 44.06291815235754 ], [ -80.325478586802816, 44.062901531796115 ], [ -80.32538638281612, 44.063978802822966 ], [ -80.325012882273811, 44.063962180585214 ], [ -80.324943721402235, 44.064770134512479 ], [ -80.324570215589532, 44.064753510685954 ], [ -80.324547159678986, 44.065022828749292 ], [ -80.324173652260868, 44.065006203509149 ], [ -80.324150594290671, 44.065275521572467 ], [ -80.323777085267139, 44.065258894918706 ], [ -80.323754025237278, 44.065528212981945 ], [ -80.323007004206545, 44.065494955520919 ], [ -80.322983940284402, 44.065764273496562 ], [ -80.322236916497289, 44.065731010556071 ], [ -80.322213848682807, 44.066000328443984 ], [ -80.320719796505117, 44.065933786299631 ], [ -80.32074287164987, 44.065664468762321 ], [ -80.319248830439108, 44.065597905751659 ], [ -80.319271912686702, 44.065328588652619 ], [ -80.317777882443878, 44.065262004775924 ], [ -80.317800971794142, 44.064992688115282 ], [ -80.317427466634484, 44.064976038918729 ], [ -80.317381284041517, 44.065514672152112 ], [ -80.316634267074519, 44.065481369429946 ], [ -80.316611171771811, 44.065750686002524 ], [ -80.316237661797032, 44.065734032564691 ], [ -80.316214564434276, 44.066003349136992 ], [ -80.315841052854466, 44.065986694285307 ], [ -80.315817953431662, 44.066256010857444 ], [ -80.312082831825421, 44.066089388529804 ], [ -80.312059713849521, 44.066358704311554 ], [ -80.3116862011085, 44.066342034697662 ], [ -80.311709320916933, 44.066072719003749 ], [ -80.309468260249034, 44.065972674000442 ], [ -80.30944512944545, 44.066241989167239 ], [ -80.309071618298972, 44.06622531027098 ], [ -80.309002219023554, 44.067033256032794 ], [ -80.3093757356677, 44.067049935192664 ], [ -80.309306339839253, 44.067857882005683 ], [ -80.309679862209038, 44.067874560103135 ], [ -80.309610469827803, 44.068682507967154 ], [ -80.309983997923453, 44.068699185002131 ], [ -80.309960868506678, 44.068968501219643 ], [ -80.310334398662846, 44.068985177016366 ], [ -80.31031127085096, 44.069254493409197 ], [ -80.310684803067673, 44.069271167967663 ], [ -80.310661676860704, 44.0695404845358 ], [ -80.311035211137977, 44.069557157856003 ], [ -80.311012086535968, 44.069826474599466 ], [ -80.311759159439418, 44.069859817437106 ], [ -80.311736038275157, 44.070129134443718 ], [ -80.312109576901321, 44.070145803961132 ], [ -80.312086457342119, 44.070415121143036 ], [ -80.312459998028828, 44.070431789422138 ], [ -80.312436880074699, 44.070701106779261 ], [ -80.312810422821997, 44.070717773820057 ], [ -80.31278730647297, 44.070987091352471 ], [ -80.313534396316399, 44.071020421631097 ], [ -80.313511283405404, 44.071289739426554 ], [ -80.313884830501536, 44.071306402664362 ], [ -80.313815495901139, 44.072114356838767 ], [ -80.313068390939108, 44.072081028510084 ], [ -80.312975926953911, 44.073158301263888 ], [ -80.313349486652953, 44.073174966442572 ], [ -80.313326371920382, 44.073444284937331 ], [ -80.312952810388282, 44.073427619670838 ], [ -80.312906576573837, 44.073966256746878 ], [ -80.312533011603406, 44.073949589978461 ], [ -80.312509892521518, 44.074218908559779 ], [ -80.311389193477666, 44.074168900033619 ], [ -80.311412318058757, 44.07389958171585 ], [ -80.31066519016801, 44.073866236242843 ], [ -80.31068831818736, 44.073596918188137 ], [ -80.309194072472309, 44.073530211678616 ], [ -80.309147801541499, 44.074068847172406 ], [ -80.308774237016422, 44.074052167053672 ], [ -80.308751099376096, 44.074321484843708 ], [ -80.308377533245917, 44.07430480331081 ], [ -80.308308113457954, 44.075112756941415 ], [ -80.307560970883031, 44.075079389369407 ], [ -80.307398957734222, 44.076964616333392 ], [ -80.30702537395662, 44.076947929942541 ], [ -80.307002226475731, 44.07721724834159 ], [ -80.307375812086576, 44.077233934820327 ], [ -80.307352666210903, 44.077503253394617 ], [ -80.309967784703687, 44.077620022224053 ], [ -80.309944651432971, 44.077889341500878 ], [ -80.31031824253418, 44.07790601754472 ], [ -80.31029511086885, 44.078175336996708 ], [ -80.309921517934328, 44.078158660865 ], [ -80.309875250253299, 44.078697299855044 ], [ -80.309501653880005, 44.078680622221221 ], [ -80.309478517864235, 44.078949941759262 ], [ -80.30873132213479, 44.078916582336745 ], [ -80.308685042085827, 44.079455221323094 ], [ -80.308311440896304, 44.07943853944645 ], [ -80.308288298696439, 44.079707858982601 ], [ -80.307541093334606, 44.079674491074385 ], [ -80.307494800917098, 44.080213130056812 ], [ -80.307868407150849, 44.080229814849964 ], [ -80.307845262433474, 44.08049913455995 ], [ -80.308218870728751, 44.080515818114577 ], [ -80.308195727616777, 44.08078513799974 ], [ -80.308569337973552, 44.080801820315884 ], [ -80.308523054732603, 44.08134046052357 ], [ -80.307402213345384, 44.081290409068409 ], [ -80.307379065882287, 44.081559729039434 ], [ -80.30663183576408, 44.081526354594651 ], [ -80.306585532819469, 44.082064994446448 ], [ -80.306211914435409, 44.082048305058549 ], [ -80.306188760787364, 44.082317625027287 ], [ -80.305815140797876, 44.082300934224996 ], [ -80.305745672984102, 44.083108894390598 ], [ -80.30537204772196, 44.083092201997921 ], [ -80.305325731037996, 44.083630842368322 ], [ -80.304952102336742, 44.083614148473274 ], [ -80.304928941818815, 44.083883468701224 ], [ -80.30380805158336, 44.08383337879323 ], [ -80.303854383392959, 44.083294738952326 ], [ -80.302359880943968, 44.083227934541398 ], [ -80.302336707818768, 44.083497254066266 ], [ -80.301215827878508, 44.083447136566051 ], [ -80.301239006504588, 44.083177817305291 ], [ -80.300865382148203, 44.083161108906978 ], [ -80.300888562379484, 44.082891789821389 ], [ -80.299767696181576, 44.082841656931791 ], [ -80.299744510449528, 44.083110975753222 ], [ -80.29937088700683, 44.083094262049045 ], [ -80.299347699212731, 44.083363580869566 ], [ -80.297853200392524, 44.083296712435882 ], [ -80.29787639552103, 44.083027393967726 ], [ -80.297502773220884, 44.083010673631243 ], [ -80.297479576258795, 44.083279992011306 ], [ -80.296732328677066, 44.083246547182767 ], [ -80.296709127819227, 44.083515865473764 ], [ -80.294467379559464, 44.083415498624255 ], [ -80.294397742609135, 44.084223452433505 ], [ -80.294024113198745, 44.084206719718182 ], [ -80.293977683754278, 44.084745355850337 ], [ -80.293604050905316, 44.084728621632138 ], [ -80.293580834006292, 44.08499793974071 ], [ -80.293954468688938, 44.085014674047095 ], [ -80.293884822120376, 44.085822629159978 ], [ -80.293511181936623, 44.085805894589051 ], [ -80.293441527807914, 44.086613850221248 ], [ -80.293067882351608, 44.08659711405928 ], [ -80.292998220662383, 44.087405070210565 ], [ -80.292250919433357, 44.08737159337781 ], [ -80.292227694744966, 44.087640912092645 ], [ -80.291480390763653, 44.087607429777222 ], [ -80.291457162178688, 44.087876748402678 ], [ -80.290709855445243, 44.087843260604572 ], [ -80.290616924145183, 44.088920535270937 ], [ -80.29024326378628, 44.088903789029075 ], [ -80.290220028554998, 44.089173107824976 ], [ -80.289846366591107, 44.089156360168275 ], [ -80.289823129296892, 44.089425678962975 ], [ -80.289449465728055, 44.089408929891434 ], [ -80.289286785418582, 44.09129416327238 ], [ -80.288913109240639, 44.09127741225641 ], [ -80.288889866446254, 44.09154673157051 ], [ -80.288516188663252, 44.091529979139594 ], [ -80.288492943805721, 44.091799298452372 ], [ -80.288119264417688, 44.091782544606509 ], [ -80.288096017496983, 44.092051863917938 ], [ -80.287722336503919, 44.092035108657164 ], [ -80.287699087519982, 44.092304427967285 ], [ -80.287325404921901, 44.092287671291508 ], [ -80.287162642779535, 44.094172908278509 ], [ -80.287536338217009, 44.094189665572351 ], [ -80.287489836353984, 44.094728305670358 ], [ -80.287863535689169, 44.094745061814081 ], [ -80.28777053655071, 44.095822343405992 ], [ -80.287396829878176, 44.095805586909108 ], [ -80.287350325265351, 44.096344228049738 ], [ -80.286976615153193, 44.096327470049481 ], [ -80.286953360668619, 44.096596790661785 ], [ -80.286579648951232, 44.096580031246432 ], [ -80.286556392403028, 44.096849351857294 ], [ -80.285808965987044, 44.096815828869566 ], [ -80.285435253122898, 44.096799065385568 ], [ -80.285458515174369, 44.096529745039682 ], [ -80.284711093802699, 44.096496214267958 ], [ -80.284734359293694, 44.096226894185605 ], [ -80.283986942507994, 44.096193358283401 ], [ -80.284010211438442, 44.09592403846468 ], [ -80.283636505223924, 44.095907268611825 ], [ -80.283659775759418, 44.095637948968275 ], [ -80.2832860716086, 44.095621177877042 ], [ -80.283309343749067, 44.095351858408726 ], [ -80.282935641661922, 44.09533508607911 ], [ -80.282982188923413, 44.09479644757986 ], [ -80.282608490734233, 44.094779674100302 ], [ -80.282631765855186, 44.09451035506941 ], [ -80.281884373833506, 44.094476804306815 ], [ -80.281954208825525, 44.093668848265864 ], [ -80.280833139021595, 44.093618512967332 ], [ -80.280879705540968, 44.09307987657165 ], [ -80.280506019733551, 44.093063095662266 ], [ -80.280575873294083, 44.092255141985902 ], [ -80.2802021932185, 44.092238360015124 ], [ -80.280295335423062, 44.091161090017408 ], [ -80.279547990632707, 44.091127522803419 ], [ -80.279571279278201, 44.090858205698225 ], [ -80.279197609061256, 44.090841420189705 ], [ -80.27924418933172, 44.090302786417098 ], [ -80.278123191061837, 44.090252422462633 ], [ -80.278193076251526, 44.089444473252129 ], [ -80.277819416122426, 44.089427682879531 ], [ -80.277912600497089, 44.088350418837202 ], [ -80.277538947932925, 44.088333627491878 ], [ -80.27758554241052, 44.087794996169684 ], [ -80.277211893743527, 44.087778203674816 ], [ -80.277328385088836, 44.086431627334541 ], [ -80.276954745820049, 44.086414833955587 ], [ -80.276978045234088, 44.086145519037117 ], [ -80.276604408028533, 44.086128724420128 ], [ -80.276720910823101, 44.084782151576057 ], [ -80.276347283015212, 44.084765356075103 ], [ -80.276393886193048, 44.084226727723923 ], [ -80.276020262281847, 44.084209931073545 ], [ -80.276043565359899, 44.083940617117072 ], [ -80.276417187437573, 44.083957413678959 ], [ -80.276510390119839, 44.082880158370031 ], [ -80.276884005093194, 44.082896953251499 ], [ -80.276907303356381, 44.082627639553536 ], [ -80.277280916725857, 44.082644433020128 ], [ -80.277304212926069, 44.082375119320787 ], [ -80.277677824691665, 44.082391911372454 ], [ -80.277747706414971, 44.081583970531831 ], [ -80.277374100149544, 44.081567178745551 ], [ -80.277397395431635, 44.081297865394717 ], [ -80.276650187256038, 44.081264278020051 ], [ -80.27667348597528, 44.080994964933353 ], [ -80.275926282384532, 44.080961372430217 ], [ -80.275972886467528, 44.080422746872287 ], [ -80.276346484481536, 44.080439543610026 ], [ -80.276416383384458, 44.079631605661326 ], [ -80.276042790870193, 44.079614809189103 ], [ -80.27606609187859, 44.079345496802368 ], [ -80.275692501427102, 44.079328699092329 ], [ -80.275715804039137, 44.079059386881283 ], [ -80.27608939265744, 44.079076184502824 ], [ -80.276182593477188, 44.077998936176606 ], [ -80.275809012191459, 44.077982138909057 ], [ -80.275855614890219, 44.077443515446163 ], [ -80.275482037500225, 44.077426717029397 ], [ -80.275528642946838, 44.076888094092403 ], [ -80.275155069452524, 44.076871294526413 ], [ -80.275201677646862, 44.076332672115356 ], [ -80.275575247475146, 44.076349471504315 ], [ -80.275691754778606, 44.075002916560919 ], [ -80.276065315671687, 44.075019714181053 ], [ -80.276088614610828, 44.07475040336567 ], [ -80.277582853146669, 44.074817580230487 ], [ -80.277629435673319, 44.074278958153592 ], [ -80.278002992215178, 44.074295748877368 ], [ -80.278026281301479, 44.074026437881372 ], [ -80.278399836239913, 44.074043227190494 ], [ -80.27849298295952, 44.072965983725688 ], [ -80.278866530796066, 44.072982771354816 ], [ -80.278913099113936, 44.072444149969371 ], [ -80.279286643514325, 44.072460936095439 ], [ -80.279309925496463, 44.072191625445242 ], [ -80.279683468293427, 44.072208410156804 ], [ -80.279706748213499, 44.071939099505485 ], [ -80.280453830829956, 44.071972664773249 ], [ -80.28050038265124, 44.071434043379035 ], [ -80.281247458853997, 44.071467602988669 ], [ -80.281270730755324, 44.071198292245718 ], [ -80.281644267367909, 44.071215069972943 ], [ -80.28169080681748, 44.070676448572364 ], [ -80.282064339993923, 44.070693224796699 ], [ -80.282087607542238, 44.070423914139063 ], [ -80.282461139115256, 44.070440688948914 ], [ -80.282484404601732, 44.070171378290269 ], [ -80.282857934571311, 44.070188151685649 ], [ -80.282904461191507, 44.069649530453752 ], [ -80.284398568700269, 44.069716610067488 ], [ -80.284445079743222, 44.069177988478295 ], [ -80.284071556187527, 44.069161220740654 ], [ -80.284141326531511, 44.068353289277439 ], [ -80.28451484458958, 44.068370056750027 ], [ -80.284561353341815, 44.067831436034943 ], [ -80.284934867963955, 44.067848202004747 ], [ -80.284958120164006, 44.067578891690083 ], [ -80.285331633182722, 44.067595656245587 ], [ -80.285378133230807, 44.067057035701801 ], [ -80.285751642813636, 44.067073798754613 ], [ -80.285774890661742, 44.06680448852557 ], [ -80.286148398641132, 44.066821250164075 ], [ -80.286218135314328, 44.066013319736726 ], [ -80.285844632832109, 44.06599655836316 ], [ -80.285867879764268, 44.065727248483974 ], [ -80.286988382400708, 44.065777528361778 ], [ -80.287058105332392, 44.064969598454319 ], [ -80.287431601172088, 44.064986355496728 ], [ -80.28745483985918, 44.064717045614309 ], [ -80.287828334095479, 44.064733801242461 ], [ -80.287851570721401, 44.064464491359232 ], [ -80.287478078317392, 44.064447735819321 ], [ -80.287547792318676, 44.063639806959522 ], [ -80.287174305640278, 44.063623050358537 ], [ -80.287197545015147, 44.063353741001926 ], [ -80.286824060397862, 44.06333698316331 ], [ -80.286847301376042, 44.063067673982516 ], [ -80.286473818819815, 44.063050914906285 ], [ -80.286566787771932, 44.061973679411714 ], [ -80.287313738456149, 44.062007195531912 ], [ -80.287453163032424, 44.060391343857283 ], [ -80.287079698568164, 44.060374586989859 ], [ -80.287102937028507, 44.060105278772234 ], [ -80.287476399660775, 44.060122035551366 ], [ -80.287522872230937, 44.059583419202326 ], [ -80.287896331428115, 44.059600174479094 ], [ -80.287942799419028, 44.059061558303888 ], [ -80.288316255181186, 44.059078312078249 ], [ -80.288339487001494, 44.058809004033812 ], [ -80.288712941160554, 44.0588257563941 ], [ -80.288759400451013, 44.058287140391549 ], [ -80.289132851175097, 44.058303891249494 ], [ -80.289179305886762, 44.057765275421019 ], [ -80.288805858826379, 44.057748524739566 ], [ -80.288852316286651, 44.05720990943815 ], [ -80.289225759683404, 44.05722665994309 ], [ -80.289365115583578, 44.055610815613242 ], [ -80.288991683177272, 44.055594065637798 ], [ -80.289038136977496, 44.055055451739136 ], [ -80.288664708463273, 44.055038700614496 ], [ -80.28873439294297, 44.054230780688961 ], [ -80.288360970152326, 44.054214028503445 ], [ -80.288500343924923, 44.052598191550494 ], [ -80.288126932352284, 44.052581438568865 ], [ -80.288196621644872, 44.051773521541683 ], [ -80.288570027723154, 44.051790274258551 ], [ -80.288593255198435, 44.051520968670083 ], [ -80.288219850951563, 44.051504216041458 ], [ -80.288243080029517, 44.051234910629063 ], [ -80.288616482444979, 44.051251663169381 ], [ -80.288732615246929, 44.04990513698263 ], [ -80.288359221988188, 44.04988838488363 ], [ -80.288382449693742, 44.049619079997917 ], [ -80.288009058495021, 44.049602326661613 ], [ -80.288101974354959, 44.048525108349963 ], [ -80.288475358228709, 44.048541861333213 ], [ -80.288498584790673, 44.048272556886594 ], [ -80.288125202748134, 44.048255803991623 ], [ -80.288380699977907, 44.045293461847962 ], [ -80.28726061564852, 44.045243198122904 ], [ -80.28728384679016, 44.044973895083722 ], [ -80.286910487635438, 44.044957137946064 ], [ -80.286933720379309, 44.04468783508311 ], [ -80.286560363284295, 44.044671076708333 ], [ -80.28658359763034, 44.04440177402153 ], [ -80.286210242595033, 44.044385014409627 ], [ -80.28623347854321, 44.044115711899025 ], [ -80.285860125567609, 44.044098951049989 ], [ -80.28588336311789, 44.043829648715629 ], [ -80.285510012201968, 44.043812886629489 ], [ -80.285533251354337, 44.043543584471337 ], [ -80.284786553870674, 44.043510056499485 ], [ -80.284809796455917, 44.043240754605904 ], [ -80.284063103549329, 44.043207221509078 ], [ -80.28408634956736, 44.042937919880131 ], [ -80.283713005288178, 44.042921151432004 ], [ -80.283736252908156, 44.0426518499793 ], [ -80.283362910688666, 44.042635080294133 ], [ -80.283386159910521, 44.042365779017715 ], [ -80.28375950029924, 44.042382548614491 ], [ -80.283805994394754, 44.041843946148802 ], [ -80.283432657667532, 44.041827176728702 ], [ -80.283525650434825, 44.040749973206147 ], [ -80.282778992312643, 44.040716431096733 ], [ -80.282895246428026, 44.03936992955655 ], [ -80.282521926863325, 44.039353156955656 ], [ -80.282568430568233, 44.038814557132305 ], [ -80.282941746471849, 44.038831329556437 ], [ -80.283011494820883, 44.03802343021637 ], [ -80.282264874225547, 44.037989884573058 ], [ -80.282311379302271, 44.037451285806597 ], [ -80.282684685824591, 44.03746805911414 ], [ -80.282800935358537, 44.036121563296909 ], [ -80.282427637988164, 44.036104790431196 ], [ -80.282636889202536, 44.033681104304016 ], [ -80.282263608533384, 44.033664330908451 ], [ -80.282356610443003, 44.03258713971838 ], [ -80.281983337323311, 44.032570365351148 ], [ -80.282006589058625, 44.032301067862292 ], [ -80.281633317997901, 44.032284292258346 ], [ -80.281749582391441, 44.030937806578272 ], [ -80.282122844301966, 44.030954581740325 ], [ -80.282146094664014, 44.030685284780411 ], [ -80.28102631510906, 44.03063495558424 ], [ -80.281049570732137, 44.030365658977651 ], [ -80.280676313168243, 44.030348880017179 ], [ -80.280746084153748, 44.029540990991656 ], [ -80.281119336227874, 44.02955776968696 ], [ -80.281142590935303, 44.029288473433098 ], [ -80.281515841408449, 44.029305250714948 ], [ -80.281585598667775, 44.02849736221745 ], [ -80.281958843880233, 44.028514137909141 ], [ -80.281982094012449, 44.028244841831366 ], [ -80.283101825533393, 44.028295160691307 ], [ -80.283125069947332, 44.02802586443665 ], [ -80.283498312415446, 44.028042634651548 ], [ -80.283661004098633, 44.026157562721288 ], [ -80.284407464104703, 44.026191097939517 ], [ -80.284384226781356, 44.026460393841482 ], [ -80.285503923994924, 44.02651068699668 ], [ -80.285527155829158, 44.026241390829767 ], [ -80.285900386861329, 44.026258152476615 ], [ -80.285923616637191, 44.025988856309652 ], [ -80.286670075728054, 44.02602237545193 ], [ -80.286693301615927, 44.025753079196654 ], [ -80.287066529674604, 44.025769836692071 ], [ -80.287089753504205, 44.025500540436816 ], [ -80.287462979961774, 44.025517296519013 ], [ -80.287486201733145, 44.025248000263765 ], [ -80.286366528535112, 44.025197728307198 ], [ -80.286389755566816, 44.024928432405105 ], [ -80.284896868488602, 44.024861384933928 ], [ -80.284920102610116, 44.024592089473337 ], [ -80.284546883241802, 44.024575324381587 ], [ -80.284570118964197, 44.024306029097623 ], [ -80.283823684572866, 44.024272495116058 ], [ -80.283846923725676, 44.024003200097056 ], [ -80.282727279342822, 44.023952889453057 ], [ -80.282750523755467, 44.023683594787414 ], [ -80.282004098969836, 44.02365004791038 ], [ -80.282166829065048, 44.02176498896111 ], [ -80.282540028537355, 44.021781762443496 ], [ -80.282586517132387, 44.021243174790634 ], [ -80.282959713174719, 44.021259946771472 ], [ -80.283052680302376, 44.020182772172724 ], [ -80.283425869256206, 44.020199542475353 ], [ -80.283495586712448, 44.01939166218925 ], [ -80.283122403246409, 44.019374892151689 ], [ -80.283192124131915, 44.01856701292634 ], [ -80.282818946382179, 44.018550241828976 ], [ -80.282865429487259, 44.018011656297524 ], [ -80.282492255624547, 44.017994884052207 ], [ -80.282515498663116, 44.017725591507457 ], [ -80.282888670696693, 44.017742363664418 ], [ -80.282958392952736, 44.016934486295746 ], [ -80.282212060088838, 44.016900941187259 ], [ -80.282281791260644, 44.016093065144808 ], [ -80.281908630658918, 44.01607629086859 ], [ -80.281931875754353, 44.015806999119732 ], [ -80.281558717210331, 44.015790223607233 ], [ -80.281628456611074, 44.014982349156604 ], [ -80.28088215118305, 44.014948794687953 ], [ -80.281091389951754, 44.012525177705868 ], [ -80.280718254040437, 44.01250839928008 ], [ -80.280764752685585, 44.011969818879031 ], [ -80.281137884939412, 44.011986597128043 ], [ -80.281323855740041, 44.009832278358999 ], [ -80.281696973593412, 44.009849054576392 ], [ -80.281789946189917, 44.008771896964369 ], [ -80.282163056957813, 44.008788671503794 ], [ -80.282279258415386, 44.007442226040716 ], [ -80.282652360269623, 44.00745899881386 ], [ -80.282675598046723, 44.007189709898789 ], [ -80.282302498020897, 44.007172937214008 ], [ -80.282325737397741, 44.006903648475927 ], [ -80.28195263942898, 44.006886874555079 ], [ -80.28197588040554, 44.006617585994022 ], [ -80.281602784493842, 44.006600810837078 ], [ -80.281649269417656, 44.006062234157689 ], [ -80.281276177391319, 44.006045457853084 ], [ -80.281369151807937, 44.00496830591181 ], [ -80.280622983067687, 44.004934750036441 ], [ -80.280669476216787, 44.004396174951445 ], [ -80.281415637644102, 44.004429730473277 ], [ -80.28143888021917, 44.004160442887063 ], [ -80.281811959447651, 44.004177218573048 ], [ -80.28188168031626, 44.003369356081521 ], [ -80.282254754288857, 44.003386130178043 ], [ -80.282324467615254, 44.002578268219928 ], [ -80.282697536332108, 44.00259504072703 ], [ -80.282720771822227, 44.002325753496777 ], [ -80.283839973860054, 44.002376062807052 ], [ -80.283863203637324, 44.002106775400556 ], [ -80.284236269612293, 44.002123542433658 ], [ -80.284259497332954, 44.00185425502756 ], [ -80.284632561708378, 44.001871020648061 ], [ -80.284586109694715, 44.00240959572573 ], [ -80.284959177954789, 44.002426360198484 ], [ -80.28493595343329, 44.002695647958696 ], [ -80.285309023750003, 44.002712411195482 ], [ -80.285285800828134, 44.002981699132754 ], [ -80.286031945803245, 44.00301522180991 ], [ -80.28600872630922, 44.003284510012541 ], [ -80.28712795096969, 44.003334784360447 ], [ -80.287104736731777, 44.003604072916644 ], [ -80.287477813903593, 44.003620828472172 ], [ -80.287454601265466, 44.00389011720538 ], [ -80.287827680493891, 44.003906871524777 ], [ -80.287804469455608, 44.004176160434952 ], [ -80.288177550740642, 44.00419291351826 ], [ -80.288154341302231, 44.004462202605403 ], [ -80.28852742464386, 44.004478954452544 ], [ -80.288504216805379, 44.004748243716676 ], [ -80.288877302203616, 44.004764994327672 ], [ -80.28878447587951, 44.005842152624133 ], [ -80.289157568819363, 44.005858902263661 ], [ -80.289111157944049, 44.006397482120512 ], [ -80.289484254768965, 44.006414230612094 ], [ -80.289461050817238, 44.006683520761769 ], [ -80.289834149698905, 44.006700268017113 ], [ -80.289787744767338, 44.007238848758917 ], [ -80.290160847534167, 44.007255594866237 ], [ -80.290137646554413, 44.007524885458366 ], [ -80.290510751377994, 44.007541630329357 ], [ -80.290464352390615, 44.008080211956042 ], [ -80.290837461099457, 44.008096955679079 ], [ -80.290814263091875, 44.00836624671355 ], [ -80.291187373857511, 44.008382989200278 ], [ -80.291164177450241, 44.008652280411596 ], [ -80.291537290272657, 44.008669021662001 ], [ -80.291514095465701, 44.008938313050166 ], [ -80.29188721034491, 44.008955053064241 ], [ -80.291864017138309, 44.009224344629239 ], [ -80.292237134074355, 44.009241083406984 ], [ -80.292190750633736, 44.009779666979178 ], [ -80.292563871455215, 44.009796404608736 ], [ -80.292471109150171, 44.01087357316915 ], [ -80.293217366107172, 44.010907045160025 ], [ -80.293194178617838, 44.011176337697968 ], [ -80.293567309267317, 44.0111930717947 ], [ -80.293590494927898, 44.0109237791686 ], [ -80.294709882758937, 44.010973973246877 ], [ -80.294686702584585, 44.011243266137377 ], [ -80.295806097954767, 44.011293448558867 ], [ -80.295782923038601, 44.011562741802344 ], [ -80.296156057113535, 44.011579466715062 ], [ -80.296132883798137, 44.011848760135251 ], [ -80.296879156289677, 44.011882206163214 ], [ -80.296786475378426, 44.012959381434491 ], [ -80.297532763412732, 44.012992822868675 ], [ -80.297509596272675, 44.013262117084103 ], [ -80.298629035520619, 44.013312269564828 ], [ -80.298605873639346, 44.013581564133013 ], [ -80.298979022340134, 44.01359827906537 ], [ -80.298932701551706, 44.014136868643455 ], [ -80.2996790069528, 44.014170294886405 ], [ -80.299655849874682, 44.014439589984391 ], [ -80.299282695231199, 44.014422877437234 ], [ -80.299236376733276, 44.014961467722628 ], [ -80.298490060814004, 44.014928038302145 ], [ -80.298466897565106, 44.015197333401538 ], [ -80.29809373811834, 44.015180616616121 ], [ -80.298047407278602, 44.015719206904436 ], [ -80.298793733716295, 44.015752639502765 ], [ -80.29877057161265, 44.016021934955802 ], [ -80.299143737002495, 44.016038649355963 ], [ -80.29909741576958, 44.016577240703654 ], [ -80.299843754549528, 44.016610665881984 ], [ -80.299820597249479, 44.01687996186466 ], [ -80.300940112616018, 44.016930089960752 ], [ -80.300916960575591, 44.017199386295999 ], [ -80.301290134649335, 44.01721609309989 ], [ -80.301220682648605, 44.018023982900615 ], [ -80.300847503087226, 44.01800727583268 ], [ -80.300824350135372, 44.018276572521856 ], [ -80.3004511689726, 44.01825986404112 ], [ -80.300381703262062, 44.019067754375342 ], [ -80.301501263897563, 44.019117876635335 ], [ -80.30152441387439, 44.018848579504777 ], [ -80.302270785111972, 44.018881987544759 ], [ -80.302293931202357, 44.018612690326627 ], [ -80.302667115333549, 44.018629392271414 ], [ -80.302875403433859, 44.016205720497872 ], [ -80.303248571329874, 44.016222420326066 ], [ -80.303271711484243, 44.015953123816857 ], [ -80.303644877778865, 44.015969822232336 ], [ -80.303737428802791, 44.014892636728817 ], [ -80.304110588008754, 44.014909333467727 ], [ -80.304133723366448, 44.014640037225234 ], [ -80.304506880971047, 44.014656732551501 ], [ -80.304530014272046, 44.014387436309534 ], [ -80.305276326506117, 44.01442082281217 ], [ -80.305299455921428, 44.01415152648292 ], [ -80.305672610550872, 44.01416821765924 ], [ -80.305695737909588, 44.013898921330615 ], [ -80.306815197676372, 44.013948986647712 ], [ -80.306907682887697, 44.012871801163953 ], [ -80.307653975904799, 44.012905170715428 ], [ -80.307677092980967, 44.012635874390156 ], [ -80.308050238001812, 44.012652557091023 ], [ -80.30807335302157, 44.012383260766455 ], [ -80.308819640087819, 44.012416622018478 ], [ -80.308842751222315, 44.012147325606762 ], [ -80.309589035540426, 44.012180681384493 ], [ -80.30965835660615, 44.011372792153836 ], [ -80.309285219820012, 44.011356115190864 ], [ -80.309308328216005, 44.011086819045737 ], [ -80.308562058983625, 44.011053461321673 ], [ -80.308585170809849, 44.010784165440924 ], [ -80.308212038363592, 44.010767484679846 ], [ -80.308235151791195, 44.010498188975596 ], [ -80.307862021401192, 44.010481506977804 ], [ -80.307977594271378, 44.00913503022565 ], [ -80.308350715517719, 44.00915171178405 ], [ -80.30839693941634, 44.008613121528057 ], [ -80.308023821827362, 44.008596440145432 ], [ -80.308093161455602, 44.007788555690162 ], [ -80.307720049579942, 44.007771873246647 ], [ -80.307766278518827, 44.007233284229024 ], [ -80.308139386737309, 44.007249966496779 ], [ -80.308162499037053, 44.006980672033137 ], [ -80.308908712499132, 44.00701403241937 ], [ -80.308931820914353, 44.006744737868644 ], [ -80.309304926157935, 44.006761415987171 ], [ -80.30935113864922, 44.006222826976256 ], [ -80.309724240463098, 44.006239503594536 ], [ -80.309747344539218, 44.005970209134283 ], [ -80.310120444751931, 44.00598688434026 ], [ -80.310259053464264, 44.004371118915458 ], [ -80.30988596422219, 44.004354444236562 ], [ -80.309909066707093, 44.004085150397579 ], [ -80.309535979520703, 44.004068474482111 ], [ -80.309628394500606, 44.002991300365366 ], [ -80.31112071535658, 44.003057994675288 ], [ -80.31114381122012, 44.002788701016719 ], [ -80.311516890173962, 44.002805371195372 ], [ -80.311563077562795, 44.002266783968992 ], [ -80.311936153087302, 44.002283452647639 ], [ -80.312005426981798, 44.001475572210786 ], [ -80.312378497248801, 44.001492239301605 ], [ -80.312424675052839, 44.000953652612232 ], [ -80.31279774189062, 44.000970318203102 ], [ -80.312820828623757, 44.000701024903883 ], [ -80.3131938938605, 44.000717689082599 ], [ -80.313216978538335, 44.000448395784481 ], [ -80.313963106036852, 44.000481719993267 ], [ -80.313986186831286, 44.000212426608414 ], [ -80.314732311581864, 44.000245745344337 ], [ -80.314755388492969, 43.999976451872811 ], [ -80.31512844938068, 43.99999310916651 ], [ -80.31515152423664, 43.999723815696107 ], [ -80.315524583523271, 43.999740471577709 ], [ -80.315501510495409, 44.000009765135871 ], [ -80.316247633405865, 44.000043073101544 ], [ -80.316224563807282, 44.000312366924057 ], [ -80.316597627431108, 44.000329019008113 ], [ -80.316574559433718, 44.000598313007188 ], [ -80.317693757151346, 44.000648261576401 ], [ -80.317670694411575, 44.000917555927437 ], [ -80.318043762599459, 44.000934202889518 ], [ -80.317997640095641, 44.001472792033596 ], [ -80.318370712166882, 44.001489437846587 ], [ -80.318347652402878, 44.001758732639601 ], [ -80.318720726529222, 44.001775377215971 ], [ -80.318697668366624, 44.00204467218547 ], [ -80.319443820956437, 44.002077957540358 ], [ -80.319420766223573, 44.002347252774058 ], [ -80.319793844687027, 44.002363893552563 ], [ -80.319770791555641, 44.002633188962704 ], [ -80.320516952819645, 44.002666466721834 ], [ -80.32049390311812, 44.002935762396149 ], [ -80.321240068945926, 44.002969035032841 ], [ -80.321263114990771, 44.00269973918325 ], [ -80.322382359947966, 44.002749637942209 ], [ -80.322405400281042, 44.00248034191857 ], [ -80.323151561062659, 44.002513600960548 ], [ -80.323174597512377, 44.002244304850521 ], [ -80.323547676414833, 44.002260932297254 ], [ -80.323570710809591, 44.001991636188521 ], [ -80.32394378811037, 44.002008262223278 ], [ -80.32396682045021, 44.001738966115774 ], [ -80.324712972074948, 44.001772214036897 ], [ -80.32475902876169, 44.001233621738145 ], [ -80.325132101257353, 44.001250243536973 ], [ -80.325155127432623, 44.000980947433312 ], [ -80.325528198326566, 44.000997567820143 ], [ -80.325574246341006, 44.00045897570439 ], [ -80.327439585925873, 44.000542056897586 ], [ -80.327416571173089, 44.000811353348723 ], [ -80.327789641597676, 44.000827965701752 ], [ -80.327766628446724, 44.001097262329289 ], [ -80.328139700926002, 44.001113873445419 ], [ -80.328116689376898, 44.001383170249326 ], [ -80.328489763910866, 44.001399780128587 ], [ -80.328512773631658, 44.001130483237162 ], [ -80.328885846563693, 44.001147091704503 ], [ -80.328977875870109, 44.00006990467768 ], [ -80.328604810251036, 44.000053296560303 ], [ -80.328627818839948, 43.999784000113316 ], [ -80.329000882630808, 43.99980060814319 ], [ -80.329069901554874, 43.998992719073186 ], [ -80.331308256145533, 43.999092337866379 ], [ -80.331331251032026, 43.998823041162751 ], [ -80.332077367382638, 43.998856236657467 ], [ -80.331962408969758, 44.000202721939203 ], [ -80.332335476625346, 44.000219318137184 ], [ -80.332312486092391, 44.000488615547667 ], [ -80.332685555802428, 44.000505210508685 ], [ -80.332662566871548, 44.000774508095496 ], [ -80.333035638636034, 44.000791101819566 ], [ -80.333012651307271, 44.001060399582684 ], [ -80.333385725126206, 44.001076992069734 ], [ -80.333270794231638, 44.002423482655594 ], [ -80.333643877418481, 44.002440074255276 ], [ -80.33362089238949, 44.002709372726443 ], [ -80.333993977630882, 44.00272596308907 ], [ -80.333970994204165, 44.002995261736508 ], [ -80.334717169022213, 44.003028438663193 ], [ -80.334694189026251, 44.00329773757425 ], [ -80.335067278602892, 44.00331432413828 ], [ -80.335044300209304, 44.003583623225573 ], [ -80.335790483697764, 44.003616792554958 ], [ -80.335767508735088, 44.003886091905827 ], [ -80.336140602646893, 44.003902674671146 ], [ -80.336117629286676, 44.004171974198215 ], [ -80.337236917863848, 44.00422171480934 ], [ -80.337259885738476, 44.003952415020244 ], [ -80.337632980554332, 44.003968992487565 ], [ -80.337655946374483, 44.003699692700025 ], [ -80.339148320583305, 44.003765988975353 ], [ -80.339171278863475, 44.003496688927356 ], [ -80.339544371151931, 44.003513259597682 ], [ -80.339567327377722, 44.003243959551227 ], [ -80.340313508975257, 44.003277096743822 ], [ -80.340359413435323, 44.002738496568355 ], [ -80.340732500915877, 44.002755063003377 ], [ -80.340755450978733, 44.002485762961683 ], [ -80.34187470928984, 44.002535454058176 ], [ -80.341851764712359, 44.002804754361662 ], [ -80.342224853096042, 44.002821315498807 ], [ -80.342247795845054, 44.002552015108073 ], [ -80.343740144323093, 44.002618246063008 ], [ -80.34376307953255, 44.002348945412251 ], [ -80.344136165387795, 44.002365499752599 ], [ -80.344182031472869, 44.001826898543271 ], [ -80.344555113896874, 44.001843451384786 ], [ -80.344532182795589, 44.002112752032183 ], [ -80.345278351977299, 44.002145853916147 ], [ -80.345255424307297, 44.002415154826835 ], [ -80.345628511064987, 44.002431703869313 ], [ -80.34560558499787, 44.002701004956066 ], [ -80.347471031311954, 44.002783730737178 ], [ -80.347493948236632, 44.002514429214607 ], [ -80.34824012468377, 44.002547510081371 ], [ -80.348263037726014, 44.002278208473456 ], [ -80.348636124459262, 44.002294746832987 ], [ -80.348659035447611, 44.002025445226828 ], [ -80.349032120577803, 44.002041982174774 ], [ -80.349055029512272, 44.001772680570383 ], [ -80.349428113039423, 44.001789216106758 ], [ -80.349451019920053, 44.001519914504165 ], [ -80.350197183993586, 44.001552981429313 ], [ -80.350220086991996, 44.001283679741434 ], [ -80.350593167538364, 44.001300211130243 ], [ -80.350616068482992, 44.001030909444154 ], [ -80.35136222659483, 44.001063968074256 ], [ -80.351408020494645, 44.000525364620614 ], [ -80.35178109623169, 44.000541891774873 ], [ -80.351826885573658, 44.000003288502874 ], [ -80.353319176147309, 44.000069383179046 ], [ -80.353342063167062, 43.999800081328274 ], [ -80.353715134545112, 43.999816601599214 ], [ -80.353738019511354, 43.999547299750368 ], [ -80.354111089286221, 43.999563818609865 ], [ -80.354133972198994, 43.999294516762959 ], [ -80.355253177389386, 43.999344065133933 ], [ -80.35527605459211, 43.999074763114955 ], [ -80.355649121610767, 43.999091276502767 ], [ -80.355694871684435, 43.998552672557828 ], [ -80.355321808322316, 43.998536159343985 ], [ -80.355390437229644, 43.997728254354918 ], [ -80.355017379577333, 43.997711740077669 ] ] ] } },
{ "type": "Feature", "properties": { "SubId": 90013481, "DowSubId": 90013907, "RivSlope": 0.0083248911035200008, "RivLength": 983.232409, "BasSlope": 1.9726200627299999, "BasAspect": 161.055353083, "BasArea": 619178.86984099995, "BkfWidth": 31.838185617099999, "BkfDepth": 0.658769149158, "Lake_Cat": 0, "HyLakeId": 0, "LakeVol": 0.0, "LakeDepth": 0.0, "LakeArea": 0.0, "Laketype": 0, "Has_POI": 1, "MeanElev": 472.77901189599999, "FloodP_n": 0.068610260146600002, "Q_Mean": 19.5538206672, "Ch_n": 0.068610260146600002, "DrainArea": 358877455.04922301, "Strahler": 3, "Seg_ID": 30, "Seg_order": 1, "Max_DEM": 470.655517578, "Min_DEM": 462.470214844, "DA_Obs": 0.0, "DA_error": 0.0, "Obs_NM": "16018409002", "SRC_obs": "PWQMN", "centroid_x": -80.358297114825788, "centroid_y": 43.971059278277131, "DA_Chn_L": 43838.691302, "DA_Slope": 0.169794310802, "DA_Chn_Slp": 0.028822428073700002, "outletLat": 43.967292071800003, "outletLng": -80.354793323799996, "Region": "SW", "Sub_Reg": "02G", "rvhName": "16018409002" }, "geometry": { "type": "Polygon", "coordinates": [ [ [ -80.36115446962576, 43.973925763926687 ], [ -80.360781572366747, 43.973909270627843 ], [ -80.360735892901559, 43.974447859544448 ], [ -80.360362992213794, 43.974431364748099 ], [ -80.360340150317612, 43.974700659253728 ], [ -80.360713052832082, 43.974717154136982 ], [ -80.360690212537961, 43.974986448818989 ], [ -80.359944404080238, 43.974953457554903 ], [ -80.359921559908059, 43.975222752152582 ], [ -80.359548654189453, 43.975206254447954 ], [ -80.359525807965852, 43.975475549048198 ], [ -80.3584070866779, 43.975426047730764 ], [ -80.35838423474938, 43.97569534215971 ], [ -80.356892602204752, 43.97562932152217 ], [ -80.356915461440252, 43.975360027441013 ], [ -80.356542555692812, 43.975343519059074 ], [ -80.356565416530245, 43.975074225154344 ], [ -80.356192512834326, 43.975057715535613 ], [ -80.356238237488114, 43.974519128168446 ], [ -80.355119538709531, 43.974469591891406 ], [ -80.355142406179141, 43.974200298602973 ], [ -80.354769508862674, 43.974183783950082 ], [ -80.354792377934032, 43.973914490838119 ], [ -80.354419482669073, 43.973897974948478 ], [ -80.354442353342165, 43.973628682013 ], [ -80.353323674376654, 43.973579126662628 ], [ -80.353346550304579, 43.973309834077682 ], [ -80.352227878843451, 43.973260267074771 ], [ -80.352319402223984, 43.972183098674343 ], [ -80.352692285179941, 43.97219962198421 ], [ -80.352760919873489, 43.971391746362606 ], [ -80.353133797575012, 43.971408268087671 ], [ -80.353156673529838, 43.971138976305824 ], [ -80.353529549629869, 43.971155496620192 ], [ -80.353552423533316, 43.970886204840838 ], [ -80.353925298031868, 43.970902723744523 ], [ -80.354062525770999, 43.969286974426865 ], [ -80.353689662230607, 43.969270456045273 ], [ -80.353735406663731, 43.968731873829888 ], [ -80.354108266551577, 43.96874839203749 ], [ -80.354131136604536, 43.96847910097717 ], [ -80.354503994890976, 43.96849561777411 ], [ -80.354526862892797, 43.968226326716383 ], [ -80.354899719577872, 43.968242842102718 ], [ -80.354968316755588, 43.967434969206117 ], [ -80.354595465549167, 43.967418454080786 ], [ -80.354618332651583, 43.96714916338145 ], [ -80.354991182031824, 43.967165678419796 ], [ -80.355014047083245, 43.966896387723139 ], [ -80.355759742865857, 43.966929413655102 ], [ -80.355782604040158, 43.966660122874053 ], [ -80.356155450442515, 43.966676633767712 ], [ -80.356178309565877, 43.966407342989321 ], [ -80.356551154366869, 43.966423852472481 ], [ -80.356528297069616, 43.966693143337864 ], [ -80.356901143921505, 43.96670965158436 ], [ -80.356878288225658, 43.966978942626284 ], [ -80.357623986255874, 43.967011955322555 ], [ -80.357601133987686, 43.967281246628026 ], [ -80.358346836569083, 43.967314254203849 ], [ -80.358323987728596, 43.967583545772868 ], [ -80.359069694861091, 43.967616548228122 ], [ -80.35904684944839, 43.967885840060561 ], [ -80.360165417310569, 43.967935334077239 ], [ -80.360188257244559, 43.967666041984117 ], [ -80.360933966623122, 43.967699031203423 ], [ -80.360911130341634, 43.967968323470352 ], [ -80.361656844270897, 43.968001307569011 ], [ -80.361679676899868, 43.967732015128334 ], [ -80.362052532375017, 43.967748505105376 ], [ -80.362029701572311, 43.968017797632918 ], [ -80.3624025590982, 43.968034286373204 ], [ -80.36237972989727, 43.968303579077215 ], [ -80.36312544927506, 43.968336552760647 ], [ -80.363102623502257, 43.968605845727964 ], [ -80.36347548535413, 43.968622330671067 ], [ -80.363452661183217, 43.968891623814841 ], [ -80.363825525085844, 43.968908107521152 ], [ -80.363802702516821, 43.969177400841339 ], [ -80.36417556847023, 43.969193883310844 ], [ -80.364152747503155, 43.969463176807452 ], [ -80.3648984837359, 43.969496137949122 ], [ -80.364875666197193, 43.969765431708964 ], [ -80.365248536476528, 43.969781910381109 ], [ -80.365225720539868, 43.970051204317343 ], [ -80.364852848434126, 43.970034725558392 ], [ -80.364761575138076, 43.971111901851835 ], [ -80.364388695950893, 43.97109542142195 ], [ -80.364365875239415, 43.971364715632376 ], [ -80.363992994450143, 43.971348233792 ], [ -80.36397017168774, 43.971617528005197 ], [ -80.363597289296379, 43.971601044754244 ], [ -80.363574464483023, 43.971870338970156 ], [ -80.363201580489587, 43.971853854308662 ], [ -80.363178753625235, 43.972123148527274 ], [ -80.362805868029724, 43.972106662455211 ], [ -80.362828696720626, 43.97183736832347 ], [ -80.362455813176155, 43.97182088101453 ], [ -80.362432982658731, 43.972090175059456 ], [ -80.362060097512227, 43.972073686339968 ], [ -80.362037264943737, 43.972342980387559 ], [ -80.361664378195215, 43.972326490257473 ], [ -80.361618708731498, 43.97286507844747 ], [ -80.361245818554366, 43.972848586819957 ], [ -80.361200144539225, 43.973387175194205 ], [ -80.360827250933482, 43.973370682069252 ], [ -80.360804411762402, 43.97363997630378 ], [ -80.361177307194779, 43.973656469515753 ], [ -80.36115446962576, 43.973925763926687 ] ] ] } },
{ "type": "Feature", "properties": { "SubId": 90013907, "DowSubId": 90013941, "RivSlope": 0.0034021122001299999, "RivLength": 11838.034768, "BasSlope": 1.2621176695835059, "BasAspect": 186.48511788323825, "BasArea": 72352041.197120994, "BkfWidth": 34.8013816558, "BkfDepth": 0.69489975422299999, "Lake_Cat": 0, "HyLakeId": 0, "LakeVol": 0.0, "LakeDepth": 0.0, "LakeArea": 0.0, "Laketype": 0, "Has_POI": 1, "MeanElev": 480.00412373488689, "FloodP_n": 0.052811356680193003, "Q_Mean": 21.928489396448935, "Ch_n": 0.041998579473593999, "DrainArea": 431229496.24634397, "Strahler": 3, "Seg_ID": 30, "Seg_order": 2, "Max_DEM": 467.92926025399998, "Min_DEM": 449.09750366200001, "DA_Obs": 0.0, "DA_error": 0.0, "Obs_NM": "02GA-13", "SRC_obs": "OIHQUAT", "centroid_x": -80.322537254529252, "centroid_y": 43.949174580372294, "DA_Chn_L": 55676.72607, "DA_Slope": 0.23202817027100001, "DA_Chn_Slp": 0.049019560561599999, "outletLat": 43.896032064300002, "outletLng": -80.314488933700005, "Region": "SW", "Sub_Reg": "02G", "rvhName": "02GA-13" }, "geometry": { "type": "Polygon", "coordinates": [ [ [ -80.329121667257922, 43.901956160931455 ], [ -80.32909870213993, 43.902225423004822 ], [ -80.333195117204738, 43.90240799692738 ], [ -80.333172171900159, 43.902677260053132 ], [ -80.333544576443842, 43.902693849838748 ], [ -80.333521632735682, 43.902963113142775 ], [ -80.334266446142536, 43.902996288923227 ], [ -80.334289386207175, 43.902727025444499 ], [ -80.335406602541852, 43.902776778939185 ], [ -80.335429536915939, 43.902507515289273 ], [ -80.336174345288441, 43.902540677501804 ], [ -80.336197275793793, 43.902271413768133 ], [ -80.337314484576225, 43.902321146911035 ], [ -80.337337409391168, 43.902051883006322 ], [ -80.338082212728395, 43.902085031651076 ], [ -80.338105133674759, 43.901815767662669 ], [ -80.338477533859304, 43.901832339914982 ], [ -80.338523371433311, 43.901293812036265 ], [ -80.339640562407126, 43.901343520338607 ], [ -80.339663475391461, 43.901074256273802 ], [ -80.340780662925411, 43.901123952417919 ], [ -80.340803570219691, 43.900854688182285 ], [ -80.341548359390501, 43.900887812161436 ], [ -80.341571262816458, 43.900618547842264 ], [ -80.341943655917603, 43.900635107761893 ], [ -80.341989458451494, 43.900096579221909 ], [ -80.342361848134232, 43.900113137645299 ], [ -80.342407646125281, 43.899574609294582 ], [ -80.34315241887893, 43.899607721827195 ], [ -80.343175313893951, 43.899338457613872 ], [ -80.343920083903797, 43.899371564684913 ], [ -80.343942975050808, 43.899102300388144 ], [ -80.344687742316665, 43.899135401997718 ], [ -80.344733516650066, 43.898596873328451 ], [ -80.345105896977046, 43.898613421976194 ], [ -80.345151666768345, 43.89807489349657 ], [ -80.346641175751074, 43.898141074172834 ], [ -80.346664053023574, 43.897871809720904 ], [ -80.349643067199466, 43.898004106931864 ], [ -80.349620204499203, 43.898273372080538 ], [ -80.349992584103248, 43.898289903371015 ], [ -80.349901138343355, 43.899366965223777 ], [ -80.350273525458277, 43.899383495540718 ], [ -80.350250665278665, 43.899652761318386 ], [ -80.350623054439737, 43.899669290400567 ], [ -80.350600195857282, 43.899938556356254 ], [ -80.35097258706449, 43.899955084203661 ], [ -80.350858299893403, 43.901301415781518 ], [ -80.351230700433675, 43.90131794274231 ], [ -80.351184987637438, 43.901856476184072 ], [ -80.353791823208638, 43.901972129115698 ], [ -80.353746135020117, 43.902510664139335 ], [ -80.354118544642944, 43.902527180873186 ], [ -80.35409570203403, 43.902796448608349 ], [ -80.354468113703064, 43.902812964107277 ], [ -80.354445272691692, 43.903082232020331 ], [ -80.355190100346547, 43.903115259226411 ], [ -80.355075910144166, 43.904461601024828 ], [ -80.354703487094838, 43.9044450876479 ], [ -80.354634964815659, 43.905252893556565 ], [ -80.355007393331078, 43.905269407194403 ], [ -80.354893194156134, 43.906615752627459 ], [ -80.355265632006336, 43.906632265378157 ], [ -80.355174275917079, 43.907709343707445 ], [ -80.355546721280305, 43.90772585548401 ], [ -80.355501045534183, 43.908264395367461 ], [ -80.3558734947662, 43.908280905995888 ], [ -80.355850658378912, 43.908550176160766 ], [ -80.356968012887535, 43.908599700374594 ], [ -80.356945181742802, 43.908868970891078 ], [ -80.357690089514421, 43.9089019805972 ], [ -80.3576444338415, 43.909440522250293 ], [ -80.358016891708303, 43.909457025294074 ], [ -80.357994065357843, 43.909726296343706 ], [ -80.358366525271236, 43.909742798152323 ], [ -80.358343700518958, 43.91001206937964 ], [ -80.358716162478885, 43.910028569953049 ], [ -80.358693339324788, 43.910297841358059 ], [ -80.359065803331319, 43.910314340696274 ], [ -80.358974515762867, 43.911391427571452 ], [ -80.359346987283359, 43.911407925935151 ], [ -80.359301345799082, 43.911946470091024 ], [ -80.359673821188721, 43.91196296730633 ], [ -80.359651001932889, 43.912232239607256 ], [ -80.360023479369204, 43.912248735587291 ], [ -80.360000661711737, 43.912518008065831 ], [ -80.360373141194742, 43.912534502810587 ], [ -80.360350325135727, 43.912803775466728 ], [ -80.36109528841925, 43.91283676116344 ], [ -80.361118100833124, 43.912567488333579 ], [ -80.363352985125715, 43.912666413170342 ], [ -80.363375786380061, 43.912397139910205 ], [ -80.364120745957777, 43.912430104104757 ], [ -80.364166340504312, 43.911891557509414 ], [ -80.364538816983952, 43.91190803744982 ], [ -80.364516021645215, 43.912177310788927 ], [ -80.365260978921341, 43.912210266876819 ], [ -80.365283770614965, 43.911940993364126 ], [ -80.36565624776631, 43.911957469338063 ], [ -80.365724616036317, 43.91114964908423 ], [ -80.366097087943913, 43.911166123475667 ], [ -80.366119875097056, 43.910896850152476 ], [ -80.366492345405987, 43.910913323135006 ], [ -80.366515130512795, 43.910644049815822 ], [ -80.367260068157137, 43.910676991640941 ], [ -80.367282849395181, 43.910407718239057 ], [ -80.367655316730534, 43.910424187081681 ], [ -80.367678095922372, 43.910154913683805 ], [ -80.368050561659018, 43.910171381117578 ], [ -80.368073338804678, 43.909902107723767 ], [ -80.36919073188956, 43.90995150183214 ], [ -80.369213503344184, 43.909682228268977 ], [ -80.369585966330774, 43.909698690240788 ], [ -80.369540426842732, 43.910237237631357 ], [ -80.369912893697858, 43.910253698454461 ], [ -80.369867356960157, 43.910792246381561 ], [ -80.370239827683903, 43.910808706055924 ], [ -80.370194293696656, 43.911347254519519 ], [ -80.370939243105155, 43.911380170248513 ], [ -80.370916479421183, 43.911649444789838 ], [ -80.371288956283408, 43.911665900757775 ], [ -80.371152380419488, 43.91328155043162 ], [ -80.370779892621513, 43.913265093943657 ], [ -80.370734361899324, 43.913803644387478 ], [ -80.370361870679602, 43.913787186403994 ], [ -80.370270799260609, 43.914864288033584 ], [ -80.370643297771309, 43.914880746363856 ], [ -80.37057499732704, 43.915688573798498 ], [ -80.372437520577108, 43.915770846916018 ], [ -80.372414762429301, 43.91604012334227 ], [ -80.373532284530896, 43.916089471605325 ], [ -80.37346402515216, 43.916897302207886 ], [ -80.373836538435128, 43.916913749244188 ], [ -80.373813786684764, 43.917183026379682 ], [ -80.374558817567134, 43.917215916658584 ], [ -80.374467822914497, 43.918293026800043 ], [ -80.374840345982889, 43.918309470302411 ], [ -80.374817598584059, 43.91857874815102 ], [ -80.375190123698957, 43.918595190417669 ], [ -80.375053645551503, 43.920210859931984 ], [ -80.375798718329023, 43.920243741537291 ], [ -80.375753231118154, 43.920782299113256 ], [ -80.376125771488475, 43.920798738105496 ], [ -80.376103029371066, 43.921068017116028 ], [ -80.376848114428412, 43.921100891306338 ], [ -80.376870852899359, 43.920831612122697 ], [ -80.377988476691129, 43.920880913230242 ], [ -80.378011209469051, 43.920611633877513 ], [ -80.379128829801246, 43.920660922823629 ], [ -80.379083374961425, 43.921199482138903 ], [ -80.379828463592276, 43.921232335170274 ], [ -80.379805739483956, 43.921501615136833 ], [ -80.380550832654379, 43.921534463051451 ], [ -80.380505391061163, 43.922073023602344 ], [ -80.38087794162783, 43.922089445748973 ], [ -80.380855222319681, 43.922358726246792 ], [ -80.38122777493291, 43.922375147157446 ], [ -80.381205057224903, 43.922644427832338 ], [ -80.380087394584905, 43.922595160873477 ], [ -80.379973775345832, 43.923941564308855 ], [ -80.37960121246202, 43.923925138911734 ], [ -80.379578486120963, 43.92419441978393 ], [ -80.379205921636995, 43.924177992977761 ], [ -80.379183193249176, 43.924447273854007 ], [ -80.378065495666846, 43.924397985240788 ], [ -80.37804276158532, 43.924667265947917 ], [ -80.377297627333618, 43.924634400086767 ], [ -80.377274889381766, 43.924903680711303 ], [ -80.376902320767527, 43.924887245710373 ], [ -80.376879580768744, 43.925156526338874 ], [ -80.376507010554462, 43.925140089928846 ], [ -80.376484268508733, 43.925409370561233 ], [ -80.376856840546552, 43.925425807057884 ], [ -80.376811359431798, 43.925964368767403 ], [ -80.376066208285536, 43.925931494105328 ], [ -80.376043463745887, 43.926200774922698 ], [ -80.374180580673595, 43.926118564689851 ], [ -80.374203334331, 43.9258492843055 ], [ -80.373830760210708, 43.925832838377886 ], [ -80.373853515468056, 43.925563558170673 ], [ -80.373480943394867, 43.925547111007148 ], [ -80.37350370025213, 43.925277830977038 ], [ -80.373131130226042, 43.925261382577595 ], [ -80.373153888683206, 43.92499210272463 ], [ -80.372408752948829, 43.924959202131475 ], [ -80.372431514829302, 43.924689922542271 ], [ -80.372058949121012, 43.92467347034858 ], [ -80.372081712601258, 43.924404190936556 ], [ -80.37170914894007, 43.92438773750699 ], [ -80.371640852357984, 43.92519557575455 ], [ -80.371268283450121, 43.92517912074252 ], [ -80.371199979384386, 43.925986959544545 ], [ -80.370827405229747, 43.925970502949909 ], [ -80.370645236622209, 43.92812474304263 ], [ -80.371017825365598, 43.928141200330664 ], [ -80.370995055106476, 43.92841048083595 ], [ -80.370622464539409, 43.928394023461195 ], [ -80.37055414694845, 43.92920186525955 ], [ -80.370181551134024, 43.929185406302118 ], [ -80.36999934645506, 43.931339654381958 ], [ -80.369626736274014, 43.931323193408311 ], [ -80.369512841956308, 43.932669600961887 ], [ -80.369140222879537, 43.932653138231991 ], [ -80.369117441520515, 43.932922419927046 ], [ -80.3676269601564, 43.932856555433446 ], [ -80.367604171277591, 43.933125836871902 ], [ -80.366858928291165, 43.933092896515326 ], [ -80.366813342565777, 43.933631459316224 ], [ -80.36644071776054, 43.933614986980317 ], [ -80.366395127491188, 43.934153549968961 ], [ -80.366022499261888, 43.934137076136786 ], [ -80.365931308738737, 43.935214202850574 ], [ -80.365558673437221, 43.935197727348552 ], [ -80.365535873422232, 43.935467009165933 ], [ -80.364417963389727, 43.935417574462839 ], [ -80.364395157678302, 43.935686856110124 ], [ -80.364022519624911, 43.93567037514341 ], [ -80.363931287241343, 43.936747502287915 ], [ -80.364303932591412, 43.936763983601871 ], [ -80.364281125759362, 43.937033265700443 ], [ -80.364653773157769, 43.937049745778403 ], [ -80.364608162469779, 43.937588310419869 ], [ -80.364980813740772, 43.937604789348619 ], [ -80.364935205804827, 43.938143354524613 ], [ -80.365307860948491, 43.938159832304095 ], [ -80.365239452836704, 43.938967681005089 ], [ -80.365612113677443, 43.938984157722125 ], [ -80.365589312349684, 43.939253440889679 ], [ -80.365961975238875, 43.939269916370584 ], [ -80.365893575384248, 43.940077766674747 ], [ -80.365520907021846, 43.9400612909335 ], [ -80.365498104797709, 43.940330574461818 ], [ -80.365870774984543, 43.940347050289851 ], [ -80.365847974360761, 43.940616333995131 ], [ -80.368084011133732, 43.940715161702869 ], [ -80.36803843110782, 43.941253730425053 ], [ -80.36841110833636, 43.941270197252969 ], [ -80.368365531063588, 43.94180876650924 ], [ -80.368738212165184, 43.941825232187675 ], [ -80.368578697427452, 43.943710228031556 ], [ -80.3689513915254, 43.943726692994083 ], [ -80.368883030180882, 43.944534549967791 ], [ -80.369255729976942, 43.944551013867503 ], [ -80.369187372090991, 43.945358871912312 ], [ -80.368814666820597, 43.945342407752456 ], [ -80.368746301444475, 43.946150266347871 ], [ -80.369119012189358, 43.946166730767899 ], [ -80.36905065027193, 43.946974590434124 ], [ -80.369423366715424, 43.946991053791237 ], [ -80.369400580786575, 43.947260340613475 ], [ -80.369027862518152, 43.947243877169633 ], [ -80.368845552424148, 43.949398174295062 ], [ -80.368472819779754, 43.949381708834281 ], [ -80.368450028184895, 43.949650996293343 ], [ -80.368077293939464, 43.949634529422696 ], [ -80.368054500295472, 43.949903816884984 ], [ -80.368427236366003, 43.949920283842367 ], [ -80.368404444323076, 43.950189571481381 ], [ -80.368777182442741, 43.950206037202342 ], [ -80.368731601335028, 43.950744612923806 ], [ -80.367986118019175, 43.950711679811782 ], [ -80.367940528714641, 43.951250255546199 ], [ -80.367567783742473, 43.951233786831921 ], [ -80.367522189891247, 43.95177236275272 ], [ -80.367894938513814, 43.951788831640485 ], [ -80.367872143077292, 43.952058119822567 ], [ -80.368617644645127, 43.952091053801958 ], [ -80.368594852635027, 43.952360342247495 ], [ -80.368967605580281, 43.952376807339078 ], [ -80.368944815171389, 43.952646095961249 ], [ -80.369317570165961, 43.952662559816353 ], [ -80.369294781358334, 43.952931848615187 ], [ -80.369667538402211, 43.952948311233811 ], [ -80.369644751195892, 43.953217600209264 ], [ -80.370017510289102, 43.953234061591331 ], [ -80.369994724684105, 43.95350335074346 ], [ -80.370367485826648, 43.953519810888984 ], [ -80.370344701823015, 43.953789100217747 ], [ -80.370717465014891, 43.953805559126707 ], [ -80.370694682612665, 43.954074848632118 ], [ -80.370321917595405, 43.954058389636444 ], [ -80.370276348468252, 43.954596968743537 ], [ -80.369903580024157, 43.954580508251205 ], [ -80.369835219177148, 43.955388377326038 ], [ -80.369089672008357, 43.955355451851176 ], [ -80.369044089688316, 43.955894031336946 ], [ -80.368671312789019, 43.955877566441131 ], [ -80.368580138158094, 43.956954726144168 ], [ -80.368952922359526, 43.956971191386941 ], [ -80.368930129967154, 43.957240481624076 ], [ -80.36855734394014, 43.957224016294603 ], [ -80.368511754831957, 43.95776259686496 ], [ -80.368884544510195, 43.957779062367905 ], [ -80.368861751445593, 43.95804835287457 ], [ -80.368488959941715, 43.958031887284889 ], [ -80.368329389435019, 43.959916922739396 ], [ -80.367956585375339, 43.959900455219156 ], [ -80.367933786866416, 43.96016974627085 ], [ -80.367560981205102, 43.960153277340439 ], [ -80.367538180646235, 43.960422568395146 ], [ -80.367165373383315, 43.960406098054527 ], [ -80.36714257077449, 43.960675389112303 ], [ -80.365278528693963, 43.960593017124069 ], [ -80.365187279499992, 43.961670180517082 ], [ -80.364814464453346, 43.961653701801929 ], [ -80.364791649768264, 43.961922992787763 ], [ -80.363673200496635, 43.96187354844114 ], [ -80.363650380109604, 43.962142839256259 ], [ -80.362904744731892, 43.962109869567549 ], [ -80.362859095981079, 43.962648451119669 ], [ -80.362113454197413, 43.962615475789697 ], [ -80.362090625833559, 43.962884766526599 ], [ -80.361344981295844, 43.962851785729043 ], [ -80.361299316591001, 43.963390367124624 ], [ -80.36316344787808, 43.963472810061056 ], [ -80.363117800535093, 43.964011392684043 ], [ -80.363863461924836, 43.964044360941458 ], [ -80.363749357900701, 43.965390819936857 ], [ -80.363376517963331, 43.965374336035758 ], [ -80.363353694659239, 43.965643628017041 ], [ -80.362980853120177, 43.965627142705543 ], [ -80.362843897625794, 43.967242895955032 ], [ -80.36247104535417, 43.967226408798901 ], [ -80.362425388074683, 43.96776499375882 ], [ -80.361679676899868, 43.967732015128334 ], [ -80.361656844270897, 43.968001307569011 ], [ -80.360911130341634, 43.967968323470352 ], [ -80.360933966623122, 43.967699031203423 ], [ -80.360188257244559, 43.967666041984117 ], [ -80.360165417310569, 43.967935334077239 ], [ -80.35904684944839, 43.967885840060561 ], [ -80.359069694861091, 43.967616548228122 ], [ -80.358323987728596, 43.967583545772868 ], [ -80.358346836569083, 43.967314254203849 ], [ -80.357601133987686, 43.967281246628026 ], [ -80.357623986255874, 43.967011955322555 ], [ -80.356878288225658, 43.966978942626284 ], [ -80.356901143921505, 43.96670965158436 ], [ -80.356528297069616, 43.966693143337864 ], [ -80.356551154366869, 43.966423852472481 ], [ -80.356178309565877, 43.966407342989321 ], [ -80.356155450442515, 43.966676633767712 ], [ -80.355782604040158, 43.966660122874053 ], [ -80.355759742865857, 43.966929413655102 ], [ -80.355014047083245, 43.966896387723139 ], [ -80.354991182031824, 43.967165678419796 ], [ -80.354618332651583, 43.96714916338145 ], [ -80.354595465549167, 43.967418454080786 ], [ -80.354968316755588, 43.967434969206117 ], [ -80.354899719577872, 43.968242842102718 ], [ -80.354526862892797, 43.968226326716383 ], [ -80.354503994890976, 43.96849561777411 ], [ -80.354131136604536, 43.96847910097717 ], [ -80.354108266551577, 43.96874839203749 ], [ -80.353735406663731, 43.968731873829888 ], [ -80.353689662230607, 43.969270456045273 ], [ -80.354062525770999, 43.969286974426865 ], [ -80.353925298031868, 43.970902723744523 ], [ -80.353552423533316, 43.970886204840838 ], [ -80.353529549629869, 43.971155496620192 ], [ -80.353156673529838, 43.971138976305824 ], [ -80.353133797575012, 43.971408268087671 ], [ -80.352760919873489, 43.971391746362606 ], [ -80.352692285179941, 43.97219962198421 ], [ -80.352319402223984, 43.972183098674343 ], [ -80.352227878843451, 43.973260267074771 ], [ -80.35185498880638, 43.973243742092997 ], [ -80.351809222112891, 43.973782326656057 ], [ -80.351436328647722, 43.973765800176452 ], [ -80.351413443136835, 43.97403509250514 ], [ -80.351040548070117, 43.974018564614731 ], [ -80.350994772719915, 43.974557149366397 ], [ -80.350621874225041, 43.974540619978086 ], [ -80.350553204031627, 43.975348497515299 ], [ -80.350180300281849, 43.975331966542001 ], [ -80.350134515373981, 43.975870551839847 ], [ -80.349761608195919, 43.975854019368604 ], [ -80.349738713577551, 43.976123312064608 ], [ -80.350111622582332, 43.976139844622878 ], [ -80.350042942856589, 43.976947723508701 ], [ -80.349670028371506, 43.976931190689079 ], [ -80.34962423710833, 43.977469776885783 ], [ -80.349251319194806, 43.977453242568181 ], [ -80.349228421398621, 43.977722535713518 ], [ -80.348855501883449, 43.97770599998492 ], [ -80.348786801663181, 43.978513879696024 ], [ -80.349159726658939, 43.97853041568591 ], [ -80.349136827961985, 43.978799709188792 ], [ -80.349509755009876, 43.978816243941921 ], [ -80.349326571942427, 43.980970595878709 ], [ -80.349699513831396, 43.980987130004742 ], [ -80.349653719466644, 43.981525719056506 ], [ -80.350026665234964, 43.981542252032796 ], [ -80.350003769541871, 43.98181154677976 ], [ -80.350376717362494, 43.981828078519207 ], [ -80.350353823271362, 43.982097373442556 ], [ -80.350726773144274, 43.982113903945127 ], [ -80.350703880655118, 43.982383199044875 ], [ -80.351076832580361, 43.982399728310575 ], [ -80.351053941693209, 43.982669023586695 ], [ -80.350680987940791, 43.982652494233903 ], [ -80.350635201836667, 43.983191084879863 ], [ -80.350262244655042, 43.983174554028977 ], [ -80.350147766317932, 43.984521031770832 ], [ -80.350520732635843, 43.984537563057152 ], [ -80.350497838120134, 43.984806858960418 ], [ -80.350870806490548, 43.984823389009797 ], [ -80.350802127074317, 43.985631277516283 ], [ -80.351175101151981, 43.985647806502868 ], [ -80.351152209390264, 43.98591710293725 ], [ -80.351898161875809, 43.985950157112384 ], [ -80.351875273543754, 43.986219453810094 ], [ -80.35224825195165, 43.986235978998643 ], [ -80.352179591087037, 43.987043869888389 ], [ -80.351806607196792, 43.987027344438694 ], [ -80.351783717964182, 43.987296641493302 ], [ -80.352156703681914, 43.987313167030059 ], [ -80.352110928196282, 43.987851761581013 ], [ -80.352483917794174, 43.987868285967771 ], [ -80.35246103154121, 43.988137583464102 ], [ -80.352834023191775, 43.988154106613798 ], [ -80.352811138541242, 43.98842340428633 ], [ -80.352438145063132, 43.988406881049606 ], [ -80.352415258359898, 43.988676178724305 ], [ -80.352788253665622, 43.988692702048091 ], [ -80.352742483239012, 43.989231297839105 ], [ -80.353115482425068, 43.989247820012807 ], [ -80.353092598701735, 43.989517118129122 ], [ -80.35346559994052, 43.989533639065691 ], [ -80.353419835473886, 43.990072235739888 ], [ -80.353792840593115, 43.990088755526394 ], [ -80.353632670663615, 43.991973847303157 ], [ -80.353259652750125, 43.99195732690746 ], [ -80.353168114812661, 43.993034523821009 ], [ -80.352795089812886, 43.993018001752944 ], [ -80.352772202937814, 43.993287301117036 ], [ -80.352399176335311, 43.993270777637676 ], [ -80.352330508875411, 43.994078676003305 ], [ -80.352703540961713, 43.99409519974386 ], [ -80.352680653186042, 43.99436449946424 ], [ -80.353053687325456, 43.994381021967506 ], [ -80.353007914754599, 43.99491962184959 ], [ -80.353753991020866, 43.994952663231388 ], [ -80.353708224861521, 43.995491263817875 ], [ -80.354081266988402, 43.995507782696386 ], [ -80.354058385399114, 43.995777083210207 ], [ -80.354431429579179, 43.995793600851442 ], [ -80.354408549592861, 43.996062901541301 ], [ -80.354781595826111, 43.996079417945211 ], [ -80.354758717442806, 43.99634871881112 ], [ -80.355131765729226, 43.99636523397772 ], [ -80.355017379577333, 43.997711740077669 ], [ -80.355390437229644, 43.997728254354918 ], [ -80.355321808322316, 43.998536159343985 ], [ -80.355694871684435, 43.998552672557828 ], [ -80.355649121610767, 43.999091276502767 ], [ -80.35527605459211, 43.999074763114955 ], [ -80.355253177389386, 43.999344065133933 ], [ -80.354133972198994, 43.999294516762959 ], [ -80.354111089286221, 43.999563818609865 ], [ -80.353738019511354, 43.999547299750368 ], [ -80.353715134545112, 43.999816601599214 ], [ -80.353342063167062, 43.999800081328274 ], [ -80.353319176147309, 44.000069383179046 ], [ -80.351826885573658, 44.000003288502874 ], [ -80.35178109623169, 44.000541891774873 ], [ -80.351408020494645, 44.000525364620614 ], [ -80.35136222659483, 44.001063968074256 ], [ -80.350616068482992, 44.001030909444154 ], [ -80.350593167538364, 44.001300211130243 ], [ -80.350220086991996, 44.001283679741434 ], [ -80.350197183993586, 44.001552981429313 ], [ -80.349451019920053, 44.001519914504165 ], [ -80.349428113039423, 44.001789216106758 ], [ -80.349055029512272, 44.001772680570383 ], [ -80.349032120577803, 44.002041982174774 ], [ -80.348659035447611, 44.002025445226828 ], [ -80.348636124459262, 44.002294746832987 ], [ -80.348263037726014, 44.002278208473456 ], [ -80.34824012468377, 44.002547510081371 ], [ -80.347493948236632, 44.002514429214607 ], [ -80.347471031311954, 44.002783730737178 ], [ -80.34560558499787, 44.002701004956066 ], [ -80.345628511064987, 44.002431703869313 ], [ -80.345255424307297, 44.002415154826835 ], [ -80.345278351977299, 44.002145853916147 ], [ -80.344532182795589, 44.002112752032183 ], [ -80.344555113896874, 44.001843451384786 ], [ -80.344182031472869, 44.001826898543271 ], [ -80.344136165387795, 44.002365499752599 ], [ -80.34376307953255, 44.002348945412251 ], [ -80.343740144323093, 44.002618246063008 ], [ -80.342247795845054, 44.002552015108073 ], [ -80.342224853096042, 44.002821315498807 ], [ -80.341851764712359, 44.002804754361662 ], [ -80.34187470928984, 44.002535454058176 ], [ -80.340755450978733, 44.002485762961683 ], [ -80.340732500915877, 44.002755063003377 ], [ -80.340359413435323, 44.002738496568355 ], [ -80.340313508975257, 44.003277096743822 ], [ -80.339567327377722, 44.003243959551227 ], [ -80.339544371151931, 44.003513259597682 ], [ -80.339171278863475, 44.003496688927356 ], [ -80.339148320583305, 44.003765988975353 ], [ -80.337655946374483, 44.003699692700025 ], [ -80.337632980554332, 44.003968992487565 ], [ -80.337259885738476, 44.003952415020244 ], [ -80.337236917863848, 44.00422171480934 ], [ -80.336117629286676, 44.004171974198215 ], [ -80.336140602646893, 44.003902674671146 ], [ -80.335767508735088, 44.003886091905827 ], [ -80.335790483697764, 44.003616792554958 ], [ -80.335044300209304, 44.003583623225573 ], [ -80.335067278602892, 44.00331432413828 ], [ -80.334694189026251, 44.00329773757425 ], [ -80.334717169022213, 44.003028438663193 ], [ -80.333970994204165, 44.002995261736508 ], [ -80.333993977630882, 44.00272596308907 ], [ -80.33362089238949, 44.002709372726443 ], [ -80.333643877418481, 44.002440074255276 ], [ -80.333270794231638, 44.002423482655594 ], [ -80.333385725126206, 44.001076992069734 ], [ -80.333012651307271, 44.001060399582684 ], [ -80.333035638636034, 44.000791101819566 ], [ -80.332662566871548, 44.000774508095496 ], [ -80.332685555802428, 44.000505210508685 ], [ -80.332312486092391, 44.000488615547667 ], [ -80.332335476625346, 44.000219318137184 ], [ -80.331962408969758, 44.000202721939203 ], [ -80.332077367382638, 43.998856236657467 ], [ -80.331331251032026, 43.998823041162751 ], [ -80.331308256145533, 43.999092337866379 ], [ -80.329069901554874, 43.998992719073186 ], [ -80.329000882630808, 43.99980060814319 ], [ -80.328627818839948, 43.999784000113316 ], [ -80.328604810251036, 44.000053296560303 ], [ -80.328977875870109, 44.00006990467768 ], [ -80.328885846563693, 44.001147091704503 ], [ -80.328512773631658, 44.001130483237162 ], [ -80.328489763910866, 44.001399780128587 ], [ -80.328116689376898, 44.001383170249326 ], [ -80.328139700926002, 44.001113873445419 ], [ -80.327766628446724, 44.001097262329289 ], [ -80.327789641597676, 44.000827965701752 ], [ -80.327416571173089, 44.000811353348723 ], [ -80.327439585925873, 44.000542056897586 ], [ -80.325574246341006, 44.00045897570439 ], [ -80.325528198326566, 44.000997567820143 ], [ -80.325155127432623, 44.000980947433312 ], [ -80.325132101257353, 44.001250243536973 ], [ -80.32475902876169, 44.001233621738145 ], [ -80.324712972074948, 44.001772214036897 ], [ -80.32396682045021, 44.001738966115774 ], [ -80.32394378811037, 44.002008262223278 ], [ -80.323570710809591, 44.001991636188521 ], [ -80.323547676414833, 44.002260932297254 ], [ -80.323174597512377, 44.002244304850521 ], [ -80.323151561062659, 44.002513600960548 ], [ -80.322405400281042, 44.00248034191857 ], [ -80.322382359947966, 44.002749637942209 ], [ -80.321263114990771, 44.00269973918325 ], [ -80.321240068945926, 44.002969035032841 ], [ -80.32049390311812, 44.002935762396149 ], [ -80.320516952819645, 44.002666466721834 ], [ -80.319770791555641, 44.002633188962704 ], [ -80.319793844687027, 44.002363893552563 ], [ -80.319420766223573, 44.002347252774058 ], [ -80.319443820956437, 44.002077957540358 ], [ -80.318697668366624, 44.00204467218547 ], [ -80.318720726529222, 44.001775377215971 ], [ -80.318347652402878, 44.001758732639601 ], [ -80.318370712166882, 44.001489437846587 ], [ -80.317997640095641, 44.001472792033596 ], [ -80.318043762599459, 44.000934202889518 ], [ -80.317670694411575, 44.000917555927437 ], [ -80.317693757151346, 44.000648261576401 ], [ -80.316574559433718, 44.000598313007188 ], [ -80.316597627431108, 44.000329019008113 ], [ -80.316224563807282, 44.000312366924057 ], [ -80.316247633405865, 44.000043073101544 ], [ -80.315501510495409, 44.000009765135871 ], [ -80.315524583523271, 43.999740471577709 ], [ -80.31515152423664, 43.999723815696107 ], [ -80.31512844938068, 43.99999310916651 ], [ -80.314755388492969, 43.999976451872811 ], [ -80.314732311581864, 44.000245745344337 ], [ -80.313986186831286, 44.000212426608414 ], [ -80.313963106036852, 44.000481719993267 ], [ -80.313216978538335, 44.000448395784481 ], [ -80.3131938938605, 44.000717689082599 ], [ -80.312820828623757, 44.000701024903883 ], [ -80.31279774189062, 44.000970318203102 ], [ -80.312424675052839, 44.000953652612232 ], [ -80.312378497248801, 44.001492239301605 ], [ -80.312005426981798, 44.001475572210786 ], [ -80.311936153087302, 44.002283452647639 ], [ -80.311563077562795, 44.002266783968992 ], [ -80.311516890173962, 44.002805371195372 ], [ -80.31114381122012, 44.002788701016719 ], [ -80.31112071535658, 44.003057994675288 ], [ -80.309628394500606, 44.002991300365366 ], [ -80.309535979520703, 44.004068474482111 ], [ -80.309909066707093, 44.004085150397579 ], [ -80.30988596422219, 44.004354444236562 ], [ -80.310259053464264, 44.004371118915458 ], [ -80.310120444751931, 44.00598688434026 ], [ -80.309747344539218, 44.005970209134283 ], [ -80.309724240463098, 44.006239503594536 ], [ -80.30935113864922, 44.006222826976256 ], [ -80.309304926157935, 44.006761415987171 ], [ -80.308931820914353, 44.006744737868644 ], [ -80.308908712499132, 44.00701403241937 ], [ -80.308162499037053, 44.006980672033137 ], [ -80.308139386737309, 44.007249966496779 ], [ -80.307766278518827, 44.007233284229024 ], [ -80.307720049579942, 44.007771873246647 ], [ -80.308093161455602, 44.007788555690162 ], [ -80.308023821827362, 44.008596440145432 ], [ -80.30839693941634, 44.008613121528057 ], [ -80.308350715517719, 44.00915171178405 ], [ -80.307977594271378, 44.00913503022565 ], [ -80.307862021401192, 44.010481506977804 ], [ -80.308235151791195, 44.010498188975596 ], [ -80.308212038363592, 44.010767484679846 ], [ -80.308585170809849, 44.010784165440924 ], [ -80.308562058983625, 44.011053461321673 ], [ -80.309308328216005, 44.011086819045737 ], [ -80.309285219820012, 44.011356115190864 ], [ -80.30965835660615, 44.011372792153836 ], [ -80.309589035540426, 44.012180681384493 ], [ -80.308842751222315, 44.012147325606762 ], [ -80.308819640087819, 44.012416622018478 ], [ -80.30807335302157, 44.012383260766455 ], [ -80.308050238001812, 44.012652557091023 ], [ -80.307677092980967, 44.012635874390156 ], [ -80.307653975904799, 44.012905170715428 ], [ -80.306907682887697, 44.012871801163953 ], [ -80.306815197676372, 44.013948986647712 ], [ -80.305695737909588, 44.013898921330615 ], [ -80.305672610550872, 44.01416821765924 ], [ -80.305299455921428, 44.01415152648292 ], [ -80.305276326506117, 44.01442082281217 ], [ -80.304530014272046, 44.014387436309534 ], [ -80.304506880971047, 44.014656732551501 ], [ -80.304133723366448, 44.014640037225234 ], [ -80.304110588008754, 44.014909333467727 ], [ -80.303737428802791, 44.014892636728817 ], [ -80.303644877778865, 44.015969822232336 ], [ -80.303271711484243, 44.015953123816857 ], [ -80.303248571329874, 44.016222420326066 ], [ -80.302875403433859, 44.016205720497872 ], [ -80.302667115333549, 44.018629392271414 ], [ -80.302293931202357, 44.018612690326627 ], [ -80.302270785111972, 44.018881987544759 ], [ -80.30152441387439, 44.018848579504777 ], [ -80.301501263897563, 44.019117876635335 ], [ -80.300381703262062, 44.019067754375342 ], [ -80.3004511689726, 44.01825986404112 ], [ -80.300824350135372, 44.018276572521856 ], [ -80.300847503087226, 44.01800727583268 ], [ -80.301220682648605, 44.018023982900615 ], [ -80.301290134649335, 44.01721609309989 ], [ -80.300916960575591, 44.017199386295999 ], [ -80.300940112616018, 44.016930089960752 ], [ -80.299820597249479, 44.01687996186466 ], [ -80.299843754549528, 44.016610665881984 ], [ -80.29909741576958, 44.016577240703654 ], [ -80.299143737002495, 44.016038649355963 ], [ -80.29877057161265, 44.016021934955802 ], [ -80.298793733716295, 44.015752639502765 ], [ -80.298047407278602, 44.015719206904436 ], [ -80.29809373811834, 44.015180616616121 ], [ -80.298466897565106, 44.015197333401538 ], [ -80.298490060814004, 44.014928038302145 ], [ -80.299236376733276, 44.014961467722628 ], [ -80.299282695231199, 44.014422877437234 ], [ -80.299655849874682, 44.014439589984391 ], [ -80.2996790069528, 44.014170294886405 ], [ -80.298932701551706, 44.014136868643455 ], [ -80.298979022340134, 44.01359827906537 ], [ -80.298605873639346, 44.013581564133013 ], [ -80.298629035520619, 44.013312269564828 ], [ -80.297509596272675, 44.013262117084103 ], [ -80.297532763412732, 44.012992822868675 ], [ -80.296786475378426, 44.012959381434491 ], [ -80.296879156289677, 44.011882206163214 ], [ -80.296132883798137, 44.011848760135251 ], [ -80.296156057113535, 44.011579466715062 ], [ -80.295782923038601, 44.011562741802344 ], [ -80.295806097954767, 44.011293448558867 ], [ -80.294686702584585, 44.011243266137377 ], [ -80.294709882758937, 44.010973973246877 ], [ -80.293590494927898, 44.0109237791686 ], [ -80.293567309267317, 44.0111930717947 ], [ -80.293194178617838, 44.011176337697968 ], [ -80.293217366107172, 44.010907045160025 ], [ -80.292471109150171, 44.01087357316915 ], [ -80.292563871455215, 44.009796404608736 ], [ -80.292190750633736, 44.009779666979178 ], [ -80.292237134074355, 44.009241083406984 ], [ -80.291864017138309, 44.009224344629239 ], [ -80.29188721034491, 44.008955053064241 ], [ -80.291514095465701, 44.008938313050166 ], [ -80.291537290272657, 44.008669021662001 ], [ -80.291164177450241, 44.008652280411596 ], [ -80.291187373857511, 44.008382989200278 ], [ -80.290814263091875, 44.00836624671355 ], [ -80.290837461099457, 44.008096955679079 ], [ -80.290464352390615, 44.008080211956042 ], [ -80.290510751377994, 44.007541630329357 ], [ -80.290137646554413, 44.007524885458366 ], [ -80.290160847534167, 44.007255594866237 ], [ -80.289787744767338, 44.007238848758917 ], [ -80.289834149698905, 44.006700268017113 ], [ -80.289461050817238, 44.006683520761769 ], [ -80.289484254768965, 44.006414230612094 ], [ -80.289111157944049, 44.006397482120512 ], [ -80.289157568819363, 44.005858902263661 ], [ -80.28878447587951, 44.005842152624133 ], [ -80.288877302203616, 44.004764994327672 ], [ -80.288504216805379, 44.004748243716676 ], [ -80.28852742464386, 44.004478954452544 ], [ -80.288154341302231, 44.004462202605403 ], [ -80.288177550740642, 44.00419291351826 ], [ -80.287804469455608, 44.004176160434952 ], [ -80.287827680493891, 44.003906871524777 ], [ -80.287454601265466, 44.00389011720538 ], [ -80.287477813903593, 44.003620828472172 ], [ -80.287104736731777, 44.003604072916644 ], [ -80.28712795096969, 44.003334784360447 ], [ -80.28600872630922, 44.003284510012541 ], [ -80.286031945803245, 44.00301522180991 ], [ -80.285285800828134, 44.002981699132754 ], [ -80.285309023750003, 44.002712411195482 ], [ -80.28493595343329, 44.002695647958696 ], [ -80.284959177954789, 44.002426360198484 ], [ -80.284586109694715, 44.00240959572573 ], [ -80.284679012808056, 44.001332445925456 ], [ -80.285052073755878, 44.001349210045007 ], [ -80.285075297134938, 44.001079922728536 ], [ -80.28582141605996, 44.001113446818138 ], [ -80.285844635554511, 44.000844159413852 ], [ -80.28733686883362, 44.000911191348315 ], [ -80.287360080787735, 44.000641903679707 ], [ -80.288106195141538, 44.000675411524654 ], [ -80.288129403211315, 44.000406123768308 ], [ -80.288875514822394, 44.000439626139595 ], [ -80.288898719007861, 44.000170338295561 ], [ -80.289271773327869, 44.000187087406538 ], [ -80.289294975457082, 43.999917799563065 ], [ -80.290414134302679, 43.99996803868568 ], [ -80.290460526908603, 43.999429462735876 ], [ -80.290833576657676, 43.999446206285114 ], [ -80.290903158371322, 43.998638342761957 ], [ -80.290530114106005, 43.998621599477332 ], [ -80.290669282339664, 43.997005875358987 ], [ -80.291042315637981, 43.9970226181144 ], [ -80.291111891191179, 43.996214756990305 ], [ -80.291857947505719, 43.996248237999424 ], [ -80.291927510039386, 43.995440377146188 ], [ -80.292300533055695, 43.995457115399958 ], [ -80.292393272596613, 43.9943799684876 ], [ -80.292766288530416, 43.994396705064581 ], [ -80.292789471017869, 43.994127418470583 ], [ -80.292416456911667, 43.994110681981823 ], [ -80.292439640998651, 43.993841395564964 ], [ -80.293558678518579, 43.993891600794399 ], [ -80.293674568119613, 43.992545168721968 ], [ -80.293301564522636, 43.992528435410335 ], [ -80.293324743586339, 43.992259149350851 ], [ -80.293697745355828, 43.992275882574319 ], [ -80.293744099144305, 43.991737310546029 ], [ -80.294117097486847, 43.991754042269136 ], [ -80.294163446708538, 43.991215470420471 ], [ -80.293790452020858, 43.991198738873656 ], [ -80.293859979625893, 43.990390882032528 ], [ -80.294232968831423, 43.990407613314936 ], [ -80.294256142416486, 43.990138327791115 ], [ -80.295002117856669, 43.990171786207569 ], [ -80.29509479529905, 43.989094644297502 ], [ -80.294348834477333, 43.989061186586 ], [ -80.294511036808686, 43.987176192905196 ], [ -80.294884004315122, 43.987192921806063 ], [ -80.294999847150493, 43.985846499979928 ], [ -80.295372805749267, 43.985863227116226 ], [ -80.295395971805661, 43.985593942930166 ], [ -80.2961418860327, 43.985627393054841 ], [ -80.296165048207172, 43.985358108781689 ], [ -80.295792092806778, 43.985341384469415 ], [ -80.296000558568409, 43.982917830814735 ], [ -80.296373497526233, 43.98293455433415 ], [ -80.29646613574559, 43.981857421342191 ], [ -80.296093204095101, 43.981840698175134 ], [ -80.296162685848373, 43.981032849631866 ], [ -80.295789759905986, 43.98101612540529 ], [ -80.295812921861582, 43.980746842824018 ], [ -80.295439997973702, 43.980730117361738 ], [ -80.295486324854949, 43.980191552643049 ], [ -80.295113404848294, 43.980174826033135 ], [ -80.295136569773888, 43.979905543895789 ], [ -80.294763651821711, 43.97988881605027 ], [ -80.294809984642754, 43.979350252219348 ], [ -80.294064156728467, 43.979316792909522 ], [ -80.29408732645048, 43.979047511304159 ], [ -80.293341503100848, 43.979014046875591 ], [ -80.293364676248174, 43.978744765535744 ], [ -80.292991766741778, 43.978728031423998 ], [ -80.293014941487769, 43.978458750261531 ], [ -80.29264203403585, 43.978442014914229 ], [ -80.292665210380477, 43.978172733929149 ], [ -80.291919399813494, 43.978139259439672 ], [ -80.291965759125034, 43.977600698089944 ], [ -80.291592857836491, 43.977583959035968 ], [ -80.291616038976812, 43.977314678583191 ], [ -80.291243139742704, 43.977297938293695 ], [ -80.291266322481533, 43.977028658018348 ], [ -80.292012117524791, 43.977062137097285 ], [ -80.29203529638275, 43.976792856734903 ], [ -80.292408192419856, 43.976809594200617 ], [ -80.292431369223436, 43.976540313839315 ], [ -80.292058475012766, 43.97652357646173 ], [ -80.292104831589015, 43.975985016183259 ], [ -80.291731941259073, 43.975968277658325 ], [ -80.29175512103167, 43.975698997741212 ], [ -80.291382232756064, 43.975682257980786 ], [ -80.291405414127055, 43.975412978241152 ], [ -80.291778300576325, 43.975429717913386 ], [ -80.29182465898181, 43.974891158525708 ], [ -80.292943308739211, 43.974941369071615 ], [ -80.292920135129407, 43.975210648985268 ], [ -80.293665906426412, 43.975244116240624 ], [ -80.293689076383558, 43.974974836150665 ], [ -80.294061960547523, 43.974991567704762 ], [ -80.294131463573009, 43.974183727706375 ], [ -80.29450434248588, 43.974200457672445 ], [ -80.294550673044597, 43.973661897943956 ], [ -80.294177797784258, 43.973645168154128 ], [ -80.294200964548153, 43.973375888512017 ], [ -80.291963728728007, 43.973275482506317 ], [ -80.292010083486744, 43.972736924547924 ], [ -80.2916372153, 43.97272018575741 ], [ -80.291845816868047, 43.970296680162065 ], [ -80.292218668620038, 43.970313418159051 ], [ -80.292265018365157, 43.969774862167107 ], [ -80.292637866693028, 43.969791598664258 ], [ -80.292661039397814, 43.969522320714248 ], [ -80.29228819289591, 43.969505584305253 ], [ -80.292311367198792, 43.969236306532814 ], [ -80.292684211874757, 43.969253042853666 ], [ -80.292707384123858, 43.968983765082527 ], [ -80.292334541273817, 43.968967028849825 ], [ -80.292357715120986, 43.968697751256272 ], [ -80.291984874324712, 43.96868101378827 ], [ -80.292054399976706, 43.967873181808741 ], [ -80.292427235295378, 43.967889919012258 ], [ -80.29249675341913, 43.967082087573353 ], [ -80.292123923577932, 43.967065350634307 ], [ -80.292170271506137, 43.966526796965404 ], [ -80.291797445544319, 43.966510058879273 ], [ -80.291843796212603, 43.965971505744619 ], [ -80.292216618522957, 43.965988243654422 ], [ -80.29235565410535, 43.96437258586954 ], [ -80.290864410046964, 43.964305628406095 ], [ -80.290887589149037, 43.964036352774613 ], [ -80.290514780529705, 43.964019610188551 ], [ -80.290537961229447, 43.96375033473479 ], [ -80.288301125253483, 43.963649851957491 ], [ -80.288347507875628, 43.963111302377129 ], [ -80.287974706328598, 43.96309455079237 ], [ -80.287997899123155, 43.962825276224734 ], [ -80.287252300364145, 43.962791769261813 ], [ -80.287275496581628, 43.962522494960204 ], [ -80.286902699369662, 43.962505739582035 ], [ -80.286949094771344, 43.961967191424016 ], [ -80.286203508333358, 43.961933677050837 ], [ -80.286273110677783, 43.961125856015137 ], [ -80.286645898306574, 43.961142613598568 ], [ -80.286692295078396, 43.960604066512786 ], [ -80.287065079284574, 43.960620822596432 ], [ -80.287111471493532, 43.960082275692464 ], [ -80.287484252277125, 43.960099030276396 ], [ -80.287507446214263, 43.959829756870576 ], [ -80.287880225400585, 43.959846510042972 ], [ -80.288019373283845, 43.958230870960591 ], [ -80.288392141746769, 43.958247622280368 ], [ -80.288508082921084, 43.956901258402276 ], [ -80.288880842486279, 43.956918007957754 ], [ -80.288904028212215, 43.956648735362876 ], [ -80.288531270472092, 43.956631985895655 ], [ -80.288670390991584, 43.955016352739214 ], [ -80.287552151989132, 43.954966097986812 ], [ -80.287575343419505, 43.954696826372711 ], [ -80.287202599366211, 43.954680072230623 ], [ -80.287225792393528, 43.954410800794463 ], [ -80.286480308620796, 43.954377288717538 ], [ -80.286503505069945, 43.954108017547618 ], [ -80.286130765350478, 43.954091259612781 ], [ -80.286107567076442, 43.95436053069443 ], [ -80.285362084671874, 43.954327010678959 ], [ -80.285338882519966, 43.95459628167378 ], [ -80.284593397377876, 43.954562756189397 ], [ -80.2846166031796, 43.954293485371174 ], [ -80.283498382652027, 43.954243187486391 ], [ -80.283475171375628, 43.954512458039687 ], [ -80.283102429831203, 43.954495689343595 ], [ -80.283079216501704, 43.954764959898291 ], [ -80.281960987762858, 43.9547146456066 ], [ -80.282007425142979, 43.954176105116971 ], [ -80.281634686336247, 43.954159331216928 ], [ -80.281797222751138, 43.95227444294779 ], [ -80.28216994878423, 43.952291216229384 ], [ -80.282193165534395, 43.952021946747251 ], [ -80.281820441326047, 43.952005173553964 ], [ -80.281843659672731, 43.951735904249979 ], [ -80.281470937517312, 43.951719129822045 ], [ -80.281494157460457, 43.951449860696101 ], [ -80.281121437357967, 43.95143308503355 ], [ -80.281167880208912, 43.950894547227698 ], [ -80.280795163983996, 43.950877770418863 ], [ -80.280841609571198, 43.950339233148824 ], [ -80.280468897223798, 43.950322455193778 ], [ -80.280445672719722, 43.950591723695531 ], [ -80.279327531573401, 43.950541381627403 ], [ -80.279350761551314, 43.950272113390788 ], [ -80.277859917184671, 43.950204972465365 ], [ -80.277883154232555, 43.949935704672164 ], [ -80.277137737068699, 43.949902126448542 ], [ -80.277160977537292, 43.949632858921994 ], [ -80.274552037432073, 43.949515294085806 ], [ -80.2745985432271, 43.948976760540496 ], [ -80.274225842060829, 43.948959960449152 ], [ -80.274249096439959, 43.948690693899671 ], [ -80.273876397326731, 43.948673892573886 ], [ -80.273922909048238, 43.948135359921316 ], [ -80.273177518805255, 43.94810175365506 ], [ -80.273224036910051, 43.947563221715725 ], [ -80.272851345780253, 43.947546416775275 ], [ -80.272874606314105, 43.94727715102885 ], [ -80.272129228389105, 43.94724353735635 ], [ -80.272175756068307, 43.946705006487072 ], [ -80.271430386355206, 43.946671387877252 ], [ -80.271453653500458, 43.946402122754428 ], [ -80.27033560611882, 43.946351685183977 ], [ -80.270358878508205, 43.946082420416644 ], [ -80.269986198329349, 43.946065605336045 ], [ -80.270265471052113, 43.942834436200208 ], [ -80.26989281299177, 43.942817620859579 ], [ -80.269939358891591, 43.942279094105871 ], [ -80.268821397027125, 43.942228640679026 ], [ -80.268798118719559, 43.942497903745178 ], [ -80.268425463398245, 43.942481083202168 ], [ -80.268448743529817, 43.9422118202246 ], [ -80.268076090261303, 43.942194998447455 ], [ -80.268169215795609, 43.941117947790751 ], [ -80.267796570051686, 43.941101125045314 ], [ -80.267819852687197, 43.940831862694566 ], [ -80.267447208995975, 43.94081503871503 ], [ -80.267540344545409, 43.93973799056598 ], [ -80.267912980941176, 43.939754814191097 ], [ -80.267936262432698, 43.93948555229013 ], [ -80.268308897233439, 43.939502374503959 ], [ -80.268332176672374, 43.939233112604363 ], [ -80.267959543695426, 43.939216290479095 ], [ -80.267982824729344, 43.938947028758101 ], [ -80.267237563109362, 43.93891338071689 ], [ -80.267423832324184, 43.936759291606187 ], [ -80.26705121644693, 43.936742466310569 ], [ -80.267074500892818, 43.936473205665393 ], [ -80.266701887067981, 43.936456379135812 ], [ -80.266725173108625, 43.936187118669267 ], [ -80.266352561336205, 43.93617029090575 ], [ -80.266492283716246, 43.934554730529264 ], [ -80.266864884547516, 43.934571557761025 ], [ -80.266981304454617, 43.933225259480913 ], [ -80.266608712740478, 43.933208432692261 ], [ -80.266631997858909, 43.93293917339512 ], [ -80.267004587749682, 43.932956000095146 ], [ -80.267051153653469, 43.932417481593916 ], [ -80.267796326827934, 43.932451130672078 ], [ -80.267819605790024, 43.932181871379399 ], [ -80.268192190897039, 43.932198693846168 ], [ -80.268262020941037, 43.931390916243089 ], [ -80.268634600806877, 43.93140773712161 ], [ -80.268611326177535, 43.931676996321102 ], [ -80.269729072616954, 43.931727451287728 ], [ -80.269752341776439, 43.931458191822486 ], [ -80.270124922556903, 43.93147500741123 ], [ -80.270171456543437, 43.930936488574055 ], [ -80.270916611497142, 43.930970115429936 ], [ -80.270939874501011, 43.930700855969469 ], [ -80.271312450497476, 43.930717667325148 ], [ -80.271335711449524, 43.930448407866322 ], [ -80.271708285851318, 43.930465217811118 ], [ -80.271778061866627, 43.929657439709914 ], [ -80.272523200416529, 43.929691055101024 ], [ -80.272499945619657, 43.929960314554961 ], [ -80.272872517060534, 43.929977120355396 ], [ -80.272895770034225, 43.929707860812961 ], [ -80.274386050789474, 43.929775070436563 ], [ -80.274409296241956, 43.929505810630289 ], [ -80.275154434343648, 43.929539407330658 ], [ -80.275224158391794, 43.928731627922232 ], [ -80.275596722315683, 43.928748424023375 ], [ -80.275619961385246, 43.928479164312506 ], [ -80.276737649057452, 43.9285295444163 ], [ -80.276714415457306, 43.928798804392521 ], [ -80.277832110653421, 43.928849172860048 ], [ -80.277878566686624, 43.928310652467296 ], [ -80.277506005039285, 43.928293864477332 ], [ -80.277575692846781, 43.927486084830086 ], [ -80.277203136896958, 43.927469295783034 ], [ -80.277226367532748, 43.927200036169467 ], [ -80.275736153308173, 43.927132867111368 ], [ -80.275759391007824, 43.926863607941833 ], [ -80.275386839845424, 43.926846812459878 ], [ -80.275410079139789, 43.926577553469038 ], [ -80.275037530028712, 43.92656075675319 ], [ -80.275107252010727, 43.925752980587554 ], [ -80.274734708596881, 43.925736182814781 ], [ -80.274757950623808, 43.925466924361878 ], [ -80.274012868127031, 43.925433325026354 ], [ -80.274036113571427, 43.925164066840679 ], [ -80.273663574488481, 43.92514726527795 ], [ -80.273686821527377, 43.924878007271026 ], [ -80.270706531670399, 43.924743547874719 ], [ -80.270729793063694, 43.92447429066624 ], [ -80.270357259682598, 43.924457477379981 ], [ -80.270380522670166, 43.92418822035031 ], [ -80.270007991340464, 43.924171405830336 ], [ -80.270031255922248, 43.923902148979529 ], [ -80.269658726643883, 43.923885333225826 ], [ -80.269681992819926, 43.923616076553856 ], [ -80.268936938594422, 43.923582441256876 ], [ -80.269006746687481, 43.922774672314155 ], [ -80.269379268217747, 43.922791490358037 ], [ -80.269449068785434, 43.921983721962356 ], [ -80.269821585076215, 43.922000538418324 ], [ -80.269844849652316, 43.921731282378509 ], [ -80.270217364349023, 43.921748097423709 ], [ -80.270263889170351, 43.92120958543795 ], [ -80.270636400450329, 43.921226398983855 ], [ -80.270706180500667, 43.920418631417164 ], [ -80.271078686541415, 43.92043544337519 ], [ -80.271101944278655, 43.920166187611834 ], [ -80.271846953400456, 43.920199807384428 ], [ -80.271893460899406, 43.919661295774624 ], [ -80.273010965360157, 43.9197117149862 ], [ -80.273057461010396, 43.919173203206832 ], [ -80.27342995930907, 43.919190006789371 ], [ -80.273476450400878, 43.91865149519456 ], [ -80.273848945282978, 43.918668297277961 ], [ -80.273872188663915, 43.918399041527707 ], [ -80.274617175468165, 43.91843264155122 ], [ -80.274640414975906, 43.918163385714379 ], [ -80.274267923282054, 43.918146586452146 ], [ -80.274384126508423, 43.916800309066602 ], [ -80.27475660909036, 43.916817107886466 ], [ -80.27477984722843, 43.916547852592167 ], [ -80.275897290876799, 43.91659824085388 ], [ -80.275874058205744, 43.916867496413531 ], [ -80.27661902542377, 43.916901082154475 ], [ -80.276642254450152, 43.91663182641792 ], [ -80.27701473657909, 43.916648617216843 ], [ -80.277037963554946, 43.916379361482299 ], [ -80.280017814220088, 43.916513639571271 ], [ -80.279971389197883, 43.917052152545118 ], [ -80.280343875202007, 43.917068931533592 ], [ -80.280320664171271, 43.917338188244557 ], [ -80.280693152225822, 43.91735496599928 ], [ -80.280669942789487, 43.917624222889003 ], [ -80.281414923227373, 43.917657774608884 ], [ -80.281438129018852, 43.917388517542399 ], [ -80.282183106723707, 43.917422063797062 ], [ -80.282229510333195, 43.91688354958211 ], [ -80.2826019958827, 43.916900320549608 ], [ -80.282625195523195, 43.916631063489469 ], [ -80.2829976794782, 43.916647833046568 ], [ -80.283020877068424, 43.916378575988595 ], [ -80.283393359428942, 43.91639534413526 ], [ -80.283532529251346, 43.914779803157529 ], [ -80.284649944898248, 43.914830098075711 ], [ -80.284673133604471, 43.914560841297941 ], [ -80.285045604120086, 43.91457760353827 ], [ -80.285091977204743, 43.914039090077694 ], [ -80.285464444303628, 43.91405585081943 ], [ -80.28548762868212, 43.913786594136639 ], [ -80.285860094186532, 43.913803353468076 ], [ -80.285999184742309, 43.912187814743085 ], [ -80.287489005305147, 43.912254836730582 ], [ -80.287512178979114, 43.911985580240405 ], [ -80.288629541325008, 43.91203583258546 ], [ -80.288652709305083, 43.911766575921149 ], [ -80.290142521663668, 43.911833560187226 ], [ -80.290165682127849, 43.911564303260725 ], [ -80.290538133964176, 43.911581045934099 ], [ -80.290561292378783, 43.911311789009986 ], [ -80.29167864378627, 43.91136200883372 ], [ -80.291655490837897, 43.911631266022304 ], [ -80.293145303186563, 43.911698207632071 ], [ -80.293214739484526, 43.910890435280464 ], [ -80.293959636090491, 43.910923897624684 ], [ -80.294075340486955, 43.909577611302971 ], [ -80.294447780020789, 43.909594340051612 ], [ -80.294494056544465, 43.909055825981049 ], [ -80.29486649266164, 43.909072553231617 ], [ -80.294889628760657, 43.908803296244244 ], [ -80.295262063283133, 43.908820022084711 ], [ -80.295308331155638, 43.908281508205675 ], [ -80.294563469625544, 43.90824805555517 ], [ -80.294632880661396, 43.907440285945171 ], [ -80.295005305847241, 43.907457012667109 ], [ -80.295028440582882, 43.907187756223685 ], [ -80.295400864174127, 43.907204481535665 ], [ -80.295470261552367, 43.906396712485268 ], [ -80.295842679905391, 43.90641343621111 ], [ -80.295865810088657, 43.906144179954318 ], [ -80.298845150515348, 43.906277921469709 ], [ -80.298960725155226, 43.9049316380246 ], [ -80.299333134621648, 43.904948349325586 ], [ -80.299379359245151, 43.904409836406636 ], [ -80.300496578076221, 43.904459961850613 ], [ -80.300473471342997, 43.904729218528736 ], [ -80.301218288675088, 43.904762629058204 ], [ -80.301195185358324, 43.905031886003016 ], [ -80.301940007241441, 43.90506529142111 ], [ -80.301986206361263, 43.904526777270412 ], [ -80.302358613999729, 43.904543477820788 ], [ -80.302404808568767, 43.904004963857204 ], [ -80.302032404573652, 43.903988263482717 ], [ -80.30205550333956, 43.903719006724977 ], [ -80.301683101392953, 43.903702305116674 ], [ -80.301752401794403, 43.902894535652003 ], [ -80.302124798276225, 43.902911236996502 ], [ -80.302147896134741, 43.902641980601878 ], [ -80.302520291021821, 43.902658680536618 ], [ -80.302543386831942, 43.902389424144836 ], [ -80.302915780124295, 43.902406122669852 ], [ -80.302938873886063, 43.902136866280927 ], [ -80.303311265583659, 43.902153563396212 ], [ -80.303334357297132, 43.901884307010128 ], [ -80.304079137729573, 43.901917697099577 ], [ -80.30417148774383, 43.900840671760101 ], [ -80.304543871014204, 43.900857364470518 ], [ -80.304613125679978, 43.900049596155867 ], [ -80.305357881972228, 43.900082977084082 ], [ -80.305404043330356, 43.899544464976948 ], [ -80.305776418173707, 43.89956115328269 ], [ -80.305799496691421, 43.899291897277514 ], [ -80.306171869940016, 43.899308584173681 ], [ -80.306194946409747, 43.899039328171447 ], [ -80.306567318063614, 43.89905601365809 ], [ -80.306613466680574, 43.898517501750575 ], [ -80.307358203382719, 43.898550868407213 ], [ -80.3073812737087, 43.898281612414053 ], [ -80.308498374997072, 43.898331652222844 ], [ -80.308521439632614, 43.898062396057043 ], [ -80.309638537495516, 43.898112423707211 ], [ -80.309661596440677, 43.897843167368848 ], [ -80.310406325838912, 43.897876512351623 ], [ -80.310429380915082, 43.897607255928548 ], [ -80.310801744132519, 43.897623926349645 ], [ -80.310847849963139, 43.897085413600628 ], [ -80.311220209764443, 43.897102082524448 ], [ -80.31126631104712, 43.896563569963575 ], [ -80.311638667432291, 43.896580237390211 ], [ -80.311661715912905, 43.896310981158365 ], [ -80.312778780962745, 43.896360975245102 ], [ -80.312870950767916, 43.895283950174075 ], [ -80.313987996000094, 43.895333931313132 ], [ -80.313964959351651, 43.8956031877077 ], [ -80.314337310035967, 43.895619845531876 ], [ -80.314314274982493, 43.895889102105137 ], [ -80.314686627714195, 43.895905758695399 ], [ -80.314663594255705, 43.896175015447298 ], [ -80.315780659271397, 43.896224977551434 ], [ -80.315757631050417, 43.896494234657425 ], [ -80.319853573549949, 43.89667732823662 ], [ -80.319830565136684, 43.896946586397796 ], [ -80.320202926722999, 43.896963223426276 ], [ -80.320179919905101, 43.897232481766018 ], [ -80.320552283538632, 43.897249117560428 ], [ -80.320529278316158, 43.897518376078715 ], [ -80.321274009903561, 43.897551643877698 ], [ -80.321389015544128, 43.896205351319729 ], [ -80.322133729822085, 43.896238612956125 ], [ -80.322110732788218, 43.89650787146099 ], [ -80.322855451612028, 43.896541127985849 ], [ -80.322832457994906, 43.896810386756727 ], [ -80.323204819566797, 43.896827013124273 ], [ -80.323135842824641, 43.897634790245569 ], [ -80.323880577573718, 43.897668039540839 ], [ -80.323903566404184, 43.897398780234376 ], [ -80.325393031325788, 43.897465262614347 ], [ -80.325370049780744, 43.897734522270952 ], [ -80.325742418396757, 43.89775113964923 ], [ -80.325673477871746, 43.898558919427202 ], [ -80.325301103791531, 43.898542301786392 ], [ -80.325255138670286, 43.89908082191797 ], [ -80.325627516393382, 43.899097439733815 ], [ -80.325466644110051, 43.90098226367045 ], [ -80.325839034809533, 43.900998880777117 ], [ -80.325816053973611, 43.901268141790581 ], [ -80.326933232890923, 43.901317985442411 ], [ -80.326910257294159, 43.901587246809228 ], [ -80.327282652539537, 43.901603858803711 ], [ -80.327259678538809, 43.901873120348888 ], [ -80.329121667257922, 43.901956160931455 ] ] ] } },
{ "type": "Feature", "properties": { "SubId": 90013941, "DowSubId": 90014227, "RivSlope": 0.0031147094471850002, "RivLength": 5221.461731, "BasSlope": 1.086226914804306, "BasAspect": 179.35229400474626, "BasArea": 37587278.805917002, "BkfWidth": 36.239549066899997, "BkfDepth": 0.71199007112400003, "Lake_Cat": 0, "HyLakeId": 0, "LakeVol": 0.0, "LakeDepth": 0.0, "LakeArea": 0.0, "Laketype": 0, "Has_POI": 0, "MeanElev": 475.05742295655193, "FloodP_n": 0.050537332620440002, "Q_Mean": 24.77302641079444, "Ch_n": 0.041598025708446999, "DrainArea": 468816775.05226099, "Strahler": 3, "Seg_ID": 30, "Seg_order": 3, "Max_DEM": 454.56405639600001, "Min_DEM": 444.06829834000001, "DA_Obs": 0.0, "DA_error": 0.0, "Obs_NM": null, "SRC_obs": null, "centroid_x": -80.341682178711181, "centroid_y": 43.889079176585199, "DA_Chn_L": 60898.187801, "DA_Slope": 0.24072576402599999, "DA_Chn_Slp": 0.051445672560499998, "outletLat": 43.892221770500001, "outletLng": -80.283793022599994, "Region": "SW", "Sub_Reg": "02G", "rvhName": "sub90013941" }, "geometry": { "type": "Polygon", "coordinates": [ [ [ -80.343942975050808, 43.899102300388144 ], [ -80.343920083903797, 43.899371564684913 ], [ -80.343175313893951, 43.899338457613872 ], [ -80.34315241887893, 43.899607721827195 ], [ -80.342407646125281, 43.899574609294582 ], [ -80.342361848134232, 43.900113137645299 ], [ -80.341989458451494, 43.900096579221909 ], [ -80.341943655917603, 43.900635107761893 ], [ -80.341571262816458, 43.900618547842264 ], [ -80.341548359390501, 43.900887812161436 ], [ -80.340803570219691, 43.900854688182285 ], [ -80.340780662925411, 43.901123952417919 ], [ -80.339663475391461, 43.901074256273802 ], [ -80.339640562407126, 43.901343520338607 ], [ -80.338523371433311, 43.901293812036265 ], [ -80.338477533859304, 43.901832339914982 ], [ -80.338105133674759, 43.901815767662669 ], [ -80.338082212728395, 43.902085031651076 ], [ -80.337337409391168, 43.902051883006322 ], [ -80.337314484576225, 43.902321146911035 ], [ -80.336197275793793, 43.902271413768133 ], [ -80.336174345288441, 43.902540677501804 ], [ -80.335429536915939, 43.902507515289273 ], [ -80.335406602541852, 43.902776778939185 ], [ -80.334289386207175, 43.902727025444499 ], [ -80.334266446142536, 43.902996288923227 ], [ -80.333521632735682, 43.902963113142775 ], [ -80.333544576443842, 43.902693849838748 ], [ -80.333172171900159, 43.902677260053132 ], [ -80.333195117204738, 43.90240799692738 ], [ -80.32909870213993, 43.902225423004822 ], [ -80.329121667257922, 43.901956160931455 ], [ -80.327259678538809, 43.901873120348888 ], [ -80.327282652539537, 43.901603858803711 ], [ -80.326910257294159, 43.901587246809228 ], [ -80.326933232890923, 43.901317985442411 ], [ -80.325816053973611, 43.901268141790581 ], [ -80.325839034809533, 43.900998880777117 ], [ -80.325466644110051, 43.90098226367045 ], [ -80.325627516393382, 43.899097439733815 ], [ -80.325255138670286, 43.89908082191797 ], [ -80.325301103791531, 43.898542301786392 ], [ -80.325673477871746, 43.898558919427202 ], [ -80.325742418396757, 43.89775113964923 ], [ -80.325370049780744, 43.897734522270952 ], [ -80.325393031325788, 43.897465262614347 ], [ -80.323903566404184, 43.897398780234376 ], [ -80.323880577573718, 43.897668039540839 ], [ -80.323135842824641, 43.897634790245569 ], [ -80.323204819566797, 43.896827013124273 ], [ -80.322832457994906, 43.896810386756727 ], [ -80.322855451612028, 43.896541127985849 ], [ -80.322110732788218, 43.89650787146099 ], [ -80.322133729822085, 43.896238612956125 ], [ -80.321389015544128, 43.896205351319729 ], [ -80.321274009903561, 43.897551643877698 ], [ -80.320529278316158, 43.897518376078715 ], [ -80.320552283538632, 43.897249117560428 ], [ -80.320179919905101, 43.897232481766018 ], [ -80.320202926722999, 43.896963223426276 ], [ -80.319830565136684, 43.896946586397796 ], [ -80.319853573549949, 43.89667732823662 ], [ -80.315757631050417, 43.896494234657425 ], [ -80.315780659271397, 43.896224977551434 ], [ -80.314663594255705, 43.896175015447298 ], [ -80.314686627714195, 43.895905758695399 ], [ -80.314314274982493, 43.895889102105137 ], [ -80.314337310035967, 43.895619845531876 ], [ -80.313964959351651, 43.8956031877077 ], [ -80.313987996000094, 43.895333931313132 ], [ -80.312870950767916, 43.895283950174075 ], [ -80.312778780962745, 43.896360975245102 ], [ -80.311661715912905, 43.896310981158365 ], [ -80.311638667432291, 43.896580237390211 ], [ -80.31126631104712, 43.896563569963575 ], [ -80.311220209764443, 43.897102082524448 ], [ -80.310847849963139, 43.897085413600628 ], [ -80.310801744132519, 43.897623926349645 ], [ -80.310429380915082, 43.897607255928548 ], [ -80.310406325838912, 43.897876512351623 ], [ -80.309661596440677, 43.897843167368848 ], [ -80.309638537495516, 43.898112423707211 ], [ -80.308521439632614, 43.898062396057043 ], [ -80.308498374997072, 43.898331652222844 ], [ -80.3073812737087, 43.898281612414053 ], [ -80.307358203382719, 43.898550868407213 ], [ -80.306613466680574, 43.898517501750575 ], [ -80.306567318063614, 43.89905601365809 ], [ -80.306194946409747, 43.899039328171447 ], [ -80.306171869940016, 43.899308584173681 ], [ -80.305799496691421, 43.899291897277514 ], [ -80.305776418173707, 43.89956115328269 ], [ -80.305404043330356, 43.899544464976948 ], [ -80.305357881972228, 43.900082977084082 ], [ -80.304613125679978, 43.900049596155867 ], [ -80.304543871014204, 43.900857364470518 ], [ -80.30417148774383, 43.900840671760101 ], [ -80.304079137729573, 43.901917697099577 ], [ -80.303334357297132, 43.901884307010128 ], [ -80.303311265583659, 43.902153563396212 ], [ -80.302938873886063, 43.902136866280927 ], [ -80.302915780124295, 43.902406122669852 ], [ -80.302543386831942, 43.902389424144836 ], [ -80.302520291021821, 43.902658680536618 ], [ -80.302147896134741, 43.902641980601878 ], [ -80.302124798276225, 43.902911236996502 ], [ -80.301752401794403, 43.902894535652003 ], [ -80.301683101392953, 43.903702305116674 ], [ -80.30205550333956, 43.903719006724977 ], [ -80.302032404573652, 43.903988263482717 ], [ -80.302404808568767, 43.904004963857204 ], [ -80.302358613999729, 43.904543477820788 ], [ -80.301986206361263, 43.904526777270412 ], [ -80.301940007241441, 43.90506529142111 ], [ -80.301195185358324, 43.905031886003016 ], [ -80.301218288675088, 43.904762629058204 ], [ -80.300473471342997, 43.904729218528736 ], [ -80.300496578076221, 43.904459961850613 ], [ -80.299379359245151, 43.904409836406636 ], [ -80.299333134621648, 43.904948349325586 ], [ -80.298960725155226, 43.9049316380246 ], [ -80.298845150515348, 43.906277921469709 ], [ -80.295865810088657, 43.906144179954318 ], [ -80.295842679905391, 43.90641343621111 ], [ -80.295470261552367, 43.906396712485268 ], [ -80.295400864174127, 43.907204481535665 ], [ -80.295028440582882, 43.907187756223685 ], [ -80.295005305847241, 43.907457012667109 ], [ -80.294632880661396, 43.907440285945171 ], [ -80.294563469625544, 43.90824805555517 ], [ -80.295308331155638, 43.908281508205675 ], [ -80.295262063283133, 43.908820022084711 ], [ -80.294889628760657, 43.908803296244244 ], [ -80.29486649266164, 43.909072553231617 ], [ -80.294494056544465, 43.909055825981049 ], [ -80.294447780020789, 43.909594340051612 ], [ -80.294075340486955, 43.909577611302971 ], [ -80.293959636090491, 43.910923897624684 ], [ -80.293214739484526, 43.910890435280464 ], [ -80.293145303186563, 43.911698207632071 ], [ -80.291655490837897, 43.911631266022304 ], [ -80.29167864378627, 43.91136200883372 ], [ -80.290561292378783, 43.911311789009986 ], [ -80.290538133964176, 43.911581045934099 ], [ -80.290165682127849, 43.911564303260725 ], [ -80.290142521663668, 43.911833560187226 ], [ -80.288652709305083, 43.911766575921149 ], [ -80.288629541325008, 43.91203583258546 ], [ -80.287512178979114, 43.911985580240405 ], [ -80.287489005305147, 43.912254836730582 ], [ -80.285999184742309, 43.912187814743085 ], [ -80.286091907225611, 43.911110790737517 ], [ -80.285719459942328, 43.911094032288695 ], [ -80.285742641815958, 43.910824776602013 ], [ -80.284252862248024, 43.910757729940222 ], [ -80.284345616617131, 43.909680709511754 ], [ -80.283600742775306, 43.909647178955524 ], [ -80.283623934442005, 43.909377924251437 ], [ -80.283251499684681, 43.909361157078806 ], [ -80.283297885978527, 43.908822648119191 ], [ -80.282553024434748, 43.908789110161322 ], [ -80.282576220883669, 43.908519855994001 ], [ -80.281458935742322, 43.908469539408102 ], [ -80.281505338887541, 43.907931031875442 ], [ -80.281877763396523, 43.907947805215997 ], [ -80.281900962805537, 43.907678551497277 ], [ -80.282273385720586, 43.90769532342761 ], [ -80.282296583079997, 43.907426069711157 ], [ -80.2826690044011, 43.907442840231369 ], [ -80.282692199710922, 43.907173586517295 ], [ -80.283064619438079, 43.907190355627286 ], [ -80.283111005730845, 43.906651848294459 ], [ -80.283483422042323, 43.906668615905993 ], [ -80.28355299430801, 43.905860855321848 ], [ -80.283925405382192, 43.905877621346626 ], [ -80.283994970133151, 43.90506986131372 ], [ -80.283622564523895, 43.905053095553832 ], [ -80.283692132690035, 43.904245336602081 ], [ -80.284064532834549, 43.904262102097093 ], [ -80.284110906830207, 43.903723596406181 ], [ -80.283738510328774, 43.90370683108781 ], [ -80.283761698806558, 43.903437578466786 ], [ -80.28301691012993, 43.903404044041203 ], [ -80.283040102022994, 43.903134791687485 ], [ -80.282667709847772, 43.903118022580394 ], [ -80.282690903334526, 43.902848770405711 ], [ -80.28231851320858, 43.902832000065203 ], [ -80.282341708288996, 43.902562748069535 ], [ -80.281969320212283, 43.902545976495645 ], [ -80.281992516886334, 43.902276724679098 ], [ -80.281620130858855, 43.902259951871763 ], [ -80.281712922562633, 43.901182945866402 ], [ -80.281340544048462, 43.901166172090718 ], [ -80.281595722474066, 43.898204414037302 ], [ -80.281968080954556, 43.898221186841305 ], [ -80.281991275805311, 43.897951936565704 ], [ -80.28161891914597, 43.897935163850029 ], [ -80.281642115590088, 43.897665913753563 ], [ -80.282014470428336, 43.897682686380975 ], [ -80.282176826412126, 43.895797937631507 ], [ -80.281804484321228, 43.895781165622431 ], [ -80.281943648636783, 43.894165670768466 ], [ -80.282315979802092, 43.894182442247605 ], [ -80.282385553422813, 43.893374695782889 ], [ -80.283130205511412, 43.893408234246756 ], [ -80.283153392621259, 43.893138985430404 ], [ -80.283525717186251, 43.893155752591817 ], [ -80.283572087081325, 43.89261725505532 ], [ -80.283199766157935, 43.892600488070499 ], [ -80.283222952584779, 43.892331239527003 ], [ -80.283595271687389, 43.892348006423497 ], [ -80.28361845606581, 43.892078757882622 ], [ -80.283990773575312, 43.892095523369363 ], [ -80.283967591017657, 43.892364771998473 ], [ -80.28433991057554, 43.89238153625196 ], [ -80.284363091312443, 43.89211228753463 ], [ -80.285480045889386, 43.892162572101661 ], [ -80.285433695112644, 43.892701070157116 ], [ -80.28580601740164, 43.892717829213048 ], [ -80.285759669356324, 43.893256327808821 ], [ -80.286131995514538, 43.893273085719713 ], [ -80.286085650200732, 43.893811584855783 ], [ -80.287947302612949, 43.893895355470249 ], [ -80.287924138719234, 43.894164605615813 ], [ -80.288296471704996, 43.894181355862372 ], [ -80.28834279562318, 43.893642855485744 ], [ -80.289087454993378, 43.893676351661455 ], [ -80.289110612969594, 43.893407101433141 ], [ -80.289482941174896, 43.893423847450528 ], [ -80.289506097102887, 43.893154597224971 ], [ -80.289878423714669, 43.893171341832705 ], [ -80.289901577594406, 43.892902091609876 ], [ -80.290273902612753, 43.892918834807915 ], [ -80.290297054444295, 43.892649584587907 ], [ -80.291041701521195, 43.892683066843112 ], [ -80.291064849483789, 43.892413816537747 ], [ -80.291809493828197, 43.892447293330683 ], [ -80.291832637921885, 43.892178042939982 ], [ -80.292204958614164, 43.892194779266063 ], [ -80.29227438406943, 43.891387028375419 ], [ -80.293391331122464, 43.891437228631673 ], [ -80.293414467024192, 43.891167978252398 ], [ -80.293786781342121, 43.891184708940109 ], [ -80.293809915195965, 43.890915458563725 ], [ -80.294182227920288, 43.890932187841869 ], [ -80.294274753781451, 43.889855186894025 ], [ -80.294647059450114, 43.889871914498343 ], [ -80.294785830504964, 43.888256415278946 ], [ -80.29515812547703, 43.888273141033338 ], [ -80.295204377037592, 43.887734641845775 ], [ -80.294459794602759, 43.887701189367952 ], [ -80.294482923683518, 43.887431940086948 ], [ -80.294110634627231, 43.887415211954057 ], [ -80.294133765301396, 43.887145962852252 ], [ -80.293761478292708, 43.887129233486064 ], [ -80.293784610560252, 43.886859984563408 ], [ -80.293412325599135, 43.886843253964003 ], [ -80.293435459460028, 43.886574005220552 ], [ -80.29194632916878, 43.886507069961951 ], [ -80.291969470084254, 43.88623782166205 ], [ -80.291597189899804, 43.886221084632183 ], [ -80.291620332408499, 43.885951836511545 ], [ -80.290875776362014, 43.885918358664142 ], [ -80.290968358687579, 43.884841367797733 ], [ -80.290596088286577, 43.88482462724469 ], [ -80.29061923512019, 43.884555379844052 ], [ -80.290991503700894, 43.884572120308931 ], [ -80.291037793045859, 43.884033625604687 ], [ -80.291410058213231, 43.884050364571976 ], [ -80.29143320072464, 43.883781117268413 ], [ -80.292177728100441, 43.883814591062922 ], [ -80.292200866744182, 43.8835453436742 ], [ -80.293689916940551, 43.88361227505554 ], [ -80.293713048076199, 43.883343027405516 ], [ -80.294457570896498, 43.88337648499239 ], [ -80.294526952019737, 43.882568742060684 ], [ -80.294899208309815, 43.882585468607971 ], [ -80.29494545761645, 43.882046973599849 ], [ -80.295317710493222, 43.882063698649752 ], [ -80.295363955251531, 43.881525203830222 ], [ -80.294991706015026, 43.881508478956484 ], [ -80.295014829873807, 43.881239231771573 ], [ -80.294642582684418, 43.881222505664695 ], [ -80.294665708136279, 43.880953258659083 ], [ -80.294293462994005, 43.88093653131908 ], [ -80.294316590038903, 43.880667284492759 ], [ -80.293572104075579, 43.88063382602536 ], [ -80.293595234533555, 43.880364579466431 ], [ -80.291734032699367, 43.880280910617763 ], [ -80.29175717203033, 43.880011664590661 ], [ -80.289895984974933, 43.879927963153378 ], [ -80.289919133178657, 43.879658717658273 ], [ -80.28954689826918, 43.879641973495502 ], [ -80.289570048065627, 43.87937272817981 ], [ -80.287708886027104, 43.879288987989625 ], [ -80.287732044695929, 43.879019743206101 ], [ -80.286615355660444, 43.878969483502985 ], [ -80.286638519561606, 43.878700239075371 ], [ -80.286266292157734, 43.878683483286984 ], [ -80.286335787956489, 43.877875750816202 ], [ -80.284474681646174, 43.877791953381291 ], [ -80.284497855556666, 43.877522709848144 ], [ -80.283381199959479, 43.877472415798884 ], [ -80.283427558016612, 43.876933929536044 ], [ -80.283055343578766, 43.876917162387386 ], [ -80.283078524085781, 43.876647919481101 ], [ -80.283450736703898, 43.876664686541503 ], [ -80.283497093395908, 43.876126200826221 ], [ -80.284241512035834, 43.876159730630668 ], [ -80.284264686401201, 43.875890487733336 ], [ -80.284636894242695, 43.875907250565696 ], [ -80.284729582150902, 43.874830279536326 ], [ -80.284357381587952, 43.874813517057042 ], [ -80.284380554815996, 43.874544274616191 ], [ -80.283263959950844, 43.874493979517176 ], [ -80.283310316641945, 43.873955495439155 ], [ -80.282938122447689, 43.873938727940718 ], [ -80.282961302271502, 43.873669486126978 ], [ -80.283333494646243, 43.873686253537088 ], [ -80.283356672423025, 43.873417011726403 ], [ -80.282612291540119, 43.873383475761742 ], [ -80.282681834422391, 43.872575751407403 ], [ -80.282309649780643, 43.872558981708501 ], [ -80.282332832105794, 43.872289740528082 ], [ -80.281960649511021, 43.872272969596558 ], [ -80.282053383813832, 43.871196006141517 ], [ -80.283169910448009, 43.871246313913559 ], [ -80.28323944241194, 43.870438591486945 ], [ -80.282867272097704, 43.87042182381542 ], [ -80.28291362924152, 43.869883342831173 ], [ -80.282541462793361, 43.869866574015383 ], [ -80.282564642843283, 43.869597333748665 ], [ -80.2821924784419, 43.869580563700268 ], [ -80.282215660083565, 43.869311323613267 ], [ -80.281843497728929, 43.869294552332306 ], [ -80.281959411620477, 43.867948353710148 ], [ -80.282331564879215, 43.867965124549499 ], [ -80.282401105026537, 43.86715740620847 ], [ -80.282773253055424, 43.867174175462125 ], [ -80.282842785698136, 43.866366457679241 ], [ -80.281726358665551, 43.86631614675067 ], [ -80.281749541215291, 43.86604690793758 ], [ -80.281377401145093, 43.866030135074766 ], [ -80.281423769199989, 43.865491657899689 ], [ -80.281051632995329, 43.865474883892745 ], [ -80.281074818500443, 43.865205645530708 ], [ -80.280702684342273, 43.865188870291391 ], [ -80.280749058307762, 43.864650394018511 ], [ -80.280376928015016, 43.864633617635093 ], [ -80.280400116475334, 43.864364379724243 ], [ -80.280772244949176, 43.86438115601932 ], [ -80.280795431363046, 43.864111918111618 ], [ -80.281167558245556, 43.864128692997618 ], [ -80.281190742613006, 43.863859455093106 ], [ -80.281934993422823, 43.863893000726272 ], [ -80.282050893659147, 43.862546811693349 ], [ -80.282795127190639, 43.862580351160538 ], [ -80.282841478417794, 43.862041875834898 ], [ -80.283213591887176, 43.862058643410869 ], [ -80.283259938567127, 43.8615201682749 ], [ -80.28363204862643, 43.861536934353566 ], [ -80.28365521980659, 43.86126769683468 ], [ -80.284027328274547, 43.861284461504432 ], [ -80.284050497408643, 43.861015223988794 ], [ -80.284422604285268, 43.861031987249618 ], [ -80.284445771373314, 43.860762749737297 ], [ -80.284817876658593, 43.860779511589179 ], [ -80.284794711389253, 43.861048749189784 ], [ -80.285166818720541, 43.861065509809279 ], [ -80.28514365504256, 43.861334747589702 ], [ -80.286259983856382, 43.861385021788941 ], [ -80.286283142078219, 43.861115783743791 ], [ -80.286655250318631, 43.8611325390806 ], [ -80.286678406494502, 43.86086330103884 ], [ -80.288538942011257, 43.860947057471968 ], [ -80.288562088866428, 43.860677819080713 ], [ -80.288934194832578, 43.860694566317143 ], [ -80.288957339641897, 43.860425327929313 ], [ -80.289701548618169, 43.860458818263872 ], [ -80.28972468956303, 43.860189579791282 ], [ -80.290096792573124, 43.860206322889397 ], [ -80.29016620858927, 43.859398607756809 ], [ -80.290538306370493, 43.859415349269817 ], [ -80.290561442769828, 43.859146110987382 ], [ -80.29093353895945, 43.859162851091611 ], [ -80.290956673313147, 43.858893612812636 ], [ -80.291700862736235, 43.858927088882929 ], [ -80.29167773201975, 43.859196327338132 ], [ -80.29204982889037, 43.859213063480517 ], [ -80.291980440834934, 43.860020779660353 ], [ -80.292352543388461, 43.860037514746416 ], [ -80.292329415401397, 43.860306753744425 ], [ -80.293445729879707, 43.86035695134305 ], [ -80.293422607121798, 43.860626190696976 ], [ -80.294166821545986, 43.860659649335609 ], [ -80.294143702198653, 43.860928888957325 ], [ -80.295260030992665, 43.86097906727445 ], [ -80.295283144883783, 43.860709827388462 ], [ -80.295655253116706, 43.860726550764774 ], [ -80.295632141044337, 43.860995790738784 ], [ -80.296004251322813, 43.861012512882404 ], [ -80.295981140842414, 43.861281753036117 ], [ -80.296353253166444, 43.861298473947151 ], [ -80.296330144278031, 43.861567714280469 ], [ -80.297446488067109, 43.861617869353438 ], [ -80.297469591499137, 43.861348628756026 ], [ -80.29821381818789, 43.861382058691788 ], [ -80.298167618372375, 43.861920540330296 ], [ -80.298539735694433, 43.861937253493181 ], [ -80.298354941915761, 43.864091184414768 ], [ -80.298727074015773, 43.864107896960938 ], [ -80.298703975592304, 43.864377138826185 ], [ -80.299076109737996, 43.864393850139564 ], [ -80.299053012906853, 43.864663092184287 ], [ -80.299425149098226, 43.864679802264945 ], [ -80.299402053859453, 43.864949044489286 ], [ -80.299774192096521, 43.86496575333706 ], [ -80.299751098450159, 43.865234995740892 ], [ -80.301239660940865, 43.865301818275988 ], [ -80.301262747310986, 43.865032575520274 ], [ -80.302379166100877, 43.865082678289262 ], [ -80.302286841090122, 43.866159650916714 ], [ -80.302658988416226, 43.866176349549804 ], [ -80.302635908416377, 43.866445593023421 ], [ -80.304868808044134, 43.866545757611966 ], [ -80.304845738732865, 43.866815001704488 ], [ -80.305962197061064, 43.866865066430989 ], [ -80.30593913298101, 43.867134310878733 ], [ -80.306683443303427, 43.867167680934443 ], [ -80.306660382635485, 43.8674369256494 ], [ -80.307032539955429, 43.867453608783805 ], [ -80.307170889653008, 43.865838141339694 ], [ -80.308659477534732, 43.865904858560519 ], [ -80.308705577737115, 43.865366369442079 ], [ -80.309822010108917, 43.865416392962011 ], [ -80.309845054413401, 43.865147148276684 ], [ -80.310961483363229, 43.865197159645781 ], [ -80.310938444516125, 43.865466404594464 ], [ -80.311682735251509, 43.86549973907853 ], [ -80.31170577046035, 43.865230493954371 ], [ -80.312077914347995, 43.865247159127421 ], [ -80.312216109939087, 43.863631689778529 ], [ -80.312588243138293, 43.863648353104253 ], [ -80.312611273126677, 43.863379108445564 ], [ -80.312239141746488, 43.863362445207599 ], [ -80.312262173327838, 43.863093200728258 ], [ -80.312634302889009, 43.863109863878492 ], [ -80.312680361735687, 43.862571375019122 ], [ -80.313052487884889, 43.862588036673088 ], [ -80.313098542189664, 43.86204954800472 ], [ -80.31272641967837, 43.862032886526229 ], [ -80.312749448310711, 43.861763642417209 ], [ -80.313121569003101, 43.861780303807969 ], [ -80.313167621952033, 43.86124181568934 ], [ -80.313539739232581, 43.861258475583917 ], [ -80.313562763549228, 43.860989231574344 ], [ -80.314679111289877, 43.861039203070462 ], [ -80.314656092429857, 43.861308447343184 ], [ -80.315400329024229, 43.861341755245661 ], [ -80.315492388558042, 43.86026477800317 ], [ -80.315864499918547, 43.860281429622553 ], [ -80.315933536741085, 43.859473697390143 ], [ -80.316305642871015, 43.859490347425776 ], [ -80.316374672204915, 43.858682615755455 ], [ -80.317118874229593, 43.858715911338692 ], [ -80.317141879918523, 43.858446667456668 ], [ -80.317513979450794, 43.858463313179605 ], [ -80.317559986513984, 43.857924825515376 ], [ -80.31793208263457, 43.857941469742343 ], [ -80.317955084008901, 43.857672225960151 ], [ -80.319071368268794, 43.857722150454236 ], [ -80.319025376206554, 43.858260638636125 ], [ -80.320141673409537, 43.858310551770003 ], [ -80.320118682496144, 43.85857979626136 ], [ -80.320490783833776, 43.858596431418903 ], [ -80.320352844528216, 43.860211900818413 ], [ -80.320724957004259, 43.860228535180838 ], [ -80.32058702049008, 43.861844008406415 ], [ -80.322447640821466, 43.86192716303492 ], [ -80.322424659707693, 43.862196409331219 ], [ -80.322796786269606, 43.86221303638213 ], [ -80.322727847032212, 43.863020776083523 ], [ -80.32384424444227, 43.863070650099587 ], [ -80.323867218956437, 43.862801403178196 ], [ -80.324239350058363, 43.862818025121072 ], [ -80.324216377363257, 43.863087272130002 ], [ -80.324960643881539, 43.86312051222842 ], [ -80.324937674599141, 43.863389759504017 ], [ -80.325681945657294, 43.863422994494208 ], [ -80.325658979787661, 43.86369224203645 ], [ -80.330496787282797, 43.863908141829519 ], [ -80.33051972950372, 43.863638893150345 ], [ -80.330891868299261, 43.863655491493496 ], [ -80.330937748427402, 43.863116994235284 ], [ -80.331309883809794, 43.863133591082786 ], [ -80.331332821717083, 43.862864342503755 ], [ -80.331704955505487, 43.862880937943025 ], [ -80.331727891368573, 43.862611689368222 ], [ -80.332100023562987, 43.862628283399353 ], [ -80.332122957381898, 43.862359034828849 ], [ -80.332495087982309, 43.862375627451748 ], [ -80.332518019757089, 43.862106378885542 ], [ -80.332890148763497, 43.862122970100224 ], [ -80.332867218807763, 43.86239221875384 ], [ -80.333239349858246, 43.862408808735118 ], [ -80.333147635061408, 43.8634858046155 ], [ -80.334264051392267, 43.863535567682689 ], [ -80.334286974971576, 43.863266318313066 ], [ -80.334659112379342, 43.86328290327311 ], [ -80.334682033914547, 43.863013653907757 ], [ -80.337286989332597, 43.863129711033594 ], [ -80.337355714387229, 43.862321961654139 ], [ -80.338844243457388, 43.862388249906125 ], [ -80.338890044483719, 43.861849750080083 ], [ -80.339262173674982, 43.861866318666522 ], [ -80.339307970164256, 43.861327819032724 ], [ -80.339680095942114, 43.861344386123889 ], [ -80.339725887894474, 43.860805886682421 ], [ -80.340098010258984, 43.860822452278306 ], [ -80.340075116214166, 43.861091702040405 ], [ -80.343052117769105, 43.861224179956842 ], [ -80.343120755573153, 43.86041642885278 ], [ -80.34386499729338, 43.860449534600917 ], [ -80.34388787247434, 43.860180284242006 ], [ -80.344259991852198, 43.860196835047716 ], [ -80.344328610591333, 43.859389084259966 ], [ -80.345072839106578, 43.859422181386279 ], [ -80.345049970055896, 43.859691431731392 ], [ -80.345422086469128, 43.859707978400543 ], [ -80.345444953700834, 43.859438727968254 ], [ -80.346189183562544, 43.859471817169968 ], [ -80.346166319968759, 43.859741067776469 ], [ -80.346910554365877, 43.859774151869345 ], [ -80.346841973152308, 43.860581904762007 ], [ -80.347214096144413, 43.86059844508857 ], [ -80.347191237110266, 43.860867696323382 ], [ -80.34793548740555, 43.860900773188348 ], [ -80.347912631785192, 43.861170024689052 ], [ -80.348284759088358, 43.861186561227427 ], [ -80.348261905062799, 43.861455812906939 ], [ -80.34900616398015, 43.861488882195367 ], [ -80.349029014367531, 43.861219630341722 ], [ -80.350517527616674, 43.861285752720512 ], [ -80.350540370503424, 43.861016500610383 ], [ -80.35091249755709, 43.861033027816021 ], [ -80.350866815197591, 43.861571532302072 ], [ -80.351238946113639, 43.861588058360944 ], [ -80.35119326649577, 43.862126563387939 ], [ -80.351565401274257, 43.862143088300009 ], [ -80.351519724398173, 43.862681593867912 ], [ -80.351891863039157, 43.862698117633144 ], [ -80.351869026084117, 43.862967370641705 ], [ -80.352613307676876, 43.863000414383627 ], [ -80.352590474136193, 43.863269667657825 ], [ -80.35296261708794, 43.863286187634529 ], [ -80.352848455119542, 43.864632455815958 ], [ -80.352476303071313, 43.864615935404316 ], [ -80.352293617713713, 43.866769968564938 ], [ -80.352665784317225, 43.866786489672599 ], [ -80.352574443537364, 43.867863508800035 ], [ -80.351830095998395, 43.86783046456771 ], [ -80.35180725660399, 43.868099719404555 ], [ -80.351435081351184, 43.868083195219889 ], [ -80.35141223991306, 43.868352450061337 ], [ -80.350667886440888, 43.868319397554934 ], [ -80.350645041139387, 43.868588652313875 ], [ -80.349900684924989, 43.868555594349417 ], [ -80.349877835760068, 43.868824849025877 ], [ -80.348016940051039, 43.868742180561746 ], [ -80.348039798313877, 43.868472926320642 ], [ -80.346923269039308, 43.868423309651355 ], [ -80.346900405317754, 43.868692563631186 ], [ -80.346156049950906, 43.868659479072463 ], [ -80.346064578263778, 43.869736495210503 ], [ -80.344948025061711, 43.869686857419339 ], [ -80.344833653107315, 43.871033128344692 ], [ -80.344461460057275, 43.871016579336498 ], [ -80.344415706064382, 43.871555088173025 ], [ -80.344043509599402, 43.871538537669466 ], [ -80.343997751068784, 43.872077046697697 ], [ -80.344369951173277, 43.872093597375574 ], [ -80.344324195383933, 43.872632106944103 ], [ -80.344696399352586, 43.872648656475199 ], [ -80.344627769443889, 43.873456421775572 ], [ -80.344255560015696, 43.873439871983059 ], [ -80.344232681110455, 43.873709127178984 ], [ -80.343860470086952, 43.873692575978126 ], [ -80.343791826564029, 43.874500341853221 ], [ -80.344164043047286, 43.874516893315551 ], [ -80.344049641783542, 43.875863172038606 ], [ -80.344794093623719, 43.875896271871426 ], [ -80.344771216337264, 43.876165528064654 ], [ -80.345143444414262, 43.876182076086366 ], [ -80.345051940303037, 43.877259102122039 ], [ -80.345424175884986, 43.877275649171104 ], [ -80.345378426122281, 43.877814162911591 ], [ -80.345006186900036, 43.877797615688202 ], [ -80.344960432598739, 43.878336129619946 ], [ -80.344588189960689, 43.878319580901035 ], [ -80.34454243112063, 43.878858095023972 ], [ -80.344170185066758, 43.87884154480949 ], [ -80.344147303489578, 43.879110801920817 ], [ -80.345636296333609, 43.879176995199785 ], [ -80.345659170629816, 43.878907737739837 ], [ -80.346031417581997, 43.87892428266926 ], [ -80.346008545106045, 43.879193540216342 ], [ -80.34675304332454, 43.879226626285643 ], [ -80.346730174264607, 43.879495884098318 ], [ -80.347102425530892, 43.879512425238147 ], [ -80.347125292770556, 43.879243167338359 ], [ -80.34786979233597, 43.879276245480021 ], [ -80.347892655710581, 43.879006987497398 ], [ -80.350498398516834, 43.879122718763291 ], [ -80.350452697027265, 43.879661236038835 ], [ -80.350824950537643, 43.879677763965816 ], [ -80.350802101276685, 43.879947022827693 ], [ -80.351546612611003, 43.879980074891762 ], [ -80.351523766766476, 43.880249334019055 ], [ -80.352268282638633, 43.880282380971941 ], [ -80.352245440210567, 43.880551640364622 ], [ -80.352617700303398, 43.880568161946094 ], [ -80.352594859471495, 43.880837421517121 ], [ -80.353339383970678, 43.880870460890115 ], [ -80.353316546555376, 43.88113972072648 ], [ -80.3536888109617, 43.881156238517946 ], [ -80.353665975142661, 43.881425498532657 ], [ -80.354410508268771, 43.881458530325538 ], [ -80.354387675866462, 43.881727790605517 ], [ -80.35513221353014, 43.881760817286938 ], [ -80.35510938454469, 43.882030077832169 ], [ -80.356226198182554, 43.882079608204947 ], [ -80.356203374434529, 43.882348869102358 ], [ -80.357320195550628, 43.882398387843551 ], [ -80.357297377040197, 43.882667649093072 ], [ -80.357669653014185, 43.8826841527843 ], [ -80.357646836100287, 43.882953414212047 ], [ -80.358019114118861, 43.882969916668785 ], [ -80.357996298801552, 43.883239178274749 ], [ -80.358368578864699, 43.883255679496983 ], [ -80.358391392361412, 43.882986417804126 ], [ -80.359135949518461, 43.883019416110614 ], [ -80.359113139662952, 43.883288677977262 ], [ -80.360602263946589, 43.883354659080872 ], [ -80.360625066519646, 43.883085396866718 ], [ -80.362486467808026, 43.883167843080265 ], [ -80.362509261054171, 43.882898580523253 ], [ -80.362881540162647, 43.882915065714897 ], [ -80.362927122342413, 43.882376540701259 ], [ -80.363299398033448, 43.882393024397842 ], [ -80.363322186967139, 43.882123761941159 ], [ -80.363694461061328, 43.882140244229575 ], [ -80.363717247950731, 43.881870981777503 ], [ -80.364089520448061, 43.881887462657737 ], [ -80.364112305293233, 43.881618200210198 ], [ -80.364484576193718, 43.881634679682207 ], [ -80.364507358994658, 43.881365417239209 ], [ -80.365251897825573, 43.881398372045687 ], [ -80.36532023396343, 43.88059058474424 ], [ -80.366437027502471, 43.880640006262745 ], [ -80.366414254474947, 43.880909268865445 ], [ -80.366786521255619, 43.880925740149024 ], [ -80.366809292462662, 43.880656477459546 ], [ -80.368670620616442, 43.880738813623118 ], [ -80.368693382497497, 43.880469550591407 ], [ -80.369065646978243, 43.880486013773272 ], [ -80.369088406815337, 43.880216750746293 ], [ -80.369460669699038, 43.880233212520181 ], [ -80.369483427492256, 43.879963949497849 ], [ -80.370227950288935, 43.879996868908172 ], [ -80.370250704217838, 43.879727605803879 ], [ -80.370622964130803, 43.879744063440342 ], [ -80.3706457160159, 43.879474800340773 ], [ -80.371017974331778, 43.879491256569231 ], [ -80.371040724173099, 43.879221993474431 ], [ -80.372529752388118, 43.879287804828238 ], [ -80.372507009828539, 43.879557068269641 ], [ -80.372879269260935, 43.87957351789138 ], [ -80.372856528298541, 43.879842781510824 ], [ -80.373228789774657, 43.879859229897868 ], [ -80.373206050409465, 43.880128493695345 ], [ -80.373950577672346, 43.880161386678516 ], [ -80.373905105554314, 43.880699914894194 ], [ -80.374649640992075, 43.880732802938383 ], [ -80.374626908239321, 43.881002067356484 ], [ -80.375743718531396, 43.881051389772168 ], [ -80.375720991017161, 43.881320654541412 ], [ -80.376465535968691, 43.881353529718055 ], [ -80.376420087553257, 43.881892059876982 ], [ -80.377909194698191, 43.881957795065858 ], [ -80.377931911734962, 43.881688529594534 ], [ -80.37830418725818, 43.88170496000167 ], [ -80.378281472042033, 43.881974225559532 ], [ -80.380515140787736, 43.882072780771772 ], [ -80.380469731534433, 43.882611313199718 ], [ -80.380842014080343, 43.882627734616442 ], [ -80.380819310940026, 43.882897001053919 ], [ -80.381563880341943, 43.882929840095869 ], [ -80.381541180620175, 43.88319910679769 ], [ -80.381913467476167, 43.883215524423015 ], [ -80.381799974628308, 43.884561859734738 ], [ -80.382172270811083, 43.884578276470855 ], [ -80.38219496800555, 43.884309009139365 ], [ -80.382939557397975, 43.884341838474199 ], [ -80.382916863845182, 43.884611105978614 ], [ -80.383289160696449, 43.884627518750221 ], [ -80.383243776564143, 43.88516605420584 ], [ -80.383616077279939, 43.885182465828905 ], [ -80.383570695898229, 43.885721001822681 ], [ -80.38468761030768, 43.885770229281079 ], [ -80.384642238960481, 43.88630876615867 ], [ -80.385386856964274, 43.88634157820222 ], [ -80.385273442908414, 43.887687922857999 ], [ -80.385645761349465, 43.887704327329423 ], [ -80.385600397810251, 43.888242866003509 ], [ -80.385972720116186, 43.888259269326134 ], [ -80.385950039833617, 43.888528538886433 ], [ -80.386322364183343, 43.888544940973873 ], [ -80.386299685499225, 43.888814210711843 ], [ -80.388161319693424, 43.888896201756545 ], [ -80.388183989271838, 43.888626931586728 ], [ -80.388556314957384, 43.888643325744468 ], [ -80.388578982492078, 43.888374055579582 ], [ -80.38895130657906, 43.888390448329368 ], [ -80.388996637338536, 43.887851908100778 ], [ -80.38974127889567, 43.887884689290225 ], [ -80.389763940299403, 43.887615419140211 ], [ -80.390136259590648, 43.887631807666217 ], [ -80.390181578088502, 43.887093267467428 ], [ -80.390553893960089, 43.887109654499234 ], [ -80.390576551054238, 43.886840384450508 ], [ -80.390948865327246, 43.886856770074438 ], [ -80.390971520377917, 43.8865875000307 ], [ -80.391343833052332, 43.886603884246782 ], [ -80.391366486059567, 43.886334614208089 ], [ -80.392111108433596, 43.88636737850296 ], [ -80.392133757576389, 43.886098108383031 ], [ -80.393622997708874, 43.88616362076899 ], [ -80.393600355850126, 43.886432891233959 ], [ -80.393972668260091, 43.886449266112777 ], [ -80.393950028000091, 43.886718536755311 ], [ -80.39432234245335, 43.886734910398808 ], [ -80.394231786474592, 43.887811994227008 ], [ -80.395721075647884, 43.88787747696464 ], [ -80.395698443382017, 43.888146748494826 ], [ -80.39607076805207, 43.888163115961412 ], [ -80.396048137385151, 43.888432387669084 ], [ -80.396420464098583, 43.888448753900207 ], [ -80.396397835030626, 43.888718025785401 ], [ -80.397142492766434, 43.888750754455202 ], [ -80.397119867118704, 43.889020026604008 ], [ -80.397492198141066, 43.88903638904263 ], [ -80.397446949821585, 43.889574933786399 ], [ -80.400425635136315, 43.889705787094329 ], [ -80.400403025213578, 43.889975060292329 ], [ -80.403754079567761, 43.890122169930777 ], [ -80.403731485814944, 43.890391443994794 ], [ -80.40410382811848, 43.890407782987772 ], [ -80.404081235965165, 43.890677057229155 ], [ -80.404453580311895, 43.890693394986499 ], [ -80.404430989758112, 43.890962669405098 ], [ -80.405175682759818, 43.890995341126825 ], [ -80.405153095627014, 43.891264615808801 ], [ -80.405897793158701, 43.891297282415671 ], [ -80.405875209446947, 43.891566557360882 ], [ -80.406247560366879, 43.891582888767807 ], [ -80.406224978254826, 43.891852163890341 ], [ -80.406597331217952, 43.891868494061505 ], [ -80.406574750705616, 43.892137769361319 ], [ -80.40694710571195, 43.892154098296629 ], [ -80.406924526799372, 43.892423373773681 ], [ -80.4072968838489, 43.8924397014733 ], [ -80.407274306536124, 43.89270897712759 ], [ -80.407646665628874, 43.892725303591462 ], [ -80.407624089915927, 43.892994579422933 ], [ -80.407996451051915, 43.893010904651021 ], [ -80.40797387693884, 43.893280180659687 ], [ -80.408346240118036, 43.893296504651971 ], [ -80.408323667604833, 43.893565780837839 ], [ -80.409068398271387, 43.893598425029019 ], [ -80.409045829179732, 43.893867701477987 ], [ -80.413886623795705, 43.894079760962484 ], [ -80.413864078163741, 43.894349038619559 ], [ -80.414608822762261, 43.894381643500232 ], [ -80.414586280552271, 43.894650921420258 ], [ -80.415331029679635, 43.894683521185321 ], [ -80.415308490891675, 43.894952799368255 ], [ -80.415680867609083, 43.894969097353872 ], [ -80.41563579301264, 43.895507654165002 ], [ -80.416380554398373, 43.895540246514038 ], [ -80.416335486203735, 43.896078804033245 ], [ -80.416707870872116, 43.896095098396614 ], [ -80.416662805435934, 43.896633656452202 ], [ -80.417035193969241, 43.896649949665317 ], [ -80.417012662741058, 43.896919228915692 ], [ -80.417757444115168, 43.896951811547872 ], [ -80.417712388282538, 43.897490370665281 ], [ -80.418457177829126, 43.89752294835305 ], [ -80.418389603352438, 43.898330788227646 ], [ -80.418762003923362, 43.898347075346003 ], [ -80.418739480477342, 43.898616355572265 ], [ -80.418367078084444, 43.898600068368125 ], [ -80.418344552595215, 43.898869348599732 ], [ -80.41797214860155, 43.898853059987829 ], [ -80.417949621069113, 43.899122340224821 ], [ -80.417577215474708, 43.899106050205198 ], [ -80.417554685898978, 43.899375330447469 ], [ -80.417182278703805, 43.899359039020062 ], [ -80.417137215244495, 43.89989759960639 ], [ -80.417509626083756, 43.899913891205401 ], [ -80.417464565383455, 43.900452452327713 ], [ -80.417836980088154, 43.900468742776326 ], [ -80.417746863320716, 43.901545866457283 ], [ -80.417374441327482, 43.901529575665478 ], [ -80.417351909760271, 43.901798856727623 ], [ -80.416234639641857, 43.901749976162648 ], [ -80.416257176675586, 43.901480695357947 ], [ -80.415884755567618, 43.901464399278083 ], [ -80.415907294202157, 43.901195118650293 ], [ -80.414417619272655, 43.901129921454128 ], [ -80.414395073349553, 43.901399201738535 ], [ -80.414022653348567, 43.901382899048635 ], [ -80.414067748617583, 43.90084433874263 ], [ -80.412950500876136, 43.900795423256184 ], [ -80.412927947886033, 43.901064703106009 ], [ -80.411810696671779, 43.901015775463996 ], [ -80.411788137993824, 43.901285055147198 ], [ -80.411415719543399, 43.901268743203296 ], [ -80.411393158821753, 43.901538022891643 ], [ -80.411020738770773, 43.901521709539765 ], [ -80.410998176005407, 43.901790989233326 ], [ -80.410625754353887, 43.901774674473614 ], [ -80.410558059261675, 43.902582513842624 ], [ -80.410930486379726, 43.902598828860164 ], [ -80.410862794759552, 43.903406669306349 ], [ -80.411235227565911, 43.903422983259574 ], [ -80.411212665071545, 43.903692263676248 ], [ -80.410840230442929, 43.903675949637076 ], [ -80.410795101144799, 43.904214510571627 ], [ -80.409677787655042, 43.90416556000612 ], [ -80.40965521720662, 43.904434840352096 ], [ -80.409282777997731, 43.904418520766825 ], [ -80.409260205505277, 43.904687801117895 ], [ -80.407398003675212, 43.904606182930557 ], [ -80.407420585279226, 43.904336903009437 ], [ -80.407048147400843, 43.904320575491766 ], [ -80.407070730605341, 43.9040512957476 ], [ -80.407443166661466, 43.904067623179273 ], [ -80.407510909477423, 43.903259784234841 ], [ -80.407138478888072, 43.903243457061137 ], [ -80.407161061205386, 43.90297417768101 ], [ -80.406788632660025, 43.902957849271267 ], [ -80.406833800273631, 43.902419290956097 ], [ -80.405344102887966, 43.902353964785028 ], [ -80.40529892069695, 43.902892522412074 ], [ -80.404554066046643, 43.902859851050323 ], [ -80.404463684424201, 43.903936966708301 ], [ -80.404836118927292, 43.903953303394317 ], [ -80.404790930429044, 43.904491861941416 ], [ -80.405163368798611, 43.904508197477462 ], [ -80.405072996428331, 43.905585316007624 ], [ -80.404700550769476, 43.905568980127384 ], [ -80.404677955299761, 43.905838259901259 ], [ -80.405050402781001, 43.905854595867567 ], [ -80.405005214820548, 43.90639315586035 ], [ -80.405377666168519, 43.906409490676587 ], [ -80.405355073677825, 43.906678770895461 ], [ -80.405727527070127, 43.906695104475595 ], [ -80.405704936180001, 43.906964384871422 ], [ -80.406822303155565, 43.90701337793719 ], [ -80.406799717510964, 43.907282658682014 ], [ -80.405682345067987, 43.907233665358191 ], [ -80.405659753734028, 43.907502945935889 ], [ -80.404914836236529, 43.907470276937261 ], [ -80.404869645612891, 43.908008838021281 ], [ -80.405242107895717, 43.908025173353764 ], [ -80.405219514073508, 43.908294454118192 ], [ -80.405591978400793, 43.908310788214521 ], [ -80.405569386179238, 43.908580069155903 ], [ -80.405941852550967, 43.908596402016087 ], [ -80.405896671087262, 43.909134964343608 ], [ -80.406269141326092, 43.909151296053672 ], [ -80.406178783026363, 43.910228422143483 ], [ -80.405806305496952, 43.910212090089367 ], [ -80.405783713544594, 43.910481371752994 ], [ -80.405411234414416, 43.910465038290617 ], [ -80.405388640417442, 43.910734319959111 ], [ -80.404271198890527, 43.910685311380497 ], [ -80.40429379835561, 43.910416029970165 ], [ -80.403548842092988, 43.910383351145441 ], [ -80.40352623898255, 43.910652632383666 ], [ -80.402781279962682, 43.910619948097967 ], [ -80.402713458362811, 43.911427791841326 ], [ -80.40122352111554, 43.911362406370152 ], [ -80.401155675643864, 43.91217024989799 ], [ -80.400410697416532, 43.912137548712224 ], [ -80.40034283900863, 43.912945392540763 ], [ -80.399970344759836, 43.91292903970615 ], [ -80.399947723023288, 43.9131983210778 ], [ -80.399575227173884, 43.91318196683477 ], [ -80.39955260339228, 43.913451248211103 ], [ -80.397690118365077, 43.913369456731047 ], [ -80.397667485246927, 43.913638737767371 ], [ -80.397294987085573, 43.913622375418285 ], [ -80.397317622026577, 43.913353094468242 ], [ -80.396200134345236, 43.91330399974602 ], [ -80.396177493935696, 43.913573280437575 ], [ -80.39580499666387, 43.913556912799429 ], [ -80.395782354209089, 43.913826193495531 ], [ -80.395409855336837, 43.913809824448911 ], [ -80.395387210836759, 43.914079105149604 ], [ -80.395014710364094, 43.914062734694404 ], [ -80.394946770060457, 43.914870577082482 ], [ -80.393456748519952, 43.914805081004118 ], [ -80.39343409401539, 43.915074361636691 ], [ -80.393061587363675, 43.915057984225044 ], [ -80.392948302387808, 43.916404388317652 ], [ -80.392575786843793, 43.916388009152371 ], [ -80.392553127357857, 43.916657290156813 ], [ -80.391808093291672, 43.916624527686679 ], [ -80.391785429937045, 43.916893808609267 ], [ -80.391412911414889, 43.916877425304378 ], [ -80.391299582186619, 43.918223830846387 ], [ -80.39204463768445, 43.918256596996692 ], [ -80.392021974817041, 43.918525878549744 ], [ -80.392394504723072, 43.918542259727573 ], [ -80.392349181966651, 43.919080823278229 ], [ -80.391604115084561, 43.91904805925504 ], [ -80.391581449726004, 43.919317340993807 ], [ -80.391208914795769, 43.919300956912295 ], [ -80.391186247391346, 43.919570238655403 ], [ -80.388951031547933, 43.919471905877643 ], [ -80.388973709891545, 43.919202624652435 ], [ -80.388228643372344, 43.919169836653182 ], [ -80.388251325139478, 43.918900555691337 ], [ -80.387878794037292, 43.918884159794466 ], [ -80.387901477404739, 43.918614879009624 ], [ -80.387528948348532, 43.918598481876685 ], [ -80.387551633316264, 43.918329201268904 ], [ -80.387179106306036, 43.91831280289999 ], [ -80.387201792873995, 43.918043522469219 ], [ -80.386829267909746, 43.918027122864302 ], [ -80.386897331745573, 43.917219282375186 ], [ -80.387269851240646, 43.917235681720982 ], [ -80.387315222370745, 43.916697121675604 ], [ -80.387687738442622, 43.916713519526319 ], [ -80.387755787997406, 43.91590567987943 ], [ -80.387010767014331, 43.915872883373886 ], [ -80.387033453399468, 43.915603603845774 ], [ -80.386660945065159, 43.915587203695893 ], [ -80.386683633050353, 43.915317924344897 ], [ -80.386311126761825, 43.915301522959105 ], [ -80.386333816347033, 43.915032243785198 ], [ -80.385216304287596, 43.914983031953255 ], [ -80.385238999118513, 43.914713753129263 ], [ -80.384121494534185, 43.914664529655973 ], [ -80.384076093712167, 43.915203086876119 ], [ -80.383703588984304, 43.915186676234249 ], [ -80.383680886415902, 43.915455954893993 ], [ -80.383308380088167, 43.915439542843387 ], [ -80.383285675473843, 43.915708821507401 ], [ -80.382913167546263, 43.915692408048052 ], [ -80.382867754002618, 43.9162309654753 ], [ -80.382495242652226, 43.916214550520742 ], [ -80.382427115194815, 43.917022387082497 ], [ -80.382054598598629, 43.917005970546235 ], [ -80.381918326721845, 43.918621645599302 ], [ -80.381545799410517, 43.918605227221846 ], [ -80.381523084826995, 43.9188745066282 ], [ -80.381150555915724, 43.918858086841865 ], [ -80.38110512243297, 43.919396645753523 ], [ -80.379987526099512, 43.919347377941293 ], [ -80.379942080785099, 43.919885936696453 ], [ -80.379569545474084, 43.919869511274605 ], [ -80.37952409562034, 43.920408070219253 ], [ -80.378779018375397, 43.920375215062172 ], [ -80.378756289467191, 43.920644494497346 ], [ -80.378011209469051, 43.920611633877513 ], [ -80.377988476691129, 43.920880913230242 ], [ -80.376870852899359, 43.920831612122697 ], [ -80.376848114428412, 43.921100891306338 ], [ -80.376103029371066, 43.921068017116028 ], [ -80.376125771488475, 43.920798738105496 ], [ -80.375753231118154, 43.920782299113256 ], [ -80.375798718329023, 43.920243741537291 ], [ -80.375053645551503, 43.920210859931984 ], [ -80.375190123698957, 43.918595190417669 ], [ -80.374817598584059, 43.91857874815102 ], [ -80.374840345982889, 43.918309470302411 ], [ -80.374467822914497, 43.918293026800043 ], [ -80.374558817567134, 43.917215916658584 ], [ -80.373813786684764, 43.917183026379682 ], [ -80.373836538435128, 43.916913749244188 ], [ -80.37346402515216, 43.916897302207886 ], [ -80.373532284530896, 43.916089471605325 ], [ -80.372414762429301, 43.91604012334227 ], [ -80.372437520577108, 43.915770846916018 ], [ -80.37057499732704, 43.915688573798498 ], [ -80.370643297771309, 43.914880746363856 ], [ -80.370270799260609, 43.914864288033584 ], [ -80.370361870679602, 43.913787186403994 ], [ -80.370734361899324, 43.913803644387478 ], [ -80.370779892621513, 43.913265093943657 ], [ -80.371152380419488, 43.91328155043162 ], [ -80.371288956283408, 43.911665900757775 ], [ -80.370916479421183, 43.911649444789838 ], [ -80.370939243105155, 43.911380170248513 ], [ -80.370194293696656, 43.911347254519519 ], [ -80.370239827683903, 43.910808706055924 ], [ -80.369867356960157, 43.910792246381561 ], [ -80.369912893697858, 43.910253698454461 ], [ -80.369540426842732, 43.910237237631357 ], [ -80.369585966330774, 43.909698690240788 ], [ -80.369213503344184, 43.909682228268977 ], [ -80.36919073188956, 43.90995150183214 ], [ -80.368073338804678, 43.909902107723767 ], [ -80.368050561659018, 43.910171381117578 ], [ -80.367678095922372, 43.910154913683805 ], [ -80.367655316730534, 43.910424187081681 ], [ -80.367282849395181, 43.910407718239057 ], [ -80.367260068157137, 43.910676991640941 ], [ -80.366515130512795, 43.910644049815822 ], [ -80.366492345405987, 43.910913323135006 ], [ -80.366119875097056, 43.910896850152476 ], [ -80.366097087943913, 43.911166123475667 ], [ -80.365724616036317, 43.91114964908423 ], [ -80.36565624776631, 43.911957469338063 ], [ -80.365283770614965, 43.911940993364126 ], [ -80.365260978921341, 43.912210266876819 ], [ -80.364516021645215, 43.912177310788927 ], [ -80.364538816983952, 43.91190803744982 ], [ -80.364166340504312, 43.911891557509414 ], [ -80.364120745957777, 43.912430104104757 ], [ -80.363375786380061, 43.912397139910205 ], [ -80.363352985125715, 43.912666413170342 ], [ -80.361118100833124, 43.912567488333579 ], [ -80.36109528841925, 43.91283676116344 ], [ -80.360350325135727, 43.912803775466728 ], [ -80.360373141194742, 43.912534502810587 ], [ -80.360000661711737, 43.912518008065831 ], [ -80.360023479369204, 43.912248735587291 ], [ -80.359651001932889, 43.912232239607256 ], [ -80.359673821188721, 43.91196296730633 ], [ -80.359301345799082, 43.911946470091024 ], [ -80.359346987283359, 43.911407925935151 ], [ -80.358974515762867, 43.911391427571452 ], [ -80.359065803331319, 43.910314340696274 ], [ -80.358693339324788, 43.910297841358059 ], [ -80.358716162478885, 43.910028569953049 ], [ -80.358343700518958, 43.91001206937964 ], [ -80.358366525271236, 43.909742798152323 ], [ -80.357994065357843, 43.909726296343706 ], [ -80.358016891708303, 43.909457025294074 ], [ -80.3576444338415, 43.909440522250293 ], [ -80.357690089514421, 43.9089019805972 ], [ -80.356945181742802, 43.908868970891078 ], [ -80.356968012887535, 43.908599700374594 ], [ -80.355850658378912, 43.908550176160766 ], [ -80.3558734947662, 43.908280905995888 ], [ -80.355501045534183, 43.908264395367461 ], [ -80.355546721280305, 43.90772585548401 ], [ -80.355174275917079, 43.907709343707445 ], [ -80.355265632006336, 43.906632265378157 ], [ -80.354893194156134, 43.906615752627459 ], [ -80.355007393331078, 43.905269407194403 ], [ -80.354634964815659, 43.905252893556565 ], [ -80.354703487094838, 43.9044450876479 ], [ -80.355075910144166, 43.904461601024828 ], [ -80.355190100346547, 43.903115259226411 ], [ -80.354445272691692, 43.903082232020331 ], [ -80.354468113703064, 43.902812964107277 ], [ -80.35409570203403, 43.902796448608349 ], [ -80.354118544642944, 43.902527180873186 ], [ -80.353746135020117, 43.902510664139335 ], [ -80.353791823208638, 43.901972129115698 ], [ -80.351184987637438, 43.901856476184072 ], [ -80.351230700433675, 43.90131794274231 ], [ -80.350858299893403, 43.901301415781518 ], [ -80.35097258706449, 43.899955084203661 ], [ -80.350600195857282, 43.899938556356254 ], [ -80.350623054439737, 43.899669290400567 ], [ -80.350250665278665, 43.899652761318386 ], [ -80.350273525458277, 43.899383495540718 ], [ -80.349901138343355, 43.899366965223777 ], [ -80.349992584103248, 43.898289903371015 ], [ -80.349620204499203, 43.898273372080538 ], [ -80.349643067199466, 43.898004106931864 ], [ -80.346664053023574, 43.897871809720904 ], [ -80.346641175751074, 43.898141074172834 ], [ -80.345151666768345, 43.89807489349657 ], [ -80.345105896977046, 43.898613421976194 ], [ -80.344733516650066, 43.898596873328451 ], [ -80.344687742316665, 43.899135401997718 ], [ -80.343942975050808, 43.899102300388144 ] ] ] } },
{ "type": "Feature", "properties": { "SubId": 90014226, "DowSubId": 90014260, "RivSlope": 0.0032523199215599998, "RivLength": 3738.579817, "BasSlope": 2.0175619652600001, "BasAspect": 177.926714344, "BasArea": 12804142.461, "BkfWidth": 42.945856105700003, "BkfDepth": 0.78834628441499999, "Lake_Cat": 0, "HyLakeId": 0, "LakeVol": 0.0, "LakeDepth": 0.0, "LakeArea": 0.0, "Laketype": 0, "Has_POI": 1, "MeanElev": 466.83570692000001, "FloodP_n": 0.050000000745099998, "Q_Mean": 35.577672774900002, "Ch_n": 0.043264267064899997, "DrainArea": 665556539.64957201, "Strahler": 3, "Seg_ID": 33, "Seg_order": 2, "Max_DEM": 447.24368286100002, "Min_DEM": 435.08462524399999, "DA_Obs": 0.0, "DA_error": 0.0, "Obs_NM": "16018406702&02GA014", "SRC_obs": "PWQMN&HYDAT", "centroid_x": -80.264804563769474, "centroid_y": 43.876773215400974, "DA_Chn_L": 64713.53426, "DA_Slope": 0.20841092055499999, "DA_Chn_Slp": 0.10534578254800001, "outletLat": 43.861714872900002, "outletLng": -80.272596833999998, "Region": "SW", "Sub_Reg": "02G", "rvhName": "16018406702&02GA014" }, "geometry": { "type": "Polygon", "coordinates": [ [ [ -80.284735409277175, 43.892129050378422 ], [ -80.284758587965726, 43.891859801663678 ], [ -80.284013955905365, 43.891826274831168 ], [ -80.284037138007776, 43.8915570263839 ], [ -80.283664824139748, 43.89154026107375 ], [ -80.283641640216601, 43.891809509432704 ], [ -80.282897009521989, 43.891775974671447 ], [ -80.282920197086582, 43.891506726489048 ], [ -80.282547883901486, 43.891489957214588 ], [ -80.282524694516198, 43.891759205308645 ], [ -80.28066312290288, 43.891675338672833 ], [ -80.280686321391698, 43.89140609102045 ], [ -80.279941697982082, 43.891372535292703 ], [ -80.279964899884462, 43.891103287908017 ], [ -80.27959259034202, 43.891086508150352 ], [ -80.27961579383728, 43.890817260944964 ], [ -80.279243486343304, 43.890800479954265 ], [ -80.27922028102742, 43.891069727071269 ], [ -80.277731046047577, 43.891002589540683 ], [ -80.277707833221214, 43.891271836395106 ], [ -80.277335523225346, 43.891255048620529 ], [ -80.277312308350403, 43.891524295477481 ], [ -80.276567685401162, 43.891490715787135 ], [ -80.276590903917423, 43.891221469107009 ], [ -80.27621859460541, 43.891204677368123 ], [ -80.276241814714339, 43.890935430867344 ], [ -80.275869507450949, 43.890918637895503 ], [ -80.275892729152517, 43.890649391574115 ], [ -80.275520423937735, 43.890632597369311 ], [ -80.275543647231899, 43.89036335122735 ], [ -80.274799041127594, 43.890329759030358 ], [ -80.274822267834907, 43.890060513156278 ], [ -80.274449966945397, 43.890043715164111 ], [ -80.274473195245193, 43.889774469469508 ], [ -80.272984001250094, 43.889707264641004 ], [ -80.27305370662728, 43.888899529164739 ], [ -80.272681414160274, 43.88888272491964 ], [ -80.272704650650212, 43.88861348003136 ], [ -80.271960070041573, 43.888579867754125 ], [ -80.271913589551687, 43.889118357267662 ], [ -80.270796709427273, 43.889067928410604 ], [ -80.270773463378603, 43.889337173038292 ], [ -80.270401168639765, 43.889320360688039 ], [ -80.270377920542359, 43.889589605318172 ], [ -80.270005624211294, 43.889572791558003 ], [ -80.269982374065108, 43.889842036190572 ], [ -80.269610076141802, 43.889825221020502 ], [ -80.269563571523562, 43.890363710381436 ], [ -80.268818969079703, 43.890330075722908 ], [ -80.268842225144041, 43.890060831174104 ], [ -80.267725328652389, 43.890010369541649 ], [ -80.267702067126478, 43.890279613824681 ], [ -80.266585167228726, 43.89022914003418 ], [ -80.266561900012803, 43.89049838414244 ], [ -80.266189598683226, 43.890481556814215 ], [ -80.2661430599249, 43.891020045126261 ], [ -80.266515364895611, 43.891036872631773 ], [ -80.266492096994327, 43.891306117012846 ], [ -80.266119790203049, 43.891289289418786 ], [ -80.266073250073902, 43.8918277782765 ], [ -80.265700939869873, 43.891810949183778 ], [ -80.265724211869298, 43.891541704798087 ], [ -80.264607288090119, 43.891491209857371 ], [ -80.264584010628866, 43.891760453977149 ], [ -80.264211701338937, 43.891743619598799 ], [ -80.264188421828507, 43.892012863720844 ], [ -80.263071489868366, 43.89196235239131 ], [ -80.263048204667484, 43.892231596338284 ], [ -80.262675892650691, 43.892214756496926 ], [ -80.262652605400561, 43.89248400044611 ], [ -80.261907978411656, 43.892450316621783 ], [ -80.261884687291541, 43.892719560484487 ], [ -80.260767743061464, 43.892669024571191 ], [ -80.260837632121437, 43.891861294054166 ], [ -80.259348398197872, 43.891793895401314 ], [ -80.259371701376054, 43.891524652432366 ], [ -80.257137868278519, 43.891423515343753 ], [ -80.257161182151179, 43.891154272998314 ], [ -80.256416576590794, 43.891120550241936 ], [ -80.256439893875594, 43.890851308165011 ], [ -80.255695292871991, 43.890817580300762 ], [ -80.255718613568817, 43.890548338492358 ], [ -80.254601719242146, 43.890497737052215 ], [ -80.254625045171423, 43.8902284956012 ], [ -80.253508158367296, 43.890177882535404 ], [ -80.253484826976646, 43.890447123719895 ], [ -80.253112530012942, 43.890430249966442 ], [ -80.253089196572759, 43.890699491152965 ], [ -80.25197230159489, 43.890648861697834 ], [ -80.251995640496432, 43.8903796207779 ], [ -80.251251048631104, 43.890345861378847 ], [ -80.251274390944388, 43.890076620727605 ], [ -80.250157510326559, 43.890025971985672 ], [ -80.250134162552015, 43.890295212370184 ], [ -80.248272690338382, 43.890210770928974 ], [ -80.248249333232451, 43.890480010959763 ], [ -80.247132447194744, 43.890429329972186 ], [ -80.247085721372244, 43.89096780977264 ], [ -80.24559652863654, 43.890900215911948 ], [ -80.24557315809939, 43.891169455592568 ], [ -80.242222471485007, 43.891017291306298 ], [ -80.242199084334331, 43.891286530276489 ], [ -80.24145448619339, 43.891252701277793 ], [ -80.241360920730557, 43.892329657354672 ], [ -80.239871698077209, 43.89226198207556 ], [ -80.239848298855279, 43.892531220965601 ], [ -80.239475991945753, 43.892514298753305 ], [ -80.239452590673551, 43.892783537644995 ], [ -80.237218743118916, 43.892681976087694 ], [ -80.237242155314178, 43.89241273773078 ], [ -80.236869850013349, 43.892395806268922 ], [ -80.236916677355183, 43.891857330005948 ], [ -80.236544375925178, 43.891840397401083 ], [ -80.236567791071749, 43.891571159495044 ], [ -80.236940090681287, 43.891588092010764 ], [ -80.236963503777517, 43.891318854106409 ], [ -80.237335801796533, 43.891335785211645 ], [ -80.237382623658576, 43.890797309497209 ], [ -80.237754918266617, 43.890814239102809 ], [ -80.237778327032487, 43.890545001292764 ], [ -80.238150620049979, 43.890561929487845 ], [ -80.238174026765648, 43.890292691679562 ], [ -80.23891860984935, 43.890326543927571 ], [ -80.238965415309906, 43.889788068227091 ], [ -80.23970999203128, 43.889821914833384 ], [ -80.239756789291533, 43.889283439140016 ], [ -80.240501359650551, 43.889317280104692 ], [ -80.240524754295507, 43.889048042216167 ], [ -80.240897037999247, 43.889064960627472 ], [ -80.240943822959579, 43.88852648494499 ], [ -80.240571542896376, 43.888509566711861 ], [ -80.240665117342047, 43.887432616794463 ], [ -80.239920572466374, 43.887398777077188 ], [ -80.239967365591852, 43.886860303020548 ], [ -80.24033963427452, 43.886877223361587 ], [ -80.240433210488774, 43.885800275983456 ], [ -80.239316426971101, 43.885749512065928 ], [ -80.239339825910676, 43.885480275716155 ], [ -80.238967567017568, 43.885463351857041 ], [ -80.23899096754748, 43.885194115687369 ], [ -80.238618710704117, 43.885177190596195 ], [ -80.238642112824323, 43.884907954606639 ], [ -80.237153095028532, 43.88484024138674 ], [ -80.237129685628318, 43.885109477019718 ], [ -80.234523900594155, 43.884990927395776 ], [ -80.234641008995368, 43.883644753262153 ], [ -80.236129991236751, 43.883712502047608 ], [ -80.236223644701298, 43.882635562951855 ], [ -80.236595883556831, 43.882652496488696 ], [ -80.236619294528538, 43.882383261853171 ], [ -80.236991531794061, 43.882400193979741 ], [ -80.237014940716108, 43.882130959346092 ], [ -80.236642705270427, 43.882114027308681 ], [ -80.236736345939917, 43.881037090041239 ], [ -80.23636411800311, 43.881020157039394 ], [ -80.236410940598475, 43.880481689130384 ], [ -80.237155389423052, 43.88051555345632 ], [ -80.237178796736643, 43.880246319460149 ], [ -80.237923242840907, 43.880280178323602 ], [ -80.237970049500134, 43.879741710247849 ], [ -80.238342269257515, 43.879758637519721 ], [ -80.23838907135854, 43.879220169630095 ], [ -80.238761287706353, 43.879237095402679 ], [ -80.238784686592695, 43.878967861505387 ], [ -80.240273547002175, 43.879035551029041 ], [ -80.240320329529027, 43.878497082794944 ], [ -80.240692541566247, 43.878514001695116 ], [ -80.24073931953555, 43.877975533647337 ], [ -80.241111528163216, 43.877992451048328 ], [ -80.241134914983945, 43.877723217072074 ], [ -80.24150712202163, 43.877740133062993 ], [ -80.241530506793282, 43.877470899088834 ], [ -80.241902712240943, 43.877487813669653 ], [ -80.241926094963532, 43.877218579697541 ], [ -80.242298298821211, 43.877235492868344 ], [ -80.242345059938827, 43.876697025019482 ], [ -80.24197285972015, 43.876680112026804 ], [ -80.24199624175418, 43.876410878328095 ], [ -80.241624043584466, 43.876393964103613 ], [ -80.241647427208449, 43.876124730585204 ], [ -80.241275231087698, 43.876107815128741 ], [ -80.241298616301592, 43.875838581790603 ], [ -80.241670810602912, 43.875855497158 ], [ -80.241694193767856, 43.875586263821972 ], [ -80.242438579420195, 43.875620090415815 ], [ -80.2425087166217, 43.87481239042053 ], [ -80.242880904333944, 43.874829301468893 ], [ -80.242904281122819, 43.874560068230487 ], [ -80.244020840178138, 43.874610793182931 ], [ -80.244044211279558, 43.874341559768645 ], [ -80.24478858149142, 43.874375369620992 ], [ -80.244811948724788, 43.874106136119885 ], [ -80.245184132355419, 43.874123038975668 ], [ -80.245254227221551, 43.873315338752697 ], [ -80.245626405623611, 43.873332240020595 ], [ -80.245649768301064, 43.873063006706417 ], [ -80.246021945113171, 43.873079906564428 ], [ -80.246115386253081, 43.872002973864298 ], [ -80.245743216717869, 43.871986074362255 ], [ -80.245766578248833, 43.871716841504366 ], [ -80.245394410762088, 43.871699940770455 ], [ -80.24541777388292, 43.871430708092845 ], [ -80.245045608444642, 43.871413806127123 ], [ -80.245092337636677, 43.870875341223737 ], [ -80.245464499436707, 43.870892243011482 ], [ -80.245487861869663, 43.870623010607744 ], [ -80.245860022079867, 43.87063991098568 ], [ -80.245883382464456, 43.870370678584237 ], [ -80.246255541084835, 43.870387577552364 ], [ -80.246325615405766, 43.869579880628926 ], [ -80.246697768798242, 43.869596778009303 ], [ -80.246721124627712, 43.869327545795151 ], [ -80.246348973054268, 43.869310648503735 ], [ -80.24637233047352, 43.869041416469834 ], [ -80.245255882585681, 43.868990716937901 ], [ -80.245279245232638, 43.868721485262341 ], [ -80.244907098214227, 43.868704582865732 ], [ -80.2449538264582, 43.868166119966695 ], [ -80.244581683306976, 43.868149216427419 ], [ -80.244628414271588, 43.867610754071713 ], [ -80.245372693527685, 43.867644559473526 ], [ -80.245419416299555, 43.867106097127213 ], [ -80.245791552633762, 43.867122997669028 ], [ -80.245814911856939, 43.86685376654394 ], [ -80.246187046601548, 43.866870665676025 ], [ -80.246280473926618, 43.865793741733519 ], [ -80.247024729552919, 43.86582753532376 ], [ -80.247094786727459, 43.86501984279267 ], [ -80.247839032357874, 43.865053630566379 ], [ -80.247885728720178, 43.864515168980191 ], [ -80.247513609427841, 43.864498275931602 ], [ -80.247560308511012, 43.863959814889057 ], [ -80.247932424165981, 43.863976707759775 ], [ -80.247979118695312, 43.863438246905062 ], [ -80.247607006677654, 43.86342135421225 ], [ -80.247677052209141, 43.862613663882904 ], [ -80.247304945876408, 43.862596770136349 ], [ -80.247374994801476, 43.86178908089699 ], [ -80.248491298120058, 43.861839757374334 ], [ -80.248514641847962, 43.861570527544004 ], [ -80.248886741593765, 43.861587416972966 ], [ -80.248910083274083, 43.861318187145201 ], [ -80.249282181430459, 43.861335075164668 ], [ -80.249305521063221, 43.861065845339461 ], [ -80.250049714426069, 43.861099617238807 ], [ -80.250143056119242, 43.86002269814167 ], [ -80.250515145870338, 43.860039581754862 ], [ -80.250538478902769, 43.859770352120464 ], [ -80.250910567064395, 43.859787234324209 ], [ -80.250933898049468, 43.859518004692433 ], [ -80.251678071422717, 43.8595517649605 ], [ -80.251654744074457, 43.859820994770033 ], [ -80.253143100841285, 43.859888499815071 ], [ -80.253166420915903, 43.859619269650089 ], [ -80.253910597035542, 43.859653014071569 ], [ -80.253957229224667, 43.859114553660852 ], [ -80.25432931399088, 43.859131423713116 ], [ -80.254352627923879, 43.858862193556227 ], [ -80.254724711100494, 43.858879062199129 ], [ -80.254748022986362, 43.858609832044984 ], [ -80.255120104573365, 43.858626699278524 ], [ -80.255143414412146, 43.858357469127128 ], [ -80.255515494409508, 43.85837433495135 ], [ -80.255538802201244, 43.858105104802696 ], [ -80.25591088060898, 43.858121969217571 ], [ -80.255934186353684, 43.857852739071703 ], [ -80.25630626317178, 43.857869602077272 ], [ -80.256329566869496, 43.857600371934204 ], [ -80.257073717555059, 43.857634093806226 ], [ -80.257120316991362, 43.85709563343967 ], [ -80.25860860655952, 43.857163060627556 ], [ -80.258631898661676, 43.856893830226632 ], [ -80.259003969806869, 43.856910683633615 ], [ -80.259027259862222, 43.856641453235589 ], [ -80.259399329417661, 43.856658305233303 ], [ -80.259422617426253, 43.856389074838106 ], [ -80.259794685391967, 43.8564059254266 ], [ -80.259817971353812, 43.85613669503433 ], [ -80.260190037729785, 43.85615354421369 ], [ -80.26021332164494, 43.855884313824269 ], [ -80.261329516688875, 43.855934853173295 ], [ -80.261376072924634, 43.855396392137159 ], [ -80.261748134759728, 43.855413235768431 ], [ -80.261771410716833, 43.855144005299188 ], [ -80.263259653068104, 43.855211366265259 ], [ -80.263306189751916, 43.854672904892197 ], [ -80.263678247274228, 43.854689741655243 ], [ -80.263701513455544, 43.854420511017551 ], [ -80.264073569387989, 43.854437346371512 ], [ -80.264096833522899, 43.854168115736826 ], [ -80.264468887865476, 43.854184949681702 ], [ -80.264515411814315, 43.853646488510087 ], [ -80.265631565302812, 43.853696981890359 ], [ -80.26560830889683, 43.853966212696214 ], [ -80.267468578364998, 43.854050342364467 ], [ -80.267398835050074, 43.854858036661035 ], [ -80.267026775245711, 43.854841213102517 ], [ -80.266957024423192, 43.855648907958319 ], [ -80.266584959392347, 43.855632082813557 ], [ -80.266538454066833, 43.856170546331803 ], [ -80.266910522734193, 43.856187371653768 ], [ -80.266864020132601, 43.856725835715771 ], [ -80.267608165424861, 43.85675948275253 ], [ -80.267561669183962, 43.857297947535372 ], [ -80.267933745808946, 43.857314769250145 ], [ -80.267910499164671, 43.857584001867565 ], [ -80.269026735863221, 43.857634459354443 ], [ -80.268957010927338, 43.85844215855343 ], [ -80.269701180777105, 43.858475790806622 ], [ -80.269677942312569, 43.858745024233208 ], [ -80.27005002939795, 43.85876183846753 ], [ -80.269980318091584, 43.859569539562557 ], [ -80.27035241086044, 43.859586352741886 ], [ -80.270329175120807, 43.859855586711916 ], [ -80.270701269936183, 43.859872398659142 ], [ -80.27063156680488, 43.860680101384226 ], [ -80.271375768030978, 43.860713721848022 ], [ -80.2713293054112, 43.861252191143315 ], [ -80.271701410003431, 43.861268999571315 ], [ -80.271654950109067, 43.861807469409733 ], [ -80.272399167252019, 43.861841082657811 ], [ -80.272422393675853, 43.861571847515826 ], [ -80.272794500770544, 43.861588652070367 ], [ -80.272910620377871, 43.860242477291251 ], [ -80.273282718607391, 43.860259280082772 ], [ -80.273305940026603, 43.859990045313168 ], [ -80.274422230626598, 43.860040445498655 ], [ -80.274445446362293, 43.859771210555216 ], [ -80.274817541866042, 43.859788007887381 ], [ -80.274794327948911, 43.860057242919254 ], [ -80.275166425499023, 43.86007403901926 ], [ -80.275143213172683, 43.86034327423117 ], [ -80.275515312769159, 43.860360069098967 ], [ -80.275445679879283, 43.861167775549418 ], [ -80.27581778515939, 43.861184569361917 ], [ -80.275771365731288, 43.861723040963525 ], [ -80.276143474876491, 43.861739833632235 ], [ -80.276120266639495, 43.862009069658789 ], [ -80.276864489250542, 43.862042651211041 ], [ -80.276841284423242, 43.86231188750596 ], [ -80.2775855115826, 43.862345463952344 ], [ -80.277608712772462, 43.862076227480614 ], [ -80.278352937205085, 43.862109798467493 ], [ -80.278376134529822, 43.86184056191054 ], [ -80.280236690501212, 43.861924465824139 ], [ -80.280259878504751, 43.861655228916931 ], [ -80.28063198856303, 43.861672005649311 ], [ -80.280655174520334, 43.861402768745286 ], [ -80.281399391682044, 43.861436318071362 ], [ -80.281468937276756, 43.860628607378779 ], [ -80.281841040742819, 43.860645379795827 ], [ -80.281817860924065, 43.860914616690103 ], [ -80.284050497408643, 43.861015223988794 ], [ -80.284027328274547, 43.861284461504432 ], [ -80.28365521980659, 43.86126769683468 ], [ -80.28363204862643, 43.861536934353566 ], [ -80.283259938567127, 43.8615201682749 ], [ -80.283213591887176, 43.862058643410869 ], [ -80.282841478417794, 43.862041875834898 ], [ -80.282795127190639, 43.862580351160538 ], [ -80.282050893659147, 43.862546811693349 ], [ -80.281934993422823, 43.863893000726272 ], [ -80.281190742613006, 43.863859455093106 ], [ -80.281167558245556, 43.864128692997618 ], [ -80.280795431363046, 43.864111918111618 ], [ -80.280772244949176, 43.86438115601932 ], [ -80.280400116475334, 43.864364379724243 ], [ -80.280376928015016, 43.864633617635093 ], [ -80.280749058307762, 43.864650394018511 ], [ -80.280702684342273, 43.865188870291391 ], [ -80.281074818500443, 43.865205645530708 ], [ -80.281051632995329, 43.865474883892745 ], [ -80.281423769199989, 43.865491657899689 ], [ -80.281377401145093, 43.866030135074766 ], [ -80.281749541215291, 43.86604690793758 ], [ -80.281726358665551, 43.86631614675067 ], [ -80.282842785698136, 43.866366457679241 ], [ -80.282773253055424, 43.867174175462125 ], [ -80.282401105026537, 43.86715740620847 ], [ -80.282331564879215, 43.867965124549499 ], [ -80.281959411620477, 43.867948353710148 ], [ -80.281843497728929, 43.869294552332306 ], [ -80.282215660083565, 43.869311323613267 ], [ -80.2821924784419, 43.869580563700268 ], [ -80.282564642843283, 43.869597333748665 ], [ -80.282541462793361, 43.869866574015383 ], [ -80.28291362924152, 43.869883342831173 ], [ -80.282867272097704, 43.87042182381542 ], [ -80.28323944241194, 43.870438591486945 ], [ -80.283169910448009, 43.871246313913559 ], [ -80.282053383813832, 43.871196006141517 ], [ -80.281960649511021, 43.872272969596558 ], [ -80.282332832105794, 43.872289740528082 ], [ -80.282309649780643, 43.872558981708501 ], [ -80.282681834422391, 43.872575751407403 ], [ -80.282612291540119, 43.873383475761742 ], [ -80.283356672423025, 43.873417011726403 ], [ -80.283333494646243, 43.873686253537088 ], [ -80.282961302271502, 43.873669486126978 ], [ -80.282938122447689, 43.873938727940718 ], [ -80.283310316641945, 43.873955495439155 ], [ -80.283263959950844, 43.874493979517176 ], [ -80.284380554815996, 43.874544274616191 ], [ -80.284357381587952, 43.874813517057042 ], [ -80.284729582150902, 43.874830279536326 ], [ -80.284636894242695, 43.875907250565696 ], [ -80.284264686401201, 43.875890487733336 ], [ -80.284241512035834, 43.876159730630668 ], [ -80.283497093395908, 43.876126200826221 ], [ -80.283450736703898, 43.876664686541503 ], [ -80.283078524085781, 43.876647919481101 ], [ -80.283055343578766, 43.876917162387386 ], [ -80.283427558016612, 43.876933929536044 ], [ -80.283381199959479, 43.877472415798884 ], [ -80.284497855556666, 43.877522709848144 ], [ -80.284474681646174, 43.877791953381291 ], [ -80.286335787956489, 43.877875750816202 ], [ -80.286266292157734, 43.878683483286984 ], [ -80.286638519561606, 43.878700239075371 ], [ -80.286615355660444, 43.878969483502985 ], [ -80.287732044695929, 43.879019743206101 ], [ -80.287708886027104, 43.879288987989625 ], [ -80.289570048065627, 43.87937272817981 ], [ -80.28954689826918, 43.879641973495502 ], [ -80.289919133178657, 43.879658717658273 ], [ -80.289895984974933, 43.879927963153378 ], [ -80.29175717203033, 43.880011664590661 ], [ -80.291734032699367, 43.880280910617763 ], [ -80.293595234533555, 43.880364579466431 ], [ -80.293572104075579, 43.88063382602536 ], [ -80.294316590038903, 43.880667284492759 ], [ -80.294293462994005, 43.88093653131908 ], [ -80.294665708136279, 43.880953258659083 ], [ -80.294642582684418, 43.881222505664695 ], [ -80.295014829873807, 43.881239231771573 ], [ -80.294991706015026, 43.881508478956484 ], [ -80.295363955251531, 43.881525203830222 ], [ -80.295317710493222, 43.882063698649752 ], [ -80.29494545761645, 43.882046973599849 ], [ -80.294899208309815, 43.882585468607971 ], [ -80.294526952019737, 43.882568742060684 ], [ -80.294457570896498, 43.88337648499239 ], [ -80.293713048076199, 43.883343027405516 ], [ -80.293689916940551, 43.88361227505554 ], [ -80.292200866744182, 43.8835453436742 ], [ -80.292177728100441, 43.883814591062922 ], [ -80.29143320072464, 43.883781117268413 ], [ -80.291410058213231, 43.884050364571976 ], [ -80.291037793045859, 43.884033625604687 ], [ -80.290991503700894, 43.884572120308931 ], [ -80.29061923512019, 43.884555379844052 ], [ -80.290596088286577, 43.88482462724469 ], [ -80.290968358687579, 43.884841367797733 ], [ -80.290875776362014, 43.885918358664142 ], [ -80.291620332408499, 43.885951836511545 ], [ -80.291597189899804, 43.886221084632183 ], [ -80.291969470084254, 43.88623782166205 ], [ -80.29194632916878, 43.886507069961951 ], [ -80.293435459460028, 43.886574005220552 ], [ -80.293412325599135, 43.886843253964003 ], [ -80.293784610560252, 43.886859984563408 ], [ -80.293761478292708, 43.887129233486064 ], [ -80.294133765301396, 43.887145962852252 ], [ -80.294110634627231, 43.887415211954057 ], [ -80.294482923683518, 43.887431940086948 ], [ -80.294459794602759, 43.887701189367952 ], [ -80.295204377037592, 43.887734641845775 ], [ -80.29515812547703, 43.888273141033338 ], [ -80.294785830504964, 43.888256415278946 ], [ -80.294647059450114, 43.889871914498343 ], [ -80.294274753781451, 43.889855186894025 ], [ -80.294182227920288, 43.890932187841869 ], [ -80.293809915195965, 43.890915458563725 ], [ -80.293786781342121, 43.891184708940109 ], [ -80.293414467024192, 43.891167978252398 ], [ -80.293391331122464, 43.891437228631673 ], [ -80.29227438406943, 43.891387028375419 ], [ -80.292204958614164, 43.892194779266063 ], [ -80.291832637921885, 43.892178042939982 ], [ -80.291809493828197, 43.892447293330683 ], [ -80.291064849483789, 43.892413816537747 ], [ -80.291041701521195, 43.892683066843112 ], [ -80.290297054444295, 43.892649584587907 ], [ -80.290273902612753, 43.892918834807915 ], [ -80.289901577594406, 43.892902091609876 ], [ -80.289878423714669, 43.893171341832705 ], [ -80.289506097102887, 43.893154597224971 ], [ -80.289482941174896, 43.893423847450528 ], [ -80.289110612969594, 43.893407101433141 ], [ -80.289087454993378, 43.893676351661455 ], [ -80.28834279562318, 43.893642855485744 ], [ -80.288296471704996, 43.894181355862372 ], [ -80.287924138719234, 43.894164605615813 ], [ -80.287947302612949, 43.893895355470249 ], [ -80.286085650200732, 43.893811584855783 ], [ -80.286131995514538, 43.893273085719713 ], [ -80.285759669356324, 43.893256327808821 ], [ -80.28580601740164, 43.892717829213048 ], [ -80.285433695112644, 43.892701070157116 ], [ -80.285480045889386, 43.892162572101661 ], [ -80.284735409277175, 43.892129050378422 ] ] ] } },
{ "type": "Feature", "properties": { "SubId": 90014227, "DowSubId": 90014226, "RivSlope": 0.048826768663200001, "RivLength": 90.0, "BasSlope": 3.6774253427, "BasAspect": 72.686197139699999, "BasArea": 5390.706292, "BkfWidth": 42.54352155, "BkfDepth": 0.78390661242100002, "Lake_Cat": 0, "HyLakeId": 0, "LakeVol": 0.0, "LakeDepth": 0.0, "LakeArea": 0.0, "Laketype": 0, "Has_POI": 1, "MeanElev": 447.99761962899993, "FloodP_n": 0.050000000745099998, "Q_Mean": 34.914182597900002, "Ch_n": 0.0406453061162, "DrainArea": 652752397.18857205, "Strahler": 3, "Seg_ID": 33, "Seg_order": 1, "Max_DEM": 448.034423828, "Min_DEM": 443.64001464799998, "DA_Obs": 655.0, "DA_error": 0.99656854532600003, "Obs_NM": "02GA022", "SRC_obs": "HYDAT", "centroid_x": -80.284002365684259, "centroid_y": 43.891960898927756, "DA_Chn_L": 60974.954443000002, "DA_Slope": 0.17292330257, "DA_Chn_Slp": 0.10855256735300001, "outletLat": 43.8916832735, "outletLng": -80.283839389099995, "Region": "SW", "Sub_Reg": "02G", "rvhName": "02GA022" }, "geometry": { "type": "Polygon", "coordinates": [ [ [ -80.284735409277175, 43.892129050378422 ], [ -80.284363091312443, 43.89211228753463 ], [ -80.28433991057554, 43.89238153625196 ], [ -80.283967591017657, 43.892364771998473 ], [ -80.283990773575312, 43.892095523369363 ], [ -80.283246138783952, 43.892061991074428 ], [ -80.28326932475548, 43.891792742712781 ], [ -80.283641640216601, 43.891809509432704 ], [ -80.283664824139748, 43.89154026107375 ], [ -80.284037138007776, 43.8915570263839 ], [ -80.284013955905365, 43.891826274831168 ], [ -80.284758587965726, 43.891859801663678 ], [ -80.284735409277175, 43.892129050378422 ] ] ] } },
{ "type": "Feature", "properties": { "SubId": 90014260, "DowSubId": 90014273, "RivSlope": 0.0051537168346100001, "RivLength": 4878.065296, "BasSlope": 2.02466715558025, "BasAspect": 181.7209286219817, "BasArea": 24990421.373895995, "BkfWidth": 43.719777243899998, "BkfDepth": 0.79683982351000004, "Lake_Cat": 0, "HyLakeId": 0, "LakeVol": 0.0, "LakeDepth": 0.0, "LakeArea": 0.0, "Laketype": 0, "Has_POI": 0, "MeanElev": 471.02603833083026, "FloodP_n": 0.057494340840094998, "Q_Mean": 35.933951436615203, "Ch_n": 0.053170826013393999, "DrainArea": 690546961.02346802, "Strahler": 3, "Seg_ID": 33, "Seg_order": 3, "Max_DEM": 449.31851196299999, "Min_DEM": 425.76004028300002, "DA_Obs": 0.0, "DA_error": 0.0, "Obs_NM": null, "SRC_obs": null, "centroid_x": -80.327955702829811, "centroid_y": 43.856162816936113, "DA_Chn_L": 69591.599556000001, "DA_Slope": 0.229436233446, "DA_Chn_Slp": 0.113539925019, "outletLat": 43.831186830599997, "outletLng": -80.296882972000006, "Region": "SW", "Sub_Reg": "02G", "rvhName": "sub90014260" }, "geometry": { "type": "Polygon", "coordinates": [ [ [ -80.296313561834054, 43.831296361885734 ], [ -80.296685471023608, 43.831313080946124 ], [ -80.296708565434912, 43.831043851434195 ], [ -80.2970804730342, 43.831060569086553 ], [ -80.297057380439682, 43.831329798686568 ], [ -80.297429290082221, 43.831346515107121 ], [ -80.297360016390186, 43.83215420472434 ], [ -80.298103847255717, 43.832187634133717 ], [ -80.298126935079168, 43.831918403993058 ], [ -80.299986507121233, 43.832001953977539 ], [ -80.300009585634015, 43.831732723489175 ], [ -80.300381498904699, 43.83174942943829 ], [ -80.300404575374287, 43.831480198954182 ], [ -80.30114839896099, 43.831513606716655 ], [ -80.301171471570584, 43.831244376148867 ], [ -80.30154338188656, 43.83126107796226 ], [ -80.301566452453045, 43.830991847398657 ], [ -80.301938361178472, 43.831008547804259 ], [ -80.301961429701876, 43.830739317245033 ], [ -80.302705244197881, 43.830772713920531 ], [ -80.302728308861461, 43.830503483277646 ], [ -80.303472120628754, 43.830536874497618 ], [ -80.303495181432581, 43.830267643771172 ], [ -80.304238990471006, 43.830301029535669 ], [ -80.304262047415122, 43.830031798725628 ], [ -80.305005853724566, 43.830065179034818 ], [ -80.305028906809042, 43.829795948141324 ], [ -80.305400808486169, 43.829812636228162 ], [ -80.305423859527806, 43.829543405339052 ], [ -80.305795759614256, 43.829560092018127 ], [ -80.305818808613097, 43.829290861133416 ], [ -80.306562605830706, 43.829324230356171 ], [ -80.30658565097005, 43.829054999388021 ], [ -80.306957548101195, 43.82907168193173 ], [ -80.307026676713107, 43.828263989317442 ], [ -80.308142353112189, 43.828314028238829 ], [ -80.308119315917565, 43.828583259281437 ], [ -80.309234999800111, 43.828633286587433 ], [ -80.309211967829668, 43.828902517985767 ], [ -80.309583864725681, 43.828919191202473 ], [ -80.309514772909154, 43.829726886214488 ], [ -80.310258578279274, 43.829760229214891 ], [ -80.310235550855595, 43.830029461245687 ], [ -80.311351266054942, 43.830079466110277 ], [ -80.311328243855812, 43.830348698496678 ], [ -80.311700151190706, 43.830365364232769 ], [ -80.311677130582609, 43.830634596799115 ], [ -80.312792859392417, 43.830684586351097 ], [ -80.312838889481839, 43.830146120784249 ], [ -80.314326516520367, 43.830212754339335 ], [ -80.314303508855843, 43.830481987427532 ], [ -80.314675417996483, 43.830498642604191 ], [ -80.314652411923177, 43.830767875872297 ], [ -80.315024323106343, 43.830784529816711 ], [ -80.315047327362791, 43.830515296460895 ], [ -80.315419236954696, 43.830531948997681 ], [ -80.315442239168689, 43.830262715646455 ], [ -80.315814147169363, 43.830279366775621 ], [ -80.315791146772227, 43.830548600214506 ], [ -80.316906877578248, 43.830598545945357 ], [ -80.31688388240616, 43.830867779739492 ], [ -80.317255794942824, 43.830884425764204 ], [ -80.317232801362096, 43.83115365973822 ], [ -80.319464292218782, 43.831253508693145 ], [ -80.319487274898037, 43.830984274193341 ], [ -80.319859189012973, 43.831000910978318 ], [ -80.31990515006143, 43.830462442080325 ], [ -80.321392794239685, 43.830528975320007 ], [ -80.321438739851629, 43.829990506090432 ], [ -80.321810647825771, 43.830007135925349 ], [ -80.321902529078642, 43.828930198223468 ], [ -80.322274430010779, 43.828946826388211 ], [ -80.322297397943998, 43.828677592105919 ], [ -80.322669297284605, 43.82869421886322 ], [ -80.322646331168173, 43.828963453233023 ], [ -80.323390134158686, 43.828996702962925 ], [ -80.323367171450627, 43.829265937600127 ], [ -80.324110978975611, 43.829299182225405 ], [ -80.324065060151199, 43.829837652126791 ], [ -80.324436967885177, 43.829854272634542 ], [ -80.324414009952065, 43.830123507811209 ], [ -80.324785919728086, 43.83014012708653 ], [ -80.324762963386704, 43.830409362442992 ], [ -80.325134875204782, 43.83042598048587 ], [ -80.325043054855456, 43.83150292318453 ], [ -80.325414974166463, 43.831519540257432 ], [ -80.325369066274874, 43.832058012335366 ], [ -80.324997143329881, 43.832041395087479 ], [ -80.324974187229373, 43.832310631177336 ], [ -80.324602262692508, 43.832294012521935 ], [ -80.324441550964494, 43.834178667121044 ], [ -80.324813488220997, 43.834195286388997 ], [ -80.324721655262209, 43.83527223425299 ], [ -80.325093600012693, 43.835288852550889 ], [ -80.325047685816585, 43.835827327211057 ], [ -80.325419634426751, 43.835843944363873 ], [ -80.325396678808204, 43.836113181919728 ], [ -80.325768629460811, 43.836129797839924 ], [ -80.325745675434391, 43.83639903557544 ], [ -80.326117628129452, 43.836415650263021 ], [ -80.326048770151246, 43.837223364285023 ], [ -80.327164645943284, 43.837273201214295 ], [ -80.327118750403059, 43.837811678214585 ], [ -80.327490713085425, 43.837828288059008 ], [ -80.327467766795067, 43.838097526784786 ], [ -80.327839731519958, 43.838114135396481 ], [ -80.327816786821927, 43.838383374301898 ], [ -80.32818875358933, 43.838399981680865 ], [ -80.328142867153048, 43.838938459942987 ], [ -80.328514837780432, 43.838955066176659 ], [ -80.328491896042223, 43.839224305533371 ], [ -80.328863868712148, 43.839240910534279 ], [ -80.328772106778842, 43.840317869231932 ], [ -80.329888047949481, 43.840367677362572 ], [ -80.329910983317632, 43.840098437287722 ], [ -80.330654941587866, 43.840131635932202 ], [ -80.330723735437019, 43.839323915735889 ], [ -80.331095709456918, 43.839340512815603 ], [ -80.331141567263245, 43.838802032970541 ], [ -80.331513537873022, 43.838818628555252 ], [ -80.331628169365558, 43.837472430118147 ], [ -80.332000131112935, 43.837489023945793 ], [ -80.332137670578604, 43.835873588338366 ], [ -80.33399742816691, 43.835956535053583 ], [ -80.334020341537652, 43.835687295671569 ], [ -80.334392291912337, 43.835703880966911 ], [ -80.334415203241022, 43.835434641589764 ], [ -80.334787152023154, 43.835451225477669 ], [ -80.334810061309796, 43.835181986105397 ], [ -80.336297851416106, 43.835248308106635 ], [ -80.336274949398643, 43.835517547828118 ], [ -80.337762750368498, 43.835583849056682 ], [ -80.337739855395711, 43.835853089219498 ], [ -80.339599620747578, 43.835935936488653 ], [ -80.339530961742369, 43.836743658839055 ], [ -80.339902920938457, 43.836760224594158 ], [ -80.339880035971817, 43.837029465649245 ], [ -80.340251997209819, 43.837046030171415 ], [ -80.340183346415344, 43.837853754151475 ], [ -80.340555313330199, 43.837870317615121 ], [ -80.340395133009082, 43.839755010738244 ], [ -80.340767112871305, 43.8397715734922 ], [ -80.34056116694039, 43.842194757783247 ], [ -80.342421151415053, 43.842277555673164 ], [ -80.342398276500376, 43.842546799268682 ], [ -80.342770275886423, 43.842563354972924 ], [ -80.34272452901952, 43.843101842614537 ], [ -80.343096532265633, 43.843118397172809 ], [ -80.343119403993427, 43.842849153218786 ], [ -80.34386340752306, 43.842882258200007 ], [ -80.343840539430957, 43.843151502328347 ], [ -80.345328556453637, 43.843217696795413 ], [ -80.345305695408712, 43.843486941364404 ], [ -80.346421715984363, 43.843536573612489 ], [ -80.346398860168875, 43.843805818534904 ], [ -80.346770869293806, 43.843822360063967 ], [ -80.346748015072038, 43.844091605165545 ], [ -80.348236061085473, 43.844157758426761 ], [ -80.348190366512995, 43.844696249602784 ], [ -80.348934398136564, 43.844729318659432 ], [ -80.348911554150106, 43.844998564559653 ], [ -80.350027608720325, 43.84504815850287 ], [ -80.350050447252755, 43.844778912341482 ], [ -80.350794481117219, 43.844811968194236 ], [ -80.350771646220821, 43.845081214529678 ], [ -80.352631743892331, 43.845163831489685 ], [ -80.352586091608018, 43.845702325306874 ], [ -80.354074188320837, 43.845768395803432 ], [ -80.354005730032185, 43.846576138263231 ], [ -80.353633700063753, 43.846559622358839 ], [ -80.353519589347243, 43.847905861197482 ], [ -80.353147550511764, 43.847889343537766 ], [ -80.353079075940045, 43.848697087684087 ], [ -80.352334988031402, 43.848664047881215 ], [ -80.352312159089692, 43.848933295939993 ], [ -80.351940113653058, 43.848916773970799 ], [ -80.351917282669035, 43.849186022034559 ], [ -80.351545235638099, 43.849169498657858 ], [ -80.351453902188581, 43.850246491484512 ], [ -80.351825956492902, 43.850263015209286 ], [ -80.351780292060681, 43.850801512348305 ], [ -80.352152350225822, 43.850818034926533 ], [ -80.352038194317089, 43.852164279818119 ], [ -80.35166612705963, 43.852147756804882 ], [ -80.351597625370488, 43.852955504581807 ], [ -80.351969698083536, 43.852972027856083 ], [ -80.351946865557622, 43.85324127738587 ], [ -80.352691015292962, 43.853274320146539 ], [ -80.352645356843411, 43.853812819829848 ], [ -80.353017435684293, 43.853829339403269 ], [ -80.353040263202459, 43.853560089428676 ], [ -80.355644808629194, 43.85367568885615 ], [ -80.355621993841424, 43.853944939439451 ], [ -80.35636615532998, 43.853977956135473 ], [ -80.356297720535466, 43.854785708958275 ], [ -80.357786068022733, 43.854851727545487 ], [ -80.357763263251755, 43.855120979017848 ], [ -80.358507441975561, 43.855153980561269 ], [ -80.358439037232614, 43.855961736050794 ], [ -80.359183227764021, 43.855994732832791 ], [ -80.359160429373162, 43.856263985020114 ], [ -80.359904624437078, 43.85629697669301 ], [ -80.359881829460178, 43.856566229145912 ], [ -80.360253929146523, 43.85658272308816 ], [ -80.360231135764764, 43.856851975719771 ], [ -80.360603237493621, 43.856868468428132 ], [ -80.36048927632433, 43.858214733397929 ], [ -80.360861387371429, 43.858231225219797 ], [ -80.360838596285532, 43.858500478576055 ], [ -80.360466483419472, 43.858483986667338 ], [ -80.360352515539986, 43.859830254391404 ], [ -80.360724637501164, 43.859846746734362 ], [ -80.36067905242173, 43.860385254640207 ], [ -80.361423304291463, 43.860418235711037 ], [ -80.361400515054456, 43.860687489975255 ], [ -80.361772643143922, 43.860703978616293 ], [ -80.36174985550241, 43.860973233059163 ], [ -80.362121985634658, 43.860989720466158 ], [ -80.36209919958867, 43.861258975087594 ], [ -80.362471331763686, 43.86127546126059 ], [ -80.362448547313278, 43.861544716060592 ], [ -80.363192815972468, 43.861577684617679 ], [ -80.363170034936843, 43.861846939683033 ], [ -80.363542171421003, 43.861863422067074 ], [ -80.363519391981043, 43.862132677310996 ], [ -80.364263669258506, 43.86216563829008 ], [ -80.364195340512836, 43.862973405092973 ], [ -80.365311774478869, 43.863022837435985 ], [ -80.365289003241188, 43.863292093480716 ], [ -80.365661150162822, 43.863308568373355 ], [ -80.365638380520991, 43.863577824596568 ], [ -80.36601052948545, 43.863594298255052 ], [ -80.365987761439499, 43.863863554656739 ], [ -80.367104215131562, 43.863912967966911 ], [ -80.367126977719408, 43.863643711305023 ], [ -80.36749912757756, 43.863660179679826 ], [ -80.367294272619134, 43.866083493718776 ], [ -80.367666439075649, 43.866099961553111 ], [ -80.36762091693322, 43.866638476965939 ], [ -80.367993087252231, 43.866654943652755 ], [ -80.367970327665475, 43.86692420158338 ], [ -80.36834250002741, 43.866940667035927 ], [ -80.368274225385719, 43.867748441637843 ], [ -80.367902047564939, 43.867731975925153 ], [ -80.367879287084648, 43.868001234222383 ], [ -80.36825146672507, 43.868017700021788 ], [ -80.368228707841055, 43.868286958497322 ], [ -80.368600889524501, 43.868303423062351 ], [ -80.368578132236777, 43.868572681716273 ], [ -80.370066868482866, 43.868638527112822 ], [ -80.370089618491818, 43.868369268112168 ], [ -80.369717435915007, 43.868352808831283 ], [ -80.36974018752035, 43.868083550008947 ], [ -80.370112368277489, 43.868100009203154 ], [ -80.370135117839851, 43.867830750385764 ], [ -80.371251655991927, 43.86788011978215 ], [ -80.371183423012113, 43.868687897289163 ], [ -80.371927793814535, 43.86872080413476 ], [ -80.371905052680887, 43.868990063660327 ], [ -80.372649428015606, 43.869022965394961 ], [ -80.37260395235775, 43.869561485067479 ], [ -80.372976143999409, 43.869577934126426 ], [ -80.372953407655501, 43.869847194186754 ], [ -80.373325601340142, 43.869863642011275 ], [ -80.37330286659288, 43.870132902249786 ], [ -80.374419454445047, 43.870182238056501 ], [ -80.374396724934158, 43.87045149864646 ], [ -80.374768923150953, 43.870467941359756 ], [ -80.374723467099599, 43.871006462987644 ], [ -80.375095669179231, 43.871022904553001 ], [ -80.375072942638823, 43.871292165590901 ], [ -80.375445146761436, 43.871308605921719 ], [ -80.375422421817859, 43.871577867137781 ], [ -80.375794627983453, 43.87159430623403 ], [ -80.375771904636778, 43.871863567628282 ], [ -80.376144112845381, 43.871880005489928 ], [ -80.376075946926946, 43.872687790481748 ], [ -80.378681448850926, 43.872802820338379 ], [ -80.378658739172252, 43.873072082791232 ], [ -80.379403173940005, 43.873104936746969 ], [ -80.379380467678544, 43.873374199464379 ], [ -80.379752687216822, 43.873390624546957 ], [ -80.379729982552561, 43.873659887442443 ], [ -80.380102204133806, 43.873676311290311 ], [ -80.380056797776888, 43.874214837528889 ], [ -80.380429023221254, 43.874231260228534 ], [ -80.380406321528625, 43.874500523571626 ], [ -80.380778549015957, 43.874516945036511 ], [ -80.380755848920671, 43.874786208557573 ], [ -80.381128078451013, 43.874802628787755 ], [ -80.381105379953084, 43.875071892486858 ], [ -80.38184984332257, 43.875104729156341 ], [ -80.381827148242238, 43.875373993119894 ], [ -80.382943850427964, 43.875423238474099 ], [ -80.382921160585553, 43.87569250278851 ], [ -80.384037870236625, 43.875741736510655 ], [ -80.383992500805249, 43.8762802659326 ], [ -80.385853706213339, 43.87636229657474 ], [ -80.38583103026518, 43.876631561854964 ], [ -80.3873200058799, 43.876697162930974 ], [ -80.387251998544158, 43.87750496035715 ], [ -80.387624248465329, 43.877521357581955 ], [ -80.387578912769598, 43.878059889829515 ], [ -80.388323420561207, 43.878092680660544 ], [ -80.38830075602047, 43.878361947094248 ], [ -80.388673012070456, 43.878378340614105 ], [ -80.388627685962376, 43.878916873928588 ], [ -80.389372206011757, 43.878949657349501 ], [ -80.389304226104159, 43.879757458525184 ], [ -80.389676491924121, 43.879773848512535 ], [ -80.389631174514548, 43.880312383259565 ], [ -80.391120254583427, 43.880377930685484 ], [ -80.391097602827429, 43.88064719854134 ], [ -80.392586693736902, 43.8807127251699 ], [ -80.392496113619686, 43.881789798887986 ], [ -80.392123833276102, 43.88177341886788 ], [ -80.392078538242089, 43.882311956102932 ], [ -80.393939960390455, 43.882393843851332 ], [ -80.393917321643727, 43.882663113037218 ], [ -80.394289608561039, 43.882679486708739 ], [ -80.394266971412819, 43.882948756072246 ], [ -80.395011549555747, 43.882981499623313 ], [ -80.3949889158269, 43.883250769250679 ], [ -80.396105790170324, 43.883299874924766 ], [ -80.396083161681787, 43.883569144902076 ], [ -80.397572337866634, 43.883634600978056 ], [ -80.39752709479005, 43.884173141896319 ], [ -80.399016289095584, 43.884238577517465 ], [ -80.398993674507807, 43.884507848458313 ], [ -80.399365975460228, 43.884524204145919 ], [ -80.399343362471342, 43.884793475264281 ], [ -80.399715665466729, 43.884809829716481 ], [ -80.399693054076778, 43.885079101012359 ], [ -80.400065359115146, 43.885095454229138 ], [ -80.400042749324186, 43.885364725702487 ], [ -80.400415056405521, 43.885381077683817 ], [ -80.400392448213552, 43.885650349334682 ], [ -80.400764757337882, 43.885666700080606 ], [ -80.400742150744961, 43.885935971908914 ], [ -80.401859084912743, 43.885985016475495 ], [ -80.401836483560999, 43.886254288653454 ], [ -80.402581111091223, 43.886286978595521 ], [ -80.402558513159718, 43.886556251036986 ], [ -80.40330314521961, 43.886588935864815 ], [ -80.40328055070843, 43.886858208569727 ], [ -80.404769824774689, 43.886923562710457 ], [ -80.404747237326148, 43.887192835850925 ], [ -80.405864200668006, 43.887241837837671 ], [ -80.405841618461167, 43.887511111327562 ], [ -80.406213941839752, 43.887527442765908 ], [ -80.406191361232359, 43.887796716433144 ], [ -80.40768066424846, 43.88786202931427 ], [ -80.40765809070416, 43.888131303416799 ], [ -80.408030418833576, 43.888147628418963 ], [ -80.408007846888864, 43.888416902698786 ], [ -80.408380177061147, 43.888433226465288 ], [ -80.408357606716052, 43.888702500922385 ], [ -80.408729938931188, 43.888718823453218 ], [ -80.408707370185752, 43.888988098087623 ], [ -80.409452038923391, 43.889020739356148 ], [ -80.409429473598948, 43.889290014253774 ], [ -80.410546483831055, 43.889338966501818 ], [ -80.410365996971734, 43.891493171031762 ], [ -80.410738348729978, 43.891509486491842 ], [ -80.41071578869709, 43.891778762554743 ], [ -80.411460496521087, 43.891811389681465 ], [ -80.411392826022336, 43.89261921893322 ], [ -80.411765185731127, 43.892635530771699 ], [ -80.411742630276748, 43.892904807457356 ], [ -80.412114992028592, 43.892921118059959 ], [ -80.412047329801268, 43.893728948921975 ], [ -80.412792064898937, 43.893761566677234 ], [ -80.412769514023452, 43.894030843985476 ], [ -80.409045829179732, 43.893867701477987 ], [ -80.409068398271387, 43.893598425029019 ], [ -80.408323667604833, 43.893565780837839 ], [ -80.408346240118036, 43.893296504651971 ], [ -80.40797387693884, 43.893280180659687 ], [ -80.407996451051915, 43.893010904651021 ], [ -80.407624089915927, 43.892994579422933 ], [ -80.407646665628874, 43.892725303591462 ], [ -80.407274306536124, 43.89270897712759 ], [ -80.4072968838489, 43.8924397014733 ], [ -80.406924526799372, 43.892423373773681 ], [ -80.40694710571195, 43.892154098296629 ], [ -80.406574750705616, 43.892137769361319 ], [ -80.406597331217952, 43.891868494061505 ], [ -80.406224978254826, 43.891852163890341 ], [ -80.406247560366879, 43.891582888767807 ], [ -80.405875209446947, 43.891566557360882 ], [ -80.405897793158701, 43.891297282415671 ], [ -80.405153095627014, 43.891264615808801 ], [ -80.405175682759818, 43.890995341126825 ], [ -80.404430989758112, 43.890962669405098 ], [ -80.404453580311895, 43.890693394986499 ], [ -80.404081235965165, 43.890677057229155 ], [ -80.40410382811848, 43.890407782987772 ], [ -80.403731485814944, 43.890391443994794 ], [ -80.403754079567761, 43.890122169930777 ], [ -80.400403025213578, 43.889975060292329 ], [ -80.400425635136315, 43.889705787094329 ], [ -80.397446949821585, 43.889574933786399 ], [ -80.397492198141066, 43.88903638904263 ], [ -80.397119867118704, 43.889020026604008 ], [ -80.397142492766434, 43.888750754455202 ], [ -80.396397835030626, 43.888718025785401 ], [ -80.396420464098583, 43.888448753900207 ], [ -80.396048137385151, 43.888432387669084 ], [ -80.39607076805207, 43.888163115961412 ], [ -80.395698443382017, 43.888146748494826 ], [ -80.395721075647884, 43.88787747696464 ], [ -80.394231786474592, 43.887811994227008 ], [ -80.39432234245335, 43.886734910398808 ], [ -80.393950028000091, 43.886718536755311 ], [ -80.393972668260091, 43.886449266112777 ], [ -80.393600355850126, 43.886432891233959 ], [ -80.393622997708874, 43.88616362076899 ], [ -80.392133757576389, 43.886098108383031 ], [ -80.392111108433596, 43.88636737850296 ], [ -80.391366486059567, 43.886334614208089 ], [ -80.391343833052332, 43.886603884246782 ], [ -80.390971520377917, 43.8865875000307 ], [ -80.390948865327246, 43.886856770074438 ], [ -80.390576551054238, 43.886840384450508 ], [ -80.390553893960089, 43.887109654499234 ], [ -80.390181578088502, 43.887093267467428 ], [ -80.390136259590648, 43.887631807666217 ], [ -80.389763940299403, 43.887615419140211 ], [ -80.38974127889567, 43.887884689290225 ], [ -80.388996637338536, 43.887851908100778 ], [ -80.38895130657906, 43.888390448329368 ], [ -80.388578982492078, 43.888374055579582 ], [ -80.388556314957384, 43.888643325744468 ], [ -80.388183989271838, 43.888626931586728 ], [ -80.388161319693424, 43.888896201756545 ], [ -80.386299685499225, 43.888814210711843 ], [ -80.386322364183343, 43.888544940973873 ], [ -80.385950039833617, 43.888528538886433 ], [ -80.385972720116186, 43.888259269326134 ], [ -80.385600397810251, 43.888242866003509 ], [ -80.385645761349465, 43.887704327329423 ], [ -80.385273442908414, 43.887687922857999 ], [ -80.385386856964274, 43.88634157820222 ], [ -80.384642238960481, 43.88630876615867 ], [ -80.38468761030768, 43.885770229281079 ], [ -80.383570695898229, 43.885721001822681 ], [ -80.383616077279939, 43.885182465828905 ], [ -80.383243776564143, 43.88516605420584 ], [ -80.383289160696449, 43.884627518750221 ], [ -80.382916863845182, 43.884611105978614 ], [ -80.382939557397975, 43.884341838474199 ], [ -80.38219496800555, 43.884309009139365 ], [ -80.382172270811083, 43.884578276470855 ], [ -80.381799974628308, 43.884561859734738 ], [ -80.381913467476167, 43.883215524423015 ], [ -80.381541180620175, 43.88319910679769 ], [ -80.381563880341943, 43.882929840095869 ], [ -80.380819310940026, 43.882897001053919 ], [ -80.380842014080343, 43.882627734616442 ], [ -80.380469731534433, 43.882611313199718 ], [ -80.380515140787736, 43.882072780771772 ], [ -80.378281472042033, 43.881974225559532 ], [ -80.37830418725818, 43.88170496000167 ], [ -80.377931911734962, 43.881688529594534 ], [ -80.377909194698191, 43.881957795065858 ], [ -80.376420087553257, 43.881892059876982 ], [ -80.376465535968691, 43.881353529718055 ], [ -80.375720991017161, 43.881320654541412 ], [ -80.375743718531396, 43.881051389772168 ], [ -80.374626908239321, 43.881002067356484 ], [ -80.374649640992075, 43.880732802938383 ], [ -80.373905105554314, 43.880699914894194 ], [ -80.373950577672346, 43.880161386678516 ], [ -80.373206050409465, 43.880128493695345 ], [ -80.373228789774657, 43.879859229897868 ], [ -80.372856528298541, 43.879842781510824 ], [ -80.372879269260935, 43.87957351789138 ], [ -80.372507009828539, 43.879557068269641 ], [ -80.372529752388118, 43.879287804828238 ], [ -80.371040724173099, 43.879221993474431 ], [ -80.371017974331778, 43.879491256569231 ], [ -80.3706457160159, 43.879474800340773 ], [ -80.370622964130803, 43.879744063440342 ], [ -80.370250704217838, 43.879727605803879 ], [ -80.370227950288935, 43.879996868908172 ], [ -80.369483427492256, 43.879963949497849 ], [ -80.369460669699038, 43.880233212520181 ], [ -80.369088406815337, 43.880216750746293 ], [ -80.369065646978243, 43.880486013773272 ], [ -80.368693382497497, 43.880469550591407 ], [ -80.368670620616442, 43.880738813623118 ], [ -80.366809292462662, 43.880656477459546 ], [ -80.366786521255619, 43.880925740149024 ], [ -80.366414254474947, 43.880909268865445 ], [ -80.366437027502471, 43.880640006262745 ], [ -80.36532023396343, 43.88059058474424 ], [ -80.365251897825573, 43.881398372045687 ], [ -80.364507358994658, 43.881365417239209 ], [ -80.364484576193718, 43.881634679682207 ], [ -80.364112305293233, 43.881618200210198 ], [ -80.364089520448061, 43.881887462657737 ], [ -80.363717247950731, 43.881870981777503 ], [ -80.363694461061328, 43.882140244229575 ], [ -80.363322186967139, 43.882123761941159 ], [ -80.363299398033448, 43.882393024397842 ], [ -80.362927122342413, 43.882376540701259 ], [ -80.362881540162647, 43.882915065714897 ], [ -80.362509261054171, 43.882898580523253 ], [ -80.362486467808026, 43.883167843080265 ], [ -80.360625066519646, 43.883085396866718 ], [ -80.360602263946589, 43.883354659080872 ], [ -80.359113139662952, 43.883288677977262 ], [ -80.359135949518461, 43.883019416110614 ], [ -80.358391392361412, 43.882986417804126 ], [ -80.358368578864699, 43.883255679496983 ], [ -80.357996298801552, 43.883239178274749 ], [ -80.358019114118861, 43.882969916668785 ], [ -80.357646836100287, 43.882953414212047 ], [ -80.357669653014185, 43.8826841527843 ], [ -80.357297377040197, 43.882667649093072 ], [ -80.357320195550628, 43.882398387843551 ], [ -80.356203374434529, 43.882348869102358 ], [ -80.356226198182554, 43.882079608204947 ], [ -80.35510938454469, 43.882030077832169 ], [ -80.35513221353014, 43.881760817286938 ], [ -80.354387675866462, 43.881727790605517 ], [ -80.354410508268771, 43.881458530325538 ], [ -80.353665975142661, 43.881425498532657 ], [ -80.3536888109617, 43.881156238517946 ], [ -80.353316546555376, 43.88113972072648 ], [ -80.353339383970678, 43.880870460890115 ], [ -80.352594859471495, 43.880837421517121 ], [ -80.352617700303398, 43.880568161946094 ], [ -80.352245440210567, 43.880551640364622 ], [ -80.352268282638633, 43.880282380971941 ], [ -80.351523766766476, 43.880249334019055 ], [ -80.351546612611003, 43.879980074891762 ], [ -80.350802101276685, 43.879947022827693 ], [ -80.350824950537643, 43.879677763965816 ], [ -80.350452697027265, 43.879661236038835 ], [ -80.350498398516834, 43.879122718763291 ], [ -80.347892655710581, 43.879006987497398 ], [ -80.34786979233597, 43.879276245480021 ], [ -80.347125292770556, 43.879243167338359 ], [ -80.347102425530892, 43.879512425238147 ], [ -80.346730174264607, 43.879495884098318 ], [ -80.34675304332454, 43.879226626285643 ], [ -80.346008545106045, 43.879193540216342 ], [ -80.346031417581997, 43.87892428266926 ], [ -80.345659170629816, 43.878907737739837 ], [ -80.345636296333609, 43.879176995199785 ], [ -80.344147303489578, 43.879110801920817 ], [ -80.344170185066758, 43.87884154480949 ], [ -80.34454243112063, 43.878858095023972 ], [ -80.344588189960689, 43.878319580901035 ], [ -80.344960432598739, 43.878336129619946 ], [ -80.345006186900036, 43.877797615688202 ], [ -80.345378426122281, 43.877814162911591 ], [ -80.345424175884986, 43.877275649171104 ], [ -80.345051940303037, 43.877259102122039 ], [ -80.345143444414262, 43.876182076086366 ], [ -80.344771216337264, 43.876165528064654 ], [ -80.344794093623719, 43.875896271871426 ], [ -80.344049641783542, 43.875863172038606 ], [ -80.344164043047286, 43.874516893315551 ], [ -80.343791826564029, 43.874500341853221 ], [ -80.343860470086952, 43.873692575978126 ], [ -80.344232681110455, 43.873709127178984 ], [ -80.344255560015696, 43.873439871983059 ], [ -80.344627769443889, 43.873456421775572 ], [ -80.344696399352586, 43.872648656475199 ], [ -80.344324195383933, 43.872632106944103 ], [ -80.344369951173277, 43.872093597375574 ], [ -80.343997751068784, 43.872077046697697 ], [ -80.344043509599402, 43.871538537669466 ], [ -80.344415706064382, 43.871555088173025 ], [ -80.344461460057275, 43.871016579336498 ], [ -80.344833653107315, 43.871033128344692 ], [ -80.344948025061711, 43.869686857419339 ], [ -80.346064578263778, 43.869736495210503 ], [ -80.346156049950906, 43.868659479072463 ], [ -80.346900405317754, 43.868692563631186 ], [ -80.346923269039308, 43.868423309651355 ], [ -80.348039798313877, 43.868472926320642 ], [ -80.348016940051039, 43.868742180561746 ], [ -80.349877835760068, 43.868824849025877 ], [ -80.349900684924989, 43.868555594349417 ], [ -80.350645041139387, 43.868588652313875 ], [ -80.350667886440888, 43.868319397554934 ], [ -80.35141223991306, 43.868352450061337 ], [ -80.351435081351184, 43.868083195219889 ], [ -80.35180725660399, 43.868099719404555 ], [ -80.351830095998395, 43.86783046456771 ], [ -80.352574443537364, 43.867863508800035 ], [ -80.352665784317225, 43.866786489672599 ], [ -80.352293617713713, 43.866769968564938 ], [ -80.352476303071313, 43.864615935404316 ], [ -80.352848455119542, 43.864632455815958 ], [ -80.35296261708794, 43.863286187634529 ], [ -80.352590474136193, 43.863269667657825 ], [ -80.352613307676876, 43.863000414383627 ], [ -80.351869026084117, 43.862967370641705 ], [ -80.351891863039157, 43.862698117633144 ], [ -80.351519724398173, 43.862681593867912 ], [ -80.351565401274257, 43.862143088300009 ], [ -80.35119326649577, 43.862126563387939 ], [ -80.351238946113639, 43.861588058360944 ], [ -80.350866815197591, 43.861571532302072 ], [ -80.35091249755709, 43.861033027816021 ], [ -80.350540370503424, 43.861016500610383 ], [ -80.350517527616674, 43.861285752720512 ], [ -80.349029014367531, 43.861219630341722 ], [ -80.34900616398015, 43.861488882195367 ], [ -80.348261905062799, 43.861455812906939 ], [ -80.348284759088358, 43.861186561227427 ], [ -80.347912631785192, 43.861170024689052 ], [ -80.34793548740555, 43.860900773188348 ], [ -80.347191237110266, 43.860867696323382 ], [ -80.347214096144413, 43.86059844508857 ], [ -80.346841973152308, 43.860581904762007 ], [ -80.346910554365877, 43.859774151869345 ], [ -80.346166319968759, 43.859741067776469 ], [ -80.346189183562544, 43.859471817169968 ], [ -80.345444953700834, 43.859438727968254 ], [ -80.345422086469128, 43.859707978400543 ], [ -80.345049970055896, 43.859691431731392 ], [ -80.345072839106578, 43.859422181386279 ], [ -80.344328610591333, 43.859389084259966 ], [ -80.344259991852198, 43.860196835047716 ], [ -80.34388787247434, 43.860180284242006 ], [ -80.34386499729338, 43.860449534600917 ], [ -80.343120755573153, 43.86041642885278 ], [ -80.343052117769105, 43.861224179956842 ], [ -80.340075116214166, 43.861091702040405 ], [ -80.340098010258984, 43.860822452278306 ], [ -80.339725887894474, 43.860805886682421 ], [ -80.339680095942114, 43.861344386123889 ], [ -80.339307970164256, 43.861327819032724 ], [ -80.339262173674982, 43.861866318666522 ], [ -80.338890044483719, 43.861849750080083 ], [ -80.338844243457388, 43.862388249906125 ], [ -80.337355714387229, 43.862321961654139 ], [ -80.337286989332597, 43.863129711033594 ], [ -80.334682033914547, 43.863013653907757 ], [ -80.334659112379342, 43.86328290327311 ], [ -80.334286974971576, 43.863266318313066 ], [ -80.334264051392267, 43.863535567682689 ], [ -80.333147635061408, 43.8634858046155 ], [ -80.333239349858246, 43.862408808735118 ], [ -80.332867218807763, 43.86239221875384 ], [ -80.332890148763497, 43.862122970100224 ], [ -80.332518019757089, 43.862106378885542 ], [ -80.332495087982309, 43.862375627451748 ], [ -80.332122957381898, 43.862359034828849 ], [ -80.332100023562987, 43.862628283399353 ], [ -80.331727891368573, 43.862611689368222 ], [ -80.331704955505487, 43.862880937943025 ], [ -80.331332821717083, 43.862864342503755 ], [ -80.331309883809794, 43.863133591082786 ], [ -80.330937748427402, 43.863116994235284 ], [ -80.330891868299261, 43.863655491493496 ], [ -80.33051972950372, 43.863638893150345 ], [ -80.330496787282797, 43.863908141829519 ], [ -80.325658979787661, 43.86369224203645 ], [ -80.325681945657294, 43.863422994494208 ], [ -80.324937674599141, 43.863389759504017 ], [ -80.324960643881539, 43.86312051222842 ], [ -80.324216377363257, 43.863087272130002 ], [ -80.324239350058363, 43.862818025121072 ], [ -80.323867218956437, 43.862801403178196 ], [ -80.32384424444227, 43.863070650099587 ], [ -80.322727847032212, 43.863020776083523 ], [ -80.322796786269606, 43.86221303638213 ], [ -80.322424659707693, 43.862196409331219 ], [ -80.322447640821466, 43.86192716303492 ], [ -80.32058702049008, 43.861844008406415 ], [ -80.320724957004259, 43.860228535180838 ], [ -80.320352844528216, 43.860211900818413 ], [ -80.320490783833776, 43.858596431418903 ], [ -80.320118682496144, 43.85857979626136 ], [ -80.320141673409537, 43.858310551770003 ], [ -80.319025376206554, 43.858260638636125 ], [ -80.319071368268794, 43.857722150454236 ], [ -80.317955084008901, 43.857672225960151 ], [ -80.31793208263457, 43.857941469742343 ], [ -80.317559986513984, 43.857924825515376 ], [ -80.317513979450794, 43.858463313179605 ], [ -80.317141879918523, 43.858446667456668 ], [ -80.317118874229593, 43.858715911338692 ], [ -80.316374672204915, 43.858682615755455 ], [ -80.316305642871015, 43.859490347425776 ], [ -80.315933536741085, 43.859473697390143 ], [ -80.315864499918547, 43.860281429622553 ], [ -80.315492388558042, 43.86026477800317 ], [ -80.315400329024229, 43.861341755245661 ], [ -80.314656092429857, 43.861308447343184 ], [ -80.314679111289877, 43.861039203070462 ], [ -80.313562763549228, 43.860989231574344 ], [ -80.313539739232581, 43.861258475583917 ], [ -80.313167621952033, 43.86124181568934 ], [ -80.313121569003101, 43.861780303807969 ], [ -80.312749448310711, 43.861763642417209 ], [ -80.31272641967837, 43.862032886526229 ], [ -80.313098542189664, 43.86204954800472 ], [ -80.313052487884889, 43.862588036673088 ], [ -80.312680361735687, 43.862571375019122 ], [ -80.312634302889009, 43.863109863878492 ], [ -80.312262173327838, 43.863093200728258 ], [ -80.312239141746488, 43.863362445207599 ], [ -80.312611273126677, 43.863379108445564 ], [ -80.312588243138293, 43.863648353104253 ], [ -80.312216109939087, 43.863631689778529 ], [ -80.312077914347995, 43.865247159127421 ], [ -80.31170577046035, 43.865230493954371 ], [ -80.311682735251509, 43.86549973907853 ], [ -80.310938444516125, 43.865466404594464 ], [ -80.310961483363229, 43.865197159645781 ], [ -80.309845054413401, 43.865147148276684 ], [ -80.309822010108917, 43.865416392962011 ], [ -80.308705577737115, 43.865366369442079 ], [ -80.308659477534732, 43.865904858560519 ], [ -80.307170889653008, 43.865838141339694 ], [ -80.307032539955429, 43.867453608783805 ], [ -80.306660382635485, 43.8674369256494 ], [ -80.306683443303427, 43.867167680934443 ], [ -80.30593913298101, 43.867134310878733 ], [ -80.305962197061064, 43.866865066430989 ], [ -80.304845738732865, 43.866815001704488 ], [ -80.304868808044134, 43.866545757611966 ], [ -80.302635908416377, 43.866445593023421 ], [ -80.302658988416226, 43.866176349549804 ], [ -80.302286841090122, 43.866159650916714 ], [ -80.302379166100877, 43.865082678289262 ], [ -80.301262747310986, 43.865032575520274 ], [ -80.301239660940865, 43.865301818275988 ], [ -80.299751098450159, 43.865234995740892 ], [ -80.299774192096521, 43.86496575333706 ], [ -80.299402053859453, 43.864949044489286 ], [ -80.299425149098226, 43.864679802264945 ], [ -80.299053012906853, 43.864663092184287 ], [ -80.299076109737996, 43.864393850139564 ], [ -80.298703975592304, 43.864377138826185 ], [ -80.298727074015773, 43.864107896960938 ], [ -80.298354941915761, 43.864091184414768 ], [ -80.298539735694433, 43.861937253493181 ], [ -80.298167618372375, 43.861920540330296 ], [ -80.29821381818789, 43.861382058691788 ], [ -80.297469591499137, 43.861348628756026 ], [ -80.297446488067109, 43.861617869353438 ], [ -80.296330144278031, 43.861567714280469 ], [ -80.296353253166444, 43.861298473947151 ], [ -80.295981140842414, 43.861281753036117 ], [ -80.296004251322813, 43.861012512882404 ], [ -80.295632141044337, 43.860995790738784 ], [ -80.295655253116706, 43.860726550764774 ], [ -80.295283144883783, 43.860709827388462 ], [ -80.295260030992665, 43.86097906727445 ], [ -80.294143702198653, 43.860928888957325 ], [ -80.294166821545986, 43.860659649335609 ], [ -80.293422607121798, 43.860626190696976 ], [ -80.293445729879707, 43.86035695134305 ], [ -80.292329415401397, 43.860306753744425 ], [ -80.292352543388461, 43.860037514746416 ], [ -80.291980440834934, 43.860020779660353 ], [ -80.29204982889037, 43.859213063480517 ], [ -80.29167773201975, 43.859196327338132 ], [ -80.291700862736235, 43.858927088882929 ], [ -80.290956673313147, 43.858893612812636 ], [ -80.29093353895945, 43.859162851091611 ], [ -80.290561442769828, 43.859146110987382 ], [ -80.290538306370493, 43.859415349269817 ], [ -80.29016620858927, 43.859398607756809 ], [ -80.290096792573124, 43.860206322889397 ], [ -80.28972468956303, 43.860189579791282 ], [ -80.289701548618169, 43.860458818263872 ], [ -80.288957339641897, 43.860425327929313 ], [ -80.288934194832578, 43.860694566317143 ], [ -80.288562088866428, 43.860677819080713 ], [ -80.288538942011257, 43.860947057471968 ], [ -80.286678406494502, 43.86086330103884 ], [ -80.286655250318631, 43.8611325390806 ], [ -80.286283142078219, 43.861115783743791 ], [ -80.286259983856382, 43.861385021788941 ], [ -80.28514365504256, 43.861334747589702 ], [ -80.285166818720541, 43.861065509809279 ], [ -80.284794711389253, 43.861048749189784 ], [ -80.284817876658593, 43.860779511589179 ], [ -80.284445771373314, 43.860762749737297 ], [ -80.284422604285268, 43.861031987249618 ], [ -80.284050497408643, 43.861015223988794 ], [ -80.281817860924065, 43.860914616690103 ], [ -80.281841040742819, 43.860645379795827 ], [ -80.281468937276756, 43.860628607378779 ], [ -80.281399391682044, 43.861436318071362 ], [ -80.280655174520334, 43.861402768745286 ], [ -80.28063198856303, 43.861672005649311 ], [ -80.280259878504751, 43.861655228916931 ], [ -80.280236690501212, 43.861924465824139 ], [ -80.278376134529822, 43.86184056191054 ], [ -80.278352937205085, 43.862109798467493 ], [ -80.277608712772462, 43.862076227480614 ], [ -80.2775855115826, 43.862345463952344 ], [ -80.276841284423242, 43.86231188750596 ], [ -80.276864489250542, 43.862042651211041 ], [ -80.276120266639495, 43.862009069658789 ], [ -80.276143474876491, 43.861739833632235 ], [ -80.275771365731288, 43.861723040963525 ], [ -80.27581778515939, 43.861184569361917 ], [ -80.275445679879283, 43.861167775549418 ], [ -80.275515312769159, 43.860360069098967 ], [ -80.275143213172683, 43.86034327423117 ], [ -80.275166425499023, 43.86007403901926 ], [ -80.274794327948911, 43.860057242919254 ], [ -80.274817541866042, 43.859788007887381 ], [ -80.274445446362293, 43.859771210555216 ], [ -80.274422230626598, 43.860040445498655 ], [ -80.273305940026603, 43.859990045313168 ], [ -80.273282718607391, 43.860259280082772 ], [ -80.272910620377871, 43.860242477291251 ], [ -80.272794500770544, 43.861588652070367 ], [ -80.272422393675853, 43.861571847515826 ], [ -80.272399167252019, 43.861841082657811 ], [ -80.271654950109067, 43.861807469409733 ], [ -80.271701410003431, 43.861268999571315 ], [ -80.2713293054112, 43.861252191143315 ], [ -80.271375768030978, 43.860713721848022 ], [ -80.27063156680488, 43.860680101384226 ], [ -80.270701269936183, 43.859872398659142 ], [ -80.270329175120807, 43.859855586711916 ], [ -80.27035241086044, 43.859586352741886 ], [ -80.269980318091584, 43.859569539562557 ], [ -80.27005002939795, 43.85876183846753 ], [ -80.269677942312569, 43.858745024233208 ], [ -80.269701180777105, 43.858475790806622 ], [ -80.268957010927338, 43.85844215855343 ], [ -80.269026735863221, 43.857634459354443 ], [ -80.267910499164671, 43.857584001867565 ], [ -80.267933745808946, 43.857314769250145 ], [ -80.267561669183962, 43.857297947535372 ], [ -80.267608165424861, 43.85675948275253 ], [ -80.266864020132601, 43.856725835715771 ], [ -80.266910522734193, 43.856187371653768 ], [ -80.266538454066833, 43.856170546331803 ], [ -80.266584959392347, 43.855632082813557 ], [ -80.266957024423192, 43.855648907958319 ], [ -80.267026775245711, 43.854841213102517 ], [ -80.267398835050074, 43.854858036661035 ], [ -80.267468578364998, 43.854050342364467 ], [ -80.26821268774907, 43.854083984988698 ], [ -80.26818944384182, 43.854353216506354 ], [ -80.26893355777446, 43.854386854025925 ], [ -80.268956798045409, 43.854117622331167 ], [ -80.269328853535626, 43.85413443902172 ], [ -80.26935209176041, 43.853865207330074 ], [ -80.269724145660504, 43.853882022611657 ], [ -80.269747381839181, 43.853612790923137 ], [ -80.270119434149137, 43.853629604795742 ], [ -80.270142668281693, 43.853360373110391 ], [ -80.270514719001497, 43.853377185574004 ], [ -80.270537951088016, 43.853107953891865 ], [ -80.270910000217683, 43.853124764946585 ], [ -80.270979689655391, 43.852317070184732 ], [ -80.270607645979922, 43.852300259395591 ], [ -80.270630877154673, 43.852031028080276 ], [ -80.271002919012133, 43.852047838780891 ], [ -80.271188745661462, 43.849893990852912 ], [ -80.271560773203234, 43.849910799525063 ], [ -80.271537547487597, 43.850180030283425 ], [ -80.271909577075121, 43.85019683772375 ], [ -80.271932800972877, 43.849927606876882 ], [ -80.272304828970363, 43.84994441290835 ], [ -80.272328050822409, 43.849675182064772 ], [ -80.272700077229842, 43.849691986687425 ], [ -80.27272329703618, 43.849422755847144 ], [ -80.273095321853575, 43.849439559060961 ], [ -80.273118539614245, 43.849170328223991 ], [ -80.273490562841602, 43.849187130029023 ], [ -80.273583424335257, 43.848110207245135 ], [ -80.273955440519117, 43.84812700737605 ], [ -80.273978653505395, 43.847857776821158 ], [ -80.274350668099203, 43.847874575543258 ], [ -80.27446672052595, 43.846528423703894 ], [ -80.274838726258892, 43.846545220663494 ], [ -80.274885142000358, 43.84600676039377 ], [ -80.275257144325664, 43.846023555856206 ], [ -80.275280350037235, 43.84575432577067 ], [ -80.275652350772575, 43.845771119824455 ], [ -80.275629146878643, 43.846040349998397 ], [ -80.276373152667475, 43.846073934322007 ], [ -80.276349952181221, 43.846343164764647 ], [ -80.276721957234727, 43.846359955034472 ], [ -80.276745155903328, 43.846090724503405 ], [ -80.277489163057751, 43.846124300905522 ], [ -80.277465968024501, 43.846393531613359 ], [ -80.277837973760711, 43.846410317922427 ], [ -80.277791586646941, 43.846948779790452 ], [ -80.280395658618588, 43.847066248223356 ], [ -80.280418839565186, 43.846797016624883 ], [ -80.280790848938935, 43.846813792460097 ], [ -80.280814027840393, 43.846544560865162 ], [ -80.281186035623818, 43.846561335291774 ], [ -80.281209212480178, 43.84629210370035 ], [ -80.28195322509373, 43.846325648416105 ], [ -80.281930051872791, 43.846594880184156 ], [ -80.283790096473425, 43.846678719310226 ], [ -80.283905914862572, 43.8453325591815 ], [ -80.284277915376052, 43.845349322604534 ], [ -80.284324237505757, 43.844810859019724 ], [ -80.284696234611175, 43.844827620945964 ], [ -80.284765710648841, 43.844019925993273 ], [ -80.285509694635664, 43.844053445355541 ], [ -80.28557915772339, 43.843245750700653 ], [ -80.28595114460488, 43.843262508136746 ], [ -80.285997448559314, 43.842724045316707 ], [ -80.285253482293484, 43.842690529477281 ], [ -80.285322947426536, 43.84188283646629 ], [ -80.284950970086697, 43.841866076831039 ], [ -80.284974126494177, 43.841596846099549 ], [ -80.285346102016604, 43.841613605646536 ], [ -80.285369256379511, 43.841344374918755 ], [ -80.286857153470734, 43.841411399552278 ], [ -80.286880300336932, 43.841142168563572 ], [ -80.287252273360025, 43.841158921333339 ], [ -80.287298562776542, 43.840620459455472 ], [ -80.287670532391914, 43.840637210728687 ], [ -80.28769367494229, 43.840367979839534 ], [ -80.28732170714423, 43.840351228654519 ], [ -80.287391138885155, 43.839543536803703 ], [ -80.287763101231221, 43.839560287724105 ], [ -80.287786242873523, 43.839291057203006 ], [ -80.288158203629322, 43.839307806715063 ], [ -80.288204482598417, 43.838769345772562 ], [ -80.288948397521921, 43.838802840483716 ], [ -80.289017803369902, 43.837995149231098 ], [ -80.289389755720421, 43.838011894342024 ], [ -80.289412888732016, 43.837742664020418 ], [ -80.289784839492242, 43.837759407723098 ], [ -80.289854231714145, 43.836951717046148 ], [ -80.290226177249792, 43.836968459164311 ], [ -80.290249305719527, 43.836699229034636 ], [ -80.290993193837139, 43.836732709134509 ], [ -80.291039442827611, 43.836194248798847 ], [ -80.291411383592447, 43.836210986692471 ], [ -80.291457628041499, 43.835672526548947 ], [ -80.291829565398999, 43.835689262946239 ], [ -80.291852685466282, 43.835420032924517 ], [ -80.292224621233487, 43.835436767913706 ], [ -80.29227085705368, 43.83489830797032 ], [ -80.292642789413591, 43.834915041463276 ], [ -80.292665905166558, 43.834645811541662 ], [ -80.29303783593619, 43.834662543626514 ], [ -80.293060949645437, 43.834393313708922 ], [ -80.29380480823086, 43.83442677374245 ], [ -80.293827918079444, 43.834157543740815 ], [ -80.294571773937591, 43.834190998318221 ], [ -80.294594879925583, 43.833921768232578 ], [ -80.295338733056326, 43.833955217353896 ], [ -80.295361835183769, 43.833685987184289 ], [ -80.295733760272086, 43.833702709676928 ], [ -80.295849258425974, 43.832356559770979 ], [ -80.296221174656324, 43.832373280503418 ], [ -80.296313561834054, 43.831296361885734 ] ] ] } },
{ "type": "Feature", "properties": { "SubId": 90014270, "DowSubId": -1, "RivSlope": -1.2345, "RivLength": -1.2345, "BasSlope": 2.2162979701099998, "BasAspect": 190.759420076, "BasArea": 29595318.807700001, "BkfWidth": 46.554922842700002, "BkfDepth": 0.82745356807299997, "Lake_Cat": 1, "HyLakeId": 110809, "LakeVol": 61.2, "LakeDepth": 11.0, "LakeArea": 5540000.0, "Laketype": 2, "Has_POI": 1, "MeanElev": 441.21683431500003, "FloodP_n": -1.2345, "Q_Mean": 41.808658196099998, "Ch_n": -1.2345, "DrainArea": 786157637.93900907, "Strahler": 3, "Seg_ID": 35, "Seg_order": 3, "Max_DEM": -1.2345, "Min_DEM": -1.2345, "DA_Obs": 785.0, "DA_error": 1.00147469801, "Obs_NM": "02GA016", "SRC_obs": "HYDAT", "centroid_x": -80.3211364245835, "centroid_y": 43.775708036236033, "DA_Chn_L": 81955.472425999993, "DA_Slope": 0.32858097047700002, "DA_Chn_Slp": 0.102617445396, "outletLat": 43.7346069488, "outletLng": -80.336830951699994, "Region": "SW", "Sub_Reg": "02G", "rvhName": "02GA016" }, "geometry": { "type": "Polygon", "coordinates": [ [ [ -80.329063571352009, 43.810602448973967 ], [ -80.328880147421501, 43.812756285304509 ], [ -80.328136561066543, 43.812723075281305 ], [ -80.328113628432035, 43.812992305064689 ], [ -80.327370039344942, 43.812959089588531 ], [ -80.327278292031977, 43.814036008949095 ], [ -80.327650093726334, 43.814052617696731 ], [ -80.327627158151685, 43.814321847855894 ], [ -80.327255354641494, 43.814305239020797 ], [ -80.32723241702611, 43.814574469185118 ], [ -80.326860611924971, 43.814557858942983 ], [ -80.32683767226878, 43.814827089112505 ], [ -80.326465865576694, 43.814810477463404 ], [ -80.326351154842143, 43.816156629262366 ], [ -80.325979339295358, 43.816140015856355 ], [ -80.325956394657581, 43.816409246406401 ], [ -80.324840943919298, 43.816359398008302 ], [ -80.324863894004991, 43.816090167720695 ], [ -80.324492079358237, 43.816073549036304 ], [ -80.324469127456581, 43.8163427792364 ], [ -80.322981863856484, 43.816276290952885 ], [ -80.322935944850116, 43.816814750930646 ], [ -80.322564125880916, 43.816798125385695 ], [ -80.322472277902435, 43.817875046101634 ], [ -80.322100451894272, 43.817858418886949 ], [ -80.322008593048793, 43.818935340733169 ], [ -80.321636760001439, 43.818918711848603 ], [ -80.321613792910952, 43.819187942453915 ], [ -80.320870123859621, 43.819154680550696 ], [ -80.320893094582374, 43.818885450120526 ], [ -80.320521262210718, 43.818868817277 ], [ -80.320498289671832, 43.819138047619596 ], [ -80.319754621972066, 43.819104777798387 ], [ -80.319708668953893, 43.819643238410734 ], [ -80.319336831809679, 43.819626601345476 ], [ -80.319267895144037, 43.820434292694813 ], [ -80.319639737736807, 43.820450930022901 ], [ -80.319616760213819, 43.820720160745218 ], [ -80.319244915804802, 43.820703523329513 ], [ -80.319221936240226, 43.820972754056761 ], [ -80.318478244465766, 43.820939475091123 ], [ -80.318501227662807, 43.820670244539144 ], [ -80.317757540422335, 43.820636960469912 ], [ -80.317780527026429, 43.820367730185687 ], [ -80.317408685560494, 43.820351086259187 ], [ -80.317431673755365, 43.820081856155063 ], [ -80.317059834331062, 43.820065210996454 ], [ -80.317082824116667, 43.819795981072438 ], [ -80.316710986733966, 43.819779334681876 ], [ -80.316733978110292, 43.819510104937976 ], [ -80.316362142769194, 43.819493457315396 ], [ -80.316385135736198, 43.819224227751619 ], [ -80.316013302436701, 43.81920757889705 ], [ -80.315944317410853, 43.820015267602841 ], [ -80.315572478888413, 43.819998617165616 ], [ -80.315549481612649, 43.820267846831499 ], [ -80.314062122513519, 43.820201231535165 ], [ -80.314085127053957, 43.819932002220035 ], [ -80.312225942336624, 43.819848703845622 ], [ -80.31224895573213, 43.819579475061552 ], [ -80.311877121281739, 43.819562811515418 ], [ -80.311923151027941, 43.81902435440017 ], [ -80.311551320435399, 43.819007689709885 ], [ -80.311574336786052, 43.818738461378722 ], [ -80.311202508235283, 43.818721795456561 ], [ -80.311271561381176, 43.817914111281276 ], [ -80.31089973850419, 43.817897444302751 ], [ -80.310968795066685, 43.817089761223293 ], [ -80.310596977863327, 43.817073093188441 ], [ -80.310619998082004, 43.816803865768094 ], [ -80.310248182920276, 43.816787196501423 ], [ -80.310271204729162, 43.816517969261355 ], [ -80.309899391609093, 43.816501298762901 ], [ -80.309922415008103, 43.816232071703133 ], [ -80.31029422631228, 43.816248742113814 ], [ -80.310317247669673, 43.815979515058807 ], [ -80.309945438181373, 43.815962844735907 ], [ -80.310014506346704, 43.815155164389495 ], [ -80.309642702531661, 43.81513849301038 ], [ -80.309688750478088, 43.814600040084422 ], [ -80.309316950520383, 43.814583367561326 ], [ -80.309363001195322, 43.814044915181228 ], [ -80.309734797521557, 43.814061587528748 ], [ -80.309757820704647, 43.813792361389787 ], [ -80.309386026194147, 43.81377568913004 ], [ -80.309455099836114, 43.812968011532007 ], [ -80.309083310998432, 43.812951338216116 ], [ -80.309244487637883, 43.811066761009776 ], [ -80.308500936058138, 43.811033411648751 ], [ -80.308523964020409, 43.810764186879631 ], [ -80.307780416974794, 43.810730832416567 ], [ -80.307826479483964, 43.810192383507527 ], [ -80.308198249262887, 43.810209061223155 ], [ -80.308244307237928, 43.809670612509109 ], [ -80.308616073611759, 43.809687288729727 ], [ -80.308639100445149, 43.809418064423902 ], [ -80.309010865229283, 43.809434739237354 ], [ -80.309033890021567, 43.809165514936389 ], [ -80.309405653216004, 43.809182188342689 ], [ -80.30956680773393, 43.807297620216616 ], [ -80.30919505724691, 43.807280947424871 ], [ -80.309218080233364, 43.807011723865457 ], [ -80.30884633178735, 43.806995049842143 ], [ -80.308800281958156, 43.807533496878122 ], [ -80.308428530107264, 43.807516821359854 ], [ -80.308382475744494, 43.808055268591055 ], [ -80.307638965458821, 43.808021913245355 ], [ -80.307615934308117, 43.80829113682438 ], [ -80.305385397978682, 43.808191038596199 ], [ -80.30540844002131, 43.807921815544205 ], [ -80.305036686572265, 43.807905127976348 ], [ -80.305059730204277, 43.807635905104881 ], [ -80.304687978796437, 43.807619216305561 ], [ -80.30471102401782, 43.8073499936147 ], [ -80.303967525510501, 43.807316612233798 ], [ -80.304059718658536, 43.806239723100333 ], [ -80.303687977004685, 43.806223030782469 ], [ -80.303803222431569, 43.804876921891356 ], [ -80.303431490079362, 43.804860228693656 ], [ -80.303454540301971, 43.804591007281552 ], [ -80.303082809990812, 43.804574312852502 ], [ -80.303105861802493, 43.804305091620989 ], [ -80.302734133532368, 43.804288395960661 ], [ -80.302757186933121, 43.804019174909861 ], [ -80.303128913388221, 43.804035870482352 ], [ -80.303267218157075, 43.802420545598366 ], [ -80.30289550259188, 43.802403850553283 ], [ -80.302872450547028, 43.802673071047451 ], [ -80.302129016464704, 43.802639676823873 ], [ -80.302105960563992, 43.802908897234985 ], [ -80.301362523755841, 43.802875497558858 ], [ -80.301339463999199, 43.803144717886902 ], [ -80.300224305037531, 43.80309460821492 ], [ -80.30024737023902, 43.802825388150701 ], [ -80.299503935691646, 43.802791975282666 ], [ -80.299480866860264, 43.803061195170962 ], [ -80.297993993219592, 43.802994353252728 ], [ -80.298017069310688, 43.802725133716329 ], [ -80.297645353280927, 43.802708420026796 ], [ -80.297668430960726, 43.802439200671216 ], [ -80.295809863280198, 43.802355612875857 ], [ -80.295832949808158, 43.802086394053148 ], [ -80.295461238765782, 43.802069672624654 ], [ -80.295530502436321, 43.801262016977255 ], [ -80.295902208034207, 43.801278738141669 ], [ -80.295994549167432, 43.800201864892252 ], [ -80.294507757170152, 43.800134973728497 ], [ -80.294484664967328, 43.800404191549447 ], [ -80.29374126669731, 43.800370737876818 ], [ -80.293787458135483, 43.799832302679967 ], [ -80.293415762969488, 43.799815574041126 ], [ -80.293508150387837, 43.798738705113713 ], [ -80.292393088024241, 43.798688512339652 ], [ -80.292416189756679, 43.798419295604184 ], [ -80.2913011348749, 43.798369091222874 ], [ -80.29132424182464, 43.798099874844581 ], [ -80.290952559131611, 43.79808313750079 ], [ -80.290975667669414, 43.797813921303444 ], [ -80.290232306591975, 43.797780442835055 ], [ -80.290255418532354, 43.797511226906821 ], [ -80.289883740147971, 43.797494485782181 ], [ -80.289929966978136, 43.796956054380622 ], [ -80.289558292449314, 43.796939312113295 ], [ -80.289581407339043, 43.796670096639943 ], [ -80.289209734851283, 43.79665335314175 ], [ -80.28923285132889, 43.796384137849437 ], [ -80.288861180882151, 43.796367393120384 ], [ -80.288884298947622, 43.796098178009117 ], [ -80.288140962362803, 43.796064684770379 ], [ -80.288164083830495, 43.795795469928343 ], [ -80.287049086096232, 43.795745220442384 ], [ -80.2870259591853, 43.796014435019863 ], [ -80.285167625090025, 43.795930659056076 ], [ -80.285144488880377, 43.796199873285374 ], [ -80.284772820927159, 43.796183114047452 ], [ -80.284749682676335, 43.796452328281404 ], [ -80.284378013135509, 43.796435567636266 ], [ -80.284354872843451, 43.796704781874851 ], [ -80.283239860138593, 43.796654491760727 ], [ -80.28326300587392, 43.796385277786904 ], [ -80.282891337240414, 43.796368511865822 ], [ -80.282914484563264, 43.796099298073131 ], [ -80.281799485467346, 43.796048992660836 ], [ -80.281822638006432, 43.795779779225875 ], [ -80.28145097390933, 43.795763008205498 ], [ -80.281497281935415, 43.795224581790755 ], [ -80.280010642331291, 43.795157485225971 ], [ -80.280056963964014, 43.794619059889314 ], [ -80.277455378797242, 43.794501591358625 ], [ -80.277524897642763, 43.793693955905702 ], [ -80.275295009013334, 43.7935932187468 ], [ -80.275318192392675, 43.793324007645332 ], [ -80.273831611773915, 43.793256823515243 ], [ -80.273808421137929, 43.79352603426301 ], [ -80.273436774737277, 43.793509234844855 ], [ -80.273459967187407, 43.793240024185508 ], [ -80.273088322828215, 43.793223223536913 ], [ -80.273111516865185, 43.792954013058953 ], [ -80.272368232456998, 43.792920407982024 ], [ -80.272391429894867, 43.7926511977739 ], [ -80.271276510430155, 43.792600780532446 ], [ -80.271299713082897, 43.792331570682663 ], [ -80.270184801107064, 43.79228114183703 ], [ -80.270208008974592, 43.792011932345638 ], [ -80.269836373918238, 43.791995120181227 ], [ -80.26990600159813, 43.791187492530227 ], [ -80.270277631212451, 43.791204304429122 ], [ -80.270440075140399, 43.789319842543883 ], [ -80.270811692284653, 43.789336652504446 ], [ -80.270834895836515, 43.789067443947076 ], [ -80.271206511394297, 43.789084252500381 ], [ -80.271276115244035, 43.78827662712078 ], [ -80.271647725587712, 43.788293434089859 ], [ -80.271694123389778, 43.787755017458174 ], [ -80.272808944902067, 43.787805429922145 ], [ -80.272832138020775, 43.787536221480423 ], [ -80.273575349871251, 43.787569823019147 ], [ -80.273621728171818, 43.787031406060997 ], [ -80.273993330810441, 43.787048204675379 ], [ -80.274016517806132, 43.786778996247421 ], [ -80.273644916981226, 43.786762197721458 ], [ -80.27373766994647, 43.785685365293801 ], [ -80.274109263516635, 43.78570216346602 ], [ -80.274132449376211, 43.785432955503303 ], [ -80.274504041359947, 43.785449752268399 ], [ -80.274527225178701, 43.785180544310329 ], [ -80.274155635008583, 43.785163747633668 ], [ -80.274178820413752, 43.784894539857049 ], [ -80.27380723228444, 43.78487774195019 ], [ -80.273899978887329, 43.783800912128505 ], [ -80.274643140864669, 43.783834505916225 ], [ -80.274689505548821, 43.783296091210246 ], [ -80.275061083251231, 43.783312885949321 ], [ -80.275107443399762, 43.782774471438962 ], [ -80.275479017702366, 43.782791264682587 ], [ -80.275548550781309, 43.781983643350273 ], [ -80.27592011987069, 43.782000435010083 ], [ -80.275943295296045, 43.78173122799717 ], [ -80.27668643052931, 43.781764807184231 ], [ -80.276709602100766, 43.781495600087702 ], [ -80.277824301213329, 43.781545958713721 ], [ -80.277801135082058, 43.78181516607539 ], [ -80.27854427258562, 43.781848732076526 ], [ -80.278567435090054, 43.781579524538174 ], [ -80.278939002368901, 43.781596305472505 ], [ -80.278915841677858, 43.781865513099177 ], [ -80.279287410997057, 43.781882292803289 ], [ -80.279264251892513, 43.782151500611477 ], [ -80.279635823252079, 43.78216827908529 ], [ -80.279612665734049, 43.782437487074958 ], [ -80.280727386614586, 43.782487814849702 ], [ -80.280750538692232, 43.782218606595087 ], [ -80.281493683453363, 43.782252151675237 ], [ -80.281516831677237, 43.781982943337177 ], [ -80.28411783279121, 43.782100308963436 ], [ -80.284140968094107, 43.781831100100646 ], [ -80.284884109683205, 43.781864621092716 ], [ -80.284860978007245, 43.782133830131976 ], [ -80.286718845013738, 43.7822176099776 ], [ -80.286695722178592, 43.782486819551032 ], [ -80.287067298073211, 43.782503571652477 ], [ -80.287044176824992, 43.782772781407317 ], [ -80.28815891130877, 43.782823030064364 ], [ -80.288182027116392, 43.782553820044981 ], [ -80.289668335678456, 43.78262079944075 ], [ -80.28969144400547, 43.782351589161898 ], [ -80.290063019898611, 43.782368330626085 ], [ -80.29008612618567, 43.782099120352306 ], [ -80.291200849782982, 43.782149336568736 ], [ -80.291154647863593, 43.782687757738252 ], [ -80.291526226475852, 43.782704494016016 ], [ -80.291503126990165, 43.782973704828628 ], [ -80.292617869625744, 43.783023906014307 ], [ -80.292640963670735, 43.782754694937402 ], [ -80.294498863521312, 43.782838336766673 ], [ -80.294521948272163, 43.782569125342576 ], [ -80.294893527107433, 43.782585849664393 ], [ -80.294916609818515, 43.782316638245476 ], [ -80.295288187066404, 43.782333361160617 ], [ -80.295311267737773, 43.782064149746802 ], [ -80.29679757173669, 43.782131027868786 ], [ -80.296889863144344, 43.781054181737112 ], [ -80.296518294059467, 43.781037464536624 ], [ -80.296564442033684, 43.780499042206017 ], [ -80.296936007491652, 43.780515759230468 ], [ -80.296959079326172, 43.780246548117013 ], [ -80.297330643196773, 43.780263263734888 ], [ -80.297353712991807, 43.779994052626634 ], [ -80.297725275275042, 43.780010766837911 ], [ -80.297748343030634, 43.779741555734894 ], [ -80.297376782560789, 43.779724841611596 ], [ -80.297422921020598, 43.779186419861276 ], [ -80.296679808012598, 43.779152988010971 ], [ -80.296772096726272, 43.778076146333326 ], [ -80.296400547814628, 43.778059428782356 ], [ -80.296423621241146, 43.777790218684096 ], [ -80.296052074368873, 43.777773499902629 ], [ -80.296075149382546, 43.777504289985679 ], [ -80.29644669444157, 43.777521008679116 ], [ -80.296515912686402, 43.776713379223921 ], [ -80.296144373067023, 43.776696660794492 ], [ -80.29616744717633, 43.776427451250683 ], [ -80.295795909596208, 43.776410731590786 ], [ -80.295957434723078, 43.774526268012949 ], [ -80.296328959611472, 43.774542987056712 ], [ -80.296398175835535, 43.773735360944947 ], [ -80.297884255893223, 43.773802222879524 ], [ -80.29790732026386, 43.773533014010312 ], [ -80.298278839030274, 43.773549726109906 ], [ -80.298301901361953, 43.773280517246079 ], [ -80.299787971435052, 43.773347352108289 ], [ -80.299811026288893, 43.773078142985966 ], [ -80.300554059054846, 43.773111552330633 ], [ -80.300577110056878, 43.772842343125845 ], [ -80.301320140100273, 43.772875747020954 ], [ -80.301343187250566, 43.772606537733672 ], [ -80.302086214571275, 43.77263993617931 ], [ -80.302109257869873, 43.772370726809584 ], [ -80.302480770055936, 43.772387423966876 ], [ -80.302503811315844, 43.772118214602628 ], [ -80.302875321914726, 43.772134910353621 ], [ -80.302944438901292, 43.771327282557657 ], [ -80.302572933741104, 43.771310587070346 ], [ -80.302619014229279, 43.770772169182564 ], [ -80.303733519509834, 43.770822251162045 ], [ -80.303825656023832, 43.769745415453045 ], [ -80.304197150984166, 43.769762106457989 ], [ -80.304220182735747, 43.769492897676486 ], [ -80.304591676108927, 43.76950958727523 ], [ -80.304614705822104, 43.769240378499312 ], [ -80.304986197608187, 43.769257066691829 ], [ -80.305009225282987, 43.768987857921566 ], [ -80.305380715481917, 43.769004544707933 ], [ -80.30540374111844, 43.768735335943227 ], [ -80.305775229730202, 43.768752021323429 ], [ -80.305821276701067, 43.768213603898843 ], [ -80.30619276191301, 43.768230287785066 ], [ -80.306215783247424, 43.767961079125136 ], [ -80.307330234798314, 43.768011122610524 ], [ -80.30730721890194, 43.76828033153388 ], [ -80.307678705015888, 43.768297010146867 ], [ -80.307724732957809, 43.767758592218023 ], [ -80.308839181776321, 43.767808619620361 ], [ -80.308862189971094, 43.767539410532819 ], [ -80.309233671548753, 43.767556083609229 ], [ -80.309210665166631, 43.767825292784522 ], [ -80.310696600981672, 43.767891972258184 ], [ -80.310719600113075, 43.76762276273184 ], [ -80.31220553228242, 43.76768942076162 ], [ -80.312228523937833, 43.767420210977853 ], [ -80.312971487748683, 43.767453531907492 ], [ -80.313040450487591, 43.766645902591115 ], [ -80.314897836765624, 43.766729180529595 ], [ -80.314874858474383, 43.766998390646613 ], [ -80.315246338218031, 43.767015042367106 ], [ -80.315269314696607, 43.766745832162435 ], [ -80.316012271233859, 43.766779131473243 ], [ -80.316104160396449, 43.76570229088874 ], [ -80.317961519425239, 43.765785514343051 ], [ -80.318007444530565, 43.76524709373593 ], [ -80.318378913386098, 43.765263734296752 ], [ -80.318539631481627, 43.763379264506327 ], [ -80.31816817531363, 43.763362624558695 ], [ -80.318214096370127, 43.7628242056362 ], [ -80.317842644051865, 43.762807564545568 ], [ -80.317865606055136, 43.762538355312323 ], [ -80.317494155774199, 43.762521712991145 ], [ -80.317517119364908, 43.762252503939166 ], [ -80.317145671121281, 43.762235860387392 ], [ -80.317214565980748, 43.761428234056147 ], [ -80.316471681042373, 43.761394943523811 ], [ -80.316517617073046, 43.760856526788352 ], [ -80.316146178565887, 43.76083987972028 ], [ -80.316169148056005, 43.76057067158068 ], [ -80.3157977115861, 43.760554023282054 ], [ -80.315866624143126, 43.759746399688204 ], [ -80.316609486434643, 43.759779694441484 ], [ -80.31663245321262, 43.759510486588923 ], [ -80.317003882883654, 43.759527131900768 ], [ -80.317026847624504, 43.759257924054282 ], [ -80.319255419500948, 43.759357767719393 ], [ -80.319278373143874, 43.759088559440983 ], [ -80.319649800764822, 43.759105195350891 ], [ -80.319695703751876, 43.758566778900025 ], [ -80.320067127973331, 43.758583413316671 ], [ -80.320090077317516, 43.758314205144274 ], [ -80.321575769202596, 43.75838072927975 ], [ -80.321552827106927, 43.75864993780241 ], [ -80.322667103816769, 43.758699817326701 ], [ -80.322690040476004, 43.75843060854146 ], [ -80.323061464683164, 43.758447232325835 ], [ -80.32322200232278, 43.756562772841114 ], [ -80.322850590800172, 43.756546149669326 ], [ -80.322873525662175, 43.756276941634006 ], [ -80.32250211617621, 43.756260317231671 ], [ -80.322547988850232, 43.755721901617363 ], [ -80.322176583212894, 43.755705276072014 ], [ -80.322222458612188, 43.755166861007886 ], [ -80.321851056823377, 43.755150234319601 ], [ -80.321919873673068, 43.754342612689342 ], [ -80.321548477544596, 43.754325984945659 ], [ -80.321663176859801, 43.752979951208964 ], [ -80.32129179001511, 43.752963322584996 ], [ -80.321360612343369, 43.752155703731468 ], [ -80.32098923115862, 43.752139074052181 ], [ -80.321012173297035, 43.751869868042895 ], [ -80.320269415224985, 43.751836604905648 ], [ -80.320292360762096, 43.75156739916531 ], [ -80.319920983874852, 43.751550765707385 ], [ -80.319966877898196, 43.75101235468339 ], [ -80.319595504858995, 43.750995720082713 ], [ -80.319664349643318, 43.75018810451342 ], [ -80.319292982263676, 43.750171468857545 ], [ -80.319361830459954, 43.749363854395888 ], [ -80.319733192404982, 43.749380489789033 ], [ -80.319756139542704, 43.749111285068693 ], [ -80.320127499900934, 43.749127919056427 ], [ -80.320265167139411, 43.747512692181047 ], [ -80.319893817649941, 43.747496058718696 ], [ -80.319916763214636, 43.747226854655779 ], [ -80.31917406853259, 43.747193583952793 ], [ -80.319219966233305, 43.746655176459029 ], [ -80.317734594057114, 43.746588619940319 ], [ -80.317757549815667, 43.74631941668472 ], [ -80.317386209144914, 43.746302774348223 ], [ -80.317455080505653, 43.745495165407981 ], [ -80.317083745493548, 43.745478522016548 ], [ -80.317129662232446, 43.744940116701443 ], [ -80.315644338922354, 43.744873530659319 ], [ -80.315690269251505, 43.744335126421142 ], [ -80.315318942608542, 43.744318476791591 ], [ -80.315502669418748, 43.742164864299937 ], [ -80.314760045784993, 43.742131562490194 ], [ -80.314874885842542, 43.740785558615137 ], [ -80.314503583417903, 43.740768906172065 ], [ -80.314572490186336, 43.739961305238666 ], [ -80.314943787178294, 43.739977957418745 ], [ -80.314966753840437, 43.739708757208078 ], [ -80.315338049246407, 43.739725407982903 ], [ -80.315406942451048, 43.738917807652449 ], [ -80.315778232649365, 43.738934456846756 ], [ -80.315824156706569, 43.73839605692163 ], [ -80.316195443508136, 43.738412704623101 ], [ -80.316333199419589, 43.736797506580572 ], [ -80.315961923482391, 43.736780859404902 ], [ -80.315984883824839, 43.736511660148203 ], [ -80.315242336246214, 43.736478362019625 ], [ -80.315265299985143, 43.736209163032377 ], [ -80.314894028343716, 43.736192512079406 ], [ -80.314939958768278, 43.735654114562649 ], [ -80.314568690972933, 43.735637462467608 ], [ -80.314637590355076, 43.734829867161658 ], [ -80.314266328216291, 43.734813214012028 ], [ -80.314289296037813, 43.734544015852748 ], [ -80.313918035934421, 43.734527361473347 ], [ -80.31400991221372, 43.733450570128568 ], [ -80.314381165075204, 43.733467224157309 ], [ -80.314358198153144, 43.733736421939881 ], [ -80.314729453049949, 43.733753074738829 ], [ -80.314706487713508, 43.734022272703243 ], [ -80.31507774464562, 43.734038924272426 ], [ -80.315054780894826, 43.734308122418703 ], [ -80.317282338071408, 43.734408004693123 ], [ -80.317259384958916, 43.73467720345937 ], [ -80.318001909436859, 43.734710487186391 ], [ -80.317978959720747, 43.734979686222026 ], [ -80.31835022410732, 43.734996326196914 ], [ -80.318373172012897, 43.73472712707369 ], [ -80.318744434813595, 43.734743765643536 ], [ -80.318721488718595, 43.735012964854334 ], [ -80.319464018615108, 43.735046238216768 ], [ -80.31948696108897, 43.734777038830806 ], [ -80.320600752186721, 43.734826938730656 ], [ -80.32057781514456, 43.735096138379262 ], [ -80.320949081103549, 43.735112769131817 ], [ -80.320972016335105, 43.734843569395657 ], [ -80.320600752186721, 43.734826938730656 ], [ -80.320669561965687, 43.734019340349889 ], [ -80.321412079623769, 43.734052599837177 ], [ -80.321435012146608, 43.733783400390251 ], [ -80.322177527081777, 43.733816654432623 ], [ -80.322200455759074, 43.733547454904866 ], [ -80.322942967971187, 43.733580703502419 ], [ -80.322965892803026, 43.733311503893844 ], [ -80.324450912678529, 43.733377984929611 ], [ -80.324473830043985, 43.733108785065248 ], [ -80.32595884626754, 43.733175244671941 ], [ -80.325981756166698, 43.732906044552003 ], [ -80.326353008972916, 43.732922656072645 ], [ -80.326375916837307, 43.732653455959507 ], [ -80.327118419501602, 43.732686674873555 ], [ -80.327141323520834, 43.732417474679792 ], [ -80.327512573378868, 43.732434082073233 ], [ -80.327535475363391, 43.732164881886327 ], [ -80.328277972131275, 43.732198092546099 ], [ -80.328255073767664, 43.732467292907835 ], [ -80.328626324298341, 43.732483896348974 ], [ -80.328603427521003, 43.732753096892374 ], [ -80.328974680086333, 43.732769699103478 ], [ -80.32895178489531, 43.733038899828479 ], [ -80.329323039495293, 43.733055500809556 ], [ -80.329300145890642, 43.733324701716214 ], [ -80.330785173773904, 43.73339109281536 ], [ -80.330762287187255, 43.733660294165752 ], [ -80.331133546528847, 43.73367688873423 ], [ -80.331156431304947, 43.733407687296491 ], [ -80.331898947039235, 43.733440872306353 ], [ -80.331921827970191, 43.733171670788174 ], [ -80.332293084362831, 43.733188261229557 ], [ -80.332315963259262, 43.732919059718256 ], [ -80.333058473095463, 43.732952236474048 ], [ -80.333035597820086, 43.733221438159973 ], [ -80.334149369685662, 43.733271193674604 ], [ -80.33412649961798, 43.733540395716687 ], [ -80.33524027893047, 43.733590139635965 ], [ -80.335217414070613, 43.73385934203413 ], [ -80.335959938352801, 43.733892498234127 ], [ -80.335937076890303, 43.734161700901076 ], [ -80.337050870424122, 43.734211425581641 ], [ -80.337028014169661, 43.734480628604601 ], [ -80.338513082590225, 43.734546910082599 ], [ -80.338490233354619, 43.734816113548696 ], [ -80.339232772528618, 43.734849246557069 ], [ -80.339209926690685, 43.7351184502918 ], [ -80.340323742561353, 43.735168140184491 ], [ -80.340300901931855, 43.735437344275041 ], [ -80.340672176146754, 43.735453905024713 ], [ -80.340626497838343, 43.735992313662756 ], [ -80.34136905418201, 43.736025431558211 ], [ -80.341346218313916, 43.736294636192895 ], [ -80.343573903575276, 43.736393958780596 ], [ -80.34366520224772, 43.735317138715715 ], [ -80.343293928055104, 43.735300588593518 ], [ -80.343316753975245, 43.735031383899987 ], [ -80.343688026357128, 43.735047933935071 ], [ -80.343710850243085, 43.734778729248646 ], [ -80.344082121037744, 43.73479527787908 ], [ -80.344104942889501, 43.734526073199795 ], [ -80.34559002105965, 43.734592254197807 ], [ -80.345567206450696, 43.734861459225485 ], [ -80.346681022855989, 43.734911081401194 ], [ -80.346658213455868, 43.73518028678432 ], [ -80.347029487848417, 43.735196824961534 ], [ -80.346983871999683, 43.735735236184645 ], [ -80.34735515023705, 43.735751773218404 ], [ -80.347332343788509, 43.736020979058381 ], [ -80.348074904554764, 43.736054049347317 ], [ -80.348052101504564, 43.736323255455559 ], [ -80.348423384033424, 43.736339788710708 ], [ -80.34840058257079, 43.736608995000239 ], [ -80.349885722162057, 43.736675115193052 ], [ -80.349862927719627, 43.736944321924888 ], [ -80.352461943272715, 43.737059982143819 ], [ -80.352439161283414, 43.737329189578695 ], [ -80.352810451922906, 43.737345707283644 ], [ -80.352787671521469, 43.737614914899694 ], [ -80.353158964194961, 43.737631431373963 ], [ -80.353136185381416, 43.737900639171166 ], [ -80.353507480088908, 43.737917154414774 ], [ -80.353461925414663, 43.738455570465618 ], [ -80.353833223967143, 43.738472084565402 ], [ -80.353742119186379, 43.739548918145175 ], [ -80.354484731448764, 43.739581943087273 ], [ -80.354461958318183, 43.739851151891479 ], [ -80.354833266594966, 43.739867662472939 ], [ -80.354810495052504, 43.740136871458233 ], [ -80.355181805363387, 43.740153380808913 ], [ -80.355067953362109, 43.741499427582234 ], [ -80.355439272951813, 43.74151593604973 ], [ -80.355348194582135, 43.742592775510438 ], [ -80.355719521639813, 43.742609283007802 ], [ -80.355537368688204, 43.744762967141476 ], [ -80.35479468581407, 43.744729949438501 ], [ -80.354749138100601, 43.745268371065087 ], [ -80.354006448872795, 43.745235347743169 ], [ -80.35393811476095, 43.746042980366916 ], [ -80.353566765047191, 43.746026466468429 ], [ -80.353543984752264, 43.746295677444159 ], [ -80.353172633450086, 43.746279162140887 ], [ -80.353149851120534, 43.746548373123709 ], [ -80.353521204234255, 43.746564888513916 ], [ -80.353498423493107, 43.746834099677734 ], [ -80.353869778641453, 43.746850613837033 ], [ -80.353824220113054, 43.747389036620547 ], [ -80.354566938325306, 43.747422061333261 ], [ -80.354498609729262, 43.74822969673518 ], [ -80.354869974604867, 43.748246207375495 ], [ -80.354847199771726, 43.748515419451053 ], [ -80.355589933815395, 43.748548436951737 ], [ -80.35549884674603, 43.749625286889092 ], [ -80.355870221349278, 43.749641794010223 ], [ -80.355847450836137, 43.749911006816404 ], [ -80.356590204335163, 43.749944017278494 ], [ -80.356567437222566, 43.750213230352408 ], [ -80.356938816118372, 43.750229733693438 ], [ -80.356961581419142, 43.749960520532596 ], [ -80.357332958726104, 43.749977022468777 ], [ -80.35735572199215, 43.749707809315048 ], [ -80.358098473651282, 43.749740809059794 ], [ -80.358121233070889, 43.749471595826314 ], [ -80.358492607423045, 43.749488093634888 ], [ -80.358333299487555, 43.751372588850522 ], [ -80.357961912452652, 43.751356090433902 ], [ -80.35791639026975, 43.75189451831028 ], [ -80.357544999833962, 43.751878018401996 ], [ -80.357522236596196, 43.752147232394201 ], [ -80.357150844571436, 43.752130731081031 ], [ -80.357128079298789, 43.752399945080292 ], [ -80.357499473135476, 43.752416446480332 ], [ -80.357476709451802, 43.752685660660362 ], [ -80.358590897735425, 43.752735157212911 ], [ -80.358522621654629, 43.753542801098227 ], [ -80.358894023631024, 43.753559297573545 ], [ -80.358871266303609, 43.753828512476645 ], [ -80.359242670314927, 43.753845007720763 ], [ -80.359219914576713, 43.754114222804596 ], [ -80.359591320622997, 43.754130716817485 ], [ -80.359568566473939, 43.754399932082045 ], [ -80.359939974555161, 43.754416424863685 ], [ -80.35991722199536, 43.754685640308956 ], [ -80.360288632111534, 43.754702131859347 ], [ -80.36022037853138, 43.755509779018837 ], [ -80.360591794306828, 43.75552626951162 ], [ -80.360546294430193, 43.756064701594191 ], [ -80.360174875030381, 43.756048210927879 ], [ -80.360129370637935, 43.756586643212323 ], [ -80.359757947836542, 43.75657015105417 ], [ -80.35973519349379, 43.756839367250336 ], [ -80.359363769103027, 43.756822873687227 ], [ -80.35931825612434, 43.757361306187398 ], [ -80.358946828331938, 43.757344811132484 ], [ -80.358924069695931, 43.75761402743646 ], [ -80.358181211155369, 43.757581033198498 ], [ -80.358203973415939, 43.757311817068199 ], [ -80.357832546292371, 43.757295318058873 ], [ -80.357855310142256, 43.757026102109201 ], [ -80.357483885053924, 43.75700960186861 ], [ -80.357506650493093, 43.756740386099679 ], [ -80.356392382002824, 43.756690877729639 ], [ -80.356369611126965, 43.756960093237922 ], [ -80.354883915680404, 43.756894063276476 ], [ -80.354861137332534, 43.757163278530967 ], [ -80.353746862653566, 43.757113741958747 ], [ -80.353632940383079, 43.758459818334401 ], [ -80.353261506875015, 43.758443303072696 ], [ -80.353238719939043, 43.758712518542268 ], [ -80.350267245412951, 43.758580348299006 ], [ -80.350290046847448, 43.75831113352524 ], [ -80.349175753021854, 43.758261548195378 ], [ -80.349198559669858, 43.757992333776428 ], [ -80.347712844945804, 43.757926201897369 ], [ -80.347690031048728, 43.758195415968153 ], [ -80.348061461206854, 43.758211951002181 ], [ -80.347993023611664, 43.759019594038385 ], [ -80.348364459430172, 43.759036128015389 ], [ -80.34834164826384, 43.759305342635365 ], [ -80.34871308611811, 43.759321875381232 ], [ -80.348690276540722, 43.759591090182042 ], [ -80.348318836874085, 43.759574557349126 ], [ -80.348296025260908, 43.759843772156636 ], [ -80.348667466739883, 43.759860305076572 ], [ -80.34859903599677, 43.760667950322727 ], [ -80.348970483136441, 43.76068448218556 ], [ -80.348947674254291, 43.760953697542057 ], [ -80.351176372658571, 43.761052861558802 ], [ -80.351039579924333, 43.762668158798618 ], [ -80.350296657812379, 43.762635108355312 ], [ -80.350273854616461, 43.762904324715947 ], [ -80.348045082766902, 43.76280514122557 ], [ -80.348067896838288, 43.762535925387105 ], [ -80.346210602172278, 43.7624532366615 ], [ -80.346187779038104, 43.762722452064651 ], [ -80.345816318963003, 43.762705910277695 ], [ -80.345793493792669, 43.76297512568744 ], [ -80.34542203212861, 43.76295858249506 ], [ -80.345399204922103, 43.763227797911476 ], [ -80.345770668398742, 43.763244341190898 ], [ -80.345702190875301, 43.764051988263219 ], [ -80.344959253269934, 43.764018899863565 ], [ -80.344913593218962, 43.764557331365083 ], [ -80.344542121126423, 43.764540785013601 ], [ -80.344519288952782, 43.764810000817697 ], [ -80.344890762857986, 43.764826547256284 ], [ -80.34486793227336, 43.765095763241149 ], [ -80.345239408214923, 43.765112308448529 ], [ -80.345193750000135, 43.765650740873376 ], [ -80.344822270433113, 43.765634195491828 ], [ -80.344799439177507, 43.765903411757527 ], [ -80.344427958021384, 43.765886864970525 ], [ -80.344405124729306, 43.766156081242791 ], [ -80.344033641984112, 43.7661395330503 ], [ -80.343987971103317, 43.766677965701462 ], [ -80.344359457474098, 43.766694514068178 ], [ -80.344290954913546, 43.767502164008285 ], [ -80.344662446946543, 43.767518711318004 ], [ -80.344639614125157, 43.767787928239024 ], [ -80.345011108194711, 43.767804474317458 ], [ -80.344942613827115, 43.768612125903275 ], [ -80.344571114318811, 43.768595579563502 ], [ -80.344525446662743, 43.76913401424769 ], [ -80.344896949796976, 43.769150560761673 ], [ -80.344874117446352, 43.769419778331184 ], [ -80.345245622617256, 43.769436323613881 ], [ -80.345222791855946, 43.769705541364083 ], [ -80.345594299063535, 43.769722085415431 ], [ -80.345548640495949, 43.770260521370652 ], [ -80.345177129662289, 43.770243977145121 ], [ -80.345108634694142, 43.771051631518169 ], [ -80.34548015096702, 43.771068176005002 ], [ -80.345457320676687, 43.77133739440351 ], [ -80.345085802590674, 43.771320849829571 ], [ -80.344880303592703, 43.773743818839655 ], [ -80.344508769411604, 43.773727272163228 ], [ -80.344485933257701, 43.773996491322393 ], [ -80.344114397487061, 43.773979943240327 ], [ -80.344068720881396, 43.774518381664834 ], [ -80.343325642758217, 43.774485281196512 ], [ -80.343302800493049, 43.774754500374669 ], [ -80.342931259953829, 43.77473794807554 ], [ -80.342908415651507, 43.77500716726 ], [ -80.342536873522803, 43.774990613555161 ], [ -80.342514027183299, 43.775259832745903 ], [ -80.341399396700254, 43.775210163458482 ], [ -80.341353692469383, 43.77574860159725 ], [ -80.341725239366596, 43.775765159519302 ], [ -80.341633835471555, 43.776842037266547 ], [ -80.34126228132061, 43.776825478995789 ], [ -80.341239427973591, 43.777094698578921 ], [ -80.340496316716624, 43.777061577907212 ], [ -80.340473459518719, 43.777330797409356 ], [ -80.340101902412684, 43.777314235008397 ], [ -80.340079043177312, 43.777583454516737 ], [ -80.339707484481778, 43.777566890709956 ], [ -80.339661761711994, 43.778105329832336 ], [ -80.339290199613444, 43.77808876453247 ], [ -80.339221608337951, 43.778896423654693 ], [ -80.338850041022752, 43.778879856774523 ], [ -80.338804308758341, 43.779418296481644 ], [ -80.337318027229557, 43.77935201507659 ], [ -80.337226530993547, 43.780428894214971 ], [ -80.336483377064809, 43.780395744902386 ], [ -80.33646049881807, 43.780664964745746 ], [ -80.336088920376298, 43.780648388024126 ], [ -80.336020278849787, 43.781456047852267 ], [ -80.336391862732697, 43.781472624835708 ], [ -80.336346104221462, 43.782011065362163 ], [ -80.335974516711047, 43.781994488204134 ], [ -80.335951635305335, 43.782263708520034 ], [ -80.335580046205365, 43.782247129956033 ], [ -80.335488511084918, 43.783324011803067 ], [ -80.335860107440183, 43.783340590716193 ], [ -80.335837224913305, 43.783609811498401 ], [ -80.33769521912231, 43.783692686718901 ], [ -80.337626597404892, 43.784500350933875 ], [ -80.337998202360993, 43.784516922283409 ], [ -80.337975329820821, 43.78478614396213 ], [ -80.338346936815029, 43.784802714080065 ], [ -80.338301194690203, 43.785341157891686 ], [ -80.338672805536532, 43.785357726865271 ], [ -80.338649935951921, 43.785626948998129 ], [ -80.339021548836399, 43.78564351674013 ], [ -80.338952944179979, 43.786451183959684 ], [ -80.339324562730738, 43.786467750644512 ], [ -80.339210226224935, 43.787813864977103 ], [ -80.339581854070474, 43.787830430779138 ], [ -80.339467521032859, 43.789176547877126 ], [ -80.339095884116233, 43.789159981638988 ], [ -80.339073015022109, 43.789429205250812 ], [ -80.339444653753006, 43.789445771576176 ], [ -80.339330313991894, 43.790791891468402 ], [ -80.338958666189356, 43.790775324706949 ], [ -80.3389129250872, 43.791313773141219 ], [ -80.33854127388004, 43.791297204886334 ], [ -80.33851840117832, 43.791566429155885 ], [ -80.338146748380922, 43.791549859494779 ], [ -80.338100998676069, 43.792088308138716 ], [ -80.337729342473992, 43.79207173698412 ], [ -80.337706465470802, 43.792340961358427 ], [ -80.337334807678502, 43.792324388797631 ], [ -80.337311928636609, 43.7925936131778 ], [ -80.336940269254114, 43.792577039210684 ], [ -80.336917388173461, 43.792846263596687 ], [ -80.336545727200715, 43.792829688223293 ], [ -80.33652284408133, 43.793098912615072 ], [ -80.33689450686856, 43.793115488075713 ], [ -80.336802979406229, 43.794192386922425 ], [ -80.337174649675944, 43.794208961413098 ], [ -80.337151769064249, 43.79447818644465 ], [ -80.337523441372824, 43.794494759703532 ], [ -80.337157350118815, 43.798802374253427 ], [ -80.336785648774296, 43.798785799598342 ], [ -80.336648338861011, 43.800401160666638 ], [ -80.337020051095166, 43.800417735845343 ], [ -80.336928513926296, 43.801494645431653 ], [ -80.33730023364491, 43.801511219640147 ], [ -80.337277350606925, 43.801780447356244 ], [ -80.338020794347273, 43.801813591990083 ], [ -80.337975034858772, 43.802352048049968 ], [ -80.337231583857999, 43.802318903067054 ], [ -80.337208700147045, 43.802588131061825 ], [ -80.336836973168019, 43.80257155650424 ], [ -80.336859858694098, 43.802302328596774 ], [ -80.335372960282172, 43.802236017522922 ], [ -80.335395852844329, 43.801966790057392 ], [ -80.335024130617441, 43.801950209078171 ], [ -80.334978341638504, 43.802488663927349 ], [ -80.334606616005843, 43.802472081454191 ], [ -80.334515028094074, 43.803548991917722 ], [ -80.334886760987345, 43.803565574740112 ], [ -80.334863865263429, 43.803834802675439 ], [ -80.334492130554963, 43.803818219765724 ], [ -80.334469232791378, 43.804087447706578 ], [ -80.334097496492163, 43.804070863390251 ], [ -80.334074596688879, 43.80434009133662 ], [ -80.333331121133511, 43.804306918571378 ], [ -80.333308217475235, 43.804576146435956 ], [ -80.332936478219096, 43.804559557987062 ], [ -80.332913572521065, 43.804828785857076 ], [ -80.331426610481245, 43.804762418518941 ], [ -80.33140369729756, 43.805031646132406 ], [ -80.329544990725822, 43.804948656838341 ], [ -80.329567912985752, 43.804679429661874 ], [ -80.329196174160728, 43.804662827932525 ], [ -80.32898984939338, 43.807085875074534 ], [ -80.328618094455322, 43.807069271239129 ], [ -80.328572238403908, 43.807607727005227 ], [ -80.32820048005982, 43.807591121675571 ], [ -80.328062895617705, 43.809206490675294 ], [ -80.327691126605643, 43.809189883501652 ], [ -80.327622325902837, 43.809997568990944 ], [ -80.32873764995351, 43.810047387340504 ], [ -80.328691792587634, 43.810585845321469 ], [ -80.329063571352009, 43.810602448973967 ] ] ] } },
{ "type": "Feature", "properties": { "SubId": 90014272, "DowSubId": 90014270, "RivSlope": 0.0032147419459100002, "RivLength": 2772.680451, "BasSlope": 2.5489683027900001, "BasAspect": 186.26035721599999, "BasArea": 13117919.145400001, "BkfWidth": 45.697322254, "BkfDepth": 0.81827393523500003, "Lake_Cat": 0, "HyLakeId": 0, "LakeVol": 0.0, "LakeDepth": 0.0, "LakeArea": 0.0, "Laketype": 0, "Has_POI": 1, "MeanElev": 459.89201794399997, "FloodP_n": 0.050000000745099998, "Q_Mean": 40.282508896300001, "Ch_n": 0.043086708398200002, "DrainArea": 756562319.13130903, "Strahler": 3, "Seg_ID": 35, "Seg_order": 2, "Max_DEM": 431.34921264600001, "Min_DEM": 422.43576049799998, "DA_Obs": 769.0, "DA_error": 0.98382616272000001, "Obs_NM": "02GA001", "SRC_obs": "HYDAT", "centroid_x": -80.295144939895408, "centroid_y": 43.814760364348601, "DA_Chn_L": 72668.237527000005, "DA_Slope": 0.254736972422, "DA_Chn_Slp": 0.115010292163, "outletLat": 43.807659776500003, "outletLng": -80.308602892500005, "Region": "SW", "Sub_Reg": "02G", "rvhName": "02GA001" }, "geometry": { "type": "Polygon", "coordinates": [ [ [ -80.338386511062353, 43.832638784399954 ], [ -80.337642649658051, 43.832605640985932 ], [ -80.337619755338281, 43.832874880046823 ], [ -80.336875891197948, 43.832841731178085 ], [ -80.336898789151988, 43.832572492291717 ], [ -80.336526859235846, 43.832555915964541 ], [ -80.336458159248494, 43.83336363263858 ], [ -80.336086224105514, 43.833347054729479 ], [ -80.336063321843312, 43.833616293718052 ], [ -80.335691385107822, 43.833599714401601 ], [ -80.335645576275084, 43.834138192480879 ], [ -80.336017516645001, 43.834154771971917 ], [ -80.335994613708849, 43.834424011237239 ], [ -80.335622671521719, 43.834407431658875 ], [ -80.335576861340982, 43.834945910291523 ], [ -80.335204915744001, 43.834929329218504 ], [ -80.335182008499345, 43.835198568585817 ], [ -80.334810061309796, 43.835181986105397 ], [ -80.334787152023154, 43.835451225477669 ], [ -80.334415203241022, 43.835434641589764 ], [ -80.334392291912337, 43.835703880966911 ], [ -80.334020341537652, 43.835687295671569 ], [ -80.33399742816691, 43.835956535053583 ], [ -80.332137670578604, 43.835873588338366 ], [ -80.332000131112935, 43.837489023945793 ], [ -80.331628169365558, 43.837472430118147 ], [ -80.331513537873022, 43.838818628555252 ], [ -80.331141567263245, 43.838802032970541 ], [ -80.331095709456918, 43.839340512815603 ], [ -80.330723735437019, 43.839323915735889 ], [ -80.330654941587866, 43.840131635932202 ], [ -80.329910983317632, 43.840098437287722 ], [ -80.329888047949481, 43.840367677362572 ], [ -80.328772106778842, 43.840317869231932 ], [ -80.328863868712148, 43.839240910534279 ], [ -80.328491896042223, 43.839224305533371 ], [ -80.328514837780432, 43.838955066176659 ], [ -80.328142867153048, 43.838938459942987 ], [ -80.32818875358933, 43.838399981680865 ], [ -80.327816786821927, 43.838383374301898 ], [ -80.327839731519958, 43.838114135396481 ], [ -80.327467766795067, 43.838097526784786 ], [ -80.327490713085425, 43.837828288059008 ], [ -80.327118750403059, 43.837811678214585 ], [ -80.327164645943284, 43.837273201214295 ], [ -80.326048770151246, 43.837223364285023 ], [ -80.326117628129452, 43.836415650263021 ], [ -80.325745675434391, 43.83639903557544 ], [ -80.325768629460811, 43.836129797839924 ], [ -80.325396678808204, 43.836113181919728 ], [ -80.325419634426751, 43.835843944363873 ], [ -80.325047685816585, 43.835827327211057 ], [ -80.325093600012693, 43.835288852550889 ], [ -80.324721655262209, 43.83527223425299 ], [ -80.324813488220997, 43.834195286388997 ], [ -80.324441550964494, 43.834178667121044 ], [ -80.324602262692508, 43.832294012521935 ], [ -80.324974187229373, 43.832310631177336 ], [ -80.324997143329881, 43.832041395087479 ], [ -80.325369066274874, 43.832058012335366 ], [ -80.325414974166463, 43.831519540257432 ], [ -80.325043054855456, 43.83150292318453 ], [ -80.325134875204782, 43.83042598048587 ], [ -80.324762963386704, 43.830409362442992 ], [ -80.324785919728086, 43.83014012708653 ], [ -80.324414009952065, 43.830123507811209 ], [ -80.324436967885177, 43.829854272634542 ], [ -80.324065060151199, 43.829837652126791 ], [ -80.324110978975611, 43.829299182225405 ], [ -80.323367171450627, 43.829265937600127 ], [ -80.323390134158686, 43.828996702962925 ], [ -80.322646331168173, 43.828963453233023 ], [ -80.322669297284605, 43.82869421886322 ], [ -80.322297397943998, 43.828677592105919 ], [ -80.322274430010779, 43.828946826388211 ], [ -80.321902529078642, 43.828930198223468 ], [ -80.321810647825771, 43.830007135925349 ], [ -80.321438739851629, 43.829990506090432 ], [ -80.321392794239685, 43.830528975320007 ], [ -80.31990515006143, 43.830462442080325 ], [ -80.319859189012973, 43.831000910978318 ], [ -80.319487274898037, 43.830984274193341 ], [ -80.319464292218782, 43.831253508693145 ], [ -80.317232801362096, 43.83115365973822 ], [ -80.317255794942824, 43.830884425764204 ], [ -80.31688388240616, 43.830867779739492 ], [ -80.316906877578248, 43.830598545945357 ], [ -80.315791146772227, 43.830548600214506 ], [ -80.315814147169363, 43.830279366775621 ], [ -80.315442239168689, 43.830262715646455 ], [ -80.315419236954696, 43.830531948997681 ], [ -80.315047327362791, 43.830515296460895 ], [ -80.315024323106343, 43.830784529816711 ], [ -80.314652411923177, 43.830767875872297 ], [ -80.314675417996483, 43.830498642604191 ], [ -80.314303508855843, 43.830481987427532 ], [ -80.314326516520367, 43.830212754339335 ], [ -80.312838889481839, 43.830146120784249 ], [ -80.312792859392417, 43.830684586351097 ], [ -80.311677130582609, 43.830634596799115 ], [ -80.311700151190706, 43.830365364232769 ], [ -80.311328243855812, 43.830348698496678 ], [ -80.311351266054942, 43.830079466110277 ], [ -80.310235550855595, 43.830029461245687 ], [ -80.310258578279274, 43.829760229214891 ], [ -80.309514772909154, 43.829726886214488 ], [ -80.309583864725681, 43.828919191202473 ], [ -80.309211967829668, 43.828902517985767 ], [ -80.309234999800111, 43.828633286587433 ], [ -80.308119315917565, 43.828583259281437 ], [ -80.308142353112189, 43.828314028238829 ], [ -80.306654785032038, 43.828247307037216 ], [ -80.306677829267343, 43.827978076438178 ], [ -80.306305939628913, 43.827961392925971 ], [ -80.306398121576535, 43.826884471804213 ], [ -80.304910594348712, 43.826817725962584 ], [ -80.304887541934562, 43.827086955753124 ], [ -80.304515658876198, 43.827070265905341 ], [ -80.304492604419394, 43.827339495700301 ], [ -80.304120719770566, 43.827322804444748 ], [ -80.304097663271065, 43.827592034244155 ], [ -80.303725777031758, 43.827575341580882 ], [ -80.303702718489561, 43.827844571384681 ], [ -80.303330830659775, 43.827827877313673 ], [ -80.303307770074781, 43.828097107121863 ], [ -80.302935880654573, 43.8280804116431 ], [ -80.302912818026783, 43.828349641455659 ], [ -80.302540927016125, 43.828332944569148 ], [ -80.30251786234551, 43.828602174386063 ], [ -80.301774077369544, 43.828568776477617 ], [ -80.301751008839389, 43.828838006210965 ], [ -80.301007221135094, 43.828804602847178 ], [ -80.300984148745343, 43.829073832496917 ], [ -80.29986846343607, 43.829023717288422 ], [ -80.299891541275798, 43.828754487902579 ], [ -80.299519648442015, 43.82873778028133 ], [ -80.299496568785642, 43.829007009579193 ], [ -80.299124674361551, 43.828990300550103 ], [ -80.29910159266214, 43.829259529852258 ], [ -80.298729696647754, 43.829242819415313 ], [ -80.298752780163838, 43.828973590201137 ], [ -80.298380886192518, 43.828956878532324 ], [ -80.29835780085979, 43.829226107658492 ], [ -80.297985905298233, 43.829209394581817 ], [ -80.29805516606713, 43.828401707744057 ], [ -80.29731138652312, 43.828368278159147 ], [ -80.297288296193329, 43.828637506836792 ], [ -80.296916404944398, 43.828620789976547 ], [ -80.296824034093973, 43.829697705257587 ], [ -80.297195932609554, 43.829714422469905 ], [ -80.297172841147443, 43.829983651608785 ], [ -80.29680094081516, 43.829966934308452 ], [ -80.296777847309855, 43.830236163451552 ], [ -80.296034043691336, 43.83020272471515 ], [ -80.296010946326078, 43.830471953774399 ], [ -80.294895237147173, 43.830421785506488 ], [ -80.294872134105134, 43.8306910143938 ], [ -80.294500229681915, 43.830674288909982 ], [ -80.29447712459654, 43.830943517801437 ], [ -80.294105218583198, 43.830926790909665 ], [ -80.294128325485318, 43.830657562106282 ], [ -80.293756421515326, 43.830640833982656 ], [ -80.293779530007569, 43.830371605359559 ], [ -80.293407628080956, 43.830354876004144 ], [ -80.293430738163266, 43.830085647561354 ], [ -80.293058838280018, 43.83006891697412 ], [ -80.293105061398023, 43.829530460541378 ], [ -80.292733165374798, 43.829513728810483 ], [ -80.292756278410451, 43.829244500820543 ], [ -80.292012490677365, 43.829211033575397 ], [ -80.292035607119601, 43.828941805853908 ], [ -80.291291823926599, 43.828908333505588 ], [ -80.291314943775333, 43.828639106052577 ], [ -80.290571165122515, 43.828605628601153 ], [ -80.290594288377648, 43.828336401416614 ], [ -80.287991082953297, 43.828219189379105 ], [ -80.288014218697455, 43.827949962903979 ], [ -80.286526684998222, 43.827882955913623 ], [ -80.286549827781513, 43.827613729883588 ], [ -80.285062304979746, 43.827546702129268 ], [ -80.285085454802001, 43.82727747654431 ], [ -80.283969820533883, 43.827227192135496 ], [ -80.283923509763497, 43.827765642867988 ], [ -80.283551628495346, 43.827748878582263 ], [ -80.283528470953016, 43.828018103998595 ], [ -80.283156588095466, 43.828001338304809 ], [ -80.283133428509529, 43.828270563725106 ], [ -80.282761544062609, 43.828253796623237 ], [ -80.282784705465048, 43.827984571291218 ], [ -80.28241282306179, 43.827967802957836 ], [ -80.282435986053585, 43.827698577806338 ], [ -80.281692225561514, 43.827665037356745 ], [ -80.281715391959068, 43.82739581247413 ], [ -80.281343513870283, 43.827379040357968 ], [ -80.281366681857065, 43.827109815655881 ], [ -80.280994805811943, 43.827093042308256 ], [ -80.281017975387954, 43.826823817786746 ], [ -80.280646101386452, 43.826807043207658 ], [ -80.280692443489571, 43.826268594618035 ], [ -80.28106431385828, 43.826285369020482 ], [ -80.281295992577526, 43.823593130726067 ], [ -80.280552288392954, 43.823559582367906 ], [ -80.280621798475494, 43.822751913209537 ], [ -80.278762569232995, 43.822668020544825 ], [ -80.27880892631309, 43.822129575784324 ], [ -80.277693402391591, 43.822079224879865 ], [ -80.277716586038906, 43.821810002903234 ], [ -80.276972908193386, 43.821776429212193 ], [ -80.276996095245451, 43.821507207504688 ], [ -80.276624258479785, 43.821490418768121 ], [ -80.276647447120496, 43.821221197241357 ], [ -80.276275612398251, 43.821204407273541 ], [ -80.276252421941507, 43.821473628711928 ], [ -80.275136913691185, 43.821423250625692 ], [ -80.275160109595959, 43.821154029452579 ], [ -80.274788275783422, 43.821137234206361 ], [ -80.274811473276728, 43.820868013214032 ], [ -80.274439641507641, 43.820851216736685 ], [ -80.274486039443744, 43.820312775205949 ], [ -80.27485786758092, 43.820329571506463 ], [ -80.274927457331231, 43.81952190963792 ], [ -80.275671103392426, 43.819555497749654 ], [ -80.275694295889181, 43.819286277134722 ], [ -80.276066117445026, 43.819303069122839 ], [ -80.276135688123262, 43.818495407567234 ], [ -80.275763872014977, 43.818478615844363 ], [ -80.275856636999038, 43.817401735417683 ], [ -80.275113019990982, 43.817368148720639 ], [ -80.275182602235745, 43.816560489901633 ], [ -80.276298011747386, 43.816610867172081 ], [ -80.276321199927068, 43.816341647485487 ], [ -80.276693001736675, 43.816358437181613 ], [ -80.276808930146473, 43.815012339693155 ], [ -80.276437137415087, 43.814995550439001 ], [ -80.276576254898387, 43.81338023703524 ], [ -80.275832691904171, 43.813346655629459 ], [ -80.275855880986711, 43.813077437229403 ], [ -80.275112322532848, 43.813043850722842 ], [ -80.275135515018931, 43.812774632592138 ], [ -80.274391961105565, 43.812741040984832 ], [ -80.274577521854368, 43.810587300685391 ], [ -80.274205759761742, 43.810570503610187 ], [ -80.274228955647303, 43.81030128657769 ], [ -80.273485435774845, 43.81026768864615 ], [ -80.273508635063507, 43.809998471883105 ], [ -80.272765119731361, 43.809964868851203 ], [ -80.272788322423068, 43.809695652357689 ], [ -80.272416566913435, 43.809678848951208 ], [ -80.272462975244835, 43.809140416418799 ], [ -80.272091223593108, 43.809123611870007 ], [ -80.272114429232758, 43.80885439583114 ], [ -80.271742679623699, 43.80883759005156 ], [ -80.271789093850799, 43.808299158428611 ], [ -80.271417348099547, 43.808282351506705 ], [ -80.27144055668694, 43.808013135922643 ], [ -80.269953583217827, 43.807945895396408 ], [ -80.269976798838059, 43.80767668025895 ], [ -80.269605057854818, 43.80765986691776 ], [ -80.269628275062516, 43.807390651961455 ], [ -80.269256536121944, 43.807373837389584 ], [ -80.269279754917093, 43.807104622614411 ], [ -80.267049336944581, 43.807003708010548 ], [ -80.267072566402192, 43.806734493859267 ], [ -80.266329099196327, 43.806700845281362 ], [ -80.266352332056172, 43.806431631399867 ], [ -80.265980600609851, 43.806414805220719 ], [ -80.266003835056907, 43.806145591520455 ], [ -80.265632105653339, 43.806128764110674 ], [ -80.265655341687548, 43.805859550591649 ], [ -80.26491188719362, 43.805825891991681 ], [ -80.26500484357183, 43.804749039550906 ], [ -80.264633123926146, 43.804732208626561 ], [ -80.264609883358446, 43.805001421509182 ], [ -80.264238162125721, 43.804984589177096 ], [ -80.264214919515325, 43.805253802063753 ], [ -80.263099751739674, 43.80520329688666 ], [ -80.263053254945973, 43.805741722406111 ], [ -80.262681529180085, 43.80572488453145 ], [ -80.262658278626461, 43.805994097341475 ], [ -80.260799644141812, 43.805909887737229 ], [ -80.260776384285649, 43.806179100196545 ], [ -80.26003292845796, 43.806145406943166 ], [ -80.260056191943946, 43.805876194661288 ], [ -80.259312740658302, 43.805842496308642 ], [ -80.259359274205607, 43.805304072377517 ], [ -80.258987552534649, 43.805287221399873 ], [ -80.25905735658948, 43.804479586464105 ], [ -80.258685640591096, 43.804462734433471 ], [ -80.258732179116762, 43.803924311783682 ], [ -80.258360466976029, 43.803907458611363 ], [ -80.258407008218782, 43.803369036509658 ], [ -80.257663591880629, 43.803335326562618 ], [ -80.25775668614628, 43.802258484181245 ], [ -80.258128386942559, 43.802275339459349 ], [ -80.258151658124007, 43.802006129006983 ], [ -80.257779959142354, 43.801989273817618 ], [ -80.257826504450094, 43.801450853368465 ], [ -80.257454809325793, 43.801433997037464 ], [ -80.257478083452071, 43.801164787040769 ], [ -80.257106390370481, 43.801147929479491 ], [ -80.257176216824107, 43.800340300311767 ], [ -80.257547904462058, 43.800357157606769 ], [ -80.257617723418917, 43.799549529007336 ], [ -80.257989405841514, 43.799566384717089 ], [ -80.258012676556447, 43.799297175280699 ], [ -80.258384357392686, 43.79931402958271 ], [ -80.258430894509388, 43.798775610810729 ], [ -80.258802571944841, 43.798792463616294 ], [ -80.258825838346667, 43.798523254280717 ], [ -80.259197514195748, 43.798540105678569 ], [ -80.259220778555118, 43.79827089634707 ], [ -80.259592452817841, 43.798287746337216 ], [ -80.259638977223759, 43.797749327775101 ], [ -80.260010648085753, 43.797766176268844 ], [ -80.260033908132371, 43.797496967038292 ], [ -80.260777246911545, 43.797530659891578 ], [ -80.260800503101493, 43.7972614505764 ], [ -80.261915507536827, 43.797311979698094 ], [ -80.261938758055834, 43.797042770209679 ], [ -80.263425426569341, 43.797110123551974 ], [ -80.263448669603179, 43.796840913801788 ], [ -80.264192001598246, 43.796874582381939 ], [ -80.264215240775627, 43.796605372547326 ], [ -80.264958570053182, 43.796639035674438 ], [ -80.264981805374191, 43.796369825755427 ], [ -80.265353468540269, 43.796386655251965 ], [ -80.265446400289846, 43.79530981614981 ], [ -80.266189712791018, 43.795343470477363 ], [ -80.266212941530668, 43.795074260756763 ], [ -80.266584596308547, 43.795091085853564 ], [ -80.266631049476459, 43.794552666513802 ], [ -80.267002700853567, 43.794569490114554 ], [ -80.267025925281885, 43.794300280495385 ], [ -80.267397575072437, 43.794317102688687 ], [ -80.267374352458319, 43.794586312396412 ], [ -80.268117656350583, 43.794619953003419 ], [ -80.26809443713725, 43.794889162981121 ], [ -80.268466091238977, 43.794905981394827 ], [ -80.268489308638081, 43.794636771328577 ], [ -80.268860961153152, 43.794653588334825 ], [ -80.268907391640326, 43.794115168303897 ], [ -80.26927904075454, 43.794131983814189 ], [ -80.269325466703265, 43.793593563977723 ], [ -80.269697112416665, 43.793610377992081 ], [ -80.269720323235646, 43.79334116812467 ], [ -80.26934867933636, 43.793324354198838 ], [ -80.269418315870652, 43.792516725419588 ], [ -80.270161593012091, 43.792550351421276 ], [ -80.270184801107064, 43.79228114183703 ], [ -80.271299713082897, 43.792331570682663 ], [ -80.271276510430155, 43.792600780532446 ], [ -80.272391429894867, 43.7926511977739 ], [ -80.272368232456998, 43.792920407982024 ], [ -80.273111516865185, 43.792954013058953 ], [ -80.273088322828215, 43.793223223536913 ], [ -80.273459967187407, 43.793240024185508 ], [ -80.273436774737277, 43.793509234844855 ], [ -80.273808421137929, 43.79352603426301 ], [ -80.273831611773915, 43.793256823515243 ], [ -80.275318192392675, 43.793324007645332 ], [ -80.275295009013334, 43.7935932187468 ], [ -80.277524897642763, 43.793693955905702 ], [ -80.277455378797242, 43.794501591358625 ], [ -80.280056963964014, 43.794619059889314 ], [ -80.280010642331291, 43.795157485225971 ], [ -80.281497281935415, 43.795224581790755 ], [ -80.28145097390933, 43.795763008205498 ], [ -80.281822638006432, 43.795779779225875 ], [ -80.281799485467346, 43.796048992660836 ], [ -80.282914484563264, 43.796099298073131 ], [ -80.282891337240414, 43.796368511865822 ], [ -80.28326300587392, 43.796385277786904 ], [ -80.283239860138593, 43.796654491760727 ], [ -80.284354872843451, 43.796704781874851 ], [ -80.284378013135509, 43.796435567636266 ], [ -80.284749682676335, 43.796452328281404 ], [ -80.284772820927159, 43.796183114047452 ], [ -80.285144488880377, 43.796199873285374 ], [ -80.285167625090025, 43.795930659056076 ], [ -80.2870259591853, 43.796014435019863 ], [ -80.287049086096232, 43.795745220442384 ], [ -80.288164083830495, 43.795795469928343 ], [ -80.288140962362803, 43.796064684770379 ], [ -80.288884298947622, 43.796098178009117 ], [ -80.288861180882151, 43.796367393120384 ], [ -80.28923285132889, 43.796384137849437 ], [ -80.289209734851283, 43.79665335314175 ], [ -80.289581407339043, 43.796670096639943 ], [ -80.289558292449314, 43.796939312113295 ], [ -80.289929966978136, 43.796956054380622 ], [ -80.289883740147971, 43.797494485782181 ], [ -80.290255418532354, 43.797511226906821 ], [ -80.290232306591975, 43.797780442835055 ], [ -80.290975667669414, 43.797813921303444 ], [ -80.290952559131611, 43.79808313750079 ], [ -80.29132424182464, 43.798099874844581 ], [ -80.2913011348749, 43.798369091222874 ], [ -80.292416189756679, 43.798419295604184 ], [ -80.292393088024241, 43.798688512339652 ], [ -80.293508150387837, 43.798738705113713 ], [ -80.293415762969488, 43.799815574041126 ], [ -80.293787458135483, 43.799832302679967 ], [ -80.29374126669731, 43.800370737876818 ], [ -80.294484664967328, 43.800404191549447 ], [ -80.294507757170152, 43.800134973728497 ], [ -80.295994549167432, 43.800201864892252 ], [ -80.295902208034207, 43.801278738141669 ], [ -80.295530502436321, 43.801262016977255 ], [ -80.295461238765782, 43.802069672624654 ], [ -80.295832949808158, 43.802086394053148 ], [ -80.295809863280198, 43.802355612875857 ], [ -80.297668430960726, 43.802439200671216 ], [ -80.297645353280927, 43.802708420026796 ], [ -80.298017069310688, 43.802725133716329 ], [ -80.297993993219592, 43.802994353252728 ], [ -80.299480866860264, 43.803061195170962 ], [ -80.299503935691646, 43.802791975282666 ], [ -80.30024737023902, 43.802825388150701 ], [ -80.300224305037531, 43.80309460821492 ], [ -80.301339463999199, 43.803144717886902 ], [ -80.301362523755841, 43.802875497558858 ], [ -80.302105960563992, 43.802908897234985 ], [ -80.302129016464704, 43.802639676823873 ], [ -80.302872450547028, 43.802673071047451 ], [ -80.30289550259188, 43.802403850553283 ], [ -80.303267218157075, 43.802420545598366 ], [ -80.303128913388221, 43.804035870482352 ], [ -80.302757186933121, 43.804019174909861 ], [ -80.302734133532368, 43.804288395960661 ], [ -80.303105861802493, 43.804305091620989 ], [ -80.303082809990812, 43.804574312852502 ], [ -80.303454540301971, 43.804591007281552 ], [ -80.303431490079362, 43.804860228693656 ], [ -80.303803222431569, 43.804876921891356 ], [ -80.303687977004685, 43.806223030782469 ], [ -80.304059718658536, 43.806239723100333 ], [ -80.303967525510501, 43.807316612233798 ], [ -80.30471102401782, 43.8073499936147 ], [ -80.304687978796437, 43.807619216305561 ], [ -80.305059730204277, 43.807635905104881 ], [ -80.305036686572265, 43.807905127976348 ], [ -80.30540844002131, 43.807921815544205 ], [ -80.305385397978682, 43.808191038596199 ], [ -80.307615934308117, 43.80829113682438 ], [ -80.307638965458821, 43.808021913245355 ], [ -80.308382475744494, 43.808055268591055 ], [ -80.308428530107264, 43.807516821359854 ], [ -80.308800281958156, 43.807533496878122 ], [ -80.30884633178735, 43.806995049842143 ], [ -80.309218080233364, 43.807011723865457 ], [ -80.30919505724691, 43.807280947424871 ], [ -80.30956680773393, 43.807297620216616 ], [ -80.309405653216004, 43.809182188342689 ], [ -80.309033890021567, 43.809165514936389 ], [ -80.309010865229283, 43.809434739237354 ], [ -80.308639100445149, 43.809418064423902 ], [ -80.308616073611759, 43.809687288729727 ], [ -80.308244307237928, 43.809670612509109 ], [ -80.308198249262887, 43.810209061223155 ], [ -80.307826479483964, 43.810192383507527 ], [ -80.307780416974794, 43.810730832416567 ], [ -80.308523964020409, 43.810764186879631 ], [ -80.308500936058138, 43.811033411648751 ], [ -80.309244487637883, 43.811066761009776 ], [ -80.309083310998432, 43.812951338216116 ], [ -80.309455099836114, 43.812968011532007 ], [ -80.309386026194147, 43.81377568913004 ], [ -80.309757820704647, 43.813792361389787 ], [ -80.309734797521557, 43.814061587528748 ], [ -80.309363001195322, 43.814044915181228 ], [ -80.309316950520383, 43.814583367561326 ], [ -80.309688750478088, 43.814600040084422 ], [ -80.309642702531661, 43.81513849301038 ], [ -80.310014506346704, 43.815155164389495 ], [ -80.309945438181373, 43.815962844735907 ], [ -80.310317247669673, 43.815979515058807 ], [ -80.31029422631228, 43.816248742113814 ], [ -80.309922415008103, 43.816232071703133 ], [ -80.309899391609093, 43.816501298762901 ], [ -80.310271204729162, 43.816517969261355 ], [ -80.310248182920276, 43.816787196501423 ], [ -80.310619998082004, 43.816803865768094 ], [ -80.310596977863327, 43.817073093188441 ], [ -80.310968795066685, 43.817089761223293 ], [ -80.31089973850419, 43.817897444302751 ], [ -80.311271561381176, 43.817914111281276 ], [ -80.311202508235283, 43.818721795456561 ], [ -80.311574336786052, 43.818738461378722 ], [ -80.311551320435399, 43.819007689709885 ], [ -80.311923151027941, 43.81902435440017 ], [ -80.311877121281739, 43.819562811515418 ], [ -80.31224895573213, 43.819579475061552 ], [ -80.312225942336624, 43.819848703845622 ], [ -80.314085127053957, 43.819932002220035 ], [ -80.314062122513519, 43.820201231535165 ], [ -80.315549481612649, 43.820267846831499 ], [ -80.315572478888413, 43.819998617165616 ], [ -80.315944317410853, 43.820015267602841 ], [ -80.316013302436701, 43.81920757889705 ], [ -80.316385135736198, 43.819224227751619 ], [ -80.316362142769194, 43.819493457315396 ], [ -80.316733978110292, 43.819510104937976 ], [ -80.316710986733966, 43.819779334681876 ], [ -80.317082824116667, 43.819795981072438 ], [ -80.317059834331062, 43.820065210996454 ], [ -80.317431673755365, 43.820081856155063 ], [ -80.317408685560494, 43.820351086259187 ], [ -80.317780527026429, 43.820367730185687 ], [ -80.317757540422335, 43.820636960469912 ], [ -80.318501227662807, 43.820670244539144 ], [ -80.318478244465766, 43.820939475091123 ], [ -80.319221936240226, 43.820972754056761 ], [ -80.319244915804802, 43.820703523329513 ], [ -80.319616760213819, 43.820720160745218 ], [ -80.319639737736807, 43.820450930022901 ], [ -80.319267895144037, 43.820434292694813 ], [ -80.319336831809679, 43.819626601345476 ], [ -80.319708668953893, 43.819643238410734 ], [ -80.319754621972066, 43.819104777798387 ], [ -80.320498289671832, 43.819138047619596 ], [ -80.320521262210718, 43.818868817277 ], [ -80.320893094582374, 43.818885450120526 ], [ -80.320870123859621, 43.819154680550696 ], [ -80.321613792910952, 43.819187942453915 ], [ -80.321636760001439, 43.818918711848603 ], [ -80.322008593048793, 43.818935340733169 ], [ -80.322100451894272, 43.817858418886949 ], [ -80.322472277902435, 43.817875046101634 ], [ -80.322564125880916, 43.816798125385695 ], [ -80.322935944850116, 43.816814750930646 ], [ -80.322981863856484, 43.816276290952885 ], [ -80.324469127456581, 43.8163427792364 ], [ -80.32440027040127, 43.81715047039205 ], [ -80.324772092311974, 43.817167089426491 ], [ -80.324749141326123, 43.817436320084333 ], [ -80.325120965277918, 43.817452937886607 ], [ -80.325098015883071, 43.817722168724508 ], [ -80.325841668093886, 43.817755400545167 ], [ -80.325726935905166, 43.819101556997502 ], [ -80.325355100606643, 43.819084941309555 ], [ -80.325286253144654, 43.819892636028648 ], [ -80.326029934863826, 43.819925866609822 ], [ -80.326006988892189, 43.820195098542847 ], [ -80.326378831905529, 43.820211711941333 ], [ -80.32633294291972, 43.820750176259814 ], [ -80.327076636886432, 43.820783399447564 ], [ -80.326938986324862, 43.822398795672015 ], [ -80.327310844543703, 43.82241540581105 ], [ -80.327287903812405, 43.822684638926169 ], [ -80.327659764072607, 43.822701247832931 ], [ -80.32761388556797, 43.823239714515466 ], [ -80.327985749685993, 43.823256322277324 ], [ -80.327916935691221, 43.824064023256732 ], [ -80.328660675500984, 43.824097235345711 ], [ -80.328637740685849, 43.824366469365238 ], [ -80.329009612744642, 43.824383073517446 ], [ -80.328986679521137, 43.824652307716825 ], [ -80.329730427946501, 43.824685512236641 ], [ -80.329707498131214, 43.824954746703249 ], [ -80.330451251089215, 43.824987946118583 ], [ -80.330428324682202, 43.825257180852418 ], [ -80.331172082172756, 43.825290375163206 ], [ -80.331126235950705, 43.825828845257639 ], [ -80.33149811866646, 43.82584544060802 ], [ -80.331475197034862, 43.826114675881222 ], [ -80.332218966774022, 43.826147862797178 ], [ -80.332173130103186, 43.826686333970194 ], [ -80.332545018943293, 43.826702925623088 ], [ -80.332522102087438, 43.826972161435521 ], [ -80.332893992969019, 43.826988751855886 ], [ -80.33287107770515, 43.827257987848078 ], [ -80.333242970628206, 43.827274577035915 ], [ -80.333220056956321, 43.827543813207804 ], [ -80.333963847110127, 43.827576987798466 ], [ -80.333940936847085, 43.827846224237391 ], [ -80.334312834077821, 43.82786280964018 ], [ -80.334358650745671, 43.827324336680022 ], [ -80.334730544567535, 43.827340920588256 ], [ -80.334707638162712, 43.827610157109476 ], [ -80.33545143011392, 43.827643321140854 ], [ -80.33542852711804, 43.827912557929075 ], [ -80.335800425247385, 43.827929138052191 ], [ -80.335731720362446, 43.828736849232882 ], [ -80.336103624166896, 43.828753428297972 ], [ -80.336080723906235, 43.82902266563017 ], [ -80.337568348637404, 43.829088969040228 ], [ -80.337545455419715, 43.829358206813907 ], [ -80.337917363980793, 43.829374779453794 ], [ -80.337894472355501, 43.829644017407091 ], [ -80.338266382958025, 43.829660588814271 ], [ -80.338220602667761, 43.830199065172316 ], [ -80.337848688431336, 43.830182493590634 ], [ -80.337825796132464, 43.830451731820915 ], [ -80.33819771218586, 43.83046830348983 ], [ -80.338174821479441, 43.830737541899637 ], [ -80.338546739574369, 43.83075411233591 ], [ -80.338386511062353, 43.832638784399954 ] ] ] } },
{ "type": "Feature", "properties": { "SubId": 90014273, "DowSubId": 90014272, "RivSlope": 0.00332617809786, "RivLength": 303.95752, "BasSlope": 3.5470979895300001, "BasAspect": 132.20439386300001, "BasArea": 239841.349671, "BkfWidth": 45.311669932199997, "BkfDepth": 0.81412353029700002, "Lake_Cat": 0, "HyLakeId": 0, "LakeVol": 0.0, "LakeDepth": 0.0, "LakeArea": 0.0, "Laketype": 0, "Has_POI": 1, "MeanElev": 453.10684400600002, "FloodP_n": 0.050000000745099998, "Q_Mean": 39.605467439100003, "Ch_n": 0.043817083287, "DrainArea": 743444399.98590899, "Strahler": 3, "Seg_ID": 35, "Seg_order": 1, "Max_DEM": 425.75021362299998, "Min_DEM": 424.73919677700002, "DA_Obs": 749.0, "DA_error": 0.99258264350600001, "Obs_NM": "02GA027", "SRC_obs": "HYDAT", "centroid_x": -80.301531755377482, "centroid_y": 43.829625282427095, "DA_Chn_L": 69895.557075999997, "DA_Slope": 0.21425574599399999, "DA_Chn_Slp": 0.116357882962, "outletLat": 43.829099854500001, "outletLng": -80.298555290500005, "Region": "SW", "Sub_Reg": "02G", "rvhName": "02GA027" }, "geometry": { "type": "Polygon", "coordinates": [ [ [ -80.297360016390186, 43.83215420472434 ], [ -80.297429290082221, 43.831346515107121 ], [ -80.297057380439682, 43.831329798686568 ], [ -80.2970804730342, 43.831060569086553 ], [ -80.296708565434912, 43.831043851434195 ], [ -80.296685471023608, 43.831313080946124 ], [ -80.296313561834054, 43.831296361885734 ], [ -80.296359754063744, 43.830757903130092 ], [ -80.296731659619738, 43.830774622014403 ], [ -80.296754753578043, 43.83050539268686 ], [ -80.296382849838807, 43.830488673890599 ], [ -80.296405945387335, 43.83021944474325 ], [ -80.296777847309855, 43.830236163451552 ], [ -80.29680094081516, 43.829966934308452 ], [ -80.297172841147443, 43.829983651608785 ], [ -80.297195932609554, 43.829714422469905 ], [ -80.296824034093973, 43.829697705257587 ], [ -80.296916404944398, 43.828620789976547 ], [ -80.297288296193329, 43.828637506836792 ], [ -80.29731138652312, 43.828368278159147 ], [ -80.29805516606713, 43.828401707744057 ], [ -80.297985905298233, 43.829209394581817 ], [ -80.29835780085979, 43.829226107658492 ], [ -80.298380886192518, 43.828956878532324 ], [ -80.298752780163838, 43.828973590201137 ], [ -80.298729696647754, 43.829242819415313 ], [ -80.29910159266214, 43.829259529852258 ], [ -80.299124674361551, 43.828990300550103 ], [ -80.299496568785642, 43.829007009579193 ], [ -80.299519648442015, 43.82873778028133 ], [ -80.299891541275798, 43.828754487902579 ], [ -80.29986846343607, 43.829023717288422 ], [ -80.300984148745343, 43.829073832496917 ], [ -80.301007221135094, 43.828804602847178 ], [ -80.301751008839389, 43.828838006210965 ], [ -80.301774077369544, 43.828568776477617 ], [ -80.30251786234551, 43.828602174386063 ], [ -80.302540927016125, 43.828332944569148 ], [ -80.302912818026783, 43.828349641455659 ], [ -80.302935880654573, 43.8280804116431 ], [ -80.303307770074781, 43.828097107121863 ], [ -80.303330830659775, 43.827827877313673 ], [ -80.303702718489561, 43.827844571384681 ], [ -80.303725777031758, 43.827575341580882 ], [ -80.304097663271065, 43.827592034244155 ], [ -80.304120719770566, 43.827322804444748 ], [ -80.304492604419394, 43.827339495700301 ], [ -80.304515658876198, 43.827070265905341 ], [ -80.304887541934562, 43.827086955753124 ], [ -80.304910594348712, 43.826817725962584 ], [ -80.306398121576535, 43.826884471804213 ], [ -80.306305939628913, 43.827961392925971 ], [ -80.306677829267343, 43.827978076438178 ], [ -80.306654785032038, 43.828247307037216 ], [ -80.307026676713107, 43.828263989317442 ], [ -80.306957548101195, 43.82907168193173 ], [ -80.30658565097005, 43.829054999388021 ], [ -80.306562605830706, 43.829324230356171 ], [ -80.305818808613097, 43.829290861133416 ], [ -80.305795759614256, 43.829560092018127 ], [ -80.305423859527806, 43.829543405339052 ], [ -80.305400808486169, 43.829812636228162 ], [ -80.305028906809042, 43.829795948141324 ], [ -80.305005853724566, 43.830065179034818 ], [ -80.304262047415122, 43.830031798725628 ], [ -80.304238990471006, 43.830301029535669 ], [ -80.303495181432581, 43.830267643771172 ], [ -80.303472120628754, 43.830536874497618 ], [ -80.302728308861461, 43.830503483277646 ], [ -80.302705244197881, 43.830772713920531 ], [ -80.301961429701876, 43.830739317245033 ], [ -80.301938361178472, 43.831008547804259 ], [ -80.301566452453045, 43.830991847398657 ], [ -80.30154338188656, 43.83126107796226 ], [ -80.301171471570584, 43.831244376148867 ], [ -80.30114839896099, 43.831513606716655 ], [ -80.300404575374287, 43.831480198954182 ], [ -80.300381498904699, 43.83174942943829 ], [ -80.300009585634015, 43.831732723489175 ], [ -80.299986507121233, 43.832001953977539 ], [ -80.298126935079168, 43.831918403993058 ], [ -80.298103847255717, 43.832187634133717 ], [ -80.297360016390186, 43.83215420472434 ] ] ] } }
]
}
