{
"type": "FeatureCollection",
"name": "outline",
"crs": { "type": "name", "properties": { "name": "urn:ogc:def:crs:EPSG::3161" } },
"features": [
{ "type": "Feature", "properties": { "ID": 1 }, "geometry": { "type": "Polygon", "coordinates": [ [ [ 1298130.000000000232831, 11931479.999400001019239 ], [ 1298130.000000000232831, 11931509.999400002881885 ], [ 1298100.000000000465661, 11931509.999400001019239 ], [ 1298099.999999999534339, 11931539.999400001019239 ], [ 1297860.0, 11931539.999400001019239 ], [ 1297860.0, 11931569.999400001019239 ], [ 1297829.999999998137355, 11931569.999400001019239 ], [ 1297830.000000000465661, 11931599.999400001019239 ], [ 1297590.0, 11931599.999400001019239 ], [ 1297589.999999999534339, 11931569.999400001019239 ], [ 1297559.999999998137355, 11931569.999400001019239 ], [ 1297559.999999999534339, 11931539.999400001019239 ], [ 1297439.999999999534339, 11931539.999400001019239 ], [ 1297440.000000000465661, 11931569.999400001019239 ], [ 1297379.999999999534339, 11931569.999399995431304 ], [ 1297379.999999999534339, 11931599.999400001019239 ], [ 1297290.000000000465661, 11931599.999400001019239 ], [ 1297290.0, 11931629.999400001019239 ], [ 1297260.0, 11931629.999400001019239 ], [ 1297260.0, 11931659.999400001019239 ], [ 1297170.000000000465661, 11931659.999400001019239 ], [ 1297169.999999999534339, 11931689.999400001019239 ], [ 1297140.000000000232831, 11931689.999400001019239 ], [ 1297140.0, 11931719.999400001019239 ], [ 1297110.000000000232831, 11931719.999400001019239 ], [ 1297109.999999999068677, 11931749.999399997293949 ], [ 1297080.0, 11931749.9994 ], [ 1297049.999999999767169, 11931749.999400001019239 ], [ 1297050.000000000232831, 11931779.999400001019239 ], [ 1296989.999999999534339, 11931779.999400001019239 ], [ 1296989.999999997671694, 11931809.999400001019239 ], [ 1296930.0, 11931809.999400001019239 ], [ 1296929.999999999767169, 11931839.999400001019239 ], [ 1296899.999999999534339, 11931839.999400001019239 ], [ 1296899.999999998137355, 11931869.999400001019239 ], [ 1296869.999999998137355, 11931869.999400002881885 ], [ 1296870.000000000232831, 11931899.999400001019239 ], [ 1296810.0, 11931899.999400001019239 ], [ 1296810.0, 11931959.99940000474453 ], [ 1296749.999999999534339, 11931959.999400001019239 ], [ 1296750.0, 11931989.999400001019239 ], [ 1296720.0, 11931989.999400001019239 ], [ 1296719.999999999534339, 11932019.999400001019239 ], [ 1296689.999999999534339, 11932019.999400001019239 ], [ 1296689.999999998370185, 11932049.999400001019239 ], [ 1296659.999999999767169, 11932049.999400001019239 ], [ 1296659.999999999534339, 11932079.999400001019239 ], [ 1296480.000000000465661, 11932079.9994 ], [ 1296479.999999999767169, 11932109.999400001019239 ], [ 1296419.999999999534339, 11932109.999400001019239 ], [ 1296420.000000000232831, 11932139.999400001019239 ], [ 1296359.999999999534339, 11932139.999400001019239 ], [ 1296359.999999999767169, 11932169.999400001019239 ], [ 1296329.999999998370185, 11932169.999400001019239 ], [ 1296330.000000000465661, 11932199.999400001019239 ], [ 1296090.0, 11932199.999400001019239 ], [ 1296090.000000000465661, 11932349.9994 ], [ 1296060.000000000232831, 11932349.999400002881885 ], [ 1296059.999999999301508, 11932439.999400001019239 ], [ 1296029.999999999534339, 11932439.999400001019239 ], [ 1296029.999999999767169, 11932499.999400001019239 ], [ 1296000.000000000232831, 11932499.999400001019239 ], [ 1295999.999999999534339, 11932529.999400001019239 ], [ 1295909.999999998370185, 11932529.999400001019239 ], [ 1295910.0, 11932589.999400001019239 ], [ 1295880.000000000465661, 11932589.999400001019239 ], [ 1295880.000000000465661, 11932619.999399997293949 ], [ 1295669.999999999534339, 11932619.999400001019239 ], [ 1295669.999999998603016, 11932589.999400001019239 ], [ 1295609.999999999767169, 11932589.999400001019239 ], [ 1295609.999999998835847, 11932559.999400001019239 ], [ 1295489.999999999767169, 11932559.999400001019239 ], [ 1295490.0, 11932589.999400001019239 ], [ 1295459.999999999767169, 11932589.999400001019239 ], [ 1295460.000000000232831, 11932799.999400001019239 ], [ 1295430.0, 11932799.999400001019239 ], [ 1295430.0, 11932829.999400001019239 ], [ 1295460.0, 11932829.999400001019239 ], [ 1295460.0, 11932859.999400001019239 ], [ 1295430.000000000232831, 11932859.999400001019239 ], [ 1295430.0, 11932889.9994 ], [ 1295309.999999999767169, 11932889.999400001019239 ], [ 1295310.000000000465661, 11932919.9994 ], [ 1295160.0, 11932919.999400001019239 ], [ 1295160.000000000698492, 11932949.999399997293949 ], [ 1295069.999999999534339, 11932949.999400001019239 ], [ 1295070.0, 11932979.999400001019239 ], [ 1294950.000000000465661, 11932979.9994 ], [ 1294949.999999999534339, 11933009.999400002881885 ], [ 1294920.0, 11933009.999400001019239 ], [ 1294919.999999999534339, 11933039.999400001019239 ], [ 1294889.999999999534339, 11933039.999400001019239 ], [ 1294890.000000000465661, 11933069.999400001019239 ], [ 1294500.0, 11933069.999400001019239 ], [ 1294470.000000000232831, 11933069.999400001019239 ], [ 1294470.000000000232831, 11933159.999400001019239 ], [ 1294440.0, 11933159.999400001019239 ], [ 1294439.999999998835847, 11933219.999399997293949 ], [ 1294349.999999997671694, 11933219.999400001019239 ], [ 1294349.999999999767169, 11933249.999400001019239 ], [ 1294320.0, 11933249.999400001019239 ], [ 1294319.999999999534339, 11933279.999400001019239 ], [ 1294289.999999999767169, 11933279.999400001019239 ], [ 1294289.999999997904524, 11933339.99940000474453 ], [ 1294259.999999999068677, 11933339.999400001019239 ], [ 1294260.0, 11933369.999400001019239 ], [ 1294230.000000000465661, 11933369.999400001019239 ], [ 1294230.000000000465661, 11933399.999400001019239 ], [ 1294200.0, 11933399.999400001019239 ], [ 1294199.999999999534339, 11933429.999400001019239 ], [ 1294169.999999999534339, 11933429.999400001019239 ], [ 1294170.0, 11933459.99940000474453 ], [ 1294140.000000000465661, 11933459.999399997293949 ], [ 1294140.0, 11933519.999400001019239 ], [ 1294110.0, 11933519.999399997293949 ], [ 1294110.0, 11933549.999400001019239 ], [ 1294079.999999999301508, 11933549.999400002881885 ], [ 1294080.0, 11933609.999400001019239 ], [ 1294050.000000000465661, 11933609.999400001019239 ], [ 1294050.0, 11933669.999400001019239 ], [ 1294079.999999998603016, 11933669.999400001019239 ], [ 1294080.0, 11933699.999400001019239 ], [ 1294139.999999999767169, 11933699.999400001019239 ], [ 1294139.999999999068677, 11933819.999400001019239 ], [ 1294110.0, 11933819.999400001019239 ], [ 1294109.999999999767169, 11934059.999400001019239 ], [ 1294140.0, 11934059.999400001019239 ], [ 1294139.999999999534339, 11934119.9994 ], [ 1294109.999999998370185, 11934119.9994 ], [ 1294109.999999999534339, 11934149.999399997293949 ], [ 1294019.999999999534339, 11934149.999400001019239 ], [ 1294020.0, 11934179.999400001019239 ], [ 1293990.000000000465661, 11934179.999400001019239 ], [ 1293989.999999997904524, 11934299.999400001019239 ], [ 1294019.999999999534339, 11934299.999400001019239 ], [ 1294019.999999998835847, 11934479.999400001019239 ], [ 1294050.000000000232831, 11934479.999400001019239 ], [ 1294049.999999999534339, 11934509.999400001019239 ], [ 1294080.000000000465661, 11934509.999399997293949 ], [ 1294080.000000000232831, 11934539.999399997293949 ], [ 1294110.000000000465661, 11934539.999400001019239 ], [ 1294109.999999998137355, 11934599.999400001019239 ], [ 1294080.000000000232831, 11934599.999400001019239 ], [ 1294080.0, 11934659.999400001019239 ], [ 1294050.0, 11934659.999400001019239 ], [ 1294050.0, 11934749.999400001019239 ], [ 1294019.999999998137355, 11934749.999400001019239 ], [ 1294020.0, 11934779.999400001019239 ], [ 1293989.999999997904524, 11934779.999400001019239 ], [ 1293990.000000000465661, 11934839.999400001019239 ], [ 1293929.999999999534339, 11934839.999400001019239 ], [ 1293930.0, 11934869.999400001019239 ], [ 1293900.000000000465661, 11934869.999399993568659 ], [ 1293899.999999998835847, 11935139.999400001019239 ], [ 1293870.0, 11935139.999400001019239 ], [ 1293869.999999999767169, 11935229.999400001019239 ], [ 1293810.000000000465661, 11935229.999400001019239 ], [ 1293810.000000000232831, 11935259.999400002881885 ], [ 1293780.000000000465661, 11935259.999400001019239 ], [ 1293779.999999999068677, 11935319.999400001019239 ], [ 1293749.999999998370185, 11935319.999399997293949 ], [ 1293750.000000000465661, 11935409.999400001019239 ], [ 1293780.000000000465661, 11935409.999400001019239 ], [ 1293780.0, 11935439.999400001019239 ], [ 1293809.999999999767169, 11935439.999400001019239 ], [ 1293809.999999999534339, 11935559.999400001019239 ], [ 1293839.999999998137355, 11935559.999400001019239 ], [ 1293840.000000000232831, 11935649.999400001019239 ], [ 1293809.999999999534339, 11935649.999400001019239 ], [ 1293810.000000000232831, 11935679.999400001019239 ], [ 1293719.999999999534339, 11935679.999400001019239 ], [ 1293720.000000000232831, 11935709.999400001019239 ], [ 1293660.000000000232831, 11935709.999400001019239 ], [ 1293659.999999999767169, 11935739.999399997293949 ], [ 1293630.0, 11935739.999400001019239 ], [ 1293630.0, 11935769.99940000474453 ], [ 1293600.000000000232831, 11935769.999400001019239 ], [ 1293599.999999999767169, 11935799.999400001019239 ], [ 1293570.000000000232831, 11935799.9994 ], [ 1293569.999999999534339, 11935859.999400001019239 ], [ 1293509.999999999534339, 11935859.999400001019239 ], [ 1293510.0, 11935889.999400001019239 ], [ 1293479.999999998603016, 11935889.999400001019239 ], [ 1293480.0, 11935919.999400001019239 ], [ 1293419.999999999767169, 11935919.999400001019239 ], [ 1293419.999999999767169, 11935949.999400001019239 ], [ 1293120.000000000232831, 11935949.999399997293949 ], [ 1293119.999999999534339, 11935979.999400001019239 ], [ 1293090.000000000465661, 11935979.999400001019239 ], [ 1293089.999999997671694, 11936069.999400001019239 ], [ 1292999.999999999767169, 11936069.999400001019239 ], [ 1293000.000000000232831, 11936099.999400001019239 ], [ 1292969.999999999767169, 11936099.999400001019239 ], [ 1292969.999999998835847, 11936159.999400001019239 ], [ 1292939.999999999767169, 11936159.999400001019239 ], [ 1292939.999999998137355, 11936189.999400001019239 ], [ 1292909.999999999534339, 11936189.999400001019239 ], [ 1292909.999999999534339, 11936219.999400002881885 ], [ 1292879.999999999767169, 11936219.999400001019239 ], [ 1292880.0, 11936249.999400001019239 ], [ 1292819.999999999534339, 11936249.999399997293949 ], [ 1292819.999999999534339, 11936279.999400001019239 ], [ 1292790.0, 11936279.999400001019239 ], [ 1292789.999999999767169, 11936309.9994 ], [ 1292789.999999999534339, 11936339.999400001019239 ], [ 1292819.999999997904524, 11936339.999399997293949 ], [ 1292820.000000000465661, 11936399.9994 ], [ 1292850.000000000465661, 11936399.999400001019239 ], [ 1292849.999999999534339, 11936429.999400001019239 ], [ 1292879.999999998370185, 11936429.999400001019239 ], [ 1292880.000000000465661, 11936489.999400001019239 ], [ 1292819.999999999534339, 11936489.999400001019239 ], [ 1292820.0, 11936519.999400001019239 ], [ 1292790.0, 11936519.999399997293949 ], [ 1292789.999999998137355, 11936549.999400001019239 ], [ 1292760.000000000465661, 11936549.999400001019239 ], [ 1292760.000000000232831, 11936579.999400001019239 ], [ 1292730.000000000465661, 11936579.9994 ], [ 1292729.999999999534339, 11936609.999400001019239 ], [ 1292699.999999998370185, 11936609.9994 ], [ 1292699.999999999534339, 11936639.999400001019239 ], [ 1292670.000000000465661, 11936639.999400001019239 ], [ 1292669.999999999534339, 11936669.999400001019239 ], [ 1292609.999999999767169, 11936669.999400001019239 ], [ 1292610.000000000232831, 11936699.999400001019239 ], [ 1292520.0, 11936699.999400001019239 ], [ 1292520.0, 11936729.999400002881885 ], [ 1292490.000000000232831, 11936729.999400001019239 ], [ 1292490.000000000465661, 11936789.999400001019239 ], [ 1292459.999999999767169, 11936789.999400001019239 ], [ 1292459.999999999767169, 11936819.999400001019239 ], [ 1292429.999999999767169, 11936819.999400001019239 ], [ 1292430.0, 11936849.999400001019239 ], [ 1292399.999999999301508, 11936849.999400001019239 ], [ 1292399.999999998370185, 11936879.999399997293949 ], [ 1292339.999999999534339, 11936879.999400001019239 ], [ 1292340.000000000232831, 11936909.999400002881885 ], [ 1292309.999999999534339, 11936909.999400001019239 ], [ 1292309.999999999767169, 11936939.999400001019239 ], [ 1292279.999999999534339, 11936939.999400001019239 ], [ 1292280.000000000465661, 11936969.999400001019239 ], [ 1292249.999999999534339, 11936969.999400001019239 ], [ 1292250.000000000232831, 11936999.999400001019239 ], [ 1292189.999999999534339, 11936999.999400001019239 ], [ 1292189.999999997671694, 11937029.999400001019239 ], [ 1292159.999999999534339, 11937029.999400001019239 ], [ 1292159.999999999767169, 11937059.999400001019239 ], [ 1292130.0, 11937059.999400001019239 ], [ 1292130.000000000232831, 11937089.9994 ], [ 1292100.000000000232831, 11937089.999400001019239 ], [ 1292099.999999999767169, 11937119.999400001019239 ], [ 1292069.999999999534339, 11937119.999400001019239 ], [ 1292069.999999999534339, 11937149.999400001019239 ], [ 1292040.000000000232831, 11937149.999400001019239 ], [ 1292040.0, 11937299.999400001019239 ], [ 1292010.0, 11937299.999400001019239 ], [ 1292010.0, 11937329.999400001019239 ], [ 1291979.999999999767169, 11937329.999399997293949 ], [ 1291979.999999999767169, 11937359.999400001019239 ], [ 1291949.999999999534339, 11937359.999400001019239 ], [ 1291950.0, 11937389.999400001019239 ], [ 1291980.000000000232831, 11937389.999400001019239 ], [ 1291980.0, 11937509.999400001019239 ], [ 1291949.999999999767169, 11937509.999400001019239 ], [ 1291950.0, 11937779.999400001019239 ], [ 1291919.999999999301508, 11937779.999400001019239 ], [ 1291919.999999999068677, 11937899.999400001019239 ], [ 1291949.999999999068677, 11937899.999400001019239 ], [ 1291950.000000000465661, 11938019.999400001019239 ], [ 1291919.999999999767169, 11938019.999400001019239 ], [ 1291920.000000000232831, 11938049.99940000474453 ], [ 1291950.0, 11938049.999400001019239 ], [ 1291949.999999999534339, 11938199.999400001019239 ], [ 1291920.000000000465661, 11938199.999400001019239 ], [ 1291920.0, 11938259.999400001019239 ], [ 1291889.999999999767169, 11938259.999400001019239 ], [ 1291889.999999999534339, 11938319.999400001019239 ], [ 1291859.999999999534339, 11938319.9994 ], [ 1291860.0, 11938499.999400001019239 ], [ 1291890.000000000232831, 11938499.999400001019239 ], [ 1291890.000000000232831, 11938529.999400001019239 ], [ 1291920.0, 11938529.999400001019239 ], [ 1291919.999999999534339, 11938619.999400001019239 ], [ 1291980.000000000232831, 11938619.9994 ], [ 1291980.000000000465661, 11938649.999400001019239 ], [ 1292010.0, 11938649.999400001019239 ], [ 1292009.999999998603016, 11938679.999400001019239 ], [ 1292070.0, 11938679.999400001019239 ], [ 1292070.000000000232831, 11938709.999400001019239 ], [ 1292100.000000000465661, 11938709.999400001019239 ], [ 1292100.0, 11938769.999400001019239 ], [ 1292129.999999999767169, 11938769.999400001019239 ], [ 1292129.999999999767169, 11938799.9994 ], [ 1292219.999999999767169, 11938799.999400001019239 ], [ 1292220.0, 11938829.99940000474453 ], [ 1292279.999999998835847, 11938829.9994 ], [ 1292280.000000000232831, 11938889.999400001019239 ], [ 1292309.999999999534339, 11938889.999400001019239 ], [ 1292310.000000000232831, 11938949.999400001019239 ], [ 1292369.999999999767169, 11938949.999399997293949 ], [ 1292369.999999999767169, 11938979.999400001019239 ], [ 1292520.0, 11938979.9994 ], [ 1292520.000000000465661, 11939009.999400001019239 ], [ 1292549.999999999767169, 11939009.999400001019239 ], [ 1292550.0, 11939039.999400001019239 ], [ 1292579.999999998603016, 11939039.999400002881885 ], [ 1292579.999999999767169, 11939069.9994 ], [ 1292639.999999999534339, 11939069.999400001019239 ], [ 1292639.999999999534339, 11939099.999400001019239 ], [ 1292669.999999999767169, 11939099.999400001019239 ], [ 1292670.0, 11939129.999400001019239 ], [ 1292729.999999999767169, 11939129.999400001019239 ], [ 1292730.0, 11939219.999400001019239 ], [ 1292789.999999999534339, 11939219.999400001019239 ], [ 1292789.999999998370185, 11939249.999400001019239 ], [ 1292820.000000000232831, 11939249.999400001019239 ], [ 1292819.999999998370185, 11939279.999400001019239 ], [ 1292850.000000000232831, 11939279.999400001019239 ], [ 1292849.999999999534339, 11939309.999400001019239 ], [ 1292879.999999999068677, 11939309.999400001019239 ], [ 1292879.999999998603016, 11939279.999400001019239 ], [ 1292970.000000000465661, 11939279.999399995431304 ], [ 1292969.999999999767169, 11939309.999399997293949 ], [ 1292999.999999999534339, 11939309.999400001019239 ], [ 1293000.000000000465661, 11939369.999400001019239 ], [ 1293029.999999999534339, 11939369.999400001019239 ], [ 1293030.000000000465661, 11939399.999399997293949 ], [ 1293060.000000000465661, 11939399.9994 ], [ 1293059.999999999767169, 11939429.999400002881885 ], [ 1293089.999999999534339, 11939429.9994 ], [ 1293090.0, 11939459.999400001019239 ], [ 1293149.999999999068677, 11939459.999400001019239 ], [ 1293150.000000000465661, 11939489.999400001019239 ], [ 1293180.0, 11939489.999400001019239 ], [ 1293179.999999999534339, 11939639.999400001019239 ], [ 1293150.0, 11939639.999400001019239 ], [ 1293149.999999999534339, 11939669.999400001019239 ], [ 1293180.0, 11939669.999400001019239 ], [ 1293180.0, 11939819.999400001019239 ], [ 1293149.999999999767169, 11939819.999400001019239 ], [ 1293150.0, 11939909.999400001019239 ], [ 1293120.0, 11939909.999399997293949 ], [ 1293119.999999999534339, 11939939.99940000846982 ], [ 1293059.999999999534339, 11939939.999400001019239 ], [ 1293060.000000000232831, 11940059.999400001019239 ], [ 1293090.0, 11940059.999400001019239 ], [ 1293089.999999998835847, 11940179.999400001019239 ], [ 1293029.999999998835847, 11940179.999400001019239 ], [ 1293030.000000000465661, 11940209.999400001019239 ], [ 1293000.0, 11940209.999400001019239 ], [ 1292999.999999999068677, 11940239.9994 ], [ 1292970.0, 11940239.999399997293949 ], [ 1292969.999999999767169, 11940269.999400001019239 ], [ 1292910.0, 11940269.999400001019239 ], [ 1292910.0, 11940299.999400001019239 ], [ 1292879.999999999534339, 11940299.999400001019239 ], [ 1292879.999999999534339, 11940359.999399997293949 ], [ 1292879.999999999767169, 11940389.999400001019239 ], [ 1292939.999999999767169, 11940389.999400001019239 ], [ 1292940.000000000232831, 11940419.999400001019239 ], [ 1293030.000000000232831, 11940419.999400001019239 ], [ 1293029.999999999767169, 11940389.999400001019239 ], [ 1293089.999999998137355, 11940389.999400001019239 ], [ 1293090.0, 11940359.999400001019239 ], [ 1293180.0, 11940359.999400001019239 ], [ 1293180.0, 11940389.999400001019239 ], [ 1293210.0, 11940389.999400001019239 ], [ 1293209.999999998835847, 11940359.999400001019239 ], [ 1293240.000000000465661, 11940359.999400001019239 ], [ 1293239.999999999534339, 11940329.999400001019239 ], [ 1293360.0, 11940329.999400001019239 ], [ 1293359.999999998603016, 11940359.999400001019239 ], [ 1293419.999999999068677, 11940359.999400001019239 ], [ 1293420.000000000232831, 11940389.999399991706014 ], [ 1293509.999999999534339, 11940389.999400001019239 ], [ 1293509.999999999767169, 11940419.999400001019239 ], [ 1293570.0, 11940419.999400001019239 ], [ 1293570.000000000232831, 11940539.999400001019239 ], [ 1293600.000000000465661, 11940539.999400001019239 ], [ 1293599.999999999534339, 11940569.999400001019239 ], [ 1293659.999999999534339, 11940569.999400001019239 ], [ 1293660.000000000232831, 11940599.999400001019239 ], [ 1293690.000000000465661, 11940599.999399997293949 ], [ 1293690.0, 11940629.999400001019239 ], [ 1293810.000000000232831, 11940629.999400001019239 ], [ 1293809.999999999767169, 11940659.999400001019239 ], [ 1293839.999999999534339, 11940659.999400001019239 ], [ 1293840.000000000698492, 11940689.999399997293949 ], [ 1293870.000000000465661, 11940689.9994 ], [ 1293869.999999999534339, 11940779.999400001019239 ], [ 1293900.000000000465661, 11940779.999400001019239 ], [ 1293899.999999999767169, 11940809.999400001019239 ], [ 1293959.999999999534339, 11940809.999400001019239 ], [ 1293959.999999998603016, 11940779.999400001019239 ], [ 1293990.0, 11940779.999400001019239 ], [ 1293989.999999999301508, 11940749.999400001019239 ], [ 1294019.999999999767169, 11940749.999400001019239 ], [ 1294020.000000000465661, 11940719.999400001019239 ], [ 1294109.999999999534339, 11940719.9994 ], [ 1294110.000000000232831, 11940689.999400001019239 ], [ 1294170.000000000232831, 11940689.999400001019239 ], [ 1294170.0, 11940719.9994 ], [ 1294199.999999999534339, 11940719.999400001019239 ], [ 1294200.000000000465661, 11940749.999400001019239 ], [ 1294229.999999999767169, 11940749.999400001019239 ], [ 1294230.0, 11940779.999400001019239 ], [ 1294199.999999999767169, 11940779.999400001019239 ], [ 1294199.999999999767169, 11940869.999400002881885 ], [ 1294230.0, 11940869.999400001019239 ], [ 1294229.999999998370185, 11940899.999399997293949 ], [ 1294290.0, 11940899.999400001019239 ], [ 1294290.0, 11940929.9994 ], [ 1294319.999999999534339, 11940929.999400001019239 ], [ 1294320.0, 11940989.999400001019239 ], [ 1294350.0, 11940989.999400001019239 ], [ 1294350.0, 11941019.999400001019239 ], [ 1294379.999999999767169, 11941019.999400001019239 ], [ 1294380.000000000465661, 11941049.999400001019239 ], [ 1294409.999999999534339, 11941049.999400001019239 ], [ 1294409.999999998137355, 11941079.999400001019239 ], [ 1294469.999999999534339, 11941079.999400001019239 ], [ 1294469.999999999301508, 11941259.999400001019239 ], [ 1294380.0, 11941259.999400001019239 ], [ 1294380.0, 11941289.999400001019239 ], [ 1294349.999999999767169, 11941289.999400001019239 ], [ 1294349.999999999534339, 11941409.999400001019239 ], [ 1294320.0, 11941409.999400001019239 ], [ 1294320.000000000232831, 11941589.999400001019239 ], [ 1294289.999999999534339, 11941589.999400001019239 ], [ 1294289.999999999534339, 11941649.999400001019239 ], [ 1294260.0, 11941649.999400001019239 ], [ 1294259.999999999534339, 11941679.999400001019239 ], [ 1294290.0, 11941679.999400001019239 ], [ 1294290.000000000232831, 11941709.999400001019239 ], [ 1294319.999999999534339, 11941709.999400001019239 ], [ 1294319.999999999534339, 11941799.999400001019239 ], [ 1294350.0, 11941799.999400001019239 ], [ 1294350.0, 11941829.999400001019239 ], [ 1294380.000000000465661, 11941829.999400001019239 ], [ 1294380.0, 11941889.999400001019239 ], [ 1294409.999999997904524, 11941889.999400001019239 ], [ 1294410.000000000465661, 11941949.999400001019239 ], [ 1294439.999999999767169, 11941949.999400001019239 ], [ 1294440.0, 11941979.9994 ], [ 1294529.999999998603016, 11941979.999400001019239 ], [ 1294530.0, 11942009.999400001019239 ], [ 1294560.000000000465661, 11942009.999400001019239 ], [ 1294560.000000000465661, 11941979.999400001019239 ], [ 1294679.999999999068677, 11941979.999400001019239 ], [ 1294679.999999999767169, 11941949.9994 ], [ 1294739.999999999534339, 11941949.999400001019239 ], [ 1294739.999999999068677, 11941979.999400001019239 ], [ 1294800.0, 11941979.999400001019239 ], [ 1294800.0, 11941949.999400001019239 ], [ 1294830.000000000232831, 11941949.999400002881885 ], [ 1294830.0, 11941919.999400001019239 ], [ 1294860.0, 11941919.999400001019239 ], [ 1294859.999999999534339, 11941889.999400001019239 ], [ 1294889.999999999767169, 11941889.999400001019239 ], [ 1294889.999999999068677, 11941859.999400001019239 ], [ 1294950.000000000465661, 11941859.999399997293949 ], [ 1294950.000000000232831, 11941889.999400001019239 ], [ 1294980.000000000232831, 11941889.999400001019239 ], [ 1294979.999999999534339, 11941919.999400002881885 ], [ 1295010.0, 11941919.999400001019239 ], [ 1295009.999999999767169, 11942009.999400001019239 ], [ 1295040.0, 11942009.999400001019239 ], [ 1295040.0, 11942069.999400001019239 ], [ 1295069.999999999534339, 11942069.999400001019239 ], [ 1295070.000000000465661, 11942099.999400001019239 ], [ 1295099.999999999534339, 11942099.999400001019239 ], [ 1295100.0, 11942159.999400001019239 ], [ 1295069.999999999767169, 11942159.999399995431304 ], [ 1295069.999999999068677, 11942279.999399997293949 ], [ 1295099.999999997904524, 11942279.999400001019239 ], [ 1295099.999999999767169, 11942309.999400001019239 ], [ 1295129.999999997904524, 11942309.999400001019239 ], [ 1295129.999999999767169, 11942399.999400001019239 ], [ 1295100.000000000232831, 11942399.9994 ], [ 1295100.000000000232831, 11942429.999400001019239 ], [ 1295070.000000000232831, 11942429.999400001019239 ], [ 1295070.000000000232831, 11942609.999400001019239 ], [ 1295100.000000000465661, 11942609.999400001019239 ], [ 1295099.999999999767169, 11942639.999400001019239 ], [ 1295069.999999998603016, 11942639.999399997293949 ], [ 1295070.0, 11942699.999400001019239 ], [ 1295010.000000000465661, 11942699.999400001019239 ], [ 1295009.999999999767169, 11942789.999400001019239 ], [ 1295129.999999998370185, 11942789.999400001019239 ], [ 1295130.0, 11942819.999400001019239 ], [ 1295190.000000000232831, 11942819.999400001019239 ], [ 1295189.999999999534339, 11942909.999400001019239 ], [ 1295220.000000000232831, 11942909.999400002881885 ], [ 1295219.999999999301508, 11942969.999400001019239 ], [ 1295190.0, 11942969.999400001019239 ], [ 1295189.999999998603016, 11943059.999400001019239 ], [ 1295160.000000000465661, 11943059.999400001019239 ], [ 1295160.0, 11943119.9994 ], [ 1295129.999999998137355, 11943119.999399997293949 ], [ 1295130.0, 11943149.999400001019239 ], [ 1295099.999999999767169, 11943149.999400001019239 ], [ 1295099.999999999534339, 11943239.9994 ], [ 1295070.000000000232831, 11943239.999400001019239 ], [ 1295069.999999999767169, 11943269.999400001019239 ], [ 1295039.999999999301508, 11943269.999400001019239 ], [ 1295039.999999999534339, 11943299.999400001019239 ], [ 1295009.999999998370185, 11943299.999400001019239 ], [ 1295009.999999999534339, 11943449.999400001019239 ], [ 1294980.000000000232831, 11943449.999400001019239 ], [ 1294980.000000000465661, 11943479.999399997293949 ], [ 1294950.0, 11943479.999400001019239 ], [ 1294949.999999999767169, 11943509.999400001019239 ], [ 1294920.0, 11943509.999400001019239 ], [ 1294919.999999998603016, 11943539.999400001019239 ], [ 1294889.999999999534339, 11943539.99940000474453 ], [ 1294890.0, 11943569.999400001019239 ], [ 1294799.999999999767169, 11943569.999400001019239 ], [ 1294800.000000000465661, 11943599.999400001019239 ], [ 1294770.0, 11943599.9994 ], [ 1294770.0, 11943569.999400001019239 ], [ 1294589.999999999534339, 11943569.999400001019239 ], [ 1294590.000000000465661, 11943599.999400001019239 ], [ 1294530.0, 11943599.999400001019239 ], [ 1294529.999999999767169, 11943629.999400001019239 ], [ 1294500.000000000232831, 11943629.999400001019239 ], [ 1294499.999999999767169, 11943659.999400001019239 ], [ 1294439.999999999767169, 11943659.999400001019239 ], [ 1294440.000000000232831, 11943689.999400001019239 ], [ 1294409.999999999767169, 11943689.999400001019239 ], [ 1294409.999999999767169, 11943719.999400002881885 ], [ 1294349.999999999767169, 11943719.9994 ], [ 1294349.999999999534339, 11943749.999400001019239 ], [ 1294259.999999999767169, 11943749.999400001019239 ], [ 1294260.0, 11943779.999400001019239 ], [ 1294230.000000000465661, 11943779.999400001019239 ], [ 1294230.0, 11943809.999400001019239 ], [ 1294200.0, 11943809.999400001019239 ], [ 1294199.999999999534339, 11943839.999400001019239 ], [ 1294140.000000000465661, 11943839.999400001019239 ], [ 1294140.000000000232831, 11943869.999400001019239 ], [ 1294110.0, 11943869.999400001019239 ], [ 1294110.0, 11943989.999399997293949 ], [ 1294139.999999999534339, 11943989.999400001019239 ], [ 1294140.000000000465661, 11944019.999399997293949 ], [ 1294170.000000000465661, 11944019.999400001019239 ], [ 1294169.999999999767169, 11944049.999400001019239 ], [ 1294199.999999999767169, 11944049.999400001019239 ], [ 1294200.000000000465661, 11944079.999399997293949 ], [ 1294229.999999999534339, 11944079.999400001019239 ], [ 1294229.999999999767169, 11944139.999400001019239 ], [ 1294259.999999998603016, 11944139.999400001019239 ], [ 1294259.999999999534339, 11944169.999400001019239 ], [ 1294230.0, 11944169.999399997293949 ], [ 1294230.0, 11944199.999400001019239 ], [ 1294139.999999999534339, 11944199.999400001019239 ], [ 1294140.000000000232831, 11944259.999400001019239 ], [ 1293959.999999998835847, 11944259.999400001019239 ], [ 1293959.999999998603016, 11944439.999400001019239 ], [ 1293930.0, 11944439.999400001019239 ], [ 1293929.999999999534339, 11944469.999400001019239 ], [ 1293899.999999999767169, 11944469.999400001019239 ], [ 1293900.000000000232831, 11944499.999400001019239 ], [ 1293869.999999999534339, 11944499.999400001019239 ], [ 1293869.999999999767169, 11944529.999400001019239 ], [ 1293839.999999999767169, 11944529.999400001019239 ], [ 1293839.999999999534339, 11944559.999400001019239 ], [ 1293840.000000000465661, 11944589.999400001019239 ], [ 1293870.0, 11944589.999400001019239 ], [ 1293869.999999999767169, 11944619.999400001019239 ], [ 1293930.0, 11944619.999400001019239 ], [ 1293929.999999998603016, 11944649.999400001019239 ], [ 1294019.999999998603016, 11944649.999400001019239 ], [ 1294019.999999999068677, 11944679.999400001019239 ], [ 1294110.0, 11944679.999400001019239 ], [ 1294109.999999999534339, 11944709.999400001019239 ], [ 1294169.999999999068677, 11944709.9994 ], [ 1294170.000000000232831, 11944859.999400001019239 ], [ 1294140.0, 11944859.99940000474453 ], [ 1294140.0, 11944949.9994 ], [ 1294110.0, 11944949.999400001019239 ], [ 1294110.000000000465661, 11944979.999400001019239 ], [ 1294050.000000000232831, 11944979.999399997293949 ], [ 1294049.999999999534339, 11945069.999400002881885 ], [ 1293990.0, 11945069.999400001019239 ], [ 1293990.000000000232831, 11945099.999400001019239 ], [ 1293959.999999999534339, 11945099.999400001019239 ], [ 1293960.0, 11945159.999400001019239 ], [ 1293930.0, 11945159.99940000474453 ], [ 1293930.000000000232831, 11945249.999400001019239 ], [ 1293900.000000000232831, 11945249.999400001019239 ], [ 1293899.999999999534339, 11945399.999400001019239 ], [ 1293869.999999999534339, 11945399.999400001019239 ], [ 1293869.999999999068677, 11945579.9994 ], [ 1293839.999999999767169, 11945579.999400002881885 ], [ 1293840.000000000232831, 11945819.999400001019239 ], [ 1293810.0, 11945819.999400001019239 ], [ 1293809.999999999534339, 11945879.999400001019239 ], [ 1293750.000000000232831, 11945879.999400001019239 ], [ 1293749.999999999534339, 11945909.999400001019239 ], [ 1293720.000000000232831, 11945909.999400001019239 ], [ 1293719.999999999534339, 11945939.999400001019239 ], [ 1293689.999999999534339, 11945939.9994 ], [ 1293689.999999999767169, 11946059.9994 ], [ 1293720.0, 11946059.999400001019239 ], [ 1293720.0, 11946149.999400001019239 ], [ 1293690.0, 11946149.999400001019239 ], [ 1293690.000000000232831, 11946179.999400001019239 ], [ 1293660.000000000465661, 11946179.999400001019239 ], [ 1293659.999999998370185, 11946209.999400001019239 ], [ 1293600.0, 11946209.999400001019239 ], [ 1293599.999999999534339, 11946269.999400001019239 ], [ 1293570.000000000232831, 11946269.999400001019239 ], [ 1293570.0, 11946329.999400001019239 ], [ 1293600.0, 11946329.999400001019239 ], [ 1293600.000000000232831, 11946359.999400001019239 ], [ 1293569.999999999068677, 11946359.999400001019239 ], [ 1293570.0, 11946389.999400001019239 ], [ 1293540.0, 11946389.999400001019239 ], [ 1293540.000000000232831, 11946419.999400001019239 ], [ 1293509.999999999767169, 11946419.999400001019239 ], [ 1293509.999999999534339, 11946449.999400001019239 ], [ 1293480.000000000465661, 11946449.999400001019239 ], [ 1293480.000000000465661, 11946479.999399997293949 ], [ 1293450.0, 11946479.999400001019239 ], [ 1293449.999999999767169, 11946509.999400001019239 ], [ 1293419.999999999534339, 11946509.999400001019239 ], [ 1293420.000000000232831, 11946539.999400001019239 ], [ 1293389.999999999534339, 11946539.999400001019239 ], [ 1293390.0, 11946569.999400001019239 ], [ 1293359.999999999534339, 11946569.999400001019239 ], [ 1293360.000000000232831, 11946599.999400001019239 ], [ 1293329.999999997671694, 11946599.999400001019239 ], [ 1293329.999999999534339, 11946629.999400001019239 ], [ 1293299.999999998370185, 11946629.999400001019239 ], [ 1293300.000000000465661, 11946659.9994 ], [ 1293269.999999998835847, 11946659.999400001019239 ], [ 1293270.0, 11946689.999399997293949 ], [ 1293239.999999999534339, 11946689.999400001019239 ], [ 1293240.0, 11946719.999400001019239 ], [ 1293209.999999999534339, 11946719.999400001019239 ], [ 1293209.999999999534339, 11946779.999400002881885 ], [ 1293179.999999999767169, 11946779.999400001019239 ], [ 1293180.000000000465661, 11946809.999400001019239 ], [ 1293149.999999999068677, 11946809.999400001019239 ], [ 1293150.000000000232831, 11946929.999399997293949 ], [ 1293119.999999999068677, 11946929.9994 ], [ 1293119.999999998603016, 11946959.999400001019239 ], [ 1293090.000000000465661, 11946959.999400001019239 ], [ 1293090.000000000232831, 11946989.999399997293949 ], [ 1293059.999999999767169, 11946989.999400001019239 ], [ 1293059.999999999767169, 11947019.999400001019239 ], [ 1293030.0, 11947019.999400001019239 ], [ 1293029.999999999767169, 11947049.999400001019239 ], [ 1292939.999999999767169, 11947049.999400001019239 ], [ 1292939.999999999534339, 11947109.999400001019239 ], [ 1292879.999999999534339, 11947109.999400001019239 ], [ 1292880.000000000465661, 11947199.999400001019239 ], [ 1292909.999999999534339, 11947199.999400001019239 ], [ 1292910.000000000465661, 11947289.999399997293949 ], [ 1292940.000000000232831, 11947289.999400001019239 ], [ 1292940.000000000465661, 11947319.999400001019239 ], [ 1292969.999999999534339, 11947319.999400001019239 ], [ 1292970.0, 11947409.999400001019239 ], [ 1293030.000000000465661, 11947409.999400001019239 ], [ 1293030.000000000465661, 11947439.9994 ], [ 1293090.000000000232831, 11947439.999400001019239 ], [ 1293089.999999997671694, 11947469.999400001019239 ], [ 1293119.999999999767169, 11947469.999399997293949 ], [ 1293120.0, 11947499.999400001019239 ], [ 1293209.999999999534339, 11947499.999400001019239 ], [ 1293210.0, 11947529.999400002881885 ], [ 1293239.999999999767169, 11947529.999400001019239 ], [ 1293239.999999997438863, 11947559.999400001019239 ], [ 1293210.000000000232831, 11947559.999400001019239 ], [ 1293209.999999999767169, 11947649.999400001019239 ], [ 1293240.0, 11947649.999400001019239 ], [ 1293239.999999999534339, 11947679.999400002881885 ], [ 1293359.999999997671694, 11947679.999400001019239 ], [ 1293360.0, 11947709.999400001019239 ], [ 1293449.999999999534339, 11947709.999400001019239 ], [ 1293450.000000000465661, 11947859.999399997293949 ], [ 1293569.999999999534339, 11947859.999400001019239 ], [ 1293570.0, 11947889.9994 ], [ 1293659.999999999767169, 11947889.999400001019239 ], [ 1293660.0, 11947919.999400001019239 ], [ 1293719.999999999534339, 11947919.999400001019239 ], [ 1293720.0, 11947949.999400001019239 ], [ 1293749.999999999767169, 11947949.999400001019239 ], [ 1293750.000000000465661, 11947979.999400001019239 ], [ 1293780.0, 11947979.999400001019239 ], [ 1293779.999999999534339, 11948039.999400001019239 ], [ 1293810.000000000232831, 11948039.999400001019239 ], [ 1293809.999999999767169, 11948069.999400001019239 ], [ 1293839.999999999068677, 11948069.999400001019239 ], [ 1293839.999999999767169, 11948099.999400001019239 ], [ 1293870.000000000465661, 11948099.999399997293949 ], [ 1293870.000000000232831, 11948129.999400001019239 ], [ 1293990.000000000232831, 11948129.999400001019239 ], [ 1293990.0, 11948099.999400001019239 ], [ 1294050.000000000465661, 11948099.999400001019239 ], [ 1294049.999999999534339, 11948069.999400001019239 ], [ 1294080.000000000232831, 11948069.999400001019239 ], [ 1294080.0, 11948039.999400001019239 ], [ 1294139.999999998137355, 11948039.999400001019239 ], [ 1294139.999999998603016, 11948009.999400001019239 ], [ 1294169.999999999767169, 11948009.999400001019239 ], [ 1294169.999999999534339, 11947979.999400002881885 ], [ 1294199.999999999767169, 11947979.999400001019239 ], [ 1294199.999999998137355, 11947949.999400001019239 ], [ 1294259.999999998370185, 11947949.999400001019239 ], [ 1294259.999999999767169, 11947919.999400001019239 ], [ 1294289.999999999534339, 11947919.999400001019239 ], [ 1294290.000000000465661, 11947949.999400001019239 ], [ 1294410.000000000232831, 11947949.999400001019239 ], [ 1294410.000000000465661, 11947919.999399997293949 ], [ 1294440.000000000465661, 11947919.999400001019239 ], [ 1294439.999999999534339, 11947889.999400001019239 ], [ 1294529.999999999534339, 11947889.999400001019239 ], [ 1294530.0, 11947859.999400001019239 ], [ 1294619.999999999767169, 11947859.999400001019239 ], [ 1294620.0, 11947889.999400001019239 ], [ 1294649.999999999534339, 11947889.999400001019239 ], [ 1294650.000000000232831, 11947949.999400001019239 ], [ 1294680.000000000465661, 11947949.999400001019239 ], [ 1294680.0, 11948099.999400001019239 ], [ 1294709.999999999534339, 11948099.999400001019239 ], [ 1294709.999999998137355, 11948129.999400001019239 ], [ 1294740.0, 11948129.999400001019239 ], [ 1294739.999999999767169, 11948159.999400001019239 ], [ 1294830.0, 11948159.999399997293949 ], [ 1294830.0, 11948129.999400001019239 ], [ 1294860.0, 11948129.999400001019239 ], [ 1294859.999999999767169, 11948159.999400001019239 ], [ 1295040.0, 11948159.999399997293949 ], [ 1295040.0, 11948189.999400001019239 ], [ 1295070.000000000465661, 11948189.999400001019239 ], [ 1295070.0, 11948219.999400001019239 ], [ 1295129.999999999068677, 11948219.999400001019239 ], [ 1295130.0, 11948189.999400006607175 ], [ 1295369.999999998835847, 11948189.999400001019239 ], [ 1295370.000000000232831, 11948159.999400001019239 ], [ 1295399.999999999534339, 11948159.999400001019239 ], [ 1295400.0, 11948129.999399997293949 ], [ 1295490.000000000465661, 11948129.999400001019239 ], [ 1295489.999999999534339, 11948009.999400001019239 ], [ 1295610.000000000465661, 11948009.999400001019239 ], [ 1295609.999999999301508, 11947979.999400001019239 ], [ 1295730.0, 11947979.999400001019239 ], [ 1295729.999999999534339, 11947949.999400001019239 ], [ 1295760.000000000465661, 11947949.999400001019239 ], [ 1295759.999999999767169, 11947919.999400001019239 ], [ 1295850.0, 11947919.999400001019239 ], [ 1295849.999999999068677, 11947889.999399997293949 ], [ 1295879.999999999068677, 11947889.999400001019239 ], [ 1295879.999999999534339, 11947829.999400001019239 ], [ 1295939.999999999534339, 11947829.999400001019239 ], [ 1295940.000000000232831, 11947799.999400001019239 ], [ 1296120.000000000232831, 11947799.999400001019239 ], [ 1296119.999999999767169, 11947769.999400001019239 ], [ 1296299.999999999767169, 11947769.999400001019239 ], [ 1296299.999999999767169, 11947799.999400001019239 ], [ 1296329.999999999767169, 11947799.999400001019239 ], [ 1296330.000000000232831, 11947829.999400001019239 ], [ 1296359.999999999767169, 11947829.99940000474453 ], [ 1296360.0, 11947799.999400001019239 ], [ 1296449.999999999767169, 11947799.999400001019239 ], [ 1296450.0, 11947769.9994 ], [ 1296540.0, 11947769.999400001019239 ], [ 1296539.999999999534339, 11947799.999400001019239 ], [ 1296750.000000000465661, 11947799.999400001019239 ], [ 1296750.000000000465661, 11947829.999400001019239 ], [ 1296809.999999999767169, 11947829.999400001019239 ], [ 1296810.000000000465661, 11947859.999400001019239 ], [ 1296839.999999999534339, 11947859.999400001019239 ], [ 1296839.999999999534339, 11947889.999400001019239 ], [ 1296870.000000000465661, 11947889.999400001019239 ], [ 1296870.000000000232831, 11947979.9994 ], [ 1296899.999999999767169, 11947979.999400001019239 ], [ 1296900.0, 11948099.999400001019239 ], [ 1296869.999999999068677, 11948099.999400002881885 ], [ 1296870.0, 11948129.999400001019239 ], [ 1296809.999999999534339, 11948129.999400001019239 ], [ 1296810.000000000232831, 11948159.999400001019239 ], [ 1296780.000000000232831, 11948159.999400001019239 ], [ 1296779.999999998835847, 11948189.999400001019239 ], [ 1296659.999999999767169, 11948189.999400001019239 ], [ 1296660.000000000232831, 11948219.999399997293949 ], [ 1296629.999999999767169, 11948219.999400001019239 ], [ 1296630.0, 11948279.999400001019239 ], [ 1296480.000000000465661, 11948279.999400001019239 ], [ 1296480.0, 11948309.999399997293949 ], [ 1296450.000000000232831, 11948309.999400001019239 ], [ 1296450.000000000232831, 11948369.999399997293949 ], [ 1296420.000000000465661, 11948369.999400001019239 ], [ 1296419.999999999767169, 11948399.999400001019239 ], [ 1296330.0, 11948399.999400001019239 ], [ 1296330.000000000465661, 11948489.9994 ], [ 1296179.999999998835847, 11948489.999400001019239 ], [ 1296180.0, 11948519.999400001019239 ], [ 1296120.000000000232831, 11948519.999400001019239 ], [ 1296119.999999999767169, 11948549.999400001019239 ], [ 1296089.999999999767169, 11948549.999400001019239 ], [ 1296089.999999998370185, 11948639.999400001019239 ], [ 1296149.999999999767169, 11948639.999400001019239 ], [ 1296150.0, 11948669.999400001019239 ], [ 1296179.999999998603016, 11948669.9994 ], [ 1296179.999999999534339, 11948699.999400001019239 ], [ 1296210.0, 11948699.999400001019239 ], [ 1296210.000000000465661, 11948729.999400001019239 ], [ 1296240.000000000465661, 11948729.999400001019239 ], [ 1296239.999999999301508, 11948819.999400002881885 ], [ 1296150.000000000465661, 11948819.999400001019239 ], [ 1296150.0, 11948879.999400001019239 ], [ 1296060.0, 11948879.999400001019239 ], [ 1296060.000000000465661, 11948909.999400001019239 ], [ 1296030.0, 11948909.999400001019239 ], [ 1296030.000000000465661, 11948939.999400001019239 ], [ 1296000.0, 11948939.999400001019239 ], [ 1296000.0, 11948999.9994 ], [ 1296029.999999997206032, 11948999.999400001019239 ], [ 1296029.999999999534339, 11949029.999400001019239 ], [ 1296090.000000000465661, 11949029.999400001019239 ], [ 1296090.000000000465661, 11949059.999400001019239 ], [ 1296119.999999999301508, 11949059.999399997293949 ], [ 1296119.999999999767169, 11949149.999400001019239 ], [ 1296090.000000000465661, 11949149.999400001019239 ], [ 1296090.000000000232831, 11949179.9994 ], [ 1296059.999999999534339, 11949179.999400001019239 ], [ 1296059.999999999068677, 11949269.999400001019239 ], [ 1296089.999999999767169, 11949269.999400001019239 ], [ 1296089.999999999767169, 11949359.999400001019239 ], [ 1295910.0, 11949359.999400001019239 ], [ 1295910.000000000465661, 11949479.999400001019239 ], [ 1295940.000000000232831, 11949479.9994 ], [ 1295940.000000000232831, 11949539.999400001019239 ], [ 1295940.000000000232831, 11949599.999400001019239 ], [ 1295970.000000000232831, 11949599.999400001019239 ], [ 1295970.000000000465661, 11949689.999399995431304 ], [ 1296000.000000000232831, 11949689.999400001019239 ], [ 1295999.999999999534339, 11949809.999400001019239 ], [ 1295970.000000000232831, 11949809.999400001019239 ], [ 1295969.999999998137355, 11949929.999400001019239 ], [ 1295939.999999997438863, 11949929.999400001019239 ], [ 1295940.0, 11949959.999400001019239 ], [ 1295909.999999998370185, 11949959.999400001019239 ], [ 1295910.0, 11950049.999400001019239 ], [ 1295880.0, 11950049.999400001019239 ], [ 1295879.999999999767169, 11950079.999400001019239 ], [ 1295970.000000000232831, 11950079.999400001019239 ], [ 1295970.000000000232831, 11950109.999400001019239 ], [ 1296090.000000000232831, 11950109.999400001019239 ], [ 1296089.999999999767169, 11950169.999400001019239 ], [ 1296120.000000000465661, 11950169.999400001019239 ], [ 1296119.999999997438863, 11950199.999400001019239 ], [ 1296210.0, 11950199.999400001019239 ], [ 1296210.0, 11950229.999400001019239 ], [ 1296239.999999999767169, 11950229.999400001019239 ], [ 1296239.999999999767169, 11950199.999400001019239 ], [ 1296359.999999999767169, 11950199.999400001019239 ], [ 1296359.999999999767169, 11950259.999400001019239 ], [ 1296330.0, 11950259.9994 ], [ 1296330.0, 11950379.999400001019239 ], [ 1296480.0, 11950379.999400001019239 ], [ 1296479.999999999068677, 11950349.999400001019239 ], [ 1296509.999999999068677, 11950349.999400001019239 ], [ 1296510.0, 11950379.999400001019239 ], [ 1296539.999999997671694, 11950379.999400001019239 ], [ 1296539.999999999534339, 11950409.999400001019239 ], [ 1296509.999999999767169, 11950409.999400001019239 ], [ 1296510.000000000232831, 11950499.99940000474453 ], [ 1296540.000000000465661, 11950499.999400001019239 ], [ 1296539.999999999068677, 11950649.9994 ], [ 1296480.000000000465661, 11950649.999400001019239 ], [ 1296479.999999999767169, 11950679.999400001019239 ], [ 1296449.999999999534339, 11950679.999400001019239 ], [ 1296449.999999999767169, 11950709.999400001019239 ], [ 1296450.0, 11950739.999400001019239 ], [ 1296479.999999999534339, 11950739.9994 ], [ 1296480.000000000232831, 11950769.999400001019239 ], [ 1296509.999999999068677, 11950769.999400001019239 ], [ 1296510.000000000465661, 11950739.999400001019239 ], [ 1296720.0, 11950739.999400001019239 ], [ 1296720.000000000232831, 11950709.999400001019239 ], [ 1296780.000000000232831, 11950709.999400001019239 ], [ 1296779.999999999767169, 11950739.999400001019239 ], [ 1296810.0, 11950739.999400001019239 ], [ 1296809.999999999068677, 11950769.999400001019239 ], [ 1296960.000000000465661, 11950769.999400001019239 ], [ 1296959.999999998603016, 11950739.9994 ], [ 1296989.999999999534339, 11950739.999400001019239 ], [ 1296990.0, 11950769.999400001019239 ], [ 1297019.999999999534339, 11950769.999400001019239 ], [ 1297020.000000000232831, 11950799.999400001019239 ], [ 1296990.0, 11950799.999400001019239 ], [ 1296990.0, 11950859.9994 ], [ 1296960.0, 11950859.999399997293949 ], [ 1296960.0, 11950949.999400001019239 ], [ 1296930.000000000232831, 11950949.999400001019239 ], [ 1296930.0, 11951039.999400001019239 ], [ 1296899.999999999534339, 11951039.999400001019239 ], [ 1296899.999999999767169, 11951099.999400001019239 ], [ 1296870.000000000465661, 11951099.999400001019239 ], [ 1296870.0, 11951339.999400001019239 ], [ 1296839.999999999534339, 11951339.999400001019239 ], [ 1296840.000000000232831, 11951429.999400001019239 ], [ 1296869.999999999534339, 11951429.999400001019239 ], [ 1296869.999999998137355, 11951519.999400001019239 ], [ 1296839.999999999301508, 11951519.999400001019239 ], [ 1296839.999999999767169, 11951579.999400001019239 ], [ 1296870.0, 11951579.999400001019239 ], [ 1296869.999999999534339, 11951849.999400001019239 ], [ 1296839.999999999767169, 11951849.999400001019239 ], [ 1296839.999999999534339, 11951909.999400001019239 ], [ 1296809.999999999534339, 11951909.999400001019239 ], [ 1296809.999999999767169, 11951939.999400001019239 ], [ 1296780.000000000465661, 11951939.999400001019239 ], [ 1296780.000000000465661, 11951969.999400001019239 ], [ 1296750.000000000232831, 11951969.999400001019239 ], [ 1296749.999999999767169, 11951999.999400001019239 ], [ 1296720.000000000232831, 11951999.999400001019239 ], [ 1296720.000000000465661, 11952029.999400001019239 ], [ 1296690.000000000232831, 11952029.9994 ], [ 1296690.000000000698492, 11952059.999399997293949 ], [ 1296660.0, 11952059.999400001019239 ], [ 1296659.999999998370185, 11952089.9994 ], [ 1296689.999999999068677, 11952089.9994 ], [ 1296689.999999999301508, 11952149.9994 ], [ 1296720.0, 11952149.999399995431304 ], [ 1296720.0, 11952239.999399997293949 ], [ 1296779.999999998370185, 11952239.999400001019239 ], [ 1296780.000000000465661, 11952269.999400001019239 ], [ 1296810.000000000465661, 11952269.999400001019239 ], [ 1296810.0, 11952359.999400001019239 ], [ 1296840.0, 11952359.999400001019239 ], [ 1296840.000000000232831, 11952389.999400001019239 ], [ 1296870.000000000232831, 11952389.999400001019239 ], [ 1296870.0, 11952419.999400001019239 ], [ 1296899.999999999534339, 11952419.999400001019239 ], [ 1296900.000000000465661, 11952449.999400001019239 ], [ 1296930.0, 11952449.999400001019239 ], [ 1296929.999999997904524, 11952509.999400001019239 ], [ 1296960.0, 11952509.999400001019239 ], [ 1296960.000000000232831, 11952569.999400001019239 ], [ 1296929.999999999767169, 11952569.999400001019239 ], [ 1296930.000000000232831, 11952779.999400001019239 ], [ 1296929.999999999534339, 11952809.999400001019239 ], [ 1296960.0, 11952809.999400001019239 ], [ 1296960.0, 11952839.999400001019239 ], [ 1297020.0, 11952839.999400001019239 ], [ 1297019.999999999534339, 11952809.999400001019239 ], [ 1297169.999999997671694, 11952809.999400001019239 ], [ 1297169.999999999534339, 11952869.999400001019239 ], [ 1297260.0, 11952869.999400001019239 ], [ 1297259.999999998603016, 11952839.999400002881885 ], [ 1297289.999999999301508, 11952839.99940000474453 ], [ 1297290.0, 11952809.999400001019239 ], [ 1297319.999999999767169, 11952809.999400002881885 ], [ 1297320.000000000232831, 11952779.999400001019239 ], [ 1297349.999999999767169, 11952779.999400001019239 ], [ 1297349.999999999534339, 11952719.999400001019239 ], [ 1297409.999999999767169, 11952719.999400001019239 ], [ 1297409.999999999534339, 11952749.999400001019239 ], [ 1297500.0, 11952749.999399995431304 ], [ 1297499.999999999534339, 11952689.999400001019239 ], [ 1297620.0, 11952689.999399997293949 ], [ 1297619.999999999534339, 11952599.999400001019239 ], [ 1297679.999999999534339, 11952599.999400001019239 ], [ 1297679.999999997904524, 11952569.999400001019239 ], [ 1297710.0, 11952569.999400001019239 ], [ 1297709.999999999068677, 11952539.999400001019239 ], [ 1297740.000000000465661, 11952539.999400001019239 ], [ 1297739.999999999767169, 11952569.999400002881885 ], [ 1297769.999999999301508, 11952569.999400001019239 ], [ 1297769.999999999767169, 11952599.999400001019239 ], [ 1297800.0, 11952599.999400001019239 ], [ 1297799.999999999767169, 11952659.999400001019239 ], [ 1297829.999999999534339, 11952659.999400001019239 ], [ 1297830.000000000698492, 11952689.999399997293949 ], [ 1297859.999999999534339, 11952689.999400001019239 ], [ 1297860.0, 11952749.999400001019239 ], [ 1297829.999999999534339, 11952749.999400002881885 ], [ 1297830.000000000232831, 11952869.999400001019239 ], [ 1297859.999999999767169, 11952869.999400001019239 ], [ 1297859.999999998137355, 11953079.999400001019239 ], [ 1297829.999999999301508, 11953079.99940000474453 ], [ 1297829.999999999767169, 11953139.999400001019239 ], [ 1297859.999999999767169, 11953139.999400001019239 ], [ 1297859.999999999068677, 11953259.999400001019239 ], [ 1297889.999999999068677, 11953259.9994 ], [ 1297890.000000000465661, 11953289.999400001019239 ], [ 1297860.000000000232831, 11953289.999400001019239 ], [ 1297860.0, 11953319.999400001019239 ], [ 1297800.0, 11953319.999400001019239 ], [ 1297799.999999999534339, 11953379.999400001019239 ], [ 1297769.999999999534339, 11953379.999400001019239 ], [ 1297770.0, 11953409.999400001019239 ], [ 1297740.000000000465661, 11953409.999400001019239 ], [ 1297740.000000000465661, 11953439.999400001019239 ], [ 1297679.999999999534339, 11953439.999400001019239 ], [ 1297680.0, 11953469.999400001019239 ], [ 1297619.999999999068677, 11953469.999400001019239 ], [ 1297620.0, 11953589.999400001019239 ], [ 1297590.000000000465661, 11953589.999400001019239 ], [ 1297590.000000000232831, 11953709.999400001019239 ], [ 1297560.0, 11953709.999400001019239 ], [ 1297559.999999999534339, 11953769.999400001019239 ], [ 1297530.000000000232831, 11953769.999400002881885 ], [ 1297529.999999999534339, 11953889.999400001019239 ], [ 1297559.999999999767169, 11953889.999400001019239 ], [ 1297560.0, 11953949.999400001019239 ], [ 1297529.999999999068677, 11953949.999400001019239 ], [ 1297529.999999999534339, 11954069.999400001019239 ], [ 1297589.999999998835847, 11954069.999400001019239 ], [ 1297589.999999999534339, 11954189.99940000474453 ], [ 1297560.000000000232831, 11954189.999400001019239 ], [ 1297559.999999999767169, 11954249.999400001019239 ], [ 1297530.000000000465661, 11954249.999400001019239 ], [ 1297530.000000000232831, 11954429.999400001019239 ], [ 1297500.000000000232831, 11954429.999400001019239 ], [ 1297500.0, 11954459.999399997293949 ], [ 1297470.000000000465661, 11954459.9994 ], [ 1297470.000000000465661, 11954639.999400001019239 ], [ 1297499.999999998603016, 11954639.999400001019239 ], [ 1297500.000000000465661, 11954669.999400001019239 ], [ 1297559.999999998835847, 11954669.999400001019239 ], [ 1297559.999999999068677, 11954789.999400001019239 ], [ 1297590.0, 11954789.999400001019239 ], [ 1297590.0, 11954939.999400001019239 ], [ 1297619.999999999534339, 11954939.999400001019239 ], [ 1297620.0, 11954969.999400001019239 ], [ 1297680.000000000465661, 11954969.999400001019239 ], [ 1297680.0, 11954999.999400001019239 ], [ 1297829.999999999767169, 11954999.999400001019239 ], [ 1297829.999999999767169, 11955029.999400001019239 ], [ 1297859.999999999534339, 11955029.999400001019239 ], [ 1297860.000000000232831, 11955059.999400001019239 ], [ 1297890.0, 11955059.999400001019239 ], [ 1297890.0, 11955119.999400001019239 ], [ 1297920.0, 11955119.999400001019239 ], [ 1297919.999999999534339, 11955149.9994 ], [ 1297889.999999999767169, 11955149.999400001019239 ], [ 1297890.0, 11955239.9994 ], [ 1297920.0, 11955239.999400001019239 ], [ 1297920.000000000465661, 11955269.999400001019239 ], [ 1297889.999999998835847, 11955269.999400002881885 ], [ 1297890.000000000465661, 11955449.999400001019239 ], [ 1297919.999999999534339, 11955449.999400001019239 ], [ 1297920.000000000465661, 11955509.999400001019239 ], [ 1297950.000000000232831, 11955509.999400001019239 ], [ 1297949.999999999534339, 11955539.999400001019239 ], [ 1297919.999999999767169, 11955539.999400001019239 ], [ 1297919.999999999534339, 11955629.999400001019239 ], [ 1297950.000000000232831, 11955629.999400001019239 ], [ 1297949.999999998835847, 11955659.9994 ], [ 1298010.0, 11955659.999400001019239 ], [ 1298010.0, 11955689.999400001019239 ], [ 1298039.999999998603016, 11955689.999400001019239 ], [ 1298039.999999999767169, 11955719.999399997293949 ], [ 1298129.999999999534339, 11955719.999400001019239 ], [ 1298130.0, 11955689.9994 ], [ 1298190.0, 11955689.999400001019239 ], [ 1298190.000000000232831, 11955719.999400001019239 ], [ 1298220.0, 11955719.999400001019239 ], [ 1298219.999999999534339, 11955749.999400002881885 ], [ 1298250.000000000465661, 11955749.999400001019239 ], [ 1298249.999999999534339, 11955779.999400001019239 ], [ 1298279.999999999534339, 11955779.999400001019239 ], [ 1298280.0, 11955749.999400001019239 ], [ 1298430.000000000232831, 11955749.999400001019239 ], [ 1298429.999999999534339, 11955779.999400001019239 ], [ 1298459.999999999534339, 11955779.999400001019239 ], [ 1298459.999999999534339, 11955809.999400001019239 ], [ 1298579.999999998603016, 11955809.999400001019239 ], [ 1298580.0, 11955779.999400001019239 ], [ 1298609.999999999534339, 11955779.999400001019239 ], [ 1298610.0, 11955809.999400001019239 ], [ 1298669.999999999767169, 11955809.999400001019239 ], [ 1298670.000000000465661, 11955839.999400001019239 ], [ 1298699.999999998603016, 11955839.999400001019239 ], [ 1298699.999999999534339, 11955989.999400001019239 ], [ 1298729.999999999767169, 11955989.999400001019239 ], [ 1298729.999999998603016, 11956079.999400001019239 ], [ 1298699.999999999767169, 11956079.999400001019239 ], [ 1298699.999999998603016, 11956199.999400001019239 ], [ 1298639.999999997671694, 11956199.999400001019239 ], [ 1298640.0, 11956229.999400001019239 ], [ 1298610.000000000465661, 11956229.999400001019239 ], [ 1298609.999999998137355, 11956259.999400001019239 ], [ 1298580.0, 11956259.999399997293949 ], [ 1298579.999999999068677, 11956289.999400002881885 ], [ 1298550.0, 11956289.999400001019239 ], [ 1298550.000000000465661, 11956319.999400001019239 ], [ 1298460.0, 11956319.999400001019239 ], [ 1298459.999999998603016, 11956349.9994 ], [ 1298429.999999999534339, 11956349.999400001019239 ], [ 1298430.000000000465661, 11956499.999400001019239 ], [ 1298399.999999997904524, 11956499.99940000474453 ], [ 1298399.999999999767169, 11956649.999400001019239 ], [ 1298340.0, 11956649.999400001019239 ], [ 1298340.0, 11956679.999400001019239 ], [ 1298310.0, 11956679.999400001019239 ], [ 1298309.999999999534339, 11956739.999400001019239 ], [ 1298280.0, 11956739.999400001019239 ], [ 1298279.999999999534339, 11956769.999400001019239 ], [ 1298250.000000000232831, 11956769.999400001019239 ], [ 1298249.999999999534339, 11956979.999400001019239 ], [ 1298220.000000000465661, 11956979.9994 ], [ 1298219.999999999767169, 11957069.999400001019239 ], [ 1298189.999999999534339, 11957069.999400002881885 ], [ 1298190.000000000465661, 11957159.999400001019239 ], [ 1298159.999999999534339, 11957159.999400001019239 ], [ 1298160.0, 11957189.999400001019239 ], [ 1298100.000000000232831, 11957189.999400001019239 ], [ 1298099.999999999767169, 11957219.999400001019239 ], [ 1298070.000000000232831, 11957219.999400001019239 ], [ 1298070.000000000465661, 11957279.999400001019239 ], [ 1298040.0, 11957279.999400001019239 ], [ 1298039.999999999534339, 11957339.999400001019239 ], [ 1298010.000000000465661, 11957339.999400001019239 ], [ 1298009.999999999534339, 11957429.999400001019239 ], [ 1297949.999999999767169, 11957429.999400001019239 ], [ 1297950.0, 11957489.999400001019239 ], [ 1297889.999999999767169, 11957489.999400001019239 ], [ 1297889.999999997671694, 11957519.999400001019239 ], [ 1297860.000000000465661, 11957519.999400001019239 ], [ 1297859.999999999534339, 11957549.999400002881885 ], [ 1297830.0, 11957549.9994 ], [ 1297829.999999999767169, 11957639.999400001019239 ], [ 1298010.000000000465661, 11957639.999400001019239 ], [ 1298009.999999998603016, 11957669.999400001019239 ], [ 1298069.999999999534339, 11957669.999399997293949 ], [ 1298070.000000000232831, 11957699.999400001019239 ], [ 1298130.000000000465661, 11957699.999400001019239 ], [ 1298130.0, 11957639.999400001019239 ], [ 1298159.999999999534339, 11957639.999400001019239 ], [ 1298159.999999997671694, 11957669.999400001019239 ], [ 1298250.000000000232831, 11957669.999400001019239 ], [ 1298249.999999999767169, 11957639.999400001019239 ], [ 1298309.999999999534339, 11957639.999400001019239 ], [ 1298309.999999999767169, 11957729.999400001019239 ], [ 1298280.0, 11957729.999400001019239 ], [ 1298279.999999999767169, 11957789.999400001019239 ], [ 1298249.999999999767169, 11957789.999400001019239 ], [ 1298250.0, 11957879.9994 ], [ 1298279.999999998603016, 11957879.999399995431304 ], [ 1298279.999999999767169, 11957939.999400001019239 ], [ 1298310.0, 11957939.999400002881885 ], [ 1298309.999999998137355, 11958119.999400001019239 ], [ 1298340.000000000465661, 11958119.999400001019239 ], [ 1298339.999999999767169, 11958149.999400001019239 ], [ 1298400.0, 11958149.999400001019239 ], [ 1298399.999999999068677, 11958209.999400001019239 ], [ 1298430.000000000465661, 11958209.999400001019239 ], [ 1298430.000000000232831, 11958239.999400001019239 ], [ 1298459.999999999534339, 11958239.999400001019239 ], [ 1298459.999999999534339, 11958299.9994 ], [ 1298429.999999999534339, 11958299.999400001019239 ], [ 1298429.999999999534339, 11958329.999400001019239 ], [ 1298399.999999998370185, 11958329.999400002881885 ], [ 1298400.0, 11958389.999400001019239 ], [ 1298370.000000000232831, 11958389.9994 ], [ 1298369.999999999767169, 11958479.999400001019239 ], [ 1298339.999999997671694, 11958479.999400001019239 ], [ 1298339.999999999301508, 11958509.999400001019239 ], [ 1298369.999999999068677, 11958509.999400001019239 ], [ 1298369.999999998835847, 11958539.999400001019239 ], [ 1298340.0, 11958539.999400001019239 ], [ 1298340.0, 11958599.9994 ], [ 1298310.000000000232831, 11958599.9994 ], [ 1298309.999999999534339, 11958659.9994 ], [ 1298280.0, 11958659.999400001019239 ], [ 1298279.999999999767169, 11958689.999400001019239 ], [ 1298220.0, 11958689.999400001019239 ], [ 1298219.999999999534339, 11958719.999400001019239 ], [ 1298189.999999999534339, 11958719.999400001019239 ], [ 1298190.0, 11958809.999400001019239 ], [ 1298219.999999999068677, 11958809.999400001019239 ], [ 1298220.000000000465661, 11958869.999400001019239 ], [ 1298190.000000000232831, 11958869.999400001019239 ], [ 1298190.000000000232831, 11959049.999400001019239 ], [ 1298160.0, 11959049.999400001019239 ], [ 1298160.0, 11959139.9994 ], [ 1298130.0, 11959139.999400001019239 ], [ 1298130.0, 11959169.999400002881885 ], [ 1298099.999999999767169, 11959169.999400001019239 ], [ 1298100.000000000232831, 11959199.999400001019239 ], [ 1297890.0, 11959199.999400001019239 ], [ 1297889.999999999534339, 11959229.999400001019239 ], [ 1297830.0, 11959229.999399997293949 ], [ 1297829.999999999534339, 11959289.999400001019239 ], [ 1297799.999999999534339, 11959289.9994 ], [ 1297799.999999999534339, 11959349.999399997293949 ], [ 1297830.0, 11959349.999400001019239 ], [ 1297830.0, 11959409.999400001019239 ], [ 1297769.999999999301508, 11959409.99940000474453 ], [ 1297769.999999999301508, 11959439.999399997293949 ], [ 1297710.000000000232831, 11959439.999400001019239 ], [ 1297710.000000000232831, 11959529.999400001019239 ], [ 1297679.999999999301508, 11959529.999400001019239 ], [ 1297679.999999999534339, 11959559.999400001019239 ], [ 1297589.999999999767169, 11959559.999400001019239 ], [ 1297590.0, 11959589.999400001019239 ], [ 1297560.000000000232831, 11959589.999400001019239 ], [ 1297560.0, 11959679.999400001019239 ], [ 1297589.999999999534339, 11959679.999400001019239 ], [ 1297589.999999999534339, 11959709.999400001019239 ], [ 1297559.999999999767169, 11959709.999400001019239 ], [ 1297560.0, 11959799.999400001019239 ], [ 1297529.999999999767169, 11959799.999400001019239 ], [ 1297529.999999999767169, 11959859.999400001019239 ], [ 1297500.000000000465661, 11959859.9994 ], [ 1297499.999999999534339, 11959919.999400001019239 ], [ 1297470.0, 11959919.999400001019239 ], [ 1297469.999999998835847, 11959949.999400001019239 ], [ 1297380.000000000232831, 11959949.999400001019239 ], [ 1297379.999999999534339, 11960069.999400001019239 ], [ 1297350.000000000465661, 11960069.999400001019239 ], [ 1297350.0, 11960129.999400001019239 ], [ 1297319.999999999767169, 11960129.999400001019239 ], [ 1297320.000000000465661, 11960369.999400001019239 ], [ 1297350.000000000465661, 11960369.999400001019239 ], [ 1297350.000000000232831, 11960399.999400001019239 ], [ 1297380.0, 11960399.999399993568659 ], [ 1297379.999999999767169, 11960429.999400002881885 ], [ 1297410.0, 11960429.999400001019239 ], [ 1297410.0, 11960519.999400001019239 ], [ 1297379.999999999534339, 11960519.999400001019239 ], [ 1297380.000000000232831, 11960549.999400001019239 ], [ 1297290.0, 11960549.999400001019239 ], [ 1297290.0, 11960579.999400002881885 ], [ 1297260.0, 11960579.999400001019239 ], [ 1297259.999999999534339, 11960609.999400001019239 ], [ 1297229.999999998603016, 11960609.999400001019239 ], [ 1297230.0, 11960669.999400001019239 ], [ 1297200.000000000465661, 11960669.999400001019239 ], [ 1297200.000000000698492, 11960729.999399997293949 ], [ 1297170.000000000465661, 11960729.999400001019239 ], [ 1297170.000000000232831, 11960789.9994 ], [ 1297139.999999999534339, 11960789.999400001019239 ], [ 1297140.0, 11960849.999399997293949 ], [ 1297109.999999999301508, 11960849.999400001019239 ], [ 1297110.000000000232831, 11960879.999400001019239 ], [ 1297079.999999998603016, 11960879.999400001019239 ], [ 1297079.999999998835847, 11960939.999400001019239 ], [ 1297049.999999997904524, 11960939.999400001019239 ], [ 1297050.0, 11961029.999399997293949 ], [ 1297109.999999999534339, 11961029.999400001019239 ], [ 1297109.999999999534339, 11961059.999400001019239 ], [ 1297140.0, 11961059.999400001019239 ], [ 1297139.999999999534339, 11961089.999400002881885 ], [ 1297170.000000000465661, 11961089.999400001019239 ], [ 1297169.999999999767169, 11961179.999400001019239 ], [ 1297229.999999998603016, 11961179.999400001019239 ], [ 1297230.000000000232831, 11961209.999400001019239 ], [ 1297260.000000000232831, 11961209.999400001019239 ], [ 1297259.999999999301508, 11961179.999400001019239 ], [ 1297320.0, 11961179.999400001019239 ], [ 1297319.999999999534339, 11961209.999400001019239 ], [ 1297349.999999999767169, 11961209.999400001019239 ], [ 1297349.999999999534339, 11961269.999400001019239 ], [ 1297409.999999998835847, 11961269.999400001019239 ], [ 1297410.000000000232831, 11961209.999400001019239 ], [ 1297440.000000000232831, 11961209.999400001019239 ], [ 1297439.999999999767169, 11961029.999400001019239 ], [ 1297470.0, 11961029.999400001019239 ], [ 1297469.999999999068677, 11960969.999400001019239 ], [ 1297560.0, 11960969.999400001019239 ], [ 1297560.0, 11960999.999400001019239 ], [ 1297589.999999998835847, 11960999.9994 ], [ 1297590.000000000232831, 11961059.999399995431304 ], [ 1297649.999999999767169, 11961059.999400001019239 ], [ 1297650.000000000232831, 11961119.999399997293949 ], [ 1297739.999999998370185, 11961119.999400001019239 ], [ 1297739.999999998603016, 11961089.999400001019239 ], [ 1297769.999999998603016, 11961089.999400002881885 ], [ 1297799.999999999534339, 11961089.999400001019239 ], [ 1297800.000000000465661, 11961209.999400001019239 ], [ 1297770.000000000465661, 11961209.9994 ], [ 1297770.000000000465661, 11961239.999400001019239 ], [ 1297739.999999999534339, 11961239.999400001019239 ], [ 1297740.000000000465661, 11961299.999400001019239 ], [ 1297710.000000000232831, 11961299.999400001019239 ], [ 1297710.000000000232831, 11961359.999400001019239 ], [ 1297649.999999999767169, 11961359.999400001019239 ], [ 1297650.000000000465661, 11961389.999400001019239 ], [ 1297620.000000000465661, 11961389.999400001019239 ], [ 1297619.999999998603016, 11961599.999400001019239 ], [ 1297590.0, 11961599.999400001019239 ], [ 1297589.999999999534339, 11961629.999400001019239 ], [ 1297530.000000000232831, 11961629.999400001019239 ], [ 1297529.999999999767169, 11961719.999400001019239 ], [ 1297560.000000000465661, 11961719.999399997293949 ], [ 1297559.999999999534339, 11961779.999400001019239 ], [ 1297590.0, 11961779.999400001019239 ], [ 1297589.999999999767169, 11961809.999400001019239 ], [ 1297619.999999999767169, 11961809.999400001019239 ], [ 1297739.999999998603016, 11961809.999400001019239 ], [ 1297739.999999999767169, 11961839.999400001019239 ], [ 1297770.000000000232831, 11961839.999400001019239 ], [ 1297770.0, 11962049.999400001019239 ], [ 1297739.999999999534339, 11962049.999399995431304 ], [ 1297739.999999998603016, 11962109.999400002881885 ], [ 1297709.999999999767169, 11962109.999400001019239 ], [ 1297710.0, 11962139.999400001019239 ], [ 1297680.000000000698492, 11962139.999399997293949 ], [ 1297679.999999999767169, 11962259.999400002881885 ], [ 1297710.000000000232831, 11962259.999400001019239 ], [ 1297709.999999997904524, 11962289.999400001019239 ], [ 1297739.999999999767169, 11962289.999400001019239 ], [ 1297740.000000000465661, 11962319.999400001019239 ], [ 1297769.999999999301508, 11962319.999400001019239 ], [ 1297769.999999999068677, 11962349.999400001019239 ], [ 1297799.999999999534339, 11962349.999400001019239 ], [ 1297799.999999999767169, 11962379.999400001019239 ], [ 1297829.999999999301508, 11962379.999400001019239 ], [ 1297829.999999998835847, 11962409.999400001019239 ], [ 1297860.000000000232831, 11962409.999400001019239 ], [ 1297859.999999999534339, 11962439.999400001019239 ], [ 1297799.999999998603016, 11962439.999400001019239 ], [ 1297799.999999999534339, 11962529.999400001019239 ], [ 1297830.0, 11962529.999400001019239 ], [ 1297830.0, 11962559.999400001019239 ], [ 1297890.0, 11962559.999400001019239 ], [ 1297889.999999998835847, 11962589.999400001019239 ], [ 1297919.999999999534339, 11962589.99940000474453 ], [ 1297920.000000000232831, 11962679.999400001019239 ], [ 1297890.0, 11962679.999400001019239 ], [ 1297889.999999999767169, 11962739.999400001019239 ], [ 1297859.999999999767169, 11962739.999400001019239 ], [ 1297859.999999999767169, 11962799.999400001019239 ], [ 1297830.0, 11962799.999399991706014 ], [ 1297829.999999999534339, 11962889.999400001019239 ], [ 1297860.0, 11962889.999400001019239 ], [ 1297859.999999999534339, 11962919.999400001019239 ], [ 1297889.999999999767169, 11962919.999400001019239 ], [ 1297890.000000000465661, 11962949.9994 ], [ 1297919.999999999534339, 11962949.999400001019239 ], [ 1297919.999999999767169, 11963009.999400001019239 ], [ 1298010.000000000232831, 11963009.999400001019239 ], [ 1298009.999999999767169, 11962979.999400001019239 ], [ 1298040.0, 11962979.999400001019239 ], [ 1298039.999999999534339, 11963009.999400001019239 ], [ 1298099.999999997904524, 11963009.999400001019239 ], [ 1298100.0, 11963039.999400001019239 ], [ 1298189.999999999534339, 11963039.999400001019239 ], [ 1298189.999999999534339, 11963069.999400001019239 ], [ 1298220.0, 11963069.999400001019239 ], [ 1298220.000000000232831, 11963159.9994 ], [ 1298249.999999999534339, 11963159.999400001019239 ], [ 1298249.999999998603016, 11963249.99940000474453 ], [ 1298219.999999999767169, 11963249.999400001019239 ], [ 1298219.999999999301508, 11963399.999400001019239 ], [ 1298190.0, 11963399.999400001019239 ], [ 1298190.000000000232831, 11963429.999400001019239 ], [ 1298220.000000000465661, 11963429.9994 ], [ 1298220.000000000232831, 11963459.999400001019239 ], [ 1298250.000000000465661, 11963459.999400001019239 ], [ 1298250.0, 11963489.999400001019239 ], [ 1298279.999999999767169, 11963489.999400001019239 ], [ 1298279.999999999534339, 11963519.999400001019239 ], [ 1298310.0, 11963519.999400001019239 ], [ 1298310.0, 11963639.999400001019239 ], [ 1298339.999999999767169, 11963639.999400001019239 ], [ 1298340.0, 11963729.999400001019239 ], [ 1298399.999999999767169, 11963729.999400001019239 ], [ 1298400.0, 11963759.999400002881885 ], [ 1298430.000000000465661, 11963759.999400001019239 ], [ 1298429.999999999534339, 11963789.999400002881885 ], [ 1298459.999999999068677, 11963789.999400001019239 ], [ 1298459.999999999767169, 11963819.999400001019239 ], [ 1298520.000000000232831, 11963819.999400001019239 ], [ 1298519.999999999767169, 11963969.999400001019239 ], [ 1298490.0, 11963969.999400001019239 ], [ 1298490.0, 11963999.999400001019239 ], [ 1298520.000000000465661, 11963999.999400001019239 ], [ 1298519.999999999534339, 11964029.999399997293949 ], [ 1298490.0, 11964029.999400001019239 ], [ 1298489.999999999534339, 11964059.999400002881885 ], [ 1298519.999999999767169, 11964059.999400001019239 ], [ 1298520.000000000465661, 11964149.999400001019239 ], [ 1298489.999999998137355, 11964149.999400006607175 ], [ 1298489.999999999534339, 11964179.999400001019239 ], [ 1298519.999999999534339, 11964179.999400001019239 ], [ 1298519.999999999534339, 11964209.999400001019239 ], [ 1298549.999999998603016, 11964209.999400001019239 ], [ 1298549.999999997671694, 11964359.999399997293949 ], [ 1298520.000000000232831, 11964359.999400001019239 ], [ 1298520.0, 11964389.999400001019239 ], [ 1298489.999999999301508, 11964389.9994 ], [ 1298489.999999998370185, 11964479.999400001019239 ], [ 1298520.000000000232831, 11964479.999400001019239 ], [ 1298520.0, 11964509.999400001019239 ], [ 1298550.000000000232831, 11964509.999400001019239 ], [ 1298549.999999999534339, 11964539.999400001019239 ], [ 1298580.000000000465661, 11964539.999400001019239 ], [ 1298580.000000000465661, 11964569.999400001019239 ], [ 1298609.999999999534339, 11964569.999400001019239 ], [ 1298610.000000000465661, 11964599.999400001019239 ], [ 1298670.0, 11964599.999400001019239 ], [ 1298669.999999999767169, 11964659.999400001019239 ], [ 1298640.000000000465661, 11964659.999400001019239 ], [ 1298639.999999999534339, 11964689.999400001019239 ], [ 1298670.000000000232831, 11964689.999400001019239 ], [ 1298669.999999999534339, 11964779.999400001019239 ], [ 1298699.999999999534339, 11964779.999400001019239 ], [ 1298699.999999997438863, 11964989.999400001019239 ], [ 1298760.000000000465661, 11964989.999400001019239 ], [ 1298760.000000000232831, 11965019.999400001019239 ], [ 1298820.000000000465661, 11965019.9994 ], [ 1298820.000000000465661, 11965169.999399997293949 ], [ 1298789.999999999767169, 11965169.9994 ], [ 1298790.0, 11965259.999400001019239 ], [ 1298819.999999999767169, 11965259.999400001019239 ], [ 1298820.0, 11965379.9994 ], [ 1298849.999999999534339, 11965379.999400001019239 ], [ 1298850.000000000465661, 11965469.999400001019239 ], [ 1298910.0, 11965469.999400001019239 ], [ 1298909.999999998835847, 11965439.999400001019239 ], [ 1298939.999999999767169, 11965439.999400001019239 ], [ 1298939.999999997904524, 11965409.999400001019239 ], [ 1298970.000000000232831, 11965409.999400001019239 ], [ 1298969.999999999068677, 11965379.999400001019239 ], [ 1299000.000000000465661, 11965379.999399997293949 ], [ 1298999.999999999068677, 11965349.999400001019239 ], [ 1299090.000000000232831, 11965349.999400001019239 ], [ 1299089.999999999534339, 11965319.999400001019239 ], [ 1299120.000000000465661, 11965319.999400001019239 ], [ 1299119.999999999534339, 11965289.999400001019239 ], [ 1299209.999999999767169, 11965289.999400001019239 ], [ 1299209.999999999767169, 11965259.999400001019239 ], [ 1299390.0, 11965259.999400001019239 ], [ 1299389.999999999068677, 11965229.999400001019239 ], [ 1299419.999999997671694, 11965229.999400001019239 ], [ 1299420.000000000465661, 11965199.999400001019239 ], [ 1299450.0, 11965199.999400001019239 ], [ 1299450.0, 11965289.999399997293949 ], [ 1299479.999999999534339, 11965289.999400001019239 ], [ 1299479.999999999534339, 11965349.999400001019239 ], [ 1299509.999999999534339, 11965349.999400001019239 ], [ 1299510.0, 11965499.999400001019239 ], [ 1299630.000000000232831, 11965499.999400001019239 ], [ 1299630.0, 11965469.999400001019239 ], [ 1299720.0, 11965469.9994 ], [ 1299720.000000000232831, 11965409.999400001019239 ], [ 1299749.999999999767169, 11965409.999400001019239 ], [ 1299750.0, 11965319.999400001019239 ], [ 1299809.999999999534339, 11965319.999400001019239 ], [ 1299810.0, 11965289.999400001019239 ], [ 1299959.999999998137355, 11965289.999400001019239 ], [ 1299959.999999999767169, 11965229.9994 ], [ 1299989.999999999534339, 11965229.999400001019239 ], [ 1299990.0, 11965199.999400001019239 ], [ 1300109.999999999534339, 11965199.999400001019239 ], [ 1300110.0, 11965229.999399995431304 ], [ 1300140.0, 11965229.999400001019239 ], [ 1300140.0, 11965289.999400002881885 ], [ 1300169.999999999534339, 11965289.999400002881885 ], [ 1300170.000000000232831, 11965349.999400001019239 ], [ 1300200.0, 11965349.999400001019239 ], [ 1300199.999999999767169, 11965439.999400001019239 ], [ 1300229.999999999767169, 11965439.999400001019239 ], [ 1300229.999999999301508, 11965709.9994 ], [ 1300260.000000000465661, 11965709.999400001019239 ], [ 1300260.000000000232831, 11965769.999399997293949 ], [ 1300320.0, 11965769.999399997293949 ], [ 1300319.999999999767169, 11965859.999399997293949 ], [ 1300350.000000000232831, 11965859.999400001019239 ], [ 1300349.999999999767169, 11965979.999400001019239 ], [ 1300319.999999997671694, 11965979.999400001019239 ], [ 1300320.000000000232831, 11966099.999400001019239 ], [ 1300349.999999999767169, 11966099.999400001019239 ], [ 1300350.000000000465661, 11966219.999400001019239 ], [ 1300379.999999998137355, 11966219.999400001019239 ], [ 1300379.999999997671694, 11966309.9994 ], [ 1300410.000000000232831, 11966309.999400001019239 ], [ 1300409.999999999767169, 11966339.9994 ], [ 1300440.0, 11966339.999400001019239 ], [ 1300439.999999999301508, 11966369.999400001019239 ], [ 1300469.999999999767169, 11966369.999400001019239 ], [ 1300470.000000000465661, 11966399.999400001019239 ], [ 1300499.999999999534339, 11966399.999400001019239 ], [ 1300500.000000000232831, 11966489.9994 ], [ 1300530.0, 11966489.999400001019239 ], [ 1300530.000000000232831, 11966579.999400001019239 ], [ 1300499.999999999767169, 11966579.999400001019239 ], [ 1300500.000000000232831, 11966699.999400001019239 ], [ 1300619.999999999534339, 11966699.999400001019239 ], [ 1300620.0, 11966729.999400001019239 ], [ 1300650.0, 11966729.999400001019239 ], [ 1300650.000000000232831, 11966759.999400002881885 ], [ 1300680.000000000465661, 11966759.999399997293949 ], [ 1300679.999999999767169, 11966789.999400001019239 ], [ 1300710.0, 11966789.999400001019239 ], [ 1300710.000000000465661, 11966849.999400001019239 ], [ 1300679.999999999767169, 11966849.999400002881885 ], [ 1300679.999999999534339, 11966939.999400001019239 ], [ 1300650.0, 11966939.999400001019239 ], [ 1300649.999999999534339, 11966969.999400001019239 ], [ 1300679.999999999068677, 11966969.999400001019239 ], [ 1300680.000000000465661, 11966999.999400001019239 ], [ 1300709.999999999301508, 11966999.999400001019239 ], [ 1300710.000000000232831, 11967149.999400001019239 ], [ 1300680.000000000232831, 11967149.999400001019239 ], [ 1300679.999999999767169, 11967209.999400001019239 ], [ 1300740.0, 11967209.999400001019239 ], [ 1300740.0, 11967239.999400001019239 ], [ 1300829.999999999301508, 11967239.999400001019239 ], [ 1300830.0, 11967389.999400001019239 ], [ 1300799.999999998137355, 11967389.999399997293949 ], [ 1300799.999999999534339, 11967449.999400001019239 ], [ 1300859.999999999767169, 11967449.999400001019239 ], [ 1300860.0, 11967479.999400001019239 ], [ 1300950.0, 11967479.999400001019239 ], [ 1300949.999999999534339, 11967539.999400001019239 ], [ 1300980.0, 11967539.999400001019239 ], [ 1300979.999999998603016, 11967629.9994 ], [ 1300949.999999999534339, 11967629.999400001019239 ], [ 1300949.999999998137355, 11967719.999400001019239 ], [ 1301009.999999999534339, 11967719.999400001019239 ], [ 1301010.000000000232831, 11967749.999400001019239 ], [ 1301039.999999999301508, 11967749.999400001019239 ], [ 1301039.999999999534339, 11967899.999400001019239 ], [ 1301009.999999999767169, 11967899.999400001019239 ], [ 1301009.999999999534339, 11967959.999400001019239 ], [ 1301040.000000000465661, 11967959.999400001019239 ], [ 1301039.999999999534339, 11968049.999400001019239 ], [ 1301070.0, 11968049.9994 ], [ 1301069.999999999534339, 11968079.999400002881885 ], [ 1301189.999999999534339, 11968079.999400001019239 ], [ 1301190.0, 11968169.9994 ], [ 1301159.999999999767169, 11968169.999400001019239 ], [ 1301159.999999999767169, 11968199.9994 ], [ 1301190.0, 11968199.999400001019239 ], [ 1301189.999999999767169, 11968229.999400001019239 ], [ 1301220.0, 11968229.9994 ], [ 1301220.000000000465661, 11968169.999400001019239 ], [ 1301249.999999998603016, 11968169.999400001019239 ], [ 1301250.000000000465661, 11968109.999400001019239 ], [ 1301370.000000000232831, 11968109.999400001019239 ], [ 1301370.0, 11968139.999400001019239 ], [ 1301520.0, 11968139.999399997293949 ], [ 1301520.000000000465661, 11968169.999399993568659 ], [ 1301549.999999999534339, 11968169.999400001019239 ], [ 1301549.999999999534339, 11968259.999400002881885 ], [ 1301520.000000000232831, 11968259.999399997293949 ], [ 1301520.0, 11968289.999400001019239 ], [ 1301490.000000000465661, 11968289.999400001019239 ], [ 1301490.0, 11968319.9994 ], [ 1301520.0, 11968319.999400001019239 ], [ 1301519.999999999534339, 11968439.999400001019239 ], [ 1301580.000000000465661, 11968439.999400001019239 ], [ 1301579.999999999767169, 11968409.999400001019239 ], [ 1301670.0, 11968409.999400001019239 ], [ 1301670.000000000232831, 11968439.999400001019239 ], [ 1301700.000000000698492, 11968439.999399989843369 ], [ 1301699.999999999534339, 11968379.999400001019239 ], [ 1301729.999999999534339, 11968379.999400001019239 ], [ 1301729.999999999534339, 11968349.999400001019239 ], [ 1301819.999999999767169, 11968349.999400001019239 ], [ 1301819.999999999534339, 11968379.999400001019239 ], [ 1301850.000000000232831, 11968379.9994 ], [ 1301850.000000000465661, 11968439.999400001019239 ], [ 1301910.000000000232831, 11968439.999400001019239 ], [ 1301910.0, 11968469.999400001019239 ], [ 1301940.000000000465661, 11968469.999400001019239 ], [ 1301939.999999999767169, 11968499.999400001019239 ], [ 1302000.000000000232831, 11968499.999400001019239 ], [ 1302000.000000000232831, 11968529.999400001019239 ], [ 1302029.999999999767169, 11968529.9994 ], [ 1302030.0, 11968679.999400001019239 ], [ 1301999.999999999767169, 11968679.999400001019239 ], [ 1302000.000000000232831, 11968739.999400001019239 ], [ 1301969.999999999068677, 11968739.999400001019239 ], [ 1301969.999999998370185, 11968919.999400001019239 ], [ 1301999.999999999534339, 11968919.999400001019239 ], [ 1301999.999999999767169, 11969039.999400001019239 ], [ 1302030.0, 11969039.999400001019239 ], [ 1302029.999999999534339, 11969099.99940000474453 ], [ 1302059.999999997671694, 11969099.999400001019239 ], [ 1302060.000000000465661, 11969159.999400001019239 ], [ 1302119.999999999068677, 11969159.999400001019239 ], [ 1302210.0, 11969159.999400001019239 ], [ 1302210.0, 11969189.999400001019239 ], [ 1302269.999999999534339, 11969189.999400001019239 ], [ 1302270.0, 11969219.999399997293949 ], [ 1302209.999999999767169, 11969219.999400001019239 ], [ 1302210.000000000232831, 11969309.999400001019239 ], [ 1302240.0, 11969309.999400001019239 ], [ 1302240.0, 11969339.999400001019239 ], [ 1302269.999999999767169, 11969339.999400001019239 ], [ 1302269.999999999767169, 11969399.999400001019239 ], [ 1302330.000000000465661, 11969399.999399993568659 ], [ 1302330.000000000465661, 11969369.999400001019239 ], [ 1302389.999999998603016, 11969369.999400001019239 ], [ 1302389.999999999767169, 11969399.999400001019239 ], [ 1302510.0, 11969399.999400001019239 ], [ 1302510.000000000465661, 11969429.999399993568659 ], [ 1302600.000000000232831, 11969429.999399997293949 ], [ 1302600.000000000465661, 11969459.999400001019239 ], [ 1302629.999999999767169, 11969459.999400001019239 ], [ 1302630.000000000232831, 11969429.999400001019239 ], [ 1302659.999999999068677, 11969429.999400001019239 ], [ 1302660.0, 11969339.999400001019239 ], [ 1302750.000000000465661, 11969339.999400001019239 ], [ 1302750.000000000465661, 11969309.999400001019239 ], [ 1302809.999999998835847, 11969309.999400001019239 ], [ 1302809.999999999767169, 11969339.999400001019239 ], [ 1302900.0, 11969339.999400001019239 ], [ 1302899.999999999767169, 11969159.999400001019239 ], [ 1302930.0, 11969159.999400001019239 ], [ 1302930.000000000232831, 11969099.999400001019239 ], [ 1302899.999999999767169, 11969099.999400001019239 ], [ 1302900.000000000232831, 11969069.9994 ], [ 1302869.999999999767169, 11969069.999400002881885 ], [ 1302870.000000000232831, 11969039.999400001019239 ], [ 1302839.999999998603016, 11969039.999400001019239 ], [ 1302839.999999998603016, 11969009.999400001019239 ], [ 1302779.999999998370185, 11969009.999399997293949 ], [ 1302780.0, 11968919.999399997293949 ], [ 1302749.999999999767169, 11968919.999400001019239 ], [ 1302749.999999999767169, 11968709.999400001019239 ], [ 1302779.999999999767169, 11968709.999400001019239 ], [ 1302780.0, 11968679.999400001019239 ], [ 1302690.0, 11968679.9994 ], [ 1302690.0, 11968589.99940000474453 ], [ 1302750.000000000232831, 11968589.999400001019239 ], [ 1302749.999999999534339, 11968469.999400001019239 ], [ 1302839.999999999534339, 11968469.999400006607175 ], [ 1302839.999999997904524, 11968439.999400001019239 ], [ 1302870.0, 11968439.999400001019239 ], [ 1302869.999999999767169, 11968409.9994 ], [ 1302900.0, 11968409.999400001019239 ], [ 1302899.999999999767169, 11968319.999400001019239 ], [ 1302990.0, 11968319.999400001019239 ], [ 1302989.999999998603016, 11968259.999400001019239 ], [ 1303110.0, 11968259.999399997293949 ], [ 1303110.000000000232831, 11968229.999400001019239 ], [ 1303140.000000000465661, 11968229.9994 ], [ 1303139.999999999534339, 11968049.999400002881885 ], [ 1303199.999999999767169, 11968049.999400001019239 ], [ 1303200.0, 11968019.999400001019239 ], [ 1303230.0, 11968019.999400001019239 ], [ 1303229.999999999534339, 11967989.999400001019239 ], [ 1303260.000000000232831, 11967989.999400001019239 ], [ 1303259.999999999534339, 11967959.99940000474453 ], [ 1303290.000000000465661, 11967959.999400001019239 ], [ 1303289.999999997671694, 11967899.999400001019239 ], [ 1303229.999999999767169, 11967899.999400001019239 ], [ 1303230.000000000465661, 11967779.999400001019239 ], [ 1303260.0, 11967779.999400001019239 ], [ 1303260.0, 11967749.999400001019239 ], [ 1303409.999999999534339, 11967749.999400001019239 ], [ 1303409.999999999534339, 11967779.999400001019239 ], [ 1303439.999999999534339, 11967779.999400001019239 ], [ 1303440.000000000465661, 11967809.999399997293949 ], [ 1303530.0, 11967809.999400001019239 ], [ 1303530.0, 11967839.999400001019239 ], [ 1303560.0, 11967839.999400001019239 ], [ 1303560.0, 11967929.999400001019239 ], [ 1303649.999999999534339, 11967929.999400001019239 ], [ 1303650.0, 11967959.999400001019239 ], [ 1303679.999999999068677, 11967959.999400001019239 ], [ 1303679.999999999767169, 11967929.999400001019239 ], [ 1303769.999999998835847, 11967929.999400001019239 ], [ 1303770.0, 11967899.999400002881885 ], [ 1303829.999999999534339, 11967899.999400001019239 ], [ 1303829.999999999534339, 11967869.999400001019239 ], [ 1303860.0, 11967869.999400001019239 ], [ 1303859.999999999767169, 11967839.999400001019239 ], [ 1303919.999999998603016, 11967839.999400001019239 ], [ 1303920.0, 11967779.999400001019239 ], [ 1303950.000000000232831, 11967779.999399995431304 ], [ 1303950.0, 11967599.999400001019239 ], [ 1303979.999999999534339, 11967599.999400001019239 ], [ 1303979.999999998603016, 11967539.999400002881885 ], [ 1304009.999999999767169, 11967539.999400001019239 ], [ 1304010.000000000465661, 11967479.999400001019239 ], [ 1304040.000000000232831, 11967479.999400001019239 ], [ 1304039.999999997671694, 11967419.999399997293949 ], [ 1304160.0, 11967419.999399997293949 ], [ 1304160.0, 11967449.9994 ], [ 1304220.000000000232831, 11967449.999400001019239 ], [ 1304220.000000000465661, 11967419.999400001019239 ], [ 1304249.999999999534339, 11967419.99940000474453 ], [ 1304250.0, 11967359.999400001019239 ], [ 1304280.000000000465661, 11967359.999400001019239 ], [ 1304279.999999999767169, 11967329.999399997293949 ], [ 1304309.999999998835847, 11967329.999400001019239 ], [ 1304309.999999998603016, 11967299.999400001019239 ], [ 1304340.000000000465661, 11967299.999400001019239 ], [ 1304340.0, 11967239.999400001019239 ], [ 1304430.000000000232831, 11967239.999400001019239 ], [ 1304430.000000000465661, 11967209.999400001019239 ], [ 1304550.000000000465661, 11967209.999399989843369 ], [ 1304549.999999998835847, 11967239.999399997293949 ], [ 1304609.999999999534339, 11967239.999400001019239 ], [ 1304610.0, 11967269.999399997293949 ], [ 1304639.999999999301508, 11967269.999400001019239 ], [ 1304640.000000000465661, 11967329.999400001019239 ], [ 1304699.999999998835847, 11967329.999400001019239 ], [ 1304700.0, 11967359.999400001019239 ], [ 1304789.999999998137355, 11967359.999400001019239 ], [ 1304789.999999999534339, 11967389.999400001019239 ], [ 1304819.999999999534339, 11967389.999400001019239 ], [ 1304820.000000000465661, 11967419.999400001019239 ], [ 1304850.0, 11967419.999400001019239 ], [ 1304849.999999999534339, 11967509.999400001019239 ], [ 1304880.0, 11967509.999400001019239 ], [ 1304879.999999999301508, 11967539.999400001019239 ], [ 1304849.999999999767169, 11967539.999400001019239 ], [ 1304849.999999999767169, 11967569.999400001019239 ], [ 1304819.999999998603016, 11967569.999400001019239 ], [ 1304820.000000000465661, 11967599.9994 ], [ 1304849.999999999534339, 11967599.999400001019239 ], [ 1304849.999999999767169, 11967629.999400001019239 ], [ 1304939.999999999534339, 11967629.9994 ], [ 1304940.000000000232831, 11967659.999400001019239 ], [ 1305060.0, 11967659.999400001019239 ], [ 1305060.000000000232831, 11967719.999400001019239 ], [ 1305209.999999999767169, 11967719.999400001019239 ], [ 1305210.0, 11967689.999399997293949 ], [ 1305239.999999999534339, 11967689.999400001019239 ], [ 1305239.999999998835847, 11967659.999400001019239 ], [ 1305270.0, 11967659.999400001019239 ], [ 1305270.000000000698492, 11967599.999399993568659 ], [ 1305300.000000000465661, 11967599.9994 ], [ 1305300.000000000465661, 11967569.999400001019239 ], [ 1305419.999999999767169, 11967569.999400001019239 ], [ 1305419.999999999534339, 11967599.999400001019239 ], [ 1305510.000000000232831, 11967599.999400001019239 ], [ 1305509.999999999534339, 11967569.999400001019239 ], [ 1305599.999999999767169, 11967569.999400001019239 ], [ 1305599.999999999767169, 11967599.999400001019239 ], [ 1305660.0, 11967599.999400001019239 ], [ 1305659.999999999534339, 11967569.999400001019239 ], [ 1305780.0, 11967569.999400001019239 ], [ 1305780.000000000465661, 11967479.999400001019239 ], [ 1305750.000000000465661, 11967479.999400001019239 ], [ 1305749.999999999534339, 11967389.999400001019239 ], [ 1305719.999999998137355, 11967389.999400001019239 ], [ 1305720.0, 11967239.999400001019239 ], [ 1305749.999999998835847, 11967239.999400001019239 ], [ 1305750.0, 11967179.999400001019239 ], [ 1305779.999999999534339, 11967179.9994 ], [ 1305780.000000000465661, 11967149.999400001019239 ], [ 1305840.0, 11967149.999400001019239 ], [ 1305840.000000000465661, 11967119.999400001019239 ], [ 1305870.000000000232831, 11967119.9994 ], [ 1305869.999999999534339, 11967089.999400001019239 ], [ 1305899.999999999767169, 11967089.999400001019239 ], [ 1305900.000000000465661, 11967059.999400001019239 ], [ 1305929.999999998603016, 11967059.999400001019239 ], [ 1305929.999999999534339, 11967029.999400001019239 ], [ 1305960.0, 11967029.999400001019239 ], [ 1305959.999999999534339, 11966969.99940000474453 ], [ 1305990.000000000465661, 11966969.999400001019239 ], [ 1305990.0, 11966849.999400001019239 ], [ 1306020.000000000465661, 11966849.999400001019239 ], [ 1306020.000000000465661, 11966819.999399997293949 ], [ 1306050.000000000232831, 11966819.999400001019239 ], [ 1306049.999999999301508, 11966729.999400001019239 ], [ 1306080.0, 11966729.999400001019239 ], [ 1306079.999999999534339, 11966699.999400001019239 ], [ 1306109.999999999068677, 11966699.999400001019239 ], [ 1306110.000000000465661, 11966639.999400001019239 ], [ 1306140.000000000465661, 11966639.999400001019239 ], [ 1306140.000000000232831, 11966579.999400001019239 ], [ 1306170.000000000465661, 11966579.999400001019239 ], [ 1306169.999999999767169, 11966549.999400001019239 ], [ 1306199.999999999534339, 11966549.999400001019239 ], [ 1306199.999999999534339, 11966519.999400001019239 ], [ 1306320.000000000232831, 11966519.9994 ], [ 1306320.000000000465661, 11966489.9994 ], [ 1306409.999999998603016, 11966489.999400001019239 ], [ 1306410.000000000232831, 11966459.9994 ], [ 1306439.999999999301508, 11966459.999400001019239 ], [ 1306440.000000000465661, 11966489.999400001019239 ], [ 1306470.0, 11966489.999400001019239 ], [ 1306469.999999999767169, 11966519.999400002881885 ], [ 1306499.999999999767169, 11966519.9994 ], [ 1306499.999999999301508, 11966609.999400001019239 ], [ 1306529.999999999767169, 11966609.999400001019239 ], [ 1306530.000000000465661, 11966639.9994 ], [ 1306559.999999999534339, 11966639.999400001019239 ], [ 1306560.0, 11966669.999399997293949 ], [ 1306679.999999999534339, 11966669.999400001019239 ], [ 1306679.999999999534339, 11966699.999400001019239 ], [ 1306710.000000000232831, 11966699.999400001019239 ], [ 1306710.0, 11966669.999400001019239 ], [ 1306770.0, 11966669.999400001019239 ], [ 1306769.999999999534339, 11966639.99940000474453 ], [ 1306799.999999999767169, 11966639.999400001019239 ], [ 1306799.999999999767169, 11966609.999400001019239 ], [ 1306830.0, 11966609.999399997293949 ], [ 1306829.999999999301508, 11966579.999400001019239 ], [ 1306889.999999999767169, 11966579.999400001019239 ], [ 1306889.999999999534339, 11966549.999400001019239 ], [ 1306949.999999997671694, 11966549.999400001019239 ], [ 1306949.999999999534339, 11966519.999400001019239 ], [ 1306980.0, 11966519.999400001019239 ], [ 1306980.000000000232831, 11966489.999400001019239 ], [ 1307010.0, 11966489.999400001019239 ], [ 1307010.000000000232831, 11966399.999399997293949 ], [ 1307040.000000000465661, 11966399.999400001019239 ], [ 1307039.999999998137355, 11966369.999400001019239 ], [ 1307069.999999999534339, 11966369.999400001019239 ], [ 1307069.999999999301508, 11966339.999400001019239 ], [ 1307100.0, 11966339.999400001019239 ], [ 1307099.999999998137355, 11966249.999400001019239 ], [ 1307100.000000000465661, 11966219.999400001019239 ], [ 1307159.999999999767169, 11966219.9994 ], [ 1307159.999999999767169, 11966189.999399997293949 ], [ 1307220.000000000232831, 11966189.999400001019239 ], [ 1307220.000000000232831, 11966129.999400001019239 ], [ 1307340.000000000465661, 11966129.999399997293949 ], [ 1307339.999999997671694, 11966069.999400001019239 ], [ 1307370.000000000465661, 11966069.999400001019239 ], [ 1307369.999999999534339, 11966039.999400001019239 ], [ 1307549.999999998835847, 11966039.999400001019239 ], [ 1307550.000000000232831, 11966009.999400001019239 ], [ 1307580.000000000232831, 11966009.999400001019239 ], [ 1307579.999999999767169, 11965979.999400001019239 ], [ 1307609.999999999767169, 11965979.999400001019239 ], [ 1307609.999999998137355, 11965859.999400001019239 ], [ 1307640.0, 11965859.999400001019239 ], [ 1307640.000000000232831, 11965829.999400001019239 ], [ 1307700.0, 11965829.999400001019239 ], [ 1307699.999999999068677, 11965709.999400001019239 ], [ 1307640.000000000232831, 11965709.999400001019239 ], [ 1307640.0, 11965589.999400001019239 ], [ 1307669.999999999534339, 11965589.999400001019239 ], [ 1307669.999999998835847, 11965559.999400001019239 ], [ 1307700.000000000232831, 11965559.999400001019239 ], [ 1307699.999999999767169, 11965529.999400001019239 ], [ 1307730.0, 11965529.999400001019239 ], [ 1307730.0, 11965499.999400001019239 ], [ 1307789.999999999534339, 11965499.999400001019239 ], [ 1307789.999999999534339, 11965289.999400001019239 ], [ 1307730.000000000232831, 11965289.999400001019239 ], [ 1307730.000000000232831, 11965199.999400001019239 ], [ 1307820.000000000465661, 11965199.999400001019239 ], [ 1307819.999999999767169, 11965169.999400001019239 ], [ 1307850.000000000232831, 11965169.999400001019239 ], [ 1307850.0, 11965079.999400001019239 ], [ 1307819.999999999767169, 11965079.999400001019239 ], [ 1307820.000000000232831, 11965019.999400001019239 ], [ 1307760.0, 11965019.999400001019239 ], [ 1307759.999999999767169, 11964959.999400001019239 ], [ 1307729.999999999767169, 11964959.999400002881885 ], [ 1307730.0, 11964989.999400001019239 ], [ 1307700.000000000232831, 11964989.999400001019239 ], [ 1307700.000000000232831, 11965019.999400001019239 ], [ 1307520.000000000232831, 11965019.999400001019239 ], [ 1307519.999999999767169, 11964959.999399997293949 ], [ 1307489.999999999534339, 11964959.999400001019239 ], [ 1307489.999999999767169, 11964929.999400001019239 ], [ 1307459.999999999068677, 11964929.999400001019239 ], [ 1307459.999999999534339, 11964899.999400001019239 ], [ 1307430.000000000232831, 11964899.999400001019239 ], [ 1307430.0, 11964869.999400001019239 ], [ 1307400.0, 11964869.999400001019239 ], [ 1307400.000000000232831, 11964839.999400001019239 ], [ 1307370.0, 11964839.999400001019239 ], [ 1307370.0, 11964689.999400001019239 ], [ 1307280.0, 11964689.999400001019239 ], [ 1307280.0, 11964659.999400001019239 ], [ 1307250.0, 11964659.999400001019239 ], [ 1307250.000000000465661, 11964629.999400001019239 ], [ 1307129.999999999767169, 11964629.999400001019239 ], [ 1307130.000000000465661, 11964599.999400001019239 ], [ 1307010.000000000465661, 11964599.9994 ], [ 1307009.999999999534339, 11964629.999400001019239 ], [ 1306919.999999998137355, 11964629.999400001019239 ], [ 1306920.0, 11964509.999399997293949 ], [ 1307009.999999999767169, 11964509.999400001019239 ], [ 1307010.000000000698492, 11964449.999399995431304 ], [ 1307040.000000000232831, 11964449.999400001019239 ], [ 1307040.0, 11964419.999400001019239 ], [ 1307070.0, 11964419.999400001019239 ], [ 1307070.0, 11964389.999400001019239 ], [ 1307099.999999999534339, 11964389.999400001019239 ], [ 1307099.999999999767169, 11964359.999400001019239 ], [ 1307189.999999999767169, 11964359.999400001019239 ], [ 1307190.0, 11964389.999400001019239 ], [ 1307250.0, 11964389.999400002881885 ], [ 1307250.0, 11964299.999400001019239 ], [ 1307279.999999999534339, 11964299.999400001019239 ], [ 1307279.999999999767169, 11964329.999400001019239 ], [ 1307490.000000000465661, 11964329.999400001019239 ], [ 1307489.999999999767169, 11964299.999400001019239 ], [ 1307609.999999999767169, 11964299.999400001019239 ], [ 1307609.999999999534339, 11964329.999400001019239 ], [ 1307639.999999999534339, 11964329.999400001019239 ], [ 1307640.0, 11964089.999400001019239 ], [ 1307729.999999999068677, 11964089.999400001019239 ], [ 1307729.999999999767169, 11964059.999400001019239 ], [ 1307820.000000000232831, 11964059.999400001019239 ], [ 1307820.0, 11964029.999400001019239 ], [ 1307849.999999999767169, 11964029.999400001019239 ], [ 1307849.999999999068677, 11963699.999400001019239 ], [ 1307879.999999997671694, 11963699.999400001019239 ], [ 1307879.999999999301508, 11963669.999399997293949 ], [ 1307910.0, 11963669.999400001019239 ], [ 1307910.0, 11963699.999400001019239 ], [ 1307970.0, 11963699.999400001019239 ], [ 1307970.000000000232831, 11963759.999400001019239 ], [ 1308000.0, 11963759.999400001019239 ], [ 1307999.999999998835847, 11963729.999400001019239 ], [ 1308030.0, 11963729.999400001019239 ], [ 1308030.0, 11963579.9994 ], [ 1308030.0, 11963519.999400001019239 ], [ 1307999.999999999068677, 11963519.999400001019239 ], [ 1308000.0, 11963399.99940000474453 ], [ 1307940.0, 11963399.999400001019239 ], [ 1307939.999999997671694, 11963339.999400001019239 ], [ 1307969.999999999767169, 11963339.999400001019239 ], [ 1307970.000000000465661, 11963309.999400001019239 ], [ 1308030.000000000232831, 11963309.999400001019239 ], [ 1308030.000000000232831, 11963279.999400001019239 ], [ 1308000.000000000465661, 11963279.999400001019239 ], [ 1307999.999999999767169, 11963189.999400001019239 ], [ 1308029.999999997671694, 11963189.999400001019239 ], [ 1308029.999999998603016, 11963129.999400001019239 ], [ 1308059.999999999534339, 11963129.99940000474453 ], [ 1308059.999999999534339, 11963069.999400001019239 ], [ 1308090.000000000232831, 11963069.999400001019239 ], [ 1308090.000000000232831, 11962859.999400001019239 ], [ 1308119.999999999534339, 11962859.999400001019239 ], [ 1308119.999999999767169, 11962829.999400001019239 ], [ 1308149.999999999767169, 11962829.9994 ], [ 1308150.000000000465661, 11962799.999400001019239 ], [ 1308179.999999999068677, 11962799.999400001019239 ], [ 1308180.000000000465661, 11962769.999400001019239 ], [ 1308209.999999998603016, 11962769.999400001019239 ], [ 1308210.0, 11962739.999400001019239 ], [ 1308239.999999999767169, 11962739.999400001019239 ], [ 1308240.000000000465661, 11962679.999400001019239 ], [ 1308299.999999999767169, 11962679.999400001019239 ], [ 1308300.0, 11962589.999400001019239 ], [ 1308270.000000000232831, 11962589.999400001019239 ], [ 1308269.999999999068677, 11962529.999400001019239 ], [ 1308240.0, 11962529.999399997293949 ], [ 1308239.999999999767169, 11962499.999400001019239 ], [ 1308209.999999998603016, 11962499.999400001019239 ], [ 1308209.999999999534339, 11962469.999400002881885 ], [ 1308240.000000000465661, 11962469.9994 ], [ 1308240.000000000232831, 11962229.999400001019239 ], [ 1308269.999999999068677, 11962229.999400001019239 ], [ 1308269.999999999767169, 11962199.999400001019239 ], [ 1308239.999999999534339, 11962199.9994 ], [ 1308239.999999998835847, 11962109.999400002881885 ], [ 1308209.999999999534339, 11962109.999400001019239 ], [ 1308210.000000000465661, 11962079.999400001019239 ], [ 1308209.999999999534339, 11961959.999400001019239 ], [ 1308269.999999998603016, 11961959.999400001019239 ], [ 1308269.999999999767169, 11961929.999400001019239 ], [ 1308300.0, 11961929.999400001019239 ], [ 1308299.999999999534339, 11961869.999400001019239 ], [ 1308389.999999999767169, 11961869.999400001019239 ], [ 1308390.000000000232831, 11961899.999400001019239 ], [ 1308449.999999997904524, 11961899.999400001019239 ], [ 1308450.000000000465661, 11961929.999399997293949 ], [ 1308540.000000000232831, 11961929.999400001019239 ], [ 1308539.999999999767169, 11961959.999400001019239 ], [ 1308569.999999999767169, 11961959.999400001019239 ], [ 1308569.999999998835847, 11962019.999400001019239 ], [ 1308629.999999999534339, 11962019.999400001019239 ], [ 1308630.000000000465661, 11962049.999400001019239 ], [ 1308659.999999999534339, 11962049.999400001019239 ], [ 1308659.999999997438863, 11962019.999400001019239 ], [ 1308689.999999999534339, 11962019.999400001019239 ], [ 1308689.999999998603016, 11961989.999400001019239 ], [ 1308719.999999999767169, 11961989.999400001019239 ], [ 1308720.000000000465661, 11961959.999400001019239 ], [ 1308780.0, 11961959.999400001019239 ], [ 1308780.0, 11961869.99940000474453 ], [ 1308840.000000000232831, 11961869.999400001019239 ], [ 1308840.0, 11961779.9994 ], [ 1308869.999999998603016, 11961779.9994 ], [ 1308870.0, 11961689.999400001019239 ], [ 1309050.0, 11961689.999400001019239 ], [ 1309050.000000000232831, 11961719.999400001019239 ], [ 1309080.0, 11961719.999400001019239 ], [ 1309079.999999999767169, 11961809.999400001019239 ], [ 1309110.000000000232831, 11961809.999400001019239 ], [ 1309109.999999999301508, 11961869.999400002881885 ], [ 1309170.0, 11961869.999400001019239 ], [ 1309169.999999999534339, 11961899.999400001019239 ], [ 1309229.999999999534339, 11961899.999400001019239 ], [ 1309229.999999999301508, 11962049.999400001019239 ], [ 1309289.999999999534339, 11962049.999400001019239 ], [ 1309290.000000000465661, 11962109.999400001019239 ], [ 1309320.000000000465661, 11962109.999400001019239 ], [ 1309320.0, 11962139.999400001019239 ], [ 1309349.999999999767169, 11962139.999400001019239 ], [ 1309350.0, 11962169.999400001019239 ], [ 1309380.000000000465661, 11962169.999400001019239 ], [ 1309380.000000000465661, 11962199.9994 ], [ 1309470.000000000465661, 11962199.999400001019239 ], [ 1309470.000000000232831, 11962229.999399997293949 ], [ 1309529.999999999068677, 11962229.9994 ], [ 1309529.999999999534339, 11962199.9994 ], [ 1309589.999999999534339, 11962199.999400001019239 ], [ 1309590.0, 11962169.999400001019239 ], [ 1309619.999999999767169, 11962169.999400001019239 ], [ 1309619.999999999767169, 11962139.99940000474453 ], [ 1309679.999999999767169, 11962139.999400001019239 ], [ 1309679.999999999534339, 11962169.999400001019239 ], [ 1309769.999999999767169, 11962169.999400001019239 ], [ 1309770.000000000465661, 11962229.999399997293949 ], [ 1309800.000000000465661, 11962229.999399997293949 ], [ 1309800.0, 11962199.999400001019239 ], [ 1309859.999999999534339, 11962199.999400001019239 ], [ 1309860.0, 11962019.999400001019239 ], [ 1309830.000000000698492, 11962019.999399997293949 ], [ 1309829.999999999534339, 11961989.999399993568659 ], [ 1309799.999999999767169, 11961989.999400001019239 ], [ 1309799.999999999534339, 11961959.999400001019239 ], [ 1309769.999999999767169, 11961959.999400001019239 ], [ 1309770.000000000232831, 11961929.999399997293949 ], [ 1309740.000000000465661, 11961929.999399997293949 ], [ 1309739.999999997904524, 11961899.999400001019239 ], [ 1309709.999999999767169, 11961899.999400002881885 ], [ 1309710.0, 11961869.999400001019239 ], [ 1309649.999999999767169, 11961869.999400001019239 ], [ 1309649.999999999767169, 11961839.9994 ], [ 1309619.999999999767169, 11961839.999400001019239 ], [ 1309619.999999999767169, 11961779.999400001019239 ], [ 1309590.0, 11961779.999400001019239 ], [ 1309589.999999999767169, 11961719.999400001019239 ], [ 1309559.999999999534339, 11961719.999400001019239 ], [ 1309559.999999998835847, 11961629.999400001019239 ], [ 1309530.000000000232831, 11961629.999399997293949 ], [ 1309529.999999999534339, 11961449.999400002881885 ], [ 1309559.999999999767169, 11961449.999400001019239 ], [ 1309560.000000000232831, 11961389.999400001019239 ], [ 1309530.0, 11961389.999399997293949 ], [ 1309530.000000000465661, 11961299.999399997293949 ], [ 1309560.000000000465661, 11961299.999400001019239 ], [ 1309559.999999999767169, 11961239.999400001019239 ], [ 1309530.000000000465661, 11961239.999400001019239 ], [ 1309530.0, 11961179.999400001019239 ], [ 1309500.0, 11961179.99940000474453 ], [ 1309500.0, 11961119.999400001019239 ], [ 1309470.000000000465661, 11961119.999399997293949 ], [ 1309470.0, 11961089.999400001019239 ], [ 1309440.000000000465661, 11961089.999400002881885 ], [ 1309440.000000000232831, 11961059.9994 ], [ 1309409.999999999301508, 11961059.999400001019239 ], [ 1309410.000000000232831, 11961029.999399997293949 ], [ 1309379.999999999534339, 11961029.999400001019239 ], [ 1309379.999999999767169, 11960999.999400001019239 ], [ 1309169.999999999767169, 11960999.99940000474453 ], [ 1309169.999999998137355, 11961029.999399997293949 ], [ 1309110.0, 11961029.999399993568659 ], [ 1309110.0, 11960969.999400001019239 ], [ 1309080.0, 11960969.999400001019239 ], [ 1309080.000000000232831, 11960939.999400001019239 ], [ 1309050.000000000465661, 11960939.999400001019239 ], [ 1309049.999999999767169, 11960909.999400001019239 ], [ 1309019.999999999534339, 11960909.999400001019239 ], [ 1309019.999999997671694, 11960849.9994 ], [ 1308960.000000000465661, 11960849.999400001019239 ], [ 1308960.0, 11960819.999400001019239 ], [ 1308899.999999999534339, 11960819.999400001019239 ], [ 1308899.999999999301508, 11960759.999400001019239 ], [ 1308870.0, 11960759.999400001019239 ], [ 1308870.000000000232831, 11960669.999400001019239 ], [ 1308899.999999999767169, 11960669.999400001019239 ], [ 1308899.999999999534339, 11960639.999400001019239 ], [ 1308930.000000000465661, 11960639.999400001019239 ], [ 1308929.999999999534339, 11960369.999400001019239 ], [ 1308900.0, 11960369.9994 ], [ 1308899.999999998835847, 11960249.999399997293949 ], [ 1308870.0, 11960249.999400001019239 ], [ 1308869.999999999534339, 11960219.999400001019239 ], [ 1308840.0, 11960219.999400001019239 ], [ 1308840.000000000465661, 11960069.999400001019239 ], [ 1308809.999999998603016, 11960069.999400001019239 ], [ 1308810.000000000232831, 11960009.999400001019239 ], [ 1308780.000000000232831, 11960009.999400001019239 ], [ 1308780.000000000465661, 11959979.999400001019239 ], [ 1308809.999999999534339, 11959979.999400001019239 ], [ 1308810.000000000232831, 11959949.999400001019239 ], [ 1308869.999999999068677, 11959949.999400001019239 ], [ 1308869.999999999767169, 11959889.999400001019239 ], [ 1308900.000000000232831, 11959889.999399997293949 ], [ 1308900.000000000465661, 11959829.999399997293949 ], [ 1308930.000000000232831, 11959829.999400001019239 ], [ 1308930.0, 11959799.999400001019239 ], [ 1308990.000000000232831, 11959799.999400001019239 ], [ 1308989.999999999534339, 11959739.999400001019239 ], [ 1309020.000000000232831, 11959739.999400001019239 ], [ 1309019.999999999534339, 11959709.999399997293949 ], [ 1308990.000000000232831, 11959709.999400001019239 ], [ 1308990.000000000232831, 11959679.9994 ], [ 1308930.0, 11959679.999400001019239 ], [ 1308930.000000000465661, 11959619.999400001019239 ], [ 1308900.000000000232831, 11959619.999400001019239 ], [ 1308899.999999998370185, 11959469.999400001019239 ], [ 1308869.999999999534339, 11959469.999400001019239 ], [ 1308870.0, 11959379.999400001019239 ], [ 1308840.000000000465661, 11959379.999400001019239 ], [ 1308839.999999999534339, 11959349.999400001019239 ], [ 1308780.000000000465661, 11959349.999400001019239 ], [ 1308780.0, 11959319.999400001019239 ], [ 1308750.000000000465661, 11959319.999400001019239 ], [ 1308749.999999999534339, 11959229.9994 ], [ 1308720.0, 11959229.999400001019239 ], [ 1308720.0, 11959199.999400001019239 ], [ 1308690.0, 11959199.9994 ], [ 1308689.999999999534339, 11959169.999400001019239 ], [ 1308750.0, 11959169.9994 ], [ 1308750.0, 11959109.999400001019239 ], [ 1308780.000000000232831, 11959109.9994 ], [ 1308780.000000000465661, 11959079.9994 ], [ 1308840.000000000232831, 11959079.999400001019239 ], [ 1308840.0, 11959049.999400001019239 ], [ 1308869.999999999068677, 11959049.999400001019239 ], [ 1308870.000000000232831, 11958989.999400001019239 ], [ 1308899.999999999534339, 11958989.999400001019239 ], [ 1308900.000000000465661, 11958929.9994 ], [ 1308959.999999999534339, 11958929.999400001019239 ], [ 1308960.0, 11958899.999400001019239 ], [ 1308989.999999998137355, 11958899.999400001019239 ], [ 1308989.999999999767169, 11958869.999400002881885 ], [ 1308960.000000000465661, 11958869.999399997293949 ], [ 1308959.999999999767169, 11958839.999400001019239 ], [ 1308930.0, 11958839.999400001019239 ], [ 1308930.0, 11958809.999400001019239 ], [ 1308900.0, 11958809.99940000474453 ], [ 1308899.999999998835847, 11958779.999400001019239 ], [ 1308869.999999997671694, 11958779.999400001019239 ], [ 1308870.0, 11958719.999400001019239 ], [ 1308899.999999999767169, 11958719.999400002881885 ], [ 1308900.0, 11958689.999400001019239 ], [ 1308870.000000000232831, 11958689.999400001019239 ], [ 1308869.999999999534339, 11958659.999400001019239 ], [ 1308839.999999998370185, 11958659.999400001019239 ], [ 1308839.999999999534339, 11958509.999400001019239 ], [ 1308809.999999999767169, 11958509.999400001019239 ], [ 1308809.999999999767169, 11958419.999400001019239 ], [ 1308840.000000000232831, 11958419.999400001019239 ], [ 1308840.0, 11958389.999400001019239 ], [ 1308870.000000000465661, 11958389.999400001019239 ], [ 1308870.0, 11958299.999400001019239 ], [ 1308990.0, 11958299.999400001019239 ], [ 1308990.000000000698492, 11958269.999399995431304 ], [ 1309019.999999999767169, 11958269.999400001019239 ], [ 1309020.000000000698492, 11958179.999399993568659 ], [ 1309079.999999999534339, 11958179.999400001019239 ], [ 1309079.999999999534339, 11958149.999399997293949 ], [ 1309110.0, 11958149.999400001019239 ], [ 1309110.0, 11958089.999400001019239 ], [ 1309110.0, 11958059.9994 ], [ 1309139.999999999767169, 11958059.999400001019239 ], [ 1309139.999999999534339, 11958029.999400001019239 ], [ 1309110.0, 11958029.999400001019239 ], [ 1309110.0, 11957909.999400001019239 ], [ 1309140.000000000232831, 11957909.9994 ], [ 1309139.999999997904524, 11957879.999399997293949 ], [ 1309169.999999999534339, 11957879.999400001019239 ], [ 1309170.000000000232831, 11957789.999400001019239 ], [ 1309200.000000000465661, 11957789.999399997293949 ], [ 1309200.000000000232831, 11957759.999400001019239 ], [ 1309169.999999999068677, 11957759.999400001019239 ], [ 1309169.999999999767169, 11957669.999400001019239 ], [ 1309200.0, 11957669.999400001019239 ], [ 1309199.999999999534339, 11957609.999400001019239 ], [ 1309260.000000000465661, 11957609.999400001019239 ], [ 1309260.0, 11957579.999400001019239 ], [ 1309289.999999998603016, 11957579.9994 ], [ 1309290.000000000232831, 11957519.9994 ], [ 1309260.0, 11957519.999400001019239 ], [ 1309259.999999999534339, 11957429.999399997293949 ], [ 1309229.999999999534339, 11957429.999400001019239 ], [ 1309229.999999999534339, 11957399.999400001019239 ], [ 1309200.000000000232831, 11957399.999400001019239 ], [ 1309199.999999999534339, 11957369.999400001019239 ], [ 1309170.000000000465661, 11957369.999400001019239 ], [ 1308960.0, 11957369.999400001019239 ], [ 1308960.000000000465661, 11957399.999399997293949 ], [ 1308870.000000000465661, 11957399.999400001019239 ], [ 1308869.999999999767169, 11957309.999400001019239 ], [ 1308779.999999998370185, 11957309.999400001019239 ], [ 1308780.000000000465661, 11957279.999400001019239 ], [ 1308630.000000000465661, 11957279.999400001019239 ], [ 1308630.0, 11957249.999400001019239 ], [ 1308600.000000000465661, 11957249.999400001019239 ], [ 1308599.999999999068677, 11957159.999399997293949 ], [ 1308629.999999999534339, 11957159.999400001019239 ], [ 1308629.999999999534339, 11957099.999400001019239 ], [ 1308599.999999999767169, 11957099.999400001019239 ], [ 1308599.999999999534339, 11957039.999400001019239 ], [ 1308570.000000000232831, 11957039.9994 ], [ 1308569.999999999767169, 11956919.999400001019239 ], [ 1308510.000000000465661, 11956919.999400001019239 ], [ 1308509.999999999767169, 11956949.999400002881885 ], [ 1308419.999999999767169, 11956949.999400001019239 ], [ 1308419.999999999767169, 11956889.999399997293949 ], [ 1308389.999999998370185, 11956889.999400001019239 ], [ 1308389.999999999301508, 11956769.999400001019239 ], [ 1308359.999999999534339, 11956769.999400001019239 ], [ 1308359.999999999767169, 11956709.999400001019239 ], [ 1308389.999999999767169, 11956709.999400001019239 ], [ 1308390.000000000465661, 11956649.999400001019239 ], [ 1308420.000000000465661, 11956649.999400001019239 ], [ 1308420.000000000232831, 11956589.999399993568659 ], [ 1308449.999999999534339, 11956589.999400001019239 ], [ 1308449.999999999534339, 11956499.999400001019239 ], [ 1308420.0, 11956499.999400001019239 ], [ 1308420.000000000232831, 11956439.999399997293949 ], [ 1308390.0, 11956439.999400001019239 ], [ 1308390.0, 11956409.999400001019239 ], [ 1308419.999999999534339, 11956409.999400001019239 ], [ 1308420.000000000465661, 11956349.999399997293949 ], [ 1308389.999999997438863, 11956349.999400001019239 ], [ 1308390.0, 11956289.999400001019239 ], [ 1308360.0, 11956289.999400001019239 ], [ 1308360.000000000232831, 11956229.999400001019239 ], [ 1308389.999999999301508, 11956229.999400001019239 ], [ 1308390.0, 11956199.999400001019239 ], [ 1308359.999999999534339, 11956199.999400001019239 ], [ 1308359.999999999534339, 11956109.999400001019239 ], [ 1308329.999999999534339, 11956109.999400001019239 ], [ 1308329.999999997904524, 11956079.999400001019239 ], [ 1308359.999999999534339, 11956079.999400001019239 ], [ 1308360.0, 11956049.999399997293949 ], [ 1308419.999999999767169, 11956049.99940000474453 ], [ 1308420.0, 11956019.999399997293949 ], [ 1308450.0, 11956019.999400001019239 ], [ 1308449.999999999534339, 11955989.999400001019239 ], [ 1308510.0, 11955989.999400001019239 ], [ 1308509.999999999534339, 11955959.999400001019239 ], [ 1308540.000000000465661, 11955959.999400001019239 ], [ 1308539.999999999301508, 11955929.99940000474453 ], [ 1308509.999999999767169, 11955929.999400001019239 ], [ 1308510.000000000232831, 11955749.999400001019239 ], [ 1308539.999999998137355, 11955749.999400001019239 ], [ 1308540.000000000232831, 11955719.999400001019239 ], [ 1308509.999999999068677, 11955719.999399997293949 ], [ 1308510.000000000465661, 11955689.999400001019239 ], [ 1308479.999999999767169, 11955689.999400001019239 ], [ 1308480.0, 11955629.999400001019239 ], [ 1308510.000000000465661, 11955629.999400001019239 ], [ 1308509.999999999767169, 11955599.9994 ], [ 1308540.0, 11955599.999400001019239 ], [ 1308540.0, 11955569.999400001019239 ], [ 1308569.999999999068677, 11955569.999400001019239 ], [ 1308569.999999999534339, 11955509.999400001019239 ], [ 1308540.0, 11955509.999400001019239 ], [ 1308539.999999999767169, 11955359.999399997293949 ], [ 1308569.999999999767169, 11955359.999400001019239 ], [ 1308569.999999999534339, 11955329.999400001019239 ], [ 1308540.0, 11955329.999400001019239 ], [ 1308539.999999999767169, 11955299.999400001019239 ], [ 1308510.000000000232831, 11955299.999400001019239 ], [ 1308510.000000000232831, 11955059.999399997293949 ], [ 1308479.999999999534339, 11955059.999399993568659 ], [ 1308480.000000000232831, 11954999.999400001019239 ], [ 1308450.0, 11954999.999399995431304 ], [ 1308449.999999999534339, 11954969.999400001019239 ], [ 1308419.999999999767169, 11954969.9994 ], [ 1308419.999999999534339, 11954909.999400001019239 ], [ 1308359.999999998603016, 11954909.999400001019239 ], [ 1308360.0, 11954879.999400001019239 ], [ 1308330.0, 11954879.999400001019239 ], [ 1308329.999999999767169, 11954849.999400001019239 ], [ 1308300.000000000465661, 11954849.999400001019239 ], [ 1308299.999999999534339, 11954879.999400001019239 ], [ 1308269.999999999301508, 11954879.999400001019239 ], [ 1308270.000000000465661, 11954909.999400001019239 ], [ 1308240.0, 11954909.999400001019239 ], [ 1308240.0, 11954879.999400001019239 ], [ 1308210.0, 11954879.999400001019239 ], [ 1308209.999999999767169, 11954849.999400001019239 ], [ 1308179.999999999534339, 11954849.999400001019239 ], [ 1308180.000000000465661, 11954669.999400001019239 ], [ 1308149.999999999534339, 11954669.999400001019239 ], [ 1308149.999999999534339, 11954639.999400001019239 ], [ 1308120.000000000232831, 11954639.999400001019239 ], [ 1308119.999999999534339, 11954609.999400001019239 ], [ 1308089.999999999534339, 11954609.999400001019239 ], [ 1308090.000000000465661, 11954579.999400001019239 ], [ 1308059.999999998603016, 11954579.999400001019239 ], [ 1308059.999999998603016, 11954549.999400001019239 ], [ 1308000.000000000232831, 11954549.999400001019239 ], [ 1307999.999999999068677, 11954519.999400001019239 ], [ 1307820.000000000232831, 11954519.999400001019239 ], [ 1307819.999999999767169, 11954429.999400001019239 ], [ 1307790.0, 11954429.999400001019239 ], [ 1307789.999999999534339, 11954399.999400001019239 ], [ 1307670.000000000465661, 11954399.999400001019239 ], [ 1307670.000000000232831, 11954369.999400001019239 ], [ 1307580.0, 11954369.999400001019239 ], [ 1307580.0, 11954309.9994 ], [ 1307549.999999998603016, 11954309.999400001019239 ], [ 1307550.0, 11954279.999400001019239 ], [ 1307520.000000000465661, 11954279.999400001019239 ], [ 1307519.999999999301508, 11954249.999400001019239 ], [ 1307489.999999999767169, 11954249.999400001019239 ], [ 1307489.999999998137355, 11954189.999400001019239 ], [ 1307460.0, 11954189.999400001019239 ], [ 1307460.0, 11954129.999399997293949 ], [ 1307489.999999999534339, 11954129.999400001019239 ], [ 1307489.999999998603016, 11954099.999400001019239 ], [ 1307550.000000000232831, 11954099.999400002881885 ], [ 1307549.999999999767169, 11954069.999400002881885 ], [ 1307609.999999999767169, 11954069.999399993568659 ], [ 1307610.000000000232831, 11954039.999400001019239 ], [ 1307640.000000000232831, 11954039.999400001019239 ], [ 1307639.999999999534339, 11954009.999400001019239 ], [ 1307669.999999999767169, 11954009.999400001019239 ], [ 1307669.999999999767169, 11953979.999400001019239 ], [ 1307699.999999999534339, 11953979.999400001019239 ], [ 1307700.000000000465661, 11953919.999399997293949 ], [ 1307729.999999999534339, 11953919.999400001019239 ], [ 1307730.000000000465661, 11953889.999400001019239 ], [ 1307790.000000000465661, 11953889.9994 ], [ 1307790.0, 11953799.999400001019239 ], [ 1307880.000000000232831, 11953799.999400001019239 ], [ 1307879.999999999767169, 11953739.999400001019239 ], [ 1307909.999999998603016, 11953739.999400001019239 ], [ 1307910.000000000465661, 11953649.999400001019239 ], [ 1307939.999999999534339, 11953649.999400001019239 ], [ 1307940.0, 11953529.999400001019239 ], [ 1308000.0, 11953529.99940000474453 ], [ 1308000.000000000232831, 11953499.999400002881885 ], [ 1308030.000000000232831, 11953499.999400001019239 ], [ 1308029.999999999534339, 11953439.999400001019239 ], [ 1308120.000000000465661, 11953439.999400001019239 ], [ 1308120.000000000465661, 11953349.999400001019239 ], [ 1308149.999999999534339, 11953349.999400001019239 ], [ 1308149.999999999767169, 11953229.999400002881885 ], [ 1308180.000000000698492, 11953229.999399997293949 ], [ 1308180.000000000465661, 11953169.999400001019239 ], [ 1308209.999999999534339, 11953169.999399997293949 ], [ 1308209.999999999767169, 11953019.999400001019239 ], [ 1308240.0, 11953019.999400001019239 ], [ 1308239.999999998137355, 11952989.999400001019239 ], [ 1308269.999999999534339, 11952989.999399997293949 ], [ 1308270.000000000465661, 11952929.999400001019239 ], [ 1308359.999999999068677, 11952929.999400001019239 ], [ 1308359.999999999534339, 11952899.999400001019239 ], [ 1308510.0, 11952899.999400001019239 ], [ 1308509.999999999767169, 11952869.999400001019239 ], [ 1308570.000000000465661, 11952869.999400001019239 ], [ 1308569.999999999534339, 11952899.999400001019239 ], [ 1308660.0, 11952899.999400002881885 ], [ 1308660.0, 11952869.999400001019239 ], [ 1308749.999999999534339, 11952869.999400001019239 ], [ 1308749.999999999767169, 11952839.999400001019239 ], [ 1308779.999999999767169, 11952839.999400001019239 ], [ 1308780.0, 11952869.999400001019239 ], [ 1308839.999999999534339, 11952869.999400001019239 ], [ 1308840.0, 11952929.999400001019239 ], [ 1308959.999999999767169, 11952929.999400001019239 ], [ 1308959.999999999534339, 11952899.999400001019239 ], [ 1308990.000000000465661, 11952899.999400001019239 ], [ 1308989.999999999767169, 11952869.999400001019239 ], [ 1309019.999999999534339, 11952869.999400001019239 ], [ 1309019.999999999534339, 11952839.999400001019239 ], [ 1309049.999999999767169, 11952839.999400001019239 ], [ 1309049.999999999767169, 11952809.999400001019239 ], [ 1309079.999999999767169, 11952809.999400001019239 ], [ 1309079.999999999767169, 11952749.999400001019239 ], [ 1309110.000000000931323, 11952749.999399993568659 ], [ 1309109.999999997671694, 11952689.9994 ], [ 1309139.999999999534339, 11952689.999400001019239 ], [ 1309140.0, 11952659.999400001019239 ], [ 1309169.999999997904524, 11952659.9994 ], [ 1309170.0, 11952539.999400001019239 ], [ 1309140.0, 11952539.999400001019239 ], [ 1309140.0, 11952419.999400001019239 ], [ 1309109.999999999767169, 11952419.999400001019239 ], [ 1309110.0, 11952359.999400001019239 ], [ 1309140.000000000465661, 11952359.999400001019239 ], [ 1309139.999999999767169, 11952239.999400001019239 ], [ 1309109.999999999767169, 11952239.99940000474453 ], [ 1309109.999999999767169, 11952149.999400001019239 ], [ 1309079.999999999767169, 11952149.999400001019239 ], [ 1309079.999999999534339, 11952089.999400001019239 ], [ 1309110.0, 11952089.999400001019239 ], [ 1309110.000000000232831, 11952029.999400001019239 ], [ 1309139.999999999068677, 11952029.999400001019239 ], [ 1309139.999999999767169, 11951999.999400001019239 ], [ 1309169.999999998603016, 11951999.999400001019239 ], [ 1309169.999999999534339, 11951969.999400001019239 ], [ 1309200.0, 11951969.999400001019239 ], [ 1309289.999999998370185, 11951969.999400001019239 ], [ 1309290.0, 11951999.999400001019239 ], [ 1309320.000000000232831, 11951999.999400001019239 ], [ 1309320.000000000465661, 11952029.999400001019239 ], [ 1309439.999999998835847, 11952029.999400001019239 ], [ 1309440.0, 11952089.999400001019239 ], [ 1309469.999999999534339, 11952089.9994 ], [ 1309470.000000000465661, 11952179.999400001019239 ], [ 1309500.0, 11952179.999400001019239 ], [ 1309500.000000000232831, 11952209.999400001019239 ], [ 1309560.0, 11952209.999399997293949 ], [ 1309559.999999997671694, 11952239.999400001019239 ], [ 1309590.000000000232831, 11952239.999400001019239 ], [ 1309590.000000000232831, 11952299.999400001019239 ], [ 1309620.000000000465661, 11952299.999400001019239 ], [ 1309619.999999999068677, 11952329.999400001019239 ], [ 1309650.0, 11952329.999400001019239 ], [ 1309650.000000000232831, 11952359.999400001019239 ], [ 1309710.000000000465661, 11952359.999399997293949 ], [ 1309710.000000000465661, 11952389.999399997293949 ], [ 1309739.999999999534339, 11952389.999400001019239 ], [ 1309739.999999999534339, 11952419.999400001019239 ], [ 1309799.999999998370185, 11952419.999400001019239 ], [ 1309799.999999998603016, 11952449.999400001019239 ], [ 1309830.000000000465661, 11952449.999400001019239 ], [ 1309830.0, 11952509.999400001019239 ], [ 1309859.999999998370185, 11952509.999400001019239 ], [ 1309860.000000000232831, 11952539.999400001019239 ], [ 1309890.0, 11952539.999400001019239 ], [ 1309889.999999999767169, 11952599.999400001019239 ], [ 1309830.0, 11952599.9994 ], [ 1309830.0, 11952749.999400001019239 ], [ 1309889.999999999534339, 11952749.999400001019239 ], [ 1309890.000000000232831, 11952779.999400001019239 ], [ 1309919.999999999534339, 11952779.999400001019239 ], [ 1309920.0, 11952869.999400001019239 ], [ 1309980.0, 11952869.999400001019239 ], [ 1309979.999999998137355, 11952839.999400001019239 ], [ 1310069.999999999068677, 11952839.999399995431304 ], [ 1310070.000000000465661, 11952929.999400001019239 ], [ 1310100.000000000232831, 11952929.999400001019239 ], [ 1310099.999999999301508, 11952959.999400001019239 ], [ 1310160.000000000232831, 11952959.999400001019239 ], [ 1310159.999999999534339, 11952989.999400001019239 ], [ 1310190.0, 11952989.999400001019239 ], [ 1310190.000000000465661, 11953049.999400001019239 ], [ 1310220.0, 11953049.999399997293949 ], [ 1310220.000000000465661, 11953079.999400001019239 ], [ 1310309.999999999534339, 11953079.999400001019239 ], [ 1310309.999999998370185, 11953109.999399997293949 ], [ 1310340.0, 11953109.999400001019239 ], [ 1310340.000000000465661, 11953139.999400001019239 ], [ 1310370.000000000232831, 11953139.999400001019239 ], [ 1310370.000000000465661, 11953259.999400001019239 ], [ 1310489.999999999068677, 11953259.999399995431304 ], [ 1310490.000000000465661, 11953229.999399997293949 ], [ 1310579.999999999767169, 11953229.999400001019239 ], [ 1310579.999999998835847, 11953199.999400002881885 ], [ 1310609.999999999767169, 11953199.999400001019239 ], [ 1310610.000000000465661, 11953169.999400001019239 ], [ 1310759.999999999534339, 11953169.999400001019239 ], [ 1310759.999999999767169, 11953259.999400001019239 ], [ 1310820.000000000232831, 11953259.999400001019239 ], [ 1310819.999999999767169, 11953289.999400001019239 ], [ 1310849.999999999767169, 11953289.999400001019239 ], [ 1310850.000000000465661, 11953379.999400001019239 ], [ 1310879.999999998603016, 11953379.999400002881885 ], [ 1310879.999999999068677, 11953409.999400001019239 ], [ 1310970.0, 11953409.999400001019239 ], [ 1310970.000000000232831, 11953349.999400001019239 ], [ 1311030.000000000465661, 11953349.999400001019239 ], [ 1311030.000000000232831, 11953319.999400001019239 ], [ 1311060.0, 11953319.999400001019239 ], [ 1311060.0, 11953259.999400001019239 ], [ 1311090.0, 11953259.999399997293949 ], [ 1311089.999999999767169, 11953229.9994 ], [ 1311180.0, 11953229.999400001019239 ], [ 1311180.0, 11953109.999400001019239 ], [ 1311270.0, 11953109.999400001019239 ], [ 1311270.0, 11953079.999400001019239 ], [ 1311299.999999999534339, 11953079.99940000474453 ], [ 1311300.0, 11953049.999400001019239 ], [ 1311420.000000000465661, 11953049.999400001019239 ], [ 1311419.999999999767169, 11953079.999400001019239 ], [ 1311509.999999999534339, 11953079.999399997293949 ], [ 1311509.999999998137355, 11953049.999400001019239 ], [ 1311539.999999999068677, 11953049.9994 ], [ 1311540.000000000465661, 11953019.999399997293949 ], [ 1311570.000000000465661, 11953019.999400001019239 ], [ 1311569.999999999767169, 11952989.999400001019239 ], [ 1311599.999999999534339, 11952989.999400001019239 ], [ 1311600.000000000232831, 11952959.999399995431304 ], [ 1311630.0, 11952959.999400001019239 ], [ 1311629.999999997671694, 11952929.999400001019239 ], [ 1311660.000000000232831, 11952929.999400001019239 ], [ 1311659.999999999534339, 11952869.999400001019239 ], [ 1311749.999999999767169, 11952869.999400001019239 ], [ 1311750.000000000698492, 11952899.999399997293949 ], [ 1311779.999999999767169, 11952899.999400001019239 ], [ 1311780.000000000232831, 11952929.999400001019239 ], [ 1311899.999999999534339, 11952929.999400001019239 ], [ 1311900.000000000465661, 11952959.999399997293949 ], [ 1311929.999999999767169, 11952959.999400001019239 ], [ 1311930.0, 11952929.999400001019239 ], [ 1312020.0, 11952929.999400001019239 ], [ 1312020.0, 11952899.999400001019239 ], [ 1312260.000000000232831, 11952899.999400001019239 ], [ 1312259.999999999767169, 11952929.999400001019239 ], [ 1312289.999999998603016, 11952929.999400001019239 ], [ 1312290.000000000232831, 11952899.999400001019239 ], [ 1312320.000000000465661, 11952899.999400001019239 ], [ 1312320.000000000465661, 11952809.999400001019239 ], [ 1312349.999999999068677, 11952809.999399997293949 ], [ 1312350.000000000465661, 11952779.999400001019239 ], [ 1312379.999999999534339, 11952779.999400001019239 ], [ 1312379.999999999534339, 11952659.999400001019239 ], [ 1312350.0, 11952659.999400001019239 ], [ 1312349.999999999767169, 11952599.999400001019239 ], [ 1312320.000000000465661, 11952599.999400001019239 ], [ 1312319.999999998603016, 11952569.999400001019239 ], [ 1312289.999999999767169, 11952569.999399997293949 ], [ 1312290.000000000232831, 11952539.999400002881885 ], [ 1312260.0, 11952539.999400001019239 ], [ 1312260.000000000465661, 11952509.999400001019239 ], [ 1312289.999999999534339, 11952509.999400001019239 ], [ 1312290.0, 11952419.999400001019239 ], [ 1312319.999999999767169, 11952419.999400001019239 ], [ 1312319.999999999767169, 11952149.999400001019239 ], [ 1312290.0, 11952149.999400001019239 ], [ 1312290.000000000232831, 11952119.999400001019239 ], [ 1312229.999999998603016, 11952119.999400001019239 ], [ 1312230.000000000698492, 11952059.999399997293949 ], [ 1312200.000000000465661, 11952059.999400001019239 ], [ 1312199.999999999534339, 11952029.999400001019239 ], [ 1312229.999999999534339, 11952029.999400001019239 ], [ 1312229.999999999534339, 11951939.999400001019239 ], [ 1312170.0, 11951939.999400001019239 ], [ 1312170.0, 11951849.999400001019239 ], [ 1312229.999999999767169, 11951849.999400001019239 ], [ 1312229.999999998835847, 11951699.999400001019239 ], [ 1312319.999999997671694, 11951699.999399997293949 ], [ 1312319.999999999767169, 11951669.999400001019239 ], [ 1312409.999999999767169, 11951669.999400001019239 ], [ 1312410.0, 11951639.999400001019239 ], [ 1312439.999999999534339, 11951639.9994 ], [ 1312439.999999998603016, 11951609.999400001019239 ], [ 1312499.999999999767169, 11951609.999400001019239 ], [ 1312499.999999997904524, 11951639.999400001019239 ], [ 1312680.0, 11951639.999400001019239 ], [ 1312680.0, 11951609.999400001019239 ], [ 1312830.000000000232831, 11951609.999400001019239 ], [ 1312829.999999998370185, 11951519.999400002881885 ], [ 1312799.999999999767169, 11951519.999400001019239 ], [ 1312799.999999999534339, 11951489.999400001019239 ], [ 1312770.000000000232831, 11951489.9994 ], [ 1312770.000000000698492, 11951369.9994 ], [ 1312739.999999999534339, 11951369.999400001019239 ], [ 1312739.999999999767169, 11951339.999400001019239 ], [ 1312710.000000000232831, 11951339.999400001019239 ], [ 1312710.000000000232831, 11951309.999400001019239 ], [ 1312679.999999998603016, 11951309.999400001019239 ], [ 1312680.000000000465661, 11951189.999400001019239 ], [ 1312769.999999999767169, 11951189.999400001019239 ], [ 1312770.0, 11951249.999399995431304 ], [ 1312800.000000000465661, 11951249.999400001019239 ], [ 1312800.0, 11951219.999400001019239 ], [ 1312860.0, 11951219.99940000474453 ], [ 1312859.999999999534339, 11951189.999400001019239 ], [ 1312860.000000000465661, 11951129.999400001019239 ], [ 1312830.0, 11951129.999400001019239 ], [ 1312829.999999999534339, 11951099.99940000474453 ], [ 1312800.0, 11951099.999400001019239 ], [ 1312800.0, 11951069.999400001019239 ], [ 1312830.0, 11951069.999400001019239 ], [ 1312830.000000000465661, 11950979.999399993568659 ], [ 1312859.999999999767169, 11950979.999400001019239 ], [ 1312859.999999999767169, 11950949.999400001019239 ], [ 1312829.999999999534339, 11950949.999400001019239 ], [ 1312830.0, 11950829.999400001019239 ], [ 1312800.000000000232831, 11950829.999399993568659 ], [ 1312800.000000000232831, 11950799.999400002881885 ], [ 1312740.0, 11950799.999400001019239 ], [ 1312740.0, 11950769.9994 ], [ 1312680.0, 11950769.999400001019239 ], [ 1312680.000000000232831, 11950649.999400001019239 ], [ 1312650.000000000232831, 11950649.999400001019239 ], [ 1312650.0, 11950619.999400001019239 ], [ 1312679.999999999767169, 11950619.999400001019239 ], [ 1312680.000000000232831, 11950499.999400001019239 ], [ 1312710.000000000232831, 11950499.999400001019239 ], [ 1312709.999999999534339, 11950469.999400001019239 ], [ 1312739.999999999301508, 11950469.99940000474453 ], [ 1312739.999999999767169, 11950439.999400001019239 ], [ 1312770.000000000465661, 11950439.999400001019239 ], [ 1312769.999999998370185, 11950409.999400001019239 ], [ 1312859.999999999767169, 11950409.999400001019239 ], [ 1312860.000000000465661, 11950439.999400001019239 ], [ 1312890.0, 11950439.999400001019239 ], [ 1312889.999999998603016, 11950469.999400001019239 ], [ 1313070.0, 11950469.999400001019239 ], [ 1313069.999999999534339, 11950499.99940000474453 ], [ 1313100.0, 11950499.999400001019239 ], [ 1313100.0, 11950529.999399995431304 ], [ 1313130.000000000465661, 11950529.999400001019239 ], [ 1313129.999999999767169, 11950559.999400001019239 ], [ 1313159.999999999534339, 11950559.999400001019239 ], [ 1313160.000000000465661, 11950589.999400001019239 ], [ 1313189.999999999767169, 11950589.9994 ], [ 1313189.999999999534339, 11950619.999400001019239 ], [ 1313220.000000000232831, 11950619.999399997293949 ], [ 1313219.999999997671694, 11950649.999399997293949 ], [ 1313340.0, 11950649.999400001019239 ], [ 1313340.000000000465661, 11950619.999399993568659 ], [ 1313459.999999999068677, 11950619.999400001019239 ], [ 1313460.0, 11950649.999400001019239 ], [ 1313490.0, 11950649.999400001019239 ], [ 1313489.999999999767169, 11950709.999400001019239 ], [ 1313579.999999999767169, 11950709.999400001019239 ], [ 1313580.000000000465661, 11950739.999400001019239 ], [ 1313670.0, 11950739.999400001019239 ], [ 1313669.999999998835847, 11950769.9994 ], [ 1313699.999999997438863, 11950769.999400001019239 ], [ 1313700.0, 11950739.999400001019239 ], [ 1313730.0, 11950739.999399995431304 ], [ 1313729.999999999534339, 11950709.999400001019239 ], [ 1313759.999999999534339, 11950709.999400001019239 ], [ 1313759.999999999534339, 11950679.999400001019239 ], [ 1313790.000000000232831, 11950679.999400001019239 ], [ 1313790.000000000232831, 11950649.999400001019239 ], [ 1313819.999999999068677, 11950649.999400001019239 ], [ 1313819.999999998370185, 11950559.999400001019239 ], [ 1313789.999999998603016, 11950559.999400001019239 ], [ 1313789.999999998603016, 11950469.999400001019239 ], [ 1313879.999999999534339, 11950469.999400001019239 ], [ 1313879.999999999534339, 11950439.999400001019239 ], [ 1313910.000000000465661, 11950439.999400001019239 ], [ 1313909.999999999534339, 11950409.9994 ], [ 1314029.999999999534339, 11950409.999400001019239 ], [ 1314029.999999999767169, 11950379.999400001019239 ], [ 1314059.999999998603016, 11950379.9994 ], [ 1314060.000000000232831, 11950409.999400001019239 ], [ 1314179.999999999534339, 11950409.999400001019239 ], [ 1314180.0, 11950439.999400001019239 ], [ 1314329.999999999767169, 11950439.999400001019239 ], [ 1314329.999999999534339, 11950409.999400001019239 ], [ 1314299.999999999534339, 11950409.999400001019239 ], [ 1314300.0, 11950379.999400001019239 ], [ 1314330.000000000232831, 11950379.999400002881885 ], [ 1314330.000000000465661, 11950319.999399993568659 ], [ 1314360.0, 11950319.999400001019239 ], [ 1314360.000000000465661, 11950259.9994 ], [ 1314509.999999999767169, 11950259.999400001019239 ], [ 1314509.999999999534339, 11950229.999400001019239 ], [ 1314539.999999999534339, 11950229.999400002881885 ], [ 1314539.999999999534339, 11950199.999400001019239 ], [ 1314569.999999999301508, 11950199.999400001019239 ], [ 1314570.000000000232831, 11950139.999400001019239 ], [ 1314630.000000000465661, 11950139.999400001019239 ], [ 1314629.999999999767169, 11950109.999400001019239 ], [ 1314780.0, 11950109.999400001019239 ], [ 1314779.999999999534339, 11950019.999400001019239 ], [ 1314840.0, 11950019.999400001019239 ], [ 1314840.0, 11949989.999400001019239 ], [ 1314869.999999999534339, 11949989.999400001019239 ], [ 1314870.000000000232831, 11949899.999400001019239 ], [ 1314810.000000000232831, 11949899.999400001019239 ], [ 1314809.999999999534339, 11949779.999400002881885 ], [ 1314780.000000000465661, 11949779.999400001019239 ], [ 1314779.999999998603016, 11949749.999400001019239 ], [ 1314720.000000000465661, 11949749.999400001019239 ], [ 1314719.999999999534339, 11949689.999400001019239 ], [ 1314689.999999999534339, 11949689.999400001019239 ], [ 1314690.000000000465661, 11949659.999400001019239 ], [ 1314659.999999999534339, 11949659.999400001019239 ], [ 1314659.999999999534339, 11949539.9994 ], [ 1314629.999999999534339, 11949539.999400001019239 ], [ 1314630.000000000465661, 11949479.999400001019239 ], [ 1314689.999999999767169, 11949479.999400001019239 ], [ 1314690.000000000232831, 11949449.999400001019239 ], [ 1314720.0, 11949449.999400001019239 ], [ 1314720.0, 11949419.999400001019239 ], [ 1314690.000000000465661, 11949419.999399997293949 ], [ 1314690.0, 11949389.999400001019239 ], [ 1314659.999999999534339, 11949389.999400001019239 ], [ 1314659.999999999767169, 11949359.999400001019239 ], [ 1314630.000000000465661, 11949359.999400001019239 ], [ 1314629.999999999767169, 11949269.999400001019239 ], [ 1314600.000000000465661, 11949269.999400001019239 ], [ 1314600.000000000232831, 11949179.999399997293949 ], [ 1314570.000000000465661, 11949179.999400001019239 ], [ 1314570.0, 11949119.999400001019239 ], [ 1314510.0, 11949119.999400001019239 ], [ 1314510.000000000232831, 11949089.999400002881885 ], [ 1314540.000000000232831, 11949089.999400001019239 ], [ 1314539.999999999767169, 11948999.999400001019239 ], [ 1314449.999999999534339, 11948999.999400001019239 ], [ 1314450.000000000465661, 11948939.999400001019239 ], [ 1314389.999999999534339, 11948939.999400001019239 ], [ 1314389.999999999534339, 11948849.999400001019239 ], [ 1314359.999999999767169, 11948849.999400001019239 ], [ 1314360.000000000465661, 11948819.999400001019239 ], [ 1314329.999999998603016, 11948819.999399997293949 ], [ 1314330.0, 11948729.999400001019239 ], [ 1314299.999999999767169, 11948729.999400001019239 ], [ 1314300.000000000232831, 11948699.999400001019239 ], [ 1314270.0, 11948699.999400001019239 ], [ 1314270.000000000232831, 11948609.999400001019239 ], [ 1314299.999999999534339, 11948609.999400001019239 ], [ 1314299.999999999767169, 11948519.999400001019239 ], [ 1314330.0, 11948519.999400001019239 ], [ 1314330.000000000465661, 11948459.999399997293949 ], [ 1314300.000000000232831, 11948459.999400002881885 ], [ 1314300.000000000232831, 11948309.999399997293949 ], [ 1314269.999999998603016, 11948309.999399997293949 ], [ 1314269.999999999767169, 11948159.999400001019239 ], [ 1314300.000000000465661, 11948159.999400001019239 ], [ 1314299.999999999767169, 11948129.999400001019239 ], [ 1314269.999999997671694, 11948129.999400001019239 ], [ 1314269.999999999534339, 11948099.999400001019239 ], [ 1314179.999999999534339, 11948099.99940000474453 ], [ 1314180.000000000465661, 11948039.999399997293949 ], [ 1314149.999999998603016, 11948039.999400001019239 ], [ 1314149.999999999301508, 11948009.999400002881885 ], [ 1314120.0, 11948009.999400001019239 ], [ 1314120.000000000232831, 11947949.999400001019239 ], [ 1313999.999999999534339, 11947949.99940000474453 ], [ 1313999.999999999534339, 11947919.999400001019239 ], [ 1313970.000000000465661, 11947919.999400001019239 ], [ 1313969.999999999767169, 11947889.999400001019239 ], [ 1313879.999999999068677, 11947889.999399997293949 ], [ 1313880.0, 11947829.999400001019239 ], [ 1313850.0, 11947829.9994 ], [ 1313849.999999998137355, 11947589.999400006607175 ], [ 1313820.000000000232831, 11947589.99940000474453 ], [ 1313820.000000000465661, 11947529.999400001019239 ], [ 1313820.0, 11947439.999399997293949 ], [ 1313849.999999998603016, 11947439.999400001019239 ], [ 1313849.999999999767169, 11947199.999399997293949 ], [ 1313909.999999999301508, 11947199.999400001019239 ], [ 1313910.0, 11947139.9994 ], [ 1313970.0, 11947139.999400001019239 ], [ 1313969.999999999534339, 11947169.999400001019239 ], [ 1314059.999999997438863, 11947169.999400001019239 ], [ 1314059.999999999534339, 11946989.999400001019239 ], [ 1314089.999999999767169, 11946989.999399997293949 ], [ 1314089.999999998603016, 11946929.999400001019239 ], [ 1314059.999999999068677, 11946929.999400001019239 ], [ 1314059.999999998603016, 11946899.999400001019239 ], [ 1314090.000000000232831, 11946899.999399997293949 ], [ 1314090.000000000232831, 11946839.999400001019239 ], [ 1314119.999999999068677, 11946839.999399997293949 ], [ 1314119.999999999534339, 11946809.9994 ], [ 1314179.999999999767169, 11946809.999399997293949 ], [ 1314180.000000000465661, 11946779.9994 ], [ 1314210.000000000465661, 11946779.999400001019239 ], [ 1314210.0, 11946749.999400001019239 ], [ 1314269.999999998137355, 11946749.999400001019239 ], [ 1314270.0, 11946779.999400001019239 ], [ 1314360.000000000465661, 11946779.999399997293949 ], [ 1314359.999999999534339, 11946749.99940000474453 ], [ 1314390.000000000232831, 11946749.999400001019239 ], [ 1314390.000000000232831, 11946659.999400001019239 ], [ 1314360.000000000232831, 11946659.999400001019239 ], [ 1314360.000000000465661, 11946629.999400001019239 ], [ 1314329.999999997904524, 11946629.999400001019239 ], [ 1314330.0, 11946599.999400001019239 ], [ 1314299.999999999301508, 11946599.999400001019239 ], [ 1314300.000000000465661, 11946569.999400001019239 ], [ 1314269.999999998835847, 11946569.999400001019239 ], [ 1314269.999999998835847, 11946419.999400001019239 ], [ 1314300.000000000232831, 11946419.999400001019239 ], [ 1314299.999999999534339, 11946359.999400001019239 ], [ 1314269.999999999767169, 11946359.999400001019239 ], [ 1314270.0, 11946269.999400001019239 ], [ 1314299.999999999068677, 11946269.999400001019239 ], [ 1314300.000000000465661, 11946239.999399997293949 ], [ 1314329.999999999534339, 11946239.999400001019239 ], [ 1314329.999999999534339, 11946209.999400001019239 ], [ 1314390.0, 11946209.999400001019239 ], [ 1314389.999999999767169, 11946149.999400001019239 ], [ 1314480.0, 11946149.999400001019239 ], [ 1314479.999999999767169, 11946119.999400001019239 ], [ 1314510.0, 11946119.999400001019239 ], [ 1314510.0, 11946149.999400001019239 ], [ 1314569.999999999534339, 11946149.999400001019239 ], [ 1314569.999999999534339, 11946119.999400001019239 ], [ 1314599.999999999301508, 11946119.999400001019239 ], [ 1314599.999999999534339, 11946089.99940000474453 ], [ 1314659.999999999068677, 11946089.999399997293949 ], [ 1314660.0, 11946059.999400001019239 ], [ 1314689.999999998603016, 11946059.999400001019239 ], [ 1314689.999999998603016, 11946029.999400001019239 ], [ 1314719.999999999767169, 11946029.999399997293949 ], [ 1314720.0, 11945999.999400001019239 ], [ 1314749.999999999534339, 11945999.999400001019239 ], [ 1314749.999999999301508, 11945969.999400001019239 ], [ 1314779.999999999534339, 11945969.999400001019239 ], [ 1314780.0, 11945939.999400001019239 ], [ 1314839.999999998603016, 11945939.999400001019239 ], [ 1314839.999999999767169, 11945879.999400001019239 ], [ 1314899.999999999534339, 11945879.999400001019239 ], [ 1314899.999999999767169, 11945789.999400001019239 ], [ 1315019.999999998370185, 11945789.999400001019239 ], [ 1315020.0, 11945819.999400001019239 ], [ 1315080.0, 11945819.999400001019239 ], [ 1315079.999999999534339, 11945849.999400001019239 ], [ 1315230.000000000232831, 11945849.999400001019239 ], [ 1315230.0, 11945819.999400001019239 ], [ 1315259.999999998137355, 11945819.999400001019239 ], [ 1315259.999999999767169, 11945849.999400001019239 ], [ 1315319.999999999767169, 11945849.999400001019239 ], [ 1315320.000000000232831, 11945879.999400001019239 ], [ 1315380.000000000465661, 11945879.999400001019239 ], [ 1315379.999999998835847, 11945909.999400001019239 ], [ 1315409.999999999534339, 11945909.999400001019239 ], [ 1315410.000000000232831, 11946119.999400001019239 ], [ 1315559.999999999534339, 11946119.999400001019239 ], [ 1315560.0, 11946149.999400001019239 ], [ 1315620.000000000465661, 11946149.999400001019239 ], [ 1315619.999999997671694, 11946179.9994 ], [ 1315649.999999999301508, 11946179.999400001019239 ], [ 1315649.999999999767169, 11946209.999400001019239 ], [ 1315680.0, 11946209.999400001019239 ], [ 1315680.0, 11946239.999400001019239 ], [ 1315770.000000000465661, 11946239.999400001019239 ], [ 1315770.000000000465661, 11946269.999400001019239 ], [ 1315800.0, 11946269.999400001019239 ], [ 1315799.999999999767169, 11946329.999400001019239 ], [ 1315829.999999998835847, 11946329.999400001019239 ], [ 1315829.999999998835847, 11946419.999399997293949 ], [ 1315890.0, 11946419.999400001019239 ], [ 1315890.0, 11946389.999399997293949 ], [ 1315950.000000000232831, 11946389.999400001019239 ], [ 1315949.999999999534339, 11946359.999400001019239 ], [ 1315980.000000000232831, 11946359.999400001019239 ], [ 1315980.0, 11946299.999400001019239 ], [ 1316099.999999999534339, 11946299.999400001019239 ], [ 1316100.0, 11946329.999400001019239 ], [ 1316160.0, 11946329.999400001019239 ], [ 1316159.999999999534339, 11946269.999400001019239 ], [ 1316190.000000000232831, 11946269.999400001019239 ], [ 1316189.999999999534339, 11946239.999400002881885 ], [ 1316249.999999999767169, 11946239.999400001019239 ], [ 1316249.999999999767169, 11946209.999400001019239 ], [ 1316310.000000000465661, 11946209.999400001019239 ], [ 1316310.0, 11946179.99940000474453 ], [ 1316340.0, 11946179.999400001019239 ], [ 1316340.000000000465661, 11946149.999400001019239 ], [ 1316370.000000000465661, 11946149.999400001019239 ], [ 1316369.999999999767169, 11946059.999400001019239 ], [ 1316400.000000000465661, 11946059.999399997293949 ], [ 1316400.0, 11946029.999400001019239 ], [ 1316460.0, 11946029.999399997293949 ], [ 1316459.999999999301508, 11945969.999400001019239 ], [ 1316490.0, 11945969.999400001019239 ], [ 1316490.0, 11945939.9994 ], [ 1316520.0, 11945939.999399995431304 ], [ 1316519.999999997904524, 11945909.999400001019239 ], [ 1316520.000000000232831, 11945849.999400001019239 ], [ 1316550.000000000232831, 11945849.999400001019239 ], [ 1316550.000000000465661, 11945759.999399997293949 ], [ 1316580.000000000465661, 11945759.999400001019239 ], [ 1316580.000000000232831, 11945639.999400001019239 ], [ 1316519.999999999534339, 11945639.999400002881885 ], [ 1316519.999999999767169, 11945609.999400001019239 ], [ 1316490.000000000465661, 11945609.999400001019239 ], [ 1316490.0, 11945579.999400001019239 ], [ 1316430.0, 11945579.999400001019239 ], [ 1316430.0, 11945429.999400002881885 ], [ 1316459.999999999301508, 11945429.999400001019239 ], [ 1316459.999999997671694, 11945399.999400001019239 ], [ 1316489.999999998835847, 11945399.999400006607175 ], [ 1316490.000000000465661, 11945369.999400001019239 ], [ 1316549.999999999534339, 11945369.999400001019239 ], [ 1316550.0, 11945339.999400001019239 ], [ 1316579.999999999534339, 11945339.999400001019239 ], [ 1316579.999999999534339, 11945309.999400001019239 ], [ 1316609.999999999534339, 11945309.999400001019239 ], [ 1316610.000000000232831, 11945279.999400001019239 ], [ 1316640.000000000232831, 11945279.999400001019239 ], [ 1316639.999999999534339, 11945249.999400001019239 ], [ 1316639.999999999767169, 11945069.999400001019239 ], [ 1316610.000000000232831, 11945069.999400001019239 ], [ 1316609.999999998137355, 11944979.999400001019239 ], [ 1316640.000000000232831, 11944979.999399993568659 ], [ 1316639.999999999068677, 11944919.999400001019239 ], [ 1316669.999999999534339, 11944919.999400001019239 ], [ 1316669.999999999767169, 11944889.999400001019239 ], [ 1316699.999999999534339, 11944889.999400001019239 ], [ 1316699.999999998137355, 11944739.999399997293949 ], [ 1316730.0, 11944739.999400001019239 ], [ 1316730.000000000465661, 11944679.999400001019239 ], [ 1316699.999999999534339, 11944679.999400001019239 ], [ 1316700.000000000232831, 11944649.999400001019239 ], [ 1316730.000000000465661, 11944649.999400001019239 ], [ 1316729.999999999767169, 11944619.999400001019239 ], [ 1316940.000000000465661, 11944619.999400001019239 ], [ 1316940.000000000232831, 11944649.999400001019239 ], [ 1316970.000000000232831, 11944649.999400001019239 ], [ 1316970.000000000465661, 11944769.999400001019239 ], [ 1316999.999999999767169, 11944769.999400001019239 ], [ 1316999.999999998835847, 11944919.999400001019239 ], [ 1317030.000000000465661, 11944919.999400001019239 ], [ 1317030.000000000232831, 11944889.999400001019239 ], [ 1317060.0, 11944889.999400001019239 ], [ 1317060.000000000465661, 11944859.999400001019239 ], [ 1317089.999999999767169, 11944859.9994 ], [ 1317089.999999999534339, 11944739.999400001019239 ], [ 1317360.0, 11944739.999400001019239 ], [ 1317359.999999999068677, 11944679.999400001019239 ], [ 1317539.999999998603016, 11944679.999400001019239 ], [ 1317540.0, 11944649.999400001019239 ], [ 1317570.000000000465661, 11944649.999400001019239 ], [ 1317569.999999999767169, 11944469.999400001019239 ], [ 1317599.999999999068677, 11944469.999400001019239 ], [ 1317599.999999999534339, 11944439.999400001019239 ], [ 1317690.000000000232831, 11944439.999400001019239 ], [ 1317690.0, 11944469.999400001019239 ], [ 1317809.999999999767169, 11944469.999400001019239 ], [ 1317809.999999999534339, 11944409.999400001019239 ], [ 1317869.999999997671694, 11944409.999400001019239 ], [ 1317869.999999999767169, 11944379.999400001019239 ], [ 1318079.999999999534339, 11944379.999400001019239 ], [ 1318080.000000000232831, 11944349.999400002881885 ], [ 1318109.999999999534339, 11944349.999400001019239 ], [ 1318109.999999999534339, 11944289.9994 ], [ 1318199.999999999767169, 11944289.999400002881885 ], [ 1318200.0, 11944319.999399997293949 ], [ 1318230.0, 11944319.999399995431304 ], [ 1318230.000000000232831, 11944289.999400001019239 ], [ 1318349.999999999068677, 11944289.999400001019239 ], [ 1318349.999999998603016, 11944349.999400001019239 ], [ 1318380.000000000232831, 11944349.999400001019239 ], [ 1318380.000000000232831, 11944379.999400001019239 ], [ 1318410.000000000465661, 11944379.999400001019239 ], [ 1318410.0, 11944409.999400002881885 ], [ 1318439.999999999534339, 11944409.999400001019239 ], [ 1318439.999999999068677, 11944469.999400001019239 ], [ 1318559.999999999767169, 11944469.999400001019239 ], [ 1318560.000000000465661, 11944499.999400001019239 ], [ 1318590.000000000465661, 11944499.999400001019239 ], [ 1318590.000000000465661, 11944469.999400001019239 ], [ 1318679.999999998603016, 11944469.9994 ], [ 1318680.000000000698492, 11944439.999399997293949 ], [ 1318769.999999999301508, 11944439.999400001019239 ], [ 1318770.0, 11944469.999400001019239 ], [ 1318830.000000000698492, 11944469.999399997293949 ], [ 1318860.0, 11944469.9994 ], [ 1318860.000000000465661, 11944319.9994 ], [ 1318829.999999999534339, 11944319.999400001019239 ], [ 1318829.999999999534339, 11944259.999400001019239 ], [ 1318800.0, 11944259.999400001019239 ], [ 1318799.999999999534339, 11944229.999400001019239 ], [ 1318830.0, 11944229.999400001019239 ], [ 1318829.999999999534339, 11944199.999400001019239 ], [ 1318860.0, 11944199.999399995431304 ], [ 1318860.0, 11944019.999400001019239 ], [ 1318890.0, 11944019.999400001019239 ], [ 1318889.999999999767169, 11943779.999400001019239 ], [ 1318890.000000000232831, 11943659.999400001019239 ], [ 1318920.000000000232831, 11943659.999400001019239 ], [ 1318919.999999999534339, 11943479.999400001019239 ], [ 1318890.0, 11943479.999400001019239 ], [ 1318889.999999999534339, 11943449.999400001019239 ], [ 1318859.999999999767169, 11943449.999400001019239 ], [ 1318859.999999999767169, 11943419.999400002881885 ], [ 1318769.999999999767169, 11943419.999400001019239 ], [ 1318770.000000000232831, 11943389.999400001019239 ], [ 1318709.999999999767169, 11943389.99940000474453 ], [ 1318709.999999999534339, 11943359.999400001019239 ], [ 1318679.999999999767169, 11943359.999400001019239 ], [ 1318679.999999999534339, 11943299.999400001019239 ], [ 1318619.999999999301508, 11943299.999400001019239 ], [ 1318620.000000000232831, 11943269.999400001019239 ], [ 1318559.999999999534339, 11943269.999400001019239 ], [ 1318560.0, 11943239.999400001019239 ], [ 1318410.000000000232831, 11943239.999400001019239 ], [ 1318410.000000000232831, 11943269.999399997293949 ], [ 1318349.999999999767169, 11943269.999400001019239 ], [ 1318349.999999999767169, 11943059.999400001019239 ], [ 1318319.999999999534339, 11943059.999400001019239 ], [ 1318320.0, 11942969.999399997293949 ], [ 1318290.000000000465661, 11942969.999400001019239 ], [ 1318290.000000000465661, 11942939.999400001019239 ], [ 1318260.000000000465661, 11942939.999400001019239 ], [ 1318260.0, 11942909.999400001019239 ], [ 1318230.000000000232831, 11942909.999399997293949 ], [ 1318230.0, 11942879.999400001019239 ], [ 1318199.999999999534339, 11942879.999400001019239 ], [ 1318199.999999999534339, 11942819.999400001019239 ], [ 1318169.999999998370185, 11942819.999400001019239 ], [ 1318170.0, 11942789.999400001019239 ], [ 1318140.000000000232831, 11942789.999400001019239 ], [ 1318139.999999999767169, 11942609.999400001019239 ], [ 1318110.000000000465661, 11942609.999400001019239 ], [ 1318110.000000000232831, 11942429.999400001019239 ], [ 1318080.0, 11942429.999400001019239 ], [ 1318080.000000000232831, 11942399.999400001019239 ], [ 1318050.000000000465661, 11942399.999400001019239 ], [ 1318049.999999999767169, 11942309.999400001019239 ], [ 1317899.999999999534339, 11942309.999400001019239 ], [ 1317899.999999999534339, 11942279.999400001019239 ], [ 1317870.000000000465661, 11942279.999400001019239 ], [ 1317869.999999999534339, 11942249.999400001019239 ], [ 1317840.000000000465661, 11942249.999400001019239 ], [ 1317840.000000000465661, 11942219.999400001019239 ], [ 1317810.000000000232831, 11942219.999399995431304 ], [ 1317810.0, 11942159.999400001019239 ], [ 1317780.0, 11942159.9994 ], [ 1317780.0, 11942069.999400001019239 ], [ 1317750.0, 11942069.999400001019239 ], [ 1317750.000000000232831, 11941979.999400001019239 ], [ 1317719.999999999301508, 11941979.999400002881885 ], [ 1317719.999999999534339, 11941949.999400001019239 ], [ 1317750.0, 11941949.999400001019239 ], [ 1317749.999999999068677, 11941889.999399997293949 ], [ 1317780.000000000232831, 11941889.9994 ], [ 1317779.999999999767169, 11941799.999400001019239 ], [ 1317809.999999999767169, 11941799.999400001019239 ], [ 1317809.999999999534339, 11941739.999400001019239 ], [ 1317780.0, 11941739.999400001019239 ], [ 1317779.999999999534339, 11941709.999400001019239 ], [ 1317750.000000000465661, 11941709.999400001019239 ], [ 1317749.999999998137355, 11941589.999400001019239 ], [ 1317779.999999999068677, 11941589.999400001019239 ], [ 1317779.999999999534339, 11941529.999400001019239 ], [ 1317809.999999998603016, 11941529.999400002881885 ], [ 1317810.0, 11941439.999400001019239 ], [ 1317780.000000000465661, 11941439.999400001019239 ], [ 1317779.999999999534339, 11941409.999400001019239 ], [ 1317809.999999999068677, 11941409.999400001019239 ], [ 1317810.0, 11941379.999400001019239 ], [ 1317840.000000000232831, 11941379.999400001019239 ], [ 1317839.999999999534339, 11941319.999400001019239 ], [ 1317870.000000000232831, 11941319.9994 ], [ 1317869.999999999534339, 11941289.999400001019239 ], [ 1317929.999999999767169, 11941289.999400001019239 ], [ 1317930.000000000232831, 11941229.999400001019239 ], [ 1317959.999999997438863, 11941229.99940000474453 ], [ 1317960.0, 11941199.999399995431304 ], [ 1317900.000000000232831, 11941199.999400001019239 ], [ 1317899.999999999767169, 11941169.999400001019239 ], [ 1317870.0, 11941169.999400001019239 ], [ 1317870.000000000232831, 11941199.999400002881885 ], [ 1317810.0, 11941199.999400001019239 ], [ 1317810.000000000232831, 11941169.999400001019239 ], [ 1317720.0, 11941169.999400001019239 ], [ 1317719.999999999767169, 11941139.999400001019239 ], [ 1317600.0, 11941139.999400001019239 ], [ 1317599.999999999767169, 11941109.999400001019239 ], [ 1317420.000000000465661, 11941109.999400001019239 ], [ 1317419.999999999068677, 11941049.999399997293949 ], [ 1317390.0, 11941049.999400001019239 ], [ 1317390.000000000465661, 11940989.999400001019239 ], [ 1317360.000000000232831, 11940989.999400001019239 ], [ 1317359.999999999534339, 11940959.999400001019239 ], [ 1317329.999999999767169, 11940959.999400001019239 ], [ 1317330.0, 11940869.9994 ], [ 1317360.000000000698492, 11940869.999400001019239 ], [ 1317360.000000000465661, 11940779.999400001019239 ], [ 1317389.999999999534339, 11940779.999400001019239 ], [ 1317389.999999999534339, 11940749.999400001019239 ], [ 1317420.0, 11940749.999399997293949 ], [ 1317419.999999999534339, 11940659.99940000474453 ], [ 1317449.999999999767169, 11940659.999400001019239 ], [ 1317450.000000000232831, 11940629.999400001019239 ], [ 1317479.999999999068677, 11940629.999400001019239 ], [ 1317480.0, 11940209.999400001019239 ], [ 1317360.000000000465661, 11940209.999400001019239 ], [ 1317360.000000000465661, 11940179.9994 ], [ 1317270.000000000232831, 11940179.9994 ], [ 1317269.999999999534339, 11940149.999400001019239 ], [ 1317299.999999999301508, 11940149.999400001019239 ], [ 1317300.0, 11939879.9994 ], [ 1317270.000000000465661, 11939879.999400001019239 ], [ 1317269.999999999767169, 11939849.999400001019239 ], [ 1317359.999999999767169, 11939849.999400001019239 ], [ 1317360.000000000232831, 11939699.999400001019239 ], [ 1317329.999999999534339, 11939699.999400001019239 ], [ 1317330.000000000232831, 11939669.999400001019239 ], [ 1317299.999999999534339, 11939669.999400001019239 ], [ 1317300.000000000465661, 11939639.999399997293949 ], [ 1317179.999999999301508, 11939639.999400001019239 ], [ 1317179.999999997671694, 11939579.999400001019239 ], [ 1317149.999999999767169, 11939579.999400001019239 ], [ 1317150.000000000232831, 11939549.999400001019239 ], [ 1317120.0, 11939549.999400001019239 ], [ 1317119.999999999534339, 11939519.999400001019239 ], [ 1317029.999999999767169, 11939519.9994 ], [ 1317029.999999999534339, 11939489.999400001019239 ], [ 1317000.0, 11939489.999400001019239 ], [ 1317000.000000000465661, 11939429.999400001019239 ], [ 1316969.999999999534339, 11939429.999400001019239 ], [ 1316969.999999999767169, 11939399.999400001019239 ], [ 1316940.000000000232831, 11939399.999400001019239 ], [ 1316940.0, 11939339.999400001019239 ], [ 1316909.999999997904524, 11939339.99940000474453 ], [ 1316909.999999999301508, 11939309.999400001019239 ], [ 1316850.000000000465661, 11939309.999400001019239 ], [ 1316850.000000000232831, 11939279.999400001019239 ], [ 1316819.999999999534339, 11939279.999400001019239 ], [ 1316820.000000000232831, 11939249.9994 ], [ 1316790.0, 11939249.999400001019239 ], [ 1316790.000000000232831, 11939159.999400001019239 ], [ 1316760.000000000232831, 11939159.999399997293949 ], [ 1316760.000000000465661, 11939129.999399997293949 ], [ 1316790.000000000232831, 11939129.999399997293949 ], [ 1316790.0, 11939099.999400001019239 ], [ 1316820.000000000465661, 11939099.999400001019239 ], [ 1316819.999999999767169, 11939009.999400001019239 ], [ 1316789.999999999767169, 11939009.999400001019239 ], [ 1316789.999999999534339, 11938949.999400001019239 ], [ 1316819.999999999534339, 11938949.999400001019239 ], [ 1316820.000000000465661, 11938919.999399997293949 ], [ 1316789.999999999534339, 11938919.999400001019239 ], [ 1316790.000000000232831, 11938859.999400002881885 ], [ 1316730.0, 11938859.999400001019239 ], [ 1316729.999999999767169, 11938769.999400001019239 ], [ 1316609.999999999767169, 11938769.999400001019239 ], [ 1316610.0, 11938739.999400001019239 ], [ 1316580.0, 11938739.999400001019239 ], [ 1316580.0, 11938709.999400001019239 ], [ 1316609.999999999534339, 11938709.999400001019239 ], [ 1316609.999999999068677, 11938619.999399995431304 ], [ 1316579.999999999534339, 11938619.999400001019239 ], [ 1316580.000000000465661, 11938589.9994 ], [ 1316490.0, 11938589.999400001019239 ], [ 1316490.0, 11938559.999400001019239 ], [ 1316430.0, 11938559.999400001019239 ], [ 1316429.999999999534339, 11938529.999400001019239 ], [ 1316400.0, 11938529.999400001019239 ], [ 1316399.999999999534339, 11938499.999400001019239 ], [ 1316369.999999999534339, 11938499.999400001019239 ], [ 1316369.999999999767169, 11938469.999400001019239 ], [ 1316339.999999999767169, 11938469.999400001019239 ], [ 1316339.999999999534339, 11938439.999400001019239 ], [ 1316309.999999998603016, 11938439.99940000474453 ], [ 1316310.0, 11938409.999400001019239 ], [ 1316309.999999999534339, 11938199.999400001019239 ], [ 1316310.0, 11938169.999400001019239 ], [ 1316340.0, 11938169.999400001019239 ], [ 1316340.0, 11938139.999400001019239 ], [ 1316400.0, 11938139.999400001019239 ], [ 1316400.000000000232831, 11938109.999400001019239 ], [ 1316490.0, 11938109.999400001019239 ], [ 1316489.999999999534339, 11937959.999400001019239 ], [ 1316460.0, 11937959.999400002881885 ], [ 1316460.000000000232831, 11937779.999400001019239 ], [ 1316430.0, 11937779.999400001019239 ], [ 1316430.000000000232831, 11937659.999399997293949 ], [ 1316460.0, 11937659.999400001019239 ], [ 1316459.999999999534339, 11937629.999400001019239 ], [ 1316490.0, 11937629.999400001019239 ], [ 1316489.999999998603016, 11937599.999400001019239 ], [ 1316520.000000000232831, 11937599.999400001019239 ], [ 1316520.000000000232831, 11937569.999400001019239 ], [ 1316580.0, 11937569.999400001019239 ], [ 1316579.999999997671694, 11937539.999400001019239 ], [ 1316609.999999999534339, 11937539.999400001019239 ], [ 1316609.999999999534339, 11937509.999400001019239 ], [ 1316670.0, 11937509.999400001019239 ], [ 1316669.999999999534339, 11937539.999400001019239 ], [ 1316730.000000000232831, 11937539.999400001019239 ], [ 1316730.000000000232831, 11937509.999400001019239 ], [ 1316790.0, 11937509.999400002881885 ], [ 1316790.000000000698492, 11937479.999399997293949 ], [ 1316939.999999997671694, 11937479.999400001019239 ], [ 1316939.999999999534339, 11937509.99940000474453 ], [ 1317089.999999997671694, 11937509.999400001019239 ], [ 1317089.999999999534339, 11937479.999400001019239 ], [ 1317119.999999999534339, 11937479.999400001019239 ], [ 1317120.0, 11937389.999400001019239 ], [ 1317150.000000000465661, 11937389.999400001019239 ], [ 1317150.0, 11937359.999400001019239 ], [ 1317180.0, 11937359.999400001019239 ], [ 1317179.999999997671694, 11937299.999400001019239 ], [ 1317210.000000000232831, 11937299.999400001019239 ], [ 1317210.000000000465661, 11937269.999400001019239 ], [ 1317239.999999999767169, 11937269.9994 ], [ 1317240.000000000232831, 11937209.999400001019239 ], [ 1317270.000000000465661, 11937209.9994 ], [ 1317270.0, 11937119.999400001019239 ], [ 1317239.999999999534339, 11937119.999400001019239 ], [ 1317239.999999999767169, 11937089.999400001019239 ], [ 1317359.999999998137355, 11937089.999400001019239 ], [ 1317359.999999999767169, 11937119.999400001019239 ], [ 1317389.999999998137355, 11937119.999399993568659 ], [ 1317389.999999999534339, 11937149.999400001019239 ], [ 1317450.000000000232831, 11937149.999400001019239 ], [ 1317450.0, 11937179.999400002881885 ], [ 1317479.999999999301508, 11937179.999399997293949 ], [ 1317479.999999998603016, 11937149.999400001019239 ], [ 1317510.000000000232831, 11937149.999399997293949 ], [ 1317509.999999999767169, 11937119.999400001019239 ], [ 1317600.0, 11937119.999400001019239 ], [ 1317600.000000000232831, 11937089.999400001019239 ], [ 1317629.999999999301508, 11937089.999400001019239 ], [ 1317630.0, 11937059.999400001019239 ], [ 1317660.0, 11937059.999400001019239 ], [ 1317660.000000000232831, 11936909.999400001019239 ], [ 1317690.000000000465661, 11936909.999400001019239 ], [ 1317690.000000000465661, 11936759.999400001019239 ], [ 1317720.000000000232831, 11936759.999400001019239 ], [ 1317720.0, 11936729.999400001019239 ], [ 1317809.999999998137355, 11936729.999400001019239 ], [ 1317809.999999999767169, 11936699.999400001019239 ], [ 1317869.999999999534339, 11936699.999400001019239 ], [ 1317869.999999999767169, 11936639.999400001019239 ], [ 1317930.0, 11936639.999400001019239 ], [ 1317929.999999999767169, 11936609.999400001019239 ], [ 1318019.999999999767169, 11936609.999400001019239 ], [ 1318019.999999999534339, 11936579.999400001019239 ], [ 1318080.000000000465661, 11936579.9994 ], [ 1318079.999999999534339, 11936549.99940000474453 ], [ 1318110.000000000465661, 11936549.999400001019239 ], [ 1318109.999999999534339, 11936579.999400001019239 ], [ 1318289.999999998835847, 11936579.999400001019239 ], [ 1318290.000000000465661, 11936549.999400001019239 ], [ 1318320.000000000465661, 11936549.9994 ], [ 1318319.999999999534339, 11936519.999400001019239 ], [ 1318349.999999998603016, 11936519.999400001019239 ], [ 1318350.000000000698492, 11936429.999399993568659 ], [ 1318409.999999999767169, 11936429.999400001019239 ], [ 1318409.999999998137355, 11936399.999400001019239 ], [ 1318529.999999999767169, 11936399.999400001019239 ], [ 1318529.999999999534339, 11936369.999400001019239 ], [ 1318589.999999999068677, 11936369.999400001019239 ], [ 1318589.999999998137355, 11936339.999400001019239 ], [ 1318769.999999999534339, 11936339.999400001019239 ], [ 1318769.999999999534339, 11936369.999400001019239 ], [ 1318799.999999999301508, 11936369.999400001019239 ], [ 1318800.0, 11936339.999400001019239 ], [ 1318890.0, 11936339.999400001019239 ], [ 1318890.000000000465661, 11936369.999400001019239 ], [ 1318919.999999999534339, 11936369.999400001019239 ], [ 1318919.999999999534339, 11936399.999400001019239 ], [ 1318979.999999997671694, 11936399.999400001019239 ], [ 1318980.000000000465661, 11936429.999400001019239 ], [ 1319100.000000000465661, 11936429.999400001019239 ], [ 1319100.0, 11936459.999400001019239 ], [ 1319219.999999999534339, 11936459.999400001019239 ], [ 1319220.0, 11936489.999400001019239 ], [ 1319250.0, 11936489.999400001019239 ], [ 1319249.999999999767169, 11936519.999400001019239 ], [ 1319280.0, 11936519.999400001019239 ], [ 1319279.999999999534339, 11936489.999400001019239 ], [ 1319339.999999997671694, 11936489.999400001019239 ], [ 1319340.000000000465661, 11936459.999399997293949 ], [ 1319459.999999999534339, 11936459.999400001019239 ], [ 1319460.000000000232831, 11936429.999400001019239 ], [ 1319519.999999999767169, 11936429.999400001019239 ], [ 1319519.999999999534339, 11936399.999400001019239 ], [ 1319549.999999997438863, 11936399.999400001019239 ], [ 1319550.0, 11936309.999399997293949 ], [ 1319580.000000000465661, 11936309.999399995431304 ], [ 1319579.999999999068677, 11936279.999400001019239 ], [ 1319550.000000000232831, 11936279.999400001019239 ], [ 1319549.999999999534339, 11936159.999400001019239 ], [ 1319490.0, 11936159.999400001019239 ], [ 1319489.999999999534339, 11936009.999400001019239 ], [ 1319460.000000000465661, 11936009.999400001019239 ], [ 1319459.999999998370185, 11935949.999399997293949 ], [ 1319429.999999999534339, 11935949.999400001019239 ], [ 1319430.0, 11935799.999400001019239 ], [ 1319459.999999999068677, 11935799.999400001019239 ], [ 1319459.999999999068677, 11935679.999400001019239 ], [ 1319520.0, 11935679.999400001019239 ], [ 1319519.999999999068677, 11935619.999400001019239 ], [ 1319490.000000000465661, 11935619.999400001019239 ], [ 1319490.0, 11935469.999399997293949 ], [ 1319459.999999999767169, 11935469.999400001019239 ], [ 1319459.999999999534339, 11935439.999400001019239 ], [ 1319550.0, 11935439.999400001019239 ], [ 1319550.000000000232831, 11935379.999400001019239 ], [ 1319579.999999999534339, 11935379.999400001019239 ], [ 1319580.000000000465661, 11935349.999400001019239 ], [ 1319609.999999999767169, 11935349.999400001019239 ], [ 1319609.999999999534339, 11935319.999400001019239 ], [ 1319669.999999998603016, 11935319.999400001019239 ], [ 1319670.0, 11935259.999400001019239 ], [ 1319760.0, 11935259.999400001019239 ], [ 1319760.0, 11935229.999400001019239 ], [ 1319730.0, 11935229.999400001019239 ], [ 1319729.999999999534339, 11935109.999400001019239 ], [ 1319760.000000000232831, 11935109.999400001019239 ], [ 1319760.000000000232831, 11935079.999400001019239 ], [ 1319789.999999999767169, 11935079.999400001019239 ], [ 1319789.999999999767169, 11935049.999400001019239 ], [ 1319819.999999999534339, 11935049.999400001019239 ], [ 1319820.0, 11935019.999400001019239 ], [ 1319850.000000000465661, 11935019.999400001019239 ], [ 1319850.000000000465661, 11934989.999400001019239 ], [ 1319819.999999998603016, 11934989.999400001019239 ], [ 1319819.999999999767169, 11934899.999400001019239 ], [ 1319789.999999999301508, 11934899.999400001019239 ], [ 1319790.0, 11934749.9994 ], [ 1319759.999999999534339, 11934749.999400001019239 ], [ 1319760.000000000465661, 11934659.999400001019239 ], [ 1319730.0, 11934659.999400001019239 ], [ 1319729.999999997904524, 11934599.999400001019239 ], [ 1319700.000000000232831, 11934599.999400001019239 ], [ 1319700.0, 11934569.999400001019239 ], [ 1319670.000000000465661, 11934569.999400001019239 ], [ 1319670.000000000465661, 11934539.999400001019239 ], [ 1319639.999999999534339, 11934539.999400001019239 ], [ 1319640.000000000465661, 11934509.999400001019239 ], [ 1319609.999999999767169, 11934509.999400001019239 ], [ 1319609.999999999068677, 11934449.999400001019239 ], [ 1319549.999999999767169, 11934449.999400001019239 ], [ 1319549.999999999301508, 11934389.999400001019239 ], [ 1319519.999999999767169, 11934389.999400001019239 ], [ 1319519.999999999068677, 11934329.999400001019239 ], [ 1319490.000000000465661, 11934329.999400001019239 ], [ 1319490.000000000465661, 11934269.999400001019239 ], [ 1319520.000000000232831, 11934269.999400001019239 ], [ 1319520.000000000465661, 11934239.999399995431304 ], [ 1319550.000000000232831, 11934239.999400001019239 ], [ 1319549.999999999767169, 11934209.999400001019239 ], [ 1319520.000000000232831, 11934209.999400001019239 ], [ 1319520.000000000232831, 11934089.999400001019239 ], [ 1319549.999999999767169, 11934089.999400001019239 ], [ 1319550.0, 11933969.999400001019239 ], [ 1319519.999999999534339, 11933969.999400001019239 ], [ 1319519.999999999301508, 11933939.999399997293949 ], [ 1319459.999999999534339, 11933939.999400001019239 ], [ 1319459.999999999534339, 11933909.999400001019239 ], [ 1319429.999999999534339, 11933909.999400001019239 ], [ 1319429.999999998603016, 11933849.999400001019239 ], [ 1319399.999999999534339, 11933849.999400001019239 ], [ 1319400.0, 11933819.999400002881885 ], [ 1319340.000000000698492, 11933819.999399997293949 ], [ 1319340.000000000232831, 11933789.999400001019239 ], [ 1319279.999999999068677, 11933789.999400001019239 ], [ 1319280.0, 11933759.999400001019239 ], [ 1319250.000000000465661, 11933759.999400001019239 ], [ 1319250.0, 11933669.999400001019239 ], [ 1319309.999999999534339, 11933669.999400001019239 ], [ 1319310.000000000232831, 11933579.9994 ], [ 1319339.999999999767169, 11933579.999400002881885 ], [ 1319340.0, 11933519.999400001019239 ], [ 1319370.0, 11933519.9994 ], [ 1319370.0, 11933429.999399995431304 ], [ 1319399.999999998603016, 11933429.999400001019239 ], [ 1319399.999999999301508, 11933399.999400001019239 ], [ 1319519.999999999301508, 11933399.999400001019239 ], [ 1319520.0, 11933219.999400001019239 ], [ 1319550.0, 11933219.999400001019239 ], [ 1319550.000000000232831, 11933159.999400001019239 ], [ 1319520.000000000465661, 11933159.999399997293949 ], [ 1319520.0, 11933129.999400001019239 ], [ 1319460.0, 11933129.999400001019239 ], [ 1319459.999999999534339, 11933009.999400001019239 ], [ 1319429.999999998603016, 11933009.999400001019239 ], [ 1319430.0, 11932979.999400001019239 ], [ 1319400.0, 11932979.9994 ], [ 1319399.999999999767169, 11932949.999400001019239 ], [ 1319430.000000000232831, 11932949.999400001019239 ], [ 1319430.000000000232831, 11932829.999400001019239 ], [ 1319399.999999999767169, 11932829.999400001019239 ], [ 1319400.0, 11932739.999400001019239 ], [ 1319370.000000000465661, 11932739.9994 ], [ 1319370.0, 11932709.999400001019239 ], [ 1319340.000000000232831, 11932709.999400001019239 ], [ 1319339.999999999767169, 11932679.999399997293949 ], [ 1319309.999999999767169, 11932679.999400001019239 ], [ 1319309.999999998603016, 11932559.999400001019239 ], [ 1319280.000000000465661, 11932559.999400001019239 ], [ 1319280.000000000232831, 11932499.999400001019239 ], [ 1319250.0, 11932499.999399997293949 ], [ 1319250.000000000232831, 11932469.999400001019239 ], [ 1319159.999999998603016, 11932469.999399997293949 ], [ 1319159.999999999301508, 11932409.999400001019239 ], [ 1319129.999999999534339, 11932409.999400001019239 ], [ 1319130.0, 11932379.999400001019239 ], [ 1319070.0, 11932379.999400002881885 ], [ 1319069.999999999767169, 11932289.999400001019239 ], [ 1318979.999999997904524, 11932289.999400001019239 ], [ 1318980.0, 11932079.999400001019239 ], [ 1319009.999999997671694, 11932079.999400001019239 ], [ 1319010.0, 11932049.999400001019239 ], [ 1319130.000000000465661, 11932049.999400001019239 ], [ 1319130.0, 11932019.999400001019239 ], [ 1319280.0, 11932019.999400001019239 ], [ 1319279.999999999767169, 11931989.999400001019239 ], [ 1319339.999999999534339, 11931989.999400001019239 ], [ 1319339.999999999534339, 11931959.999400001019239 ], [ 1319429.999999999534339, 11931959.999400001019239 ], [ 1319430.000000000465661, 11931929.999400001019239 ], [ 1319669.999999999767169, 11931929.999400001019239 ], [ 1319669.999999999534339, 11931959.999400001019239 ], [ 1319790.0, 11931959.999400001019239 ], [ 1319789.999999999767169, 11931839.999400001019239 ], [ 1319880.000000000465661, 11931839.999400001019239 ], [ 1319880.0, 11931869.9994 ], [ 1319970.000000000465661, 11931869.9994 ], [ 1319970.000000000465661, 11931839.999400001019239 ], [ 1319940.0, 11931839.999399993568659 ], [ 1319940.000000000232831, 11931779.999400001019239 ], [ 1319910.0, 11931779.999400001019239 ], [ 1319910.000000000465661, 11931689.999400001019239 ], [ 1319879.999999999534339, 11931689.999400001019239 ], [ 1319879.999999998137355, 11931539.999400001019239 ], [ 1319850.000000000232831, 11931539.999400001019239 ], [ 1319850.000000000465661, 11931419.999400001019239 ], [ 1319879.999999999534339, 11931419.999400001019239 ], [ 1319879.999999998603016, 11931359.999400001019239 ], [ 1319850.000000000465661, 11931359.999400001019239 ], [ 1319850.0, 11931299.999400001019239 ], [ 1319760.0, 11931299.999400001019239 ], [ 1319759.999999999534339, 11931269.999400001019239 ], [ 1319730.000000000232831, 11931269.999400001019239 ], [ 1319730.0, 11931239.999400001019239 ], [ 1319699.999999999068677, 11931239.999400001019239 ], [ 1319700.000000000465661, 11931209.999400001019239 ], [ 1319580.000000000465661, 11931209.999400001019239 ], [ 1319580.0, 11931179.999399997293949 ], [ 1319520.0, 11931179.999400001019239 ], [ 1319520.000000000465661, 11931149.999399997293949 ], [ 1319460.000000000232831, 11931149.999400001019239 ], [ 1319460.000000000465661, 11931119.999400001019239 ], [ 1319369.999999999301508, 11931119.999400001019239 ], [ 1319369.999999999767169, 11931089.999400001019239 ], [ 1319279.999999999767169, 11931089.999400001019239 ], [ 1319280.000000000232831, 11931119.999400001019239 ], [ 1319190.000000000465661, 11931119.999400001019239 ], [ 1319190.000000000465661, 11931089.999400001019239 ], [ 1319159.999999999534339, 11931089.999400001019239 ], [ 1319159.999999998603016, 11931029.999400001019239 ], [ 1319069.999999999534339, 11931029.9994 ], [ 1319070.0, 11930999.999400001019239 ], [ 1318979.999999999534339, 11930999.999400001019239 ], [ 1318980.0, 11931029.999400001019239 ], [ 1318919.999999998835847, 11931029.999400001019239 ], [ 1318919.999999998137355, 11931059.999400001019239 ], [ 1318890.000000000465661, 11931059.999399997293949 ], [ 1318889.999999999068677, 11931029.999400001019239 ], [ 1318799.999999999534339, 11931029.999400001019239 ], [ 1318799.999999999767169, 11930819.999400001019239 ], [ 1318770.000000000465661, 11930819.999400001019239 ], [ 1318769.999999999068677, 11930729.999400001019239 ], [ 1318830.0, 11930729.999400001019239 ], [ 1318830.0, 11930699.999400001019239 ], [ 1318860.0, 11930699.999400001019239 ], [ 1318859.999999999534339, 11930519.999400001019239 ], [ 1318890.000000000465661, 11930519.999400001019239 ], [ 1318890.000000000232831, 11930489.999400002881885 ], [ 1318860.000000000465661, 11930489.999400001019239 ], [ 1318859.999999999534339, 11930429.999400001019239 ], [ 1318889.999999997671694, 11930429.999400006607175 ], [ 1318890.0, 11930369.999400001019239 ], [ 1318920.000000000232831, 11930369.999400001019239 ], [ 1318919.999999999767169, 11930339.9994 ], [ 1318950.000000000465661, 11930339.999400001019239 ], [ 1318950.000000000465661, 11930309.999400001019239 ], [ 1319009.999999999767169, 11930309.999400001019239 ], [ 1319010.000000000232831, 11930279.999400001019239 ], [ 1318979.999999998137355, 11930279.999400001019239 ], [ 1318980.0, 11930099.999400001019239 ], [ 1318860.000000000232831, 11930099.999400001019239 ], [ 1318860.0, 11930159.999400001019239 ], [ 1318830.000000000465661, 11930159.999400001019239 ], [ 1318830.000000000232831, 11930189.999400001019239 ], [ 1318769.999999999767169, 11930189.999400001019239 ], [ 1318770.0, 11930219.999400001019239 ], [ 1318649.999999999534339, 11930219.999400001019239 ], [ 1318649.999999999534339, 11930189.999400001019239 ], [ 1318619.999999999068677, 11930189.999400001019239 ], [ 1318619.999999999534339, 11930159.999400001019239 ], [ 1318499.999999999767169, 11930159.999400001019239 ], [ 1318499.999999998603016, 11930219.999400001019239 ], [ 1318470.000000000232831, 11930219.999400001019239 ], [ 1318470.000000000232831, 11930249.99940000474453 ], [ 1318440.000000000232831, 11930249.999400001019239 ], [ 1318440.000000000232831, 11930279.999399995431304 ], [ 1318409.999999999068677, 11930279.999400001019239 ], [ 1318410.0, 11930309.999400001019239 ], [ 1318379.999999999301508, 11930309.999400001019239 ], [ 1318379.999999999301508, 11930339.999400001019239 ], [ 1318259.999999997671694, 11930339.999400001019239 ], [ 1318259.999999999534339, 11930369.999400002881885 ], [ 1318230.000000000465661, 11930369.999400001019239 ], [ 1318229.999999999767169, 11930399.999400001019239 ], [ 1318169.999999999534339, 11930399.999400001019239 ], [ 1318170.0, 11930369.999400001019239 ], [ 1318079.999999998603016, 11930369.999400001019239 ], [ 1318079.999999999534339, 11930399.999400001019239 ], [ 1318050.0, 11930399.999400001019239 ], [ 1318050.000000000465661, 11930429.999400001019239 ], [ 1317929.999999999767169, 11930429.999400001019239 ], [ 1317929.999999999767169, 11930489.999400001019239 ], [ 1317900.000000000465661, 11930489.999400001019239 ], [ 1317900.000000000465661, 11930549.999399997293949 ], [ 1317869.999999999767169, 11930549.999400001019239 ], [ 1317869.999999999767169, 11930579.999400001019239 ], [ 1317840.0, 11930579.999400001019239 ], [ 1317840.000000000465661, 11930639.999400001019239 ], [ 1317809.999999998835847, 11930639.999400001019239 ], [ 1317809.999999999534339, 11930699.999400002881885 ], [ 1317779.999999999767169, 11930699.999400001019239 ], [ 1317780.000000000232831, 11930729.99940000474453 ], [ 1317750.000000000232831, 11930729.999400001019239 ], [ 1317750.000000000465661, 11930759.999400001019239 ], [ 1317720.000000000465661, 11930759.999400001019239 ], [ 1317720.0, 11930729.999400001019239 ], [ 1317629.999999999068677, 11930729.999400001019239 ], [ 1317630.0, 11930759.999400001019239 ], [ 1317569.999999998603016, 11930759.999400001019239 ], [ 1317570.0, 11930789.999400001019239 ], [ 1317539.999999999534339, 11930789.999400001019239 ], [ 1317540.000000000232831, 11930909.999400001019239 ], [ 1317479.999999999767169, 11930909.999400001019239 ], [ 1317480.0, 11930939.999400001019239 ], [ 1317419.999999999534339, 11930939.9994 ], [ 1317420.0, 11930909.999400001019239 ], [ 1317360.0, 11930909.999400001019239 ], [ 1317360.000000000232831, 11930879.999400001019239 ], [ 1317330.0, 11930879.999400002881885 ], [ 1317330.0, 11930579.999400001019239 ], [ 1317269.999999999767169, 11930579.999400001019239 ], [ 1317270.000000000465661, 11930549.9994 ], [ 1317239.999999999068677, 11930549.999400001019239 ], [ 1317239.999999999534339, 11930519.999400001019239 ], [ 1317179.999999999534339, 11930519.999400001019239 ], [ 1317179.999999999068677, 11930489.999400001019239 ], [ 1317149.999999999767169, 11930489.999400001019239 ], [ 1317150.0, 11930459.999400001019239 ], [ 1317089.999999999767169, 11930459.999400001019239 ], [ 1317090.0, 11930429.999400002881885 ], [ 1317060.0, 11930429.999400001019239 ], [ 1317060.0, 11930399.999400001019239 ], [ 1317030.0, 11930399.999400001019239 ], [ 1317030.000000000465661, 11930369.999400001019239 ], [ 1316999.999999998603016, 11930369.9994 ], [ 1317000.0, 11930339.999400001019239 ], [ 1316970.000000000465661, 11930339.999399997293949 ], [ 1316970.000000000698492, 11930309.999399997293949 ], [ 1316999.999999999534339, 11930309.999400001019239 ], [ 1317000.0, 11930219.999400001019239 ], [ 1317030.0, 11930219.999400001019239 ], [ 1317030.0, 11930189.999400001019239 ], [ 1317059.999999999534339, 11930189.999400001019239 ], [ 1317060.0, 11930159.999400001019239 ], [ 1317090.000000000232831, 11930159.999400001019239 ], [ 1317090.0, 11930009.999400001019239 ], [ 1317149.999999999534339, 11930009.999400001019239 ], [ 1317149.999999998603016, 11929979.999399993568659 ], [ 1317210.000000000698492, 11929979.999399997293949 ], [ 1317210.000000000465661, 11929919.999400001019239 ], [ 1317269.999999999534339, 11929919.999400001019239 ], [ 1317270.0, 11929889.999400001019239 ], [ 1317300.000000000465661, 11929889.999400001019239 ], [ 1317299.999999999534339, 11929859.999400001019239 ], [ 1317330.000000000698492, 11929859.999399997293949 ], [ 1317329.999999999767169, 11929769.999399997293949 ], [ 1317389.999999999534339, 11929769.999400001019239 ], [ 1317389.999999999301508, 11929619.999400001019239 ], [ 1317420.000000000465661, 11929619.999400001019239 ], [ 1317419.999999998137355, 11929559.9994 ], [ 1317389.999999999534339, 11929559.999400001019239 ], [ 1317389.999999999534339, 11929529.999400001019239 ], [ 1317420.000000000465661, 11929529.999400001019239 ], [ 1317420.000000000465661, 11929409.999400001019239 ], [ 1317389.999999999068677, 11929409.999400001019239 ], [ 1317390.000000000465661, 11929319.999399997293949 ], [ 1317270.000000000232831, 11929319.999400001019239 ], [ 1317269.999999999767169, 11929349.9994 ], [ 1317240.000000000232831, 11929349.999400001019239 ], [ 1317239.999999999534339, 11929319.999400001019239 ], [ 1317210.0, 11929319.999400001019239 ], [ 1317209.999999999534339, 11929289.999400001019239 ], [ 1317179.999999999767169, 11929289.999400001019239 ], [ 1317180.0, 11929259.999399995431304 ], [ 1317150.000000000232831, 11929259.999400001019239 ], [ 1317149.999999997671694, 11929199.999400001019239 ], [ 1317119.999999999534339, 11929199.999400001019239 ], [ 1317119.999999999767169, 11929169.999400001019239 ], [ 1317090.0, 11929169.999400001019239 ], [ 1317090.0, 11929049.999400001019239 ], [ 1317120.0, 11929049.999400001019239 ], [ 1317119.999999998835847, 11929019.999400001019239 ], [ 1317150.0, 11929019.999399997293949 ], [ 1317150.000000000465661, 11928989.999400001019239 ], [ 1317210.000000000465661, 11928989.999400001019239 ], [ 1317209.999999999534339, 11928959.999400001019239 ], [ 1317180.0, 11928959.999400001019239 ], [ 1317179.999999998137355, 11928869.999400001019239 ], [ 1317149.999999999767169, 11928869.999400001019239 ], [ 1317150.0, 11928779.9994 ], [ 1317120.000000000232831, 11928779.999400001019239 ], [ 1317119.999999999767169, 11928749.999400001019239 ], [ 1317149.999999999301508, 11928749.999400001019239 ], [ 1317149.999999999767169, 11928689.999400001019239 ], [ 1317270.000000000465661, 11928689.999400001019239 ], [ 1317270.0, 11928659.999400001019239 ], [ 1317299.999999999534339, 11928659.999400001019239 ], [ 1317300.0, 11928629.999400001019239 ], [ 1317269.999999998603016, 11928629.999400001019239 ], [ 1317270.0, 11928569.999400002881885 ], [ 1317240.000000000232831, 11928569.999400001019239 ], [ 1317239.999999999767169, 11928509.999400001019239 ], [ 1317209.999999999767169, 11928509.999400001019239 ], [ 1317209.999999999767169, 11928479.999400001019239 ], [ 1317180.0, 11928479.999400001019239 ], [ 1317180.000000000465661, 11928419.999400001019239 ], [ 1317329.999999999767169, 11928419.999400001019239 ], [ 1317330.000000000232831, 11928329.999400001019239 ], [ 1317390.000000000232831, 11928329.999400001019239 ], [ 1317389.999999999534339, 11928269.999400001019239 ], [ 1317420.000000000232831, 11928269.999400001019239 ], [ 1317420.0, 11928239.999400001019239 ], [ 1317450.0, 11928239.999400001019239 ], [ 1317449.999999997671694, 11928149.999400001019239 ], [ 1317479.999999998370185, 11928149.999400002881885 ], [ 1317480.000000000232831, 11928119.9994 ], [ 1317539.999999999767169, 11928119.999400001019239 ], [ 1317540.000000000465661, 11927999.999399997293949 ], [ 1317599.999999999068677, 11927999.999400001019239 ], [ 1317599.999999999534339, 11928029.999400001019239 ], [ 1317630.0, 11928029.999400001019239 ], [ 1317629.999999999534339, 11928059.99940000474453 ], [ 1317720.000000000232831, 11928059.999400001019239 ], [ 1317719.999999999534339, 11928029.999400001019239 ], [ 1317809.999999999534339, 11928029.999400001019239 ], [ 1317809.999999999767169, 11927999.999400001019239 ], [ 1317840.0, 11927999.999400002881885 ], [ 1317840.000000000465661, 11927969.999399997293949 ], [ 1317899.999999998603016, 11927969.999400001019239 ], [ 1317899.999999999767169, 11927939.999400001019239 ], [ 1317930.0, 11927939.999400001019239 ], [ 1317929.999999999534339, 11927909.999400001019239 ], [ 1317960.0, 11927909.9994 ], [ 1317959.999999999534339, 11927849.999400001019239 ], [ 1317930.0, 11927849.999400001019239 ], [ 1317930.0, 11927819.999400001019239 ], [ 1317959.999999999767169, 11927819.999400001019239 ], [ 1317959.999999998370185, 11927789.999400001019239 ], [ 1317930.000000000232831, 11927789.999400001019239 ], [ 1317929.999999999534339, 11927639.999400001019239 ], [ 1317960.0, 11927639.999400001019239 ], [ 1317959.999999999301508, 11927609.999400001019239 ], [ 1317900.000000000465661, 11927609.999400001019239 ], [ 1317900.000000000232831, 11927549.999399997293949 ], [ 1317869.999999998603016, 11927549.999400001019239 ], [ 1317870.0, 11927519.999400001019239 ], [ 1317839.999999998370185, 11927519.999400001019239 ], [ 1317839.999999999534339, 11927459.999400001019239 ], [ 1317779.999999999534339, 11927459.999400001019239 ], [ 1317779.999999999767169, 11927399.999400001019239 ], [ 1317660.000000000232831, 11927399.999400001019239 ], [ 1317659.999999999534339, 11927369.99940000474453 ], [ 1317629.999999999301508, 11927369.99940000474453 ], [ 1317630.000000000232831, 11927309.999400001019239 ], [ 1317599.999999999534339, 11927309.999400001019239 ], [ 1317600.0, 11927279.999400001019239 ], [ 1317510.0, 11927279.999400001019239 ], [ 1317510.0, 11927219.999400001019239 ], [ 1317510.0, 11927189.999400001019239 ], [ 1317540.0, 11927189.999400001019239 ], [ 1317539.999999999767169, 11926979.999400002881885 ], [ 1317600.0, 11926979.999400001019239 ], [ 1317600.000000000465661, 11926889.9994 ], [ 1317630.0, 11926889.999400001019239 ], [ 1317630.0, 11926859.999400001019239 ], [ 1317750.000000000232831, 11926859.999400001019239 ], [ 1317750.0, 11926829.999400001019239 ], [ 1317900.000000000232831, 11926829.99940000474453 ], [ 1317899.999999999534339, 11926859.999400001019239 ], [ 1317989.999999999534339, 11926859.999400001019239 ], [ 1317990.000000000465661, 11926829.999400001019239 ], [ 1318050.000000000232831, 11926829.999400001019239 ], [ 1318050.000000000232831, 11926799.999399997293949 ], [ 1318079.999999999767169, 11926799.999400001019239 ], [ 1318079.999999999534339, 11926679.999400001019239 ], [ 1318110.000000000232831, 11926679.9994 ], [ 1318110.0, 11926649.999400001019239 ], [ 1318079.999999999534339, 11926649.999400001019239 ], [ 1318080.0, 11926619.999400001019239 ], [ 1318110.0, 11926619.9994 ], [ 1318110.0, 11926589.999399997293949 ], [ 1318139.999999998137355, 11926589.99940000474453 ], [ 1318139.999999999068677, 11926559.999400001019239 ], [ 1318259.999999999534339, 11926559.999400001019239 ], [ 1318260.000000000232831, 11926529.999400001019239 ], [ 1318290.000000000465661, 11926529.999400001019239 ], [ 1318289.999999999534339, 11926499.999400001019239 ], [ 1318320.000000000465661, 11926499.999400001019239 ], [ 1318320.0, 11926469.999400001019239 ], [ 1318349.999999999534339, 11926469.999400001019239 ], [ 1318350.000000000232831, 11926439.999400001019239 ], [ 1318380.000000000232831, 11926439.999400001019239 ], [ 1318379.999999999534339, 11926379.9994 ], [ 1318410.000000000232831, 11926379.999400001019239 ], [ 1318410.000000000232831, 11926349.999400001019239 ], [ 1318529.999999998603016, 11926349.999400001019239 ], [ 1318530.000000000465661, 11926319.999400001019239 ], [ 1318559.999999999534339, 11926319.999400001019239 ], [ 1318559.999999999534339, 11926229.999400001019239 ], [ 1318499.999999999301508, 11926229.999400001019239 ], [ 1318499.999999999767169, 11926109.999399997293949 ], [ 1318470.000000000232831, 11926109.999400001019239 ], [ 1318470.0, 11926079.999399997293949 ], [ 1318440.0, 11926079.999400001019239 ], [ 1318440.0, 11926019.999400001019239 ], [ 1318409.999999999767169, 11926019.999399997293949 ], [ 1318410.000000000232831, 11925989.999400001019239 ], [ 1318379.999999999534339, 11925989.999400001019239 ], [ 1318379.999999999767169, 11925959.999400001019239 ], [ 1318349.999999999301508, 11925959.999400002881885 ], [ 1318349.999999999534339, 11925839.999400001019239 ], [ 1318230.0, 11925839.999400001019239 ], [ 1318229.999999999301508, 11925869.999400001019239 ], [ 1318170.000000000232831, 11925869.999400001019239 ], [ 1318170.0, 11925899.9994 ], [ 1318110.0, 11925899.999400001019239 ], [ 1318109.999999999068677, 11925929.999399997293949 ], [ 1318079.999999998603016, 11925929.9994 ], [ 1318079.999999999534339, 11925899.999400001019239 ], [ 1318049.999999999534339, 11925899.999399993568659 ], [ 1318050.000000000465661, 11925839.999400001019239 ], [ 1318020.000000000465661, 11925839.9994 ], [ 1318019.999999997438863, 11925779.999400001019239 ], [ 1317990.0, 11925779.999400001019239 ], [ 1317990.0, 11925749.999400001019239 ], [ 1317960.0, 11925749.999400001019239 ], [ 1317959.999999999534339, 11925719.999400001019239 ], [ 1317929.999999999534339, 11925719.999400001019239 ], [ 1317929.999999998603016, 11925689.999400001019239 ], [ 1317870.0, 11925689.999400001019239 ], [ 1317870.000000000232831, 11925629.999400001019239 ], [ 1317839.999999999534339, 11925629.999400001019239 ], [ 1317839.999999998370185, 11925599.999400001019239 ], [ 1317809.999999999767169, 11925599.999400001019239 ], [ 1317809.999999999534339, 11925539.999400001019239 ], [ 1317780.0, 11925539.9994 ], [ 1317780.000000000232831, 11925479.999400001019239 ], [ 1317749.999999999534339, 11925479.999400001019239 ], [ 1317750.000000000232831, 11925419.999400001019239 ], [ 1317660.000000000465661, 11925419.999400001019239 ], [ 1317660.000000000232831, 11925389.999400001019239 ], [ 1317569.999999999534339, 11925389.999400001019239 ], [ 1317570.000000000465661, 11925419.999400001019239 ], [ 1317539.999999999767169, 11925419.999400001019239 ], [ 1317540.0, 11925449.999400001019239 ], [ 1317509.999999999301508, 11925449.999400001019239 ], [ 1317510.0, 11925479.999400001019239 ], [ 1317479.999999998835847, 11925479.999399997293949 ], [ 1317479.999999997671694, 11925509.999400001019239 ], [ 1317419.999999999767169, 11925509.999400001019239 ], [ 1317419.999999998835847, 11925479.999400001019239 ], [ 1317389.999999999534339, 11925479.999400001019239 ], [ 1317389.999999999767169, 11925389.999400001019239 ], [ 1317360.0, 11925389.999400001019239 ], [ 1317359.999999999767169, 11925359.999400001019239 ], [ 1317390.000000000232831, 11925359.999400001019239 ], [ 1317389.999999999767169, 11925269.999400001019239 ], [ 1317359.999999999767169, 11925269.999400001019239 ], [ 1317360.0, 11925179.999400001019239 ], [ 1317300.000000000232831, 11925179.999400001019239 ], [ 1317300.0, 11925149.999400001019239 ], [ 1317239.999999997438863, 11925149.999400001019239 ], [ 1317239.999999999767169, 11925179.999399995431304 ], [ 1317210.0, 11925179.999400001019239 ], [ 1317209.999999999534339, 11925149.999400001019239 ], [ 1317180.0, 11925149.999399997293949 ], [ 1317179.999999999534339, 11925179.999400001019239 ], [ 1317060.0, 11925179.999400001019239 ], [ 1317060.0, 11925209.999400001019239 ], [ 1317029.999999999534339, 11925209.999400001019239 ], [ 1317029.999999999767169, 11925239.999400001019239 ], [ 1316999.999999999534339, 11925239.999400001019239 ], [ 1317000.0, 11925269.999400001019239 ], [ 1316969.999999999767169, 11925269.999400001019239 ], [ 1316970.000000000232831, 11925299.999399997293949 ], [ 1316880.000000000698492, 11925299.9994 ], [ 1316879.999999999068677, 11925329.999400001019239 ], [ 1316849.999999998603016, 11925329.999400001019239 ], [ 1316849.999999997438863, 11925359.999400001019239 ], [ 1316789.999999999767169, 11925359.9994 ], [ 1316789.999999999301508, 11925389.999400001019239 ], [ 1316760.000000000465661, 11925389.999400001019239 ], [ 1316759.999999999767169, 11925419.999400001019239 ], [ 1316700.0, 11925419.999400001019239 ], [ 1316700.0, 11925449.999400001019239 ], [ 1316579.999999999534339, 11925449.999400001019239 ], [ 1316580.0, 11925479.999399993568659 ], [ 1316490.000000000465661, 11925479.999400001019239 ], [ 1316489.999999998603016, 11925389.999399997293949 ], [ 1316459.999999999767169, 11925389.999400001019239 ], [ 1316460.000000000465661, 11925299.999400001019239 ], [ 1316429.999999999534339, 11925299.999400001019239 ], [ 1316429.999999999301508, 11925239.999400001019239 ], [ 1316399.999999999068677, 11925239.999400001019239 ], [ 1316399.999999999534339, 11925209.999400001019239 ], [ 1316370.000000000465661, 11925209.9994 ], [ 1316369.999999999534339, 11925179.999400001019239 ], [ 1316339.999999999534339, 11925179.999400001019239 ], [ 1316339.999999999534339, 11925149.9994 ], [ 1316370.000000000465661, 11925149.999400001019239 ], [ 1316369.999999999767169, 11925089.999400001019239 ], [ 1316400.0, 11925089.999400001019239 ], [ 1316399.999999999534339, 11925059.999400002881885 ], [ 1316460.000000000465661, 11925059.999399997293949 ], [ 1316459.999999999767169, 11924999.999400001019239 ], [ 1316519.999999999534339, 11924999.999400001019239 ], [ 1316520.000000000232831, 11924909.999400001019239 ], [ 1316490.000000000465661, 11924909.999400001019239 ], [ 1316490.000000000465661, 11924879.999400001019239 ], [ 1316460.0, 11924879.999400001019239 ], [ 1316459.999999999534339, 11924819.999400001019239 ], [ 1316429.999999998603016, 11924819.999400001019239 ], [ 1316429.999999999301508, 11924759.999400001019239 ], [ 1316370.0, 11924759.999400001019239 ], [ 1316369.999999999767169, 11924729.9994 ], [ 1316309.999999999068677, 11924729.999400001019239 ], [ 1316309.999999999767169, 11924759.999400001019239 ], [ 1316279.999999999534339, 11924759.999400001019239 ], [ 1316279.999999999767169, 11924789.999400001019239 ], [ 1316250.0, 11924789.999400001019239 ], [ 1316249.999999999534339, 11924819.999400001019239 ], [ 1316160.0, 11924819.999400001019239 ], [ 1316160.0, 11924729.999400001019239 ], [ 1316100.000000000465661, 11924729.999399993568659 ], [ 1316100.000000000232831, 11924699.999400001019239 ], [ 1316010.0, 11924699.999400001019239 ], [ 1316010.0, 11924669.999400001019239 ], [ 1315979.999999999767169, 11924669.999400001019239 ], [ 1315979.999999999767169, 11924579.999400001019239 ], [ 1315950.0, 11924579.999400001019239 ], [ 1315949.999999998137355, 11924519.999400001019239 ], [ 1315890.0, 11924519.999399995431304 ], [ 1315890.000000000465661, 11924489.999400001019239 ], [ 1315799.999999999534339, 11924489.999400001019239 ], [ 1315799.999999999767169, 11924429.999400001019239 ], [ 1315769.999999997438863, 11924429.999400001019239 ], [ 1315769.999999999767169, 11924369.999400001019239 ], [ 1315710.0, 11924369.999400001019239 ], [ 1315710.000000000232831, 11924159.999400001019239 ], [ 1315679.999999997671694, 11924159.999400001019239 ], [ 1315680.000000000232831, 11924039.999400002881885 ], [ 1315650.000000000232831, 11924039.999399997293949 ], [ 1315649.999999999301508, 11923919.999400001019239 ], [ 1315710.0, 11923919.999399995431304 ], [ 1315709.999999999534339, 11923889.999400001019239 ], [ 1315680.000000000465661, 11923889.999400001019239 ], [ 1315679.999999999534339, 11923799.999400001019239 ], [ 1315650.000000000232831, 11923799.999400001019239 ], [ 1315649.999999999767169, 11923619.999400001019239 ], [ 1315680.0, 11923619.999399997293949 ], [ 1315679.999999997671694, 11923589.999400001019239 ], [ 1315650.0, 11923589.999400001019239 ], [ 1315649.999999998370185, 11923499.999400001019239 ], [ 1315679.999999999767169, 11923499.999400001019239 ], [ 1315679.999999999534339, 11923409.999400001019239 ], [ 1315709.999999998370185, 11923409.999400001019239 ], [ 1315709.999999999534339, 11923349.999400001019239 ], [ 1315769.999999999068677, 11923349.9994 ], [ 1315769.999999999767169, 11923319.999400002881885 ], [ 1315799.999999999767169, 11923319.999400001019239 ], [ 1315799.999999999534339, 11923289.999400001019239 ], [ 1315830.0, 11923289.999400001019239 ], [ 1315829.999999999767169, 11923259.999400001019239 ], [ 1315859.999999998603016, 11923259.999400001019239 ], [ 1315860.0, 11923229.999399997293949 ], [ 1315919.999999998835847, 11923229.999400001019239 ], [ 1315919.999999999534339, 11923169.999400001019239 ], [ 1315889.999999999534339, 11923169.999400001019239 ], [ 1315889.999999999534339, 11923079.999400001019239 ], [ 1315860.000000000465661, 11923079.999399995431304 ], [ 1315860.000000000465661, 11923049.999399997293949 ], [ 1315829.999999998835847, 11923049.999400001019239 ], [ 1315830.0, 11922929.999400001019239 ], [ 1315799.999999999534339, 11922929.999400001019239 ], [ 1315799.999999999767169, 11922899.999400001019239 ], [ 1315770.000000000465661, 11922899.999400001019239 ], [ 1315770.000000000232831, 11922869.9994 ], [ 1315710.0, 11922869.999400002881885 ], [ 1315709.999999998603016, 11922839.999400001019239 ], [ 1315589.999999998835847, 11922839.999400001019239 ], [ 1315589.999999999534339, 11922779.9994 ], [ 1315559.999999999534339, 11922779.999400001019239 ], [ 1315559.999999999534339, 11922659.999400001019239 ], [ 1315530.0, 11922659.999400001019239 ], [ 1315529.999999999767169, 11922629.999400001019239 ], [ 1315499.999999999767169, 11922629.999399995431304 ], [ 1315500.000000000465661, 11922449.999400001019239 ], [ 1315470.0, 11922449.999400001019239 ], [ 1315349.999999997671694, 11922449.999400001019239 ], [ 1315349.999999999767169, 11922479.999400001019239 ], [ 1315200.000000000465661, 11922479.999400001019239 ], [ 1315200.000000000465661, 11922539.999400001019239 ], [ 1315139.999999999767169, 11922539.999399997293949 ], [ 1315139.999999999534339, 11922569.9994 ], [ 1315079.999999998603016, 11922569.999400001019239 ], [ 1315080.0, 11922539.999400001019239 ], [ 1315050.0, 11922539.999400001019239 ], [ 1315049.999999998137355, 11922569.999400001019239 ], [ 1314959.999999999534339, 11922569.999400001019239 ], [ 1314959.999999999301508, 11922599.999400001019239 ], [ 1314929.999999998603016, 11922599.999400001019239 ], [ 1314930.000000000465661, 11922629.999400001019239 ], [ 1314900.000000000232831, 11922629.999400001019239 ], [ 1314899.999999999068677, 11922659.999400001019239 ], [ 1314780.0, 11922659.999400001019239 ], [ 1314780.000000000465661, 11922599.999400002881885 ], [ 1314719.999999999534339, 11922599.99940000474453 ], [ 1314719.999999999534339, 11922569.999400001019239 ], [ 1314630.0, 11922569.999400001019239 ], [ 1314629.999999999534339, 11922509.999400001019239 ], [ 1314509.999999999767169, 11922509.999400001019239 ], [ 1314509.999999999534339, 11922539.999400001019239 ], [ 1314449.999999998603016, 11922539.999400001019239 ], [ 1314450.000000000232831, 11922509.999400001019239 ], [ 1314419.999999998370185, 11922509.999400001019239 ], [ 1314419.999999999534339, 11922479.999400001019239 ], [ 1314360.000000000465661, 11922479.999400001019239 ], [ 1314360.000000000232831, 11922449.999400001019239 ], [ 1314300.0, 11922449.999400001019239 ], [ 1314299.999999997671694, 11922359.9994 ], [ 1314330.000000000465661, 11922359.999400001019239 ], [ 1314330.000000000465661, 11922149.999400001019239 ], [ 1314300.0, 11922149.999399995431304 ], [ 1314300.000000000465661, 11922179.999400001019239 ], [ 1314270.0, 11922179.999400001019239 ], [ 1314269.999999999534339, 11922209.999400001019239 ], [ 1314120.0, 11922209.999400001019239 ], [ 1314119.999999999534339, 11922179.999400001019239 ], [ 1314030.000000000465661, 11922179.999400001019239 ], [ 1314030.000000000232831, 11922149.9994 ], [ 1313999.999999999767169, 11922149.999400001019239 ], [ 1313999.999999999767169, 11922119.999400001019239 ], [ 1313969.999999999534339, 11922119.999400001019239 ], [ 1313910.0, 11922119.999399997293949 ], [ 1313909.999999999767169, 11922149.999400001019239 ], [ 1313880.0, 11922149.999400001019239 ], [ 1313879.999999999301508, 11922179.99940000474453 ], [ 1313850.000000000232831, 11922179.999400001019239 ], [ 1313849.999999999301508, 11922149.999400001019239 ], [ 1313760.0, 11922149.999400001019239 ], [ 1313760.000000000232831, 11922179.999400001019239 ], [ 1313729.999999999767169, 11922179.999400001019239 ], [ 1313730.000000000465661, 11922209.999400001019239 ], [ 1313609.999999999767169, 11922209.999400001019239 ], [ 1313609.999999999534339, 11922179.999400001019239 ], [ 1313579.999999999534339, 11922179.999400001019239 ], [ 1313580.0, 11922119.999400001019239 ], [ 1313519.999999999767169, 11922119.999400001019239 ], [ 1313520.000000000465661, 11922089.999400001019239 ], [ 1313429.999999999767169, 11922089.999400001019239 ], [ 1313429.999999999534339, 11922059.999400001019239 ], [ 1313279.999999999068677, 11922059.999400001019239 ], [ 1313279.999999998137355, 11922089.9994 ], [ 1313069.999999999068677, 11922089.999400001019239 ], [ 1313069.999999999767169, 11922059.999400001019239 ], [ 1312979.999999999534339, 11922059.999400001019239 ], [ 1312980.0, 11922029.999400001019239 ], [ 1312920.0, 11922029.999400001019239 ], [ 1312920.0, 11921999.999400001019239 ], [ 1312830.000000000232831, 11921999.999400001019239 ], [ 1312829.999999999534339, 11922029.999400002881885 ], [ 1312680.0, 11922029.999400001019239 ], [ 1312679.999999999301508, 11922059.999399997293949 ], [ 1312650.0, 11922059.999400001019239 ], [ 1312649.999999999534339, 11922209.999400001019239 ], [ 1312530.000000000232831, 11922209.999400001019239 ], [ 1312530.0, 11922149.999399997293949 ], [ 1312379.999999999534339, 11922149.999400001019239 ], [ 1312380.0, 11922179.999400001019239 ], [ 1312260.0, 11922179.9994 ], [ 1312259.999999999767169, 11922209.999400001019239 ], [ 1311930.0, 11922209.999400001019239 ], [ 1311929.999999999534339, 11922239.999400001019239 ], [ 1311869.999999999534339, 11922239.999400001019239 ], [ 1311869.999999997904524, 11922269.999400001019239 ], [ 1311840.000000000465661, 11922269.999400001019239 ], [ 1311839.999999999767169, 11922299.9994 ], [ 1311810.000000000232831, 11922299.999400001019239 ], [ 1311810.000000000465661, 11922329.999400001019239 ], [ 1311750.0, 11922329.999400001019239 ], [ 1311749.999999999534339, 11922299.999400001019239 ], [ 1311690.0, 11922299.9994 ], [ 1311690.000000000232831, 11922269.999400001019239 ], [ 1311539.999999999767169, 11922269.999399997293949 ], [ 1311539.999999998603016, 11922239.999400001019239 ], [ 1311510.000000000232831, 11922239.999399997293949 ], [ 1311510.000000000465661, 11922209.999400001019239 ], [ 1311510.000000000465661, 11922149.999400001019239 ], [ 1311539.999999999767169, 11922149.999400001019239 ], [ 1311539.999999998603016, 11922119.999400001019239 ], [ 1311509.999999999767169, 11922119.999400001019239 ], [ 1311510.000000000465661, 11921999.999400001019239 ], [ 1311540.000000000465661, 11921999.999399997293949 ], [ 1311540.000000000232831, 11921969.999400001019239 ], [ 1311600.0, 11921969.999400001019239 ], [ 1311599.999999999534339, 11921909.999400001019239 ], [ 1311630.000000000232831, 11921909.999400001019239 ], [ 1311630.0, 11921819.999400001019239 ], [ 1311659.999999999534339, 11921819.999400001019239 ], [ 1311660.0, 11921759.999400001019239 ], [ 1311689.999999999767169, 11921759.999400001019239 ], [ 1311689.999999999068677, 11921699.999400001019239 ], [ 1311750.000000000232831, 11921699.9994 ], [ 1311749.999999999534339, 11921579.999400001019239 ], [ 1311719.999999999301508, 11921579.999400001019239 ], [ 1311719.999999998137355, 11921549.999400001019239 ], [ 1311749.999999998603016, 11921549.999400001019239 ], [ 1311750.000000000232831, 11921489.999400001019239 ], [ 1311780.000000000465661, 11921489.999399995431304 ], [ 1311779.999999998835847, 11921459.999400002881885 ], [ 1311810.0, 11921459.9994 ], [ 1311809.999999999534339, 11921429.999400001019239 ], [ 1311809.999999999534339, 11921369.999400001019239 ], [ 1311780.000000000232831, 11921369.999400001019239 ], [ 1311780.0, 11921279.999400001019239 ], [ 1311750.000000000465661, 11921279.999400001019239 ], [ 1311750.000000000232831, 11921249.999400001019239 ], [ 1311720.000000000465661, 11921249.999400001019239 ], [ 1311719.999999999767169, 11921189.999400001019239 ], [ 1311689.999999999534339, 11921189.999400001019239 ], [ 1311689.999999999534339, 11921159.999400001019239 ], [ 1311660.0, 11921159.999400001019239 ], [ 1311660.0, 11921129.999400002881885 ], [ 1311630.000000000232831, 11921129.999400001019239 ], [ 1311630.000000000465661, 11921069.999400001019239 ], [ 1311599.999999999534339, 11921069.999399997293949 ], [ 1311599.999999997671694, 11921039.999400001019239 ], [ 1311539.999999999767169, 11921039.999400001019239 ], [ 1311539.999999999534339, 11921009.999400001019239 ], [ 1311449.999999999534339, 11921009.999400001019239 ], [ 1311450.000000000465661, 11920979.999399997293949 ], [ 1311330.000000000232831, 11920979.999400002881885 ], [ 1311329.999999999068677, 11920949.999400001019239 ], [ 1311270.000000000232831, 11920949.999400001019239 ], [ 1311270.0, 11920919.999400001019239 ], [ 1311210.0, 11920919.999400001019239 ], [ 1311209.999999999534339, 11920889.999400001019239 ], [ 1311180.0, 11920889.999400001019239 ], [ 1311180.000000000465661, 11920769.999399997293949 ], [ 1311119.999999999534339, 11920769.999400001019239 ], [ 1311120.000000000465661, 11920739.999400001019239 ], [ 1311090.000000000465661, 11920739.999400001019239 ], [ 1311090.000000000465661, 11920679.999400001019239 ], [ 1311060.000000000232831, 11920679.999400001019239 ], [ 1311059.999999999301508, 11920649.999400001019239 ], [ 1311029.999999999534339, 11920649.999400001019239 ], [ 1311029.999999998370185, 11920679.999400001019239 ], [ 1310970.000000000232831, 11920679.999400001019239 ], [ 1310970.000000000232831, 11920709.999400001019239 ], [ 1310940.0, 11920709.999400001019239 ], [ 1310940.0, 11920679.999400001019239 ], [ 1310909.999999999534339, 11920679.999400001019239 ], [ 1310910.0, 11920619.999400001019239 ], [ 1310880.0, 11920619.999400001019239 ], [ 1310879.999999999767169, 11920559.999400001019239 ], [ 1310850.000000000465661, 11920559.999400001019239 ], [ 1310850.0, 11920529.999400001019239 ], [ 1310880.0, 11920529.999400001019239 ], [ 1310880.0, 11920439.999400001019239 ], [ 1310820.000000000465661, 11920439.999400001019239 ], [ 1310819.999999999534339, 11920409.99940000474453 ], [ 1310819.999999998603016, 11920379.999400001019239 ], [ 1310849.999999999767169, 11920379.999400001019239 ], [ 1310849.999999999767169, 11920289.9994 ], [ 1310819.999999997671694, 11920289.999400001019239 ], [ 1310820.000000000465661, 11920079.999400001019239 ], [ 1310789.999999999534339, 11920079.999400001019239 ], [ 1310789.999999999767169, 11920049.999400001019239 ], [ 1310760.0, 11920049.999400001019239 ], [ 1310759.999999999068677, 11919959.999400001019239 ], [ 1310729.999999998603016, 11919959.999400001019239 ], [ 1310729.999999998370185, 11919899.999400001019239 ], [ 1310640.0, 11919899.999400001019239 ], [ 1310640.0, 11919869.999400001019239 ], [ 1310580.000000000232831, 11919869.999400001019239 ], [ 1310580.0, 11919809.999400001019239 ], [ 1310550.000000000465661, 11919809.999400001019239 ], [ 1310550.0, 11919779.999400001019239 ], [ 1310580.000000000232831, 11919779.999400001019239 ], [ 1310579.999999999767169, 11919659.999400001019239 ], [ 1310549.999999999534339, 11919659.999400001019239 ], [ 1310549.999999999767169, 11919629.999400001019239 ], [ 1310520.000000000232831, 11919629.999400001019239 ], [ 1310520.000000000232831, 11919599.999400001019239 ], [ 1310550.000000000232831, 11919599.999400001019239 ], [ 1310550.000000000465661, 11919569.999399995431304 ], [ 1310580.000000000232831, 11919569.999400001019239 ], [ 1310580.000000000465661, 11919449.999400001019239 ], [ 1310519.999999999534339, 11919449.999400001019239 ], [ 1310520.000000000232831, 11919389.999400001019239 ], [ 1310490.000000000232831, 11919389.999400001019239 ], [ 1310490.000000000465661, 11919329.999400001019239 ], [ 1310460.0, 11919329.999400001019239 ], [ 1310460.000000000232831, 11919269.999400001019239 ], [ 1310459.999999999767169, 11919239.999400001019239 ], [ 1310430.000000000465661, 11919239.999400001019239 ], [ 1310429.999999999767169, 11919209.999400001019239 ], [ 1310369.999999998370185, 11919209.999400001019239 ], [ 1310369.999999999534339, 11919179.999400001019239 ], [ 1310279.999999999534339, 11919179.9994 ], [ 1310279.999999999301508, 11919209.999400001019239 ], [ 1310219.999999999534339, 11919209.999400001019239 ], [ 1310220.000000000232831, 11919179.999400001019239 ], [ 1310189.999999999534339, 11919179.999400001019239 ], [ 1310190.000000000232831, 11919209.999399997293949 ], [ 1310159.999999999534339, 11919209.999400001019239 ], [ 1310159.999999999534339, 11919239.999400001019239 ], [ 1310129.999999999767169, 11919239.999400001019239 ], [ 1310129.999999999534339, 11919269.999400001019239 ], [ 1310040.000000000465661, 11919269.999400001019239 ], [ 1310039.999999999767169, 11919239.999400001019239 ], [ 1309980.000000000465661, 11919239.999400001019239 ], [ 1309980.000000000232831, 11919209.999400001019239 ], [ 1309770.000000000465661, 11919209.999400001019239 ], [ 1309769.999999999534339, 11919179.999400001019239 ], [ 1309710.000000000232831, 11919179.999400001019239 ], [ 1309710.000000000232831, 11919209.9994 ], [ 1309559.999999999767169, 11919209.999400006607175 ], [ 1309559.999999999534339, 11919239.999400001019239 ], [ 1309529.999999999767169, 11919239.999400001019239 ], [ 1309529.999999999534339, 11919269.999400001019239 ], [ 1309440.0, 11919269.999400001019239 ], [ 1309440.000000000465661, 11919239.999400001019239 ], [ 1309319.999999999534339, 11919239.999400001019239 ], [ 1309319.999999999767169, 11919209.9994 ], [ 1309290.000000000232831, 11919209.999399997293949 ], [ 1309290.000000000465661, 11919179.999400001019239 ], [ 1309200.0, 11919179.999400001019239 ], [ 1309200.0, 11919239.999400001019239 ], [ 1309170.000000000465661, 11919239.999400001019239 ], [ 1309170.000000000465661, 11919269.999400001019239 ], [ 1309079.999999999534339, 11919269.999400001019239 ], [ 1309079.999999998603016, 11919239.9994 ], [ 1308930.0, 11919239.999400001019239 ], [ 1308930.000000000232831, 11919209.9994 ], [ 1308899.999999999534339, 11919209.999399997293949 ], [ 1308900.000000000232831, 11919179.999400001019239 ], [ 1308870.000000000232831, 11919179.999400001019239 ], [ 1308869.999999999767169, 11919149.999400001019239 ], [ 1308750.0, 11919149.9994 ], [ 1308749.999999999767169, 11919029.999400001019239 ], [ 1308779.999999999534339, 11919029.999400001019239 ], [ 1308779.999999999767169, 11918969.999400001019239 ], [ 1308749.999999998835847, 11918969.999399997293949 ], [ 1308750.000000000465661, 11918939.999400001019239 ], [ 1308719.999999999767169, 11918939.999400001019239 ], [ 1308720.0, 11918909.999400001019239 ], [ 1308690.000000000465661, 11918909.999400001019239 ], [ 1308689.999999998603016, 11918879.999400001019239 ], [ 1308719.999999999534339, 11918879.9994 ], [ 1308720.000000000232831, 11918819.999400001019239 ], [ 1308779.999999999301508, 11918819.999400001019239 ], [ 1308779.999999999534339, 11918699.999400001019239 ], [ 1308810.000000000465661, 11918699.999400001019239 ], [ 1308809.999999999068677, 11918669.9994 ], [ 1308839.999999998370185, 11918669.999400001019239 ], [ 1308839.999999999534339, 11918639.999400001019239 ], [ 1308810.000000000465661, 11918639.999399997293949 ], [ 1308810.000000000465661, 11918549.999400001019239 ], [ 1308839.999999999301508, 11918549.9994 ], [ 1308840.000000000232831, 11918519.999400001019239 ], [ 1308870.000000000232831, 11918519.999400001019239 ], [ 1308869.999999997438863, 11918309.999400001019239 ], [ 1308839.999999997438863, 11918309.999400001019239 ], [ 1308840.000000000465661, 11918219.999400001019239 ], [ 1308719.999999999767169, 11918219.999400001019239 ], [ 1308719.999999999534339, 11918189.999400001019239 ], [ 1308689.999999999767169, 11918189.999400001019239 ], [ 1308690.000000000465661, 11918159.999400001019239 ], [ 1308569.999999999767169, 11918159.999400001019239 ], [ 1308569.999999999534339, 11918129.999400001019239 ], [ 1308510.000000000465661, 11918129.999400001019239 ], [ 1308509.999999999534339, 11918099.999400002881885 ], [ 1308450.000000000465661, 11918099.999400001019239 ], [ 1308450.0, 11918069.999400001019239 ], [ 1308390.0, 11918069.999400001019239 ], [ 1308390.0, 11918039.999400001019239 ], [ 1308359.999999999534339, 11918039.999400001019239 ], [ 1308360.0, 11918009.999400001019239 ], [ 1308329.999999999534339, 11918009.9994 ], [ 1308330.0, 11917919.999400001019239 ], [ 1308360.0, 11917919.999400001019239 ], [ 1308359.999999999301508, 11917859.999400001019239 ], [ 1308270.000000000232831, 11917859.9994 ], [ 1308270.000000000465661, 11917739.999400001019239 ], [ 1308239.999999998835847, 11917739.999400001019239 ], [ 1308239.999999998137355, 11917709.999400001019239 ], [ 1308209.999999999068677, 11917709.999400001019239 ], [ 1308209.999999999534339, 11917679.999400001019239 ], [ 1308179.999999997904524, 11917679.999399997293949 ], [ 1308180.0, 11917649.999400001019239 ], [ 1308150.0, 11917649.999400001019239 ], [ 1308149.999999997671694, 11917619.999399997293949 ], [ 1308119.999999998603016, 11917619.999399997293949 ], [ 1308120.000000000232831, 11917559.999400001019239 ], [ 1308089.999999998603016, 11917559.999400001019239 ], [ 1308090.0, 11917529.9994 ], [ 1307999.999999999767169, 11917529.999400001019239 ], [ 1307999.999999999534339, 11917559.999400001019239 ], [ 1307970.000000000232831, 11917559.999400001019239 ], [ 1307970.000000000465661, 11917499.999400001019239 ], [ 1307879.999999998137355, 11917499.999400001019239 ], [ 1307879.999999999767169, 11917469.999400001019239 ], [ 1307850.0, 11917469.999400001019239 ], [ 1307850.0, 11917499.9994 ], [ 1307730.0, 11917499.999400001019239 ], [ 1307730.000000000465661, 11917469.999400001019239 ], [ 1307610.000000000465661, 11917469.999400001019239 ], [ 1307610.000000000465661, 11917439.999400001019239 ], [ 1307550.000000000232831, 11917439.999400001019239 ], [ 1307550.000000000232831, 11917349.999400001019239 ], [ 1307399.999999999767169, 11917349.999400001019239 ], [ 1307400.0, 11917379.999400001019239 ], [ 1307369.999999999767169, 11917379.999400001019239 ], [ 1307370.000000000465661, 11917349.999400001019239 ], [ 1307309.999999999534339, 11917349.999400001019239 ], [ 1307310.0, 11917229.999400001019239 ], [ 1307160.0, 11917229.9994 ], [ 1307160.0, 11917169.99940000474453 ], [ 1307129.999999999767169, 11917169.999400001019239 ], [ 1307130.000000000232831, 11916959.999400001019239 ], [ 1307159.999999998137355, 11916959.999400001019239 ], [ 1307160.0, 11916899.999400001019239 ], [ 1307190.0, 11916899.999400001019239 ], [ 1307189.999999999767169, 11916869.999399997293949 ], [ 1307219.999999999534339, 11916869.999400001019239 ], [ 1307219.999999999068677, 11916839.999400001019239 ], [ 1307249.999999999534339, 11916839.999400001019239 ], [ 1307249.999999999534339, 11916749.999400001019239 ], [ 1307310.0, 11916749.999400001019239 ], [ 1307310.000000000232831, 11916689.999399997293949 ], [ 1307340.000000000232831, 11916689.999400001019239 ], [ 1307339.999999999534339, 11916659.999400001019239 ], [ 1307370.0, 11916659.999400001019239 ], [ 1307369.999999999534339, 11916569.999400001019239 ], [ 1307310.0, 11916569.999400002881885 ], [ 1307309.999999999534339, 11916539.999400001019239 ], [ 1307280.0, 11916539.999400001019239 ], [ 1307279.999999999767169, 11916509.999400001019239 ], [ 1307099.999999999767169, 11916509.999400001019239 ], [ 1307100.000000000465661, 11916479.999400001019239 ], [ 1307069.999999999534339, 11916479.999400001019239 ], [ 1307070.0, 11916419.999400001019239 ], [ 1307040.0, 11916419.999400001019239 ], [ 1307040.000000000232831, 11916389.99940000474453 ], [ 1306919.999999999534339, 11916389.999400001019239 ], [ 1306919.999999999534339, 11916419.999400001019239 ], [ 1306830.0, 11916419.999400001019239 ], [ 1306829.999999999534339, 11916389.999400001019239 ], [ 1306800.0, 11916389.999400001019239 ], [ 1306800.000000000232831, 11916179.999400001019239 ], [ 1306830.000000000232831, 11916179.999400001019239 ], [ 1306829.999999999767169, 11916149.999400002881885 ], [ 1306860.0, 11916149.999400001019239 ], [ 1306860.0, 11916089.999400001019239 ], [ 1306889.999999999068677, 11916089.999399997293949 ], [ 1306889.999999999767169, 11916029.999400001019239 ], [ 1306920.000000000465661, 11916029.999400001019239 ], [ 1306919.999999999534339, 11915939.999400001019239 ], [ 1306950.000000000465661, 11915939.999400001019239 ], [ 1306949.999999999767169, 11915789.999400001019239 ], [ 1306979.999999999534339, 11915789.999400001019239 ], [ 1306980.0, 11915699.999400001019239 ], [ 1307009.999999997671694, 11915699.999400001019239 ], [ 1307010.0, 11915669.999400001019239 ], [ 1307070.000000000465661, 11915669.999400001019239 ], [ 1307070.000000000232831, 11915639.999400001019239 ], [ 1307099.999999999534339, 11915639.999400001019239 ], [ 1307100.0, 11915579.9994 ], [ 1307129.999999999534339, 11915579.999400001019239 ], [ 1307130.0, 11915489.999400001019239 ], [ 1307159.999999999068677, 11915489.999400001019239 ], [ 1307160.000000000232831, 11915399.999400001019239 ], [ 1307129.999999998370185, 11915399.999400001019239 ], [ 1307130.0, 11915369.999400001019239 ], [ 1307100.0, 11915369.999400001019239 ], [ 1307100.0, 11915189.999400001019239 ], [ 1307129.999999999534339, 11915189.999400001019239 ], [ 1307129.999999999534339, 11915159.999400001019239 ], [ 1307189.999999999534339, 11915159.999400001019239 ], [ 1307190.000000000232831, 11915099.999400001019239 ], [ 1307309.999999999301508, 11915099.999400001019239 ], [ 1307310.000000000465661, 11915069.999400001019239 ], [ 1307340.000000000232831, 11915069.999400001019239 ], [ 1307339.999999999534339, 11914979.999400001019239 ], [ 1307370.0, 11914979.999400001019239 ], [ 1307370.000000000465661, 11914919.999400001019239 ], [ 1307489.999999999767169, 11914919.999400001019239 ], [ 1307489.999999999767169, 11914859.999400001019239 ], [ 1307519.999999999767169, 11914859.999400001019239 ], [ 1307519.999999999767169, 11914619.999400001019239 ], [ 1307580.0, 11914619.99940000474453 ], [ 1307580.0, 11914469.999400001019239 ], [ 1307609.999999998603016, 11914469.9994 ], [ 1307610.000000000232831, 11914379.999400001019239 ], [ 1307579.999999999534339, 11914379.999400001019239 ], [ 1307579.999999999534339, 11914349.999400001019239 ], [ 1307549.999999999534339, 11914349.999400001019239 ], [ 1307549.999999998137355, 11914259.999400001019239 ], [ 1307519.999999998137355, 11914259.999400001019239 ], [ 1307519.999999999767169, 11914199.999400001019239 ], [ 1307489.999999999534339, 11914199.999400001019239 ], [ 1307489.999999999767169, 11914019.999400001019239 ], [ 1307519.999999999534339, 11914019.999400001019239 ], [ 1307520.0, 11913989.999399997293949 ], [ 1307580.0, 11913989.999400001019239 ], [ 1307579.999999999534339, 11913959.999400001019239 ], [ 1307610.000000000232831, 11913959.999399995431304 ], [ 1307610.0, 11913899.999399993568659 ], [ 1307639.999999999534339, 11913899.999400001019239 ], [ 1307640.000000000465661, 11913809.999400001019239 ], [ 1307670.000000000232831, 11913809.999399997293949 ], [ 1307669.999999999534339, 11913779.999400001019239 ], [ 1307699.999999999767169, 11913779.999400001019239 ], [ 1307700.0, 11913659.9994 ], [ 1307670.0, 11913659.999400001019239 ], [ 1307670.000000000232831, 11913689.999400001019239 ], [ 1307639.999999999534339, 11913689.999400001019239 ], [ 1307640.000000000232831, 11913719.9994 ], [ 1307610.0, 11913719.999400001019239 ], [ 1307610.000000000232831, 11913749.999400001019239 ], [ 1307429.999999999767169, 11913749.999400001019239 ], [ 1307429.999999999767169, 11913779.999400001019239 ], [ 1307369.999999999301508, 11913779.999400001019239 ], [ 1307369.999999999534339, 11913809.999400002881885 ], [ 1307340.000000000232831, 11913809.999400001019239 ], [ 1307339.999999998370185, 11913779.999400001019239 ], [ 1307310.0, 11913779.999400001019239 ], [ 1307309.999999999767169, 11913809.999400001019239 ], [ 1307250.0, 11913809.999400001019239 ], [ 1307250.000000000465661, 11913779.999400001019239 ], [ 1307159.999999997438863, 11913779.999400001019239 ], [ 1307159.999999999534339, 11913689.9994 ], [ 1307099.999999999301508, 11913689.999400001019239 ], [ 1307099.999999999767169, 11913659.999400001019239 ], [ 1307039.999999999767169, 11913659.999400001019239 ], [ 1307040.000000000465661, 11913629.999400001019239 ], [ 1306979.999999999767169, 11913629.999400001019239 ], [ 1306979.999999999534339, 11913599.999400001019239 ], [ 1306859.999999999301508, 11913599.999400006607175 ], [ 1306859.999999999068677, 11913569.999400001019239 ], [ 1306740.0, 11913569.999400001019239 ], [ 1306740.000000000465661, 11913539.9994 ], [ 1306709.999999999767169, 11913539.999400001019239 ], [ 1306709.999999999767169, 11913509.999400001019239 ], [ 1306650.0, 11913509.999400001019239 ], [ 1306649.999999997438863, 11913479.9994 ], [ 1306620.0, 11913479.999400001019239 ], [ 1306619.999999999767169, 11913449.999400001019239 ], [ 1306559.999999999068677, 11913449.999400001019239 ], [ 1306559.999999999534339, 11913479.999400001019239 ], [ 1306530.0, 11913479.999400001019239 ], [ 1306530.0, 11913509.999400001019239 ], [ 1306500.0, 11913509.999400001019239 ], [ 1306500.000000000232831, 11913539.999399997293949 ], [ 1306470.0, 11913539.999400001019239 ], [ 1306469.999999999534339, 11913569.999400001019239 ], [ 1306380.0, 11913569.999400001019239 ], [ 1306349.999999999767169, 11913569.999400001019239 ], [ 1306349.999999999534339, 11913599.999400001019239 ], [ 1306320.0, 11913599.999400001019239 ], [ 1306320.000000000465661, 11913569.999400001019239 ], [ 1306259.999999997671694, 11913569.999400001019239 ], [ 1306260.0, 11913539.999400001019239 ], [ 1306229.999999998835847, 11913539.999400001019239 ], [ 1306230.0, 11913509.999399997293949 ], [ 1306169.999999999301508, 11913509.999400001019239 ], [ 1306169.999999998603016, 11913539.999400001019239 ], [ 1306080.0, 11913539.999400001019239 ], [ 1306079.999999998835847, 11913569.999400001019239 ], [ 1305990.000000000232831, 11913569.999400002881885 ], [ 1305990.0, 11913599.999400001019239 ], [ 1305929.999999999767169, 11913599.999400001019239 ], [ 1305929.999999997671694, 11913629.999400001019239 ], [ 1305839.999999999767169, 11913629.999400001019239 ], [ 1305840.0, 11913659.999400001019239 ], [ 1305809.999999999534339, 11913659.999400001019239 ], [ 1305720.000000000232831, 11913659.999400001019239 ], [ 1305720.0, 11913689.999400001019239 ], [ 1305659.999999999767169, 11913689.999400002881885 ], [ 1305659.999999998370185, 11913719.999400001019239 ], [ 1305569.999999999534339, 11913719.999400001019239 ], [ 1305569.999999999534339, 11913749.999400002881885 ], [ 1305540.0, 11913749.999400001019239 ], [ 1305540.000000000465661, 11913809.999399997293949 ], [ 1305479.999999998835847, 11913809.999400001019239 ], [ 1305480.0, 11913839.999400001019239 ], [ 1305300.000000000465661, 11913839.999400001019239 ], [ 1305300.000000000465661, 11913719.9994 ], [ 1305330.0, 11913719.999400001019239 ], [ 1305330.0, 11913689.999400001019239 ], [ 1305300.000000000465661, 11913689.999400001019239 ], [ 1305299.999999999767169, 11913659.999400001019239 ], [ 1305269.999999998603016, 11913659.999400001019239 ], [ 1305270.000000000232831, 11913629.999400001019239 ], [ 1305149.999999999767169, 11913629.999400001019239 ], [ 1305150.000000000232831, 11913659.999400001019239 ], [ 1305060.000000000232831, 11913659.999400002881885 ], [ 1305060.0, 11913689.999400001019239 ], [ 1305029.999999997671694, 11913689.999400001019239 ], [ 1305029.999999999534339, 11913749.999400001019239 ], [ 1305000.000000000232831, 11913749.999400001019239 ], [ 1305000.000000000232831, 11913779.999400001019239 ], [ 1304939.999999999534339, 11913779.999400001019239 ], [ 1304939.999999999767169, 11913809.9994 ], [ 1304909.999999999767169, 11913809.9994 ], [ 1304909.999999999767169, 11913839.999400001019239 ], [ 1304790.0, 11913839.9994 ], [ 1304790.0, 11913869.999400002881885 ], [ 1304579.999999999534339, 11913869.999400001019239 ], [ 1304580.0, 11913899.999400001019239 ], [ 1304549.999999999534339, 11913899.999400001019239 ], [ 1304550.0, 11913929.999400001019239 ], [ 1304520.0, 11913929.999400001019239 ], [ 1304520.0, 11913959.999400001019239 ], [ 1304489.999999999767169, 11913959.999400002881885 ], [ 1304489.999999999534339, 11914019.999400001019239 ], [ 1304460.0, 11914019.999399995431304 ], [ 1304459.999999999767169, 11914139.999400001019239 ], [ 1304400.0, 11914139.999400001019239 ], [ 1304400.0, 11914169.999400001019239 ], [ 1304370.000000000232831, 11914169.999400001019239 ], [ 1304369.999999999534339, 11914199.999400001019239 ], [ 1304340.000000000232831, 11914199.999400001019239 ], [ 1304339.999999999534339, 11914349.999400001019239 ], [ 1304309.999999999534339, 11914349.999400001019239 ], [ 1304309.999999999068677, 11914469.999400001019239 ], [ 1304280.0, 11914469.999400001019239 ], [ 1304280.000000000232831, 11914709.999400001019239 ], [ 1304340.000000000232831, 11914709.999400001019239 ], [ 1304339.999999999767169, 11914769.999400001019239 ], [ 1304400.0, 11914769.999400001019239 ], [ 1304400.0, 11914859.999400001019239 ], [ 1304430.000000000465661, 11914859.999400001019239 ], [ 1304430.0, 11914889.999400001019239 ], [ 1304460.000000000232831, 11914889.999400001019239 ], [ 1304459.999999999301508, 11914919.999400001019239 ], [ 1304429.999999997904524, 11914919.9994 ], [ 1304429.999999999767169, 11914949.999400001019239 ], [ 1304399.999999999767169, 11914949.999400001019239 ], [ 1304399.999999999767169, 11915009.9994 ], [ 1304339.999999999301508, 11915009.999400001019239 ], [ 1304340.000000000232831, 11915099.999399997293949 ], [ 1304310.0, 11915099.999400001019239 ], [ 1304310.000000000465661, 11915129.999400001019239 ], [ 1304250.0, 11915129.999400001019239 ], [ 1304250.000000000698492, 11915249.999399995431304 ], [ 1304219.999999999068677, 11915249.999400001019239 ], [ 1304219.999999999767169, 11915279.999400001019239 ], [ 1304159.999999999767169, 11915279.999400001019239 ], [ 1304160.000000000465661, 11915309.999399997293949 ], [ 1304129.999999997904524, 11915309.999400001019239 ], [ 1304130.0, 11915279.9994 ], [ 1304099.999999998370185, 11915279.999400001019239 ], [ 1304100.0, 11915249.999400001019239 ], [ 1304040.000000000465661, 11915249.999400001019239 ], [ 1304039.999999998603016, 11915219.999400001019239 ], [ 1304009.999999999534339, 11915219.999399997293949 ], [ 1304010.000000000232831, 11915429.999400001019239 ], [ 1304039.999999999301508, 11915429.999399995431304 ], [ 1304039.999999999534339, 11915489.999400001019239 ], [ 1304070.0, 11915489.999400001019239 ], [ 1304070.0, 11915519.999400001019239 ], [ 1304100.0, 11915519.999400001019239 ], [ 1304099.999999999534339, 11915549.999400001019239 ], [ 1304069.999999999534339, 11915549.999400002881885 ], [ 1304070.000000000465661, 11915579.999400001019239 ], [ 1303980.0, 11915579.999400001019239 ], [ 1303979.999999999534339, 11915669.999400001019239 ], [ 1303949.999999997671694, 11915669.999400001019239 ], [ 1303950.000000000232831, 11915699.999400001019239 ], [ 1303920.0, 11915699.999400001019239 ], [ 1303919.999999999767169, 11915729.999400001019239 ], [ 1303889.999999997671694, 11915729.999400001019239 ], [ 1303890.000000000232831, 11915759.999400001019239 ], [ 1303859.999999999767169, 11915759.999400001019239 ], [ 1303859.999999999068677, 11915789.999400001019239 ], [ 1303829.999999999534339, 11915789.999400001019239 ], [ 1303830.000000000232831, 11915879.999399997293949 ], [ 1303800.000000000232831, 11915879.999400001019239 ], [ 1303800.000000000698492, 11915939.999399993568659 ], [ 1303829.999999999767169, 11915939.999400001019239 ], [ 1303830.000000000232831, 11915999.999400001019239 ], [ 1303859.999999999534339, 11915999.999400001019239 ], [ 1303860.0, 11916029.999400001019239 ], [ 1303889.999999999301508, 11916029.999400001019239 ], [ 1303889.999999998603016, 11916089.999400001019239 ], [ 1303919.999999999534339, 11916089.999400001019239 ], [ 1303919.999999999767169, 11916119.999400001019239 ], [ 1303979.999999999534339, 11916119.999400001019239 ], [ 1303979.999999999534339, 11916089.999400001019239 ], [ 1304010.0, 11916089.999400002881885 ], [ 1304010.0, 11916059.999399995431304 ], [ 1304039.999999999534339, 11916059.999400001019239 ], [ 1304039.999999997671694, 11916029.999399997293949 ], [ 1304130.000000000232831, 11916029.999400001019239 ], [ 1304130.000000000465661, 11916059.999400001019239 ], [ 1304250.0, 11916059.999400001019239 ], [ 1304249.999999999767169, 11916089.999400001019239 ], [ 1304340.0, 11916089.999400001019239 ], [ 1304340.000000000232831, 11916239.999400001019239 ], [ 1304370.0, 11916239.999400001019239 ], [ 1304370.0, 11916269.999400001019239 ], [ 1304609.999999999534339, 11916269.999400001019239 ], [ 1304610.000000000232831, 11916239.999400001019239 ], [ 1304700.0, 11916239.999400001019239 ], [ 1304699.999999999068677, 11916209.999400001019239 ], [ 1304820.000000000232831, 11916209.999400001019239 ], [ 1304819.999999999534339, 11916239.999400001019239 ], [ 1304789.999999998835847, 11916239.999400001019239 ], [ 1304790.000000000465661, 11916329.999400001019239 ], [ 1304759.999999997904524, 11916329.999400001019239 ], [ 1304760.000000000465661, 11916359.9994 ], [ 1304730.0, 11916359.999400001019239 ], [ 1304730.0, 11916389.999400001019239 ], [ 1304760.0, 11916389.999400001019239 ], [ 1304759.999999997671694, 11916419.999400001019239 ], [ 1304730.000000000232831, 11916419.999400001019239 ], [ 1304729.999999998835847, 11916509.99940000474453 ], [ 1304700.0, 11916509.999400001019239 ], [ 1304700.000000000698492, 11916539.999399997293949 ], [ 1304519.999999998603016, 11916539.999400001019239 ], [ 1304519.999999998603016, 11916719.999400001019239 ], [ 1304580.0, 11916719.999400001019239 ], [ 1304580.0, 11916749.999400001019239 ], [ 1304760.0, 11916749.999400001019239 ], [ 1304760.000000000465661, 11916719.999400001019239 ], [ 1304910.000000000465661, 11916719.999400001019239 ], [ 1304909.999999999534339, 11916749.999400001019239 ], [ 1304940.0, 11916749.999400001019239 ], [ 1304939.999999999767169, 11916779.999400001019239 ], [ 1304970.000000000465661, 11916779.999399993568659 ], [ 1304969.999999998603016, 11916809.999400001019239 ], [ 1304940.0, 11916809.999400002881885 ], [ 1304940.000000000232831, 11916899.999400001019239 ], [ 1305000.0, 11916899.999400001019239 ], [ 1305000.0, 11916959.999400002881885 ], [ 1305030.0, 11916959.999400002881885 ], [ 1305029.999999999534339, 11916989.999400001019239 ], [ 1305000.0, 11916989.999400001019239 ], [ 1304999.999999999534339, 11917019.999400001019239 ], [ 1304970.000000000465661, 11917019.999400001019239 ], [ 1304970.0, 11917079.999400001019239 ], [ 1304999.999999999534339, 11917079.99940000474453 ], [ 1304999.999999997904524, 11917109.999399997293949 ], [ 1305029.999999998370185, 11917109.999400001019239 ], [ 1305029.999999999767169, 11917139.999400001019239 ], [ 1305059.999999999534339, 11917139.9994 ], [ 1305060.0, 11917199.999400001019239 ], [ 1305030.0, 11917199.999400001019239 ], [ 1305029.999999999767169, 11917289.999400001019239 ], [ 1304999.999999999767169, 11917289.999400001019239 ], [ 1304999.999999999534339, 11917319.999400001019239 ], [ 1304970.000000000465661, 11917319.999400001019239 ], [ 1304970.000000000232831, 11917409.999400001019239 ], [ 1305000.0, 11917409.999400001019239 ], [ 1304999.999999999534339, 11917469.999400001019239 ], [ 1304969.999999998603016, 11917469.999400001019239 ], [ 1304969.999999999301508, 11917499.999399997293949 ], [ 1304939.999999999534339, 11917499.999400001019239 ], [ 1304940.0, 11917529.999400001019239 ], [ 1304910.000000000465661, 11917529.999400001019239 ], [ 1304910.0, 11917589.999400001019239 ], [ 1304939.999999999767169, 11917589.999400001019239 ], [ 1304939.999999997671694, 11917679.999400001019239 ], [ 1304910.000000000465661, 11917679.999400001019239 ], [ 1304909.999999999534339, 11917709.999400001019239 ], [ 1304939.999999999534339, 11917709.999400001019239 ], [ 1304939.999999999767169, 11917979.999400001019239 ], [ 1304970.0, 11917979.999400001019239 ], [ 1304970.0, 11918009.9994 ], [ 1305000.000000000232831, 11918009.999400001019239 ], [ 1304999.999999999301508, 11918069.999400001019239 ], [ 1305059.999999999767169, 11918069.999400001019239 ], [ 1305060.0, 11918099.999400001019239 ], [ 1305090.000000000465661, 11918099.999400001019239 ], [ 1305090.000000000465661, 11918129.999400001019239 ], [ 1305119.999999999301508, 11918129.999400001019239 ], [ 1305119.999999998370185, 11918159.999400001019239 ], [ 1305210.0, 11918159.999400001019239 ], [ 1305209.999999999767169, 11918219.999400001019239 ], [ 1305179.999999998835847, 11918219.999400001019239 ], [ 1305179.999999997671694, 11918339.999400001019239 ], [ 1305209.999999999534339, 11918339.999400001019239 ], [ 1305210.000000000465661, 11918369.999400001019239 ], [ 1305270.0, 11918369.999400001019239 ], [ 1305269.999999999534339, 11918399.999400001019239 ], [ 1305300.000000000465661, 11918399.999400001019239 ], [ 1305299.999999999534339, 11918429.999400001019239 ], [ 1305329.999999999068677, 11918429.999400002881885 ], [ 1305330.0, 11918489.999400001019239 ], [ 1305359.999999998835847, 11918489.9994 ], [ 1305359.999999999767169, 11918579.999400001019239 ], [ 1305389.999999999534339, 11918579.9994 ], [ 1305389.999999999767169, 11918639.999400001019239 ], [ 1305509.999999999534339, 11918639.999400001019239 ], [ 1305509.999999999301508, 11918759.999399997293949 ], [ 1305570.0, 11918759.999400001019239 ], [ 1305570.000000000232831, 11918789.999400001019239 ], [ 1305600.0, 11918789.999400001019239 ], [ 1305600.000000000465661, 11918879.999400001019239 ], [ 1305570.000000000232831, 11918879.999400001019239 ], [ 1305570.0, 11918939.999400001019239 ], [ 1305600.000000000465661, 11918939.999399997293949 ], [ 1305599.999999999767169, 11918969.999400001019239 ], [ 1305629.999999999767169, 11918969.999400001019239 ], [ 1305629.999999999767169, 11919089.999400001019239 ], [ 1305600.000000000465661, 11919089.9994 ], [ 1305600.0, 11919119.999400001019239 ], [ 1305449.999999999534339, 11919119.999400001019239 ], [ 1305450.000000000465661, 11919209.999399997293949 ], [ 1305419.999999999767169, 11919209.999400001019239 ], [ 1305419.999999999767169, 11919239.999400001019239 ], [ 1305390.000000000465661, 11919239.999400001019239 ], [ 1305390.0, 11919299.999400001019239 ], [ 1305359.999999999767169, 11919299.999400001019239 ], [ 1305360.000000000465661, 11919329.999400001019239 ], [ 1305329.999999999767169, 11919329.999400001019239 ], [ 1305329.999999999767169, 11919419.999400001019239 ], [ 1305299.999999999068677, 11919419.999400001019239 ], [ 1305300.000000000465661, 11919569.999400001019239 ], [ 1305269.999999999068677, 11919569.999400001019239 ], [ 1305270.000000000232831, 11919719.999400001019239 ], [ 1305299.999999999534339, 11919719.999400001019239 ], [ 1305300.0, 11919749.999400001019239 ], [ 1305270.000000000465661, 11919749.999400001019239 ], [ 1305270.000000000465661, 11919899.999400001019239 ], [ 1305299.999999999301508, 11919899.999400001019239 ], [ 1305299.999999999534339, 11919959.999400001019239 ], [ 1305329.999999999767169, 11919959.999400001019239 ], [ 1305329.999999999534339, 11919989.999400001019239 ], [ 1305359.999999999301508, 11919989.999400001019239 ], [ 1305359.999999998137355, 11920049.999400001019239 ], [ 1305390.000000000232831, 11920049.999400001019239 ], [ 1305389.999999999301508, 11920079.999399997293949 ], [ 1305420.000000000465661, 11920079.999400001019239 ], [ 1305420.0, 11920109.999400001019239 ], [ 1305449.999999997671694, 11920109.9994 ], [ 1305449.999999999301508, 11920139.999400001019239 ], [ 1305480.000000000465661, 11920139.999400001019239 ], [ 1305479.999999999534339, 11920169.999400001019239 ], [ 1305450.000000000232831, 11920169.999400001019239 ], [ 1305450.0, 11920289.999400001019239 ], [ 1305419.999999999534339, 11920289.999400001019239 ], [ 1305420.000000000232831, 11920319.999400001019239 ], [ 1305389.999999999534339, 11920319.999400001019239 ], [ 1305389.999999999767169, 11920799.999400001019239 ], [ 1305419.999999999301508, 11920799.999400001019239 ], [ 1305420.0, 11920979.999399997293949 ], [ 1305390.0, 11920979.999400001019239 ], [ 1305390.0, 11921099.999400001019239 ], [ 1305360.000000000232831, 11921099.9994 ], [ 1305360.000000000465661, 11921129.9994 ], [ 1305299.999999999767169, 11921129.999400001019239 ], [ 1305299.999999997438863, 11921159.999400001019239 ], [ 1305299.999999999301508, 11921189.99940000474453 ], [ 1305360.000000000232831, 11921189.999399997293949 ], [ 1305360.0, 11921219.999400001019239 ], [ 1305390.000000000465661, 11921219.999400001019239 ], [ 1305390.000000000232831, 11921189.999400001019239 ], [ 1305509.999999999534339, 11921189.999400001019239 ], [ 1305510.000000000465661, 11921159.999399993568659 ], [ 1305540.0, 11921159.999400001019239 ], [ 1305539.999999999534339, 11921219.999400001019239 ], [ 1305570.000000000232831, 11921219.999400001019239 ], [ 1305569.999999999767169, 11921339.999400001019239 ], [ 1305539.999999999767169, 11921339.999400001019239 ], [ 1305539.999999999767169, 11921369.999400001019239 ], [ 1305569.999999999534339, 11921369.999400001019239 ], [ 1305569.999999999767169, 11921399.999400001019239 ], [ 1305600.000000000232831, 11921399.999400001019239 ], [ 1305599.999999999534339, 11921429.999400001019239 ], [ 1305659.999999999534339, 11921429.999399997293949 ], [ 1305659.999999999534339, 11921459.999400001019239 ], [ 1305690.000000000232831, 11921459.999400001019239 ], [ 1305689.999999997438863, 11921489.999400001019239 ], [ 1305810.0, 11921489.999399997293949 ], [ 1305809.999999999767169, 11921519.999400001019239 ], [ 1305959.999999999767169, 11921519.999400001019239 ], [ 1305960.0, 11921489.999400001019239 ], [ 1305989.999999999767169, 11921489.999400001019239 ], [ 1305989.999999999068677, 11921759.999400001019239 ], [ 1306020.0, 11921759.999400001019239 ], [ 1306019.999999998835847, 11921819.999399997293949 ], [ 1306050.000000000698492, 11921819.999399997293949 ], [ 1306050.000000000465661, 11921999.999400001019239 ], [ 1306079.999999999534339, 11921999.999400001019239 ], [ 1306080.0, 11922089.999400001019239 ], [ 1305990.0, 11922089.999400001019239 ], [ 1305990.0, 11922149.999400001019239 ], [ 1305960.000000000465661, 11922149.999400001019239 ], [ 1305960.000000000232831, 11922329.999400001019239 ], [ 1305960.000000000232831, 11922389.999400001019239 ], [ 1306019.999999997206032, 11922389.999400006607175 ], [ 1306020.000000000465661, 11922419.999400001019239 ], [ 1306079.999999998835847, 11922419.999400001019239 ], [ 1306080.0, 11922539.999400001019239 ], [ 1306049.999999997904524, 11922539.999400001019239 ], [ 1306049.999999998835847, 11922569.999400001019239 ], [ 1306080.000000000232831, 11922569.999400001019239 ], [ 1306079.999999999534339, 11922599.999400001019239 ], [ 1306110.0, 11922599.999399995431304 ], [ 1306110.000000000465661, 11922629.999400001019239 ], [ 1306140.000000000465661, 11922629.999400001019239 ], [ 1306139.999999999534339, 11922779.999400001019239 ], [ 1306169.999999999767169, 11922779.999400002881885 ], [ 1306170.000000000465661, 11922809.999400001019239 ], [ 1306260.0, 11922809.999400001019239 ], [ 1306260.000000000232831, 11922779.999400001019239 ], [ 1306290.000000000465661, 11922779.999400001019239 ], [ 1306290.000000000465661, 11922809.999400001019239 ], [ 1306290.000000000465661, 11922899.999399997293949 ], [ 1306260.000000000465661, 11922899.999400001019239 ], [ 1306260.000000000232831, 11922929.999400001019239 ], [ 1306230.000000000465661, 11922929.9994 ], [ 1306229.999999999534339, 11922959.999400001019239 ], [ 1306169.999999999767169, 11922959.999400001019239 ], [ 1306169.999999998137355, 11923109.999400001019239 ], [ 1306200.000000000232831, 11923109.999400001019239 ], [ 1306200.0, 11923199.999399995431304 ], [ 1306140.0, 11923199.999400001019239 ], [ 1306139.999999999068677, 11923229.999400001019239 ], [ 1306109.999999999767169, 11923229.999400001019239 ], [ 1306110.000000000465661, 11923289.999400001019239 ], [ 1306049.999999999767169, 11923289.999400001019239 ], [ 1306050.000000000232831, 11923469.999400001019239 ], [ 1306019.999999999767169, 11923469.999400001019239 ], [ 1306019.999999999534339, 11923499.999399997293949 ], [ 1305990.000000000232831, 11923499.999400001019239 ], [ 1305989.999999998370185, 11923559.999400001019239 ], [ 1305959.999999999068677, 11923559.999400001019239 ], [ 1305959.999999999534339, 11923649.999400001019239 ], [ 1305899.999999999767169, 11923649.999400001019239 ], [ 1305900.0, 11923679.999400001019239 ], [ 1305870.000000000465661, 11923679.999400001019239 ], [ 1305870.0, 11923709.999400001019239 ], [ 1305810.000000000232831, 11923709.999400001019239 ], [ 1305810.0, 11923739.999400001019239 ], [ 1305749.999999999301508, 11923739.999400001019239 ], [ 1305750.000000000465661, 11923769.999400001019239 ], [ 1305690.0, 11923769.999400001019239 ], [ 1305690.000000000232831, 11923829.999400001019239 ], [ 1305660.0, 11923829.999400001019239 ], [ 1305660.000000000232831, 11923859.999400001019239 ], [ 1305600.000000000232831, 11923859.999400002881885 ], [ 1305599.999999999301508, 11923919.999400001019239 ], [ 1305570.000000000232831, 11923919.999400001019239 ], [ 1305570.0, 11923949.999400001019239 ], [ 1305539.999999999767169, 11923949.9994 ], [ 1305539.999999998137355, 11923979.999400001019239 ], [ 1305509.999999999534339, 11923979.999400001019239 ], [ 1305510.000000000465661, 11924009.999400001019239 ], [ 1305450.000000000232831, 11924009.999400001019239 ], [ 1305450.0, 11924039.999400001019239 ], [ 1305420.0, 11924039.999400001019239 ], [ 1305420.0, 11923979.999400001019239 ], [ 1305389.999999999068677, 11923979.999400001019239 ], [ 1305389.999999999767169, 11924009.999400001019239 ], [ 1305330.000000000232831, 11924009.999400001019239 ], [ 1305329.999999999767169, 11924039.999400001019239 ], [ 1305299.999999999534339, 11924039.999400001019239 ], [ 1305299.999999999534339, 11924129.999400001019239 ], [ 1305270.000000000232831, 11924129.999400001019239 ], [ 1305269.999999999301508, 11924159.999399997293949 ], [ 1305150.0, 11924159.999400001019239 ], [ 1305150.0, 11924189.999400001019239 ], [ 1305120.000000000465661, 11924189.999400001019239 ], [ 1305119.999999999301508, 11924219.999400001019239 ], [ 1305089.999999999534339, 11924219.999400001019239 ], [ 1305089.999999999767169, 11924279.999399997293949 ], [ 1305119.999999999767169, 11924279.999400001019239 ], [ 1305119.999999998835847, 11924309.999400001019239 ], [ 1305090.000000000465661, 11924309.999399997293949 ], [ 1305090.000000000465661, 11924339.999399995431304 ], [ 1305060.0, 11924339.999400001019239 ], [ 1305059.999999999301508, 11924549.999400001019239 ], [ 1305120.0, 11924549.999400001019239 ], [ 1305120.000000000232831, 11924579.9994 ], [ 1305180.000000000465661, 11924579.999400001019239 ], [ 1305180.000000000465661, 11924549.999400001019239 ], [ 1305209.999999999767169, 11924549.999400001019239 ], [ 1305209.999999999534339, 11924639.999400001019239 ], [ 1305240.0, 11924639.999400001019239 ], [ 1305240.000000000465661, 11924669.999400001019239 ], [ 1305269.999999999534339, 11924669.999400001019239 ], [ 1305269.999999999767169, 11924729.999400001019239 ], [ 1305239.999999998603016, 11924729.9994 ], [ 1305239.999999999534339, 11924759.999400002881885 ], [ 1305269.999999999068677, 11924759.999400001019239 ], [ 1305270.0, 11924819.999399997293949 ], [ 1305300.000000000232831, 11924819.999400001019239 ], [ 1305300.000000000465661, 11924849.999399995431304 ], [ 1305209.999999999767169, 11924849.999400001019239 ], [ 1305210.000000000465661, 11924879.999400001019239 ], [ 1305089.999999999767169, 11924879.999400001019239 ], [ 1305089.999999999767169, 11924909.999400001019239 ], [ 1304939.999999999767169, 11924909.999400001019239 ], [ 1304940.000000000465661, 11924999.999400002881885 ], [ 1304910.000000000232831, 11924999.999400001019239 ], [ 1304910.000000000232831, 11925029.999400001019239 ], [ 1304879.999999999534339, 11925029.999400001019239 ], [ 1304880.000000000232831, 11925119.999400001019239 ], [ 1304850.000000000232831, 11925119.999400001019239 ], [ 1304849.999999999534339, 11925329.999400001019239 ], [ 1304819.999999999534339, 11925329.999400001019239 ], [ 1304820.0, 11925599.999400001019239 ], [ 1304669.999999999068677, 11925599.999400001019239 ], [ 1304670.000000000232831, 11925629.999400001019239 ], [ 1304639.999999999068677, 11925629.999400001019239 ], [ 1304640.000000000465661, 11925689.999400001019239 ], [ 1304609.999999998603016, 11925689.999400001019239 ], [ 1304609.999999999767169, 11925659.999400001019239 ], [ 1304549.999999999767169, 11925659.999400001019239 ], [ 1304549.999999999534339, 11925689.999400001019239 ], [ 1304430.0, 11925689.999400001019239 ], [ 1304429.999999999534339, 11925719.999400001019239 ], [ 1304339.999999998835847, 11925719.999400001019239 ], [ 1304339.999999999534339, 11925749.999400001019239 ], [ 1304310.000000000465661, 11925749.999399997293949 ], [ 1304309.999999998370185, 11925779.999399997293949 ], [ 1304190.0, 11925779.999400001019239 ], [ 1304190.0, 11925839.999400001019239 ], [ 1304130.0, 11925839.999400001019239 ], [ 1304129.999999999767169, 11925869.999400001019239 ], [ 1304040.0, 11925869.999400001019239 ], [ 1304040.0, 11925839.999400001019239 ], [ 1303979.999999999068677, 11925839.999400001019239 ], [ 1303980.000000000465661, 11925869.9994 ], [ 1303829.999999997671694, 11925869.999399995431304 ], [ 1303830.000000000232831, 11925929.999400001019239 ], [ 1303710.000000000232831, 11925929.999400001019239 ], [ 1303710.000000000465661, 11926019.999400001019239 ], [ 1303740.0, 11926019.999400001019239 ], [ 1303740.0, 11926169.9994 ], [ 1303769.999999999767169, 11926169.999400002881885 ], [ 1303769.999999999767169, 11926259.999400001019239 ], [ 1303829.999999999534339, 11926259.999400001019239 ], [ 1303829.999999999534339, 11926289.999400001019239 ], [ 1303859.999999998603016, 11926289.9994 ], [ 1303860.000000000232831, 11926319.999400001019239 ], [ 1303890.000000000465661, 11926319.9994 ], [ 1303889.999999999534339, 11926439.999400001019239 ], [ 1303859.999999997671694, 11926439.99940000474453 ], [ 1303860.000000000465661, 11926499.999400001019239 ], [ 1303829.999999999767169, 11926499.999400001019239 ], [ 1303829.999999999534339, 11926649.999400001019239 ], [ 1303860.000000000232831, 11926649.999400002881885 ], [ 1303860.0, 11926739.999400001019239 ], [ 1303830.000000000232831, 11926739.999400001019239 ], [ 1303829.999999999534339, 11926769.999400001019239 ], [ 1303769.999999999767169, 11926769.999399995431304 ], [ 1303769.999999998603016, 11926829.999400001019239 ], [ 1303739.999999999534339, 11926829.999400001019239 ], [ 1303740.000000000465661, 11926799.999399997293949 ], [ 1303529.999999999534339, 11926799.999400001019239 ], [ 1303529.999999999534339, 11926829.999400001019239 ], [ 1303469.999999999767169, 11926829.999400001019239 ], [ 1303470.000000000232831, 11926919.999400001019239 ], [ 1303379.999999998137355, 11926919.999399997293949 ], [ 1303349.999999998603016, 11926919.999399997293949 ], [ 1303349.999999999767169, 11926949.9994 ], [ 1303289.999999999534339, 11926949.999400001019239 ], [ 1303289.999999999767169, 11927039.999399997293949 ], [ 1303230.000000000232831, 11927039.999400001019239 ], [ 1303230.000000000232831, 11927069.999400001019239 ], [ 1303170.0, 11927069.999400001019239 ], [ 1303169.999999999767169, 11927099.9994 ], [ 1303139.999999997904524, 11927099.999400001019239 ], [ 1303140.000000000232831, 11927129.999400001019239 ], [ 1303109.999999999767169, 11927129.999400001019239 ], [ 1303110.000000000232831, 11927279.999400001019239 ], [ 1303080.000000000232831, 11927279.999400001019239 ], [ 1303080.000000000232831, 11927309.999400001019239 ], [ 1303109.999999999534339, 11927309.999400001019239 ], [ 1303110.0, 11927459.999400001019239 ], [ 1303080.0, 11927459.999400001019239 ], [ 1303080.000000000232831, 11927519.999400002881885 ], [ 1303020.0, 11927519.999400001019239 ], [ 1303020.000000000465661, 11927549.999399997293949 ], [ 1302990.000000000232831, 11927549.9994 ], [ 1302990.000000000232831, 11927579.999400001019239 ], [ 1302959.999999999534339, 11927579.9994 ], [ 1302960.000000000465661, 11927609.999400001019239 ], [ 1302930.000000000465661, 11927609.999400001019239 ], [ 1302929.999999998603016, 11927639.999400001019239 ], [ 1302869.999999999767169, 11927639.999400002881885 ], [ 1302869.999999999767169, 11927669.999400001019239 ], [ 1302840.000000000465661, 11927669.9994 ], [ 1302839.999999999767169, 11927699.999400001019239 ], [ 1302779.999999998603016, 11927699.999400001019239 ], [ 1302779.999999999534339, 11927789.999400001019239 ], [ 1302690.0, 11927789.999400001019239 ], [ 1302689.999999999767169, 11927819.999400001019239 ], [ 1302660.000000000465661, 11927819.999400001019239 ], [ 1302660.000000000232831, 11927849.999400001019239 ], [ 1302629.999999999534339, 11927849.999400001019239 ], [ 1302630.000000000465661, 11927879.999400001019239 ], [ 1302600.0, 11927879.999400001019239 ], [ 1302539.999999999767169, 11927879.999400001019239 ], [ 1302539.999999999534339, 11927849.999400001019239 ], [ 1302509.999999998835847, 11927849.999400001019239 ], [ 1302510.0, 11928119.99940000474453 ], [ 1302480.0, 11928119.999400001019239 ], [ 1302480.0, 11928179.999400001019239 ], [ 1302449.999999997904524, 11928179.999400001019239 ], [ 1302449.999999999534339, 11928209.999400001019239 ], [ 1302420.0, 11928209.999400001019239 ], [ 1302420.0, 11928299.999400001019239 ], [ 1302450.000000000232831, 11928299.9994 ], [ 1302450.0, 11928329.999400001019239 ], [ 1302419.999999999534339, 11928329.999400002881885 ], [ 1302419.999999998370185, 11928359.999400001019239 ], [ 1302390.0, 11928359.999399997293949 ], [ 1302390.0, 11928389.999400001019239 ], [ 1302270.0, 11928389.999400001019239 ], [ 1302270.000000000465661, 11928359.999400001019239 ], [ 1302300.000000000232831, 11928359.999400001019239 ], [ 1302299.999999999767169, 11928329.999400001019239 ], [ 1302269.999999999534339, 11928329.999400001019239 ], [ 1302270.000000000465661, 11928299.999400001019239 ], [ 1302179.999999999767169, 11928299.999400002881885 ], [ 1302179.999999999534339, 11928389.999400001019239 ], [ 1302119.999999998137355, 11928389.999400001019239 ], [ 1302119.999999999534339, 11928419.999400001019239 ], [ 1302059.999999999534339, 11928419.999400001019239 ], [ 1302059.999999999767169, 11928479.999400001019239 ], [ 1302030.000000000465661, 11928479.9994 ], [ 1302030.0, 11928509.999400001019239 ], [ 1301999.999999999534339, 11928509.99940000474453 ], [ 1302000.0, 11928539.999400001019239 ], [ 1301910.000000000465661, 11928539.999400001019239 ], [ 1301909.999999999767169, 11928569.999400001019239 ], [ 1301880.0, 11928569.999400001019239 ], [ 1301879.999999999534339, 11928629.999400001019239 ], [ 1301849.999999999767169, 11928629.999400001019239 ], [ 1301850.0, 11928659.9994 ], [ 1301819.999999999767169, 11928659.999400001019239 ], [ 1301820.000000000232831, 11928689.9994 ], [ 1301790.000000000465661, 11928689.999400001019239 ], [ 1301789.999999999534339, 11928719.999400001019239 ], [ 1301759.999999998603016, 11928719.999400001019239 ], [ 1301760.0, 11928809.999400001019239 ], [ 1301549.999999998835847, 11928809.999400001019239 ], [ 1301549.999999999767169, 11928839.999400001019239 ], [ 1301489.999999999068677, 11928839.999400001019239 ], [ 1301489.999999999767169, 11928869.999400001019239 ], [ 1301460.0, 11928869.999400001019239 ], [ 1301460.000000000465661, 11928899.999400001019239 ], [ 1301429.999999999534339, 11928899.999400001019239 ], [ 1301430.0, 11928959.999400001019239 ], [ 1301399.999999997671694, 11928959.999400001019239 ], [ 1301400.000000000232831, 11928989.999400002881885 ], [ 1301370.0, 11928989.999400001019239 ], [ 1301370.000000000232831, 11929019.999399997293949 ], [ 1301340.0, 11929019.999400001019239 ], [ 1301339.999999999301508, 11929049.999400001019239 ], [ 1301279.999999999767169, 11929049.999400001019239 ], [ 1301280.0, 11929079.999400001019239 ], [ 1301189.999999999534339, 11929079.999400001019239 ], [ 1301190.000000000232831, 11929109.999400001019239 ], [ 1301100.0, 11929109.999400001019239 ], [ 1301099.999999999767169, 11929169.999400001019239 ], [ 1300950.0, 11929169.9994 ], [ 1300950.000000000232831, 11929199.999399997293949 ], [ 1300830.000000000465661, 11929199.9994 ], [ 1300829.999999999534339, 11929289.999400001019239 ], [ 1300799.999999999534339, 11929289.999400001019239 ], [ 1300800.000000000465661, 11929349.999399997293949 ], [ 1300740.000000000232831, 11929349.9994 ], [ 1300739.999999997438863, 11929379.9994 ], [ 1300709.999999999767169, 11929379.999400001019239 ], [ 1300710.0, 11929439.999400001019239 ], [ 1300649.999999999534339, 11929439.9994 ], [ 1300649.999999997671694, 11929529.999400002881885 ], [ 1300619.999999999767169, 11929529.999400001019239 ], [ 1300619.999999999767169, 11929589.999400006607175 ], [ 1300500.0, 11929589.999400001019239 ], [ 1300499.999999998370185, 11929619.999400001019239 ], [ 1300379.999999999767169, 11929619.999400001019239 ], [ 1300379.999999999767169, 11929739.999400001019239 ], [ 1300410.0, 11929739.999399997293949 ], [ 1300410.0, 11929799.999400001019239 ], [ 1300259.999999999534339, 11929799.999400001019239 ], [ 1300260.000000000232831, 11929829.999400001019239 ], [ 1300229.999999999534339, 11929829.999400001019239 ], [ 1300230.000000000465661, 11929859.999400001019239 ], [ 1300170.0, 11929859.999400001019239 ], [ 1300170.000000000465661, 11929889.999400001019239 ], [ 1300079.999999999534339, 11929889.999400001019239 ], [ 1300080.0, 11929919.999399997293949 ], [ 1299960.0, 11929919.999400001019239 ], [ 1299960.0, 11929979.999399993568659 ], [ 1299839.999999999068677, 11929979.999400001019239 ], [ 1299839.999999997904524, 11930009.999400001019239 ], [ 1299809.999999999767169, 11930009.999400001019239 ], [ 1299809.999999999534339, 11930039.999400001019239 ], [ 1299779.999999999534339, 11930039.999400001019239 ], [ 1299780.000000000232831, 11930069.999400001019239 ], [ 1299750.000000000465661, 11930069.999400001019239 ], [ 1299749.999999998603016, 11930099.9994 ], [ 1299720.0, 11930099.999399997293949 ], [ 1299719.999999999534339, 11930129.999400001019239 ], [ 1299689.999999999767169, 11930129.999400001019239 ], [ 1299689.999999999767169, 11930159.999400001019239 ], [ 1299600.0, 11930159.999399997293949 ], [ 1299600.000000000698492, 11930189.999399997293949 ], [ 1299539.999999999068677, 11930189.999400001019239 ], [ 1299539.999999999301508, 11930219.999400001019239 ], [ 1299479.999999999767169, 11930219.999400001019239 ], [ 1299480.000000000232831, 11930249.999399997293949 ], [ 1299359.999999999767169, 11930249.999400001019239 ], [ 1299360.000000000465661, 11930279.9994 ], [ 1299269.999999999534339, 11930279.999400001019239 ], [ 1299269.999999999534339, 11930309.999400001019239 ], [ 1299239.999999999767169, 11930309.999400001019239 ], [ 1299239.999999999534339, 11930339.999400001019239 ], [ 1299119.999999999767169, 11930339.999400001019239 ], [ 1299120.000000000465661, 11930369.999400001019239 ], [ 1299089.999999999534339, 11930369.999400001019239 ], [ 1299089.999999999767169, 11930399.9994 ], [ 1299059.999999998603016, 11930399.999400001019239 ], [ 1299060.0, 11930429.999399997293949 ], [ 1299030.0, 11930429.999400001019239 ], [ 1299030.000000000232831, 11930459.999400001019239 ], [ 1298969.999999999767169, 11930459.999400001019239 ], [ 1298969.999999999534339, 11930489.999400001019239 ], [ 1298879.999999999534339, 11930489.999400001019239 ], [ 1298879.999999999767169, 11930729.999400001019239 ], [ 1298849.999999999534339, 11930729.999400001019239 ], [ 1298850.0, 11930759.999400001019239 ], [ 1298789.999999999767169, 11930759.999399997293949 ], [ 1298789.999999999534339, 11930849.999400001019239 ], [ 1298760.0, 11930849.999400001019239 ], [ 1298760.000000000232831, 11930879.999400001019239 ], [ 1298730.000000000465661, 11930879.999400001019239 ], [ 1298729.999999999534339, 11930969.999400001019239 ], [ 1298670.000000000232831, 11930969.999400001019239 ], [ 1298670.000000000232831, 11930999.999400001019239 ], [ 1298579.999999999534339, 11930999.999400001019239 ], [ 1298580.0, 11931029.9994 ], [ 1298520.000000000465661, 11931029.999400001019239 ], [ 1298519.999999999068677, 11931059.999400001019239 ], [ 1298460.0, 11931059.999400001019239 ], [ 1298460.000000000465661, 11931089.999400001019239 ], [ 1298430.0, 11931089.999400001019239 ], [ 1298430.000000000465661, 11931149.999400001019239 ], [ 1298370.0, 11931149.999400001019239 ], [ 1298370.000000000465661, 11931209.999400001019239 ], [ 1298339.999999999534339, 11931209.999400001019239 ], [ 1298339.999999999534339, 11931269.999400001019239 ], [ 1298309.999999999068677, 11931269.999400001019239 ], [ 1298310.0, 11931299.999400001019239 ], [ 1298249.999999999767169, 11931299.999400001019239 ], [ 1298249.999999999068677, 11931359.999399997293949 ], [ 1298190.000000000465661, 11931359.999399997293949 ], [ 1298190.000000000232831, 11931449.999400001019239 ], [ 1298160.0, 11931449.999400001019239 ], [ 1298159.999999999534339, 11931479.999400001019239 ], [ 1298130.000000000232831, 11931479.999400001019239 ] ], [ [ 1307160.000000000232831, 11913809.9994 ], [ 1307130.000000000465661, 11913809.999400001019239 ], [ 1307130.000000000232831, 11913779.999400001019239 ], [ 1307159.999999997438863, 11913779.999400001019239 ], [ 1307160.000000000232831, 11913809.9994 ] ] ] } }
]
}
