{
    "type": "FeatureCollection",
    "name": "finalcat_info_riv_v1-0",
    "crs": {
        "type": "name",
        "properties": {
            "name": "urn:ogc:def:crs:OGC:1.3:CRS84"
        }
    },
    "features": [
        {
            "type": "Feature",
            "properties": {
                "SubId": 90011484,
                "DowSubId": 90013481,
                "RivSlope": 0.003087563482628,
                "RivLength": 7032.558385,
                "BasSlope": 1.014457612561834,
                "BasAspect": 178.63749701443135,
                "BasArea": 51113896.708722,
                "BkfWidth": 16.9999013765,
                "BkfDepth": 0.452097502009,
                "Lake_Cat": 0,
                "HyLakeId": 0,
                "LakeVol": 0.0,
                "LakeDepth": 0.0,
                "LakeArea": 0.0,
                "Laketype": 0,
                "Has_POI": 0,
                "MeanElev": 485.5452362917248,
                "FloodP_n": 0.050948320234134,
                "Q_Mean": 3.518204438453164,
                "Ch_n": 0.039866257381686,
                "DrainArea": 98300446.164553,
                "Strahler": 2,
                "Seg_ID": 21,
                "Seg_order": 2,
                "Max_DEM": 480.4871521,
                "Min_DEM": 464.516113281,
                "DA_Obs": 0.0,
                "DA_error": 0.0,
                "Obs_NM": null,
                "SRC_obs": null,
                "centroid_x": -80.41336644449623,
                "centroid_y": 43.987305206666214,
                "DA_Chn_L": 14350.953358,
                "DA_Slope": 0.252501288647,
                "DA_Chn_Slp": 0.00983254625653,
                "outletLat": 43.97405217,
                "outletLng": -80.3609566012,
                "Region": "SW",
                "Sub_Reg": "02G",
                "rvhName": "sub90011484"
            },
            "geometry": {
                "type": "MultiLineString",
                "coordinates": [
                    [
                        [
                            -80.4028653796819,
                            43.96305841368755
                        ],
                        [
                            -80.40187670829185,
                            43.96369079773801
                        ],
                        [
                            -80.40185407496338,
                            43.96396009746148
                        ],
                        [
                            -80.40145859796685,
                            43.9642130486248
                        ],
                        [
                            -80.40141332654464,
                            43.964751648348404
                        ],
                        [
                            -80.40101784179792,
                            43.965004598112934
                        ],
                        [
                            -80.40099520370407,
                            43.965273898113026
                        ],
                        [
                            -80.40169563543267,
                            43.96584519803952
                        ],
                        [
                            -80.40162772943822,
                            43.96665309963361
                        ],
                        [
                            -80.40197795559305,
                            43.96693874853195
                        ],
                        [
                            -80.40158245766236,
                            43.96719170114501
                        ],
                        [
                            -80.40155982144056,
                            43.96746100203528
                        ],
                        [
                            -80.4007688105223,
                            43.96796690304993
                        ],
                        [
                            -80.4007235292145,
                            43.96850550511392
                        ],
                        [
                            -80.39990985040129,
                            43.96928070169128
                        ],
                        [
                            -80.39988720509234,
                            43.96955000295457
                        ],
                        [
                            -80.40023744069345,
                            43.9698356587374
                        ],
                        [
                            -80.40019215261536,
                            43.97037426188464
                        ],
                        [
                            -80.39900554869823,
                            43.97113309872468
                        ],
                        [
                            -80.398982898177,
                            43.971402400443225
                        ],
                        [
                            -80.39858735418173,
                            43.97165534324709
                        ],
                        [
                            -80.39856470138828,
                            43.97192464505872
                        ],
                        [
                            -80.39816915169006,
                            43.9721775864595
                        ],
                        [
                            -80.39779625523083,
                            43.9721612246352
                        ],
                        [
                            -80.39384054126087,
                            43.974690547176586
                        ],
                        [
                            -80.39272180510353,
                            43.97464141145869
                        ],
                        [
                            -80.39237157797177,
                            43.97435572882106
                        ],
                        [
                            -80.392439630057,
                            43.97354782510659
                        ],
                        [
                            -80.39173919637703,
                            43.972976457701535
                        ],
                        [
                            -80.39099339664806,
                            43.97294368702968
                        ],
                        [
                            -80.38992009035191,
                            43.972355920631685
                        ],
                        [
                            -80.38954719514513,
                            43.97233952951131
                        ],
                        [
                            -80.38884680709235,
                            43.971768143714066
                        ],
                        [
                            -80.38810102554815,
                            43.971735352552294
                        ],
                        [
                            -80.3863501398483,
                            43.970306857110636
                        ],
                        [
                            -80.38644098723059,
                            43.969229663226834
                        ],
                        [
                            -80.38683656979612,
                            43.96897676697754
                        ],
                        [
                            -80.38690469683854,
                            43.96816887251573
                        ],
                        [
                            -80.38585424158205,
                            43.96731177045253
                        ],
                        [
                            -80.3858769549588,
                            43.96704247300619
                        ],
                        [
                            -80.38517667292412,
                            43.966471066677244
                        ],
                        [
                            -80.3848038192001,
                            43.966454658839126
                        ],
                        [
                            -80.38340330716036,
                            43.96531182849994
                        ],
                        [
                            -80.3830077352118,
                            43.96556471060619
                        ],
                        [
                            -80.38265761677997,
                            43.96527899895564
                        ],
                        [
                            -80.38272580085766,
                            43.9644711111036
                        ],
                        [
                            -80.38237569088632,
                            43.96418539892074
                        ],
                        [
                            -80.38239842006793,
                            43.963916103325744
                        ],
                        [
                            -80.38169821428723,
                            43.96334467612995
                        ],
                        [
                            -80.38172094645056,
                            43.96307538097717
                        ],
                        [
                            -80.38102075848346,
                            43.9625039498907
                        ],
                        [
                            -80.38111169772161,
                            43.961426771587384
                        ],
                        [
                            -80.38076161562586,
                            43.961141055158215
                        ],
                        [
                            -80.38078435147897,
                            43.960871760983146
                        ],
                        [
                            -80.38043427463742,
                            43.960586043669615
                        ],
                        [
                            -80.37801099902487,
                            43.96047926042644
                        ]
                    ],
                    [
                        [
                            -80.37801099902487,
                            43.96047926042644
                        ],
                        [
                            -80.37782459359985,
                            43.96047104401475
                        ]
                    ],
                    [
                        [
                            -80.37782459359985,
                            43.96047104401475
                        ],
                        [
                            -80.37742903085511,
                            43.960723903505205
                        ],
                        [
                            -80.376310594673,
                            43.96067459385688
                        ],
                        [
                            -80.37523768631608,
                            43.96008668681357
                        ],
                        [
                            -80.37486487902588,
                            43.96007024382009
                        ],
                        [
                            -80.37328256306826,
                            43.96108162820614
                        ],
                        [
                            -80.37319147045083,
                            43.962158799236974
                        ],
                        [
                            -80.37279587413283,
                            43.96241164182857
                        ],
                        [
                            -80.37277309836882,
                            43.96268093481378
                        ],
                        [
                            -80.37198189067712,
                            43.96318661578194
                        ],
                        [
                            -80.37195911058929,
                            43.96345590886305
                        ],
                        [
                            -80.37037664318126,
                            43.964467253925754
                        ],
                        [
                            -80.37000380753716,
                            43.96445079357714
                        ],
                        [
                            -80.36960817995282,
                            43.96470362491453
                        ],
                        [
                            -80.36958538756437,
                            43.96497291801373
                        ],
                        [
                            -80.36918975427761,
                            43.96522574794681
                        ],
                        [
                            -80.37023990874717,
                            43.966083014368785
                        ],
                        [
                            -80.37019432880983,
                            43.96662160190058
                        ],
                        [
                            -80.3697986864255,
                            43.966874434671986
                        ],
                        [
                            -80.36970751566022,
                            43.96795161082321
                        ],
                        [
                            -80.37040765523156,
                            43.96852312141154
                        ],
                        [
                            -80.37036207491313,
                            43.96906171073033
                        ],
                        [
                            -80.37106223550451,
                            43.96963321778148
                        ],
                        [
                            -80.37087993090452,
                            43.971787581461335
                        ],
                        [
                            -80.37068209309258,
                            43.971914000166116
                        ]
                    ],
                    [
                        [
                            -80.37764956372168,
                            43.96032818063104
                        ],
                        [
                            -80.37782459359985,
                            43.96047104401475
                        ]
                    ],
                    [
                        [
                            -80.37065930298382,
                            43.97218329603062
                        ],
                        [
                            -80.37048425436735,
                            43.972040418519
                        ]
                    ],
                    [
                        [
                            -80.37068209309258,
                            43.971914000166116
                        ],
                        [
                            -80.37048425436735,
                            43.972040418519
                        ]
                    ],
                    [
                        [
                            -80.37048425436735,
                            43.972040418519
                        ],
                        [
                            -80.36931999989898,
                            43.97252962546142
                        ],
                        [
                            -80.36745555108948,
                            43.97244729085491
                        ],
                        [
                            -80.36705985397839,
                            43.97270011522674
                        ],
                        [
                            -80.36631407281975,
                            43.972667169296905
                        ],
                        [
                            -80.36596399607862,
                            43.97238139934232
                        ],
                        [
                            -80.36559110788671,
                            43.972364923154835
                        ],
                        [
                            -80.36519540276427,
                            43.97261774047406
                        ],
                        [
                            -80.36333095715966,
                            43.97253533262784
                        ],
                        [
                            -80.36095660164277,
                            43.974052164660066
                        ],
                        [
                            -80.36077015258466,
                            43.97404391782345
                        ]
                    ]
                ]
            }
        },
        {
            "type": "Feature",
            "properties": {
                "SubId": 90012669,
                "DowSubId": 90013181,
                "RivSlope": 0.001645014368829,
                "RivLength": 21729.680095,
                "BasSlope": 1.034645403296435,
                "BasAspect": 193.09461742001704,
                "BasArea": 76397346.138553,
                "BkfWidth": 20.4716059129,
                "BkfDepth": 0.505423480218,
                "Lake_Cat": 0,
                "HyLakeId": 0,
                "LakeVol": 0.0,
                "LakeDepth": 0.0,
                "LakeArea": 0.0,
                "Laketype": 0,
                "Has_POI": 0,
                "MeanElev": 499.6341650672955,
                "FloodP_n": 0.0500000007451,
                "Q_Mean": 6.449987114829125,
                "Ch_n": 0.029392269029531,
                "DrainArea": 144250023.278382,
                "Strahler": 1,
                "Seg_ID": 1,
                "Seg_order": 2,
                "Max_DEM": 499.314483643,
                "Min_DEM": 476.161010742,
                "DA_Obs": 0.0,
                "DA_error": 0.0,
                "Obs_NM": null,
                "SRC_obs": null,
                "centroid_x": -80.38243661976482,
                "centroid_y": 44.109201585526925,
                "DA_Chn_L": 33724.881814,
                "DA_Slope": 0.33067887276,
                "DA_Chn_Slp": 0.0100742467105,
                "outletLat": 44.0302312585,
                "outletLng": -80.3782934415,
                "Region": "SW",
                "Sub_Reg": "02G",
                "rvhName": "sub90012669"
            },
            "geometry": {
                "type": "MultiLineString",
                "coordinates": [
                    [
                        [
                            -80.36277590887477,
                            44.14025233475331
                        ],
                        [
                            -80.36297437486283,
                            44.140125903711144
                        ],
                        [
                            -80.36304306848463,
                            44.139317847742475
                        ],
                        [
                            -80.36343999151319,
                            44.139064984594135
                        ],
                        [
                            -80.36418804340335,
                            44.13909795794768
                        ],
                        [
                            -80.36617258729522,
                            44.13783360682208
                        ],
                        [
                            -80.36652372576518,
                            44.13811943660024
                        ],
                        [
                            -80.36692062396877,
                            44.1378665607142
                        ],
                        [
                            -80.36708076306464,
                            44.135981097343986
                        ],
                        [
                            -80.36672963542699,
                            44.13569527019155
                        ],
                        [
                            -80.36679826791915,
                            44.13488721627439
                        ],
                        [
                            -80.36719514136405,
                            44.134634340381275
                        ],
                        [
                            -80.36721801634708,
                            44.134364989247544
                        ],
                        [
                            -80.36840860844337,
                            44.13360635307471
                        ],
                        [
                            -80.36847721347203,
                            44.13279830018666
                        ],
                        [
                            -80.36927091078492,
                            44.132292535659
                        ],
                        [
                            -80.37039285510829,
                            44.13234193114889
                        ],
                        [
                            -80.37144624188163,
                            44.1331993691403
                        ],
                        [
                            -80.37142338823782,
                            44.13346872079718
                        ],
                        [
                            -80.3721256676846,
                            44.1340403411303
                        ],
                        [
                            -80.37249966172797,
                            44.13405679751859
                        ],
                        [
                            -80.3728508090265,
                            44.13434260484165
                        ],
                        [
                            -80.37322480535803,
                            44.13435905866073
                        ],
                        [
                            -80.37501055575264,
                            44.13322099776456
                        ]
                    ],
                    [
                        [
                            -80.37538454505466,
                            44.133237443889755
                        ],
                        [
                            -80.37520896786957,
                            44.1330945447851
                        ]
                    ],
                    [
                        [
                            -80.37501055575264,
                            44.13322099776456
                        ],
                        [
                            -80.37520896786957,
                            44.1330945447851
                        ]
                    ],
                    [
                        [
                            -80.37520896786957,
                            44.1330945447851
                        ],
                        [
                            -80.37485781625546,
                            44.132808745774625
                        ],
                        [
                            -80.37492632487394,
                            44.13200068949867
                        ],
                        [
                            -80.3757199508786,
                            44.13149487687008
                        ],
                        [
                            -80.37609392857561,
                            44.13151132044005
                        ],
                        [
                            -80.37768113004138,
                            44.13049967254651
                        ],
                        [
                            -80.37803228158315,
                            44.13078546131112
                        ],
                        [
                            -80.37915420286566,
                            44.13083476335552
                        ],
                        [
                            -80.37985652934671,
                            44.13140633023218
                        ],
                        [
                            -80.37981090628112,
                            44.13194503606418
                        ],
                        [
                            -80.3819179932665,
                            44.13365971312779
                        ],
                        [
                            -80.38266598225981,
                            44.13369255500244
                        ],
                        [
                            -80.38306277355177,
                            44.13343961969148
                        ],
                        [
                            -80.38315395713552,
                            44.132362203529674
                        ],
                        [
                            -80.38394751219678,
                            44.131856328662415
                        ],
                        [
                            -80.38432149484312,
                            44.13187274301829
                        ],
                        [
                            -80.38467268995474,
                            44.13215851013046
                        ],
                        [
                            -80.38506946081012,
                            44.13190556774622
                        ],
                        [
                            -80.38511503198018,
                            44.13136685966386
                        ],
                        [
                            -80.38551179503666,
                            44.13111391586488
                        ],
                        [
                            -80.38586299149661,
                            44.13139967873415
                        ],
                        [
                            -80.38625975132778,
                            44.13114673210637
                        ],
                        [
                            -80.38630531012564,
                            44.13060802402348
                        ],
                        [
                            -80.38560292643213,
                            44.130036500736495
                        ],
                        [
                            -80.38522895597279,
                            44.130020090969836
                        ],
                        [
                            -80.38452659110126,
                            44.12944856092604
                        ],
                        [
                            -80.38454937845067,
                            44.129179207792276
                        ],
                        [
                            -80.38384703150173,
                            44.1286076738206
                        ],
                        [
                            -80.38347307135209,
                            44.12859125784711
                        ],
                        [
                            -80.38241958467162,
                            44.12773394515291
                        ],
                        [
                            -80.38246517849402,
                            44.12719524104737
                        ],
                        [
                            -80.38286192352071,
                            44.12694230856207
                        ],
                        [
                            -80.38288471803284,
                            44.12667295663892
                        ],
                        [
                            -80.38328145732368,
                            44.12642002273918
                        ],
                        [
                            -80.38330424954923,
                            44.12615067090248
                        ],
                        [
                            -80.38409771298544,
                            44.12564479885995
                        ],
                        [
                            -80.38339541620384,
                            44.12507326442052
                        ],
                        [
                            -80.38227360942206,
                            44.12502400792431
                        ],
                        [
                            -80.38192247272708,
                            44.12473823537864
                        ],
                        [
                            -80.38194527095162,
                            44.12446888440706
                        ],
                        [
                            -80.38124301180692,
                            44.12389733645752
                        ],
                        [
                            -80.38126581303064,
                            44.12362798591862
                        ],
                        [
                            -80.38091469058075,
                            44.123342210514814
                        ],
                        [
                            -80.3809830977386,
                            44.1225341599366
                        ],
                        [
                            -80.38217324083249,
                            44.12177537945055
                        ],
                        [
                            -80.38219603658419,
                            44.121506029430954
                        ],
                        [
                            -80.38338614043353,
                            44.1207472362175
                        ],
                        [
                            -80.38198170236736,
                            44.11960416063386
                        ],
                        [
                            -80.38237839450605,
                            44.11935123239141
                        ],
                        [
                            -80.38240118823485,
                            44.1190818831512
                        ],
                        [
                            -80.38398791181466,
                            44.118070156041675
                        ],
                        [
                            -80.38401069707402,
                            44.117800806888596
                        ],
                        [
                            -80.38440736672558,
                            44.117547871576456
                        ],
                        [
                            -80.3844301496992,
                            44.11727852251019
                        ],
                        [
                            -80.38562013043409,
                            44.11651970809117
                        ],
                        [
                            -80.38671899433552,
                            44.116838277728284
                        ],
                        [
                            -80.38830557279907,
                            44.115826488407876
                        ],
                        [
                            -80.38832833583734,
                            44.1155571390838
                        ],
                        [
                            -80.38764889050464,
                            44.11471629124836
                        ],
                        [
                            -80.38804552091966,
                            44.11446334321305
                        ],
                        [
                            -80.38809104819991,
                            44.11392464569168
                        ],
                        [
                            -80.38848767082122,
                            44.11367169624341
                        ],
                        [
                            -80.38860147479156,
                            44.11232495395979
                        ],
                        [
                            -80.38752545608699,
                            44.1117370579395
                        ],
                        [
                            -80.3876392797436,
                            44.11039031998966
                        ],
                        [
                            -80.3880358788019,
                            44.11013737337366
                        ],
                        [
                            -80.38819520807333,
                            44.10825194389303
                        ],
                        [
                            -80.38898836633109,
                            44.10774604642682
                        ],
                        [
                            -80.39004157071237,
                            44.10860327176612
                        ],
                        [
                            -80.39083471697545,
                            44.108097360161764
                        ],
                        [
                            -80.39085746432742,
                            44.107828012922575
                        ],
                        [
                            -80.39015532583035,
                            44.107256536433944
                        ],
                        [
                            -80.3901780761811,
                            44.106987189628136
                        ],
                        [
                            -80.38982701405129,
                            44.10670144995563
                        ],
                        [
                            -80.3898497657892,
                            44.10643210340999
                        ],
                        [
                            -80.38879660626233,
                            44.10557487850685
                        ],
                        [
                            -80.38767519488643,
                            44.10552568077393
                        ],
                        [
                            -80.38732415523336,
                            44.10523993328201
                        ],
                        [
                            -80.38657655289137,
                            44.10520712567554
                        ],
                        [
                            -80.38622552102952,
                            44.104921374634614
                        ],
                        [
                            -80.3850358012687,
                            44.105680184771366
                        ],
                        [
                            -80.38466199766107,
                            44.10566377349535
                        ],
                        [
                            -80.38426541545394,
                            44.10591670596728
                        ],
                        [
                            -80.38314400114515,
                            44.10586745993454
                        ],
                        [
                            -80.38244196850854,
                            44.105295933411476
                        ],
                        [
                            -80.38253311737209,
                            44.10421855605773
                        ],
                        [
                            -80.38218211300413,
                            44.103932791889086
                        ],
                        [
                            -80.38222768930984,
                            44.10339410408067
                        ],
                        [
                            -80.38152569802998,
                            44.102822573235755
                        ],
                        [
                            -80.38040434968437,
                            44.1027732982056
                        ],
                        [
                            -80.38005336573093,
                            44.102487527460646
                        ],
                        [
                            -80.37967958545859,
                            44.1024710985557
                        ],
                        [
                            -80.37827569459233,
                            44.10132799994347
                        ],
                        [
                            -80.37752815120285,
                            44.101295128227825
                        ],
                        [
                            -80.37682623603375,
                            44.10072356755808
                        ],
                        [
                            -80.37689467532873,
                            44.09991554274196
                        ],
                        [
                            -80.37729124809862,
                            44.09966263996643
                        ],
                        [
                            -80.3773140586872,
                            44.09939329853542
                        ],
                        [
                            -80.37623841601682,
                            44.09880529676546
                        ],
                        [
                            -80.37586466207556,
                            44.09878885438836
                        ],
                        [
                            -80.37551372744875,
                            44.098503069947455
                        ],
                        [
                            -80.37513997579238,
                            44.09848662500292
                        ],
                        [
                            -80.3740872001128,
                            44.09762926155907
                        ],
                        [
                            -80.37411002564278,
                            44.097359921517125
                        ],
                        [
                            -80.37375910936636,
                            44.09707413174299
                        ],
                        [
                            -80.37385041567649,
                            44.095996773140705
                        ],
                        [
                            -80.37424697409833,
                            44.09574388309362
                        ],
                        [
                            -80.37426979805356,
                            44.09547454366111
                        ],
                        [
                            -80.37506289976834,
                            44.09496875932806
                        ],
                        [
                            -80.37513135792581,
                            44.094160741555605
                        ],
                        [
                            -80.37594724742051,
                            44.093385612490216
                        ],
                        [
                            -80.37559634705404,
                            44.09309983028357
                        ],
                        [
                            -80.37563057127235,
                            44.09269582208412
                        ]
                    ],
                    [
                        [
                            -80.37563057127235,
                            44.09269582208412
                        ],
                        [
                            -80.3756419792327,
                            44.09256115272786
                        ]
                    ],
                    [
                        [
                            -80.37544371525351,
                            44.09268760004581
                        ],
                        [
                            -80.3756419792327,
                            44.09256115272786
                        ]
                    ],
                    [
                        [
                            -80.3756419792327,
                            44.09256115272786
                        ],
                        [
                            -80.376038504439,
                            44.0923082570322
                        ],
                        [
                            -80.37674030330126,
                            44.0928798168558
                        ],
                        [
                            -80.37786144537003,
                            44.0929291303074
                        ],
                        [
                            -80.37865447691347,
                            44.09242332053987
                        ],
                        [
                            -80.37872287878879,
                            44.0916153030424
                        ],
                        [
                            -80.37837197527533,
                            44.091329530734015
                        ],
                        [
                            -80.37839477706093,
                            44.091060191916306
                        ],
                        [
                            -80.37879127864178,
                            44.09080728632949
                        ],
                        [
                            -80.3788368774203,
                            44.0902686089568
                        ],
                        [
                            -80.37848598195622,
                            44.089982837517326
                        ],
                        [
                            -80.37811228766462,
                            44.08996640330657
                        ],
                        [
                            -80.37771578904191,
                            44.090219306064746
                        ],
                        [
                            -80.37767017925603,
                            44.09075798291782
                        ],
                        [
                            -80.37727367284562,
                            44.09101088426427
                        ],
                        [
                            -80.37689997189004,
                            44.090994445726565
                        ],
                        [
                            -80.37654908189303,
                            44.09070866756456
                        ],
                        [
                            -80.3765947026862,
                            44.09016999123124
                        ],
                        [
                            -80.3758929401384,
                            44.089598432403456
                        ],
                        [
                            -80.37593856647113,
                            44.0890597571143
                        ],
                        [
                            -80.37523682503765,
                            44.088488194716746
                        ],
                        [
                            -80.37525964108595,
                            44.088218857550736
                        ],
                        [
                            -80.37280367290015,
                            44.08621835679176
                        ],
                        [
                            -80.37282649998951,
                            44.085949020930514
                        ],
                        [
                            -80.37247566367508,
                            44.08566323101739
                        ],
                        [
                            -80.37252132039748,
                            44.08512455990468
                        ],
                        [
                            -80.37184249645266,
                            44.08428364249907
                        ],
                        [
                            -80.37188815826195,
                            44.083744972606155
                        ],
                        [
                            -80.37153734099819,
                            44.083459180365246
                        ],
                        [
                            -80.37176565263715,
                            44.08076583788094
                        ],
                        [
                            -80.37216211022127,
                            44.08051296058447
                        ],
                        [
                            -80.37229907405435,
                            44.078896959291505
                        ],
                        [
                            -80.37122388857905,
                            44.07830892158023
                        ],
                        [
                            -80.37085027626661,
                            44.078292461822926
                        ],
                        [
                            -80.3704994994161,
                            44.078006668104685
                        ],
                        [
                            -80.36975227958351,
                            44.07797374213108
                        ],
                        [
                            -80.36905074511921,
                            44.077402146538965
                        ],
                        [
                            -80.36909642868716,
                            44.07686348257615
                        ],
                        [
                            -80.36991214561327,
                            44.07608841735265
                        ],
                        [
                            -80.36993498271748,
                            44.075819085591256
                        ],
                        [
                            -80.37033141289818,
                            44.07556621678662
                        ],
                        [
                            -80.37035424771891,
                            44.07529688511342
                        ],
                        [
                            -80.36965274130834,
                            44.074725295484974
                        ],
                        [
                            -80.36927915395731,
                            44.07470883022311
                        ],
                        [
                            -80.36888272512667,
                            44.07496169478604
                        ],
                        [
                            -80.36850913639225,
                            44.074945226784614
                        ],
                        [
                            -80.36815839325439,
                            44.07465942647913
                        ],
                        [
                            -80.36818123840082,
                            44.07439009558895
                        ],
                        [
                            -80.36937051119175,
                            44.07363150614617
                        ],
                        [
                            -80.36941618845891,
                            44.07309284463275
                        ],
                        [
                            -80.37060541589923,
                            44.07233424248307
                        ],
                        [
                            -80.37062824802048,
                            44.07206491186
                        ],
                        [
                            -80.37102464777583,
                            44.07181204165297
                        ],
                        [
                            -80.37034601212174,
                            44.07097112884855
                        ],
                        [
                            -80.37057433029804,
                            44.068277831804345
                        ],
                        [
                            -80.37215979850536,
                            44.067266348203766
                        ],
                        [
                            -80.37225108655328,
                            44.06618903185393
                        ],
                        [
                            -80.37344012452411,
                            44.06543040433916
                        ],
                        [
                            -80.37346293980114,
                            44.06516107547381
                        ],
                        [
                            -80.37385927640243,
                            44.064908196812816
                        ],
                        [
                            -80.37388208939718,
                            44.06463886803617
                        ],
                        [
                            -80.37353138428384,
                            44.06435308940393
                        ],
                        [
                            -80.37511668400562,
                            44.06334156630169
                        ],
                        [
                            -80.375139490154,
                            44.06307223779137
                        ],
                        [
                            -80.37408739623812,
                            44.06221491299365
                        ],
                        [
                            -80.37413301750892,
                            44.061676257282684
                        ],
                        [
                            -80.37378233008342,
                            44.061390480568946
                        ],
                        [
                            -80.37380514198969,
                            44.061121153019535
                        ],
                        [
                            -80.37420144773003,
                            44.06086827437442
                        ],
                        [
                            -80.37494843652154,
                            44.06090116802932
                        ],
                        [
                            -80.3751465864094,
                            44.0607747267647
                        ]
                    ],
                    [
                        [
                            -80.37534473538098,
                            44.06064828514718
                        ],
                        [
                            -80.37464336471496,
                            44.06007673948668
                        ],
                        [
                            -80.3742698759291,
                            44.06006029225618
                        ],
                        [
                            -80.37391919815076,
                            44.05977451658917
                        ],
                        [
                            -80.37431549360518,
                            44.05952163794966
                        ],
                        [
                            -80.37436111038265,
                            44.05898298399436
                        ],
                        [
                            -80.37330910733544,
                            44.05812565589254
                        ],
                        [
                            -80.37333192021035,
                            44.05785632957012
                        ],
                        [
                            -80.37449795532363,
                            44.05736702423622
                        ],
                        [
                            -80.37452076202759,
                            44.05709769791732
                        ],
                        [
                            -80.37531330491605,
                            44.056591936424944
                        ],
                        [
                            -80.37533610728163,
                            44.05632261019632
                        ],
                        [
                            -80.37498544789761,
                            44.05603683945088
                        ],
                        [
                            -80.37507666154468,
                            44.05495953611326
                        ],
                        [
                            -80.37547291675908,
                            44.05470665467003
                        ],
                        [
                            -80.37584636934773,
                            44.05472309751557
                        ],
                        [
                            -80.3774313471323,
                            44.05371155198008
                        ],
                        [
                            -80.37778200438754,
                            44.05399731371908
                        ],
                        [
                            -80.37815545282675,
                            44.05401374834942
                        ],
                        [
                            -80.37894791741618,
                            44.05350796146207
                        ],
                        [
                            -80.37964924882758,
                            44.05407947361186
                        ],
                        [
                            -80.37925301746745,
                            44.054332370588725
                        ],
                        [
                            -80.37995436263846,
                            44.05490388130681
                        ],
                        [
                            -80.3803278179204,
                            44.05492030824146
                        ],
                        [
                            -80.38072404857006,
                            44.054667407024496
                        ],
                        [
                            -80.38037337164722,
                            44.054381654851056
                        ],
                        [
                            -80.38076959818396,
                            44.05412875363683
                        ],
                        [
                            -80.38079237265445,
                            44.053859427074876
                        ],
                        [
                            -80.37938970624207,
                            44.052716414085886
                        ],
                        [
                            -80.37978592526362,
                            44.05246351711728
                        ],
                        [
                            -80.37980870388444,
                            44.05219419134267
                        ],
                        [
                            -80.37945804760058,
                            44.05190843702179
                        ],
                        [
                            -80.37871117891291,
                            44.05187557577578
                        ],
                        [
                            -80.37800988556235,
                            44.05130405898285
                        ],
                        [
                            -80.3768895965519,
                            44.05125474973473
                        ],
                        [
                            -80.37649337289534,
                            44.05150763539845
                        ],
                        [
                            -80.37574651146247,
                            44.05147475311243
                        ],
                        [
                            -80.37539588101389,
                            44.051188985509214
                        ],
                        [
                            -80.37541868072044,
                            44.050919661125725
                        ],
                        [
                            -80.37581490508644,
                            44.050666779702006
                        ],
                        [
                            -80.37583770251207,
                            44.05039745540784
                        ],
                        [
                            -80.37548707849294,
                            44.05011168850313
                        ],
                        [
                            -80.37627951122307,
                            44.04960592425282
                        ],
                        [
                            -80.37702634745872,
                            44.049638802674515
                        ],
                        [
                            -80.37742255511365,
                            44.04938591560807
                        ],
                        [
                            -80.37707192929876,
                            44.04910015435846
                        ],
                        [
                            -80.37711751024106,
                            44.0485615063945
                        ],
                        [
                            -80.37790990543792,
                            44.048055730862075
                        ],
                        [
                            -80.37793269146019,
                            44.04778640701501
                        ],
                        [
                            -80.37832888150739,
                            44.04753351713392
                        ],
                        [
                            -80.37837444876669,
                            44.04699486970693
                        ],
                        [
                            -80.37877063103853,
                            44.04674197841798
                        ],
                        [
                            -80.37912125061175,
                            44.0470277331393
                        ],
                        [
                            -80.37949465187076,
                            44.04704416286691
                        ],
                        [
                            -80.37989082932063,
                            44.04679126734114
                        ],
                        [
                            -80.37993638058092,
                            44.046252619749986
                        ],
                        [
                            -80.37958576171779,
                            44.04596686803086
                        ],
                        [
                            -80.37965409174802,
                            44.04515889782875
                        ],
                        [
                            -80.38005025480686,
                            44.044906002313695
                        ],
                        [
                            -80.380141350151,
                            44.043828709950674
                        ],
                        [
                            -80.38291433144282,
                            44.042058401894
                        ],
                        [
                            -80.38298260743026,
                            44.04125043358157
                        ],
                        [
                            -80.38158021854633,
                            44.0401074682887
                        ],
                        [
                            -80.38160298318913,
                            44.03983814639314
                        ],
                        [
                            -80.3839796213704,
                            44.03832071845276
                        ],
                        [
                            -80.38290510778374,
                            44.03773283064067
                        ],
                        [
                            -80.38299613496963,
                            44.03665554572657
                        ],
                        [
                            -80.38339222100608,
                            44.036402640380615
                        ],
                        [
                            -80.38269107709237,
                            44.035831166153685
                        ],
                        [
                            -80.3827365916586,
                            44.03529252492911
                        ],
                        [
                            -80.38238602840822,
                            44.035006786569085
                        ],
                        [
                            -80.38245430339762,
                            44.034198825919056
                        ],
                        [
                            -80.38443462056097,
                            44.03293429929
                        ],
                        [
                            -80.38583688520988,
                            44.03407721597328
                        ],
                        [
                            -80.38662899002703,
                            44.03357138414222
                        ],
                        [
                            -80.38667446394541,
                            44.033032742778424
                        ],
                        [
                            -80.38825861320447,
                            44.032021062213744
                        ],
                        [
                            -80.38826997743514,
                            44.03188640193197
                        ]
                    ],
                    [
                        [
                            -80.37553148191527,
                            44.06065650702578
                        ],
                        [
                            -80.37534473538098,
                            44.06064828514718
                        ]
                    ],
                    [
                        [
                            -80.3751465864094,
                            44.0607747267647
                        ],
                        [
                            -80.37534473538098,
                            44.06064828514718
                        ]
                    ],
                    [
                        [
                            -80.38846799145979,
                            44.03175994027588
                        ],
                        [
                            -80.38828134160985,
                            44.03175174167227
                        ]
                    ],
                    [
                        [
                            -80.38826997743514,
                            44.03188640193197
                        ],
                        [
                            -80.38828134160985,
                            44.03175174167227
                        ]
                    ],
                    [
                        [
                            -80.38828134160985,
                            44.03175174167227
                        ],
                        [
                            -80.38758020623163,
                            44.03118030347235
                        ],
                        [
                            -80.3871841773586,
                            44.031433222898734
                        ],
                        [
                            -80.38643758352232,
                            44.03140041739183
                        ],
                        [
                            -80.38573647190229,
                            44.030828967152544
                        ],
                        [
                            -80.38498988717934,
                            44.03079615138891
                        ],
                        [
                            -80.38459384911336,
                            44.031049060931146
                        ],
                        [
                            -80.38347396888825,
                            44.03099982311063
                        ],
                        [
                            -80.38312342929055,
                            44.03071408878712
                        ],
                        [
                            -80.38163026701126,
                            44.03064841485041
                        ],
                        [
                            -80.38127973929312,
                            44.03036267450788
                        ],
                        [
                            -80.38090645133805,
                            44.03034625147173
                        ],
                        [
                            -80.3805103976544,
                            44.03059914548236
                        ],
                        [
                            -80.3797638192037,
                            44.030566292610565
                        ],
                        [
                            -80.37901724164963,
                            44.03053343443767
                        ],
                        [
                            -80.37866672831424,
                            44.03024768542401
                        ],
                        [
                            -80.37810679881927,
                            44.030223036457436
                        ]
                    ]
                ]
            }
        },
        {
            "type": "Feature",
            "properties": {
                "SubId": 90013181,
                "DowSubId": 90013285,
                "RivSlope": 0.003727963489337,
                "RivLength": 2943.018647,
                "BasSlope": 1.094681596866276,
                "BasAspect": 190.07315509573905,
                "BasArea": 9421268.42424,
                "BkfWidth": 24.4072822015,
                "BkfDepth": 0.561663135175,
                "Lake_Cat": 0,
                "HyLakeId": 0,
                "LakeVol": 0.0,
                "LakeDepth": 0.0,
                "LakeArea": 0.0,
                "Laketype": 0,
                "Has_POI": 1,
                "MeanElev": 485.20175993858794,
                "FloodP_n": 0.050689610426052,
                "Q_Mean": 11.245282739549616,
                "Ch_n": 0.045233781647065,
                "DrainArea": 207359295.61656702,
                "Strahler": 2,
                "Seg_ID": 29,
                "Seg_order": 1,
                "Max_DEM": 480.465667725,
                "Min_DEM": 473.876068115,
                "DA_Obs": 0.0,
                "DA_error": 0.0,
                "Obs_NM": "02GA-17",
                "SRC_obs": "OIHQUAT",
                "centroid_x": -80.3963273800101,
                "centroid_y": 44.02450428148746,
                "DA_Chn_L": 36667.900461,
                "DA_Slope": 0.249230754001,
                "DA_Chn_Slp": 0.0168936207586,
                "outletLat": 44.0116254835,
                "outletLng": -80.3854846679,
                "Region": "SW",
                "Sub_Reg": "02G",
                "rvhName": "02GA-17"
            },
            "geometry": {
                "type": "MultiLineString",
                "coordinates": [
                    [
                        [
                            -80.3779201557664,
                            44.0302148194726
                        ],
                        [
                            -80.37686865005476,
                            44.02935755861741
                        ],
                        [
                            -80.37649537028146,
                            44.029341119937854
                        ],
                        [
                            -80.37579438888778,
                            44.02876960490572
                        ],
                        [
                            -80.37583996547048,
                            44.02823097156216
                        ],
                        [
                            -80.37663207806486,
                            44.02772521886777
                        ],
                        [
                            -80.37667764553171,
                            44.027186585885296
                        ],
                        [
                            -80.37707369222869,
                            44.02693370742686
                        ],
                        [
                            -80.37730149556248,
                            44.02424054784191
                        ],
                        [
                            -80.37662335339907,
                            44.023399726818724
                        ],
                        [
                            -80.37669169898908,
                            44.02259178198561
                        ],
                        [
                            -80.38023292448422,
                            44.02058515294744
                        ],
                        [
                            -80.38030121326905,
                            44.01977720869991
                        ],
                        [
                            -80.38069718960082,
                            44.01952431900339
                        ],
                        [
                            -80.38076547020785,
                            44.01871637555969
                        ],
                        [
                            -80.38116143671863,
                            44.018463484460064
                        ],
                        [
                            -80.3811841944192,
                            44.01819417015822
                        ],
                        [
                            -80.38316396181294,
                            44.01692969353087
                        ],
                        [
                            -80.38391035628041,
                            44.01696252167712
                        ],
                        [
                            -80.38410832638235,
                            44.016836070665256
                        ]
                    ],
                    [
                        [
                            -80.37810679881927,
                            44.030223036457436
                        ],
                        [
                            -80.3779201557664,
                            44.0302148194726
                        ]
                    ],
                    [
                        [
                            -80.37790876641121,
                            44.03034947834461
                        ],
                        [
                            -80.3779201557664,
                            44.0302148194726
                        ]
                    ],
                    [
                        [
                            -80.38430629556946,
                            44.01670961930109
                        ],
                        [
                            -80.3847022311992,
                            44.016456715515865
                        ],
                        [
                            -80.38472497064149,
                            44.01618740114501
                        ],
                        [
                            -80.38402407178809,
                            44.015615950687526
                        ],
                        [
                            -80.38365088359052,
                            44.01559953770924
                        ],
                        [
                            -80.38330044170598,
                            44.01531380964719
                        ],
                        [
                            -80.38290450786695,
                            44.01556670777795
                        ],
                        [
                            -80.38253132034097,
                            44.01555029082496
                        ],
                        [
                            -80.38218088461674,
                            44.0152645590477
                        ],
                        [
                            -80.38231738938185,
                            44.01364867991456
                        ],
                        [
                            -80.3831092310764,
                            44.01314288792076
                        ],
                        [
                            -80.38348240236087,
                            44.0131593027705
                        ],
                        [
                            -80.38464739450612,
                            44.01266991302022
                        ],
                        [
                            -80.38502056302698,
                            44.01268632239769
                        ],
                        [
                            -80.38581236581761,
                            44.012180510664095
                        ],
                        [
                            -80.38583509802088,
                            44.011911197540236
                        ],
                        [
                            -80.38529808760792,
                            44.011617274435224
                        ]
                    ],
                    [
                        [
                            -80.38448152314892,
                            44.01685248204527
                        ],
                        [
                            -80.38430629556946,
                            44.01670961930109
                        ]
                    ],
                    [
                        [
                            -80.38410832638235,
                            44.016836070665256
                        ],
                        [
                            -80.38430629556946,
                            44.01670961930109
                        ]
                    ]
                ]
            }
        },
        {
            "type": "Feature",
            "properties": {
                "SubId": 90013285,
                "DowSubId": 90013481,
                "RivSlope": 0.002518083713463,
                "RivLength": 6202.751485,
                "BasSlope": 0.995762887102014,
                "BasAspect": 194.9722642519381,
                "BasArea": 52598534.39826201,
                "BkfWidth": 27.2327477026,
                "BkfDepth": 0.599817515818,
                "Lake_Cat": 0,
                "HyLakeId": 0,
                "LakeVol": 0.0,
                "LakeDepth": 0.0,
                "LakeArea": 0.0,
                "Laketype": 0,
                "Has_POI": 0,
                "MeanElev": 488.99968136978214,
                "FloodP_n": 0.050562824872922,
                "Q_Mean": 12.331765476547872,
                "Ch_n": 0.036689730849981,
                "DrainArea": 259957830.01482904,
                "Strahler": 2,
                "Seg_ID": 29,
                "Seg_order": 2,
                "Max_DEM": 476.945465088,
                "Min_DEM": 464.546051025,
                "DA_Obs": 0.0,
                "DA_error": 0.0,
                "Obs_NM": null,
                "SRC_obs": null,
                "centroid_x": -80.33179294354241,
                "centroid_y": 44.02782130653399,
                "DA_Chn_L": 42855.458893,
                "DA_Slope": 0.22970627766,
                "DA_Chn_Slp": 0.021158809679,
                "outletLat": 43.9743214645,
                "outletLng": -80.3609337624,
                "Region": "SW",
                "Sub_Reg": "02G",
                "rvhName": "sub90013285"
            },
            "geometry": {
                "type": "MultiLineString",
                "coordinates": [
                    [
                        [
                            -80.38529808760792,
                            44.011617274435224
                        ],
                        [
                            -80.38457450335945,
                            44.01131514372814
                        ]
                    ],
                    [
                        [
                            -80.38457450335945,
                            44.01131514372814
                        ],
                        [
                            -80.3843879238122,
                            44.01130693842754
                        ]
                    ],
                    [
                        [
                            -80.38458587235473,
                            44.011180487439574
                        ],
                        [
                            -80.3843879238122,
                            44.01130693842754
                        ]
                    ],
                    [
                        [
                            -80.3843879238122,
                            44.01130693842754
                        ],
                        [
                            -80.38329119204083,
                            44.01098838741645
                        ],
                        [
                            -80.38221722241282,
                            44.01040051327481
                        ],
                        [
                            -80.3814709184449,
                            44.01036767338202
                        ],
                        [
                            -80.38028318793062,
                            44.01112633802142
                        ],
                        [
                            -80.3791637192107,
                            44.01107705554484
                        ],
                        [
                            -80.37799871194147,
                            44.01156638349342
                        ],
                        [
                            -80.377252394609,
                            44.011533513590194
                        ],
                        [
                            -80.37620125824192,
                            44.01067626670947
                        ],
                        [
                            -80.37582810607199,
                            44.010659826056205
                        ],
                        [
                            -80.3754777366532,
                            44.01037407373231
                        ],
                        [
                            -80.37473143709266,
                            44.01034118597529
                        ],
                        [
                            -80.37438107543899,
                            44.01005543011249
                        ],
                        [
                            -80.37400792804847,
                            44.01003898300878
                        ],
                        [
                            -80.37330721982273,
                            44.00946746561914
                        ],
                        [
                            -80.37337559696431,
                            44.00865953747323
                        ],
                        [
                            -80.37416744910509,
                            44.00815381612181
                        ],
                        [
                            -80.37419023693047,
                            44.007884506921854
                        ],
                        [
                            -80.37458615546055,
                            44.00763164413461
                        ],
                        [
                            -80.37467729630707,
                            44.00655440823206
                        ],
                        [
                            -80.37399941355915,
                            44.005713589478866
                        ],
                        [
                            -80.37404498860741,
                            44.005174972940665
                        ],
                        [
                            -80.37444088821096,
                            44.004922111587
                        ],
                        [
                            -80.37448645825631,
                            44.004383495408916
                        ],
                        [
                            -80.37527823827881,
                            44.00387776848375
                        ],
                        [
                            -80.37530101885936,
                            44.00360846053267
                        ],
                        [
                            -80.3756969013315,
                            44.00335559495901
                        ],
                        [
                            -80.37583356779115,
                            44.00173974913418
                        ],
                        [
                            -80.37622943428933,
                            44.00148688216573
                        ],
                        [
                            -80.37641162726489,
                            43.99933242606757
                        ],
                        [
                            -80.37680747368535,
                            43.99907955770955
                        ],
                        [
                            -80.37685301558365,
                            43.99854094457996
                        ],
                        [
                            -80.37724885424241,
                            43.9982880748182
                        ],
                        [
                            -80.37727162280311,
                            43.998018768389414
                        ],
                        [
                            -80.37845911068194,
                            43.99726015066025
                        ],
                        [
                            -80.3785046348176,
                            43.99672153808474
                        ],
                        [
                            -80.37890045269278,
                            43.99646866269639
                        ],
                        [
                            -80.37892321237251,
                            43.99619935654476
                        ],
                        [
                            -80.37857291934154,
                            43.99591361988956
                        ],
                        [
                            -80.37868672240297,
                            43.9945670913462
                        ],
                        [
                            -80.37950107749978,
                            43.9937920337657
                        ],
                        [
                            -80.37959209860732,
                            43.99271481291244
                        ],
                        [
                            -80.3788915538075,
                            43.99214334558322
                        ],
                        [
                            -80.37779523788036,
                            43.991824745115544
                        ],
                        [
                            -80.3770947232236,
                            43.99125326646367
                        ],
                        [
                            -80.37599843557481,
                            43.99093464761177
                        ],
                        [
                            -80.37492493759802,
                            43.99034671420998
                        ],
                        [
                            -80.37417891134562,
                            43.99031382338101
                        ],
                        [
                            -80.3738286807276,
                            43.99002807308875
                        ],
                        [
                            -80.37345566998945,
                            43.99001162445037
                        ],
                        [
                            -80.37240500622464,
                            43.98915436349077
                        ],
                        [
                            -80.37242779481124,
                            43.988885061302796
                        ],
                        [
                            -80.37207758247088,
                            43.988599305702216
                        ],
                        [
                            -80.37210037243685,
                            43.98833000377937
                        ],
                        [
                            -80.37175016535538,
                            43.98804424729311
                        ],
                        [
                            -80.37179574782174,
                            43.98750564406697
                        ],
                        [
                            -80.37144554760248,
                            43.98721988687103
                        ],
                        [
                            -80.37149113237892,
                            43.98668128435376
                        ],
                        [
                            -80.37114093902163,
                            43.98639552644824
                        ],
                        [
                            -80.3711637326769,
                            43.986126225499454
                        ],
                        [
                            -80.3701131793453,
                            43.985268945942266
                        ],
                        [
                            -80.369740202143,
                            43.98525248421195
                        ],
                        [
                            -80.36693890381969,
                            43.982966348796445
                        ],
                        [
                            -80.36696171671244,
                            43.98269704996008
                        ],
                        [
                            -80.36661157247102,
                            43.98241127843387
                        ],
                        [
                            -80.36663438674225,
                            43.98214197986296
                        ],
                        [
                            -80.36593411242855,
                            43.98157043397951
                        ],
                        [
                            -80.3651882111432,
                            43.98153747967394
                        ],
                        [
                            -80.3646059618963,
                            43.98178205838417
                        ]
                    ],
                    [
                        [
                            -80.3646059618963,
                            43.98178205838417
                        ],
                        [
                            -80.36441948596999,
                            43.98177381794389
                        ]
                    ],
                    [
                        [
                            -80.36459454987609,
                            43.98191670737508
                        ],
                        [
                            -80.36441948596999,
                            43.98177381794389
                        ]
                    ],
                    [
                        [
                            -80.36441948596999,
                            43.98177381794389
                        ],
                        [
                            -80.36371923948164,
                            43.98120225756673
                        ],
                        [
                            -80.36378772278111,
                            43.98039436527766
                        ],
                        [
                            -80.36343760982622,
                            43.98010858402626
                        ],
                        [
                            -80.3630646697784,
                            43.98009209870189
                        ],
                        [
                            -80.36201435899338,
                            43.979234744871356
                        ],
                        [
                            -80.36206002987787,
                            43.97869615204239
                        ],
                        [
                            -80.36170993679578,
                            43.97841036566313
                        ],
                        [
                            -80.36184695367344,
                            43.97679459037977
                        ],
                        [
                            -80.36149687385908,
                            43.97650880399757
                        ],
                        [
                            -80.3616338922653,
                            43.97489303299198
                        ],
                        [
                            -80.36075873274645,
                            43.97417856504142
                        ]
                    ]
                ]
            }
        },
        {
            "type": "Feature",
            "properties": {
                "SubId": 90013481,
                "DowSubId": 90013907,
                "RivSlope": 0.00832489110352,
                "RivLength": 983.232409,
                "BasSlope": 1.97262006273,
                "BasAspect": 161.055353083,
                "BasArea": 619178.869841,
                "BkfWidth": 31.8381856171,
                "BkfDepth": 0.658769149158,
                "Lake_Cat": 0,
                "HyLakeId": 0,
                "LakeVol": 0.0,
                "LakeDepth": 0.0,
                "LakeArea": 0.0,
                "Laketype": 0,
                "Has_POI": 1,
                "MeanElev": 472.779011896,
                "FloodP_n": 0.0686102601466,
                "Q_Mean": 19.5538206672,
                "Ch_n": 0.0686102601466,
                "DrainArea": 358877455.049223,
                "Strahler": 3,
                "Seg_ID": 30,
                "Seg_order": 1,
                "Max_DEM": 470.655517578,
                "Min_DEM": 462.470214844,
                "DA_Obs": 0.0,
                "DA_error": 0.0,
                "Obs_NM": "16018409002",
                "SRC_obs": "PWQMN",
                "centroid_x": -80.35829711482579,
                "centroid_y": 43.97105927827713,
                "DA_Chn_L": 43838.691302,
                "DA_Slope": 0.169794310802,
                "DA_Chn_Slp": 0.0288224280737,
                "outletLat": 43.9672920718,
                "outletLng": -80.3547933238,
                "Region": "SW",
                "Sub_Reg": "02G",
                "rvhName": "16018409002"
            },
            "geometry": {
                "type": "MultiLineString",
                "coordinates": [
                    [
                        [
                            -80.36075873274645,
                            43.97417856504142
                        ],
                        [
                            -80.36058370358272,
                            43.974035670655915
                        ]
                    ],
                    [
                        [
                            -80.36077015258466,
                            43.97404391782345
                        ],
                        [
                            -80.36058370358272,
                            43.974035670655915
                        ]
                    ],
                    [
                        [
                            -80.36058370358272,
                            43.974035670655915
                        ],
                        [
                            -80.35990643968633,
                            43.97319479649011
                        ],
                        [
                            -80.36002065444336,
                            43.97184832796997
                        ],
                        [
                            -80.35792047722042,
                            43.97013356829278
                        ],
                        [
                            -80.35794332910861,
                            43.96986427591616
                        ],
                        [
                            -80.35619328988234,
                            43.968435281244865
                        ],
                        [
                            -80.35621614955363,
                            43.9681659898405
                        ],
                        [
                            -80.3551661746528,
                            43.96730858084634
                        ],
                        [
                            -80.35460689912848,
                            43.96728380871992
                        ]
                    ]
                ]
            }
        },
        {
            "type": "Feature",
            "properties": {
                "SubId": 90013907,
                "DowSubId": 90013941,
                "RivSlope": 0.00340211220013,
                "RivLength": 11838.034768,
                "BasSlope": 1.262117669583506,
                "BasAspect": 186.48511788323825,
                "BasArea": 72352041.197121,
                "BkfWidth": 34.8013816558,
                "BkfDepth": 0.694899754223,
                "Lake_Cat": 0,
                "HyLakeId": 0,
                "LakeVol": 0.0,
                "LakeDepth": 0.0,
                "LakeArea": 0.0,
                "Laketype": 0,
                "Has_POI": 1,
                "MeanElev": 480.0041237348869,
                "FloodP_n": 0.052811356680193,
                "Q_Mean": 21.928489396448935,
                "Ch_n": 0.041998579473594,
                "DrainArea": 431229496.246344,
                "Strahler": 3,
                "Seg_ID": 30,
                "Seg_order": 2,
                "Max_DEM": 467.929260254,
                "Min_DEM": 449.097503662,
                "DA_Obs": 0.0,
                "DA_error": 0.0,
                "Obs_NM": "02GA-13",
                "SRC_obs": "OIHQUAT",
                "centroid_x": -80.32253725452925,
                "centroid_y": 43.94917458037229,
                "DA_Chn_L": 55676.72607,
                "DA_Slope": 0.232028170271,
                "DA_Chn_Slp": 0.0490195605616,
                "outletLat": 43.8960320643,
                "outletLng": -80.3144889337,
                "Region": "SW",
                "Sub_Reg": "02G",
                "rvhName": "02GA-13"
            },
            "geometry": {
                "type": "MultiLineString",
                "coordinates": [
                    [
                        [
                            -80.35460689912848,
                            43.96728380871992
                        ],
                        [
                            -80.35330192487262,
                            43.96722599551029
                        ],
                        [
                            -80.35277696513174,
                            43.9667972781615
                        ]
                    ],
                    [
                        [
                            -80.35277696513174,
                            43.9667972781615
                        ],
                        [
                            -80.35260198037759,
                            43.96665437184862
                        ]
                    ],
                    [
                        [
                            -80.35259054200122,
                            43.96678901688057
                        ],
                        [
                            -80.35260198037759,
                            43.96665437184862
                        ]
                    ],
                    [
                        [
                            -80.35260198037759,
                            43.96665437184862
                        ],
                        [
                            -80.35225201360845,
                            43.96636855842798
                        ],
                        [
                            -80.35264773332062,
                            43.96611579194489
                        ],
                        [
                            -80.35269348536393,
                            43.96557721239969
                        ],
                        [
                            -80.35308919732198,
                            43.96532444451384
                        ],
                        [
                            -80.35313494436372,
                            43.96478586533246
                        ],
                        [
                            -80.35245790917688,
                            43.96394495327507
                        ],
                        [
                            -80.35285361043059,
                            43.963692186815514
                        ],
                        [
                            -80.35250366127343,
                            43.96340637533849
                        ],
                        [
                            -80.3525494124703,
                            43.96286779776063
                        ],
                        [
                            -80.35219947016684,
                            43.962581985577344
                        ],
                        [
                            -80.35224522366593,
                            43.96204340871177
                        ],
                        [
                            -80.35189528821596,
                            43.96175759582233
                        ],
                        [
                            -80.351918166229,
                            43.961488307700876
                        ],
                        [
                            -80.35231385222768,
                            43.96123554408629
                        ],
                        [
                            -80.3524511032788,
                            43.95961981725816
                        ],
                        [
                            -80.35210118223614,
                            43.95933400595975
                        ],
                        [
                            -80.35212405822494,
                            43.959064718646005
                        ],
                        [
                            -80.35177414243427,
                            43.958778906464886
                        ],
                        [
                            -80.35179701979887,
                            43.95850961941774
                        ],
                        [
                            -80.35109720237229,
                            43.957937992230804
                        ],
                        [
                            -80.35112008271321,
                            43.957668705627135
                        ],
                        [
                            -80.35042028309199,
                            43.95709707455627
                        ],
                        [
                            -80.35044316640906,
                            43.95682778839613
                        ],
                        [
                            -80.35009327367537,
                            43.956541971448566
                        ],
                        [
                            -80.35013904283554,
                            43.95600339975153
                        ],
                        [
                            -80.34873952121202,
                            43.95486012278378
                        ],
                        [
                            -80.3483667574635,
                            43.95484358581274
                        ],
                        [
                            -80.34591774952213,
                            43.95284280168894
                        ],
                        [
                            -80.345545000351,
                            43.95282625474215
                        ],
                        [
                            -80.34484532075051,
                            43.952254590132036
                        ],
                        [
                            -80.34447257590519,
                            43.952238039390075
                        ],
                        [
                            -80.34412274363062,
                            43.951952204260635
                        ],
                        [
                            -80.34263177470307,
                            43.95188598311726
                        ],
                        [
                            -80.34228195428007,
                            43.95160014198516
                        ],
                        [
                            -80.34153647526877,
                            43.951567021002724
                        ],
                        [
                            -80.34118666259663,
                            43.95128117634003
                        ],
                        [
                            -80.34044118858755,
                            43.951248047593275
                        ],
                        [
                            -80.34009138366629,
                            43.95096219940009
                        ],
                        [
                            -80.33748224608865,
                            43.95084619845702
                        ],
                        [
                            -80.33708656670582,
                            43.95109890273803
                        ],
                        [
                            -80.3359683634713,
                            43.95104916397014
                        ],
                        [
                            -80.33480424700022,
                            43.95153797478932
                        ],
                        [
                            -80.33443151006686,
                            43.95152138840973
                        ],
                        [
                            -80.33403581173715,
                            43.95177408141466
                        ],
                        [
                            -80.33329033534895,
                            43.951740901865094
                        ],
                        [
                            -80.3328946301706,
                            43.95199359064098
                        ],
                        [
                            -80.32879450858938,
                            43.95181099299904
                        ],
                        [
                            -80.32704580635182,
                            43.95038154636425
                        ],
                        [
                            -80.32706880174433,
                            43.95011226767753
                        ],
                        [
                            -80.32671907384513,
                            43.94982637535334
                        ],
                        [
                            -80.32674207061044,
                            43.949557096933916
                        ],
                        [
                            -80.3263923479597,
                            43.94927120372901
                        ],
                        [
                            -80.32641534609772,
                            43.94900192557692
                        ],
                        [
                            -80.32606562869532,
                            43.948716031491365
                        ],
                        [
                            -80.32608862820602,
                            43.94844675360662
                        ],
                        [
                            -80.32573891605185,
                            43.94816085864044
                        ],
                        [
                            -80.32576191693512,
                            43.947891581023086
                        ],
                        [
                            -80.32508551062672,
                            43.947050511099185
                        ],
                        [
                            -80.32513151765721,
                            43.946511957024114
                        ],
                        [
                            -80.32478182284541,
                            43.94622605959394
                        ],
                        [
                            -80.3248508364909,
                            43.94541822968862
                        ],
                        [
                            -80.32417447469854,
                            43.944577156619715
                        ],
                        [
                            -80.32426650160969,
                            43.9435000531195
                        ],
                        [
                            -80.32525570384003,
                            43.94286841688058
                        ]
                    ],
                    [
                        [
                            -80.3254535415495,
                            43.94274208857683
                        ],
                        [
                            -80.32582621604519,
                            43.94275870664352
                        ],
                        [
                            -80.32780453497885,
                            43.941495397196206
                        ],
                        [
                            -80.32785051062343,
                            43.940956845851616
                        ],
                        [
                            -80.3282461593639,
                            43.940704179743975
                        ],
                        [
                            -80.32826914479716,
                            43.94043490420938
                        ],
                        [
                            -80.32906042723239,
                            43.93992956777623
                        ],
                        [
                            -80.32935916401104,
                            43.93642899409621
                        ],
                        [
                            -80.32975477310735,
                            43.93617632380306
                        ],
                        [
                            -80.32982370079513,
                            43.935368501279605
                        ],
                        [
                            -80.33061489574601,
                            43.93486315648754
                        ],
                        [
                            -80.33063786709111,
                            43.93459388249896
                        ],
                        [
                            -80.33103345704534,
                            43.93434120799468
                        ],
                        [
                            -80.33110236357764,
                            43.933533386578645
                        ],
                        [
                            -80.33149794373568,
                            43.93328071067549
                        ],
                        [
                            -80.33162425583077,
                            43.93179970687107
                        ]
                    ],
                    [
                        [
                            -80.32525570384003,
                            43.94286841688058
                        ],
                        [
                            -80.3254535415495,
                            43.94274208857683
                        ]
                    ],
                    [
                        [
                            -80.32527870487635,
                            43.94259914123678
                        ],
                        [
                            -80.3254535415495,
                            43.94274208857683
                        ]
                    ],
                    [
                        [
                            -80.33182203890615,
                            43.9316733683996
                        ],
                        [
                            -80.33163573841001,
                            43.93166507029697
                        ]
                    ],
                    [
                        [
                            -80.33162425583077,
                            43.93179970687107
                        ],
                        [
                            -80.33163573841001,
                            43.93166507029697
                        ]
                    ],
                    [
                        [
                            -80.33163573841001,
                            43.93166507029697
                        ],
                        [
                            -80.33128610439988,
                            43.93137920010668
                        ],
                        [
                            -80.33130907098707,
                            43.93110992720389
                        ],
                        [
                            -80.32781294745766,
                            43.92825116892198
                        ],
                        [
                            -80.32744037100032,
                            43.92823455822614
                        ],
                        [
                            -80.3270907807549,
                            43.9279486753479
                        ],
                        [
                            -80.32634563261627,
                            43.927915447518714
                        ],
                        [
                            -80.32599605011613,
                            43.92762956111336
                        ],
                        [
                            -80.32525090697958,
                            43.92759632552429
                        ],
                        [
                            -80.32420219365501,
                            43.926738652556075
                        ],
                        [
                            -80.32422519309829,
                            43.926469382848126
                        ],
                        [
                            -80.32247741847468,
                            43.925039907651204
                        ],
                        [
                            -80.32250042567803,
                            43.92477063892333
                        ],
                        [
                            -80.32182435471891,
                            43.92392957352082
                        ],
                        [
                            -80.32184736466428,
                            43.92366030532971
                        ],
                        [
                            -80.31975022794363,
                            43.92194489074097
                        ],
                        [
                            -80.31977324724434,
                            43.92167562370852
                        ],
                        [
                            -80.31942373881523,
                            43.92138971775684
                        ],
                        [
                            -80.31953883991028,
                            43.92004338484196
                        ],
                        [
                            -80.32116698492896,
                            43.918494332579556
                        ],
                        [
                            -80.32123601692953,
                            43.91768653449401
                        ],
                        [
                            -80.32088652630411,
                            43.91740063491792
                        ],
                        [
                            -80.32093254970079,
                            43.91686210366982
                        ],
                        [
                            -80.32025660032429,
                            43.91602103692908
                        ],
                        [
                            -80.32027961465053,
                            43.91575177188774
                        ],
                        [
                            -80.31960368898113,
                            43.914910702171795
                        ],
                        [
                            -80.31962670604804,
                            43.91464143766801
                        ],
                        [
                            -80.31822887663333,
                            43.913497816175315
                        ],
                        [
                            -80.31824038827459,
                            43.91336318431387
                        ]
                    ],
                    [
                        [
                            -80.3184266245488,
                            43.91337150599674
                        ],
                        [
                            -80.3182518998593,
                            43.913228552475104
                        ]
                    ],
                    [
                        [
                            -80.31824038827459,
                            43.91336318431387
                        ],
                        [
                            -80.3182518998593,
                            43.913228552475104
                        ]
                    ],
                    [
                        [
                            -80.3182518998593,
                            43.913228552475104
                        ],
                        [
                            -80.31757603640519,
                            43.91238747249511
                        ],
                        [
                            -80.31762208811098,
                            43.91184894626094
                        ],
                        [
                            -80.31657379534083,
                            43.91099121485458
                        ],
                        [
                            -80.31659682564258,
                            43.91072195240844
                        ],
                        [
                            -80.31624740360402,
                            43.91043604000596
                        ],
                        [
                            -80.31627043527551,
                            43.910166777828834
                        ],
                        [
                            -80.31557160532314,
                            43.909594950212764
                        ],
                        [
                            -80.3156407085555,
                            43.90878716529569
                        ],
                        [
                            -80.31494190275475,
                            43.90821533452644
                        ],
                        [
                            -80.31456946634859,
                            43.90819867857117
                        ],
                        [
                            -80.31340606893323,
                            43.90868722454557
                        ],
                        [
                            -80.3130566765008,
                            43.90840130228345
                        ],
                        [
                            -80.31231180253407,
                            43.90836797565597
                        ],
                        [
                            -80.31108897205554,
                            43.90736723078551
                        ]
                    ],
                    [
                        [
                            -80.31091428563109,
                            43.90722426617695
                        ],
                        [
                            -80.30984312468931,
                            43.9066357324021
                        ],
                        [
                            -80.30947070056236,
                            43.90661905837869
                        ],
                        [
                            -80.30912134183059,
                            43.906333123790496
                        ],
                        [
                            -80.30874891997854,
                            43.90631644721112
                        ],
                        [
                            -80.30839956693886,
                            43.90603051033335
                        ],
                        [
                            -80.30765472801122,
                            43.90599715074086
                        ],
                        [
                            -80.30660670304427,
                            43.90513932637073
                        ],
                        [
                            -80.30662977983262,
                            43.90487006819646
                        ],
                        [
                            -80.30628044705912,
                            43.904584124807606
                        ],
                        [
                            -80.30630352521591,
                            43.90431486690275
                        ],
                        [
                            -80.30562795490935,
                            43.90347371985959
                        ],
                        [
                            -80.30602343557638,
                            43.90322115000314
                        ],
                        [
                            -80.30611574959721,
                            43.902144121095375
                        ],
                        [
                            -80.30651121842811,
                            43.901891549843846
                        ],
                        [
                            -80.30658044541956,
                            43.90108377912531
                        ],
                        [
                            -80.30776681162126,
                            43.90032605695735
                        ],
                        [
                            -80.30890701851214,
                            43.90010683581577
                        ],
                        [
                            -80.31088418849437,
                            43.89884391627681
                        ],
                        [
                            -80.3132566722635,
                            43.897328366419366
                        ],
                        [
                            -80.31327971311428,
                            43.89705910956529
                        ],
                        [
                            -80.31367511227921,
                            43.89680651300359
                        ],
                        [
                            -80.31369815085625,
                            43.89653725624365
                        ],
                        [
                            -80.3146866277142,
                            43.8959057586954
                        ]
                    ],
                    [
                        [
                            -80.31108897205554,
                            43.90736723078551
                        ],
                        [
                            -80.31091428563109,
                            43.90722426617695
                        ]
                    ],
                    [
                        [
                            -80.31071654258113,
                            43.90735056116929
                        ],
                        [
                            -80.31091428563109,
                            43.90722426617695
                        ]
                    ]
                ]
            }
        },
        {
            "type": "Feature",
            "properties": {
                "SubId": 90013941,
                "DowSubId": 90014227,
                "RivSlope": 0.003114709447185,
                "RivLength": 5221.461731,
                "BasSlope": 1.086226914804306,
                "BasAspect": 179.35229400474626,
                "BasArea": 37587278.805917,
                "BkfWidth": 36.2395490669,
                "BkfDepth": 0.711990071124,
                "Lake_Cat": 0,
                "HyLakeId": 0,
                "LakeVol": 0.0,
                "LakeDepth": 0.0,
                "LakeArea": 0.0,
                "Laketype": 0,
                "Has_POI": 0,
                "MeanElev": 475.05742295655193,
                "FloodP_n": 0.05053733262044,
                "Q_Mean": 24.77302641079444,
                "Ch_n": 0.041598025708447,
                "DrainArea": 468816775.052261,
                "Strahler": 3,
                "Seg_ID": 30,
                "Seg_order": 3,
                "Max_DEM": 454.564056396,
                "Min_DEM": 444.06829834,
                "DA_Obs": 0.0,
                "DA_error": 0.0,
                "Obs_NM": null,
                "SRC_obs": null,
                "centroid_x": -80.34168217871118,
                "centroid_y": 43.8890791765852,
                "DA_Chn_L": 60898.187801,
                "DA_Slope": 0.240725764026,
                "DA_Chn_Slp": 0.0514456725605,
                "outletLat": 43.8922217705,
                "outletLng": -80.2837930226,
                "Region": "SW",
                "Sub_Reg": "02G",
                "rvhName": "sub90013941"
            },
            "geometry": {
                "type": "MultiLineString",
                "coordinates": [
                    [
                        [
                            -80.3146866277142,
                            43.8959057586954
                        ],
                        [
                            -80.31488432035398,
                            43.895779458131145
                        ],
                        [
                            -80.3149764478315,
                            43.89470243203958
                        ],
                        [
                            -80.31462713630698,
                            43.89441652029709
                        ],
                        [
                            -80.31471926654565,
                            43.89333949637598
                        ],
                        [
                            -80.3151146322632,
                            43.893086895631654
                        ],
                        [
                            -80.31516069193131,
                            43.892548384223716
                        ],
                        [
                            -80.31555604991264,
                            43.892295782080055
                        ],
                        [
                            -80.31520675069491,
                            43.89200987317984
                        ],
                        [
                            -80.31522977973752,
                            43.89174061779444
                        ],
                        [
                            -80.31348334624954,
                            43.89031105836135
                        ],
                        [
                            -80.31311103186619,
                            43.89029439762251
                        ],
                        [
                            -80.31241248805664,
                            43.88972256399698
                        ],
                        [
                            -80.3120401779935,
                            43.88970589946924
                        ],
                        [
                            -80.31169091359806,
                            43.88941997984043
                        ],
                        [
                            -80.31057399090737,
                            43.88936997462732
                        ],
                        [
                            -80.31022473629449,
                            43.88908405024267
                        ],
                        [
                            -80.30873551739717,
                            43.889017353190276
                        ],
                        [
                            -80.30838627461398,
                            43.88873142281634
                        ],
                        [
                            -80.30652476632234,
                            43.88864801560049
                        ],
                        [
                            -80.30612939304424,
                            43.88890058247315
                        ],
                        [
                            -80.30575709047125,
                            43.88888389565639
                        ],
                        [
                            -80.3051640213354,
                            43.88926274121493
                        ]
                    ],
                    [
                        [
                            -80.3051640213354,
                            43.88926274121493
                        ],
                        [
                            -80.30496632980277,
                            43.88938902236471
                        ]
                    ],
                    [
                        [
                            -80.30496632980277,
                            43.88938902236471
                        ],
                        [
                            -80.30378016148951,
                            43.89014670188083
                        ],
                        [
                            -80.30340785117261,
                            43.89013000669589
                        ],
                        [
                            -80.30261705090159,
                            43.890635116523306
                        ],
                        [
                            -80.30224473762325,
                            43.89061841719811
                        ],
                        [
                            -80.3006630870065,
                            43.891628614339155
                        ],
                        [
                            -80.30052448054552,
                            43.893244128553825
                        ],
                        [
                            -80.2997105028482,
                            43.8940184714153
                        ],
                        [
                            -80.29968739665495,
                            43.89428772419976
                        ],
                        [
                            -80.29929195123087,
                            43.89454026717981
                        ],
                        [
                            -80.29926884276283,
                            43.89480952005815
                        ],
                        [
                            -80.29847793689268,
                            43.895314601804195
                        ],
                        [
                            -80.29845482410178,
                            43.89558385477933
                        ],
                        [
                            -80.29726843183647,
                            43.89634146685679
                        ],
                        [
                            -80.29724531267433,
                            43.89661071993147
                        ],
                        [
                            -80.29643123870446,
                            43.897385040792855
                        ],
                        [
                            -80.29640811499183,
                            43.89765429405501
                        ],
                        [
                            -80.29522164965809,
                            43.89841188505556
                        ],
                        [
                            -80.29484928583452,
                            43.89839515930188
                        ],
                        [
                            -80.29405828754484,
                            43.89890021011468
                        ],
                        [
                            -80.29403515154203,
                            43.899169463393505
                        ],
                        [
                            -80.29363964488493,
                            43.899421986692104
                        ],
                        [
                            -80.29398887885483,
                            43.89970797022364
                        ],
                        [
                            -80.29389633075395,
                            43.90078498497384
                        ],
                        [
                            -80.29033652907424,
                            43.90305764414832
                        ],
                        [
                            -80.2888469549149,
                            43.90299066341574
                        ],
                        [
                            -80.28849772685606,
                            43.90270466152156
                        ],
                        [
                            -80.28775294523918,
                            43.90267116075764
                        ],
                        [
                            -80.2874037249213,
                            43.90238515534184
                        ],
                        [
                            -80.28703133650315,
                            43.90236840174374
                        ],
                        [
                            -80.28458691061998,
                            43.90036632567378
                        ],
                        [
                            -80.28461009351946,
                            43.9000970740548
                        ],
                        [
                            -80.28426090598627,
                            43.89981105914922
                        ],
                        [
                            -80.28428409025172,
                            43.899541807800134
                        ],
                        [
                            -80.28393490795462,
                            43.899255792019346
                        ],
                        [
                            -80.28395809358594,
                            43.89898654094017
                        ],
                        [
                            -80.28328293169668,
                            43.898145255944
                        ],
                        [
                            -80.28337568378211,
                            43.89706825433197
                        ],
                        [
                            -80.28377122072342,
                            43.8968157705272
                        ],
                        [
                            -80.28384077625056,
                            43.89600802027986
                        ],
                        [
                            -80.28423630340369,
                            43.89575553507551
                        ],
                        [
                            -80.28444493925467,
                            43.89333228926508
                        ],
                        [
                            -80.28409579565411,
                            43.89304627637165
                        ],
                        [
                            -80.28414215985916,
                            43.89250777866124
                        ],
                        [
                            -80.28380461479212,
                            43.89208714079117
                        ]
                    ],
                    [
                        [
                            -80.30497786893828,
                            43.88925439625403
                        ],
                        [
                            -80.30496632980277,
                            43.88938902236471
                        ]
                    ]
                ]
            }
        },
        {
            "type": "Feature",
            "properties": {
                "SubId": 90014226,
                "DowSubId": 90014260,
                "RivSlope": 0.00325231992156,
                "RivLength": 3738.579817,
                "BasSlope": 2.01756196526,
                "BasAspect": 177.926714344,
                "BasArea": 12804142.461,
                "BkfWidth": 42.9458561057,
                "BkfDepth": 0.788346284415,
                "Lake_Cat": 0,
                "HyLakeId": 0,
                "LakeVol": 0.0,
                "LakeDepth": 0.0,
                "LakeArea": 0.0,
                "Laketype": 0,
                "Has_POI": 1,
                "MeanElev": 466.83570692,
                "FloodP_n": 0.0500000007451,
                "Q_Mean": 35.5776727749,
                "Ch_n": 0.0432642670649,
                "DrainArea": 665556539.649572,
                "Strahler": 3,
                "Seg_ID": 33,
                "Seg_order": 2,
                "Max_DEM": 447.243682861,
                "Min_DEM": 435.084625244,
                "DA_Obs": 0.0,
                "DA_error": 0.0,
                "Obs_NM": "16018406702&02GA014",
                "SRC_obs": "PWQMN&HYDAT",
                "centroid_x": -80.26480456376947,
                "centroid_y": 43.87677321540097,
                "DA_Chn_L": 64713.53426,
                "DA_Slope": 0.208410920555,
                "DA_Chn_Slp": 0.105345782548,
                "outletLat": 43.8617148729,
                "outletLng": -80.272596834,
                "Region": "SW",
                "Sub_Reg": "02G",
                "rvhName": "16018406702&02GA014"
            },
            "geometry": {
                "type": "LineString",
                "coordinates": [
                    [
                        -80.2838509810453,
                        43.891548643894005
                    ],
                    [
                        -80.2838857551377,
                        43.89114477145992
                    ],
                    [
                        -80.28353662837894,
                        43.8908587575341
                    ],
                    [
                        -80.28358299622487,
                        43.89032026163229
                    ],
                    [
                        -80.28323387629342,
                        43.89003424701118
                    ],
                    [
                        -80.28328024641479,
                        43.88949575183194
                    ],
                    [
                        -80.2822329180251,
                        43.888637702721766
                    ],
                    [
                        -80.28225610752297,
                        43.88836845580662
                    ],
                    [
                        -80.2812088166808,
                        43.887510397751136
                    ],
                    [
                        -80.28123201072928,
                        43.887241151465126
                    ],
                    [
                        -80.27983568028215,
                        43.88609706002485
                    ],
                    [
                        -80.2798588804734,
                        43.88582781454752
                    ],
                    [
                        -80.27811355729129,
                        43.88439767744077
                    ],
                    [
                        -80.2781599729149,
                        43.88385918855403
                    ],
                    [
                        -80.27781092238455,
                        43.88357315833147
                    ],
                    [
                        -80.2780197957437,
                        43.88114996446737
                    ],
                    [
                        -80.27767076318364,
                        43.88086393480738
                    ],
                    [
                        -80.27774038831224,
                        43.880056205698786
                    ],
                    [
                        -80.2773913641684,
                        43.87977017552433
                    ],
                    [
                        -80.27753061782674,
                        43.87815472084688
                    ],
                    [
                        -80.27718160687466,
                        43.87786869069698
                    ],
                    [
                        -80.2772048166123,
                        43.87759944874962
                    ],
                    [
                        -80.27685581089166,
                        43.87731341772634
                    ],
                    [
                        -80.27687902199337,
                        43.877044176049836
                    ],
                    [
                        -80.27618102465412,
                        43.87647211120365
                    ],
                    [
                        -80.2762274525413,
                        43.87593362884308
                    ],
                    [
                        -80.27552947612642,
                        43.875361560503926
                    ],
                    [
                        -80.27555269291169,
                        43.87509231981995
                    ],
                    [
                        -80.27520371175471,
                        43.874806284250774
                    ],
                    [
                        -80.27531980022096,
                        43.87346008309881
                    ],
                    [
                        -80.27571520402789,
                        43.87320763758815
                    ],
                    [
                        -80.27573841899016,
                        43.872938397634556
                    ],
                    [
                        -80.27692460243591,
                        43.87218105267236
                    ],
                    [
                        -80.27694781102865,
                        43.871911812818816
                    ],
                    [
                        -80.27734319618583,
                        43.87165936168815
                    ],
                    [
                        -80.27741281445594,
                        43.87085164268446
                    ],
                    [
                        -80.27427227051665,
                        43.868277354921446
                    ],
                    [
                        -80.27429549047355,
                        43.868008117054686
                    ],
                    [
                        -80.27394656092984,
                        43.86772207999808
                    ],
                    [
                        -80.27406266525183,
                        43.86637589293504
                    ],
                    [
                        -80.27445802379113,
                        43.866123454547235
                    ],
                    [
                        -80.27410910538542,
                        43.865837418749926
                    ],
                    [
                        -80.27415554460748,
                        43.86529894493066
                    ],
                    [
                        -80.27348094752506,
                        43.864457634486136
                    ],
                    [
                        -80.27362027744672,
                        43.86284221793229
                    ],
                    [
                        -80.27292249473648,
                        43.86227014221084
                    ],
                    [
                        -80.27294571877417,
                        43.86200090679883
                    ],
                    [
                        -80.27242239367585,
                        43.861571847515826
                    ]
                ]
            }
        },
        {
            "type": "Feature",
            "properties": {
                "SubId": 90014227,
                "DowSubId": 90014226,
                "RivSlope": 0.0488267686632,
                "RivLength": 90.0,
                "BasSlope": 3.6774253427,
                "BasAspect": 72.6861971397,
                "BasArea": 5390.706292,
                "BkfWidth": 42.54352155,
                "BkfDepth": 0.783906612421,
                "Lake_Cat": 0,
                "HyLakeId": 0,
                "LakeVol": 0.0,
                "LakeDepth": 0.0,
                "LakeArea": 0.0,
                "Laketype": 0,
                "Has_POI": 1,
                "MeanElev": 447.9976196289999,
                "FloodP_n": 0.0500000007451,
                "Q_Mean": 34.9141825979,
                "Ch_n": 0.0406453061162,
                "DrainArea": 652752397.188572,
                "Strahler": 3,
                "Seg_ID": 33,
                "Seg_order": 1,
                "Max_DEM": 448.034423828,
                "Min_DEM": 443.640014648,
                "DA_Obs": 655.0,
                "DA_error": 0.996568545326,
                "Obs_NM": "02GA022",
                "SRC_obs": "HYDAT",
                "centroid_x": -80.28400236568426,
                "centroid_y": 43.891960898927756,
                "DA_Chn_L": 60974.954443,
                "DA_Slope": 0.17292330257,
                "DA_Chn_Slp": 0.108552567353,
                "outletLat": 43.8916832735,
                "outletLng": -80.2838393891,
                "Region": "SW",
                "Sub_Reg": "02G",
                "rvhName": "02GA022"
            },
            "geometry": {
                "type": "MultiLineString",
                "coordinates": [
                    [
                        [
                            -80.28361845606581,
                            43.89207875788262
                        ],
                        [
                            -80.28381620644078,
                            43.89195251653277
                        ]
                    ],
                    [
                        [
                            -80.28380461479212,
                            43.89208714079117
                        ],
                        [
                            -80.28381620644078,
                            43.89195251653277
                        ]
                    ],
                    [
                        [
                            -80.28381620644078,
                            43.89195251653277
                        ],
                        [
                            -80.2838509810453,
                            43.891548643894005
                        ]
                    ]
                ]
            }
        },
        {
            "type": "Feature",
            "properties": {
                "SubId": 90014260,
                "DowSubId": 90014273,
                "RivSlope": 0.00515371683461,
                "RivLength": 4878.065296,
                "BasSlope": 2.02466715558025,
                "BasAspect": 181.7209286219817,
                "BasArea": 24990421.373895995,
                "BkfWidth": 43.7197772439,
                "BkfDepth": 0.79683982351,
                "Lake_Cat": 0,
                "HyLakeId": 0,
                "LakeVol": 0.0,
                "LakeDepth": 0.0,
                "LakeArea": 0.0,
                "Laketype": 0,
                "Has_POI": 0,
                "MeanElev": 471.02603833083026,
                "FloodP_n": 0.057494340840095,
                "Q_Mean": 35.9339514366152,
                "Ch_n": 0.053170826013394,
                "DrainArea": 690546961.023468,
                "Strahler": 3,
                "Seg_ID": 33,
                "Seg_order": 3,
                "Max_DEM": 449.318511963,
                "Min_DEM": 425.760040283,
                "DA_Obs": 0.0,
                "DA_error": 0.0,
                "Obs_NM": null,
                "SRC_obs": null,
                "centroid_x": -80.32795570282981,
                "centroid_y": 43.85616281693611,
                "DA_Chn_L": 69591.599556,
                "DA_Slope": 0.229436233446,
                "DA_Chn_Slp": 0.113539925019,
                "outletLat": 43.8311868306,
                "outletLng": -80.296882972,
                "Region": "SW",
                "Sub_Reg": "02G",
                "rvhName": "sub90014260"
            },
            "geometry": {
                "type": "MultiLineString",
                "coordinates": [
                    [
                        [
                            -80.27242239367585,
                            43.861571847515826
                        ],
                        [
                            -80.27224795379507,
                            43.86142882722875
                        ],
                        [
                            -80.27236408647221,
                            43.86008265334216
                        ],
                        [
                            -80.27201521739195,
                            43.85979661287923
                        ],
                        [
                            -80.27203844483424,
                            43.85952737855667
                        ],
                        [
                            -80.27168958098164,
                            43.85924133722178
                        ],
                        [
                            -80.27171280978656,
                            43.85897210317091
                        ],
                        [
                            -80.27210812579358,
                            43.85871967613852
                        ],
                        [
                            -80.27213135232418,
                            43.85845044218232
                        ],
                        [
                            -80.2725266626479,
                            43.85819801374709
                        ],
                        [
                            -80.27254988690427,
                            43.857928779885604
                        ],
                        [
                            -80.27373578991553,
                            43.857171486153874
                        ],
                        [
                            -80.27378222546723,
                            43.8566330187247
                        ],
                        [
                            -80.27417751510512,
                            43.856380584675435
                        ],
                        [
                            -80.27420073049312,
                            43.8561113511015
                        ],
                        [
                            -80.27499129476686,
                            43.85560647879211
                        ],
                        [
                            -80.27536336219906,
                            43.855623274093126
                        ],
                        [
                            -80.27575863729052,
                            43.85537083442092
                        ],
                        [
                            -80.27687483618169,
                            43.85542120817421
                        ],
                        [
                            -80.27766536591152,
                            43.85491631615941
                        ],
                        [
                            -80.27778135192179,
                            43.853570147977756
                        ],
                        [
                            -80.27896708855648,
                            43.852812799463734
                        ],
                        [
                            -80.27931594947329,
                            43.85309881411895
                        ],
                        [
                            -80.27971118820072,
                            43.852846360391204
                        ],
                        [
                            -80.28082733937329,
                            43.852896691879124
                        ],
                        [
                            -80.28275711179694,
                            43.85217284885529
                        ],
                        [
                            -80.2831291583253,
                            43.85218961650996
                        ],
                        [
                            -80.28352437296368,
                            43.85193714870838
                        ],
                        [
                            -80.28389641812859,
                            43.85195391363391
                        ],
                        [
                            -80.28429162754001,
                            43.85170144301842
                        ],
                        [
                            -80.28466367134142,
                            43.85171820521484
                        ],
                        [
                            -80.28505887552586,
                            43.85146573178548
                        ],
                        [
                            -80.2854309179637,
                            43.85148249125281
                        ],
                        [
                            -80.28582611692116,
                            43.85123001500966
                        ],
                        [
                            -80.28805836677351,
                            43.85133053563305
                        ],
                        [
                            -80.29080145977814,
                            43.849832338322976
                        ],
                        [
                            -80.29117349289598,
                            43.84984907736695
                        ],
                        [
                            -80.29314926042395,
                            43.84858657658588
                        ],
                        [
                            -80.29317237945052,
                            43.848317341622376
                        ],
                        [
                            -80.29356752000376,
                            43.84806483725569
                        ],
                        [
                            -80.29359063675884,
                            43.84779560238781
                        ],
                        [
                            -80.29635650451941,
                            43.846028032518475
                        ],
                        [
                            -80.29649511441913,
                            43.84441262540185
                        ],
                        [
                            -80.29669266345223,
                            43.844286367789365
                        ]
                    ],
                    [
                        [
                            -80.297064660775,
                            43.84430308579486
                        ],
                        [
                            -80.29689021157651,
                            43.844160109825786
                        ]
                    ],
                    [
                        [
                            -80.29669266345223,
                            43.844286367789365
                        ],
                        [
                            -80.29689021157651,
                            43.844160109825786
                        ]
                    ],
                    [
                        [
                            -80.29689021157651,
                            43.844160109825786
                        ],
                        [
                            -80.29691331038899,
                            43.843890875632034
                        ],
                        [
                            -80.29730840186683,
                            43.84363835865552
                        ],
                        [
                            -80.29735459472359,
                            43.84309989055173
                        ],
                        [
                            -80.29774967847787,
                            43.84284737217881
                        ],
                        [
                            -80.29781895993138,
                            43.8420396707248
                        ],
                        [
                            -80.2982140339183,
                            43.841787150959554
                        ],
                        [
                            -80.29842184765027,
                            43.83936405160176
                        ],
                        [
                            -80.29807297448436,
                            43.839078105811225
                        ],
                        [
                            -80.29814224642378,
                            43.83827040822213
                        ],
                        [
                            -80.29779338166483,
                            43.837984461919746
                        ],
                        [
                            -80.29786265633798,
                            43.83717676569949
                        ],
                        [
                            -80.29751379998561,
                            43.836890818885394
                        ],
                        [
                            -80.29765235276025,
                            43.83527543001215
                        ],
                        [
                            -80.2973035095858,
                            43.83498948322688
                        ],
                        [
                            -80.29737278768697,
                            43.83418179057435
                        ],
                        [
                            -80.2977678071771,
                            43.83392927515122
                        ],
                        [
                            -80.29741897195525,
                            43.83364332926672
                        ],
                        [
                            -80.29744206374963,
                            43.83337409875114
                        ],
                        [
                            -80.29726764829665,
                            43.833231125504575
                        ]
                    ],
                    [
                        [
                            -80.29729074065978,
                            43.83296189517125
                        ],
                        [
                            -80.29709323375214,
                            43.83308815199506
                        ]
                    ],
                    [
                        [
                            -80.29726764829665,
                            43.833231125504575
                        ],
                        [
                            -80.29709323375214,
                            43.83308815199506
                        ]
                    ],
                    [
                        [
                            -80.29709323375214,
                            43.83308815199506
                        ],
                        [
                            -80.29674440738846,
                            43.8328022041872
                        ],
                        [
                            -80.29689451920625,
                            43.83105221042537
                        ]
                    ]
                ]
            }
        },
        {
            "type": "Feature",
            "properties": {
                "SubId": 90014272,
                "DowSubId": 90014270,
                "RivSlope": 0.00321474194591,
                "RivLength": 2772.680451,
                "BasSlope": 2.54896830279,
                "BasAspect": 186.260357216,
                "BasArea": 13117919.1454,
                "BkfWidth": 45.697322254,
                "BkfDepth": 0.818273935235,
                "Lake_Cat": 0,
                "HyLakeId": 0,
                "LakeVol": 0.0,
                "LakeDepth": 0.0,
                "LakeArea": 0.0,
                "Laketype": 0,
                "Has_POI": 1,
                "MeanElev": 459.892017944,
                "FloodP_n": 0.0500000007451,
                "Q_Mean": 40.2825088963,
                "Ch_n": 0.0430867083982,
                "DrainArea": 756562319.131309,
                "Strahler": 3,
                "Seg_ID": 35,
                "Seg_order": 2,
                "Max_DEM": 431.349212646,
                "Min_DEM": 422.435760498,
                "DA_Obs": 769.0,
                "DA_error": 0.98382616272,
                "Obs_NM": "02GA001",
                "SRC_obs": "HYDAT",
                "centroid_x": -80.29514493989541,
                "centroid_y": 43.8147603643486,
                "DA_Chn_L": 72668.237527,
                "DA_Slope": 0.254736972422,
                "DA_Chn_Slp": 0.115010292163,
                "outletLat": 43.8076597765,
                "outletLng": -80.3086028925,
                "Region": "SW",
                "Sub_Reg": "02G",
                "rvhName": "02GA001"
            },
            "geometry": {
                "type": "LineString",
                "coordinates": [
                    [
                        -80.29856683314988,
                        43.82896523453172
                    ],
                    [
                        -80.29876304161677,
                        43.82667679031056
                    ],
                    [
                        -80.2984142472898,
                        43.82639085052421
                    ],
                    [
                        -80.29846041479111,
                        43.82585239439004
                    ],
                    [
                        -80.29811162727722,
                        43.82556645391281
                    ],
                    [
                        -80.29815779705311,
                        43.82502799850855
                    ],
                    [
                        -80.29780901635209,
                        43.824742057340536
                    ],
                    [
                        -80.29806295142237,
                        43.82178056120408
                    ],
                    [
                        -80.29771419184269,
                        43.82149462096878
                    ],
                    [
                        -80.29796811700966,
                        43.81853313799711
                    ],
                    [
                        -80.29836302119281,
                        43.81828062563917
                    ],
                    [
                        -80.29850150203222,
                        43.81666527603301
                    ],
                    [
                        -80.29889639033037,
                        43.816412762298974
                    ],
                    [
                        -80.2989194676361,
                        43.816143537692845
                    ],
                    [
                        -80.29931435026049,
                        43.815891022560336
                    ],
                    [
                        -80.29933742529788,
                        43.81562179805128
                    ],
                    [
                        -80.30012717556795,
                        43.81511676358656
                    ],
                    [
                        -80.3001502462951,
                        43.81484753917915
                    ],
                    [
                        -80.30093997795538,
                        43.81434249911206
                    ],
                    [
                        -80.30096304437254,
                        43.8140732748064
                    ],
                    [
                        -80.30177581953095,
                        43.81329900493343
                    ],
                    [
                        -80.30184500449646,
                        43.81249133287737
                    ],
                    [
                        -80.30223984740812,
                        43.8122388079573
                    ],
                    [
                        -80.30228596550461,
                        43.81170036039225
                    ],
                    [
                        -80.30623415408404,
                        43.80917503414396
                    ],
                    [
                        -80.30772120507388,
                        43.80924175960959
                    ],
                    [
                        -80.30851078650288,
                        43.808736666273006
                    ],
                    [
                        -80.30860289295228,
                        43.807659771078875
                    ],
                    [
                        -80.30842853010726,
                        43.807516821359854
                    ]
                ]
            }
        },
        {
            "type": "Feature",
            "properties": {
                "SubId": 90014273,
                "DowSubId": 90014272,
                "RivSlope": 0.00332617809786,
                "RivLength": 303.95752,
                "BasSlope": 3.54709798953,
                "BasAspect": 132.204393863,
                "BasArea": 239841.349671,
                "BkfWidth": 45.3116699322,
                "BkfDepth": 0.814123530297,
                "Lake_Cat": 0,
                "HyLakeId": 0,
                "LakeVol": 0.0,
                "LakeDepth": 0.0,
                "LakeArea": 0.0,
                "Laketype": 0,
                "Has_POI": 1,
                "MeanElev": 453.106844006,
                "FloodP_n": 0.0500000007451,
                "Q_Mean": 39.6054674391,
                "Ch_n": 0.043817083287,
                "DrainArea": 743444399.985909,
                "Strahler": 3,
                "Seg_ID": 35,
                "Seg_order": 1,
                "Max_DEM": 425.750213623,
                "Min_DEM": 424.739196777,
                "DA_Obs": 749.0,
                "DA_error": 0.992582643506,
                "Obs_NM": "02GA027",
                "SRC_obs": "HYDAT",
                "centroid_x": -80.30153175537748,
                "centroid_y": 43.829625282427095,
                "DA_Chn_L": 69895.557076,
                "DA_Slope": 0.214255745994,
                "DA_Chn_Slp": 0.116357882962,
                "outletLat": 43.8290998545,
                "outletLng": -80.2985552905,
                "Region": "SW",
                "Sub_Reg": "02G",
                "rvhName": "02GA027"
            },
            "geometry": {
                "type": "MultiLineString",
                "coordinates": [
                    [
                        [
                            -80.29690606587278,
                            43.830917595681946
                        ],
                        [
                            -80.29730106402332,
                            43.83066508312474
                        ],
                        [
                            -80.29732415514324,
                            43.83039585371128
                        ],
                        [
                            -80.29850912166435,
                            43.829638307630105
                        ],
                        [
                            -80.29856683314988,
                            43.82896523453172
                        ]
                    ],
                    [
                        [
                            -80.29689451920625,
                            43.83105221042537
                        ],
                        [
                            -80.29690606587278,
                            43.830917595681946
                        ]
                    ],
                    [
                        [
                            -80.29673165961974,
                            43.8307746220144
                        ],
                        [
                            -80.29690606587278,
                            43.830917595681946
                        ]
                    ]
                ]
            }
        },
        {
            "type": "Feature",
            "properties": {
                "Id": 0,
                "Hylak_id": 9027,
                "Lake_name": null,
                "Country": "Canada",
                "Continent": "North America",
                "Poly_src": "CanVec",
                "Lake_type": 1,
                "Grand_id": 0,
                "Lake_area": 11.43,
                "Shore_len": 56.23,
                "Shore_dev": 4.69000005722,
                "Vol_total": 23.39,
                "Vol_res": 0.0,
                "Vol_src": 3,
                "Depth_avg": 2.0,
                "Dis_avg": 0.25,
                "Res_time": 1083.0,
                "Elevation": 479,
                "Slope_100": 0.879999995232,
                "Wshd_area": 35.8,
                "Pour_long": -80.403566,
                "Pour_lat": 43.9627
            },
            "geometry": {
                "type": "Polygon",
                "coordinates": [
                    [
                        [
                            -80.40384558755922,
                            43.96296339002808
                        ],
                        [
                            -80.40186758639865,
                            43.962565889871556
                        ],
                        [
                            -80.40126058556638,
                            43.9621845903123
                        ],
                        [
                            -80.40116608604399,
                            43.961661889872836
                        ],
                        [
                            -80.4016817862168,
                            43.96120538986004
                        ],
                        [
                            -80.40157528643259,
                            43.96063758973639
                        ],
                        [
                            -80.40122128538313,
                            43.95988849033706
                        ],
                        [
                            -80.4008859861561,
                            43.95852719039239
                        ],
                        [
                            -80.40022628512001,
                            43.957200188804016
                        ],
                        [
                            -80.40016978444686,
                            43.95661468922082
                        ],
                        [
                            -80.40201048558556,
                            43.9545264885439
                        ],
                        [
                            -80.40226598588958,
                            43.953906589241456
                        ],
                        [
                            -80.40313288581524,
                            43.953208789307176
                        ],
                        [
                            -80.40457148590363,
                            43.95267608758839
                        ],
                        [
                            -80.4048627856941,
                            43.95220938808886
                        ],
                        [
                            -80.40489538552124,
                            43.95144428765624
                        ],
                        [
                            -80.40566168616834,
                            43.950835987829144
                        ],
                        [
                            -80.40628608668476,
                            43.95070418811655
                        ],
                        [
                            -80.40895298643443,
                            43.94945758803614
                        ],
                        [
                            -80.40945708680151,
                            43.948892888017106
                        ],
                        [
                            -80.40942488732011,
                            43.94836148777805
                        ],
                        [
                            -80.40914268682913,
                            43.94791888680412
                        ],
                        [
                            -80.40820158747633,
                            43.947310786886554
                        ],
                        [
                            -80.40741788754016,
                            43.94717168670942
                        ],
                        [
                            -80.40768198650811,
                            43.94692998680564
                        ],
                        [
                            -80.40773578698908,
                            43.94653408689163
                        ],
                        [
                            -80.40832198675571,
                            43.94648308668684
                        ],
                        [
                            -80.40915098729519,
                            43.94582108714474
                        ],
                        [
                            -80.40883738731962,
                            43.94477508689695
                        ],
                        [
                            -80.40894058639722,
                            43.94442448679899
                        ],
                        [
                            -80.40865828755307,
                            43.94398178684018
                        ],
                        [
                            -80.40984968678252,
                            43.943213687365365
                        ],
                        [
                            -80.41064898672028,
                            43.94303768677051
                        ],
                        [
                            -80.41182558789352,
                            43.942503485567954
                        ],
                        [
                            -80.41118978695549,
                            43.942527285681315
                        ],
                        [
                            -80.41033928716585,
                            43.942846986606774
                        ],
                        [
                            -80.41114208685505,
                            43.94231098614326
                        ],
                        [
                            -80.4115000872783,
                            43.94013388632601
                        ],
                        [
                            -80.41181448702129,
                            43.93983838628166
                        ],
                        [
                            -80.41196838756946,
                            43.93938898645064
                        ],
                        [
                            -80.41278448773849,
                            43.938762986177046
                        ],
                        [
                            -80.41295718791399,
                            43.938304685807076
                        ],
                        [
                            -80.41292318670467,
                            43.937728184952654
                        ],
                        [
                            -80.41264838725327,
                            43.93724058545658
                        ],
                        [
                            -80.41178078700239,
                            43.93622778524802
                        ],
                        [
                            -80.41112938710964,
                            43.935792185422955
                        ],
                        [
                            -80.40977298593178,
                            43.935857285023545
                        ],
                        [
                            -80.40917008545445,
                            43.93634928495832
                        ],
                        [
                            -80.40850718615407,
                            43.93660698625609
                        ],
                        [
                            -80.40519648444254,
                            43.93640078567264
                        ],
                        [
                            -80.40503278536366,
                            43.936651985613274
                        ],
                        [
                            -80.40447078549927,
                            43.93678408621703
                        ],
                        [
                            -80.40426788538576,
                            43.93784548645595
                        ],
                        [
                            -80.40440248550607,
                            43.938404385609026
                        ],
                        [
                            -80.40392168448882,
                            43.939131186159294
                        ],
                        [
                            -80.40258258364877,
                            43.93971848628667
                        ],
                        [
                            -80.40151788395124,
                            43.94152268655046
                        ],
                        [
                            -80.4012361839263,
                            43.94227748734455
                        ],
                        [
                            -80.40136658340835,
                            43.942935386755835
                        ],
                        [
                            -80.40101548349305,
                            43.943158686606694
                        ],
                        [
                            -80.40095098372802,
                            43.9433743869337
                        ],
                        [
                            -80.40087968399432,
                            43.94303188723997
                        ],
                        [
                            -80.4011206840622,
                            43.9426099871381
                        ],
                        [
                            -80.40081638431103,
                            43.94188808669253
                        ],
                        [
                            -80.40049228463377,
                            43.941904386578905
                        ],
                        [
                            -80.40004858383902,
                            43.941415887344995
                        ],
                        [
                            -80.39983578435537,
                            43.94151378745885
                        ],
                        [
                            -80.39985818428607,
                            43.94176608745651
                        ],
                        [
                            -80.39970928385017,
                            43.941702287114815
                        ],
                        [
                            -80.39963968381214,
                            43.94118868662511
                        ],
                        [
                            -80.39867558260171,
                            43.94164278693929
                        ],
                        [
                            -80.39883948271904,
                            43.9414545866402
                        ],
                        [
                            -80.39846848363896,
                            43.94117348674592
                        ],
                        [
                            -80.39857028278269,
                            43.94096698719063
                        ],
                        [
                            -80.3980651825991,
                            43.940397086918985
                        ],
                        [
                            -80.39799568302988,
                            43.93987448670368
                        ],
                        [
                            -80.39804658347082,
                            43.93976668669543
                        ],
                        [
                            -80.39835638260162,
                            43.939939386984044
                        ],
                        [
                            -80.39848208266733,
                            43.93982298681856
                        ],
                        [
                            -80.39802538250176,
                            43.93939748627583
                        ],
                        [
                            -80.39834798262304,
                            43.93953418632414
                        ],
                        [
                            -80.39938308327534,
                            43.93944058636787
                        ],
                        [
                            -80.40037738459607,
                            43.93969788583407
                        ],
                        [
                            -80.40110088407661,
                            43.93961168597484
                        ],
                        [
                            -80.40099258344426,
                            43.9392329862689
                        ],
                        [
                            -80.3994634827793,
                            43.937955385744765
                        ],
                        [
                            -80.39921318274266,
                            43.93728778610708
                        ],
                        [
                            -80.39951928349892,
                            43.93674018614972
                        ],
                        [
                            -80.40005808265836,
                            43.93651798566595
                        ],
                        [
                            -80.40006358300153,
                            43.935977785869575
                        ],
                        [
                            -80.40040428315854,
                            43.93561938567064
                        ],
                        [
                            -80.4012389841307,
                            43.93563278595611
                        ],
                        [
                            -80.40192858351469,
                            43.93527628602021
                        ],
                        [
                            -80.4031151835437,
                            43.934985285330164
                        ],
                        [
                            -80.40385458400895,
                            43.934547985253296
                        ],
                        [
                            -80.40523918508725,
                            43.933132684902894
                        ],
                        [
                            -80.40576418487095,
                            43.93296428467663
                        ],
                        [
                            -80.40759678519315,
                            43.93292878536032
                        ],
                        [
                            -80.4088742854749,
                            43.933502684608136
                        ],
                        [
                            -80.41024848613047,
                            43.934464084945304
                        ],
                        [
                            -80.41080778656767,
                            43.93460208463128
                        ],
                        [
                            -80.4120292864441,
                            43.93447328539344
                        ],
                        [
                            -80.41265648644033,
                            43.934044384666905
                        ],
                        [
                            -80.41292418710754,
                            43.933433484623656
                        ],
                        [
                            -80.41294028673995,
                            43.93305538520833
                        ],
                        [
                            -80.41253568652856,
                            43.93239608529536
                        ],
                        [
                            -80.41247838751774,
                            43.931810483773475
                        ],
                        [
                            -80.41175198702742,
                            43.93093338421218
                        ],
                        [
                            -80.41126178633351,
                            43.930021483825975
                        ],
                        [
                            -80.41032968557658,
                            43.929791583745235
                        ],
                        [
                            -80.40953058556866,
                            43.92997658396713
                        ],
                        [
                            -80.4089164863264,
                            43.93034258417741
                        ],
                        [
                            -80.40616358553484,
                            43.930301285300374
                        ],
                        [
                            -80.40525808357404,
                            43.92990938437045
                        ],
                        [
                            -80.40467998416148,
                            43.92908708356826
                        ],
                        [
                            -80.40349108407005,
                            43.9283785843486
                        ],
                        [
                            -80.40194048329295,
                            43.927713183988324
                        ],
                        [
                            -80.40038318271677,
                            43.92671468414629
                        ],
                        [
                            -80.40055848235151,
                            43.926625484329996
                        ],
                        [
                            -80.40166528358039,
                            43.92682038428692
                        ],
                        [
                            -80.4020958827646,
                            43.926111383984725
                        ],
                        [
                            -80.4030245834723,
                            43.925431883755394
                        ],
                        [
                            -80.40357358305981,
                            43.92409328373935
                        ],
                        [
                            -80.40340768339206,
                            43.923237082572705
                        ],
                        [
                            -80.40393258243671,
                            43.923068683282516
                        ],
                        [
                            -80.40401558356751,
                            43.923492283007164
                        ],
                        [
                            -80.40441478460927,
                            43.923431383127784
                        ],
                        [
                            -80.40469818409512,
                            43.924990484144175
                        ],
                        [
                            -80.40459398399148,
                            43.92544908392367
                        ],
                        [
                            -80.40468908389798,
                            43.92590878407253
                        ],
                        [
                            -80.4049358845088,
                            43.926144184024295
                        ],
                        [
                            -80.40518618396672,
                            43.926028484288004
                        ],
                        [
                            -80.40491458410544,
                            43.92578388389884
                        ],
                        [
                            -80.40490428457245,
                            43.92556778383744
                        ],
                        [
                            -80.40527868451734,
                            43.92549768411588
                        ],
                        [
                            -80.40543828426568,
                            43.925732584015144
                        ],
                        [
                            -80.40558808367736,
                            43.9256973843133
                        ],
                        [
                            -80.40617888416084,
                            43.925169284227586
                        ],
                        [
                            -80.40604588395466,
                            43.92476338409789
                        ],
                        [
                            -80.40620898347173,
                            43.92463818416681
                        ],
                        [
                            -80.40619388393725,
                            43.92490818433192
                        ],
                        [
                            -80.4065524835799,
                            43.925171183935525
                        ],
                        [
                            -80.40650018381287,
                            43.92542298394362
                        ],
                        [
                            -80.40672308453517,
                            43.92555928406364
                        ],
                        [
                            -80.40734688517988,
                            43.925463384206964
                        ],
                        [
                            -80.40744368471017,
                            43.925752084120425
                        ],
                        [
                            -80.40769228453411,
                            43.925807383559636
                        ],
                        [
                            -80.40815378465018,
                            43.925746684112696
                        ],
                        [
                            -80.40839378530866,
                            43.925414884403104
                        ],
                        [
                            -80.40867908554655,
                            43.9255423840158
                        ],
                        [
                            -80.40865188491497,
                            43.92576728367728
                        ],
                        [
                            -80.40945098481902,
                            43.925582383817094
                        ],
                        [
                            -80.40971618489178,
                            43.92522358285717
                        ],
                        [
                            -80.40960578456472,
                            43.925042982659875
                        ],
                        [
                            -80.41003368483203,
                            43.924603983215206
                        ],
                        [
                            -80.41034448540775,
                            43.9246685827643
                        ],
                        [
                            -80.41050848618166,
                            43.924462382732955
                        ],
                        [
                            -80.41080718643705,
                            43.92449088264126
                        ],
                        [
                            -80.41085478577187,
                            43.92471628280475
                        ],
                        [
                            -80.41105348550596,
                            43.92478028307144
                        ],
                        [
                            -80.41140478557699,
                            43.92452098257657
                        ],
                        [
                            -80.41187548568931,
                            43.924793582886295
                        ],
                        [
                            -80.41181098545442,
                            43.925018282942155
                        ],
                        [
                            -80.41198208651808,
                            43.925352282705454
                        ],
                        [
                            -80.41246758585979,
                            43.925390883267845
                        ],
                        [
                            -80.41214078568056,
                            43.92568628258599
                        ],
                        [
                            -80.41251368624104,
                            43.92576918257911
                        ],
                        [
                            -80.41282668644567,
                            43.925608782876026
                        ],
                        [
                            -80.41313168626476,
                            43.924998083000105
                        ],
                        [
                            -80.41308298656591,
                            43.924880783335155
                        ],
                        [
                            -80.41260948582276,
                            43.92489638299057
                        ],
                        [
                            -80.41312608539866,
                            43.92429578293918
                        ],
                        [
                            -80.41115688627393,
                            43.9218726830663
                        ],
                        [
                            -80.41068438480661,
                            43.921780183058935
                        ],
                        [
                            -80.41073768460556,
                            43.921429282812994
                        ],
                        [
                            -80.41044038480322,
                            43.92126568329731
                        ],
                        [
                            -80.41046768519115,
                            43.921022782665695
                        ],
                        [
                            -80.4110787856081,
                            43.9209448826147
                        ],
                        [
                            -80.4123829856005,
                            43.921320683134425
                        ],
                        [
                            -80.41436488641486,
                            43.92118688261277
                        ],
                        [
                            -80.41685888686929,
                            43.92218998339524
                        ],
                        [
                            -80.41753098781841,
                            43.922238483436715
                        ],
                        [
                            -80.4188944883923,
                            43.92165118218212
                        ],
                        [
                            -80.41880568777103,
                            43.92054328235259
                        ],
                        [
                            -80.41953838775203,
                            43.919484482063424
                        ],
                        [
                            -80.42046928775792,
                            43.91854388175092
                        ],
                        [
                            -80.42269048953378,
                            43.918122881635874
                        ],
                        [
                            -80.42343738857761,
                            43.91816268212113
                        ],
                        [
                            -80.42539719044414,
                            43.91772238089293
                        ],
                        [
                            -80.42558289063838,
                            43.917840380593375
                        ],
                        [
                            -80.42438328932839,
                            43.91824848231755
                        ],
                        [
                            -80.42414448868155,
                            43.91846338166016
                        ],
                        [
                            -80.42357078911573,
                            43.918541481727026
                        ],
                        [
                            -80.42345708935119,
                            43.91871198170505
                        ],
                        [
                            -80.42566359029564,
                            43.919812581962034
                        ],
                        [
                            -80.42584609035704,
                            43.92026368168529
                        ],
                        [
                            -80.42567949015356,
                            43.92074908224381
                        ],
                        [
                            -80.42632539019047,
                            43.920941382415556
                        ],
                        [
                            -80.42772159087446,
                            43.92212838178617
                        ],
                        [
                            -80.42810739036366,
                            43.92216638223673
                        ],
                        [
                            -80.42868329151389,
                            43.9218630821553
                        ],
                        [
                            -80.42935689154572,
                            43.921767481789125
                        ],
                        [
                            -80.42959149109076,
                            43.92198468192685
                        ],
                        [
                            -80.4303876914904,
                            43.92208768187222
                        ],
                        [
                            -80.43117979152193,
                            43.922623482042205
                        ],
                        [
                            -80.4310274913815,
                            43.92291978198281
                        ],
                        [
                            -80.43026539241647,
                            43.92315908226552
                        ],
                        [
                            -80.42921869146836,
                            43.923189381673545
                        ],
                        [
                            -80.42922979048326,
                            43.92333398191485
                        ],
                        [
                            -80.42976269247556,
                            43.92362478229938
                        ],
                        [
                            -80.43242859250397,
                            43.923611581756866
                        ],
                        [
                            -80.43313019297759,
                            43.923182882027504
                        ],
                        [
                            -80.43453739282872,
                            43.923227081775664
                        ],
                        [
                            -80.43603649439044,
                            43.922777481981086
                        ],
                        [
                            -80.43682649414771,
                            43.92222428177554
                        ],
                        [
                            -80.4366311938639,
                            43.92179738190571
                        ],
                        [
                            -80.43669959414669,
                            43.92114718093192
                        ],
                        [
                            -80.43646489439176,
                            43.92093838099671
                        ],
                        [
                            -80.43556949263463,
                            43.920780281198134
                        ],
                        [
                            -80.43540929264404,
                            43.92059948126085
                        ],
                        [
                            -80.43621149315955,
                            43.92007218096999
                        ],
                        [
                            -80.43662239260586,
                            43.9200921814168
                        ],
                        [
                            -80.43728529366533,
                            43.919798881419965
                        ],
                        [
                            -80.43766879427346,
                            43.92008048078714
                        ],
                        [
                            -80.43738709374901,
                            43.92088998099538
                        ],
                        [
                            -80.43758879424847,
                            43.92196078170053
                        ],
                        [
                            -80.43971749450388,
                            43.923438782276165
                        ],
                        [
                            -80.44121959455741,
                            43.923995382007455
                        ],
                        [
                            -80.44195279594689,
                            43.924179082148086
                        ],
                        [
                            -80.44260109617657,
                            43.92411918222092
                        ],
                        [
                            -80.44296419582356,
                            43.92392288233257
                        ],
                        [
                            -80.44355709636876,
                            43.923133482347595
                        ],
                        [
                            -80.44622849716696,
                            43.922516181032336
                        ],
                        [
                            -80.44660229755199,
                            43.92250898100948
                        ],
                        [
                            -80.44728079740389,
                            43.923223581046365
                        ],
                        [
                            -80.44760419664905,
                            43.923279180803384
                        ],
                        [
                            -80.44783049765421,
                            43.9230551806162
                        ],
                        [
                            -80.44825419720748,
                            43.92303918087237
                        ],
                        [
                            -80.44845049798889,
                            43.92336428115079
                        ],
                        [
                            -80.44869839849162,
                            43.92484208182827
                        ],
                        [
                            -80.44898329742247,
                            43.92501448156263
                        ],
                        [
                            -80.44976479808898,
                            43.92672898180488
                        ],
                        [
                            -80.44972129856691,
                            43.927395082371994
                        ],
                        [
                            -80.44993029843448,
                            43.927702181668934
                        ],
                        [
                            -80.44985099741737,
                            43.92819698173942
                        ],
                        [
                            -80.45003269922576,
                            43.928756082339554
                        ],
                        [
                            -80.45055239937415,
                            43.929136681575095
                        ],
                        [
                            -80.45179719872046,
                            43.92925078239503
                        ],
                        [
                            -80.45270369853698,
                            43.92957018215207
                        ],
                        [
                            -80.4527134996003,
                            43.92985838181276
                        ],
                        [
                            -80.45324650013325,
                            43.93015808220932
                        ],
                        [
                            -80.45362839965327,
                            43.93062808170025
                        ],
                        [
                            -80.45377500035276,
                            43.93231248266845
                        ],
                        [
                            -80.4533452995539,
                            43.93297668303521
                        ],
                        [
                            -80.45328999958635,
                            43.93357068329524
                        ],
                        [
                            -80.45375909972132,
                            43.936778183045
                        ],
                        [
                            -80.45370290042446,
                            43.93883078401201
                        ],
                        [
                            -80.45443670108043,
                            43.940337884417104
                        ],
                        [
                            -80.45500460151639,
                            43.94092578367982
                        ],
                        [
                            -80.45521220057796,
                            43.94138598439765
                        ],
                        [
                            -80.45571980180145,
                            43.94174858426776
                        ],
                        [
                            -80.45606420166307,
                            43.942245383891105
                        ],
                        [
                            -80.4560862024335,
                            43.942560583784775
                        ],
                        [
                            -80.45628540200319,
                            43.94257958358383
                        ],
                        [
                            -80.45628250255875,
                            43.94290368366792
                        ],
                        [
                            -80.45600620203231,
                            43.94313648435018
                        ],
                        [
                            -80.45621660203045,
                            43.94329048372444
                        ],
                        [
                            -80.45594740240563,
                            43.94412658484345
                        ],
                        [
                            -80.45615630184335,
                            43.94444268528036
                        ],
                        [
                            -80.45647920164201,
                            43.944561284784974
                        ],
                        [
                            -80.45632870171325,
                            43.9446685852119
                        ],
                        [
                            -80.4554331023164,
                            43.94449328483652
                        ],
                        [
                            -80.45488330190089,
                            43.944652685036274
                        ],
                        [
                            -80.45461760163946,
                            43.94510158460668
                        ],
                        [
                            -80.45474540145545,
                            43.94611058458214
                        ],
                        [
                            -80.45513410172198,
                            43.94721988472056
                        ],
                        [
                            -80.4564570014738,
                            43.94837868512572
                        ],
                        [
                            -80.45637730189254,
                            43.94891848493192
                        ],
                        [
                            -80.45689640326708,
                            43.9493981852254
                        ],
                        [
                            -80.45702860320692,
                            43.94992998630581
                        ],
                        [
                            -80.4558219016221,
                            43.949699186254705
                        ],
                        [
                            -80.45527120147788,
                            43.94995768632245
                        ],
                        [
                            -80.45530400156474,
                            43.950452985784125
                        ],
                        [
                            -80.45607060213361,
                            43.95112288629041
                        ],
                        [
                            -80.45563270214906,
                            43.95130988600099
                        ],
                        [
                            -80.45510300216479,
                            43.95199168643827
                        ],
                        [
                            -80.45437560233219,
                            43.95249238615864
                        ],
                        [
                            -80.45422920202557,
                            43.953509086359766
                        ],
                        [
                            -80.45335030200661,
                            43.954216186376925
                        ],
                        [
                            -80.45306670148217,
                            43.95525028657468
                        ],
                        [
                            -80.45268670139383,
                            43.95590568704853
                        ],
                        [
                            -80.45160960239447,
                            43.95647678686331
                        ],
                        [
                            -80.44983340062775,
                            43.95852098715692
                        ],
                        [
                            -80.44910660099437,
                            43.958940688052834
                        ],
                        [
                            -80.44794640062462,
                            43.959052187793255
                        ],
                        [
                            -80.44682869970359,
                            43.95861458821655
                        ],
                        [
                            -80.44683350029312,
                            43.958092386782944
                        ],
                        [
                            -80.44712479981118,
                            43.957589587035926
                        ],
                        [
                            -80.44791360036672,
                            43.95720628717992
                        ],
                        [
                            -80.44893450045541,
                            43.95597768656446
                        ],
                        [
                            -80.4488871012322,
                            43.95570738712723
                        ],
                        [
                            -80.44772069971297,
                            43.9551524868298
                        ],
                        [
                            -80.44614949942293,
                            43.95523218741432
                        ],
                        [
                            -80.44598889998699,
                            43.955078286724095
                        ],
                        [
                            -80.44625440042944,
                            43.95467438718952
                        ],
                        [
                            -80.44752109992011,
                            43.953825186598884
                        ],
                        [
                            -80.44777739976898,
                            43.95306168683325
                        ],
                        [
                            -80.44752960064356,
                            43.9515484857528
                        ],
                        [
                            -80.4465766994998,
                            43.95082468573253
                        ],
                        [
                            -80.44626219948877,
                            43.94979738606274
                        ],
                        [
                            -80.44600179932698,
                            43.94965198571727
                        ],
                        [
                            -80.4466701989877,
                            43.9487998864147
                        ],
                        [
                            -80.44710609875908,
                            43.948828486037286
                        ],
                        [
                            -80.44719539917529,
                            43.948612786339744
                        ],
                        [
                            -80.44687559926658,
                            43.9481526857875
                        ],
                        [
                            -80.44641249887341,
                            43.948366486270466
                        ],
                        [
                            -80.44641449859296,
                            43.94815038573519
                        ],
                        [
                            -80.44622789868693,
                            43.948122485987916
                        ],
                        [
                            -80.44587689905379,
                            43.94834648570361
                        ],
                        [
                            -80.44359229831865,
                            43.94877598577682
                        ],
                        [
                            -80.44294429850716,
                            43.94877118608373
                        ],
                        [
                            -80.44314659844127,
                            43.94845758605607
                        ],
                        [
                            -80.44208529811193,
                            43.948680885849306
                        ],
                        [
                            -80.44185949805133,
                            43.948830585676376
                        ],
                        [
                            -80.44258239748423,
                            43.94882168609768
                        ],
                        [
                            -80.44235629845095,
                            43.94901698613341
                        ],
                        [
                            -80.44029679647069,
                            43.94936148567412
                        ],
                        [
                            -80.43870819756515,
                            43.94998558562665
                        ],
                        [
                            -80.43761009586565,
                            43.95013328685384
                        ],
                        [
                            -80.4356351960967,
                            43.95074478694156
                        ],
                        [
                            -80.43532149577544,
                            43.95096828743693
                        ],
                        [
                            -80.43478549554162,
                            43.95098368711924
                        ],
                        [
                            -80.43403419557788,
                            43.9513490870241
                        ],
                        [
                            -80.4338424953646,
                            43.951852386662225
                        ],
                        [
                            -80.4339660951807,
                            43.95196998731647
                        ],
                        [
                            -80.4362010964235,
                            43.95284538685004
                        ],
                        [
                            -80.43604909634749,
                            43.95310578661288
                        ],
                        [
                            -80.4353985961781,
                            43.953363686600525
                        ],
                        [
                            -80.43506909534523,
                            43.953938287416584
                        ],
                        [
                            -80.43522819541941,
                            43.95425418717157
                        ],
                        [
                            -80.43608649651578,
                            43.95442948690431
                        ],
                        [
                            -80.436008995974,
                            43.95471718689106
                        ],
                        [
                            -80.43558509576583,
                            43.95473308677964
                        ],
                        [
                            -80.43457899582916,
                            43.954367986878474
                        ],
                        [
                            -80.43335769463162,
                            43.95435298665666
                        ],
                        [
                            -80.43276309446536,
                            43.953971886555735
                        ],
                        [
                            -80.43238849520857,
                            43.95404208702617
                        ],
                        [
                            -80.43302029545677,
                            43.9544503873481
                        ],
                        [
                            -80.43428939658666,
                            43.95468168739838
                        ],
                        [
                            -80.43523089596844,
                            43.955280587892794
                        ],
                        [
                            -80.43555429628506,
                            43.956668787690354
                        ],
                        [
                            -80.43583639685465,
                            43.95715628840418
                        ],
                        [
                            -80.43629659711853,
                            43.957257587903364
                        ],
                        [
                            -80.43688259651972,
                            43.958565988044086
                        ],
                        [
                            -80.43782249698573,
                            43.959344987632115
                        ],
                        [
                            -80.43823809842844,
                            43.96022038821605
                        ],
                        [
                            -80.43943639766334,
                            43.961371388060094
                        ],
                        [
                            -80.43939689845074,
                            43.96159458822769
                        ],
                        [
                            -80.43796179801167,
                            43.96044408760831
                        ],
                        [
                            -80.43605139738953,
                            43.95947128769109
                        ],
                        [
                            -80.4351618956069,
                            43.95862958813935
                        ],
                        [
                            -80.43401029557319,
                            43.95782258762499
                        ],
                        [
                            -80.43315399611865,
                            43.957431187774496
                        ],
                        [
                            -80.43292079597781,
                            43.95705188834513
                        ],
                        [
                            -80.43222429475186,
                            43.956895388112606
                        ],
                        [
                            -80.43091049483176,
                            43.95611448760557
                        ],
                        [
                            -80.4303865944956,
                            43.956165988031024
                        ],
                        [
                            -80.43012079480614,
                            43.956587788308944
                        ],
                        [
                            -80.42922559418028,
                            43.95635818834403
                        ],
                        [
                            -80.42883009396425,
                            43.95600508763931
                        ],
                        [
                            -80.42844469377167,
                            43.955904187649416
                        ],
                        [
                            -80.42829459380862,
                            43.95596638824305
                        ],
                        [
                            -80.42846569414161,
                            43.956318387669306
                        ],
                        [
                            -80.42790449400117,
                            43.956351587603905
                        ],
                        [
                            -80.42751199447287,
                            43.95568338765232
                        ],
                        [
                            -80.42604979337604,
                            43.95480268763483
                        ],
                        [
                            -80.42512479355898,
                            43.95507718764579
                        ],
                        [
                            -80.42457019253823,
                            43.955722687920236
                        ],
                        [
                            -80.42502749349308,
                            43.95613008785904
                        ],
                        [
                            -80.42431279337605,
                            43.95656768757092
                        ],
                        [
                            -80.42294029174401,
                            43.95672288776826
                        ],
                        [
                            -80.41956529135292,
                            43.95643568830399
                        ],
                        [
                            -80.418900690474,
                            43.9568554893736
                        ],
                        [
                            -80.41887339086614,
                            43.957098389286486
                        ],
                        [
                            -80.41835779103417,
                            43.95756398897155
                        ],
                        [
                            -80.41794809057619,
                            43.95739988890585
                        ],
                        [
                            -80.41762319078188,
                            43.95748818903358
                        ],
                        [
                            -80.41665668947358,
                            43.95690708901774
                        ],
                        [
                            -80.41502919042861,
                            43.95636758920376
                        ],
                        [
                            -80.41403199024145,
                            43.956371488735115
                        ],
                        [
                            -80.41270388884425,
                            43.95707588924446
                        ],
                        [
                            -80.41163438898442,
                            43.95809678868427
                        ],
                        [
                            -80.41115038884226,
                            43.959147789293745
                        ],
                        [
                            -80.41054538906515,
                            43.95982888896178
                        ],
                        [
                            -80.40944418781686,
                            43.96026439029246
                        ],
                        [
                            -80.40858298826167,
                            43.960385990130824
                        ],
                        [
                            -80.40686678859721,
                            43.959989990014044
                        ],
                        [
                            -80.40564558677521,
                            43.95995658989353
                        ],
                        [
                            -80.40498008702652,
                            43.9604482898602
                        ],
                        [
                            -80.4048899871842,
                            43.960726989689775
                        ],
                        [
                            -80.40507218694697,
                            43.96120508967746
                        ],
                        [
                            -80.40433118637364,
                            43.96176849003941
                        ],
                        [
                            -80.40443988726147,
                            43.96212019015909
                        ],
                        [
                            -80.40426288666912,
                            43.96236239028683
                        ],
                        [
                            -80.40413858673969,
                            43.962325689918515
                        ],
                        [
                            -80.40419698679509,
                            43.962722189704415
                        ],
                        [
                            -80.40384558755922,
                            43.96296339002808
                        ]
                    ],
                    [
                        [
                            -80.42035399135169,
                            43.950947486769024
                        ],
                        [
                            -80.42175429153791,
                            43.950486387119476
                        ],
                        [
                            -80.42220819155212,
                            43.949939487033916
                        ],
                        [
                            -80.4225711922511,
                            43.94977928729521
                        ],
                        [
                            -80.42309379155331,
                            43.94986288701468
                        ],
                        [
                            -80.42387219263385,
                            43.95056008661806
                        ],
                        [
                            -80.4252297929121,
                            43.950647987212236
                        ],
                        [
                            -80.42636529317582,
                            43.95050058719099
                        ],
                        [
                            -80.42680419293906,
                            43.95021468737788
                        ],
                        [
                            -80.42728449310572,
                            43.949514786783546
                        ],
                        [
                            -80.42740519326799,
                            43.948633087424334
                        ],
                        [
                            -80.42676639271576,
                            43.94766648694516
                        ],
                        [
                            -80.42632039265331,
                            43.94739418682265
                        ],
                        [
                            -80.42578459210173,
                            43.94739148668252
                        ],
                        [
                            -80.42523489212022,
                            43.94753278679905
                        ],
                        [
                            -80.42472039245516,
                            43.94789928731009
                        ],
                        [
                            -80.4243715916317,
                            43.94788858685032
                        ],
                        [
                            -80.42303969258076,
                            43.9490162872588
                        ],
                        [
                            -80.42271549238625,
                            43.94903268731963
                        ],
                        [
                            -80.42240539245287,
                            43.94887808709371
                        ],
                        [
                            -80.42168009082516,
                            43.94785698693843
                        ],
                        [
                            -80.42106209039416,
                            43.94733158719553
                        ],
                        [
                            -80.41956078996243,
                            43.94664878695282
                        ],
                        [
                            -80.41847558974166,
                            43.946760286549306
                        ],
                        [
                            -80.41782058954581,
                            43.947468187420974
                        ],
                        [
                            -80.41766688961607,
                            43.94789958667958
                        ],
                        [
                            -80.41768228948999,
                            43.94887208661438
                        ],
                        [
                            -80.4188650912449,
                            43.950264687374684
                        ],
                        [
                            -80.42035399135169,
                            43.950947486769024
                        ]
                    ],
                    [
                        [
                            -80.43154259374626,
                            43.947330186402546
                        ],
                        [
                            -80.43105339458509,
                            43.94766088642428
                        ],
                        [
                            -80.43093829387915,
                            43.947966386211284
                        ],
                        [
                            -80.4314188944574,
                            43.94853608713804
                        ],
                        [
                            -80.43258169460549,
                            43.94944218733324
                        ],
                        [
                            -80.43373899496542,
                            43.949627986919936
                        ],
                        [
                            -80.43529969623334,
                            43.94932058579931
                        ],
                        [
                            -80.43608339612024,
                            43.94946848579474
                        ],
                        [
                            -80.43621009565341,
                            43.94925298613752
                        ],
                        [
                            -80.43776789652765,
                            43.94925168563538
                        ],
                        [
                            -80.43885389652785,
                            43.9490679858348
                        ],
                        [
                            -80.43954219741937,
                            43.94876298631996
                        ],
                        [
                            -80.44186099810503,
                            43.94867808606672
                        ],
                        [
                            -80.44269919825642,
                            43.94832818599062
                        ],
                        [
                            -80.44348509791706,
                            43.94824428620146
                        ],
                        [
                            -80.44442459735512,
                            43.947718186387306
                        ],
                        [
                            -80.44452349827705,
                            43.94780868599186
                        ],
                        [
                            -80.44438409820289,
                            43.94806008604878
                        ],
                        [
                            -80.44470769875615,
                            43.948097685968605
                        ],
                        [
                            -80.44555839887508,
                            43.94775068605178
                        ],
                        [
                            -80.44584819864251,
                            43.947409985958295
                        ],
                        [
                            -80.445579699506,
                            43.946796386281456
                        ],
                        [
                            -80.4461423989439,
                            43.946591485173066
                        ],
                        [
                            -80.44648909866238,
                            43.946827285912
                        ],
                        [
                            -80.4472014993995,
                            43.946605085072505
                        ],
                        [
                            -80.4476528995453,
                            43.94630058500769
                        ],
                        [
                            -80.44756919925334,
                            43.945921984907706
                        ],
                        [
                            -80.44795429907799,
                            43.946049885295956
                        ],
                        [
                            -80.44825829849842,
                            43.94551958495881
                        ],
                        [
                            -80.44794879905544,
                            43.94530198528659
                        ],
                        [
                            -80.44788259897743,
                            43.9443743848573
                        ],
                        [
                            -80.44762259916939,
                            43.9441929846211
                        ],
                        [
                            -80.4476006990607,
                            43.94386818529125
                        ],
                        [
                            -80.44731259868354,
                            43.944020484625845
                        ],
                        [
                            -80.44711539865217,
                            43.94378538487704
                        ],
                        [
                            -80.44738989946602,
                            43.943750685124755
                        ],
                        [
                            -80.44751689940415,
                            43.94349868473018
                        ],
                        [
                            -80.44680009941256,
                            43.942855985409125
                        ],
                        [
                            -80.44684089916376,
                            43.94248698524546
                        ],
                        [
                            -80.44623299875711,
                            43.94219588522383
                        ],
                        [
                            -80.44650869937007,
                            43.94202558484857
                        ],
                        [
                            -80.44648499902489,
                            43.94189048469012
                        ],
                        [
                            -80.44599989767109,
                            43.94179808518139
                        ],
                        [
                            -80.44554929847928,
                            43.94201258492104
                        ],
                        [
                            -80.44500479751545,
                            43.9429473849283
                        ],
                        [
                            -80.44431469828554,
                            43.94346628466981
                        ],
                        [
                            -80.44424869819323,
                            43.943853684987396
                        ],
                        [
                            -80.443087197404,
                            43.944134385133374
                        ],
                        [
                            -80.44308409809163,
                            43.944467584928645
                        ],
                        [
                            -80.44163479760768,
                            43.944875184919304
                        ],
                        [
                            -80.44099449706991,
                            43.945388685691704
                        ],
                        [
                            -80.44054719679639,
                            43.9452440859239
                        ],
                        [
                            -80.44023389682317,
                            43.94543328583048
                        ],
                        [
                            -80.43812499604002,
                            43.94574208638444
                        ],
                        [
                            -80.43684429615686,
                            43.9454385859464
                        ],
                        [
                            -80.43639469590987,
                            43.94554448604369
                        ],
                        [
                            -80.43552499480307,
                            43.94526108620934
                        ],
                        [
                            -80.4351169944846,
                            43.94492588601897
                        ],
                        [
                            -80.43461559522251,
                            43.94522958571327
                        ],
                        [
                            -80.43467559452914,
                            43.94548198631459
                        ],
                        [
                            -80.43527269451575,
                            43.945583985911306
                        ],
                        [
                            -80.43523289520475,
                            43.945844886254385
                        ],
                        [
                            -80.43290099443333,
                            43.94601338599945
                        ],
                        [
                            -80.43158549365401,
                            43.94674518557197
                        ],
                        [
                            -80.43154259374626,
                            43.947330186402546
                        ]
                    ],
                    [
                        [
                            -80.43767319569781,
                            43.94475848640958
                        ],
                        [
                            -80.43788269638193,
                            43.945002586364524
                        ],
                        [
                            -80.43906679612263,
                            43.94497238623883
                        ],
                        [
                            -80.44110239697066,
                            43.944505185433286
                        ],
                        [
                            -80.44350299782427,
                            43.942309884668575
                        ],
                        [
                            -80.44311349659321,
                            43.94131758528759
                        ],
                        [
                            -80.44308269755547,
                            43.94061508514714
                        ],
                        [
                            -80.4433621975646,
                            43.94003128390638
                        ],
                        [
                            -80.44412499787936,
                            43.939746883632694
                        ],
                        [
                            -80.44413019756014,
                            43.939189183964245
                        ],
                        [
                            -80.44119189666094,
                            43.93760878370953
                        ],
                        [
                            -80.44030839656287,
                            43.93748748393583
                        ],
                        [
                            -80.4404730954541,
                            43.93719118385683
                        ],
                        [
                            -80.44167069691183,
                            43.93703488360204
                        ],
                        [
                            -80.44219169646031,
                            43.93728058390521
                        ],
                        [
                            -80.44242999662897,
                            43.93711068409975
                        ],
                        [
                            -80.44361539686348,
                            43.93693638443163
                        ],
                        [
                            -80.44725069745654,
                            43.93725108402342
                        ],
                        [
                            -80.44778739906478,
                            43.937154683681584
                        ],
                        [
                            -80.44792609894672,
                            43.93697528365092
                        ],
                        [
                            -80.44776959755437,
                            43.936380283930774
                        ],
                        [
                            -80.44737419769267,
                            43.93601818356698
                        ],
                        [
                            -80.44683439810983,
                            43.93511528269303
                        ],
                        [
                            -80.44695529767081,
                            43.934170482830226
                        ],
                        [
                            -80.44678149793619,
                            43.934097583294864
                        ],
                        [
                            -80.4466008984984,
                            43.93342138277902
                        ],
                        [
                            -80.44512799727117,
                            43.93102828301136
                        ],
                        [
                            -80.44396489753441,
                            43.93016728321221
                        ],
                        [
                            -80.44336709693128,
                            43.93014638304493
                        ],
                        [
                            -80.44279069607856,
                            43.93050378273043
                        ],
                        [
                            -80.44269469567587,
                            43.931448682956436
                        ],
                        [
                            -80.4421866961857,
                            43.93248158307357
                        ],
                        [
                            -80.44165599537986,
                            43.93461288436359
                        ],
                        [
                            -80.44055779657788,
                            43.93479658420222
                        ],
                        [
                            -80.43955079572568,
                            43.93456658409017
                        ],
                        [
                            -80.43839709455555,
                            43.933862583846235
                        ],
                        [
                            -80.43805779436025,
                            43.932515383256415
                        ],
                        [
                            -80.43826169472149,
                            43.93062958267039
                        ],
                        [
                            -80.43795549489737,
                            43.93006648331126
                        ],
                        [
                            -80.43737519559811,
                            43.9295948827097
                        ],
                        [
                            -80.43648029433417,
                            43.92937718312264
                        ],
                        [
                            -80.43376169296755,
                            43.92966028316588
                        ],
                        [
                            -80.43310899329411,
                            43.930179282730286
                        ],
                        [
                            -80.43268969321116,
                            43.931040983318866
                        ],
                        [
                            -80.4325304933192,
                            43.932056483693636
                        ],
                        [
                            -80.43258819359296,
                            43.93302858415578
                        ],
                        [
                            -80.43300279402706,
                            43.933976083953404
                        ],
                        [
                            -80.43532759451126,
                            43.9340241838554
                        ],
                        [
                            -80.43706949522868,
                            43.93460388380152
                        ],
                        [
                            -80.43756359511269,
                            43.935223684162665
                        ],
                        [
                            -80.43808679447565,
                            43.93646818370131
                        ],
                        [
                            -80.43833429644201,
                            43.93665108375607
                        ],
                        [
                            -80.43801959527583,
                            43.93699568411862
                        ],
                        [
                            -80.43876519561988,
                            43.93729248369253
                        ],
                        [
                            -80.43913909553426,
                            43.93727468372135
                        ],
                        [
                            -80.43935979583179,
                            43.93765388413638
                        ],
                        [
                            -80.43985689648149,
                            43.93780038384513
                        ],
                        [
                            -80.4409080969401,
                            43.93864288378322
                        ],
                        [
                            -80.44121209713667,
                            43.93944568418285
                        ],
                        [
                            -80.44139779750962,
                            43.939572584471264
                        ],
                        [
                            -80.44121939704178,
                            43.93999658539324
                        ],
                        [
                            -80.44051719703332,
                            43.940467584994856
                        ],
                        [
                            -80.43985509572188,
                            43.940651084892345
                        ],
                        [
                            -80.43820869553464,
                            43.940817485415025
                        ],
                        [
                            -80.43602009534523,
                            43.940347585135605
                        ],
                        [
                            -80.43566769527166,
                            43.940714985079836
                        ],
                        [
                            -80.43550179504385,
                            43.94112828516289
                        ],
                        [
                            -80.43567079451832,
                            43.941705384620164
                        ],
                        [
                            -80.43542999534779,
                            43.94213638505605
                        ],
                        [
                            -80.43568719498126,
                            43.94260578471714
                        ],
                        [
                            -80.43563369480425,
                            43.94299268455008
                        ],
                        [
                            -80.43601279472652,
                            43.94375088521989
                        ],
                        [
                            -80.43682779601697,
                            43.94454718576844
                        ],
                        [
                            -80.43767319569781,
                            43.94475848640958
                        ]
                    ],
                    [
                        [
                            -80.42919929304063,
                            43.94215948590255
                        ],
                        [
                            -80.43048549276871,
                            43.941877785136086
                        ],
                        [
                            -80.43067189457922,
                            43.94192368508499
                        ],
                        [
                            -80.43080629413764,
                            43.942203485403866
                        ],
                        [
                            -80.43128189432635,
                            43.941989785452954
                        ],
                        [
                            -80.431262094537,
                            43.94144938466247
                        ],
                        [
                            -80.43167869415413,
                            43.94088428545494
                        ],
                        [
                            -80.43145949432301,
                            43.94035198540673
                        ],
                        [
                            -80.43084959323453,
                            43.9402768849811
                        ],
                        [
                            -80.42969769277359,
                            43.94086538502637
                        ],
                        [
                            -80.4293579934834,
                            43.941196885345406
                        ],
                        [
                            -80.42842159267474,
                            43.94139928509755
                        ],
                        [
                            -80.42833189321088,
                            43.94165088471962
                        ],
                        [
                            -80.42858099295317,
                            43.94166118461677
                        ],
                        [
                            -80.42919929304063,
                            43.94215948590255
                        ]
                    ],
                    [
                        [
                            -80.41980928998176,
                            43.94032048622284
                        ],
                        [
                            -80.42092409015072,
                            43.93972288542466
                        ],
                        [
                            -80.4212661900175,
                            43.939130384880244
                        ],
                        [
                            -80.42123599038008,
                            43.938391885004826
                        ],
                        [
                            -80.42144849055525,
                            43.938158885312006
                        ],
                        [
                            -80.42128808987191,
                            43.9378338853138
                        ],
                        [
                            -80.42135078993412,
                            43.9375550846737
                        ],
                        [
                            -80.42112729031696,
                            43.937400885082255
                        ],
                        [
                            -80.42105379013576,
                            43.93710348518778
                        ],
                        [
                            -80.41977158983022,
                            43.93754708541015
                        ],
                        [
                            -80.418891588666,
                            43.93858708505932
                        ],
                        [
                            -80.41897559061834,
                            43.93892058458665
                        ],
                        [
                            -80.41882069015054,
                            43.93946908588597
                        ],
                        [
                            -80.41916698992958,
                            43.93974098627854
                        ],
                        [
                            -80.41941058994472,
                            43.940318385581946
                        ],
                        [
                            -80.41980928998176,
                            43.94032048622284
                        ]
                    ],
                    [
                        [
                            -80.43734069490667,
                            43.93755558384841
                        ],
                        [
                            -80.43611779465103,
                            43.937664983927675
                        ],
                        [
                            -80.43591659528632,
                            43.93794308437277
                        ],
                        [
                            -80.43693899482712,
                            43.93936168457767
                        ],
                        [
                            -80.43805649652873,
                            43.939781285383866
                        ],
                        [
                            -80.43869379555645,
                            43.939586385392424
                        ],
                        [
                            -80.43904679589306,
                            43.93914698466572
                        ],
                        [
                            -80.43886499636395,
                            43.938596784183744
                        ],
                        [
                            -80.43827299574633,
                            43.93787478379314
                        ],
                        [
                            -80.43734069490667,
                            43.93755558384841
                        ]
                    ],
                    [
                        [
                            -80.45386510163259,
                            43.941532583793744
                        ],
                        [
                            -80.45241789972647,
                            43.94172378387166
                        ],
                        [
                            -80.45196259985778,
                            43.942459884774856
                        ],
                        [
                            -80.45197290032897,
                            43.9426939851702
                        ],
                        [
                            -80.45280460072519,
                            43.943040184891
                        ],
                        [
                            -80.45313020151625,
                            43.94286158507714
                        ],
                        [
                            -80.45327030152538,
                            43.942529184286045
                        ],
                        [
                            -80.45343190108964,
                            43.94257498435593
                        ],
                        [
                            -80.45374030069391,
                            43.9429185837012
                        ],
                        [
                            -80.45436040159834,
                            43.94323668489349
                        ],
                        [
                            -80.45438250150178,
                            43.94355188485452
                        ],
                        [
                            -80.4546186015848,
                            43.94362508474556
                        ],
                        [
                            -80.45510490067214,
                            43.9435823845925
                        ],
                        [
                            -80.45599650257496,
                            43.94283028414367
                        ],
                        [
                            -80.45597460233505,
                            43.94250608386587
                        ],
                        [
                            -80.45570250137372,
                            43.94227968440368
                        ],
                        [
                            -80.45526330142842,
                            43.94261068382148
                        ],
                        [
                            -80.45515570124097,
                            43.942114984278334
                        ],
                        [
                            -80.45447480108602,
                            43.94162558420241
                        ],
                        [
                            -80.45386510163259,
                            43.941532583793744
                        ]
                    ],
                    [
                        [
                            -80.44991350018977,
                            43.943053284759294
                        ],
                        [
                            -80.45010259945877,
                            43.942820084762495
                        ],
                        [
                            -80.45000539975035,
                            43.94254048457632
                        ],
                        [
                            -80.45043320024101,
                            43.94209238518443
                        ],
                        [
                            -80.45043570039073,
                            43.94182228371657
                        ],
                        [
                            -80.44943559963451,
                            43.94217768522978
                        ],
                        [
                            -80.44931569951852,
                            43.94301438529957
                        ],
                        [
                            -80.44973460048234,
                            43.94352958520276
                        ],
                        [
                            -80.44946489984612,
                            43.944401684715515
                        ],
                        [
                            -80.4502034996653,
                            43.94539558486828
                        ],
                        [
                            -80.44999339997335,
                            43.946556084618244
                        ],
                        [
                            -80.45064170006361,
                            43.9465231848219
                        ],
                        [
                            -80.4512810996476,
                            43.946103085000274
                        ],
                        [
                            -80.45124769988274,
                            43.945670784837276
                        ],
                        [
                            -80.45095060027413,
                            43.945453184774124
                        ],
                        [
                            -80.4506114005214,
                            43.94439818492103
                        ],
                        [
                            -80.45015199972026,
                            43.94421588507689
                        ],
                        [
                            -80.45014380013207,
                            43.94375668473187
                        ],
                        [
                            -80.45030769974825,
                            43.94355038454904
                        ],
                        [
                            -80.44991350018977,
                            43.943053284759294
                        ]
                    ],
                    [
                        [
                            -80.45355820040385,
                            43.94647408477149
                        ],
                        [
                            -80.45273500118485,
                            43.946560185328984
                        ],
                        [
                            -80.45243200060305,
                            43.94698188497106
                        ],
                        [
                            -80.45143570056206,
                            43.94691408517032
                        ],
                        [
                            -80.449961499711,
                            43.947312185027464
                        ],
                        [
                            -80.44921970055293,
                            43.94801988628053
                        ],
                        [
                            -80.44884939969569,
                            43.94763998624026
                        ],
                        [
                            -80.4485627999472,
                            43.94762958616894
                        ],
                        [
                            -80.44852030049317,
                            43.948187586401275
                        ],
                        [
                            -80.44824219938096,
                            43.94860948638658
                        ],
                        [
                            -80.44736460041398,
                            43.94918148562965
                        ],
                        [
                            -80.44674019944996,
                            43.949322485828674
                        ],
                        [
                            -80.44642529866715,
                            43.94968108626773
                        ],
                        [
                            -80.44656589878376,
                            43.950645186407634
                        ],
                        [
                            -80.44746959966282,
                            43.951306786378055
                        ],
                        [
                            -80.44770279954325,
                            43.951686086050934
                        ],
                        [
                            -80.44785220020127,
                            43.953055287189784
                        ],
                        [
                            -80.44769670036982,
                            43.9537027867412
                        ],
                        [
                            -80.44642919974088,
                            43.95464208701225
                        ],
                        [
                            -80.44611340060011,
                            43.95509968722782
                        ],
                        [
                            -80.44788299989968,
                            43.95511728740356
                        ],
                        [
                            -80.44906090086566,
                            43.95578928693811
                        ],
                        [
                            -80.44888180130022,
                            43.95628358702618
                        ],
                        [
                            -80.44821400012668,
                            43.95707268723987
                        ],
                        [
                            -80.44732429959018,
                            43.95758158699957
                        ],
                        [
                            -80.44703440045213,
                            43.95793128735385
                        ],
                        [
                            -80.44685570054118,
                            43.95838958803931
                        ],
                        [
                            -80.4470405003515,
                            43.95861558784449
                        ],
                        [
                            -80.44860800150386,
                            43.95894728804369
                        ],
                        [
                            -80.44899500147814,
                            43.958877187592
                        ],
                        [
                            -80.44982230042064,
                            43.95837688686315
                        ],
                        [
                            -80.45110740125567,
                            43.95687948672376
                        ],
                        [
                            -80.45290340155817,
                            43.95538448675762
                        ],
                        [
                            -80.45316280163014,
                            43.95427828663667
                        ],
                        [
                            -80.45410490161126,
                            43.95347248577591
                        ],
                        [
                            -80.45404920215637,
                            43.952751986068925
                        ],
                        [
                            -80.45570910139178,
                            43.95113018612214
                        ],
                        [
                            -80.45577310171075,
                            43.95095038581787
                        ],
                        [
                            -80.45511730153805,
                            43.95043408642825
                        ],
                        [
                            -80.45512150152014,
                            43.94996598584319
                        ],
                        [
                            -80.45567290234763,
                            43.94963538575533
                        ],
                        [
                            -80.45679400333269,
                            43.94969478604388
                        ],
                        [
                            -80.4561405023475,
                            43.94892638506038
                        ],
                        [
                            -80.45579280137437,
                            43.94878968534599
                        ],
                        [
                            -80.45537440213687,
                            43.94820248479798
                        ],
                        [
                            -80.45444590155608,
                            43.94752278467346
                        ],
                        [
                            -80.4542420011518,
                            43.946648485058155
                        ],
                        [
                            -80.45355820040385,
                            43.94647408477149
                        ]
                    ],
                    [
                        [
                            -80.42539349016572,
                            43.925879783307984
                        ],
                        [
                            -80.42621769138916,
                            43.925676783312056
                        ],
                        [
                            -80.426494690464,
                            43.925363082618006
                        ],
                        [
                            -80.42681409052719,
                            43.92323978223871
                        ],
                        [
                            -80.4265335897159,
                            43.92260808168134
                        ],
                        [
                            -80.4260519901084,
                            43.92217348243045
                        ],
                        [
                            -80.42497148984909,
                            43.921834982325976
                        ],
                        [
                            -80.42269538913034,
                            43.92148128226008
                        ],
                        [
                            -80.42261898859846,
                            43.92165198181323
                        ],
                        [
                            -80.42306798902075,
                            43.92288778194421
                        ],
                        [
                            -80.42314388974383,
                            43.924058682593156
                        ],
                        [
                            -80.42355688997245,
                            43.92515018299897
                        ],
                        [
                            -80.42432338980409,
                            43.92574828315344
                        ],
                        [
                            -80.42539349016572,
                            43.925879783307984
                        ]
                    ]
                ]
            }
        },
        {
            "type": "Feature",
            "properties": {
                "Id": 0,
                "Hylak_id": 110809,
                "Lake_name": null,
                "Country": "Canada",
                "Continent": "North America",
                "Poly_src": "Other",
                "Lake_type": 2,
                "Grand_id": 1506,
                "Lake_area": 5.54,
                "Shore_len": 25.99,
                "Shore_dev": 3.11999988556,
                "Vol_total": 61.2,
                "Vol_res": 61.2,
                "Vol_src": 2,
                "Depth_avg": 11.0,
                "Dis_avg": 5.229,
                "Res_time": 135.5,
                "Elevation": 416,
                "Slope_100": 3.31999993324,
                "Wshd_area": 779.8,
                "Pour_long": -80.335417,
                "Pour_lat": 43.735807
            },
            "geometry": {
                "type": "Polygon",
                "coordinates": [
                    [
                        [
                            -80.31283769884229,
                            43.79378666469562
                        ],
                        [
                            -80.31603714398894,
                            43.79035676367316
                        ],
                        [
                            -80.31689804457132,
                            43.79005586368469
                        ],
                        [
                            -80.31692904416356,
                            43.78953376442336
                        ],
                        [
                            -80.31936954412333,
                            43.78804466416535
                        ],
                        [
                            -80.31991164445986,
                            43.78737256437529
                        ],
                        [
                            -80.32266554546902,
                            43.78563316347087
                        ],
                        [
                            -80.32393444574625,
                            43.78442516306732
                        ],
                        [
                            -80.32409354459502,
                            43.783543763056436
                        ],
                        [
                            -80.32458154640442,
                            43.78324946316612
                        ],
                        [
                            -80.32593764562203,
                            43.78090746177185
                        ],
                        [
                            -80.32553694617167,
                            43.78117526173458
                        ],
                        [
                            -80.32573884579155,
                            43.77979886177719
                        ],
                        [
                            -80.32534724622501,
                            43.77925626201682
                        ],
                        [
                            -80.32653114617771,
                            43.7789571618108
                        ],
                        [
                            -80.32775604587187,
                            43.77611016108854
                        ],
                        [
                            -80.32906344620658,
                            43.77475826071901
                        ],
                        [
                            -80.32920004542939,
                            43.77366056056138
                        ],
                        [
                            -80.33071284717813,
                            43.77282305960585
                        ],
                        [
                            -80.33167034739975,
                            43.770523660027756
                        ],
                        [
                            -80.33235614665521,
                            43.77030255973938
                        ],
                        [
                            -80.33247624672364,
                            43.76956496011901
                        ],
                        [
                            -80.33216264743976,
                            43.76871676021185
                        ],
                        [
                            -80.33273794645831,
                            43.76725245934962
                        ],
                        [
                            -80.3331130476091,
                            43.76703855879477
                        ],
                        [
                            -80.33369944757129,
                            43.76570045908157
                        ],
                        [
                            -80.33335434644921,
                            43.765455359302685
                        ],
                        [
                            -80.33222424652897,
                            43.76541265866413
                        ],
                        [
                            -80.33446064724959,
                            43.76435425899474
                        ],
                        [
                            -80.33498934743268,
                            43.76372705864861
                        ],
                        [
                            -80.33506414721784,
                            43.7625119575725
                        ],
                        [
                            -80.33413304726866,
                            43.76133605820197
                        ],
                        [
                            -80.33432274702682,
                            43.76103105808265
                        ],
                        [
                            -80.33427734647844,
                            43.759455058129504
                        ],
                        [
                            -80.33593264701386,
                            43.75588115667994
                        ],
                        [
                            -80.3358011464711,
                            43.75541215741548
                        ],
                        [
                            -80.33494714598073,
                            43.75512815725005
                        ],
                        [
                            -80.33341914542325,
                            43.755146257081556
                        ],
                        [
                            -80.3321206462114,
                            43.75574185735723
                        ],
                        [
                            -80.33143924507011,
                            43.75557585741388
                        ],
                        [
                            -80.3310270446654,
                            43.754664057320845
                        ],
                        [
                            -80.3293842455822,
                            43.7538350567058
                        ],
                        [
                            -80.3283329435894,
                            43.75231625734783
                        ],
                        [
                            -80.3275171444749,
                            43.74862885590776
                        ],
                        [
                            -80.32679024266984,
                            43.748102355735234
                        ],
                        [
                            -80.32586044281281,
                            43.74795275577653
                        ],
                        [
                            -80.32810784379426,
                            43.746903555817745
                        ],
                        [
                            -80.32837674373594,
                            43.746175756220296
                        ],
                        [
                            -80.32991584452917,
                            43.744041854725374
                        ],
                        [
                            -80.33035524372313,
                            43.74250475519888
                        ],
                        [
                            -80.33181834399824,
                            43.74047845462258
                        ],
                        [
                            -80.33206424360627,
                            43.73958855483327
                        ],
                        [
                            -80.33187074420167,
                            43.73911915470163
                        ],
                        [
                            -80.33039164369126,
                            43.739236554955525
                        ],
                        [
                            -80.32948084325896,
                            43.73961835477979
                        ],
                        [
                            -80.32814424269485,
                            43.739205355312286
                        ],
                        [
                            -80.32618764154311,
                            43.7398151547941
                        ],
                        [
                            -80.32609414172529,
                            43.74039985486139
                        ],
                        [
                            -80.32575744206983,
                            43.74052385527282
                        ],
                        [
                            -80.32414634205698,
                            43.74022625494053
                        ],
                        [
                            -80.3204660407682,
                            43.74060965493466
                        ],
                        [
                            -80.31814563979725,
                            43.74044275470868
                        ],
                        [
                            -80.31705723887508,
                            43.74004905542827
                        ],
                        [
                            -80.31785843950574,
                            43.73948655491121
                        ],
                        [
                            -80.31800514027745,
                            43.738596055273106
                        ],
                        [
                            -80.31870344058574,
                            43.73834815467508
                        ],
                        [
                            -80.3184484402346,
                            43.737833355023554
                        ],
                        [
                            -80.31861153964394,
                            43.73769025492523
                        ],
                        [
                            -80.32270404078695,
                            43.738182855281266
                        ],
                        [
                            -80.32407084100223,
                            43.73810985528065
                        ],
                        [
                            -80.3257050417953,
                            43.73745325389186
                        ],
                        [
                            -80.3259084413831,
                            43.73703125395603
                        ],
                        [
                            -80.32579084213631,
                            43.73644525423352
                        ],
                        [
                            -80.32672564242158,
                            43.737243153827215
                        ],
                        [
                            -80.32754214280128,
                            43.73751805420446
                        ],
                        [
                            -80.33016434240002,
                            43.737344354112395
                        ],
                        [
                            -80.3317990441474,
                            43.73663365421551
                        ],
                        [
                            -80.33195254387368,
                            43.73511285432401
                        ],
                        [
                            -80.33250814371351,
                            43.73540425411281
                        ],
                        [
                            -80.33248954381003,
                            43.73596235420562
                        ],
                        [
                            -80.33294554395688,
                            43.73627115429708
                        ],
                        [
                            -80.33362214453658,
                            43.73572585421644
                        ],
                        [
                            -80.33385284378978,
                            43.73507895393914
                        ],
                        [
                            -80.33508144553821,
                            43.73402365318343
                        ],
                        [
                            -80.34015774660284,
                            43.73538565286196
                        ],
                        [
                            -80.34044064556487,
                            43.73563035315468
                        ],
                        [
                            -80.34017014616238,
                            43.73651125420472
                        ],
                        [
                            -80.3405613464485,
                            43.73708075417766
                        ],
                        [
                            -80.34290984670274,
                            43.73807565398754
                        ],
                        [
                            -80.3425485470928,
                            43.738181654334724
                        ],
                        [
                            -80.3411371471716,
                            43.73779535389129
                        ],
                        [
                            -80.33974514589534,
                            43.737895353710286
                        ],
                        [
                            -80.33951444632811,
                            43.738551353639295
                        ],
                        [
                            -80.33893044640487,
                            43.738583954312645
                        ],
                        [
                            -80.33840344547893,
                            43.73907615413596
                        ],
                        [
                            -80.33689714626829,
                            43.74165155508909
                        ],
                        [
                            -80.33607004659514,
                            43.74233105469803
                        ],
                        [
                            -80.33577524641586,
                            43.743157654645486
                        ],
                        [
                            -80.33587544543516,
                            43.74420275504931
                        ],
                        [
                            -80.33760414734864,
                            43.74736415642417
                        ],
                        [
                            -80.33807434682,
                            43.74752895639112
                        ],
                        [
                            -80.3389205468149,
                            43.747380756135335
                        ],
                        [
                            -80.34081574734026,
                            43.74558195539037
                        ],
                        [
                            -80.34195034765787,
                            43.74518325513705
                        ],
                        [
                            -80.344397048638,
                            43.74517935524191
                        ],
                        [
                            -80.34717234985011,
                            43.7457984553014
                        ],
                        [
                            -80.34959725009453,
                            43.746676755010796
                        ],
                        [
                            -80.35300745181023,
                            43.74831675542338
                        ],
                        [
                            -80.35355895240947,
                            43.74901315514179
                        ],
                        [
                            -80.35379915187518,
                            43.74977085506801
                        ],
                        [
                            -80.35340785222802,
                            43.75150645571757
                        ],
                        [
                            -80.35374995195066,
                            43.75203955633084
                        ],
                        [
                            -80.35306055225274,
                            43.75261195578274
                        ],
                        [
                            -80.35252045142707,
                            43.754319655920874
                        ],
                        [
                            -80.35192695230941,
                            43.754064155655094
                        ],
                        [
                            -80.35199185154357,
                            43.753803455566995
                        ],
                        [
                            -80.3499872512471,
                            43.754242255794985
                        ],
                        [
                            -80.34562004984979,
                            43.757179556903615
                        ],
                        [
                            -80.34420055021629,
                            43.75862105718146
                        ],
                        [
                            -80.34418514990725,
                            43.758900157172526
                        ],
                        [
                            -80.3424921491535,
                            43.75928655803619
                        ],
                        [
                            -80.34237724897757,
                            43.75957405805979
                        ],
                        [
                            -80.34268074890987,
                            43.7602150582223
                        ],
                        [
                            -80.3412668490322,
                            43.76453775931667
                        ],
                        [
                            -80.34139794924894,
                            43.765042758790976
                        ],
                        [
                            -80.34073154873903,
                            43.765759259269124
                        ],
                        [
                            -80.33949424914721,
                            43.769749859782834
                        ],
                        [
                            -80.3388113488709,
                            43.77083535967827
                        ],
                        [
                            -80.33889194922409,
                            43.77141205976149
                        ],
                        [
                            -80.33823104921885,
                            43.7716243603362
                        ],
                        [
                            -80.33710714948933,
                            43.773256459646674
                        ],
                        [
                            -80.33702704964145,
                            43.77376025958334
                        ],
                        [
                            -80.33618594879256,
                            43.774538760547635
                        ],
                        [
                            -80.33643564839592,
                            43.776683061380446
                        ],
                        [
                            -80.33585074851494,
                            43.777877161200024
                        ],
                        [
                            -80.3343340481858,
                            43.77905686085434
                        ],
                        [
                            -80.33288624847236,
                            43.77962466164767
                        ],
                        [
                            -80.33144594815414,
                            43.78063376187861
                        ],
                        [
                            -80.330764246798,
                            43.78158416192181
                        ],
                        [
                            -80.33064564711879,
                            43.78218666200124
                        ],
                        [
                            -80.32923434659159,
                            43.78392516227596
                        ],
                        [
                            -80.32925574731053,
                            43.78423146271439
                        ],
                        [
                            -80.32835274695793,
                            43.78496446261609
                        ],
                        [
                            -80.32786944658228,
                            43.78484456339399
                        ],
                        [
                            -80.32822664724573,
                            43.78401826267549
                        ],
                        [
                            -80.32735914758315,
                            43.78379706302621
                        ],
                        [
                            -80.32693854659371,
                            43.78473106331807
                        ],
                        [
                            -80.32637314652374,
                            43.7852859634306
                        ],
                        [
                            -80.32691504661737,
                            43.78569426332122
                        ],
                        [
                            -80.32656634652183,
                            43.78578226320467
                        ],
                        [
                            -80.32744194665734,
                            43.78639066326772
                        ],
                        [
                            -80.32663744656253,
                            43.78609786306691
                        ],
                        [
                            -80.32645434676996,
                            43.786907162641924
                        ],
                        [
                            -80.32522554554669,
                            43.78786326332718
                        ],
                        [
                            -80.32389874647754,
                            43.78869276367459
                        ],
                        [
                            -80.32250084462041,
                            43.789215763897445
                        ],
                        [
                            -80.32094484455023,
                            43.7894225641498
                        ],
                        [
                            -80.31970614443763,
                            43.790144564120325
                        ],
                        [
                            -80.31978774508565,
                            43.79062226372869
                        ],
                        [
                            -80.31940504473964,
                            43.79039486436987
                        ],
                        [
                            -80.31858114446477,
                            43.79070506418209
                        ],
                        [
                            -80.31765074346815,
                            43.790555463529856
                        ],
                        [
                            -80.31769914387286,
                            43.79176226442291
                        ],
                        [
                            -80.3179971436936,
                            43.791782064181945
                        ],
                        [
                            -80.31774504348533,
                            43.792095663720644
                        ],
                        [
                            -80.31846624383785,
                            43.79207296418295
                        ],
                        [
                            -80.31842504432723,
                            43.79241486414352
                        ],
                        [
                            -80.31765234417206,
                            43.792590364982885
                        ],
                        [
                            -80.31694984354893,
                            43.792072963561154
                        ],
                        [
                            -80.31481821898844,
                            43.796175200619565
                        ],
                        [
                            -80.31414640329461,
                            43.79702868005978
                        ],
                        [
                            -80.31441409218417,
                            43.798545586633324
                        ],
                        [
                            -80.31370025426935,
                            43.79952711475535
                        ],
                        [
                            -80.31248078023854,
                            43.80021121043746
                        ],
                        [
                            -80.31215360340047,
                            43.80098453385635
                        ],
                        [
                            -80.3120941175251,
                            43.80214452208484
                        ],
                        [
                            -80.31114233339828,
                            43.803929117268986
                        ],
                        [
                            -80.30929825143546,
                            43.80529730717582
                        ],
                        [
                            -80.30873312924966,
                            43.806189605154614
                        ],
                        [
                            -80.30855466960092,
                            43.807290106030536
                        ],
                        [
                            -80.30819775026751,
                            43.8077957423245
                        ],
                        [
                            -80.30775160163657,
                            43.80776599773102
                        ],
                        [
                            -80.30763262819009,
                            43.80711164679071
                        ],
                        [
                            -80.30804903456806,
                            43.80502961760708
                        ],
                        [
                            -80.31033926446847,
                            43.803126049412484
                        ],
                        [
                            -80.31063669829749,
                            43.802531184171144
                        ],
                        [
                            -80.31063669765365,
                            43.801728116207194
                        ],
                        [
                            -80.31022029189035,
                            43.80086556115508
                        ],
                        [
                            -80.31027977890881,
                            43.79997326289575
                        ],
                        [
                            -80.31209411832332,
                            43.79878353304391
                        ],
                        [
                            -80.31283769884229,
                            43.79378666469562
                        ]
                    ]
                ]
            }
        }
    ]
}