time [d], date, hour, day_angle, rain [mm/d], snow [mm/d], temp [C], temp_daily_min [C], temp_daily_max [C],temp_daily_ave [C],temp_monthly_min [C],temp_monthly_max [C], air_density [kg/m3], air_pressure [KPa], rel_humidity [-], cloud_cover [-], ET_radiation [MJ/m2/d], SW_radiation [MJ/m2/d], net_SW_radiation [MJ/m2/d], LW_incoming [MJ/m2/d], net_LW_radiation [MJ/m2/d], wind_speed [m/s], PET [mm/d], OW_PET [mm/d], daily_correction [-], potential_melt [mm/d]
1,2013-01-02,00:00:00.00,0.0086071,0,0,-8.53394,-10.0339,-7.03394,-8.53394,-33333.3,-33333.3,1.25199,95.2116,0.5,0,13.4913,9.70042,7.58127,16.0408,-7.74745,2,0.00785088,0.00785088,1,-24.2049
2,2013-01-03,00:00:00.00,0.0258213,1.11022e-16,0.20095,-7.53394,-10.5339,-4.53394,-7.53394,-33333.3,-33333.3,1.24744,95.2339,0.5,0,13.5469,9.72835,7.60312,16.4251,-7.72468,2,0.0500599,0.0500599,1,-21.4419
3,2013-01-04,00:00:00.00,0.0430355,-1.11022e-16,0.602849,-6.78394,-10.0339,-3.53394,-6.78394,-33333.3,-33333.3,1.24404,95.2506,0.5,0,13.607,9.76374,3.29581,16.7184,-7.70532,2,0.0817167,0.0817167,1,-19.3794
4,2013-01-05,00:00:00.00,0.0602497,0,0,-4.03394,-6.03394,-2.03394,-4.03394,-33333.3,-33333.3,1.23166,95.3109,0.5,0,13.6716,9.76024,3.2949,17.8311,-7.61696,2,0.168836,0.168836,1,-11.5699
5,2013-01-06,00:00:00.00,0.0774639,4.44089e-16,2.61235,-2.28394,-5.03394,0.466056,-2.28394,-33333.3,-33333.3,1.22385,95.3486,0.5,0,13.7407,9.77632,3.30056,18.5705,-7.54597,2,0.168836,0.168836,1,-6.57884
6,2013-01-07,00:00:00.00,0.0946781,0,2.0095,-1.53394,-3.03394,-0.0339442,-1.53394,-33333.3,-33333.3,1.22052,95.3646,0.5,0,13.8142,9.81789,3.31476,18.895,-7.51189,2,0.168836,0.168836,1,-4.43874
7,2013-01-08,00:00:00.00,0.111892,0,0,-8.03394,-14.5339,-1.53394,-8.03394,-33333.3,-33333.3,1.24971,95.2228,0.5,0,13.8922,10.0218,3.38332,16.232,-7.7365,2,0.0289554,0.0289554,1,-23.3608
8,2013-01-09,00:00:00.00,0.129107,0,0,-2.53394,-5.03394,-0.0339442,-2.53394,-33333.3,-33333.3,1.22496,95.3432,0.5,0,13.9745,9.9738,3.3676,18.4633,-7.55683,2,0.168836,0.168836,1,-7.4059
9,2013-01-10,00:00:00.00,0.146321,0,0,-1.28394,-6.03394,3.46606,-1.28394,-33333.3,-33333.3,1.21941,95.37,0.5,0,14.0613,10.0136,3.38126,19.0042,-7.50003,2,0.168836,0.168836,1,-3.7728
10,2013-01-11,00:00:00.00,0.163535,4.78812,0.23562,0.966056,-2.03394,3.96606,0.966056,-33333.3,-33333.3,1.20949,95.4175,0.5,0,14.1525,10.0263,3.38589,19.9911,-7.40146,2,0.168836,0.168836,1,2.85479
11,2013-01-12,00:00:00.00,0.180749,5.02374,0,2.46606,-1.03394,5.96606,2.46606,-33333.3,-33333.3,1.20295,95.4487,0.5,0,14.2481,10.0588,3.39714,20.6539,-7.34319,2,0.168836,0.168836,1,7.33046
12,2013-01-13,00:00:00.00,0.197963,17.8845,0,6.21606,2.46606,9.96606,6.21606,-33333.3,-33333.3,1.18672,95.5254,0.5,0,14.348,10.0103,7.91969,22.3874,-7.16469,2,0.168836,0.168836,1,18.5912
13,2013-01-14,00:00:00.00,0.215178,4.82279,0,6.71606,4.96606,8.46606,6.71606,-33333.3,-33333.3,1.18457,95.5355,0.5,0,14.4522,10.0753,8.08255,22.627,-7.13722,2,0.168836,0.168836,1,20.2151
14,2013-01-15,00:00:00.00,0.232392,1.11022e-16,0.20095,-4.53394,-5.03394,-4.03394,-4.53394,-33333.3,-33333.3,1.2339,95.3,0.5,0,14.5607,10.502,8.45556,17.6243,-7.6351,2,0.168836,0.168836,1,-13.7374
15,2013-01-16,00:00:00.00,0.249606,0,0,-4.53394,-7.03394,-2.03394,-4.53394,-33333.3,-33333.3,1.2339,95.3,0.5,0,14.6735,10.5949,3.57838,17.6243,-7.6351,2,0.168836,0.168836,1,-13.8316
16,2013-01-17,00:00:00.00,0.26682,0,0,-3.78394,-7.53394,-0.0339442,-3.78394,-33333.3,-33333.3,1.23054,95.3163,0.5,0,14.7906,10.6741,3.60534,17.9352,-7.60754,2,0.168836,0.168836,1,-11.6253
17,2013-01-18,00:00:00.00,0.284034,0,7.03324,-8.28394,-9.53394,-7.03394,-8.28394,-33333.3,-33333.3,1.25085,95.2172,0.5,0,14.9118,10.8692,3.67122,16.1361,-7.74208,2,0.0184031,0.0184031,1,-25.6359
18,2013-01-19,00:00:00.00,0.301249,0,0,-6.03394,-13.5339,1.46606,-6.03394,-33333.3,-33333.3,1.24065,95.2671,0.5,0,15.0373,10.928,3.69141,17.016,-7.68395,2,0.113373,0.113373,1,-18.8129
19,2013-01-20,00:00:00.00,0.318463,4.44089e-16,3.61709,-1.53394,-7.53394,4.46606,-1.53394,-33333.3,-33333.3,1.22052,95.3646,0.5,0,15.1668,10.927,3.69154,18.895,-7.51189,2,0.168836,0.168836,1,-4.81936
20,2013-01-21,00:00:00.00,0.335677,-4.44089e-16,1.40665,-7.78394,-8.53394,-7.03394,-7.78394,-33333.3,-33333.3,1.24858,95.2283,0.5,0,15.3005,11.1818,3.77748,16.3283,-7.7307,2,0.0395076,0.0395076,1,-24.6485
21,2013-01-22,00:00:00.00,0.352891,2.22045e-16,0.401899,-10.2839,-11.5339,-9.03394,-10.2839,-33333.3,-33333.3,1.26002,95.172,0.5,0,15.4383,11.3423,3.83182,15.386,-7.77915,2,0,0,1,-32.8277
22,2013-01-23,00:00:00.00,0.370105,4.44089e-16,0.803799,-15.2839,-16.5339,-14.0339,-15.2839,-33333.3,-33333.3,1.28336,95.0563,0.5,0,15.5801,11.5366,3.89754,13.6365,-7.81588,2,0,0,1,-49.1905
23,2013-01-24,00:00:00.00,0.38732,1.11022e-16,0.20095,-18.5339,-25.0339,-12.0339,-18.5339,-33333.3,-33333.3,1.29889,94.9786,0.5,0,15.726,11.6983,3.95234,12.5908,-7.80039,2,0,0,1,-60.1523
24,2013-01-25,00:00:00.00,0.404534,0,0,-15.0339,-17.5339,-12.5339,-15.0339,-33333.3,-33333.3,1.28217,95.0622,0.5,0,15.8757,11.7802,3.98036,13.7198,-7.81584,2,0,0,1,-49.2114
25,2013-01-26,00:00:00.00,0.421748,0,1.00475,-14.7839,-19.5339,-10.0339,-14.7839,-33333.3,-33333.3,1.28099,95.068,0.5,0,16.0294,11.9052,4.02287,13.8036,-7.81561,2,0,0,1,-48.8156
26,2013-01-27,00:00:00.00,0.438962,0,0,-9.78394,-14.0339,-5.53394,-9.78394,-33333.3,-33333.3,1.25772,95.1834,0.5,0,16.187,11.9564,4.04065,15.5708,-7.77113,2,0,0,1,-32.5927
27,2013-01-28,00:00:00.00,0.456176,0,7.03324,-10.7839,-18.5339,-3.03394,-10.7839,-33333.3,-33333.3,1.26232,95.1607,0.5,0,16.3484,12.1089,4.09241,15.2031,-7.78634,2,0,0,1,-36.248
28,2013-01-29,00:00:00.00,0.473391,1.77636e-15,3.21519,-1.78394,-6.03394,2.46606,-1.78394,-33333.3,-33333.3,1.22163,95.3593,0.5,0,16.5136,12.0439,4.07119,18.7863,-7.52349,2,0.168836,0.168836,1,-6.05123
29,2013-01-30,00:00:00.00,0.490605,17.6836,0,5.71606,-0.533944,11.9661,5.71606,-33333.3,-33333.3,1.18888,95.5153,0.5,0,16.6825,11.9253,4.032,22.1498,-7.19128,2,0.168836,0.168836,1,19.5692
30,2013-01-31,00:00:00.00,0.507819,7.03324,0,6.71606,0.966056,12.4661,6.71606,-33333.3,-33333.3,1.18457,95.5355,0.5,0,16.855,12.0237,4.06564,22.627,-7.13722,2,0.168836,0.168836,1,23.2088
31,2013-02-01,00:00:00.00,0.525033,-1.77636e-15,12.2579,-7.03394,-8.53394,-5.53394,-7.03394,-33333.3,-33333.3,1.24517,95.245,0.5,0,17.0312,12.6042,10.4114,16.6202,-7.71199,2,0.0711644,0.0711644,1,-24.5385
32,2013-02-02,00:00:00.00,0.542247,4.44089e-16,2.61235,-11.7839,-15.0339,-8.53394,-11.7839,-33333.3,-33333.3,1.26695,95.1378,0.5,0,17.211,12.8467,4.34328,14.8426,-7.79832,2,0,0,1,-41.5048
33,2013-02-03,00:00:00.00,0.559462,0,1.00475,-10.7839,-13.5339,-8.03394,-10.7839,-33333.3,-33333.3,1.26232,95.1607,0.5,0,17.3942,12.9823,4.38947,15.2031,-7.78634,2,0,0,1,-38.3517
34,2013-02-04,00:00:00.00,0.576676,-2.22045e-16,1.2057,-15.0339,-23.0339,-7.03394,-15.0339,-33333.3,-33333.3,1.28217,95.0622,0.5,0,17.5809,13.2082,4.46605,13.7198,-7.81584,2,0,0,1,-53.9909
35,2013-02-05,00:00:00.00,0.59389,2.22045e-16,0.401899,-10.0339,-12.0339,-8.03394,-10.0339,-33333.3,-33333.3,1.25887,95.1777,0.5,0,17.771,13.2833,4.49194,15.4782,-7.77524,2,0,0,1,-36.3912
36,2013-02-06,00:00:00.00,0.611104,-2.22045e-16,1.2057,-11.0339,-16.5339,-5.53394,-11.0339,-33333.3,-33333.3,1.26348,95.155,0.5,0,17.9644,13.4639,4.55334,15.1123,-7.78964,2,0,0,1,-40.4172
37,2013-02-07,00:00:00.00,0.628319,0,0,-9.78394,-13.0339,-6.53394,-9.78394,-33333.3,-33333.3,1.25772,95.1834,0.5,0,18.161,13.6047,4.60134,15.5708,-7.77113,2,0,0,1,-36.1987
38,2013-02-08,00:00:00.00,0.645533,3.55271e-15,17.0807,-9.78394,-15.5339,-4.03394,-9.78394,-33333.3,-33333.3,1.25772,95.1834,0.5,0,18.3609,13.772,4.65826,15.5708,-7.77113,2,0,0,1,-36.565
39,2013-02-09,00:00:00.00,0.662747,7.10543e-15,12.8608,-10.2839,-11.0339,-9.53394,-10.2839,-33333.3,-33333.3,1.26002,95.172,0.5,0,18.5639,13.9519,4.71943,15.386,-7.77915,2,0,0,1,-38.8248
40,2013-02-10,00:00:00.00,0.679961,0,0,-9.78394,-16.0339,-3.53394,-9.78394,-33333.3,-33333.3,1.25772,95.1834,0.5,0,18.7699,14.1145,4.77484,15.5708,-7.77113,2,0,0,1,-37.3153
41,2013-02-11,00:00:00.00,0.697175,-8.88178e-16,4.82279,-9.78394,-21.0339,1.46606,-9.78394,-33333.3,-33333.3,1.25772,95.1834,0.5,0,18.9789,14.2897,4.83445,15.5708,-7.77113,2,0,0,1,-37.6991
42,2013-02-12,00:00:00.00,0.71439,0.989012,2.02523,0.466056,-3.03394,3.96606,0.466056,-33333.3,-33333.3,1.21168,95.407,0.5,0,19.1907,14.1885,4.80114,19.774,-7.41927,2,0.260046,0.260046,1,1.81436
43,2013-02-13,00:00:00.00,0.731604,0,0,-2.28394,-3.03394,-1.53394,-2.28394,-33333.3,-33333.3,1.22385,95.3486,0.5,0,19.4055,14.457,4.89218,18.5705,-7.54597,2,0.260046,0.260046,1,-8.98348
44,2013-02-14,00:00:00.00,0.748818,0,0,-4.03394,-5.53394,-2.53394,-4.03394,-33333.3,-33333.3,1.23166,95.3109,0.5,0,19.6229,14.6897,4.9712,17.8311,-7.61696,2,0.260046,0.260046,1,-16.0319
45,2013-02-15,00:00:00.00,0.766032,0,0,-3.78394,-9.03394,1.46606,-3.78394,-33333.3,-33333.3,1.23054,95.3163,0.5,0,19.8431,14.8663,5.03134,17.9352,-7.60754,2,0.260046,0.260046,1,-15.1952
46,2013-02-16,00:00:00.00,0.783246,0,1.00475,-5.03394,-6.53394,-3.53394,-5.03394,-33333.3,-33333.3,1.23614,95.2891,0.5,0,20.0658,15.0873,5.10646,17.4196,-7.6523,2,0.246914,0.246914,1,-20.4261
47,2013-02-17,00:00:00.00,0.800461,-4.44089e-16,1.40665,-10.0339,-16.5339,-3.53394,-10.0339,-33333.3,-33333.3,1.25887,95.1777,0.5,0,20.291,15.396,5.21113,15.4782,-7.77524,2,0,0,1,-41.141
48,2013-02-18,00:00:00.00,0.817675,0,0,-15.5339,-20.5339,-10.5339,-15.5339,-33333.3,-33333.3,1.28454,95.0504,0.5,0,20.5187,15.6882,5.31026,13.5536,-7.81574,2,0,0,1,-64.3599
49,2013-02-19,00:00:00.00,0.834889,0,4.01899,-10.0339,-20.5339,0.466056,-10.0339,-33333.3,-33333.3,1.25887,95.1777,0.5,0,20.7487,15.7807,5.34215,15.4782,-7.77524,2,0,0,1,-42.0088
50,2013-02-20,00:00:00.00,0.852103,-2.22045e-15,3.01425,-2.28394,-6.03394,1.46606,-2.28394,-33333.3,-33333.3,1.22385,95.3486,0.5,0,20.9809,15.77,5.33928,18.5705,-7.54597,2,0.260046,0.260046,1,-9.6625
51,2013-02-21,00:00:00.00,0.869317,0,1.00475,-9.28394,-11.0339,-7.53394,-9.28394,-33333.3,-33333.3,1.25542,95.1947,0.5,0,21.2154,16.1566,5.47026,15.7574,-7.76229,2,0,0,1,-39.6893
52,2013-02-22,00:00:00.00,0.886532,0,0,-10.2839,-15.0339,-5.53394,-10.2839,-33333.3,-33333.3,1.26002,95.172,0.5,0,21.4519,16.3776,5.54547,15.386,-7.77915,2,0,0,1,-44.4259
53,2013-02-23,00:00:00.00,0.903746,4.44089e-16,0.803799,-6.53394,-12.5339,-0.533944,-6.53394,-33333.3,-33333.3,1.24291,95.2561,0.5,0,21.6903,16.4883,5.58353,16.8171,-7.69842,2,0.149397,0.149397,1,-28.5222
54,2013-02-24,00:00:00.00,0.92096,0,4.42089,-2.03394,-3.53394,-0.533944,-2.03394,-33333.3,-33333.3,1.22274,95.354,0.5,0,21.9307,16.5547,5.60665,18.6781,-7.53485,2,0.260046,0.260046,1,-8.97165
55,2013-02-25,00:00:00.00,0.938174,0,0,-3.53394,-5.53394,-1.53394,-3.53394,-33333.3,-33333.3,1.22942,95.3217,0.5,0,22.1729,16.8061,5.69214,18.0398,-7.59788,2,0.260046,0.260046,1,-15.7512
56,2013-02-26,00:00:00.00,0.955388,1.11022e-16,0.20095,-1.28394,-3.53394,0.966056,-1.28394,-33333.3,-33333.3,1.21941,95.37,0.5,0,22.4168,16.9347,5.73623,19.0042,-7.50003,2,0.260046,0.260046,1,-5.78242
57,2013-02-27,00:00:00.00,0.972603,-8.88178e-15,14.2674,-1.53394,-6.53394,3.46606,-1.53394,-33333.3,-33333.3,1.22052,95.3646,0.5,0,22.6623,17.1487,5.80911,18.895,-7.51189,2,0.260046,0.260046,1,-6.98031
58,2013-02-28,00:00:00.00,0.989817,0.348506,11.7085,0.216056,-1.03394,1.46606,0.216056,-33333.3,-33333.3,1.21278,95.4017,0.5,0,22.9094,17.2898,5.85745,19.6661,-7.42788,2,0.260046,0.260046,1,0.993426
59,2013-03-01,00:00:00.00,1.00703,0,0,-0.533944,-2.53394,1.46606,-0.533944,-33333.3,-33333.3,1.21609,95.3859,0.5,0,23.1579,17.526,5.93784,19.3349,-7.46295,2,0.260046,0.260046,1,-2.48042
60,2013-03-02,00:00:00.00,1.02425,0,0,-5.53394,-7.03394,-4.03394,-5.53394,-33333.3,-33333.3,1.23839,95.2781,0.5,0,23.4077,17.9025,6.06559,17.2168,-7.66859,2,0,0,1,-25.9735
61,2013-03-03,00:00:00.00,1.04146,0,0,-6.78394,-10.0339,-3.53394,-6.78394,-33333.3,-33333.3,1.24404,95.2506,0.5,0,23.6588,18.1492,6.14958,16.7184,-7.70532,2,0,0,1,-32.1681
62,2013-03-04,00:00:00.00,1.05867,0,0,-7.28394,-10.0339,-4.53394,-7.28394,-33333.3,-33333.3,1.2463,95.2395,0.5,0,23.911,18.3752,6.22658,16.5224,-7.71845,2,0,0,1,-34.8932
63,2013-03-05,00:00:00.00,1.07589,0,0,-7.53394,-12.0339,-3.03394,-7.53394,-33333.3,-33333.3,1.24744,95.2339,0.5,0,24.1643,18.5952,6.30158,16.4251,-7.72468,2,0,0,1,-36.4593
64,2013-03-06,00:00:00.00,1.0931,0,0,-6.03394,-13.0339,0.966056,-6.03394,-33333.3,-33333.3,1.24065,95.2671,0.5,0,24.4185,18.7669,6.36027,17.016,-7.68395,2,0,0,1,-29.4972
65,2013-03-07,00:00:00.00,1.11032,2.22045e-16,1.80855,-1.03394,-6.03394,3.96606,-1.03394,-33333.3,-33333.3,1.2183,95.3753,0.5,0,24.6735,18.8119,6.37622,19.1139,-7.48792,2,0.623123,0.623123,1,-5.1056
66,2013-03-08,00:00:00.00,1.12753,-1.11022e-16,0.602849,1.46606,-1.03394,3.96606,1.46606,-33333.3,-33333.3,1.20731,95.4279,0.5,0,24.9294,18.9225,6.4143,20.2101,-7.38284,2,0.898518,0.898518,1,7.31233
67,2013-03-09,00:00:00.00,1.14474,0,0,1.46606,-1.53394,4.46606,1.46606,-33333.3,-33333.3,1.20731,95.4279,0.5,0,25.1859,19.1365,6.48726,20.2101,-7.38284,2,0.898518,0.898518,1,7.38558
68,2013-03-10,00:00:00.00,1.16196,0,0,-1.03394,-8.03394,5.96606,-1.03394,-33333.3,-33333.3,1.2183,95.3753,0.5,0,25.4429,19.4558,6.59583,19.1139,-7.48792,2,0.623123,0.623123,1,-5.26055
69,2013-03-11,00:00:00.00,1.17917,2.61235,0,5.46606,-0.533944,11.4661,5.46606,-33333.3,-33333.3,1.18996,95.5102,0.5,0,25.7004,19.3663,6.5663,22.0318,-7.20425,2,0.898518,0.898518,1,28.0861
70,2013-03-12,00:00:00.00,1.19639,22.1045,0,5.21606,3.46606,6.96606,5.21606,-33333.3,-33333.3,1.19104,95.5051,0.5,0,25.9583,19.5938,6.64389,21.9142,-7.217,2,0.898518,0.898518,1,27.0654
71,2013-03-13,00:00:00.00,1.2136,-1.11022e-16,0.602849,0.466056,-0.0339442,0.966056,0.466056,-33333.3,-33333.3,1.21168,95.407,0.5,0,26.2164,20.0409,6.79566,19.774,-7.41927,2,0.898518,0.898518,1,2.44199
72,2013-03-14,00:00:00.00,1.23082,-1.11022e-16,0.602849,-3.28394,-5.03394,-1.53394,-3.28394,-33333.3,-33333.3,1.2283,95.3271,0.5,0,26.4747,20.4058,6.91964,18.1449,-7.58798,2,0.117706,0.117706,1,-17.3738
73,2013-03-15,00:00:00.00,1.24803,0,0,-7.03394,-11.5339,-2.53394,-7.03394,-33333.3,-33333.3,1.24517,95.245,0.5,0,26.7331,20.746,7.03534,16.6202,-7.71199,2,0,0,1,-37.5727
74,2013-03-16,00:00:00.00,1.26524,4.44089e-16,0.803799,-2.78394,-7.03394,1.46606,-2.78394,-33333.3,-33333.3,1.22607,95.3379,0.5,0,26.9915,20.8214,7.06154,18.3567,-7.56746,2,0.230021,0.230021,1,-15.0133
75,2013-03-17,00:00:00.00,1.28246,-2.22045e-16,1.2057,-4.03394,-8.53394,0.466056,-4.03394,-33333.3,-33333.3,1.23166,95.3109,0.5,0,27.2497,21.0838,7.15095,17.8311,-7.61696,2,0,0,1,-21.9614
76,2013-03-18,00:00:00.00,1.29967,0,0,-7.78394,-12.0339,-3.53394,-7.78394,-33333.3,-33333.3,1.24858,95.2283,0.5,0,27.5077,21.4215,7.26583,16.3283,-7.7307,2,0,0,1,-42.7774
77,2013-03-19,00:00:00.00,1.31689,1.77636e-15,3.21519,-5.78394,-12.0339,0.466056,-5.78394,-33333.3,-33333.3,1.23952,95.2726,0.5,0,27.7655,21.5772,7.3192,17.1162,-7.67638,2,0,0,1,-32.0842
78,2013-03-20,00:00:00.00,1.3341,-4.44089e-16,1.40665,-3.03394,-5.53394,-0.533944,-3.03394,-33333.3,-33333.3,1.22719,95.3325,0.5,0,28.0228,21.697,7.36041,18.2505,-7.57784,2,0.173863,0.173863,1,-16.9862
79,2013-03-21,00:00:00.00,1.35132,2.22045e-16,0.401899,-5.03394,-7.53394,-2.53394,-5.03394,-33333.3,-33333.3,1.23614,95.2891,0.5,0,28.2797,21.9852,7.45857,17.4196,-7.6523,2,0,0,1,-28.4436
80,2013-03-22,00:00:00.00,1.36853,8.88178e-16,1.6076,-6.53394,-12.0339,-1.03394,-6.53394,-33333.3,-33333.3,1.24291,95.2561,0.5,0,28.5359,22.2507,7.54908,16.8171,-7.69842,2,0,0,1,-37.2569
81,2013-03-23,00:00:00.00,1.38574,1.11022e-16,0.20095,-3.53394,-6.03394,-1.03394,-3.53394,-33333.3,-33333.3,1.22942,95.3217,0.5,0,28.7915,22.3619,7.58738,18.0398,-7.59788,2,0.0615485,0.0615485,1,-20.3335
82,2013-03-24,00:00:00.00,1.40296,0,0,-1.03394,-4.53394,2.46606,-1.03394,-33333.3,-33333.3,1.2183,95.3753,0.5,0,29.0464,22.4751,7.62635,19.1139,-7.48792,2,0.623123,0.623123,1,-6.00254
83,2013-03-25,00:00:00.00,1.42017,0,0,-2.28394,-6.53394,1.96606,-2.28394,-33333.3,-33333.3,1.22385,95.3486,0.5,0,29.3003,22.7405,7.71682,18.5705,-7.54597,2,0.342336,0.342336,1,-13.3776
84,2013-03-26,00:00:00.00,1.43739,0,0,0.716056,-3.53394,4.96606,0.716056,-33333.3,-33333.3,1.21059,95.4122,0.5,0,29.5534,22.8202,7.74445,19.8823,-7.41046,2,0.898518,0.898518,1,4.23118
85,2013-03-27,00:00:00.00,1.4546,0,0,2.46606,-1.03394,5.96606,2.46606,-33333.3,-33333.3,1.20295,95.4487,0.5,0,29.8054,22.9429,7.78666,20.6539,-7.34319,2,0.898518,0.898518,1,14.6993
86,2013-03-28,00:00:00.00,1.47181,0.348506,1.05814,0.216056,-2.53394,2.96606,0.216056,-33333.3,-33333.3,1.21278,95.4017,0.5,0,30.0563,23.2646,7.8962,19.6661,-7.42788,2,0.898518,0.898518,1,1.29902
87,2013-03-29,00:00:00.00,1.48903,0,0,1.46606,-1.53394,4.46606,1.46606,-33333.3,-33333.3,1.20731,95.4279,0.5,0,30.306,23.4124,7.94688,20.2101,-7.38284,2,0.898518,0.898518,1,8.88992
88,2013-03-30,00:00:00.00,1.50624,0,0,2.46606,-1.53394,6.46606,2.46606,-33333.3,-33333.3,1.20295,95.4487,0.5,0,30.5545,23.5678,13.8454,20.6539,-7.34319,2,0.898518,0.898518,1,15.0807
89,2013-03-31,00:00:00.00,1.52346,0,0,1.96606,-5.03394,8.96606,1.96606,-33333.3,-33333.3,1.20513,95.4383,0.5,0,30.8016,23.8004,20.0605,20.431,-7.36343,2,0.898518,0.898518,1,12.1241
90,2013-04-01,00:00:00.00,1.54067,2.4114,0.401899,2.96606,-0.533944,6.46606,2.96606,-33333.3,-33333.3,1.20078,95.4591,0.5,0,31.0473,23.9513,20.1761,20.8786,-7.32214,2,0.898518,0.898518,1,18.4428
91,2013-04-02,00:00:00.00,1.55789,-1.77636e-15,7.63609,-3.28394,-5.03394,-1.53394,-3.28394,-33333.3,-33333.3,1.2283,95.3271,0.5,0,31.2914,24.4532,20.6022,18.1449,-7.58798,2,0,0,1,-20.5873
92,2013-04-03,00:00:00.00,1.5751,8.88178e-16,1.6076,-4.53394,-7.53394,-1.53394,-4.53394,-33333.3,-33333.3,1.2339,95.3,0.5,0,31.534,24.7061,8.38815,17.6243,-7.6351,2,0,0,1,-28.6549
93,2013-04-04,00:00:00.00,1.59231,0,0,-4.78394,-8.03394,-1.53394,-4.78394,-33333.3,-33333.3,1.23502,95.2945,0.5,0,31.7749,24.9181,8.46062,17.5217,-7.64382,2,0,0,1,-30.4782
94,2013-04-05,00:00:00.00,1.60953,0,0,-0.283944,-7.53394,6.96606,-0.283944,-33333.3,-33333.3,1.21498,95.3912,0.5,0,32.0141,24.9267,8.46412,19.4462,-7.45008,2,0,0,1,-1.82334
95,2013-04-06,00:00:00.00,1.62674,0,0,0.466056,-1.53394,2.46606,0.466056,-33333.3,-33333.3,1.21168,95.407,0.5,0,32.2515,25.0883,8.5195,19.774,-7.41927,2,0,0,1,3.01641
96,2013-04-07,00:00:00.00,1.64396,0.0816252,0.320274,-0.533944,-8.03394,6.96606,-0.533944,-33333.3,-33333.3,1.21609,95.3859,0.5,0,32.487,25.3343,8.60344,19.3349,-7.46295,2,0,0,1,-3.48256
97,2013-04-08,00:00:00.00,1.66117,0,0,5.96606,-0.533944,12.4661,5.96606,-33333.3,-33333.3,1.1878,95.5203,0.5,0,32.7205,25.1581,8.54431,22.2683,-7.17809,2,1.99271,1.99271,1,39.2118
98,2013-04-09,00:00:00.00,1.67839,10.4494,0,4.46606,-0.0339442,8.96606,4.46606,-33333.3,-33333.3,1.19428,95.4899,0.5,0,32.9521,25.4473,21.4382,21.5646,-7.25396,2,0.975331,0.975331,1,29.5757
99,2013-04-10,00:00:00.00,1.6956,24.7168,0,6.71606,2.46606,10.9661,6.71606,-33333.3,-33333.3,1.18457,95.5355,0.5,0,33.1816,25.4881,21.4758,22.627,-7.13722,2,2.50141,2.50141,1,44.809
100,2013-04-11,00:00:00.00,1.71281,13.4636,0,3.71606,2.46606,4.96606,3.71606,-33333.3,-33333.3,1.19752,95.4745,0.5,0,33.4089,25.8729,21.7869,21.2194,-7.28899,2,0.46664,0.46664,1,24.9766
101,2013-04-12,00:00:00.00,1.73003,1.06581e-14,16.6788,-1.53394,-2.03394,-1.03394,-1.53394,-33333.3,-33333.3,1.22052,95.3646,0.5,0,33.634,26.3414,22.1949,18.895,-7.51189,2,0,0,1,-10.3852
102,2013-04-13,00:00:00.00,1.74724,4.02181,8.23612,-0.283944,-3.03394,2.46606,-0.283944,-33333.3,-33333.3,1.21498,95.3912,0.5,0,33.8569,26.4673,8.99096,19.4462,-7.45008,2,0,0,1,-1.93619
103,2013-04-14,00:00:00.00,1.76446,2.0095,0.401899,1.71606,0.466056,2.96606,1.71606,-33333.3,-33333.3,1.20622,95.4331,0.5,0,34.0774,26.5456,9.01805,20.3203,-7.37324,2,0,0,1,11.7851
104,2013-04-15,00:00:00.00,1.78167,0,0,1.96606,-1.53394,5.46606,1.96606,-33333.3,-33333.3,1.20513,95.4383,0.5,0,34.2956,26.7131,9.07542,20.431,-7.36343,2,0,0,1,13.5967
105,2013-04-16,00:00:00.00,1.79888,1.00475,0,8.46606,0.466056,16.4661,8.46606,-33333.3,-33333.3,1.17706,95.5704,0.5,0,34.5114,26.4541,22.3215,23.4816,-7.03401,2,2.71302,2.71302,1,58.9535
106,2013-04-17,00:00:00.00,1.8161,1.40665,0,8.71606,5.96606,11.4661,8.71606,-33333.3,-33333.3,1.17599,95.5754,0.5,0,34.7247,26.6095,22.4261,23.6058,-7.01836,2,2.71302,2.71302,1,61.1081
107,2013-04-18,00:00:00.00,1.83331,14.6693,0,5.96606,-1.03394,12.9661,5.96606,-33333.3,-33333.3,1.1878,95.5203,0.5,0,34.9354,26.9901,22.7219,22.2683,-7.17809,2,1.99271,1.99271,1,42.109
108,2013-04-19,00:00:00.00,1.85053,14.6693,0,13.7161,2.96606,24.4661,13.7161,-33333.3,-33333.3,1.15464,95.6729,0.5,0,35.1436,26.4957,22.3008,26.1999,-6.6556,2,2.71302,2.71302,1,97.4501
109,2013-04-20,00:00:00.00,1.86774,3.81804,0.803799,10.7161,5.46606,15.9661,10.7161,-33333.3,-33333.3,1.16744,95.6148,0.5,0,35.3491,26.9514,22.6707,24.6178,-6.88476,2,2.71302,2.71302,1,76.6323
110,2013-04-21,00:00:00.00,1.88496,1.11022e-16,0.20095,-1.78394,-3.53394,-0.0339442,-1.78394,-33333.3,-33333.3,1.22163,95.3593,0.5,0,35.552,27.9563,23.5004,18.7863,-7.52349,2,0,0,1,-12.8392
111,2013-04-22,00:00:00.00,1.90217,0,0,0.966056,-5.53394,7.46606,0.966056,-33333.3,-33333.3,1.20949,95.4175,0.5,0,35.7521,27.9808,9.50911,19.9911,-7.40146,2,0,0,1,6.99683
112,2013-04-23,00:00:00.00,1.91938,0,0,5.46606,-2.03394,12.9661,5.46606,-33333.3,-33333.3,1.18996,95.5102,0.5,0,35.9495,27.8624,23.425,22.0318,-7.20425,2,1.65359,1.65359,1,39.8351
113,2013-04-24,00:00:00.00,1.9366,0.602849,0,9.21606,2.46606,15.9661,9.21606,-33333.3,-33333.3,1.17385,95.5853,0.5,0,36.1441,27.7323,23.2873,23.8557,-6.98636,2,2.71302,2.71302,1,67.5756
114,2013-04-25,00:00:00.00,1.95381,9.04274,0,6.21606,2.96606,9.46606,6.21606,-33333.3,-33333.3,1.18672,95.5254,0.5,0,36.3358,28.1269,23.5818,22.3874,-7.16469,2,2.16228,2.16228,1,45.8532
115,2013-04-26,00:00:00.00,1.97103,2.4114,0,3.21606,-1.53394,7.96606,3.21606,-33333.3,-33333.3,1.19969,95.4642,0.5,0,36.5247,28.4878,23.8964,20.9917,-7.3113,2,0.127512,0.127512,1,23.8641
116,2013-04-27,00:00:00.00,1.98824,0,0,5.46606,-0.533944,11.4661,5.46606,-33333.3,-33333.3,1.18996,95.5102,0.5,0,36.7107,28.4898,23.9313,22.0318,-7.20425,2,1.65359,1.65359,1,40.7962
117,2013-04-28,00:00:00.00,2.00546,0,0,10.4661,1.96606,18.9661,10.4661,-33333.3,-33333.3,1.16851,95.6099,0.5,0,36.8937,28.2341,23.6876,24.4895,-6.90229,2,2.71302,2.71302,1,78.5613
118,2013-04-29,00:00:00.00,2.02267,7.23419,0,12.4661,5.96606,18.9661,12.4661,-33333.3,-33333.3,1.15997,95.6488,0.5,0,37.0737,28.1878,23.6013,25.5313,-6.75537,2,2.71302,2.71302,1,94.1005
119,2013-04-30,00:00:00.00,2.03988,0,0,10.7161,8.46606,12.9661,10.7161,-33333.3,-33333.3,1.16744,95.6148,0.5,0,37.2507,28.5016,23.8735,24.6178,-6.88476,2,2.71302,2.71302,1,81.3376
120,2013-05-01,00:00:00.00,2.0571,0,0,14.9661,9.96606,19.9661,14.9661,-33333.3,-33333.3,1.14932,95.6967,0.5,0,37.4247,28.2018,23.575,26.8824,-6.54955,2,2.71302,2.71302,1,114.213
121,2013-05-02,00:00:00.00,2.07431,0,0,17.9661,11.9661,23.9661,17.9661,-33333.3,-33333.3,1.13653,95.7532,0.5,0,37.5956,27.9704,23.3346,28.5775,-6.26868,2,5.70744,5.70744,1,137.837
122,2013-05-03,00:00:00.00,2.09153,0,0,16.7161,9.96606,23.4661,16.7161,-33333.3,-33333.3,1.14186,95.7298,0.5,0,37.7634,28.2639,23.4795,27.8613,-6.39031,2,5.70744,5.70744,1,128.917
123,2013-05-04,00:00:00.00,2.10874,0,0,16.4661,9.46606,23.4661,16.4661,-33333.3,-33333.3,1.14293,95.7251,0.5,0,37.928,28.4264,23.514,27.7197,-6.41384,2,5.70744,5.70744,1,127.64
124,2013-05-05,00:00:00.00,2.12595,0,0,15.7161,9.46606,21.9661,15.7161,-33333.3,-33333.3,1.14612,95.711,0.5,0,38.0895,28.6468,23.595,27.2985,-6.48287,2,5.70744,5.70744,1,122.438
125,2013-05-06,00:00:00.00,2.14317,0,0,15.4661,7.46606,23.4661,15.4661,-33333.3,-33333.3,1.14719,95.7062,0.5,0,38.2479,28.8032,23.622,27.1592,-6.50535,2,5.70744,5.70744,1,121.083
126,2013-05-07,00:00:00.00,2.16038,0,0,15.2161,6.96606,23.4661,15.2161,-33333.3,-33333.3,1.14825,95.7015,0.5,0,38.403,28.9569,23.6457,27.0205,-6.52758,2,5.70744,5.70744,1,119.7
127,2013-05-08,00:00:00.00,2.1776,0,0,15.9661,7.46606,24.4661,15.9661,-33333.3,-33333.3,1.14506,95.7157,0.5,0,38.5549,28.988,23.5698,27.4384,-6.46012,2,5.70744,5.70744,1,126.193
128,2013-05-09,00:00:00.00,2.19481,0.803799,0,17.7161,10.9661,24.4661,17.7161,-33333.3,-33333.3,1.1376,95.7485,0.5,0,38.7036,28.8827,23.3934,28.4331,-6.29354,2,5.70744,5.70744,1,140.672
129,2013-05-10,00:00:00.00,2.21203,0.20095,0,18.7161,12.9661,24.4661,18.7161,-33333.3,-33333.3,1.13333,95.7671,0.5,0,38.849,28.8615,23.3087,29.0142,-6.19249,2,5.70744,5.70744,1,149.283
130,2013-05-11,00:00:00.00,2.22924,23.1092,0,12.9661,9.96606,15.9661,12.9661,-33333.3,-33333.3,1.15784,95.6585,0.5,0,38.9912,29.6823,23.8984,25.7971,-6.7162,2,2.52411,2.52411,1,103.877
131,2013-05-12,00:00:00.00,2.24645,0.20095,0,7.71606,4.46606,10.9661,7.71606,-33333.3,-33333.3,1.18028,95.5555,0.5,0,39.13,30.296,24.7265,23.1123,-7.0796,2,0,0,1,62.0833
132,2013-05-13,00:00:00.00,2.26367,4.44089e-16,2.61235,3.01606,0.0660558,5.96606,3.01606,-33333.3,-33333.3,1.20056,95.4601,0.5,0,39.2655,30.7589,25.1082,20.9012,-7.31998,2,0,0,1,24.3694
133,2013-05-14,00:00:00.00,2.28088,0,0,4.21606,-0.0339442,8.46606,4.21606,-33333.3,-33333.3,1.19536,95.4848,0.5,0,39.3977,30.7848,25.179,21.449,-7.26585,2,0,0,1,34.2053
134,2013-05-15,00:00:00.00,2.2981,0.803799,0,4.71606,-0.533944,9.96606,4.71606,-33333.3,-33333.3,1.19319,95.495,0.5,0,39.5266,30.8541,25.2357,21.6806,-7.24185,2,0,0,1,38.4152
135,2013-05-16,00:00:00.00,2.31531,0,0,13.4661,5.96606,20.9661,13.4661,-33333.3,-33333.3,1.15571,95.6681,0.5,0,39.6521,30.1569,24.6805,26.0651,-6.67605,2,3.23754,3.23754,1,110.118
136,2013-05-17,00:00:00.00,2.33252,0,0,13.2161,7.46606,18.9661,13.2161,-33333.3,-33333.3,1.15677,95.6633,0.5,0,39.7743,30.2824,24.7225,25.9308,-6.69625,2,2.88083,2.88083,1,108.485
137,2013-05-18,00:00:00.00,2.34974,0,0,10.4661,3.46606,17.4661,10.4661,-33333.3,-33333.3,1.16851,95.6099,0.5,0,39.8931,30.664,24.9803,24.4895,-6.90229,2,0,0,1,86.2297
138,2013-05-19,00:00:00.00,2.36695,0,0,13.7161,6.96606,20.4661,13.7161,-33333.3,-33333.3,1.15464,95.6729,0.5,0,40.0084,30.413,24.7758,26.1999,-6.6556,2,3.59426,3.59426,1,113.413
139,2013-05-20,00:00:00.00,2.38417,0,0,18.4661,10.4661,26.4661,18.4661,-33333.3,-33333.3,1.1344,95.7625,0.5,0,40.1204,29.8961,24.2927,28.8681,-6.21816,2,5.70744,5.70744,1,153.224
140,2013-05-21,00:00:00.00,2.40138,12.057,0,20.4661,12.9661,27.9661,20.4661,-33333.3,-33333.3,1.12585,95.7993,0.5,0,40.229,29.6851,24.0296,30.0535,-6.00513,2,5.70744,5.70744,1,170.397
141,2013-05-22,00:00:00.00,2.4186,32.9557,0,20.4661,14.9661,25.9661,20.4661,-33333.3,-33333.3,1.12585,95.7993,0.5,0,40.3341,29.7668,24.2277,30.0535,-6.00513,2,5.70744,5.70744,1,170.959
142,2013-05-23,00:00:00.00,2.43581,2.21045,0,19.9661,14.4661,25.4661,19.9661,-33333.3,-33333.3,1.12799,95.7902,0.5,0,40.4359,29.9224,24.5877,29.7536,-6.06004,2,5.70744,5.70744,1,167.315
143,2013-05-24,00:00:00.00,2.45302,2.8133,0,12.9661,8.46606,17.4661,12.9661,-33333.3,-33333.3,1.15784,95.6585,0.5,0,40.5341,30.9163,25.3374,25.7971,-6.7162,2,2.52411,2.52411,1,108.991
144,2013-05-25,00:00:00.00,2.47024,0.20095,0,4.96606,0.966056,8.96606,4.96606,-33333.3,-33333.3,1.19211,95.5001,0.5,0,40.629,31.7328,26.0123,21.7972,-7.22953,2,0,0,1,41.8691
145,2013-05-26,00:00:00.00,2.48745,0,0,7.46606,1.96606,12.9661,7.46606,-33333.3,-33333.3,1.18135,95.5505,0.5,0,40.7204,31.6053,25.9118,22.9902,-7.09434,2,0,0,1,63.1288
146,2013-05-27,00:00:00.00,2.50467,0,0,9.46606,3.46606,15.4661,9.46606,-33333.3,-33333.3,1.17278,95.5902,0.5,0,40.8083,31.4956,25.8218,23.9814,-6.97001,2,0,0,1,80.2629
147,2013-05-28,00:00:00.00,2.52188,3.01425,0,12.7161,4.96606,20.4661,12.7161,-33333.3,-33333.3,1.15891,95.6537,0.5,0,40.8928,31.2293,25.6036,25.6639,-6.73591,2,2.1674,2.1674,1,108.109
148,2013-05-29,00:00:00.00,2.5391,17.2817,0,12.9661,8.46606,17.4661,12.9661,-33333.3,-33333.3,1.15784,95.6585,0.5,0,40.9738,31.2658,25.6499,25.7971,-6.7162,2,2.52411,2.52411,1,110.52
149,2013-05-30,00:00:00.00,2.55631,1.2057,0,17.9661,12.4661,23.4661,17.9661,-33333.3,-33333.3,1.13653,95.7532,0.5,0,41.0513,30.6946,25.3437,28.5775,-6.26868,2,5.70744,5.70744,1,153.519
150,2013-05-31,00:00:00.00,2.57352,1.00475,0,22.2161,16.4661,27.9661,22.2161,-33333.3,-33333.3,1.11834,95.8312,0.5,0,41.1254,30.0937,24.7637,31.122,-5.80406,2,5.70744,5.70744,1,190.288
151,2013-06-01,00:00:00.00,2.59074,5.62659,0,22.7161,17.9661,27.4661,22.7161,-33333.3,-33333.3,1.11619,95.8402,0.5,0,41.196,30.0623,24.6503,31.4326,-5.74404,2,5.70744,5.70744,1,195.014
152,2013-06-02,00:00:00.00,2.60795,13.2627,0,19.9661,17.4661,22.4661,19.9661,-33333.3,-33333.3,1.12799,95.7902,0.5,0,41.263,30.5634,25.0597,29.7536,-6.06004,2,7.49898,7.49898,1,171.78
153,2013-06-03,00:00:00.00,2.62517,2.0095,0,18.2161,16.4661,19.9661,18.2161,-33333.3,-33333.3,1.13546,95.7578,0.5,0,41.3266,30.8734,25.3893,28.7225,-6.24356,2,4.16398,4.16398,1,157.049
154,2013-06-04,00:00:00.00,2.64238,0,0,9.71606,4.96606,14.4661,9.71606,-33333.3,-33333.3,1.17171,95.5952,0.5,0,41.3868,31.9346,26.2195,24.1076,-6.95343,2,0,0,1,83.9322
155,2013-06-05,00:00:00.00,2.65959,0,0,12.2161,5.46606,18.9661,12.2161,-33333.3,-33333.3,1.16104,95.644,0.5,0,41.4434,31.7215,26.0445,25.3991,-6.77458,2,0,0,1,105.726
156,2013-06-06,00:00:00.00,2.67681,0,0,13.7161,9.96606,17.4661,13.7161,-33333.3,-33333.3,1.15464,95.6729,0.5,0,41.4965,31.5931,25.9391,26.1999,-6.6556,2,0,0,1,118.919
157,2013-06-07,00:00:00.00,2.69402,5.22469,0,12.4661,10.9661,13.9661,12.4661,-33333.3,-33333.3,1.15997,95.6488,0.5,0,41.5461,31.7753,26.0887,25.5313,-6.75537,2,0,0,1,108.262
158,2013-06-08,00:00:00.00,2.71124,0.20095,0,12.2161,9.96606,14.4661,12.2161,-33333.3,-33333.3,1.16104,95.644,0.5,0,41.5922,31.8394,26.244,25.3991,-6.77458,2,0,0,1,106.258
159,2013-06-09,00:00:00.00,2.72845,0,0,15.7161,11.4661,19.9661,15.7161,-33333.3,-33333.3,1.14612,95.711,0.5,0,41.6348,31.4549,25.931,27.2985,-6.48287,2,0,0,1,136.902
160,2013-06-10,00:00:00.00,2.74567,4.82279,0,16.2161,8.96606,23.4661,16.2161,-33333.3,-33333.3,1.14399,95.7204,0.5,0,41.6739,31.42,25.9023,27.5788,-6.43711,2,0.352557,0.352557,1,141.451
161,2013-06-11,00:00:00.00,2.76288,17.4826,0,15.7161,13.4661,17.9661,15.7161,-33333.3,-33333.3,1.14612,95.711,0.5,0,41.7095,31.5134,26.0665,27.2985,-6.48287,2,0,0,1,137.263
162,2013-06-12,00:00:00.00,2.78009,0,0,18.4661,14.9661,21.9661,18.4661,-33333.3,-33333.3,1.1344,95.7625,0.5,0,41.7416,31.1592,25.9202,28.8681,-6.21816,2,4.64041,4.64041,1,161.469
163,2013-06-13,00:00:00.00,2.79731,2.21045,0,18.2161,13.4661,22.9661,18.2161,-33333.3,-33333.3,1.13546,95.7578,0.5,0,41.7702,31.2178,25.8793,28.7225,-6.24356,2,4.16398,4.16398,1,159.452
164,2013-06-14,00:00:00.00,2.81452,2.21045,0,17.7161,13.4661,21.9661,17.7161,-33333.3,-33333.3,1.1376,95.7485,0.5,0,41.7953,31.309,25.917,28.4331,-6.29354,2,3.21113,3.21113,1,155.225
165,2013-06-15,00:00:00.00,2.83174,0,0,17.4661,12.9661,21.9661,17.4661,-33333.3,-33333.3,1.13866,95.7438,0.5,0,41.8169,31.3611,25.9407,28.2893,-6.31813,2,2.7347,2.7347,1,153.166
166,2013-06-16,00:00:00.00,2.84895,5.02374,0,15.4661,8.46606,22.4661,15.4661,-33333.3,-33333.3,1.14719,95.7062,0.5,0,41.835,31.644,26.1212,27.1592,-6.50535,2,0,0,1,135.73
167,2013-06-17,00:00:00.00,2.86617,16.4779,0,17.2161,12.4661,21.9661,17.2161,-33333.3,-33333.3,1.13973,95.7392,0.5,0,41.8496,31.4216,26.0349,28.1461,-6.34246,2,2.25827,2.25827,1,151.188
168,2013-06-18,00:00:00.00,2.88338,0.401899,0,17.7161,12.4661,22.9661,17.7161,-33333.3,-33333.3,1.1376,95.7485,0.5,0,41.8607,31.36,26.0827,28.4331,-6.29354,2,3.21113,3.21113,1,155.665
169,2013-06-19,00:00:00.00,2.90059,0,0,15.4661,10.9661,19.9661,15.4661,-33333.3,-33333.3,1.14719,95.7062,0.5,0,41.8683,31.6703,26.2857,27.1592,-6.50535,2,0,0,1,135.957
170,2013-06-20,00:00:00.00,2.91781,0,0,13.9661,7.46606,20.4661,13.9661,-33333.3,-33333.3,1.15358,95.6777,0.5,0,41.8723,31.8599,26.4431,26.3353,-6.63489,2,0,0,1,122.815
171,2013-06-21,00:00:00.00,2.93502,0,0,16.2161,8.46606,23.9661,16.2161,-33333.3,-33333.3,1.14399,95.7204,0.5,0,41.8729,31.5761,26.2075,27.5788,-6.43711,2,0.352557,0.352557,1,142.637
172,2013-06-22,00:00:00.00,2.95224,0,0,18.9661,11.4661,26.4661,18.9661,-33333.3,-33333.3,1.13226,95.7717,0.5,0,41.87,31.1852,25.8763,29.1609,-6.16655,2,5.59327,5.59327,1,166.851
173,2013-06-23,00:00:00.00,2.96945,12.6598,0,20.4661,14.9661,25.9661,20.4661,-33333.3,-33333.3,1.12585,95.7993,0.5,0,41.8636,30.9482,25.5724,30.0535,-6.00513,2,7.62285,7.62285,1,180.057
174,2013-06-24,00:00:00.00,2.98666,0,0,23.4661,17.4661,29.4661,23.4661,-33333.3,-33333.3,1.11295,95.8537,0.5,0,41.8537,30.4312,25.1673,31.9032,-5.65183,2,7.62285,7.62285,1,206.44
175,2013-06-25,00:00:00.00,3.00388,12.2579,0,24.7161,19.9661,29.4661,24.7161,-33333.3,-33333.3,1.10755,95.8761,0.5,0,41.8404,30.1907,24.8258,32.6998,-5.49229,2,7.62285,7.62285,1,217.403
176,2013-06-26,00:00:00.00,3.02109,0.401899,0,22.4661,18.9661,25.9661,22.4661,-33333.3,-33333.3,1.11726,95.8357,0.5,0,41.8235,30.5853,25.2015,31.277,-5.77419,2,7.62285,7.62285,1,197.562
177,2013-06-27,00:00:00.00,3.03831,0,0,23.2161,17.9661,28.4661,23.2161,-33333.3,-33333.3,1.11403,95.8492,0.5,0,41.8032,30.4383,24.9442,31.7458,-5.68286,2,7.62285,7.62285,1,204.085
178,2013-06-28,00:00:00.00,3.05552,10.4494,0,21.4661,17.9661,24.9661,21.4661,-33333.3,-33333.3,1.12156,95.8176,0.5,0,41.7793,30.7217,25.0314,30.6605,-5.89193,2,7.62285,7.62285,1,188.616
179,2013-06-29,00:00:00.00,3.07274,11.2532,0,18.9661,16.9661,20.9661,18.9661,-33333.3,-33333.3,1.13226,95.7717,0.5,0,41.752,31.0954,25.3923,29.1609,-6.16655,2,5.59327,5.59327,1,166.556
180,2013-06-30,00:00:00.00,3.08995,0.401899,0,19.2161,14.9661,23.4661,19.2161,-33333.3,-33333.3,1.13119,95.7763,0.5,0,41.7213,31.0343,25.4513,29.3082,-6.14033,2,6.0697,6.0697,1,168.641
181,2013-07-01,00:00:00.00,3.10716,0,0,18.7161,13.9661,23.4661,18.7161,-33333.3,-33333.3,1.13333,95.7671,0.5,0,41.6871,31.0828,25.382,29.0142,-6.19249,2,5.11684,5.11684,1,164.128
182,2013-07-02,00:00:00.00,3.12438,0,0,17.7161,14.9661,20.4661,17.7161,-33333.3,-33333.3,1.1376,95.7485,0.5,0,41.6494,31.1984,25.3788,28.4331,-6.29354,2,0,0,1,155.225
183,2013-07-03,00:00:00.00,3.14159,0,0,18.7161,13.9661,23.4661,18.7161,-33333.3,-33333.3,1.13333,95.7671,0.5,0,41.6082,31.0223,25.2355,29.0142,-6.19249,2,0.479538,0.479538,1,163.829
184,2013-07-04,00:00:00.00,3.15881,32.1519,0,21.2161,14.9661,27.4661,21.2161,-33333.3,-33333.3,1.12263,95.813,0.5,0,41.5637,30.5994,24.8834,30.5078,-5.92065,2,5.58101,5.58101,1,185.515
185,2013-07-05,00:00:00.00,3.17602,2.0095,0,22.4661,18.4661,26.4661,22.4661,-33333.3,-33333.3,1.11726,95.8357,0.5,0,41.5156,30.3533,24.9263,31.277,-5.77419,2,8.13174,8.13174,1,196.217
186,2013-07-06,00:00:00.00,3.19324,15.6741,0,21.7161,19.4661,23.9661,21.7161,-33333.3,-33333.3,1.12049,95.8221,0.5,0,41.4641,30.4413,24.8832,30.8137,-5.86293,2,6.6013,6.6013,1,189.426
187,2013-07-07,00:00:00.00,3.21045,5.22469,0,22.4661,17.4661,27.4661,22.4661,-33333.3,-33333.3,1.11726,95.8357,0.5,0,41.4092,30.2728,24.862,31.277,-5.77419,2,8.13174,8.13174,1,195.701
188,2013-07-08,00:00:00.00,3.22766,7.83704,0,22.9661,19.9661,25.9661,22.9661,-33333.3,-33333.3,1.11511,95.8447,0.5,0,41.3509,30.1422,24.7005,31.5889,-5.71359,2,8.16235,8.16235,1,199.763
189,2013-07-09,00:00:00.00,3.24488,19.0902,0,22.9661,18.4661,27.4661,22.9661,-33333.3,-33333.3,1.11511,95.8447,0.5,0,41.2892,30.0955,24.6562,31.5889,-5.71359,2,8.16235,8.16235,1,199.45
190,2013-07-10,00:00:00.00,3.26209,2.61235,0,20.9661,17.4661,24.4661,20.9661,-33333.3,-33333.3,1.1237,95.8085,0.5,0,41.224,30.3813,24.9806,30.3558,-5.94909,2,5.07086,5.07086,1,181.777
191,2013-07-11,00:00:00.00,3.27931,0,0,23.9661,20.4661,27.4661,23.9661,-33333.3,-33333.3,1.1108,95.8627,0.5,0,41.1554,29.8169,24.4712,32.22,-5.5889,2,8.16235,8.16235,1,207.419
192,2013-07-12,00:00:00.00,3.29652,0,0,18.2161,12.9661,23.4661,18.2161,-33333.3,-33333.3,1.13546,95.7578,0.5,0,41.0834,30.6904,25.0329,28.7225,-6.24356,2,0,0,1,157.359
193,2013-07-13,00:00:00.00,3.31373,0,0,19.7161,13.4661,25.9661,19.7161,-33333.3,-33333.3,1.12906,95.7856,0.5,0,41.0081,30.4112,24.8052,29.6046,-6.08708,2,2.52013,2.52013,1,169.981
194,2013-07-14,00:00:00.00,3.33095,0,0,20.2161,13.4661,26.9661,20.2161,-33333.3,-33333.3,1.12692,95.7948,0.5,0,40.9293,30.2739,24.6478,29.9033,-6.03272,2,3.54042,3.54042,1,173.93
195,2013-07-15,00:00:00.00,3.34816,0,0,22.9661,16.4661,29.4661,22.9661,-33333.3,-33333.3,1.11511,95.8447,0.5,0,40.8472,29.7607,24.17,31.5889,-5.71359,2,8.16235,8.16235,1,197.161
196,2013-07-16,00:00:00.00,3.36538,0,0,25.2161,19.4661,30.9661,25.2161,-33333.3,-33333.3,1.10538,95.885,0.5,0,40.7617,29.2902,23.6604,33.0228,-5.42638,2,8.16235,8.16235,1,215.984
197,2013-07-17,00:00:00.00,3.38259,0,0,25.9661,19.9661,31.9661,25.9661,-33333.3,-33333.3,1.10212,95.8982,0.5,0,40.6728,29.0808,23.3829,33.512,-5.32527,2,8.16235,8.16235,1,221.879
198,2013-07-18,00:00:00.00,3.39981,0,0,27.2161,21.9661,32.4661,27.2161,-33333.3,-33333.3,1.09667,95.9202,0.5,0,40.5806,28.7659,23.038,34.3398,-5.15065,2,8.16235,8.16235,1,231.984
199,2013-07-19,00:00:00.00,3.41702,0,0,26.4661,21.4661,31.4661,26.4661,-33333.3,-33333.3,1.09995,95.9071,0.5,0,40.4851,28.8433,23.0213,33.8412,-5.25634,2,8.16235,8.16235,1,225.009
200,2013-07-20,00:00:00.00,3.43423,11.2532,0,27.7161,23.9661,31.4661,27.7161,-33333.3,-33333.3,1.09448,95.929,0.5,0,40.3862,28.5202,22.6969,34.6755,-5.07864,2,8.16235,8.16235,1,235.005
201,2013-07-21,00:00:00.00,3.45145,0,0,21.9661,17.9661,25.9661,21.9661,-33333.3,-33333.3,1.11941,95.8267,0.5,0,40.284,29.4995,23.6067,30.9675,-5.83364,2,7.11145,7.11145,1,185.732
202,2013-07-22,00:00:00.00,3.46866,0,0,18.4661,12.9661,23.9661,18.4661,-33333.3,-33333.3,1.1344,95.7625,0.5,0,40.1785,29.9523,23.9003,28.8681,-6.21816,2,0,0,1,155.688
203,2013-07-23,00:00:00.00,3.48588,0,0,18.7161,13.9661,23.4661,18.7161,-33333.3,-33333.3,1.13333,95.7671,0.5,0,40.0697,29.832,23.8043,29.0142,-6.19249,2,0.479538,0.479538,1,157.325
204,2013-07-24,00:00:00.00,3.50309,0,0,19.7161,14.4661,24.9661,19.7161,-33333.3,-33333.3,1.12906,95.7856,0.5,0,39.9576,29.5993,23.6146,29.6046,-6.08708,2,2.52013,2.52013,1,165.22
205,2013-07-25,00:00:00.00,3.52031,0,0,15.2161,10.9661,19.4661,15.2161,-33333.3,-33333.3,1.14825,95.7015,0.5,0,39.8423,30.1156,24.0052,27.0205,-6.52758,2,0,0,1,127.104
206,2013-07-26,00:00:00.00,3.53752,0,0,16.2161,9.96606,22.4661,16.2161,-33333.3,-33333.3,1.14399,95.7204,0.5,0,39.7236,29.8978,23.8315,27.5788,-6.43711,2,0,0,1,135.012
207,2013-07-27,00:00:00.00,3.55473,0,0,17.2161,11.4661,22.9661,17.2161,-33333.3,-33333.3,1.13973,95.7392,0.5,0,39.6018,29.6723,23.6518,28.1461,-6.34246,2,0,0,1,142.852
208,2013-07-28,00:00:00.00,3.57195,35.97,0,18.2161,14.9661,21.4661,18.2161,-33333.3,-33333.3,1.13546,95.7578,0.5,0,39.4767,29.4391,23.4658,28.7225,-6.24356,2,0,0,1,150.622
209,2013-07-29,00:00:00.00,3.58916,0,0,14.9661,11.4661,18.4661,14.9661,-33333.3,-33333.3,1.14932,95.6967,0.5,0,39.3484,29.7548,24.2593,26.8824,-6.54955,2,0,0,1,123.305
210,2013-07-30,00:00:00.00,3.60638,1.80855,0,14.2161,10.4661,17.9661,14.2161,-33333.3,-33333.3,1.15251,95.6825,0.5,0,39.2168,29.738,24.2455,26.4712,-6.61394,2,0,0,1,116.694
211,2013-07-31,00:00:00.00,3.62359,0,0,16.7161,10.9661,22.4661,16.7161,-33333.3,-33333.3,1.14186,95.7298,0.5,0,39.0821,29.3281,23.9441,27.8613,-6.39031,2,0,0,1,136.695
212,2013-08-01,00:00:00.00,3.6408,48.7303,0,17.2161,12.4661,21.9661,17.2161,-33333.3,-33333.3,1.13973,95.7392,0.5,0,38.9442,29.1547,23.8025,28.1461,-6.34246,2,0,0,1,140.235
213,2013-08-02,00:00:00.00,3.65802,0,0,18.7161,14.4661,22.9661,18.7161,-33333.3,-33333.3,1.13333,95.7671,0.5,0,38.8032,28.8418,23.8877,29.0142,-6.19249,2,1.70531,1.70531,1,151.845
214,2013-08-03,00:00:00.00,3.67523,4.21994,0,17.7161,11.9661,23.4661,17.7161,-33333.3,-33333.3,1.1376,95.7485,0.5,0,38.659,28.8641,23.8756,28.4331,-6.29354,2,0,0,1,143.144
215,2013-08-04,00:00:00.00,3.69245,0,0,17.7161,12.9661,22.4661,17.7161,-33333.3,-33333.3,1.1376,95.7485,0.5,0,38.5117,28.7479,23.8544,28.4331,-6.29354,2,0,0,1,142.543
216,2013-08-05,00:00:00.00,3.70966,0,0,16.2161,11.4661,20.9661,16.2161,-33333.3,-33333.3,1.14399,95.7204,0.5,0,38.3614,28.8204,23.9145,27.5788,-6.43711,2,0,0,1,129.914
217,2013-08-06,00:00:00.00,3.72688,0.401899,0,15.7161,9.96606,21.4661,15.7161,-33333.3,-33333.3,1.14612,95.711,0.5,0,38.2079,28.7592,23.8637,27.2985,-6.48287,2,0,0,1,125.355
218,2013-08-07,00:00:00.00,3.74409,3.61709,0,18.4661,12.9661,23.9661,18.4661,-33333.3,-33333.3,1.1344,95.7625,0.5,0,38.0514,28.2846,23.4769,28.8681,-6.21816,2,1.26939,1.26939,1,146.627
219,2013-08-08,00:00:00.00,3.7613,4.82279,0,20.4661,15.4661,25.4661,20.4661,-33333.3,-33333.3,1.12585,95.7993,0.5,0,37.8918,27.8775,23.1796,30.0535,-6.00513,2,4.75673,4.75673,1,161.76
220,2013-08-09,00:00:00.00,3.77852,0,0,20.7161,16.4661,24.9661,20.7161,-33333.3,-33333.3,1.12478,95.8039,0.5,0,37.7293,27.7135,23.0444,30.2044,-5.97725,2,5.19265,5.19265,1,162.967
221,2013-08-10,00:00:00.00,3.79573,0,0,19.2161,13.9661,24.4661,19.2161,-33333.3,-33333.3,1.13119,95.7763,0.5,0,37.5637,27.7976,23.0248,29.3082,-6.14033,2,2.57714,2.57714,1,150.442
222,2013-08-11,00:00:00.00,3.81295,0,0,16.2161,11.4661,20.9661,16.2161,-33333.3,-33333.3,1.14399,95.7204,0.5,0,37.3952,28.0518,23.1905,27.5788,-6.43711,2,0,0,1,126.333
223,2013-08-12,00:00:00.00,3.83016,0,0,15.9661,9.46606,22.4661,15.9661,-33333.3,-33333.3,1.14506,95.7157,0.5,0,37.2238,27.945,23.1022,27.4384,-6.46012,2,0,0,1,123.764
224,2013-08-13,00:00:00.00,3.84738,0.401899,0,16.9661,11.9661,21.9661,16.9661,-33333.3,-33333.3,1.1408,95.7345,0.5,0,37.0494,27.6846,22.8869,28.0034,-6.36652,2,0,0,1,130.845
225,2013-08-14,00:00:00.00,3.86459,0,0,15.2161,13.9661,16.4661,15.2161,-33333.3,-33333.3,1.14825,95.7015,0.5,0,36.8722,27.7511,22.9488,27.0205,-6.52758,2,0,0,1,116.739
226,2013-08-15,00:00:00.00,3.8818,0,0,14.7161,9.96606,19.4661,14.7161,-33333.3,-33333.3,1.15038,95.692,0.5,0,36.6921,27.663,22.8758,26.7448,-6.57127,2,0,0,1,112.305
227,2013-08-16,00:00:00.00,3.89902,0,0,14.7161,8.46606,20.9661,14.7161,-33333.3,-33333.3,1.15038,95.692,0.5,0,36.5092,27.516,22.7543,26.7448,-6.57127,2,0,0,1,111.699
228,2013-08-17,00:00:00.00,3.91623,0,0,16.7161,8.96606,24.4661,16.7161,-33333.3,-33333.3,1.14186,95.7298,0.5,0,36.3236,27.1363,22.4402,27.8613,-6.39031,2,0,0,1,126.182
229,2013-08-18,00:00:00.00,3.93345,0,0,18.2161,10.9661,25.4661,18.2161,-33333.3,-33333.3,1.13546,95.7578,0.5,0,36.1351,26.7996,22.1618,28.7225,-6.24356,2,0.833474,0.833474,1,136.735
230,2013-08-19,00:00:00.00,3.95066,0,0,19.2161,12.4661,25.9661,19.2161,-33333.3,-33333.3,1.13119,95.7763,0.5,0,35.944,26.5172,21.9145,29.3082,-6.14033,2,2.57714,2.57714,1,143.42
231,2013-08-20,00:00:00.00,3.96787,0,0,19.4661,13.4661,25.4661,19.4661,-33333.3,-33333.3,1.13013,95.781,0.5,0,35.7502,26.3302,21.7179,29.4561,-6.11385,2,3.01306,3.01306,1,144.444
232,2013-08-21,00:00:00.00,3.98509,0,0,20.7161,14.4661,26.9661,20.7161,-33333.3,-33333.3,1.12478,95.8039,0.5,0,35.5538,26.0033,21.3997,30.2044,-5.97725,2,5.19265,5.19265,1,152.813
233,2013-08-22,00:00:00.00,4.0023,0,0,21.7161,15.4661,27.9661,21.7161,-33333.3,-33333.3,1.12049,95.8221,0.5,0,35.3547,25.7034,21.0702,30.8137,-5.86293,2,6.93632,6.93632,1,159.23
234,2013-08-23,00:00:00.00,4.01952,0,0,22.2161,17.4661,26.9661,22.2161,-33333.3,-33333.3,1.11834,95.8312,0.5,0,35.1531,25.4716,20.7707,31.122,-5.80406,2,6.97468,6.97468,1,161.904
235,2013-08-24,00:00:00.00,4.03673,0,0,17.7161,11.9661,23.4661,17.7161,-33333.3,-33333.3,1.1376,95.7485,0.5,0,34.949,25.9165,21.0262,28.4331,-6.29354,2,0,0,1,128.311
236,2013-08-25,00:00:00.00,4.05395,0,0,17.4661,10.9661,23.9661,17.4661,-33333.3,-33333.3,1.13866,95.7438,0.5,0,34.7424,25.7816,20.9167,28.2893,-6.31813,2,0,0,1,125.705
237,2013-08-26,00:00:00.00,4.07116,3.61709,0,18.4661,11.4661,25.4661,18.4661,-33333.3,-33333.3,1.1344,95.7625,0.5,0,34.5334,25.492,20.6817,28.8681,-6.21816,2,1.26939,1.26939,1,132.054
238,2013-08-27,00:00:00.00,4.08837,6.22944,0,21.7161,18.9661,24.4661,21.7161,-33333.3,-33333.3,1.12049,95.8221,0.5,0,34.322,24.8904,20.2326,30.8137,-5.86293,2,6.93632,6.93632,1,154.289
239,2013-08-28,00:00:00.00,4.10559,4.01899,0,22.2161,16.9661,27.4661,22.2161,-33333.3,-33333.3,1.11834,95.8312,0.5,0,34.1082,24.6504,20.0356,31.122,-5.80406,2,6.97468,6.97468,1,156.803
240,2013-08-29,00:00:00.00,4.1228,0,0,23.2161,18.4661,27.9661,23.2161,-33333.3,-33333.3,1.11403,95.8492,0.5,0,33.8922,24.3339,19.744,31.7458,-5.68286,2,6.97468,6.97468,1,162.767
241,2013-08-30,00:00:00.00,4.14002,0,0,23.2161,16.9661,29.4661,23.2161,-33333.3,-33333.3,1.11403,95.8492,0.5,0,33.674,24.1628,19.5173,31.7458,-5.68286,2,6.97468,6.97468,1,161.665
242,2013-08-31,00:00:00.00,4.15723,7.83704,0,21.9661,17.4661,26.4661,21.9661,-33333.3,-33333.3,1.11941,95.8267,0.5,0,33.4535,24.1703,19.4463,30.9675,-5.83364,2,6.97468,6.97468,1,151.911
243,2013-09-01,00:00:00.00,4.17445,0.401899,0,22.2161,18.9661,25.4661,22.2161,-33333.3,-33333.3,1.11834,95.8312,0.5,0,33.231,23.9596,19.3203,31.122,-5.80406,2,6.97468,6.97468,1,152.57
244,2013-09-02,00:00:00.00,4.19166,14.6693,0,21.2161,16.9661,25.4661,21.2161,-33333.3,-33333.3,1.12263,95.813,0.5,0,33.0063,23.9204,19.2222,30.5078,-5.92065,2,4.76622,4.76622,1,144.674
245,2013-09-03,00:00:00.00,4.20887,1.00475,0,18.9661,16.9661,20.9661,18.9661,-33333.3,-33333.3,1.13226,95.7717,0.5,0,32.7797,24.0298,19.4769,29.1609,-6.16655,2,4.76622,4.76622,1,128.406
246,2013-09-04,00:00:00.00,4.22609,0,0,15.7161,12.4661,18.9661,15.7161,-33333.3,-33333.3,1.14612,95.711,0.5,0,32.5511,24.2166,19.5844,27.2985,-6.48287,2,1.79329,1.79329,1,105.632
247,2013-09-05,00:00:00.00,4.2433,0,0,16.9661,10.4661,23.4661,16.9661,-33333.3,-33333.3,1.1408,95.7345,0.5,0,32.3206,23.8952,19.3041,28.0034,-6.36652,2,3.28274,3.28274,1,113.196
248,2013-09-06,00:00:00.00,4.26052,0,0,12.2161,8.96606,15.4661,12.2161,-33333.3,-33333.3,1.16104,95.644,0.5,0,32.0883,24.1811,19.4985,25.3991,-6.77458,2,0,0,1,80.8986
249,2013-09-07,00:00:00.00,4.27773,0,0,11.4661,7.96606,14.9661,11.4661,-33333.3,-33333.3,1.16424,95.6294,0.5,0,31.8542,24.0553,19.397,25.0061,-6.83076,2,0,0,1,75.3604
250,2013-09-08,00:00:00.00,4.29494,0,0,13.9661,9.96606,17.9661,13.9661,-33333.3,-33333.3,1.15358,95.6777,0.5,0,31.6185,23.6367,19.0595,26.3353,-6.63489,2,0,0,1,91.0922
251,2013-09-09,00:00:00.00,4.31216,0,0,15.2161,11.4661,18.9661,15.2161,-33333.3,-33333.3,1.14825,95.7015,0.5,0,31.381,23.3215,18.8052,27.0205,-6.52758,2,1.19751,1.19751,1,98.48
252,2013-09-10,00:00:00.00,4.32937,0.20095,0,14.4661,7.46606,21.4661,14.4661,-33333.3,-33333.3,1.15145,95.6872,0.5,0,31.1421,23.2016,18.6965,26.6077,-6.59273,2,0.303847,0.303847,1,92.8955
253,2013-09-11,00:00:00.00,4.34659,0,0,24.7161,16.9661,32.4661,24.7161,-33333.3,-33333.3,1.10755,95.8761,0.5,0,30.9016,21.771,17.5437,32.6998,-5.49229,2,4.76622,4.76622,1,157.465
254,2013-09-12,00:00:00.00,4.3638,12.2579,0,24.2161,19.4661,28.9661,24.2161,-33333.3,-33333.3,1.10971,95.8672,0.5,0,30.6597,21.6543,17.4058,32.3793,-5.55699,2,4.76622,4.76622,1,153.048
255,2013-09-13,00:00:00.00,4.38102,0,0,19.2161,17.4661,20.9661,19.2161,-33333.3,-33333.3,1.13119,95.7763,0.5,0,30.4165,22.1104,17.8936,29.3082,-6.14033,2,4.76622,4.76622,1,120.467
256,2013-09-14,00:00:00.00,4.39823,0,0,8.96606,7.96606,9.96606,8.96606,-33333.3,-33333.3,1.17492,95.5804,0.5,0,30.172,22.8716,18.4566,23.7305,-7.00247,2,0,0,1,55.7504
257,2013-09-15,00:00:00.00,4.41544,0,0,9.71606,2.46606,16.9661,9.71606,-33333.3,-33333.3,1.17171,95.5952,0.5,0,29.9263,22.6138,18.2485,24.1076,-6.95343,2,0,0,1,59.9157
258,2013-09-16,00:00:00.00,4.43266,1.00475,0,12.2161,7.96606,16.4661,12.2161,-33333.3,-33333.3,1.16104,95.644,0.5,0,29.6794,22.2124,17.9246,25.3991,-6.77458,2,0,0,1,74.7047
259,2013-09-17,00:00:00.00,4.44987,0,0,11.2161,8.46606,13.9661,11.2161,-33333.3,-33333.3,1.1653,95.6246,0.5,0,29.4315,22.0913,17.8406,24.8761,-6.849,2,0,0,1,68.012
260,2013-09-18,00:00:00.00,4.46709,0,0,9.46606,1.96606,16.9661,9.46606,-33333.3,-33333.3,1.17278,95.5902,0.5,0,29.1827,22.0203,17.7832,23.9814,-6.97001,2,0,0,1,56.9123
261,2013-09-19,00:00:00.00,4.4843,0,0,13.9661,5.96606,21.9661,13.9661,-33333.3,-33333.3,1.15358,95.6777,0.5,0,28.9329,21.4515,17.3238,26.3353,-6.63489,2,0,0,1,83.2464
262,2013-09-20,00:00:00.00,4.50151,0,0,15.7161,8.96606,22.4661,15.7161,-33333.3,-33333.3,1.14612,95.711,0.5,0,28.6824,21.0858,17.0284,27.2985,-6.48287,2,1.79329,1.79329,1,92.8654
263,2013-09-21,00:00:00.00,4.51873,52.8498,0,18.9661,15.4661,22.4661,18.9661,-33333.3,-33333.3,1.13226,95.7717,0.5,0,28.4311,20.5492,16.5783,29.1609,-6.16655,2,4.76622,4.76622,1,111.089
264,2013-09-22,00:00:00.00,4.53594,20.4969,0,13.7161,11.9661,15.4661,13.7161,-33333.3,-33333.3,1.15464,95.6729,0.5,0,28.1792,20.8597,17.1365,26.1999,-6.6556,2,0,0,1,79.6288
265,2013-09-23,00:00:00.00,4.55316,0,0,7.71606,4.96606,10.4661,7.71606,-33333.3,-33333.3,1.18028,95.5555,0.5,0,27.9268,21.1047,17.4759,23.1123,-7.0796,2,0,0,1,44.3965
266,2013-09-24,00:00:00.00,4.57037,0,0,11.7161,7.46606,15.9661,11.7161,-33333.3,-33333.3,1.16317,95.6343,0.5,0,27.6738,20.6114,17.0674,25.1366,-6.81228,2,0,0,1,66.8057
267,2013-09-25,00:00:00.00,4.58759,0,0,11.4161,3.46606,19.3661,11.4161,-33333.3,-33333.3,1.16445,95.6285,0.5,0,27.4205,20.427,16.9147,24.98,-6.83443,2,0,0,1,64.5049
268,2013-09-26,00:00:00.00,4.6048,0,0,12.7161,3.96606,21.4661,12.7161,-33333.3,-33333.3,1.15891,95.6537,0.5,0,27.1669,20.1175,16.6583,25.6639,-6.73591,2,0,0,1,71.1936
269,2013-09-27,00:00:00.00,4.62201,0,0,14.9661,7.96606,21.9661,14.9661,-33333.3,-33333.3,1.14932,95.6967,0.5,0,26.9131,19.7205,16.3296,26.8824,-6.54955,2,0.899625,0.899625,1,83.0186
270,2013-09-28,00:00:00.00,4.63923,0,0,14.2161,7.46606,20.9661,14.2161,-33333.3,-33333.3,1.15251,95.6825,0.5,0,26.6592,19.5794,16.2018,26.4712,-6.61394,2,0.00595778,0.00595778,1,78.1258
271,2013-09-29,00:00:00.00,4.65644,0,0,14.7161,8.46606,20.9661,14.7161,-33333.3,-33333.3,1.15038,95.692,0.5,0,26.4052,19.3301,15.9954,26.7448,-6.57127,2,0.601736,0.601736,1,80.1167
272,2013-09-30,00:00:00.00,4.67366,0.602849,0,15.2161,9.96606,20.4661,15.2161,-33333.3,-33333.3,1.14825,95.7015,0.5,0,26.1514,19.0806,15.7818,27.0205,-6.52758,2,1.19751,1.19751,1,82.0578
273,2013-10-01,00:00:00.00,4.69087,1.80855,0,17.4661,15.4661,19.4661,17.4661,-33333.3,-33333.3,1.13866,95.7438,0.5,0,25.8976,18.6691,15.4345,28.2893,-6.31813,2,3.87851,3.87851,1,93.2972
274,2013-10-02,00:00:00.00,4.70809,0,0,15.9661,8.96606,22.9661,15.9661,-33333.3,-33333.3,1.14506,95.7157,0.5,0,25.6441,18.6036,15.3564,27.4384,-6.46012,2,2.35594,2.35594,1,84.4693
275,2013-10-03,00:00:00.00,4.7253,0,0,18.9661,15.4661,22.4661,18.9661,-33333.3,-33333.3,1.13226,95.7717,0.5,0,25.391,18.1152,14.9268,29.1609,-6.16655,2,2.35594,2.35594,1,99.375
276,2013-10-04,00:00:00.00,4.74251,7.03324,0,14.2161,6.46606,21.9661,14.2161,-33333.3,-33333.3,1.15251,95.6825,0.5,0,25.1383,18.343,15.0876,26.4712,-6.61394,2,2.35594,2.35594,1,73.7651
277,2013-10-05,00:00:00.00,4.75973,1.40665,0,14.9661,11.9661,17.9661,14.9661,-33333.3,-33333.3,1.14932,95.6967,0.5,0,24.8861,18.0764,14.9208,26.8824,-6.54955,2,2.35594,2.35594,1,76.8997
278,2013-10-06,00:00:00.00,4.77694,3.01425,0,13.7161,11.9661,15.4661,13.7161,-33333.3,-33333.3,1.15464,95.6729,0.5,0,24.6345,17.9734,14.8252,26.1999,-6.6556,2,2.35594,2.35594,1,69.7857
279,2013-10-07,00:00:00.00,4.79416,43.6061,0,14.9661,11.9661,17.9661,14.9661,-33333.3,-33333.3,1.14932,95.6967,0.5,0,24.3836,17.6692,14.5815,26.8824,-6.54955,2,2.35594,2.35594,1,75.3945
280,2013-10-08,00:00:00.00,4.81137,4.62184,0,10.9661,9.96606,11.9661,10.9661,-33333.3,-33333.3,1.16637,95.6197,0.5,0,24.1335,17.766,14.7739,24.7467,-6.867,2,2.09856,2.09856,1,54.6958
281,2013-10-09,00:00:00.00,4.82858,0,0,10.2161,4.46606,15.9661,10.2161,-33333.3,-33333.3,1.16957,95.605,0.5,0,23.8843,17.6119,14.6733,24.3617,-6.91957,2,1.65682,1.65682,1,50.4471
282,2013-10-10,00:00:00.00,4.8458,0,0,12.4661,5.46606,19.4661,12.4661,-33333.3,-33333.3,1.15997,95.6488,0.5,0,23.6361,17.2544,14.3577,25.5313,-6.75537,2,2.35594,2.35594,1,60.9409
283,2013-10-11,00:00:00.00,4.86301,0,0,13.2161,5.96606,20.4661,13.2161,-33333.3,-33333.3,1.15677,95.6633,0.5,0,23.389,16.9984,14.1198,25.9308,-6.69625,2,2.35594,2.35594,1,63.9571
284,2013-10-12,00:00:00.00,4.88023,0,0,12.9661,4.46606,21.4661,12.9661,-33333.3,-33333.3,1.15784,95.6585,0.5,0,23.1431,16.8166,13.9441,25.7971,-6.7162,2,2.35594,2.35594,1,62.113
285,2013-10-13,00:00:00.00,4.89744,5.02374,0,14.7161,6.96606,22.4661,14.7161,-33333.3,-33333.3,1.15038,95.692,0.5,0,22.8984,16.4866,13.6463,26.7448,-6.57127,2,2.35594,2.35594,1,69.7807
286,2013-10-14,00:00:00.00,4.91466,0.803799,0,14.2161,11.9661,16.4661,14.2161,-33333.3,-33333.3,1.15251,95.6825,0.5,0,22.655,16.3278,13.5419,26.4712,-6.61394,2,2.35594,2.35594,1,66.7231
287,2013-10-15,00:00:00.00,4.93187,0,0,10.7161,5.46606,15.9661,10.7161,-33333.3,-33333.3,1.16744,95.6148,0.5,0,22.4131,16.3745,13.5648,24.6178,-6.88476,2,1.95131,1.95131,1,49.7816
288,2013-10-16,00:00:00.00,4.94908,8.84179,0,10.4661,4.46606,16.4661,10.4661,-33333.3,-33333.3,1.16851,95.6099,0.5,0,22.1728,16.1937,13.3953,24.4895,-6.90229,2,1.80406,1.80406,1,48.1216
289,2013-10-17,00:00:00.00,4.9663,0.803799,0,15.7161,12.4661,18.9661,15.7161,-33333.3,-33333.3,1.14612,95.711,0.5,0,21.934,15.6296,12.9774,27.2985,-6.48287,2,2.35594,2.35594,1,71.5172
290,2013-10-18,00:00:00.00,4.98351,14.2674,0,11.2161,8.46606,13.9661,11.2161,-33333.3,-33333.3,1.1653,95.6246,0.5,0,21.697,15.7574,13.0682,24.8761,-6.849,2,2.2458,2.2458,1,50.5133
291,2013-10-19,00:00:00.00,5.00073,0,0,8.46606,4.96606,11.9661,8.46606,-33333.3,-33333.3,1.17706,95.5704,0.5,0,21.4618,15.7292,13.0885,23.4816,-7.03401,2,0.626092,0.626092,1,37.7343
292,2013-10-20,00:00:00.00,5.01794,10.0475,0,5.96606,3.96606,7.96606,5.96606,-33333.3,-33333.3,1.1878,95.5203,0.5,0,21.2284,15.6681,13.0315,22.2683,-7.17809,2,0,0,1,26.3162
293,2013-10-21,00:00:00.00,5.03516,3.41614,0,5.96606,1.46606,10.4661,5.96606,-33333.3,-33333.3,1.1878,95.5203,0.5,0,20.9971,15.4772,12.9198,22.2683,-7.17809,2,0,0,1,26.0433
294,2013-10-22,00:00:00.00,5.05237,7.23419,0,7.46606,3.46606,11.4661,7.46606,-33333.3,-33333.3,1.18135,95.5505,0.5,0,20.7678,15.2129,12.7303,22.9902,-7.09434,2,0.0371061,0.0371061,1,32.2529
295,2013-10-23,00:00:00.00,5.06958,0.602849,0,3.21606,0.466056,5.96606,3.21606,-33333.3,-33333.3,1.19969,95.4642,0.5,0,20.5406,15.2243,12.7668,20.9917,-7.3113,2,0,0,1,13.7488
296,2013-10-24,00:00:00.00,5.0868,4.44089e-16,0.803799,3.96606,0.966056,6.96606,3.96606,-33333.3,-33333.3,1.19644,95.4796,0.5,0,20.3157,15.0061,12.5894,21.334,-7.27753,2,0,0,1,16.7789
297,2013-10-25,00:00:00.00,5.10401,1.2057,0,2.21606,-1.03394,5.46606,2.21606,-33333.3,-33333.3,1.20404,95.4435,0.5,0,20.0931,14.8939,12.5026,20.5422,-7.35341,2,0,0,1,9.27791
298,2013-10-26,00:00:00.00,5.12123,1.80855,3.01425,3.96606,0.966056,6.96606,3.96606,-33333.3,-33333.3,1.19644,95.4796,0.5,0,19.8728,14.6399,12.3004,21.334,-7.27753,2,0,0,1,16.4321
299,2013-10-27,00:00:00.00,5.13844,3.41614,5.02374,1.71606,-0.0339442,3.46606,1.71606,-33333.3,-33333.3,1.20622,95.4331,0.5,0,19.6551,14.5498,12.2391,20.3203,-7.37324,2,0,0,1,7.03617
300,2013-10-28,00:00:00.00,5.15565,0.602849,0,2.96606,0.466056,5.46606,2.96606,-33333.3,-33333.3,1.20078,95.4591,0.5,0,19.4399,14.3231,12.0604,20.8786,-7.32214,2,0,0,1,12.0353
301,2013-10-29,00:00:00.00,5.17287,0,0,4.21606,1.96606,6.46606,4.21606,-33333.3,-33333.3,1.19536,95.4848,0.5,0,19.2273,14.0962,11.8746,21.449,-7.26585,2,0,0,1,16.9304
302,2013-10-30,00:00:00.00,5.19008,0.332812,0.069087,0.716056,-5.53394,6.96606,0.716056,-33333.3,-33333.3,1.21059,95.4122,0.5,0,19.0174,14.0572,11.8418,19.8823,-7.41046,2,0,0,1,2.84581
303,2013-10-31,00:00:00.00,5.2073,13.6646,0,5.96606,0.466056,11.4661,5.96606,-33333.3,-33333.3,1.1878,95.5203,0.5,0,18.8103,13.6765,11.5245,22.2683,-7.17809,2,0,0,1,23.4665
304,2013-11-01,00:00:00.00,5.22451,0,0,8.46606,1.96606,14.9661,8.46606,-33333.3,-33333.3,1.17706,95.5704,0.5,0,18.6061,13.3898,11.2905,23.4816,-7.03401,2,0.626092,0.626092,1,32.9581
305,2013-11-02,00:00:00.00,5.24173,0,0,5.21606,0.466056,9.96606,5.21606,-33333.3,-33333.3,1.19104,95.5051,0.5,0,18.4047,13.3761,11.2737,21.9142,-7.217,2,0.822833,0.822833,1,20.0983
306,2013-11-03,00:00:00.00,5.25894,1.40665,0,4.71606,3.46606,5.96606,4.71606,-33333.3,-33333.3,1.19319,95.495,0.5,0,18.2064,13.234,11.1472,21.6806,-7.24185,2,0.822833,0.822833,1,17.9867
307,2013-11-04,00:00:00.00,5.27615,0,0,-1.03394,-4.53394,2.46606,-1.03394,-33333.3,-33333.3,1.2183,95.3753,0.5,0,18.0111,13.2797,11.187,19.1139,-7.48792,2,0,0,1,-3.90341
308,2013-11-05,00:00:00.00,5.29337,0,0,-0.283944,-5.03394,4.46606,-0.283944,-33333.3,-33333.3,1.21498,95.3912,0.5,0,17.819,13.0967,11.0328,19.4462,-7.45008,2,0,0,1,-1.06114
309,2013-11-06,00:00:00.00,5.31058,0,0,5.46606,-1.03394,11.9661,5.46606,-33333.3,-33333.3,1.18996,95.5102,0.5,0,17.6301,12.7291,10.7231,22.0318,-7.20425,2,0.822833,0.822833,1,20.2234
310,2013-11-07,00:00:00.00,5.3278,13.8655,0,9.46606,6.46606,12.4661,9.46606,-33333.3,-33333.3,1.17278,95.5902,0.5,0,17.4444,12.3928,10.4335,23.9814,-6.97001,2,0.822833,0.822833,1,34.6741
311,2013-11-08,00:00:00.00,5.34501,0.401899,2.4114,2.96606,1.46606,4.46606,2.96606,-33333.3,-33333.3,1.20078,95.4591,0.5,0,17.262,12.5249,10.5493,20.8786,-7.32214,2,0.60972,0.60972,1,10.7573
312,2013-11-09,00:00:00.00,5.36223,0.832031,0.172718,0.716056,-1.53394,2.96606,0.716056,-33333.3,-33333.3,1.21059,95.4122,0.5,0,17.083,12.4552,10.4935,19.8823,-7.41046,2,0.146876,0.146876,1,2.57157
313,2013-11-10,00:00:00.00,5.37944,1.6076,0,3.96606,-0.0339442,7.96606,3.96606,-33333.3,-33333.3,1.19644,95.4796,0.5,0,16.9075,12.1959,10.2799,21.334,-7.27753,2,0.815428,0.815428,1,14.1048
314,2013-11-11,00:00:00.00,5.39665,2.21045,0.401899,3.21606,1.96606,4.46606,3.21606,-33333.3,-33333.3,1.19969,95.4642,0.5,0,16.7355,12.0824,10.1842,20.9917,-7.3113,2,0.661147,0.661147,1,11.3274
315,2013-11-12,00:00:00.00,5.41387,2.32969,0.684559,0.716056,-0.533944,1.96606,0.716056,-33333.3,-33333.3,1.21059,95.4122,0.5,0,16.567,12.0289,10.1401,19.8823,-7.41046,2,0.146876,0.146876,1,2.49805
316,2013-11-13,00:00:00.00,5.43108,0,0,-3.78394,-6.03394,-1.53394,-3.78394,-33333.3,-33333.3,1.23054,95.3163,0.5,0,16.4021,12.0205,10.137,17.9352,-7.60754,2,0,0,1,-13.0762
317,2013-11-14,00:00:00.00,5.4483,0,0,-3.28394,-7.03394,0.466056,-3.28394,-33333.3,-33333.3,1.2283,95.3271,0.5,0,16.2408,11.8739,10.0133,18.1449,-7.58798,2,0,0,1,-11.2427
318,2013-11-15,00:00:00.00,5.46551,0,0,2.21606,-2.53394,6.96606,2.21606,-33333.3,-33333.3,1.20404,95.4435,0.5,0,16.0833,11.5812,9.76645,20.5422,-7.35341,2,0.455438,0.455438,1,7.51702
319,2013-11-16,00:00:00.00,5.48272,0,0,4.46606,-0.0339442,8.96606,4.46606,-33333.3,-33333.3,1.19428,95.4899,0.5,0,15.9296,11.3751,9.58945,21.5646,-7.25396,2,0.822833,0.822833,1,15.0118
320,2013-11-17,00:00:00.00,5.49994,5.62659,0,5.21606,-1.03394,11.4661,5.21606,-33333.3,-33333.3,1.19104,95.5051,0.5,0,15.7796,11.224,9.45633,21.9142,-7.217,2,0.822833,0.822833,1,17.376
321,2013-11-18,00:00:00.00,5.51715,9.64558,0,11.2161,7.96606,14.4661,11.2161,-33333.3,-33333.3,1.1653,95.6246,0.5,0,15.6335,10.8401,9.13411,24.8761,-6.849,2,0.822833,0.822833,1,37.0347
322,2013-11-19,00:00:00.00,5.53437,0.401899,0.602849,3.46606,1.96606,4.96606,3.46606,-33333.3,-33333.3,1.19861,95.4694,0.5,0,15.4913,11.0523,9.3144,21.1053,-7.30025,2,0.712574,0.712574,1,11.3457
323,2013-11-20,00:00:00.00,5.55158,0,0,-0.283944,-1.53394,0.966056,-0.283944,-33333.3,-33333.3,1.21498,95.3912,0.5,0,15.353,11.0579,9.31981,19.4462,-7.45008,2,0,0,1,-0.921527
324,2013-11-21,00:00:00.00,5.5688,0,0,-2.53394,-7.53394,2.46606,-2.53394,-33333.3,-33333.3,1.22496,95.3432,0.5,0,15.2187,11.0082,9.27789,18.4633,-7.55683,2,0,0,1,-8.15534
325,2013-11-22,00:00:00.00,5.58601,5.02374,0,1.21606,-2.53394,4.96606,1.21606,-33333.3,-33333.3,1.2084,95.4227,0.5,0,15.0884,10.7955,9.09865,20.1004,-7.39225,2,0.24973,0.24973,1,3.88183
326,2013-11-23,00:00:00.00,5.60322,3.01425,0,4.71606,2.96606,6.46606,4.71606,-33333.3,-33333.3,1.19319,95.495,0.5,0,14.9621,10.5753,8.91655,21.6806,-7.24185,2,0.822833,0.822833,1,14.9338
327,2013-11-24,00:00:00.00,5.62044,-2.22045e-15,3.01425,-5.03394,-8.03394,-2.03394,-5.03394,-33333.3,-33333.3,1.23614,95.2891,0.5,0,14.84,10.7543,9.06695,17.4196,-7.6523,2,0,0,1,-15.8157
328,2013-11-25,00:00:00.00,5.63765,0,0,-10.0339,-14.0339,-6.03394,-10.0339,-33333.3,-33333.3,1.25887,95.1777,0.5,0,14.7219,10.7534,3.63188,15.4782,-7.77524,2,0,0,1,-31.2842
329,2013-11-26,00:00:00.00,5.65487,0,0,-6.03394,-10.5339,-1.53394,-6.03394,-33333.3,-33333.3,1.24065,95.2671,0.5,0,14.608,10.5836,3.57451,17.016,-7.68395,2,0,0,1,-18.6729
330,2013-11-27,00:00:00.00,5.67208,0,0,-2.53394,-4.53394,-0.533944,-2.53394,-33333.3,-33333.3,1.22496,95.3432,0.5,0,14.4983,10.4133,3.51703,18.4633,-7.55683,2,0,0,1,-7.78493
331,2013-11-28,00:00:00.00,5.6893,0,0,-3.28394,-5.03394,-1.53394,-3.28394,-33333.3,-33333.3,1.2283,95.3271,0.5,0,14.3928,10.3444,3.49353,18.1449,-7.58798,2,0,0,1,-10.0182
332,2013-11-29,00:00:00.00,5.70651,1.11022e-16,0.20095,-8.53394,-12.0339,-5.03394,-8.53394,-33333.3,-33333.3,1.25199,95.2116,0.5,0,14.2916,10.3694,3.50149,16.0408,-7.74745,2,0,0,1,-25.8571
333,2013-11-30,00:00:00.00,5.72372,0,0,-8.03394,-14.0339,-2.03394,-8.03394,-33333.3,-33333.3,1.24971,95.2228,0.5,0,14.1946,10.2797,3.47108,16.232,-7.7365,2,0,0,1,-24.1818
334,2013-12-01,00:00:00.00,5.74094,0,0,-4.28394,-9.03394,0.466056,-4.28394,-33333.3,-33333.3,1.23278,95.3054,0.5,0,14.1019,10.1271,3.41957,17.7275,-7.62615,2,0,0,1,-12.8125
335,2013-12-02,00:00:00.00,5.75815,0.0659313,1.74262,-0.283944,-2.03394,1.46606,-0.283944,-33333.3,-33333.3,1.21498,95.3912,0.5,0,14.0135,9.95593,3.36191,19.4462,-7.45008,2,0.322147,0.322147,1,-0.844016
336,2013-12-03,00:00:00.00,5.77537,0,0,-0.533944,-2.03394,0.966056,-0.533944,-33333.3,-33333.3,1.21609,95.3859,0.5,0,13.9295,9.89362,3.34071,19.3349,-7.46295,2,0.308858,0.308858,1,-1.57783
337,2013-12-04,00:00:00.00,5.79258,0,2.21045,-3.53394,-8.53394,1.46606,-3.53394,-33333.3,-33333.3,1.22942,95.3217,0.5,0,13.8498,9.90206,3.34321,18.0398,-7.59788,2,0.0672482,0.0672482,1,-10.3843
338,2013-12-05,00:00:00.00,5.80979,2.61235,0,4.46606,-1.53394,10.4661,4.46606,-33333.3,-33333.3,1.19428,95.4899,0.5,0,13.7745,9.61654,3.24732,21.5646,-7.25396,2,0.322147,0.322147,1,13.0529
339,2013-12-06,00:00:00.00,5.82701,0,0,6.46606,0.966056,11.9661,6.46606,-33333.3,-33333.3,1.18565,95.5304,0.5,0,13.7036,9.48838,8.00198,22.5069,-7.15106,2,0.322147,0.322147,1,18.8018
340,2013-12-07,00:00:00.00,5.84422,0,0,-3.28394,-4.03394,-2.53394,-3.28394,-33333.3,-33333.3,1.2283,95.3271,0.5,0,13.6371,9.72094,8.19612,18.1449,-7.58798,2,0.0873824,0.0873824,1,-9.5027
341,2013-12-08,00:00:00.00,5.86144,1.11022e-16,0.20095,-5.28394,-7.03394,-3.53394,-5.28394,-33333.3,-33333.3,1.23727,95.2836,0.5,0,13.5751,9.7131,8.18897,17.318,-7.66056,2,0,0,1,-15.2203
342,2013-12-09,00:00:00.00,5.87865,1.77636e-15,3.21519,-7.03394,-10.5339,-3.53394,-7.03394,-33333.3,-33333.3,1.24517,95.245,0.5,0,13.5175,9.6998,3.27415,16.6202,-7.71199,2,0,0,1,-20.1743
343,2013-12-10,00:00:00.00,5.89587,4.44089e-16,0.803799,-4.28394,-6.53394,-2.03394,-4.28394,-33333.3,-33333.3,1.23278,95.3054,0.5,0,13.4644,9.60054,3.24071,17.7275,-7.62615,2,0.00684562,0.00684562,1,-12.2377
344,2013-12-11,00:00:00.00,5.91308,0,1.00475,-10.7839,-12.5339,-9.03394,-10.7839,-33333.3,-33333.3,1.26232,95.1607,0.5,0,13.4157,9.67892,3.26674,15.2031,-7.78634,2,0,0,1,-30.6915
345,2013-12-12,00:00:00.00,5.93029,4.44089e-16,0.803799,-9.53394,-10.5339,-8.53394,-9.53394,-33333.3,-33333.3,1.25657,95.189,0.5,0,13.3715,9.62241,3.24764,15.6638,-7.76682,2,0,0,1,-27.0412
346,2013-12-13,00:00:00.00,5.94751,-2.22045e-15,3.01425,-11.5339,-15.5339,-7.53394,-11.5339,-33333.3,-33333.3,1.26579,95.1435,0.5,0,13.3319,9.62034,3.24678,14.9321,-7.79562,2,0,0,1,-32.6116
347,2013-12-14,00:00:00.00,5.96472,1.11022e-16,0.20095,-10.0339,-12.5339,-7.53394,-10.0339,-33333.3,-33333.3,1.25887,95.1777,0.5,0,13.2967,9.56818,3.22918,15.4782,-7.77524,2,0,0,1,-28.2903
348,2013-12-15,00:00:00.00,5.98194,0,8.23894,-14.2839,-16.0339,-12.5339,-14.2839,-33333.3,-33333.3,1.27864,95.0798,0.5,0,13.266,9.60282,3.24064,13.9725,-7.81462,2,0,0,1,-40.1716
349,2013-12-16,00:00:00.00,5.99915,-3.55271e-15,11.2532,-11.0339,-15.5339,-6.53394,-11.0339,-33333.3,-33333.3,1.26348,95.155,0.5,0,13.2399,9.53623,3.21824,15.1123,-7.78964,2,0,0,1,-30.9628
350,2013-12-17,00:00:00.00,6.01637,4.44089e-16,2.61235,-12.2839,-15.0339,-9.53394,-12.2839,-33333.3,-33333.3,1.26928,95.1263,0.5,0,13.2183,9.53627,3.21816,14.6651,-7.80312,2,0,0,1,-34.4049
351,2013-12-18,00:00:00.00,6.03358,4.44089e-16,2.61235,-14.7839,-24.5339,-5.03394,-14.7839,-33333.3,-33333.3,1.28099,95.068,0.5,0,13.2013,9.5547,3.22426,13.8036,-7.81561,2,0,0,1,-41.3412
352,2013-12-19,00:00:00.00,6.05079,2.22045e-16,0.401899,-5.78394,-8.53394,-3.03394,-5.78394,-33333.3,-33333.3,1.23952,95.2726,0.5,0,13.1888,9.40296,3.17343,17.1162,-7.67638,2,0,0,1,-16.1534
353,2013-12-20,00:00:00.00,6.06801,0,1.00475,-4.03394,-8.53394,0.466056,-4.03394,-33333.3,-33333.3,1.23166,95.3109,0.5,0,13.1808,9.36021,3.1591,17.8311,-7.61696,2,0.0269798,0.0269798,1,-11.2552
354,2013-12-21,00:00:00.00,6.08522,-5.32907e-15,11.6551,-1.03394,-2.03394,-0.0339442,-1.03394,-33333.3,-33333.3,1.2183,95.3753,0.5,0,13.1774,9.28755,3.13477,19.1139,-7.48792,2,0.26859,0.26859,1,-2.88298
355,2013-12-22,00:00:00.00,6.10244,7.64803,15.6621,-0.283944,-1.53394,0.966056,-0.283944,-33333.3,-33333.3,1.21498,95.3912,0.5,0,13.1785,9.26916,3.12862,19.4462,-7.45008,2,0.322147,0.322147,1,-0.791465
356,2013-12-23,00:00:00.00,6.11965,4.44089e-16,2.61235,-1.28394,-3.53394,0.966056,-1.28394,-33333.3,-33333.3,1.21941,95.37,0.5,0,13.1842,9.29894,3.1386,19.0042,-7.50003,2,0.248456,0.248456,1,-3.57892
357,2013-12-24,00:00:00.00,6.13686,0,0,-5.28394,-6.53394,-4.03394,-5.28394,-33333.3,-33333.3,1.23727,95.2836,0.5,0,13.1945,9.39668,3.17134,17.318,-7.66056,2,0,0,1,-14.7335
358,2013-12-25,00:00:00.00,6.15408,0,0,-11.7839,-13.0339,-10.5339,-11.7839,-33333.3,-33333.3,1.26695,95.1378,0.5,0,13.2093,9.52011,3.21269,14.8426,-7.79832,2,0,0,1,-32.8787
359,2013-12-26,00:00:00.00,6.17129,1.77636e-15,8.64084,-12.5339,-19.0339,-6.03394,-12.5339,-33333.3,-33333.3,1.27044,95.1205,0.5,0,13.2286,9.54652,3.22161,14.577,-7.80522,2,0,0,1,-35.0048
360,2013-12-27,00:00:00.00,6.18851,4.44089e-16,0.803799,-6.28394,-9.03394,-3.53394,-6.28394,-33333.3,-33333.3,1.24178,95.2616,0.5,0,13.2525,9.46357,3.19395,16.9163,-7.6913,2,0,0,1,-17.5722
361,2013-12-28,00:00:00.00,6.20572,0,0,-4.28394,-9.53394,0.966056,-4.28394,-33333.3,-33333.3,1.23278,95.3054,0.5,0,13.281,9.44622,3.18825,17.7275,-7.62615,2,0.00684562,0.00684562,1,-11.9985
362,2013-12-29,00:00:00.00,6.22294,0,0,-2.78394,-6.53394,0.966056,-2.78394,-33333.3,-33333.3,1.22607,95.3379,0.5,0,13.314,9.43979,3.18623,18.3567,-7.56746,2,0.127651,0.127651,1,-7.81212
363,2013-12-30,00:00:00.00,6.24015,0,0,-0.0339442,-2.03394,1.96606,-0.0339442,-33333.3,-33333.3,1.21388,95.3965,0.5,0,13.3515,9.40216,3.17379,19.5581,-7.43696,2,0.322147,0.322147,1,-0.0954454
364,2013-12-31,00:00:00.00,6.25736,-1.11022e-16,0.602849,-12.0339,-14.0339,-10.0339,-12.0339,-33333.3,-33333.3,1.26811,95.132,0.5,0,13.3936,9.67521,3.26533,14.7536,-7.80082,2,0,0,1,-33.9292
365,2014-01-01,00:00:00.00,6.27458,0,1.00475,-11.7839,-13.5339,-10.0339,-11.7839,-33333.3,-33333.3,1.26695,95.1378,0.5,0,13.4402,9.71001,3.27716,14.8426,-7.79832,2,0,0,1,-33.3184
366,2014-01-02,00:00:00.00,0.0086071,0,0,-12.7839,-14.5339,-11.0339,-12.7839,-33333.3,-33333.3,1.27161,95.1147,0.5,0,13.4913,9.76638,3.29623,14.4893,-7.80714,2,0,0,1,-36.2592
367,2014-01-03,00:00:00.00,0.0258213,0,0,-19.0339,-20.5339,-17.5339,-19.0339,-33333.3,-33333.3,1.30131,94.9665,0.5,0,13.5469,9.88599,3.33649,12.436,-7.79545,2,0,0,1,-54.1714
368,2014-01-04,00:00:00.00,0.0430355,0,0,-15.0339,-24.5339,-5.53394,-15.0339,-33333.3,-33333.3,1.28217,95.0622,0.5,0,13.607,9.89152,3.33858,13.7198,-7.81584,2,0,0,1,-42.9467
369,2014-01-05,00:00:00.00,0.0602497,-8.88178e-16,4.82279,-10.5339,-18.5339,-2.53394,-10.5339,-33333.3,-33333.3,1.26117,95.1664,0.5,0,13.6716,9.88206,3.33568,15.2943,-7.78285,2,0,0,1,-30.2127
370,2014-01-06,00:00:00.00,0.0774639,-3.55271e-15,19.894,-3.53394,-5.53394,-1.53394,-3.53394,-33333.3,-33333.3,1.22942,95.3217,0.5,0,13.7407,9.80564,3.31037,18.0398,-7.59788,2,0.168836,0.168836,1,-10.1794
371,2014-01-07,00:00:00.00,0.0946781,-2.22045e-15,3.01425,-9.53394,-12.0339,-7.03394,-9.53394,-33333.3,-33333.3,1.25657,95.189,0.5,0,13.8142,9.98355,3.37022,15.6638,-7.76682,2,0,0,1,-27.5883
372,2014-01-08,00:00:00.00,0.111892,-4.44089e-16,1.40665,-21.7839,-27.0339,-16.5339,-21.7839,-33333.3,-33333.3,1.31475,94.8991,0.5,0,13.8922,10.1986,3.44255,11.6131,-7.75682,2,0,0,1,-63.3425
373,2014-01-09,00:00:00.00,0.129107,-1.11022e-16,0.602849,-16.0339,-21.0339,-11.0339,-16.0339,-33333.3,-33333.3,1.28691,95.0385,0.5,0,13.9745,10.2085,3.44619,13.389,-7.81492,2,0,0,1,-46.8621
374,2014-01-10,00:00:00.00,0.146321,2.22045e-16,1.80855,-12.0339,-18.0339,-6.03394,-12.0339,-33333.3,-33333.3,1.26811,95.132,0.5,0,14.0613,10.2273,3.45283,14.7536,-7.80082,2,0,0,1,-35.3612
375,2014-01-11,00:00:00.00,0.163535,-1.77636e-15,14.8703,-5.03394,-14.0339,3.96606,-5.03394,-33333.3,-33333.3,1.23614,95.2891,0.5,0,14.1525,10.1769,3.43632,17.4196,-7.6523,2,0.155582,0.155582,1,-14.8757
376,2014-01-12,00:00:00.00,0.180749,9.04274,0.20095,1.96606,-0.533944,4.46606,1.96606,-33333.3,-33333.3,1.20513,95.4383,0.5,0,14.2481,10.0743,3.40233,20.431,-7.36343,2,0.168836,0.168836,1,5.8442
377,2014-01-13,00:00:00.00,0.197963,0,0,-0.533944,-1.53394,0.466056,-0.533944,-33333.3,-33333.3,1.21609,95.3859,0.5,0,14.348,10.2282,3.45425,19.3349,-7.46295,2,0.168836,0.168836,1,-1.59692
378,2014-01-14,00:00:00.00,0.215178,0,0,1.46606,-2.53394,5.46606,1.46606,-33333.3,-33333.3,1.20731,95.4279,0.5,0,14.4522,10.2559,3.46395,20.2101,-7.38284,2,0.168836,0.168836,1,4.41279
379,2014-01-15,00:00:00.00,0.232392,2.22045e-16,0.401899,-0.0339442,-2.53394,2.46606,-0.0339442,-33333.3,-33333.3,1.21388,95.3965,0.5,0,14.5607,10.3884,3.50875,19.5581,-7.43696,2,0.168836,0.168836,1,-0.102829
380,2014-01-16,00:00:00.00,0.249606,-2.22045e-16,1.2057,-5.03394,-5.53394,-4.53394,-5.03394,-33333.3,-33333.3,1.23614,95.2891,0.5,0,14.6735,10.6061,3.58212,17.4196,-7.6523,2,0.155582,0.155582,1,-15.3569
381,2014-01-17,00:00:00.00,0.26682,8.88178e-16,7.23419,-6.03394,-9.03394,-3.03394,-6.03394,-33333.3,-33333.3,1.24065,95.2671,0.5,0,14.7906,10.7242,3.62214,17.016,-7.68395,2,0.113373,0.113373,1,-18.5379
382,2014-01-18,00:00:00.00,0.284034,0,4.01899,-4.03394,-6.03394,-2.03394,-4.03394,-33333.3,-33333.3,1.23166,95.3109,0.5,0,14.9118,10.7798,3.64126,17.8311,-7.61696,2,0.168836,0.168836,1,-12.4836
383,2014-01-19,00:00:00.00,0.301249,0,1.00475,-9.53394,-11.0339,-8.03394,-9.53394,-33333.3,-33333.3,1.25657,95.189,0.5,0,15.0373,10.996,3.7142,15.6638,-7.76682,2,0,0,1,-29.7253
384,2014-01-20,00:00:00.00,0.318463,0,1.00475,-7.53394,-11.0339,-4.03394,-7.53394,-33333.3,-33333.3,1.24744,95.2339,0.5,0,15.1668,11.066,3.73817,16.4251,-7.72468,2,0.0500599,0.0500599,1,-23.6703
385,2014-01-21,00:00:00.00,0.335677,0,0,-11.2839,-12.5339,-10.0339,-11.2839,-33333.3,-33333.3,1.26463,95.1492,0.5,0,15.3005,11.2445,3.79851,15.022,-7.79273,2,0,0,1,-35.7316
386,2014-01-22,00:00:00.00,0.352891,0,0,-20.5339,-25.0339,-16.0339,-20.5339,-33333.3,-33333.3,1.30861,94.9299,0.5,0,15.4383,11.4787,3.87757,11.9813,-7.77674,2,0,0,1,-65.547
387,2014-01-23,00:00:00.00,0.370105,0,1.00475,-21.7839,-29.0339,-14.5339,-21.7839,-33333.3,-33333.3,1.31475,94.8991,0.5,0,15.5801,11.6095,3.922,11.6131,-7.75682,2,0,0,1,-70.1104
388,2014-01-24,00:00:00.00,0.38732,0,0,-17.7839,-21.0339,-14.5339,-17.7839,-33333.3,-33333.3,1.29528,94.9967,0.5,0,15.726,11.6897,3.94946,12.826,-7.80654,2,0,0,1,-57.7182
389,2014-01-25,00:00:00.00,0.404534,-5.32907e-15,13.4636,-16.0339,-24.0339,-8.03394,-16.0339,-33333.3,-33333.3,1.28691,95.0385,0.5,0,15.8757,11.7935,3.98482,13.389,-7.81492,2,0,0,1,-52.4848
390,2014-01-26,00:00:00.00,0.421748,4.44089e-16,2.61235,-10.7839,-15.0339,-6.53394,-10.7839,-33333.3,-33333.3,1.26232,95.1607,0.5,0,16.0294,11.843,4.002,15.2031,-7.78634,2,0,0,1,-35.6079
391,2014-01-27,00:00:00.00,0.438962,8.88178e-16,7.23419,-13.7839,-20.0339,-7.53394,-13.7839,-33333.3,-33333.3,1.27629,95.0915,0.5,0,16.187,12.0225,4.06283,14.143,-7.81288,2,0,0,1,-45.9178
392,2014-01-28,00:00:00.00,0.456176,1.11022e-16,0.20095,-13.7839,-15.0339,-12.5339,-13.7839,-33333.3,-33333.3,1.27629,95.0915,0.5,0,16.3484,12.1574,4.1087,14.143,-7.81288,2,0,0,1,-46.3319
393,2014-01-29,00:00:00.00,0.473391,0,0,-18.0339,-22.0339,-14.0339,-18.0339,-33333.3,-33333.3,1.29648,94.9907,0.5,0,16.5136,12.3525,4.17479,12.7472,-7.80466,2,0,0,1,-61.1723
394,2014-01-30,00:00:00.00,0.490605,2.22045e-16,0.401899,-17.7839,-22.0339,-13.5339,-17.7839,-33333.3,-33333.3,1.29528,94.9967,0.5,0,16.6825,12.4911,4.22196,12.826,-7.80654,2,0,0,1,-60.884
395,2014-01-31,00:00:00.00,0.507819,2.22045e-16,1.80855,-10.2839,-17.0339,-3.53394,-10.2839,-33333.3,-33333.3,1.26002,95.172,0.5,0,16.855,12.5226,4.23316,15.386,-7.77915,2,0,0,1,-35.5384
396,2014-02-01,00:00:00.00,0.525033,0,2.21045,-5.53394,-8.03394,-3.03394,-5.53394,-33333.3,-33333.3,1.23839,95.2781,0.5,0,17.0312,12.57,4.2497,17.2168,-7.66859,2,0.134478,0.134478,1,-19.3057
397,2014-02-02,00:00:00.00,0.542247,1.77636e-15,14.6693,-5.53394,-10.5339,-0.533944,-5.53394,-33333.3,-33333.3,1.23839,95.2781,0.5,0,17.211,12.7194,4.30053,17.2168,-7.66859,2,0.214408,0.214408,1,-19.4913
398,2014-02-03,00:00:00.00,0.559462,1.11022e-16,0.20095,-5.53394,-6.03394,-5.03394,-5.53394,-33333.3,-33333.3,1.23839,95.2781,0.5,0,17.3942,12.8718,4.35237,17.2168,-7.66859,2,0.214408,0.214408,1,-19.6808
399,2014-02-04,00:00:00.00,0.576676,0,0,-13.2839,-20.5339,-6.03394,-13.2839,-33333.3,-33333.3,1.27394,95.1031,0.5,0,17.5809,13.1814,4.45703,14.3153,-7.81039,2,0,0,1,-47.7062
400,2014-02-05,00:00:00.00,0.59389,-1.77636e-15,5.62659,-15.2839,-25.0339,-5.53394,-15.2839,-33333.3,-33333.3,1.28336,95.0563,0.5,0,17.771,13.3714,4.52156,13.6365,-7.81588,2,0,0,1,-55.4319
401,2014-02-06,00:00:00.00,0.611104,8.88178e-16,7.23419,-9.28394,-10.0339,-8.53394,-9.28394,-33333.3,-33333.3,1.25542,95.1947,0.5,0,17.9644,13.4302,4.542,15.7574,-7.76229,2,0,0,1,-34.007
402,2014-02-07,00:00:00.00,0.628319,2.22045e-16,1.80855,-15.0339,-19.5339,-10.5339,-15.0339,-33333.3,-33333.3,1.28217,95.0622,0.5,0,18.161,13.6953,4.6318,13.7198,-7.81584,2,0,0,1,-55.6227
403,2014-02-08,00:00:00.00,0.645533,0,0,-16.0339,-17.5339,-14.5339,-16.0339,-33333.3,-33333.3,1.28691,95.0385,0.5,0,18.3609,13.8779,4.69387,13.389,-7.81492,2,0,0,1,-59.9227
404,2014-02-09,00:00:00.00,0.662747,-1.11022e-16,0.602849,-15.7839,-19.5339,-12.0339,-15.7839,-33333.3,-33333.3,1.28573,95.0445,0.5,0,18.5639,14.045,4.75076,13.4711,-7.81542,2,0,0,1,-59.5889
405,2014-02-10,00:00:00.00,0.679961,0,2.0095,-14.7839,-20.5339,-9.03394,-14.7839,-33333.3,-33333.3,1.28099,95.068,0.5,0,18.7699,14.2033,4.80469,13.8036,-7.81561,2,0,0,1,-56.3849
406,2014-02-11,00:00:00.00,0.697175,0,0,-13.5339,-18.0339,-9.03394,-13.5339,-33333.3,-33333.3,1.27511,95.0973,0.5,0,18.9789,14.3589,4.85775,14.2289,-7.81173,2,0,0,1,-52.1484
407,2014-02-12,00:00:00.00,0.71439,0,0,-14.0339,-17.0339,-11.0339,-14.0339,-33333.3,-33333.3,1.27746,95.0856,0.5,0,19.1907,14.5454,4.92119,14.0575,-7.81384,2,0,0,1,-54.6336
408,2014-02-13,00:00:00.00,0.731604,0,0,-19.0339,-31.0339,-7.03394,-19.0339,-33333.3,-33333.3,1.30131,94.9665,0.5,0,19.4055,14.7981,5.00695,12.436,-7.79545,2,0,0,1,-74.8667
409,2014-02-14,00:00:00.00,0.748818,0,0,-11.0339,-20.0339,-2.03394,-11.0339,-33333.3,-33333.3,1.26348,95.155,0.5,0,19.6229,14.855,5.02683,15.1123,-7.78964,2,0,0,1,-43.8516
410,2014-02-15,00:00:00.00,0.766032,0,0,-6.03394,-9.53394,-2.53394,-6.03394,-33333.3,-33333.3,1.24065,95.2671,0.5,0,19.8431,14.9274,5.05193,17.016,-7.68395,2,0.181902,0.181902,1,-24.2305
411,2014-02-16,00:00:00.00,0.783246,8.88178e-16,1.6076,-9.78394,-12.5339,-7.03394,-9.78394,-33333.3,-33333.3,1.25772,95.1834,0.5,0,20.0658,15.2016,5.14493,15.5708,-7.77113,2,0,0,1,-39.7001
412,2014-02-17,00:00:00.00,0.800461,4.44089e-16,0.803799,-12.0339,-17.0339,-7.03394,-12.0339,-33333.3,-33333.3,1.26811,95.132,0.5,0,20.291,15.4359,5.22456,14.7536,-7.80082,2,0,0,1,-49.3413
413,2014-02-18,00:00:00.00,0.817675,0,8.03799,-15.0339,-26.5339,-3.53394,-15.0339,-33333.3,-33333.3,1.28217,95.0622,0.5,0,20.5187,15.6802,5.30757,13.7198,-7.81584,2,0,0,1,-62.2883
414,2014-02-19,00:00:00.00,0.834889,0,0,-6.28394,-10.0339,-2.53394,-6.28394,-33333.3,-33333.3,1.24178,95.2616,0.5,0,20.7487,15.6921,5.31231,16.9163,-7.6913,2,0.16565,0.16565,1,-26.3088
415,2014-02-20,00:00:00.00,0.852103,0,0,-3.78394,-10.5339,2.96606,-3.78394,-33333.3,-33333.3,1.23054,95.3163,0.5,0,20.9809,15.8167,5.355,17.9352,-7.60754,2,0.260046,0.260046,1,-16.0084
416,2014-02-21,00:00:00.00,0.869317,-1.77636e-15,13.0617,-5.78394,-13.5339,1.96606,-5.78394,-33333.3,-33333.3,1.23952,95.2726,0.5,0,21.2154,16.0699,5.44104,17.1162,-7.67638,2,0.198155,0.198155,1,-24.7267
417,2014-02-22,00:00:00.00,0.886532,2.22045e-16,0.401899,0.466056,-1.03394,1.96606,0.466056,-33333.3,-33333.3,1.21168,95.407,0.5,0,21.4519,16.0662,5.44053,19.774,-7.41927,2,0.260046,0.260046,1,2.01336
418,2014-02-23,00:00:00.00,0.903746,0,0,-2.53394,-4.03394,-1.03394,-2.53394,-33333.3,-33333.3,1.22496,95.3432,0.5,0,21.6903,16.3705,5.54382,18.4633,-7.55683,2,0.260046,0.260046,1,-11.0613
419,2014-02-24,00:00:00.00,0.92096,-2.22045e-16,1.2057,-7.28394,-10.5339,-4.03394,-7.28394,-33333.3,-33333.3,1.2463,95.2395,0.5,0,21.9307,16.7097,5.65889,16.5224,-7.71845,2,0.100638,0.100638,1,-32.1293
420,2014-02-25,00:00:00.00,0.938174,2.22045e-16,1.80855,-10.7839,-13.0339,-8.53394,-10.7839,-33333.3,-33333.3,1.26232,95.1607,0.5,0,22.1729,16.9957,5.75604,15.2031,-7.78634,2,0,0,1,-48.0653
421,2014-02-26,00:00:00.00,0.955388,0,2.21045,-12.5339,-15.0339,-10.0339,-12.5339,-33333.3,-33333.3,1.27044,95.1205,0.5,0,22.4168,17.2373,5.83826,14.577,-7.80522,2,0,0,1,-56.4486
422,2014-02-27,00:00:00.00,0.972603,0,0,-16.5339,-19.5339,-13.5339,-16.5339,-33333.3,-33333.3,1.28929,95.0266,0.5,0,22.6623,17.5158,5.9329,13.226,-7.8134,2,0,0,1,-75.239
423,2014-02-28,00:00:00.00,0.989817,8.88178e-16,1.6076,-16.5339,-17.5339,-15.5339,-16.5339,-33333.3,-33333.3,1.28929,95.0266,0.5,0,22.9094,17.7249,6.00419,13.226,-7.8134,2,0,0,1,-76.0209
424,2014-03-01,00:00:00.00,1.00703,0,0,-19.7839,-29.0339,-10.5339,-19.7839,-33333.3,-33333.3,1.30495,94.9483,0.5,0,23.1579,17.9834,6.09213,12.2069,-7.78682,2,0,0,1,-91.9066
425,2014-03-02,00:00:00.00,1.02425,4.44089e-16,2.61235,-10.7839,-16.5339,-5.03394,-10.7839,-33333.3,-33333.3,1.26232,95.1607,0.5,0,23.4077,18.0371,6.11101,15.2031,-7.78634,2,0,0,1,-50.6144
426,2014-03-03,00:00:00.00,1.04146,0,0,-14.7839,-17.5339,-12.0339,-14.7839,-33333.3,-33333.3,1.28099,95.068,0.5,0,23.6588,18.3295,6.21041,13.8036,-7.81561,2,0,0,1,-70.1026
427,2014-03-04,00:00:00.00,1.05867,0,0,-19.5339,-25.0339,-14.0339,-19.5339,-33333.3,-33333.3,1.30374,94.9544,0.5,0,23.911,18.6189,6.30882,12.2829,-7.78986,2,0,0,1,-93.576
428,2014-03-05,00:00:00.00,1.07589,4.44089e-16,3.61709,-17.0339,-24.0339,-10.0339,-17.0339,-33333.3,-33333.3,1.29168,95.0147,0.5,0,24.1643,18.7961,6.36938,13.0648,-7.81117,2,0,0,1,-82.4331
429,2014-03-06,00:00:00.00,1.0931,-1.11022e-16,0.602849,-14.2839,-23.0339,-5.53394,-14.2839,-33333.3,-33333.3,1.27864,95.0798,0.5,0,24.4185,18.9633,6.42659,13.9725,-7.81462,2,0,0,1,-69.8277
430,2014-03-07,00:00:00.00,1.11032,0,0,-13.5339,-22.5339,-4.53394,-13.5339,-33333.3,-33333.3,1.27511,95.0973,0.5,0,24.6735,19.1647,6.49532,14.2289,-7.81173,2,0,0,1,-66.8308
431,2014-03-08,00:00:00.00,1.12753,0,0,-6.03394,-16.0339,3.96606,-6.03394,-33333.3,-33333.3,1.24065,95.2671,0.5,0,24.9294,19.1967,6.50687,17.016,-7.68395,2,0,0,1,-30.0957
432,2014-03-09,00:00:00.00,1.14474,0,0,-3.03394,-4.53394,-1.53394,-3.03394,-33333.3,-33333.3,1.22719,95.3325,0.5,0,25.1859,19.3149,6.5475,18.2505,-7.57784,2,0.173863,0.173863,1,-15.2841
433,2014-03-10,00:00:00.00,1.16196,0,0,-8.03394,-14.0339,-2.03394,-8.03394,-33333.3,-33333.3,1.24971,95.2228,0.5,0,25.4429,19.6864,6.67371,16.232,-7.7365,2,0,0,1,-40.8757
434,2014-03-11,00:00:00.00,1.17917,0,0,-0.0339442,-5.03394,4.96606,-0.0339442,-33333.3,-33333.3,1.21388,95.3965,0.5,0,25.7004,19.6308,6.65565,19.5581,-7.43696,2,0.847752,0.847752,1,-0.174382
435,2014-03-12,00:00:00.00,1.19639,8.88178e-16,1.6076,4.71606,-0.533944,9.96606,4.71606,-33333.3,-33333.3,1.19319,95.495,0.5,0,25.9583,19.6209,6.65302,21.6806,-7.24185,2,0.898518,0.898518,1,24.471
436,2014-03-13,00:00:00.00,1.2136,-8.88178e-16,2.8133,-5.28394,-8.53394,-2.03394,-5.28394,-33333.3,-33333.3,1.23727,95.2836,0.5,0,26.2164,20.2566,6.86853,17.318,-7.66056,2,0,0,1,-27.6858
437,2014-03-14,00:00:00.00,1.23082,0,0,-12.5339,-21.0339,-4.03394,-12.5339,-33333.3,-33333.3,1.27044,95.1205,0.5,0,26.4747,20.6687,7.00848,14.577,-7.80522,2,0,0,1,-66.3114
438,2014-03-15,00:00:00.00,1.24803,-1.11022e-16,0.602849,-3.03394,-12.0339,5.96606,-3.03394,-33333.3,-33333.3,1.22719,95.3325,0.5,0,26.7331,20.6137,6.99063,18.2505,-7.57784,2,0.173863,0.173863,1,-16.2062
439,2014-03-16,00:00:00.00,1.26524,0,0,-3.03394,-6.03394,-0.0339442,-3.03394,-33333.3,-33333.3,1.22719,95.3325,0.5,0,26.9915,20.8307,7.06468,18.2505,-7.57784,2,0.173863,0.173863,1,-16.3615
440,2014-03-17,00:00:00.00,1.28246,0,0,-13.7839,-17.5339,-10.0339,-13.7839,-33333.3,-33333.3,1.27629,95.0915,0.5,0,27.2497,21.352,7.24162,14.143,-7.81288,2,0,0,1,-75.0421
441,2014-03-18,00:00:00.00,1.29967,0,0,-13.5339,-23.0339,-4.03394,-13.5339,-33333.3,-33333.3,1.27511,95.0973,0.5,0,27.5077,21.5654,7.31449,14.2289,-7.81173,2,0,0,1,-74.3772
442,2014-03-19,00:00:00.00,1.31689,0,0,-3.78394,-11.0339,3.46606,-3.78394,-33333.3,-33333.3,1.23054,95.3163,0.5,0,27.7655,21.5085,7.29597,17.9352,-7.60754,2,0.00539111,0.00539111,1,-20.99
443,2014-03-20,00:00:00.00,1.3341,3.95605,1.67054,0.466056,-3.03394,3.96606,0.466056,-33333.3,-33333.3,1.21168,95.407,0.5,0,28.0228,21.5516,7.31122,19.774,-7.41927,2,0.898518,0.898518,1,2.60935
444,2014-03-21,00:00:00.00,1.35132,0,0,-1.53394,-2.03394,-1.03394,-1.53394,-33333.3,-33333.3,1.22052,95.3646,0.5,0,28.2797,21.8533,7.41396,18.895,-7.51189,2,0.510808,0.510808,1,-8.66731
445,2014-03-22,00:00:00.00,1.36853,1.77636e-15,6.63134,-3.03394,-7.03394,0.966056,-3.03394,-33333.3,-33333.3,1.22719,95.3325,0.5,0,28.5359,22.1281,7.5076,18.2505,-7.57784,2,0.173863,0.173863,1,-17.2997
446,2014-03-23,00:00:00.00,1.38574,0,0,-1.28394,-3.03394,0.466056,-1.28394,-33333.3,-33333.3,1.21941,95.37,0.5,0,28.7915,22.2721,7.557,19.0042,-7.50003,2,0.566965,0.566965,1,-7.3875
447,2014-03-24,00:00:00.00,1.40296,0,0,-11.2839,-15.5339,-7.03394,-11.2839,-33333.3,-33333.3,1.26463,95.1492,0.5,0,29.0464,22.8165,7.74188,15.022,-7.79273,2,0,0,1,-65.5091
448,2014-03-25,00:00:00.00,1.42017,0,0,-11.7839,-17.0339,-6.53394,-11.7839,-33333.3,-33333.3,1.26695,95.1378,0.5,0,29.3003,23.0439,7.81951,14.8426,-7.79832,2,0,0,1,-69.0214
449,2014-03-26,00:00:00.00,1.43739,0,1.00475,-10.2839,-17.0339,-3.53394,-10.2839,-33333.3,-33333.3,1.26002,95.172,0.5,0,29.5534,23.2197,7.87966,15.386,-7.77915,2,0,0,1,-60.7673
450,2014-03-27,00:00:00.00,1.4546,0,0,-12.7839,-18.0339,-7.53394,-12.7839,-33333.3,-33333.3,1.27161,95.1147,0.5,0,29.8054,23.4957,7.97376,14.4893,-7.80714,2,0,0,1,-76.2002
451,2014-03-28,00:00:00.00,1.47181,5.32907e-15,11.4541,-6.03394,-16.0339,3.96606,-6.03394,-33333.3,-33333.3,1.24065,95.2671,0.5,0,30.0563,23.5159,7.98128,17.016,-7.68395,2,0,0,1,-36.2775
452,2014-03-29,00:00:00.00,1.48903,2.21045,0,1.96606,-1.53394,5.46606,1.96606,-33333.3,-33333.3,1.20513,95.4383,0.5,0,30.306,23.3868,7.93821,20.431,-7.36343,2,0.898518,0.898518,1,11.9218
453,2014-03-30,00:00:00.00,1.50624,0,0,-0.533944,-1.53394,0.466056,-0.533944,-33333.3,-33333.3,1.21609,95.3859,0.5,0,30.5545,23.7166,8.0505,19.3349,-7.46295,2,0.735437,0.735437,1,-3.26518
454,2014-03-31,00:00:00.00,1.52346,0,0,0.216056,-5.53394,5.96606,0.216056,-33333.3,-33333.3,1.21278,95.4017,0.5,0,30.8016,23.8882,8.10927,19.6661,-7.42788,2,0.898518,0.898518,1,1.33238
455,2014-04-01,00:00:00.00,1.54067,0,0,2.46606,-5.53394,10.4661,2.46606,-33333.3,-33333.3,1.20295,95.4487,0.5,0,31.0473,23.9787,8.14055,20.6539,-7.34319,2,0.898518,0.898518,1,15.3338
456,2014-04-02,00:00:00.00,1.55789,0,0,3.71606,0.966056,6.46606,3.71606,-33333.3,-33333.3,1.19752,95.4745,0.5,0,31.2914,24.1121,8.18633,21.2194,-7.28899,2,0.46664,0.46664,1,23.2963
457,2014-04-03,00:00:00.00,1.5751,0,0,0.216056,-2.03394,2.46606,0.216056,-33333.3,-33333.3,1.21278,95.4017,0.5,0,31.534,24.5009,8.31864,19.6661,-7.42788,2,0,0,1,1.36553
458,2014-04-04,00:00:00.00,1.59231,0,0,-1.53394,-6.03394,2.96606,-1.53394,-33333.3,-33333.3,1.22052,95.3646,0.5,0,31.7749,24.7844,8.4153,18.895,-7.51189,2,0,0,1,-9.77263
459,2014-04-05,00:00:00.00,1.60953,12.2579,0.602849,1.71606,-1.03394,4.46606,1.71606,-33333.3,-33333.3,1.20622,95.4331,0.5,0,32.0141,24.8255,8.42983,20.3203,-7.37324,2,0,0,1,11.0199
460,2014-04-06,00:00:00.00,1.62674,0,0,-1.78394,-4.03394,0.466056,-1.78394,-33333.3,-33333.3,1.22163,95.3593,0.5,0,32.2515,25.195,8.55562,18.7863,-7.52349,2,0,0,1,-11.5458
461,2014-04-07,00:00:00.00,1.64396,0,0,0.716056,-6.53394,7.96606,0.716056,-33333.3,-33333.3,1.21059,95.4122,0.5,0,32.487,25.2724,8.58247,19.8823,-7.41046,2,0,0,1,4.67044
462,2014-04-08,00:00:00.00,1.66117,6.63134,0.20095,2.71606,-2.53394,7.96606,2.71606,-33333.3,-33333.3,1.20186,95.4539,0.5,0,32.7205,25.3593,8.61248,20.766,-7.33277,2,0,0,1,17.8512
463,2014-04-09,00:00:00.00,1.67839,2.22045e-16,1.80855,3.46606,-0.0339442,6.96606,3.46606,-33333.3,-33333.3,1.19861,95.4694,0.5,0,32.9521,25.5083,8.66357,21.1053,-7.30025,2,0.297076,0.297076,1,22.9534
464,2014-04-10,00:00:00.00,1.6956,0,0,2.46606,-2.03394,6.96606,2.46606,-33333.3,-33333.3,1.20295,95.4487,0.5,0,33.1816,25.7574,8.74857,20.6539,-7.34319,2,0,0,1,16.4534
465,2014-04-11,00:00:00.00,1.71281,0,0,7.96606,0.966056,14.9661,7.96606,-33333.3,-33333.3,1.17921,95.5605,0.5,0,33.4089,25.5848,8.69063,23.2349,-7.06463,2,2.71302,2.71302,1,53.5419
466,2014-04-12,00:00:00.00,1.73003,0,0,7.21606,-1.03394,15.4661,7.21606,-33333.3,-33333.3,1.18242,95.5455,0.5,0,33.634,25.826,8.77297,22.8686,-7.10886,2,2.71302,2.71302,1,48.855
467,2014-04-13,00:00:00.00,1.74724,22.5064,0,6.71606,-1.03394,14.4661,6.71606,-33333.3,-33333.3,1.18457,95.5355,0.5,0,33.8569,26.0461,20.3824,22.627,-7.13722,2,2.50141,2.50141,1,45.7974
468,2014-04-14,00:00:00.00,1.76446,1.40665,0,10.9661,3.46606,18.4661,10.9661,-33333.3,-33333.3,1.16637,95.6197,0.5,0,34.0774,25.8893,21.8189,24.7467,-6.867,2,2.71302,2.71302,1,75.3099
469,2014-04-15,00:00:00.00,1.78167,4.42089,7.03324,14.4661,9.96606,18.9661,14.4661,-33333.3,-33333.3,1.15145,95.6872,0.5,0,34.2956,25.7306,21.6643,26.6077,-6.59273,2,2.71302,2.71302,1,100.043
470,2014-04-16,00:00:00.00,1.79888,0,2.0095,-3.28394,-4.53394,-2.03394,-3.28394,-33333.3,-33333.3,1.2283,95.3271,0.5,0,34.5114,27.1547,22.8465,18.1449,-7.58798,2,0,0,1,-22.8677
471,2014-04-17,00:00:00.00,1.8161,0,0,-4.03394,-10.5339,2.46606,-4.03394,-33333.3,-33333.3,1.23166,95.3109,0.5,0,34.7247,27.3653,9.2977,17.8311,-7.61696,2,0,0,1,-28.2819
472,2014-04-18,00:00:00.00,1.83331,0.20095,0,2.46606,-4.03394,8.96606,2.46606,-33333.3,-33333.3,1.20295,95.4487,0.5,0,34.9354,27.2162,9.24762,20.6539,-7.34319,2,0,0,1,17.4057
473,2014-04-19,00:00:00.00,1.85053,1.40665,0,5.46606,2.46606,8.46606,5.46606,-33333.3,-33333.3,1.18996,95.5102,0.5,0,35.1436,27.197,22.9019,22.0318,-7.20425,2,1.65359,1.65359,1,38.8354
474,2014-04-20,00:00:00.00,1.86774,0,0,4.71606,-2.03394,11.4661,4.71606,-33333.3,-33333.3,1.19319,95.495,0.5,0,35.3491,27.4178,23.0809,21.6806,-7.24185,2,1.14489,1.14489,1,33.7253
475,2014-04-21,00:00:00.00,1.88496,0,0,9.46606,-0.0339442,18.9661,9.46606,-33333.3,-33333.3,1.17278,95.5902,0.5,0,35.552,27.2263,22.9005,23.9814,-6.97001,2,2.71302,2.71302,1,68.1282
476,2014-04-22,00:00:00.00,1.90217,4.42089,0,12.9661,4.46606,21.4661,12.9661,-33333.3,-33333.3,1.15784,95.6585,0.5,0,35.7521,27.0657,22.7199,25.7971,-6.7162,2,2.71302,2.71302,1,93.9084
477,2014-04-23,00:00:00.00,1.91938,1.2057,0,6.46606,2.96606,9.96606,6.46606,-33333.3,-33333.3,1.18565,95.5304,0.5,0,35.9495,27.7904,23.3225,22.5069,-7.15106,2,2.33184,2.33184,1,47.1229
478,2014-04-24,00:00:00.00,1.9366,0,0,3.96606,-0.0339442,7.96606,3.96606,-33333.3,-33333.3,1.19644,95.4796,0.5,0,36.1441,28.1248,23.5835,21.334,-7.27753,2,0.636203,0.636203,1,29.0807
479,2014-04-25,00:00:00.00,1.95381,0,0,4.71606,-2.03394,11.4661,4.71606,-33333.3,-33333.3,1.19319,95.495,0.5,0,36.3358,28.2331,23.6632,21.6806,-7.24185,2,1.14489,1.14489,1,34.7884
480,2014-04-26,00:00:00.00,1.97103,7.23419,0,6.96606,3.96606,9.96606,6.96606,-33333.3,-33333.3,1.1835,95.5405,0.5,0,36.5247,28.2259,23.6372,22.7475,-7.12315,2,2.67097,2.67097,1,51.6903
481,2014-04-27,00:00:00.00,1.98824,0,0,2.96606,-0.533944,6.46606,2.96606,-33333.3,-33333.3,1.20078,95.4591,0.5,0,36.7107,28.6574,24.0077,20.8786,-7.32214,2,0,0,1,22.1373
482,2014-04-28,00:00:00.00,2.00546,0,0,5.96606,-0.0339442,11.9661,5.96606,-33333.3,-33333.3,1.1878,95.5203,0.5,0,36.8937,28.6042,23.9632,22.2683,-7.17809,2,1.99271,1.99271,1,44.783
483,2014-04-29,00:00:00.00,2.02267,1.00475,0,6.71606,0.466056,12.9661,6.71606,-33333.3,-33333.3,1.18457,95.5355,0.5,0,37.0737,28.6959,24.0046,22.627,-7.13722,2,2.50141,2.50141,1,50.6964
484,2014-04-30,00:00:00.00,2.03988,28.133,0,5.96606,4.96606,6.96606,5.96606,-33333.3,-33333.3,1.1878,95.5203,0.5,0,37.2507,28.8977,24.1466,22.2683,-7.17809,2,1.99271,1.99271,1,45.2839
485,2014-05-01,00:00:00.00,2.0571,2.0095,0,6.46606,4.46606,8.46606,6.46606,-33333.3,-33333.3,1.18565,95.5304,0.5,0,37.4247,29.003,24.2904,22.5069,-7.15106,2,2.33184,2.33184,1,49.3454
486,2014-05-02,00:00:00.00,2.07431,2.21045,0,8.96606,5.96606,11.9661,8.96606,-33333.3,-33333.3,1.17492,95.5804,0.5,0,37.5956,28.9397,24.2317,23.7305,-7.00247,2,0,0,1,68.7884
487,2014-05-03,00:00:00.00,2.09153,3.81804,0,6.71606,3.96606,9.46606,6.71606,-33333.3,-33333.3,1.18457,95.5355,0.5,0,37.7634,29.2614,24.5409,22.627,-7.13722,2,0,0,1,51.7954
488,2014-05-04,00:00:00.00,2.10874,6.43039,0,7.71606,5.96606,9.46606,7.71606,-33333.3,-33333.3,1.18028,95.5555,0.5,0,37.928,29.3163,24.6249,23.1123,-7.0796,2,0,0,1,59.8125
489,2014-05-05,00:00:00.00,2.12595,0,0,6.46606,2.96606,9.96606,6.46606,-33333.3,-33333.3,1.18565,95.5304,0.5,0,38.0895,29.5478,24.8515,22.5069,-7.15106,2,0,0,1,50.3747
490,2014-05-06,00:00:00.00,2.14317,0,0,6.46606,0.466056,12.4661,6.46606,-33333.3,-33333.3,1.18565,95.5304,0.5,0,38.2479,29.6774,24.9605,22.5069,-7.15106,2,0,0,1,50.6226
491,2014-05-07,00:00:00.00,2.16038,0,0,8.21606,2.46606,13.9661,8.21606,-33333.3,-33333.3,1.17813,95.5655,0.5,0,38.403,29.6621,24.9477,23.358,-7.04943,2,0,0,1,64.6334
492,2014-05-08,00:00:00.00,2.1776,0,0,8.96606,2.96606,14.9661,8.96606,-33333.3,-33333.3,1.17492,95.5804,0.5,0,38.5549,29.7209,24.9971,23.7305,-7.00247,2,0,0,1,70.8663
493,2014-05-09,00:00:00.00,2.19481,0,0,13.4661,6.96606,19.9661,13.4661,-33333.3,-33333.3,1.15571,95.6681,0.5,0,38.7036,29.3971,24.7248,26.0651,-6.67605,2,3.23754,3.23754,1,106.925
494,2014-05-10,00:00:00.00,2.21203,6.02849,0,17.4661,9.46606,25.4661,17.4661,-33333.3,-33333.3,1.13866,95.7438,0.5,0,38.849,29.0309,24.3586,28.2893,-6.31813,2,5.70744,5.70744,1,139.313
495,2014-05-11,00:00:00.00,2.22924,0,0,13.9661,10.9661,16.9661,13.9661,-33333.3,-33333.3,1.15358,95.6777,0.5,0,38.9912,29.572,24.7655,26.3353,-6.63489,2,3.95097,3.95097,1,111.888
496,2014-05-12,00:00:00.00,2.24645,0,0,13.4661,3.96606,22.9661,13.4661,-33333.3,-33333.3,1.15571,95.6681,0.5,0,39.13,29.7391,24.8326,26.0651,-6.67605,2,3.23754,3.23754,1,108.348
497,2014-05-13,00:00:00.00,2.26367,15.6741,0,17.2161,10.4661,23.9661,17.2161,-33333.3,-33333.3,1.13973,95.7392,0.5,0,39.2655,29.3936,24.4852,28.1461,-6.34246,2,5.70744,5.70744,1,139.104
498,2014-05-14,00:00:00.00,2.28088,10.0475,0,19.7161,12.4661,26.9661,19.7161,-33333.3,-33333.3,1.12906,95.7856,0.5,0,39.3977,29.1497,24.288,29.6046,-6.08708,2,5.70744,5.70744,1,159.958
499,2014-05-15,00:00:00.00,2.2981,12.057,0,14.9661,10.9661,18.9661,14.9661,-33333.3,-33333.3,1.14932,95.6967,0.5,0,39.5266,29.8832,24.8949,26.8824,-6.54955,2,5.37783,5.37783,1,121.908
500,2014-05-16,00:00:00.00,2.31531,10.2484,0,12.9661,9.46606,16.4661,12.9661,-33333.3,-33333.3,1.15784,95.6585,0.5,0,39.6521,30.2122,25.1739,25.7971,-6.7162,2,2.52411,2.52411,1,106.029
501,2014-05-17,00:00:00.00,2.33252,0,0,6.21606,2.96606,9.46606,6.21606,-33333.3,-33333.3,1.18672,95.5254,0.5,0,39.7743,30.942,25.8275,22.3874,-7.16469,2,0,0,1,51.025
502,2014-05-18,00:00:00.00,2.34974,0,0,5.96606,0.966056,10.9661,5.96606,-33333.3,-33333.3,1.1878,95.5203,0.5,0,39.8931,31.0582,25.9245,22.2683,-7.17809,2,0,0,1,49.1543
503,2014-05-19,00:00:00.00,2.36695,0,0,9.21606,1.96606,16.4661,9.21606,-33333.3,-33333.3,1.17385,95.5853,0.5,0,40.0084,30.8755,25.772,23.8557,-6.98636,2,0,0,1,76.2045
504,2014-05-20,00:00:00.00,2.38417,0,0,13.2161,5.96606,20.4661,13.2161,-33333.3,-33333.3,1.15677,95.6633,0.5,0,40.1204,30.5587,25.5076,25.9308,-6.69625,2,2.88083,2.88083,1,109.662
505,2014-05-21,00:00:00.00,2.40138,12.6598,0,13.2161,8.96606,17.4661,13.2161,-33333.3,-33333.3,1.15677,95.6633,0.5,0,40.229,30.6453,25.5252,25.9308,-6.69625,2,2.88083,2.88083,1,110.034
506,2014-05-22,00:00:00.00,2.4186,1.00475,0,16.2161,9.46606,22.9661,16.2161,-33333.3,-33333.3,1.14399,95.7204,0.5,0,40.3341,30.368,25.3396,27.5788,-6.43711,2,5.70744,5.70744,1,135.457
507,2014-05-23,00:00:00.00,2.43581,0.401899,0,12.2161,10.4661,13.9661,12.2161,-33333.3,-33333.3,1.16104,95.644,0.5,0,40.4359,30.9199,25.71,25.3991,-6.77458,2,1.45397,1.45397,1,102.37
508,2014-05-24,00:00:00.00,2.45302,0,0,9.96606,5.96606,13.9661,9.96606,-33333.3,-33333.3,1.17064,95.6001,0.5,0,40.5341,31.2278,25.9457,24.2344,-6.93662,2,0,0,1,83.7737
509,2014-05-25,00:00:00.00,2.47024,0,0,14.7161,7.46606,21.9661,14.7161,-33333.3,-33333.3,1.15038,95.692,0.5,0,40.629,30.7883,25.5805,26.7448,-6.57127,2,5.02112,5.02112,1,124.072
510,2014-05-26,00:00:00.00,2.48745,0,0,16.9661,8.96606,24.9661,16.9661,-33333.3,-33333.3,1.1408,95.7345,0.5,0,40.7204,30.5734,25.3069,28.0034,-6.36652,2,5.70744,5.70744,1,143.455
511,2014-05-27,00:00:00.00,2.50467,0,0,19.9661,13.4661,26.4661,19.9661,-33333.3,-33333.3,1.12799,95.7902,0.5,0,40.8083,30.2115,24.9006,29.7536,-6.06004,2,5.70744,5.70744,1,169.292
512,2014-05-28,00:00:00.00,2.52188,0,0,21.7161,16.9661,26.4661,21.7161,-33333.3,-33333.3,1.12049,95.8221,0.5,0,40.8928,29.9987,24.6192,30.8137,-5.86293,2,5.70744,5.70744,1,184.626
513,2014-05-29,00:00:00.00,2.5391,0,0,15.4661,10.4661,20.4661,15.4661,-33333.3,-33333.3,1.14719,95.7062,0.5,0,40.9738,30.9678,25.305,27.1592,-6.50535,2,5.70744,5.70744,1,131.829
514,2014-05-30,00:00:00.00,2.55631,0,0,14.4661,7.96606,20.9661,14.4661,-33333.3,-33333.3,1.15145,95.6872,0.5,0,41.0513,31.1523,25.3458,26.6077,-6.59273,2,4.6644,4.6644,1,123.612
515,2014-05-31,00:00:00.00,2.57352,0,0,17.9661,10.4661,25.4661,17.9661,-33333.3,-33333.3,1.13653,95.7532,0.5,0,41.1254,30.7523,24.9402,28.5775,-6.26868,2,5.70744,5.70744,1,153.885
516,2014-06-01,00:00:00.00,2.59074,0,0,16.7161,10.4661,22.9661,16.7161,-33333.3,-33333.3,1.14186,95.7298,0.5,0,41.196,30.9796,25.0338,27.8613,-6.39031,2,5.70744,5.70744,1,143.505
517,2014-06-02,00:00:00.00,2.60795,0,0,17.4661,8.96606,25.9661,17.4661,-33333.3,-33333.3,1.13866,95.7438,0.5,0,41.263,30.9297,24.9121,28.2893,-6.31813,2,2.7347,2.7347,1,150.271
518,2014-06-03,00:00:00.00,2.62517,3.81804,0,20.9661,13.9661,27.9661,20.9661,-33333.3,-33333.3,1.1237,95.8085,0.5,0,41.3266,30.4545,24.4948,30.3558,-5.94909,2,7.62285,7.62285,1,180.758
519,2014-06-04,00:00:00.00,2.64238,0,0,22.2161,18.4661,25.9661,22.2161,-33333.3,-33333.3,1.11834,95.8312,0.5,0,41.3868,30.2936,24.3419,31.122,-5.80406,2,7.62285,7.62285,1,191.913
520,2014-06-05,00:00:00.00,2.65959,0,0,15.4661,10.9661,19.9661,15.4661,-33333.3,-33333.3,1.14719,95.7062,0.5,0,41.4434,31.3369,25.0893,27.1592,-6.50535,2,0,0,1,133.854
521,2014-06-06,00:00:00.00,2.67681,0,0,13.2161,8.46606,17.9661,13.2161,-33333.3,-33333.3,1.15677,95.6633,0.5,0,41.4965,31.6512,25.341,25.9308,-6.69625,2,0,0,1,114.584
522,2014-06-07,00:00:00.00,2.69402,0,0,15.2161,7.46606,22.9661,15.2161,-33333.3,-33333.3,1.14825,95.7015,0.5,0,41.5461,31.4492,25.1792,27.0205,-6.52758,2,0,0,1,132.145
523,2014-06-08,00:00:00.00,2.71124,0,0,17.4661,8.96606,25.9661,17.4661,-33333.3,-33333.3,1.13866,95.7438,0.5,0,41.5922,31.1862,24.9687,28.2893,-6.31813,2,2.7347,2.7347,1,151.923
524,2014-06-09,00:00:00.00,2.72845,4.21994,0,15.4661,11.4661,19.4661,15.4661,-33333.3,-33333.3,1.14719,95.7062,0.5,0,41.6348,31.487,25.1812,27.1592,-6.50535,2,0,0,1,134.724
525,2014-06-10,00:00:00.00,2.74567,0,0,17.9661,11.4661,24.4661,17.9661,-33333.3,-33333.3,1.13653,95.7532,0.5,0,41.6739,31.1791,25.0161,28.5775,-6.26868,2,3.68755,3.68755,1,156.716
526,2014-06-11,00:00:00.00,2.76288,2.61235,0,19.7161,13.4661,25.9661,19.7161,-33333.3,-33333.3,1.12906,95.7856,0.5,0,41.7095,30.9465,24.7884,29.6046,-6.08708,2,7.02255,7.02255,1,172.199
527,2014-06-12,00:00:00.00,2.78009,8.43989,0,19.2161,14.4661,23.9661,19.2161,-33333.3,-33333.3,1.13119,95.7763,0.5,0,41.7416,31.0476,24.8435,29.3082,-6.14033,2,6.0697,6.0697,1,168.027
528,2014-06-13,00:00:00.00,2.79731,7.03324,0,19.7161,14.9661,24.4661,19.7161,-33333.3,-33333.3,1.12906,95.7856,0.5,0,41.7702,30.9933,24.8933,29.6046,-6.08708,2,7.02255,7.02255,1,172.582
529,2014-06-14,00:00:00.00,2.81452,0,0,17.9661,15.4661,20.4661,17.9661,-33333.3,-33333.3,1.13653,95.7532,0.5,0,41.7953,31.2734,25.1649,28.5775,-6.26868,2,3.68755,3.68755,1,157.415
530,2014-06-15,00:00:00.00,2.83174,0,0,12.9661,7.96606,17.9661,12.9661,-33333.3,-33333.3,1.15784,95.6585,0.5,0,41.8169,31.9331,25.6486,25.7971,-6.7162,2,0,0,1,113.704
531,2014-06-16,00:00:00.00,2.84895,2.61235,0,15.7161,7.96606,23.4661,15.7161,-33333.3,-33333.3,1.14612,95.711,0.5,0,41.835,31.6117,25.3905,27.2985,-6.48287,2,0,0,1,137.924
532,2014-06-17,00:00:00.00,2.86617,0,0,19.7161,11.4661,27.9661,19.7161,-33333.3,-33333.3,1.12906,95.7856,0.5,0,41.8496,31.0546,24.9931,29.6046,-6.08708,2,7.02255,7.02255,1,173.142
533,2014-06-18,00:00:00.00,2.88338,10.6503,0,21.9661,14.9661,28.9661,21.9661,-33333.3,-33333.3,1.11941,95.8267,0.5,0,41.8607,30.6981,24.6192,30.9675,-5.83364,2,7.62285,7.62285,1,193.009
534,2014-06-19,00:00:00.00,2.90059,1.40665,0,19.2161,15.9661,22.4661,19.2161,-33333.3,-33333.3,1.13119,95.7763,0.5,0,41.8683,31.1458,25.0874,29.3082,-6.14033,2,6.0697,6.0697,1,168.922
535,2014-06-20,00:00:00.00,2.91781,0,0,19.4661,14.9661,23.9661,19.4661,-33333.3,-33333.3,1.13013,95.781,0.5,0,41.8723,31.1109,25.0069,29.4561,-6.11385,2,6.54612,6.54612,1,171.181
536,2014-06-21,00:00:00.00,2.93502,0,0,15.9661,9.46606,22.4661,15.9661,-33333.3,-33333.3,1.14506,95.7157,0.5,0,41.8729,31.6091,25.3276,27.4384,-6.46012,2,0,0,1,140.438
537,2014-06-22,00:00:00.00,2.95224,0,0,18.2161,12.4661,23.9661,18.2161,-33333.3,-33333.3,1.13546,95.7578,0.5,0,41.87,31.2959,25.0766,28.7225,-6.24356,2,4.16398,4.16398,1,160.253
538,2014-06-23,00:00:00.00,2.96945,0,0,18.4661,10.9661,25.9661,18.4661,-33333.3,-33333.3,1.1344,95.7625,0.5,0,41.8636,31.2546,24.9991,28.8681,-6.21816,2,4.64041,4.64041,1,162.461
539,2014-06-24,00:00:00.00,2.98666,3.61709,0,18.7161,12.9661,24.4661,18.7161,-33333.3,-33333.3,1.13333,95.7671,0.5,0,41.8537,31.2102,24.9179,29.0142,-6.19249,2,5.11684,5.11684,1,164.652
540,2014-06-25,00:00:00.00,3.00388,12.6598,0,21.2161,17.4661,24.9661,21.2161,-33333.3,-33333.3,1.12263,95.813,0.5,0,41.8404,30.809,24.6177,30.5078,-5.92065,2,7.62285,7.62285,1,186.617
541,2014-06-26,00:00:00.00,3.02109,0,0,19.4661,16.9661,21.9661,19.4661,-33333.3,-33333.3,1.13013,95.781,0.5,0,41.8235,31.0742,24.9858,29.4561,-6.11385,2,6.54612,6.54612,1,171.181
542,2014-06-27,00:00:00.00,3.03831,0,0,19.9661,14.9661,24.9661,19.9661,-33333.3,-33333.3,1.12799,95.7902,0.5,0,41.8032,30.9814,24.832,29.7536,-6.06004,2,7.49898,7.49898,1,175.515
543,2014-06-28,00:00:00.00,3.05552,0,0,20.2161,13.4661,26.9661,20.2161,-33333.3,-33333.3,1.12692,95.7948,0.5,0,41.7793,30.9241,24.706,29.9033,-6.03272,2,7.62285,7.62285,1,177.632
544,2014-06-29,00:00:00.00,3.07274,0,0,22.4661,15.4661,29.4661,22.4661,-33333.3,-33333.3,1.11726,95.8357,0.5,0,41.752,30.5316,24.3228,31.277,-5.77419,2,7.62285,7.62285,1,197.292
545,2014-06-30,00:00:00.00,3.08995,9.24369,0,22.7161,16.9661,28.4661,22.7161,-33333.3,-33333.3,1.11619,95.8402,0.5,0,41.7213,30.4651,24.2096,31.4326,-5.74404,2,7.62285,7.62285,1,199.357
546,2014-07-01,00:00:00.00,3.10716,0.20095,0,23.4661,19.4661,27.4661,23.4661,-33333.3,-33333.3,1.11295,95.8537,0.5,0,41.6871,30.3066,24.1923,31.9032,-5.65183,2,7.62285,7.62285,1,205.782
547,2014-07-02,00:00:00.00,3.12438,4.42089,0,23.4661,20.9661,25.9661,23.4661,-33333.3,-33333.3,1.11295,95.8537,0.5,0,41.6494,30.2784,24.1069,31.9032,-5.65183,2,8.16235,8.16235,1,205.605
548,2014-07-03,00:00:00.00,3.14159,0.803799,0,21.7161,16.9661,26.4661,21.7161,-33333.3,-33333.3,1.12049,95.8221,0.5,0,41.6082,30.5505,24.3382,30.8137,-5.86293,2,6.6013,6.6013,1,190.089
549,2014-07-04,00:00:00.00,3.15881,0,0,15.4661,11.9661,18.9661,15.4661,-33333.3,-33333.3,1.14719,95.7062,0.5,0,41.5637,31.4346,25.0033,27.1592,-6.50535,2,0,0,1,135.237
550,2014-07-05,00:00:00.00,3.17602,0,0,15.4661,9.96606,20.9661,15.4661,-33333.3,-33333.3,1.14719,95.7062,0.5,0,41.5156,31.3972,24.9736,27.1592,-6.50535,2,0,0,1,135.079
551,2014-07-06,00:00:00.00,3.19324,0,0,17.7161,10.9661,24.4661,17.7161,-33333.3,-33333.3,1.1376,95.7485,0.5,0,41.4641,31.0555,24.7018,28.4331,-6.29354,2,0,0,1,154.535
552,2014-07-07,00:00:00.00,3.21045,27.3292,0,19.2161,13.4661,24.9661,19.2161,-33333.3,-33333.3,1.13119,95.7763,0.5,0,41.4092,30.7951,24.4946,29.3082,-6.14033,2,1.49983,1.49983,1,167.39
553,2014-07-08,00:00:00.00,3.22766,1.00475,0,21.9661,17.9661,25.9661,21.9661,-33333.3,-33333.3,1.11941,95.8267,0.5,0,41.3509,30.3135,24.6028,30.9675,-5.83364,2,7.11145,7.11145,1,191.065
554,2014-07-09,00:00:00.00,3.24488,27.5301,0,19.4661,15.9661,22.9661,19.4661,-33333.3,-33333.3,1.13013,95.781,0.5,0,41.2892,30.6652,24.7924,29.4561,-6.11385,2,2.00998,2.00998,1,169.054
555,2014-07-10,00:00:00.00,3.26209,0.20095,0,16.2161,12.9661,19.4661,16.2161,-33333.3,-33333.3,1.14399,95.7204,0.5,0,41.224,31.0732,25.4584,27.5788,-6.43711,2,0,0,1,140.594
556,2014-07-11,00:00:00.00,3.27931,0.20095,0,15.4661,9.96606,20.9661,15.4661,-33333.3,-33333.3,1.14719,95.7062,0.5,0,41.1554,31.1163,25.4976,27.1592,-6.50535,2,0,0,1,133.854
557,2014-07-12,00:00:00.00,3.29652,24.114,0,17.7161,10.4661,24.9661,17.7161,-33333.3,-33333.3,1.1376,95.7485,0.5,0,41.0834,30.761,25.2102,28.4331,-6.29354,2,0,0,1,153.04
558,2014-07-13,00:00:00.00,3.31373,12.2579,0,21.2161,15.9661,26.4661,21.2161,-33333.3,-33333.3,1.12263,95.813,0.5,0,41.0081,30.176,24.9587,30.5078,-5.92065,2,5.58101,5.58101,1,182.913
559,2014-07-14,00:00:00.00,3.33095,2.8133,0,21.9661,17.9661,25.9661,21.9661,-33333.3,-33333.3,1.11941,95.8267,0.5,0,40.9293,29.9928,24.8528,30.9675,-5.83364,2,7.11145,7.11145,1,188.987
560,2014-07-15,00:00:00.00,3.34816,10.0475,0,18.4661,13.4661,23.4661,18.4661,-33333.3,-33333.3,1.1344,95.7625,0.5,0,40.8472,30.4717,25.1685,28.8681,-6.21816,2,0,0,1,158.529
561,2014-07-16,00:00:00.00,3.36538,0.401899,0,17.2161,13.4661,20.9661,17.2161,-33333.3,-33333.3,1.13973,95.7392,0.5,0,40.7617,30.5798,25.3924,28.1461,-6.34246,2,0,0,1,147.461
562,2014-07-17,00:00:00.00,3.38259,1.00475,0,15.2161,11.9661,18.4661,15.2161,-33333.3,-33333.3,1.14825,95.7015,0.5,0,40.6728,30.7697,25.5577,27.0205,-6.52758,2,0,0,1,130.021
563,2014-07-18,00:00:00.00,3.39981,0,0,15.4661,8.46606,22.4661,15.4661,-33333.3,-33333.3,1.14719,95.7062,0.5,0,40.5806,30.6662,25.4907,27.1592,-6.50535,2,0,0,1,131.829
564,2014-07-19,00:00:00.00,3.41702,0,0,17.2161,9.96606,24.4661,17.2161,-33333.3,-33333.3,1.13973,95.7392,0.5,0,40.4851,30.3641,25.2396,28.1461,-6.34246,2,0,0,1,146.368
565,2014-07-20,00:00:00.00,3.43423,3.01425,0,17.4661,13.4661,21.4661,17.4661,-33333.3,-33333.3,1.13866,95.7438,0.5,0,40.3862,30.253,25.1473,28.2893,-6.31813,2,0,0,1,148.095
566,2014-07-21,00:00:00.00,3.45145,0,0,20.2161,16.4661,23.9661,20.2161,-33333.3,-33333.3,1.12692,95.7948,0.5,0,40.284,29.7767,24.8067,29.9033,-6.03272,2,3.54042,3.54042,1,170.935
567,2014-07-22,00:00:00.00,3.46866,0,0,21.4661,15.9661,26.9661,21.4661,-33333.3,-33333.3,1.12156,95.8176,0.5,0,40.1785,29.4996,24.5112,30.6605,-5.89193,2,6.09115,6.09115,1,180.982
568,2014-07-23,00:00:00.00,3.48588,0.602849,0,21.9661,15.9661,27.9661,21.9661,-33333.3,-33333.3,1.11941,95.8267,0.5,0,40.0697,29.335,24.2637,30.9675,-5.83364,2,7.11145,7.11145,1,184.644
569,2014-07-24,00:00:00.00,3.50309,0,0,17.2161,15.9661,18.4661,17.2161,-33333.3,-33333.3,1.13973,95.7392,0.5,0,39.9576,29.9515,24.6528,28.1461,-6.34246,2,0,0,1,144.27
570,2014-07-25,00:00:00.00,3.52031,0,0,16.2161,10.4661,21.9661,16.2161,-33333.3,-33333.3,1.14399,95.7204,0.5,0,39.8423,29.9912,24.6855,27.5788,-6.43711,2,0,0,1,135.457
571,2014-07-26,00:00:00.00,3.53752,0,0,15.9661,9.46606,22.4661,15.9661,-33333.3,-33333.3,1.14506,95.7157,0.5,0,39.7236,29.9293,24.6345,27.4384,-6.46012,2,0,0,1,132.93
572,2014-07-27,00:00:00.00,3.55473,0,0,18.7161,13.9661,23.4661,18.7161,-33333.3,-33333.3,1.13333,95.7671,0.5,0,39.6018,29.4671,24.2541,29.0142,-6.19249,2,0.479538,0.479538,1,155.299
573,2014-07-28,00:00:00.00,3.57195,27.3292,0,21.9661,17.9661,25.9661,21.9661,-33333.3,-33333.3,1.11941,95.8267,0.5,0,39.4767,28.8787,23.7612,30.9675,-5.83364,2,7.11145,7.11145,1,181.63
574,2014-07-29,00:00:00.00,3.58916,0.401899,0,15.4661,12.9661,17.9661,15.4661,-33333.3,-33333.3,1.14719,95.7062,0.5,0,39.3484,29.6946,24.5312,27.1592,-6.50535,2,0,0,1,127.425
575,2014-07-30,00:00:00.00,3.60638,0.602849,0,14.7161,10.4661,18.9661,14.7161,-33333.3,-33333.3,1.15038,95.692,0.5,0,39.2168,29.68,24.5264,26.7448,-6.57127,2,0,0,1,120.798
576,2014-07-31,00:00:00.00,3.62359,13.2627,0,15.7161,10.4661,20.9661,15.7161,-33333.3,-33333.3,1.14612,95.711,0.5,0,39.0821,29.4533,24.3501,27.2985,-6.48287,2,0,0,1,128.517
577,2014-08-01,00:00:00.00,3.6408,0,0,16.2161,10.4661,21.9661,16.2161,-33333.3,-33333.3,1.14399,95.7204,0.5,0,38.9442,29.2824,24.3399,27.5788,-6.43711,2,0,0,1,132.09
578,2014-08-02,00:00:00.00,3.65802,0,0,18.9661,11.9661,25.9661,18.9661,-33333.3,-33333.3,1.13226,95.7717,0.5,0,38.8032,28.8069,23.9446,29.1609,-6.16655,2,2.14123,2.14123,1,153.873
579,2014-08-03,00:00:00.00,3.67523,8.43989,0,19.4661,13.9661,24.9661,19.4661,-33333.3,-33333.3,1.13013,95.781,0.5,0,38.659,28.6231,23.7539,29.4561,-6.11385,2,3.01306,3.01306,1,157.283
580,2014-08-04,00:00:00.00,3.69245,0.20095,0,20.4661,14.4661,26.4661,20.4661,-33333.3,-33333.3,1.12585,95.7993,0.5,0,38.5117,28.3622,23.5906,30.0535,-6.00513,2,4.75673,4.75673,1,164.67
581,2014-08-05,00:00:00.00,3.70966,4.82279,0,20.2161,14.4661,25.9661,20.2161,-33333.3,-33333.3,1.12692,95.7948,0.5,0,38.3614,28.2816,23.4437,29.9033,-6.03272,2,4.32081,4.32081,1,161.959
582,2014-08-06,00:00:00.00,3.72688,3.61709,0,19.4661,15.4661,23.4661,19.4661,-33333.3,-33333.3,1.13013,95.781,0.5,0,38.2079,28.2694,23.4424,29.4561,-6.11385,2,3.01306,3.01306,1,155.265
583,2014-08-07,00:00:00.00,3.74409,0,0,18.2161,12.4661,23.9661,18.2161,-33333.3,-33333.3,1.13546,95.7578,0.5,0,38.0514,28.3182,23.4934,28.7225,-6.24356,2,0.833474,0.833474,1,144.642
584,2014-08-08,00:00:00.00,3.7613,0,0,18.2161,13.9661,22.4661,18.2161,-33333.3,-33333.3,1.13546,95.7578,0.5,0,37.8918,28.1922,23.3743,28.7225,-6.24356,2,0.833474,0.833474,1,143.977
585,2014-08-09,00:00:00.00,3.77852,0,0,17.4661,11.4661,23.4661,17.4661,-33333.3,-33333.3,1.13866,95.7438,0.5,0,37.7293,28.1617,23.3345,28.2893,-6.31813,2,0,0,1,137.4
586,2014-08-10,00:00:00.00,3.79573,0,0,18.4661,11.4661,25.4661,18.4661,-33333.3,-33333.3,1.1344,95.7625,0.5,0,37.5637,27.8996,23.1173,28.8681,-6.21816,2,1.26939,1.26939,1,144.57
587,2014-08-11,00:00:00.00,3.81295,0,0,19.2161,11.9661,26.4661,19.2161,-33333.3,-33333.3,1.13119,95.7763,0.5,0,37.3952,27.6648,22.901,29.3082,-6.14033,2,2.57714,2.57714,1,149.705
588,2014-08-12,00:00:00.00,3.83016,27.1282,0,20.4661,14.9661,25.9661,20.4661,-33333.3,-33333.3,1.12585,95.7993,0.5,0,37.2238,27.3537,22.5997,30.0535,-6.00513,2,4.75673,4.75673,1,158.647
589,2014-08-13,00:00:00.00,3.84738,2.21045,0,19.9661,15.9661,23.9661,19.9661,-33333.3,-33333.3,1.12799,95.7902,0.5,0,37.0494,27.2879,22.6381,29.7536,-6.06004,2,3.8849,3.8849,1,153.982
590,2014-08-14,00:00:00.00,3.86459,0.20095,0,15.9661,14.4661,17.4661,15.9661,-33333.3,-33333.3,1.14506,95.7157,0.5,0,36.8722,27.6641,22.9215,27.4384,-6.46012,2,0,0,1,122.493
591,2014-08-15,00:00:00.00,3.8818,0,0,12.9661,10.4661,15.4661,12.9661,-33333.3,-33333.3,1.15784,95.6585,0.5,0,36.6921,27.8496,23.0786,25.7971,-6.7162,2,0,0,1,98.9497
592,2014-08-16,00:00:00.00,3.89902,0,0,14.4661,8.96606,19.9661,14.4661,-33333.3,-33333.3,1.15145,95.6872,0.5,0,36.5092,27.5435,22.825,26.6077,-6.59273,2,0,0,1,109.801
593,2014-08-17,00:00:00.00,3.91623,4.62184,0,14.2161,9.96606,18.4661,14.2161,-33333.3,-33333.3,1.15251,95.6825,0.5,0,36.3236,27.4213,22.7236,26.4712,-6.61394,2,0,0,1,107.31
594,2014-08-18,00:00:00.00,3.93345,0,0,16.9661,12.4661,21.4661,16.9661,-33333.3,-33333.3,1.1408,95.7345,0.5,0,36.1351,26.9555,22.4146,28.0034,-6.36652,2,0,0,1,127.352
595,2014-08-19,00:00:00.00,3.95066,0,0,15.9661,9.96606,21.9661,15.9661,-33333.3,-33333.3,1.14506,95.7157,0.5,0,35.944,26.921,22.3858,27.4384,-6.46012,2,0,0,1,119.163
596,2014-08-20,00:00:00.00,3.96787,0,0,16.7161,9.46606,23.9661,16.7161,-33333.3,-33333.3,1.14186,95.7298,0.5,0,35.7502,26.6778,22.1836,27.8613,-6.39031,2,0,0,1,124.038
597,2014-08-21,00:00:00.00,3.98509,11.856,0,19.7161,14.9661,24.4661,19.7161,-33333.3,-33333.3,1.12906,95.7856,0.5,0,35.5538,26.1409,21.7371,29.6046,-6.08708,2,3.44898,3.44898,1,145.437
598,2014-08-22,00:00:00.00,4.0023,0.401899,0,20.7161,16.9661,24.4661,20.7161,-33333.3,-33333.3,1.12478,95.8039,0.5,0,35.3547,25.8462,21.5305,30.2044,-5.97725,2,5.19265,5.19265,1,151.898
599,2014-08-23,00:00:00.00,4.01952,0,0,19.9661,14.4661,25.4661,19.9661,-33333.3,-33333.3,1.12799,95.7902,0.5,0,35.1531,25.7898,21.4069,29.7536,-6.06004,2,3.8849,3.8849,1,145.507
600,2014-08-24,00:00:00.00,4.03673,0,0,19.9661,15.9661,23.9661,19.9661,-33333.3,-33333.3,1.12799,95.7902,0.5,0,34.949,25.6281,21.2109,29.7536,-6.06004,2,3.8849,3.8849,1,144.607
601,2014-08-25,00:00:00.00,4.05395,0,0,19.9661,15.9661,23.9661,19.9661,-33333.3,-33333.3,1.12799,95.7902,0.5,0,34.7424,25.4643,21.014,29.7536,-6.06004,2,3.8849,3.8849,1,143.698
602,2014-08-26,00:00:00.00,4.07116,0,0,19.9661,13.9661,25.9661,19.9661,-33333.3,-33333.3,1.12799,95.7902,0.5,0,34.5334,25.2985,20.8162,29.7536,-6.06004,2,3.8849,3.8849,1,142.781
603,2014-08-27,00:00:00.00,4.08837,0,0,22.4661,15.9661,28.9661,22.4661,-33333.3,-33333.3,1.11726,95.8357,0.5,0,34.322,24.7821,20.3316,31.277,-5.77419,2,6.97468,6.97468,1,159.617
604,2014-08-28,00:00:00.00,4.10559,0,0,17.2161,13.4661,20.9661,17.2161,-33333.3,-33333.3,1.13973,95.7392,0.5,0,34.1082,25.3031,20.6497,28.1461,-6.34246,2,0,0,1,121.512
605,2014-08-29,00:00:00.00,4.1228,0,0,14.7161,8.96606,20.4661,14.7161,-33333.3,-33333.3,1.15038,95.692,0.5,0,33.8922,25.4058,20.7334,26.7448,-6.57127,2,0,0,1,103.174
606,2014-08-30,00:00:00.00,4.14002,0,0,15.9661,9.46606,22.4661,15.9661,-33333.3,-33333.3,1.14506,95.7157,0.5,0,33.674,25.0958,20.4804,27.4384,-6.46012,2,0,0,1,111.18
607,2014-08-31,00:00:00.00,4.15723,0,0,22.2161,15.4661,28.9661,22.2161,-33333.3,-33333.3,1.11834,95.8312,0.5,0,33.4535,24.1349,19.6962,31.122,-5.80406,2,6.97468,6.97468,1,153.639
608,2014-09-01,00:00:00.00,4.17445,1.80855,0,23.4661,20.9661,25.9661,23.4661,-33333.3,-33333.3,1.11295,95.8537,0.5,0,33.231,23.7784,19.305,31.9032,-5.65183,2,6.97468,6.97468,1,161.154
609,2014-09-02,00:00:00.00,4.19166,9.64558,0,22.4661,16.4661,28.4661,22.4661,-33333.3,-33333.3,1.11726,95.8357,0.5,0,33.0063,23.7472,19.2174,31.277,-5.77419,2,4.76622,4.76622,1,153.198
610,2014-09-03,00:00:00.00,4.20887,9.64558,0,19.7161,17.9661,21.4661,19.7161,-33333.3,-33333.3,1.12906,95.7856,0.5,0,32.7797,23.9365,19.4543,29.6046,-6.08708,2,4.76622,4.76622,1,133.484
611,2014-09-04,00:00:00.00,4.22609,0,0,18.4661,11.9661,24.9661,18.4661,-33333.3,-33333.3,1.1344,95.7625,0.5,0,32.5511,23.9074,19.5078,28.8681,-6.21816,2,4.76622,4.76622,1,124.115
612,2014-09-05,00:00:00.00,4.2433,0,0,20.2161,13.4661,26.9661,20.2161,-33333.3,-33333.3,1.12692,95.7948,0.5,0,32.3206,23.5075,19.114,29.9033,-6.03272,2,4.76622,4.76622,1,134.88
613,2014-09-06,00:00:00.00,4.26052,76.7628,0,24.2161,18.9661,29.4661,24.2161,-33333.3,-33333.3,1.10971,95.8672,0.5,0,32.0883,22.7724,18.4564,32.3793,-5.55699,2,4.76622,4.76622,1,160.366
614,2014-09-07,00:00:00.00,4.27773,0.20095,0,16.7161,13.9661,19.4661,16.7161,-33333.3,-33333.3,1.14186,95.7298,0.5,0,31.8542,23.547,19.4811,27.8613,-6.39031,2,2.98485,2.98485,1,109.866
615,2014-09-08,00:00:00.00,4.29494,0,0,14.9661,8.96606,20.9661,14.9661,-33333.3,-33333.3,1.14932,95.6967,0.5,0,31.6185,23.5389,19.4338,26.8824,-6.54955,2,0.899625,0.899625,1,97.6146
616,2014-09-09,00:00:00.00,4.31216,0,0,16.2161,9.46606,22.9661,16.2161,-33333.3,-33333.3,1.14399,95.7204,0.5,0,31.381,23.2186,19.1564,27.5788,-6.43711,2,2.38907,2.38907,1,104.952
617,2014-09-10,00:00:00.00,4.32937,0,0,17.9661,13.9661,21.9661,17.9661,-33333.3,-33333.3,1.13653,95.7532,0.5,0,31.1421,22.8355,18.8064,28.5775,-6.26868,2,4.47429,4.47429,1,115.371
618,2014-09-11,00:00:00.00,4.34659,63.2992,0,17.9661,14.4661,21.4661,17.9661,-33333.3,-33333.3,1.13653,95.7532,0.5,0,30.9016,22.6423,18.5845,28.5775,-6.26868,2,4.47429,4.47429,1,114.461
619,2014-09-12,00:00:00.00,4.3638,0.803799,0,11.4661,9.96606,12.9661,11.4661,-33333.3,-33333.3,1.16424,95.6294,0.5,0,30.6597,23.0774,19.1549,25.0061,-6.83076,2,0,0,1,72.4666
620,2014-09-13,00:00:00.00,4.38102,0.602849,0,9.46606,5.96606,12.9661,9.46606,-33333.3,-33333.3,1.17278,95.5902,0.5,0,30.4165,23.0359,19.1319,23.9814,-6.97001,2,0,0,1,59.3436
621,2014-09-14,00:00:00.00,4.39823,4.62184,0,10.2161,6.96606,13.4661,10.2161,-33333.3,-33333.3,1.16957,95.605,0.5,0,30.172,22.7777,18.9258,24.3617,-6.91957,2,0,0,1,63.5229
622,2014-09-15,00:00:00.00,4.41544,0,0,9.21606,4.46606,13.9661,9.21606,-33333.3,-33333.3,1.17385,95.5853,0.5,0,29.9263,22.6509,18.8852,23.8557,-6.98636,2,0,0,1,56.8324
623,2014-09-16,00:00:00.00,4.43266,2.0095,0,11.2161,6.46606,15.9661,11.2161,-33333.3,-33333.3,1.1653,95.6246,0.5,0,29.6794,22.2946,18.588,24.8761,-6.849,2,0,0,1,68.5894
624,2014-09-17,00:00:00.00,4.44987,0,0,11.9661,7.46606,16.4661,11.9661,-33333.3,-33333.3,1.1621,95.6392,0.5,0,29.4315,22.0305,18.3952,25.2676,-6.79355,2,0,0,1,72.5599
625,2014-09-18,00:00:00.00,4.46709,0,0,11.9661,4.96606,18.9661,11.9661,-33333.3,-33333.3,1.1621,95.6392,0.5,0,29.1827,21.8268,18.2251,25.2676,-6.79355,2,0,0,1,71.9429
626,2014-09-19,00:00:00.00,4.4843,0,0,10.2161,6.46606,13.9661,10.2161,-33333.3,-33333.3,1.16957,95.605,0.5,0,28.9329,21.7594,18.1688,24.3617,-6.91957,2,0,0,1,60.8941
627,2014-09-20,00:00:00.00,4.50151,0,0,8.46606,2.46606,14.4661,8.46606,-33333.3,-33333.3,1.17706,95.5704,0.5,0,28.6824,21.6787,18.1014,23.4816,-7.03401,2,0,0,1,50.0255
628,2014-09-21,00:00:00.00,4.51873,18.2864,0,14.7161,6.96606,22.4661,14.7161,-33333.3,-33333.3,1.15038,95.692,0.5,0,28.4311,20.9757,17.5143,26.7448,-6.57127,2,0.601736,0.601736,1,86.1955
629,2014-09-22,00:00:00.00,4.53594,5.22469,0,18.4661,16.4661,20.4661,18.4661,-33333.3,-33333.3,1.1344,95.7625,0.5,0,28.1792,20.4014,17.0834,28.8681,-6.21816,2,4.76622,4.76622,1,107.205
630,2014-09-23,00:00:00.00,4.55316,0,0,9.46606,6.46606,12.4661,9.46606,-33333.3,-33333.3,1.17278,95.5902,0.5,0,27.9268,20.9862,17.5562,23.9814,-6.97001,2,0,0,1,54.4656
631,2014-09-24,00:00:00.00,4.57037,0,0,12.7161,5.46606,19.9661,12.7161,-33333.3,-33333.3,1.15891,95.6537,0.5,0,27.6738,20.5316,17.1758,25.6639,-6.73591,2,0,0,1,72.5078
632,2014-09-25,00:00:00.00,4.58759,0,0,14.9661,7.96606,21.9661,14.9661,-33333.3,-33333.3,1.14932,95.6967,0.5,0,27.4205,20.1324,16.8419,26.8824,-6.54955,2,0.899625,0.899625,1,84.5638
633,2014-09-26,00:00:00.00,4.6048,0,0,15.4661,8.96606,21.9661,15.4661,-33333.3,-33333.3,1.14719,95.7062,0.5,0,27.1669,19.8814,16.6208,27.1592,-6.50535,2,1.4954,1.4954,1,86.5901
634,2014-09-27,00:00:00.00,4.62201,0,0,16.7161,8.96606,24.4661,16.7161,-33333.3,-33333.3,1.14186,95.7298,0.5,0,26.9131,19.5593,16.3334,27.8613,-6.39031,2,2.98485,2.98485,1,92.726
635,2014-09-28,00:00:00.00,4.63923,0,0,17.9661,10.4661,25.4661,17.9661,-33333.3,-33333.3,1.13653,95.7532,0.5,0,26.6592,19.2324,16.0247,28.5775,-6.26868,2,4.47429,4.47429,1,98.7343
636,2014-09-29,00:00:00.00,4.65644,0,0,17.9661,11.4661,24.4661,17.9661,-33333.3,-33333.3,1.13653,95.7532,0.5,0,26.4052,19.0284,15.8019,28.5775,-6.26868,2,4.47429,4.47429,1,97.8103
637,2014-09-30,00:00:00.00,4.67366,7.43514,0,17.2161,10.9661,23.4661,17.2161,-33333.3,-33333.3,1.13973,95.7392,0.5,0,26.1514,18.8973,15.6405,28.1461,-6.34246,2,3.58063,3.58063,1,92.8435
638,2014-10-01,00:00:00.00,4.69087,2.0095,0,15.2161,12.9661,17.4661,15.2161,-33333.3,-33333.3,1.14825,95.7015,0.5,0,25.8976,18.875,15.6597,27.0205,-6.52758,2,1.19751,1.19751,1,81.2785
639,2014-10-02,00:00:00.00,4.70809,0.20095,0,13.7161,12.4661,14.9661,13.7161,-33333.3,-33333.3,1.15464,95.6729,0.5,0,25.6441,18.795,15.6028,26.1999,-6.6556,2,2.35594,2.35594,1,72.5655
640,2014-10-03,00:00:00.00,4.7253,0,0,16.2161,12.9661,19.4661,16.2161,-33333.3,-33333.3,1.14399,95.7204,0.5,0,25.391,18.3767,15.2309,27.5788,-6.43711,2,2.35594,2.35594,1,84.966
641,2014-10-04,00:00:00.00,4.74251,21.7026,0,17.4661,13.4661,21.4661,17.4661,-33333.3,-33333.3,1.13866,95.7438,0.5,0,25.1383,18.0583,14.9406,28.2893,-6.31813,2,2.35594,2.35594,1,90.6289
642,2014-10-05,00:00:00.00,4.75973,1.6076,0,7.46606,5.96606,8.96606,7.46606,-33333.3,-33333.3,1.18135,95.5505,0.5,0,24.8861,18.6076,15.4658,22.9902,-7.09434,2,0.0371061,0.0371061,1,38.3626
643,2014-10-06,00:00:00.00,4.77694,0.803799,0,5.96606,1.46606,10.4661,5.96606,-33333.3,-33333.3,1.1878,95.5203,0.5,0,24.6345,18.4846,15.3816,22.2683,-7.17809,2,0,0,1,30.3546
644,2014-10-07,00:00:00.00,4.79416,10.8513,0,10.7161,5.46606,15.9661,10.7161,-33333.3,-33333.3,1.16744,95.6148,0.5,0,24.3836,17.988,14.9773,24.6178,-6.88476,2,1.95131,1.95131,1,53.9843
645,2014-10-08,00:00:00.00,4.81137,0.803799,0,11.2161,6.46606,15.9661,11.2161,-33333.3,-33333.3,1.1653,95.6246,0.5,0,24.1335,17.7489,14.8122,24.8761,-6.849,2,2.2458,2.2458,1,55.9427
646,2014-10-09,00:00:00.00,4.82858,0.602849,0,8.96606,6.96606,10.9661,8.96606,-33333.3,-33333.3,1.17492,95.5804,0.5,0,23.8843,17.6913,14.7483,23.7305,-7.00247,2,0.920585,0.920585,1,44.2745
647,2014-10-10,00:00:00.00,4.8458,0,0,6.46606,1.46606,11.4661,6.46606,-33333.3,-33333.3,1.18565,95.5304,0.5,0,23.6361,17.6313,14.6947,22.5069,-7.15106,2,0,0,1,31.6096
648,2014-10-11,00:00:00.00,4.86301,0,0,6.46606,1.46606,11.4661,6.46606,-33333.3,-33333.3,1.18565,95.5304,0.5,0,23.389,17.427,14.5244,22.5069,-7.15106,2,0,0,1,31.2915
649,2014-10-12,00:00:00.00,4.88023,0,0,6.46606,0.966056,11.9661,6.46606,-33333.3,-33333.3,1.18565,95.5304,0.5,0,23.1431,17.2237,14.355,22.5069,-7.15106,2,0,0,1,30.9752
650,2014-10-13,00:00:00.00,4.89744,0,0,6.71606,-0.0339442,13.4661,6.71606,-33333.3,-33333.3,1.18457,95.5355,0.5,0,22.8984,17.0082,14.1753,22.627,-7.13722,2,0,0,1,31.8463
651,2014-10-14,00:00:00.00,4.91466,0.20095,0,9.46606,3.46606,15.4661,9.46606,-33333.3,-33333.3,1.17278,95.5902,0.5,0,22.655,16.6506,13.8773,23.9814,-6.97001,2,1.21508,1.21508,1,44.4289
652,2014-10-15,00:00:00.00,4.93187,14.2674,0,17.2161,13.4661,20.9661,17.2161,-33333.3,-33333.3,1.13973,95.7392,0.5,0,22.4131,15.8919,13.235,28.1461,-6.34246,2,2.35594,2.35594,1,79.9775
653,2014-10-16,00:00:00.00,4.94908,0.803799,0,14.4661,12.9661,15.9661,14.4661,-33333.3,-33333.3,1.15145,95.6872,0.5,0,22.1728,15.9185,13.2865,26.6077,-6.59273,2,2.35594,2.35594,1,66.5131
654,2014-10-17,00:00:00.00,4.9663,1.00475,0,13.7161,10.9661,16.4661,13.7161,-33333.3,-33333.3,1.15464,95.6729,0.5,0,21.934,15.7803,13.156,26.1999,-6.6556,2,2.35594,2.35594,1,62.4161
655,2014-10-18,00:00:00.00,4.98351,2.21045,0,11.9661,10.4661,13.4661,11.9661,-33333.3,-33333.3,1.1621,95.6392,0.5,0,21.697,15.7086,13.083,25.2676,-6.79355,2,2.35594,2.35594,1,53.8911
656,2014-10-19,00:00:00.00,5.00073,0.401899,0,6.71606,5.96606,7.46606,6.71606,-33333.3,-33333.3,1.18457,95.5355,0.5,0,21.4618,15.8229,13.1767,22.627,-7.13722,2,0,0,1,29.9343
657,2014-10-20,00:00:00.00,5.01794,3.01425,0,4.46606,0.466056,8.46606,4.46606,-33333.3,-33333.3,1.19428,95.4899,0.5,0,21.2284,15.7391,13.1108,21.5646,-7.25396,2,0,0,1,19.6997
658,2014-10-21,00:00:00.00,5.03516,12.8608,0,5.71606,1.96606,9.46606,5.71606,-33333.3,-33333.3,1.18888,95.5153,0.5,0,20.9971,15.4893,12.9316,22.1498,-7.19128,2,0,0,1,24.952
659,2014-10-22,00:00:00.00,5.05237,3.01425,0,6.46606,4.96606,7.96606,6.46606,-33333.3,-33333.3,1.18565,95.5304,0.5,0,20.7678,15.2636,12.7803,22.5069,-7.15106,2,0,0,1,27.9329
660,2014-10-23,00:00:00.00,5.06958,0,0,6.71606,0.966056,12.4661,6.71606,-33333.3,-33333.3,1.18457,95.5355,0.5,0,20.5406,15.0641,12.6363,22.627,-7.13722,2,0,0,1,28.7115
661,2014-10-24,00:00:00.00,5.0868,0,0,8.96606,2.46606,15.4661,8.96606,-33333.3,-33333.3,1.17492,95.5804,0.5,0,20.3157,14.7618,12.3827,23.7305,-7.00247,2,0.920585,0.920585,1,37.9321
662,2014-10-25,00:00:00.00,5.10401,0,0,8.21606,1.46606,14.9661,8.21606,-33333.3,-33333.3,1.17813,95.5655,0.5,0,20.0931,14.6197,12.2551,23.358,-7.04943,2,0.478845,0.478845,1,34.3979
663,2014-10-26,00:00:00.00,5.12123,0,0,11.2161,6.96606,15.4661,11.2161,-33333.3,-33333.3,1.1653,95.6246,0.5,0,19.8728,14.2711,11.9586,24.8761,-6.849,2,2.2458,2.2458,1,46.4702
664,2014-10-27,00:00:00.00,5.13844,0,0,7.21606,5.96606,8.46606,7.21606,-33333.3,-33333.3,1.18242,95.5455,0.5,0,19.6551,14.3114,11.9723,22.8686,-7.10886,2,0,0,1,29.5872
665,2014-10-28,00:00:00.00,5.15565,1.40665,0,6.21606,-0.533944,12.9661,6.21606,-33333.3,-33333.3,1.18672,95.5254,0.5,0,19.4399,14.1826,11.8646,22.3874,-7.16469,2,0,0,1,25.2228
666,2014-10-29,00:00:00.00,5.17287,1.2057,0,12.2161,7.46606,16.9661,12.2161,-33333.3,-33333.3,1.16104,95.644,0.5,0,19.2273,13.6864,11.4614,25.3991,-6.77458,2,2.35594,2.35594,1,49.0561
667,2014-10-30,00:00:00.00,5.19008,1.6076,0,6.46606,4.46606,8.46606,6.46606,-33333.3,-33333.3,1.18565,95.5304,0.5,0,19.0174,13.8237,11.5665,22.5069,-7.15106,2,0,0,1,25.6977
668,2014-10-31,00:00:00.00,5.2073,1.6076,0,3.96606,1.46606,6.46606,3.96606,-33333.3,-33333.3,1.19644,95.4796,0.5,0,18.8103,13.7625,11.5289,21.334,-7.27753,2,0,0,1,15.5998
669,2014-11-01,00:00:00.00,5.22451,6.43039,2.0095,3.96606,2.96606,4.96606,3.96606,-33333.3,-33333.3,1.19644,95.4796,0.5,0,18.6061,13.594,11.4013,21.334,-7.27753,2,0,0,1,15.4397
670,2014-11-02,00:00:00.00,5.24173,0,0,-0.0339442,-1.03394,0.966056,-0.0339442,-33333.3,-33333.3,1.21388,95.3965,0.5,0,18.4047,13.5744,11.4037,19.5581,-7.43696,2,0,0,1,-0.130768
671,2014-11-03,00:00:00.00,5.25894,0,0,1.71606,-3.03394,6.46606,1.71606,-33333.3,-33333.3,1.20622,95.4331,0.5,0,18.2064,13.3499,11.2151,20.3203,-7.37324,2,0.352584,0.352584,1,6.54494
672,2014-11-04,00:00:00.00,5.27615,0,0,5.46606,-0.533944,11.4661,5.46606,-33333.3,-33333.3,1.18996,95.5102,0.5,0,18.0111,13.0419,10.9535,22.0318,-7.20425,2,0.822833,0.822833,1,20.636
673,2014-11-05,00:00:00.00,5.29337,8.23894,0,9.21606,7.96606,10.4661,9.21606,-33333.3,-33333.3,1.17385,95.5853,0.5,0,17.819,12.7101,10.6683,23.8557,-6.98636,2,0.822833,0.822833,1,34.4427
674,2014-11-06,00:00:00.00,5.31058,0,0,4.46606,1.96606,6.96606,4.46606,-33333.3,-33333.3,1.19428,95.4899,0.5,0,17.6301,12.7702,10.7295,21.5646,-7.25396,2,0.822833,0.822833,1,16.5236
675,2014-11-07,00:00:00.00,5.3278,2.61235,0,4.46606,0.466056,8.46606,4.46606,-33333.3,-33333.3,1.19428,95.4899,0.5,0,17.4444,12.6176,10.5948,21.5646,-7.25396,2,0.822833,0.822833,1,16.3591
676,2014-11-08,00:00:00.00,5.34501,0,0,0.466056,-1.03394,1.96606,0.466056,-33333.3,-33333.3,1.21168,95.407,0.5,0,17.262,12.6113,10.5975,19.774,-7.41927,2,0.0954487,0.0954487,1,1.69032
677,2014-11-09,00:00:00.00,5.36223,4.62184,0,1.46606,-3.03394,5.96606,1.46606,-33333.3,-33333.3,1.20731,95.4279,0.5,0,17.083,12.4302,10.4446,20.2101,-7.38284,2,0.301157,0.301157,1,5.26502
678,2014-11-10,00:00:00.00,5.37944,0.803799,0,1.21606,-1.53394,3.96606,1.21606,-33333.3,-33333.3,1.2084,95.4227,0.5,0,16.9075,12.2937,10.3401,20.1004,-7.39225,2,0.24973,0.24973,1,4.32477
679,2014-11-11,00:00:00.00,5.39665,0.401899,0,4.71606,1.46606,7.96606,4.71606,-33333.3,-33333.3,1.19319,95.495,0.5,0,16.7355,12.0258,10.1188,21.6806,-7.24185,2,0.822833,0.822833,1,16.6107
680,2014-11-12,00:00:00.00,5.41387,0.602849,0,8.46606,1.96606,14.9661,8.46606,-33333.3,-33333.3,1.17706,95.5704,0.5,0,16.567,11.7281,9.86527,23.4816,-7.03401,2,0.822833,0.822833,1,29.5346
681,2014-11-13,00:00:00.00,5.43108,0.0659313,0.938817,-0.283944,-1.03394,0.466056,-0.283944,-33333.3,-33333.3,1.21498,95.3912,0.5,0,16.4021,11.9237,10.0282,19.4462,-7.45008,2,0,0,1,-0.98121
682,2014-11-14,00:00:00.00,5.4483,-2.22045e-15,3.01425,-2.53394,-3.03394,-2.03394,-2.53394,-33333.3,-33333.3,1.22496,95.3432,0.5,0,16.2408,11.8543,4.00686,18.4633,-7.55683,2,0,0,1,-8.67504
683,2014-11-15,00:00:00.00,5.46551,4.44089e-16,0.803799,-3.78394,-6.53394,-1.03394,-3.78394,-33333.3,-33333.3,1.23054,95.3163,0.5,0,16.0833,11.7559,3.97327,17.9352,-7.60754,2,0,0,1,-12.8354
684,2014-11-16,00:00:00.00,5.48272,0,1.00475,-4.78394,-8.53394,-1.03394,-4.78394,-33333.3,-33333.3,1.23502,95.2945,0.5,0,15.9296,11.6524,3.93798,17.5217,-7.64382,2,0,0,1,-16.0802
685,2014-11-17,00:00:00.00,5.49994,4.44089e-16,2.61235,-3.03394,-5.03394,-1.03394,-3.03394,-33333.3,-33333.3,1.22719,95.3325,0.5,0,15.7796,11.4851,3.88129,18.2505,-7.57784,2,0,0,1,-10.1068
686,2014-11-18,00:00:00.00,5.51715,-1.77636e-15,12.2579,-2.28394,-3.53394,-1.03394,-2.28394,-33333.3,-33333.3,1.22385,95.3486,0.5,0,15.6335,11.3447,3.83363,18.5705,-7.54597,2,0,0,1,-7.54141
687,2014-11-19,00:00:00.00,5.53437,2.22045e-16,1.80855,-10.5339,-12.5339,-8.53394,-10.5339,-33333.3,-33333.3,1.26117,95.1664,0.5,0,15.4913,11.4032,3.85273,15.2943,-7.78285,2,0,0,1,-34.4813
688,2014-11-20,00:00:00.00,5.55158,-2.66454e-15,5.82754,-8.78394,-13.5339,-4.03394,-8.78394,-33333.3,-33333.3,1.25314,95.2059,0.5,0,15.353,11.2567,3.80307,15.9458,-7.75261,2,0,0,1,-28.5085
689,2014-11-21,00:00:00.00,5.5688,-8.88178e-16,2.8133,-6.53394,-8.03394,-5.03394,-6.53394,-33333.3,-33333.3,1.24291,95.2561,0.5,0,15.2187,11.1007,3.75022,16.8171,-7.69842,2,0,0,1,-21.0291
690,2014-11-22,00:00:00.00,5.58601,0,0,-9.28394,-15.5339,-3.03394,-9.28394,-33333.3,-33333.3,1.25542,95.1947,0.5,0,15.0884,11.0455,3.73121,15.7574,-7.76229,2,0,0,1,-29.6355
691,2014-11-23,00:00:00.00,5.60322,2.22045e-16,1.80855,-3.28394,-11.0339,4.46606,-3.28394,-33333.3,-33333.3,1.2283,95.3271,0.5,0,14.9621,10.8148,3.65339,18.1449,-7.58798,2,0,0,1,-10.3989
692,2014-11-24,00:00:00.00,5.62044,26.7263,0,6.71606,1.46606,11.9661,6.71606,-33333.3,-33333.3,1.18457,95.5355,0.5,0,14.84,10.4002,3.51395,22.627,-7.13722,2,0.822833,0.822833,1,21.1007
693,2014-11-25,00:00:00.00,5.63765,10.2484,0,8.71606,4.96606,12.4661,8.71606,-33333.3,-33333.3,1.17599,95.5754,0.5,0,14.7219,10.222,3.45378,23.6058,-7.01836,2,0.822833,0.822833,1,27.1753
694,2014-11-26,00:00:00.00,5.65487,0,0,-1.03394,-2.03394,-0.0339442,-1.03394,-33333.3,-33333.3,1.2183,95.3753,0.5,0,14.608,10.4651,8.82008,19.1139,-7.48792,2,0,0,1,-3.19968
695,2014-11-27,00:00:00.00,5.67208,0,0,-0.533944,-2.03394,0.966056,-0.533944,-33333.3,-33333.3,1.21609,95.3859,0.5,0,14.4983,10.3612,8.73255,19.3349,-7.46295,2,0,0,1,-1.6404
696,2014-11-28,00:00:00.00,5.6893,8.88178e-16,6.22944,-1.78394,-3.53394,-0.0339442,-1.78394,-33333.3,-33333.3,1.22163,95.3593,0.5,0,14.3928,10.3074,8.68723,18.7863,-7.52349,2,0,0,1,-5.44223
697,2014-11-29,00:00:00.00,5.70651,0,0,-6.53394,-9.03394,-4.03394,-6.53394,-33333.3,-33333.3,1.24291,95.2561,0.5,0,14.2916,10.3314,3.48879,16.8171,-7.69842,2,0,0,1,-19.7973
698,2014-11-30,00:00:00.00,5.72372,0,0,0.216056,-8.03394,8.46606,0.216056,-33333.3,-33333.3,1.21278,95.4017,0.5,0,14.1946,10.0908,3.40781,19.6661,-7.42788,2,0.0440216,0.0440216,1,0.650339
699,2014-12-01,00:00:00.00,5.74094,0.20095,0,5.71606,0.466056,10.9661,5.71606,-33333.3,-33333.3,1.18888,95.5153,0.5,0,14.1019,9.83885,3.32305,22.1498,-7.19128,2,0.822833,0.822833,1,17.0958
700,2014-12-02,00:00:00.00,5.75815,2.22045e-16,0.401899,-2.78394,-5.03394,-0.533944,-2.78394,-33333.3,-33333.3,1.22607,95.3379,0.5,0,14.0135,10.0196,8.44755,18.3567,-7.56746,2,0.127651,0.127651,1,-8.27536
701,2014-12-03,00:00:00.00,5.77537,2.22045e-16,1.80855,-7.28394,-13.0339,-1.53394,-7.28394,-33333.3,-33333.3,1.2463,95.2395,0.5,0,13.9295,10.0459,3.3917,16.5224,-7.71845,2,0,0,1,-21.5246
702,2014-12-04,00:00:00.00,5.79258,1.77636e-15,3.21519,-3.28394,-6.03394,-0.533944,-3.28394,-33333.3,-33333.3,1.2283,95.3271,0.5,0,13.8498,9.89632,3.34129,18.1449,-7.58798,2,0.0873824,0.0873824,1,-9.64971
703,2014-12-05,00:00:00.00,5.80979,0,0,-3.03394,-6.53394,0.466056,-3.03394,-33333.3,-33333.3,1.22719,95.3325,0.5,0,13.7745,9.82844,3.31826,18.2505,-7.57784,2,0.107517,0.107517,1,-8.86724
704,2014-12-06,00:00:00.00,5.82701,0,0,-3.78394,-9.03394,1.46606,-3.78394,-33333.3,-33333.3,1.23054,95.3163,0.5,0,13.7036,9.78708,3.30413,17.9352,-7.60754,2,0.047114,0.047114,1,-11.0028
705,2014-12-07,00:00:00.00,5.84422,0,0,0.966056,-1.03394,2.96606,0.966056,-33333.3,-33333.3,1.20949,95.4175,0.5,0,13.6371,9.61263,3.24546,19.9911,-7.40146,2,0.322147,0.322147,1,2.79548
706,2014-12-08,00:00:00.00,5.86144,0,0,-5.03394,-9.03394,-1.03394,-5.03394,-33333.3,-33333.3,1.23614,95.2891,0.5,0,13.5751,9.70793,3.2771,17.4196,-7.6523,2,0,0,1,-14.5002
707,2014-12-09,00:00:00.00,5.87865,0,0,-2.53394,-6.53394,1.46606,-2.53394,-33333.3,-33333.3,1.22496,95.3432,0.5,0,13.5175,9.60491,3.24239,18.4633,-7.55683,2,0.147785,0.147785,1,-7.26767
708,2014-12-10,00:00:00.00,5.89587,0.09105,0.1099,-0.0339442,-1.53394,1.46606,-0.0339442,-33333.3,-33333.3,1.21388,95.3965,0.5,0,13.4644,9.49843,3.20653,19.5581,-7.43696,2,0.322147,0.322147,1,-0.0969486
709,2014-12-11,00:00:00.00,5.91308,-1.11022e-16,0.602849,-4.28394,-6.03394,-2.53394,-4.28394,-33333.3,-33333.3,1.23278,95.3054,0.5,0,13.4157,9.56034,3.22705,17.7275,-7.62615,2,0.00684562,0.00684562,1,-12.1923
710,2014-12-12,00:00:00.00,5.93029,-8.88178e-16,3.81804,-3.78394,-5.53394,-2.03394,-3.78394,-33333.3,-33333.3,1.23054,95.3163,0.5,0,13.3715,9.51298,3.21102,17.9352,-7.60754,2,0.047114,0.047114,1,-10.7324
711,2014-12-13,00:00:00.00,5.94751,0,0,-1.28394,-5.03394,2.46606,-1.28394,-33333.3,-33333.3,1.21941,95.37,0.5,0,13.3319,9.42172,3.18032,19.0042,-7.50003,2,0.248456,0.248456,1,-3.63026
712,2014-12-14,00:00:00.00,5.96472,0.244876,0.960822,-0.533944,-2.03394,0.966056,-0.533944,-33333.3,-33333.3,1.21609,95.3859,0.5,0,13.2967,9.37376,3.16412,19.3349,-7.46295,2,0.308858,0.308858,1,-1.50542
713,2014-12-15,00:00:00.00,5.98194,0.847725,0.357973,0.466056,-0.533944,1.46606,0.466056,-33333.3,-33333.3,1.21168,95.407,0.5,0,13.266,9.32211,3.14672,19.774,-7.41927,2,0.322147,0.322147,1,1.31073
714,2014-12-16,00:00:00.00,5.99915,1.80855,0,1.71606,-0.0339442,3.46606,1.71606,-33333.3,-33333.3,1.20622,95.4331,0.5,0,13.2399,9.26576,3.12775,20.3203,-7.37324,2,0.322147,0.322147,1,4.81551
715,2014-12-17,00:00:00.00,6.01637,4.62184,0,1.46606,-0.0339442,2.96606,1.46606,-33333.3,-33333.3,1.20731,95.4279,0.5,0,13.2183,9.25512,3.1241,20.2101,-7.38284,2,0.322147,0.322147,1,4.10616
716,2014-12-18,00:00:00.00,6.03358,0.263725,1.74577,-0.283944,-1.03394,0.466056,-0.283944,-33333.3,-33333.3,1.21498,95.3912,0.5,0,13.2013,9.28854,7.83925,19.4462,-7.45008,2,0.322147,0.322147,1,-0.793992
717,2014-12-19,00:00:00.00,6.05079,0,0,-3.53394,-4.03394,-3.03394,-3.53394,-33333.3,-33333.3,1.22942,95.3217,0.5,0,13.1888,9.35605,3.15774,18.0398,-7.59788,2,0.0672482,0.0672482,1,-9.86958
718,2014-12-20,00:00:00.00,6.06801,0,0,-4.78394,-7.53394,-2.03394,-4.78394,-33333.3,-33333.3,1.23502,95.2945,0.5,0,13.1808,9.37603,3.16439,17.5217,-7.64382,2,0,0,1,-13.3478
719,2014-12-21,00:00:00.00,6.08522,0,0,-4.53394,-8.53394,-0.533944,-4.53394,-33333.3,-33333.3,1.2339,95.3,0.5,0,13.1774,9.36782,3.16162,17.6243,-7.6351,2,0,0,1,-12.6422
720,2014-12-22,00:00:00.00,6.10244,0,0,-4.03394,-6.03394,-2.03394,-4.03394,-33333.3,-33333.3,1.23166,95.3109,0.5,0,13.1785,9.35794,3.15832,17.8311,-7.61696,2,0.0269798,0.0269798,1,-11.2444
721,2014-12-23,00:00:00.00,6.11965,0,0,-3.78394,-7.03394,-0.533944,-3.78394,-33333.3,-33333.3,1.23054,95.3163,0.5,0,13.1842,9.357,3.15802,17.9352,-7.60754,2,0.047114,0.047114,1,-10.5476
722,2014-12-24,00:00:00.00,6.13686,8.33596,3.52007,0.466056,-4.03394,4.96606,0.466056,-33333.3,-33333.3,1.21168,95.407,0.5,0,13.1945,9.2619,3.12625,19.774,-7.41927,2,0.322147,0.322147,1,1.29954
723,2014-12-25,00:00:00.00,6.15408,11.6551,0,5.46606,1.96606,8.96606,5.46606,-33333.3,-33333.3,1.18996,95.5102,0.5,0,13.2093,9.12103,3.07918,22.0318,-7.20425,2,0.322147,0.322147,1,15.251
724,2014-12-26,00:00:00.00,6.17129,-1.11022e-16,0.602849,1.21606,-0.0339442,2.46606,1.21606,-33333.3,-33333.3,1.2084,95.4227,0.5,0,13.2286,9.26869,7.82618,20.1004,-7.39225,2,0.322147,0.322147,1,3.39622
725,2014-12-27,00:00:00.00,6.18851,0,0,1.96606,-1.03394,4.96606,1.96606,-33333.3,-33333.3,1.20513,95.4383,0.5,0,13.2525,9.2665,7.82391,20.431,-7.36343,2,0.322147,0.322147,1,5.49782
726,2014-12-28,00:00:00.00,6.20572,1.80855,0,3.96606,0.966056,6.96606,3.96606,-33333.3,-33333.3,1.19644,95.4796,0.5,0,13.281,9.22819,7.78974,21.334,-7.27753,2,0.322147,0.322147,1,11.1082
727,2014-12-29,00:00:00.00,6.22294,0,0,-1.03394,-2.03394,-0.0339442,-1.03394,-33333.3,-33333.3,1.2183,95.3753,0.5,0,13.314,9.39757,7.93274,19.1139,-7.48792,2,0.26859,0.26859,1,-2.90138
728,2014-12-30,00:00:00.00,6.24015,0,0,-3.78394,-5.03394,-2.53394,-3.78394,-33333.3,-33333.3,1.23054,95.3163,0.5,0,13.3515,9.49291,8.01163,17.9352,-7.60754,2,0.047114,0.047114,1,-10.6418
729,2014-12-31,00:00:00.00,6.25736,4.44089e-16,0.803799,-7.53394,-9.03394,-6.03394,-7.53394,-33333.3,-33333.3,1.24744,95.2339,0.5,0,13.3936,9.60241,8.10375,16.4251,-7.72468,2,0,0,1,-21.2416
730,2015-01-01,00:00:00.00,6.27458,0,1.00475,-10.0339,-11.5339,-8.53394,-10.0339,-33333.3,-33333.3,1.25887,95.1777,0.5,0,13.4402,9.68332,3.26823,15.4782,-7.77524,2,0,0,1,-28.3704
731,2015-01-02,00:00:00.00,0.0086071,-4.44089e-16,1.40665,-7.53394,-11.0339,-4.03394,-7.53394,-33333.3,-33333.3,1.24744,95.2339,0.5,0,13.4913,9.68264,3.26821,16.4251,-7.72468,2,0.0500599,0.0500599,1,-21.3685
732,2015-01-03,00:00:00.00,0.0258213,0,0,-6.28394,-9.03394,-3.53394,-6.28394,-33333.3,-33333.3,1.24178,95.2616,0.5,0,13.5469,9.70471,3.27582,16.9163,-7.6913,2,0.102821,0.102821,1,-17.8844
733,2015-01-04,00:00:00.00,0.0430355,-1.77636e-15,13.0617,-5.53394,-11.5339,0.466056,-5.53394,-33333.3,-33333.3,1.23839,95.2781,0.5,0,13.607,9.73908,3.28756,17.2168,-7.66859,2,0.134478,0.134478,1,-15.8085
734,2015-01-05,00:00:00.00,0.0602497,2.32632,11.3383,-0.533944,-2.53394,1.46606,-0.533944,-33333.3,-33333.3,1.21609,95.3859,0.5,0,13.6716,9.67574,3.26662,19.3349,-7.46295,2,0.168836,0.168836,1,-1.53141
735,2015-01-06,00:00:00.00,0.0774639,0,1.00475,-14.5339,-15.0339,-14.0339,-14.5339,-33333.3,-33333.3,1.27981,95.0739,0.5,0,13.7407,9.99598,3.37409,13.8878,-7.81521,2,0,0,1,-41.8647
736,2015-01-07,00:00:00.00,0.0946781,0,2.0095,-13.7839,-16.5339,-11.0339,-13.7839,-33333.3,-33333.3,1.27629,95.0915,0.5,0,13.8142,10.0471,3.39151,14.143,-7.81288,2,0,0,1,-39.8865
737,2015-01-08,00:00:00.00,0.111892,-2.22045e-16,1.2057,-16.7839,-19.5339,-14.0339,-16.7839,-33333.3,-33333.3,1.29049,95.0207,0.5,0,13.8922,10.1488,3.42586,13.1452,-7.81237,2,0,0,1,-48.8037
738,2015-01-09,00:00:00.00,0.129107,0,2.0095,-15.0339,-21.5339,-8.53394,-15.0339,-33333.3,-33333.3,1.28217,95.0622,0.5,0,13.9745,10.1963,3.44209,13.7198,-7.81584,2,0,0,1,-43.9394
739,2015-01-10,00:00:00.00,0.146321,-8.88178e-16,7.43514,-12.0339,-15.0339,-9.03394,-12.0339,-33333.3,-33333.3,1.26811,95.132,0.5,0,14.0613,10.2273,3.45283,14.7536,-7.80082,2,0,0,1,-35.3612
740,2015-01-11,00:00:00.00,0.163535,2.22045e-16,0.401899,-13.5339,-17.5339,-9.53394,-13.5339,-33333.3,-33333.3,1.27511,95.0973,0.5,0,14.1525,10.3243,3.48567,14.2289,-7.81173,2,0,0,1,-39.9938
741,2015-01-12,00:00:00.00,0.180749,-2.22045e-16,1.2057,-10.0339,-16.5339,-3.53394,-10.0339,-33333.3,-33333.3,1.25887,95.1777,0.5,0,14.2481,10.3505,3.49484,15.4782,-7.77524,2,0,0,1,-29.8263
742,2015-01-13,00:00:00.00,0.197963,0,0,-4.03394,-5.53394,-2.53394,-4.03394,-33333.3,-33333.3,1.23166,95.3109,0.5,0,14.348,10.3156,3.48352,17.8311,-7.61696,2,0.168836,0.168836,1,-12.0648
743,2015-01-14,00:00:00.00,0.215178,0,0,-17.7839,-24.5339,-11.0339,-17.7839,-33333.3,-33333.3,1.29528,94.9967,0.5,0,14.4522,10.626,3.58793,12.826,-7.80654,2,0,0,1,-53.529
744,2015-01-15,00:00:00.00,0.232392,0,0,-13.7839,-21.0339,-6.53394,-13.7839,-33333.3,-33333.3,1.27629,95.0915,0.5,0,14.5607,10.6668,3.60202,14.143,-7.81288,2,0,0,1,-41.7641
745,2015-01-16,00:00:00.00,0.249606,-2.22045e-15,3.01425,-12.5339,-18.0339,-7.03394,-12.5339,-33333.3,-33333.3,1.27044,95.1205,0.5,0,14.6735,10.7427,3.62788,14.577,-7.80522,2,0,0,1,-38.2371
746,2015-01-17,00:00:00.00,0.26682,0,0,-9.53394,-11.5339,-7.53394,-9.53394,-33333.3,-33333.3,1.25657,95.189,0.5,0,14.7906,10.7914,3.64467,15.6638,-7.76682,2,0,0,1,-29.2908
747,2015-01-18,00:00:00.00,0.284034,0,2.0095,-9.53394,-23.0339,3.96606,-9.53394,-33333.3,-33333.3,1.25657,95.189,0.5,0,14.9118,10.892,3.67884,15.6638,-7.76682,2,0,0,1,-29.5042
748,2015-01-19,00:00:00.00,0.301249,0,4.01899,-2.03394,-5.03394,0.966056,-2.03394,-33333.3,-33333.3,1.22274,95.354,0.5,0,15.0373,10.8337,3.65977,18.6781,-7.53485,2,0.168836,0.168836,1,-6.34149
749,2015-01-20,00:00:00.00,0.318463,0,0,-5.03394,-7.03394,-3.03394,-5.03394,-33333.3,-33333.3,1.23614,95.2891,0.5,0,15.1668,11.0133,3.72048,17.4196,-7.6523,2,0.155582,0.155582,1,-15.8157
750,2015-01-21,00:00:00.00,0.335677,0,0,-10.0339,-14.0339,-6.03394,-10.0339,-33333.3,-33333.3,1.25887,95.1777,0.5,0,15.3005,11.2234,3.79144,15.4782,-7.77524,2,0,0,1,-31.7733
751,2015-01-22,00:00:00.00,0.352891,0,0,-13.2839,-22.0339,-4.53394,-13.2839,-33333.3,-33333.3,1.27394,95.1031,0.5,0,15.4383,11.3903,3.84791,14.3153,-7.81039,2,0,0,1,-42.4041
752,2015-01-23,00:00:00.00,0.370105,0,0,-3.78394,-11.5339,3.96606,-3.78394,-33333.3,-33333.3,1.23054,95.3163,0.5,0,15.5801,11.3253,3.82668,17.9352,-7.60754,2,0.168836,0.168836,1,-12.1784
753,2015-01-24,00:00:00.00,0.38732,0,0,-4.28394,-6.53394,-2.03394,-4.28394,-33333.3,-33333.3,1.23278,95.3054,0.5,0,15.726,11.458,3.8717,17.7275,-7.62615,2,0.168836,0.168836,1,-13.9036
754,2015-01-25,00:00:00.00,0.404534,2.22045e-16,0.401899,-4.28394,-7.03394,-1.53394,-4.28394,-33333.3,-33333.3,1.23278,95.3054,0.5,0,15.8757,11.5818,3.91382,17.7275,-7.62615,2,0.168836,0.168836,1,-14.0229
755,2015-01-26,00:00:00.00,0.421748,0,0,-12.0339,-16.0339,-8.03394,-12.0339,-33333.3,-33333.3,1.26811,95.132,0.5,0,16.0294,11.8639,4.00901,14.7536,-7.80082,2,0,0,1,-39.7353
756,2015-01-27,00:00:00.00,0.438962,0,0,-12.5339,-17.0339,-8.03394,-12.5339,-33333.3,-33333.3,1.27044,95.1205,0.5,0,16.187,12.0033,4.0564,14.577,-7.80522,2,0,0,1,-41.7537
757,2015-01-28,00:00:00.00,0.456176,0,0,-10.2839,-15.0339,-5.53394,-10.2839,-33333.3,-33333.3,1.26002,95.172,0.5,0,16.3484,12.1,4.08943,15.386,-7.77915,2,0,0,1,-34.5674
758,2015-01-29,00:00:00.00,0.473391,0,0,-9.53394,-17.0339,-2.03394,-9.53394,-33333.3,-33333.3,1.25657,95.189,0.5,0,16.5136,12.2239,4.13162,15.6638,-7.76682,2,0,0,1,-32.3397
759,2015-01-30,00:00:00.00,0.490605,-8.88178e-16,3.81804,-7.53394,-12.0339,-3.03394,-7.53394,-33333.3,-33333.3,1.24744,95.2339,0.5,0,16.6825,12.3247,4.16607,16.4251,-7.72468,2,0.0500599,0.0500599,1,-25.7927
760,2015-01-31,00:00:00.00,0.507819,0,0,-13.2839,-15.0339,-11.5339,-13.2839,-33333.3,-33333.3,1.27394,95.1031,0.5,0,16.855,12.5735,4.25024,14.3153,-7.81039,2,0,0,1,-45.9056
761,2015-02-01,00:00:00.00,0.525033,0,0,-12.7839,-20.5339,-5.03394,-12.7839,-33333.3,-33333.3,1.27161,95.1147,0.5,0,17.0312,12.713,4.29772,14.4893,-7.80714,2,0,0,1,-44.598
762,2015-02-02,00:00:00.00,0.542247,7.10543e-15,18.0855,-12.7839,-14.0339,-11.5339,-12.7839,-33333.3,-33333.3,1.27161,95.1147,0.5,0,17.211,12.8634,4.34889,14.4893,-7.80714,2,0,0,1,-45.0269
763,2015-02-03,00:00:00.00,0.559462,0,0,-14.2839,-18.0339,-10.5339,-14.2839,-33333.3,-33333.3,1.27864,95.0798,0.5,0,17.3942,13.0405,4.40903,13.9725,-7.81462,2,0,0,1,-50.799
764,2015-02-04,00:00:00.00,0.576676,0,2.0095,-13.2839,-20.0339,-6.53394,-13.2839,-33333.3,-33333.3,1.27394,95.1031,0.5,0,17.5809,13.1814,4.45703,14.3153,-7.81039,2,0,0,1,-47.7062
765,2015-02-05,00:00:00.00,0.59389,-2.22045e-16,1.2057,-7.28394,-10.5339,-4.03394,-7.28394,-33333.3,-33333.3,1.2463,95.2395,0.5,0,17.771,13.2263,4.47278,16.5224,-7.71845,2,0.100638,0.100638,1,-26.4174
766,2015-02-06,00:00:00.00,0.611104,-4.44089e-16,1.40665,-16.2839,-21.0339,-11.5339,-16.2839,-33333.3,-33333.3,1.2881,95.0326,0.5,0,17.9644,13.5481,4.58161,13.3073,-7.81425,2,0,0,1,-59.6479
767,2015-02-07,00:00:00.00,0.628319,0,4.01899,-11.7839,-17.5339,-6.03394,-11.7839,-33333.3,-33333.3,1.26695,95.1378,0.5,0,18.161,13.6423,4.61396,14.8426,-7.79832,2,0,0,1,-43.5983
768,2015-02-08,00:00:00.00,0.645533,4.44089e-16,2.61235,-5.53394,-8.53394,-2.53394,-5.53394,-33333.3,-33333.3,1.23839,95.2781,0.5,0,18.3609,13.6769,4.6263,17.2168,-7.66859,2,0.214408,0.214408,1,-20.6817
769,2015-02-09,00:00:00.00,0.662747,4.44089e-16,0.803799,-11.0339,-12.0339,-10.0339,-11.0339,-33333.3,-33333.3,1.26348,95.155,0.5,0,18.5639,13.9662,4.72427,15.1123,-7.78964,2,0,0,1,-41.6563
770,2015-02-10,00:00:00.00,0.679961,0,0,-12.2839,-15.5339,-9.03394,-12.2839,-33333.3,-33333.3,1.26928,95.1263,0.5,0,18.7699,14.1619,4.79077,14.6651,-7.80312,2,0,0,1,-46.8501
771,2015-02-11,00:00:00.00,0.697175,0,0,-8.03394,-12.5339,-3.53394,-8.03394,-33333.3,-33333.3,1.24971,95.2228,0.5,0,18.9789,14.2523,4.82188,16.232,-7.7365,2,0.0518793,0.0518793,1,-30.956
772,2015-02-12,00:00:00.00,0.71439,-4.44089e-16,2.4114,-8.28394,-12.5339,-4.03394,-8.28394,-33333.3,-33333.3,1.25085,95.2172,0.5,0,19.1907,14.4352,4.88413,16.1361,-7.74208,2,0.0356264,0.0356264,1,-32.2491
773,2015-02-13,00:00:00.00,0.731604,0,0,-16.7839,-18.5339,-15.0339,-16.7839,-33333.3,-33333.3,1.29049,95.0207,0.5,0,19.4055,14.7681,4.99684,13.1452,-7.81237,2,0,0,1,-66.0168
774,2015-02-14,00:00:00.00,0.748818,1.77636e-15,9.44464,-18.0339,-26.5339,-9.53394,-18.0339,-33333.3,-33333.3,1.29648,94.9907,0.5,0,19.6229,14.9687,5.06508,12.7472,-7.80466,2,0,0,1,-71.6713
775,2015-02-15,00:00:00.00,0.766032,2.22045e-16,0.401899,-12.0339,-14.5339,-9.53394,-12.0339,-33333.3,-33333.3,1.26811,95.132,0.5,0,19.8431,15.0591,5.09624,14.7536,-7.80082,2,0,0,1,-48.3247
776,2015-02-16,00:00:00.00,0.783246,0,0,-24.2839,-28.5339,-20.0339,-24.2839,-33333.3,-33333.3,1.32718,94.8365,0.5,0,20.0658,15.4141,5.21648,10.905,-7.70572,2,0,0,1,-98.5366
777,2015-02-17,00:00:00.00,0.800461,0,0,-22.2839,-32.0339,-12.5339,-22.2839,-33333.3,-33333.3,1.31722,94.8866,0.5,0,20.291,15.5844,5.27456,11.4684,-7.74778,2,0,0,1,-91.3682
778,2015-02-18,00:00:00.00,0.817675,0,2.0095,-16.5339,-22.0339,-11.0339,-16.5339,-33333.3,-33333.3,1.28929,95.0266,0.5,0,20.5187,15.7036,5.31542,13.226,-7.8134,2,0,0,1,-68.5031
779,2015-02-19,00:00:00.00,0.834889,1.11022e-16,0.20095,-14.7839,-19.5339,-10.0339,-14.7839,-33333.3,-33333.3,1.28099,95.068,0.5,0,20.7487,15.8702,5.37228,13.8036,-7.81561,2,0,0,1,-61.8954
780,2015-02-20,00:00:00.00,0.852103,0,0,-21.2839,-24.5339,-18.0339,-21.2839,-33333.3,-33333.3,1.31229,94.9114,0.5,0,20.9809,16.1572,5.46971,11.7592,-7.76525,2,0,0,1,-90.0445
781,2015-02-21,00:00:00.00,0.869317,0,4.01899,-21.7839,-29.0339,-14.5339,-21.7839,-33333.3,-33333.3,1.31475,94.8991,0.5,0,21.2154,16.3615,5.5393,11.6131,-7.75682,2,0,0,1,-93.1275
782,2015-02-22,00:00:00.00,0.886532,-2.22045e-16,1.2057,-15.5339,-22.0339,-9.03394,-15.5339,-33333.3,-33333.3,1.28454,95.0504,0.5,0,21.4519,16.4761,5.57865,13.5536,-7.81574,2,0,0,1,-67.1055
783,2015-02-23,00:00:00.00,0.903746,0,0,-13.5339,-21.5339,-5.53394,-13.5339,-33333.3,-33333.3,1.27511,95.0973,0.5,0,21.6903,16.6431,5.63568,14.2289,-7.81173,2,0,0,1,-59.0789
784,2015-02-24,00:00:00.00,0.92096,0,0,-21.5339,-26.0339,-17.0339,-21.5339,-33333.3,-33333.3,1.31352,94.9053,0.5,0,21.9307,16.9649,5.74489,11.6859,-7.76111,2,0,0,1,-94.9857
785,2015-02-25,00:00:00.00,0.938174,1.77636e-15,3.21519,-16.2839,-23.0339,-9.53394,-16.2839,-33333.3,-33333.3,1.2881,95.0326,0.5,0,22.1729,17.0977,5.79041,13.3073,-7.81425,2,0,0,1,-72.5795
786,2015-02-26,00:00:00.00,0.955388,0,0,-14.0339,-16.5339,-11.5339,-14.0339,-33333.3,-33333.3,1.27746,95.0856,0.5,0,22.4168,17.2657,5.8478,14.0575,-7.81384,2,0,0,1,-63.2041
787,2015-02-27,00:00:00.00,0.972603,0,0,-17.7839,-24.0339,-11.5339,-17.7839,-33333.3,-33333.3,1.29528,94.9967,0.5,0,22.6623,17.535,5.93939,12.826,-7.80654,2,0,0,1,-80.9273
788,2015-02-28,00:00:00.00,0.989817,0,0,-19.0339,-25.5339,-12.5339,-19.0339,-33333.3,-33333.3,1.30131,94.9665,0.5,0,22.9094,17.7624,6.01682,12.436,-7.79545,2,0,0,1,-87.5156
789,2015-03-01,00:00:00.00,1.00703,0,0,-13.7839,-20.0339,-7.53394,-13.7839,-33333.3,-33333.3,1.27629,95.0915,0.5,0,23.1579,17.8874,6.05975,14.143,-7.81288,2,0,0,1,-64.0335
790,2015-03-02,00:00:00.00,1.02425,0,0,-13.0339,-21.5339,-4.53394,-13.0339,-33333.3,-33333.3,1.27277,95.1089,0.5,0,23.4077,18.0842,6.12689,14.4021,-7.80886,2,0,0,1,-61.1748
791,2015-03-03,00:00:00.00,1.04146,8.88178e-16,5.02374,-8.78394,-12.0339,-5.53394,-8.78394,-33333.3,-33333.3,1.25314,95.2059,0.5,0,23.6588,18.2018,6.16732,15.9458,-7.75261,2,0,0,1,-41.6518
792,2015-03-04,00:00:00.00,1.05867,8.88178e-16,5.02374,-11.7839,-22.0339,-1.53394,-11.7839,-33333.3,-33333.3,1.26695,95.1378,0.5,0,23.911,18.4839,6.26326,14.8426,-7.79832,2,0,0,1,-56.4501
793,2015-03-05,00:00:00.00,1.07589,0,0,-4.78394,-7.53394,-2.03394,-4.78394,-33333.3,-33333.3,1.23502,95.2945,0.5,0,24.1643,18.5153,6.2746,17.5217,-7.64382,2,0,0,1,-23.1511
794,2015-03-06,00:00:00.00,1.0931,0,0,-17.0339,-22.5339,-11.5339,-17.0339,-33333.3,-33333.3,1.29168,95.0147,0.5,0,24.4185,19.0116,6.44289,13.0648,-7.81117,2,0,0,1,-83.2712
795,2015-03-07,00:00:00.00,1.11032,0,0,-15.0339,-22.5339,-7.53394,-15.0339,-33333.3,-33333.3,1.28217,95.0622,0.5,0,24.6735,19.1933,6.50497,13.7198,-7.81584,2,0,0,1,-74.2378
796,2015-03-08,00:00:00.00,1.12753,2.22045e-16,0.401899,-7.03394,-11.5339,-2.53394,-7.03394,-33333.3,-33333.3,1.24517,95.245,0.5,0,24.9294,19.2258,6.51669,16.6202,-7.71199,2,0,0,1,-35.0834
797,2015-03-09,00:00:00.00,1.14474,0,0,-4.53394,-8.53394,-0.533944,-4.53394,-33333.3,-33333.3,1.2339,95.3,0.5,0,25.1859,19.3656,6.56465,17.6243,-7.6351,2,0,0,1,-22.8406
798,2015-03-10,00:00:00.00,1.16196,0,0,-0.533944,-5.03394,3.96606,-0.533944,-33333.3,-33333.3,1.21609,95.3859,0.5,0,25.4429,19.4359,6.58911,19.3349,-7.46295,2,0.735437,0.735437,1,-2.71661
799,2015-03-11,00:00:00.00,1.17917,0,0,-0.283944,-5.53394,4.96606,-0.283944,-33333.3,-33333.3,1.21498,95.3912,0.5,0,25.7004,19.6411,6.65915,19.4462,-7.45008,2,0.791595,0.791595,1,-1.45895
800,2015-03-12,00:00:00.00,1.19639,0,0,2.46606,-0.0339442,4.96606,2.46606,-33333.3,-33333.3,1.20295,95.4487,0.5,0,25.9583,19.7345,6.6914,20.6539,-7.34319,2,0.898518,0.898518,1,12.796
801,2015-03-13,00:00:00.00,1.2136,0,0,-2.53394,-8.03394,2.96606,-2.53394,-33333.3,-33333.3,1.22496,95.3432,0.5,0,26.2164,20.1615,6.83639,18.4633,-7.55683,2,0.286178,0.286178,1,-13.2769
802,2015-03-14,00:00:00.00,1.23082,0.832031,0.172718,0.716056,-5.03394,6.46606,0.716056,-33333.3,-33333.3,1.21059,95.4122,0.5,0,26.4747,20.2459,6.86562,19.8823,-7.41046,2,0.898518,0.898518,1,3.78836
803,2015-03-15,00:00:00.00,1.24803,0.166406,0.0345435,0.716056,-2.03394,3.46606,0.716056,-33333.3,-33333.3,1.21059,95.4122,0.5,0,26.7331,20.4619,6.93932,19.8823,-7.41046,2,0.898518,0.898518,1,3.82494
804,2015-03-16,00:00:00.00,1.26524,0,0,0.216056,-2.03394,2.46606,0.216056,-33333.3,-33333.3,1.21278,95.4017,0.5,0,26.9915,20.7,7.0205,19.6661,-7.42788,2,0.898518,0.898518,1,1.16519
805,2015-03-17,00:00:00.00,1.28246,2.21045,0,2.96606,-2.03394,7.96606,2.96606,-33333.3,-33333.3,1.20078,95.4591,0.5,0,27.2497,20.7861,7.05033,20.8786,-7.32214,2,0.898518,0.898518,1,16.1477
806,2015-03-18,00:00:00.00,1.29967,0,0,-1.28394,-3.03394,0.466056,-1.28394,-33333.3,-33333.3,1.21941,95.37,0.5,0,27.5077,21.1958,7.18952,19.0042,-7.50003,2,0.566965,0.566965,1,-7.05601
807,2015-03-19,00:00:00.00,1.31689,0,0,-4.78394,-9.53394,-0.0339442,-4.78394,-33333.3,-33333.3,1.23502,95.2945,0.5,0,27.7655,21.5438,7.30789,17.5217,-7.64382,2,0,0,1,-26.5371
808,2015-03-20,00:00:00.00,1.3341,0,0,-4.53394,-11.0339,1.96606,-4.53394,-33333.3,-33333.3,1.2339,95.3,0.5,0,28.0228,21.7517,7.37889,17.6243,-7.6351,2,0,0,1,-25.3842
809,2015-03-21,00:00:00.00,1.35132,3.01425,0,1.21606,-4.53394,6.96606,1.21606,-33333.3,-33333.3,1.2084,95.4227,0.5,0,28.2797,21.7315,7.37275,20.1004,-7.39225,2,0.898518,0.898518,1,6.8712
810,2015-03-22,00:00:00.00,1.36853,0.803799,0,1.21606,-0.0339442,2.46606,1.21606,-33333.3,-33333.3,1.2084,95.4227,0.5,0,28.5359,21.9456,7.44587,20.1004,-7.39225,2,0.898518,0.898518,1,6.93406
811,2015-03-23,00:00:00.00,1.38574,0,0,-8.78394,-12.5339,-5.03394,-8.78394,-33333.3,-33333.3,1.25314,95.2059,0.5,0,28.7915,22.5343,7.6457,15.9458,-7.75261,2,0,0,1,-50.5409
812,2015-03-24,00:00:00.00,1.40296,0,0,-9.28394,-14.5339,-4.03394,-9.28394,-33333.3,-33333.3,1.25542,95.1947,0.5,0,29.0464,22.7637,7.724,15.7574,-7.76229,2,0,0,1,-53.898
813,2015-03-25,00:00:00.00,1.42017,0,0,-4.03394,-12.0339,3.96606,-4.03394,-33333.3,-33333.3,1.23166,95.3109,0.5,0,29.3003,22.8084,7.73982,17.8311,-7.61696,2,0,0,1,-23.6277
814,2015-03-26,00:00:00.00,1.43739,1.77636e-15,3.21519,-1.03394,-6.53394,4.46606,-1.03394,-33333.3,-33333.3,1.2183,95.3753,0.5,0,29.5534,22.9001,7.77151,19.1139,-7.48792,2,0.623123,0.623123,1,-6.10949
815,2015-03-27,00:00:00.00,1.4546,0.20095,0,1.96606,0.466056,3.46606,1.96606,-33333.3,-33333.3,1.20513,95.4383,0.5,0,29.8054,22.9689,7.79544,20.431,-7.36343,2,0.898518,0.898518,1,11.719
816,2015-03-28,00:00:00.00,1.47181,0,0,-6.28394,-7.03394,-5.53394,-6.28394,-33333.3,-33333.3,1.24178,95.2616,0.5,0,30.0563,23.5244,7.98413,16.9163,-7.6913,2,0,0,1,-37.7806
817,2015-03-29,00:00:00.00,1.48903,0,0,-8.53394,-14.0339,-3.03394,-8.53394,-33333.3,-33333.3,1.25199,95.2116,0.5,0,30.306,23.8063,8.08024,16.0408,-7.74745,2,0,0,1,-51.7482
818,2015-03-30,00:00:00.00,1.50624,-4.44089e-16,1.40665,-4.28394,-11.5339,2.96606,-4.28394,-33333.3,-33333.3,1.23278,95.3054,0.5,0,30.5545,23.8727,8.10338,17.7275,-7.62615,2,0,0,1,-26.1975
819,2015-03-31,00:00:00.00,1.52346,0,2.0095,0.716056,-1.53394,2.96606,0.716056,-33333.3,-33333.3,1.21059,95.4122,0.5,0,30.8016,23.8639,8.10104,19.8823,-7.41046,2,0.898518,0.898518,1,4.41572
820,2015-04-01,00:00:00.00,1.54067,0,0,-0.533944,-5.53394,4.46606,-0.533944,-33333.3,-33333.3,1.21609,95.3859,0.5,0,31.0473,24.1292,8.19151,19.3349,-7.46295,2,0.735437,0.735437,1,-3.31999
821,2015-04-02,00:00:00.00,1.55789,0,0,0.466056,-6.53394,7.46606,0.466056,-33333.3,-33333.3,1.21168,95.407,0.5,0,31.2914,24.2858,8.24517,19.774,-7.41927,2,0,0,1,2.92178
822,2015-04-03,00:00:00.00,1.5751,3.61709,0,6.71606,-0.533944,13.9661,6.71606,-33333.3,-33333.3,1.18457,95.5355,0.5,0,31.534,24.1252,8.19136,22.627,-7.13722,2,2.50141,2.50141,1,42.4461
823,2015-04-04,00:00:00.00,1.59231,4.01899,0,4.96606,0.466056,9.46606,4.96606,-33333.3,-33333.3,1.19211,95.5001,0.5,0,31.7749,24.4387,8.2982,21.7972,-7.22953,2,1.31446,1.31446,1,31.6385
824,2015-04-05,00:00:00.00,1.60953,0,4.01899,-1.03394,-4.03394,1.96606,-1.03394,-33333.3,-33333.3,1.2183,95.3753,0.5,0,32.0141,24.962,21.0711,19.1139,-7.48792,2,0,0,1,-6.63956
825,2015-04-06,00:00:00.00,1.62674,-1.11022e-16,0.602849,-2.78394,-6.03394,0.466056,-2.78394,-33333.3,-33333.3,1.22607,95.3379,0.5,0,32.2515,25.2385,8.57037,18.3567,-7.56746,2,0,0,1,-18.018
826,2015-04-07,00:00:00.00,1.64396,0,0,3.96606,-2.53394,10.4661,3.96606,-33333.3,-33333.3,1.19644,95.4796,0.5,0,32.487,25.0917,8.52121,21.334,-7.27753,2,0.636203,0.636203,1,25.8682
827,2015-04-08,00:00:00.00,1.66117,0,0,3.46606,-1.03394,7.96606,3.46606,-33333.3,-33333.3,1.19861,95.4694,0.5,0,32.7205,25.3157,21.3676,21.1053,-7.30025,2,0.297076,0.297076,1,22.7806
828,2015-04-09,00:00:00.00,1.67839,12.2576,0.603187,0.966056,-0.533944,2.46606,0.966056,-33333.3,-33333.3,1.20949,95.4175,0.5,0,32.9521,25.6479,21.645,19.9911,-7.40146,2,0,0,1,6.39757
829,2015-04-10,00:00:00.00,1.6956,17.6836,0,6.46606,-0.533944,13.4661,6.46606,-33333.3,-33333.3,1.18565,95.5304,0.5,0,33.1816,25.5056,21.5318,22.5069,-7.15106,2,2.33184,2.33184,1,43.141
830,2015-04-11,00:00:00.00,1.71281,0,0,9.21606,3.46606,14.9661,9.21606,-33333.3,-33333.3,1.17385,95.5853,0.5,0,33.4089,25.4879,21.4936,23.8557,-6.98636,2,2.71302,2.71302,1,61.9434
831,2015-04-12,00:00:00.00,1.73003,0,0,4.21606,0.466056,7.96606,4.21606,-33333.3,-33333.3,1.19536,95.4848,0.5,0,33.634,26.029,21.9062,21.449,-7.26585,2,0.805767,0.805767,1,28.544
832,2015-04-13,00:00:00.00,1.74724,0,0,7.71606,-1.53394,16.9661,7.71606,-33333.3,-33333.3,1.18028,95.5555,0.5,0,33.8569,25.9729,21.846,23.1123,-7.0796,2,2.71302,2.71302,1,52.6164
833,2015-04-14,00:00:00.00,1.76446,7.63609,0,12.4661,3.96606,20.9661,12.4661,-33333.3,-33333.3,1.15997,95.6488,0.5,0,34.0774,25.7522,21.6171,25.5313,-6.75537,2,2.71302,2.71302,1,85.6113
834,2015-04-15,00:00:00.00,1.78167,0,0,7.96606,0.966056,14.9661,7.96606,-33333.3,-33333.3,1.17921,95.5605,0.5,0,34.2956,26.3155,22.0866,23.2349,-7.06463,2,2.71302,2.71302,1,55.0909
835,2015-04-16,00:00:00.00,1.79888,0,0,7.46606,-0.0339442,14.9661,7.46606,-33333.3,-33333.3,1.18135,95.5505,0.5,0,34.5114,26.5312,22.2231,22.9902,-7.09434,2,2.71302,2.71302,1,51.99
836,2015-04-17,00:00:00.00,1.8161,0.803799,0,10.2161,1.46606,18.9661,10.2161,-33333.3,-33333.3,1.16957,95.605,0.5,0,34.7247,26.4846,22.1395,24.3617,-6.91957,2,2.71302,2.71302,1,71.6246
837,2015-04-18,00:00:00.00,1.83331,0,0,12.9661,7.46606,18.4661,12.9661,-33333.3,-33333.3,1.15784,95.6585,0.5,0,34.9354,26.4023,22.0395,25.7971,-6.7162,2,2.71302,2.71302,1,91.5156
838,2015-04-19,00:00:00.00,1.85053,0,0,9.71606,3.96606,15.4661,9.71606,-33333.3,-33333.3,1.17171,95.5952,0.5,0,35.1436,26.8706,22.3852,24.1076,-6.95343,2,2.71302,2.71302,1,69.0309
839,2015-04-20,00:00:00.00,1.86774,20.8988,0,6.46606,0.966056,11.9661,6.46606,-33333.3,-33333.3,1.18565,95.5304,0.5,0,35.3491,27.2957,22.6935,22.5069,-7.15106,2,2.33184,2.33184,1,46.2399
840,2015-04-21,00:00:00.00,1.88496,6.02849,0,10.2161,4.46606,15.9661,10.2161,-33333.3,-33333.3,1.16957,95.605,0.5,0,35.552,27.1616,22.6535,24.3617,-6.91957,2,2.71302,2.71302,1,73.5261
841,2015-04-22,00:00:00.00,1.90217,3.21519,0,4.46606,1.46606,7.46606,4.46606,-33333.3,-33333.3,1.19428,95.4899,0.5,0,35.7521,27.7677,23.1863,21.5646,-7.25396,2,0.975331,0.975331,1,32.346
842,2015-04-23,00:00:00.00,1.91938,0,2.0095,2.46606,-0.0339442,4.96606,2.46606,-33333.3,-33333.3,1.20295,95.4487,0.5,0,35.9495,28.0578,23.4675,20.6539,-7.34319,2,0,0,1,17.972
843,2015-04-24,00:00:00.00,1.9366,0,0,-2.03394,-4.03394,-0.0339442,-2.03394,-33333.3,-33333.3,1.22274,95.354,0.5,0,36.1441,28.4623,23.8411,18.6781,-7.53485,2,0,0,1,-14.9136
844,2015-04-25,00:00:00.00,1.95381,0,0,0.716056,-3.03394,4.46606,0.716056,-33333.3,-33333.3,1.21059,95.4122,0.5,0,36.3358,28.4798,23.8558,19.8823,-7.41046,2,0,0,1,5.28208
845,2015-04-26,00:00:00.00,1.97103,0,0,2.96606,-4.03394,9.96606,2.96606,-33333.3,-33333.3,1.20078,95.4591,0.5,0,36.5247,28.5036,23.8757,20.8786,-7.32214,2,0,0,1,22.0091
846,2015-04-27,00:00:00.00,1.98824,0,0,4.96606,-0.0339442,9.96606,4.96606,-33333.3,-33333.3,1.19211,95.5001,0.5,0,36.7107,28.525,23.8938,21.7972,-7.22953,2,1.31446,1.31446,1,37.0644
847,2015-04-28,00:00:00.00,2.00546,0,0,5.71606,1.46606,9.96606,5.71606,-33333.3,-33333.3,1.18888,95.5153,0.5,0,36.8937,28.6225,23.9521,22.1498,-7.19128,2,1.82315,1.82315,1,42.9064
848,2015-04-29,00:00:00.00,2.02267,0,0,8.96606,1.96606,15.9661,8.96606,-33333.3,-33333.3,1.17492,95.5804,0.5,0,37.0737,28.5138,23.8289,23.7305,-7.00247,2,2.71302,2.71302,1,67.6806
849,2015-04-30,00:00:00.00,2.03988,0,0,10.4661,3.46606,17.4661,10.4661,-33333.3,-33333.3,1.16851,95.6099,0.5,0,37.2507,28.5248,23.7902,24.4895,-6.90229,2,2.71302,2.71302,1,79.4401
850,2015-05-01,00:00:00.00,2.0571,0,0,10.4661,2.96606,17.9661,10.4661,-33333.3,-33333.3,1.16851,95.6099,0.5,0,37.4247,28.6663,23.86,24.4895,-6.90229,2,2.71302,2.71302,1,79.8711
851,2015-05-02,00:00:00.00,2.07431,0,0,12.2161,4.96606,19.4661,12.2161,-33333.3,-33333.3,1.16104,95.644,0.5,0,37.5956,28.6355,23.7863,25.3991,-6.77458,2,1.45397,1.45397,1,93.7227
852,2015-05-03,00:00:00.00,2.09153,0,0,13.2161,4.96606,21.4661,13.2161,-33333.3,-33333.3,1.15677,95.6633,0.5,0,37.7634,28.6674,23.787,25.9308,-6.69625,2,2.88083,2.88083,1,101.925
853,2015-05-04,00:00:00.00,2.10874,0,0,15.9661,6.96606,24.9661,15.9661,-33333.3,-33333.3,1.14506,95.7157,0.5,0,37.928,28.4875,23.5869,27.4384,-6.46012,2,5.70744,5.70744,1,123.764
854,2015-05-05,00:00:00.00,2.12595,0.602849,0,15.4661,10.4661,20.4661,15.4661,-33333.3,-33333.3,1.14719,95.7062,0.5,0,38.0895,28.6766,23.6421,27.1592,-6.50535,2,5.70744,5.70744,1,120.49
855,2015-05-06,00:00:00.00,2.14317,0,0,11.4661,5.96606,16.9661,11.4661,-33333.3,-33333.3,1.16424,95.6294,0.5,0,38.2479,29.2382,24.0126,25.0061,-6.83076,2,0.383825,0.383825,1,89.7675
856,2015-05-07,00:00:00.00,2.16038,0,0,13.9661,5.96606,21.9661,13.9661,-33333.3,-33333.3,1.15358,95.6777,0.5,0,38.403,29.1004,23.8926,26.3353,-6.63489,2,3.95097,3.95097,1,109.867
857,2015-05-08,00:00:00.00,2.1776,0,0,17.2161,7.96606,26.4661,17.2161,-33333.3,-33333.3,1.13973,95.7392,0.5,0,38.5549,28.8304,23.6003,28.1461,-6.34246,2,5.70744,5.70744,1,136.073
858,2015-05-09,00:00:00.00,2.19481,0,0,21.2161,12.4661,29.9661,21.2161,-33333.3,-33333.3,1.12263,95.813,0.5,0,38.7036,28.3809,23.1321,30.5078,-5.92065,2,5.70744,5.70744,1,168.463
859,2015-05-10,00:00:00.00,2.21203,0,0,21.9661,14.4661,29.4661,21.9661,-33333.3,-33333.3,1.11941,95.8267,0.5,0,38.849,28.3767,23.0339,30.9675,-5.83364,2,5.70744,5.70744,1,175.206
860,2015-05-11,00:00:00.00,2.22924,2.61235,0,21.7161,16.4661,26.9661,21.7161,-33333.3,-33333.3,1.12049,95.8221,0.5,0,38.9912,28.5271,23.0703,30.8137,-5.86293,2,5.70744,5.70744,1,173.977
861,2015-05-12,00:00:00.00,2.24645,0,0,19.9661,13.4661,26.4661,19.9661,-33333.3,-33333.3,1.12799,95.7902,0.5,0,39.13,28.9031,23.3415,29.7536,-6.06004,2,5.70744,5.70744,1,160.647
862,2015-05-13,00:00:00.00,2.26367,1.00475,0,11.2161,9.96606,12.4661,11.2161,-33333.3,-33333.3,1.1653,95.6246,0.5,0,39.2655,30.0847,24.2179,24.8761,-6.849,2,0.0271103,0.0271103,1,90.6244
863,2015-05-14,00:00:00.00,2.28088,0,0,8.46606,3.96606,12.9661,8.46606,-33333.3,-33333.3,1.17706,95.5704,0.5,0,39.3977,30.449,24.5299,23.4816,-7.03401,2,0,0,1,68.6859
864,2015-05-15,00:00:00.00,2.2981,0,0,9.96606,2.46606,17.4661,9.96606,-33333.3,-33333.3,1.17064,95.6001,0.5,0,39.5266,30.4167,24.5039,24.2344,-6.93662,2,0,0,1,81.1797
865,2015-05-16,00:00:00.00,2.31531,0.20095,0,12.4661,7.96606,16.9661,12.4661,-33333.3,-33333.3,1.15997,95.6488,0.5,0,39.6521,30.2662,24.3827,25.5313,-6.75537,2,1.81068,1.81068,1,101.941
866,2015-05-17,00:00:00.00,2.33252,0,0,17.2161,11.9661,22.4661,17.2161,-33333.3,-33333.3,1.13973,95.7392,0.5,0,39.7743,29.7955,23.9846,28.1461,-6.34246,2,5.70744,5.70744,1,141.319
867,2015-05-18,00:00:00.00,2.34974,0,0,17.9661,10.9661,24.9661,17.9661,-33333.3,-33333.3,1.13653,95.7532,0.5,0,39.8931,29.7875,23.9091,28.5775,-6.26868,2,5.70744,5.70744,1,148.022
868,2015-05-19,00:00:00.00,2.36695,3.01425,0,21.2161,14.4661,27.9661,21.2161,-33333.3,-33333.3,1.12263,95.813,0.5,0,40.0084,29.3966,23.534,30.5078,-5.92065,2,5.70744,5.70744,1,175.428
869,2015-05-20,00:00:00.00,2.38417,0,0,10.4661,8.46606,12.4661,10.4661,-33333.3,-33333.3,1.16851,95.6099,0.5,0,40.1204,30.8468,24.692,24.4895,-6.90229,2,0,0,1,86.8433
870,2015-05-21,00:00:00.00,2.40138,0,0,8.46606,1.46606,15.4661,8.46606,-33333.3,-33333.3,1.17706,95.5704,0.5,0,40.229,31.1214,24.9118,23.4816,-7.03401,2,0,0,1,70.4869
871,2015-05-22,00:00:00.00,2.4186,0,0,11.7161,4.96606,18.4661,11.7161,-33333.3,-33333.3,1.16317,95.6343,0.5,0,40.3341,30.8916,24.7279,25.1366,-6.81228,2,0.74054,0.74054,1,97.8674
872,2015-05-23,00:00:00.00,2.43581,0,0,7.96606,3.46606,12.4661,7.96606,-33333.3,-33333.3,1.17921,95.5605,0.5,0,40.4359,31.3325,25.0732,23.2349,-7.06463,2,0,0,1,66.7553
873,2015-05-24,00:00:00.00,2.45302,0,0,9.71606,-1.03394,20.4661,9.71606,-33333.3,-33333.3,1.17171,95.5952,0.5,0,40.5341,31.2518,25.0087,24.1076,-6.95343,2,0,0,1,81.6722
874,2015-05-25,00:00:00.00,2.47024,0,0,16.7161,7.96606,25.4661,16.7161,-33333.3,-33333.3,1.14186,95.7298,0.5,0,40.629,30.5349,24.4351,27.8613,-6.39031,2,5.70744,5.70744,1,140.934
875,2015-05-26,00:00:00.00,2.48745,8.84179,0,19.7161,13.9661,25.4661,19.7161,-33333.3,-33333.3,1.12906,95.7856,0.5,0,40.7204,30.1813,24.0965,29.6046,-6.08708,2,5.70744,5.70744,1,166.708
876,2015-05-27,00:00:00.00,2.50467,1.00475,0,21.2161,15.9661,26.4661,21.2161,-33333.3,-33333.3,1.12263,95.813,0.5,0,40.8083,30.0152,24.0702,30.5078,-5.92065,2,5.70744,5.70744,1,179.891
877,2015-05-28,00:00:00.00,2.52188,0.401899,0,21.7161,17.9661,25.4661,21.7161,-33333.3,-33333.3,1.12049,95.8221,0.5,0,40.8928,29.9987,24.0145,30.8137,-5.86293,2,5.70744,5.70744,1,184.626
878,2015-05-29,00:00:00.00,2.5391,0,0,18.2161,11.9661,24.4661,18.2161,-33333.3,-33333.3,1.13546,95.7578,0.5,0,40.9738,30.5987,24.4448,28.7225,-6.24356,2,5.70744,5.70744,1,155.27
879,2015-05-30,00:00:00.00,2.55631,0,0,20.2161,12.9661,27.4661,20.2161,-33333.3,-33333.3,1.12692,95.7948,0.5,0,41.0513,30.361,24.2032,29.9033,-6.03272,2,5.70744,5.70744,1,172.746
880,2015-05-31,00:00:00.00,2.57352,21.3007,0,21.2161,16.9661,25.4661,21.2161,-33333.3,-33333.3,1.12263,95.813,0.5,0,41.1254,30.2593,24.0757,30.5078,-5.92065,2,5.70744,5.70744,1,181.722
881,2015-06-01,00:00:00.00,2.59074,12.6598,0,7.21606,6.46606,7.96606,7.21606,-33333.3,-33333.3,1.18242,95.5455,0.5,0,41.196,32.0098,25.8233,22.8686,-7.10886,2,0,0,1,61.9489
882,2015-06-02,00:00:00.00,2.60795,0,0,10.2161,3.96606,16.4661,10.2161,-33333.3,-33333.3,1.16957,95.605,0.5,0,41.263,31.7867,25.8918,24.3617,-6.91957,2,0,0,1,87.8947
883,2015-06-03,00:00:00.00,2.62517,0,0,13.4661,5.96606,20.9661,13.4661,-33333.3,-33333.3,1.15571,95.6681,0.5,0,41.3266,31.4882,25.6486,26.0651,-6.67605,2,0,0,1,116.097
884,2015-06-04,00:00:00.00,2.64238,0,0,13.4661,6.46606,20.4661,13.4661,-33333.3,-33333.3,1.15571,95.6681,0.5,0,41.3868,31.5357,25.6873,26.0651,-6.67605,2,0,0,1,116.327
885,2015-06-05,00:00:00.00,2.65959,4.62184,0,15.4661,7.96606,22.9661,15.4661,-33333.3,-33333.3,1.14719,95.7062,0.5,0,41.4434,31.3369,25.5254,27.1592,-6.50535,2,0,0,1,133.854
886,2015-06-06,00:00:00.00,2.67681,4.62184,0,18.9661,12.9661,24.9661,18.9661,-33333.3,-33333.3,1.13226,95.7717,0.5,0,41.4965,30.8955,25.254,29.1609,-6.16655,2,5.59327,5.59327,1,164.437
887,2015-06-07,00:00:00.00,2.69402,0,0,13.7161,7.46606,19.9661,13.7161,-33333.3,-33333.3,1.15464,95.6729,0.5,0,41.5461,31.6322,25.8372,26.1999,-6.6556,2,0,0,1,119.118
888,2015-06-08,00:00:00.00,2.71124,42.1994,0,14.7161,5.96606,23.4661,14.7161,-33333.3,-33333.3,1.15038,95.692,0.5,0,41.5922,31.5479,25.7683,26.7448,-6.57127,2,0,0,1,128.003
889,2015-06-09,00:00:00.00,2.72845,9.44464,0,19.4661,16.9661,21.9661,19.4661,-33333.3,-33333.3,1.13013,95.781,0.5,0,41.6348,30.9272,25.5951,29.4561,-6.11385,2,6.54612,6.54612,1,169.568
890,2015-06-10,00:00:00.00,2.74567,0,0,17.9661,14.4661,21.4661,17.9661,-33333.3,-33333.3,1.13653,95.7532,0.5,0,41.6739,31.1791,25.8252,28.5775,-6.26868,2,3.68755,3.68755,1,156.716
891,2015-06-11,00:00:00.00,2.76288,10.6503,0,18.7161,10.9661,26.4661,18.7161,-33333.3,-33333.3,1.13333,95.7671,0.5,0,41.7095,31.0976,25.6867,29.0142,-6.19249,2,5.11684,5.11684,1,163.465
892,2015-06-12,00:00:00.00,2.78009,5.22469,0,16.9661,11.4661,22.4661,16.9661,-33333.3,-33333.3,1.1408,95.7345,0.5,0,41.7416,31.3718,25.9724,28.0034,-6.36652,2,1.78184,1.78184,1,148.353
893,2015-06-13,00:00:00.00,2.79731,16.076,0,14.4661,12.9661,15.9661,14.4661,-33333.3,-33333.3,1.15145,95.6872,0.5,0,41.7702,31.7186,26.3272,26.6077,-6.59273,2,0,0,1,126.627
894,2015-06-14,00:00:00.00,2.81452,2.21045,0,17.7161,12.4661,22.9661,17.7161,-33333.3,-33333.3,1.1376,95.7485,0.5,0,41.7953,31.309,26.1077,28.4331,-6.29354,2,3.21113,3.21113,1,155.225
895,2015-06-15,00:00:00.00,2.83174,9.04274,0,17.7161,13.9661,21.4661,17.7161,-33333.3,-33333.3,1.1376,95.7485,0.5,0,41.8169,31.3259,26.1024,28.4331,-6.29354,2,3.21113,3.21113,1,155.359
896,2015-06-16,00:00:00.00,2.84895,22.9083,0,22.2161,17.4661,26.9661,22.2161,-33333.3,-33333.3,1.11834,95.8312,0.5,0,41.835,30.6358,25.5597,31.122,-5.80406,2,7.62285,7.62285,1,194.969
897,2015-06-17,00:00:00.00,2.86617,0,0,20.2161,16.9661,23.4661,20.2161,-33333.3,-33333.3,1.12692,95.7948,0.5,0,41.8496,30.9764,25.8206,29.9033,-6.03272,2,7.62285,7.62285,1,177.533
898,2015-06-18,00:00:00.00,2.88338,0,0,16.7161,10.9661,22.4661,16.7161,-33333.3,-33333.3,1.14186,95.7298,0.5,0,41.8607,31.499,26.1075,27.8613,-6.39031,2,1.30541,1.30541,1,146.879
899,2015-06-19,00:00:00.00,2.90059,0,0,17.9661,11.4661,24.4661,17.9661,-33333.3,-33333.3,1.13653,95.7532,0.5,0,41.8683,31.3303,25.9423,28.5775,-6.26868,2,3.68755,3.68755,1,157.934
900,2015-06-20,00:00:00.00,2.91781,0,0,17.4661,13.4661,21.4661,17.4661,-33333.3,-33333.3,1.13866,95.7438,0.5,0,41.8723,31.4046,25.9322,28.2893,-6.31813,2,2.7347,2.7347,1,153.593
901,2015-06-21,00:00:00.00,2.93502,0,0,16.7161,8.96606,24.4661,16.7161,-33333.3,-33333.3,1.14186,95.7298,0.5,0,41.8729,31.5088,25.9649,27.8613,-6.39031,2,1.30541,1.30541,1,147.035
902,2015-06-22,00:00:00.00,2.95224,0,0,20.4661,16.9661,23.9661,20.4661,-33333.3,-33333.3,1.12585,95.7993,0.5,0,41.87,30.9529,25.4817,30.0535,-6.00513,2,7.62285,7.62285,1,180.047
903,2015-06-23,00:00:00.00,2.96945,21.0997,0,19.9661,13.9661,25.9661,19.9661,-33333.3,-33333.3,1.12799,95.7902,0.5,0,41.8636,31.0272,25.3964,29.7536,-6.06004,2,7.49898,7.49898,1,175.658
904,2015-06-24,00:00:00.00,2.98666,0,0,19.4661,15.9661,22.9661,19.4661,-33333.3,-33333.3,1.13013,95.781,0.5,0,41.8537,31.0971,25.5708,29.4561,-6.11385,2,6.54612,6.54612,1,171.25
905,2015-06-25,00:00:00.00,3.00388,0,0,17.2161,10.4661,23.9661,17.2161,-33333.3,-33333.3,1.13973,95.7392,0.5,0,41.8404,31.4154,25.7051,28.1461,-6.34246,2,2.25827,2.25827,1,151.433
906,2015-06-26,00:00:00.00,3.02109,0,0,18.9661,14.4661,23.4661,18.9661,-33333.3,-33333.3,1.13226,95.7717,0.5,0,41.8235,31.1499,25.4444,29.1609,-6.16655,2,5.59327,5.59327,1,166.784
907,2015-06-27,00:00:00.00,3.03831,0,0,18.9661,12.9661,24.9661,18.9661,-33333.3,-33333.3,1.13226,95.7717,0.5,0,41.8032,31.1344,25.3245,29.1609,-6.16655,2,5.59327,5.59327,1,166.725
908,2015-06-28,00:00:00.00,3.05552,24.9178,0,14.2161,12.9661,15.4661,14.2161,-33333.3,-33333.3,1.15251,95.6825,0.5,0,41.7793,31.7579,25.733,26.4712,-6.61394,2,0,0,1,124.912
909,2015-06-29,00:00:00.00,3.07274,17.784,0,13.4661,10.9661,15.9661,13.4661,-33333.3,-33333.3,1.15571,95.6681,0.5,0,41.752,31.8259,26.1272,26.0651,-6.67605,2,0,0,1,118.256
910,2015-06-30,00:00:00.00,3.08995,0.20095,0,17.4661,11.4661,23.4661,17.4661,-33333.3,-33333.3,1.13866,95.7438,0.5,0,41.7213,31.289,25.8876,28.2893,-6.31813,2,2.7347,2.7347,1,153.283
911,2015-07-01,00:00:00.00,3.10716,8.23894,0,15.4661,12.4661,18.4661,15.4661,-33333.3,-33333.3,1.14719,95.7062,0.5,0,41.6871,31.5305,26.0379,27.1592,-6.50535,2,0,0,1,135.627
912,2015-07-02,00:00:00.00,3.12438,0,0,17.2161,14.9661,19.4661,17.2161,-33333.3,-33333.3,1.13973,95.7392,0.5,0,41.6494,31.2683,25.9555,28.1461,-6.34246,2,0,0,1,150.844
913,2015-07-03,00:00:00.00,3.14159,0,0,16.4661,10.4661,22.4661,16.4661,-33333.3,-33333.3,1.14293,95.7251,0.5,0,41.6082,31.3385,26.0138,27.7197,-6.41384,2,0,0,1,144.134
914,2015-07-04,00:00:00.00,3.15881,0,0,14.9661,8.46606,21.4661,14.9661,-33333.3,-33333.3,1.14932,95.6967,0.5,0,41.5637,31.4977,26.1459,26.8824,-6.54955,2,0,0,1,130.865
915,2015-07-05,00:00:00.00,3.17602,0,0,17.4661,9.96606,24.9661,17.4661,-33333.3,-33333.3,1.13866,95.7438,0.5,0,41.5156,31.1303,25.8409,28.2893,-6.31813,2,0,0,1,152.547
916,2015-07-06,00:00:00.00,3.19324,0,0,19.9661,13.4661,26.4661,19.9661,-33333.3,-33333.3,1.12799,95.7902,0.5,0,41.4641,30.7228,25.5026,29.7536,-6.06004,2,3.03027,3.03027,1,174.161
917,2015-07-07,00:00:00.00,3.21045,0,0,21.4661,14.4661,28.4661,21.4661,-33333.3,-33333.3,1.12156,95.8176,0.5,0,41.4092,30.441,25.2116,30.6605,-5.89193,2,6.09115,6.09115,1,186.99
918,2015-07-08,00:00:00.00,3.22766,18.6883,0,19.2161,14.4661,23.9661,19.2161,-33333.3,-33333.3,1.13119,95.7763,0.5,0,41.3509,30.7503,25.3517,29.3082,-6.14033,2,1.49983,1.49983,1,167.145
919,2015-07-09,00:00:00.00,3.24488,0,0,16.7161,10.9661,22.4661,16.7161,-33333.3,-33333.3,1.14186,95.7298,0.5,0,41.2892,31.0575,25.7551,27.8613,-6.39031,2,0,0,1,145.171
920,2015-07-10,00:00:00.00,3.26209,0,0,17.7161,11.9661,23.4661,17.7161,-33333.3,-33333.3,1.1376,95.7485,0.5,0,41.224,30.8698,25.5995,28.4331,-6.29354,2,0,0,1,153.599
921,2015-07-11,00:00:00.00,3.27931,0,0,19.2161,11.9661,26.4661,19.2161,-33333.3,-33333.3,1.13119,95.7763,0.5,0,41.1554,30.5999,25.3756,29.3082,-6.14033,2,1.49983,1.49983,1,166.309
922,2015-07-12,00:00:00.00,3.29652,0,0,20.7161,13.9661,27.4661,20.7161,-33333.3,-33333.3,1.12478,95.8039,0.5,0,41.0834,30.3137,25.1101,30.2044,-5.97725,2,4.56071,4.56071,1,178.956
923,2015-07-13,00:00:00.00,3.31373,0,0,21.2161,15.4661,26.9661,21.2161,-33333.3,-33333.3,1.12263,95.813,0.5,0,41.0081,30.176,24.9107,30.5078,-5.92065,2,5.58101,5.58101,1,182.913
924,2015-07-14,00:00:00.00,3.33095,0,0,20.7161,14.4661,26.9661,20.7161,-33333.3,-33333.3,1.12478,95.8039,0.5,0,40.9293,30.1957,24.8226,30.2044,-5.97725,2,4.56071,4.56071,1,178.232
925,2015-07-15,00:00:00.00,3.34816,8.84179,0,20.2161,16.9661,23.4661,20.2161,-33333.3,-33333.3,1.12692,95.7948,0.5,0,40.8472,30.2108,24.7497,29.9033,-6.03272,2,3.54042,3.54042,1,173.552
926,2015-07-16,00:00:00.00,3.36538,0,0,15.2161,8.96606,21.4661,15.2161,-33333.3,-33333.3,1.14825,95.7015,0.5,0,40.7617,30.8394,25.366,27.0205,-6.52758,2,0,0,1,130.331
927,2015-07-17,00:00:00.00,3.38259,0.401899,0,17.7161,10.4661,24.9661,17.7161,-33333.3,-33333.3,1.1376,95.7485,0.5,0,40.6728,30.4421,25.0392,28.4331,-6.29354,2,0,0,1,151.383
928,2015-07-18,00:00:00.00,3.39981,8.94226,0,17.2161,12.4661,21.9661,17.2161,-33333.3,-33333.3,1.13973,95.7392,0.5,0,40.5806,30.4386,25.0439,28.1461,-6.34246,2,0,0,1,146.746
929,2015-07-19,00:00:00.00,3.41702,0,0,24.4661,18.9661,29.9661,24.4661,-33333.3,-33333.3,1.10863,95.8716,0.5,0,40.4851,29.2204,24.189,32.5393,-5.52479,2,8.16235,8.16235,1,208.006
930,2015-07-20,00:00:00.00,3.43423,0,0,23.9661,19.4661,28.4661,23.9661,-33333.3,-33333.3,1.1108,95.8627,0.5,0,40.3862,29.2354,24.0536,32.22,-5.5889,2,8.16235,8.16235,1,203.209
931,2015-07-21,00:00:00.00,3.45145,1.00475,0,19.4661,12.9661,25.9661,19.4661,-33333.3,-33333.3,1.13013,95.781,0.5,0,40.284,29.8895,24.4406,29.4561,-6.11385,2,2.00998,2.00998,1,164.594
932,2015-07-22,00:00:00.00,3.46866,0,0,19.2161,15.4661,22.9661,19.2161,-33333.3,-33333.3,1.13119,95.7763,0.5,0,40.1785,29.8444,24.3851,29.3082,-6.14033,2,1.49983,1.49983,1,162.012
933,2015-07-23,00:00:00.00,3.48588,0,0,16.9661,11.4661,22.4661,16.9661,-33333.3,-33333.3,1.1408,95.7345,0.5,0,40.0697,30.0725,24.5436,28.0034,-6.36652,2,0,0,1,142.615
934,2015-07-24,00:00:00.00,3.50309,0,0,17.4661,10.9661,23.9661,17.4661,-33333.3,-33333.3,1.13866,95.7438,0.5,0,39.9576,29.918,24.4174,28.2893,-6.31813,2,0,0,1,146.365
935,2015-07-25,00:00:00.00,3.52031,0,0,19.2161,11.9661,26.4661,19.2161,-33333.3,-33333.3,1.13119,95.7763,0.5,0,39.8423,29.583,24.1441,29.3082,-6.14033,2,1.49983,1.49983,1,160.517
936,2015-07-26,00:00:00.00,3.53752,0,0,22.4661,17.9661,26.9661,22.4661,-33333.3,-33333.3,1.11726,95.8357,0.5,0,39.7236,28.9871,23.6314,31.277,-5.77419,2,8.13174,8.13174,1,187.048
937,2015-07-27,00:00:00.00,3.55473,0,0,21.9661,14.9661,28.9661,21.9661,-33333.3,-33333.3,1.11941,95.8267,0.5,0,39.6018,28.9751,23.483,30.9675,-5.83364,2,7.11145,7.11145,1,182.266
938,2015-07-28,00:00:00.00,3.57195,0,0,23.2161,16.4661,29.9661,23.2161,-33333.3,-33333.3,1.11403,95.8492,0.5,0,39.4767,28.672,23.1346,31.7458,-5.68286,2,8.16235,8.16235,1,191.966
939,2015-07-29,00:00:00.00,3.58916,0,0,23.7161,16.9661,30.4661,23.7161,-33333.3,-33333.3,1.11188,95.8582,0.5,0,39.3484,28.4882,22.8839,32.0613,-5.62052,2,8.16235,8.16235,1,195.396
940,2015-07-30,00:00:00.00,3.60638,0,0,24.4661,18.4661,30.4661,24.4661,-33333.3,-33333.3,1.10863,95.8716,0.5,0,39.2168,28.2568,22.6111,32.5393,-5.52479,2,8.16235,8.16235,1,200.831
941,2015-07-31,00:00:00.00,3.62359,0,0,21.4661,16.4661,26.4661,21.4661,-33333.3,-33333.3,1.12156,95.8176,0.5,0,39.0821,28.6532,22.8529,30.6605,-5.89193,2,6.09115,6.09115,1,175.538
942,2015-08-01,00:00:00.00,3.6408,3.81804,0,19.9661,12.9661,26.9661,19.9661,-33333.3,-33333.3,1.12799,95.7902,0.5,0,38.9442,28.7736,22.9005,29.7536,-6.06004,2,3.03027,3.03027,1,162.636
943,2015-08-02,00:00:00.00,3.65802,0,0,18.9661,13.9661,23.9661,18.9661,-33333.3,-33333.3,1.13226,95.7717,0.5,0,38.8032,28.8069,22.9716,29.1609,-6.16655,2,2.14123,2.14123,1,153.873
944,2015-08-03,00:00:00.00,3.67523,21.0997,0,19.7161,12.9661,26.4661,19.7161,-33333.3,-33333.3,1.12906,95.7856,0.5,0,38.659,28.5872,22.7796,29.6046,-6.08708,2,3.44898,3.44898,1,159.303
945,2015-08-04,00:00:00.00,3.69245,0,0,19.2161,15.4661,22.9661,19.2161,-33333.3,-33333.3,1.13119,95.7763,0.5,0,38.5117,28.5432,23.0795,29.3082,-6.14033,2,2.57714,2.57714,1,154.612
946,2015-08-05,00:00:00.00,3.70966,4.62184,0,18.9661,13.4661,24.4661,18.9661,-33333.3,-33333.3,1.13226,95.7717,0.5,0,38.3614,28.4601,22.9777,29.1609,-6.16655,2,2.14123,2.14123,1,151.945
947,2015-08-06,00:00:00.00,3.72688,0,0,17.4661,11.9661,22.9661,17.4661,-33333.3,-33333.3,1.13866,95.7438,0.5,0,38.2079,28.5406,23.0958,28.2893,-6.31813,2,0,0,1,139.313
948,2015-08-07,00:00:00.00,3.74409,0,0,17.4661,10.9661,23.9661,17.4661,-33333.3,-33333.3,1.13866,95.7438,0.5,0,38.0514,28.4168,22.9956,28.2893,-6.31813,2,0,0,1,138.686
949,2015-08-08,00:00:00.00,3.7613,0,0,18.2161,12.4661,23.9661,18.2161,-33333.3,-33333.3,1.13546,95.7578,0.5,0,37.8918,28.1922,22.8138,28.7225,-6.24356,2,0.833474,0.833474,1,143.977
950,2015-08-09,00:00:00.00,3.77852,0,0,17.7161,11.9661,23.4661,17.7161,-33333.3,-33333.3,1.1376,95.7485,0.5,0,37.7293,28.1294,22.7516,28.4331,-6.29354,2,0,0,1,139.367
951,2015-08-10,00:00:00.00,3.79573,0,0,18.4661,11.4661,25.4661,18.4661,-33333.3,-33333.3,1.1344,95.7625,0.5,0,37.5637,27.8996,22.5657,28.8681,-6.21816,2,1.26939,1.26939,1,144.57
952,2015-08-11,00:00:00.00,3.81295,16.2769,0,17.2161,12.4661,21.9661,17.2161,-33333.3,-33333.3,1.13973,95.7392,0.5,0,37.3952,27.9284,22.5722,28.1461,-6.34246,2,0,0,1,134.124
953,2015-08-12,00:00:00.00,3.83016,0,0,18.4661,14.9661,21.9661,18.4661,-33333.3,-33333.3,1.1344,95.7625,0.5,0,37.2238,27.6307,22.6019,28.8681,-6.21816,2,1.26939,1.26939,1,143.143
954,2015-08-13,00:00:00.00,3.84738,0.20095,0,17.7161,14.4661,20.9661,17.7161,-33333.3,-33333.3,1.1376,95.7485,0.5,0,37.0494,27.5902,22.547,28.4331,-6.29354,2,0,0,1,136.629
955,2015-08-14,00:00:00.00,3.86459,10.2484,0,16.9661,8.96606,24.9661,16.9661,-33333.3,-33333.3,1.1408,95.7345,0.5,0,36.8722,27.5435,22.5122,28.0034,-6.36652,2,0,0,1,130.165
956,2015-08-15,00:00:00.00,3.8818,1.40665,0,21.7161,17.9661,25.4661,21.7161,-33333.3,-33333.3,1.12049,95.8221,0.5,0,36.6921,26.7527,22.0352,30.8137,-5.86293,2,6.93632,6.93632,1,165.725
957,2015-08-16,00:00:00.00,3.89902,0,0,22.9661,17.9661,27.9661,22.9661,-33333.3,-33333.3,1.11511,95.8447,0.5,0,36.5092,26.4178,21.6688,31.5889,-5.71359,2,6.97468,6.97468,1,174.318
958,2015-08-17,00:00:00.00,3.91623,0,0,22.4661,16.4661,28.4661,22.4661,-33333.3,-33333.3,1.11726,95.8357,0.5,0,36.3236,26.3506,21.4997,31.277,-5.77419,2,6.97468,6.97468,1,169.586
959,2015-08-18,00:00:00.00,3.93345,0,0,24.2161,18.4661,29.9661,24.2161,-33333.3,-33333.3,1.10971,95.8672,0.5,0,36.1351,25.9266,21.0451,32.3793,-5.55699,2,6.97468,6.97468,1,181.773
960,2015-08-19,00:00:00.00,3.95066,0,0,22.4661,19.4661,25.4661,22.4661,-33333.3,-33333.3,1.11726,95.8357,0.5,0,35.944,26.0539,21.0527,31.277,-5.77419,2,6.97468,6.97468,1,167.676
961,2015-08-20,00:00:00.00,3.96787,6.43039,0,22.4661,17.4661,27.4661,22.4661,-33333.3,-33333.3,1.11726,95.8357,0.5,0,35.7502,25.9022,20.8467,31.277,-5.77419,2,6.97468,6.97468,1,166.705
962,2015-08-21,00:00:00.00,3.98509,6.63134,0,20.4661,18.4661,22.4661,20.4661,-33333.3,-33333.3,1.12585,95.7993,0.5,0,35.5538,26.0382,20.9812,30.0535,-6.00513,2,4.75673,4.75673,1,150.969
963,2015-08-22,00:00:00.00,4.0023,0,0,17.7161,14.4661,20.9661,17.7161,-33333.3,-33333.3,1.1376,95.7485,0.5,0,35.3547,26.2406,21.1958,28.4331,-6.29354,2,0,0,1,129.901
964,2015-08-23,00:00:00.00,4.01952,0,0,17.7161,10.4661,24.9661,17.7161,-33333.3,-33333.3,1.1376,95.7485,0.5,0,35.1531,26.0796,21.0657,28.4331,-6.29354,2,0,0,1,129.11
965,2015-08-24,00:00:00.00,4.03673,1.6076,0,18.7161,12.9661,24.4661,18.7161,-33333.3,-33333.3,1.13333,95.7671,0.5,0,34.949,25.7917,20.8331,29.0142,-6.19249,2,1.70531,1.70531,1,135.553
966,2015-08-25,00:00:00.00,4.05395,1.6076,0,17.2161,13.4661,20.9661,17.2161,-33333.3,-33333.3,1.13973,95.7392,0.5,0,34.7424,25.8114,20.8543,28.1461,-6.34246,2,0,0,1,123.906
967,2015-08-26,00:00:00.00,4.07116,0,0,14.4661,9.96606,18.9661,14.4661,-33333.3,-33333.3,1.15145,95.6872,0.5,0,34.5334,25.9503,20.9922,26.6077,-6.59273,2,0,0,1,103.449
968,2015-08-27,00:00:00.00,4.08837,0,0,14.9661,11.4661,18.4661,14.9661,-33333.3,-33333.3,1.14932,95.6967,0.5,0,34.322,25.7267,20.8113,26.8824,-6.54955,2,0,0,1,106.331
969,2015-08-28,00:00:00.00,4.10559,0,0,14.9661,11.9661,17.9661,14.9661,-33333.3,-33333.3,1.14932,95.6967,0.5,0,34.1082,25.5541,20.6716,26.8824,-6.54955,2,0,0,1,105.632
970,2015-08-29,00:00:00.00,4.1228,0,0,15.2161,8.96606,21.4661,15.2161,-33333.3,-33333.3,1.14825,95.7015,0.5,0,33.8922,25.353,20.5089,27.0205,-6.52758,2,0,0,1,106.679
971,2015-08-30,00:00:00.00,4.14002,0,0,17.2161,12.4661,21.9661,17.2161,-33333.3,-33333.3,1.13973,95.7392,0.5,0,33.674,24.9547,20.1867,28.1461,-6.34246,2,0,0,1,119.884
972,2015-08-31,00:00:00.00,4.15723,0.401899,0,20.7161,16.4661,24.9661,20.7161,-33333.3,-33333.3,1.12478,95.8039,0.5,0,33.4535,24.3419,19.691,30.2044,-5.97725,2,5.19265,5.19265,1,143.266
973,2015-09-01,00:00:00.00,4.17445,0,0,22.4661,16.9661,27.9661,22.4661,-33333.3,-33333.3,1.11726,95.8357,0.5,0,33.231,23.924,19.2993,31.277,-5.77419,2,6.97468,6.97468,1,154.287
974,2015-09-02,00:00:00.00,4.19166,0,0,22.4661,14.4661,30.4661,22.4661,-33333.3,-33333.3,1.11726,95.8357,0.5,0,33.0063,23.7472,19.084,31.277,-5.77419,2,4.76622,4.76622,1,153.198
975,2015-09-03,00:00:00.00,4.20887,0,0,23.4661,16.9661,29.9661,23.4661,-33333.3,-33333.3,1.11295,95.8537,0.5,0,32.7797,23.4247,18.7818,31.9032,-5.65183,2,4.76622,4.76622,1,158.872
976,2015-09-04,00:00:00.00,4.22609,4.62184,0,24.4661,18.9661,29.9661,24.4661,-33333.3,-33333.3,1.10863,95.8716,0.5,0,32.5511,23.0966,18.4801,32.5393,-5.52479,2,4.76622,4.76622,1,164.442
977,2015-09-05,00:00:00.00,4.2433,0,0,21.9661,16.9661,26.9661,21.9661,-33333.3,-33333.3,1.11941,95.8267,0.5,0,32.3206,23.2761,18.6518,30.9675,-5.83364,2,4.76622,4.76622,1,146.556
978,2015-09-06,00:00:00.00,4.26052,0,0,22.7161,16.4661,28.9661,22.7161,-33333.3,-33333.3,1.11619,95.8402,0.5,0,32.0883,22.9889,18.384,31.4326,-5.74404,2,4.76622,4.76622,1,150.433
979,2015-09-07,00:00:00.00,4.27773,0,0,22.7161,16.4661,28.9661,22.7161,-33333.3,-33333.3,1.11619,95.8402,0.5,0,31.8542,22.8045,18.2023,31.4326,-5.74404,2,4.76622,4.76622,1,149.301
980,2015-09-08,00:00:00.00,4.29494,1.00475,0,24.7161,18.4661,30.9661,24.7161,-33333.3,-33333.3,1.10755,95.8761,0.5,0,31.6185,22.3308,17.7935,32.6998,-5.49229,2,4.76622,4.76622,1,161.208
981,2015-09-09,00:00:00.00,4.31216,5.42564,0,24.4661,20.4661,28.4661,24.4661,-33333.3,-33333.3,1.10863,95.8716,0.5,0,31.381,22.1824,17.6605,32.5393,-5.52479,2,4.76622,4.76622,1,158.347
982,2015-09-10,00:00:00.00,4.32937,0,0,19.9661,17.9661,21.9661,19.9661,-33333.3,-33333.3,1.12799,95.7902,0.5,0,31.1421,22.6001,18.0382,29.7536,-6.06004,2,4.76622,4.76622,1,128.214
983,2015-09-11,00:00:00.00,4.34659,0,0,16.7161,9.96606,23.4661,16.7161,-33333.3,-33333.3,1.14186,95.7298,0.5,0,30.9016,22.7788,18.1495,27.8613,-6.39031,2,2.98485,2.98485,1,106.497
984,2015-09-12,00:00:00.00,4.3638,4.62184,0,16.4661,11.9661,20.9661,16.4661,-33333.3,-33333.3,1.14293,95.7251,0.5,0,30.6597,22.6099,17.9971,27.7197,-6.41384,2,2.68696,2.68696,1,104.067
985,2015-09-13,00:00:00.00,4.38102,0,0,13.2161,10.9661,15.4661,13.2161,-33333.3,-33333.3,1.15677,95.6633,0.5,0,30.4165,22.7275,18.1388,25.9308,-6.69625,2,0,0,1,82.8526
986,2015-09-14,00:00:00.00,4.39823,0,0,12.2161,9.46606,14.9661,12.2161,-33333.3,-33333.3,1.16104,95.644,0.5,0,30.172,22.6152,18.0491,25.3991,-6.77458,2,0,0,1,75.9587
987,2015-09-15,00:00:00.00,4.41544,0,0,13.9661,5.96606,21.9661,13.9661,-33333.3,-33333.3,1.15358,95.6777,0.5,0,29.9263,22.2601,17.7657,26.3353,-6.63489,2,0,0,1,86.1241
988,2015-09-16,00:00:00.00,4.43266,0,0,18.7161,8.96606,28.4661,18.7161,-33333.3,-33333.3,1.13333,95.7671,0.5,0,29.6794,21.5774,17.2208,29.0142,-6.19249,2,4.76622,4.76622,1,114.454
989,2015-09-17,00:00:00.00,4.44987,0,0,20.2161,12.9661,27.4661,20.2161,-33333.3,-33333.3,1.12692,95.7948,0.5,0,29.4315,21.2061,16.8954,29.9033,-6.03272,2,4.76622,4.76622,1,122.586
990,2015-09-18,00:00:00.00,4.46709,0,0,19.4661,11.4661,27.4661,19.4661,-33333.3,-33333.3,1.13013,95.781,0.5,0,29.1827,21.0947,16.7802,29.4561,-6.11385,2,4.76622,4.76622,1,117.035
991,2015-09-19,00:00:00.00,4.4843,1.6076,0,18.2161,12.4661,23.9661,18.2161,-33333.3,-33333.3,1.13546,95.7578,0.5,0,28.9329,21.0333,16.7071,28.7225,-6.24356,2,4.76622,4.76622,1,108.579
992,2015-09-20,00:00:00.00,4.50151,5.22469,0,18.2161,14.4661,21.9661,18.2161,-33333.3,-33333.3,1.13546,95.7578,0.5,0,28.6824,20.8321,16.5451,28.7225,-6.24356,2,4.76622,4.76622,1,107.638
993,2015-09-21,00:00:00.00,4.51873,0,0,13.2161,6.96606,19.4661,13.2161,-33333.3,-33333.3,1.15677,95.6633,0.5,0,28.4311,21.1081,16.8072,25.9308,-6.69625,2,0,0,1,77.4096
994,2015-09-22,00:00:00.00,4.53594,0,0,14.7161,7.46606,21.9661,14.7161,-33333.3,-33333.3,1.15038,95.692,0.5,0,28.1792,20.771,16.5388,26.7448,-6.57127,2,0.601736,0.601736,1,85.4343
995,2015-09-23,00:00:00.00,4.55316,0,0,14.9661,7.96606,21.9661,14.9661,-33333.3,-33333.3,1.14932,95.6967,0.5,0,27.9268,20.5433,16.3543,26.8824,-6.54955,2,0.899625,0.899625,1,86.1114
996,2015-09-24,00:00:00.00,4.57037,0,0,17.2161,9.46606,24.9661,17.2161,-33333.3,-33333.3,1.13973,95.7392,0.5,0,27.6738,20.124,16.0159,28.1461,-6.34246,2,3.58063,3.58063,1,98.167
997,2015-09-25,00:00:00.00,4.58759,0,0,18.2161,11.9661,24.4661,18.2161,-33333.3,-33333.3,1.13546,95.7578,0.5,0,27.4205,19.8186,15.7552,28.7225,-6.24356,2,4.76622,4.76622,1,102.927
998,2015-09-26,00:00:00.00,4.6048,0,0,17.2161,11.9661,22.4661,17.2161,-33333.3,-33333.3,1.13973,95.7392,0.5,0,27.1669,19.7155,15.6513,28.1461,-6.34246,2,3.58063,3.58063,1,96.3878
999,2015-09-27,00:00:00.00,4.62201,0,0,14.9661,8.46606,21.4661,14.9661,-33333.3,-33333.3,1.14932,95.6967,0.5,0,26.9131,19.7205,15.6402,26.8824,-6.54955,2,0.899625,0.899625,1,83.0186
1000,2015-09-28,00:00:00.00,4.63923,0.803799,0,16.2161,10.9661,21.4661,16.2161,-33333.3,-33333.3,1.14399,95.7204,0.5,0,26.6592,19.4014,15.3836,27.5788,-6.43711,2,2.38907,2.38907,1,89.117
1001,2015-09-29,00:00:00.00,4.65644,0.803799,0,18.2161,15.4661,20.9661,18.2161,-33333.3,-33333.3,1.13546,95.7578,0.5,0,26.4052,19.0034,15.0683,28.7225,-6.24356,2,4.76622,4.76622,1,99.1713
1002,2015-09-30,00:00:00.00,4.67366,2.8133,0,18.2161,15.4661,20.9661,18.2161,-33333.3,-33333.3,1.13546,95.7578,0.5,0,26.1514,18.7996,14.898,28.7225,-6.24356,2,4.76622,4.76622,1,98.2363
1003,2015-10-01,00:00:00.00,4.69087,0,0,12.7161,8.46606,16.9661,12.7161,-33333.3,-33333.3,1.15891,95.6537,0.5,0,25.8976,19.081,15.1352,25.6639,-6.73591,2,0,0,1,67.9245
1004,2015-10-02,00:00:00.00,4.70809,0,0,7.71606,1.96606,13.4661,7.71606,-33333.3,-33333.3,1.18028,95.5555,0.5,0,25.6441,19.2187,15.2443,23.1123,-7.0796,2,0.184353,0.184353,1,40.8222
1005,2015-10-03,00:00:00.00,4.7253,0,0,7.71606,2.96606,12.4661,7.71606,-33333.3,-33333.3,1.18028,95.5555,0.5,0,25.391,19.0096,15.0777,23.1123,-7.0796,2,0.184353,0.184353,1,40.4292
1006,2015-10-04,00:00:00.00,4.74251,4.01899,0,6.21606,2.96606,9.46606,6.21606,-33333.3,-33333.3,1.18672,95.5254,0.5,0,25.1383,18.888,14.9805,22.3874,-7.16469,2,0,0,1,32.2543
1007,2015-10-05,00:00:00.00,4.75973,2.0095,0,9.71606,4.96606,14.4661,9.71606,-33333.3,-33333.3,1.17171,95.5952,0.5,0,24.8861,18.4672,14.6927,24.1076,-6.95343,2,1.36232,1.36232,1,49.9238
1008,2015-10-06,00:00:00.00,4.77694,0.904274,0,11.9661,9.46606,14.4661,11.9661,-33333.3,-33333.3,1.1621,95.6392,0.5,0,24.6345,18.1055,14.4211,25.2676,-6.79355,2,2.35594,2.35594,1,60.8819
1009,2015-10-07,00:00:00.00,4.79416,0,0,12.2161,10.9661,13.4661,12.2161,-33333.3,-33333.3,1.16104,95.644,0.5,0,24.3836,17.8824,14.2422,25.3991,-6.77458,2,2.35594,2.35594,1,61.5408
1010,2015-10-08,00:00:00.00,4.81137,0,0,13.7161,8.46606,18.9661,13.7161,-33333.3,-33333.3,1.15464,95.6729,0.5,0,24.1335,17.5661,13.9795,26.1999,-6.6556,2,2.35594,2.35594,1,68.4121
1011,2015-10-09,00:00:00.00,4.82858,23.913,0,9.71606,2.96606,16.4661,9.71606,-33333.3,-33333.3,1.17171,95.5952,0.5,0,23.8843,17.6442,14.0312,24.1076,-6.95343,2,1.36232,1.36232,1,47.9781
1012,2015-10-10,00:00:00.00,4.8458,0.20095,0,11.2161,8.96606,13.4661,11.2161,-33333.3,-33333.3,1.1653,95.6246,0.5,0,23.6361,17.3419,14.0389,24.8761,-6.849,2,2.2458,2.2458,1,54.8302
1013,2015-10-11,00:00:00.00,4.86301,0,0,8.46606,2.46606,14.4661,8.46606,-33333.3,-33333.3,1.17706,95.5704,0.5,0,23.389,17.3139,13.9992,23.4816,-7.03401,2,0.626092,0.626092,1,40.9702
1014,2015-10-12,00:00:00.00,4.88023,0,0,13.9661,6.96606,20.9661,13.9661,-33333.3,-33333.3,1.15358,95.6777,0.5,0,23.1431,16.7425,13.5322,26.3353,-6.63489,2,2.35594,2.35594,1,66.9034
1015,2015-10-13,00:00:00.00,4.89744,0.20095,0,16.7161,10.4661,22.9661,16.7161,-33333.3,-33333.3,1.14186,95.7298,0.5,0,22.8984,16.3241,13.176,27.8613,-6.39031,2,2.35594,2.35594,1,79.2644
1016,2015-10-14,00:00:00.00,4.91466,2.8133,0,10.2161,8.96606,11.4661,10.2161,-33333.3,-33333.3,1.16957,95.605,0.5,0,22.655,16.6042,13.3865,24.3617,-6.91957,2,1.65682,1.65682,1,47.9491
1017,2015-10-15,00:00:00.00,4.93187,0,0,8.46606,5.96606,10.9661,8.46606,-33333.3,-33333.3,1.17706,95.5704,0.5,0,22.4131,16.511,13.3279,23.4816,-7.03401,2,0.626092,0.626092,1,39.3292
1018,2015-10-16,00:00:00.00,4.94908,9.64558,0,8.96606,1.96606,15.9661,8.96606,-33333.3,-33333.3,1.17492,95.5804,0.5,0,22.1728,16.2845,13.1405,23.7305,-7.00247,2,0.920585,0.920585,1,41.2248
1019,2015-10-17,00:00:00.00,4.9663,3.01425,0,6.46606,2.96606,9.96606,6.46606,-33333.3,-33333.3,1.18565,95.5304,0.5,0,21.934,16.2253,13.1825,22.5069,-7.15106,2,0,0,1,29.4243
1020,2015-10-18,00:00:00.00,4.98351,0,0,2.21606,-2.03394,6.46606,2.21606,-33333.3,-33333.3,1.20404,95.4435,0.5,0,21.697,16.2257,13.213,20.5422,-7.35341,2,0,0,1,9.98039
1021,2015-10-19,00:00:00.00,5.00073,0,0,1.21606,-3.03394,5.46606,1.21606,-33333.3,-33333.3,1.2084,95.4227,0.5,0,21.4618,16.0702,13.0864,20.1004,-7.39225,2,0,0,1,5.42013
1022,2015-10-20,00:00:00.00,5.01794,1.6076,0,4.96606,-3.53394,13.4661,4.96606,-33333.3,-33333.3,1.19211,95.5001,0.5,0,21.2284,15.716,12.798,21.7972,-7.22953,2,0,0,1,21.9052
1023,2015-10-21,00:00:00.00,5.03516,0.803799,0,12.4661,7.96606,16.9661,12.4661,-33333.3,-33333.3,1.15997,95.6488,0.5,0,20.9971,15.1063,12.3165,25.5313,-6.75537,2,2.35594,2.35594,1,54.4174
1024,2015-10-22,00:00:00.00,5.05237,6.43039,0,11.4661,8.46606,14.4661,11.4661,-33333.3,-33333.3,1.16424,95.6294,0.5,0,20.7678,14.9841,12.2033,25.0061,-6.83076,2,2.35594,2.35594,1,49.5326
1025,2015-10-23,00:00:00.00,5.06958,0,0,11.4661,8.96606,13.9661,11.4661,-33333.3,-33333.3,1.16424,95.6294,0.5,0,20.5406,14.7992,12.0909,25.0061,-6.83076,2,2.35594,2.35594,1,49.018
1026,2015-10-24,00:00:00.00,5.0868,0.20095,0,4.21606,-2.53394,10.9661,4.21606,-33333.3,-33333.3,1.19536,95.4848,0.5,0,20.3157,14.9953,12.2291,21.449,-7.26585,2,0,0,1,17.8366
1027,2015-10-25,00:00:00.00,5.10401,13.0617,0,8.96606,2.96606,14.9661,8.96606,-33333.3,-33333.3,1.17492,95.5804,0.5,0,20.0931,14.5795,11.8918,23.7305,-7.00247,2,0.920585,0.920585,1,37.5379
1028,2015-10-26,00:00:00.00,5.12123,0.20095,0,8.71606,5.96606,11.4661,8.71606,-33333.3,-33333.3,1.17599,95.5754,0.5,0,19.8728,14.4128,11.8538,23.6058,-7.01836,2,0.773338,0.773338,1,36.1122
1029,2015-10-27,00:00:00.00,5.13844,0,0,5.71606,-0.0339442,11.4661,5.71606,-33333.3,-33333.3,1.18888,95.5153,0.5,0,19.6551,14.3829,11.8241,22.1498,-7.19128,2,0,0,1,23.4369
1030,2015-10-28,00:00:00.00,5.15565,8.64084,0,5.71606,0.966056,10.4661,5.71606,-33333.3,-33333.3,1.18888,95.5153,0.5,0,19.4399,14.2057,11.6784,22.1498,-7.19128,2,0,0,1,23.194
1031,2015-10-29,00:00:00.00,5.17287,25.7216,0,9.21606,4.46606,13.9661,9.21606,-33333.3,-33333.3,1.17385,95.5853,0.5,0,19.2273,13.8582,11.4641,23.8557,-6.98636,2,1.06783,1.06783,1,37.009
1032,2015-10-30,00:00:00.00,5.19008,2.8133,0,4.21606,2.96606,5.46606,4.21606,-33333.3,-33333.3,1.19536,95.4848,0.5,0,19.0174,13.923,11.5845,21.449,-7.26585,2,0,0,1,16.7557
1033,2015-10-31,00:00:00.00,5.2073,0,0,4.71606,1.46606,7.96606,4.71606,-33333.3,-33333.3,1.19319,95.495,0.5,0,18.8103,13.7312,11.4488,21.6806,-7.24185,2,0,0,1,18.5498
1034,2015-11-01,00:00:00.00,5.22451,11.6551,0,3.96606,-2.03394,9.96606,3.96606,-33333.3,-33333.3,1.19644,95.4796,0.5,0,18.6061,13.594,11.3344,21.334,-7.27753,2,0,0,1,15.4397
1035,2015-11-02,00:00:00.00,5.24173,0,0,8.46606,4.96606,11.9661,8.46606,-33333.3,-33333.3,1.17706,95.5704,0.5,0,18.4047,13.2254,11.062,23.4816,-7.03401,2,0.822833,0.822833,1,32.6211
1036,2015-11-03,00:00:00.00,5.25894,0,0,8.21606,1.46606,14.9661,8.21606,-33333.3,-33333.3,1.17813,95.5655,0.5,0,18.2064,13.0758,10.9301,23.358,-7.04943,2,0.822833,0.822833,1,31.3355
1037,2015-11-04,00:00:00.00,5.27615,0,0,13.9661,5.96606,21.9661,13.9661,-33333.3,-33333.3,1.15358,95.6777,0.5,0,18.0111,12.5963,10.5229,26.3353,-6.63489,2,0.822833,0.822833,1,52.7259
1038,2015-11-05,00:00:00.00,5.29337,0,0,14.4661,5.96606,22.9661,14.4661,-33333.3,-33333.3,1.15145,95.6872,0.5,0,17.819,12.4104,10.3612,26.6077,-6.59273,2,0.822833,0.822833,1,54.0632
1039,2015-11-06,00:00:00.00,5.31058,4.62184,0,14.4661,7.46606,21.4661,14.4661,-33333.3,-33333.3,1.15145,95.6872,0.5,0,17.6301,12.259,10.2285,26.6077,-6.59273,2,0.822833,0.822833,1,53.5216
1040,2015-11-07,00:00:00.00,5.3278,6.63134,0,14.4661,10.4661,18.4661,14.4661,-33333.3,-33333.3,1.15145,95.6872,0.5,0,17.4444,12.1103,10.126,26.6077,-6.59273,2,0.822833,0.822833,1,52.9891
1041,2015-11-08,00:00:00.00,5.34501,1.40665,0,6.71606,3.96606,9.46606,6.71606,-33333.3,-33333.3,1.18457,95.5355,0.5,0,17.262,12.3738,10.3647,22.627,-7.13722,2,0.822833,0.822833,1,24.3579
1042,2015-11-09,00:00:00.00,5.36223,0.401899,0,4.21606,0.466056,7.96606,4.21606,-33333.3,-33333.3,1.19536,95.4848,0.5,0,17.083,12.3305,10.3329,21.449,-7.26585,2,0.822833,0.822833,1,15.141
1043,2015-11-10,00:00:00.00,5.37944,0,0,4.21606,-2.53394,10.9661,4.21606,-33333.3,-33333.3,1.19536,95.4848,0.5,0,16.9075,12.1863,10.2089,21.449,-7.26585,2,0.822833,0.822833,1,14.9939
1044,2015-11-11,00:00:00.00,5.39665,9.74606,0,4.71606,-0.0339442,9.46606,4.71606,-33333.3,-33333.3,1.19319,95.495,0.5,0,16.7355,12.0258,10.0682,21.6806,-7.24185,2,0.822833,0.822833,1,16.6107
1045,2015-11-12,00:00:00.00,5.41387,1.80855,0,8.71606,5.96606,11.4661,8.71606,-33333.3,-33333.3,1.17599,95.5754,0.5,0,16.567,11.7164,9.82518,23.6058,-7.01836,2,0.822833,0.822833,1,30.4068
1046,2015-11-13,00:00:00.00,5.43108,9.64558,0,6.46606,2.46606,10.4661,6.46606,-33333.3,-33333.3,1.18565,95.5304,0.5,0,16.4021,11.6821,9.80353,22.5069,-7.15106,2,0.822833,0.822833,1,22.3449
1047,2015-11-14,00:00:00.00,5.4483,2.21045,0,3.21606,1.96606,4.46606,3.21606,-33333.3,-33333.3,1.19969,95.4642,0.5,0,16.2408,11.6759,9.80902,20.9917,-7.3113,2,0.661147,0.661147,1,11.0103
1048,2015-11-15,00:00:00.00,5.46551,0.602849,0,1.71606,-1.03394,4.46606,1.71606,-33333.3,-33333.3,1.20622,95.4331,0.5,0,16.0833,11.5978,9.75059,20.3203,-7.37324,2,0.352584,0.352584,1,5.82099
1049,2015-11-16,00:00:00.00,5.48272,0,0,5.96606,-0.533944,12.4661,5.96606,-33333.3,-33333.3,1.1878,95.5203,0.5,0,15.9296,11.317,9.51625,22.2683,-7.17809,2,0.822833,0.822833,1,20.0537
1050,2015-11-17,00:00:00.00,5.49994,0,0,8.21606,1.96606,14.4661,8.21606,-33333.3,-33333.3,1.17813,95.5655,0.5,0,15.7796,11.1,9.32813,23.358,-7.04943,2,0.822833,0.822833,1,27.3698
1051,2015-11-18,00:00:00.00,5.51715,0,0,4.46606,0.966056,7.96606,4.46606,-33333.3,-33333.3,1.19428,95.4899,0.5,0,15.6335,11.1328,9.34998,21.5646,-7.25396,2,0.822833,0.822833,1,14.7466
1052,2015-11-19,00:00:00.00,5.53437,6.22944,0,8.46606,2.96606,13.9661,8.46606,-33333.3,-33333.3,1.17706,95.5704,0.5,0,15.4913,10.8552,9.11124,23.4816,-7.03401,2,0.822833,0.822833,1,27.7124
1053,2015-11-20,00:00:00.00,5.55158,0.20095,0,11.2161,9.46606,12.9661,11.2161,-33333.3,-33333.3,1.1653,95.6246,0.5,0,15.353,10.6145,8.91767,24.8761,-6.849,2,0.822833,0.822833,1,36.402
1054,2015-11-21,00:00:00.00,5.5688,0,0,1.71606,-0.0339442,3.46606,1.71606,-33333.3,-33333.3,1.20622,95.4331,0.5,0,15.2187,10.8869,9.14224,20.3203,-7.37324,2,0.352584,0.352584,1,5.52305
1055,2015-11-22,00:00:00.00,5.58601,0.653002,14.2173,-0.533944,-2.03394,0.966056,-0.533944,-33333.3,-33333.3,1.21609,95.3859,0.5,0,15.0884,10.847,9.10626,19.3349,-7.46295,2,0,0,1,-1.7044
1056,2015-11-23,00:00:00.00,5.60322,2.22045e-16,0.401899,-2.53394,-3.53394,-1.53394,-2.53394,-33333.3,-33333.3,1.22496,95.3432,0.5,0,14.9621,10.7962,3.64715,18.4633,-7.55683,2,0,0,1,-8.02393
1057,2015-11-24,00:00:00.00,5.62044,0,2.0095,-5.28394,-10.0339,-0.533944,-5.28394,-33333.3,-33333.3,1.23727,95.2836,0.5,0,14.84,10.7598,3.63448,17.318,-7.66056,2,0,0,1,-16.6012
1058,2015-11-25,00:00:00.00,5.63765,0,0,0.466056,-3.53394,4.46606,0.466056,-33333.3,-33333.3,1.21168,95.407,0.5,0,14.7219,10.5168,3.55258,19.774,-7.41927,2,0.0954487,0.0954487,1,1.45311
1059,2015-11-26,00:00:00.00,5.65487,1.2057,0,1.46606,-5.53394,8.46606,1.46606,-33333.3,-33333.3,1.20731,95.4279,0.5,0,14.608,10.3936,3.51085,20.2101,-7.38284,2,0.301157,0.301157,1,4.53695
1060,2015-11-27,00:00:00.00,5.67208,4.32042,0,7.21606,0.966056,13.4661,7.21606,-33333.3,-33333.3,1.18242,95.5455,0.5,0,14.4983,10.1033,3.41316,22.8686,-7.10886,2,0.822833,0.822833,1,22.1696
1061,2015-11-28,00:00:00.00,5.6893,10.4494,0,8.96606,6.96606,10.9661,8.96606,-33333.3,-33333.3,1.17492,95.5804,0.5,0,14.3928,9.94569,8.37392,23.7305,-7.00247,2,0.822833,0.822833,1,27.3526
1062,2015-11-29,00:00:00.00,5.70651,0,0,-1.03394,-3.53394,1.46606,-1.03394,-33333.3,-33333.3,1.2183,95.3753,0.5,0,14.2916,10.2046,8.59487,19.1139,-7.48792,2,0,0,1,-3.13274
1063,2015-11-30,00:00:00.00,5.72372,0,0,-1.28394,-6.53394,3.96606,-1.28394,-33333.3,-33333.3,1.21941,95.37,0.5,0,14.1946,10.1313,8.53316,19.0042,-7.50003,2,0,0,1,-3.8646
1064,2015-12-01,00:00:00.00,5.74094,0.131863,0.270037,-0.283944,-2.53394,1.96606,-0.283944,-33333.3,-33333.3,1.21498,95.3912,0.5,0,14.1019,10.0285,8.44658,19.4462,-7.45008,2,0,0,1,-0.849211
1065,2015-12-02,00:00:00.00,5.75815,2.21045,0,1.46606,-3.03394,5.96606,1.46606,-33333.3,-33333.3,1.20731,95.4279,0.5,0,14.0135,9.90643,3.34533,20.2101,-7.38284,2,0.322147,0.322147,1,4.35793
1066,2015-12-03,00:00:00.00,5.77537,0.602849,0,2.46606,-1.53394,6.46606,2.46606,-33333.3,-33333.3,1.20295,95.4487,0.5,0,13.9295,9.80748,8.26473,20.6539,-7.34319,2,0.322147,0.322147,1,7.2874
1067,2015-12-04,00:00:00.00,5.79258,0.502374,0,1.71606,-2.03394,5.46606,1.71606,-33333.3,-33333.3,1.20622,95.4331,0.5,0,13.8498,9.76503,8.23065,20.3203,-7.37324,2,0.322147,0.322147,1,5.04258
1068,2015-12-05,00:00:00.00,5.80979,0,0,2.96606,0.966056,4.96606,2.96606,-33333.3,-33333.3,1.20078,95.4591,0.5,0,13.7745,9.66535,8.14772,20.8786,-7.32214,2,0.322147,0.322147,1,8.66886
1069,2015-12-06,00:00:00.00,5.82701,0,0,1.96606,-1.03394,4.96606,1.96606,-33333.3,-33333.3,1.20513,95.4383,0.5,0,13.7036,9.63802,8.12273,20.431,-7.36343,2,0.322147,0.322147,1,5.71684
1070,2015-12-07,00:00:00.00,5.84422,0,0,-0.0339442,-4.03394,3.96606,-0.0339442,-33333.3,-33333.3,1.21388,95.3965,0.5,0,13.6371,9.64022,8.12264,19.5581,-7.43696,2,0.322147,0.322147,1,-0.0982056
1071,2015-12-08,00:00:00.00,5.86144,0.20095,0,2.21606,-0.0339442,4.46606,2.21606,-33333.3,-33333.3,1.20404,95.4435,0.5,0,13.5751,9.52548,8.02405,20.5422,-7.35341,2,0.322147,0.322147,1,6.38332
1072,2015-12-09,00:00:00.00,5.87865,0,0,1.71606,-0.533944,3.96606,1.71606,-33333.3,-33333.3,1.20622,95.4331,0.5,0,13.5175,9.49315,7.9961,20.3203,-7.37324,2,0.322147,0.322147,1,4.9219
1073,2015-12-10,00:00:00.00,5.89587,1.2057,0,6.21606,2.46606,9.96606,6.21606,-33333.3,-33333.3,1.18672,95.5254,0.5,0,13.4644,9.30364,7.83462,22.3874,-7.16469,2,0.322147,0.322147,1,17.7571
1074,2015-12-11,00:00:00.00,5.91308,0.401899,0,4.96606,0.466056,9.46606,4.96606,-33333.3,-33333.3,1.19211,95.5001,0.5,0,13.4157,9.30781,7.84174,21.7972,-7.22953,2,0.322147,0.322147,1,14.1336
1075,2015-12-12,00:00:00.00,5.93029,0,0,7.46606,4.96606,9.96606,7.46606,-33333.3,-33333.3,1.18135,95.5505,0.5,0,13.3715,9.18223,7.7364,22.9902,-7.09434,2,0.322147,0.322147,1,21.176
1076,2015-12-13,00:00:00.00,5.94751,1.2057,0,3.46606,-1.53394,8.46606,3.46606,-33333.3,-33333.3,1.19861,95.4694,0.5,0,13.3319,9.28846,7.82401,21.1053,-7.30025,2,0.322147,0.322147,1,9.8001
1077,2015-12-14,00:00:00.00,5.96472,1.40665,0,6.21606,3.96606,8.46606,6.21606,-33333.3,-33333.3,1.18672,95.5254,0.5,0,13.2967,9.16761,7.72537,22.3874,-7.16469,2,0.322147,0.322147,1,17.5259
1078,2015-12-15,00:00:00.00,5.98194,14.2674,0,7.96606,3.46606,12.4661,7.96606,-33333.3,-33333.3,1.17921,95.5605,0.5,0,13.266,9.07774,7.65218,23.2349,-7.06463,2,0.322147,0.322147,1,22.4034
1079,2015-12-16,00:00:00.00,5.99915,0.602849,0,4.21606,2.46606,5.96606,4.21606,-33333.3,-33333.3,1.19536,95.4848,0.5,0,13.2399,9.1894,7.74957,21.449,-7.26585,2,0.322147,0.322147,1,11.8309
1080,2015-12-17,00:00:00.00,6.01637,2.0095,0,1.96606,-1.53394,5.46606,1.96606,-33333.3,-33333.3,1.20513,95.4383,0.5,0,13.2183,9.24077,7.79426,20.431,-7.36343,2,0.322147,0.322147,1,5.50656
1081,2015-12-18,00:00:00.00,6.03358,0,0,3.46606,1.96606,4.96606,3.46606,-33333.3,-33333.3,1.19861,95.4694,0.5,0,13.2013,9.18153,7.74553,21.1053,-7.30025,2,0.322147,0.322147,1,9.69236
1082,2015-12-19,00:00:00.00,6.05079,2.22045e-16,0.401899,-0.283944,-2.03394,1.46606,-0.283944,-33333.3,-33333.3,1.21498,95.3912,0.5,0,13.1888,9.27813,7.82514,19.4462,-7.45008,2,0.322147,0.322147,1,-0.792982
1083,2015-12-20,00:00:00.00,6.06801,2.22045e-16,0.401899,-4.78394,-6.03394,-3.53394,-4.78394,-33333.3,-33333.3,1.23502,95.2945,0.5,0,13.1808,9.37603,3.16439,17.5217,-7.64382,2,0,0,1,-13.3478
1084,2015-12-21,00:00:00.00,6.08522,4.44089e-16,2.61235,-1.03394,-6.03394,3.96606,-1.03394,-33333.3,-33333.3,1.2183,95.3753,0.5,0,13.1774,9.28755,3.13477,19.1139,-7.48792,2,0.26859,0.26859,1,-2.88298
1085,2015-12-22,00:00:00.00,6.10244,16.4779,0,3.71606,-0.533944,7.96606,3.71606,-33333.3,-33333.3,1.19752,95.4745,0.5,0,13.1785,9.15442,3.09024,21.2194,-7.28899,2,0.322147,0.322147,1,10.3584
1086,2015-12-23,00:00:00.00,6.11965,0.602849,0,6.71606,3.96606,9.46606,6.71606,-33333.3,-33333.3,1.18457,95.5355,0.5,0,13.1842,9.05712,7.64128,22.627,-7.13722,2,0.322147,0.322147,1,18.7208
1087,2015-12-24,00:00:00.00,6.13686,1.2057,0,7.96606,1.96606,13.9661,7.96606,-33333.3,-33333.3,1.17921,95.5605,0.5,0,13.1945,9.01839,7.60936,23.2349,-7.06463,2,0.322147,0.322147,1,22.2122
1088,2015-12-25,00:00:00.00,6.15408,0.20095,0,7.71606,5.46606,9.96606,7.71606,-33333.3,-33333.3,1.18028,95.5555,0.5,0,13.2093,9.03962,7.62791,23.1123,-7.0796,2,0.322147,0.322147,1,21.5288
1089,2015-12-26,00:00:00.00,6.17129,0,0,5.71606,2.96606,8.46606,5.71606,-33333.3,-33333.3,1.18888,95.5153,0.5,0,13.2286,9.1278,7.70162,22.1498,-7.19128,2,0.322147,0.322147,1,15.9638
1090,2015-12-27,00:00:00.00,6.18851,1.51007,5.92507,-0.533944,-3.03394,1.96606,-0.533944,-33333.3,-33333.3,1.21609,95.3859,0.5,0,13.2525,9.33502,7.87457,19.3349,-7.46295,2,0.308858,0.308858,1,-1.49308
1091,2015-12-28,00:00:00.00,6.20572,0.141287,0.0596622,0.466056,-0.0339442,0.966056,0.466056,-33333.3,-33333.3,1.21168,95.407,0.5,0,13.281,9.33161,3.14991,19.774,-7.41927,2,0.322147,0.322147,1,1.30535
1092,2015-12-29,00:00:00.00,6.22294,3.55271e-15,6.43039,-4.28394,-9.03394,0.466056,-4.28394,-33333.3,-33333.3,1.23278,95.3054,0.5,0,13.314,9.47313,3.19739,17.7275,-7.62615,2,0.00684562,0.00684562,1,-12.0213
1093,2015-12-30,00:00:00.00,6.24015,2.66454e-15,6.32992,-1.53394,-8.53394,5.46606,-1.53394,-33333.3,-33333.3,1.22052,95.3646,0.5,0,13.3515,9.44052,3.18663,18.895,-7.51189,2,0.228322,0.228322,1,-4.31398
1094,2015-12-31,00:00:00.00,6.25736,0,0,0.216056,-1.53394,1.96606,0.216056,-33333.3,-33333.3,1.21278,95.4017,0.5,0,13.3936,9.42961,3.18315,19.6661,-7.42788,2,0.322147,0.322147,1,0.609179
1095,2016-01-01,00:00:00.00,6.27458,-1.11022e-16,0.602849,-0.533944,-2.03394,0.966056,-0.533944,-33333.3,-33333.3,1.21609,95.3859,0.5,0,13.4402,9.48731,3.20264,19.3349,-7.46295,2,0.308858,0.308858,1,-1.50968
1096,2016-01-02,00:00:00.00,0.00858359,-1.77636e-15,4.62184,-4.53394,-5.03394,-4.03394,-4.53394,-33333.3,-33333.3,1.2339,95.3,0.5,0,13.4912,9.62334,3.24836,17.6243,-7.6351,2,0.168836,0.168836,1,-12.8596
1097,2016-01-03,00:00:00.00,0.0257508,0,0,-3.28394,-6.03394,-0.533944,-3.28394,-33333.3,-33333.3,1.2283,95.3271,0.5,0,13.5467,9.64116,3.25455,18.1449,-7.58798,2,0.168836,0.168836,1,-9.34609
1098,2016-01-04,00:00:00.00,0.0429179,-4.44089e-16,1.40665,-2.78394,-5.03394,-0.533944,-2.78394,-33333.3,-33333.3,1.22607,95.3379,0.5,0,13.6066,9.67859,3.26731,18.3567,-7.56746,2,0.168836,0.168836,1,-7.95254
1099,2016-01-05,00:00:00.00,0.0600851,0,0,-15.2839,-18.0339,-12.5339,-15.2839,-33333.3,-33333.3,1.28336,95.0563,0.5,0,13.671,9.94757,3.35761,13.6365,-7.81588,2,0,0,1,-43.8346
1100,2016-01-06,00:00:00.00,0.0772523,0,0,-11.7839,-19.0339,-4.53394,-11.7839,-33333.3,-33333.3,1.26695,95.1378,0.5,0,13.7398,9.95746,3.36119,14.8426,-7.79832,2,0,0,1,-33.9416
1101,2016-01-07,00:00:00.00,0.0944195,0,0,-4.78394,-9.03394,-0.533944,-4.78394,-33333.3,-33333.3,1.23502,95.2945,0.5,0,13.813,9.89256,3.33976,17.5217,-7.64382,2,0.166135,0.166135,1,-13.8423
1102,2016-01-08,00:00:00.00,0.111587,0,0,-3.53394,-9.03394,1.96606,-3.53394,-33333.3,-33333.3,1.22942,95.3217,0.5,0,13.8907,9.92863,3.35214,18.0398,-7.59788,2,0.168836,0.168836,1,-10.2749
1103,2016-01-09,00:00:00.00,0.128754,1.91201,3.91553,-0.283944,-4.53394,3.96606,-0.283944,-33333.3,-33333.3,1.21498,95.3912,0.5,0,13.9728,9.91478,3.34783,19.4462,-7.45008,2,0.168836,0.168836,1,-0.829771
1104,2016-01-10,00:00:00.00,0.145921,6.22944,0,1.96606,-0.533944,4.46606,1.96606,-33333.3,-33333.3,1.20513,95.4383,0.5,0,14.0593,9.92068,3.35014,20.431,-7.36343,2,0.168836,0.168836,1,5.77645
1105,2016-01-11,00:00:00.00,0.163088,2.82255,8.02873,-0.0339442,-4.03394,3.96606,-0.0339442,-33333.3,-33333.3,1.21388,95.3965,0.5,0,14.1501,10.0527,3.39471,19.5581,-7.43696,2,0.168836,0.168836,1,-0.100274
1106,2016-01-12,00:00:00.00,0.180255,0,3.51662,-9.28394,-11.5339,-7.03394,-9.28394,-33333.3,-33333.3,1.25542,95.1947,0.5,0,14.2453,10.3355,3.4898,15.7574,-7.76229,2,0,0,1,-27.5921
1107,2016-01-13,00:00:00.00,0.197422,-1.77636e-15,9.94701,-8.78394,-13.0339,-4.53394,-8.78394,-33333.3,-33333.3,1.25314,95.2059,0.5,0,14.3448,10.409,3.51481,15.9458,-7.75261,2,0,0,1,-26.2661
1108,2016-01-14,00:00:00.00,0.21459,-2.66454e-15,7.53561,-10.7839,-12.5339,-9.03394,-10.7839,-33333.3,-33333.3,1.26232,95.1607,0.5,0,14.4486,10.5289,3.55537,15.2031,-7.78634,2,0,0,1,-32.452
1109,2016-01-15,00:00:00.00,0.231757,2.22045e-16,0.401899,-6.78394,-12.0339,-1.53394,-6.78394,-33333.3,-33333.3,1.24404,95.2506,0.5,0,14.5567,10.5464,3.56165,16.7184,-7.70532,2,0.0817167,0.0817167,1,-20.5496
1110,2016-01-16,00:00:00.00,0.248924,8.88178e-16,6.93276,-1.78394,-6.03394,2.46606,-1.78394,-33333.3,-33333.3,1.22163,95.3593,0.5,0,14.669,10.5245,3.55477,18.7863,-7.52349,2,0.168836,0.168836,1,-5.44073
1111,2016-01-17,00:00:00.00,0.266091,0,2.0095,-3.78394,-5.53394,-2.03394,-3.78394,-33333.3,-33333.3,1.23054,95.3163,0.5,0,14.7855,10.6699,3.60393,17.9352,-7.60754,2,0.168836,0.168836,1,-11.6217
1112,2016-01-18,00:00:00.00,0.283258,-1.77636e-15,5.62659,-7.78394,-11.0339,-4.53394,-7.78394,-33333.3,-33333.3,1.24858,95.2283,0.5,0,14.9063,10.8551,3.66646,16.3283,-7.7307,2,0.0395076,0.0395076,1,-24.0806
1113,2016-01-19,00:00:00.00,0.300426,2.66454e-15,6.32992,-11.7839,-15.0339,-8.53394,-11.7839,-33333.3,-33333.3,1.26695,95.1378,0.5,0,15.0312,11.0285,3.72506,14.8426,-7.79832,2,0,0,1,-36.7272
1114,2016-01-20,00:00:00.00,0.317593,0,0,-12.2839,-19.0339,-5.53394,-12.2839,-33333.3,-33333.3,1.26928,95.1263,0.5,0,15.1602,11.1436,3.76413,14.6651,-7.80312,2,0,0,1,-38.5788
1115,2016-01-21,00:00:00.00,0.33476,-1.11022e-15,1.50712,-6.78394,-9.53394,-4.03394,-6.78394,-33333.3,-33333.3,1.24404,95.2506,0.5,0,15.2933,11.1556,3.76869,16.7184,-7.70532,2,0.0817167,0.0817167,1,-21.4728
1116,2016-01-22,00:00:00.00,0.351927,0,0,-9.03394,-13.5339,-4.53394,-9.03394,-33333.3,-33333.3,1.25428,95.2003,0.5,0,15.4305,11.3134,3.82212,15.8514,-7.75756,2,0,0,1,-28.8244
1117,2016-01-23,00:00:00.00,0.369094,0,0,-10.2839,-18.0339,-2.53394,-10.2839,-33333.3,-33333.3,1.26002,95.172,0.5,0,15.5717,11.4532,3.86953,15.386,-7.77915,2,0,0,1,-33.0822
1118,2016-01-24,00:00:00.00,0.386261,0,0,-9.78394,-14.0339,-5.53394,-9.78394,-33333.3,-33333.3,1.25772,95.1834,0.5,0,15.7169,11.5651,3.90761,15.5708,-7.77113,2,0,0,1,-31.7375
1119,2016-01-25,00:00:00.00,0.403429,0,0,-8.03394,-13.5339,-2.53394,-8.03394,-33333.3,-33333.3,1.24971,95.2228,0.5,0,15.866,11.656,3.93866,16.232,-7.7365,2,0.0289554,0.0289554,1,-26.2834
1120,2016-01-26,00:00:00.00,0.420596,0.560416,1.14766,-0.283944,-4.03394,3.46606,-0.283944,-33333.3,-33333.3,1.21498,95.3912,0.5,0,16.019,11.5926,3.91796,19.4462,-7.45008,2,0.168836,0.168836,1,-0.936994
1121,2016-01-27,00:00:00.00,0.437763,1.00475,4.01899,1.71606,-2.03394,5.46606,1.71606,-33333.3,-33333.3,1.20622,95.4331,0.5,0,16.1759,11.6587,3.94071,20.3203,-7.37324,2,0.168836,0.168836,1,5.71309
1122,2016-01-28,00:00:00.00,0.45493,0,0.502374,-3.28394,-6.03394,-0.533944,-3.28394,-33333.3,-33333.3,1.2283,95.3271,0.5,0,16.3366,11.9381,4.03505,18.1449,-7.58798,2,0.168836,0.168836,1,-11.0311
1123,2016-01-29,00:00:00.00,0.472097,1.77636e-15,8.64084,-3.28394,-5.53394,-1.03394,-3.28394,-33333.3,-33333.3,1.2283,95.3271,0.5,0,16.501,12.0742,4.08132,18.1449,-7.58798,2,0.168836,0.168836,1,-11.1317
1124,2016-01-30,00:00:00.00,0.489264,0,0,-9.03394,-12.5339,-5.53394,-9.03394,-33333.3,-33333.3,1.25428,95.2003,0.5,0,16.6692,12.344,4.17251,15.8514,-7.75756,2,0,0,1,-30.9057
1125,2016-01-31,00:00:00.00,0.506432,0,0,-5.03394,-13.0339,2.96606,-5.03394,-33333.3,-33333.3,1.23614,95.2891,0.5,0,16.841,12.4,4.19193,17.4196,-7.6523,2,0.155582,0.155582,1,-17.3827
1126,2016-02-01,00:00:00.00,0.523599,6.63134,0,1.46606,-4.03394,6.96606,1.46606,-33333.3,-33333.3,1.20731,95.4279,0.5,0,17.0164,12.3579,4.17844,20.2101,-7.38284,2,0.168836,0.168836,1,5.11044
1127,2016-02-02,00:00:00.00,0.540766,0,0,0.966056,-0.533944,2.46606,0.966056,-33333.3,-33333.3,1.20949,95.4175,0.5,0,17.1954,12.5221,4.23421,19.9911,-7.40146,2,0.260046,0.260046,1,3.3998
1128,2016-02-03,00:00:00.00,0.557933,4.37991,1.84953,0.466056,-4.53394,5.46606,0.466056,-33333.3,-33333.3,1.21168,95.407,0.5,0,17.3778,12.6891,4.29093,19.774,-7.41927,2,0.260046,0.260046,1,1.65606
1129,2016-02-04,00:00:00.00,0.5751,2.0095,0,5.46606,-1.53394,12.4661,5.46606,-33333.3,-33333.3,1.18996,95.5102,0.5,0,17.5637,12.6557,4.28034,22.0318,-7.20425,2,0.260046,0.260046,1,19.6125
1130,2016-02-05,00:00:00.00,0.592267,0,0,-1.28394,-3.03394,0.466056,-1.28394,-33333.3,-33333.3,1.21941,95.37,0.5,0,17.7529,13.0544,4.41497,19.0042,-7.50003,2,0.260046,0.260046,1,-4.65226
1131,2016-02-06,00:00:00.00,0.609435,-2.22045e-15,3.01425,-2.03394,-4.53394,0.466056,-2.03394,-33333.3,-33333.3,1.22274,95.354,0.5,0,17.9455,13.2364,4.47681,18.6781,-7.53485,2,0.260046,0.260046,1,-7.4431
1132,2016-02-07,00:00:00.00,0.626602,0,0,-2.03394,-4.03394,-0.0339442,-2.03394,-33333.3,-33333.3,1.22274,95.354,0.5,0,18.1413,13.3989,4.53208,18.6781,-7.53485,2,0.260046,0.260046,1,-7.51766
1133,2016-02-08,00:00:00.00,0.643769,0,0,0.216056,-4.03394,4.46606,0.216056,-33333.3,-33333.3,1.21278,95.4017,0.5,0,18.3403,13.4928,4.56432,19.6661,-7.42788,2,0.260046,0.260046,1,0.806642
1134,2016-02-09,00:00:00.00,0.660936,-1.11022e-15,1.50712,2.21606,-0.0339442,4.46606,2.21606,-33333.3,-33333.3,1.20404,95.4435,0.5,0,18.5424,13.589,4.59736,20.5422,-7.35341,2,0.260046,0.260046,1,8.35734
1135,2016-02-10,00:00:00.00,0.678103,4.44089e-16,0.803799,-2.53394,-4.53394,-0.533944,-2.53394,-33333.3,-33333.3,1.22496,95.3432,0.5,0,18.7475,13.9172,4.70841,18.4633,-7.55683,2,0.260046,0.260046,1,-9.65362
1136,2016-02-11,00:00:00.00,0.695271,2.22045e-16,1.80855,-7.28394,-9.03394,-5.53394,-7.28394,-33333.3,-33333.3,1.2463,95.2395,0.5,0,18.9556,14.2157,4.80949,16.5224,-7.71845,2,0.100638,0.100638,1,-28.0343
1137,2016-02-12,00:00:00.00,0.712438,0,1.00475,-15.0339,-19.0339,-11.0339,-15.0339,-33333.3,-33333.3,1.28217,95.0622,0.5,0,19.1666,14.5409,4.91961,13.7198,-7.81584,2,0,0,1,-58.4583
1138,2016-02-13,00:00:00.00,0.729605,-4.44089e-16,2.4114,-11.0339,-15.5339,-6.53394,-11.0339,-33333.3,-33333.3,1.26348,95.155,0.5,0,19.3804,14.6513,4.95748,15.1123,-7.78964,2,0,0,1,-43.3481
1139,2016-02-14,00:00:00.00,0.746772,0,0,-21.5339,-25.5339,-17.5339,-21.5339,-33333.3,-33333.3,1.31352,94.9053,0.5,0,19.5969,14.9892,5.0719,11.6859,-7.76111,2,0,0,1,-85.4758
1140,2016-02-15,00:00:00.00,0.763939,0,0,-20.2839,-28.5339,-12.0339,-20.2839,-33333.3,-33333.3,1.30739,94.936,0.5,0,19.8162,15.1602,5.13017,12.0561,-7.78026,2,0,0,1,-81.3515
1141,2016-02-16,00:00:00.00,0.781106,2.22045e-16,1.80855,-10.2839,-17.5339,-3.03394,-10.2839,-33333.3,-33333.3,1.26002,95.172,0.5,0,20.038,15.1886,5.14048,15.386,-7.77915,2,0,0,1,-41.675
1142,2016-02-17,00:00:00.00,0.798274,-8.88178e-16,4.82279,-3.78394,-6.03394,-1.53394,-3.78394,-33333.3,-33333.3,1.23054,95.3163,0.5,0,20.2623,15.2162,5.1505,17.9352,-7.60754,2,0.260046,0.260046,1,-15.4943
1143,2016-02-18,00:00:00.00,0.815441,0,0,-4.78394,-6.53394,-3.03394,-4.78394,-33333.3,-33333.3,1.23502,95.2945,0.5,0,20.489,15.4343,5.22464,17.5217,-7.64382,2,0.260046,0.260046,1,-19.7939
1144,2016-02-19,00:00:00.00,0.832608,0,0,-12.7839,-21.0339,-4.53394,-12.7839,-33333.3,-33333.3,1.27161,95.1147,0.5,0,20.7181,15.8095,5.35174,14.4893,-7.80714,2,0,0,1,-53.4481
1145,2016-02-20,00:00:00.00,0.849775,-3.55271e-15,9.24369,-2.28394,-11.5339,6.96606,-2.28394,-33333.3,-33333.3,1.22385,95.3486,0.5,0,20.9494,15.7437,5.33032,18.5705,-7.54597,2,0.260046,0.260046,1,-9.64885
1146,2016-02-21,00:00:00.00,0.866942,0.20095,0,5.46606,2.46606,8.46606,5.46606,-33333.3,-33333.3,1.18996,95.5102,0.5,0,21.1829,15.6296,5.29262,22.0318,-7.20425,2,0.260046,0.260046,1,23.3341
1147,2016-02-22,00:00:00.00,0.884109,1.11022e-16,0.20095,1.96606,-0.0339442,3.96606,1.96606,-33333.3,-33333.3,1.20513,95.4383,0.5,0,21.4185,15.9796,5.41125,20.431,-7.36343,2,0.260046,0.260046,1,8.48079
1148,2016-02-23,00:00:00.00,0.901277,0,0,-2.78394,-6.53394,0.966056,-2.78394,-33333.3,-33333.3,1.22607,95.3379,0.5,0,21.656,16.3499,5.53677,18.3567,-7.56746,2,0.260046,0.260046,1,-12.1344
1149,2016-02-24,00:00:00.00,0.918444,0,0,-2.28394,-8.03394,3.46606,-2.28394,-33333.3,-33333.3,1.22385,95.3486,0.5,0,21.8955,16.5336,5.59944,18.5705,-7.54597,2,0.260046,0.260046,1,-10.0591
1150,2016-02-25,00:00:00.00,0.935611,1.77636e-15,12.4589,-1.28394,-4.53394,1.96606,-1.28394,-33333.3,-33333.3,1.21941,95.37,0.5,0,22.1367,16.7009,5.65654,19.0042,-7.50003,2,0.260046,0.260046,1,-5.71381
1151,2016-02-26,00:00:00.00,0.952778,0,2.0095,-3.28394,-4.53394,-2.03394,-3.28394,-33333.3,-33333.3,1.2283,95.3271,0.5,0,22.3797,16.9713,5.74845,18.1449,-7.58798,2,0.260046,0.260046,1,-14.7665
1152,2016-02-27,00:00:00.00,0.969945,0,0,-8.03394,-12.0339,-4.03394,-8.03394,-33333.3,-33333.3,1.24971,95.2228,0.5,0,22.6243,17.3119,5.86405,16.232,-7.7365,2,0.0518793,0.0518793,1,-36.5007
1153,2016-02-28,00:00:00.00,0.987112,0,0,-3.28394,-8.53394,1.96606,-3.28394,-33333.3,-33333.3,1.2283,95.3271,0.5,0,22.8705,17.3822,5.8885,18.1449,-7.58798,2,0.260046,0.260046,1,-15.0747
1154,2016-02-29,00:00:00.00,1.00428,5.42564,0.20095,4.46606,-1.53394,10.4661,4.46606,-33333.3,-33333.3,1.19428,95.4899,0.5,0,23.1181,17.2777,5.85398,21.5646,-7.25396,2,0.260046,0.260046,1,20.713
1155,2016-03-01,00:00:00.00,1.02145,0,0,-1.03394,-5.03394,2.96606,-1.03394,-33333.3,-33333.3,1.2183,95.3753,0.5,0,23.367,17.7194,6.00371,19.1139,-7.48792,2,0.260046,0.260046,1,-4.8447
1156,2016-03-02,00:00:00.00,1.03861,-3.55271e-15,15.2722,-9.03394,-10.0339,-8.03394,-9.03394,-33333.3,-33333.3,1.25428,95.2003,0.5,0,23.6172,18.1729,6.15745,15.8514,-7.75756,2,0,0,1,-42.7649
1157,2016-03-03,00:00:00.00,1.05578,0,0,-9.78394,-13.0339,-6.53394,-9.78394,-33333.3,-33333.3,1.25772,95.1834,0.5,0,23.8685,18.403,6.23583,15.5708,-7.77113,2,0,0,1,-46.7891
1158,2016-03-04,00:00:00.00,1.07295,0,0,-8.03394,-12.5339,-3.53394,-8.03394,-33333.3,-33333.3,1.24971,95.2228,0.5,0,24.1209,18.572,6.29363,16.232,-7.7365,2,0,0,1,-38.8117
1159,2016-03-05,00:00:00.00,1.09012,0,0,-5.28394,-10.0339,-0.533944,-5.28394,-33333.3,-33333.3,1.23727,95.2836,0.5,0,24.3743,18.7072,6.34,17.318,-7.66056,2,0,0,1,-25.7856
1160,2016-03-06,00:00:00.00,1.10728,4.44089e-16,2.61235,-7.78394,-14.5339,-1.03394,-7.78394,-33333.3,-33333.3,1.24858,95.2283,0.5,0,24.6285,18.9931,6.43725,16.3283,-7.7307,2,0,0,1,-38.3692
1161,2016-03-07,00:00:00.00,1.12445,0,0,-6.28394,-14.5339,1.96606,-6.28394,-33333.3,-33333.3,1.24178,95.2616,0.5,0,24.8835,19.1656,6.49621,16.9163,-7.6913,2,0,0,1,-31.2866
1162,2016-03-08,00:00:00.00,1.14162,0,0,3.46606,-2.53394,9.46606,3.46606,-33333.3,-33333.3,1.19861,95.4694,0.5,0,25.1392,19.0042,6.44248,21.1053,-7.30025,2,0.898518,0.898518,1,17.4294
1163,2016-03-09,00:00:00.00,1.15878,0,0,7.71606,0.466056,14.9661,7.71606,-33333.3,-33333.3,1.18028,95.5555,0.5,0,25.3955,18.9837,6.43625,23.1123,-7.0796,2,0.898518,0.898518,1,39.1869
1164,2016-03-10,00:00:00.00,1.17595,2.0095,0,10.4661,3.96606,16.9661,10.4661,-33333.3,-33333.3,1.16851,95.6099,0.5,0,25.6522,19.0153,16.0557,24.4895,-6.90229,2,0.898518,0.898518,1,53.6786
1165,2016-03-11,00:00:00.00,1.19312,4.62184,0,8.71606,6.46606,10.9661,8.71606,-33333.3,-33333.3,1.17599,95.5754,0.5,0,25.9093,19.3445,16.3299,23.6058,-7.01836,2,0.898518,0.898518,1,45.1426
1166,2016-03-12,00:00:00.00,1.21029,0,0,3.46606,-1.03394,7.96606,3.46606,-33333.3,-33333.3,1.19861,95.4694,0.5,0,26.1667,19.859,16.7589,21.1053,-7.30025,2,0.898518,0.898518,1,18.1269
1167,2016-03-13,00:00:00.00,1.22745,0,0,4.96606,-3.53394,13.4661,4.96606,-33333.3,-33333.3,1.19211,95.5001,0.5,0,26.4242,19.9942,16.8619,21.7972,-7.22953,2,0.898518,0.898518,1,26.2237
1168,2016-03-14,00:00:00.00,1.24462,4.21994,0,3.96606,-0.0339442,7.96606,3.96606,-33333.3,-33333.3,1.19644,95.4796,0.5,0,26.6819,20.2619,17.0764,21.334,-7.27753,2,0.898518,0.898518,1,21.1451
1169,2016-03-15,00:00:00.00,1.26179,4.82279,0,6.46606,1.96606,10.9661,6.46606,-33333.3,-33333.3,1.18565,95.5304,0.5,0,26.9396,20.3357,17.1389,22.5069,-7.15106,2,0.898518,0.898518,1,34.8039
1170,2016-03-16,00:00:00.00,1.27895,0.20095,0,6.46606,4.46606,8.46606,6.46606,-33333.3,-33333.3,1.18565,95.5304,0.5,0,27.1972,20.549,17.3191,22.5069,-7.15106,2,0.898518,0.898518,1,35.1347
1171,2016-03-17,00:00:00.00,1.29612,9.24369,0,6.21606,2.46606,9.96606,6.21606,-33333.3,-33333.3,1.18672,95.5254,0.5,0,27.4545,20.7773,17.5025,22.3874,-7.16469,2,0.898518,0.898518,1,34.095
1172,2016-03-18,00:00:00.00,1.31329,1.2057,0,4.21606,-0.0339442,8.46606,4.21606,-33333.3,-33333.3,1.19536,95.4848,0.5,0,27.7116,21.105,17.782,21.449,-7.26585,2,0.898518,0.898518,1,23.3416
1173,2016-03-19,00:00:00.00,1.33046,0,0,1.96606,-0.0339442,3.96606,1.96606,-33333.3,-33333.3,1.20513,95.4383,0.5,0,27.9684,21.4353,18.0608,20.431,-7.36343,2,0.898518,0.898518,1,10.9859
1174,2016-03-20,00:00:00.00,1.34762,0,0,-2.78394,-8.03394,2.46606,-2.78394,-33333.3,-33333.3,1.22607,95.3379,0.5,0,28.2246,21.857,18.404,18.3567,-7.56746,2,0.230021,0.230021,1,-15.6994
1175,2016-03-21,00:00:00.00,1.36479,0,0,-1.53394,-7.03394,3.96606,-1.53394,-33333.3,-33333.3,1.22052,95.3646,0.5,0,28.4803,22.0216,18.5395,18.895,-7.51189,2,0.510808,0.510808,1,-8.72938
1176,2016-03-22,00:00:00.00,1.38196,0,0,-1.28394,-4.53394,1.96606,-1.28394,-33333.3,-33333.3,1.21941,95.37,0.5,0,28.7354,22.225,18.7037,19.0042,-7.50003,2,0.566965,0.566965,1,-7.37289
1177,2016-03-23,00:00:00.00,1.39912,0.791176,1.62022,-0.283944,-6.03394,5.46606,-0.283944,-33333.3,-33333.3,1.21498,95.3912,0.5,0,28.9897,22.3947,18.8386,19.4462,-7.45008,2,0.791595,0.791595,1,-1.64513
1178,2016-03-24,00:00:00.00,1.41629,7.03324,3.01425,1.96606,-0.0339442,3.96606,1.96606,-33333.3,-33333.3,1.20513,95.4383,0.5,0,29.2432,22.4995,7.63513,20.431,-7.36343,2,0.898518,0.898518,1,11.4928
1179,2016-03-25,00:00:00.00,1.43346,7.10543e-15,30.3434,-1.53394,-3.53394,0.466056,-1.53394,-33333.3,-33333.3,1.22052,95.3646,0.5,0,29.4957,22.8733,19.2601,18.895,-7.51189,2,0.510808,0.510808,1,-9.04587
1180,2016-03-26,00:00:00.00,1.45063,0,0,-2.78394,-5.03394,-0.533944,-2.78394,-33333.3,-33333.3,1.22607,95.3379,0.5,0,29.7473,23.136,7.85185,18.3567,-7.56746,2,0.230021,0.230021,1,-16.5608
1181,2016-03-27,00:00:00.00,1.46779,0,0,-1.28394,-7.03394,4.46606,-1.28394,-33333.3,-33333.3,1.21941,95.37,0.5,0,29.9978,23.2836,7.90246,19.0042,-7.50003,2,0.566965,0.566965,1,-7.70388
1182,2016-03-28,00:00:00.00,1.48496,18.6883,0,6.21606,-3.03394,15.4661,6.21606,-33333.3,-33333.3,1.18672,95.5254,0.5,0,30.2471,23.0921,7.8383,22.3874,-7.16469,2,0.898518,0.898518,1,37.6173
1183,2016-03-29,00:00:00.00,1.50213,4.82279,0,4.46606,0.966056,7.96606,4.46606,-33333.3,-33333.3,1.19428,95.4899,0.5,0,30.4952,23.4059,19.724,21.5646,-7.25396,2,0.898518,0.898518,1,27.2563
1184,2016-03-30,00:00:00.00,1.51929,0,0,1.46606,-3.03394,5.96606,1.46606,-33333.3,-33333.3,1.20731,95.4279,0.5,0,30.742,23.7765,20.0388,20.2101,-7.38284,2,0.898518,0.898518,1,9.02252
1185,2016-03-31,00:00:00.00,1.53646,17.2817,0,4.21606,-4.03394,12.4661,4.21606,-33333.3,-33333.3,1.19536,95.4848,0.5,0,30.9873,23.8299,20.0704,21.449,-7.26585,2,0.898518,0.898518,1,26.1624
1186,2016-04-01,00:00:00.00,1.55363,27.932,0,11.2161,8.96606,13.4661,11.2161,-33333.3,-33333.3,1.1653,95.6246,0.5,0,31.2312,23.536,19.8302,24.8761,-6.849,2,0.898518,0.898518,1,70.1728
1187,2016-04-02,00:00:00.00,1.5708,0,1.00475,3.96606,2.96606,4.96606,3.96606,-33333.3,-33333.3,1.19644,95.4796,0.5,0,31.4735,24.249,20.4391,21.334,-7.27753,2,0.636203,0.636203,1,25.0154
1188,2016-04-03,00:00:00.00,1.58796,4.44089e-16,2.61235,-0.283944,-3.03394,2.46606,-0.283944,-33333.3,-33333.3,1.21498,95.3912,0.5,0,31.7142,24.6757,20.8012,19.4462,-7.45008,2,0,0,1,-1.80531
1189,2016-04-04,00:00:00.00,1.60513,1.77636e-15,14.6693,-6.53394,-9.53394,-3.53394,-6.53394,-33333.3,-33333.3,1.24291,95.2561,0.5,0,31.9532,25.1314,8.53332,16.8171,-7.69842,2,0,0,1,-41.874
1190,2016-04-05,00:00:00.00,1.6223,0,0,-5.53394,-8.03394,-3.03394,-5.53394,-33333.3,-33333.3,1.23839,95.2781,0.5,0,32.1904,25.2955,8.58955,17.2168,-7.66859,2,0,0,1,-35.7442
1191,2016-04-06,00:00:00.00,1.63947,0,2.0095,-6.78394,-13.0339,-0.533944,-6.78394,-33333.3,-33333.3,1.24404,95.2506,0.5,0,32.4257,25.5381,8.67234,16.7184,-7.70532,2,0,0,1,-44.1587
1192,2016-04-07,00:00:00.00,1.65663,3.75476,17.7469,-0.533944,-6.53394,5.46606,-0.533944,-33333.3,-33333.3,1.21609,95.3859,0.5,0,32.6591,25.4784,8.65269,19.3349,-7.46295,2,0,0,1,-3.50225
1193,2016-04-08,00:00:00.00,1.6738,0.602849,0.401899,1.46606,-0.0339442,2.96606,1.46606,-33333.3,-33333.3,1.20731,95.4279,0.5,0,32.8906,25.5701,8.68436,20.2101,-7.38284,2,0,0,1,9.6893
1194,2016-04-09,00:00:00.00,1.69097,0,0,-1.78394,-6.53394,2.96606,-1.78394,-33333.3,-33333.3,1.22163,95.3593,0.5,0,33.12,25.9226,8.80444,18.7863,-7.52349,2,0,0,1,-11.8785
1195,2016-04-10,00:00:00.00,1.70813,0,0,-5.28394,-8.03394,-2.53394,-5.28394,-33333.3,-33333.3,1.23727,95.2836,0.5,0,33.3473,26.2592,8.91913,17.318,-7.66056,2,0,0,1,-35.4439
1196,2016-04-11,00:00:00.00,1.7253,1.77636e-15,5.42564,-4.03394,-10.0339,1.96606,-4.03394,-33333.3,-33333.3,1.23166,95.3109,0.5,0,33.5724,26.399,8.96709,17.8311,-7.61696,2,0,0,1,-27.2568
1197,2016-04-12,00:00:00.00,1.74247,0.401899,0,2.46606,-4.03394,8.96606,2.46606,-33333.3,-33333.3,1.20295,95.4487,0.5,0,33.7953,26.2682,8.9233,20.6539,-7.34319,2,0,0,1,16.783
1198,2016-04-13,00:00:00.00,1.75964,0,0,1.46606,-1.53394,4.46606,1.46606,-33333.3,-33333.3,1.20731,95.4279,0.5,0,34.0159,26.5082,9.00521,20.2101,-7.38284,2,0,0,1,10.0484
1199,2016-04-14,00:00:00.00,1.7768,0,0,0.716056,-5.53394,6.96606,0.716056,-33333.3,-33333.3,1.21059,95.4122,0.5,0,34.2342,26.7306,9.08119,19.8823,-7.41046,2,0,0,1,4.94234
1200,2016-04-15,00:00:00.00,1.79397,0,0,3.21606,-3.53394,9.96606,3.21606,-33333.3,-33333.3,1.19969,95.4642,0.5,0,34.45,26.7681,22.2324,20.9917,-7.3113,2,0.127512,0.127512,1,22.3513
1201,2016-04-16,00:00:00.00,1.81114,0,0,8.21606,-0.0339442,16.4661,8.21606,-33333.3,-33333.3,1.17813,95.5655,0.5,0,34.6634,26.5988,22.4604,23.358,-7.04943,2,2.71302,2.71302,1,57.4905
1202,2016-04-17,00:00:00.00,1.8283,0,0,11.7161,2.96606,20.4661,11.7161,-33333.3,-33333.3,1.16317,95.6343,0.5,0,34.8744,26.4724,22.3093,25.1366,-6.81228,2,2.71302,2.71302,1,82.5328
1203,2016-04-18,00:00:00.00,1.84547,0,0,12.9661,2.96606,22.9661,12.9661,-33333.3,-33333.3,1.15784,95.6585,0.5,0,35.0827,26.522,22.3064,25.7971,-6.7162,2,2.71302,2.71302,1,91.9441
1204,2016-04-19,00:00:00.00,1.86264,0,0,14.4661,4.96606,23.9661,14.4661,-33333.3,-33333.3,1.15145,95.6872,0.5,0,35.2885,26.5345,22.2724,26.6077,-6.59273,2,2.71302,2.71302,1,103.251
1205,2016-04-20,00:00:00.00,1.87981,0,0,9.21606,2.96606,15.4661,9.21606,-33333.3,-33333.3,1.17385,95.5853,0.5,0,35.4916,27.1979,22.7834,23.8557,-6.98636,2,2.71302,2.71302,1,66.2027
1206,2016-04-21,00:00:00.00,1.89697,0,0,9.21606,1.96606,16.4661,9.21606,-33333.3,-33333.3,1.17385,95.5853,0.5,0,35.692,27.3621,22.875,23.8557,-6.98636,2,2.71302,2.71302,1,66.6223
1207,2016-04-22,00:00:00.00,1.91414,9.64558,0,9.96606,4.46606,15.4661,9.96606,-33333.3,-33333.3,1.17064,95.6001,0.5,0,35.8897,27.4596,22.9104,24.2344,-6.93662,2,2.71302,2.71302,1,72.4935
1208,2016-04-23,00:00:00.00,1.93131,0.20095,0,13.2161,10.9661,15.4661,13.2161,-33333.3,-33333.3,1.15677,95.6633,0.5,0,36.0846,27.31,22.8153,25.9308,-6.69625,2,2.71302,2.71302,1,96.7244
1209,2016-04-24,00:00:00.00,1.94847,0,0,5.46606,-0.533944,11.4661,5.46606,-33333.3,-33333.3,1.18996,95.5102,0.5,0,36.2767,28.1322,23.4584,22.0318,-7.20425,2,1.65359,1.65359,1,40.2462
1210,2016-04-25,00:00:00.00,1.96564,1.00475,0,6.46606,-0.533944,13.4661,6.46606,-33333.3,-33333.3,1.18565,95.5304,0.5,0,36.4659,28.2154,23.4989,22.5069,-7.15106,2,2.33184,2.33184,1,47.892
1211,2016-04-26,00:00:00.00,1.98281,20.4969,0,6.96606,2.96606,10.9661,6.96606,-33333.3,-33333.3,1.1835,95.5405,0.5,0,36.6523,28.3307,23.5717,22.7475,-7.12315,2,2.67097,2.67097,1,51.8968
1212,2016-04-27,00:00:00.00,1.99998,2.0095,0,2.71606,0.466056,4.96606,2.71606,-33333.3,-33333.3,1.20186,95.4539,0.5,0,36.8357,28.7765,24.0077,20.766,-7.33277,2,0,0,1,20.3507
1213,2016-04-28,00:00:00.00,2.01714,0,0,4.71606,-2.03394,11.4661,4.71606,-33333.3,-33333.3,1.19319,95.495,0.5,0,37.0162,28.7942,24.0582,21.6806,-7.24185,2,1.14489,1.14489,1,35.5357
1214,2016-04-29,00:00:00.00,2.03431,0,0,3.96606,-0.0339442,7.96606,3.96606,-33333.3,-33333.3,1.19644,95.4796,0.5,0,37.1937,28.9915,24.2026,21.334,-7.27753,2,0.636203,0.636203,1,30.0501
1215,2016-04-30,00:00:00.00,2.05148,0,0,7.21606,2.46606,11.9661,7.21606,-33333.3,-33333.3,1.18242,95.5455,0.5,0,37.3682,28.8985,24.1136,22.8686,-7.10886,2,2.71302,2.71302,1,54.9723
1216,2016-05-01,00:00:00.00,2.06864,3.21519,0,7.71606,0.966056,14.4661,7.71606,-33333.3,-33333.3,1.18028,95.5555,0.5,0,37.5396,28.9988,24.1485,23.1123,-7.0796,2,2.71302,2.71302,1,59.0955
1217,2016-05-02,00:00:00.00,2.08581,0.602849,0,6.46606,4.96606,7.96606,6.46606,-33333.3,-33333.3,1.18565,95.5304,0.5,0,37.708,29.2353,24.3546,22.5069,-7.15106,2,0,0,1,49.7817
1218,2016-05-03,00:00:00.00,2.10298,0,0,8.96606,3.96606,13.9661,8.96606,-33333.3,-33333.3,1.17492,95.5804,0.5,0,37.8733,29.1661,24.3078,23.7305,-7.00247,2,0,0,1,69.3841
1219,2016-05-04,00:00:00.00,2.12015,0,0,9.21606,3.46606,14.9661,9.21606,-33333.3,-33333.3,1.17385,95.5853,0.5,0,38.0354,29.2762,24.3996,23.8557,-6.98636,2,0,0,1,71.6784
1220,2016-05-05,00:00:00.00,2.13731,0,0,10.9661,3.96606,17.9661,10.9661,-33333.3,-33333.3,1.16637,95.6197,0.5,0,38.1944,29.2437,24.3726,24.7467,-6.867,2,0,0,1,85.7107
1221,2016-05-06,00:00:00.00,2.15448,0,0,10.4661,4.46606,16.4661,10.4661,-33333.3,-33333.3,1.16851,95.6099,0.5,0,38.3502,29.4177,24.5176,24.4895,-6.90229,2,0,0,1,82.1988
1222,2016-05-07,00:00:00.00,2.17165,0,0,14.2161,6.96606,21.4661,14.2161,-33333.3,-33333.3,1.15251,95.6825,0.5,0,38.5028,29.1524,24.2965,26.4712,-6.61394,2,4.30769,4.30769,1,112.18
1223,2016-05-08,00:00:00.00,2.18881,0.401899,0,11.9661,5.96606,17.9661,11.9661,-33333.3,-33333.3,1.1621,95.6392,0.5,0,38.6522,29.5145,24.5195,25.2676,-6.79355,2,1.09725,1.09725,1,94.8633
1224,2016-05-09,00:00:00.00,2.20598,0,0,7.46606,1.46606,13.4661,7.46606,-33333.3,-33333.3,1.18135,95.5505,0.5,0,38.7983,30.0468,24.9489,22.9902,-7.09434,2,0,0,1,59.4574
1225,2016-05-10,00:00:00.00,2.22315,0,0,6.71606,-0.0339442,13.4661,6.71606,-33333.3,-33333.3,1.18457,95.5355,0.5,0,38.9412,30.224,25.096,22.627,-7.13722,2,0,0,1,53.722
1226,2016-05-11,00:00:00.00,2.24032,0,0,9.21606,1.46606,16.9661,9.21606,-33333.3,-33333.3,1.17385,95.5853,0.5,0,39.0809,30.1254,25.0142,23.8557,-6.98636,2,0,0,1,74.0394
1227,2016-05-12,00:00:00.00,2.25748,0,0,11.7161,2.96606,20.4661,11.7161,-33333.3,-33333.3,1.16317,95.6343,0.5,0,39.2172,29.9953,24.9061,25.1366,-6.81228,2,0.74054,0.74054,1,94.5226
1228,2016-05-13,00:00:00.00,2.27465,18.6883,0,16.4661,8.46606,24.4661,16.4661,-33333.3,-33333.3,1.14293,95.7251,0.5,0,39.3503,29.5578,24.5294,27.7197,-6.41384,2,5.70744,5.70744,1,133.394
1229,2016-05-14,00:00:00.00,2.29182,6.02849,0,14.4661,11.9661,16.9661,14.4661,-33333.3,-33333.3,1.15145,95.6872,0.5,0,39.48,29.9052,24.854,26.6077,-6.59273,2,4.6644,4.6644,1,117.665
1230,2016-05-15,00:00:00.00,2.30898,1.80855,0,7.46606,4.96606,9.96606,7.46606,-33333.3,-33333.3,1.18135,95.5505,0.5,0,39.6064,30.7039,25.537,22.9902,-7.09434,2,0,0,1,60.9666
1231,2016-05-16,00:00:00.00,2.32615,4.44089e-16,0.803799,3.21606,-0.0339442,6.46606,3.21606,-33333.3,-33333.3,1.19969,95.4642,0.5,0,39.7295,31.1254,25.9223,20.9917,-7.3113,2,0,0,1,26.3625
1232,2016-05-17,00:00:00.00,2.34332,3.01425,0,7.46606,-0.533944,15.4661,7.46606,-33333.3,-33333.3,1.18135,95.5505,0.5,0,39.8492,30.9008,25.7506,22.9902,-7.09434,2,0,0,1,61.4287
1233,2016-05-18,00:00:00.00,2.36049,0,0,10.2161,3.96606,16.4661,10.2161,-33333.3,-33333.3,1.16957,95.605,0.5,0,39.9655,30.7466,25.6793,24.3617,-6.91957,2,0,0,1,84.3601
1234,2016-05-19,00:00:00.00,2.37765,0,0,9.71606,2.96606,16.4661,9.71606,-33333.3,-33333.3,1.17171,95.5952,0.5,0,40.0784,30.8853,25.7951,24.1076,-6.95343,2,0,0,1,80.5145
1235,2016-05-20,00:00:00.00,2.39482,0,0,11.2161,4.96606,17.4661,11.2161,-33333.3,-33333.3,1.1653,95.6246,0.5,0,40.188,30.8261,25.7458,24.8761,-6.849,2,0.0271103,0.0271103,1,93.2633
1236,2016-05-21,00:00:00.00,2.41199,0,0,13.7161,5.96606,21.4661,13.7161,-33333.3,-33333.3,1.15464,95.6729,0.5,0,40.2942,30.6405,25.5903,26.1999,-6.6556,2,3.59426,3.59426,1,114.431
1237,2016-05-22,00:00:00.00,2.42915,0.20095,0,16.4661,10.4661,22.4661,16.4661,-33333.3,-33333.3,1.14293,95.7251,0.5,0,40.3969,30.3852,25.3094,27.7197,-6.41384,2,5.70744,5.70744,1,137.817
1238,2016-05-23,00:00:00.00,2.44632,0,0,15.4661,10.4661,20.4661,15.4661,-33333.3,-33333.3,1.14719,95.7062,0.5,0,40.4963,30.5912,25.3766,27.1592,-6.50535,2,5.70744,5.70744,1,129.851
1239,2016-05-24,00:00:00.00,2.46349,0,0,16.7161,8.96606,24.4661,16.7161,-33333.3,-33333.3,1.14186,95.7298,0.5,0,40.5922,30.506,25.1982,27.8613,-6.39031,2,5.70744,5.70744,1,140.771
1240,2016-05-25,00:00:00.00,2.48066,0,0,18.2161,9.46606,26.9661,18.2161,-33333.3,-33333.3,1.13546,95.7578,0.5,0,40.6847,30.3731,24.981,28.7225,-6.24356,2,5.70744,5.70744,1,153.851
1241,2016-05-26,00:00:00.00,2.49782,0,0,20.9661,13.9661,27.9661,20.9661,-33333.3,-33333.3,1.1237,95.8085,0.5,0,40.7738,30.0286,24.5915,30.3558,-5.94909,2,5.70744,5.70744,1,177.577
1242,2016-05-27,00:00:00.00,2.51499,5.02374,0,19.9661,14.4661,25.4661,19.9661,-33333.3,-33333.3,1.12799,95.7902,0.5,0,40.8594,30.2511,24.6668,29.7536,-6.06004,2,5.70744,5.70744,1,169.567
1243,2016-05-28,00:00:00.00,2.53216,0,0,23.4661,16.9661,29.9661,23.4661,-33333.3,-33333.3,1.11295,95.8537,0.5,0,40.9416,29.7373,24.2376,31.9032,-5.65183,2,5.70744,5.70744,1,199.814
1244,2016-05-29,00:00:00.00,2.54933,0.602849,0,23.7161,16.9661,30.4661,23.7161,-33333.3,-33333.3,1.11188,95.8582,0.5,0,41.0203,29.7528,24.1509,32.0613,-5.62052,2,5.70744,5.70744,1,202.451
1245,2016-05-30,00:00:00.00,2.56649,1.00475,0,22.7161,17.9661,27.4661,22.7161,-33333.3,-33333.3,1.11619,95.8402,0.5,0,41.0956,29.9856,24.2608,31.4326,-5.74404,2,5.70744,5.70744,1,194.384
1246,2016-05-31,00:00:00.00,2.58366,0,0,19.9661,14.9661,24.9661,19.9661,-33333.3,-33333.3,1.12799,95.7902,0.5,0,41.1674,30.4894,24.6034,29.7536,-6.06004,2,5.70744,5.70744,1,171.248
1247,2016-06-01,00:00:00.00,2.60083,0,0,18.4661,12.9661,23.9661,18.4661,-33333.3,-33333.3,1.1344,95.7625,0.5,0,41.2357,30.7666,24.7496,28.8681,-6.21816,2,5.70744,5.70744,1,158.733
1248,2016-06-02,00:00:00.00,2.61799,1.00475,0,16.4661,9.96606,22.9661,16.4661,-33333.3,-33333.3,1.14293,95.7251,0.5,0,41.3006,31.0949,24.9432,27.7197,-6.41384,2,0.828985,0.828985,1,141.84
1249,2016-06-03,00:00:00.00,2.63516,0,0,19.7161,13.4661,25.9661,19.7161,-33333.3,-33333.3,1.12906,95.7856,0.5,0,41.362,30.6782,24.6189,29.6046,-6.08708,2,7.02255,7.02255,1,170.178
1250,2016-06-04,00:00:00.00,2.65233,0,0,18.2161,11.4661,24.9661,18.2161,-33333.3,-33333.3,1.13546,95.7578,0.5,0,41.4199,30.9459,24.7549,28.7225,-6.24356,2,4.16398,4.16398,1,157.532
1251,2016-06-05,00:00:00.00,2.6695,14.0665,0,18.7161,11.9661,25.4661,18.7161,-33333.3,-33333.3,1.13333,95.7671,0.5,0,41.4743,30.9154,24.6897,29.0142,-6.19249,2,5.11684,5.11684,1,162.149
1252,2016-06-06,00:00:00.00,2.68666,1.40665,0,17.4661,13.9661,20.9661,17.4661,-33333.3,-33333.3,1.13866,95.7438,0.5,0,41.5253,31.1341,25.0765,28.2893,-6.31813,2,2.7347,2.7347,1,151.578
1253,2016-06-07,00:00:00.00,2.70383,4.01899,0,18.2161,12.4661,23.9661,18.2161,-33333.3,-33333.3,1.13546,95.7578,0.5,0,41.5728,31.0646,25.0119,28.7225,-6.24356,2,4.16398,4.16398,1,158.342
1254,2016-06-08,00:00:00.00,2.721,0,0,13.9661,10.9661,16.9661,13.9661,-33333.3,-33333.3,1.15358,95.6777,0.5,0,41.6168,31.6583,25.5123,26.3353,-6.63489,2,0,0,1,121.582
1255,2016-06-09,00:00:00.00,2.73816,0.401899,0,9.46606,5.96606,12.9661,9.46606,-33333.3,-33333.3,1.17278,95.5902,0.5,0,41.6573,32.1748,25.9286,23.9814,-6.97001,2,0,0,1,82.5231
1256,2016-06-10,00:00:00.00,2.75533,0,0,12.2161,5.96606,18.4661,12.2161,-33333.3,-33333.3,1.16104,95.644,0.5,0,41.6944,31.9204,25.7315,25.3991,-6.77458,2,0,0,1,106.636
1257,2016-06-11,00:00:00.00,2.7725,3.81804,0,15.4661,6.46606,24.4661,15.4661,-33333.3,-33333.3,1.14719,95.7062,0.5,0,41.7279,31.56,25.441,27.1592,-6.50535,2,0,0,1,135.169
1258,2016-06-12,00:00:00.00,2.78967,0,0,20.7161,12.4661,28.9661,20.7161,-33333.3,-33333.3,1.12478,95.8039,0.5,0,41.758,30.8261,24.922,30.2044,-5.97725,2,7.62285,7.62285,1,181.253
1259,2016-06-13,00:00:00.00,2.80683,0,0,13.9661,9.96606,17.9661,13.9661,-33333.3,-33333.3,1.15358,95.6777,0.5,0,41.7846,31.7905,25.5882,26.3353,-6.63489,2,0,0,1,122.317
1260,2016-06-14,00:00:00.00,2.824,0,0,12.7161,8.46606,16.9661,12.7161,-33333.3,-33333.3,1.15891,95.6537,0.5,0,41.8077,31.9542,25.7201,25.6639,-6.73591,2,0,0,1,111.47
1261,2016-06-15,00:00:00.00,2.84117,0,0,15.2161,6.96606,23.4661,15.2161,-33333.3,-33333.3,1.14825,95.7015,0.5,0,41.8273,31.6699,25.4912,27.0205,-6.52758,2,0,0,1,133.492
1262,2016-06-16,00:00:00.00,2.85833,2.61235,0,16.9661,9.96606,23.9661,16.9661,-33333.3,-33333.3,1.1408,95.7345,0.5,0,41.8434,31.4513,25.3152,28.0034,-6.36652,2,1.78184,1.78184,1,148.95
1263,2016-06-17,00:00:00.00,2.8755,0,0,18.2161,11.9661,24.4661,18.2161,-33333.3,-33333.3,1.13546,95.7578,0.5,0,41.856,31.2846,25.2084,28.7225,-6.24356,2,4.16398,4.16398,1,160.02
1264,2016-06-18,00:00:00.00,2.89267,0,0,20.9661,12.4661,29.4661,20.9661,-33333.3,-33333.3,1.1237,95.8085,0.5,0,41.8652,30.8681,24.8188,30.3558,-5.94909,2,7.62285,7.62285,1,184.27
1265,2016-06-19,00:00:00.00,2.90984,0,0,21.9661,13.9661,29.9661,21.9661,-33333.3,-33333.3,1.11941,95.8267,0.5,0,41.8709,30.7061,24.5973,30.9675,-5.83364,2,7.62285,7.62285,1,193.136
1266,2016-06-20,00:00:00.00,2.927,0,0,22.2161,13.9661,30.4661,22.2161,-33333.3,-33333.3,1.11834,95.8312,0.5,0,41.8731,30.6652,24.4858,31.122,-5.80406,2,7.62285,7.62285,1,195.393
1267,2016-06-21,00:00:00.00,2.94417,0,0,25.2161,18.4661,31.9661,25.2161,-33333.3,-33333.3,1.10538,95.885,0.5,0,41.8718,30.1184,23.9822,33.0228,-5.42638,2,7.62285,7.62285,1,221.822
1268,2016-06-22,00:00:00.00,2.96134,0,0,16.4661,9.46606,23.4661,16.4661,-33333.3,-33333.3,1.14293,95.7251,0.5,0,41.8671,31.5383,25.0522,27.7197,-6.41384,2,0.828985,0.828985,1,144.864
1269,2016-06-23,00:00:00.00,2.9785,0,0,16.9661,11.4661,22.4661,16.9661,-33333.3,-33333.3,1.1408,95.7345,0.5,0,41.8589,31.4641,24.9875,28.0034,-6.36652,2,1.78184,1.78184,1,149.262
1270,2016-06-24,00:00:00.00,2.99567,0,0,17.4661,10.4661,24.4661,17.4661,-33333.3,-33333.3,1.13866,95.7438,0.5,0,41.8472,31.3857,24.9133,28.2893,-6.31813,2,2.7347,2.7347,1,153.645
1271,2016-06-25,00:00:00.00,3.01284,0,0,19.7161,10.9661,28.4661,19.7161,-33333.3,-33333.3,1.12906,95.7856,0.5,0,41.832,31.0422,24.6229,29.6046,-6.08708,2,7.02255,7.02255,1,173.402
1272,2016-06-26,00:00:00.00,3.03001,0,0,20.7161,12.4661,28.9661,20.7161,-33333.3,-33333.3,1.12478,95.8039,0.5,0,41.8134,30.8702,24.4435,30.2044,-5.97725,2,7.62285,7.62285,1,182.142
1273,2016-06-27,00:00:00.00,3.04717,8.03799,0,22.9661,14.9661,30.9661,22.9661,-33333.3,-33333.3,1.11511,95.8447,0.5,0,41.7913,30.4738,24.0893,31.5889,-5.71359,2,7.62285,7.62285,1,201.843
1274,2016-06-28,00:00:00.00,3.06434,0,0,23.7161,18.4661,28.9661,23.7161,-33333.3,-33333.3,1.11188,95.8582,0.5,0,41.7658,30.3204,24.0711,32.0613,-5.62052,2,7.62285,7.62285,1,208.329
1275,2016-06-29,00:00:00.00,3.08151,0.20095,0,15.9661,13.4661,18.4661,15.9661,-33333.3,-33333.3,1.14506,95.7157,0.5,0,41.7368,31.5043,24.9605,27.4384,-6.46012,2,0,0,1,140.165
1276,2016-06-30,00:00:00.00,3.09867,0,0,17.4661,10.9661,23.9661,17.4661,-33333.3,-33333.3,1.13866,95.7438,0.5,0,41.7044,31.276,24.7834,28.2893,-6.31813,2,2.7347,2.7347,1,153.225
1277,2016-07-01,00:00:00.00,3.11584,0,0,17.9661,9.46606,26.4661,17.9661,-33333.3,-33333.3,1.13653,95.7532,0.5,0,41.6685,31.1776,24.6898,28.5775,-6.26868,2,3.68755,3.68755,1,157.485
1278,2016-07-02,00:00:00.00,3.13301,5.82754,0,16.7161,12.9661,20.4661,16.7161,-33333.3,-33333.3,1.14186,95.7298,0.5,0,41.6292,31.3211,24.7832,27.8613,-6.39031,2,0,0,1,146.394
1279,2016-07-03,00:00:00.00,3.15018,0,0,15.9661,8.46606,23.4661,15.9661,-33333.3,-33333.3,1.14506,95.7157,0.5,0,41.5864,31.3877,24.9487,27.4384,-6.46012,2,0,0,1,139.685
1280,2016-07-04,00:00:00.00,3.16734,0,0,17.9661,10.9661,24.9661,17.9661,-33333.3,-33333.3,1.13653,95.7532,0.5,0,41.5403,31.0788,24.7032,28.5775,-6.26868,2,0,0,1,157.008
1281,2016-07-05,00:00:00.00,3.18451,0,0,19.4661,11.4661,27.4661,19.4661,-33333.3,-33333.3,1.13013,95.781,0.5,0,41.4907,30.8198,24.4973,29.4561,-6.11385,2,2.00998,2.00998,1,169.911
1282,2016-07-06,00:00:00.00,3.20168,0,0,21.4661,13.9661,28.9661,21.4661,-33333.3,-33333.3,1.12156,95.8176,0.5,0,41.4376,30.4626,24.1994,30.6605,-5.89193,2,6.09115,6.09115,1,187.123
1283,2016-07-07,00:00:00.00,3.21884,0,0,22.9661,15.9661,29.9661,22.9661,-33333.3,-33333.3,1.11511,95.8447,0.5,0,41.3812,30.1651,23.9228,31.5889,-5.71359,2,8.16235,8.16235,1,199.916
1284,2016-07-08,00:00:00.00,3.23601,0,0,24.4661,18.9661,29.9661,24.4661,-33333.3,-33333.3,1.10863,95.8716,0.5,0,41.3214,29.8502,23.6253,32.5393,-5.52479,2,8.16235,8.16235,1,212.651
1285,2016-07-09,00:00:00.00,3.25318,0.803799,0,23.9661,18.9661,28.9661,23.9661,-33333.3,-33333.3,1.1108,95.8627,0.5,0,41.2582,29.8942,23.6193,32.22,-5.5889,2,8.16235,8.16235,1,207.969
1286,2016-07-10,00:00:00.00,3.27035,4.01899,0,20.2161,16.9661,23.4661,20.2161,-33333.3,-33333.3,1.12692,95.7948,0.5,0,41.1915,30.4752,24.0564,29.9033,-6.03272,2,3.54042,3.54042,1,175.128
1287,2016-07-11,00:00:00.00,3.28751,0,0,20.4661,14.4661,26.4661,20.4661,-33333.3,-33333.3,1.12585,95.7993,0.5,0,41.1215,30.3824,24.0414,30.0535,-6.00513,2,4.05057,4.05057,1,176.972
1288,2016-07-12,00:00:00.00,3.30468,0,0,21.4661,14.4661,28.4661,21.4661,-33333.3,-33333.3,1.12156,95.8176,0.5,0,41.0481,30.1659,23.85,30.6605,-5.89193,2,6.09115,6.09115,1,185.263
1289,2016-07-13,00:00:00.00,3.32185,0,0,24.7161,16.4661,32.9661,24.7161,-33333.3,-33333.3,1.10755,95.8761,0.5,0,40.9714,29.5411,23.3285,32.6998,-5.49229,2,8.16235,8.16235,1,212.883
1290,2016-07-14,00:00:00.00,3.33902,17.2817,0,26.4661,20.9661,31.9661,26.4661,-33333.3,-33333.3,1.09995,95.9071,0.5,0,40.8913,29.1465,22.9844,33.8412,-5.25634,2,8.16235,8.16235,1,227.473
1291,2016-07-15,00:00:00.00,3.35618,0,0,23.7161,18.9661,28.4661,23.7161,-33333.3,-33333.3,1.11188,95.8582,0.5,0,40.8078,29.5993,23.5987,32.0613,-5.62052,2,8.16235,8.16235,1,203.386
1292,2016-07-16,00:00:00.00,3.37335,1.80855,0,19.2161,15.9661,22.4661,19.2161,-33333.3,-33333.3,1.13119,95.7763,0.5,0,40.721,30.2647,24.0624,29.3082,-6.14033,2,1.49983,1.49983,1,164.413
1293,2016-07-17,00:00:00.00,3.39052,0,0,18.2161,11.9661,24.4661,18.2161,-33333.3,-33333.3,1.13546,95.7578,0.5,0,40.6308,30.3394,24.1447,28.7225,-6.24356,2,0,0,1,155.48
1294,2016-07-18,00:00:00.00,3.40768,0,0,18.2161,10.9661,25.4661,18.2161,-33333.3,-33333.3,1.13546,95.7578,0.5,0,40.5373,30.2668,24.0869,28.7225,-6.24356,2,0,0,1,155.088
1295,2016-07-19,00:00:00.00,3.42485,0,0,23.4661,20.4661,26.4661,23.4661,-33333.3,-33333.3,1.11295,95.8537,0.5,0,40.4405,29.3648,23.369,31.9032,-5.65183,2,8.16235,8.16235,1,199.263
1296,2016-07-20,00:00:00.00,3.44202,0,0,17.4661,10.9661,23.9661,17.4661,-33333.3,-33333.3,1.13866,95.7438,0.5,0,40.3404,30.2173,23.9871,28.2893,-6.31813,2,0,0,1,147.91
1297,2016-07-21,00:00:00.00,3.45919,0,0,18.9661,10.4661,27.4661,18.9661,-33333.3,-33333.3,1.13226,95.7717,0.5,0,40.237,29.9262,23.756,29.1609,-6.16655,2,0.989685,0.989685,1,160.16
1298,2016-07-22,00:00:00.00,3.47635,0,0,22.9661,15.4661,30.4661,22.9661,-33333.3,-33333.3,1.11511,95.8447,0.5,0,40.1303,29.2147,23.1851,31.5889,-5.71359,2,8.16235,8.16235,1,193.372
1299,2016-07-23,00:00:00.00,3.49352,0,0,25.9661,20.4661,31.4661,25.9661,-33333.3,-33333.3,1.10212,95.8982,0.5,0,40.0204,28.5909,22.6421,33.512,-5.32527,2,8.16235,8.16235,1,217.972
1300,2016-07-24,00:00:00.00,3.51069,0,0,24.7161,18.4661,30.9661,24.7161,-33333.3,-33333.3,1.10755,95.8761,0.5,0,39.9071,28.7373,22.7167,32.6998,-5.49229,2,8.16235,8.16235,1,206.831
1301,2016-07-25,00:00:00.00,3.52785,16.4779,0,22.2161,16.4661,27.9661,22.2161,-33333.3,-33333.3,1.11834,95.8312,0.5,0,39.7907,29.0797,22.9516,31.122,-5.80406,2,7.6216,7.6216,1,185.311
1302,2016-07-26,00:00:00.00,3.54502,0,0,24.7161,20.4661,28.9661,24.7161,-33333.3,-33333.3,1.10755,95.8761,0.5,0,39.6709,28.558,22.7768,32.6998,-5.49229,2,8.16235,8.16235,1,205.48
1303,2016-07-27,00:00:00.00,3.56219,0,0,22.7161,16.4661,28.9661,22.7161,-33333.3,-33333.3,1.11619,95.8402,0.5,0,39.548,28.8107,22.9135,31.4326,-5.74404,2,8.16235,8.16235,1,188.206
1304,2016-07-28,00:00:00.00,3.57936,0,0,23.4661,15.9661,30.9661,23.4661,-33333.3,-33333.3,1.11295,95.8537,0.5,0,39.4219,28.5874,22.6808,31.9032,-5.65183,2,8.16235,8.16235,1,193.735
1305,2016-07-29,00:00:00.00,3.59652,0,0,23.2161,17.4661,28.9661,23.2161,-33333.3,-33333.3,1.11403,95.8492,0.5,0,39.2925,28.5307,22.5888,31.7458,-5.68286,2,8.16235,8.16235,1,190.977
1306,2016-07-30,00:00:00.00,3.61369,1.2057,0,22.2161,16.9661,27.4661,22.2161,-33333.3,-33333.3,1.11834,95.8312,0.5,0,39.16,28.594,22.5986,31.122,-5.80406,2,7.6216,7.6216,1,182.07
1307,2016-07-31,00:00:00.00,3.63086,2.0095,0,21.4661,14.9661,27.9661,21.4661,-33333.3,-33333.3,1.12156,95.8176,0.5,0,39.0243,28.6084,22.5972,30.6605,-5.89193,2,6.09115,6.09115,1,175.251
1308,2016-08-01,00:00:00.00,3.64802,0,0,20.9661,16.9661,24.9661,20.9661,-33333.3,-33333.3,1.1237,95.8085,0.5,0,38.8855,28.578,22.5818,30.3558,-5.94909,2,5.07086,5.07086,1,170.497
1309,2016-08-02,00:00:00.00,3.66519,0,0,22.2161,15.9661,28.4661,22.2161,-33333.3,-33333.3,1.11834,95.8312,0.5,0,38.7435,28.2721,22.3193,31.122,-5.80406,2,6.97468,6.97468,1,179.935
1310,2016-08-03,00:00:00.00,3.68236,0,0,23.9661,15.9661,31.9661,23.9661,-33333.3,-33333.3,1.1108,95.8627,0.5,0,38.5984,27.8703,21.9763,32.22,-5.5889,2,6.97468,6.97468,1,193.308
1311,2016-08-04,00:00:00.00,3.69953,0,0,22.9661,14.9661,30.9661,22.9661,-33333.3,-33333.3,1.11511,95.8447,0.5,0,38.4503,27.9238,21.9959,31.5889,-5.71359,2,6.97468,6.97468,1,184.46
1312,2016-08-05,00:00:00.00,3.71669,0,0,23.7161,15.4661,31.9661,23.7161,-33333.3,-33333.3,1.11188,95.8582,0.5,0,38.299,27.6825,21.7861,32.0613,-5.62052,2,6.97468,6.97468,1,189.66
1313,2016-08-06,00:00:00.00,3.73386,4.01899,0,25.7161,19.9661,31.4661,25.7161,-33333.3,-33333.3,1.10321,95.8938,0.5,0,38.1448,27.215,21.4013,33.3483,-5.35928,2,6.97468,6.97468,1,204.744
1314,2016-08-07,00:00:00.00,3.75103,0,0,21.4661,15.4661,27.4661,21.4661,-33333.3,-33333.3,1.12156,95.8176,0.5,0,37.9874,27.8025,21.9108,30.6605,-5.89193,2,6.5004,6.5004,1,170.134
1315,2016-08-08,00:00:00.00,3.76819,0,0,21.9661,14.9661,28.9661,21.9661,-33333.3,-33333.3,1.11941,95.8267,0.5,0,37.8271,27.6005,21.7321,30.9675,-5.83364,2,6.97468,6.97468,1,173.291
1316,2016-08-09,00:00:00.00,3.78536,0,0,20.7161,12.9661,28.4661,20.7161,-33333.3,-33333.3,1.12478,95.8039,0.5,0,37.6638,27.6623,21.7622,30.2044,-5.97725,2,5.19265,5.19265,1,162.658
1317,2016-08-10,00:00:00.00,3.80253,0,0,21.9661,13.4661,30.4661,21.9661,-33333.3,-33333.3,1.11941,95.8267,0.5,0,37.4975,27.3438,21.4997,30.9675,-5.83364,2,6.97468,6.97468,1,171.641
1318,2016-08-11,00:00:00.00,3.8197,0,0,22.7161,12.9661,32.4661,22.7161,-33333.3,-33333.3,1.11619,95.8402,0.5,0,37.3283,27.0947,21.2893,31.4326,-5.74404,2,6.97468,6.97468,1,176.627
1319,2016-08-12,00:00:00.00,3.83686,13.2627,0,24.7161,17.9661,31.4661,24.7161,-33333.3,-33333.3,1.10755,95.8761,0.5,0,37.1562,26.6325,20.9137,32.6998,-5.49229,2,6.97468,6.97468,1,191.213
1320,2016-08-13,00:00:00.00,3.85403,5.82754,0,26.4661,21.9661,30.9661,26.4661,-33333.3,-33333.3,1.09995,95.9071,0.5,0,36.9812,26.1908,20.7505,33.8412,-5.25634,2,6.97468,6.97468,1,203.702
1321,2016-08-14,00:00:00.00,3.8712,65.3086,0,23.9661,20.9661,26.9661,23.9661,-33333.3,-33333.3,1.1108,95.8627,0.5,0,36.8034,26.4855,21.0386,32.22,-5.5889,2,6.97468,6.97468,1,183.497
1322,2016-08-15,00:00:00.00,3.88836,0,0,21.7161,17.9661,25.4661,21.7161,-33333.3,-33333.3,1.12049,95.8221,0.5,0,36.6227,26.6984,21.8577,30.8137,-5.86293,2,6.93632,6.93632,1,165.385
1323,2016-08-16,00:00:00.00,3.90553,10.0475,0,20.7161,14.9661,26.4661,20.7161,-33333.3,-33333.3,1.12478,95.8039,0.5,0,36.4393,26.701,21.7451,30.2044,-5.97725,2,5.19265,5.19265,1,156.914
1324,2016-08-17,00:00:00.00,3.9227,16.8798,0,22.4661,18.9661,25.9661,22.4661,-33333.3,-33333.3,1.11726,95.8357,0.5,0,36.2531,26.2955,21.496,31.277,-5.77419,2,6.97468,6.97468,1,169.231
1325,2016-08-18,00:00:00.00,3.93987,0.803799,0,20.7161,14.9661,26.4661,20.7161,-33333.3,-33333.3,1.12478,95.8039,0.5,0,36.0642,26.4057,21.6862,30.2044,-5.97725,2,5.19265,5.19265,1,155.172
1326,2016-08-19,00:00:00.00,3.95703,0,0,22.9661,17.9661,27.9661,22.9661,-33333.3,-33333.3,1.11511,95.8447,0.5,0,35.8726,25.9213,21.2178,31.5889,-5.71359,2,6.97468,6.97468,1,171.042
1327,2016-08-20,00:00:00.00,3.9742,9.44464,0,21.9661,15.9661,27.9661,21.9661,-33333.3,-33333.3,1.11941,95.8267,0.5,0,35.6783,25.9208,21.1054,30.9675,-5.83364,2,6.97468,6.97468,1,162.643
1328,2016-08-21,00:00:00.00,3.99137,13.4636,0,24.2161,19.4661,28.9661,24.2161,-33333.3,-33333.3,1.10971,95.8672,0.5,0,35.4815,25.4191,20.7393,32.3793,-5.55699,2,6.97468,6.97468,1,178.242
1329,2016-08-22,00:00:00.00,4.00853,0.602849,0,20.9661,17.4661,24.4661,20.9661,-33333.3,-33333.3,1.1237,95.8085,0.5,0,35.282,25.7537,21.1091,30.3558,-5.94909,2,5.62856,5.62856,1,153.393
1330,2016-08-23,00:00:00.00,4.0257,0,0,15.9661,9.96606,21.9661,15.9661,-33333.3,-33333.3,1.14506,95.7157,0.5,0,35.0801,26.2275,21.4157,27.4384,-6.46012,2,0,0,1,116.098
1331,2016-08-24,00:00:00.00,4.04287,0,0,18.7161,12.4661,24.9661,18.7161,-33333.3,-33333.3,1.13333,95.7671,0.5,0,34.8756,25.7333,21.0121,29.0142,-6.19249,2,1.70531,1.70531,1,135.251
1332,2016-08-25,00:00:00.00,4.06004,4.82279,0,20.4661,13.9661,26.9661,20.4661,-33333.3,-33333.3,1.12585,95.7993,0.5,0,34.6687,25.3384,20.6632,30.0535,-6.00513,2,4.75673,4.75673,1,146.965
1333,2016-08-26,00:00:00.00,4.0772,0.20095,0,24.2161,19.9661,28.4661,24.2161,-33333.3,-33333.3,1.10971,95.8672,0.5,0,34.4594,24.6239,20.0829,32.3793,-5.55699,2,6.97468,6.97468,1,172.78
1334,2016-08-27,00:00:00.00,4.09437,0,0,22.7161,16.9661,28.4661,22.7161,-33333.3,-33333.3,1.11619,95.8402,0.5,0,34.2478,24.687,20.0348,31.4326,-5.74404,2,6.97468,6.97468,1,161.025
1335,2016-08-28,00:00:00.00,4.11154,0.20095,0,19.9661,12.9661,26.9661,19.9661,-33333.3,-33333.3,1.12799,95.7902,0.5,0,34.0338,24.9019,20.1181,29.7536,-6.06004,2,3.8849,3.8849,1,140.598
1336,2016-08-29,00:00:00.00,4.12871,0,0,21.9661,16.9661,26.9661,21.9661,-33333.3,-33333.3,1.11941,95.8267,0.5,0,33.8176,24.4573,19.7182,30.9675,-5.83364,2,6.97468,6.97468,1,153.647
1337,2016-08-30,00:00:00.00,4.14587,0,0,20.7161,15.4661,25.9661,20.7161,-33333.3,-33333.3,1.12478,95.8039,0.5,0,33.5992,24.4574,19.6448,30.2044,-5.97725,2,5.19265,5.19265,1,143.92
1338,2016-08-31,00:00:00.00,4.16304,0,0,20.4661,13.9661,26.9661,20.4661,-33333.3,-33333.3,1.12585,95.7993,0.5,0,33.3787,24.3158,19.4835,30.0535,-6.00513,2,4.75673,4.75673,1,141.205
1339,2016-09-01,00:00:00.00,4.18021,0,0,21.9661,18.4661,25.4661,21.9661,-33333.3,-33333.3,1.11941,95.8267,0.5,0,33.156,23.9356,19.1398,30.9675,-5.83364,2,6.97468,6.97468,1,150.497
1340,2016-09-02,00:00:00.00,4.19737,0,0,17.4661,13.9661,20.9661,17.4661,-33333.3,-33333.3,1.13866,95.7438,0.5,0,32.9313,24.3296,19.4015,28.2893,-6.31813,2,3.87851,3.87851,1,118.82
1341,2016-09-03,00:00:00.00,4.21454,0,0,15.7161,9.96606,21.4661,15.7161,-33333.3,-33333.3,1.14612,95.711,0.5,0,32.7046,24.3407,19.3843,27.2985,-6.48287,2,1.79329,1.79329,1,106.149
1342,2016-09-04,00:00:00.00,4.23171,0,0,16.4661,9.46606,23.4661,16.4661,-33333.3,-33333.3,1.14293,95.7251,0.5,0,32.4761,24.0755,19.162,27.7197,-6.41384,2,2.68696,2.68696,1,110.408
1343,2016-09-05,00:00:00.00,4.24888,0,0,17.9661,10.4661,25.4661,17.9661,-33333.3,-33333.3,1.13653,95.7532,0.5,0,32.2456,23.7214,18.8644,28.5775,-6.26868,2,4.47429,4.47429,1,119.58
1344,2016-09-06,00:00:00.00,4.26604,0,0,19.4661,11.9661,26.9661,19.4661,-33333.3,-33333.3,1.13013,95.781,0.5,0,32.0134,23.3565,18.5495,29.4561,-6.11385,2,4.76622,4.76622,1,128.599
1345,2016-09-07,00:00:00.00,4.28321,0,0,22.9661,15.4661,30.4661,22.9661,-33333.3,-33333.3,1.11511,95.8447,0.5,0,31.7794,22.7106,18.0129,31.5889,-5.71359,2,4.76622,4.76622,1,150.578
1346,2016-09-08,00:00:00.00,4.30038,50.6393,0,25.4661,19.9661,30.9661,25.4661,-33333.3,-33333.3,1.1043,95.8894,0.5,0,31.5437,22.1591,17.5545,33.1852,-5.39298,2,4.76622,4.76622,1,165.696
1347,2016-09-09,00:00:00.00,4.31754,0.20095,0,23.4661,19.9661,26.9661,23.4661,-33333.3,-33333.3,1.11295,95.8537,0.5,0,31.3065,22.2682,18.1555,31.9032,-5.65183,2,4.76622,4.76622,1,151.505
1348,2016-09-10,00:00:00.00,4.33471,0,0,21.9661,17.9661,25.9661,21.9661,-33333.3,-33333.3,1.11941,95.8267,0.5,0,31.0677,22.2856,18.1095,30.9675,-5.83364,2,4.76622,4.76622,1,140.713
1349,2016-09-11,00:00:00.00,4.35188,1.2057,0,20.4661,15.4661,25.4661,20.4661,-33333.3,-33333.3,1.12585,95.7993,0.5,0,30.8274,22.2877,18.0534,30.0535,-6.00513,2,4.76622,4.76622,1,130.069
1350,2016-09-12,00:00:00.00,4.36905,0,0,16.4661,11.9661,20.9661,16.4661,-33333.3,-33333.3,1.14293,95.7251,0.5,0,30.5858,22.5502,18.2288,27.7197,-6.41384,2,2.68696,2.68696,1,103.811
1351,2016-09-13,00:00:00.00,4.38621,0,0,15.4661,8.46606,22.4661,15.4661,-33333.3,-33333.3,1.14719,95.7062,0.5,0,30.3428,22.4553,18.1238,27.1592,-6.50535,2,1.4954,1.4954,1,96.7195
1352,2016-09-14,00:00:00.00,4.40338,0,0,17.9661,10.4661,25.4661,17.9661,-33333.3,-33333.3,1.13653,95.7532,0.5,0,30.0986,21.9971,17.7393,28.5775,-6.26868,2,4.47429,4.47429,1,111.437
1353,2016-09-15,00:00:00.00,4.42055,0,0,17.4661,14.4661,20.4661,17.4661,-33333.3,-33333.3,1.13866,95.7438,0.5,0,29.8532,21.8539,17.5812,28.2893,-6.31813,2,3.87851,3.87851,1,107.442
1354,2016-09-16,00:00:00.00,4.43771,0,0,14.7161,7.46606,21.9661,14.7161,-33333.3,-33333.3,1.15038,95.692,0.5,0,29.6067,21.9306,17.6088,26.7448,-6.57127,2,0.601736,0.601736,1,89.7705
1355,2016-09-17,00:00:00.00,4.45488,2.4114,0,15.7161,8.46606,22.9661,15.7161,-33333.3,-33333.3,1.14612,95.711,0.5,0,29.3592,21.634,17.3657,27.2985,-6.48287,2,1.79329,1.79329,1,95.0635
1356,2016-09-18,00:00:00.00,4.47205,4.82279,0,17.9661,14.4661,21.4661,17.9661,-33333.3,-33333.3,1.13653,95.7532,0.5,0,29.1108,21.2031,17.0371,28.5775,-6.26868,2,4.47429,4.47429,1,107.749
1357,2016-09-19,00:00:00.00,4.48922,0,0,21.4661,16.9661,25.9661,21.4661,-33333.3,-33333.3,1.12156,95.8176,0.5,0,28.8615,20.6018,16.5782,30.6605,-5.89193,2,4.76622,4.76622,1,127.634
1358,2016-09-20,00:00:00.00,4.50638,0,0,19.7161,13.4661,25.9661,19.7161,-33333.3,-33333.3,1.12906,95.7856,0.5,0,28.6114,20.6097,16.5447,29.6046,-6.08708,2,4.76622,4.76622,1,116.213
1359,2016-09-21,00:00:00.00,4.52355,0,0,20.9661,16.4661,25.4661,20.9661,-33333.3,-33333.3,1.1237,95.8085,0.5,0,28.3606,20.2645,16.2319,30.3558,-5.94909,2,4.76622,4.76622,1,122.5
1360,2016-09-22,00:00:00.00,4.54072,0,0,17.7161,9.96606,25.4661,17.7161,-33333.3,-33333.3,1.1376,95.7485,0.5,0,28.1093,20.4239,16.3265,28.4331,-6.29354,2,4.1764,4.1764,1,102.597
1361,2016-09-23,00:00:00.00,4.55788,0,0,20.4661,12.9661,27.9661,20.4661,-33333.3,-33333.3,1.12585,95.7993,0.5,0,27.8573,19.9225,15.8999,30.0535,-6.00513,2,4.76622,4.76622,1,117.467
1362,2016-09-24,00:00:00.00,4.57505,0,0,15.4661,13.4661,17.4661,15.4661,-33333.3,-33333.3,1.14719,95.7062,0.5,0,27.605,20.2364,16.1225,27.1592,-6.50535,2,1.4954,1.4954,1,87.971
1363,2016-09-25,00:00:00.00,4.59222,0,0,11.4661,5.46606,17.4661,11.4661,-33333.3,-33333.3,1.16424,95.6294,0.5,0,27.3523,20.3673,16.2187,25.0061,-6.83076,2,0,0,1,64.628
1364,2016-09-26,00:00:00.00,4.60939,0,0,11.7161,4.96606,18.4661,11.7161,-33333.3,-33333.3,1.16317,95.6343,0.5,0,27.0993,20.1409,16.0383,25.1366,-6.81228,2,0,0,1,65.4338
1365,2016-09-27,00:00:00.00,4.62655,8.03799,0,12.7161,8.46606,16.9661,12.7161,-33333.3,-33333.3,1.15891,95.6537,0.5,0,26.8462,19.8555,15.811,25.6639,-6.73591,2,0,0,1,70.3647
1366,2016-09-28,00:00:00.00,4.64372,0,0,12.9661,6.46606,19.4661,12.9661,-33333.3,-33333.3,1.15784,95.6585,0.5,0,26.5929,19.6287,15.728,25.7971,-6.7162,2,0,0,1,71.0822
1367,2016-09-29,00:00:00.00,4.66089,0,0,14.9661,8.96606,20.9661,14.9661,-33333.3,-33333.3,1.14932,95.6967,0.5,0,26.3397,19.2552,15.4287,26.8824,-6.54955,2,0.899625,0.899625,1,81.2793
1368,2016-09-30,00:00:00.00,4.67805,0.803799,0,13.7161,11.9661,15.4661,13.7161,-33333.3,-33333.3,1.15464,95.6729,0.5,0,26.0865,19.1551,15.3424,26.1999,-6.6556,2,0,0,1,73.7889
1369,2016-10-01,00:00:00.00,4.69522,2.21045,0,15.4661,11.4661,19.4661,15.4661,-33333.3,-33333.3,1.14719,95.7062,0.5,0,25.8335,18.8012,15.0683,27.1592,-6.50535,2,1.4954,1.4954,1,82.4141
1370,2016-10-02,00:00:00.00,4.71239,3.61709,0,12.2161,10.9661,13.4661,12.2161,-33333.3,-33333.3,1.16104,95.644,0.5,0,25.5808,18.8605,15.1314,25.3991,-6.77458,2,2.35594,2.35594,1,64.474
1371,2016-10-03,00:00:00.00,4.72956,5.62659,0,14.9661,12.9661,16.9661,14.9661,-33333.3,-33333.3,1.14932,95.6967,0.5,0,25.3285,18.435,14.815,26.8824,-6.54955,2,2.35594,2.35594,1,78.2284
1372,2016-10-04,00:00:00.00,4.74672,0,0,15.4661,12.4661,18.4661,15.4661,-33333.3,-33333.3,1.14719,95.7062,0.5,0,25.0765,18.1883,14.6624,27.1592,-6.50535,2,2.35594,2.35594,1,80.0596
1373,2016-10-05,00:00:00.00,4.76389,0,0,15.9661,10.9661,20.9661,15.9661,-33333.3,-33333.3,1.14506,95.7157,0.5,0,24.8252,17.9417,14.4454,27.4384,-6.46012,2,2.35594,2.35594,1,81.8431
1374,2016-10-06,00:00:00.00,4.78106,0.401899,0,16.9661,12.4661,21.4661,16.9661,-33333.3,-33333.3,1.1408,95.7345,0.5,0,24.5744,17.6507,14.194,28.0034,-6.36652,2,2.35594,2.35594,1,86.1174
1375,2016-10-07,00:00:00.00,4.79822,0,0,17.9661,11.4661,24.4661,17.9661,-33333.3,-33333.3,1.13653,95.7532,0.5,0,24.3244,17.358,13.9466,28.5775,-6.26868,2,2.35594,2.35594,1,90.295
1376,2016-10-08,00:00:00.00,4.81539,6.63134,0,18.2161,11.9661,24.4661,18.2161,-33333.3,-33333.3,1.13546,95.7578,0.5,0,24.0752,17.1348,13.7518,28.7225,-6.24356,2,2.35594,2.35594,1,90.6449
1377,2016-10-09,00:00:00.00,4.83256,0,0,12.4661,9.96606,14.9661,12.4661,-33333.3,-33333.3,1.15997,95.6488,0.5,0,23.8269,17.41,14.0277,25.5313,-6.75537,2,2.35594,2.35594,1,61.4149
1378,2016-10-10,00:00:00.00,4.84973,0.20095,0,8.71606,3.96606,13.4661,8.71606,-33333.3,-33333.3,1.17599,95.5754,0.5,0,23.5797,17.4558,14.0471,23.6058,-7.01836,2,0.773338,0.773338,1,42.5108
1379,2016-10-11,00:00:00.00,4.86689,0,0,6.21606,-1.03394,13.4661,6.21606,-33333.3,-33333.3,1.18672,95.5254,0.5,0,23.3335,17.3944,13.9943,22.3874,-7.16469,2,0,0,1,30.013
1380,2016-10-12,00:00:00.00,4.88406,0,0,9.21606,1.96606,16.4661,9.21606,-33333.3,-33333.3,1.17385,95.5853,0.5,0,23.0885,17.0217,13.6944,23.8557,-6.98636,2,1.06783,1.06783,1,44.0489
1381,2016-10-13,00:00:00.00,4.90123,5.82754,0,13.7161,5.46606,21.9661,13.7161,-33333.3,-33333.3,1.15464,95.6729,0.5,0,22.8447,16.5191,13.283,26.1999,-6.6556,2,2.35594,2.35594,1,64.8928
1382,2016-10-14,00:00:00.00,4.9184,0,0,8.96606,6.96606,10.9661,8.96606,-33333.3,-33333.3,1.17492,95.5804,0.5,0,22.6024,16.6373,13.4216,23.7305,-7.00247,2,0.920585,0.920585,1,41.9885
1383,2016-10-15,00:00:00.00,4.93556,0,0,7.46606,0.966056,13.9661,7.46606,-33333.3,-33333.3,1.18135,95.5505,0.5,0,22.3614,16.5246,13.3239,22.9902,-7.09434,2,0.0371061,0.0371061,1,34.6072
1384,2016-10-16,00:00:00.00,4.95273,13.2627,0,12.2161,3.96606,20.4661,12.2161,-33333.3,-33333.3,1.16104,95.644,0.5,0,22.1221,16.0381,12.9314,25.3991,-6.77458,2,2.35594,2.35594,1,56.0452
1385,2016-10-17,00:00:00.00,4.9699,2.8133,0,16.7161,14.9661,18.4661,16.7161,-33333.3,-33333.3,1.14186,95.7298,0.5,0,21.8843,15.5094,12.6149,27.8613,-6.39031,2,2.35594,2.35594,1,75.9033
1386,2016-10-18,00:00:00.00,4.98706,0,0,18.2161,13.4661,22.9661,18.2161,-33333.3,-33333.3,1.13546,95.7578,0.5,0,21.6483,15.1942,12.3647,28.7225,-6.24356,2,2.35594,2.35594,1,81.8635
1387,2016-10-19,00:00:00.00,5.00423,4.01899,0,20.4661,18.4661,22.4661,20.4661,-33333.3,-33333.3,1.12585,95.7993,0.5,0,21.4141,14.8056,12.0287,30.0535,-6.00513,2,2.35594,2.35594,1,91.0268
1388,2016-10-20,00:00:00.00,5.0214,4.01899,0,14.2161,7.46606,20.9661,14.2161,-33333.3,-33333.3,1.15251,95.6825,0.5,0,21.1818,15.1354,12.3145,26.4712,-6.61394,2,2.35594,2.35594,1,62.5757
1389,2016-10-21,00:00:00.00,5.03857,13.3632,0,11.9661,10.4661,13.4661,11.9661,-33333.3,-33333.3,1.1621,95.6392,0.5,0,20.9515,15.1018,12.3043,25.2676,-6.79355,2,2.35594,2.35594,1,52.1269
1390,2016-10-22,00:00:00.00,5.05573,2.21045,0,7.96606,5.96606,9.96606,7.96606,-33333.3,-33333.3,1.17921,95.5605,0.5,0,20.7232,15.15,12.4397,23.2349,-7.06463,2,0.331599,0.331599,1,34.3427
1391,2016-10-23,00:00:00.00,5.0729,0,0,3.71606,0.966056,6.46606,3.71606,-33333.3,-33333.3,1.19752,95.4745,0.5,0,20.4971,15.167,12.4714,21.2194,-7.28899,2,0,0,1,15.8544
1392,2016-10-24,00:00:00.00,5.09007,0,0,6.96606,1.46606,12.4661,6.96606,-33333.3,-33333.3,1.1835,95.5405,0.5,0,20.2732,14.8317,12.1956,22.7475,-7.12315,2,0,0,1,29.4124
1393,2016-10-25,00:00:00.00,5.10723,0,0,6.46606,4.96606,7.96606,6.46606,-33333.3,-33333.3,1.18565,95.5304,0.5,0,20.0517,14.674,12.0659,22.5069,-7.15106,2,0,0,1,27.0184
1394,2016-10-26,00:00:00.00,5.1244,0,0,4.71606,0.966056,8.46606,4.71606,-33333.3,-33333.3,1.19319,95.495,0.5,0,19.8325,14.5741,11.9838,21.6806,-7.24185,2,0,0,1,19.5019
1395,2016-10-27,00:00:00.00,5.14157,0,0,-0.533944,-5.03394,3.96606,-0.533944,-33333.3,-33333.3,1.21609,95.3859,0.5,0,19.6158,14.5974,12.0028,19.3349,-7.46295,2,0,0,1,-2.1851
1396,2016-10-28,00:00:00.00,5.15874,3.41614,0,1.21606,-0.533944,2.96606,1.21606,-33333.3,-33333.3,1.2084,95.4227,0.5,0,19.4016,14.3582,11.8061,20.1004,-7.39225,2,0,0,1,4.92521
1397,2016-10-29,00:00:00.00,5.1759,0.502374,0,5.71606,-2.03394,13.4661,5.71606,-33333.3,-33333.3,1.18888,95.5153,0.5,0,19.1901,14.0001,11.5413,22.1498,-7.19128,2,0,0,1,22.912
1398,2016-10-30,00:00:00.00,5.19307,0,0,12.2161,5.46606,18.9661,12.2161,-33333.3,-33333.3,1.16104,95.644,0.5,0,18.9813,13.4871,11.1226,25.3991,-6.77458,2,2.35594,2.35594,1,48.4624
1399,2016-10-31,00:00:00.00,5.21024,0.703324,0,6.96606,4.96606,8.96606,6.96606,-33333.3,-33333.3,1.1835,95.5405,0.5,0,18.7752,13.6015,11.197,22.7475,-7.12315,2,0,0,1,27.3515
1400,2016-11-01,00:00:00.00,5.2274,0,0,2.96606,-2.03394,7.96606,2.96606,-33333.3,-33333.3,1.20078,95.4591,0.5,0,18.572,13.6056,11.2062,20.8786,-7.32214,2,0,0,1,11.5268
1401,2016-11-02,00:00:00.00,5.24457,0,0,11.7161,1.96606,21.4661,11.7161,-33333.3,-33333.3,1.16317,95.6343,0.5,0,18.3717,13.0233,10.7266,25.1366,-6.81228,2,0.822833,0.822833,1,45.0674
1402,2016-11-03,00:00:00.00,5.26174,21.5016,0,14.4661,10.9661,17.9661,14.4661,-33333.3,-33333.3,1.15145,95.6872,0.5,0,18.1745,12.6955,10.4501,26.6077,-6.59273,2,0.822833,0.822833,1,55.0811
1403,2016-11-04,00:00:00.00,5.27891,0.401899,0,9.46606,6.96606,11.9661,9.46606,-33333.3,-33333.3,1.17278,95.5902,0.5,0,17.9802,12.8285,10.6338,23.9814,-6.97001,2,0.822833,0.822833,1,35.6792
1404,2016-11-05,00:00:00.00,5.29607,0,0,5.96606,0.466056,11.4661,5.96606,-33333.3,-33333.3,1.1878,95.5203,0.5,0,17.7891,12.8382,10.6384,22.2683,-7.17809,2,0.822833,0.822833,1,22.2613
1405,2016-11-06,00:00:00.00,5.31324,0,0,8.21606,2.96606,13.4661,8.21606,-33333.3,-33333.3,1.17813,95.5655,0.5,0,17.6012,12.5819,10.4195,23.358,-7.04943,2,0.822833,0.822833,1,30.3508
1406,2016-11-07,00:00:00.00,5.33041,0,0,8.46606,1.96606,14.9661,8.46606,-33333.3,-33333.3,1.17706,95.5704,0.5,0,17.4165,12.4194,10.2786,23.4816,-7.03401,2,0.822833,0.822833,1,30.9643
1407,2016-11-08,00:00:00.00,5.34757,0,0,9.71606,0.966056,18.4661,9.71606,-33333.3,-33333.3,1.17171,95.5952,0.5,0,17.2352,12.2102,10.0992,24.1076,-6.95343,2,0.822833,0.822833,1,35.1865
1408,2016-11-09,00:00:00.00,5.36474,0.602849,0,8.71606,2.96606,14.4661,8.71606,-33333.3,-33333.3,1.17599,95.5754,0.5,0,17.0572,12.1148,10.0141,23.6058,-7.01836,2,0.822833,0.822833,1,31.2569
1409,2016-11-10,00:00:00.00,5.38191,0.20095,0,5.21606,2.96606,7.46606,5.21606,-33333.3,-33333.3,1.19104,95.5051,0.5,0,16.8826,12.1265,10.022,21.9142,-7.217,2,0.822833,0.822833,1,18.5244
1410,2016-11-11,00:00:00.00,5.39908,0.20095,0,5.71606,-2.03394,13.4661,5.71606,-33333.3,-33333.3,1.18888,95.5153,0.5,0,16.7115,11.9661,9.88481,22.1498,-7.19128,2,0.822833,0.822833,1,20.1056
1411,2016-11-12,00:00:00.00,5.41624,0,0,2.96606,1.96606,3.96606,2.96606,-33333.3,-33333.3,1.20078,95.4591,0.5,0,16.544,11.934,9.85363,20.8786,-7.32214,2,0.60972,0.60972,1,10.3338
1412,2016-11-13,00:00:00.00,5.43341,0,0,1.46606,-4.03394,6.96606,1.46606,-33333.3,-33333.3,1.20731,95.4279,0.5,0,16.3801,11.8504,9.7801,20.2101,-7.38284,2,0.301157,0.301157,1,5.05986
1413,2016-11-14,00:00:00.00,5.45058,0,0,4.46606,-1.03394,9.96606,4.46606,-33333.3,-33333.3,1.19428,95.4899,0.5,0,16.2198,11.6127,9.58177,21.5646,-7.25396,2,0.822833,0.822833,1,15.2709
1414,2016-11-15,00:00:00.00,5.46774,0,0,6.71606,0.966056,12.4661,6.71606,-33333.3,-33333.3,1.18457,95.5355,0.5,0,16.0631,11.3952,9.39643,22.627,-7.13722,2,0.822833,0.822833,1,22.7542
1415,2016-11-16,00:00:00.00,5.48491,0.602849,0,6.71606,-1.03394,14.4661,6.71606,-33333.3,-33333.3,1.18457,95.5355,0.5,0,15.9103,11.2706,9.28794,22.627,-7.13722,2,0.822833,0.822833,1,22.5488
1416,2016-11-17,00:00:00.00,5.50208,0.401899,0,6.96606,2.96606,10.9661,6.96606,-33333.3,-33333.3,1.1835,95.5405,0.5,0,15.7612,11.1389,9.17779,22.7475,-7.12315,2,0.822833,0.822833,1,23.18
1417,2016-11-18,00:00:00.00,5.51925,0,0,5.96606,-1.03394,12.9661,5.96606,-33333.3,-33333.3,1.1878,95.5203,0.5,0,15.616,11.0612,9.1109,22.2683,-7.17809,2,0.822833,0.822833,1,19.6786
1418,2016-11-19,00:00:00.00,5.53641,0.401899,0,12.2161,3.96606,20.4661,12.2161,-33333.3,-33333.3,1.16104,95.644,0.5,0,15.4746,10.6612,8.77602,25.3991,-6.77458,2,0.822833,0.822833,1,39.9466
1419,2016-11-20,00:00:00.00,5.55358,13.6646,1.00475,4.46606,-0.0339442,8.96606,4.46606,-33333.3,-33333.3,1.19428,95.4899,0.5,0,15.3372,10.8906,8.96188,21.5646,-7.25396,2,0.822833,0.822833,1,14.4805
1420,2016-11-21,00:00:00.00,5.57075,0,0,-1.53394,-3.53394,0.466056,-1.53394,-33333.3,-33333.3,1.22052,95.3646,0.5,0,15.2037,10.9696,9.08348,18.895,-7.51189,2,0,0,1,-4.93226
1421,2016-11-22,00:00:00.00,5.58791,0,0,-3.03394,-5.53394,-0.533944,-3.03394,-33333.3,-33333.3,1.22719,95.3325,0.5,0,15.0742,10.9013,9.02694,18.2505,-7.57784,2,0,0,1,-9.67603
1422,2016-11-23,00:00:00.00,5.60508,0,0,-1.28394,-4.53394,1.96606,-1.28394,-33333.3,-33333.3,1.21941,95.37,0.5,0,14.9487,10.7525,8.90371,19.0042,-7.50003,2,0,0,1,-4.06222
1423,2016-11-24,00:00:00.00,5.62225,-4.44089e-15,6.02849,-3.03394,-7.03394,0.966056,-3.03394,-33333.3,-33333.3,1.22719,95.3325,0.5,0,14.8273,10.6973,8.85795,18.2505,-7.57784,2,0,0,1,-9.52432
1424,2016-11-25,00:00:00.00,5.63942,2.11931,0.894933,0.466056,-2.53394,3.46606,0.466056,-33333.3,-33333.3,1.21168,95.407,0.5,0,14.7101,10.5071,3.54927,19.774,-7.41927,2,0.0954487,0.0954487,1,1.45198
1425,2016-11-26,00:00:00.00,5.65658,0.401899,0.803799,2.46606,0.466056,4.46606,2.46606,-33333.3,-33333.3,1.20295,95.4487,0.5,0,14.5969,10.3533,3.49732,20.6539,-7.34319,2,0.506865,0.506865,1,7.62601
1426,2016-11-27,00:00:00.00,5.67375,0.401899,0.401899,2.21606,-0.0339442,4.46606,2.21606,-33333.3,-33333.3,1.20404,95.4435,0.5,0,14.4879,10.272,8.55754,20.5422,-7.35341,2,0.455438,0.455438,1,6.80361
1427,2016-11-28,00:00:00.00,5.69092,0,0,2.21606,-1.53394,5.96606,2.21606,-33333.3,-33333.3,1.20404,95.4435,0.5,0,14.3831,10.1862,8.48897,20.5422,-7.35341,2,0.455438,0.455438,1,6.75609
1428,2016-11-29,00:00:00.00,5.70809,6.83229,0,3.46606,-1.53394,8.46606,3.46606,-33333.3,-33333.3,1.19861,95.4694,0.5,0,14.2825,10.0639,8.38418,21.1053,-7.30025,2,0.712574,0.712574,1,10.4954
1429,2016-11-30,00:00:00.00,5.72525,0.401899,0,7.71606,3.46606,11.9661,7.71606,-33333.3,-33333.3,1.18028,95.5555,0.5,0,14.1862,9.83072,8.21164,23.1123,-7.0796,2,0.822833,0.822833,1,23.2117
1430,2016-12-01,00:00:00.00,5.74242,10.6503,0,6.46606,2.46606,10.4661,6.46606,-33333.3,-33333.3,1.18565,95.5304,0.5,0,14.0941,9.80478,8.18738,22.5069,-7.15106,2,0.822833,0.822833,1,19.3285
1431,2016-12-02,00:00:00.00,5.75959,2.61235,0,1.96606,0.966056,2.96606,1.96606,-33333.3,-33333.3,1.20513,95.4383,0.5,0,14.0064,9.88561,8.27362,20.431,-7.36343,2,0.322147,0.322147,1,5.84127
1432,2016-12-03,00:00:00.00,5.77675,1.14915,0.0565488,0.966056,-0.0339442,1.96606,0.966056,-33333.3,-33333.3,1.20949,95.4175,0.5,0,13.9229,9.84675,8.25505,19.9911,-7.40146,2,0.322147,0.322147,1,2.85346
1433,2016-12-04,00:00:00.00,5.79392,0,0,0.966056,-0.533944,2.46606,0.966056,-33333.3,-33333.3,1.20949,95.4175,0.5,0,13.8438,9.78193,8.20608,19.9911,-7.40146,2,0.322147,0.322147,1,2.83752
1434,2016-12-05,00:00:00.00,5.81109,3.55271e-15,9.04274,0.466056,-0.533944,1.46606,0.466056,-33333.3,-33333.3,1.21168,95.407,0.5,0,13.769,9.73474,8.16453,19.774,-7.41927,2,0.322147,0.322147,1,1.36162
1435,2016-12-06,00:00:00.00,5.82826,0,0,2.71606,-1.03394,6.46606,2.71606,-33333.3,-33333.3,1.20186,95.4539,0.5,0,13.6987,9.61121,3.24523,20.766,-7.33277,2,0.322147,0.322147,1,7.89481
1436,2016-12-07,00:00:00.00,5.84542,0,0,-0.283944,-4.53394,3.96606,-0.283944,-33333.3,-33333.3,1.21498,95.3912,0.5,0,13.6327,9.64324,8.10385,19.4462,-7.45008,2,0.322147,0.322147,1,-0.821359
1437,2016-12-08,00:00:00.00,5.86259,0,0,0.216056,-1.53394,1.96606,0.216056,-33333.3,-33333.3,1.21278,95.4017,0.5,0,13.5711,9.57928,8.04817,19.6661,-7.42788,2,0.322147,0.322147,1,0.622178
1438,2016-12-09,00:00:00.00,5.87976,0,2.0095,-2.53394,-4.03394,-1.03394,-2.53394,-33333.3,-33333.3,1.22496,95.3432,0.5,0,13.514,9.60198,8.06599,18.4633,-7.55683,2,0.147785,0.147785,1,-7.26574
1439,2016-12-10,00:00:00.00,5.89692,0,1.00475,-6.03394,-9.03394,-3.03394,-6.03394,-33333.3,-33333.3,1.24065,95.2671,0.5,0,13.4612,9.634,3.25189,17.016,-7.68395,2,0,0,1,-17.2328
1440,2016-12-11,00:00:00.00,5.91409,2.22045e-16,1.80855,-7.53394,-11.0339,-4.03394,-7.53394,-33333.3,-33333.3,1.24744,95.2339,0.5,0,13.413,9.62238,3.2478,16.4251,-7.72468,2,0,0,1,-21.4374
1441,2016-12-12,00:00:00.00,5.93126,0,16.076,-5.03394,-9.53394,-0.533944,-5.03394,-33333.3,-33333.3,1.23614,95.2891,0.5,0,13.3692,9.53767,3.21927,17.4196,-7.6523,2,0,0,1,-14.2752
1442,2016-12-13,00:00:00.00,5.94843,0,1.00475,-1.03394,-5.03394,2.96606,-1.03394,-33333.3,-33333.3,1.2183,95.3753,0.5,0,13.3299,9.41382,3.17767,19.1139,-7.48792,2,0.26859,0.26859,1,-2.92294
1443,2016-12-14,00:00:00.00,5.96559,-2.22045e-15,3.01425,-4.53394,-6.53394,-2.53394,-4.53394,-33333.3,-33333.3,1.2339,95.3,0.5,0,13.295,9.46588,3.19494,17.6243,-7.6351,2,0,0,1,-12.7815
1444,2016-12-15,00:00:00.00,5.98276,0,14.0665,-9.78394,-13.0339,-6.53394,-9.78394,-33333.3,-33333.3,1.25772,95.1834,0.5,0,13.2647,9.53753,3.21879,15.5708,-7.77113,2,0,0,1,-27.5128
1445,2016-12-16,00:00:00.00,5.99993,0,28.133,-12.0339,-15.0339,-9.03394,-12.0339,-33333.3,-33333.3,1.26811,95.132,0.5,0,13.2388,9.54992,3.22282,14.7536,-7.80082,2,0,0,1,-33.7658
1446,2016-12-17,00:00:00.00,6.01709,1.77636e-15,14.4684,-9.78394,-14.0339,-5.53394,-9.78394,-33333.3,-33333.3,1.25772,95.1834,0.5,0,13.2175,9.49814,3.2054,15.5708,-7.77113,2,0,0,1,-27.4009
1447,2016-12-18,00:00:00.00,6.03426,0,1.00475,-5.78394,-11.0339,-0.533944,-5.78394,-33333.3,-33333.3,1.23952,95.2726,0.5,0,13.2007,9.41296,3.17683,17.1162,-7.67638,2,0,0,1,-16.1731
1448,2016-12-19,00:00:00.00,6.05143,-1.11022e-16,0.602849,-8.03394,-10.5339,-5.53394,-8.03394,-33333.3,-33333.3,1.24971,95.2228,0.5,0,13.1884,9.44441,3.1873,16.232,-7.7365,2,0,0,1,-22.4363
1449,2016-12-20,00:00:00.00,6.0686,0,0,-13.0339,-16.0339,-10.0339,-13.0339,-33333.3,-33333.3,1.27277,95.1089,0.5,0,13.1806,9.51471,3.21078,14.4021,-7.80886,2,0,0,1,-36.3654
1450,2016-12-21,00:00:00.00,6.08576,0,0,-8.03394,-14.5339,-1.53394,-8.03394,-33333.3,-33333.3,1.24971,95.2228,0.5,0,13.1773,9.43491,3.18407,16.232,-7.7365,2,0,0,1,-22.4011
1451,2016-12-22,00:00:00.00,6.10293,2.22045e-16,1.80855,-4.78394,-9.03394,-0.533944,-4.78394,-33333.3,-33333.3,1.23502,95.2945,0.5,0,13.1786,9.37384,3.16364,17.5217,-7.64382,2,0,0,1,-13.335
1452,2016-12-23,00:00:00.00,6.1201,0,0,-1.28394,-4.53394,1.96606,-1.28394,-33333.3,-33333.3,1.21941,95.37,0.5,0,13.1844,9.2991,3.13866,19.0042,-7.50003,2,0.248456,0.248456,1,-3.57894
1453,2016-12-24,00:00:00.00,6.13726,-2.22045e-15,3.01425,-2.53394,-5.53394,0.466056,-2.53394,-33333.3,-33333.3,1.22496,95.3432,0.5,0,13.1948,9.33731,3.15148,18.4633,-7.55683,2,0.147785,0.147785,1,-7.06558
1454,2016-12-25,00:00:00.00,6.15443,0.0659313,0.135018,-0.283944,-2.03394,1.46606,-0.283944,-33333.3,-33333.3,1.21498,95.3912,0.5,0,13.2096,9.29392,3.13702,19.4462,-7.45008,2,0.322147,0.322147,1,-0.792237
1455,2016-12-26,00:00:00.00,6.1716,-2.22045e-15,3.01425,-1.03394,-2.03394,-0.0339442,-1.03394,-33333.3,-33333.3,1.2183,95.3753,0.5,0,13.229,9.32871,3.14873,19.1139,-7.48792,2,0.26859,0.26859,1,-2.88764
1456,2016-12-27,00:00:00.00,6.18877,27.1282,0,1.46606,-6.03394,8.96606,1.46606,-33333.3,-33333.3,1.20731,95.4279,0.5,0,13.2529,9.2812,3.13293,20.2101,-7.38284,2,0.322147,0.322147,1,4.09973
1457,2016-12-28,00:00:00.00,6.20593,1.11022e-16,0.20095,-1.53394,-3.03394,-0.0339442,-1.53394,-33333.3,-33333.3,1.22052,95.3646,0.5,0,13.2814,9.38352,3.16728,18.895,-7.51189,2,0.228322,0.228322,1,-4.29636
1458,2016-12-29,00:00:00.00,6.2231,1.77636e-15,10.4494,-2.78394,-5.53394,-0.0339442,-2.78394,-33333.3,-33333.3,1.22607,95.3379,0.5,0,13.3143,9.44007,3.18633,18.3567,-7.56746,2,0.127651,0.127651,1,-7.81228
1459,2016-12-30,00:00:00.00,6.24027,0,16.076,-1.03394,-4.03394,1.96606,-1.03394,-33333.3,-33333.3,1.2183,95.3753,0.5,0,13.3518,9.42828,3.18253,19.1139,-7.48792,2,0.26859,0.26859,1,-2.90785
1460,2016-12-31,00:00:00.00,6.25743,-1.77636e-15,7.63609,-4.53394,-6.03394,-3.03394,-4.53394,-33333.3,-33333.3,1.2339,95.3,0.5,0,13.3938,9.54362,3.22129,17.6243,-7.6351,2,0,0,1,-12.7834
1461,2017-01-01,00:00:00.00,6.2746,0,7.03324,-2.28394,-6.53394,1.96606,-2.28394,-33333.3,-33333.3,1.22385,95.3486,0.5,0,13.4402,9.53095,3.21724,18.5705,-7.54597,2,0.167919,0.167919,1,-6.45773
1462,2017-01-02,00:00:00.00,0.0086071,0,0,-3.53394,-7.03394,-0.0339442,-3.53394,-33333.3,-33333.3,1.22942,95.3217,0.5,0,13.4913,9.60153,3.24106,18.0398,-7.59788,2,0.168836,0.168836,1,-10.0233
1463,2017-01-03,00:00:00.00,0.0258213,1.77636e-15,10.0475,-2.53394,-9.03394,3.96606,-2.53394,-33333.3,-33333.3,1.22496,95.3432,0.5,0,13.5469,9.62394,3.24878,18.4633,-7.55683,2,0.168836,0.168836,1,-7.2117
1464,2017-01-04,00:00:00.00,0.0430355,7.43514,0,2.21606,-0.0339442,4.46606,2.21606,-33333.3,-33333.3,1.20404,95.4435,0.5,0,13.607,9.54582,3.22288,20.5422,-7.35341,2,0.168836,0.168836,1,6.33052
1465,2017-01-05,00:00:00.00,0.0602497,0,1.00475,-3.53394,-9.03394,1.96606,-3.53394,-33333.3,-33333.3,1.22942,95.3217,0.5,0,13.6716,9.74907,3.29116,18.0398,-7.59788,2,0.168836,0.168836,1,-10.1358
1466,2017-01-06,00:00:00.00,0.0774639,0,1.00475,-10.0339,-12.0339,-8.03394,-10.0339,-33333.3,-33333.3,1.25887,95.1777,0.5,0,13.7407,9.93109,3.35237,15.4782,-7.77524,2,0,0,1,-28.9026
1467,2017-01-07,00:00:00.00,0.0946781,0,0,-14.5339,-18.0339,-11.0339,-14.5339,-33333.3,-33333.3,1.27981,95.0739,0.5,0,13.8142,10.0569,3.39479,13.8878,-7.81521,2,0,0,1,-42.0567
1468,2017-01-08,00:00:00.00,0.111892,2.22045e-16,1.80855,-15.5339,-20.0339,-11.0339,-15.5339,-33333.3,-33333.3,1.28454,95.0504,0.5,0,13.8922,10.1341,3.42094,13.5536,-7.81574,2,0,0,1,-45.169
1469,2017-01-09,00:00:00.00,0.129107,-1.11022e-16,0.602849,-13.0339,-15.5339,-10.5339,-13.0339,-33333.3,-33333.3,1.27277,95.1089,0.5,0,13.9745,10.1698,3.43321,14.4021,-7.80886,2,0,0,1,-38.0941
1470,2017-01-10,00:00:00.00,0.146321,-1.77636e-15,4.62184,-10.7839,-17.5339,-4.03394,-10.7839,-33333.3,-33333.3,1.26232,95.1607,0.5,0,14.0613,10.2082,3.44642,15.2031,-7.78634,2,0,0,1,-31.6881
1471,2017-01-11,00:00:00.00,0.163535,-7.10543e-15,21.3007,-2.03394,-9.53394,5.46606,-2.03394,-33333.3,-33333.3,1.22274,95.354,0.5,0,14.1525,10.1073,3.41301,18.6781,-7.53485,2,0.168836,0.168836,1,-6.01044
1472,2017-01-12,00:00:00.00,0.180749,23.5111,0,2.21606,-2.53394,6.96606,2.21606,-33333.3,-33333.3,1.20404,95.4435,0.5,0,14.2481,10.0666,3.39975,20.5422,-7.35341,2,0.168836,0.168836,1,6.58733
1473,2017-01-13,00:00:00.00,0.197963,1.80855,0,1.21606,-0.0339442,2.46606,1.21606,-33333.3,-33333.3,1.2084,95.4227,0.5,0,14.348,10.1784,3.43757,20.1004,-7.39225,2,0.168836,0.168836,1,3.63704
1474,2017-01-14,00:00:00.00,0.215178,0,0,-6.53394,-8.03394,-5.03394,-6.53394,-33333.3,-33333.3,1.24291,95.2561,0.5,0,14.4522,10.4551,3.53067,16.8171,-7.69842,2,0.0922689,0.0922689,1,-19.6669
1475,2017-01-15,00:00:00.00,0.232392,0,0,-9.03394,-14.0339,-4.03394,-9.03394,-33333.3,-33333.3,1.25428,95.2003,0.5,0,14.5607,10.5922,3.57701,15.8514,-7.75756,2,0,0,1,-27.372
1476,2017-01-16,00:00:00.00,0.249606,0,0,-5.28394,-9.03394,-1.53394,-5.28394,-33333.3,-33333.3,1.23727,95.2836,0.5,0,14.6735,10.6116,3.58395,17.318,-7.66056,2,0.14503,0.14503,1,-16.1196
1477,2017-01-17,00:00:00.00,0.26682,1.77636e-15,3.41614,-5.53394,-11.0339,-0.0339442,-5.53394,-33333.3,-33333.3,1.23839,95.2781,0.5,0,14.7906,10.7136,3.61858,17.2168,-7.66859,2,0.134478,0.134478,1,-17.0017
1478,2017-01-18,00:00:00.00,0.284034,1.77636e-15,10.0475,-1.28394,-3.53394,0.966056,-1.28394,-33333.3,-33333.3,1.21941,95.37,0.5,0,14.9118,10.7107,3.61808,19.0042,-7.50003,2,0.168836,0.168836,1,-3.97334
1479,2017-01-19,00:00:00.00,0.301249,1.40665,0,1.46606,-0.533944,3.46606,1.46606,-33333.3,-33333.3,1.20731,95.4279,0.5,0,15.0373,10.7338,3.62631,20.2101,-7.38284,2,0.168836,0.168836,1,4.57095
1480,2017-01-20,00:00:00.00,0.318463,0.141287,0.0596622,0.466056,-0.533944,1.46606,0.466056,-33333.3,-33333.3,1.21168,95.407,0.5,0,15.1668,10.8703,3.67256,19.774,-7.41927,2,0.168836,0.168836,1,1.46428
1481,2017-01-21,00:00:00.00,0.335677,0.904274,0,1.21606,-1.53394,3.96606,1.21606,-33333.3,-33333.3,1.2084,95.4227,0.5,0,15.3005,10.9571,3.70214,20.1004,-7.39225,2,0.168836,0.168836,1,3.85077
1482,2017-01-22,00:00:00.00,0.352891,0,0,3.71606,0.466056,6.96606,3.71606,-33333.3,-33333.3,1.19752,95.4745,0.5,0,15.4383,10.9868,3.71261,21.2194,-7.28899,2,0.168836,0.168836,1,11.8622
1483,2017-01-23,00:00:00.00,0.370105,1.00475,0,3.21606,0.966056,5.46606,3.21606,-33333.3,-33333.3,1.19969,95.4642,0.5,0,15.5801,11.12,3.75782,20.9917,-7.3113,2,0.168836,0.168836,1,10.3507
1484,2017-01-24,00:00:00.00,0.38732,0,0,3.46606,-0.533944,7.46606,3.46606,-33333.3,-33333.3,1.19861,95.4694,0.5,0,15.726,11.2304,3.79537,21.1053,-7.30025,2,0.168836,0.168836,1,11.2492
1485,2017-01-25,00:00:00.00,0.404534,0,0,0.216056,-2.03394,2.46606,0.216056,-33333.3,-33333.3,1.21278,95.4017,0.5,0,15.8757,11.4597,3.87285,19.6661,-7.42788,2,0.168836,0.168836,1,0.707248
1486,2017-01-26,00:00:00.00,0.421748,1.80855,0.401899,1.21606,-2.03394,4.46606,1.21606,-33333.3,-33333.3,1.2084,95.4227,0.5,0,16.0294,11.5548,3.90531,20.1004,-7.39225,2,0.168836,0.168836,1,4.01536
1487,2017-01-27,00:00:00.00,0.438962,1.33125,3.29059,0.716056,-1.53394,2.96606,0.716056,-33333.3,-33333.3,1.21059,95.4122,0.5,0,16.187,11.7001,3.95466,19.8823,-7.41046,2,0.168836,0.168836,1,2.38538
1488,2017-01-28,00:00:00.00,0.456176,-1.77636e-15,4.62184,-2.03394,-3.53394,-0.533944,-2.03394,-33333.3,-33333.3,1.22274,95.354,0.5,0,16.3484,11.9144,4.02714,18.6781,-7.53485,2,0.168836,0.168836,1,-6.83667
1489,2017-01-29,00:00:00.00,0.473391,-4.44089e-15,6.02849,-4.03394,-5.03394,-3.03394,-4.03394,-33333.3,-33333.3,1.23166,95.3109,0.5,0,16.5136,12.1038,4.0913,17.8311,-7.61696,2,0.168836,0.168836,1,-13.6834
1490,2017-01-30,00:00:00.00,0.490605,0,0,-6.28394,-7.53394,-5.03394,-6.28394,-33333.3,-33333.3,1.24178,95.2616,0.5,0,16.6825,12.2974,4.15693,16.9163,-7.6913,2,0.102821,0.102821,1,-21.5133
1491,2017-01-31,00:00:00.00,0.507819,0,1.00475,-11.2839,-17.0339,-5.53394,-11.2839,-33333.3,-33333.3,1.26463,95.1492,0.5,0,16.855,12.5405,4.23916,15.022,-7.79273,2,0,0,1,-38.9941
1492,2017-02-01,00:00:00.00,0.525033,4.44089e-16,2.61235,-7.28394,-12.5339,-2.03394,-7.28394,-33333.3,-33333.3,1.2463,95.2395,0.5,0,17.0312,12.6097,4.26302,16.5224,-7.71845,2,0.0606122,0.0606122,1,-25.4107
1493,2017-02-02,00:00:00.00,0.542247,-2.22045e-15,3.01425,-1.78394,-5.53394,1.96606,-1.78394,-33333.3,-33333.3,1.22163,95.3593,0.5,0,17.211,12.6205,4.26731,18.7863,-7.52349,2,0.260046,0.260046,1,-6.28329
1494,2017-02-03,00:00:00.00,0.559462,0,0,-6.53394,-8.03394,-5.03394,-6.53394,-33333.3,-33333.3,1.24291,95.2561,0.5,0,17.3942,12.8953,4.36025,16.8171,-7.69842,2,0.149397,0.149397,1,-23.2371
1495,2017-02-04,00:00:00.00,0.576676,-2.22045e-15,3.01425,-10.0339,-12.0339,-8.03394,-10.0339,-33333.3,-33333.3,1.25887,95.1777,0.5,0,17.5809,13.1243,4.43786,15.4782,-7.77524,2,0,0,1,-36.0345
1496,2017-02-05,00:00:00.00,0.59389,2.22045e-16,0.401899,-7.53394,-11.0339,-4.03394,-7.53394,-33333.3,-33333.3,1.24744,95.2339,0.5,0,17.771,13.2318,4.47464,16.4251,-7.72468,2,0.0843851,0.0843851,1,-27.3242
1497,2017-02-06,00:00:00.00,0.611104,-4.44089e-16,1.40665,-4.78394,-9.03394,-0.533944,-4.78394,-33333.3,-33333.3,1.23502,95.2945,0.5,0,17.9644,13.3277,4.50754,17.5217,-7.64382,2,0.260046,0.260046,1,-17.5235
1498,2017-02-07,00:00:00.00,0.628319,0,0,-4.53394,-9.03394,-0.0339442,-4.53394,-33333.3,-33333.3,1.2339,95.3,0.5,0,18.161,13.4849,4.56107,17.6243,-7.6351,2,0.260046,0.260046,1,-16.7747
1499,2017-02-08,00:00:00.00,0.645533,7.9121,3.34108,0.466056,-4.03394,4.96606,0.466056,-33333.3,-33333.3,1.21168,95.407,0.5,0,18.3609,13.5014,4.56729,19.774,-7.41927,2,0.260046,0.260046,1,1.74179
1500,2017-02-09,00:00:00.00,0.662747,0,0,-3.53394,-4.53394,-2.53394,-3.53394,-33333.3,-33333.3,1.22942,95.3217,0.5,0,18.5639,13.7932,4.66608,18.0398,-7.59788,2,0.260046,0.260046,1,-13.3416
1501,2017-02-10,00:00:00.00,0.679961,0,0,-9.53394,-13.5339,-5.53394,-9.53394,-33333.3,-33333.3,1.25657,95.189,0.5,0,18.7699,14.1094,4.77313,15.6638,-7.76682,2,0,0,1,-36.3618
1502,2017-02-11,00:00:00.00,0.697175,8.88178e-16,5.02374,-6.78394,-10.5339,-3.03394,-6.78394,-33333.3,-33333.3,1.24404,95.2506,0.5,0,18.9789,14.2233,4.81215,16.7184,-7.70532,2,0.133144,0.133144,1,-26.1396
1503,2017-02-12,00:00:00.00,0.71439,3.55271e-15,9.04274,-2.28394,-7.53394,2.96606,-2.28394,-33333.3,-33333.3,1.22385,95.3486,0.5,0,19.1907,14.2784,4.83136,18.5705,-7.54597,2,0.260046,0.260046,1,-8.89129
1504,2017-02-13,00:00:00.00,0.731604,0,14.0665,-1.78394,-4.53394,0.966056,-1.78394,-33333.3,-33333.3,1.22163,95.3593,0.5,0,19.4055,14.4415,4.88696,18.7863,-7.52349,2,0.260046,0.260046,1,-7.01682
1505,2017-02-14,00:00:00.00,0.748818,0,0,-3.28394,-6.53394,-0.0339442,-3.28394,-33333.3,-33333.3,1.2283,95.3271,0.5,0,19.6229,14.6681,4.96394,18.1449,-7.58798,2,0.260046,0.260046,1,-13.0512
1506,2017-02-15,00:00:00.00,0.766032,0,0,-4.78394,-12.5339,2.96606,-4.78394,-33333.3,-33333.3,1.23502,95.2945,0.5,0,19.8431,14.8943,5.04079,17.5217,-7.64382,2,0.260046,0.260046,1,-19.2109
1507,2017-02-16,00:00:00.00,0.783246,0,0,-3.03394,-5.53394,-0.533944,-3.03394,-33333.3,-33333.3,1.22719,95.3325,0.5,0,20.0658,15.03,5.08717,18.2505,-7.57784,2,0.260046,0.260046,1,-12.3108
1508,2017-02-17,00:00:00.00,0.800461,0,0,-8.78394,-12.5339,-5.03394,-8.78394,-33333.3,-33333.3,1.25314,95.2059,0.5,0,20.291,15.3689,5.20198,15.9458,-7.75261,2,0.00312056,0.00312056,1,-36.0157
1509,2017-02-18,00:00:00.00,0.817675,0,0,-6.28394,-14.0339,1.46606,-6.28394,-33333.3,-33333.3,1.24178,95.2616,0.5,0,20.5187,15.4994,5.24668,16.9163,-7.6913,2,0.16565,0.16565,1,-26.0355
1510,2017-02-19,00:00:00.00,0.834889,0,0,2.46606,-6.03394,10.9661,2.46606,-33333.3,-33333.3,1.20295,95.4487,0.5,0,20.7487,15.4038,5.2152,20.6539,-7.34319,2,0.260046,0.260046,1,10.3246
1511,2017-02-20,00:00:00.00,0.852103,0,0,3.71606,-1.03394,8.46606,3.71606,-33333.3,-33333.3,1.19752,95.4745,0.5,0,20.9809,15.5431,5.26287,21.2194,-7.28899,2,0.260046,0.260046,1,15.7213
1512,2017-02-21,00:00:00.00,0.869317,0,0,0.966056,-4.03394,5.96606,0.966056,-33333.3,-33333.3,1.20949,95.4175,0.5,0,21.2154,15.8504,5.36712,19.9911,-7.40146,2,0.260046,0.260046,1,4.12997
1513,2017-02-22,00:00:00.00,0.886532,7.03324,0,2.21606,-1.53394,5.96606,2.21606,-33333.3,-33333.3,1.20404,95.4435,0.5,0,21.4519,15.997,5.41724,20.5422,-7.35341,2,0.260046,0.260046,1,9.57324
1514,2017-02-23,00:00:00.00,0.903746,2.0095,0,6.71606,0.466056,12.9661,6.71606,-33333.3,-33333.3,1.18457,95.5355,0.5,0,21.6903,15.9853,5.41402,22.627,-7.13722,2,0.260046,0.260046,1,29.3172
1515,2017-02-24,00:00:00.00,0.92096,3.21519,0,10.7161,6.96606,14.4661,10.7161,-33333.3,-33333.3,1.16744,95.6148,0.5,0,21.9307,15.9527,5.40378,24.6178,-6.88476,2,0.260046,0.260046,1,47.2683
1516,2017-02-25,00:00:00.00,0.938174,13.2627,0,6.21606,0.966056,11.4661,6.21606,-33333.3,-33333.3,1.18672,95.5254,0.5,0,22.1729,16.4088,5.5582,22.3874,-7.16469,2,0.260046,0.260046,1,27.7057
1517,2017-02-26,00:00:00.00,0.955388,0,1.00475,1.71606,-0.533944,3.96606,1.71606,-33333.3,-33333.3,1.20622,95.4331,0.5,0,22.4168,16.8193,5.69731,20.3203,-7.37324,2,0.260046,0.260046,1,7.72856
1518,2017-02-27,00:00:00.00,0.972603,0,0,-2.28394,-6.03394,1.46606,-2.28394,-33333.3,-33333.3,1.22385,95.3486,0.5,0,22.6623,17.1747,5.8179,18.5705,-7.54597,2,0.260046,0.260046,1,-10.3932
1519,2017-02-28,00:00:00.00,0.989817,0,0,1.71606,-2.53394,5.96606,1.71606,-33333.3,-33333.3,1.20622,95.4331,0.5,0,22.9094,17.229,5.83694,20.3203,-7.37324,2,0.260046,0.260046,1,7.89023
1520,2017-03-01,00:00:00.00,1.00703,29.4391,0,3.71606,-2.53394,9.96606,3.71606,-33333.3,-33333.3,1.19752,95.4745,0.5,0,23.1579,17.3465,5.87731,21.2194,-7.28899,2,0.260046,0.260046,1,17.263
1521,2017-03-02,00:00:00.00,1.02425,0.602849,0,8.96606,5.46606,12.4661,8.96606,-33333.3,-33333.3,1.17492,95.5804,0.5,0,23.4077,17.2708,14.2019,23.7305,-7.00247,2,0.898518,0.898518,1,42.0822
1522,2017-03-03,00:00:00.00,1.04146,-4.44089e-16,2.4114,-6.53394,-10.0339,-3.03394,-6.53394,-33333.3,-33333.3,1.24291,95.2561,0.5,0,23.6588,18.1422,15.3195,16.8171,-7.69842,2,0,0,1,-30.9827
1523,2017-03-04,00:00:00.00,1.05867,0,1.00475,-8.53394,-10.0339,-7.03394,-8.53394,-33333.3,-33333.3,1.25199,95.2116,0.5,0,23.911,18.408,6.23767,16.0408,-7.74745,2,0,0,1,-40.8812
1524,2017-03-05,00:00:00.00,1.07589,0,0,-10.0339,-14.0339,-6.03394,-10.0339,-33333.3,-33333.3,1.25887,95.1777,0.5,0,24.1643,18.6584,6.32291,15.4782,-7.77524,2,0,0,1,-48.5577
1525,2017-03-06,00:00:00.00,1.0931,0,0,-7.78394,-15.0339,-0.533944,-7.78394,-33333.3,-33333.3,1.24858,95.2283,0.5,0,24.4185,18.8161,6.37688,16.3283,-7.7307,2,0,0,1,-38.0521
1526,2017-03-07,00:00:00.00,1.11032,13.8655,0,1.96606,-6.03394,9.96606,1.96606,-33333.3,-33333.3,1.20513,95.4383,0.5,0,24.6735,18.687,6.33406,20.431,-7.36343,2,0.898518,0.898518,1,9.70845
1527,2017-03-08,00:00:00.00,1.12753,1.10522,0,8.96606,5.46606,12.4661,8.96606,-33333.3,-33333.3,1.17492,95.5804,0.5,0,24.9294,18.5217,15.6347,23.7305,-7.00247,2,0.898518,0.898518,1,44.7204
1528,2017-03-09,00:00:00.00,1.14474,0,0,3.71606,-0.0339442,7.46606,3.71606,-33333.3,-33333.3,1.19752,95.4745,0.5,0,25.1859,19.0307,16.0588,21.2194,-7.28899,2,0.898518,0.898518,1,18.7204
1529,2017-03-10,00:00:00.00,1.16196,0,0,-1.78394,-4.53394,0.966056,-1.78394,-33333.3,-33333.3,1.22163,95.3593,0.5,0,25.4429,19.4848,16.4325,18.7863,-7.52349,2,0.45465,0.45465,1,-9.07646
1530,2017-03-11,00:00:00.00,1.17917,4.44089e-16,3.61709,-8.28394,-10.5339,-6.03394,-8.28394,-33333.3,-33333.3,1.25085,95.2172,0.5,0,25.7004,19.9104,16.7858,16.1361,-7.74208,2,0,0,1,-42.5651
1531,2017-03-12,00:00:00.00,1.19639,0,1.00475,-12.0339,-16.0339,-8.03394,-12.0339,-33333.3,-33333.3,1.26811,95.132,0.5,0,25.9583,20.2205,6.85558,14.7536,-7.80082,2,0,0,1,-62.4424
1532,2017-03-13,00:00:00.00,1.2136,0,0,-11.2839,-15.5339,-7.03394,-11.2839,-33333.3,-33333.3,1.26463,95.1492,0.5,0,26.2164,20.4218,6.92432,15.022,-7.79273,2,0,0,1,-59.1236
1533,2017-03-14,00:00:00.00,1.23082,-4.44089e-16,2.4114,-11.2839,-15.0339,-7.53394,-11.2839,-33333.3,-33333.3,1.26463,95.1492,0.5,0,26.4747,20.6403,6.99889,15.022,-7.79273,2,0,0,1,-59.6983
1534,2017-03-15,00:00:00.00,1.24803,0,0,-11.5339,-14.0339,-9.03394,-11.5339,-33333.3,-33333.3,1.26579,95.1435,0.5,0,26.7331,20.8647,7.07547,14.9321,-7.79562,2,0,0,1,-61.61
1535,2017-03-16,00:00:00.00,1.26524,0,0,-8.03394,-11.0339,-5.03394,-8.03394,-33333.3,-33333.3,1.24971,95.2228,0.5,0,26.9915,20.9929,7.11953,16.232,-7.7365,2,0,0,1,-43.3257
1536,2017-03-17,00:00:00.00,1.28246,0,0,-5.78394,-10.5339,-1.03394,-5.78394,-33333.3,-33333.3,1.23952,95.2726,0.5,0,27.2497,21.1427,7.17088,17.1162,-7.67638,2,0,0,1,-31.4887
1537,2017-03-18,00:00:00.00,1.29967,0,2.0095,-2.53394,-10.0339,4.96606,-2.53394,-33333.3,-33333.3,1.22496,95.3432,0.5,0,27.5077,21.2454,7.20629,18.4633,-7.55683,2,0.286178,0.286178,1,-13.9255
1538,2017-03-19,00:00:00.00,1.31689,0,0,-0.783944,-2.03394,0.466056,-0.783944,-33333.3,-33333.3,1.21719,95.3806,0.5,0,27.7655,21.391,7.25621,19.2242,-7.47556,2,0.67928,0.67928,1,-4.3486
1539,2017-03-20,00:00:00.00,1.3341,0,0,1.96606,-3.03394,6.96606,1.96606,-33333.3,-33333.3,1.20513,95.4383,0.5,0,28.0228,21.4807,7.28727,20.431,-7.36343,2,0.898518,0.898518,1,11.0074
1540,2017-03-21,00:00:00.00,1.35132,2.0095,0,1.96606,-2.03394,5.96606,1.96606,-33333.3,-33333.3,1.20513,95.4383,0.5,0,28.2797,21.6951,18.2884,20.431,-7.36343,2,0.898518,0.898518,1,11.109
1541,2017-03-22,00:00:00.00,1.36853,0,0,4.21606,-1.03394,9.46606,4.21606,-33333.3,-33333.3,1.19536,95.4848,0.5,0,28.5359,21.7907,18.3691,21.449,-7.26585,2,0.898518,0.898518,1,24.0402
1542,2017-03-23,00:00:00.00,1.38574,0,0,-6.78394,-11.0339,-2.53394,-6.78394,-33333.3,-33333.3,1.24404,95.2506,0.5,0,28.7915,22.4742,18.9328,16.7184,-7.70532,2,0,0,1,-39.0333
1543,2017-03-24,00:00:00.00,1.40296,-2.66454e-15,7.53561,-4.03394,-11.0339,2.96606,-4.03394,-33333.3,-33333.3,1.23166,95.3109,0.5,0,29.0464,22.5948,19.0345,17.8311,-7.61696,2,0,0,1,-23.4191
1544,2017-03-25,00:00:00.00,1.42017,5.02374,0,5.46606,-2.03394,12.9661,5.46606,-33333.3,-33333.3,1.18996,95.5102,0.5,0,29.3003,22.3534,7.58584,22.0318,-7.20425,2,0.898518,0.898518,1,32.016
1545,2017-03-26,00:00:00.00,1.43739,4.97965,0.245045,0.966056,-0.0339442,1.96606,0.966056,-33333.3,-33333.3,1.20949,95.4175,0.5,0,29.5534,22.8081,19.2183,19.9911,-7.40146,2,0.898518,0.898518,1,5.70841
1546,2017-03-27,00:00:00.00,1.4546,7.83704,0,2.46606,-1.53394,6.46606,2.46606,-33333.3,-33333.3,1.20295,95.4487,0.5,0,29.8054,22.9429,19.3334,20.6539,-7.34319,2,0.898518,0.898518,1,14.6993
1547,2017-03-28,00:00:00.00,1.47181,0.401899,0,6.46606,1.96606,10.9661,6.46606,-33333.3,-33333.3,1.18565,95.5304,0.5,0,30.0563,22.9179,19.3142,22.5069,-7.15106,2,0.898518,0.898518,1,38.8756
1548,2017-03-29,00:00:00.00,1.48903,0,0,2.46606,-2.03394,6.96606,2.46606,-33333.3,-33333.3,1.20295,95.4487,0.5,0,30.306,23.3605,19.68,20.6539,-7.34319,2,0.898518,0.898518,1,14.9537
1549,2017-03-30,00:00:00.00,1.50624,0,0,3.96606,-2.03394,9.96606,3.96606,-33333.3,-33333.3,1.19644,95.4796,0.5,0,30.5545,23.4844,19.7713,21.334,-7.27753,2,0.898518,0.898518,1,24.2536
1550,2017-03-31,00:00:00.00,1.52346,2.11931,0.894933,0.466056,-1.03394,1.96606,0.466056,-33333.3,-33333.3,1.21168,95.407,0.5,0,30.8016,23.8762,20.0879,19.774,-7.41927,2,0.898518,0.898518,1,2.87405
1551,2017-04-01,00:00:00.00,1.54067,1.04552,0.763028,0.216056,-1.53394,1.96606,0.216056,-33333.3,-33333.3,1.21278,95.4017,0.5,0,31.0473,24.0938,20.278,19.6661,-7.42788,2,0.898518,0.898518,1,1.34346
1552,2017-04-02,00:00:00.00,1.55789,0,0,4.71606,-0.533944,9.96606,4.71606,-33333.3,-33333.3,1.19319,95.495,0.5,0,31.2914,24.0526,20.2485,21.6806,-7.24185,2,1.14489,1.14489,1,29.5654
1553,2017-04-03,00:00:00.00,1.5751,1.00475,0,6.71606,-1.03394,14.4661,6.71606,-33333.3,-33333.3,1.18457,95.5355,0.5,0,31.534,24.1252,20.2925,22.627,-7.13722,2,2.50141,2.50141,1,42.4461
1554,2017-04-04,00:00:00.00,1.59231,18.8893,0,7.96606,3.96606,11.9661,7.96606,-33333.3,-33333.3,1.17921,95.5605,0.5,0,31.7749,24.2367,20.3639,23.2349,-7.06463,2,2.71302,2.71302,1,50.7513
1555,2017-04-05,00:00:00.00,1.60953,9.24369,0,7.21606,2.96606,11.4661,7.21606,-33333.3,-33333.3,1.18242,95.5455,0.5,0,32.0141,24.4878,20.5737,22.8686,-7.10886,2,2.71302,2.71302,1,46.3388
1556,2017-04-06,00:00:00.00,1.62674,2.0095,0,6.71606,1.96606,11.4661,6.71606,-33333.3,-33333.3,1.18457,95.5355,0.5,0,32.2515,24.7189,20.7616,22.627,-7.13722,2,2.50141,2.50141,1,43.4671
1557,2017-04-07,00:00:00.00,1.64396,22.9083,3.01425,3.96606,2.46606,5.46606,3.96606,-33333.3,-33333.3,1.19644,95.4796,0.5,0,32.487,25.0917,21.0671,21.334,-7.27753,2,0.636203,0.636203,1,25.8682
1558,2017-04-08,00:00:00.00,1.66117,0,0,0.966056,-2.03394,3.96606,0.966056,-33333.3,-33333.3,1.20949,95.4175,0.5,0,32.7205,25.4546,21.4055,19.9911,-7.40146,2,0,0,1,6.34942
1559,2017-04-09,00:00:00.00,1.67839,0,0,4.96606,-2.03394,11.9661,4.96606,-33333.3,-33333.3,1.19211,95.5001,0.5,0,32.9521,25.4156,21.3728,21.7972,-7.22953,2,1.31446,1.31446,1,32.8868
1560,2017-04-10,00:00:00.00,1.6956,0,0,9.46606,0.466056,18.4661,9.46606,-33333.3,-33333.3,1.17278,95.5902,0.5,0,33.1816,25.281,21.239,23.9814,-6.97001,2,2.71302,2.71302,1,63.1567
1561,2017-04-11,00:00:00.00,1.71281,8.64084,0,14.9661,9.96606,19.9661,14.9661,-33333.3,-33333.3,1.14932,95.6967,0.5,0,33.4089,24.9597,20.9271,26.8824,-6.54955,2,2.71302,2.71302,1,100.591
1562,2017-04-12,00:00:00.00,1.73003,0,0,14.7161,10.9661,18.4661,14.7161,-33333.3,-33333.3,1.15038,95.692,0.5,0,33.634,25.1682,21.105,26.7448,-6.57127,2,2.71302,2.71302,1,99.6323
1563,2017-04-13,00:00:00.00,1.74724,0,0,3.46606,1.46606,5.46606,3.46606,-33333.3,-33333.3,1.19861,95.4694,0.5,0,33.8569,26.2603,21.9766,21.1053,-7.30025,2,0.297076,0.297076,1,23.6354
1564,2017-04-14,00:00:00.00,1.76446,0,0,5.71606,-1.03394,12.4661,5.71606,-33333.3,-33333.3,1.18888,95.5153,0.5,0,34.0774,26.2983,22.0036,22.1498,-7.19128,2,1.82315,1.82315,1,39.2553
1565,2017-04-15,00:00:00.00,1.78167,0,0,8.46606,0.966056,15.9661,8.46606,-33333.3,-33333.3,1.17706,95.5704,0.5,0,34.2956,26.2767,21.9558,23.4816,-7.03401,2,2.71302,2.71302,1,58.5487
1566,2017-04-16,00:00:00.00,1.79888,4.21994,0,12.4661,2.96606,21.9661,12.4661,-33333.3,-33333.3,1.15997,95.6488,0.5,0,34.5114,26.1058,21.7692,25.5313,-6.75537,2,2.71302,2.71302,1,86.8076
1567,2017-04-17,00:00:00.00,1.8161,1.80855,0,17.2161,14.9661,19.4661,17.2161,-33333.3,-33333.3,1.13973,95.7392,0.5,0,34.7247,25.7696,21.5125,28.1461,-6.34246,2,2.71302,2.71302,1,120.701
1568,2017-04-18,00:00:00.00,1.83331,0,0,6.71606,1.96606,11.4661,6.71606,-33333.3,-33333.3,1.18457,95.5355,0.5,0,34.9354,26.9363,22.4714,22.627,-7.13722,2,2.50141,2.50141,1,47.4025
1569,2017-04-19,00:00:00.00,1.85053,0.20095,0,4.46606,-2.53394,11.4661,4.46606,-33333.3,-33333.3,1.19428,95.4899,0.5,0,35.1436,27.2643,22.7027,21.5646,-7.25396,2,0.975331,0.975331,1,31.7306
1570,2017-04-20,00:00:00.00,1.86774,1.80855,0,10.4661,2.46606,18.4661,10.4661,-33333.3,-33333.3,1.16851,95.6099,0.5,0,35.3491,26.9736,22.4478,24.4895,-6.90229,2,2.71302,2.71302,1,74.8445
1571,2017-04-21,00:00:00.00,1.88496,21.3007,0,5.46606,3.46606,7.46606,5.46606,-33333.3,-33333.3,1.18996,95.5102,0.5,0,35.552,27.5343,22.899,22.0318,-7.20425,2,1.65359,1.65359,1,39.3398
1572,2017-04-22,00:00:00.00,1.90217,0,0,6.71606,3.46606,9.96606,6.71606,-33333.3,-33333.3,1.18457,95.5355,0.5,0,35.7521,27.6093,23.0421,22.627,-7.13722,2,2.50141,2.50141,1,48.6419
1573,2017-04-23,00:00:00.00,1.91938,0,0,7.71606,1.96606,13.4661,7.71606,-33333.3,-33333.3,1.18028,95.5555,0.5,0,35.9495,27.6952,23.0709,23.1123,-7.0796,2,2.71302,2.71302,1,56.2325
1574,2017-04-24,00:00:00.00,1.9366,0,0,8.96606,-0.0339442,17.9661,8.96606,-33333.3,-33333.3,1.17492,95.5804,0.5,0,36.1441,27.7534,23.0727,23.7305,-7.00247,2,2.71302,2.71302,1,65.7425
1575,2017-04-25,00:00:00.00,1.95381,0.401899,0,9.46606,3.46606,15.4661,9.46606,-33333.3,-33333.3,1.17278,95.5902,0.5,0,36.3358,27.8678,23.121,23.9814,-6.97001,2,2.71302,2.71302,1,69.8271
1576,2017-04-26,00:00:00.00,1.97103,4.01899,0,6.71606,3.96606,9.46606,6.71606,-33333.3,-33333.3,1.18457,95.5355,0.5,0,36.5247,28.245,23.3935,22.627,-7.13722,2,2.50141,2.50141,1,49.8352
1577,2017-04-27,00:00:00.00,1.98824,0,0,12.7161,7.96606,17.4661,12.7161,-33333.3,-33333.3,1.15891,95.6537,0.5,0,36.7107,27.8684,23.1078,25.6639,-6.73591,2,2.71302,2.71302,1,94.9069
1578,2017-04-28,00:00:00.00,2.00546,5.02374,0,17.9661,10.4661,25.4661,17.9661,-33333.3,-33333.3,1.13653,95.7532,0.5,0,36.8937,27.4118,22.6833,28.5775,-6.26868,2,2.71302,2.71302,1,134.858
1579,2017-04-29,00:00:00.00,2.02267,0,0,9.46606,2.46606,16.4661,9.46606,-33333.3,-33333.3,1.17278,95.5902,0.5,0,37.0737,28.4705,23.6001,23.9814,-6.97001,2,2.71302,2.71302,1,71.4549
1580,2017-04-30,00:00:00.00,2.03988,2.0095,0,7.96606,4.46606,11.4661,7.96606,-33333.3,-33333.3,1.17921,95.5605,0.5,0,37.2507,28.7421,23.7769,23.2349,-7.06463,2,2.71302,2.71302,1,60.4644
1581,2017-05-01,00:00:00.00,2.0571,11.2532,0,3.96606,1.46606,6.46606,3.96606,-33333.3,-33333.3,1.19644,95.4796,0.5,0,37.4247,29.1819,24.1281,21.334,-7.27753,2,0.636203,0.636203,1,30.2668
1582,2017-05-02,00:00:00.00,2.07431,11.4541,0,8.96606,3.46606,14.4661,8.96606,-33333.3,-33333.3,1.17492,95.5804,0.5,0,37.5956,28.9397,24.0436,23.7305,-7.00247,2,0,0,1,68.7884
1583,2017-05-03,00:00:00.00,2.09153,6.63134,0,6.21606,3.96606,8.46606,6.21606,-33333.3,-33333.3,1.18672,95.5254,0.5,0,37.7634,29.2997,24.441,22.3874,-7.16469,2,0,0,1,47.9393
1584,2017-05-04,00:00:00.00,2.10874,0,0,6.71606,1.46606,11.9661,6.71606,-33333.3,-33333.3,1.18457,95.5355,0.5,0,37.928,29.3962,24.5902,22.627,-7.13722,2,0,0,1,52.0608
1585,2017-05-05,00:00:00.00,2.12595,31.3482,0,5.46606,2.46606,8.46606,5.46606,-33333.3,-33333.3,1.18996,95.5102,0.5,0,38.0895,29.6231,24.78,22.0318,-7.20425,2,0,0,1,42.584
1586,2017-05-06,00:00:00.00,2.14317,14.6693,0,5.71606,3.96606,7.46606,5.71606,-33333.3,-33333.3,1.18888,95.5153,0.5,0,38.2479,29.7344,24.9541,22.1498,-7.19128,2,0,0,1,44.7509
1587,2017-05-07,00:00:00.00,2.16038,5.62659,0,4.21606,2.96606,5.46606,4.21606,-33333.3,-33333.3,1.19536,95.4848,0.5,0,38.403,29.9696,25.1948,21.449,-7.26585,2,0,0,1,33.1665
1588,2017-05-08,00:00:00.00,2.1776,0,0,4.96606,1.46606,8.46606,4.96606,-33333.3,-33333.3,1.19211,95.5001,0.5,0,38.5549,30.0411,25.2826,21.7972,-7.22953,2,0,0,1,39.251
1589,2017-05-09,00:00:00.00,2.19481,0,0,4.21606,-0.533944,8.96606,4.21606,-33333.3,-33333.3,1.19536,95.4848,0.5,0,38.7036,30.2163,25.43,21.449,-7.26585,2,0,0,1,33.477
1590,2017-05-10,00:00:00.00,2.21203,0,0,5.46606,-1.53394,12.4661,5.46606,-33333.3,-33333.3,1.18996,95.5102,0.5,0,38.849,30.2451,25.4543,22.0318,-7.20425,2,0,0,1,43.5984
1591,2017-05-11,00:00:00.00,2.22924,0,0,8.46606,1.96606,14.9661,8.46606,-33333.3,-33333.3,1.17706,95.5704,0.5,0,38.9912,30.1191,25.3482,23.4816,-7.03401,2,0,0,1,67.8252
1592,2017-05-12,00:00:00.00,2.24645,0,0,9.71606,5.46606,13.9661,9.71606,-33333.3,-33333.3,1.17171,95.5952,0.5,0,39.13,30.1195,25.3486,24.1076,-6.95343,2,0,0,1,78.1753
1593,2017-05-13,00:00:00.00,2.26367,0,0,8.96606,2.96606,14.9661,8.96606,-33333.3,-33333.3,1.17492,95.5804,0.5,0,39.2655,30.2975,25.4985,23.7305,-7.00247,2,0,0,1,72.4447
1594,2017-05-14,00:00:00.00,2.28088,0,0,12.2161,6.46606,17.9661,12.2161,-33333.3,-33333.3,1.16104,95.644,0.5,0,39.3977,30.0886,25.3227,25.3991,-6.77458,2,1.45397,1.45397,1,99.11
1595,2017-05-15,00:00:00.00,2.2981,0.20095,0,10.2161,6.46606,13.9661,10.2161,-33333.3,-33333.3,1.16957,95.605,0.5,0,39.5266,30.3929,25.5514,24.3617,-6.91957,2,0,0,1,83.2161
1596,2017-05-16,00:00:00.00,2.31531,0,0,11.7161,4.46606,18.9661,11.7161,-33333.3,-33333.3,1.16317,95.6343,0.5,0,39.6521,30.3449,25.5148,25.1366,-6.81228,2,0.74054,0.74054,1,95.8075
1597,2017-05-17,00:00:00.00,2.33252,0.401899,0,12.7161,5.96606,19.4661,12.7161,-33333.3,-33333.3,1.15891,95.6537,0.5,0,39.7743,30.3372,25.4944,25.6639,-6.73591,2,2.1674,2.1674,1,104.381
1598,2017-05-18,00:00:00.00,2.34974,0,0,18.2161,8.46606,27.9661,18.2161,-33333.3,-33333.3,1.13546,95.7578,0.5,0,39.8931,29.7529,24.9709,28.7225,-6.24356,2,5.70744,5.70744,1,150.082
1599,2017-05-19,00:00:00.00,2.36695,0.401899,0,23.2161,18.4661,27.9661,23.2161,-33333.3,-33333.3,1.11403,95.8492,0.5,0,40.0084,29.0666,24.2922,31.7458,-5.68286,2,5.70744,5.70744,1,191.966
1600,2017-05-20,00:00:00.00,2.38417,0,0,8.96606,4.96606,12.9661,8.96606,-33333.3,-33333.3,1.17492,95.5804,0.5,0,40.1204,30.9887,25.7967,23.7305,-7.00247,2,0,0,1,74.3969
1601,2017-05-21,00:00:00.00,2.40138,4.21994,0,10.2161,4.46606,15.9661,10.2161,-33333.3,-33333.3,1.16957,95.605,0.5,0,40.229,30.9585,25.7715,24.3617,-6.91957,2,0,0,1,85.057
1602,2017-05-22,00:00:00.00,2.4186,18.0855,0,10.9661,6.96606,14.9661,10.9661,-33333.3,-33333.3,1.16637,95.6197,0.5,0,40.3341,30.9686,25.8597,24.7467,-6.867,2,0,0,1,91.6025
1603,2017-05-23,00:00:00.00,2.43581,0.20095,0,12.4661,9.46606,15.4661,12.4661,-33333.3,-33333.3,1.15997,95.6488,0.5,0,40.4359,30.8929,25.878,25.5313,-6.75537,2,1.81068,1.81068,1,104.465
1604,2017-05-24,00:00:00.00,2.45302,0,0,13.4661,6.96606,19.9661,13.4661,-33333.3,-33333.3,1.15571,95.6681,0.5,0,40.5341,30.8599,25.8196,26.0651,-6.67605,2,3.23754,3.23754,1,113.194
1605,2017-05-25,00:00:00.00,2.47024,8.64084,0,16.9661,11.4661,22.4661,16.9661,-33333.3,-33333.3,1.1408,95.7345,0.5,0,40.629,30.5016,25.4587,28.0034,-6.36652,2,5.70744,5.70744,1,143.042
1606,2017-05-26,00:00:00.00,2.48745,15.875,0,11.4661,10.4661,12.4661,11.4661,-33333.3,-33333.3,1.16424,95.6294,0.5,0,40.7204,31.2264,26.0468,25.0061,-6.83076,2,0.383825,0.383825,1,96.9505
1607,2017-05-27,00:00:00.00,2.50467,0.803799,0,14.2161,10.4661,17.9661,14.2161,-33333.3,-33333.3,1.15251,95.6825,0.5,0,40.8083,30.9902,25.9308,26.4712,-6.61394,2,4.30769,4.30769,1,120.538
1608,2017-05-28,00:00:00.00,2.52188,0,0,15.9661,11.4661,20.4661,15.9661,-33333.3,-33333.3,1.14506,95.7157,0.5,0,40.8928,30.8403,25.7385,27.4384,-6.46012,2,5.70744,5.70744,1,135.74
1609,2017-05-29,00:00:00.00,2.5391,0.401899,0,15.9661,9.96606,21.9661,15.9661,-33333.3,-33333.3,1.14506,95.7157,0.5,0,40.9738,30.904,25.6824,27.4384,-6.46012,2,5.70744,5.70744,1,136.091
1610,2017-05-30,00:00:00.00,2.55631,12.2579,0,18.9661,14.4661,23.4661,18.9661,-33333.3,-33333.3,1.13226,95.7717,0.5,0,41.0513,30.5503,25.2881,29.1609,-6.16655,2,5.70744,5.70744,1,162.064
1611,2017-05-31,00:00:00.00,2.57352,5.22469,0,15.4661,10.9661,19.9661,15.4661,-33333.3,-33333.3,1.14719,95.7062,0.5,0,41.1254,31.0871,25.7728,27.1592,-6.50535,2,5.70744,5.70744,1,132.472
1612,2017-06-01,00:00:00.00,2.59074,0,0,14.2161,8.46606,19.9661,14.2161,-33333.3,-33333.3,1.15251,95.6825,0.5,0,41.196,31.2966,25.9372,26.4712,-6.61394,2,4.30769,4.30769,1,122.043
1613,2017-06-02,00:00:00.00,2.60795,0,0,11.2161,6.46606,15.9661,11.2161,-33333.3,-33333.3,1.1653,95.6246,0.5,0,41.263,31.6851,26.1746,24.8761,-6.849,2,0,0,1,96.4983
1614,2017-06-03,00:00:00.00,2.62517,0,0,11.9661,4.96606,18.9661,11.9661,-33333.3,-33333.3,1.1621,95.6392,0.5,0,41.3266,31.6561,26.1507,25.2676,-6.79355,2,0,0,1,103.165
1615,2017-06-04,00:00:00.00,2.64238,7.43514,0,15.7161,7.96606,23.4661,15.7161,-33333.3,-33333.3,1.14612,95.711,0.5,0,41.3868,31.2605,25.8239,27.2985,-6.48287,2,0,0,1,135.763
1616,2017-06-05,00:00:00.00,2.65959,2.21045,0,17.9661,10.9661,24.9661,17.9661,-33333.3,-33333.3,1.13653,95.7532,0.5,0,41.4434,30.9999,25.7375,28.5775,-6.26868,2,3.68755,3.68755,1,155.491
1617,2017-06-06,00:00:00.00,2.67681,0.803799,0,13.4661,11.9661,14.9661,13.4661,-33333.3,-33333.3,1.15571,95.6681,0.5,0,41.4965,31.6223,26.2253,26.0651,-6.67605,2,0,0,1,116.751
1618,2017-06-07,00:00:00.00,2.69402,0,0,13.7161,11.4661,15.9661,13.7161,-33333.3,-33333.3,1.15464,95.6729,0.5,0,41.5461,31.6322,26.2492,26.1999,-6.6556,2,0,0,1,119.118
1619,2017-06-08,00:00:00.00,2.71124,0,0,14.4661,6.46606,22.4661,14.4661,-33333.3,-33333.3,1.15145,95.6872,0.5,0,41.5922,31.5786,26.2047,26.6077,-6.59273,2,0,0,1,125.828
1620,2017-06-09,00:00:00.00,2.72845,0,0,15.9661,8.46606,23.4661,15.9661,-33333.3,-33333.3,1.14506,95.7157,0.5,0,41.6348,31.4224,26.0751,27.4384,-6.46012,2,0,0,1,139.08
1621,2017-06-10,00:00:00.00,2.74567,0,0,17.7161,10.4661,24.9661,17.7161,-33333.3,-33333.3,1.1376,95.7485,0.5,0,41.6739,31.2146,25.9028,28.4331,-6.29354,2,3.21113,3.21113,1,154.535
1622,2017-06-11,00:00:00.00,2.76288,0,0,19.9661,11.9661,27.9661,19.9661,-33333.3,-33333.3,1.12799,95.7902,0.5,0,41.7095,30.9077,25.5866,29.7536,-6.06004,2,7.49898,7.49898,1,174.382
1623,2017-06-12,00:00:00.00,2.78009,0,0,24.9661,19.9661,29.9661,24.9661,-33333.3,-33333.3,1.10647,95.8805,0.5,0,41.7416,30.0677,24.7516,32.861,-5.45948,2,7.62285,7.62285,1,218.306
1624,2017-06-13,00:00:00.00,2.79731,0,0,23.7161,17.9661,29.4661,23.7161,-33333.3,-33333.3,1.11188,95.8582,0.5,0,41.7702,30.3217,24.8175,32.0613,-5.62052,2,7.62285,7.62285,1,207.596
1625,2017-06-14,00:00:00.00,2.81452,0.803799,0,21.2161,17.4661,24.9661,21.2161,-33333.3,-33333.3,1.12263,95.813,0.5,0,41.7953,30.7734,25.0419,30.5078,-5.92065,2,7.62285,7.62285,1,185.891
1626,2017-06-15,00:00:00.00,2.83174,0,0,18.4661,13.4661,23.4661,18.4661,-33333.3,-33333.3,1.1344,95.7625,0.5,0,41.8169,31.2176,25.2848,28.8681,-6.21816,2,4.64041,4.64041,1,161.936
1627,2017-06-16,00:00:00.00,2.84895,18.2864,0,14.7161,8.96606,20.4661,14.7161,-33333.3,-33333.3,1.15038,95.692,0.5,0,41.835,31.7387,25.6341,26.7448,-6.57127,2,0,0,1,129.148
1628,2017-06-17,00:00:00.00,2.86617,1.40665,0,21.2161,14.4661,27.9661,21.2161,-33333.3,-33333.3,1.12263,95.813,0.5,0,41.8496,30.815,25.206,30.5078,-5.92065,2,7.62285,7.62285,1,186.315
1629,2017-06-18,00:00:00.00,2.88338,16.076,0,21.2161,15.9661,26.4661,21.2161,-33333.3,-33333.3,1.12263,95.813,0.5,0,41.8607,30.8236,25.0944,30.5078,-5.92065,2,7.62285,7.62285,1,186.419
1630,2017-06-19,00:00:00.00,2.90059,7.23419,0,22.2161,18.4661,25.9661,22.2161,-33333.3,-33333.3,1.11834,95.8312,0.5,0,41.8683,30.6613,25.094,31.122,-5.80406,2,7.62285,7.62285,1,195.295
1631,2017-06-20,00:00:00.00,2.91781,5.02374,0,19.2161,13.9661,24.4661,19.2161,-33333.3,-33333.3,1.13119,95.7763,0.5,0,41.8723,31.149,25.4858,29.3082,-6.14033,2,6.0697,6.0697,1,168.982
1632,2017-06-21,00:00:00.00,2.93502,15.4731,0,17.7161,13.9661,21.4661,17.7161,-33333.3,-33333.3,1.1376,95.7485,0.5,0,41.8729,31.3698,25.6462,28.4331,-6.29354,2,3.21113,3.21113,1,155.831
1633,2017-06-22,00:00:00.00,2.95224,0,0,16.4661,11.4661,21.4661,16.4661,-33333.3,-33333.3,1.14293,95.7251,0.5,0,41.87,31.5405,25.9591,27.7197,-6.41384,2,0.828985,0.828985,1,144.858
1634,2017-06-23,00:00:00.00,2.96945,80.3799,0,17.7161,10.4661,24.9661,17.7161,-33333.3,-33333.3,1.1376,95.7485,0.5,0,41.8636,31.3629,25.7968,28.4331,-6.29354,2,3.21113,3.21113,1,155.863
1635,2017-06-24,00:00:00.00,2.98666,1.00475,0,20.4661,16.9661,23.9661,20.4661,-33333.3,-33333.3,1.12585,95.7993,0.5,0,41.8537,30.9407,25.7824,30.0535,-6.00513,2,7.62285,7.62285,1,180.047
1636,2017-06-25,00:00:00.00,3.00388,0,0,17.7161,13.4661,21.9661,17.7161,-33333.3,-33333.3,1.1376,95.7485,0.5,0,41.8404,31.3452,25.991,28.4331,-6.29354,2,3.21113,3.21113,1,155.831
1637,2017-06-26,00:00:00.00,3.02109,2.21045,0,14.7161,10.9661,18.4661,14.7161,-33333.3,-33333.3,1.15038,95.692,0.5,0,41.8235,31.7309,26.2477,26.7448,-6.57127,2,0,0,1,129.41
1638,2017-06-27,00:00:00.00,3.03831,0.20095,0,15.7161,12.4661,18.9661,15.7161,-33333.3,-33333.3,1.14612,95.711,0.5,0,41.8032,31.5882,26.1728,27.2985,-6.48287,2,0,0,1,138.155
1639,2017-06-28,00:00:00.00,3.05552,1.40665,0,13.9661,8.96606,18.9661,13.9661,-33333.3,-33333.3,1.15358,95.6777,0.5,0,41.7793,31.788,26.3423,26.3353,-6.63489,2,0,0,1,122.715
1640,2017-06-29,00:00:00.00,3.07274,2.61235,0,16.2161,9.46606,22.9661,16.2161,-33333.3,-33333.3,1.14399,95.7204,0.5,0,41.752,31.4831,26.1169,27.5788,-6.43711,2,0.352557,0.352557,1,142.406
1641,2017-06-30,00:00:00.00,3.08995,12.6598,0,19.4661,12.9661,25.9661,19.4661,-33333.3,-33333.3,1.13013,95.781,0.5,0,41.7213,30.9963,25.7565,29.4561,-6.11385,2,6.54612,6.54612,1,170.835
1642,2017-07-01,00:00:00.00,3.10716,1.40665,0,21.9661,17.4661,26.4661,21.9661,-33333.3,-33333.3,1.11941,95.8267,0.5,0,41.6871,30.5681,25.4045,30.9675,-5.83364,2,7.62285,7.62285,1,192.628
1643,2017-07-02,00:00:00.00,3.12438,1.00475,0,20.2161,16.9661,23.4661,20.2161,-33333.3,-33333.3,1.12692,95.7948,0.5,0,41.6494,30.8252,25.4995,29.9033,-6.03272,2,3.54042,3.54042,1,177.129
1644,2017-07-03,00:00:00.00,3.14159,0,0,18.4661,11.9661,24.9661,18.4661,-33333.3,-33333.3,1.1344,95.7625,0.5,0,41.6082,31.059,25.6441,28.8681,-6.21816,2,0,0,1,161.641
1645,2017-07-04,00:00:00.00,3.15881,0,0,18.7161,12.9661,24.4661,18.7161,-33333.3,-33333.3,1.13333,95.7671,0.5,0,41.5637,30.9881,25.5856,29.0142,-6.19249,2,0.479538,0.479538,1,163.655
1646,2017-07-05,00:00:00.00,3.17602,0,0,18.2161,11.4661,24.9661,18.2161,-33333.3,-33333.3,1.13546,95.7578,0.5,0,41.5156,31.024,25.606,28.7225,-6.24356,2,0,0,1,159.098
1647,2017-07-06,00:00:00.00,3.19324,0,0,18.9661,11.9661,25.9661,18.9661,-33333.3,-33333.3,1.13226,95.7717,0.5,0,41.4641,30.8746,25.4827,29.1609,-6.16655,2,0.989685,0.989685,1,165.439
1648,2017-07-07,00:00:00.00,3.21045,0,0,21.2161,13.9661,28.4661,21.2161,-33333.3,-33333.3,1.12263,95.813,0.5,0,41.4092,30.482,25.1399,30.5078,-5.92065,2,5.58101,5.58101,1,184.812
1649,2017-07-08,00:00:00.00,3.22766,0,0,20.2161,11.9661,28.4661,20.2161,-33333.3,-33333.3,1.12692,95.7948,0.5,0,41.3509,30.5972,25.1292,29.9033,-6.03272,2,3.54042,3.54042,1,175.843
1650,2017-07-09,00:00:00.00,3.24488,0,0,18.9661,15.4661,22.4661,18.9661,-33333.3,-33333.3,1.13226,95.7717,0.5,0,41.2892,30.7401,25.1791,29.1609,-6.16655,2,0.989685,0.989685,1,164.712
1651,2017-07-10,00:00:00.00,3.26209,5.22469,0,18.9661,12.4661,25.4661,18.9661,-33333.3,-33333.3,1.13226,95.7717,0.5,0,41.224,30.6899,25.1192,29.1609,-6.16655,2,0.989685,0.989685,1,164.437
1652,2017-07-11,00:00:00.00,3.27931,0,0,18.7161,14.9661,22.4661,18.7161,-33333.3,-33333.3,1.13333,95.7671,0.5,0,41.1554,30.6738,25.1865,29.0142,-6.19249,2,0.479538,0.479538,1,161.982
1653,2017-07-12,00:00:00.00,3.29652,0,0,20.9661,14.9661,26.9661,20.9661,-33333.3,-33333.3,1.1237,95.8085,0.5,0,41.0834,30.2739,24.8491,30.3558,-5.94909,2,5.07086,5.07086,1,181.115
1654,2017-07-13,00:00:00.00,3.31373,12.2579,0,21.4661,16.9661,25.9661,21.4661,-33333.3,-33333.3,1.12156,95.8176,0.5,0,41.0081,30.1353,24.6408,30.6605,-5.89193,2,6.09115,6.09115,1,185.069
1655,2017-07-14,00:00:00.00,3.33095,9.64558,0,16.4661,14.9661,17.9661,16.4661,-33333.3,-33333.3,1.14293,95.7251,0.5,0,40.9293,30.8107,25.3038,27.7197,-6.41384,2,0,0,1,141.667
1656,2017-07-15,00:00:00.00,3.34816,0.401899,0,20.4661,14.9661,25.9661,20.4661,-33333.3,-33333.3,1.12585,95.7993,0.5,0,40.8472,30.1719,24.9441,30.0535,-6.00513,2,4.05057,4.05057,1,175.698
1657,2017-07-16,00:00:00.00,3.36538,0,0,20.2161,15.4661,24.9661,20.2161,-33333.3,-33333.3,1.12692,95.7948,0.5,0,40.7617,30.145,24.8538,29.9033,-6.03272,2,3.54042,3.54042,1,173.157
1658,2017-07-17,00:00:00.00,3.38259,3.41614,0,18.9661,13.9661,23.9661,18.9661,-33333.3,-33333.3,1.13226,95.7717,0.5,0,40.6728,30.2642,24.8856,29.1609,-6.16655,2,0.989685,0.989685,1,162.064
1659,2017-07-18,00:00:00.00,3.39981,0,0,20.9661,16.9661,24.9661,20.9661,-33333.3,-33333.3,1.1237,95.8085,0.5,0,40.5806,29.8885,24.6216,30.3558,-5.94909,2,5.07086,5.07086,1,178.71
1660,2017-07-19,00:00:00.00,3.41702,0,0,20.7161,15.4661,25.9661,20.7161,-33333.3,-33333.3,1.12478,95.8039,0.5,0,40.4851,29.8544,24.4997,30.2044,-5.97725,2,4.56071,4.56071,1,176.124
1661,2017-07-20,00:00:00.00,3.43423,0,0,22.4661,16.4661,28.4661,22.4661,-33333.3,-33333.3,1.11726,95.8357,0.5,0,40.3862,29.4947,24.1212,31.277,-5.77419,2,8.13174,8.13174,1,190.49
1662,2017-07-21,00:00:00.00,3.45145,8.03799,0,19.7161,14.4661,24.9661,19.7161,-33333.3,-33333.3,1.12906,95.7856,0.5,0,40.284,29.8523,24.2634,29.6046,-6.08708,2,2.52013,2.52013,1,166.708
1663,2017-07-22,00:00:00.00,3.46866,0,0,21.9661,16.9661,26.9661,21.9661,-33333.3,-33333.3,1.11941,95.8267,0.5,0,40.1785,29.4185,24.015,30.9675,-5.83364,2,7.11145,7.11145,1,185.197
1664,2017-07-23,00:00:00.00,3.48588,1.2057,0,20.2161,17.4661,22.9661,20.2161,-33333.3,-33333.3,1.12692,95.7948,0.5,0,40.0697,29.611,24.0442,29.9033,-6.03272,2,3.54042,3.54042,1,169.934
1665,2017-07-24,00:00:00.00,3.50309,18.6883,0,20.2161,15.9661,24.4661,20.2161,-33333.3,-33333.3,1.12692,95.7948,0.5,0,39.9576,29.5242,23.9398,29.9033,-6.03272,2,3.54042,3.54042,1,169.41
1666,2017-07-25,00:00:00.00,3.52031,3.01425,0,17.7161,14.9661,20.4661,17.7161,-33333.3,-33333.3,1.1376,95.7485,0.5,0,39.8423,29.7938,24.391,28.4331,-6.29354,2,0,0,1,147.987
1667,2017-07-26,00:00:00.00,3.53752,0,0,18.4661,13.4661,23.4661,18.4661,-33333.3,-33333.3,1.1344,95.7625,0.5,0,39.7236,29.5975,24.2853,28.8681,-6.21816,2,0,0,1,153.745
1668,2017-07-27,00:00:00.00,3.55473,3.01425,0,16.7161,11.9661,21.4661,16.7161,-33333.3,-33333.3,1.14186,95.7298,0.5,0,39.6018,29.7377,24.4003,27.8613,-6.39031,2,0,0,1,138.703
1669,2017-07-28,00:00:00.00,3.57195,2.21045,0,21.4661,16.4661,26.4661,21.4661,-33333.3,-33333.3,1.12156,95.8176,0.5,0,39.4767,28.9585,23.8148,30.6605,-5.89193,2,6.09115,6.09115,1,177.496
1670,2017-07-29,00:00:00.00,3.58916,0,0,16.7161,12.4661,20.9661,16.7161,-33333.3,-33333.3,1.14186,95.7298,0.5,0,39.3484,29.5381,24.2205,27.8613,-6.39031,2,0,0,1,137.723
1671,2017-07-30,00:00:00.00,3.60638,0,0,19.2161,12.4661,25.9661,19.2161,-33333.3,-33333.3,1.13119,95.7763,0.5,0,39.2168,29.0953,23.8573,29.3082,-6.14033,2,1.49983,1.49983,1,157.736
1672,2017-07-31,00:00:00.00,3.62359,0,0,21.2161,15.4661,26.9661,21.2161,-33333.3,-33333.3,1.12263,95.813,0.5,0,39.0821,28.6922,23.5001,30.5078,-5.92065,2,5.58101,5.58101,1,173.493
1673,2017-08-01,00:00:00.00,3.6408,0,0,21.2161,14.4661,27.9661,21.2161,-33333.3,-33333.3,1.12263,95.813,0.5,0,38.9442,28.5852,23.3137,30.5078,-5.92065,2,5.58101,5.58101,1,172.818
1674,2017-08-02,00:00:00.00,3.65802,0,0,22.2161,15.9661,28.4661,22.2161,-33333.3,-33333.3,1.11834,95.8312,0.5,0,38.8032,28.3183,23.002,31.122,-5.80406,2,6.97468,6.97468,1,180.241
1675,2017-08-03,00:00:00.00,3.67523,0,0,21.7161,15.4661,27.9661,21.7161,-33333.3,-33333.3,1.12049,95.8221,0.5,0,38.659,28.286,22.87,30.8137,-5.86293,2,6.93632,6.93632,1,175.463
1676,2017-08-04,00:00:00.00,3.69245,2.61235,0,21.7161,15.9661,27.4661,21.7161,-33333.3,-33333.3,1.12049,95.8221,0.5,0,38.5117,28.1717,22.6858,30.8137,-5.86293,2,6.93632,6.93632,1,174.727
1677,2017-08-05,00:00:00.00,3.70966,1.2057,0,20.7161,17.4661,23.9661,20.7161,-33333.3,-33333.3,1.12478,95.8039,0.5,0,38.3614,28.2076,22.6774,30.2044,-5.97725,2,5.19265,5.19265,1,165.965
1678,2017-08-06,00:00:00.00,3.72688,0.401899,0,16.2161,12.9661,19.4661,16.2161,-33333.3,-33333.3,1.14399,95.7204,0.5,0,38.2079,28.6985,23.0347,27.5788,-6.43711,2,0,0,1,129.343
1679,2017-08-07,00:00:00.00,3.74409,2.21045,0,16.9661,9.96606,23.9661,16.9661,-33333.3,-33333.3,1.1408,95.7345,0.5,0,38.0514,28.4808,22.867,28.0034,-6.36652,2,0,0,1,134.716
1680,2017-08-08,00:00:00.00,3.7613,1.00475,0,17.2161,13.4661,20.9661,17.2161,-33333.3,-33333.3,1.13973,95.7392,0.5,0,37.8918,28.3225,22.7785,28.1461,-6.34246,2,0,0,1,136.073
1681,2017-08-09,00:00:00.00,3.77852,0.602849,0,17.4661,10.4661,24.4661,17.4661,-33333.3,-33333.3,1.13866,95.7438,0.5,0,37.7293,28.1617,22.6666,28.2893,-6.31813,2,0,0,1,137.4
1682,2017-08-10,00:00:00.00,3.79573,0,0,19.9661,12.9661,26.9661,19.9661,-33333.3,-33333.3,1.12799,95.7902,0.5,0,37.5637,27.6924,22.2992,29.7536,-6.06004,2,3.8849,3.8849,1,156.314
1683,2017-08-11,00:00:00.00,3.81295,0,0,20.2161,13.4661,26.9661,20.2161,-33333.3,-33333.3,1.12692,95.7948,0.5,0,37.3952,27.5243,22.1197,29.9033,-6.03272,2,4.32081,4.32081,1,157.496
1684,2017-08-12,00:00:00.00,3.83016,3.81804,0,19.9661,16.4661,23.4661,19.9661,-33333.3,-33333.3,1.12799,95.7902,0.5,0,37.2238,27.4251,21.9945,29.7536,-6.06004,2,3.8849,3.8849,1,154.771
1685,2017-08-13,00:00:00.00,3.84738,0.20095,0,18.7161,13.9661,23.4661,18.7161,-33333.3,-33333.3,1.13333,95.7671,0.5,0,37.0494,27.4594,22.0471,29.0142,-6.19249,2,1.70531,1.70531,1,144.341
1686,2017-08-14,00:00:00.00,3.86459,0,0,18.7161,12.4661,24.9661,18.7161,-33333.3,-33333.3,1.13333,95.7671,0.5,0,36.8722,27.3192,21.9205,29.0142,-6.19249,2,1.70531,1.70531,1,143.591
1687,2017-08-15,00:00:00.00,3.8818,2.0095,0,19.2161,13.4661,24.9661,19.2161,-33333.3,-33333.3,1.13119,95.7763,0.5,0,36.6921,27.1095,21.7356,29.3082,-6.14033,2,2.57714,2.57714,1,146.646
1688,2017-08-16,00:00:00.00,3.89902,0,0,19.4661,13.9661,24.9661,19.4661,-33333.3,-33333.3,1.13013,95.781,0.5,0,36.5092,26.931,21.6009,29.4561,-6.11385,2,3.01306,3.01306,1,147.752
1689,2017-08-17,00:00:00.00,3.91623,0,0,19.7161,13.9661,25.4661,19.7161,-33333.3,-33333.3,1.12906,95.7856,0.5,0,36.3236,26.75,21.427,29.6046,-6.08708,2,3.44898,3.44898,1,148.827
1690,2017-08-18,00:00:00.00,3.93345,8.84179,0,18.7161,14.9661,22.4661,18.7161,-33333.3,-33333.3,1.13333,95.7671,0.5,0,36.1351,26.7349,21.3837,29.0142,-6.19249,2,1.70531,1.70531,1,140.488
1691,2017-08-19,00:00:00.00,3.95066,0.803799,0,19.9661,17.4661,22.4661,19.9661,-33333.3,-33333.3,1.12799,95.7902,0.5,0,35.944,26.4157,21.2567,29.7536,-6.06004,2,3.8849,3.8849,1,149.018
1692,2017-08-20,00:00:00.00,3.96787,0.401899,0,17.2161,14.4661,19.9661,17.2161,-33333.3,-33333.3,1.13973,95.7392,0.5,0,35.7502,26.6177,21.3904,28.1461,-6.34246,2,0,0,1,127.748
1693,2017-08-21,00:00:00.00,3.98509,0,0,19.4661,12.9661,25.9661,19.4661,-33333.3,-33333.3,1.13013,95.781,0.5,0,35.5538,26.1745,21.0407,29.4561,-6.11385,2,3.01306,3.01306,1,143.593
1694,2017-08-22,00:00:00.00,4.0023,0.20095,0,20.9661,13.9661,27.9661,20.9661,-33333.3,-33333.3,1.1237,95.8085,0.5,0,35.3547,25.811,20.7183,30.3558,-5.94909,2,5.62856,5.62856,1,153.731
1695,2017-08-23,00:00:00.00,4.01952,19.2912,0,21.4661,19.4661,23.4661,21.4661,-33333.3,-33333.3,1.12156,95.8176,0.5,0,35.1531,25.5809,20.4837,30.6605,-5.89193,2,6.5004,6.5004,1,156.439
1696,2017-08-24,00:00:00.00,4.03673,0,0,15.9661,10.9661,20.9661,15.9661,-33333.3,-33333.3,1.14506,95.7157,0.5,0,34.949,26.1222,21.1562,27.4384,-6.46012,2,0,0,1,115.636
1697,2017-08-25,00:00:00.00,4.05395,0,0,14.7161,9.96606,19.4661,14.7161,-33333.3,-33333.3,1.15038,95.692,0.5,0,34.7424,26.0928,21.1324,26.7448,-6.57127,2,0,0,1,105.913
1698,2017-08-26,00:00:00.00,4.07116,0,0,14.4661,7.96606,20.9661,14.4661,-33333.3,-33333.3,1.15145,95.6872,0.5,0,34.5334,25.9503,21.0169,26.6077,-6.59273,2,0,0,1,103.449
1699,2017-08-27,00:00:00.00,4.08837,0,0,14.4661,7.96606,20.9661,14.4661,-33333.3,-33333.3,1.15145,95.6872,0.5,0,34.322,25.7794,20.8784,26.6077,-6.59273,2,0,0,1,102.779
1700,2017-08-28,00:00:00.00,4.10559,0,0,14.9661,7.96606,21.9661,14.9661,-33333.3,-33333.3,1.14932,95.6967,0.5,0,34.1082,25.5541,20.6959,26.8824,-6.54955,2,0,0,1,105.632
1701,2017-08-29,00:00:00.00,4.1228,0,0,17.4661,11.9661,22.9661,17.4661,-33333.3,-33333.3,1.13866,95.7438,0.5,0,33.8922,25.1005,20.3286,28.2893,-6.31813,2,0,0,1,122.454
1702,2017-08-30,00:00:00.00,4.14002,0,0,16.4661,9.46606,23.4661,16.4661,-33333.3,-33333.3,1.14293,95.7251,0.5,0,33.674,25.0403,20.2797,27.7197,-6.41384,2,0,0,1,114.662
1703,2017-08-31,00:00:00.00,4.15723,4.92327,0,17.4661,10.4661,24.4661,17.4661,-33333.3,-33333.3,1.13866,95.7438,0.5,0,33.4535,24.7487,20.0435,28.2893,-6.31813,2,0,0,1,120.79
1704,2017-09-01,00:00:00.00,4.17445,0,0,14.4661,11.9661,16.9661,14.4661,-33333.3,-33333.3,1.15145,95.6872,0.5,0,33.231,24.8963,20.2387,26.6077,-6.59273,2,0,0,1,99.3463
1705,2017-09-02,00:00:00.00,4.19166,0,0,10.9661,4.46606,17.4661,10.9661,-33333.3,-33333.3,1.16637,95.6197,0.5,0,33.0063,25.0407,20.356,24.7467,-6.867,2,0,0,1,74.7784
1706,2017-09-03,00:00:00.00,4.20887,14.4684,0,12.7161,4.96606,20.4661,12.7161,-33333.3,-33333.3,1.15891,95.6537,0.5,0,32.7797,24.6995,20.0786,25.6639,-6.73591,2,0,0,1,86.0917
1707,2017-09-04,00:00:00.00,4.22609,0,0,15.7161,11.4661,19.9661,15.7161,-33333.3,-33333.3,1.14612,95.711,0.5,0,32.5511,24.2166,19.8841,27.2985,-6.48287,2,1.79329,1.79329,1,105.632
1708,2017-09-05,00:00:00.00,4.2433,8.03799,0,18.4661,12.4661,24.4661,18.4661,-33333.3,-33333.3,1.1344,95.7625,0.5,0,32.3206,23.7229,19.4524,28.8681,-6.21816,2,4.76622,4.76622,1,123.204
1709,2017-09-06,00:00:00.00,4.26052,13.2627,0,15.7161,11.4661,19.9661,15.7161,-33333.3,-33333.3,1.14612,95.711,0.5,0,32.0883,23.8426,19.5989,27.2985,-6.48287,2,1.79329,1.79329,1,104.077
1710,2017-09-07,00:00:00.00,4.27773,0,0,13.4661,7.96606,18.9661,13.4661,-33333.3,-33333.3,1.15571,95.6681,0.5,0,31.8542,23.8759,19.7403,26.0651,-6.67605,2,0,0,1,88.5053
1711,2017-09-08,00:00:00.00,4.29494,4.62184,0,11.9661,6.96606,16.9661,11.9661,-33333.3,-33333.3,1.1621,95.6392,0.5,0,31.6185,23.8193,19.6935,25.2676,-6.79355,2,0,0,1,78.0474
1712,2017-09-09,00:00:00.00,4.31216,0,0,12.7161,8.96606,16.4661,12.7161,-33333.3,-33333.3,1.15891,95.6537,0.5,0,31.381,23.5591,19.5456,25.6639,-6.73591,2,0,0,1,82.2997
1713,2017-09-10,00:00:00.00,4.32937,0,0,10.7161,4.96606,16.4661,10.7161,-33333.3,-33333.3,1.16744,95.6148,0.5,0,31.1421,23.5344,19.5251,24.6178,-6.88476,2,0,0,1,68.8145
1714,2017-09-11,00:00:00.00,4.34659,0,0,12.4661,5.46606,19.4661,12.4661,-33333.3,-33333.3,1.15997,95.6488,0.5,0,30.9016,23.1899,19.2393,25.5313,-6.75537,2,0,0,1,79.4205
1715,2017-09-12,00:00:00.00,4.3638,0,0,14.2161,6.46606,21.9661,14.2161,-33333.3,-33333.3,1.15251,95.6825,0.5,0,30.6597,22.8335,18.9436,26.4712,-6.61394,2,0.00595778,0.00595778,1,89.8468
1716,2017-09-13,00:00:00.00,4.38102,0,0,16.4661,8.46606,24.4661,16.4661,-33333.3,-33333.3,1.14293,95.7251,0.5,0,30.4165,22.4135,18.595,27.7197,-6.41384,2,2.68696,2.68696,1,103.227
1717,2017-09-14,00:00:00.00,4.39823,0,0,17.4661,9.46606,25.4661,17.4661,-33333.3,-33333.3,1.13866,95.7438,0.5,0,30.172,22.1105,18.3068,28.2893,-6.31813,2,3.87851,3.87851,1,108.603
1718,2017-09-15,00:00:00.00,4.41544,0,0,19.4661,13.9661,24.9661,19.4661,-33333.3,-33333.3,1.13013,95.781,0.5,0,29.9263,21.6892,17.9057,29.4561,-6.11385,2,4.76622,4.76622,1,120.041
1719,2017-09-16,00:00:00.00,4.43266,0,0,19.2161,13.4661,24.9661,19.2161,-33333.3,-33333.3,1.13119,95.7763,0.5,0,29.6794,21.5207,17.7029,29.3082,-6.14033,2,4.76622,4.76622,1,117.512
1720,2017-09-17,00:00:00.00,4.44987,0,0,18.9661,12.4661,25.4661,18.9661,-33333.3,-33333.3,1.13226,95.7717,0.5,0,29.4315,21.3506,17.4999,29.1609,-6.16655,2,4.76622,4.76622,1,115.007
1721,2017-09-18,00:00:00.00,4.46709,0,0,19.9661,13.4661,26.4661,19.9661,-33333.3,-33333.3,1.12799,95.7902,0.5,0,29.1827,21.037,17.1806,29.7536,-6.06004,2,4.76622,4.76622,1,120.041
1722,2017-09-19,00:00:00.00,4.4843,0.602849,0,21.2161,14.9661,27.4661,21.2161,-33333.3,-33333.3,1.12263,95.813,0.5,0,28.9329,20.6891,16.8358,30.5078,-5.92065,2,4.76622,4.76622,1,126.461
1723,2017-09-20,00:00:00.00,4.50151,5.02374,0,20.4661,16.9661,23.9661,20.4661,-33333.3,-33333.3,1.12585,95.7993,0.5,0,28.6824,20.5796,16.6988,30.0535,-6.00513,2,4.76622,4.76622,1,120.933
1724,2017-09-21,00:00:00.00,4.51873,0,0,21.2161,15.4661,26.9661,21.2161,-33333.3,-33333.3,1.12263,95.813,0.5,0,28.4311,20.2907,16.4752,30.5078,-5.92065,2,4.76622,4.76622,1,124.268
1725,2017-09-22,00:00:00.00,4.53594,0,0,20.9661,14.4661,27.4661,20.9661,-33333.3,-33333.3,1.1237,95.8085,0.5,0,28.1792,20.1203,16.2858,30.3558,-5.94909,2,4.76622,4.76622,1,121.719
1726,2017-09-23,00:00:00.00,4.55316,0,0,21.7161,14.4661,28.9661,21.7161,-33333.3,-33333.3,1.12049,95.8221,0.5,0,27.9268,19.8303,16.005,30.8137,-5.86293,2,4.76622,4.76622,1,124.949
1727,2017-09-24,00:00:00.00,4.57037,0,0,22.4661,15.4661,29.4661,22.4661,-33333.3,-33333.3,1.11726,95.8357,0.5,0,27.6738,19.5386,15.7279,31.277,-5.77419,2,4.76622,4.76622,1,128.103
1728,2017-09-25,00:00:00.00,4.58759,0,0,24.7161,17.9661,31.4661,24.7161,-33333.3,-33333.3,1.10755,95.8761,0.5,0,27.4205,19.0509,15.2982,32.6998,-5.49229,2,4.76622,4.76622,1,139.655
1729,2017-09-26,00:00:00.00,4.6048,0,0,23.9661,17.4661,30.4661,23.9661,-33333.3,-33333.3,1.1108,95.8627,0.5,0,27.1669,18.9506,15.1837,32.22,-5.5889,2,4.76622,4.76622,1,134.179
1730,2017-09-27,00:00:00.00,4.62201,3.21519,0,23.9661,17.9661,29.9661,23.9661,-33333.3,-33333.3,1.1108,95.8627,0.5,0,26.9131,18.7517,14.9936,32.22,-5.5889,2,4.76622,4.76622,1,132.943
1731,2017-09-28,00:00:00.00,4.63923,0,0,20.7161,16.4661,24.9661,20.7161,-33333.3,-33333.3,1.12478,95.8039,0.5,0,26.6592,18.9407,15.1525,30.2044,-5.97725,2,4.76622,4.76622,1,113.847
1732,2017-09-29,00:00:00.00,4.65644,0.20095,0,12.7161,8.96606,16.4661,12.7161,-33333.3,-33333.3,1.15891,95.6537,0.5,0,26.4052,19.4954,15.5663,25.6639,-6.73591,2,0,0,1,69.2284
1733,2017-09-30,00:00:00.00,4.67366,4.82279,0,10.4661,5.46606,15.4661,10.4661,-33333.3,-33333.3,1.16851,95.6099,0.5,0,26.1514,19.4556,15.5368,24.4895,-6.90229,2,0,0,1,56.4418
1734,2017-10-01,00:00:00.00,4.69087,0,0,9.46606,4.96606,13.9661,9.46606,-33333.3,-33333.3,1.17278,95.5902,0.5,0,25.8976,19.3158,15.4827,23.9814,-6.97001,2,0,0,1,50.5642
1735,2017-10-02,00:00:00.00,4.70809,0,0,9.46606,1.46606,17.4661,9.46606,-33333.3,-33333.3,1.17278,95.5902,0.5,0,25.6441,19.1072,15.3155,23.9814,-6.97001,2,1.21508,1.21508,1,50.0807
1736,2017-10-03,00:00:00.00,4.7253,0,0,12.9661,4.96606,20.9661,12.9661,-33333.3,-33333.3,1.15784,95.6585,0.5,0,25.391,18.6481,14.9396,25.7971,-6.7162,2,2.35594,2.35594,1,67.9373
1737,2017-10-04,00:00:00.00,4.74251,0,0,15.9661,7.46606,24.4661,15.9661,-33333.3,-33333.3,1.14506,95.7157,0.5,0,25.1383,18.1947,14.5616,27.4384,-6.46012,2,2.35594,2.35594,1,82.8456
1738,2017-10-05,00:00:00.00,4.75973,4.82279,0,18.4661,15.9661,20.9661,18.4661,-33333.3,-33333.3,1.1344,95.7625,0.5,0,24.8861,17.7605,14.2004,28.8681,-6.21816,2,2.35594,2.35594,1,94.8836
1739,2017-10-06,00:00:00.00,4.77694,0.602849,0,13.9661,8.46606,19.4661,13.9661,-33333.3,-33333.3,1.15358,95.6777,0.5,0,24.6345,17.9537,14.3941,26.3353,-6.63489,2,2.35594,2.35594,1,71.0576
1740,2017-10-07,00:00:00.00,4.79416,3.01425,0,15.2161,10.9661,19.4661,15.2161,-33333.3,-33333.3,1.14825,95.7015,0.5,0,24.3836,17.6485,14.1412,27.0205,-6.52758,2,2.35594,2.35594,1,76.6539
1741,2017-10-08,00:00:00.00,4.81137,8.03799,0,19.2161,13.9661,24.4661,19.2161,-33333.3,-33333.3,1.13119,95.7763,0.5,0,24.1335,17.0857,13.7077,29.3082,-6.14033,2,2.35594,2.35594,1,95.8446
1742,2017-10-09,00:00:00.00,4.82858,9.24369,0,18.9661,15.4661,22.4661,18.9661,-33333.3,-33333.3,1.13226,95.7717,0.5,0,23.8843,16.911,13.6359,29.1609,-6.16655,2,2.35594,2.35594,1,93.6547
1743,2017-10-10,00:00:00.00,4.8458,0,0,18.2161,13.4661,22.9661,18.2161,-33333.3,-33333.3,1.13546,95.7578,0.5,0,23.6361,16.7832,13.6103,28.7225,-6.24356,2,2.35594,2.35594,1,89.0501
1744,2017-10-11,00:00:00.00,4.86301,0.803799,0,15.7161,10.9661,20.4661,15.7161,-33333.3,-33333.3,1.14612,95.711,0.5,0,23.389,16.803,13.6059,27.2985,-6.48287,2,2.35594,2.35594,1,76.0555
1745,2017-10-12,00:00:00.00,4.88023,11.2532,0,7.21606,6.46606,7.96606,7.21606,-33333.3,-33333.3,1.18242,95.5455,0.5,0,23.1431,17.1829,13.9017,22.8686,-7.10886,2,0,0,1,34.568
1746,2017-10-13,00:00:00.00,4.89744,0.301425,0,8.71606,4.46606,12.9661,8.71606,-33333.3,-33333.3,1.17599,95.5754,0.5,0,22.8984,16.8954,13.7868,23.6058,-7.01836,2,0.773338,0.773338,1,41.3299
1747,2017-10-14,00:00:00.00,4.91466,1.40665,0,13.9661,10.4661,17.4661,13.9661,-33333.3,-33333.3,1.15358,95.6777,0.5,0,22.655,16.3466,13.3344,26.3353,-6.63489,2,2.35594,2.35594,1,65.5497
1748,2017-10-15,00:00:00.00,4.93187,17.6836,0,13.7161,9.96606,17.4661,13.7161,-33333.3,-33333.3,1.15464,95.6729,0.5,0,22.4131,16.1689,13.1804,26.1999,-6.6556,2,2.35594,2.35594,1,63.7182
1749,2017-10-16,00:00:00.00,4.94908,9.44464,0,16.9661,13.4661,20.4661,16.9661,-33333.3,-33333.3,1.1408,95.7345,0.5,0,22.1728,15.7202,12.9225,28.0034,-6.36652,2,2.35594,2.35594,1,78.0078
1750,2017-10-17,00:00:00.00,4.9663,0,0,5.21606,0.966056,9.46606,5.21606,-33333.3,-33333.3,1.19104,95.5051,0.5,0,21.934,16.2877,13.4553,21.9142,-7.217,2,0,0,1,23.7361
1751,2017-10-18,00:00:00.00,4.98351,0,0,8.71606,-0.0339442,17.4661,8.71606,-33333.3,-33333.3,1.17599,95.5754,0.5,0,21.697,15.9083,13.1419,23.6058,-7.01836,2,0.773338,0.773338,1,39.2542
1752,2017-10-19,00:00:00.00,5.00073,0,0,10.4661,1.46606,19.4661,10.4661,-33333.3,-33333.3,1.16851,95.6099,0.5,0,21.4618,15.6123,12.8898,24.4895,-6.90229,2,1.80406,1.80406,1,46.6485
1753,2017-10-20,00:00:00.00,5.01794,0,0,12.9661,8.46606,17.4661,12.9661,-33333.3,-33333.3,1.15784,95.6585,0.5,0,21.2284,15.2606,12.5823,25.7971,-6.7162,2,2.35594,2.35594,1,57.193
1754,2017-10-21,00:00:00.00,5.03516,0,0,12.9661,4.46606,21.4661,12.9661,-33333.3,-33333.3,1.15784,95.6585,0.5,0,20.9971,15.0729,12.4055,25.7971,-6.7162,2,2.35594,2.35594,1,56.6
1755,2017-10-22,00:00:00.00,5.05237,0,0,14.4661,6.96606,21.9661,14.4661,-33333.3,-33333.3,1.15145,95.6872,0.5,0,20.7678,14.783,12.1452,26.6077,-6.59273,2,2.35594,2.35594,1,62.4924
1756,2017-10-23,00:00:00.00,5.06958,0,0,16.2161,7.96606,24.4661,16.2161,-33333.3,-33333.3,1.14399,95.7204,0.5,0,20.5406,14.4706,11.8674,27.5788,-6.43711,2,2.35594,2.35594,1,69.3245
1757,2017-10-24,00:00:00.00,5.0868,13.6646,0,14.7161,10.9661,18.4661,14.7161,-33333.3,-33333.3,1.15038,95.692,0.5,0,20.3157,14.4005,11.7888,26.7448,-6.57127,2,2.35594,2.35594,1,62.2582
1758,2017-10-25,00:00:00.00,5.10401,1.80855,0,10.4661,8.46606,12.4661,10.4661,-33333.3,-33333.3,1.16851,95.6099,0.5,0,20.0931,14.4948,11.944,24.4895,-6.90229,2,1.80406,1.80406,1,43.8179
1759,2017-10-26,00:00:00.00,5.12123,0,0,5.71606,3.46606,7.96606,5.71606,-33333.3,-33333.3,1.18888,95.5153,0.5,0,19.8728,14.5622,11.9995,22.1498,-7.19128,2,0,0,1,23.6827
1760,2017-10-27,00:00:00.00,5.13844,0,0,4.46606,-1.03394,9.96606,4.46606,-33333.3,-33333.3,1.19428,95.4899,0.5,0,19.6551,14.4386,11.8976,21.5646,-7.25396,2,0,0,1,18.3117
1761,2017-10-28,00:00:00.00,5.15565,2.61235,0,7.46606,-0.0339442,14.9661,7.46606,-33333.3,-33333.3,1.18135,95.5505,0.5,0,19.4399,14.1224,11.637,22.9902,-7.09434,2,0.0371061,0.0371061,1,30.2949
1762,2017-10-29,00:00:00.00,5.17287,3.21519,0,4.21606,2.46606,5.96606,4.21606,-33333.3,-33333.3,1.19536,95.4848,0.5,0,19.2273,14.0962,11.638,21.449,-7.26585,2,0,0,1,16.9304
1763,2017-10-30,00:00:00.00,5.19008,0.20095,0,3.71606,0.966056,6.46606,3.71606,-33333.3,-33333.3,1.19752,95.4745,0.5,0,19.0174,13.9436,11.5398,21.2194,-7.28899,2,0,0,1,14.7685
1764,2017-10-31,00:00:00.00,5.2073,1.2057,0,3.46606,1.96606,4.96606,3.46606,-33333.3,-33333.3,1.19861,95.4694,0.5,0,18.8103,13.7827,11.4083,21.1053,-7.30025,2,0,0,1,13.6332
1765,2017-11-01,00:00:00.00,5.22451,0.803799,0,2.96606,0.966056,4.96606,2.96606,-33333.3,-33333.3,1.20078,95.4591,0.5,0,18.6061,13.6337,11.2951,20.8786,-7.32214,2,0,0,1,11.5468
1766,2017-11-02,00:00:00.00,5.24173,8.64084,0,2.96606,-0.533944,6.46606,2.96606,-33333.3,-33333.3,1.20078,95.4591,0.5,0,18.4047,13.4674,11.164,20.8786,-7.32214,2,0.60972,0.60972,1,11.4287
1767,2017-11-03,00:00:00.00,5.25894,25.1187,0,7.71606,1.96606,13.4661,7.71606,-33333.3,-33333.3,1.18028,95.5555,0.5,0,18.2064,13.1,10.9026,23.1123,-7.0796,2,0.822833,0.822833,1,29.4285
1768,2017-11-04,00:00:00.00,5.27615,0,0,6.71606,5.46606,7.96606,6.71606,-33333.3,-33333.3,1.18457,95.5355,0.5,0,18.0111,12.9869,10.852,22.627,-7.13722,2,0.822833,0.822833,1,25.3551
1769,2017-11-05,00:00:00.00,5.29337,5.62659,0,3.21606,-1.53394,7.96606,3.21606,-33333.3,-33333.3,1.19969,95.4642,0.5,0,17.819,12.9746,10.835,20.9917,-7.3113,2,0.661147,0.661147,1,12.0192
1770,2017-11-06,00:00:00.00,5.31058,3.41614,0,8.96606,1.96606,15.9661,8.96606,-33333.3,-33333.3,1.17492,95.5804,0.5,0,17.6301,12.5688,10.5183,23.7305,-7.00247,2,0.822833,0.822833,1,33.1727
1771,2017-11-07,00:00:00.00,5.3278,0,0,4.46606,2.96606,5.96606,4.46606,-33333.3,-33333.3,1.19428,95.4899,0.5,0,17.4444,12.6176,10.5744,21.5646,-7.25396,2,0.822833,0.822833,1,16.3591
1772,2017-11-08,00:00:00.00,5.34501,0,0,3.71606,-0.533944,7.96606,3.71606,-33333.3,-33333.3,1.19752,95.4745,0.5,0,17.262,12.4969,10.4668,21.2194,-7.28899,2,0.764001,0.764001,1,13.4774
1773,2017-11-09,00:00:00.00,5.36223,0,0,0.966056,-4.03394,5.96606,0.966056,-33333.3,-33333.3,1.20949,95.4175,0.5,0,17.083,12.447,10.4191,19.9911,-7.40146,2,0.198303,0.198303,1,3.46939
1774,2017-11-10,00:00:00.00,5.37944,0,2.0095,1.46606,-2.53394,5.46606,1.46606,-33333.3,-33333.3,1.20731,95.4279,0.5,0,16.9075,12.2854,10.2823,20.2101,-7.38284,2,0.301157,0.301157,1,5.21387
1775,2017-11-11,00:00:00.00,5.39665,0,0,-8.78394,-13.5339,-4.03394,-8.78394,-33333.3,-33333.3,1.25314,95.2059,0.5,0,16.7355,12.4101,10.3998,15.9458,-7.75261,2,0,0,1,-30.9383
1776,2017-11-12,00:00:00.00,5.41387,0,0,-7.03394,-13.0339,-1.03394,-7.03394,-33333.3,-33333.3,1.24517,95.245,0.5,0,16.567,12.2335,10.2518,16.6202,-7.71199,2,0,0,1,-24.5385
1777,2017-11-13,00:00:00.00,5.43108,8.88178e-16,1.6076,-1.28394,-4.53394,1.96606,-1.28394,-33333.3,-33333.3,1.21941,95.37,0.5,0,16.4021,11.9532,10.0169,19.0042,-7.50003,2,0,0,1,-4.43693
1778,2017-11-14,00:00:00.00,5.4483,0.20095,0,1.46606,-1.03394,3.96606,1.46606,-33333.3,-33333.3,1.20731,95.4279,0.5,0,16.2408,11.7357,3.96708,20.2101,-7.38284,2,0.301157,0.301157,1,5.01912
1779,2017-11-15,00:00:00.00,5.46551,0,0,3.21606,-0.0339442,6.46606,3.21606,-33333.3,-33333.3,1.19969,95.4642,0.5,0,16.0833,11.5466,9.68697,20.9917,-7.3113,2,0.661147,0.661147,1,10.9091
1780,2017-11-16,00:00:00.00,5.48272,11.0522,0,3.21606,0.466056,5.96606,3.21606,-33333.3,-33333.3,1.19969,95.4642,0.5,0,15.9296,11.4204,9.57638,20.9917,-7.3113,2,0.661147,0.661147,1,10.8101
1781,2017-11-17,00:00:00.00,5.49994,1.2057,0,3.21606,1.96606,4.46606,3.21606,-33333.3,-33333.3,1.19969,95.4642,0.5,0,15.7796,11.2974,9.48659,20.9917,-7.3113,2,0.661147,0.661147,1,10.7135
1782,2017-11-18,00:00:00.00,5.51715,1.77636e-15,5.42564,-1.03394,-5.03394,2.96606,-1.03394,-33333.3,-33333.3,1.2183,95.3753,0.5,0,15.6335,11.3107,9.50154,19.1139,-7.48792,2,0,0,1,-3.41399
1783,2017-11-19,00:00:00.00,5.53437,17.4826,0,1.96606,-2.03394,5.96606,1.96606,-33333.3,-33333.3,1.20513,95.4383,0.5,0,15.4913,11.1028,3.75197,20.431,-7.36343,2,0.404011,0.404011,1,6.43562
1784,2017-11-20,00:00:00.00,5.55158,0.367314,3.45073,-0.533944,-2.53394,1.46606,-0.533944,-33333.3,-33333.3,1.21609,95.3859,0.5,0,15.353,11.0651,9.30786,19.3349,-7.46295,2,0,0,1,-1.73291
1785,2017-11-21,00:00:00.00,5.5688,0,0,-0.0339442,-4.03394,3.96606,-0.0339442,-33333.3,-33333.3,1.21388,95.3965,0.5,0,15.2187,10.94,3.69634,19.5581,-7.43696,2,0,0,1,-0.109227
1786,2017-11-22,00:00:00.00,5.58601,3.21519,0,4.71606,0.966056,8.46606,4.71606,-33333.3,-33333.3,1.19319,95.495,0.5,0,15.0884,10.6783,3.60811,21.6806,-7.24185,2,0.822833,0.822833,1,15.0543
1787,2017-11-23,00:00:00.00,5.60322,0,0,-3.28394,-4.53394,-2.03394,-3.28394,-33333.3,-33333.3,1.2283,95.3271,0.5,0,14.9621,10.8148,9.10415,18.1449,-7.58798,2,0,0,1,-10.3989
1788,2017-11-24,00:00:00.00,5.62044,0,0,-1.53394,-4.03394,0.966056,-1.53394,-33333.3,-33333.3,1.22052,95.3646,0.5,0,14.84,10.6695,8.98182,18.895,-7.51189,2,0,0,1,-4.81936
1789,2017-11-25,00:00:00.00,5.63765,0.602849,0,3.21606,-2.53394,8.96606,3.21606,-33333.3,-33333.3,1.19969,95.4642,0.5,0,14.7219,10.4312,8.7812,20.9917,-7.3113,2,0.661147,0.661147,1,10.0272
1790,2017-11-26,00:00:00.00,5.65487,0,0,5.21606,3.96606,6.46606,5.21606,-33333.3,-33333.3,1.19104,95.5051,0.5,0,14.608,10.2686,8.64394,21.9142,-7.217,2,0.822833,0.822833,1,16.1419
1791,2017-11-27,00:00:00.00,5.67208,0,0,-0.0339442,-2.53394,2.46606,-0.0339442,-33333.3,-33333.3,1.21388,95.3965,0.5,0,14.4983,10.3473,8.70493,19.5581,-7.43696,2,0,0,1,-0.104266
1792,2017-11-28,00:00:00.00,5.6893,0,0,0.216056,-2.03394,2.46606,0.216056,-33333.3,-33333.3,1.21278,95.4017,0.5,0,14.3928,10.2536,8.62607,19.6661,-7.42788,2,0.0440216,0.0440216,1,0.659137
1793,2017-11-29,00:00:00.00,5.70651,0,0,6.46606,-2.03394,14.9661,6.46606,-33333.3,-33333.3,1.18565,95.5304,0.5,0,14.2916,9.96487,8.38291,22.5069,-7.15106,2,0.822833,0.822833,1,19.5916
1794,2017-11-30,00:00:00.00,5.72372,0,0,2.21606,0.466056,3.96606,2.21606,-33333.3,-33333.3,1.20404,95.4435,0.5,0,14.1946,10.032,8.43418,20.5422,-7.35341,2,0.455438,0.455438,1,6.67026
1795,2017-12-01,00:00:00.00,5.74094,1.54785,1.86829,-0.0339442,-4.03394,3.96606,-0.0339442,-33333.3,-33333.3,1.21388,95.3965,0.5,0,14.1019,10.0217,8.42267,19.5581,-7.43696,2,0,0,1,-0.101502
1796,2017-12-02,00:00:00.00,5.75815,0,0,3.46606,0.966056,5.96606,3.46606,-33333.3,-33333.3,1.19861,95.4694,0.5,0,14.0135,9.84439,3.32456,21.1053,-7.30025,2,0.322147,0.322147,1,10.303
1797,2017-12-03,00:00:00.00,5.77537,0,0,1.71606,-2.53394,5.96606,1.71606,-33333.3,-33333.3,1.20622,95.4331,0.5,0,13.9295,9.83022,8.27568,20.3203,-7.37324,2,0.322147,0.322147,1,5.0711
1798,2017-12-04,00:00:00.00,5.79258,0,0,0.966056,-3.03394,4.96606,0.966056,-33333.3,-33333.3,1.20949,95.4175,0.5,0,13.8498,9.78686,8.2372,19.9911,-7.40146,2,0.322147,0.322147,1,2.83873
1799,2017-12-05,00:00:00.00,5.80979,7.23419,0,2.96606,-3.03394,8.96606,2.96606,-33333.3,-33333.3,1.20078,95.4591,0.5,0,13.7745,9.66535,8.133,20.8786,-7.32214,2,0.322147,0.322147,1,8.66886
1800,2017-12-06,00:00:00.00,5.82701,0,0,6.71606,3.46606,9.96606,6.71606,-33333.3,-33333.3,1.18457,95.5355,0.5,0,13.7036,9.4791,7.98207,22.627,-7.13722,2,0.322147,0.322147,1,19.5287
1801,2017-12-07,00:00:00.00,5.84422,0,1.00475,-2.28394,-4.53394,-0.0339442,-2.28394,-33333.3,-33333.3,1.22385,95.3486,0.5,0,13.6371,9.69749,8.16398,18.5705,-7.54597,2,0.167919,0.167919,1,-6.60901
1802,2017-12-08,00:00:00.00,5.86144,0,0,-4.03394,-5.03394,-3.03394,-4.03394,-33333.3,-33333.3,1.23166,95.3109,0.5,0,13.5751,9.68654,3.26995,17.8311,-7.61696,2,0.0269798,0.0269798,1,-11.6197
1803,2017-12-09,00:00:00.00,5.87865,0,0,-4.03394,-6.53394,-1.53394,-4.03394,-33333.3,-33333.3,1.23166,95.3109,0.5,0,13.5175,9.63899,3.2538,17.8311,-7.61696,2,0.0269798,0.0269798,1,-11.5699
1804,2017-12-10,00:00:00.00,5.89587,0,2.0095,-3.78394,-6.03394,-1.53394,-3.78394,-33333.3,-33333.3,1.23054,95.3163,0.5,0,13.4644,9.58963,3.23706,17.9352,-7.60754,2,0.047114,0.047114,1,-10.8094
1805,2017-12-11,00:00:00.00,5.91308,1.77636e-15,6.63134,-5.53394,-6.53394,-4.53394,-5.53394,-33333.3,-33333.3,1.23839,95.2781,0.5,0,13.4157,9.58635,3.23576,17.2168,-7.66859,2,0,0,1,-15.7498
1806,2017-12-12,00:00:00.00,5.93029,0,7.03324,-7.28394,-10.0339,-4.53394,-7.28394,-33333.3,-33333.3,1.2463,95.2395,0.5,0,13.3715,9.58343,3.23459,16.5224,-7.71845,2,0,0,1,-20.6595
1807,2017-12-13,00:00:00.00,5.94751,0,0,-8.03394,-10.5339,-5.53394,-8.03394,-33333.3,-33333.3,1.24971,95.2228,0.5,0,13.3319,9.56399,3.22792,16.232,-7.7365,2,0,0,1,-22.7155
1808,2017-12-14,00:00:00.00,5.96472,8.88178e-16,1.6076,-12.7839,-15.5339,-10.0339,-12.7839,-33333.3,-33333.3,1.27161,95.1147,0.5,0,13.2967,9.60872,3.24274,14.4893,-7.80714,2,0,0,1,-36.0438
1809,2017-12-15,00:00:00.00,5.98194,2.22045e-16,0.401899,-13.5339,-18.5339,-8.53394,-13.5339,-33333.3,-33333.3,1.27511,95.0973,0.5,0,13.266,9.59317,3.23741,14.2289,-7.81173,2,0,0,1,-38.0623
1810,2017-12-16,00:00:00.00,5.99915,-8.88178e-16,2.8133,-9.53394,-13.5339,-5.53394,-9.53394,-33333.3,-33333.3,1.25657,95.189,0.5,0,13.2399,9.51284,3.21042,15.6638,-7.76682,2,0,0,1,-26.7536
1811,2017-12-17,00:00:00.00,6.01637,2.22045e-16,0.401899,-7.03394,-8.53394,-5.53394,-7.03394,-33333.3,-33333.3,1.24517,95.245,0.5,0,13.2183,9.45152,3.18981,16.6202,-7.71199,2,0,0,1,-19.7007
1812,2017-12-18,00:00:00.00,6.03358,0,1.00475,-9.28394,-15.0339,-3.53394,-9.28394,-33333.3,-33333.3,1.25542,95.1947,0.5,0,13.2013,9.47643,3.19807,15.7574,-7.76229,2,0,0,1,-25.9612
1813,2017-12-19,00:00:00.00,6.05079,-2.22045e-16,1.2057,-3.53394,-10.0339,2.96606,-3.53394,-33333.3,-33333.3,1.22942,95.3217,0.5,0,13.1888,9.35605,3.15774,18.0398,-7.59788,2,0.0672482,0.0672482,1,-9.86958
1814,2017-12-20,00:00:00.00,6.06801,0,0,0.966056,-1.03394,2.96606,0.966056,-33333.3,-33333.3,1.20949,95.4175,0.5,0,13.1808,9.23794,3.11819,19.9911,-7.40146,2,0.322147,0.322147,1,2.69544
1815,2017-12-21,00:00:00.00,6.08522,0,1.00475,-3.53394,-4.53394,-2.53394,-3.53394,-33333.3,-33333.3,1.22942,95.3217,0.5,0,13.1774,9.34631,3.15443,18.0398,-7.59788,2,0.0672482,0.0672482,1,-9.85385
1816,2017-12-22,00:00:00.00,6.10244,0,7.03324,-4.53394,-7.03394,-2.03394,-4.53394,-33333.3,-33333.3,1.2339,95.3,0.5,0,13.1785,9.36855,3.16187,17.6243,-7.6351,2,0,0,1,-12.6382
1817,2017-12-23,00:00:00.00,6.11965,0,2.0095,-5.28394,-7.03394,-3.53394,-5.28394,-33333.3,-33333.3,1.23727,95.2836,0.5,0,13.1842,9.38846,3.16855,17.318,-7.66056,2,0,0,1,-14.7288
1818,2017-12-24,00:00:00.00,6.13686,0,2.0095,-3.78394,-7.03394,-0.533944,-3.78394,-33333.3,-33333.3,1.23054,95.3163,0.5,0,13.1945,9.36521,3.16081,17.9352,-7.60754,2,0.047114,0.047114,1,-10.5509
1819,2017-12-25,00:00:00.00,6.15408,1.77636e-15,6.63134,-7.28394,-11.0339,-3.53394,-7.28394,-33333.3,-33333.3,1.2463,95.2395,0.5,0,13.2093,9.44705,3.18825,16.5224,-7.71845,2,0,0,1,-20.3231
1820,2017-12-26,00:00:00.00,6.17129,-4.44089e-16,1.40665,-7.28394,-8.53394,-6.03394,-7.28394,-33333.3,-33333.3,1.2463,95.2395,0.5,0,13.2286,9.46281,3.1936,16.5224,-7.71845,2,0,0,1,-20.3426
1821,2017-12-27,00:00:00.00,6.18851,0,0,-15.5339,-17.0339,-14.0339,-15.5339,-33333.3,-33333.3,1.28454,95.0504,0.5,0,13.2525,9.60454,3.24111,13.5536,-7.81574,2,0,0,1,-43.4385
1822,2017-12-28,00:00:00.00,6.20572,0,0,-16.2839,-20.0339,-12.5339,-16.2839,-33333.3,-33333.3,1.2881,95.0326,0.5,0,13.281,9.63666,3.25198,13.3073,-7.81425,2,0,0,1,-45.6082
1823,2017-12-29,00:00:00.00,6.22294,2.22045e-16,0.401899,-18.7839,-24.5339,-13.0339,-18.7839,-33333.3,-33333.3,1.3001,94.9726,0.5,0,13.314,9.69047,3.27011,12.5132,-7.798,2,0,0,1,-52.7104
1824,2017-12-30,00:00:00.00,6.24015,4.44089e-16,2.61235,-13.5339,-17.0339,-10.0339,-13.5339,-33333.3,-33333.3,1.27511,95.0973,0.5,0,13.3515,9.66116,3.26046,14.2289,-7.81173,2,0,0,1,-38.0623
1825,2017-12-31,00:00:00.00,6.25736,2.22045e-16,0.401899,-12.5339,-17.0339,-8.03394,-12.5339,-33333.3,-33333.3,1.27044,95.1205,0.5,0,13.3936,9.68228,3.26769,14.577,-7.80522,2,0,0,1,-35.339
1826,2018-01-01,00:00:00.00,6.27458,0,0,-20.7839,-28.5339,-13.0339,-20.7839,-33333.3,-33333.3,1.30983,94.9238,0.5,0,13.4402,9.8139,3.31193,11.9069,-7.77307,2,0,0,1,-58.7654
1827,2018-01-02,00:00:00.00,0.0086071,0,4.42089,-17.2839,-24.5339,-10.0339,-17.2839,-33333.3,-33333.3,1.29288,95.0087,0.5,0,13.4913,9.82171,3.31475,12.9848,-7.8098,2,0,0,1,-49.0225
1828,2018-01-03,00:00:00.00,0.0258213,0,0,-13.0339,-16.5339,-9.53394,-13.0339,-33333.3,-33333.3,1.27277,95.1089,0.5,0,13.5469,9.81578,3.31299,14.4021,-7.80886,2,0,0,1,-37.0951
1829,2018-01-04,00:00:00.00,0.0430355,4.44089e-16,0.803799,-13.7839,-18.0339,-9.53394,-13.7839,-33333.3,-33333.3,1.27629,95.0915,0.5,0,13.607,9.87557,3.33324,14.143,-7.81288,2,0,0,1,-39.3759
1830,2018-01-05,00:00:00.00,0.0602497,0,0,-16.0339,-18.0339,-14.0339,-16.0339,-33333.3,-33333.3,1.28691,95.0385,0.5,0,13.6716,9.95708,3.36079,13.389,-7.81492,2,0,0,1,-45.9875
1831,2018-01-06,00:00:00.00,0.0774639,0,0,-21.0339,-24.0339,-18.0339,-21.0339,-33333.3,-33333.3,1.31106,94.9176,0.5,0,13.7407,10.0659,3.39749,11.8328,-7.76924,2,0,0,1,-60.5879
1832,2018-01-07,00:00:00.00,0.0946781,0,0,-20.5339,-25.0339,-16.0339,-20.5339,-33333.3,-33333.3,1.30861,94.9299,0.5,0,13.8142,10.1225,3.41675,11.9813,-7.77674,2,0,0,1,-59.4189
1833,2018-01-08,00:00:00.00,0.111892,0,7.03324,-13.0339,-23.5339,-2.53394,-13.0339,-33333.3,-33333.3,1.27277,95.1089,0.5,0,13.8922,10.1015,3.41003,14.4021,-7.80886,2,0,0,1,-37.8996
1834,2018-01-09,00:00:00.00,0.129107,0,2.0095,-5.53394,-11.0339,-0.0339442,-5.53394,-33333.3,-33333.3,1.23839,95.2781,0.5,0,13.9745,10.0411,3.39012,17.2168,-7.66859,2,0.134478,0.134478,1,-16.1739
1835,2018-01-10,00:00:00.00,0.146321,0,0,-3.53394,-4.53394,-2.53394,-3.53394,-33333.3,-33333.3,1.22942,95.3217,0.5,0,14.0613,10.0686,3.39968,18.0398,-7.59788,2,0.168836,0.168836,1,-10.3843
1836,2018-01-11,00:00:00.00,0.163535,3.55271e-15,6.43039,-1.28394,-9.53394,6.96606,-1.28394,-33333.3,-33333.3,1.21941,95.37,0.5,0,14.1525,10.0882,3.4066,19.0042,-7.50003,2,0.168836,0.168836,1,-3.79414
1837,2018-01-12,00:00:00.00,0.180749,20.4969,0,4.71606,-0.533944,9.96606,4.71606,-33333.3,-33333.3,1.19319,95.495,0.5,0,14.2481,9.98414,3.37212,21.6806,-7.24185,2,0.168836,0.168836,1,14.0187
1838,2018-01-13,00:00:00.00,0.197963,-4.44089e-15,6.02849,-3.53394,-9.03394,1.96606,-3.53394,-33333.3,-33333.3,1.22942,95.3217,0.5,0,14.348,10.304,3.47965,18.0398,-7.59788,2,0.168836,0.168836,1,-10.5694
1839,2018-01-14,00:00:00.00,0.215178,0,0,-14.2839,-16.0339,-12.5339,-14.2839,-33333.3,-33333.3,1.27864,95.0798,0.5,0,14.4522,10.5834,3.57364,13.9725,-7.81462,2,0,0,1,-42.9941
1840,2018-01-15,00:00:00.00,0.232392,0,0,-13.2839,-18.5339,-8.03394,-13.2839,-33333.3,-33333.3,1.27394,95.1031,0.5,0,14.5607,10.6598,3.59968,14.3153,-7.81039,2,0,0,1,-40.2492
1841,2018-01-16,00:00:00.00,0.249606,8.88178e-16,5.02374,-11.2839,-14.0339,-8.53394,-11.2839,-33333.3,-33333.3,1.26463,95.1492,0.5,0,14.6735,10.7235,3.62145,15.022,-7.79273,2,0,0,1,-34.4237
1842,2018-01-17,00:00:00.00,0.26682,3.55271e-15,6.43039,-7.53394,-11.5339,-3.53394,-7.53394,-33333.3,-33333.3,1.24744,95.2339,0.5,0,14.7906,10.7545,3.6323,16.4251,-7.72468,2,0.0500599,0.0500599,1,-23.1463
1843,2018-01-18,00:00:00.00,0.284034,0,0,-11.2839,-15.5339,-7.03394,-11.2839,-33333.3,-33333.3,1.26463,95.1492,0.5,0,14.9118,10.9214,3.68869,15.022,-7.79273,2,0,0,1,-34.9199
1844,2018-01-19,00:00:00.00,0.301249,0,0,-8.53394,-12.0339,-5.03394,-8.53394,-33333.3,-33333.3,1.25199,95.2116,0.5,0,15.0373,10.9779,3.70811,16.0408,-7.74745,2,0.00785088,0.00785088,1,-26.6075
1845,2018-01-20,00:00:00.00,0.318463,0,0,-3.53394,-8.03394,0.966056,-3.53394,-33333.3,-33333.3,1.22942,95.3217,0.5,0,15.1668,10.9782,3.70871,18.0398,-7.59788,2,0.168836,0.168836,1,-11.103
1846,2018-01-21,00:00:00.00,0.335677,0,0,-0.0339442,-3.53394,3.46606,-0.0339442,-33333.3,-33333.3,1.21388,95.3965,0.5,0,15.3005,10.9947,3.71477,19.5581,-7.43696,2,0.168836,0.168836,1,-0.107467
1847,2018-01-22,00:00:00.00,0.352891,0.791176,1.62022,-0.283944,-4.03394,3.46606,-0.283944,-33333.3,-33333.3,1.21498,95.3912,0.5,0,15.4383,11.1151,3.75565,19.4462,-7.45008,2,0.168836,0.168836,1,-0.906367
1848,2018-01-23,00:00:00.00,0.370105,29.7406,0,1.21606,-1.03394,3.46606,1.21606,-33333.3,-33333.3,1.2084,95.4227,0.5,0,15.5801,11.1862,3.78,20.1004,-7.39225,2,0.168836,0.168836,1,3.91383
1849,2018-01-24,00:00:00.00,0.38732,1.00475,1.6076,1.71606,-0.533944,3.96606,1.71606,-33333.3,-33333.3,1.20622,95.4331,0.5,0,15.726,11.2897,3.81527,20.3203,-7.37324,2,0.168836,0.168836,1,5.56952
1850,2018-01-25,00:00:00.00,0.404534,0,0,-9.03394,-11.5339,-6.53394,-9.03394,-33333.3,-33333.3,1.25428,95.2003,0.5,0,15.8757,11.6834,3.9479,15.8514,-7.75756,2,0,0,1,-29.5713
1851,2018-01-26,00:00:00.00,0.421748,0,2.0095,-9.28394,-14.5339,-4.03394,-9.28394,-33333.3,-33333.3,1.25542,95.1947,0.5,0,16.0294,11.816,3.99294,15.7574,-7.76229,2,0,0,1,-30.655
1852,2018-01-27,00:00:00.00,0.438962,0,0,-0.0339442,-6.03394,5.96606,-0.0339442,-33333.3,-33333.3,1.21388,95.3965,0.5,0,16.187,11.7234,3.96244,19.5581,-7.43696,2,0.168836,0.168836,1,-0.113055
1853,2018-01-28,00:00:00.00,0.456176,0.20095,0,2.21606,-0.0339442,4.46606,2.21606,-33333.3,-33333.3,1.20404,95.4435,0.5,0,16.3484,11.7834,3.98319,20.5422,-7.35341,2,0.168836,0.168836,1,7.44884
1854,2018-01-29,00:00:00.00,0.473391,0,0,-0.283944,-3.03394,2.46606,-0.283944,-33333.3,-33333.3,1.21498,95.3912,0.5,0,16.5136,11.9999,4.05645,19.4462,-7.45008,2,0.168836,0.168836,1,-0.963135
1855,2018-01-30,00:00:00.00,0.490605,1.77636e-15,10.0475,-4.78394,-5.53394,-4.03394,-4.78394,-33333.3,-33333.3,1.23502,95.2945,0.5,0,16.6825,12.2623,4.14514,17.5217,-7.64382,2,0.166135,0.166135,1,-16.378
1856,2018-01-31,00:00:00.00,0.507819,2.22045e-16,0.401899,-13.5339,-17.0339,-10.0339,-13.5339,-33333.3,-33333.3,1.27511,95.0973,0.5,0,16.855,12.5774,4.25154,14.2289,-7.81173,2,0,0,1,-46.7695
1857,2018-02-01,00:00:00.00,0.525033,0,0,-9.03394,-18.0339,-0.0339442,-9.03394,-33333.3,-33333.3,1.25428,95.2003,0.5,0,17.0312,12.6459,4.27518,15.8514,-7.75756,2,0,0,1,-31.5157
1858,2018-02-02,00:00:00.00,0.542247,0,0,-3.03394,-7.03394,0.966056,-3.03394,-33333.3,-33333.3,1.22719,95.3325,0.5,0,17.211,12.6556,4.2791,18.2505,-7.57784,2,0.260046,0.260046,1,-10.686
1859,2018-02-03,00:00:00.00,0.559462,0,0,-14.7839,-18.0339,-11.5339,-14.7839,-33333.3,-33333.3,1.28099,95.068,0.5,0,17.3942,13.0479,4.41153,13.8036,-7.81561,2,0,0,1,-52.5772
1860,2018-02-04,00:00:00.00,0.576676,0,7.03324,-8.28394,-13.5339,-3.03394,-8.28394,-33333.3,-33333.3,1.25085,95.2172,0.5,0,17.5809,13.0893,4.42608,16.1361,-7.74208,2,0.0356264,0.0356264,1,-29.7498
1861,2018-02-05,00:00:00.00,0.59389,-2.22045e-15,3.01425,-4.28394,-9.03394,0.466056,-4.28394,-33333.3,-33333.3,1.23278,95.3054,0.5,0,17.771,13.1539,4.44846,17.7275,-7.62615,2,0.260046,0.260046,1,-15.537
1862,2018-02-06,00:00:00.00,0.611104,0,0,-13.2839,-19.5339,-7.03394,-13.2839,-33333.3,-33333.3,1.27394,95.1031,0.5,0,17.9644,13.5029,4.56644,14.3153,-7.81039,2,0,0,1,-48.659
1863,2018-02-07,00:00:00.00,0.628319,-2.22045e-15,3.01425,-8.78394,-10.5339,-7.03394,-8.78394,-33333.3,-33333.3,1.25314,95.2059,0.5,0,18.161,13.5844,4.5945,15.9458,-7.75261,2,0.00312056,0.00312056,1,-32.4989
1864,2018-02-08,00:00:00.00,0.645533,0,4.01899,-8.78394,-11.5339,-6.03394,-8.78394,-33333.3,-33333.3,1.25314,95.2059,0.5,0,18.3609,13.7515,4.65137,15.9458,-7.75261,2,0.00312056,0.00312056,1,-32.8277
1865,2018-02-09,00:00:00.00,0.662747,0,1.00475,-13.2839,-17.0339,-9.53394,-13.2839,-33333.3,-33333.3,1.27394,95.1031,0.5,0,18.5639,14.0061,4.73767,14.3153,-7.81039,2,0,0,1,-50.1507
1866,2018-02-10,00:00:00.00,0.679961,8.88178e-16,7.23419,-9.53394,-12.0339,-7.03394,-9.53394,-33333.3,-33333.3,1.25657,95.189,0.5,0,18.7699,14.1094,4.77313,15.6638,-7.76682,2,0,0,1,-36.3618
1867,2018-02-11,00:00:00.00,0.697175,1.77636e-15,8.64084,-7.28394,-9.53394,-5.03394,-7.28394,-33333.3,-33333.3,1.2463,95.2395,0.5,0,18.9789,14.2351,4.81612,16.5224,-7.71845,2,0.100638,0.100638,1,-28.0662
1868,2018-02-12,00:00:00.00,0.71439,0,1.00475,-6.28394,-10.0339,-2.53394,-6.28394,-33333.3,-33333.3,1.24178,95.2616,0.5,0,19.1907,14.3883,4.86835,16.9163,-7.6913,2,0.16565,0.16565,1,-24.4631
1869,2018-02-13,00:00:00.00,0.731604,0,0,-8.03394,-11.5339,-4.53394,-8.03394,-33333.3,-33333.3,1.24971,95.2228,0.5,0,19.4055,14.6094,4.94346,16.232,-7.7365,2,0.0518793,0.0518793,1,-31.6001
1870,2018-02-14,00:00:00.00,0.748818,0,0,-12.2839,-20.5339,-4.03394,-12.2839,-33333.3,-33333.3,1.26928,95.1263,0.5,0,19.6229,14.8786,5.03476,14.6651,-7.80312,2,0,0,1,-48.8194
1871,2018-02-15,00:00:00.00,0.766032,0,8.23894,-1.78394,-7.53394,3.96606,-1.78394,-33333.3,-33333.3,1.22163,95.3593,0.5,0,19.8431,14.8056,5.01092,18.7863,-7.52349,2,0.260046,0.260046,1,-7.16376
1872,2018-02-16,00:00:00.00,0.783246,0.401899,0,2.96606,0.466056,5.46606,2.96606,-33333.3,-33333.3,1.20078,95.4591,0.5,0,20.0658,14.8181,5.01586,20.8786,-7.32214,2,0.260046,0.260046,1,12.0353
1873,2018-02-17,00:00:00.00,0.800461,0,0,-3.53394,-6.03394,-1.03394,-3.53394,-33333.3,-33333.3,1.22942,95.3217,0.5,0,20.291,15.2329,5.1562,18.0398,-7.59788,2,0.260046,0.260046,1,-14.4898
1874,2018-02-18,00:00:00.00,0.817675,0,0,-7.28394,-12.5339,-2.03394,-7.28394,-33333.3,-33333.3,1.2463,95.2395,0.5,0,20.5187,15.5246,5.25516,16.5224,-7.71845,2,0.100638,0.100638,1,-30.1787
1875,2018-02-19,00:00:00.00,0.834889,0,0,-1.78394,-4.53394,0.966056,-1.78394,-33333.3,-33333.3,1.22163,95.3593,0.5,0,20.7487,15.56,5.26781,18.7863,-7.52349,2,0.260046,0.260046,1,-7.46875
1876,2018-02-20,00:00:00.00,0.852103,20.4969,0,2.46606,-5.53394,10.4661,2.46606,-33333.3,-33333.3,1.20295,95.4487,0.5,0,20.9809,15.5962,5.28075,20.6539,-7.34319,2,0.260046,0.260046,1,10.433
1877,2018-02-21,00:00:00.00,0.869317,17.4826,0,7.21606,1.46606,12.9661,7.21606,-33333.3,-33333.3,1.18242,95.5455,0.5,0,21.2154,15.5685,5.27215,22.8686,-7.10886,2,0.260046,0.260046,1,30.8491
1878,2018-02-22,00:00:00.00,0.886532,0.367314,1.44123,-0.533944,-2.03394,0.966056,-0.533944,-33333.3,-33333.3,1.21609,95.3859,0.5,0,21.4519,16.103,5.45294,19.3349,-7.46295,2,0.260046,0.260046,1,-2.30657
1879,2018-02-23,00:00:00.00,0.903746,0,0,-2.03394,-5.53394,1.46606,-2.03394,-33333.3,-33333.3,1.22274,95.354,0.5,0,21.6903,16.354,5.53825,18.6781,-7.53485,2,0.260046,0.260046,1,-8.87863
1880,2018-02-24,00:00:00.00,0.92096,3.10832,1.31257,0.466056,-3.53394,4.46606,0.466056,-33333.3,-33333.3,1.21168,95.407,0.5,0,21.9307,16.4647,5.57631,19.774,-7.41927,2,0.260046,0.260046,1,2.05579
1881,2018-02-25,00:00:00.00,0.938174,1.99687,0.414522,0.716056,-1.03394,2.46606,0.716056,-33333.3,-33333.3,1.21059,95.4122,0.5,0,22.1729,16.6566,5.64174,19.8823,-7.41046,2,0.260046,0.260046,1,3.19158
1882,2018-02-26,00:00:00.00,0.955388,0,0,3.21606,-1.53394,7.96606,3.21606,-33333.3,-33333.3,1.19969,95.4642,0.5,0,22.4168,16.7546,5.67552,20.9917,-7.3113,2,0.260046,0.260046,1,14.4841
1883,2018-02-27,00:00:00.00,0.972603,0,0,1.21606,-2.03394,4.46606,1.21606,-33333.3,-33333.3,1.2084,95.4227,0.5,0,22.6623,17.0441,5.77385,20.1004,-7.39225,2,0.260046,0.260046,1,5.53379
1884,2018-02-28,00:00:00.00,0.989817,0,0,3.96606,-3.03394,10.9661,3.96606,-33333.3,-33333.3,1.19644,95.4796,0.5,0,22.9094,17.1287,5.80311,21.334,-7.27753,2,0.260046,0.260046,1,18.2354
1885,2018-03-01,00:00:00.00,1.00703,0,0,6.21606,-0.0339442,12.4661,6.21606,-33333.3,-33333.3,1.18672,95.5254,0.5,0,23.1579,17.2217,5.83521,22.3874,-7.16469,2,0.260046,0.260046,1,28.8768
1886,2018-03-02,00:00:00.00,1.02425,0,0,-0.0339442,-2.03394,1.96606,-0.0339442,-33333.3,-33333.3,1.21388,95.3965,0.5,0,23.4077,17.7153,14.9637,19.5581,-7.43696,2,0.847752,0.847752,1,-0.159287
1887,2018-03-03,00:00:00.00,1.04146,0,0,0.216056,-2.53394,2.96606,0.216056,-33333.3,-33333.3,1.21278,95.4017,0.5,0,23.6588,17.9149,15.1229,19.6661,-7.42788,2,0.898518,0.898518,1,1.02453
1888,2018-03-04,00:00:00.00,1.05867,0,0,-1.53394,-6.03394,2.96606,-1.53394,-33333.3,-33333.3,1.22052,95.3646,0.5,0,23.911,18.1927,15.3473,18.895,-7.51189,2,0.510808,0.510808,1,-7.34822
1889,2018-03-05,00:00:00.00,1.07589,0,0,-2.53394,-6.53394,1.46606,-2.53394,-33333.3,-33333.3,1.22496,95.3432,0.5,0,24.1643,18.4407,15.5506,18.4633,-7.55683,2,0.286178,0.286178,1,-12.2626
1890,2018-03-06,00:00:00.00,1.0931,0,0,-1.53394,-8.03394,4.96606,-1.53394,-33333.3,-33333.3,1.22052,95.3646,0.5,0,24.4185,18.6174,15.6964,18.895,-7.51189,2,0.510808,0.510808,1,-7.49873
1891,2018-03-07,00:00:00.00,1.11032,2.22045e-16,0.401899,-3.78394,-7.03394,-0.533944,-3.78394,-33333.3,-33333.3,1.23054,95.3163,0.5,0,24.6735,18.9106,15.9376,17.9352,-7.60754,2,0.00539111,0.00539111,1,-18.6851
1892,2018-03-08,00:00:00.00,1.12753,0,1.00475,-1.03394,-3.03394,0.966056,-1.03394,-33333.3,-33333.3,1.2183,95.3753,0.5,0,24.9294,19.026,6.44922,19.1139,-7.48792,2,0.623123,0.623123,1,-5.15701
1893,2018-03-09,00:00:00.00,1.14474,0,0,-3.78394,-6.53394,-1.03394,-3.78394,-33333.3,-33333.3,1.23054,95.3163,0.5,0,25.1859,19.3408,6.55624,17.9352,-7.60754,2,0.00539111,0.00539111,1,-19.0623
1894,2018-03-10,00:00:00.00,1.16196,8.88178e-16,1.6076,-2.28394,-5.03394,0.466056,-2.28394,-33333.3,-33333.3,1.22385,95.3486,0.5,0,25.4429,19.5034,6.61191,18.5705,-7.54597,2,0.342336,0.342336,1,-11.6204
1895,2018-03-11,00:00:00.00,1.17917,0,0,-2.78394,-6.03394,0.466056,-2.78394,-33333.3,-33333.3,1.22607,95.3379,0.5,0,25.7004,19.7377,6.69176,18.3567,-7.56746,2,0.230021,0.230021,1,-14.3046
1896,2018-03-12,00:00:00.00,1.19639,0,0,-3.78394,-7.53394,-0.0339442,-3.78394,-33333.3,-33333.3,1.23054,95.3163,0.5,0,25.9583,19.9896,6.77757,17.9352,-7.60754,2,0.00539111,0.00539111,1,-19.6343
1897,2018-03-13,00:00:00.00,1.2136,-1.11022e-16,0.602849,-3.03394,-5.03394,-1.03394,-3.03394,-33333.3,-33333.3,1.22719,95.3325,0.5,0,26.2164,20.1798,6.84258,18.2505,-7.57784,2,0.173863,0.173863,1,-15.8967
1898,2018-03-14,00:00:00.00,1.23082,2.22045e-16,0.401899,-3.78394,-8.03394,0.466056,-3.78394,-33333.3,-33333.3,1.23054,95.3163,0.5,0,26.4747,20.4235,6.92564,17.9352,-7.60754,2,0.00539111,0.00539111,1,-20.0191
1899,2018-03-15,00:00:00.00,1.24803,0,0,-3.78394,-6.03394,-1.53394,-3.78394,-33333.3,-33333.3,1.23054,95.3163,0.5,0,26.7331,20.6407,6.99974,17.9352,-7.60754,2,0.00539111,0.00539111,1,-20.2124
1900,2018-03-16,00:00:00.00,1.26524,2.22045e-16,0.401899,-3.03394,-8.03394,1.96606,-3.03394,-33333.3,-33333.3,1.22719,95.3325,0.5,0,26.9915,20.8307,7.06468,18.2505,-7.57784,2,0.173863,0.173863,1,-16.3615
1901,2018-03-17,00:00:00.00,1.28246,0,0,-6.53394,-10.5339,-2.53394,-6.53394,-33333.3,-33333.3,1.24291,95.2561,0.5,0,27.2497,21.1664,7.17887,16.8171,-7.69842,2,0,0,1,-35.5719
1902,2018-03-18,00:00:00.00,1.29967,0,0,-1.78394,-7.53394,3.96606,-1.78394,-33333.3,-33333.3,1.22163,95.3593,0.5,0,27.5077,21.216,7.19636,18.7863,-7.52349,2,0.45465,0.45465,1,-9.80381
1903,2018-03-19,00:00:00.00,1.31689,0,0,-0.0339442,-8.03394,7.96606,-0.0339442,-33333.3,-33333.3,1.21388,95.3965,0.5,0,27.7655,21.3586,7.24527,19.5581,-7.43696,2,0.847752,0.847752,1,-0.188257
1904,2018-03-20,00:00:00.00,1.3341,0,0,-4.28394,-10.0339,1.46606,-4.28394,-33333.3,-33333.3,1.23278,95.3054,0.5,0,28.0228,21.7429,7.37591,17.7275,-7.62615,2,0,0,1,-23.9846
1905,2018-03-21,00:00:00.00,1.35132,0,0,-2.28394,-9.03394,4.46606,-2.28394,-33333.3,-33333.3,1.22385,95.3486,0.5,0,28.2797,21.8836,7.42422,18.5705,-7.54597,2,0.342336,0.342336,1,-12.9051
1906,2018-03-22,00:00:00.00,1.36853,0,0,-1.78394,-7.53394,3.96606,-1.78394,-33333.3,-33333.3,1.22163,95.3593,0.5,0,28.5359,22.0786,7.49084,18.7863,-7.52349,2,0.45465,0.45465,1,-10.1721
1907,2018-03-23,00:00:00.00,1.38574,0,0,-2.03394,-7.53394,3.46606,-2.03394,-33333.3,-33333.3,1.22274,95.354,0.5,0,28.7915,22.3032,7.56752,18.6781,-7.53485,2,0.398493,0.398493,1,-11.7028
1908,2018-03-24,00:00:00.00,1.40296,0,0,-2.28394,-7.53394,2.96606,-2.28394,-33333.3,-33333.3,1.22385,95.3486,0.5,0,29.0464,22.5273,7.644,18.5705,-7.54597,2,0.342336,0.342336,1,-13.2594
1909,2018-03-25,00:00:00.00,1.42017,0,0,-3.28394,-8.03394,1.46606,-3.28394,-33333.3,-33333.3,1.2283,95.3271,0.5,0,29.3003,22.7801,7.73022,18.1449,-7.58798,2,0.117706,0.117706,1,-19.2348
1910,2018-03-26,00:00:00.00,1.43739,0,0,-3.53394,-11.5339,4.46606,-3.53394,-33333.3,-33333.3,1.22942,95.3217,0.5,0,29.5534,23.0024,7.80613,18.0398,-7.59788,2,0.0615485,0.0615485,1,-20.8819
1911,2018-03-27,00:00:00.00,1.4546,0.602849,0,2.21606,-4.03394,8.46606,2.21606,-33333.3,-33333.3,1.20404,95.4435,0.5,0,29.8054,22.956,7.79108,20.5422,-7.35341,2,0.898518,0.898518,1,13.2091
1912,2018-03-28,00:00:00.00,1.47181,5.62659,0,2.96606,-0.0339442,5.96606,2.96606,-33333.3,-33333.3,1.20078,95.4591,0.5,0,30.0563,23.1255,19.4873,20.8786,-7.32214,2,0.898518,0.898518,1,17.8327
1913,2018-03-29,00:00:00.00,1.48903,0,0,3.96606,-1.03394,8.96606,3.96606,-33333.3,-33333.3,1.19644,95.4796,0.5,0,30.306,23.2777,19.6178,21.334,-7.27753,2,0.898518,0.898518,1,24.0494
1914,2018-03-30,00:00:00.00,1.50624,11.6551,0,2.96606,0.966056,4.96606,2.96606,-33333.3,-33333.3,1.20078,95.4591,0.5,0,30.5545,23.5407,19.8281,20.8786,-7.32214,2,0.898518,0.898518,1,18.1383
1915,2018-03-31,00:00:00.00,1.52346,0,0,0.966056,-2.03394,3.96606,0.966056,-33333.3,-33333.3,1.20949,95.4175,0.5,0,30.8016,23.8516,20.0951,19.9911,-7.40146,2,0.898518,0.898518,1,5.95739
1916,2018-04-01,00:00:00.00,1.54067,13.2627,0,1.21606,-4.03394,6.46606,1.21606,-33333.3,-33333.3,1.2084,95.4227,0.5,0,31.0473,24.0443,20.2441,20.1004,-7.39225,2,0.898518,0.898518,1,7.5614
1917,2018-04-02,00:00:00.00,1.55789,0,0,-3.28394,-6.53394,-0.0339442,-3.28394,-33333.3,-33333.3,1.2283,95.3271,0.5,0,31.2914,24.4532,20.5962,18.1449,-7.58798,2,0,0,1,-20.5873
1918,2018-04-03,00:00:00.00,1.5751,0,0,-1.53394,-7.03394,3.96606,-1.53394,-33333.3,-33333.3,1.22052,95.3646,0.5,0,31.534,24.5825,20.7051,18.895,-7.51189,2,0,0,1,-9.69463
1919,2018-04-04,00:00:00.00,1.59231,25.1187,0,1.46606,-1.53394,4.46606,1.46606,-33333.3,-33333.3,1.20731,95.4279,0.5,0,31.7749,24.6391,20.7528,20.2101,-7.38284,2,0,0,1,9.3402
1920,2018-04-05,00:00:00.00,1.60953,0,2.0095,-2.03394,-4.53394,0.466056,-2.03394,-33333.3,-33333.3,1.22274,95.354,0.5,0,32.0141,25.007,21.0829,18.6781,-7.53485,2,0,0,1,-13.0612
1921,2018-04-06,00:00:00.00,1.62674,0,0,-4.28394,-8.53394,-0.0339442,-4.28394,-33333.3,-33333.3,1.23278,95.3054,0.5,0,32.2515,25.2996,8.59108,17.7275,-7.62615,2,0,0,1,-27.7261
1922,2018-04-07,00:00:00.00,1.64396,0,7.03324,-2.28394,-6.53394,1.96606,-2.28394,-33333.3,-33333.3,1.22385,95.3486,0.5,0,32.487,25.4145,8.63061,18.5705,-7.54597,2,0,0,1,-14.8968
1923,2018-04-08,00:00:00.00,1.66117,2.22045e-16,0.401899,-5.28394,-9.03394,-1.53394,-5.28394,-33333.3,-33333.3,1.23727,95.2836,0.5,0,32.7205,25.7323,8.73891,17.318,-7.66056,2,0,0,1,-34.7285
1924,2018-04-09,00:00:00.00,1.67839,4.44089e-16,0.803799,-4.28394,-8.53394,-0.0339442,-4.28394,-33333.3,-33333.3,1.23278,95.3054,0.5,0,32.9521,25.8882,8.79237,17.7275,-7.62615,2,0,0,1,-28.3696
1925,2018-04-10,00:00:00.00,1.6956,0,2.0095,-2.78394,-8.03394,2.46606,-2.78394,-33333.3,-33333.3,1.22607,95.3379,0.5,0,33.1816,26.0186,8.83712,18.3567,-7.56746,2,0,0,1,-18.5742
1926,2018-04-11,00:00:00.00,1.71281,0,0,-1.28394,-6.53394,3.96606,-1.28394,-33333.3,-33333.3,1.21941,95.37,0.5,0,33.4089,26.1413,8.8793,19.0042,-7.50003,2,0,0,1,-8.62966
1927,2018-04-12,00:00:00.00,1.73003,-4.44089e-16,2.4114,-1.03394,-4.03394,1.96606,-1.03394,-33333.3,-33333.3,1.2183,95.3753,0.5,0,33.634,26.3177,8.93969,19.1139,-7.48792,2,0,0,1,-7.00008
1928,2018-04-13,00:00:00.00,1.74724,1.80855,0,5.96606,-3.53394,15.4661,5.96606,-33333.3,-33333.3,1.1878,95.5203,0.5,0,33.8569,26.0987,8.86596,22.2683,-7.17809,2,1.99271,1.99271,1,40.6831
1929,2018-04-14,00:00:00.00,1.76446,9.84653,0,2.21606,-0.0339442,4.46606,2.21606,-33333.3,-33333.3,1.20404,95.4435,0.5,0,34.0774,26.5173,22.3431,20.5422,-7.35341,2,0,0,1,15.2189
1930,2018-04-15,00:00:00.00,1.78167,0,8.03799,-2.03394,-4.03394,-0.0339442,-2.03394,-33333.3,-33333.3,1.22274,95.354,0.5,0,34.2956,26.9181,22.696,18.6781,-7.53485,2,0,0,1,-14.0661
1931,2018-04-16,00:00:00.00,1.79888,7.10543e-15,30.3434,-3.28394,-6.53394,-0.0339442,-3.28394,-33333.3,-33333.3,1.2283,95.3271,0.5,0,34.5114,27.1547,9.22572,18.1449,-7.58798,2,0,0,1,-22.8677
1932,2018-04-17,00:00:00.00,1.8161,0,0,-0.533944,-3.03394,1.96606,-0.533944,-33333.3,-33333.3,1.21609,95.3859,0.5,0,34.7247,27.2044,9.24311,19.3349,-7.46295,2,0,0,1,-3.74343
1933,2018-04-18,00:00:00.00,1.83331,0,2.0095,-2.53394,-4.53394,-0.533944,-2.53394,-33333.3,-33333.3,1.22496,95.3432,0.5,0,34.9354,27.4762,9.33585,18.4633,-7.55683,2,0,0,1,-17.8848
1934,2018-04-19,00:00:00.00,1.85053,0,0,-0.0339442,-2.03394,1.96606,-0.0339442,-33333.3,-33333.3,1.21388,95.3965,0.5,0,35.1436,27.5281,9.35398,19.5581,-7.43696,2,0,0,1,-0.241122
1935,2018-04-20,00:00:00.00,1.86774,0,0,-0.283944,-3.03394,2.46606,-0.283944,-33333.3,-33333.3,1.21498,95.3912,0.5,0,35.3491,27.7124,9.41701,19.4462,-7.45008,2,0,0,1,-2.03049
1936,2018-04-21,00:00:00.00,1.88496,0,0,0.216056,-4.53394,4.96606,0.216056,-33333.3,-33333.3,1.21278,95.4017,0.5,0,35.552,27.8551,9.46596,19.6661,-7.42788,2,0,0,1,1.55502
1937,2018-04-22,00:00:00.00,1.90217,0,0,3.21606,-3.53394,9.96606,3.21606,-33333.3,-33333.3,1.19969,95.4642,0.5,0,35.7521,27.8482,9.4641,20.9917,-7.3113,2,0.127512,0.127512,1,23.2927
1938,2018-04-23,00:00:00.00,1.91938,0,0,7.96606,-2.03394,17.9661,7.96606,-33333.3,-33333.3,1.17921,95.5605,0.5,0,35.9495,27.6755,9.40594,23.2349,-7.06463,2,2.71302,2.71302,1,58.0545
1939,2018-04-24,00:00:00.00,1.9366,0,0,11.2161,4.46606,17.9661,11.2161,-33333.3,-33333.3,1.1653,95.6246,0.5,0,36.1441,27.5542,23.2227,24.8761,-6.849,2,2.71302,2.71302,1,82.2404
1940,2018-04-25,00:00:00.00,1.95381,8.43989,0,10.4661,5.46606,15.4661,10.4661,-33333.3,-33333.3,1.16851,95.6099,0.5,0,36.3358,27.7794,23.366,24.4895,-6.90229,2,2.71302,2.71302,1,77.2037
1941,2018-04-26,00:00:00.00,1.97103,7.43514,0,8.96606,6.46606,11.4661,8.96606,-33333.3,-33333.3,1.17492,95.5804,0.5,0,36.5247,28.0649,23.5927,23.7305,-7.00247,2,2.71302,2.71302,1,66.5309
1942,2018-04-27,00:00:00.00,1.98824,0,0,6.46606,-0.0339442,12.9661,6.46606,-33333.3,-33333.3,1.18565,95.5304,0.5,0,36.7107,28.4166,23.8772,22.5069,-7.15106,2,2.33184,2.33184,1,48.2597
1943,2018-04-28,00:00:00.00,2.00546,1.40665,0,8.21606,-0.0339442,16.4661,8.21606,-33333.3,-33333.3,1.17813,95.5655,0.5,0,36.8937,28.4294,23.8468,23.358,-7.04943,2,2.71302,2.71302,1,61.6722
1944,2018-04-29,00:00:00.00,2.02267,0,0,2.46606,0.966056,3.96606,2.46606,-33333.3,-33333.3,1.20295,95.4487,0.5,0,37.0737,28.9888,24.2926,20.6539,-7.34319,2,0,0,1,18.6151
1945,2018-04-30,00:00:00.00,2.03988,0,0,3.96606,-1.53394,9.46606,3.96606,-33333.3,-33333.3,1.19644,95.4796,0.5,0,37.2507,29.0385,24.3343,21.334,-7.27753,2,0.636203,0.636203,1,30.1034
1946,2018-05-01,00:00:00.00,2.0571,0,0,8.21606,-1.03394,17.4661,8.21606,-33333.3,-33333.3,1.17813,95.5655,0.5,0,37.4247,28.8638,24.1765,23.358,-7.04943,2,2.71302,2.71302,1,62.7004
1947,2018-05-02,00:00:00.00,2.07431,0,0,15.2161,3.96606,26.4661,15.2161,-33333.3,-33333.3,1.14825,95.7015,0.5,0,37.5956,28.3102,23.6653,27.0205,-6.52758,2,5.70744,5.70744,1,116.739
1948,2018-05-03,00:00:00.00,2.09153,5.02374,0,19.9661,14.4661,25.4661,19.9661,-33333.3,-33333.3,1.12799,95.7902,0.5,0,37.7634,27.8288,23.1645,29.7536,-6.06004,2,5.70744,5.70744,1,153.982
1949,2018-05-04,00:00:00.00,2.10874,12.1575,0,19.9661,15.4661,24.4661,19.9661,-33333.3,-33333.3,1.12799,95.7902,0.5,0,37.928,27.9586,23.2607,29.7536,-6.06004,2,5.70744,5.70744,1,154.771
1950,2018-05-05,00:00:00.00,2.12595,0.401899,0,15.2161,7.96606,22.4661,15.2161,-33333.3,-33333.3,1.14825,95.7015,0.5,0,38.0895,28.7061,23.8903,27.0205,-6.52758,2,5.70744,5.70744,1,118.543
1951,2018-05-06,00:00:00.00,2.14317,2.4114,0,13.9661,5.46606,22.4661,13.9661,-33333.3,-33333.3,1.15358,95.6777,0.5,0,38.2479,28.9759,24.0196,26.3353,-6.63489,2,3.95097,3.95097,1,109.34
1952,2018-05-07,00:00:00.00,2.16038,2.21045,0,14.2161,8.46606,19.9661,14.2161,-33333.3,-33333.3,1.15251,95.6825,0.5,0,38.403,29.0724,24.0719,26.4712,-6.61394,2,4.30769,4.30769,1,111.834
1953,2018-05-08,00:00:00.00,2.1776,0,0,13.2161,8.46606,17.9661,13.2161,-33333.3,-33333.3,1.15677,95.6633,0.5,0,38.5549,29.3048,24.2263,25.9308,-6.69625,2,2.88083,2.88083,1,104.458
1954,2018-05-09,00:00:00.00,2.19481,0,0,13.7161,4.46606,22.9661,13.7161,-33333.3,-33333.3,1.15464,95.6729,0.5,0,38.7036,29.3695,24.2274,26.1999,-6.6556,2,3.59426,3.59426,1,108.91
1955,2018-05-10,00:00:00.00,2.21203,2.0095,0,16.2161,6.96606,25.4661,16.2161,-33333.3,-33333.3,1.14399,95.7204,0.5,0,38.849,29.1913,24.0154,27.5788,-6.43711,2,5.70744,5.70744,1,129.343
1956,2018-05-11,00:00:00.00,2.22924,0,0,14.7161,12.9661,16.4661,14.7161,-33333.3,-33333.3,1.15038,95.692,0.5,0,38.9912,29.4858,24.1901,26.7448,-6.57127,2,5.02112,5.02112,1,117.897
1957,2018-05-12,00:00:00.00,2.24645,0,0,6.71606,1.46606,11.9661,6.71606,-33333.3,-33333.3,1.18457,95.5355,0.5,0,39.13,30.3779,24.8276,22.627,-7.13722,2,0,0,1,54.0373
1958,2018-05-13,00:00:00.00,2.26367,0,0,10.9661,4.96606,16.9661,10.9661,-33333.3,-33333.3,1.16637,95.6197,0.5,0,39.2655,30.1095,24.6082,24.7467,-6.867,2,0,0,1,88.6044
1959,2018-05-14,00:00:00.00,2.28088,0,0,12.9661,4.96606,20.9661,12.9661,-33333.3,-33333.3,1.15784,95.6585,0.5,0,39.3977,30.0085,24.5257,25.7971,-6.7162,2,2.52411,2.52411,1,105.195
1960,2018-05-15,00:00:00.00,2.2981,10.6503,0,14.7161,6.96606,22.4661,14.7161,-33333.3,-33333.3,1.15038,95.692,0.5,0,39.5266,29.9129,24.4009,26.7448,-6.57127,2,5.02112,5.02112,1,119.871
1961,2018-05-16,00:00:00.00,2.31531,3.81804,0,16.2161,12.4661,19.9661,16.2161,-33333.3,-33333.3,1.14399,95.7204,0.5,0,39.6521,29.8289,24.4365,27.5788,-6.43711,2,5.70744,5.70744,1,132.606
1962,2018-05-17,00:00:00.00,2.33252,0,0,14.7161,5.96606,23.4661,14.7161,-33333.3,-33333.3,1.15038,95.692,0.5,0,39.7743,30.1101,24.6317,26.7448,-6.57127,2,5.02112,5.02112,1,120.798
1963,2018-05-18,00:00:00.00,2.34974,0,0,17.4661,10.9661,23.9661,17.4661,-33333.3,-33333.3,1.13866,95.7438,0.5,0,39.8931,29.8557,24.3308,28.2893,-6.31813,2,5.70744,5.70744,1,143.902
1964,2018-05-19,00:00:00.00,2.36695,2.0095,0,12.4661,6.96606,17.9661,12.4661,-33333.3,-33333.3,1.15997,95.6488,0.5,0,40.0084,30.5515,24.7962,25.5313,-6.75537,2,1.81068,1.81068,1,103.078
1965,2018-05-20,00:00:00.00,2.38417,7.83704,0,13.9661,8.96606,18.9661,13.9661,-33333.3,-33333.3,1.15358,95.6777,0.5,0,40.1204,30.4735,24.7415,26.3353,-6.63489,2,3.95097,3.95097,1,115.885
1966,2018-05-21,00:00:00.00,2.40138,0,0,14.4661,10.4661,18.4661,14.4661,-33333.3,-33333.3,1.15145,95.6872,0.5,0,40.229,30.5012,24.8451,26.6077,-6.59273,2,4.6644,4.6644,1,120.442
1967,2018-05-22,00:00:00.00,2.4186,5.42564,0,13.7161,3.96606,23.4661,13.7161,-33333.3,-33333.3,1.15464,95.6729,0.5,0,40.3341,30.6723,24.9021,26.1999,-6.6556,2,3.59426,3.59426,1,114.574
1968,2018-05-23,00:00:00.00,2.43581,0.401899,0,13.2161,9.96606,16.4661,13.2161,-33333.3,-33333.3,1.15677,95.6633,0.5,0,40.4359,30.8101,25.0569,25.9308,-6.69625,2,2.88083,2.88083,1,110.75
1969,2018-05-24,00:00:00.00,2.45302,0,0,16.9661,9.96606,23.9661,16.9661,-33333.3,-33333.3,1.1408,95.7345,0.5,0,40.5341,30.4271,24.7044,28.0034,-6.36652,2,5.70744,5.70744,1,142.615
1970,2018-05-25,00:00:00.00,2.47024,0,0,18.4661,9.96606,26.9661,18.4661,-33333.3,-33333.3,1.1344,95.7625,0.5,0,40.629,30.294,24.5048,28.8681,-6.21816,2,5.70744,5.70744,1,155.688
1971,2018-05-26,00:00:00.00,2.48745,0,0,21.2161,13.9661,28.4661,21.2161,-33333.3,-33333.3,1.12263,95.813,0.5,0,40.7204,29.9473,24.1431,30.5078,-5.92065,2,5.70744,5.70744,1,179.391
1972,2018-05-27,00:00:00.00,2.50467,0,0,22.9661,16.9661,28.9661,22.9661,-33333.3,-33333.3,1.11511,95.8447,0.5,0,40.8083,29.7229,23.8896,31.5889,-5.71359,2,5.70744,5.70744,1,194.73
1973,2018-05-28,00:00:00.00,2.52188,0,0,21.4661,13.9661,28.9661,21.4661,-33333.3,-33333.3,1.12156,95.8176,0.5,0,40.8928,30.0397,24.0783,30.6605,-5.89193,2,5.70744,5.70744,1,182.5
1974,2018-05-29,00:00:00.00,2.5391,0,0,22.4661,15.4661,29.4661,22.4661,-33333.3,-33333.3,1.11726,95.8357,0.5,0,40.9738,29.9353,23.9355,31.277,-5.77419,2,5.70744,5.70744,1,191.496
1975,2018-05-30,00:00:00.00,2.55631,0,0,21.9661,15.9661,27.9661,21.9661,-33333.3,-33333.3,1.11941,95.8267,0.5,0,41.0513,30.079,23.997,30.9675,-5.83364,2,5.70744,5.70744,1,187.699
1976,2018-05-31,00:00:00.00,2.57352,1.40665,0,22.7161,15.4661,29.9661,22.7161,-33333.3,-33333.3,1.11619,95.8402,0.5,0,41.1254,30.0084,23.8929,31.4326,-5.74404,2,5.70744,5.70744,1,194.57
1977,2018-06-01,00:00:00.00,2.59074,3.01425,0,23.9661,19.9661,27.9661,23.9661,-33333.3,-33333.3,1.1108,95.8627,0.5,0,41.196,29.8413,23.7415,32.22,-5.5889,2,5.70744,5.70744,1,205.745
1978,2018-06-02,00:00:00.00,2.60795,0,0,22.2161,17.9661,26.4661,22.2161,-33333.3,-33333.3,1.11834,95.8312,0.5,0,41.263,30.1991,24.038,31.122,-5.80406,2,7.62285,7.62285,1,191.138
1979,2018-06-03,00:00:00.00,2.62517,0,0,16.7161,10.4661,22.9661,16.7161,-33333.3,-33333.3,1.14186,95.7298,0.5,0,41.3266,31.0818,24.6821,27.8613,-6.39031,2,1.30541,1.30541,1,144.117
1980,2018-06-04,00:00:00.00,2.64238,16.8798,0,16.9661,11.4661,22.4661,16.9661,-33333.3,-33333.3,1.1408,95.7345,0.5,0,41.3868,31.095,24.6838,28.0034,-6.36652,2,1.78184,1.78184,1,146.561
1981,2018-06-05,00:00:00.00,2.65959,2.0095,0,13.9661,10.9661,16.9661,13.9661,-33333.3,-33333.3,1.15358,95.6777,0.5,0,41.4434,31.5216,25.3339,26.3353,-6.63489,2,0,0,1,120.872
1982,2018-06-06,00:00:00.00,2.67681,0,0,10.2161,7.96606,12.4661,10.2161,-33333.3,-33333.3,1.16957,95.605,0.5,0,41.4965,31.9729,25.7363,24.3617,-6.91957,2,0,0,1,88.5737
1983,2018-06-07,00:00:00.00,2.69402,0,0,11.9661,7.46606,16.4661,11.9661,-33333.3,-33333.3,1.1621,95.6392,0.5,0,41.5461,31.8302,25.6214,25.2676,-6.79355,2,0,0,1,103.92
1984,2018-06-08,00:00:00.00,2.71124,0,0,16.2161,9.96606,22.4661,16.2161,-33333.3,-33333.3,1.14399,95.7204,0.5,0,41.5922,31.3561,25.2399,27.5788,-6.43711,2,0.352557,0.352557,1,141.05
1985,2018-06-09,00:00:00.00,2.72845,0,0,17.2161,10.4661,23.9661,17.2161,-33333.3,-33333.3,1.13973,95.7392,0.5,0,41.6348,31.2542,25.1533,28.1461,-6.34246,2,2.25827,2.25827,1,149.968
1986,2018-06-10,00:00:00.00,2.74567,0,0,16.2161,10.4661,21.9661,16.2161,-33333.3,-33333.3,1.14399,95.7204,0.5,0,41.6739,31.42,25.2582,27.5788,-6.43711,2,0.352557,0.352557,1,141.451
1987,2018-06-11,00:00:00.00,2.76288,0,0,18.2161,13.4661,22.9661,18.2161,-33333.3,-33333.3,1.13546,95.7578,0.5,0,41.7095,31.1707,25.0535,28.7225,-6.24356,2,4.16398,4.16398,1,159.098
1988,2018-06-12,00:00:00.00,2.78009,0,0,15.9661,7.96606,23.9661,15.9661,-33333.3,-33333.3,1.14506,95.7157,0.5,0,41.7416,31.5059,25.2725,27.4384,-6.46012,2,0,0,1,139.609
1989,2018-06-13,00:00:00.00,2.79731,0.602849,0,17.7161,8.96606,26.4661,17.7161,-33333.3,-33333.3,1.1376,95.7485,0.5,0,41.7702,31.2895,25.0989,28.4331,-6.29354,2,3.21113,3.21113,1,155.076
1990,2018-06-14,00:00:00.00,2.81452,2.21045,0,22.4661,18.4661,26.4661,22.4661,-33333.3,-33333.3,1.11726,95.8357,0.5,0,41.7953,30.5624,24.4918,31.277,-5.77419,2,7.62285,7.62285,1,196.844
1991,2018-06-15,00:00:00.00,2.83174,0,0,17.2161,11.9661,22.4661,17.2161,-33333.3,-33333.3,1.13973,95.7392,0.5,0,41.8169,31.396,25.1182,28.1461,-6.34246,2,2.25827,2.25827,1,150.974
1992,2018-06-16,00:00:00.00,2.84895,0,0,17.9661,10.9661,24.9661,17.9661,-33333.3,-33333.3,1.13653,95.7532,0.5,0,41.835,31.3043,25.0222,28.5775,-6.26868,2,3.68755,3.68755,1,157.671
1993,2018-06-17,00:00:00.00,2.86617,0,0,18.9661,11.4661,26.4661,18.9661,-33333.3,-33333.3,1.13226,95.7717,0.5,0,41.8496,31.1689,24.8788,29.1609,-6.16655,2,5.59327,5.59327,1,166.556
1994,2018-06-18,00:00:00.00,2.88338,0,0,23.4661,15.4661,31.4661,23.4661,-33333.3,-33333.3,1.11295,95.8537,0.5,0,41.8607,30.4357,24.2448,31.9032,-5.65183,2,7.62285,7.62285,1,206.189
1995,2018-06-19,00:00:00.00,2.90059,1.40665,0,25.2161,21.9661,28.4661,25.2161,-33333.3,-33333.3,1.10538,95.885,0.5,0,41.8683,30.1154,23.9304,33.0228,-5.42638,2,7.62285,7.62285,1,221.667
1996,2018-06-20,00:00:00.00,2.91781,0,0,18.9661,13.9661,23.9661,18.9661,-33333.3,-33333.3,1.13226,95.7717,0.5,0,41.8723,31.1867,24.7538,29.1609,-6.16655,2,5.59327,5.59327,1,166.784
1997,2018-06-21,00:00:00.00,2.93502,0,0,19.4661,13.4661,25.4661,19.4661,-33333.3,-33333.3,1.13013,95.781,0.5,0,41.8729,31.1115,24.658,29.4561,-6.11385,2,6.54612,6.54612,1,171.224
1998,2018-06-22,00:00:00.00,2.95224,0,0,18.7161,12.9661,24.4661,18.7161,-33333.3,-33333.3,1.13333,95.7671,0.5,0,41.87,31.2225,24.7077,29.0142,-6.19249,2,5.11684,5.11684,1,164.652
1999,2018-06-23,00:00:00.00,2.96945,5.72707,0,16.2161,9.46606,22.9661,16.2161,-33333.3,-33333.3,1.14399,95.7204,0.5,0,41.8636,31.5691,24.9553,27.5788,-6.43711,2,0.352557,0.352557,1,142.666
2000,2018-06-24,00:00:00.00,2.98666,2.21045,0,16.2161,13.9661,18.4661,16.2161,-33333.3,-33333.3,1.14399,95.7204,0.5,0,41.8537,31.5615,25.0589,27.5788,-6.43711,2,0.352557,0.352557,1,142.659
2001,2018-06-25,00:00:00.00,3.00388,15.2722,0,17.7161,15.4661,19.9661,17.7161,-33333.3,-33333.3,1.1376,95.7485,0.5,0,41.8404,31.3452,24.9274,28.4331,-6.29354,2,3.21113,3.21113,1,155.831
2002,2018-06-26,00:00:00.00,3.02109,0,0,16.2161,10.4661,21.9661,16.2161,-33333.3,-33333.3,1.14399,95.7204,0.5,0,41.8235,31.5383,25.346,27.5788,-6.43711,2,0.352557,0.352557,1,142.601
2003,2018-06-27,00:00:00.00,3.03831,4.01899,0,16.4661,7.96606,24.9661,16.4661,-33333.3,-33333.3,1.14293,95.7251,0.5,0,41.8032,31.4892,25.3023,27.7197,-6.41384,2,0.828985,0.828985,1,144.748
2004,2018-06-28,00:00:00.00,3.05552,2.0095,0,18.2161,14.4661,21.9661,18.2161,-33333.3,-33333.3,1.13546,95.7578,0.5,0,41.7793,31.2267,25.1587,28.7225,-6.24356,2,4.16398,4.16398,1,160.059
2005,2018-06-29,00:00:00.00,3.07274,0,0,22.4661,17.4661,27.4661,22.4661,-33333.3,-33333.3,1.11726,95.8357,0.5,0,41.752,30.5316,24.5823,31.277,-5.77419,2,7.62285,7.62285,1,197.292
2006,2018-06-30,00:00:00.00,3.08995,0,0,23.7161,16.9661,30.4661,23.7161,-33333.3,-33333.3,1.11188,95.8582,0.5,0,41.7213,30.2872,24.291,32.0613,-5.62052,2,7.62285,7.62285,1,208.133
2007,2018-07-01,00:00:00.00,3.10716,0,0,25.9661,19.4661,32.4661,25.9661,-33333.3,-33333.3,1.10212,95.8982,0.5,0,41.6871,29.8361,23.8486,33.512,-5.32527,2,7.62285,7.62285,1,227.706
2008,2018-07-02,00:00:00.00,3.12438,0,0,26.2161,20.9661,31.4661,26.2161,-33333.3,-33333.3,1.10104,95.9027,0.5,0,41.6494,29.7588,23.7173,33.6763,-5.29096,2,8.16235,8.16235,1,229.7
2009,2018-07-03,00:00:00.00,3.14159,0,0,25.4661,21.4661,29.4661,25.4661,-33333.3,-33333.3,1.1043,95.8894,0.5,0,41.6082,29.8752,23.7455,33.1852,-5.39298,2,8.16235,8.16235,1,222.914
2010,2018-07-04,00:00:00.00,3.15881,0,0,22.9661,15.4661,30.4661,22.9661,-33333.3,-33333.3,1.11511,95.8447,0.5,0,41.5637,30.3027,24.0291,31.5889,-5.71359,2,8.16235,8.16235,1,200.817
2011,2018-07-05,00:00:00.00,3.17602,0,0,21.9661,11.9661,31.9661,21.9661,-33333.3,-33333.3,1.11941,95.8267,0.5,0,41.5156,30.4384,24.0885,30.9675,-5.83364,2,7.11145,7.11145,1,191.85
2012,2018-07-06,00:00:00.00,3.19324,18.4874,0,25.7161,19.4661,31.9661,25.7161,-33333.3,-33333.3,1.10321,95.8938,0.5,0,41.4641,29.7197,23.4846,33.3483,-5.35928,2,8.16235,8.16235,1,224.318
2013,2018-07-07,00:00:00.00,3.21045,0,0,17.4661,13.4661,21.4661,17.4661,-33333.3,-33333.3,1.13866,95.7438,0.5,0,41.4092,31.0481,24.8197,28.2893,-6.31813,2,0,0,1,152.146
2014,2018-07-08,00:00:00.00,3.22766,0,0,17.9661,10.4661,25.4661,17.9661,-33333.3,-33333.3,1.13653,95.7532,0.5,0,41.3509,30.9327,24.7275,28.5775,-6.26868,2,0,0,1,156.272
2015,2018-07-09,00:00:00.00,3.24488,0,0,20.2161,12.4661,27.9661,20.2161,-33333.3,-33333.3,1.12692,95.7948,0.5,0,41.2892,30.5499,24.4215,29.9033,-6.03272,2,3.54042,3.54042,1,175.567
2016,2018-07-10,00:00:00.00,3.26209,0,0,21.7161,13.9661,29.4661,21.7161,-33333.3,-33333.3,1.12049,95.8221,0.5,0,41.224,30.2588,24.1557,30.8137,-5.86293,2,6.6013,6.6013,1,188.279
2017,2018-07-11,00:00:00.00,3.27931,0,0,21.7161,16.9661,26.4661,21.7161,-33333.3,-33333.3,1.12049,95.8221,0.5,0,41.1554,30.2066,24.0565,30.8137,-5.86293,2,6.6013,6.6013,1,187.946
2018,2018-07-12,00:00:00.00,3.29652,0,0,19.7161,13.4661,25.9661,19.7161,-33333.3,-33333.3,1.12906,95.7856,0.5,0,41.0834,30.4692,24.2144,29.6046,-6.08708,2,2.52013,2.52013,1,170.317
2019,2018-07-13,00:00:00.00,3.31373,0,0,21.2161,14.4661,27.9661,21.2161,-33333.3,-33333.3,1.12263,95.813,0.5,0,41.0081,30.176,23.9642,30.5078,-5.92065,2,5.58101,5.58101,1,182.913
2020,2018-07-14,00:00:00.00,3.33095,0,0,22.2161,15.9661,28.4661,22.2161,-33333.3,-33333.3,1.11834,95.8312,0.5,0,40.9293,29.951,23.7496,31.122,-5.80406,2,7.6216,7.6216,1,191.138
2021,2018-07-15,00:00:00.00,3.34816,1.80855,0,21.9661,17.9661,25.9661,21.9661,-33333.3,-33333.3,1.11941,95.8267,0.5,0,40.8472,29.9302,23.6888,30.9675,-5.83364,2,7.11145,7.11145,1,188.576
2022,2018-07-16,00:00:00.00,3.36538,0,0,24.7161,17.9661,31.4661,24.7161,-33333.3,-33333.3,1.10755,95.8761,0.5,0,40.7617,29.3833,23.2513,32.6998,-5.49229,2,8.16235,8.16235,1,211.701
2023,2018-07-17,00:00:00.00,3.38259,20.2959,0,23.9661,18.9661,28.9661,23.9661,-33333.3,-33333.3,1.1108,95.8627,0.5,0,40.6728,29.4526,23.2664,32.22,-5.5889,2,8.16235,8.16235,1,204.789
2024,2018-07-18,00:00:00.00,3.39981,0,0,20.4661,16.4661,24.4661,20.4661,-33333.3,-33333.3,1.12585,95.7993,0.5,0,40.5806,29.9669,23.9794,30.0535,-6.00513,2,4.05057,4.05057,1,174.448
2025,2018-07-19,00:00:00.00,3.41702,0,0,16.9661,9.96606,23.9661,16.9661,-33333.3,-33333.3,1.1408,95.7345,0.5,0,40.4851,30.3976,24.2844,28.0034,-6.36652,2,0,0,1,144.242
2026,2018-07-20,00:00:00.00,3.43423,0,0,18.4661,9.96606,26.9661,18.4661,-33333.3,-33333.3,1.1344,95.7625,0.5,0,40.3862,30.1139,24.0577,28.8681,-6.21816,2,0,0,1,156.574
2027,2018-07-21,00:00:00.00,3.45145,2.91377,0,21.4661,14.4661,28.4661,21.4661,-33333.3,-33333.3,1.12156,95.8176,0.5,0,40.284,29.5807,23.6317,30.6605,-5.89193,2,6.09115,6.09115,1,181.505
2028,2018-07-22,00:00:00.00,3.46866,3.41614,0,21.4661,17.9661,24.9661,21.4661,-33333.3,-33333.3,1.12156,95.8176,0.5,0,40.1785,29.4996,23.5636,30.6605,-5.89193,2,6.09115,6.09115,1,180.982
2029,2018-07-23,00:00:00.00,3.48588,7.23419,0,17.9661,14.9661,20.9661,17.9661,-33333.3,-33333.3,1.13653,95.7532,0.5,0,40.0697,29.9374,23.919,28.5775,-6.26868,2,0,0,1,151.021
2030,2018-07-24,00:00:00.00,3.50309,1.40665,0,21.9661,16.9661,26.9661,21.9661,-33333.3,-33333.3,1.11941,95.8267,0.5,0,39.9576,29.2489,23.4995,30.9675,-5.83364,2,7.11145,7.11145,1,184.075
2031,2018-07-25,00:00:00.00,3.52031,0.401899,0,22.4661,17.9661,26.9661,22.4661,-33333.3,-33333.3,1.11726,95.8357,0.5,0,39.8423,29.0781,23.3078,31.277,-5.77419,2,8.13174,8.13174,1,187.665
2032,2018-07-26,00:00:00.00,3.53752,0,0,22.7161,18.4661,26.9661,22.7161,-33333.3,-33333.3,1.11619,95.8402,0.5,0,39.7236,28.9455,23.1267,31.4326,-5.74404,2,8.16235,8.16235,1,189.13
2033,2018-07-27,00:00:00.00,3.55473,1.2057,0,20.4661,14.4661,26.4661,20.4661,-33333.3,-33333.3,1.12585,95.7993,0.5,0,39.6018,29.2105,23.2667,30.0535,-6.00513,2,4.05057,4.05057,1,169.819
2034,2018-07-28,00:00:00.00,3.57195,1.2057,0,19.9661,13.9661,25.9661,19.9661,-33333.3,-33333.3,1.12799,95.7902,0.5,0,39.4767,29.1885,23.2397,29.7536,-6.06004,2,3.03027,3.03027,1,165.093
2035,2018-07-29,00:00:00.00,3.58916,0.803799,0,16.9661,13.9661,19.9661,16.9661,-33333.3,-33333.3,1.1408,95.7345,0.5,0,39.3484,29.5058,23.4912,28.0034,-6.36652,2,0,0,1,139.783
2036,2018-07-30,00:00:00.00,3.60638,0,0,18.4661,10.9661,25.9661,18.4661,-33333.3,-33333.3,1.1344,95.7625,0.5,0,39.2168,29.2009,23.2629,28.8681,-6.21816,2,0,0,1,151.58
2037,2018-07-31,00:00:00.00,3.62359,0,0,20.2161,13.4661,26.9661,20.2161,-33333.3,-33333.3,1.12692,95.7948,0.5,0,39.0821,28.8442,22.9787,29.9033,-6.03272,2,3.54042,3.54042,1,165.316
2038,2018-08-01,00:00:00.00,3.6408,0,0,19.9661,14.4661,25.4661,19.9661,-33333.3,-33333.3,1.12799,95.7902,0.5,0,38.9442,28.7736,22.896,29.7536,-6.06004,2,3.03027,3.03027,1,162.636
2039,2018-08-02,00:00:00.00,3.65802,0,0,21.9661,18.9661,24.9661,21.9661,-33333.3,-33333.3,1.11941,95.8267,0.5,0,38.8032,28.3583,22.5445,30.9675,-5.83364,2,6.97468,6.97468,1,178.213
2040,2018-08-03,00:00:00.00,3.67523,0,0,21.4661,15.9661,26.9661,21.4661,-33333.3,-33333.3,1.12156,95.8176,0.5,0,38.659,28.325,22.4725,30.6605,-5.89193,2,6.5004,6.5004,1,173.443
2041,2018-08-04,00:00:00.00,3.69245,0,0,21.9661,15.4661,28.4661,21.9661,-33333.3,-33333.3,1.11941,95.8267,0.5,0,38.5117,28.1324,22.2828,30.9675,-5.83364,2,6.97468,6.97468,1,176.739
2042,2018-08-05,00:00:00.00,3.70966,0,0,22.4661,15.9661,28.9661,22.4661,-33333.3,-33333.3,1.11726,95.8357,0.5,0,38.3614,27.9362,22.0925,31.277,-5.77419,2,6.97468,6.97468,1,179.985
2043,2018-08-06,00:00:00.00,3.72688,0,0,23.7161,15.9661,31.4661,23.7161,-33333.3,-33333.3,1.11188,95.8582,0.5,0,38.2079,27.6123,21.8061,32.0613,-5.62052,2,6.97468,6.97468,1,189.164
2044,2018-08-07,00:00:00.00,3.74409,6.22944,0,25.9661,20.9661,30.9661,25.9661,-33333.3,-33333.3,1.10212,95.8982,0.5,0,38.0514,27.0985,21.3744,33.512,-5.32527,2,6.97468,6.97468,1,206.179
2045,2018-08-08,00:00:00.00,3.7613,1.00475,0,23.2161,17.9661,28.4661,23.2161,-33333.3,-33333.3,1.11403,95.8492,0.5,0,37.8918,27.4511,21.7264,31.7458,-5.68286,2,6.97468,6.97468,1,183.496
2046,2018-08-09,00:00:00.00,3.77852,2.4114,0,21.9661,18.4661,25.4661,21.9661,-33333.3,-33333.3,1.11941,95.8267,0.5,0,37.7293,27.5243,21.7678,30.9675,-5.83364,2,6.97468,6.97468,1,172.801
2047,2018-08-10,00:00:00.00,3.79573,8.03799,0,21.2161,13.9661,28.4661,21.2161,-33333.3,-33333.3,1.12263,95.813,0.5,0,37.5637,27.5096,21.7638,30.5078,-5.92065,2,6.06448,6.06448,1,166.1
2048,2018-08-11,00:00:00.00,3.81295,0,0,19.7161,13.9661,25.4661,19.7161,-33333.3,-33333.3,1.12906,95.7856,0.5,0,37.3952,27.5953,21.9324,29.6046,-6.08708,2,3.44898,3.44898,1,153.6
2049,2018-08-12,00:00:00.00,3.83016,0,0,20.2161,12.9661,27.4661,20.2161,-33333.3,-33333.3,1.12692,95.7948,0.5,0,37.2238,27.3896,21.7474,29.9033,-6.03272,2,4.32081,4.32081,1,156.709
2050,2018-08-13,00:00:00.00,3.84738,0,0,21.4661,14.9661,27.9661,21.4661,-33333.3,-33333.3,1.12156,95.8176,0.5,0,37.0494,27.0698,21.4686,30.6605,-5.89193,2,6.5004,6.5004,1,165.55
2051,2018-08-14,00:00:00.00,3.86459,0,0,21.7161,15.4661,27.9661,21.7161,-33333.3,-33333.3,1.12049,95.8221,0.5,0,36.8722,26.8936,21.2943,30.8137,-5.86293,2,6.93632,6.93632,1,166.607
2052,2018-08-15,00:00:00.00,3.8818,0,0,23.2161,16.9661,29.4661,23.2161,-33333.3,-33333.3,1.11403,95.8492,0.5,0,36.6921,26.5205,20.9668,31.7458,-5.68286,2,6.97468,6.97468,1,177.172
2053,2018-08-16,00:00:00.00,3.89902,0,0,22.9661,16.4661,29.4661,22.9661,-33333.3,-33333.3,1.11511,95.8447,0.5,0,36.5092,26.4178,20.8574,31.5889,-5.71359,2,6.97468,6.97468,1,174.318
2054,2018-08-17,00:00:00.00,3.91623,16.2769,0,22.9661,17.4661,28.4661,22.9661,-33333.3,-33333.3,1.11511,95.8447,0.5,0,36.3236,26.2731,20.7185,31.5889,-5.71359,2,6.97468,6.97468,1,173.36
2055,2018-08-18,00:00:00.00,3.93345,9.04274,0,23.2161,20.4661,25.9661,23.2161,-33333.3,-33333.3,1.11403,95.8492,0.5,0,36.1351,26.087,20.7912,31.7458,-5.68286,2,6.97468,6.97468,1,174.266
2056,2018-08-19,00:00:00.00,3.95066,0,0,20.7161,16.9661,24.4661,20.7161,-33333.3,-33333.3,1.12478,95.8039,0.5,0,35.944,26.311,21.0587,30.2044,-5.97725,2,5.19265,5.19265,1,154.615
2057,2018-08-20,00:00:00.00,3.96787,0,0,20.2161,14.4661,25.9661,20.2161,-33333.3,-33333.3,1.12692,95.7948,0.5,0,35.7502,26.2281,20.9478,29.9033,-6.03272,2,4.32081,4.32081,1,150.009
2058,2018-08-21,00:00:00.00,3.98509,0,0,19.9661,14.9661,24.9661,19.9661,-33333.3,-33333.3,1.12799,95.7902,0.5,0,35.5538,26.1071,20.8177,29.7536,-6.06004,2,3.8849,3.8849,1,147.281
2059,2018-08-22,00:00:00.00,4.0023,27.7311,0,20.7161,18.4661,22.9661,20.7161,-33333.3,-33333.3,1.12478,95.8039,0.5,0,35.3547,25.8462,20.5822,30.2044,-5.97725,2,5.19265,5.19265,1,151.898
2060,2018-08-23,00:00:00.00,4.01952,0.20095,0,17.7161,15.9661,19.4661,17.7161,-33333.3,-33333.3,1.1376,95.7485,0.5,0,35.1531,26.0796,21.1504,28.4331,-6.29354,2,0,0,1,129.11
2061,2018-08-24,00:00:00.00,4.03673,0,0,18.7161,12.4661,24.9661,18.7161,-33333.3,-33333.3,1.13333,95.7671,0.5,0,34.949,25.7917,20.9201,29.0142,-6.19249,2,1.70531,1.70531,1,135.553
2062,2018-08-25,00:00:00.00,4.05395,0,0,18.4661,11.9661,24.9661,18.4661,-33333.3,-33333.3,1.1344,95.7625,0.5,0,34.7424,25.6587,20.7896,28.8681,-6.21816,2,1.26939,1.26939,1,132.902
2063,2018-08-26,00:00:00.00,4.07116,11.2532,0,18.9661,16.4661,21.4661,18.9661,-33333.3,-33333.3,1.13226,95.7717,0.5,0,34.5334,25.4288,20.5871,29.1609,-6.16655,2,2.14123,2.14123,1,135.629
2064,2018-08-27,00:00:00.00,4.08837,0.703324,0,22.9661,18.9661,26.9661,22.9661,-33333.3,-33333.3,1.11511,95.8447,0.5,0,34.322,24.7081,20.1478,31.5889,-5.71359,2,6.97468,6.97468,1,163.17
2065,2018-08-28,00:00:00.00,4.10559,0,0,22.2161,16.9661,27.4661,22.2161,-33333.3,-33333.3,1.11834,95.8312,0.5,0,34.1082,24.6504,20.0092,31.122,-5.80406,2,6.97468,6.97468,1,156.803
2066,2018-08-29,00:00:00.00,4.1228,4.21994,0,25.9661,21.9661,29.9661,25.9661,-33333.3,-33333.3,1.10212,95.8982,0.5,0,33.8922,23.9013,19.3133,33.512,-5.32527,2,6.97468,6.97468,1,182.047
2067,2018-08-30,00:00:00.00,4.14002,0.602849,0,22.4661,18.9661,25.9661,22.4661,-33333.3,-33333.3,1.11726,95.8357,0.5,0,33.674,24.2727,19.5957,31.277,-5.77419,2,6.97468,6.97468,1,156.443
2068,2018-08-31,00:00:00.00,4.15723,0,0,16.9661,13.9661,19.9661,16.9661,-33333.3,-33333.3,1.1408,95.7345,0.5,0,33.4535,24.8064,19.9576,28.0034,-6.36652,2,0,0,1,117.332
2069,2018-09-01,00:00:00.00,4.17445,0,0,16.9661,10.4661,23.4661,16.9661,-33333.3,-33333.3,1.1408,95.7345,0.5,0,33.231,24.6275,19.8136,28.0034,-6.36652,2,0,0,1,116.515
2070,2018-09-02,00:00:00.00,4.19166,0,0,20.2161,12.4661,27.9661,20.2161,-33333.3,-33333.3,1.12692,95.7948,0.5,0,33.0063,24.0528,19.3513,29.9033,-6.03272,2,4.76622,4.76622,1,137.855
2071,2018-09-03,00:00:00.00,4.20887,0.20095,0,24.4661,20.4661,28.4661,24.4661,-33333.3,-33333.3,1.10863,95.8716,0.5,0,32.7797,23.2751,18.6811,32.5393,-5.52479,2,4.76622,4.76622,1,165.643
2072,2018-09-04,00:00:00.00,4.22609,0,0,24.9661,20.9661,28.9661,24.9661,-33333.3,-33333.3,1.10647,95.8805,0.5,0,32.5511,23.0201,18.439,32.861,-5.45948,2,4.76622,4.76622,1,167.803
2073,2018-09-05,00:00:00.00,4.2433,0,0,22.9661,16.9661,28.9661,22.9661,-33333.3,-33333.3,1.11511,95.8447,0.5,0,32.3206,23.1364,18.4948,31.5889,-5.71359,2,4.76622,4.76622,1,153.228
2074,2018-09-06,00:00:00.00,4.26052,1.6076,0,24.7161,18.9661,30.4661,24.7161,-33333.3,-33333.3,1.10755,95.8761,0.5,0,32.0883,22.6975,18.1105,32.6998,-5.49229,2,4.76622,4.76622,1,163.678
2075,2018-09-07,00:00:00.00,4.27773,0,0,20.9661,17.9661,23.9661,20.9661,-33333.3,-33333.3,1.1237,95.8085,0.5,0,31.8542,23.0403,18.3747,30.3558,-5.94909,2,4.76622,4.76622,1,137.799
2076,2018-09-08,00:00:00.00,4.29494,0,0,17.2161,11.4661,22.9661,17.2161,-33333.3,-33333.3,1.13973,95.7392,0.5,0,31.6185,23.3023,18.5529,28.1461,-6.34246,2,3.58063,3.58063,1,112.29
2077,2018-09-09,00:00:00.00,4.31216,0,0,12.9661,9.96606,15.9661,12.9661,-33333.3,-33333.3,1.15784,95.6585,0.5,0,31.381,23.5366,18.718,25.7971,-6.7162,2,0,0,1,83.9178
2078,2018-09-10,00:00:00.00,4.32937,6.22944,0,11.2161,7.46606,14.9661,11.2161,-33333.3,-33333.3,1.1653,95.6246,0.5,0,31.1421,23.4933,18.6836,24.8761,-6.849,2,0,0,1,72.0253
2079,2018-09-11,00:00:00.00,4.34659,5.42564,0,10.9661,8.46606,13.4661,10.9661,-33333.3,-33333.3,1.16637,95.6197,0.5,0,30.9016,23.3169,18.6329,24.7467,-6.867,2,0,0,1,69.8641
2080,2018-09-12,00:00:00.00,4.3638,0,0,16.9661,11.4661,22.4661,16.9661,-33333.3,-33333.3,1.1408,95.7345,0.5,0,30.6597,22.5571,18.1015,28.0034,-6.36652,2,3.28274,3.28274,1,107.227
2081,2018-09-13,00:00:00.00,4.38102,0,0,16.7161,9.96606,23.4661,16.7161,-33333.3,-33333.3,1.14186,95.7298,0.5,0,30.4165,22.3874,17.9384,27.8613,-6.39031,2,2.98485,2.98485,1,104.794
2082,2018-09-14,00:00:00.00,4.39823,0,0,19.4661,12.9661,25.9661,19.4661,-33333.3,-33333.3,1.13013,95.781,0.5,0,30.172,21.8856,17.5139,29.4561,-6.11385,2,4.76622,4.76622,1,121.039
2083,2018-09-15,00:00:00.00,4.41544,0,0,22.4661,16.4661,28.4661,22.4661,-33333.3,-33333.3,1.11726,95.8357,0.5,0,29.9263,21.3175,17.0263,31.277,-5.77419,2,4.76622,4.76622,1,138.541
2084,2018-09-16,00:00:00.00,4.43266,0,0,22.4661,16.4661,28.4661,22.4661,-33333.3,-33333.3,1.11726,95.8357,0.5,0,29.6794,21.1226,16.8406,31.277,-5.77419,2,4.76622,4.76622,1,137.386
2085,2018-09-17,00:00:00.00,4.44987,0,0,23.4661,16.9661,29.9661,23.4661,-33333.3,-33333.3,1.11295,95.8537,0.5,0,29.4315,20.7946,16.552,31.9032,-5.65183,2,4.76622,4.76622,1,142.294
2086,2018-09-18,00:00:00.00,4.46709,0,0,21.9661,15.9661,27.9661,21.9661,-33333.3,-33333.3,1.11941,95.8267,0.5,0,29.1827,20.794,16.5268,30.9675,-5.83364,2,4.76622,4.76622,1,132.065
2087,2018-09-19,00:00:00.00,4.4843,0,0,21.2161,16.9661,25.4661,21.2161,-33333.3,-33333.3,1.12263,95.813,0.5,0,28.9329,20.6891,16.4207,30.5078,-5.92065,2,4.76622,4.76622,1,126.461
2088,2018-09-20,00:00:00.00,4.50151,0,0,16.9661,10.9661,22.9661,16.9661,-33333.3,-33333.3,1.1408,95.7345,0.5,0,28.6824,20.9624,16.6166,28.0034,-6.36652,2,3.28274,3.28274,1,100.252
2089,2018-09-21,00:00:00.00,4.51873,0,0,16.4661,10.9661,21.9661,16.4661,-33333.3,-33333.3,1.14293,95.7251,0.5,0,28.4311,20.8095,16.4823,27.7197,-6.41384,2,2.68696,2.68696,1,96.4457
2090,2018-09-22,00:00:00.00,4.53594,4.01899,0,22.2161,14.9661,29.4661,22.2161,-33333.3,-33333.3,1.11834,95.8312,0.5,0,28.1792,19.9689,15.8068,31.122,-5.80406,2,4.76622,4.76622,1,128.976
2091,2018-09-23,00:00:00.00,4.55316,0,0,12.4661,8.46606,16.4661,12.4661,-33333.3,-33333.3,1.15997,95.6488,0.5,0,27.9268,20.7586,16.4637,25.5313,-6.75537,2,0,0,1,71.727
2092,2018-09-24,00:00:00.00,4.57037,0,0,12.4661,4.46606,20.4661,12.4661,-33333.3,-33333.3,1.15997,95.6488,0.5,0,27.6738,20.5519,16.2996,25.5313,-6.75537,2,0,0,1,71.0822
2093,2018-09-25,00:00:00.00,4.58759,7.83704,0,14.2161,8.46606,19.9661,14.2161,-33333.3,-33333.3,1.15251,95.6825,0.5,0,27.4205,20.1986,16.0195,26.4712,-6.61394,2,0.00595778,0.00595778,1,80.326
2094,2018-09-26,00:00:00.00,4.6048,9.04274,0,17.7161,14.4661,20.9661,17.7161,-33333.3,-33333.3,1.1376,95.7485,0.5,0,27.1669,19.6657,15.6921,28.4331,-6.29354,2,4.1764,4.1764,1,99.1872
2095,2018-09-27,00:00:00.00,4.62201,0,0,16.4661,13.9661,18.9661,16.4661,-33333.3,-33333.3,1.14293,95.7251,0.5,0,26.9131,19.5831,15.7085,27.7197,-6.41384,2,2.68696,2.68696,1,91.3393
2096,2018-09-28,00:00:00.00,4.63923,0,0,10.9661,5.46606,16.4661,10.9661,-33333.3,-33333.3,1.16637,95.6197,0.5,0,26.6592,19.8365,15.8924,24.7467,-6.867,2,0,0,1,60.2651
2097,2018-09-29,00:00:00.00,4.65644,4.01899,0,12.9661,6.96606,18.9661,12.9661,-33333.3,-33333.3,1.15784,95.6585,0.5,0,26.4052,19.4756,15.6033,25.7971,-6.7162,2,0,0,1,70.5894
2098,2018-09-30,00:00:00.00,4.67366,0.20095,0,10.2161,4.96606,15.4661,10.2161,-33333.3,-33333.3,1.16957,95.605,0.5,0,26.1514,19.4732,15.6497,24.3617,-6.91957,2,0,0,1,55.0936
2099,2018-10-01,00:00:00.00,4.69087,18.6883,0,7.96606,6.46606,9.46606,7.96606,-33333.3,-33333.3,1.17921,95.5605,0.5,0,25.8976,19.4126,15.6033,23.2349,-7.06463,2,0,0,1,42.5517
2100,2018-10-02,00:00:00.00,4.70809,10.4494,0,7.46606,5.46606,9.46606,7.46606,-33333.3,-33333.3,1.18135,95.5505,0.5,0,25.6441,19.2338,15.6815,22.9902,-7.09434,2,0.0371061,0.0371061,1,39.4996
2101,2018-10-03,00:00:00.00,4.7253,2.8133,0,10.7161,6.96606,14.4661,10.7161,-33333.3,-33333.3,1.16744,95.6148,0.5,0,25.391,18.814,15.4608,24.6178,-6.88476,2,1.95131,1.95131,1,56.1481
2102,2018-10-04,00:00:00.00,4.74251,6.83229,0,14.7161,7.96606,21.4661,14.7161,-33333.3,-33333.3,1.15038,95.692,0.5,0,25.1383,18.3018,15.0496,26.7448,-6.57127,2,2.35594,2.35594,1,76.3595
2103,2018-10-05,00:00:00.00,4.75973,0,0,13.9661,11.4661,16.4661,13.9661,-33333.3,-33333.3,1.15358,95.6777,0.5,0,24.8861,18.1582,14.982,26.3353,-6.63489,2,2.35594,2.35594,1,71.7614
2104,2018-10-06,00:00:00.00,4.77694,3.41614,0,5.96606,1.46606,10.4661,5.96606,-33333.3,-33333.3,1.1878,95.5203,0.5,0,24.6345,18.4846,15.2242,22.2683,-7.17809,2,0,0,1,30.3546
2105,2018-10-07,00:00:00.00,4.79416,3.41614,0,13.4661,7.46606,19.4661,13.4661,-33333.3,-33333.3,1.15571,95.6681,0.5,0,24.3836,17.7888,14.6887,26.0651,-6.67605,2,2.35594,2.35594,1,67.8379
2106,2018-10-08,00:00:00.00,4.81137,7.63609,0,11.9661,9.46606,14.4661,11.9661,-33333.3,-33333.3,1.1621,95.6392,0.5,0,24.1335,17.6962,14.6239,25.2676,-6.79355,2,2.35594,2.35594,1,59.6835
2107,2018-10-09,00:00:00.00,4.82858,4.01899,0,12.7161,8.96606,16.4661,12.7161,-33333.3,-33333.3,1.15891,95.6537,0.5,0,23.8843,17.4386,14.4619,25.6639,-6.73591,2,2.35594,2.35594,1,62.7921
2108,2018-10-10,00:00:00.00,4.8458,0,0,19.7161,12.4661,26.9661,19.7161,-33333.3,-33333.3,1.12906,95.7856,0.5,0,23.6361,16.6403,13.8171,29.6046,-6.08708,2,2.35594,2.35594,1,96.3829
2109,2018-10-11,00:00:00.00,4.86301,1.40665,0,20.7161,15.9661,25.4661,20.7161,-33333.3,-33333.3,1.12478,95.8039,0.5,0,23.389,16.3443,13.5474,30.2044,-5.97725,2,2.35594,2.35594,1,100.252
2110,2018-10-12,00:00:00.00,4.88023,0.20095,0,14.4661,10.9661,17.9661,14.4661,-33333.3,-33333.3,1.15145,95.6872,0.5,0,23.1431,16.7041,13.8357,26.6077,-6.59273,2,2.35594,2.35594,1,69.2986
2111,2018-10-13,00:00:00.00,4.89744,1.2057,0,5.96606,3.46606,8.46606,5.96606,-33333.3,-33333.3,1.1878,95.5203,0.5,0,22.8984,17.0477,14.0973,22.2683,-7.17809,2,0,0,1,28.2899
2112,2018-10-14,00:00:00.00,4.91466,0.20095,0,4.96606,2.46606,7.46606,4.96606,-33333.3,-33333.3,1.19211,95.5001,0.5,0,22.655,16.8967,13.985,21.7972,-7.22953,2,0,0,1,23.3082
2113,2018-10-15,00:00:00.00,4.93187,0.20095,0,6.71606,-0.533944,13.9661,6.71606,-33333.3,-33333.3,1.18457,95.5355,0.5,0,22.4131,16.6076,13.7478,22.627,-7.13722,2,0,0,1,31.1996
2114,2018-10-16,00:00:00.00,4.94908,3.81804,0,6.96606,3.96606,9.96606,6.96606,-33333.3,-33333.3,1.1835,95.5405,0.5,0,22.1728,16.396,13.5747,22.7475,-7.12315,2,0,0,1,32.0291
2115,2018-10-17,00:00:00.00,4.9663,0.20095,0,5.46606,0.466056,10.4661,5.46606,-33333.3,-33333.3,1.18996,95.5102,0.5,0,21.934,16.2755,13.5133,22.0318,-7.20425,2,0,0,1,24.8738
2116,2018-10-18,00:00:00.00,4.98351,0.602849,2.0095,4.21606,0.966056,7.46606,4.21606,-33333.3,-33333.3,1.19536,95.4848,0.5,0,21.697,16.1385,13.4015,21.449,-7.26585,2,0,0,1,18.9877
2117,2018-10-19,00:00:00.00,5.00073,0,0,2.46606,-1.53394,6.46606,2.46606,-33333.3,-33333.3,1.20295,95.4487,0.5,0,21.4618,16.0198,13.3288,20.6539,-7.34319,2,0,0,1,10.9915
2118,2018-10-20,00:00:00.00,5.01794,2.0095,0,7.46606,0.966056,13.9661,7.46606,-33333.3,-33333.3,1.18135,95.5505,0.5,0,21.2284,15.5917,12.9726,22.9902,-7.09434,2,0.0371061,0.0371061,1,32.9326
2119,2018-10-21,00:00:00.00,5.03516,0,0,7.96606,4.46606,11.4661,7.96606,-33333.3,-33333.3,1.17921,95.5605,0.5,0,20.9971,15.3749,12.811,23.2349,-7.06463,2,0.331599,0.331599,1,34.7738
2120,2018-10-22,00:00:00.00,5.05237,0,0,1.46606,-1.03394,3.96606,1.46606,-33333.3,-33333.3,1.20731,95.4279,0.5,0,20.7678,15.4833,12.8981,20.2101,-7.38284,2,0,0,1,6.33329
2121,2018-10-23,00:00:00.00,5.06958,0,0,4.96606,-0.533944,10.4661,4.96606,-33333.3,-33333.3,1.19211,95.5001,0.5,0,20.5406,15.1476,12.6185,21.7972,-7.22953,2,0,0,1,21.2302
2122,2018-10-24,00:00:00.00,5.0868,3.81804,0,3.46606,-0.533944,7.46606,3.46606,-33333.3,-33333.3,1.19861,95.4694,0.5,0,20.3157,15.0275,12.5183,21.1053,-7.30025,2,0,0,1,14.6636
2123,2018-10-25,00:00:00.00,5.10401,0,0,2.71606,0.466056,4.96606,2.71606,-33333.3,-33333.3,1.20186,95.4539,0.5,0,20.0931,14.874,12.4256,20.766,-7.33277,2,0,0,1,11.3712
2124,2018-10-26,00:00:00.00,5.12123,0,0,3.46606,-1.03394,7.96606,3.46606,-33333.3,-33333.3,1.19861,95.4694,0.5,0,19.8728,14.661,12.2476,21.1053,-7.30025,2,0,0,1,14.3605
2125,2018-10-27,00:00:00.00,5.13844,0,1.00475,3.96606,0.966056,6.96606,3.96606,-33333.3,-33333.3,1.19644,95.4796,0.5,0,19.6551,14.46,12.0797,21.334,-7.27753,2,0,0,1,16.2616
2126,2018-10-28,00:00:00.00,5.15565,7.23419,0.20095,1.71606,-0.0339442,3.46606,1.71606,-33333.3,-33333.3,1.20622,95.4331,0.5,0,19.4399,14.3714,12.0146,20.3203,-7.37324,2,0,0,1,6.96324
2127,2018-10-29,00:00:00.00,5.17287,1.80855,0,1.96606,-0.533944,4.46606,1.96606,-33333.3,-33333.3,1.20513,95.4383,0.5,0,19.2273,14.1858,11.8871,20.431,-7.36343,2,0,0,1,7.89512
2128,2018-10-30,00:00:00.00,5.19008,0,0,5.46606,1.96606,8.96606,5.46606,-33333.3,-33333.3,1.18996,95.5102,0.5,0,19.0174,13.8692,11.6374,22.0318,-7.20425,2,0,0,1,21.7235
2129,2018-10-31,00:00:00.00,5.2073,14.8703,0,4.21606,-2.53394,10.9661,4.21606,-33333.3,-33333.3,1.19536,95.4848,0.5,0,18.8103,13.7522,11.5392,21.449,-7.26585,2,0,0,1,16.5832
2130,2018-11-01,00:00:00.00,5.22451,8.03799,0,8.46606,5.46606,11.4661,8.46606,-33333.3,-33333.3,1.17706,95.5704,0.5,0,18.6061,13.3898,11.2547,23.4816,-7.03401,2,0.626092,0.626092,1,32.9581
2131,2018-11-02,00:00:00.00,5.24173,26.9273,0,4.21606,1.96606,6.46606,4.21606,-33333.3,-33333.3,1.19536,95.4848,0.5,0,18.4047,13.4179,11.2874,21.449,-7.26585,2,0.822833,0.822833,1,16.2452
2132,2018-11-03,00:00:00.00,5.25894,1.2057,0,2.71606,0.966056,4.46606,2.71606,-33333.3,-33333.3,1.20186,95.4539,0.5,0,18.2064,13.3131,11.2092,20.766,-7.33277,2,0.558292,0.558292,1,10.3589
2133,2018-11-04,00:00:00.00,5.27615,0,0,2.96606,0.966056,4.96606,2.96606,-33333.3,-33333.3,1.20078,95.4591,0.5,0,18.0111,13.1425,11.0694,20.8786,-7.32214,2,0.60972,0.60972,1,11.1977
2134,2018-11-05,00:00:00.00,5.29337,3.01425,0,1.96606,-2.53394,6.46606,1.96606,-33333.3,-33333.3,1.20513,95.4383,0.5,0,17.819,13.0207,10.9618,20.431,-7.36343,2,0.404011,0.404011,1,7.34765
2135,2018-11-06,00:00:00.00,5.31058,3.61709,0,6.46606,2.46606,10.4661,6.46606,-33333.3,-33333.3,1.18565,95.5304,0.5,0,17.6301,12.686,10.6854,22.5069,-7.15106,2,0.822833,0.822833,1,23.9232
2136,2018-11-07,00:00:00.00,5.3278,12.8608,0,9.96606,7.46606,12.4661,9.96606,-33333.3,-33333.3,1.17064,95.6001,0.5,0,17.4444,12.3673,10.4186,24.2344,-6.93662,2,0.822833,0.822833,1,36.5056
2137,2018-11-08,00:00:00.00,5.34501,0.703324,0,2.96606,1.46606,4.46606,2.96606,-33333.3,-33333.3,1.20078,95.4591,0.5,0,17.262,12.5249,10.5542,20.8786,-7.32214,2,0.60972,0.60972,1,10.7573
2138,2018-11-09,00:00:00.00,5.36223,0.602849,0,1.71606,-0.0339442,3.46606,1.71606,-33333.3,-33333.3,1.20622,95.4331,0.5,0,17.083,12.4217,10.4679,20.3203,-7.37324,2,0.352584,0.352584,1,6.16283
2139,2018-11-10,00:00:00.00,5.37944,0,2.0095,-0.0339442,-1.03394,0.966056,-0.0339442,-33333.3,-33333.3,1.21388,95.3965,0.5,0,16.9075,12.334,10.3958,19.5581,-7.43696,2,0,0,1,-0.120696
2140,2018-11-11,00:00:00.00,5.39665,0,0,-2.78394,-5.53394,-0.0339442,-2.78394,-33333.3,-33333.3,1.22607,95.3379,0.5,0,16.7355,12.2712,4.14863,18.3567,-7.56746,2,0,0,1,-9.80544
2141,2018-11-12,00:00:00.00,5.41387,0,0,-1.78394,-4.53394,0.966056,-1.78394,-33333.3,-33333.3,1.22163,95.3593,0.5,0,16.567,12.1039,4.09186,18.7863,-7.52349,2,0,0,1,-6.22343
2142,2018-11-13,00:00:00.00,5.43108,8.88178e-16,5.02374,0.966056,-2.03394,3.96606,0.966056,-33333.3,-33333.3,1.20949,95.4175,0.5,0,16.4021,11.8848,4.01771,19.9911,-7.40146,2,0.198303,0.198303,1,3.33844
2143,2018-11-14,00:00:00.00,5.4483,0,2.0095,-1.53394,-3.03394,-0.0339442,-1.53394,-33333.3,-33333.3,1.22052,95.3646,0.5,0,16.2408,11.8268,3.99765,18.895,-7.51189,2,0,0,1,-5.2515
2144,2018-11-15,00:00:00.00,5.46551,7.10543e-15,18.0855,-3.78394,-6.53394,-1.03394,-3.78394,-33333.3,-33333.3,1.23054,95.3163,0.5,0,16.0833,11.7559,3.97327,17.9352,-7.60754,2,0,0,1,-12.8354
2145,2018-11-16,00:00:00.00,5.48272,7.10543e-15,18.0855,-4.53394,-8.53394,-0.533944,-4.53394,-33333.3,-33333.3,1.2339,95.3,0.5,0,15.9296,11.6465,3.936,17.6243,-7.6351,2,0,0,1,-15.2399
2146,2018-11-17,00:00:00.00,5.49994,-2.22045e-16,1.2057,-1.53394,-4.03394,0.966056,-1.53394,-33333.3,-33333.3,1.22052,95.3646,0.5,0,15.7796,11.4453,3.86793,18.895,-7.51189,2,0,0,1,-5.10993
2147,2018-11-18,00:00:00.00,5.51715,2.22045e-16,0.401899,-1.03394,-2.03394,-0.0339442,-1.03394,-33333.3,-33333.3,1.2183,95.3753,0.5,0,15.6335,11.3107,3.82221,19.1139,-7.48792,2,0,0,1,-3.41399
2148,2018-11-19,00:00:00.00,5.53437,0,0,-4.53394,-8.03394,-1.03394,-4.53394,-33333.3,-33333.3,1.2339,95.3,0.5,0,15.4913,11.2828,3.81234,17.6243,-7.6351,2,0,0,1,-14.8412
2149,2018-11-20,00:00:00.00,5.55158,0,2.0095,-2.28394,-6.53394,1.96606,-2.28394,-33333.3,-33333.3,1.22385,95.3486,0.5,0,15.353,11.1128,3.75478,18.5705,-7.54597,2,0,0,1,-7.41257
2150,2018-11-21,00:00:00.00,5.5688,0,0,-3.03394,-5.53394,-0.533944,-3.03394,-33333.3,-33333.3,1.22719,95.3325,0.5,0,15.2187,11.0208,3.72344,18.2505,-7.57784,2,0,0,1,-9.76456
2151,2018-11-22,00:00:00.00,5.58601,0,0,-6.03394,-9.03394,-3.03394,-6.03394,-33333.3,-33333.3,1.24065,95.2671,0.5,0,15.0884,10.982,3.70992,17.016,-7.68395,2,0,0,1,-19.2611
2152,2018-11-23,00:00:00.00,5.60322,0,0,-11.0339,-16.0339,-6.03394,-11.0339,-33333.3,-33333.3,1.26348,95.155,0.5,0,14.9621,10.9702,3.70547,15.1123,-7.78964,2,0,0,1,-34.9399
2153,2018-11-24,00:00:00.00,5.62044,0,0,-5.28394,-13.0339,2.46606,-5.28394,-33333.3,-33333.3,1.23727,95.2836,0.5,0,14.84,10.7598,3.63448,17.318,-7.66056,2,0,0,1,-16.6012
2154,2018-11-25,00:00:00.00,5.63765,5.325,1.10539,0.716056,-2.53394,3.96606,0.716056,-33333.3,-33333.3,1.21059,95.4122,0.5,0,14.7219,10.5095,3.55013,19.8823,-7.41046,2,0.146876,0.146876,1,2.23257
2155,2018-11-26,00:00:00.00,5.65487,2.22045e-16,0.401899,1.96606,0.466056,3.46606,1.96606,-33333.3,-33333.3,1.20513,95.4383,0.5,0,14.608,10.3782,3.50569,20.431,-7.36343,2,0.404011,0.404011,1,6.08428
2156,2018-11-27,00:00:00.00,5.67208,5.74575,3.29699,0.966056,-1.03394,2.96606,0.966056,-33333.3,-33333.3,1.20949,95.4175,0.5,0,14.4983,10.3186,3.48528,19.9911,-7.40146,2,0.198303,0.198303,1,2.968
2157,2018-11-28,00:00:00.00,5.6893,0,1.00475,-1.28394,-2.03394,-0.533944,-1.28394,-33333.3,-33333.3,1.21941,95.37,0.5,0,14.3928,10.2945,3.47681,19.0042,-7.50003,2,0,0,1,-3.91689
2158,2018-11-29,00:00:00.00,5.70651,0,2.0095,-1.78394,-4.03394,0.466056,-1.78394,-33333.3,-33333.3,1.22163,95.3593,0.5,0,14.2916,10.224,3.4528,18.7863,-7.52349,2,0,0,1,-5.40517
2159,2018-11-30,00:00:00.00,5.72372,0,0,-2.03394,-3.53394,-0.533944,-2.03394,-33333.3,-33333.3,1.22274,95.354,0.5,0,14.1946,10.1505,3.42777,18.6781,-7.53485,2,0,0,1,-6.12207
2160,2018-12-01,00:00:00.00,5.74094,0,0,-1.53394,-3.53394,0.466056,-1.53394,-33333.3,-33333.3,1.22052,95.3646,0.5,0,14.1019,10.0615,3.39761,18.895,-7.51189,2,0,0,1,-4.58775
2161,2018-12-02,00:00:00.00,5.75815,6.73779,4.91729,0.216056,-3.03394,3.46606,0.216056,-33333.3,-33333.3,1.21278,95.4017,0.5,0,14.0135,9.94222,3.35732,19.6661,-7.42788,2,0.322147,0.322147,1,0.642253
2162,2018-12-03,00:00:00.00,5.77537,7.23419,0,5.21606,-0.0339442,10.4661,5.21606,-33333.3,-33333.3,1.19104,95.5051,0.5,0,13.9295,9.7167,3.28147,21.9142,-7.217,2,0.322147,0.322147,1,15.4139
2163,2018-12-04,00:00:00.00,5.79258,0,1.00475,-0.783944,-1.53394,-0.0339442,-0.783944,-33333.3,-33333.3,1.21719,95.3806,0.5,0,13.8498,9.83477,3.32068,19.2242,-7.47556,2,0.288724,0.288724,1,-2.30357
2164,2018-12-05,00:00:00.00,5.80979,0,0,-4.03394,-7.03394,-1.03394,-4.03394,-33333.3,-33333.3,1.23166,95.3109,0.5,0,13.7745,9.85116,3.32587,17.8311,-7.61696,2,0.0269798,0.0269798,1,-11.7899
2165,2018-12-06,00:00:00.00,5.82701,0,1.00475,-4.53394,-9.03394,-0.0339442,-4.53394,-33333.3,-33333.3,1.2339,95.3,0.5,0,13.7036,9.80353,3.30963,17.6243,-7.6351,2,0,0,1,-13.1836
2166,2018-12-07,00:00:00.00,5.84422,0,2.0095,-3.03394,-5.03394,-1.03394,-3.03394,-33333.3,-33333.3,1.22719,95.3325,0.5,0,13.6371,9.71519,3.27979,18.2505,-7.57784,2,0.107517,0.107517,1,-8.77928
2167,2018-12-08,00:00:00.00,5.86144,8.88178e-16,1.6076,-8.53394,-11.5339,-5.53394,-8.53394,-33333.3,-33333.3,1.25199,95.2116,0.5,0,13.5751,9.77464,3.29943,16.0408,-7.74745,2,0,0,1,-24.5818
2168,2018-12-09,00:00:00.00,5.87865,0,0,-5.03394,-8.53394,-1.53394,-5.03394,-33333.3,-33333.3,1.23614,95.2891,0.5,0,13.5175,9.66031,3.26093,17.4196,-7.6523,2,0,0,1,-14.438
2169,2018-12-10,00:00:00.00,5.89587,0,0,-5.53394,-9.03394,-2.03394,-5.53394,-33333.3,-33333.3,1.23839,95.2781,0.5,0,13.4644,9.62662,3.24943,17.2168,-7.66859,2,0,0,1,-15.8085
2170,2018-12-11,00:00:00.00,5.91308,0,0,-3.03394,-5.03394,-1.03394,-3.03394,-33333.3,-33333.3,1.22719,95.3325,0.5,0,13.4157,9.53262,3.21777,18.2505,-7.57784,2,0.107517,0.107517,1,-8.63472
2171,2018-12-12,00:00:00.00,5.93029,0,1.00475,-4.28394,-6.03394,-2.53394,-4.28394,-33333.3,-33333.3,1.23278,95.3054,0.5,0,13.3715,9.52384,3.21465,17.7275,-7.62615,2,0.00684562,0.00684562,1,-12.1506
2172,2018-12-13,00:00:00.00,5.94751,4.44089e-16,3.61709,-2.03394,-4.03394,-0.0339442,-2.03394,-33333.3,-33333.3,1.22274,95.354,0.5,0,13.3319,9.44004,3.18645,18.6781,-7.53485,2,0.188053,0.188053,1,-5.75085
2173,2018-12-14,00:00:00.00,5.96472,1.77636e-15,3.21519,-1.28394,-3.03394,0.466056,-1.28394,-33333.3,-33333.3,1.21941,95.37,0.5,0,13.2967,9.39275,3.17048,19.0042,-7.50003,2,0.248456,0.248456,1,-3.62001
2174,2018-12-15,00:00:00.00,5.98194,2.96704,1.25291,0.466056,-2.03394,2.96606,0.466056,-33333.3,-33333.3,1.21168,95.407,0.5,0,13.266,9.32211,3.14672,19.774,-7.41927,2,0.322147,0.322147,1,1.31073
2175,2018-12-16,00:00:00.00,5.99915,0,0,-0.533944,-2.53394,1.46606,-0.533944,-33333.3,-33333.3,1.21609,95.3859,0.5,0,13.2399,9.32697,3.14823,19.3349,-7.46295,2,0.308858,0.308858,1,-1.4983
2176,2018-12-17,00:00:00.00,6.01637,0,0,-1.28394,-3.03394,0.466056,-1.28394,-33333.3,-33333.3,1.21941,95.37,0.5,0,13.2183,9.32805,3.1485,19.0042,-7.50003,2,0.248456,0.248456,1,-3.59606
2177,2018-12-18,00:00:00.00,6.03358,0,0,-0.783944,-2.03394,0.466056,-0.783944,-33333.3,-33333.3,1.21719,95.3806,0.5,0,13.2013,9.30138,3.13951,19.2242,-7.47556,2,0.288724,0.288724,1,-2.19217
2178,2018-12-19,00:00:00.00,6.05079,0,0,-3.53394,-6.53394,-0.533944,-3.53394,-33333.3,-33333.3,1.22942,95.3217,0.5,0,13.1888,9.35605,3.15774,18.0398,-7.59788,2,0.0672482,0.0672482,1,-9.86958
2179,2018-12-20,00:00:00.00,6.06801,0,0,-2.28394,-7.53394,2.96606,-2.28394,-33333.3,-33333.3,1.22385,95.3486,0.5,0,13.1808,9.32085,3.14593,18.5705,-7.54597,2,0.167919,0.167919,1,-6.37248
2180,2018-12-21,00:00:00.00,6.08522,18.0033,0.885932,0.966056,-3.03394,4.96606,0.966056,-33333.3,-33333.3,1.20949,95.4175,0.5,0,13.1774,9.23495,3.11718,19.9911,-7.40146,2,0.322147,0.322147,1,2.69372
2181,2018-12-22,00:00:00.00,6.10244,0.803799,0,1.21606,0.466056,1.96606,1.21606,-33333.3,-33333.3,1.2084,95.4227,0.5,0,13.1785,9.22873,3.1151,20.1004,-7.39225,2,0.322147,0.322147,1,3.38972
2182,2018-12-23,00:00:00.00,6.11965,0,0,-3.78394,-5.03394,-2.53394,-3.78394,-33333.3,-33333.3,1.23054,95.3163,0.5,0,13.1842,9.357,3.15802,17.9352,-7.60754,2,0.047114,0.047114,1,-10.5476
2183,2018-12-24,00:00:00.00,6.13686,0.0659313,2.14452,-0.283944,-4.53394,3.96606,-0.283944,-33333.3,-33333.3,1.21498,95.3912,0.5,0,13.1945,9.28176,3.13289,19.4462,-7.45008,2,0.322147,0.322147,1,-0.791718
2184,2018-12-25,00:00:00.00,6.15408,-2.22045e-15,3.01425,-2.03394,-3.03394,-1.03394,-2.03394,-33333.3,-33333.3,1.22274,95.354,0.5,0,13.2093,9.33723,3.15151,18.6781,-7.53485,2,0.188053,0.188053,1,-5.67495
2185,2018-12-26,00:00:00.00,6.17129,0,2.0095,-3.53394,-6.03394,-1.03394,-3.53394,-33333.3,-33333.3,1.22942,95.3217,0.5,0,13.2286,9.38734,3.16835,18.0398,-7.59788,2,0.0672482,0.0672482,1,-9.86959
2186,2018-12-27,00:00:00.00,6.18851,0,0,-2.53394,-5.03394,-0.0339442,-2.53394,-33333.3,-33333.3,1.22496,95.3432,0.5,0,13.2525,9.38404,3.16734,18.4633,-7.55683,2,0.147785,0.147785,1,-7.0858
2187,2018-12-28,00:00:00.00,6.20572,3.55271e-15,16.2769,-1.78394,-10.5339,6.96606,-1.78394,-33333.3,-33333.3,1.22163,95.3593,0.5,0,13.281,9.38931,3.16921,18.7863,-7.52349,2,0.208188,0.208188,1,-4.99647
2188,2018-12-29,00:00:00.00,6.22294,0.602849,0.20095,2.96606,-3.03394,8.96606,2.96606,-33333.3,-33333.3,1.20078,95.4591,0.5,0,13.314,9.28612,3.13482,20.8786,-7.32214,2,0.322147,0.322147,1,8.32319
2189,2018-12-30,00:00:00.00,6.24015,8.88178e-16,1.6076,-5.53394,-6.53394,-4.53394,-5.53394,-33333.3,-33333.3,1.23839,95.2781,0.5,0,13.3515,9.52971,3.21647,17.2168,-7.66859,2,0,0,1,-15.5634
2190,2018-12-31,00:00:00.00,6.25736,0,0,-4.78394,-8.03394,-1.53394,-4.78394,-33333.3,-33333.3,1.23502,95.2945,0.5,0,13.3936,9.54874,3.22301,17.5217,-7.64382,2,0,0,1,-13.4881
2191,2019-01-01,00:00:00.00,6.27458,1.19274,14.0794,-0.783944,-6.03394,4.46606,-0.783944,-33333.3,-33333.3,1.21719,95.3806,0.5,0,13.4402,9.49378,3.2048,19.2242,-7.47556,2,0.288724,0.288724,1,-2.21654
2192,2019-01-02,00:00:00.00,0.0086071,0,0,-2.78394,-5.03394,-0.533944,-2.78394,-33333.3,-33333.3,1.22607,95.3379,0.5,0,13.4913,9.58439,3.23533,18.3567,-7.56746,2,0.168836,0.168836,1,-7.8961
2193,2019-01-03,00:00:00.00,0.0258213,-4.44089e-15,6.02849,-7.53394,-13.0339,-2.03394,-7.53394,-33333.3,-33333.3,1.24744,95.2339,0.5,0,13.5469,9.72835,3.28373,16.4251,-7.72468,2,0.0500599,0.0500599,1,-21.4419
2194,2019-01-04,00:00:00.00,0.0430355,0,0,-3.78394,-6.03394,-1.53394,-3.78394,-33333.3,-33333.3,1.23054,95.3163,0.5,0,13.607,9.70179,3.27508,17.9352,-7.60754,2,0.168836,0.168836,1,-10.8094
2195,2019-01-05,00:00:00.00,0.0602497,0,0,0.216056,-4.03394,4.46606,0.216056,-33333.3,-33333.3,1.21278,95.4017,0.5,0,13.6716,9.65562,3.25988,19.6661,-7.42788,2,0.168836,0.168836,1,0.619695
2196,2019-01-06,00:00:00.00,0.0774639,0,0,-2.03394,-5.53394,1.46606,-2.03394,-33333.3,-33333.3,1.22274,95.354,0.5,0,13.7407,9.77023,3.29852,18.6781,-7.53485,2,0.168836,0.168836,1,-5.85872
2197,2019-01-07,00:00:00.00,0.0946781,0,0,-1.78394,-3.53394,-0.0339442,-1.78394,-33333.3,-33333.3,1.22163,95.3593,0.5,0,13.8142,9.82416,3.31686,18.7863,-7.52349,2,0.168836,0.168836,1,-5.16216
2198,2019-01-08,00:00:00.00,0.111892,-1.77636e-15,7.83704,-1.78394,-10.0339,6.46606,-1.78394,-33333.3,-33333.3,1.22163,95.3593,0.5,0,13.8922,9.88791,3.33851,18.7863,-7.52349,2,0.168836,0.168836,1,-5.18726
2199,2019-01-09,00:00:00.00,0.129107,0.0408126,0.160137,-0.533944,-5.53394,4.46606,-0.533944,-33333.3,-33333.3,1.21609,95.3859,0.5,0,13.9745,9.92292,3.35056,19.3349,-7.46295,2,0.168836,0.168836,1,-1.56053
2200,2019-01-10,00:00:00.00,0.146321,0,1.00475,-3.78394,-5.03394,-2.53394,-3.78394,-33333.3,-33333.3,1.23054,95.3163,0.5,0,14.0613,10.0743,3.4016,17.9352,-7.60754,2,0.168836,0.168836,1,-11.1189
2201,2019-01-11,00:00:00.00,0.163535,0,1.00475,-10.2839,-11.0339,-9.53394,-10.2839,-33333.3,-33333.3,1.26002,95.172,0.5,0,14.1525,10.2756,3.46936,15.386,-7.77915,2,0,0,1,-30.3898
2202,2019-01-12,00:00:00.00,0.180749,0,0,-10.5339,-15.0339,-6.03394,-10.5339,-33333.3,-33333.3,1.26117,95.1664,0.5,0,14.2481,10.3587,3.49759,15.2943,-7.78285,2,0,0,1,-31.3125
2203,2019-01-13,00:00:00.00,0.197963,0,0,-8.03394,-11.0339,-5.03394,-8.03394,-33333.3,-33333.3,1.24971,95.2228,0.5,0,14.348,10.398,3.51114,16.232,-7.7365,2,0.0289554,0.0289554,1,-24.0282
2204,2019-01-14,00:00:00.00,0.215178,0,0,-9.53394,-14.0339,-5.03394,-9.53394,-33333.3,-33333.3,1.25657,95.189,0.5,0,14.4522,10.5111,3.54942,15.6638,-7.76682,2,0,0,1,-28.6968
2205,2019-01-15,00:00:00.00,0.232392,0,0,-9.03394,-14.0339,-4.03394,-9.03394,-33333.3,-33333.3,1.25428,95.2003,0.5,0,14.5607,10.5922,3.57701,15.8514,-7.75756,2,0,0,1,-27.372
2206,2019-01-16,00:00:00.00,0.249606,0,1.00475,-6.03394,-10.0339,-2.03394,-6.03394,-33333.3,-33333.3,1.24065,95.2671,0.5,0,14.6735,10.6275,3.5893,17.016,-7.68395,2,0.113373,0.113373,1,-18.4076
2207,2019-01-17,00:00:00.00,0.26682,2.22045e-16,0.401899,-5.53394,-8.53394,-2.53394,-5.53394,-33333.3,-33333.3,1.23839,95.2781,0.5,0,14.7906,10.7136,3.61858,17.2168,-7.66859,2,0.134478,0.134478,1,-17.0017
2208,2019-01-18,00:00:00.00,0.284034,0,2.0095,-11.0339,-18.0339,-4.03394,-11.0339,-33333.3,-33333.3,1.26348,95.155,0.5,0,14.9118,10.9173,3.68734,15.1123,-7.78964,2,0,0,1,-34.1462
2209,2019-01-19,00:00:00.00,0.301249,-1.11022e-16,0.602849,-5.78394,-8.53394,-3.03394,-5.78394,-33333.3,-33333.3,1.23952,95.2726,0.5,0,15.0373,10.9227,3.68962,17.1162,-7.67638,2,0.123926,0.123926,1,-18.0334
2210,2019-01-20,00:00:00.00,0.318463,0,4.01899,-14.2839,-15.0339,-13.5339,-14.2839,-33333.3,-33333.3,1.27864,95.0798,0.5,0,15.1668,11.1783,3.77579,13.9725,-7.81462,2,0,0,1,-44.8776
2211,2019-01-21,00:00:00.00,0.335677,2.22045e-16,0.401899,-16.7839,-18.0339,-15.5339,-16.7839,-33333.3,-33333.3,1.29049,95.0207,0.5,0,15.3005,11.3222,3.82456,13.1452,-7.81237,2,0,0,1,-53.1478
2212,2019-01-22,00:00:00.00,0.352891,0,0,-18.5339,-23.0339,-14.0339,-18.5339,-33333.3,-33333.3,1.29889,94.9786,0.5,0,15.4383,11.4577,3.87052,12.5908,-7.80039,2,0,0,1,-59.1628
2213,2019-01-23,00:00:00.00,0.370105,-1.77636e-15,13.0617,-10.7839,-22.0339,0.466056,-10.7839,-33333.3,-33333.3,1.26232,95.1607,0.5,0,15.5801,11.4688,3.8748,15.2031,-7.78634,2,0,0,1,-34.7075
2214,2019-01-24,00:00:00.00,0.38732,1.77636e-15,11.856,-2.78394,-9.53394,3.96606,-2.78394,-33333.3,-33333.3,1.22607,95.3379,0.5,0,15.726,11.4206,3.85916,18.3567,-7.56746,2,0.168836,0.168836,1,-9.03534
2215,2019-01-25,00:00:00.00,0.404534,-2.22045e-15,3.01425,-3.03394,-4.03394,-2.03394,-3.03394,-33333.3,-33333.3,1.22719,95.3325,0.5,0,15.8757,11.5507,3.90336,18.2505,-7.57784,2,0.168836,0.168836,1,-9.93116
2216,2019-01-26,00:00:00.00,0.421748,0,7.03324,-10.7839,-11.5339,-10.0339,-10.7839,-33333.3,-33333.3,1.26232,95.1607,0.5,0,16.0294,11.843,4.002,15.2031,-7.78634,2,0,0,1,-35.6079
2217,2019-01-27,00:00:00.00,0.438962,8.88178e-16,5.02374,-14.7839,-19.0339,-10.5339,-14.7839,-33333.3,-33333.3,1.28099,95.068,0.5,0,16.187,12.0369,4.06767,13.8036,-7.81561,2,0,0,1,-49.249
2218,2019-01-28,00:00:00.00,0.456176,0,2.0095,-14.2839,-18.5339,-10.0339,-14.2839,-33333.3,-33333.3,1.27864,95.0798,0.5,0,16.3484,12.1647,4.11117,13.9725,-7.81462,2,0,0,1,-48.0126
2219,2019-01-29,00:00:00.00,0.473391,-8.88178e-15,12.057,-13.2839,-22.5339,-4.03394,-13.2839,-33333.3,-33333.3,1.27394,95.1031,0.5,0,16.5136,12.2879,4.15311,14.3153,-7.81039,2,0,0,1,-45.06
2220,2019-01-30,00:00:00.00,0.490605,4.44089e-16,3.61709,-11.5339,-15.0339,-8.03394,-11.5339,-33333.3,-33333.3,1.26579,95.1435,0.5,0,16.6825,12.4006,4.19158,14.9321,-7.79562,2,0,0,1,-39.4869
2221,2019-01-31,00:00:00.00,0.507819,2.22045e-16,0.401899,-20.5339,-22.0339,-19.0339,-20.5339,-33333.3,-33333.3,1.30861,94.9299,0.5,0,16.855,12.6672,4.2817,11.9813,-7.77674,2,0,0,1,-70.9596
2222,2019-02-01,00:00:00.00,0.525033,0,0,-21.0339,-25.0339,-17.0339,-21.0339,-33333.3,-33333.3,1.31106,94.9176,0.5,0,17.0312,12.8205,4.33383,11.8328,-7.76924,2,0,0,1,-73.3788
2223,2019-02-02,00:00:00.00,0.542247,0,0,-17.5339,-23.5339,-11.5339,-17.5339,-33333.3,-33333.3,1.29408,95.0027,0.5,0,17.211,12.9316,4.3718,12.9052,-7.80826,2,0,0,1,-61.7571
2224,2019-02-03,00:00:00.00,0.559462,0,0,-9.78394,-20.5339,0.966056,-9.78394,-33333.3,-33333.3,1.25772,95.1834,0.5,0,17.3942,12.9635,4.38317,15.5708,-7.77113,2,0,0,1,-34.7954
2225,2019-02-04,00:00:00.00,0.576676,1.91525,0.094248,0.966056,-3.03394,4.96606,0.966056,-33333.3,-33333.3,1.20949,95.4175,0.5,0,17.5809,12.8401,4.34236,19.9911,-7.40146,2,0.260046,0.260046,1,3.46939
2226,2019-02-05,00:00:00.00,0.59389,13.4636,0,5.96606,2.96606,8.96606,5.96606,-33333.3,-33333.3,1.1878,95.5203,0.5,0,17.771,12.8038,4.33084,22.2683,-7.17809,2,0.260046,0.260046,1,21.6378
2227,2019-02-06,00:00:00.00,0.611104,0,1.00475,-3.53394,-5.03394,-2.03394,-3.53394,-33333.3,-33333.3,1.22942,95.3217,0.5,0,17.9644,13.2947,4.49644,18.0398,-7.59788,2,0.260046,0.260046,1,-12.9448
2228,2019-02-07,00:00:00.00,0.628319,-2.22045e-15,3.01425,-4.53394,-7.53394,-1.53394,-4.53394,-33333.3,-33333.3,1.2339,95.3,0.5,0,18.161,13.4849,4.56107,17.6243,-7.6351,2,0.260046,0.260046,1,-16.7747
2229,2019-02-08,00:00:00.00,0.645533,0.998437,0.207261,0.716056,-4.53394,5.96606,0.716056,-33333.3,-33333.3,1.21059,95.4122,0.5,0,18.3609,13.4929,4.56442,19.8823,-7.41046,2,0.260046,0.260046,1,2.6761
2230,2019-02-09,00:00:00.00,0.662747,0,4.42089,-7.28394,-9.03394,-5.53394,-7.28394,-33333.3,-33333.3,1.2463,95.2395,0.5,0,18.5639,13.8882,4.69804,16.5224,-7.71845,2,0.100638,0.100638,1,-27.499
2231,2019-02-10,00:00:00.00,0.679961,0,1.00475,-9.28394,-12.5339,-6.03394,-9.28394,-33333.3,-33333.3,1.25542,95.1947,0.5,0,18.7699,14.1043,4.77139,15.7574,-7.76229,2,0,0,1,-35.4083
2232,2019-02-11,00:00:00.00,0.697175,0,4.01899,-9.28394,-14.0339,-4.53394,-9.28394,-33333.3,-33333.3,1.25542,95.1947,0.5,0,18.9789,14.2793,4.83098,15.7574,-7.76229,2,0,0,1,-35.7725
2233,2019-02-12,00:00:00.00,0.71439,0,0,-6.28394,-8.03394,-4.53394,-6.28394,-33333.3,-33333.3,1.24178,95.2616,0.5,0,19.1907,14.3883,4.86835,16.9163,-7.6913,2,0.16565,0.16565,1,-24.4631
2234,2019-02-13,00:00:00.00,0.731604,0,14.0665,-5.28394,-10.5339,-0.0339442,-5.28394,-33333.3,-33333.3,1.23727,95.2836,0.5,0,19.4055,14.5422,4.92085,17.318,-7.66056,2,0.230661,0.230661,1,-20.7835
2235,2019-02-14,00:00:00.00,0.748818,-4.44089e-15,6.02849,-6.03394,-7.03394,-5.03394,-6.03394,-33333.3,-33333.3,1.24065,95.2671,0.5,0,19.6229,14.7433,4.98924,17.016,-7.68395,2,0.181902,0.181902,1,-23.9804
2236,2019-02-15,00:00:00.00,0.766032,0,0,-2.78394,-7.53394,1.96606,-2.78394,-33333.3,-33333.3,1.22607,95.3379,0.5,0,19.8431,14.8367,5.02139,18.3567,-7.56746,2,0.260046,0.260046,1,-11.1795
2237,2019-02-16,00:00:00.00,0.783246,0,1.00475,-2.28394,-5.03394,0.466056,-2.28394,-33333.3,-33333.3,1.22385,95.3486,0.5,0,20.0658,15.0069,5.0794,18.5705,-7.54597,2,0.260046,0.260046,1,-9.2675
2238,2019-02-17,00:00:00.00,0.800461,0,0,-8.03394,-11.5339,-4.53394,-8.03394,-33333.3,-33333.3,1.24971,95.2228,0.5,0,20.291,15.3517,5.19619,16.232,-7.7365,2,0.0518793,0.0518793,1,-32.9406
2239,2019-02-18,00:00:00.00,0.817675,1.77636e-15,6.63134,-10.0339,-14.0339,-6.03394,-10.0339,-33333.3,-33333.3,1.25887,95.1777,0.5,0,20.5187,15.5874,5.27629,15.4782,-7.77524,2,0,0,1,-41.5724
2240,2019-02-19,00:00:00.00,0.834889,0,1.00475,-8.78394,-12.0339,-5.53394,-8.78394,-33333.3,-33333.3,1.25314,95.2059,0.5,0,20.7487,15.7531,5.33285,15.9458,-7.75261,2,0.00312056,0.00312056,1,-36.7754
2241,2019-02-20,00:00:00.00,0.852103,0,0,-12.2839,-19.0339,-5.53394,-12.2839,-33333.3,-33333.3,1.26928,95.1263,0.5,0,20.9809,16.0216,5.42403,14.6651,-7.80312,2,0,0,1,-51.9688
2242,2019-02-21,00:00:00.00,0.869317,2.22045e-16,0.401899,-8.78394,-18.5339,0.966056,-8.78394,-33333.3,-33333.3,1.25314,95.2059,0.5,0,21.2154,16.1452,5.46641,15.9458,-7.75261,2,0.00312056,0.00312056,1,-37.5518
2243,2019-02-22,00:00:00.00,0.886532,0,0,-1.53394,-4.03394,0.966056,-1.53394,-33333.3,-33333.3,1.22052,95.3646,0.5,0,21.4519,16.138,5.46474,18.895,-7.51189,2,0.260046,0.260046,1,-6.62651
2244,2019-02-23,00:00:00.00,0.903746,0,0,-3.53394,-8.03394,0.966056,-3.53394,-33333.3,-33333.3,1.22942,95.3217,0.5,0,21.6903,16.4023,5.55454,18.0398,-7.59788,2,0.260046,0.260046,1,-15.4265
2245,2019-02-24,00:00:00.00,0.92096,1.77636e-15,6.63134,-3.78394,-11.0339,3.46606,-3.78394,-33333.3,-33333.3,1.23054,95.3163,0.5,0,21.9307,16.6112,5.62568,17.9352,-7.60754,2,0.260046,0.260046,1,-16.6909
2246,2019-02-25,00:00:00.00,0.938174,3.01425,20.4969,1.71606,-2.03394,5.46606,1.71606,-33333.3,-33333.3,1.20622,95.4331,0.5,0,22.1729,16.6165,5.62821,20.3203,-7.37324,2,0.260046,0.260046,1,7.6487
2247,2019-02-26,00:00:00.00,0.955388,0,1.00475,-8.03394,-9.03394,-7.03394,-8.03394,-33333.3,-33333.3,1.24971,95.2228,0.5,0,22.4168,17.1373,5.80455,16.232,-7.7365,2,0.0518793,0.0518793,1,-36.1821
2248,2019-02-27,00:00:00.00,0.972603,4.44089e-16,2.61235,-11.2839,-14.0339,-8.53394,-11.2839,-33333.3,-33333.3,1.26463,95.1492,0.5,0,22.6623,17.419,5.90028,15.022,-7.79273,2,0,0,1,-51.3485
2249,2019-02-28,00:00:00.00,0.989817,1.77636e-15,10.0475,-12.2839,-14.5339,-10.0339,-12.2839,-33333.3,-33333.3,1.26928,95.1263,0.5,0,22.9094,17.6482,5.97833,14.6651,-7.80312,2,0,0,1,-56.48
2250,2019-03-01,00:00:00.00,1.00703,0,0,-16.2839,-27.0339,-5.53394,-16.2839,-33333.3,-33333.3,1.2881,95.0326,0.5,0,23.1579,17.9313,6.07454,13.3073,-7.81425,2,0,0,1,-75.6473
2251,2019-03-02,00:00:00.00,1.02425,0,0,-10.2839,-20.0339,-0.533944,-10.2839,-33333.3,-33333.3,1.26002,95.172,0.5,0,23.4077,18.0259,6.10721,15.386,-7.77915,2,0,0,1,-48.2677
2252,2019-03-03,00:00:00.00,1.04146,8.88178e-16,5.02374,-5.03394,-9.53394,-0.533944,-5.03394,-33333.3,-33333.3,1.23614,95.2891,0.5,0,23.6588,18.0984,6.13244,17.4196,-7.6523,2,0,0,1,-23.87
2253,2019-03-04,00:00:00.00,1.05867,2.22045e-16,0.401899,-6.03394,-9.03394,-3.03394,-6.03394,-33333.3,-33333.3,1.24065,95.2671,0.5,0,23.911,18.3401,6.21473,17.016,-7.68395,2,0,0,1,-28.9052
2254,2019-03-05,00:00:00.00,1.07589,2.22045e-16,0.401899,-15.5339,-20.0339,-11.0339,-15.5339,-33333.3,-33333.3,1.28454,95.0504,0.5,0,24.1643,18.7708,6.36086,13.5536,-7.81574,2,0,0,1,-75.1741
2255,2019-03-06,00:00:00.00,1.0931,-2.22045e-16,1.2057,-14.5339,-18.5339,-10.5339,-14.5339,-33333.3,-33333.3,1.27981,95.0739,0.5,0,24.4185,18.968,6.42817,13.8878,-7.81521,2,0,0,1,-71.0498
2256,2019-03-07,00:00:00.00,1.11032,-1.11022e-16,0.602849,-14.5339,-18.0339,-11.0339,-14.5339,-33333.3,-33333.3,1.27981,95.0739,0.5,0,24.6735,19.184,6.50184,13.8878,-7.81521,2,0,0,1,-71.7688
2257,2019-03-08,00:00:00.00,1.12753,0,0,-13.5339,-19.5339,-7.53394,-13.5339,-33333.3,-33333.3,1.27511,95.0973,0.5,0,24.9294,19.3813,6.56918,14.2289,-7.81173,2,0,0,1,-67.5037
2258,2019-03-09,00:00:00.00,1.14474,0,0,-13.0339,-20.0339,-6.03394,-13.0339,-33333.3,-33333.3,1.27277,95.1089,0.5,0,25.1859,19.5882,6.63981,14.4021,-7.80886,2,0,0,1,-65.661
2259,2019-03-10,00:00:00.00,1.16196,0,0,4.96606,8.96606,0.966056,4.96606,-33333.3,-33333.3,1.19211,95.5001,0.5,0,25.4429,19.1798,6.50261,21.7972,-7.22953,2,0.898518,0.898518,1,25.2667
2260,2019-03-11,00:00:00.00,1.17917,1.00475,0,4.96606,7.96606,1.96606,4.96606,-33333.3,-33333.3,1.19211,95.5001,0.5,0,25.7004,19.3934,6.57548,21.7972,-7.22953,2,0.898518,0.898518,1,25.517
2261,2019-03-12,00:00:00.00,1.19639,0,0,-1.53394,-2.03394,-1.03394,-1.53394,-33333.3,-33333.3,1.22052,95.3646,0.5,0,25.9583,19.907,6.7497,18.895,-7.51189,2,0.510808,0.510808,1,-7.95939
2262,2019-03-13,00:00:00.00,1.2136,0,0,-1.78394,-5.03394,1.46606,-1.78394,-33333.3,-33333.3,1.22163,95.3593,0.5,0,26.2164,20.1331,6.82679,18.7863,-7.52349,2,0.45465,0.45465,1,-9.34716
2263,2019-03-14,00:00:00.00,1.23082,0,0,-1.28394,-7.03394,4.46606,-1.28394,-33333.3,-33333.3,1.21941,95.37,0.5,0,26.4747,20.33,6.89403,19.0042,-7.50003,2,0.566965,0.566965,1,-6.79274
2264,2019-03-15,00:00:00.00,1.24803,17.4826,0,3.46606,-3.03394,9.96606,3.46606,-33333.3,-33333.3,1.19861,95.4694,0.5,0,26.7331,20.3304,6.89489,21.1053,-7.30025,2,0.898518,0.898518,1,18.5144
2265,2019-03-16,00:00:00.00,1.26524,0,1.00475,2.96606,1.96606,3.96606,2.96606,-33333.3,-33333.3,1.20078,95.4591,0.5,0,26.9915,20.5709,6.97689,20.8786,-7.32214,2,0.898518,0.898518,1,15.9955
2266,2019-03-17,00:00:00.00,1.28246,0,1.00475,-2.53394,-5.03394,-0.0339442,-2.53394,-33333.3,-33333.3,1.22496,95.3432,0.5,0,27.2497,21.0288,7.13235,18.4633,-7.55683,2,0.286178,0.286178,1,-13.7952
2267,2019-03-18,00:00:00.00,1.29967,0,0,-3.78394,-8.03394,0.466056,-3.78394,-33333.3,-33333.3,1.23054,95.3163,0.5,0,27.5077,21.2918,7.222,17.9352,-7.60754,2,0.00539111,0.00539111,1,-20.795
2268,2019-03-19,00:00:00.00,1.31689,-2.22045e-16,1.2057,-3.53394,-8.03394,0.966056,-3.53394,-33333.3,-33333.3,1.22942,95.3217,0.5,0,27.7655,21.4994,7.29289,18.0398,-7.59788,2,0.0615485,0.0615485,1,-19.6032
2269,2019-03-20,00:00:00.00,1.3341,0,0,-2.53394,-9.53394,4.46606,-2.53394,-33333.3,-33333.3,1.22496,95.3432,0.5,0,28.0228,21.6778,7.35392,18.4633,-7.55683,2,0.286178,0.286178,1,-14.1868
2270,2019-03-21,00:00:00.00,1.35132,0.470817,6.16052,-0.783944,-8.53394,6.96606,-0.783944,-33333.3,-33333.3,1.21719,95.3806,0.5,0,28.2797,21.8218,7.4033,19.2242,-7.47556,2,0.67928,0.67928,1,-4.42954
2271,2019-03-22,00:00:00.00,1.36853,0.602849,0,1.46606,-2.53394,5.46606,1.46606,-33333.3,-33333.3,1.20731,95.4279,0.5,0,28.5359,21.9336,7.4418,20.2101,-7.38284,2,0.898518,0.898518,1,8.35958
2272,2019-03-23,00:00:00.00,1.38574,0,0,0.216056,-0.0339442,0.466056,0.216056,-33333.3,-33333.3,1.21278,95.4017,0.5,0,28.7915,22.2061,7.53468,19.6661,-7.42788,2,0.898518,0.898518,1,1.24317
2273,2019-03-24,00:00:00.00,1.40296,0,0,-3.53394,-9.03394,1.96606,-3.53394,-33333.3,-33333.3,1.22942,95.3217,0.5,0,29.0464,22.5761,7.66054,18.0398,-7.59788,2,0.0615485,0.0615485,1,-20.5163
2274,2019-03-25,00:00:00.00,1.42017,0,0,-1.03394,-9.03394,6.96606,-1.03394,-33333.3,-33333.3,1.2183,95.3753,0.5,0,29.3003,22.688,7.69906,19.1139,-7.48792,2,0.623123,0.623123,1,-6.05602
2275,2019-03-26,00:00:00.00,1.43739,0,0,-1.78394,-6.03394,2.46606,-1.78394,-33333.3,-33333.3,1.22163,95.3593,0.5,0,29.5534,22.9322,7.78237,18.7863,-7.52349,2,0.45465,0.45465,1,-10.5412
2276,2019-03-27,00:00:00.00,1.4546,0,0,-1.78394,-7.03394,3.46606,-1.78394,-33333.3,-33333.3,1.22163,95.3593,0.5,0,29.8054,23.1436,7.8546,18.7863,-7.52349,2,0.45465,0.45465,1,-10.6334
2277,2019-03-28,00:00:00.00,1.47181,0.957624,0.047124,0.966056,-6.03394,7.96606,0.966056,-33333.3,-33333.3,1.20949,95.4175,0.5,0,30.0563,23.2286,7.88401,19.9911,-7.40146,2,0.898518,0.898518,1,5.80821
2278,2019-03-29,00:00:00.00,1.48903,0.401899,0,2.21606,-5.03394,9.46606,2.21606,-33333.3,-33333.3,1.20404,95.4435,0.5,0,30.306,23.3738,7.9338,20.5422,-7.35341,2,0.898518,0.898518,1,13.4378
2279,2019-03-30,00:00:00.00,1.50624,16.076,0,5.21606,1.46606,8.96606,5.21606,-33333.3,-33333.3,1.19104,95.5051,0.5,0,30.5545,23.4099,7.94668,21.9142,-7.217,2,0.898518,0.898518,1,31.8977
2280,2019-03-31,00:00:00.00,1.52346,13.6646,9.04274,1.21606,-0.0339442,2.46606,1.21606,-33333.3,-33333.3,1.2084,95.4227,0.5,0,30.8016,23.839,8.09261,20.1004,-7.39225,2,0.898518,0.898518,1,7.49905
2281,2019-04-01,00:00:00.00,1.54067,0,0,-1.78394,-3.03394,-0.533944,-1.78394,-33333.3,-33333.3,1.22163,95.3593,0.5,0,31.0473,24.1854,8.21052,18.7863,-7.52349,2,0.45465,0.45465,1,-11.0924
2282,2019-04-02,00:00:00.00,1.55789,2.22045e-16,0.401899,-4.28394,-9.53394,0.966056,-4.28394,-33333.3,-33333.3,1.23278,95.3054,0.5,0,31.2914,24.4925,8.31519,17.7275,-7.62615,2,0,0,1,-26.8564
2283,2019-04-03,00:00:00.00,1.5751,0,0,0.216056,-6.03394,6.46606,0.216056,-33333.3,-33333.3,1.21278,95.4017,0.5,0,31.534,24.5009,8.31864,19.6661,-7.42788,2,0,0,1,1.36553
2284,2019-04-04,00:00:00.00,1.59231,0,0,1.71606,-0.533944,3.96606,1.71606,-33333.3,-33333.3,1.20622,95.4331,0.5,0,31.7749,24.6259,8.36161,20.3203,-7.37324,2,0,0,1,10.9329
2285,2019-04-05,00:00:00.00,1.60953,0.0659313,0.135018,-0.283944,-4.53394,3.96606,-0.283944,-33333.3,-33333.3,1.21498,95.3912,0.5,0,32.0141,24.9267,8.46412,19.4462,-7.45008,2,0,0,1,-1.82334
2286,2019-04-06,00:00:00.00,1.62674,0.5463,0.659398,-0.0339442,-3.03394,2.96606,-0.0339442,-33333.3,-33333.3,1.21388,95.3965,0.5,0,32.2515,25.1131,8.52789,19.5581,-7.43696,2,0,0,1,-0.219649
2287,2019-04-07,00:00:00.00,1.64396,0,0,5.46606,-1.53394,12.4661,5.46606,-33333.3,-33333.3,1.18996,95.5102,0.5,0,32.487,24.9976,8.48934,22.0318,-7.20425,2,1.65359,1.65359,1,35.6518
2288,2019-04-08,00:00:00.00,1.66117,12.2579,0,7.71606,2.46606,12.9661,7.71606,-33333.3,-33333.3,1.18028,95.5555,0.5,0,32.7205,25.0355,8.50276,23.1123,-7.0796,2,2.71302,2.71302,1,50.7136
2289,2019-04-09,00:00:00.00,1.67839,0.602849,0,8.21606,4.96606,11.4661,8.21606,-33333.3,-33333.3,1.17813,95.5655,0.5,0,32.9521,25.1894,20.9024,23.358,-7.04943,2,2.71302,2.71302,1,54.4094
2290,2019-04-10,00:00:00.00,1.6956,0,0,4.46606,2.46606,6.46606,4.46606,-33333.3,-33333.3,1.19428,95.4899,0.5,0,33.1816,25.6378,21.5953,21.5646,-7.25396,2,0.975331,0.975331,1,29.7972
2291,2019-04-11,00:00:00.00,1.71281,0,0,1.96606,-2.03394,5.96606,1.96606,-33333.3,-33333.3,1.20513,95.4383,0.5,0,33.4089,25.9748,21.8634,20.431,-7.36343,2,0,0,1,13.2144
2292,2019-04-12,00:00:00.00,1.73003,0,0,0.716056,-2.53394,3.96606,0.716056,-33333.3,-33333.3,1.21059,95.4122,0.5,0,33.634,26.23,22.0783,19.8823,-7.41046,2,0,0,1,4.84796
2293,2019-04-13,00:00:00.00,1.74724,3.01425,0,6.21606,-2.53394,14.9661,6.21606,-33333.3,-33333.3,1.18672,95.5254,0.5,0,33.8569,26.0814,21.9532,22.3874,-7.16469,2,2.16228,2.16228,1,42.3878
2294,2019-04-14,00:00:00.00,1.76446,1.2057,0,4.96606,-2.03394,11.9661,4.96606,-33333.3,-33333.3,1.19211,95.5001,0.5,0,34.0774,26.3485,22.1685,21.7972,-7.22953,2,1.31446,1.31446,1,34.1047
2295,2019-04-15,00:00:00.00,1.78167,14.9389,0.735135,0.966056,-0.0339442,1.96606,0.966056,-33333.3,-33333.3,1.20949,95.4175,0.5,0,34.2956,26.7684,22.52,19.9911,-7.40146,2,0,0,1,6.68099
2296,2019-04-16,00:00:00.00,1.79888,0,0,3.21606,-0.0339442,6.46606,3.21606,-33333.3,-33333.3,1.19969,95.4642,0.5,0,34.5114,26.8191,22.588,20.9917,-7.3113,2,0.127512,0.127512,1,22.3951
2297,2019-04-17,00:00:00.00,1.8161,2.11931,0.894933,0.466056,-3.53394,4.46606,0.466056,-33333.3,-33333.3,1.21168,95.407,0.5,0,34.7247,27.1527,22.8668,19.774,-7.41927,2,0,0,1,3.26755
2298,2019-04-18,00:00:00.00,1.83331,0.401899,0,5.21606,-3.03394,13.4661,5.21606,-33333.3,-33333.3,1.19104,95.5051,0.5,0,34.9354,27.042,22.7892,21.9142,-7.217,2,1.48402,1.48402,1,36.8154
2299,2019-04-19,00:00:00.00,1.85053,11.2532,0,10.9661,3.46606,18.4661,10.9661,-33333.3,-33333.3,1.16637,95.6197,0.5,0,35.1436,26.761,22.5345,24.7467,-6.867,2,2.71302,2.71302,1,77.9119
2300,2019-04-20,00:00:00.00,1.86774,15.2722,0,7.96606,7.96606,7.96606,7.96606,-33333.3,-33333.3,1.17921,95.5605,0.5,0,35.3491,27.1823,22.8717,23.2349,-7.06463,2,2.71302,2.71302,1,56.9666
2301,2019-04-21,00:00:00.00,1.88496,12.4589,0,4.71606,2.46606,6.96606,4.71606,-33333.3,-33333.3,1.19319,95.495,0.5,0,35.552,27.5855,23.1992,21.6806,-7.24185,2,1.14489,1.14489,1,33.942
2302,2019-04-22,00:00:00.00,1.90217,0.20095,0,8.46606,2.96606,13.9661,8.46606,-33333.3,-33333.3,1.17706,95.5704,0.5,0,35.7521,27.4733,23.1163,23.4816,-7.03401,2,2.71302,2.71302,1,61.3165
2303,2019-04-23,00:00:00.00,1.91938,0,0,10.7161,2.96606,18.4661,10.7161,-33333.3,-33333.3,1.16744,95.6148,0.5,0,35.9495,27.4416,23.0469,24.6178,-6.88476,2,2.71302,2.71302,1,78.0957
2304,2019-04-24,00:00:00.00,1.9366,7.43514,0,9.96606,5.96606,13.9661,9.96606,-33333.3,-33333.3,1.17064,95.6001,0.5,0,36.1441,27.6675,23.1902,24.2344,-6.93662,2,2.71302,2.71302,1,73.0749
2305,2019-04-25,00:00:00.00,1.95381,0,0,6.46606,0.966056,11.9661,6.46606,-33333.3,-33333.3,1.18565,95.5304,0.5,0,36.3358,28.1084,23.5638,22.5069,-7.15106,2,2.33184,2.33184,1,47.6974
2306,2019-04-26,00:00:00.00,1.97103,20.095,0,7.21606,-1.53394,15.9661,7.21606,-33333.3,-33333.3,1.18242,95.5455,0.5,0,36.5247,28.2067,23.6054,22.8686,-7.10886,2,2.71302,2.71302,1,53.5453
2307,2019-04-27,00:00:00.00,1.98824,3.81804,0,6.46606,3.46606,9.46606,6.46606,-33333.3,-33333.3,1.18565,95.5304,0.5,0,36.7107,28.4166,23.8063,22.5069,-7.15106,2,2.33184,2.33184,1,48.2597
2308,2019-04-28,00:00:00.00,2.00546,0.602849,0,1.46606,-2.03394,4.96606,1.46606,-33333.3,-33333.3,1.20731,95.4279,0.5,0,36.8937,28.8999,24.2201,20.2101,-7.38284,2,0,0,1,11.0047
2309,2019-04-29,00:00:00.00,2.02267,0,0,3.96606,-1.53394,9.46606,3.96606,-33333.3,-33333.3,1.19644,95.4796,0.5,0,37.0737,28.8925,24.2247,21.334,-7.27753,2,0.636203,0.636203,1,29.9379
2310,2019-04-30,00:00:00.00,2.03988,5.22469,0,1.71606,-3.03394,6.46606,1.71606,-33333.3,-33333.3,1.20622,95.4331,0.5,0,37.2507,29.1807,24.4549,20.3203,-7.37324,2,0,0,1,13.0253
2311,2019-05-01,00:00:00.00,2.0571,12.057,0,4.21606,0.466056,7.96606,4.21606,-33333.3,-33333.3,1.19536,95.4848,0.5,0,37.4247,29.165,24.4843,21.449,-7.26585,2,0.805767,0.805767,1,32.1746
2312,2019-05-02,00:00:00.00,2.07431,3.91852,0,6.96606,2.96606,10.9661,6.96606,-33333.3,-33333.3,1.1835,95.5405,0.5,0,37.5956,29.1044,24.4606,22.7475,-7.12315,2,0,0,1,53.4442
2313,2019-05-03,00:00:00.00,2.09153,12.1575,0,8.71606,2.96606,14.4661,8.71606,-33333.3,-33333.3,1.17599,95.5754,0.5,0,37.7634,29.0981,24.4826,23.6058,-7.01836,2,0,0,1,67.2198
2314,2019-05-04,00:00:00.00,2.10874,12.057,0,10.4661,3.96606,16.9661,10.4661,-33333.3,-33333.3,1.16851,95.6099,0.5,0,37.928,29.0753,24.4888,24.4895,-6.90229,2,0,0,1,81.1297
2315,2019-05-05,00:00:00.00,2.12595,0,0,10.2161,6.46606,13.9661,10.2161,-33333.3,-33333.3,1.16957,95.605,0.5,0,38.0895,29.2297,24.6383,24.3617,-6.91957,2,0,0,1,79.5895
2316,2019-05-06,00:00:00.00,2.14317,0,0,11.7161,4.96606,18.4661,11.7161,-33333.3,-33333.3,1.16317,95.6343,0.5,0,38.2479,29.2133,24.6246,25.1366,-6.81228,2,0.74054,0.74054,1,91.7247
2317,2019-05-07,00:00:00.00,2.16038,0.401899,0,12.2161,3.96606,20.4661,12.2161,-33333.3,-33333.3,1.16104,95.644,0.5,0,38.403,29.2879,24.674,25.3991,-6.77458,2,1.45397,1.45397,1,96.1002
2318,2019-05-08,00:00:00.00,2.1776,0,0,10.2161,5.96606,14.4661,10.2161,-33333.3,-33333.3,1.16957,95.605,0.5,0,38.5549,29.6072,24.9237,24.3617,-6.91957,2,0,0,1,80.7461
2319,2019-05-09,00:00:00.00,2.19481,0,0,7.21606,1.96606,12.4661,7.21606,-33333.3,-33333.3,1.18242,95.5455,0.5,0,38.7036,29.9901,25.246,22.8686,-7.10886,2,0,0,1,57.298
2320,2019-05-10,00:00:00.00,2.21203,12.3584,0,11.2161,4.96606,17.4661,11.2161,-33333.3,-33333.3,1.1653,95.6246,0.5,0,38.849,29.7487,25.0429,24.8761,-6.849,2,0.0271103,0.0271103,1,89.4616
2321,2019-05-11,00:00:00.00,2.22924,0,0,9.21606,7.46606,10.9661,9.21606,-33333.3,-33333.3,1.17385,95.5853,0.5,0,38.9912,30.0527,25.3221,23.8557,-6.98636,2,0,0,1,73.8338
2322,2019-05-12,00:00:00.00,2.24645,0.803799,0,6.21606,0.466056,11.9661,6.21606,-33333.3,-33333.3,1.18672,95.5254,0.5,0,39.13,30.4174,25.6293,22.3874,-7.16469,2,0,0,1,50.0143
2323,2019-05-13,00:00:00.00,2.26367,8.54036,0,5.96606,1.96606,9.96606,5.96606,-33333.3,-33333.3,1.1878,95.5203,0.5,0,39.2655,30.5473,25.7533,22.2683,-7.17809,2,0,0,1,48.205
2324,2019-05-14,00:00:00.00,2.28088,8.03799,0,5.46606,2.96606,7.96606,5.46606,-33333.3,-33333.3,1.18996,95.5102,0.5,0,39.3977,30.6933,25.8901,22.0318,-7.20425,2,0,0,1,44.3467
2325,2019-05-15,00:00:00.00,2.2981,0.20095,0,9.21606,3.46606,14.9661,9.21606,-33333.3,-33333.3,1.17385,95.5853,0.5,0,39.5266,30.4863,25.726,23.8557,-6.98636,2,0,0,1,75.0705
2326,2019-05-16,00:00:00.00,2.31531,0,0,10.9661,3.96606,17.9661,10.9661,-33333.3,-33333.3,1.16637,95.6197,0.5,0,39.6521,30.4209,25.6746,24.7467,-6.867,2,0,0,1,89.6744
2327,2019-05-17,00:00:00.00,2.33252,2.0095,0,11.2161,3.96606,18.4661,11.2161,-33333.3,-33333.3,1.1653,95.6246,0.5,0,39.7743,30.4941,25.7364,24.8761,-6.849,2,0.0271103,0.0271103,1,92.0678
2328,2019-05-18,00:00:00.00,2.34974,0,0,11.2161,7.46606,14.9661,11.2161,-33333.3,-33333.3,1.1653,95.6246,0.5,0,39.8931,30.5895,25.8232,24.8761,-6.849,2,0.0271103,0.0271103,1,92.4089
2329,2019-05-19,00:00:00.00,2.36695,0,0,9.46606,3.46606,15.4661,9.46606,-33333.3,-33333.3,1.17278,95.5902,0.5,0,40.0084,30.8523,26.0446,23.9814,-6.97001,2,0,0,1,78.2717
2330,2019-05-20,00:00:00.00,2.38417,5.42564,0,17.7161,7.46606,27.9661,17.7161,-33333.3,-33333.3,1.1376,95.7485,0.5,0,40.1204,30.0006,25.3256,28.4331,-6.29354,2,5.70744,5.70744,1,147.001
2331,2019-05-21,00:00:00.00,2.40138,0,0,12.9661,12.4661,13.4661,12.9661,-33333.3,-33333.3,1.15784,95.6585,0.5,0,40.229,30.6731,25.8113,25.7971,-6.7162,2,2.52411,2.52411,1,107.953
2332,2019-05-22,00:00:00.00,2.4186,0,0,9.71606,2.46606,16.9661,9.71606,-33333.3,-33333.3,1.17171,95.5952,0.5,0,40.3341,31.091,26.1144,24.1076,-6.95343,2,0,0,1,81.1609
2333,2019-05-23,00:00:00.00,2.43581,0.401899,0,10.7161,5.96606,15.4661,10.7161,-33333.3,-33333.3,1.16744,95.6148,0.5,0,40.4359,31.0753,26.1011,24.6178,-6.88476,2,0,0,1,89.8003
2334,2019-05-24,00:00:00.00,2.45302,3.21519,0,14.9661,7.46606,22.4661,14.9661,-33333.3,-33333.3,1.14932,95.6967,0.5,0,40.5341,30.6829,25.7792,26.8824,-6.54955,2,5.37783,5.37783,1,125.803
2335,2019-05-25,00:00:00.00,2.47024,7.63609,0,13.7161,7.96606,19.4661,13.7161,-33333.3,-33333.3,1.15464,95.6729,0.5,0,40.629,30.9066,25.9138,26.1999,-6.6556,2,3.59426,3.59426,1,115.641
2336,2019-05-26,00:00:00.00,2.48745,13.0617,0,16.4661,8.46606,24.4661,16.4661,-33333.3,-33333.3,1.14293,95.7251,0.5,0,40.7204,30.6397,25.6793,27.7197,-6.41384,2,5.70744,5.70744,1,139.228
2337,2019-05-27,00:00:00.00,2.50467,0,0,15.4661,10.9661,19.9661,15.4661,-33333.3,-33333.3,1.14719,95.7062,0.5,0,40.8083,30.8374,25.8088,27.1592,-6.50535,2,5.70744,5.70744,1,131.137
2338,2019-05-28,00:00:00.00,2.52188,5.42564,0,15.9661,9.46606,22.4661,15.9661,-33333.3,-33333.3,1.14506,95.7157,0.5,0,40.8928,30.8403,25.7023,27.4384,-6.46012,2,5.70744,5.70744,1,135.74
2339,2019-05-29,00:00:00.00,2.5391,2.8133,0,9.21606,7.46606,10.9661,9.21606,-33333.3,-33333.3,1.17385,95.5853,0.5,0,40.9738,31.6519,26.3653,23.8557,-6.98636,2,0,0,1,78.5558
2340,2019-05-30,00:00:00.00,2.55631,0.602849,0,11.9661,7.46606,16.4661,11.9661,-33333.3,-33333.3,1.1621,95.6392,0.5,0,41.0513,31.4373,26.2411,25.2676,-6.79355,2,1.09725,1.09725,1,102.25
2341,2019-05-31,00:00:00.00,2.57352,0,0,14.7161,9.46606,19.9661,14.7161,-33333.3,-33333.3,1.15038,95.692,0.5,0,41.1254,31.1804,26.0172,26.7448,-6.57127,2,5.02112,5.02112,1,126.048
2342,2019-06-01,00:00:00.00,2.59074,0,0,13.4661,5.46606,21.4661,13.4661,-33333.3,-33333.3,1.15571,95.6681,0.5,0,41.196,31.3848,26.0901,26.0651,-6.67605,2,3.23754,3.23754,1,115.604
2343,2019-06-02,00:00:00.00,2.60795,2.21045,0,16.2161,9.46606,22.9661,16.2161,-33333.3,-33333.3,1.14399,95.7204,0.5,0,41.263,31.0985,25.7898,27.5788,-6.43711,2,0.352557,0.352557,1,139.516
2344,2019-06-03,00:00:00.00,2.62517,0,0,12.9661,8.96606,16.9661,12.9661,-33333.3,-33333.3,1.15784,95.6585,0.5,0,41.3266,31.5454,26.1968,25.7971,-6.7162,2,0,0,1,111.786
2345,2019-06-04,00:00:00.00,2.64238,0,0,8.96606,3.96606,13.9661,8.96606,-33333.3,-33333.3,1.17492,95.5804,0.5,0,41.3868,32.0061,26.5793,23.7305,-7.00247,2,0,0,1,77.4533
2346,2019-06-05,00:00:00.00,2.65959,0.20095,0,12.4661,3.96606,20.9661,12.4661,-33333.3,-33333.3,1.15997,95.6488,0.5,0,41.4434,31.6939,26.3201,25.5313,-6.75537,2,0,0,1,107.89
2347,2019-06-06,00:00:00.00,2.67681,3.81804,0,13.2161,7.46606,18.9661,13.2161,-33333.3,-33333.3,1.15677,95.6633,0.5,0,41.4965,31.6512,26.2886,25.9308,-6.69625,2,0,0,1,114.584
2348,2019-06-07,00:00:00.00,2.69402,0,0,18.4661,12.9661,23.9661,18.4661,-33333.3,-33333.3,1.1344,95.7625,0.5,0,41.5461,31.0076,25.8271,28.8681,-6.21816,2,4.64041,4.64041,1,160.369
2349,2019-06-08,00:00:00.00,2.71124,0,0,17.4661,9.96606,24.9661,17.4661,-33333.3,-33333.3,1.13866,95.7438,0.5,0,41.5922,31.1862,25.8862,28.2893,-6.31813,2,2.7347,2.7347,1,151.923
2350,2019-06-09,00:00:00.00,2.72845,0,0,18.2161,11.9661,24.4661,18.2161,-33333.3,-33333.3,1.13546,95.7578,0.5,0,41.6348,31.1128,25.7725,28.7225,-6.24356,2,4.16398,4.16398,1,158.679
2351,2019-06-10,00:00:00.00,2.74567,0.502374,0,18.9661,11.9661,25.9661,18.9661,-33333.3,-33333.3,1.13226,95.7717,0.5,0,41.6739,31.0329,25.6263,29.1609,-6.16655,2,5.59327,5.59327,1,165.439
2352,2019-06-11,00:00:00.00,2.76288,8.64084,0,17.2161,15.4661,18.9661,17.2161,-33333.3,-33333.3,1.13973,95.7392,0.5,0,41.7095,31.3124,25.7584,28.1461,-6.34246,2,2.25827,2.25827,1,150.364
2353,2019-06-12,00:00:00.00,2.78009,0,0,13.9661,7.96606,19.9661,13.9661,-33333.3,-33333.3,1.15358,95.6777,0.5,0,41.7416,31.7566,26.2482,26.3353,-6.63489,2,0,0,1,122.121
2354,2019-06-13,00:00:00.00,2.79731,8.43989,0,14.9661,7.46606,22.4661,14.9661,-33333.3,-33333.3,1.14932,95.6967,0.5,0,41.7702,31.6566,26.1656,26.8824,-6.54955,2,0,0,1,131.004
2355,2019-06-14,00:00:00.00,2.81452,6.83229,0,14.2161,10.9661,17.4661,14.2161,-33333.3,-33333.3,1.15251,95.6825,0.5,0,41.7953,31.7688,26.3898,26.4712,-6.61394,2,0,0,1,124.559
2356,2019-06-15,00:00:00.00,2.83174,0.803799,0,13.9661,6.96606,20.9661,13.9661,-33333.3,-33333.3,1.15358,95.6777,0.5,0,41.8169,31.816,26.5277,26.3353,-6.63489,2,0,0,1,122.473
2357,2019-06-16,00:00:00.00,2.84895,0.401899,0,12.9661,8.46606,17.4661,12.9661,-33333.3,-33333.3,1.15784,95.6585,0.5,0,41.835,31.9475,26.6532,25.7971,-6.7162,2,0,0,1,113.79
2358,2019-06-17,00:00:00.00,2.86617,0,0,14.2161,8.46606,19.9661,14.2161,-33333.3,-33333.3,1.15251,95.6825,0.5,0,41.8496,31.8116,26.5478,26.4712,-6.61394,2,0,0,1,124.843
2359,2019-06-18,00:00:00.00,2.88338,0,0,16.4661,10.9661,21.9661,16.4661,-33333.3,-33333.3,1.14293,95.7251,0.5,0,41.8607,31.5328,26.3151,27.7197,-6.41384,2,0.828985,0.828985,1,144.682
2360,2019-06-19,00:00:00.00,2.90059,0,0,19.2161,13.9661,24.4661,19.2161,-33333.3,-33333.3,1.13119,95.7763,0.5,0,41.8683,31.1458,25.9761,29.3082,-6.14033,2,6.0697,6.0697,1,168.922
2361,2019-06-20,00:00:00.00,2.91781,0.803799,0,19.7161,13.9661,25.4661,19.7161,-33333.3,-33333.3,1.12906,95.7856,0.5,0,41.8723,31.0724,25.7981,29.6046,-6.08708,2,7.02255,7.02255,1,173.379
2362,2019-06-21,00:00:00.00,2.93502,7.23419,0,18.2161,15.4661,20.9661,18.2161,-33333.3,-33333.3,1.13546,95.7578,0.5,0,41.8729,31.298,25.8649,28.7225,-6.24356,2,4.16398,4.16398,1,160.229
2363,2019-06-22,00:00:00.00,2.95224,0,0,16.4661,11.9661,20.9661,16.4661,-33333.3,-33333.3,1.14293,95.7251,0.5,0,41.87,31.5405,26.1253,27.7197,-6.41384,2,0.828985,0.828985,1,144.858
2364,2019-06-23,00:00:00.00,2.96945,0,0,16.9661,10.4661,23.4661,16.9661,-33333.3,-33333.3,1.1408,95.7345,0.5,0,41.8636,31.4677,26.0488,28.0034,-6.36652,2,1.78184,1.78184,1,149.264
2365,2019-06-24,00:00:00.00,2.98666,0,0,18.4661,10.9661,25.9661,18.4661,-33333.3,-33333.3,1.1344,95.7625,0.5,0,41.8537,31.2471,25.8317,28.8681,-6.21816,2,4.64041,4.64041,1,162.453
2366,2019-06-25,00:00:00.00,3.00388,10.8513,0,19.7161,13.4661,25.9661,19.7161,-33333.3,-33333.3,1.12906,95.7856,0.5,0,41.8404,31.0485,25.5784,29.6046,-6.08708,2,7.02255,7.02255,1,173.423
2367,2019-06-26,00:00:00.00,3.02109,0,0,19.9661,16.4661,23.4661,19.9661,-33333.3,-33333.3,1.12799,95.7902,0.5,0,41.8235,30.9969,25.5812,29.7536,-6.06004,2,7.49898,7.49898,1,175.578
2368,2019-06-27,00:00:00.00,3.03831,0,0,20.4661,14.9661,25.9661,20.4661,-33333.3,-33333.3,1.12585,95.7993,0.5,0,41.8032,30.9025,25.3598,30.0535,-6.00513,2,7.62285,7.62285,1,179.911
2369,2019-06-28,00:00:00.00,3.05552,0,0,21.4661,13.9661,28.9661,21.4661,-33333.3,-33333.3,1.12156,95.8176,0.5,0,41.7793,30.7217,25.0664,30.6605,-5.89193,2,7.62285,7.62285,1,188.616
2370,2019-06-29,00:00:00.00,3.07274,10.6503,0,20.9661,14.9661,26.9661,20.9661,-33333.3,-33333.3,1.1237,95.8085,0.5,0,41.752,30.7832,24.9758,30.3558,-5.94909,2,7.62285,7.62285,1,184.12
2371,2019-06-30,00:00:00.00,3.08995,0,0,21.7161,16.4661,26.9661,21.7161,-33333.3,-33333.3,1.12049,95.8221,0.5,0,41.7213,30.6361,24.9286,30.8137,-5.86293,2,7.62285,7.62285,1,190.581
2372,2019-07-01,00:00:00.00,3.10716,0,0,18.9661,14.9661,22.9661,18.9661,-33333.3,-33333.3,1.13226,95.7717,0.5,0,41.6871,31.0457,25.1292,29.1609,-6.16655,2,5.59327,5.59327,1,166.32
2373,2019-07-02,00:00:00.00,3.12438,0,0,19.4661,11.4661,27.4661,19.4661,-33333.3,-33333.3,1.13013,95.781,0.5,0,41.6494,30.9414,24.9608,29.4561,-6.11385,2,2.00998,2.00998,1,170.558
2374,2019-07-03,00:00:00.00,3.14159,2.61235,0,19.7161,15.4661,23.9661,19.7161,-33333.3,-33333.3,1.12906,95.7856,0.5,0,41.6082,30.8716,24.8774,29.6046,-6.08708,2,2.52013,2.52013,1,172.582
2375,2019-07-04,00:00:00.00,3.15881,0,0,23.4661,17.4661,29.4661,23.4661,-33333.3,-33333.3,1.11295,95.8537,0.5,0,41.5637,30.214,24.3634,31.9032,-5.65183,2,8.16235,8.16235,1,205.189
2376,2019-07-05,00:00:00.00,3.17602,0,0,22.9661,15.9661,29.9661,22.9661,-33333.3,-33333.3,1.11511,95.8447,0.5,0,41.5156,30.2665,24.2992,31.5889,-5.71359,2,8.16235,8.16235,1,200.584
2377,2019-07-06,00:00:00.00,3.19324,0,0,25.2161,18.4661,31.9661,25.2161,-33333.3,-33333.3,1.10538,95.885,0.5,0,41.4641,29.816,23.8478,33.0228,-5.42638,2,8.16235,8.16235,1,219.957
2378,2019-07-07,00:00:00.00,3.21045,0,0,26.4661,20.9661,31.9661,26.4661,-33333.3,-33333.3,1.09995,95.9071,0.5,0,41.4092,29.5313,23.5441,33.8412,-5.25634,2,8.16235,8.16235,1,230.545
2379,2019-07-08,00:00:00.00,3.22766,0,0,20.7161,16.4661,24.9661,20.7161,-33333.3,-33333.3,1.12478,95.8039,0.5,0,41.3509,30.5182,24.2637,30.2044,-5.97725,2,4.56071,4.56071,1,180.192
2380,2019-07-09,00:00:00.00,3.24488,0,0,19.7161,12.9661,26.4661,19.7161,-33333.3,-33333.3,1.12906,95.7856,0.5,0,41.2892,30.6272,24.318,29.6046,-6.08708,2,2.52013,2.52013,1,171.225
2381,2019-07-10,00:00:00.00,3.26209,0,0,19.9661,12.9661,26.9661,19.9661,-33333.3,-33333.3,1.12799,95.7902,0.5,0,41.224,30.5388,24.2315,29.7536,-6.06004,2,3.03027,3.03027,1,173.107
2382,2019-07-11,00:00:00.00,3.27931,4.01899,0,22.4661,14.4661,30.4661,22.4661,-33333.3,-33333.3,1.11726,95.8357,0.5,0,41.1554,30.0805,23.8493,31.277,-5.77419,2,8.13174,8.13174,1,194.437
2383,2019-07-12,00:00:00.00,3.29652,0,0,22.4661,16.9661,27.9661,22.4661,-33333.3,-33333.3,1.11726,95.8357,0.5,0,41.0834,30.0259,23.8274,31.277,-5.77419,2,8.13174,8.13174,1,194.073
2384,2019-07-13,00:00:00.00,3.31373,0,0,18.4661,14.9661,21.9661,18.4661,-33333.3,-33333.3,1.1344,95.7625,0.5,0,41.0081,30.5962,24.2291,28.8681,-6.21816,2,0,0,1,159.204
2385,2019-07-14,00:00:00.00,3.33095,0,0,20.4661,12.9661,27.9661,20.4661,-33333.3,-33333.3,1.12585,95.7993,0.5,0,40.9293,30.235,23.943,30.0535,-6.00513,2,4.05057,4.05057,1,176.081
2386,2019-07-15,00:00:00.00,3.34816,0,0,19.2161,12.9661,25.4661,19.2161,-33333.3,-33333.3,1.13119,95.7763,0.5,0,40.8472,30.3622,24.0222,29.3082,-6.14033,2,1.49983,1.49983,1,164.967
2387,2019-07-16,00:00:00.00,3.36538,1.6076,0,19.4661,11.9661,26.9661,19.4661,-33333.3,-33333.3,1.13013,95.781,0.5,0,40.7617,30.259,23.9331,29.4561,-6.11385,2,2.00998,2.00998,1,166.733
2388,2019-07-17,00:00:00.00,3.38259,4.62184,0,22.2161,14.9661,29.4661,22.2161,-33333.3,-33333.3,1.11834,95.8312,0.5,0,40.6728,29.7555,23.5542,31.122,-5.80406,2,7.6216,7.6216,1,189.835
2389,2019-07-18,00:00:00.00,3.39981,2.0095,0,24.4661,20.9661,27.9661,24.4661,-33333.3,-33333.3,1.10863,95.8716,0.5,0,40.5806,29.2926,23.2267,32.5393,-5.52479,2,8.16235,8.16235,1,208.544
2390,2019-07-19,00:00:00.00,3.41702,0,0,22.9661,17.4661,28.4661,22.9661,-33333.3,-33333.3,1.11511,95.8447,0.5,0,40.4851,29.4853,23.3664,31.5889,-5.71359,2,8.16235,8.16235,1,195.253
2391,2019-07-20,00:00:00.00,3.43423,0,0,24.9661,20.4661,29.4661,24.9661,-33333.3,-33333.3,1.10647,95.8805,0.5,0,40.3862,29.0541,22.9807,32.861,-5.45948,2,8.16235,8.16235,1,211.688
2392,2019-07-21,00:00:00.00,3.45145,8.03799,0,26.9661,21.9661,31.9661,26.9661,-33333.3,-33333.3,1.09776,95.9158,0.5,0,40.284,28.5947,22.5802,34.173,-5.18619,2,8.16235,8.16235,1,228.01
2393,2019-07-22,00:00:00.00,3.46866,0,0,22.7161,18.9661,26.4661,22.7161,-33333.3,-33333.3,1.11619,95.8402,0.5,0,40.1785,29.2939,23.2317,31.4326,-5.74404,2,8.16235,8.16235,1,191.52
2394,2019-07-23,00:00:00.00,3.48588,1.2057,0,19.9661,15.9661,23.9661,19.9661,-33333.3,-33333.3,1.12799,95.7902,0.5,0,40.0697,29.6488,23.4658,29.7536,-6.06004,2,3.03027,3.03027,1,167.833
2395,2019-07-24,00:00:00.00,3.50309,0,0,18.4661,11.9661,24.9661,18.4661,-33333.3,-33333.3,1.1344,95.7625,0.5,0,39.9576,29.7801,23.576,28.8681,-6.21816,2,0,0,1,154.745
2396,2019-07-25,00:00:00.00,3.52031,0,0,18.9661,12.9661,24.9661,18.9661,-33333.3,-33333.3,1.13226,95.7717,0.5,0,39.8423,29.6191,23.4485,29.1609,-6.16655,2,0.989685,0.989685,1,158.429
2397,2019-07-26,00:00:00.00,3.53752,0,0,19.9661,12.4661,27.4661,19.9661,-33333.3,-33333.3,1.12799,95.7902,0.5,0,39.7236,29.3804,23.2545,29.7536,-6.06004,2,3.03027,3.03027,1,166.234
2398,2019-07-27,00:00:00.00,3.55473,0,0,21.4661,14.4661,28.4661,21.4661,-33333.3,-33333.3,1.12156,95.8176,0.5,0,39.6018,29.0552,22.9822,30.6605,-5.89193,2,6.09115,6.09115,1,178.117
2399,2019-07-28,00:00:00.00,3.57195,0,0,21.4661,14.9661,27.9661,21.4661,-33333.3,-33333.3,1.12156,95.8176,0.5,0,39.4767,28.9585,22.8776,30.6605,-5.89193,2,6.09115,6.09115,1,177.496
2400,2019-07-29,00:00:00.00,3.58916,0,0,23.9661,18.9661,28.9661,23.9661,-33333.3,-33333.3,1.1108,95.8627,0.5,0,39.3484,28.445,22.4472,32.22,-5.5889,2,8.16235,8.16235,1,197.456
2401,2019-07-30,00:00:00.00,3.60638,12.057,0,23.7161,17.9661,29.4661,23.7161,-33333.3,-33333.3,1.11188,95.8582,0.5,0,39.2168,28.3875,22.3725,32.0613,-5.62052,2,8.16235,8.16235,1,194.675
2402,2019-07-31,00:00:00.00,3.62359,0,0,23.2161,18.9661,27.4661,23.2161,-33333.3,-33333.3,1.11403,95.8492,0.5,0,39.0821,28.3691,22.5233,31.7458,-5.68286,2,8.16235,8.16235,1,189.848
2403,2019-08-01,00:00:00.00,3.6408,0,0,18.9661,12.4661,25.4661,18.9661,-33333.3,-33333.3,1.13226,95.7717,0.5,0,38.9442,28.9175,22.9086,29.1609,-6.16655,2,0.989685,0.989685,1,154.49
2404,2019-08-02,00:00:00.00,3.65802,0,0,18.7161,12.4661,24.9661,18.7161,-33333.3,-33333.3,1.13333,95.7671,0.5,0,38.8032,28.8418,22.8435,29.0142,-6.19249,2,1.70531,1.70531,1,151.845
2405,2019-08-03,00:00:00.00,3.67523,0,0,20.2161,12.9661,27.4661,20.2161,-33333.3,-33333.3,1.12692,95.7948,0.5,0,38.659,28.5142,22.5753,29.9033,-6.03272,2,4.32081,4.32081,1,163.343
2406,2019-08-04,00:00:00.00,3.69245,0,0,20.9661,13.4661,28.4661,20.9661,-33333.3,-33333.3,1.1237,95.8085,0.5,0,38.5117,28.2872,22.3745,30.3558,-5.94909,2,5.62856,5.62856,1,168.693
2407,2019-08-05,00:00:00.00,3.70966,0,0,21.2161,15.4661,26.9661,21.2161,-33333.3,-33333.3,1.12263,95.813,0.5,0,38.3614,28.132,22.2264,30.5078,-5.92065,2,6.06448,6.06448,1,169.971
2408,2019-08-06,00:00:00.00,3.72688,2.61235,0,21.2161,12.9661,29.4661,21.2161,-33333.3,-33333.3,1.12263,95.813,0.5,0,38.2079,28.0124,22.1076,30.5078,-5.92065,2,6.06448,6.06448,1,169.224
2409,2019-08-07,00:00:00.00,3.74409,6.83229,0,20.4661,15.9661,24.9661,20.4661,-33333.3,-33333.3,1.12585,95.7993,0.5,0,38.0514,28.0024,22.1199,30.0535,-6.00513,2,4.75673,4.75673,1,162.507
2410,2019-08-08,00:00:00.00,3.7613,0,0,21.4661,15.9661,26.9661,21.4661,-33333.3,-33333.3,1.12156,95.8176,0.5,0,37.8918,27.7279,21.9952,30.6605,-5.89193,2,6.5004,6.5004,1,169.664
2411,2019-08-09,00:00:00.00,3.77852,10.0475,0,18.9661,14.4661,23.4661,18.9661,-33333.3,-33333.3,1.13226,95.7717,0.5,0,37.7293,27.9625,22.1449,29.1609,-6.16655,2,2.14123,2.14123,1,149.201
2412,2019-08-10,00:00:00.00,3.79573,0,0,17.9661,11.9661,23.9661,17.9661,-33333.3,-33333.3,1.13653,95.7532,0.5,0,37.5637,27.9657,22.3066,28.5775,-6.26868,2,0.397557,0.397557,1,140.656
2413,2019-08-11,00:00:00.00,3.81295,0,0,16.4661,9.96606,22.9661,16.4661,-33333.3,-33333.3,1.14293,95.7251,0.5,0,37.3952,28.0215,22.3479,27.7197,-6.41384,2,0,0,1,128.281
2414,2019-08-12,00:00:00.00,3.83016,2.0095,0,17.9661,9.96606,25.9661,17.9661,-33333.3,-33333.3,1.13653,95.7532,0.5,0,37.2238,27.6963,22.0886,28.5775,-6.26868,2,0.397557,0.397557,1,139.267
2415,2019-08-13,00:00:00.00,3.84738,0,0,19.4661,11.9661,26.9661,19.4661,-33333.3,-33333.3,1.13013,95.781,0.5,0,37.0494,27.3576,21.8493,29.4561,-6.11385,2,3.01306,3.01306,1,150.126
2416,2019-08-14,00:00:00.00,3.86459,0,0,21.2161,14.4661,27.9661,21.2161,-33333.3,-33333.3,1.12263,95.813,0.5,0,36.8722,26.9682,21.5143,30.5078,-5.92065,2,6.06448,6.06448,1,162.771
2417,2019-08-15,00:00:00.00,3.8818,0,0,19.4661,13.9661,24.9661,19.4661,-33333.3,-33333.3,1.13013,95.781,0.5,0,36.6921,27.0755,21.5539,29.4561,-6.11385,2,3.01306,3.01306,1,148.554
2418,2019-08-16,00:00:00.00,3.89902,0,0,17.4661,12.4661,22.4661,17.4661,-33333.3,-33333.3,1.13866,95.7438,0.5,0,36.5092,27.1923,21.6263,28.2893,-6.31813,2,0,0,1,132.572
2419,2019-08-17,00:00:00.00,3.91623,20.095,0,16.7161,12.4661,20.9661,16.7161,-33333.3,-33333.3,1.14186,95.7298,0.5,0,36.3236,27.1363,21.5817,27.8613,-6.39031,2,0,0,1,126.182
2420,2019-08-18,00:00:00.00,3.93345,2.21045,0,22.9661,14.4661,31.4661,22.9661,-33333.3,-33333.3,1.11511,95.8447,0.5,0,36.1351,26.1262,21.1025,31.5889,-5.71359,2,6.97468,6.97468,1,172.39
2421,2019-08-19,00:00:00.00,3.95066,45.0127,0,22.2161,15.9661,28.4661,22.2161,-33333.3,-33333.3,1.11834,95.8312,0.5,0,35.944,26.0917,21.0258,31.122,-5.80406,2,6.97468,6.97468,1,165.81
2422,2019-08-20,00:00:00.00,3.96787,0,0,21.7161,17.9661,25.4661,21.7161,-33333.3,-33333.3,1.12049,95.8221,0.5,0,35.7502,26.0141,21.2922,30.8137,-5.86293,2,6.93632,6.93632,1,161.14
2423,2019-08-21,00:00:00.00,3.98509,2.0095,0,20.2161,12.9661,27.4661,20.2161,-33333.3,-33333.3,1.12692,95.7948,0.5,0,35.5538,26.0728,21.2281,29.9033,-6.03272,2,4.32081,4.32081,1,149.125
2424,2019-08-22,00:00:00.00,4.0023,0.803799,0,21.7161,15.9661,27.4661,21.7161,-33333.3,-33333.3,1.12049,95.8221,0.5,0,35.3547,25.7034,20.8952,30.8137,-5.86293,2,6.93632,6.93632,1,159.23
2425,2019-08-23,00:00:00.00,4.01952,0,0,17.9661,13.9661,21.9661,17.9661,-33333.3,-33333.3,1.13653,95.7532,0.5,0,35.1531,26.0488,21.0894,28.5775,-6.26868,2,0.397557,0.397557,1,130.932
2426,2019-08-24,00:00:00.00,4.03673,0,0,16.2161,11.4661,20.9661,16.2161,-33333.3,-33333.3,1.14399,95.7204,0.5,0,34.949,26.0937,21.1206,27.5788,-6.43711,2,0,0,1,117.447
2427,2019-08-25,00:00:00.00,4.05395,0,0,15.4661,8.96606,21.9661,15.4661,-33333.3,-33333.3,1.14719,95.7062,0.5,0,34.7424,26.0117,21.0542,27.1592,-6.50535,2,0,0,1,111.311
2428,2019-08-26,00:00:00.00,4.07116,0,0,16.9661,10.9661,22.9661,16.9661,-33333.3,-33333.3,1.1408,95.7345,0.5,0,34.5334,25.6734,20.7803,28.0034,-6.36652,2,0,0,1,121.327
2429,2019-08-27,00:00:00.00,4.08837,2.8133,0,17.9661,12.4661,23.4661,17.9661,-33333.3,-33333.3,1.13653,95.7532,0.5,0,34.322,25.3848,20.5467,28.5775,-6.26868,2,0.397557,0.397557,1,127.646
2430,2019-08-28,00:00:00.00,4.10559,32.7548,0,17.4661,13.9661,20.9661,17.4661,-33333.3,-33333.3,1.13866,95.7438,0.5,0,34.1082,25.2737,20.4958,28.2893,-6.31813,2,0,0,1,123.277
2431,2019-08-29,00:00:00.00,4.1228,0,0,18.7161,13.9661,23.4661,18.7161,-33333.3,-33333.3,1.13333,95.7671,0.5,0,33.8922,24.9491,20.5246,29.0142,-6.19249,2,1.70531,1.70531,1,131.218
2432,2019-08-30,00:00:00.00,4.14002,0.602849,0,17.7161,12.9661,22.4661,17.7161,-33333.3,-33333.3,1.1376,95.7485,0.5,0,33.674,24.896,20.4546,28.4331,-6.29354,2,0,0,1,123.366
2433,2019-08-31,00:00:00.00,4.15723,0,0,16.9661,11.9661,21.9661,16.9661,-33333.3,-33333.3,1.1408,95.7345,0.5,0,33.4535,24.8064,20.3901,28.0034,-6.36652,2,0,0,1,117.332
2434,2019-09-01,00:00:00.00,4.17445,0,0,15.2161,9.96606,20.4661,15.2161,-33333.3,-33333.3,1.14825,95.7015,0.5,0,33.231,24.8188,20.4002,27.0205,-6.52758,2,0,0,1,104.497
2435,2019-09-02,00:00:00.00,4.19166,2.0095,0,13.9661,10.4661,17.4661,13.9661,-33333.3,-33333.3,1.15358,95.6777,0.5,0,33.0063,24.7642,20.3553,26.3353,-6.63489,2,0,0,1,95.2357
2436,2019-09-03,00:00:00.00,4.20887,0,0,17.4661,12.9661,21.9661,17.4661,-33333.3,-33333.3,1.13866,95.7438,0.5,0,32.7797,24.2078,19.928,28.2893,-6.31813,2,3.87851,3.87851,1,118.251
2437,2019-09-04,00:00:00.00,4.22609,1.40665,0,16.4661,9.96606,22.9661,16.4661,-33333.3,-33333.3,1.14293,95.7251,0.5,0,32.5511,24.136,19.8108,27.7197,-6.41384,2,2.68696,2.68696,1,110.672
2438,2019-09-05,00:00:00.00,4.2433,0,0,14.9661,12.4661,17.4661,14.9661,-33333.3,-33333.3,1.14932,95.6967,0.5,0,32.3206,24.1079,19.7686,26.8824,-6.54955,2,0.899625,0.899625,1,99.8522
2439,2019-09-06,00:00:00.00,4.26052,0,0,14.7161,7.46606,21.9661,14.7161,-33333.3,-33333.3,1.15038,95.692,0.5,0,32.0883,23.9449,19.6215,26.7448,-6.57127,2,0.601736,0.601736,1,97.4544
2440,2019-09-07,00:00:00.00,4.27773,1.50712,0,13.9661,8.96606,18.9661,13.9661,-33333.3,-33333.3,1.15358,95.6777,0.5,0,31.8542,23.8284,19.5171,26.3353,-6.63489,2,0,0,1,91.7916
2441,2019-09-08,00:00:00.00,4.29494,2.0095,0,16.2161,10.9661,21.4661,16.2161,-33333.3,-33333.3,1.14399,95.7204,0.5,0,31.6185,23.4104,19.1966,27.5788,-6.43711,2,2.38907,2.38907,1,105.768
2442,2019-09-09,00:00:00.00,4.31216,0,0,13.2161,9.96606,16.4661,13.2161,-33333.3,-33333.3,1.15677,95.6633,0.5,0,31.381,23.5137,19.2757,25.9308,-6.69625,2,0,0,1,85.5358
2443,2019-09-10,00:00:00.00,4.32937,0,0,12.4661,6.46606,18.4661,12.4661,-33333.3,-33333.3,1.15997,95.6488,0.5,0,31.1421,23.3863,19.1712,25.5313,-6.75537,2,0,0,1,80.0523
2444,2019-09-11,00:00:00.00,4.34659,26.1235,0,15.7161,6.96606,24.4661,15.7161,-33333.3,-33333.3,1.14612,95.711,0.5,0,30.9016,22.8827,18.7584,27.2985,-6.48287,2,1.79329,1.79329,1,100.126
2445,2019-09-12,00:00:00.00,4.3638,5.02374,0,18.4661,10.4661,26.4661,18.4661,-33333.3,-33333.3,1.1344,95.7625,0.5,0,30.6597,22.3917,18.509,28.8681,-6.21816,2,4.76622,4.76622,1,116.707
2446,2019-09-13,00:00:00.00,4.38102,0.20095,0,15.4661,11.9661,18.9661,15.4661,-33333.3,-33333.3,1.14719,95.7062,0.5,0,30.4165,22.515,18.6145,27.1592,-6.50535,2,1.4954,1.4954,1,96.9581
2447,2019-09-14,00:00:00.00,4.39823,10.8513,0,14.4661,9.46606,19.4661,14.4661,-33333.3,-33333.3,1.15145,95.6872,0.5,0,30.172,22.4134,18.5125,26.6077,-6.59273,2,0.303847,0.303847,1,89.9491
2448,2019-09-15,00:00:00.00,4.41544,0,0,15.9661,11.9661,19.9661,15.9661,-33333.3,-33333.3,1.14506,95.7157,0.5,0,29.9263,22.0682,18.3229,27.4384,-6.46012,2,2.09118,2.09118,1,98.4574
2449,2019-09-16,00:00:00.00,4.43266,9.44464,0,13.4661,9.96606,16.9661,13.4661,-33333.3,-33333.3,1.15571,95.6681,0.5,0,29.6794,22.1043,18.3241,26.0651,-6.67605,2,0,0,1,82.3488
2450,2019-09-17,00:00:00.00,4.44987,3.61709,0,14.2161,10.9661,17.4661,14.2161,-33333.3,-33333.3,1.15251,95.6825,0.5,0,29.4315,21.8347,18.1802,26.4712,-6.61394,2,0.00595778,0.00595778,1,86.2034
2451,2019-09-18,00:00:00.00,4.46709,0,0,16.4661,9.96606,22.9661,16.4661,-33333.3,-33333.3,1.14293,95.7251,0.5,0,29.1827,21.4168,17.8802,27.7197,-6.41384,2,2.68696,2.68696,1,98.998
2452,2019-09-19,00:00:00.00,4.4843,0,0,16.4661,9.96606,22.9661,16.4661,-33333.3,-33333.3,1.14293,95.7251,0.5,0,28.9329,21.215,17.6763,27.7197,-6.41384,2,2.68696,2.68696,1,98.148
2453,2019-09-20,00:00:00.00,4.50151,0,0,16.9661,10.9661,22.9661,16.9661,-33333.3,-33333.3,1.1408,95.7345,0.5,0,28.6824,20.9624,17.4308,28.0034,-6.36652,2,3.28274,3.28274,1,100.252
2454,2019-09-21,00:00:00.00,4.51873,0,0,18.2161,10.4661,25.9661,18.2161,-33333.3,-33333.3,1.13546,95.7578,0.5,0,28.4311,20.6302,17.1126,28.7225,-6.24356,2,4.76622,4.76622,1,106.696
2455,2019-09-22,00:00:00.00,4.53594,2.21045,0,20.7161,13.9661,27.4661,20.7161,-33333.3,-33333.3,1.12478,95.8039,0.5,0,28.1792,20.1497,16.6545,30.2044,-5.97725,2,4.76622,4.76622,1,120.267
2456,2019-09-23,00:00:00.00,4.55316,1.6076,0,21.7161,15.9661,27.4661,21.7161,-33333.3,-33333.3,1.12049,95.8221,0.5,0,27.9268,19.8303,16.359,30.8137,-5.86293,2,4.76622,4.76622,1,124.949
2457,2019-09-24,00:00:00.00,4.57037,1.6076,0,19.7161,17.9661,21.4661,19.7161,-33333.3,-33333.3,1.12906,95.7856,0.5,0,27.6738,19.8608,16.3451,29.6046,-6.08708,2,4.76622,4.76622,1,112.422
2458,2019-09-25,00:00:00.00,4.58759,0,0,14.9661,9.96606,19.9661,14.9661,-33333.3,-33333.3,1.14932,95.6967,0.5,0,27.4205,20.1324,16.5291,26.8824,-6.54955,2,0.899625,0.899625,1,84.5638
2459,2019-09-26,00:00:00.00,4.6048,1.6076,0,16.4661,8.96606,23.9661,16.4661,-33333.3,-33333.3,1.14293,95.7251,0.5,0,27.1669,19.7881,16.2354,27.7197,-6.41384,2,2.68696,2.68696,1,92.1888
2460,2019-09-27,00:00:00.00,4.62201,0,0,15.4661,11.9661,18.9661,15.4661,-33333.3,-33333.3,1.14719,95.7062,0.5,0,26.9131,19.6757,16.13,27.1592,-6.50535,2,1.4954,1.4954,1,85.7921
2461,2019-09-28,00:00:00.00,4.63923,3.81804,0,13.2161,5.46606,20.9661,13.2161,-33333.3,-33333.3,1.15677,95.6633,0.5,0,26.6592,19.6626,16.1009,25.9308,-6.69625,2,0,0,1,72.6302
2462,2019-09-29,00:00:00.00,4.65644,3.01425,0,12.7161,7.96606,17.4661,12.7161,-33333.3,-33333.3,1.15891,95.6537,0.5,0,26.4052,19.4954,16.01,25.6639,-6.73591,2,0,0,1,69.2284
2463,2019-09-30,00:00:00.00,4.67366,0.20095,0,9.46606,6.46606,12.4661,9.46606,-33333.3,-33333.3,1.17278,95.5902,0.5,0,26.1514,19.5246,16.0703,23.9814,-6.97001,2,0,0,1,51.049
2464,2019-10-01,00:00:00.00,4.69087,0,0,13.4661,6.96606,19.9661,13.4661,-33333.3,-33333.3,1.15571,95.6681,0.5,0,25.8976,19.0216,15.6586,26.0651,-6.67605,2,0,0,1,71.9307
2465,2019-10-02,00:00:00.00,4.70809,13.5641,0,18.7161,9.96606,27.4661,18.7161,-33333.3,-33333.3,1.13333,95.7671,0.5,0,25.6441,18.3429,15.1,29.0142,-6.19249,2,2.35594,2.35594,1,99.0183
2466,2019-10-03,00:00:00.00,4.7253,2.4114,0,14.7161,14.4661,14.9661,14.7161,-33333.3,-33333.3,1.15038,95.692,0.5,0,25.391,18.5068,15.3129,26.7448,-6.57127,2,2.35594,2.35594,1,77.1066
2467,2019-10-04,00:00:00.00,4.74251,2.4114,0,7.46606,4.96606,9.96606,7.46606,-33333.3,-33333.3,1.18135,95.5505,0.5,0,25.1383,18.8159,15.5692,22.9902,-7.09434,2,0.0371061,0.0371061,1,38.7403
2468,2019-10-05,00:00:00.00,4.75973,0,0,7.46606,4.96606,9.96606,7.46606,-33333.3,-33333.3,1.18135,95.5505,0.5,0,24.8861,18.6076,15.4242,22.9902,-7.09434,2,0.0371061,0.0371061,1,38.3626
2469,2019-10-06,00:00:00.00,4.77694,1.2057,0,6.96606,0.966056,12.9661,6.96606,-33333.3,-33333.3,1.1835,95.5405,0.5,0,24.6345,18.4287,15.2755,22.7475,-7.12315,2,0,0,1,35.4425
2470,2019-10-07,00:00:00.00,4.79416,0,0,11.2161,3.96606,18.4661,11.2161,-33333.3,-33333.3,1.1653,95.6246,0.5,0,24.3836,17.9536,14.895,24.8761,-6.849,2,2.2458,2.2458,1,56.5031
2471,2019-10-08,00:00:00.00,4.81137,0,0,12.2161,7.46606,16.9661,12.2161,-33333.3,-33333.3,1.16104,95.644,0.5,0,24.1335,17.6783,14.6419,25.3991,-6.77458,2,2.35594,2.35594,1,60.9305
2472,2019-10-09,00:00:00.00,4.82858,0,0,10.7161,3.96606,17.4661,10.7161,-33333.3,-33333.3,1.16744,95.6148,0.5,0,23.8843,17.5788,14.5338,24.6178,-6.88476,2,1.95131,1.95131,1,52.9161
2473,2019-10-10,00:00:00.00,4.8458,0,0,10.9661,3.96606,17.9661,10.9661,-33333.3,-33333.3,1.16637,95.6197,0.5,0,23.6361,17.3588,14.3308,24.7467,-6.867,2,2.09856,2.09856,1,53.6081
2474,2019-10-11,00:00:00.00,4.86301,0,0,10.9661,4.46606,17.4661,10.9661,-33333.3,-33333.3,1.16637,95.6197,0.5,0,23.389,17.1565,14.1415,24.7467,-6.867,2,2.09856,2.09856,1,53.0686
2475,2019-10-12,00:00:00.00,4.88023,5.62659,0,12.9661,5.96606,19.9661,12.9661,-33333.3,-33333.3,1.15784,95.6585,0.5,0,23.1431,16.8166,13.8394,25.7971,-6.7162,2,2.35594,2.35594,1,62.113
2476,2019-10-13,00:00:00.00,4.89744,0,0,8.46606,7.46606,9.46606,8.46606,-33333.3,-33333.3,1.17706,95.5704,0.5,0,22.8984,16.9101,13.9506,23.4816,-7.03401,2,0.626092,0.626092,1,40.1444
2477,2019-10-14,00:00:00.00,4.91466,0,0,7.71606,-0.0339442,15.4661,7.71606,-33333.3,-33333.3,1.18028,95.5555,0.5,0,22.655,16.7526,13.8141,23.1123,-7.0796,2,0.184353,0.184353,1,36.2153
2478,2019-10-15,00:00:00.00,4.93187,0,0,6.21606,2.46606,9.96606,6.21606,-33333.3,-33333.3,1.18672,95.5254,0.5,0,22.4131,16.6337,13.7141,22.3874,-7.16469,2,0,0,1,28.8768
2479,2019-10-16,00:00:00.00,4.94908,8.23894,0,8.21606,1.96606,14.4661,8.21606,-33333.3,-33333.3,1.17813,95.5655,0.5,0,22.1728,16.3276,13.4617,23.358,-7.04943,2,0.478845,0.478845,1,37.7764
2480,2019-10-17,00:00:00.00,4.9663,9.04274,0,6.21606,1.96606,10.4661,6.21606,-33333.3,-33333.3,1.18672,95.5254,0.5,0,21.934,16.238,13.4584,22.3874,-7.16469,2,0,0,1,28.2867
2481,2019-10-18,00:00:00.00,4.98351,0.401899,0,5.21606,3.96606,6.46606,5.21606,-33333.3,-33333.3,1.19104,95.5051,0.5,0,21.697,16.0916,13.3957,21.9142,-7.217,2,0,0,1,23.4914
2482,2019-10-19,00:00:00.00,5.00073,0,0,5.96606,1.46606,10.4661,5.96606,-33333.3,-33333.3,1.1878,95.5203,0.5,0,21.4618,15.8607,13.2074,22.2683,-7.17809,2,0,0,1,26.5915
2483,2019-10-20,00:00:00.00,5.01794,0,0,6.46606,-1.03394,13.9661,6.46606,-33333.3,-33333.3,1.18565,95.5304,0.5,0,21.2284,15.6433,13.0263,22.5069,-7.15106,2,0,0,1,28.5216
2484,2019-10-21,00:00:00.00,5.03516,0,0,9.21606,-0.0339442,18.4661,9.21606,-33333.3,-33333.3,1.17385,95.5853,0.5,0,20.9971,15.3058,12.7453,23.8557,-6.98636,2,1.06783,1.06783,1,40.2303
2485,2019-10-22,00:00:00.00,5.05237,9.84653,0,10.2161,4.96606,15.4661,10.2161,-33333.3,-33333.3,1.16957,95.605,0.5,0,20.7678,15.0602,12.5308,24.3617,-6.91957,2,1.65682,1.65682,1,44.1327
2486,2019-10-23,00:00:00.00,5.06958,1.00475,0,10.4661,5.46606,15.4661,10.4661,-33333.3,-33333.3,1.16851,95.6099,0.5,0,20.5406,14.8599,12.3959,24.4895,-6.90229,2,1.80406,1.80406,1,44.743
2487,2019-10-24,00:00:00.00,5.0868,0.803799,0,7.71606,3.96606,11.4661,7.71606,-33333.3,-33333.3,1.18028,95.5555,0.5,0,20.3157,14.8285,12.3622,23.1123,-7.0796,2,0.184353,0.184353,1,32.6438
2488,2019-10-25,00:00:00.00,5.10401,0,0,7.96606,3.96606,11.9661,7.96606,-33333.3,-33333.3,1.17921,95.5605,0.5,0,20.0931,14.6328,12.2047,23.2349,-7.06463,2,0.331599,0.331599,1,33.3512
2489,2019-10-26,00:00:00.00,5.12123,0,0,5.71606,1.46606,9.96606,5.71606,-33333.3,-33333.3,1.18888,95.5153,0.5,0,19.8728,14.5622,12.1428,22.1498,-7.19128,2,0,0,1,23.6827
2490,2019-10-27,00:00:00.00,5.13844,31.1472,0,4.96606,-1.53394,11.4661,4.96606,-33333.3,-33333.3,1.19211,95.5001,0.5,0,19.6551,14.4167,12.0215,21.7972,-7.22953,2,0,0,1,20.3618
2491,2019-10-28,00:00:00.00,5.15565,4.42089,0,5.46606,-1.53394,12.4661,5.46606,-33333.3,-33333.3,1.18996,95.5102,0.5,0,19.4399,14.217,11.9053,22.0318,-7.20425,2,0,0,1,22.1796
2492,2019-10-29,00:00:00.00,5.17287,0,0,8.71606,1.46606,15.9661,8.71606,-33333.3,-33333.3,1.17599,95.5754,0.5,0,19.2273,13.8847,11.6486,23.6058,-7.01836,2,0.773338,0.773338,1,35.0011
2493,2019-10-30,00:00:00.00,5.19008,0.401899,0,7.71606,1.46606,13.9661,7.71606,-33333.3,-33333.3,1.18028,95.5555,0.5,0,19.0174,13.7637,11.5405,23.1123,-7.0796,2,0.184353,0.184353,1,30.6655
2494,2019-10-31,00:00:00.00,5.2073,22.5064,0,4.96606,3.96606,5.96606,4.96606,-33333.3,-33333.3,1.19211,95.5001,0.5,0,18.8103,13.7206,11.5062,21.7972,-7.22953,2,0,0,1,19.5332
2495,2019-11-01,00:00:00.00,5.22451,22.1045,1.00475,5.96606,3.96606,7.96606,5.96606,-33333.3,-33333.3,1.1878,95.5203,0.5,0,18.6061,13.5087,11.3526,22.2683,-7.17809,2,0,0,1,23.2257
2496,2019-11-02,00:00:00.00,5.24173,0,0,0.466056,-0.533944,1.46606,0.466056,-33333.3,-33333.3,1.21168,95.407,0.5,0,18.4047,13.5577,11.4113,19.774,-7.41927,2,0.0954487,0.0954487,1,1.79581
2497,2019-11-03,00:00:00.00,5.25894,0.803799,2.0095,1.71606,-1.53394,4.96606,1.71606,-33333.3,-33333.3,1.20622,95.4331,0.5,0,18.2064,13.3499,11.2356,20.3203,-7.37324,2,0.352584,0.352584,1,6.54494
2498,2019-11-04,00:00:00.00,5.27615,3.21519,0,1.46606,-0.533944,3.46606,1.46606,-33333.3,-33333.3,1.20731,95.4279,0.5,0,18.0111,13.1972,11.1137,20.2101,-7.38284,2,0.301157,0.301157,1,5.53481
2499,2019-11-05,00:00:00.00,5.29337,1.40665,0,3.71606,-2.03394,9.46606,3.71606,-33333.3,-33333.3,1.19752,95.4745,0.5,0,17.819,12.9553,10.9155,21.2194,-7.28899,2,0.764001,0.764001,1,13.8878
2500,2019-11-06,00:00:00.00,5.31058,0,0,4.46606,1.96606,6.96606,4.46606,-33333.3,-33333.3,1.19428,95.4899,0.5,0,17.6301,12.7702,10.7606,21.5646,-7.25396,2,0.822833,0.822833,1,16.5236
2501,2019-11-07,00:00:00.00,5.3278,8.88178e-16,5.22469,-1.03394,-4.03394,1.96606,-1.03394,-33333.3,-33333.3,1.2183,95.3753,0.5,0,17.4444,12.8094,10.787,19.1139,-7.48792,2,0,0,1,-3.78731
2502,2019-11-08,00:00:00.00,5.34501,0,0,-1.03394,-3.53394,1.46606,-1.03394,-33333.3,-33333.3,1.2183,95.3753,0.5,0,17.262,12.6582,4.28048,19.1139,-7.48792,2,0,0,1,-3.74989
2503,2019-11-09,00:00:00.00,5.36223,0,0,-4.53394,-9.03394,-0.0339442,-4.53394,-33333.3,-33333.3,1.2339,95.3,0.5,0,17.083,12.6055,4.26216,17.6243,-7.6351,2,0,0,1,-16.2826
2504,2019-11-10,00:00:00.00,5.37944,0,0,-3.28394,-8.03394,1.46606,-3.28394,-33333.3,-33333.3,1.2283,95.3271,0.5,0,16.9075,12.4274,4.20171,18.1449,-7.58798,2,0,0,1,-11.6789
2505,2019-11-11,00:00:00.00,5.39665,0.0313878,0.772411,-0.783944,-4.03394,2.46606,-0.783944,-33333.3,-33333.3,1.21719,95.3806,0.5,0,16.7355,12.2145,4.12959,19.2242,-7.47556,2,0,0,1,-2.76114
2506,2019-11-12,00:00:00.00,5.41387,0,14.0665,-4.78394,-5.03394,-4.53394,-4.78394,-33333.3,-33333.3,1.23502,95.2945,0.5,0,16.567,12.1822,4.11815,17.5217,-7.64382,2,0,0,1,-16.6892
2507,2019-11-13,00:00:00.00,5.43108,0,2.0095,-8.53394,-11.5339,-5.53394,-8.53394,-33333.3,-33333.3,1.25199,95.2116,0.5,0,16.4021,12.1268,4.09892,16.0408,-7.74745,2,0,0,1,-29.4909
2508,2019-11-14,00:00:00.00,5.4483,0,2.0095,-9.28394,-14.0339,-4.53394,-9.28394,-33333.3,-33333.3,1.25542,95.1947,0.5,0,16.2408,12.0066,4.05799,15.7574,-7.76229,2,0,0,1,-31.7839
2509,2019-11-15,00:00:00.00,5.46551,0,0,-5.03394,-10.0339,-0.0339442,-5.03394,-33333.3,-33333.3,1.23614,95.2891,0.5,0,16.0833,11.786,3.98339,17.4196,-7.6523,2,0,0,1,-17.0754
2510,2019-11-16,00:00:00.00,5.48272,0,0,-2.03394,-4.03394,-0.0339442,-2.03394,-33333.3,-33333.3,1.22274,95.354,0.5,0,15.9296,11.583,3.91468,18.6781,-7.53485,2,0,0,1,-6.83667
2511,2019-11-17,00:00:00.00,5.49994,0,0,-9.03394,-13.0339,-5.03394,-9.03394,-33333.3,-33333.3,1.25428,95.2003,0.5,0,15.7796,11.617,3.92552,15.8514,-7.75756,2,0,0,1,-30.0943
2512,2019-11-18,00:00:00.00,5.51715,0,1.00475,-5.53394,-13.0339,1.96606,-5.53394,-33333.3,-33333.3,1.23839,95.2781,0.5,0,15.6335,11.4237,3.86014,17.2168,-7.66859,2,0,0,1,-18.2727
2513,2019-11-19,00:00:00.00,5.53437,-8.88178e-16,7.83704,-3.78394,-9.53394,1.96606,-3.78394,-33333.3,-33333.3,1.23054,95.3163,0.5,0,15.4913,11.265,3.80635,17.9352,-7.60754,2,0,0,1,-12.3862
2514,2019-11-20,00:00:00.00,5.55158,0,0,0.716056,-0.533944,1.96606,0.716056,-33333.3,-33333.3,1.21059,95.4122,0.5,0,15.353,11.0283,3.72647,19.8823,-7.41046,2,0.146876,0.146876,1,2.324
2515,2019-11-21,00:00:00.00,5.5688,0,0,2.71606,-0.0339442,5.46606,2.71606,-33333.3,-33333.3,1.20186,95.4539,0.5,0,15.2187,10.8545,3.66767,20.766,-7.33277,2,0.558292,0.558292,1,8.7415
2516,2019-11-22,00:00:00.00,5.58601,8.64084,0,2.96606,-3.03394,8.96606,2.96606,-33333.3,-33333.3,1.20078,95.4591,0.5,0,15.0884,10.7394,3.62859,20.8786,-7.32214,2,0.60972,0.60972,1,9.46806
2517,2019-11-23,00:00:00.00,5.60322,0.348506,0.254343,0.216056,-0.533944,0.966056,0.216056,-33333.3,-33333.3,1.21278,95.4017,0.5,0,14.9621,10.7216,3.62214,19.6661,-7.42788,2,0.0440216,0.0440216,1,0.68418
2518,2019-11-24,00:00:00.00,5.62044,0,0,-0.783944,-5.03394,3.46606,-0.783944,-33333.3,-33333.3,1.21719,95.3806,0.5,0,14.84,10.6493,3.59743,19.2242,-7.47556,2,0,0,1,-2.46299
2519,2019-11-25,00:00:00.00,5.63765,0,0,-0.283944,-5.03394,4.46606,-0.283944,-33333.3,-33333.3,1.21498,95.3912,0.5,0,14.7219,10.5382,3.55976,19.4462,-7.45008,2,0,0,1,-0.885273
2520,2019-11-26,00:00:00.00,5.65487,0.20095,0,2.46606,-1.53394,6.46606,2.46606,-33333.3,-33333.3,1.20295,95.4487,0.5,0,14.608,10.3624,3.50041,20.6539,-7.34319,2,0.506865,0.506865,1,7.63161
2521,2019-11-27,00:00:00.00,5.67208,3.51662,0,5.21606,0.966056,9.46606,5.21606,-33333.3,-33333.3,1.19104,95.5051,0.5,0,14.4983,10.1793,3.43862,21.9142,-7.217,2,0.822833,0.822833,1,16.0251
2522,2019-11-28,00:00:00.00,5.6893,15.4731,0,3.96606,-0.0339442,7.96606,3.96606,-33333.3,-33333.3,1.19644,95.4796,0.5,0,14.3928,10.1372,8.55458,21.334,-7.27753,2,0.815428,0.815428,1,12.0992
2523,2019-11-29,00:00:00.00,5.70651,0,0,0.466056,0.466056,0.466056,0.466056,-33333.3,-33333.3,1.21168,95.407,0.5,0,14.2916,10.1634,8.57557,19.774,-7.41927,2,0.0954487,0.0954487,1,1.41213
2524,2019-11-30,00:00:00.00,5.72372,0,0,-3.03394,-5.03394,-1.03394,-3.03394,-33333.3,-33333.3,1.22719,95.3325,0.5,0,14.1946,10.1749,8.58462,18.2505,-7.57784,2,0,0,1,-9.13203
2525,2019-12-01,00:00:00.00,5.74094,-2.22045e-16,1.2057,-2.53394,-5.53394,0.466056,-2.53394,-33333.3,-33333.3,1.22496,95.3432,0.5,0,14.1019,10.0864,8.50998,18.4633,-7.55683,2,0,0,1,-7.57859
2526,2019-12-02,00:00:00.00,5.75815,1.77636e-15,6.63134,-4.78394,-6.53394,-3.03394,-4.78394,-33333.3,-33333.3,1.23502,95.2945,0.5,0,14.0135,10.065,3.39843,17.5217,-7.64382,2,0,0,1,-14.2204
2527,2019-12-03,00:00:00.00,5.77537,0,0,-3.78394,-6.03394,-1.53394,-3.78394,-33333.3,-33333.3,1.23054,95.3163,0.5,0,13.9295,9.97349,3.36745,17.9352,-7.60754,2,0.047114,0.047114,1,-11.1818
2528,2019-12-04,00:00:00.00,5.79258,0,2.0095,-5.28394,-10.5339,-0.0339442,-5.28394,-33333.3,-33333.3,1.23727,95.2836,0.5,0,13.8498,9.94024,3.35599,17.318,-7.66056,2,0,0,1,-15.5266
2529,2019-12-05,00:00:00.00,5.80979,0,4.01899,-4.28394,-9.03394,0.466056,-4.28394,-33333.3,-33333.3,1.23278,95.3054,0.5,0,13.7745,9.85666,3.32771,17.7275,-7.62615,2,0.00684562,0.00684562,1,-12.5206
2530,2019-12-06,00:00:00.00,5.82701,8.88178e-16,5.02374,-2.78394,-4.53394,-1.03394,-2.78394,-33333.3,-33333.3,1.22607,95.3379,0.5,0,13.7036,9.76415,3.29645,18.3567,-7.56746,2,0.127651,0.127651,1,-8.09502
2531,2019-12-07,00:00:00.00,5.84422,0,2.21045,-2.53394,-4.53394,-0.533944,-2.53394,-33333.3,-33333.3,1.22496,95.3432,0.5,0,13.6371,9.70347,3.27587,18.4633,-7.55683,2,0.147785,0.147785,1,-7.33243
2532,2019-12-08,00:00:00.00,5.86144,0,0,-6.03394,-11.0339,-1.03394,-6.03394,-33333.3,-33333.3,1.24065,95.2671,0.5,0,13.5751,9.72824,3.2839,17.016,-7.68395,2,0,0,1,-17.3806
2533,2019-12-09,00:00:00.00,5.87865,3.55271e-15,9.04274,-2.78394,-10.5339,4.96606,-2.78394,-33333.3,-33333.3,1.22607,95.3379,0.5,0,13.5175,9.61077,3.24435,18.3567,-7.56746,2,0.127651,0.127651,1,-7.98471
2534,2019-12-10,00:00:00.00,5.89587,10.2484,0,2.71606,-2.03394,7.46606,2.71606,-33333.3,-33333.3,1.20186,95.4539,0.5,0,13.4644,9.41988,3.18025,20.766,-7.33277,2,0.322147,0.322147,1,7.75885
2535,2019-12-11,00:00:00.00,5.91308,-2.22045e-16,1.2057,-1.28394,-2.03394,-0.533944,-1.28394,-33333.3,-33333.3,1.21941,95.37,0.5,0,13.4157,9.49073,3.20376,19.0042,-7.50003,2,0.248456,0.248456,1,-3.65414
2536,2019-12-12,00:00:00.00,5.93029,0,0,-7.28394,-8.53394,-6.03394,-7.28394,-33333.3,-33333.3,1.2463,95.2395,0.5,0,13.3715,9.58343,3.23459,16.5224,-7.71845,2,0,0,1,-20.6595
2537,2019-12-13,00:00:00.00,5.94751,0,0,-7.28394,-13.0339,-1.53394,-7.28394,-33333.3,-33333.3,1.2463,95.2395,0.5,0,13.3319,9.55051,3.22341,16.5224,-7.71845,2,0,0,1,-20.5949
2538,2019-12-14,00:00:00.00,5.96472,1.11022e-16,0.20095,-3.78394,-11.0339,3.46606,-3.78394,-33333.3,-33333.3,1.23054,95.3163,0.5,0,13.2967,9.45113,3.19001,17.9352,-7.60754,2,0.047114,0.047114,1,-10.6687
2539,2019-12-15,00:00:00.00,5.98194,0,8.03799,-1.53394,-4.03394,0.966056,-1.53394,-33333.3,-33333.3,1.22052,95.3646,0.5,0,13.266,9.37364,3.16396,18.895,-7.51189,2,0.228322,0.228322,1,-4.31398
2540,2019-12-16,00:00:00.00,5.99915,0,2.0095,-3.53394,-4.03394,-3.03394,-3.53394,-33333.3,-33333.3,1.22942,95.3217,0.5,0,13.2399,9.39863,3.17221,18.0398,-7.59788,2,0.0672482,0.0672482,1,-9.91673
2541,2019-12-17,00:00:00.00,6.01637,0,0,-5.28394,-10.0339,-0.533944,-5.28394,-33333.3,-33333.3,1.23727,95.2836,0.5,0,13.2183,9.41771,3.1785,17.318,-7.66056,2,0,0,1,-14.7993
2542,2019-12-18,00:00:00.00,6.03358,-4.44089e-15,6.02849,-4.53394,-9.03394,-0.0339442,-4.53394,-33333.3,-33333.3,1.2339,95.3,0.5,0,13.2013,9.38804,3.1685,17.6243,-7.6351,2,0,0,1,-12.6785
2543,2019-12-19,00:00:00.00,6.05079,0,1.00475,-9.03394,-9.53394,-8.53394,-9.03394,-33333.3,-33333.3,1.25428,95.2003,0.5,0,13.1888,9.46178,3.19311,15.8514,-7.75756,2,0,0,1,-25.23
2544,2019-12-20,00:00:00.00,6.06801,0,2.0095,-14.5339,-21.0339,-8.03394,-14.5339,-33333.3,-33333.3,1.27981,95.0739,0.5,0,13.1808,9.53424,3.21732,13.8878,-7.81521,2,0,0,1,-40.5516
2545,2019-12-21,00:00:00.00,6.08522,0,0,-10.0339,-16.0339,-4.03394,-10.0339,-33333.3,-33333.3,1.25887,95.1777,0.5,0,13.1774,9.46816,3.19519,15.4782,-7.77524,2,0,0,1,-27.9781
2546,2019-12-22,00:00:00.00,6.10244,0,0,-5.03394,-12.0339,1.96606,-5.03394,-33333.3,-33333.3,1.23614,95.2891,0.5,0,13.1785,9.3789,3.16533,17.4196,-7.6523,2,0,0,1,-14.0319
2547,2019-12-23,00:00:00.00,6.11965,0,0,-1.28394,-7.03394,4.46606,-1.28394,-33333.3,-33333.3,1.21941,95.37,0.5,0,13.1842,9.29894,3.1386,19.0042,-7.50003,2,0.248456,0.248456,1,-3.57892
2548,2019-12-24,00:00:00.00,6.13686,0,0,1.71606,-2.03394,5.46606,1.71606,-33333.3,-33333.3,1.20622,95.4331,0.5,0,13.1945,9.22713,3.11462,20.3203,-7.37324,2,0.322147,0.322147,1,4.78498
2549,2019-12-25,00:00:00.00,6.15408,0,0,-3.03394,-5.53394,-0.533944,-3.03394,-33333.3,-33333.3,1.22719,95.3325,0.5,0,13.2093,9.36047,3.15928,18.2505,-7.57784,2,0.107517,0.107517,1,-8.46508
2550,2019-12-26,00:00:00.00,6.17129,0,0,-1.78394,-5.53394,1.96606,-1.78394,-33333.3,-33333.3,1.22163,95.3593,0.5,0,13.2286,9.34687,3.15481,18.7863,-7.52349,2,0.208188,0.208188,1,-4.98218
2551,2019-12-27,00:00:00.00,6.18851,0.401899,0,2.21606,-3.03394,7.46606,2.21606,-33333.3,-33333.3,1.20404,95.4435,0.5,0,13.2525,9.25918,3.12556,20.5422,-7.35341,2,0.322147,0.322147,1,6.19691
2552,2019-12-28,00:00:00.00,6.20572,0.401899,0,2.96606,-1.03394,6.96606,2.96606,-33333.3,-33333.3,1.20078,95.4591,0.5,0,13.281,9.25955,3.1258,20.8786,-7.32214,2,0.322147,0.322147,1,8.30737
2553,2019-12-29,00:00:00.00,6.22294,0,0,0.466056,-1.03394,1.96606,0.466056,-33333.3,-33333.3,1.21168,95.407,0.5,0,13.314,9.35832,3.15898,19.774,-7.41927,2,0.322147,0.322147,1,1.30784
2554,2019-12-30,00:00:00.00,6.24015,1.77636e-15,9.44464,-1.28394,-3.03394,0.466056,-1.28394,-33333.3,-33333.3,1.21941,95.37,0.5,0,13.3515,9.43433,3.18456,19.0042,-7.50003,2,0.248456,0.248456,1,-3.6109
2555,2019-12-31,00:00:00.00,6.25736,4.44089e-16,3.61709,2.46606,-1.53394,6.46606,2.46606,-33333.3,-33333.3,1.20295,95.4487,0.5,0,13.3936,9.36555,3.16171,20.6539,-7.34319,2,0.322147,0.322147,1,6.95297
2556,2020-01-01,00:00:00.00,6.27458,0,2.0095,-1.53394,-2.03394,-1.03394,-1.53394,-33333.3,-33333.3,1.22052,95.3646,0.5,0,13.4402,9.51269,3.21113,18.895,-7.51189,2,0.228322,0.228322,1,-4.33712
2557,2020-01-02,00:00:00.00,0.00858359,0,0,-1.78394,-4.53394,0.966056,-1.78394,-33333.3,-33333.3,1.22163,95.3593,0.5,0,13.4912,9.56043,3.22731,18.7863,-7.52349,2,0.168836,0.168836,1,-5.05977
2558,2020-01-03,00:00:00.00,0.0257508,0,0,-1.53394,-7.03394,3.96606,-1.53394,-33333.3,-33333.3,1.22052,95.3646,0.5,0,13.5467,9.59948,3.2406,18.895,-7.51189,2,0.168836,0.168836,1,-4.36559
2559,2020-01-04,00:00:00.00,0.0429179,0,0,1.96606,0.466056,3.46606,1.96606,-33333.3,-33333.3,1.20513,95.4383,0.5,0,13.6066,9.55294,3.22526,20.431,-7.36343,2,0.168836,0.168836,1,5.61621
2560,2020-01-05,00:00:00.00,0.0600851,0,1.00475,-0.533944,-1.03394,-0.0339442,-0.533944,-33333.3,-33333.3,1.21609,95.3859,0.5,0,13.671,9.67522,3.26644,19.3349,-7.46295,2,0.168836,0.168836,1,-1.53134
2561,2020-01-06,00:00:00.00,0.0772523,0,8.03799,-2.03394,-4.03394,-0.0339442,-2.03394,-33333.3,-33333.3,1.22274,95.354,0.5,0,13.7398,9.76952,3.29828,18.6781,-7.53485,2,0.168836,0.168836,1,-5.8584
2562,2020-01-07,00:00:00.00,0.0944195,0,0,-2.03394,-4.03394,-0.0339442,-2.03394,-33333.3,-33333.3,1.22274,95.354,0.5,0,13.813,9.82942,3.31862,18.6781,-7.53485,2,0.168836,0.168836,1,-5.88517
2563,2020-01-08,00:00:00.00,0.111587,8.88178e-16,5.02374,-4.03394,-10.0339,1.96606,-4.03394,-33333.3,-33333.3,1.23166,95.3109,0.5,0,13.8907,9.93993,3.35592,17.8311,-7.61696,2,0.168836,0.168836,1,-11.7287
2564,2020-01-09,00:00:00.00,0.128754,0,2.0095,-7.03394,-8.03394,-6.03394,-7.03394,-33333.3,-33333.3,1.24517,95.245,0.5,0,13.9728,10.0696,3.39966,16.6202,-7.71199,2,0.0711644,0.0711644,1,-20.5558
2565,2020-01-10,00:00:00.00,0.145921,0,0,-6.78394,-18.5339,4.96606,-6.78394,-33333.3,-33333.3,1.24404,95.2506,0.5,0,14.0593,10.136,3.42224,16.7184,-7.70532,2,0.0817167,0.0817167,1,-19.9318
2566,2020-01-11,00:00:00.00,0.163088,7.10543e-15,30.9463,-1.28394,-12.5339,9.96606,-1.28394,-33333.3,-33333.3,1.21941,95.37,0.5,0,14.1501,10.0862,3.40593,19.0042,-7.50003,2,0.168836,0.168836,1,-3.79357
2567,2020-01-12,00:00:00.00,0.180255,56.8688,4.01899,3.96606,-2.03394,9.96606,3.96606,-33333.3,-33333.3,1.19644,95.4796,0.5,0,14.2453,10.0077,3.37999,21.334,-7.27753,2,0.168836,0.168836,1,11.7872
2568,2020-01-13,00:00:00.00,0.197422,0,1.00475,-6.53394,-9.03394,-4.03394,-6.53394,-33333.3,-33333.3,1.24291,95.2561,0.5,0,14.3448,10.3665,3.50055,16.8171,-7.69842,2,0.0922689,0.0922689,1,-19.5381
2569,2020-01-14,00:00:00.00,0.21459,0,0,-4.53394,-9.03394,-0.0339442,-4.53394,-33333.3,-33333.3,1.2339,95.3,0.5,0,14.4486,10.4097,3.51543,17.6243,-7.6351,2,0.168836,0.168836,1,-13.644
2570,2020-01-15,00:00:00.00,0.231757,0,0,-2.03394,-4.53394,0.466056,-2.03394,-33333.3,-33333.3,1.22274,95.354,0.5,0,14.5567,10.4388,3.5256,18.6781,-7.53485,2,0.168836,0.168836,1,-6.16113
2571,2020-01-16,00:00:00.00,0.248924,-2.22045e-15,3.01425,-0.533944,-2.03394,0.966056,-0.533944,-33333.3,-33333.3,1.21609,95.3859,0.5,0,14.669,10.491,3.54354,19.3349,-7.46295,2,0.168836,0.168836,1,-1.62843
2572,2020-01-17,00:00:00.00,0.266091,0,2.0095,-2.28394,-3.03394,-1.53394,-2.28394,-33333.3,-33333.3,1.22385,95.3486,0.5,0,14.7855,10.6331,3.59161,18.5705,-7.54597,2,0.168836,0.168836,1,-7.01474
2573,2020-01-18,00:00:00.00,0.283258,-1.11022e-16,0.602849,-11.0339,-16.0339,-6.03394,-11.0339,-33333.3,-33333.3,1.26348,95.155,0.5,0,14.9063,10.9127,3.68577,15.1123,-7.78964,2,0,0,1,-34.1349
2574,2020-01-19,00:00:00.00,0.300426,0,22.1045,-8.03394,-16.5339,0.466056,-8.03394,-33333.3,-33333.3,1.24971,95.2228,0.5,0,15.0312,10.9634,3.70323,16.232,-7.7365,2,0.0289554,0.0289554,1,-25.0395
2575,2020-01-20,00:00:00.00,0.317593,1.11022e-16,0.20095,-7.03394,-8.03394,-6.03394,-7.03394,-33333.3,-33333.3,1.24517,95.245,0.5,0,15.1602,11.0505,3.73294,16.6202,-7.71199,2,0.0711644,0.0711644,1,-22.0907
2576,2020-01-21,00:00:00.00,0.33476,0,0,-12.5339,-19.0339,-6.03394,-12.5339,-33333.3,-33333.3,1.27044,95.1205,0.5,0,15.2933,11.2582,3.80308,14.577,-7.80522,2,0,0,1,-39.673
2577,2020-01-22,00:00:00.00,0.351927,0,0,-9.78394,-14.5339,-5.03394,-9.78394,-33333.3,-33333.3,1.25772,95.1834,0.5,0,15.4305,11.327,3.82667,15.5708,-7.77113,2,0,0,1,-31.2174
2578,2020-01-23,00:00:00.00,0.369094,0,0,-6.28394,-11.5339,-1.03394,-6.28394,-33333.3,-33333.3,1.24178,95.2616,0.5,0,15.5717,11.3757,3.84353,16.9163,-7.6913,2,0.102821,0.102821,1,-20.2147
2579,2020-01-24,00:00:00.00,0.386261,0,0,-3.78394,-9.53394,1.96606,-3.78394,-33333.3,-33333.3,1.23054,95.3163,0.5,0,15.7169,11.4383,3.86508,17.9352,-7.60754,2,0.168836,0.168836,1,-12.2745
2580,2020-01-25,00:00:00.00,0.403429,7.10543e-15,13.6646,-2.28394,-7.53394,2.96606,-2.28394,-33333.3,-33333.3,1.22385,95.3486,0.5,0,15.866,11.523,3.89403,18.5705,-7.54597,2,0.168836,0.168836,1,-7.47201
2581,2020-01-26,00:00:00.00,0.420596,0.5463,0.659398,-0.0339442,-1.53394,1.46606,-0.0339442,-33333.3,-33333.3,1.21388,95.3965,0.5,0,16.019,11.5851,3.91545,19.5581,-7.43696,2,0.168836,0.168836,1,-0.111995
2582,2020-01-27,00:00:00.00,0.437763,0,2.0095,-0.283944,-1.03394,0.466056,-0.283944,-33333.3,-33333.3,1.21498,95.3912,0.5,0,16.1759,11.7218,3.96187,19.4462,-7.45008,2,0.168836,0.168836,1,-0.945281
2583,2020-01-28,00:00:00.00,0.45493,0,0,-1.53394,-2.03394,-1.03394,-1.53394,-33333.3,-33333.3,1.22052,95.3646,0.5,0,16.3366,11.8907,4.01913,18.895,-7.51189,2,0.168836,0.168836,1,-5.15265
2584,2020-01-29,00:00:00.00,0.472097,0,0,-2.53394,-5.03394,-0.0339442,-2.53394,-33333.3,-33333.3,1.22496,95.3432,0.5,0,16.501,12.0542,4.07463,18.4633,-7.55683,2,0.168836,0.168836,1,-8.58936
2585,2020-01-30,00:00:00.00,0.489264,0,0,-5.28394,-7.53394,-3.03394,-5.28394,-33333.3,-33333.3,1.23727,95.2836,0.5,0,16.6692,12.2633,4.14542,17.318,-7.66056,2,0.14503,0.14503,1,-18.0767
2586,2020-01-31,00:00:00.00,0.506432,0,0,-6.78394,-12.0339,-1.53394,-6.78394,-33333.3,-33333.3,1.24404,95.2506,0.5,0,16.841,12.4404,4.2055,16.7184,-7.70532,2,0.0817167,0.0817167,1,-23.4256
2587,2020-02-01,00:00:00.00,0.523599,-1.11022e-16,0.602849,-6.03394,-10.0339,-2.03394,-6.03394,-33333.3,-33333.3,1.24065,95.2671,0.5,0,17.0164,12.5694,4.24944,17.016,-7.68395,2,0.113373,0.113373,1,-21.0333
2588,2020-02-02,00:00:00.00,0.540766,0,4.01899,-3.28394,-6.03394,-0.533944,-3.28394,-33333.3,-33333.3,1.2283,95.3271,0.5,0,17.1954,12.6494,4.27697,18.1449,-7.58798,2,0.260046,0.260046,1,-11.5569
2589,2020-02-03,00:00:00.00,0.557933,0,7.03324,-1.78394,-4.53394,0.966056,-1.78394,-33333.3,-33333.3,1.22163,95.3593,0.5,0,17.3778,12.7586,4.31429,18.7863,-7.52349,2,0.260046,0.260046,1,-6.33888
2590,2020-02-04,00:00:00.00,0.5751,0,0,-0.0339442,-3.03394,2.96606,-0.0339442,-33333.3,-33333.3,1.21388,95.3965,0.5,0,17.5637,12.8588,4.34859,19.5581,-7.43696,2,0.260046,0.260046,1,-0.12177
2591,2020-02-05,00:00:00.00,0.592267,0,0,-2.03394,-4.53394,0.466056,-2.03394,-33333.3,-33333.3,1.22274,95.354,0.5,0,17.7529,13.0768,4.42248,18.6781,-7.53485,2,0.260046,0.260046,1,-7.36983
2592,2020-02-06,00:00:00.00,0.609435,-2.22045e-15,3.01425,-7.78394,-11.5339,-4.03394,-7.78394,-33333.3,-33333.3,1.24858,95.2283,0.5,0,17.9455,13.3829,4.52604,16.3283,-7.7307,2,0.0681322,0.0681322,1,-28.485
2593,2020-02-07,00:00:00.00,0.626602,0,4.01899,-8.28394,-11.5339,-5.03394,-8.28394,-33333.3,-33333.3,1.25085,95.2172,0.5,0,18.1413,13.5573,4.58533,16.1361,-7.74208,2,0.0356264,0.0356264,1,-30.6183
2594,2020-02-08,00:00:00.00,0.643769,-1.11022e-16,0.602849,-6.28394,-8.03394,-4.53394,-6.28394,-33333.3,-33333.3,1.24178,95.2616,0.5,0,18.3403,13.6781,4.62662,16.9163,-7.6913,2,0.16565,0.16565,1,-23.4603
2595,2020-02-09,00:00:00.00,0.660936,-2.22045e-15,3.01425,-12.0339,-18.0339,-6.03394,-12.0339,-33333.3,-33333.3,1.26811,95.132,0.5,0,18.5424,13.9665,4.72429,14.7536,-7.80082,2,0,0,1,-45.3831
2596,2020-02-10,00:00:00.00,0.678103,-8.88178e-15,12.057,-9.28394,-18.5339,-0.0339442,-9.28394,-33333.3,-33333.3,1.25542,95.1947,0.5,0,18.7475,14.0855,4.76501,15.7574,-7.76229,2,0,0,1,-35.3693
2597,2020-02-11,00:00:00.00,0.695271,0,0,-3.53394,-8.53394,1.46606,-3.53394,-33333.3,-33333.3,1.22942,95.3217,0.5,0,18.9556,14.1193,4.77708,18.0398,-7.59788,2,0.260046,0.260046,1,-13.6014
2598,2020-02-12,00:00:00.00,0.712438,0,0,-2.28394,-4.03394,-0.533944,-2.28394,-33333.3,-33333.3,1.22385,95.3486,0.5,0,19.1666,14.2582,4.82452,18.5705,-7.54597,2,0.260046,0.260046,1,-8.88091
2599,2020-02-13,00:00:00.00,0.729605,-2.22045e-15,3.01425,-3.78394,-7.03394,-0.533944,-3.78394,-33333.3,-33333.3,1.23054,95.3163,0.5,0,19.3804,14.4804,4.89995,17.9352,-7.60754,2,0.260046,0.260046,1,-14.8656
2600,2020-02-14,00:00:00.00,0.746772,0,2.0095,-4.03394,-7.03394,-1.03394,-4.03394,-33333.3,-33333.3,1.23166,95.3109,0.5,0,19.5969,14.668,4.96382,17.8311,-7.61696,2,0.260046,0.260046,1,-16.0121
2601,2020-02-15,00:00:00.00,0.763939,0,0,-18.5339,-26.5339,-10.5339,-18.5339,-33333.3,-33333.3,1.29889,94.9786,0.5,0,19.8162,15.1384,5.12283,12.5908,-7.80039,2,0,0,1,-74.3328
2602,2020-02-16,00:00:00.00,0.781106,-2.22045e-15,3.01425,-14.5339,-27.0339,-2.03394,-14.5339,-33333.3,-33333.3,1.27981,95.0739,0.5,0,20.038,15.2668,5.16681,13.8878,-7.81521,2,0,0,1,-58.8979
2603,2020-02-17,00:00:00.00,0.798274,0,0,-6.78394,-15.0339,1.46606,-6.78394,-33333.3,-33333.3,1.24404,95.2506,0.5,0,20.2623,15.2973,5.17781,16.7184,-7.70532,2,0.133144,0.133144,1,-27.7786
2604,2020-02-18,00:00:00.00,0.815441,8.88178e-16,5.02374,-6.28394,-12.5339,-0.0339442,-6.28394,-33333.3,-33333.3,1.24178,95.2616,0.5,0,20.489,15.4746,5.23822,16.9163,-7.6913,2,0.16565,0.16565,1,-26.0002
2605,2020-02-19,00:00:00.00,0.832608,0,0,-4.28394,-11.0339,2.46606,-4.28394,-33333.3,-33333.3,1.23278,95.3054,0.5,0,20.7181,15.6116,5.2851,17.7275,-7.62615,2,0.260046,0.260046,1,-17.9106
2606,2020-02-20,00:00:00.00,0.849775,-1.11022e-16,0.602849,-6.78394,-7.53394,-6.03394,-6.78394,-33333.3,-33333.3,1.24404,95.2506,0.5,0,20.9494,15.8733,5.37396,16.7184,-7.70532,2,0.133144,0.133144,1,-28.6598
2607,2020-02-21,00:00:00.00,0.866942,0,0,-9.53394,-13.0339,-6.03394,-9.53394,-33333.3,-33333.3,1.25657,95.189,0.5,0,21.1829,16.1349,5.46285,15.6638,-7.76682,2,0,0,1,-40.6994
2608,2020-02-22,00:00:00.00,0.884109,0,0,-9.03394,-16.0339,-2.03394,-9.03394,-33333.3,-33333.3,1.25428,95.2003,0.5,0,21.4185,16.3217,5.52652,15.8514,-7.75756,2,0,0,1,-38.9687
2609,2020-02-23,00:00:00.00,0.901277,0,0,-5.28394,-13.0339,2.46606,-5.28394,-33333.3,-33333.3,1.23727,95.2836,0.5,0,21.656,16.4254,5.5622,17.318,-7.66056,2,0.230661,0.230661,1,-23.0312
2610,2020-02-24,00:00:00.00,0.918444,0,0,-0.533944,-7.03394,5.96606,-0.533944,-33333.3,-33333.3,1.21609,95.3859,0.5,0,21.8955,16.4727,5.5789,19.3349,-7.46295,2,0.260046,0.260046,1,-2.3516
2611,2020-02-25,00:00:00.00,0.935611,0,11.0522,1.46606,-3.53394,6.46606,1.46606,-33333.3,-33333.3,1.20731,95.4279,0.5,0,22.1367,16.5966,5.62141,20.2101,-7.38284,2,0.260046,0.260046,1,6.52431
2612,2020-02-26,00:00:00.00,0.952778,-2.22045e-15,3.01425,0.466056,-1.53394,2.46606,0.466056,-33333.3,-33333.3,1.21168,95.407,0.5,0,22.3797,16.8386,5.70372,19.774,-7.41927,2,0.260046,0.260046,1,2.09569
2613,2020-02-27,00:00:00.00,0.969945,0,7.03324,-2.53394,-3.53394,-1.53394,-2.53394,-33333.3,-33333.3,1.22496,95.3432,0.5,0,22.6243,17.1514,5.80991,18.4633,-7.55683,2,0.260046,0.260046,1,-11.5125
2614,2020-02-28,00:00:00.00,0.987112,-2.22045e-15,3.01425,-7.03394,-8.53394,-5.53394,-7.03394,-33333.3,-33333.3,1.24517,95.245,0.5,0,22.8705,17.493,5.92587,16.6202,-7.71199,2,0.116891,0.116891,1,-32.2887
2615,2020-02-29,00:00:00.00,1.00428,8.88178e-16,5.02374,-7.78394,-9.53394,-6.03394,-7.78394,-33333.3,-33333.3,1.24858,95.2283,0.5,0,23.1181,17.721,6.00351,16.3283,-7.7307,2,0.0681322,0.0681322,1,-36.101
2616,2020-03-01,00:00:00.00,1.02145,0,0,-10.7839,-16.5339,-5.03394,-10.7839,-33333.3,-33333.3,1.26232,95.1607,0.5,0,23.367,18.0028,6.0993,15.2031,-7.78634,2,0,0,1,-50.53
2617,2020-03-02,00:00:00.00,1.03861,0,0,-7.53394,-20.0339,4.96606,-7.53394,-33333.3,-33333.3,1.24744,95.2339,0.5,0,23.6172,18.1346,6.14452,16.4251,-7.72468,2,0,0,1,-35.6642
2618,2020-03-03,00:00:00.00,1.05578,0,0,-1.03394,-6.53394,4.46606,-1.03394,-33333.3,-33333.3,1.2183,95.3753,0.5,0,23.8685,18.1386,6.14663,19.1139,-7.48792,2,0.623123,0.623123,1,-4.94454
2619,2020-03-04,00:00:00.00,1.07295,1.16169,0.847809,0.216056,-3.03394,3.46606,0.216056,-33333.3,-33333.3,1.21278,95.4017,0.5,0,24.1209,18.3007,6.20207,19.6661,-7.42788,2,0.898518,0.898518,1,1.04379
2620,2020-03-05,00:00:00.00,1.09012,0,0,0.216056,-2.03394,2.46606,0.216056,-33333.3,-33333.3,1.21278,95.4017,0.5,0,24.3743,18.5123,6.27421,19.6661,-7.42788,2,0.898518,0.898518,1,1.05438
2621,2020-03-06,00:00:00.00,1.10728,-2.22045e-15,3.01425,-1.78394,-7.03394,3.46606,-1.78394,-33333.3,-33333.3,1.22163,95.3593,0.5,0,24.6285,18.8026,6.37293,18.7863,-7.52349,2,0.45465,0.45465,1,-8.79353
2622,2020-03-07,00:00:00.00,1.12445,0,0,-2.53394,-6.03394,0.966056,-2.53394,-33333.3,-33333.3,1.22496,95.3432,0.5,0,24.8835,19.0435,6.45502,18.4633,-7.55683,2,0.286178,0.286178,1,-12.616
2623,2020-03-08,00:00:00.00,1.14162,0,0,-6.28394,-13.0339,0.466056,-6.28394,-33333.3,-33333.3,1.24178,95.2616,0.5,0,25.1392,19.3808,6.56962,16.9163,-7.6913,2,0,0,1,-31.5994
2624,2020-03-09,00:00:00.00,1.15878,0,0,-2.03394,-12.5339,8.46606,-2.03394,-33333.3,-33333.3,1.22274,95.354,0.5,0,25.3955,19.4544,6.59521,18.6781,-7.53485,2,0.398493,0.398493,1,-10.3296
2625,2020-03-10,00:00:00.00,1.17595,15.4731,0,5.46606,-2.03394,12.9661,5.46606,-33333.3,-33333.3,1.18996,95.5102,0.5,0,25.6522,19.3263,6.55267,22.0318,-7.20425,2,0.898518,0.898518,1,28.0345
2626,2020-03-11,00:00:00.00,1.19312,4.21994,0,4.96606,1.96606,7.96606,4.96606,-33333.3,-33333.3,1.19211,95.5001,0.5,0,25.9093,19.5668,6.63461,21.7972,-7.22953,2,0.898518,0.898518,1,25.7204
2627,2020-03-12,00:00:00.00,1.21029,0,0,-1.03394,-5.03394,2.96606,-1.03394,-33333.3,-33333.3,1.2183,95.3753,0.5,0,26.1667,20.0619,6.8026,19.1139,-7.48792,2,0.623123,0.623123,1,-5.40732
2628,2020-03-13,00:00:00.00,1.22745,4.21994,0,1.21606,-4.53394,6.96606,1.21606,-33333.3,-33333.3,1.2084,95.4227,0.5,0,26.4242,20.1814,6.84367,20.1004,-7.39225,2,0.898518,0.898518,1,6.42153
2629,2020-03-14,00:00:00.00,1.24462,0,0,0.466056,-2.03394,2.96606,0.466056,-33333.3,-33333.3,1.21168,95.407,0.5,0,26.6819,20.4301,6.92845,19.774,-7.41927,2,0.898518,0.898518,1,2.48481
2630,2020-03-15,00:00:00.00,1.26179,0,0,-1.53394,-3.03394,-0.0339442,-1.53394,-33333.3,-33333.3,1.22052,95.3646,0.5,0,26.9396,20.7296,7.03037,18.895,-7.51189,2,0.510808,0.510808,1,-8.25649
2631,2020-03-16,00:00:00.00,1.27895,0,0,-1.78394,-6.03394,2.46606,-1.78394,-33333.3,-33333.3,1.22163,95.3593,0.5,0,27.1972,20.9555,7.10744,18.7863,-7.52349,2,0.45465,0.45465,1,-9.69341
2632,2020-03-17,00:00:00.00,1.29612,0,1.00475,-2.03394,-8.03394,3.96606,-2.03394,-33333.3,-33333.3,1.22274,95.354,0.5,0,27.4545,21.1813,7.18447,18.6781,-7.53485,2,0.398493,0.398493,1,-11.1561
2633,2020-03-18,00:00:00.00,1.31329,0,0,-0.283944,-5.53394,4.96606,-0.283944,-33333.3,-33333.3,1.21498,95.3912,0.5,0,27.7116,21.3244,7.23358,19.4462,-7.45008,2,0.791595,0.791595,1,-1.57198
2634,2020-03-19,00:00:00.00,1.33046,1.11022e-16,0.20095,-1.53394,-6.03394,2.96606,-1.53394,-33333.3,-33333.3,1.22052,95.3646,0.5,0,27.9684,21.5922,7.32483,18.895,-7.51189,2,0.510808,0.510808,1,-8.57132
2635,2020-03-20,00:00:00.00,1.34762,5.02374,0,5.21606,-4.53394,14.9661,5.21606,-33333.3,-33333.3,1.19104,95.5051,0.5,0,28.2246,21.4751,7.28588,21.9142,-7.217,2,0.898518,0.898518,1,29.4149
2636,2020-03-21,00:00:00.00,1.36479,3.61709,0,8.21606,0.966056,15.4661,8.21606,-33333.3,-33333.3,1.17813,95.5655,0.5,0,28.4803,21.4984,7.29446,23.358,-7.04943,2,0.898518,0.898518,1,46.7562
2637,2020-03-22,00:00:00.00,1.38196,0,0,-5.03394,-10.0339,-0.0339442,-5.03394,-33333.3,-33333.3,1.23614,95.2891,0.5,0,28.7354,22.3689,7.58958,17.4196,-7.6523,2,0,0,1,-28.9069
2638,2020-03-23,00:00:00.00,1.39912,8.88178e-16,5.02374,-4.53394,-10.0339,0.966056,-4.53394,-33333.3,-33333.3,1.2339,95.3,0.5,0,28.9897,22.5653,7.65672,17.6243,-7.6351,2,0,0,1,-26.2696
2639,2020-03-24,00:00:00.00,1.41629,0,4.42089,-2.78394,-8.53394,2.96606,-2.78394,-33333.3,-33333.3,1.22607,95.3379,0.5,0,29.2432,22.7125,7.70721,18.3567,-7.56746,2,0.230021,0.230021,1,-16.2737
2640,2020-03-25,00:00:00.00,1.43346,0,0,2.46606,-2.03394,6.96606,2.46606,-33333.3,-33333.3,1.20295,95.4487,0.5,0,29.4957,22.6846,7.69843,20.6539,-7.34319,2,0.898518,0.898518,1,14.5428
2641,2020-03-26,00:00:00.00,1.45063,0,0,4.46606,-1.53394,10.4661,4.46606,-33333.3,-33333.3,1.19428,95.4899,0.5,0,29.7473,22.784,7.73272,21.5646,-7.25396,2,0.898518,0.898518,1,26.5673
2642,2020-03-27,00:00:00.00,1.46779,0,0,3.71606,-1.53394,8.96606,3.71606,-33333.3,-33333.3,1.19752,95.4745,0.5,0,29.9978,23.0353,7.81842,21.2194,-7.28899,2,0.898518,0.898518,1,22.2971
2643,2020-03-28,00:00:00.00,1.48496,0,0,4.71606,-1.53394,10.9661,4.71606,-33333.3,-33333.3,1.19319,95.495,0.5,0,30.2471,23.1848,19.2611,21.6806,-7.24185,2,0.898518,0.898518,1,28.5399
2644,2020-03-29,00:00:00.00,1.50213,15.0712,0,5.71606,-1.53394,12.9661,5.71606,-33333.3,-33333.3,1.18888,95.5153,0.5,0,30.4952,23.3296,19.6861,22.1498,-7.19128,2,0.898518,0.898518,1,34.8851
2645,2020-03-30,00:00:00.00,1.51929,14.5689,0,8.96606,2.96606,14.9661,8.96606,-33333.3,-33333.3,1.17492,95.5804,0.5,0,30.742,23.3113,19.6688,23.7305,-7.00247,2,0.898518,0.898518,1,55.1794
2646,2020-03-31,00:00:00.00,1.53646,0.20095,0,3.96606,2.46606,5.46606,3.96606,-33333.3,-33333.3,1.19644,95.4796,0.5,0,30.9873,23.8445,20.1175,21.334,-7.27753,2,0.898518,0.898518,1,24.6111
2647,2020-04-01,00:00:00.00,1.55363,1.2057,0,3.71606,1.46606,5.96606,3.71606,-33333.3,-33333.3,1.19752,95.4745,0.5,0,31.2312,24.062,20.2906,21.2194,-7.28899,2,0.898518,0.898518,1,23.2494
2648,2020-04-02,00:00:00.00,1.5708,0,0,4.46606,-1.53394,10.4661,4.46606,-33333.3,-33333.3,1.19428,95.4899,0.5,0,31.4735,24.2191,20.4205,21.5646,-7.25396,2,0.975331,0.975331,1,28.169
2649,2020-04-03,00:00:00.00,1.58796,0,0,5.46606,-1.03394,11.9661,5.46606,-33333.3,-33333.3,1.18996,95.5102,0.5,0,31.7142,24.3568,20.5218,22.0318,-7.20425,2,1.65359,1.65359,1,34.7538
2650,2020-04-04,00:00:00.00,1.60513,0,0,5.21606,-0.533944,10.9661,5.21606,-33333.3,-33333.3,1.19104,95.5051,0.5,0,31.9532,24.5709,20.6771,21.9142,-7.217,2,1.48402,1.48402,1,33.4281
2651,2020-04-05,00:00:00.00,1.6223,0,0,5.96606,-0.0339442,11.9661,5.96606,-33333.3,-33333.3,1.1878,95.5203,0.5,0,32.1904,24.719,20.7791,22.2683,-7.17809,2,1.99271,1.99271,1,38.5353
2652,2020-04-06,00:00:00.00,1.63947,0,0,5.46606,0.966056,9.96606,5.46606,-33333.3,-33333.3,1.18996,95.5102,0.5,0,32.4257,24.9468,20.9398,22.0318,-7.20425,2,1.65359,1.65359,1,35.5802
2653,2020-04-07,00:00:00.00,1.65663,0,0,5.21606,-3.03394,13.4661,5.21606,-33333.3,-33333.3,1.19104,95.5051,0.5,0,32.6591,25.1566,21.0901,21.9142,-7.217,2,1.48402,1.48402,1,34.2137
2654,2020-04-08,00:00:00.00,1.6738,4.82279,0,6.21606,-0.533944,12.9661,6.21606,-33333.3,-33333.3,1.18672,95.5254,0.5,0,32.8906,25.282,21.172,22.3874,-7.16469,2,2.16228,2.16228,1,41.0823
2655,2020-04-09,00:00:00.00,1.69097,8.64084,0,6.21606,1.46606,10.9661,6.21606,-33333.3,-33333.3,1.18672,95.5254,0.5,0,33.12,25.4719,21.3436,22.3874,-7.16469,2,2.16228,2.16228,1,41.3902
2656,2020-04-10,00:00:00.00,1.70813,4.44089e-16,0.803799,3.46606,-0.0339442,6.96606,3.46606,-33333.3,-33333.3,1.19861,95.4694,0.5,0,33.3473,25.8369,21.6626,21.1053,-7.30025,2,0.297076,0.297076,1,23.2499
2657,2020-04-11,00:00:00.00,1.7253,0,0,0.966056,-2.03394,3.96606,0.966056,-33333.3,-33333.3,1.20949,95.4175,0.5,0,33.5724,26.1655,21.9464,19.9911,-7.40146,2,0,0,1,6.52755
2658,2020-04-12,00:00:00.00,1.74247,0,0,2.71606,-3.03394,8.46606,2.71606,-33333.3,-33333.3,1.20186,95.4539,0.5,0,33.7953,26.2537,22.0205,20.766,-7.33277,2,0,0,1,18.4844
2659,2020-04-13,00:00:00.00,1.75964,5.82754,0,7.21606,-2.03394,16.4661,7.21606,-33333.3,-33333.3,1.18242,95.5455,0.5,0,34.0159,26.1412,21.9261,22.8686,-7.10886,2,2.71302,2.71302,1,49.4589
2660,2020-04-14,00:00:00.00,1.7768,0,0,7.21606,2.96606,11.4661,7.21606,-33333.3,-33333.3,1.18242,95.5455,0.5,0,34.2342,26.3213,22.0763,22.8686,-7.10886,2,2.71302,2.71302,1,49.8061
2661,2020-04-15,00:00:00.00,1.79397,0,0,0.466056,-3.03394,3.96606,0.466056,-33333.3,-33333.3,1.21168,95.407,0.5,0,34.45,26.9238,22.5364,19.774,-7.41927,2,0,0,1,3.23908
2662,2020-04-16,00:00:00.00,1.81114,0,0,-2.28394,-6.03394,1.46606,-2.28394,-33333.3,-33333.3,1.22385,95.3486,0.5,0,34.6634,27.2373,22.7989,18.5705,-7.54597,2,0,0,1,-15.9815
2663,2020-04-17,00:00:00.00,1.8283,0,0,-2.03394,-6.03394,1.96606,-2.03394,-33333.3,-33333.3,1.22274,95.354,0.5,0,34.8744,27.4021,22.9368,18.6781,-7.53485,2,0,0,1,-14.3279
2664,2020-04-18,00:00:00.00,1.84547,0,0,-0.0339442,-5.03394,4.96606,-0.0339442,-33333.3,-33333.3,1.21388,95.3965,0.5,0,35.0827,27.4774,22.9999,19.5581,-7.43696,2,0,0,1,-0.240658
2665,2020-04-19,00:00:00.00,1.86264,0,0,2.71606,-3.53394,8.96606,2.71606,-33333.3,-33333.3,1.20186,95.4539,0.5,0,35.2885,27.4944,23.0142,20.766,-7.33277,2,0,0,1,19.3858
2666,2020-04-20,00:00:00.00,1.87981,2.4114,0,7.21606,3.46606,10.9661,7.21606,-33333.3,-33333.3,1.18242,95.5455,0.5,0,35.4916,27.3573,22.8994,22.8686,-7.10886,2,2.71302,2.71302,1,51.8359
2667,2020-04-21,00:00:00.00,1.89697,1.30617,0,2.46606,-4.53394,9.46606,2.46606,-33333.3,-33333.3,1.20295,95.4487,0.5,0,35.692,27.8443,23.3019,20.6539,-7.34319,2,0,0,1,17.827
2668,2020-04-22,00:00:00.00,1.91414,0,1.00475,-1.03394,-3.03394,0.966056,-1.03394,-33333.3,-33333.3,1.2183,95.3753,0.5,0,35.8897,28.2011,23.6233,19.1139,-7.48792,2,0,0,1,-7.5209
2669,2020-04-23,00:00:00.00,1.93131,0,0,-1.03394,-5.03394,2.96606,-1.03394,-33333.3,-33333.3,1.2183,95.3753,0.5,0,36.0846,28.3635,9.63981,19.1139,-7.48792,2,0,0,1,-7.56708
2670,2020-04-24,00:00:00.00,1.94847,0,0,1.46606,-4.03394,6.96606,1.46606,-33333.3,-33333.3,1.20731,95.4279,0.5,0,36.2767,28.3882,9.64867,20.2101,-7.38284,2,0,0,1,10.7945
2671,2020-04-25,00:00:00.00,1.96564,0,0,3.46606,-2.03394,8.96606,3.46606,-33333.3,-33333.3,1.19861,95.4694,0.5,0,36.4659,28.4233,23.8271,21.1053,-7.30025,2,0.297076,0.297076,1,25.672
2672,2020-04-26,00:00:00.00,1.98281,0,0,6.21606,-2.53394,14.9661,6.21606,-33333.3,-33333.3,1.18672,95.5254,0.5,0,36.6523,28.3873,23.7917,22.3874,-7.16469,2,2.16228,2.16228,1,46.3093
2673,2020-04-27,00:00:00.00,1.99998,0,0,5.96606,0.466056,11.4661,5.96606,-33333.3,-33333.3,1.1878,95.5203,0.5,0,36.8357,28.5566,23.8954,22.2683,-7.17809,2,1.99271,1.99271,1,44.7021
2674,2020-04-28,00:00:00.00,2.01714,0.602849,0,7.46606,0.466056,14.4661,7.46606,-33333.3,-33333.3,1.18135,95.5505,0.5,0,37.0162,28.5903,23.8883,22.9902,-7.09434,2,2.71302,2.71302,1,56.257
2675,2020-04-29,00:00:00.00,2.03431,0.20095,0,8.21606,2.46606,13.9661,8.21606,-33333.3,-33333.3,1.17813,95.5655,0.5,0,37.1937,28.6749,23.9215,23.358,-7.04943,2,2.71302,2.71302,1,62.2515
2676,2020-04-30,00:00:00.00,2.05148,8.43989,0,9.46606,5.46606,13.4661,9.46606,-33333.3,-33333.3,1.17278,95.5902,0.5,0,37.3682,28.7107,23.9067,23.9814,-6.97001,2,2.71302,2.71302,1,72.113
2677,2020-05-01,00:00:00.00,2.06864,14.0665,0,10.7161,6.46606,14.9661,10.7161,-33333.3,-33333.3,1.16744,95.6148,0.5,0,37.5396,28.7364,23.9684,24.6178,-6.88476,2,2.71302,2.71302,1,82.0718
2678,2020-05-02,00:00:00.00,2.08581,0,0,10.7161,5.96606,15.4661,10.7161,-33333.3,-33333.3,1.16744,95.6148,0.5,0,37.708,28.8731,24.1218,24.6178,-6.88476,2,0,0,1,82.5022
2679,2020-05-03,00:00:00.00,2.10298,1.6076,0,8.96606,2.96606,14.9661,8.96606,-33333.3,-33333.3,1.17492,95.5804,0.5,0,37.8733,29.1661,24.3666,23.7305,-7.00247,2,0,0,1,69.3841
2680,2020-05-04,00:00:00.00,2.12015,0,0,11.4661,5.46606,17.4661,11.4661,-33333.3,-33333.3,1.16424,95.6294,0.5,0,38.0354,29.0663,24.3121,25.0061,-6.83076,2,0.383825,0.383825,1,89.1779
2681,2020-05-05,00:00:00.00,2.13731,0,0,5.71606,2.96606,8.46606,5.71606,-33333.3,-33333.3,1.18888,95.5153,0.5,0,38.1944,29.6906,24.8272,22.1498,-7.19128,2,0,0,1,44.6767
2682,2020-05-06,00:00:00.00,2.15448,0,0,4.71606,-2.03394,11.4661,4.71606,-33333.3,-33333.3,1.19319,95.495,0.5,0,38.3502,29.8911,24.9949,21.6806,-7.24185,2,0,0,1,37.0392
2683,2020-05-07,00:00:00.00,2.17165,0,0,6.46606,0.466056,12.4661,6.46606,-33333.3,-33333.3,1.18565,95.5304,0.5,0,38.5028,29.8858,24.9905,22.5069,-7.15106,2,0,0,1,51.0242
2684,2020-05-08,00:00:00.00,2.18881,0,0,6.71606,1.96606,11.4661,6.71606,-33333.3,-33333.3,1.18457,95.5355,0.5,0,38.6522,29.9882,25.0761,22.627,-7.13722,2,0,0,1,53.2429
2685,2020-05-09,00:00:00.00,2.20598,8.88178e-16,5.02374,1.21606,-2.53394,4.96606,1.21606,-33333.3,-33333.3,1.2084,95.4227,0.5,0,38.7983,30.4887,25.4947,20.1004,-7.39225,2,0,0,1,9.68434
2686,2020-05-10,00:00:00.00,2.22315,0,2.0095,-0.533944,-5.03394,3.96606,-0.533944,-33333.3,-33333.3,1.21609,95.3859,0.5,0,38.9412,30.7072,25.7339,19.3349,-7.46295,2,0,0,1,-4.27099
2687,2020-05-11,00:00:00.00,2.24032,2.61235,5.02374,2.21606,-3.53394,7.96606,2.21606,-33333.3,-33333.3,1.20404,95.4435,0.5,0,39.0809,30.6594,10.427,20.5422,-7.35341,2,0,0,1,17.8033
2688,2020-05-12,00:00:00.00,2.25748,0,0,2.21606,-0.533944,4.96606,2.21606,-33333.3,-33333.3,1.20404,95.4435,0.5,0,39.2172,30.7714,25.8367,20.5422,-7.35341,2,0,0,1,17.8787
2689,2020-05-13,00:00:00.00,2.27465,0,0,2.21606,-3.53394,7.96606,2.21606,-33333.3,-33333.3,1.20404,95.4435,0.5,0,39.3503,30.8806,25.9285,20.5422,-7.35341,2,0,0,1,17.9526
2690,2020-05-14,00:00:00.00,2.29182,0,0,4.96606,-2.53394,12.4661,4.96606,-33333.3,-33333.3,1.19211,95.5001,0.5,0,39.48,30.7977,25.8589,21.7972,-7.22953,2,0,0,1,40.3931
2691,2020-05-15,00:00:00.00,2.30898,3.61709,0,6.46606,-0.0339442,12.9661,6.46606,-33333.3,-33333.3,1.18565,95.5304,0.5,0,39.6064,30.7857,25.8488,22.5069,-7.15106,2,0,0,1,52.8008
2692,2020-05-16,00:00:00.00,2.32615,3.51662,0,10.7161,4.96606,16.4661,10.7161,-33333.3,-33333.3,1.16744,95.6148,0.5,0,39.7295,30.5078,25.6489,24.6178,-6.88476,2,0,0,1,87.841
2693,2020-05-17,00:00:00.00,2.34332,0,0,12.2161,5.46606,18.9661,12.2161,-33333.3,-33333.3,1.16104,95.644,0.5,0,39.8492,30.4507,25.6275,25.3991,-6.77458,2,1.45397,1.45397,1,100.51
2694,2020-05-18,00:00:00.00,2.36049,18.2864,0,10.9661,6.46606,15.4661,10.9661,-33333.3,-33333.3,1.16637,95.6197,0.5,0,39.9655,30.6728,25.7868,24.7467,-6.867,2,0,0,1,90.5533
2695,2020-05-19,00:00:00.00,2.37765,9.64558,0,10.4661,8.96606,11.9661,10.4661,-33333.3,-33333.3,1.16851,95.6099,0.5,0,40.0784,30.8131,25.9401,24.4895,-6.90229,2,0,0,1,86.7295
2696,2020-05-20,00:00:00.00,2.39482,0,0,13.4661,8.96606,17.9661,13.4661,-33333.3,-33333.3,1.15571,95.6681,0.5,0,40.188,30.5845,25.77,26.0651,-6.67605,2,3.23754,3.23754,1,111.972
2697,2020-05-21,00:00:00.00,2.41199,0,0,12.9661,6.46606,19.4661,12.9661,-33333.3,-33333.3,1.15784,95.6585,0.5,0,40.2942,30.7251,25.8268,25.7971,-6.7162,2,2.52411,2.52411,1,108.174
2698,2020-05-22,00:00:00.00,2.42915,0,0,13.7161,4.96606,22.4661,13.7161,-33333.3,-33333.3,1.15464,95.6729,0.5,0,40.3969,30.7222,25.7764,26.1999,-6.6556,2,3.59426,3.59426,1,114.8
2699,2020-05-23,00:00:00.00,2.44632,0,0,16.9661,7.96606,25.9661,16.9661,-33333.3,-33333.3,1.1408,95.7345,0.5,0,40.4963,30.3974,25.4362,28.0034,-6.36652,2,5.70744,5.70744,1,142.445
2700,2020-05-24,00:00:00.00,2.46349,0,0,19.2161,12.9661,25.4661,19.2161,-33333.3,-33333.3,1.13119,95.7763,0.5,0,40.5922,30.1563,25.1279,29.3082,-6.14033,2,5.70744,5.70744,1,161.824
2701,2020-05-25,00:00:00.00,2.48066,0,0,20.9661,13.9661,27.9661,20.9661,-33333.3,-33333.3,1.1237,95.8085,0.5,0,40.6847,29.9598,24.8582,30.3558,-5.94909,2,5.70744,5.70744,1,177.077
2702,2020-05-26,00:00:00.00,2.49782,0.20095,0,23.9661,16.9661,30.9661,23.9661,-33333.3,-33333.3,1.1108,95.8627,0.5,0,40.7738,29.5204,24.3893,32.22,-5.5889,2,5.70744,5.70744,1,202.986
2703,2020-05-27,00:00:00.00,2.51499,0,0,23.9661,16.9661,30.9661,23.9661,-33333.3,-33333.3,1.1108,95.8627,0.5,0,40.8594,29.5856,24.3423,32.22,-5.5889,2,5.70744,5.70744,1,203.538
2704,2020-05-28,00:00:00.00,2.53216,0,0,23.2161,17.4661,28.9661,23.2161,-33333.3,-33333.3,1.11403,95.8492,0.5,0,40.9416,29.7813,24.398,31.7458,-5.68286,2,5.70744,5.70744,1,197.685
2705,2020-05-29,00:00:00.00,2.54933,6.73181,0,19.7161,17.4661,21.9661,19.7161,-33333.3,-33333.3,1.12906,95.7856,0.5,0,41.0203,30.4139,24.8088,29.6046,-6.08708,2,5.70744,5.70744,1,168.306
2706,2020-05-30,00:00:00.00,2.56649,9.14321,0,19.9661,16.4661,23.4661,19.9661,-33333.3,-33333.3,1.12799,95.7902,0.5,0,41.0956,30.4339,24.8451,29.7536,-6.06004,2,5.70744,5.70744,1,170.852
2707,2020-05-31,00:00:00.00,2.58366,0,0,11.9661,8.96606,14.9661,11.9661,-33333.3,-33333.3,1.1621,95.6392,0.5,0,41.1674,31.5295,25.8068,25.2676,-6.79355,2,1.09725,1.09725,1,102.632
2708,2020-06-01,00:00:00.00,2.60083,0,0,9.46606,3.96606,14.9661,9.46606,-33333.3,-33333.3,1.17278,95.5902,0.5,0,41.2357,31.838,26.0376,23.9814,-6.97001,2,0,0,1,81.3696
2709,2020-06-02,00:00:00.00,2.61799,1.00475,0,13.2161,5.46606,20.9661,13.2161,-33333.3,-33333.3,1.15677,95.6633,0.5,0,41.3006,31.4963,25.7582,25.9308,-6.69625,2,0,0,1,113.845
2710,2020-06-03,00:00:00.00,2.63516,4.01899,0,18.2161,10.4661,25.9661,18.2161,-33333.3,-33333.3,1.13546,95.7578,0.5,0,41.362,30.9009,25.2904,28.7225,-6.24356,2,4.16398,4.16398,1,157.231
2711,2020-06-04,00:00:00.00,2.65233,0,0,18.4661,11.9661,24.9661,18.4661,-33333.3,-33333.3,1.1344,95.7625,0.5,0,41.4199,30.9097,25.2949,28.8681,-6.21816,2,4.64041,4.64041,1,159.694
2712,2020-06-05,00:00:00.00,2.6695,0,0,20.4661,12.9661,27.9661,20.4661,-33333.3,-33333.3,1.12585,95.7993,0.5,0,41.4743,30.648,24.9927,30.0535,-6.00513,2,7.62285,7.62285,1,177.31
2713,2020-06-06,00:00:00.00,2.68666,0,0,23.7161,18.4661,28.9661,23.7161,-33333.3,-33333.3,1.11188,95.8582,0.5,0,41.5253,30.1362,24.4393,32.0613,-5.62052,2,7.62285,7.62285,1,205.819
2714,2020-06-07,00:00:00.00,2.70383,0,0,18.9661,13.9661,23.9661,18.9661,-33333.3,-33333.3,1.13226,95.7717,0.5,0,41.5728,30.9546,24.9822,29.1609,-6.16655,2,5.59327,5.59327,1,164.861
2715,2020-06-08,00:00:00.00,2.721,0,0,14.4661,8.96606,19.9661,14.4661,-33333.3,-33333.3,1.15145,95.6872,0.5,0,41.6168,31.5979,25.423,26.6077,-6.59273,2,0,0,1,125.935
2716,2020-06-09,00:00:00.00,2.73816,0,0,17.2161,8.96606,25.4661,17.2161,-33333.3,-33333.3,1.13973,95.7392,0.5,0,41.6573,31.2717,25.1606,28.1461,-6.34246,2,2.25827,2.25827,1,150.086
2717,2020-06-10,00:00:00.00,2.75533,11.4541,0,22.2161,13.4661,30.9661,22.2161,-33333.3,-33333.3,1.11834,95.8312,0.5,0,41.6944,30.5284,24.535,31.122,-5.80406,2,7.62285,7.62285,1,193.928
2718,2020-06-11,00:00:00.00,2.7725,19.0902,0,21.9661,14.9661,28.9661,21.9661,-33333.3,-33333.3,1.11941,95.8267,0.5,0,41.7279,30.5965,24.7051,30.9675,-5.83364,2,7.62285,7.62285,1,191.977
2719,2020-06-12,00:00:00.00,2.78967,0,0,16.4661,12.4661,20.4661,16.4661,-33333.3,-33333.3,1.14293,95.7251,0.5,0,41.758,31.4524,25.6256,27.7197,-6.41384,2,0.828985,0.828985,1,144.068
2720,2020-06-13,00:00:00.00,2.80683,0,0,11.2161,7.96606,14.4661,11.2161,-33333.3,-33333.3,1.1653,95.6246,0.5,0,41.7846,32.0996,26.1375,24.8761,-6.849,2,0,0,1,98.2321
2721,2020-06-14,00:00:00.00,2.824,0,0,11.4661,5.46606,17.4661,11.4661,-33333.3,-33333.3,1.16424,95.6294,0.5,0,41.8077,32.0915,26.1309,25.0061,-6.83076,2,0,0,1,100.512
2722,2020-06-15,00:00:00.00,2.84117,0,0,12.4661,4.96606,19.9661,12.4661,-33333.3,-33333.3,1.15997,95.6488,0.5,0,41.8273,31.9979,26.0547,25.5313,-6.75537,2,0,0,1,109.366
2723,2020-06-16,00:00:00.00,2.85833,0,0,13.4661,5.96606,20.9661,13.4661,-33333.3,-33333.3,1.15571,95.6681,0.5,0,41.8434,31.8962,25.9719,26.0651,-6.67605,2,0,0,1,118.222
2724,2020-06-17,00:00:00.00,2.8755,0,0,15.9661,7.96606,23.9661,15.9661,-33333.3,-33333.3,1.14506,95.7157,0.5,0,41.856,31.5956,25.7272,27.4384,-6.46012,2,0,0,1,140.255
2725,2020-06-18,00:00:00.00,2.89267,0,0,18.4661,8.96606,27.9661,18.4661,-33333.3,-33333.3,1.1344,95.7625,0.5,0,41.8652,31.2553,25.45,28.8681,-6.21816,2,4.64041,4.64041,1,162.297
2726,2020-06-19,00:00:00.00,2.90984,0,0,20.7161,12.4661,28.9661,20.7161,-33333.3,-33333.3,1.12478,95.8039,0.5,0,41.8709,30.9131,25.0896,30.2044,-5.97725,2,7.62285,7.62285,1,182.145
2727,2020-06-20,00:00:00.00,2.927,22.5064,0,21.7161,15.4661,27.9661,21.7161,-33333.3,-33333.3,1.12049,95.8221,0.5,0,41.8731,30.7501,24.8345,30.8137,-5.86293,2,7.62285,7.62285,1,190.995
2728,2020-06-21,00:00:00.00,2.94417,2.71282,0,22.9661,15.9661,29.9661,22.9661,-33333.3,-33333.3,1.11511,95.8447,0.5,0,41.8718,30.5337,24.897,31.5889,-5.71359,2,7.62285,7.62285,1,202.029
2729,2020-06-22,00:00:00.00,2.96134,0.401899,0,22.7161,15.9661,29.4661,22.7161,-33333.3,-33333.3,1.11619,95.8402,0.5,0,41.8671,30.5742,24.8419,31.4326,-5.74404,2,7.62285,7.62285,1,199.849
2730,2020-06-23,00:00:00.00,2.9785,0.20095,0,21.7161,17.4661,25.9661,21.7161,-33333.3,-33333.3,1.12049,95.8221,0.5,0,41.8589,30.7397,24.8572,30.8137,-5.86293,2,7.62285,7.62285,1,191.051
2731,2020-06-24,00:00:00.00,2.99567,20.6978,0,20.2161,17.4661,22.9661,20.2161,-33333.3,-33333.3,1.12692,95.7948,0.5,0,41.8472,30.9755,24.9404,29.9033,-6.03272,2,7.62285,7.62285,1,177.836
2732,2020-06-25,00:00:00.00,3.01284,0.20095,0,15.9661,11.9661,19.9661,15.9661,-33333.3,-33333.3,1.14506,95.7157,0.5,0,41.832,31.5779,25.6934,27.4384,-6.46012,2,0,0,1,140.421
2733,2020-06-26,00:00:00.00,3.03001,0,0,16.7161,9.46606,23.9661,16.7161,-33333.3,-33333.3,1.14186,95.7298,0.5,0,41.8134,31.4633,25.6041,27.8613,-6.39031,2,1.30541,1.30541,1,146.973
2734,2020-06-27,00:00:00.00,3.04717,0.803799,0,18.9661,11.9661,25.9661,18.9661,-33333.3,-33333.3,1.13226,95.7717,0.5,0,41.7913,31.1254,25.3063,29.1609,-6.16655,2,5.59327,5.59327,1,166.688
2735,2020-06-28,00:00:00.00,3.06434,18.2864,0,21.7161,17.4661,25.9661,21.7161,-33333.3,-33333.3,1.12049,95.8221,0.5,0,41.7658,30.6697,24.8564,30.8137,-5.86293,2,7.62285,7.62285,1,190.76
2736,2020-06-29,00:00:00.00,3.08151,0,0,18.2161,9.96606,26.4661,18.2161,-33333.3,-33333.3,1.13546,95.7578,0.5,0,41.7368,31.1941,25.4682,28.7225,-6.24356,2,4.16398,4.16398,1,159.918
2737,2020-06-30,00:00:00.00,3.09867,0,0,21.2161,15.9661,26.4661,21.2161,-33333.3,-33333.3,1.12263,95.813,0.5,0,41.7044,30.7062,24.992,30.5078,-5.92065,2,7.62285,7.62285,1,186.123
2738,2020-07-01,00:00:00.00,3.11584,0,0,22.2161,15.9661,28.4661,22.2161,-33333.3,-33333.3,1.11834,95.8312,0.5,0,41.6685,30.5116,24.7023,31.122,-5.80406,2,7.62285,7.62285,1,194.739
2739,2020-07-02,00:00:00.00,3.13301,0,0,22.4661,15.9661,28.9661,22.4661,-33333.3,-33333.3,1.11726,95.8357,0.5,0,41.6292,30.439,24.5303,31.277,-5.77419,2,8.13174,8.13174,1,196.751
2740,2020-07-03,00:00:00.00,3.15018,0,0,24.4661,18.4661,30.4661,24.4661,-33333.3,-33333.3,1.10863,95.8716,0.5,0,41.5864,30.0486,24.1124,32.5393,-5.52479,2,8.16235,8.16235,1,214.05
2741,2020-07-04,00:00:00.00,3.16734,0,0,23.7161,18.4661,28.9661,23.7161,-33333.3,-33333.3,1.11188,95.8582,0.5,0,41.5403,30.1515,24.106,32.0613,-5.62052,2,8.16235,8.16235,1,207.258
2742,2020-07-05,00:00:00.00,3.18451,0,0,23.2161,16.9661,29.4661,23.2161,-33333.3,-33333.3,1.11403,95.8492,0.5,0,41.4907,30.2036,24.0713,31.7458,-5.68286,2,8.16235,8.16235,1,202.643
2743,2020-07-06,00:00:00.00,3.20168,0,0,22.9661,15.4661,30.4661,22.9661,-33333.3,-33333.3,1.11511,95.8447,0.5,0,41.4376,30.2077,24.0092,31.5889,-5.71359,2,8.16235,8.16235,1,200.198
2744,2020-07-07,00:00:00.00,3.21884,0,0,24.2161,17.4661,30.9661,24.2161,-33333.3,-33333.3,1.10971,95.8672,0.5,0,41.3812,29.9411,23.742,32.3793,-5.55699,2,8.16235,8.16235,1,210.797
2745,2020-07-08,00:00:00.00,3.23601,0,0,24.7161,17.4661,31.9661,24.7161,-33333.3,-33333.3,1.10755,95.8761,0.5,0,41.3214,29.8037,23.5859,32.6998,-5.49229,2,8.16235,8.16235,1,214.824
2746,2020-07-09,00:00:00.00,3.25318,0,0,25.4661,18.9661,31.9661,25.4661,-33333.3,-33333.3,1.1043,95.8894,0.5,0,41.2582,29.6145,23.396,33.1852,-5.39298,2,8.16235,8.16235,1,220.986
2747,2020-07-10,00:00:00.00,3.27035,0,0,25.4661,18.9661,31.9661,25.4661,-33333.3,-33333.3,1.1043,95.8894,0.5,0,41.1915,29.5648,23.3225,33.1852,-5.39298,2,8.16235,8.16235,1,220.607
2748,2020-07-11,00:00:00.00,3.28751,7.63609,0,25.7161,19.4661,31.9661,25.7161,-33333.3,-33333.3,1.10321,95.8938,0.5,0,41.1215,29.4645,23.2141,33.3483,-5.35928,2,8.16235,8.16235,1,222.369
2749,2020-07-12,00:00:00.00,3.30468,9.44464,0,21.9661,19.9661,23.9661,21.9661,-33333.3,-33333.3,1.11941,95.8267,0.5,0,41.0481,30.0833,23.8039,30.9675,-5.83364,2,7.11145,7.11145,1,189.579
2750,2020-07-13,00:00:00.00,3.32185,0,0,20.2161,15.9661,24.4661,20.2161,-33333.3,-33333.3,1.12692,95.7948,0.5,0,40.9714,30.3062,24.1081,29.9033,-6.03272,2,3.54042,3.54042,1,174.124
2751,2020-07-14,00:00:00.00,3.33902,0,0,19.4661,15.4661,23.4661,19.4661,-33333.3,-33333.3,1.13013,95.781,0.5,0,40.8913,30.359,24.1244,29.4561,-6.11385,2,2.00998,2.00998,1,167.309
2752,2020-07-15,00:00:00.00,3.35618,0,0,20.4661,14.4661,26.4661,20.4661,-33333.3,-33333.3,1.12585,95.7993,0.5,0,40.8078,30.1417,23.9381,30.0535,-6.00513,2,4.05057,4.05057,1,175.514
2753,2020-07-16,00:00:00.00,3.37335,0,0,21.9661,15.4661,28.4661,21.9661,-33333.3,-33333.3,1.11941,95.8267,0.5,0,40.721,29.8338,23.6675,30.9675,-5.83364,2,7.11145,7.11145,1,187.942
2754,2020-07-17,00:00:00.00,3.39052,3.41614,0,21.7161,16.9661,26.4661,21.7161,-33333.3,-33333.3,1.12049,95.8221,0.5,0,40.6308,29.8061,23.603,30.8137,-5.86293,2,6.6013,6.6013,1,185.353
2755,2020-07-18,00:00:00.00,3.40768,0,0,22.2161,15.9661,28.4661,22.2161,-33333.3,-33333.3,1.11834,95.8312,0.5,0,40.5373,29.652,23.5049,31.122,-5.80406,2,7.6216,7.6216,1,189.144
2756,2020-07-19,00:00:00.00,3.42485,0,0,23.4661,16.9661,29.9661,23.4661,-33333.3,-33333.3,1.11295,95.8537,0.5,0,40.4405,29.3648,23.2349,31.9032,-5.65183,2,8.16235,8.16235,1,199.263
2757,2020-07-20,00:00:00.00,3.44202,13.0617,0,23.7161,19.9661,27.4661,23.7161,-33333.3,-33333.3,1.11188,95.8582,0.5,0,40.3404,29.2449,23.1009,32.0613,-5.62052,2,8.16235,8.16235,1,200.838
2758,2020-07-21,00:00:00.00,3.45919,0,0,22.4661,18.4661,26.4661,22.4661,-33333.3,-33333.3,1.11726,95.8357,0.5,0,40.237,29.3806,23.3896,31.277,-5.77419,2,8.13174,8.13174,1,189.716
2759,2020-07-22,00:00:00.00,3.47635,0.401899,0,19.2161,13.4661,24.9661,19.2161,-33333.3,-33333.3,1.13119,95.7763,0.5,0,40.1303,29.807,23.6685,29.3082,-6.14033,2,1.49983,1.49983,1,161.798
2760,2020-07-23,00:00:00.00,3.49352,8.74131,0,20.4661,14.9661,25.9661,20.4661,-33333.3,-33333.3,1.12585,95.7993,0.5,0,40.0204,29.5346,23.45,30.0535,-6.00513,2,4.05057,4.05057,1,171.802
2761,2020-07-24,00:00:00.00,3.51069,0,0,21.7161,16.9661,26.4661,21.7161,-33333.3,-33333.3,1.12049,95.8221,0.5,0,39.9071,29.2506,23.351,30.8137,-5.86293,2,6.6013,6.6013,1,181.726
2762,2020-07-25,00:00:00.00,3.52785,0,0,19.9661,14.9661,24.9661,19.9661,-33333.3,-33333.3,1.12799,95.7902,0.5,0,39.7907,29.4324,23.44,29.7536,-6.06004,2,3.03027,3.03027,1,166.543
2763,2020-07-26,00:00:00.00,3.54502,0,0,19.4661,13.9661,24.9661,19.4661,-33333.3,-33333.3,1.13013,95.781,0.5,0,39.6709,29.4133,23.402,29.4561,-6.11385,2,2.00998,2.00998,1,161.833
2764,2020-07-27,00:00:00.00,3.56219,0,0,24.7161,18.9661,30.4661,24.7161,-33333.3,-33333.3,1.10755,95.8761,0.5,0,39.548,28.4646,22.6333,32.6998,-5.49229,2,8.16235,8.16235,1,204.777
2765,2020-07-28,00:00:00.00,3.57936,0.401899,0,24.7161,20.4661,28.9661,24.7161,-33333.3,-33333.3,1.10755,95.8761,0.5,0,39.4219,28.3686,22.5031,32.6998,-5.49229,2,8.16235,8.16235,1,204.055
2766,2020-07-29,00:00:00.00,3.59652,0.803799,0,21.9661,16.4661,27.4661,21.9661,-33333.3,-33333.3,1.11941,95.8267,0.5,0,39.2925,28.7366,22.7547,30.9675,-5.83364,2,7.11145,7.11145,1,180.694
2767,2020-07-30,00:00:00.00,3.61369,0,0,22.2161,16.9661,27.4661,22.2161,-33333.3,-33333.3,1.11834,95.8312,0.5,0,39.16,28.594,22.6194,31.122,-5.80406,2,7.6216,7.6216,1,182.07
2768,2020-07-31,00:00:00.00,3.63086,0,0,20.9661,15.4661,26.4661,20.9661,-33333.3,-33333.3,1.1237,95.8085,0.5,0,39.0243,28.6859,22.6569,30.3558,-5.94909,2,5.07086,5.07086,1,171.169
2769,2020-08-01,00:00:00.00,3.64802,0,0,21.4661,14.9661,27.9661,21.4661,-33333.3,-33333.3,1.12156,95.8176,0.5,0,38.8855,28.5008,22.4906,30.6605,-5.89193,2,6.09115,6.09115,1,174.563
2770,2020-08-02,00:00:00.00,3.66519,24.9178,0,22.2161,15.4661,28.9661,22.2161,-33333.3,-33333.3,1.11834,95.8312,0.5,0,38.7435,28.2721,22.2884,31.122,-5.80406,2,6.97468,6.97468,1,179.935
2771,2020-08-03,00:00:00.00,3.68236,23.3102,0,21.9661,17.9661,25.9661,21.9661,-33333.3,-33333.3,1.11941,95.8267,0.5,0,38.5984,28.1996,22.6072,30.9675,-5.83364,2,6.97468,6.97468,1,177.177
2772,2020-08-04,00:00:00.00,3.69953,13.0617,0,19.4661,15.9661,22.9661,19.4661,-33333.3,-33333.3,1.13013,95.781,0.5,0,38.4503,28.4595,23.1195,29.4561,-6.11385,2,3.01306,3.01306,1,156.349
2773,2020-08-05,00:00:00.00,3.71669,13.0617,0,20.4661,16.9661,23.9661,20.4661,-33333.3,-33333.3,1.12585,95.7993,0.5,0,38.299,28.1961,23.0843,30.0535,-6.00513,2,4.75673,4.75673,1,163.669
2774,2020-08-06,00:00:00.00,3.73386,0,0,18.4661,12.9661,23.9661,18.4661,-33333.3,-33333.3,1.1344,95.7625,0.5,0,38.1448,28.3582,23.3334,28.8681,-6.21816,2,1.26939,1.26939,1,147.022
2775,2020-08-07,00:00:00.00,3.75103,0,0,17.7161,11.4661,23.9661,17.7161,-33333.3,-33333.3,1.1376,95.7485,0.5,0,37.9874,28.3337,23.291,28.4331,-6.29354,2,0,0,1,140.412
2776,2020-08-08,00:00:00.00,3.76819,0,0,19.2161,12.4661,25.9661,19.2161,-33333.3,-33333.3,1.13119,95.7763,0.5,0,37.8271,28.0051,23.0209,29.3082,-6.14033,2,2.57714,2.57714,1,151.596
2777,2020-08-09,00:00:00.00,3.78536,0,0,20.4661,13.9661,26.9661,20.4661,-33333.3,-33333.3,1.12585,95.7993,0.5,0,37.6638,27.6989,22.7249,30.0535,-6.00513,2,4.75673,4.75673,1,160.695
2778,2020-08-10,00:00:00.00,3.80253,0,0,21.9661,15.4661,28.4661,21.9661,-33333.3,-33333.3,1.11941,95.8267,0.5,0,37.4975,27.3438,22.3529,30.9675,-5.83364,2,6.97468,6.97468,1,171.641
2779,2020-08-11,00:00:00.00,3.8197,0,0,24.4661,18.9661,29.9661,24.4661,-33333.3,-33333.3,1.10863,95.8716,0.5,0,37.3283,26.8077,21.7988,32.5393,-5.52479,2,6.97468,6.97468,1,190.234
2780,2020-08-12,00:00:00.00,3.83686,0,0,22.4661,19.4661,25.4661,22.4661,-33333.3,-33333.3,1.11726,95.8357,0.5,0,37.1562,27.0001,21.8514,31.277,-5.77419,2,6.97468,6.97468,1,173.806
2781,2020-08-13,00:00:00.00,3.85403,0,0,20.2161,11.9661,28.4661,20.2161,-33333.3,-33333.3,1.12692,95.7948,0.5,0,36.9812,27.1988,21.9203,29.9033,-6.03272,2,4.32081,4.32081,1,155.598
2782,2020-08-14,00:00:00.00,3.8712,0,0,20.9661,13.4661,28.4661,20.9661,-33333.3,-33333.3,1.1237,95.8085,0.5,0,36.8034,26.951,21.6712,30.3558,-5.94909,2,5.62856,5.62856,1,160.528
2783,2020-08-15,00:00:00.00,3.88836,0,0,21.9661,15.9661,27.9661,21.9661,-33333.3,-33333.3,1.11941,95.8267,0.5,0,36.6227,26.6607,21.3789,30.9675,-5.83364,2,6.97468,6.97468,1,167.289
2784,2020-08-16,00:00:00.00,3.90553,0,0,20.7161,13.9661,27.4661,20.7161,-33333.3,-33333.3,1.12478,95.8039,0.5,0,36.4393,26.701,21.3455,30.2044,-5.97725,2,5.19265,5.19265,1,156.914
2785,2020-08-17,00:00:00.00,3.9227,2.0095,0,18.9661,15.4661,22.4661,18.9661,-33333.3,-33333.3,1.13226,95.7717,0.5,0,36.2531,26.7955,21.3779,29.1609,-6.16655,2,2.14123,2.14123,1,142.866
2786,2020-08-18,00:00:00.00,3.93987,3.81804,0,20.2161,14.4661,25.9661,20.2161,-33333.3,-33333.3,1.12692,95.7948,0.5,0,36.0642,26.4761,21.1394,29.9033,-6.03272,2,4.32081,4.32081,1,151.426
2787,2020-08-19,00:00:00.00,3.95703,0,0,17.4661,11.9661,22.9661,17.4661,-33333.3,-33333.3,1.13866,95.7438,0.5,0,35.8726,26.6848,21.333,28.2893,-6.31813,2,0,0,1,130.08
2788,2020-08-20,00:00:00.00,3.9742,0,0,16.4661,10.9661,21.9661,16.4661,-33333.3,-33333.3,1.14293,95.7251,0.5,0,35.6783,26.6498,21.3051,27.7197,-6.41384,2,0,0,1,121.919
2789,2020-08-21,00:00:00.00,3.99137,0,0,16.9661,8.96606,24.9661,16.9661,-33333.3,-33333.3,1.1408,95.7345,0.5,0,35.4815,26.4329,21.1316,28.0034,-6.36652,2,0,0,1,124.879
2790,2020-08-22,00:00:00.00,4.00853,0,0,21.2161,14.9661,27.4661,21.2161,-33333.3,-33333.3,1.12263,95.813,0.5,0,35.282,25.7182,20.5602,30.5078,-5.92065,2,6.06448,6.06448,1,155.222
2791,2020-08-23,00:00:00.00,4.0257,0,0,22.7161,15.9661,29.4661,22.7161,-33333.3,-33333.3,1.11619,95.8402,0.5,0,35.0801,25.3397,20.21,31.4326,-5.74404,2,6.97468,6.97468,1,165.181
2792,2020-08-24,00:00:00.00,4.04287,0,0,22.9661,15.9661,29.9661,22.9661,-33333.3,-33333.3,1.11511,95.8447,0.5,0,34.8756,25.1418,20.0036,31.5889,-5.71359,2,6.97468,6.97468,1,165.963
2793,2020-08-25,00:00:00.00,4.06004,0,0,23.4661,17.4661,29.4661,23.4661,-33333.3,-33333.3,1.11295,95.8537,0.5,0,34.6687,24.9037,19.7721,31.9032,-5.65183,2,6.97468,6.97468,1,168.507
2794,2020-08-26,00:00:00.00,4.0772,0,0,22.4661,18.4661,26.4661,22.4661,-33333.3,-33333.3,1.11726,95.8357,0.5,0,34.4594,24.8901,19.7242,31.277,-5.77419,2,6.97468,6.97468,1,160.294
2795,2020-08-27,00:00:00.00,4.09437,20.2959,0,16.7161,11.4661,21.9661,16.7161,-33333.3,-33333.3,1.14186,95.7298,0.5,0,34.2478,25.4732,20.1531,27.8613,-6.39031,2,0,0,1,118.493
2796,2020-08-28,00:00:00.00,4.11154,0,0,20.2161,12.9661,27.4661,20.2161,-33333.3,-33333.3,1.12692,95.7948,0.5,0,34.0338,24.8689,19.9869,29.9033,-6.03272,2,4.32081,4.32081,1,142.358
2797,2020-08-29,00:00:00.00,4.12871,2.21045,0,18.9661,13.4661,24.4661,18.9661,-33333.3,-33333.3,1.13226,95.7717,0.5,0,33.8176,24.8584,19.937,29.1609,-6.16655,2,2.14123,2.14123,1,132.663
2798,2020-08-30,00:00:00.00,4.14587,1.00475,0,18.7161,14.9661,22.4661,18.7161,-33333.3,-33333.3,1.13333,95.7671,0.5,0,33.5992,24.7152,19.8366,29.0142,-6.19249,2,1.70531,1.70531,1,130.026
2799,2020-08-31,00:00:00.00,4.16304,0,0,16.2161,12.4661,19.9661,16.2161,-33333.3,-33333.3,1.14399,95.7204,0.5,0,33.3787,24.8303,19.9286,27.5788,-6.43711,2,0,0,1,111.882
2800,2020-09-01,00:00:00.00,4.18021,0,0,18.9661,13.9661,23.9661,18.9661,-33333.3,-33333.3,1.13226,95.7717,0.5,0,33.156,24.3304,19.5274,29.1609,-6.16655,2,2.14123,2.14123,1,129.943
2801,2020-09-02,00:00:00.00,4.19737,19.4921,0,19.9661,12.9661,26.9661,19.9661,-33333.3,-33333.3,1.12799,95.7902,0.5,0,32.9313,24.0254,19.2637,29.7536,-6.06004,2,4.76622,4.76622,1,135.828
2802,2020-09-03,00:00:00.00,4.21454,6.32992,0,21.4661,18.9661,23.9661,21.4661,-33333.3,-33333.3,1.12156,95.8176,0.5,0,32.7046,23.6478,19.1961,30.6605,-5.89193,2,4.76622,4.76622,1,144.986
2803,2020-09-04,00:00:00.00,4.23171,4.62184,0,18.4661,11.4661,25.4661,18.4661,-33333.3,-33333.3,1.1344,95.7625,0.5,0,32.4761,23.8474,19.3891,28.8681,-6.21816,2,4.76622,4.76622,1,123.818
2804,2020-09-05,00:00:00.00,4.24888,1.6076,0,14.9661,9.96606,19.9661,14.9661,-33333.3,-33333.3,1.14932,95.6967,0.5,0,32.2456,24.0472,19.5555,26.8824,-6.54955,2,0.899625,0.899625,1,99.6123
2805,2020-09-06,00:00:00.00,4.26604,0,0,12.9661,8.46606,17.4661,12.9661,-33333.3,-33333.3,1.15784,95.6585,0.5,0,32.0134,24.052,19.5713,25.7971,-6.7162,2,0,0,1,85.6582
2806,2020-09-07,00:00:00.00,4.28321,12.057,0,13.7161,6.46606,20.9661,13.7161,-33333.3,-33333.3,1.15464,95.6729,0.5,0,31.7794,23.7914,19.3592,26.1999,-6.6556,2,0,0,1,89.9302
2807,2020-09-08,00:00:00.00,4.30038,0.602849,0,15.9661,8.96606,22.9661,15.9661,-33333.3,-33333.3,1.14506,95.7157,0.5,0,31.5437,23.3763,19.1955,27.4384,-6.46012,2,2.09118,2.09118,1,103.884
2808,2020-09-09,00:00:00.00,4.31754,5.22469,0,11.9661,10.9661,12.9661,11.9661,-33333.3,-33333.3,1.1621,95.6392,0.5,0,31.3065,23.5642,19.328,25.2676,-6.79355,2,0,0,1,77.2569
2809,2020-09-10,00:00:00.00,4.33471,0.401899,0,13.7161,10.4661,16.9661,13.7161,-33333.3,-33333.3,1.15464,95.6729,0.5,0,31.0677,23.2123,19.1143,26.1999,-6.6556,2,0,0,1,87.864
2810,2020-09-11,00:00:00.00,4.35188,0,0,15.4661,12.4661,18.4661,15.4661,-33333.3,-33333.3,1.14719,95.7062,0.5,0,30.8274,22.8479,18.8199,27.1592,-6.50535,2,1.4954,1.4954,1,98.2919
2811,2020-09-12,00:00:00.00,4.36905,0,0,13.7161,9.46606,17.9661,13.7161,-33333.3,-33333.3,1.15464,95.6729,0.5,0,30.5858,22.82,18.7757,26.1999,-6.6556,2,0,0,1,86.4739
2812,2020-09-13,00:00:00.00,4.38621,5.52612,0,14.2161,6.46606,21.9661,14.2161,-33333.3,-33333.3,1.15251,95.6825,0.5,0,30.3428,22.5758,18.5747,26.4712,-6.61394,2,0.00595778,0.00595778,1,88.9024
2813,2020-09-14,00:00:00.00,4.40338,2.0095,0,15.9661,9.96606,21.9661,15.9661,-33333.3,-33333.3,1.14506,95.7157,0.5,0,30.0986,22.2076,18.3476,27.4384,-6.46012,2,2.09118,2.09118,1,99.0313
2814,2020-09-15,00:00:00.00,4.42055,0,0,11.9661,8.46606,15.4661,11.9661,-33333.3,-33333.3,1.1621,95.6392,0.5,0,29.8532,22.3755,18.4852,25.2676,-6.79355,2,0,0,1,73.6086
2815,2020-09-16,00:00:00.00,4.43771,0,0,10.4661,2.96606,17.9661,10.4661,-33333.3,-33333.3,1.16851,95.6099,0.5,0,29.6067,22.294,18.4177,24.4895,-6.90229,2,0,0,1,63.8448
2816,2020-09-17,00:00:00.00,4.45488,0,0,13.2161,4.46606,21.9661,13.2161,-33333.3,-33333.3,1.15677,95.6633,0.5,0,29.3592,21.8652,18.0635,25.9308,-6.69625,2,0,0,1,79.9415
2817,2020-09-18,00:00:00.00,4.47205,0,0,13.7161,9.96606,17.4661,13.7161,-33333.3,-33333.3,1.15464,95.6729,0.5,0,29.1108,21.6186,17.8598,26.1999,-6.6556,2,0,0,1,82.2603
2818,2020-09-19,00:00:00.00,4.48922,0,0,7.71606,2.46606,12.9661,7.71606,-33333.3,-33333.3,1.18028,95.5555,0.5,0,28.8615,21.8773,18.0733,23.1123,-7.0796,2,0,0,1,45.8787
2819,2020-09-20,00:00:00.00,4.50638,0,0,7.21606,0.466056,13.9661,7.21606,-33333.3,-33333.3,1.18242,95.5455,0.5,0,28.6114,21.7032,17.9295,22.8686,-7.10886,2,0,0,1,42.5338
2820,2020-09-21,00:00:00.00,4.52355,0,0,8.71606,0.966056,16.4661,8.71606,-33333.3,-33333.3,1.17599,95.5754,0.5,0,28.3606,21.3961,17.6758,23.6058,-7.01836,2,0,0,1,50.9258
2821,2020-09-22,00:00:00.00,4.54072,0,0,11.7161,3.96606,19.4661,11.7161,-33333.3,-33333.3,1.16317,95.6343,0.5,0,28.1093,20.968,17.3221,25.1366,-6.81228,2,0,0,1,67.8497
2822,2020-09-23,00:00:00.00,4.55788,0,0,13.4661,4.96606,21.9661,13.4661,-33333.3,-33333.3,1.15571,95.6681,0.5,0,27.8573,20.6188,17.0336,26.0651,-6.67605,2,0,0,1,77.2895
2823,2020-09-24,00:00:00.00,4.57505,0,0,15.2161,5.96606,24.4661,15.2161,-33333.3,-33333.3,1.14825,95.7015,0.5,0,27.605,20.2594,16.7367,27.0205,-6.52758,2,1.19751,1.19751,1,86.549
2824,2020-09-25,00:00:00.00,4.59222,0,0,17.9661,10.9661,24.9661,17.9661,-33333.3,-33333.3,1.13653,95.7532,0.5,0,27.3523,19.7894,16.3337,28.5775,-6.26868,2,4.47429,4.47429,1,101.265
2825,2020-09-26,00:00:00.00,4.60939,0,0,17.4661,9.96606,24.9661,17.4661,-33333.3,-33333.3,1.13866,95.7438,0.5,0,27.0993,19.6363,16.1528,28.2893,-6.31813,2,3.87851,3.87851,1,97.5474
2826,2020-09-27,00:00:00.00,4.62655,0,0,17.7161,10.4661,24.9661,17.7161,-33333.3,-33333.3,1.1376,95.7485,0.5,0,26.8462,19.4077,15.918,28.4331,-6.29354,2,4.1764,4.1764,1,98.0324
2827,2020-09-28,00:00:00.00,4.64372,0,0,18.2161,12.4661,23.9661,18.2161,-33333.3,-33333.3,1.13546,95.7578,0.5,0,26.5929,19.154,15.6602,28.7225,-6.24356,2,4.76622,4.76622,1,99.8636
2828,2020-09-29,00:00:00.00,4.66089,26.9273,0,19.2161,14.4661,23.9661,19.2161,-33333.3,-33333.3,1.13119,95.7763,0.5,0,26.3397,18.8483,15.3545,29.3082,-6.14033,2,4.76622,4.76622,1,104.361
2829,2020-09-30,00:00:00.00,4.67805,0,0,13.7161,10.4661,16.9661,13.7161,-33333.3,-33333.3,1.15464,95.6729,0.5,0,26.0865,19.1551,15.7407,26.1999,-6.6556,2,0,0,1,73.7889
2830,2020-10-01,00:00:00.00,4.69522,6.22944,0,10.9661,6.46606,15.4661,10.9661,-33333.3,-33333.3,1.16637,95.6197,0.5,0,25.8335,19.1593,15.7441,24.7467,-6.867,2,0,0,1,58.4349
2831,2020-10-02,00:00:00.00,4.71239,2.21045,0,11.2161,6.96606,15.4661,11.2161,-33333.3,-33333.3,1.1653,95.6246,0.5,0,25.5808,18.9342,15.632,24.8761,-6.849,2,2.2458,2.2458,1,59.1962
2832,2020-10-03,00:00:00.00,4.72956,0,0,8.96606,5.96606,11.9661,8.96606,-33333.3,-33333.3,1.17492,95.5804,0.5,0,25.3285,18.88,15.5868,23.7305,-7.00247,2,0.920585,0.920585,1,46.8661
2833,2020-10-04,00:00:00.00,4.74672,0,0,5.46606,0.466056,10.4661,5.46606,-33333.3,-33333.3,1.18996,95.5102,0.5,0,25.0765,18.878,15.5744,22.0318,-7.20425,2,0,0,1,28.2949
2834,2020-10-05,00:00:00.00,4.76389,7.23419,0,5.71606,1.46606,9.96606,5.71606,-33333.3,-33333.3,1.18888,95.5153,0.5,0,24.8252,18.6562,15.3913,22.1498,-7.19128,2,0,0,1,29.3009
2835,2020-10-06,00:00:00.00,4.78106,0,0,8.96606,4.96606,12.9661,8.96606,-33333.3,-33333.3,1.17492,95.5804,0.5,0,24.5744,18.2592,15.1434,23.7305,-7.00247,2,0.920585,0.920585,1,45.5105
2836,2020-10-07,00:00:00.00,4.79822,4.21994,0,10.9661,4.96606,16.9661,10.9661,-33333.3,-33333.3,1.16637,95.6197,0.5,0,24.3244,17.9224,14.8538,24.7467,-6.867,2,2.09856,2.09856,1,55.114
2837,2020-10-08,00:00:00.00,4.81539,2.61235,0,11.2161,6.96606,15.4661,11.2161,-33333.3,-33333.3,1.1653,95.6246,0.5,0,24.0752,17.7012,14.6938,24.8761,-6.849,2,2.2458,2.2458,1,55.8122
2838,2020-10-09,00:00:00.00,4.83256,1.40665,0,8.46606,2.96606,13.9661,8.46606,-33333.3,-33333.3,1.17706,95.5704,0.5,0,23.8269,17.6745,14.6756,23.4816,-7.03401,2,0.626092,0.626092,1,41.7086
2839,2020-10-10,00:00:00.00,4.84973,0,0,9.96606,1.96606,17.9661,9.96606,-33333.3,-33333.3,1.17064,95.6001,0.5,0,23.5797,17.3781,14.4379,24.2344,-6.93662,2,1.50957,1.50957,1,48.6074
2840,2020-10-11,00:00:00.00,4.86689,0,0,12.9661,6.96606,18.9661,12.9661,-33333.3,-33333.3,1.15784,95.6585,0.5,0,23.3335,16.9716,14.0843,25.7971,-6.7162,2,2.35594,2.35594,1,62.604
2841,2020-10-12,00:00:00.00,4.88406,0,0,6.71606,1.96606,11.4661,6.71606,-33333.3,-33333.3,1.18457,95.5355,0.5,0,23.0885,17.1651,14.2197,22.627,-7.13722,2,0,0,1,32.0999
2842,2020-10-13,00:00:00.00,4.90123,13.0617,0,8.71606,2.46606,14.9661,8.71606,-33333.3,-33333.3,1.17599,95.5754,0.5,0,22.8447,16.8513,13.9597,23.6058,-7.01836,2,0.773338,0.773338,1,41.237
2843,2020-10-14,00:00:00.00,4.9184,0,0,11.4661,6.96606,15.9661,11.4661,-33333.3,-33333.3,1.16424,95.6294,0.5,0,22.6024,16.4801,13.7127,25.0061,-6.83076,2,2.35594,2.35594,1,53.6961
2844,2020-10-15,00:00:00.00,4.93556,1.50712,0,9.21606,3.46606,14.9661,9.21606,-33333.3,-33333.3,1.17385,95.5853,0.5,0,22.3614,16.4247,13.6424,23.8557,-6.98636,2,1.06783,1.06783,1,42.7189
2845,2020-10-16,00:00:00.00,4.95273,9.04274,0,7.71606,3.46606,11.9661,7.71606,-33333.3,-33333.3,1.18028,95.5555,0.5,0,22.1221,16.3137,13.5547,23.1123,-7.0796,2,0.184353,0.184353,1,35.4
2846,2020-10-17,00:00:00.00,4.9699,0,0,5.71606,1.46606,9.96606,5.71606,-33333.3,-33333.3,1.18888,95.5153,0.5,0,21.8843,16.2221,13.5289,22.1498,-7.19128,2,0,0,1,25.9552
2847,2020-10-18,00:00:00.00,4.98706,1.00475,0,4.71606,-0.533944,9.96606,4.71606,-33333.3,-33333.3,1.19319,95.495,0.5,0,21.6483,16.0751,13.4063,21.6806,-7.24185,2,0,0,1,21.1941
2848,2020-10-19,00:00:00.00,5.00423,6.02849,0,5.96606,0.966056,10.9661,5.96606,-33333.3,-33333.3,1.1878,95.5203,0.5,0,21.4141,15.8214,13.2045,22.2683,-7.17809,2,0,0,1,26.5352
2849,2020-10-20,00:00:00.00,5.0214,6.22944,0,4.71606,2.96606,6.46606,4.71606,-33333.3,-33333.3,1.19319,95.495,0.5,0,21.1818,15.6891,13.1286,21.6806,-7.24185,2,0,0,1,20.759
2850,2020-10-21,00:00:00.00,5.03857,10.4494,0,7.71606,2.96606,12.4661,7.71606,-33333.3,-33333.3,1.18028,95.5555,0.5,0,20.9515,15.3508,12.8723,23.1123,-7.0796,2,0.184353,0.184353,1,33.613
2851,2020-10-22,00:00:00.00,5.05573,3.51662,0,8.21606,3.46606,12.9661,8.21606,-33333.3,-33333.3,1.17813,95.5655,0.5,0,20.7232,15.1366,12.7141,23.358,-7.04943,2,0.478845,0.478845,1,35.4205
2852,2020-10-23,00:00:00.00,5.0729,0.602849,0,6.96606,3.96606,9.96606,6.96606,-33333.3,-33333.3,1.1835,95.5405,0.5,0,20.4971,15.0158,12.6243,22.7475,-7.12315,2,0,0,1,29.7204
2853,2020-10-24,00:00:00.00,5.09007,1.40665,0,14.9661,6.46606,23.4661,14.9661,-33333.3,-33333.3,1.14932,95.6967,0.5,0,20.2732,14.3484,12.0686,26.8824,-6.54955,2,2.35594,2.35594,1,63.1904
2854,2020-10-25,00:00:00.00,5.10723,0,0,3.46606,0.466056,6.46606,3.46606,-33333.3,-33333.3,1.19861,95.4694,0.5,0,20.0517,14.8089,12.4471,21.1053,-7.30025,2,0,0,1,14.4829
2855,2020-10-26,00:00:00.00,5.1244,0.803799,0,2.96606,-1.03394,6.96606,2.96606,-33333.3,-33333.3,1.20078,95.4591,0.5,0,19.8325,14.648,12.3118,20.8786,-7.32214,2,0,0,1,12.2653
2856,2020-10-27,00:00:00.00,5.14157,0,0,3.46606,-1.03394,7.96606,3.46606,-33333.3,-33333.3,1.19861,95.4694,0.5,0,19.6158,14.4483,12.1512,21.1053,-7.30025,2,0,0,1,14.1846
2857,2020-10-28,00:00:00.00,5.15874,4.82279,0,2.96606,0.966056,4.96606,2.96606,-33333.3,-33333.3,1.20078,95.4591,0.5,0,19.4016,14.2914,12.0192,20.8786,-7.32214,2,0,0,1,12.0129
2858,2020-10-29,00:00:00.00,5.1759,0,0,4.71606,0.466056,8.96606,4.71606,-33333.3,-33333.3,1.19319,95.495,0.5,0,19.1901,14.0442,11.8229,21.6806,-7.24185,2,0,0,1,18.9037
2859,2020-10-30,00:00:00.00,5.19307,0,0,4.96606,0.966056,8.96606,4.96606,-33333.3,-33333.3,1.19211,95.5001,0.5,0,18.9813,13.8614,11.6689,21.7972,-7.22953,2,0,0,1,19.7009
2860,2020-10-31,00:00:00.00,5.21024,0,0,-0.533944,-1.53394,0.466056,-0.533944,-33333.3,-33333.3,1.21609,95.3859,0.5,0,18.7752,13.8985,11.7001,19.3349,-7.46295,2,0,0,1,-2.09645
2861,2020-11-01,00:00:00.00,5.2274,1.13813,1.37375,-0.0339442,-7.53394,7.46606,-0.0339442,-33333.3,-33333.3,1.21388,95.3965,0.5,0,18.572,13.7132,11.5441,19.5581,-7.43696,2,0,0,1,-0.13189
2862,2020-11-02,00:00:00.00,5.24457,2.32337,6.11651,0.216056,-6.53394,6.96606,0.216056,-33333.3,-33333.3,1.21278,95.4017,0.5,0,18.3717,13.5387,4.58028,19.6661,-7.42788,2,0.0440216,0.0440216,1,0.831112
2863,2020-11-03,00:00:00.00,5.26174,0,0,-0.0339442,-5.03394,4.96606,-0.0339442,-33333.3,-33333.3,1.21388,95.3965,0.5,0,18.1745,13.3834,4.52737,19.5581,-7.43696,2,0,0,1,-0.129222
2864,2020-11-04,00:00:00.00,5.27891,0,0,1.21606,-5.03394,7.46606,1.21606,-33333.3,-33333.3,1.2084,95.4227,0.5,0,17.9802,13.1803,4.45846,20.1004,-7.39225,2,0.24973,0.24973,1,4.58354
2865,2020-11-05,00:00:00.00,5.29607,0,0,9.21606,0.466056,17.9661,9.21606,-33333.3,-33333.3,1.17385,95.5853,0.5,0,17.7891,12.6858,4.29159,23.8557,-6.98636,2,0.822833,0.822833,1,34.3881
2866,2020-11-06,00:00:00.00,5.31324,0,0,10.4661,4.46606,16.4661,10.4661,-33333.3,-33333.3,1.16851,95.6099,0.5,0,17.6012,12.4683,10.514,24.4895,-6.90229,2,0.822833,0.822833,1,38.6625
2867,2020-11-07,00:00:00.00,5.33041,0,0,12.4661,6.96606,17.9661,12.4661,-33333.3,-33333.3,1.15997,95.6488,0.5,0,17.4165,12.2083,10.2886,25.5313,-6.75537,2,0.822833,0.822833,1,45.5942
2868,2020-11-08,00:00:00.00,5.34757,0,0,13.9661,8.96606,18.9661,13.9661,-33333.3,-33333.3,1.15358,95.6777,0.5,0,17.2352,11.9736,10.0846,26.3353,-6.63489,2,0.822833,0.822833,1,50.5777
2869,2020-11-09,00:00:00.00,5.36474,0,0,13.4661,6.46606,20.4661,13.4661,-33333.3,-33333.3,1.15571,95.6681,0.5,0,17.0572,11.8609,9.98361,26.0651,-6.67605,2,0.822833,0.822833,1,48.291
2870,2020-11-10,00:00:00.00,5.38191,0,0,13.9661,5.46606,22.4661,13.9661,-33333.3,-33333.3,1.15358,95.6777,0.5,0,16.8826,11.6911,9.83472,26.3353,-6.63489,2,0.822833,0.822833,1,49.5994
2871,2020-11-11,00:00:00.00,5.39908,4.42089,0,14.4661,6.96606,21.9661,14.4661,-33333.3,-33333.3,1.15145,95.6872,0.5,0,16.7115,11.5241,9.68828,26.6077,-6.59273,2,0.822833,0.822833,1,50.8827
2872,2020-11-12,00:00:00.00,5.41624,0,0,13.7161,12.4661,14.9661,13.7161,-33333.3,-33333.3,1.15464,95.6729,0.5,0,16.544,11.4349,9.61864,26.1999,-6.6556,2,0.822833,0.822833,1,47.787
2873,2020-11-13,00:00:00.00,5.43341,0,0,3.96606,-1.03394,8.96606,3.96606,-33333.3,-33333.3,1.19644,95.4796,0.5,0,16.3801,11.7629,9.88849,21.334,-7.27753,2,0.815428,0.815428,1,13.6882
2874,2020-11-14,00:00:00.00,5.45058,0,0,2.71606,-1.53394,6.96606,2.71606,-33333.3,-33333.3,1.20186,95.4539,0.5,0,16.2198,11.6762,9.80967,20.766,-7.33277,2,0.558292,0.558292,1,9.28711
2875,2020-11-15,00:00:00.00,5.46774,5.82754,0,1.96606,-1.53394,5.46606,1.96606,-33333.3,-33333.3,1.20513,95.4383,0.5,0,16.0631,11.5729,9.71887,20.431,-7.36343,2,0.404011,0.404011,1,6.66108
2876,2020-11-16,00:00:00.00,5.48491,18.6883,0,4.21606,-1.53394,9.96606,4.21606,-33333.3,-33333.3,1.19536,95.4848,0.5,0,15.9103,11.3686,9.55748,21.449,-7.26585,2,0.822833,0.822833,1,14.1552
2877,2020-11-17,00:00:00.00,5.50208,0,2.0095,0.716056,-0.0339442,1.46606,0.716056,-33333.3,-33333.3,1.21059,95.4122,0.5,0,15.7612,11.3644,9.5625,19.8823,-7.41046,2,0.146876,0.146876,1,2.38274
2878,2020-11-18,00:00:00.00,5.51925,0,0,-1.03394,-2.03394,-0.0339442,-1.03394,-33333.3,-33333.3,1.2183,95.3753,0.5,0,15.616,11.2962,9.51127,19.1139,-7.48792,2,0,0,1,-3.41036
2879,2020-11-19,00:00:00.00,5.53641,0,0,-2.28394,-6.53394,1.96606,-2.28394,-33333.3,-33333.3,1.22385,95.3486,0.5,0,15.4746,11.2133,9.44147,18.5705,-7.54597,2,0,0,1,-7.46849
2880,2020-11-20,00:00:00.00,5.55358,0,0,3.21606,-6.03394,12.4661,3.21606,-33333.3,-33333.3,1.19969,95.4642,0.5,0,15.3372,10.9347,9.20691,20.9917,-7.3113,2,0.661147,0.661147,1,10.4276
2881,2020-11-21,00:00:00.00,5.57075,0,0,8.21606,1.46606,14.9661,8.21606,-33333.3,-33333.3,1.17813,95.5655,0.5,0,15.2037,10.6332,8.94938,23.358,-7.04943,2,0.822833,0.822833,1,26.4181
2882,2020-11-22,00:00:00.00,5.58791,0,0,1.71606,0.466056,2.96606,1.71606,-33333.3,-33333.3,1.20622,95.4331,0.5,0,15.0742,10.7683,9.05759,20.3203,-7.37324,2,0.352584,0.352584,1,5.47298
2883,2020-11-23,00:00:00.00,5.60508,3.55271e-15,17.0807,-2.53394,-4.53394,-0.533944,-2.53394,-33333.3,-33333.3,1.22496,95.3432,0.5,0,14.9487,10.7851,9.06933,18.4633,-7.55683,2,0,0,1,-8.01707
2884,2020-11-24,00:00:00.00,5.62225,0,0,-0.533944,-3.03394,1.96606,-0.533944,-33333.3,-33333.3,1.21609,95.3859,0.5,0,14.8273,10.632,3.59159,19.3349,-7.46295,2,0,0,1,-1.67617
2885,2020-11-25,00:00:00.00,5.63942,8.88178e-16,1.6076,-1.28394,-3.03394,0.466056,-1.28394,-33333.3,-33333.3,1.21941,95.37,0.5,0,14.7101,10.5558,3.56559,19.0042,-7.50003,2,0,0,1,-4.00002
2886,2020-11-26,00:00:00.00,5.65658,11.4915,0.565488,0.966056,-3.53394,5.46606,0.966056,-33333.3,-33333.3,1.20949,95.4175,0.5,0,14.5969,10.3995,3.51277,19.9911,-7.40146,2,0.198303,0.198303,1,2.98744
2887,2020-11-27,00:00:00.00,5.67375,0,0,3.96606,-0.0339442,7.96606,3.96606,-33333.3,-33333.3,1.19644,95.4796,0.5,0,14.4879,10.2147,3.45046,21.334,-7.27753,2,0.815428,0.815428,1,12.1763
2888,2020-11-28,00:00:00.00,5.69092,2.0095,0,4.46606,3.96606,4.96606,4.46606,-33333.3,-33333.3,1.19428,95.4899,0.5,0,14.3831,10.1121,3.41566,21.5646,-7.25396,2,0.822833,0.822833,1,13.6156
2889,2020-11-29,00:00:00.00,5.70809,0,0,1.96606,-1.03394,4.96606,1.96606,-33333.3,-33333.3,1.20513,95.4383,0.5,0,14.2825,10.1116,8.52097,20.431,-7.36343,2,0.404011,0.404011,1,5.95334
2890,2020-11-30,00:00:00.00,5.72525,0,0,2.96606,-1.53394,7.46606,2.96606,-33333.3,-33333.3,1.20078,95.4591,0.5,0,14.1862,10.0015,8.42569,20.8786,-7.32214,2,0.60972,0.60972,1,8.92259
2891,2020-12-01,00:00:00.00,5.74242,6.22944,5.02374,1.46606,-1.53394,4.46606,1.46606,-33333.3,-33333.3,1.20731,95.4279,0.5,0,14.0941,9.97243,8.39741,20.2101,-7.38284,2,0.301157,0.301157,1,4.38239
2892,2020-12-02,00:00:00.00,5.75959,0,2.0095,-2.03394,-3.03394,-1.03394,-2.03394,-33333.3,-33333.3,1.22274,95.354,0.5,0,14.0064,9.99541,5.36985,18.6781,-7.53485,2,0.188053,0.188053,1,-6.04293
2893,2020-12-03,00:00:00.00,5.77675,0,0,-1.03394,-4.53394,2.46606,-1.03394,-33333.3,-33333.3,1.2183,95.3753,0.5,0,13.9229,9.90136,3.34327,19.1139,-7.48792,2,0.26859,0.26859,1,-3.05395
2894,2020-12-04,00:00:00.00,5.79392,8.88178e-16,5.02374,-2.28394,-5.53394,0.966056,-2.28394,-33333.3,-33333.3,1.22385,95.3486,0.5,0,13.8438,9.86767,3.33167,18.5705,-7.54597,2,0.167919,0.167919,1,-6.70838
2895,2020-12-05,00:00:00.00,5.81109,-2.22045e-15,3.01425,-1.03394,-2.53394,0.466056,-1.03394,-33333.3,-33333.3,1.2183,95.3753,0.5,0,13.769,9.77488,3.30031,19.1139,-7.48792,2,0.26859,0.26859,1,-3.02068
2896,2020-12-06,00:00:00.00,5.82826,0,0,-1.78394,-2.03394,-1.53394,-1.78394,-33333.3,-33333.3,1.22163,95.3593,0.5,0,13.6987,9.73594,3.28699,18.7863,-7.52349,2,0.208188,0.208188,1,-5.18539
2897,2020-12-07,00:00:00.00,5.84542,0,0,-4.28394,-7.03394,-1.53394,-4.28394,-33333.3,-33333.3,1.23278,95.3054,0.5,0,13.6327,9.73954,3.28792,17.7275,-7.62615,2,0.00684562,0.00684562,1,-12.3923
2898,2020-12-08,00:00:00.00,5.86259,0,0,-4.03394,-8.03394,-0.0339442,-4.03394,-33333.3,-33333.3,1.23166,95.3109,0.5,0,13.5711,9.68325,3.26883,17.8311,-7.61696,2,0.0269798,0.0269798,1,-11.6162
2899,2020-12-09,00:00:00.00,5.87976,-2.22045e-15,3.01425,-4.53394,-9.03394,-0.0339442,-4.53394,-33333.3,-33333.3,1.2339,95.3,0.5,0,13.514,9.64686,3.25641,17.6243,-7.6351,2,0,0,1,-13.0005
2900,2020-12-10,00:00:00.00,5.89692,0,0,-2.28394,-6.53394,1.96606,-2.28394,-33333.3,-33333.3,1.22385,95.3486,0.5,0,13.4612,9.55263,3.22466,18.5705,-7.54597,2,0.167919,0.167919,1,-6.52287
2901,2020-12-11,00:00:00.00,5.91409,0,0,1.46606,-0.533944,3.46606,1.46606,-33333.3,-33333.3,1.20731,95.4279,0.5,0,13.413,9.41483,3.17835,20.2101,-7.38284,2,0.322147,0.322147,1,4.1716
2902,2020-12-12,00:00:00.00,5.93126,0.602849,0,2.71606,-1.53394,6.96606,2.71606,-33333.3,-33333.3,1.20186,95.4539,0.5,0,13.3692,9.34212,3.15384,20.766,-7.33277,2,0.322147,0.322147,1,7.70217
2903,2020-12-13,00:00:00.00,5.94843,10.0475,0,3.46606,-1.53394,8.46606,3.46606,-33333.3,-33333.3,1.19861,95.4694,0.5,0,13.3299,9.28683,6.99231,21.1053,-7.30025,2,0.322147,0.322147,1,9.79855
2904,2020-12-14,00:00:00.00,5.96559,0,0,-2.03394,-3.53394,-0.533944,-2.03394,-33333.3,-33333.3,1.22274,95.354,0.5,0,13.295,9.40967,7.93839,18.6781,-7.53485,2,0.188053,0.188053,1,-5.73384
2905,2020-12-15,00:00:00.00,5.98276,-2.22045e-15,3.01425,-2.28394,-3.53394,-1.03394,-2.28394,-33333.3,-33333.3,1.22385,95.3486,0.5,0,13.2647,9.39056,7.92116,18.5705,-7.54597,2,0.167919,0.167919,1,-6.42253
2906,2020-12-16,00:00:00.00,5.99993,0,0,-5.78394,-7.03394,-4.53394,-5.78394,-33333.3,-33333.3,1.23952,95.2726,0.5,0,13.2388,9.44476,3.18764,17.1162,-7.67638,2,0,0,1,-16.229
2907,2020-12-17,00:00:00.00,6.01709,0,1.00475,-9.03394,-10.5339,-7.53394,-9.03394,-33333.3,-33333.3,1.25428,95.2003,0.5,0,13.2175,9.48591,3.20131,15.8514,-7.75756,2,0,0,1,-25.3005
2908,2020-12-18,00:00:00.00,6.03426,0,0,-7.03394,-10.0339,-4.03394,-7.03394,-33333.3,-33333.3,1.24517,95.245,0.5,0,13.2007,9.43678,3.1848,16.6202,-7.71199,2,0,0,1,-19.6683
2909,2020-12-19,00:00:00.00,6.05143,0,0,-5.53394,-9.03394,-2.03394,-5.53394,-33333.3,-33333.3,1.23839,95.2781,0.5,0,13.1884,9.39769,3.17167,17.2168,-7.66859,2,0,0,1,-15.4546
2910,2020-12-20,00:00:00.00,6.0686,8.88178e-16,5.02374,-5.78394,-11.5339,-0.0339442,-5.78394,-33333.3,-33333.3,1.23952,95.2726,0.5,0,13.1806,9.39604,3.17108,17.1162,-7.67638,2,0,0,1,-16.1375
2911,2020-12-21,00:00:00.00,6.08576,0,0,-0.783944,-3.03394,1.46606,-0.783944,-33333.3,-33333.3,1.21719,95.3806,0.5,0,13.1773,9.28122,3.13265,19.2242,-7.47556,2,0.288724,0.288724,1,-2.18586
2912,2020-12-22,00:00:00.00,6.10293,0,1.00475,-1.53394,-4.53394,1.46606,-1.53394,-33333.3,-33333.3,1.22052,95.3646,0.5,0,13.1786,9.3007,3.13917,18.895,-7.51189,2,0.228322,0.228322,1,-4.27577
2913,2020-12-23,00:00:00.00,6.1201,0,0,-2.03394,-4.03394,-0.0339442,-2.03394,-33333.3,-33333.3,1.22274,95.354,0.5,0,13.1844,9.3173,3.14474,18.6781,-7.53485,2,0.188053,0.188053,1,-5.66954
2914,2020-12-24,00:00:00.00,6.13726,2.61235,0,1.71606,-3.53394,6.96606,1.71606,-33333.3,-33333.3,1.20622,95.4331,0.5,0,13.1948,9.22736,3.1147,20.3203,-7.37324,2,0.322147,0.322147,1,4.78504
2915,2020-12-25,00:00:00.00,6.15443,2.4114,8.03799,2.96606,-1.53394,7.46606,2.96606,-33333.3,-33333.3,1.20078,95.4591,0.5,0,13.2096,9.20226,3.10636,20.8786,-7.32214,2,0.322147,0.322147,1,8.27584
2916,2020-12-26,00:00:00.00,6.1716,0,7.03324,-2.28394,-1.53394,-3.03394,-2.28394,-33333.3,-33333.3,1.22385,95.3486,0.5,0,13.229,9.35911,3.1589,18.5705,-7.54597,2,0.167919,0.167919,1,-6.37871
2917,2020-12-27,00:00:00.00,6.18877,3.55271e-15,9.04274,-5.53394,-7.53394,-3.53394,-5.53394,-33333.3,-33333.3,1.23839,95.2781,0.5,0,13.2529,9.44918,3.18913,17.2168,-7.66859,2,0,0,1,-15.4752
2918,2020-12-28,00:00:00.00,6.20593,3.55271e-15,17.0807,-2.28394,-7.53394,2.96606,-2.28394,-33333.3,-33333.3,1.22385,95.3486,0.5,0,13.2814,9.40158,3.17332,18.5705,-7.54597,2,0.167919,0.167919,1,-6.39701
2919,2020-12-29,00:00:00.00,6.2231,0,0,-3.03394,-6.03394,-0.0339442,-3.03394,-33333.3,-33333.3,1.22719,95.3325,0.5,0,13.3143,9.4458,3.18825,18.2505,-7.57784,2,0.107517,0.107517,1,-8.51383
2920,2020-12-30,00:00:00.00,6.24027,1.77636e-15,5.42564,-5.78394,-8.53394,-3.03394,-5.78394,-33333.3,-33333.3,1.23952,95.2726,0.5,0,13.3518,9.53493,3.21822,17.1162,-7.67638,2,0,0,1,-16.2668
2921,2020-12-31,00:00:00.00,6.25743,0,8.23894,-3.53394,-10.0339,2.96606,-3.53394,-33333.3,-33333.3,1.22942,95.3217,0.5,0,13.3938,9.52186,3.21401,18.0398,-7.59788,2,0.0672482,0.0672482,1,-9.96391
2922,2021-01-01,00:00:00.00,6.2746,0,0,-2.28394,-4.03394,-0.533944,-2.28394,-33333.3,-33333.3,1.22385,95.3486,0.5,0,13.4402,9.53095,3.21724,18.5705,-7.54597,2,0.167919,0.167919,1,-6.45773
2923,2021-01-02,00:00:00.00,0.0086071,3.55271e-15,9.04274,-5.28394,-10.0339,-0.533944,-5.28394,-33333.3,-33333.3,1.23727,95.2836,0.5,0,13.4913,9.63908,3.25363,17.318,-7.66056,2,0.14503,0.14503,1,-14.9869
2924,2021-01-03,00:00:00.00,0.0258213,0,0,-2.78394,-5.03394,-0.533944,-2.78394,-33333.3,-33333.3,1.22607,95.3379,0.5,0,13.5469,9.62982,3.25075,18.3567,-7.56746,2,0.168836,0.168836,1,-7.92321
2925,2021-01-04,00:00:00.00,0.0430355,0,7.03324,-2.03394,-4.03394,-0.0339442,-2.03394,-33333.3,-33333.3,1.22274,95.354,0.5,0,13.607,9.66103,3.26144,18.6781,-7.53485,2,0.168836,0.168836,1,-5.81026
2926,2021-01-05,00:00:00.00,0.0602497,0,0,-1.53394,-3.03394,-0.0339442,-1.53394,-33333.3,-33333.3,1.22052,95.3646,0.5,0,13.6716,9.70142,3.27521,18.895,-7.51189,2,0.168836,0.168836,1,-4.39954
2927,2021-01-06,00:00:00.00,0.0774639,0,0,-1.28394,-2.53394,-0.0339442,-1.28394,-33333.3,-33333.3,1.21941,95.37,0.5,0,13.7407,9.7515,3.29225,19.0042,-7.50003,2,0.168836,0.168836,1,-3.69836
2928,2021-01-07,00:00:00.00,0.0946781,0,0,-1.28394,-4.03394,1.46606,-1.28394,-33333.3,-33333.3,1.21941,95.37,0.5,0,13.8142,9.81154,3.31264,19.0042,-7.50003,2,0.168836,0.168836,1,-3.71532
2929,2021-01-08,00:00:00.00,0.111892,0,0,-2.28394,-5.53394,0.966056,-2.28394,-33333.3,-33333.3,1.22385,95.3486,0.5,0,13.8922,9.90026,3.34265,18.5705,-7.54597,2,0.168836,0.168836,1,-6.64114
2930,2021-01-09,00:00:00.00,0.129107,0,0,-7.28394,-13.5339,-1.03394,-7.28394,-33333.3,-33333.3,1.2463,95.2395,0.5,0,13.9745,10.0758,3.40174,16.5224,-7.71845,2,0.0606122,0.0606122,1,-21.2886
2931,2021-01-10,00:00:00.00,0.146321,0,0,-4.28394,-12.0339,3.46606,-4.28394,-33333.3,-33333.3,1.23278,95.3054,0.5,0,14.0613,10.0856,3.40537,17.7275,-7.62615,2,0.168836,0.168836,1,-12.5882
2932,2021-01-11,00:00:00.00,0.163535,0,0,-4.53394,-8.53394,-0.533944,-4.53394,-33333.3,-33333.3,1.2339,95.3,0.5,0,14.1525,10.1661,3.43268,17.6243,-7.6351,2,0.168836,0.168836,1,-13.3981
2933,2021-01-12,00:00:00.00,0.180749,0,0,-4.78394,-7.53394,-2.03394,-4.78394,-33333.3,-33333.3,1.23502,95.2945,0.5,0,14.2481,10.2501,3.46121,17.5217,-7.64382,2,0.166135,0.166135,1,-14.2204
2934,2021-01-13,00:00:00.00,0.197963,0,0,-4.03394,-6.53394,-1.53394,-4.03394,-33333.3,-33333.3,1.23166,95.3109,0.5,0,14.348,10.3156,3.48352,17.8311,-7.61696,2,0.168836,0.168836,1,-12.0648
2935,2021-01-14,00:00:00.00,0.215178,0,0,-2.28394,-5.03394,0.466056,-2.28394,-33333.3,-33333.3,1.22385,95.3486,0.5,0,14.4522,10.3594,3.49859,18.5705,-7.54597,2,0.168836,0.168836,1,-6.87457
2936,2021-01-15,00:00:00.00,0.232392,0,0,-0.533944,-3.03394,1.96606,-0.533944,-33333.3,-33333.3,1.21609,95.3859,0.5,0,14.5607,10.4024,3.51342,19.3349,-7.46295,2,0.168836,0.168836,1,-1.61779
2937,2021-01-16,00:00:00.00,0.249606,0.602849,0.401899,1.21606,-1.53394,3.96606,1.21606,-33333.3,-33333.3,1.2084,95.4227,0.5,0,14.6735,10.4442,3.52786,20.1004,-7.39225,2,0.168836,0.168836,1,3.70982
2938,2021-01-17,00:00:00.00,0.26682,1.11022e-16,0.20095,-1.53394,-4.03394,0.966056,-1.53394,-33333.3,-33333.3,1.22052,95.3646,0.5,0,14.7906,10.6178,3.58649,18.895,-7.51189,2,0.168836,0.168836,1,-4.71266
2939,2021-01-18,00:00:00.00,0.284034,0,1.00475,-1.03394,-4.03394,1.96606,-1.03394,-33333.3,-33333.3,1.2183,95.3753,0.5,0,14.9118,10.7039,3.61581,19.1139,-7.48792,2,0.168836,0.168836,1,-3.19968
2940,2021-01-19,00:00:00.00,0.301249,0,2.0095,-4.28394,-8.03394,-0.533944,-4.28394,-33333.3,-33333.3,1.23278,95.3054,0.5,0,15.0373,10.8891,3.67837,17.7275,-7.62615,2,0.168836,0.168836,1,-13.3566
2941,2021-01-20,00:00:00.00,0.318463,0,1.00475,-4.28394,-6.53394,-2.03394,-4.28394,-33333.3,-33333.3,1.23278,95.3054,0.5,0,15.1668,10.996,3.7147,17.7275,-7.62615,2,0.168836,0.168836,1,-13.4594
2942,2021-01-21,00:00:00.00,0.335677,0,0,-7.03394,-12.0339,-2.03394,-7.03394,-33333.3,-33333.3,1.24517,95.245,0.5,0,15.3005,11.1668,3.77245,16.6202,-7.71199,2,0.0711644,0.0711644,1,-22.2736
2943,2021-01-22,00:00:00.00,0.352891,-2.22045e-15,3.01425,-5.78394,-12.0339,0.466056,-5.78394,-33333.3,-33333.3,1.23952,95.2726,0.5,0,15.4383,11.2544,3.80236,17.1162,-7.67638,2,0.123926,0.123926,1,-18.4631
2944,2021-01-23,00:00:00.00,0.370105,0,1.00475,-4.28394,-4.53394,-4.03394,-4.28394,-33333.3,-33333.3,1.23278,95.3054,0.5,0,15.5801,11.3374,3.83073,17.7275,-7.62615,2,0.168836,0.168836,1,-13.7876
2945,2021-01-24,00:00:00.00,0.38732,0,0,-11.2839,-15.5339,-7.03394,-11.2839,-33333.3,-33333.3,1.26463,95.1492,0.5,0,15.726,11.5986,3.91888,15.022,-7.79273,2,0,0,1,-36.6223
2946,2021-01-25,00:00:00.00,0.404534,0,0,-9.53394,-14.5339,-4.53394,-9.53394,-33333.3,-33333.3,1.25657,95.189,0.5,0,15.8757,11.6927,3.95102,15.6638,-7.76682,2,0,0,1,-31.208
2947,2021-01-26,00:00:00.00,0.421748,0,0,-5.53394,-9.03394,-2.03394,-5.53394,-33333.3,-33333.3,1.23839,95.2781,0.5,0,16.0294,11.7384,3.96692,17.2168,-7.66859,2,0.134478,0.134478,1,-18.2727
2948,2021-01-27,00:00:00.00,0.438962,1.77636e-15,10.0475,-1.78394,-5.53394,1.96606,-1.78394,-33333.3,-33333.3,1.22163,95.3593,0.5,0,16.187,11.7742,3.97951,18.7863,-7.52349,2,0.168836,0.168836,1,-5.94274
2949,2021-01-28,00:00:00.00,0.456176,0,0,-6.28394,-8.53394,-4.03394,-6.28394,-33333.3,-33333.3,1.24178,95.2616,0.5,0,16.3484,12.0199,4.06255,16.9163,-7.6913,2,0.102821,0.102821,1,-21.1222
2950,2021-01-29,00:00:00.00,0.473391,0,0,-11.7839,-14.5339,-9.03394,-11.7839,-33333.3,-33333.3,1.26695,95.1378,0.5,0,16.5136,12.2638,4.14503,14.8426,-7.79832,2,0,0,1,-39.9719
2951,2021-01-30,00:00:00.00,0.490605,2.22045e-16,0.401899,-12.0339,-16.0339,-8.03394,-12.0339,-33333.3,-33333.3,1.26811,95.132,0.5,0,16.6825,12.4091,4.1944,14.7536,-7.80082,2,0,0,1,-41.1987
2952,2021-01-31,00:00:00.00,0.507819,0,0,-11.2839,-16.0339,-6.53394,-11.2839,-33333.3,-33333.3,1.26463,95.1492,0.5,0,16.855,12.5405,4.23916,15.022,-7.79273,2,0,0,1,-38.9941
2953,2021-02-01,00:00:00.00,0.525033,0,0,-11.0339,-16.5339,-5.53394,-11.0339,-33333.3,-33333.3,1.26348,95.155,0.5,0,17.0312,12.6833,4.28776,15.1123,-7.78964,2,0,0,1,-38.4929
2954,2021-02-02,00:00:00.00,0.542247,0,0,-8.03394,-13.0339,-3.03394,-8.03394,-33333.3,-33333.3,1.24971,95.2228,0.5,0,17.211,12.7754,4.31933,16.232,-7.7365,2,0.0518793,0.0518793,1,-28.2967
2955,2021-02-03,00:00:00.00,0.559462,0,0,-6.78394,-12.5339,-1.03394,-6.78394,-33333.3,-33333.3,1.24404,95.2506,0.5,0,17.3942,12.901,4.36216,16.7184,-7.70532,2,0.133144,0.133144,1,-24.1262
2956,2021-02-04,00:00:00.00,0.576676,0,0,-5.53394,-11.0339,-0.0339442,-5.53394,-33333.3,-33333.3,1.23839,95.2781,0.5,0,17.5809,13.0272,4.40522,17.2168,-7.66859,2,0.214408,0.214408,1,-19.8738
2957,2021-02-05,00:00:00.00,0.59389,0,7.03324,-7.78394,-11.5339,-4.03394,-7.78394,-33333.3,-33333.3,1.24858,95.2283,0.5,0,17.771,13.2372,4.47647,16.3283,-7.7307,2,0.0681322,0.0681322,1,-28.2309
2958,2021-02-06,00:00:00.00,0.611104,-2.22045e-15,3.01425,-7.78394,-12.0339,-3.53394,-7.78394,-33333.3,-33333.3,1.24858,95.2283,0.5,0,17.9644,13.3987,4.53141,16.3283,-7.7307,2,0.0681322,0.0681322,1,-28.5125
2959,2021-02-07,00:00:00.00,0.628319,0,4.01899,-10.5339,-12.0339,-9.03394,-10.5339,-33333.3,-33333.3,1.26117,95.1664,0.5,0,18.161,13.6193,4.60623,15.2943,-7.78285,2,0,0,1,-38.9736
2960,2021-02-08,00:00:00.00,0.645533,1.11022e-16,0.20095,-11.0339,-12.0339,-10.0339,-11.0339,-33333.3,-33333.3,1.26348,95.155,0.5,0,18.3609,13.7961,4.66637,15.1123,-7.78964,2,0,0,1,-41.2365
2961,2021-02-09,00:00:00.00,0.662747,-1.11022e-16,0.602849,-13.2839,-16.5339,-10.0339,-13.2839,-33333.3,-33333.3,1.27394,95.1031,0.5,0,18.5639,14.0061,4.73767,14.3153,-7.81039,2,0,0,1,-50.1507
2962,2021-02-10,00:00:00.00,0.679961,0,0,-10.0339,-15.0339,-5.03394,-10.0339,-33333.3,-33333.3,1.25887,95.1777,0.5,0,18.7699,14.1195,4.77653,15.4782,-7.77524,2,0,0,1,-38.2687
2963,2021-02-11,00:00:00.00,0.697175,0,0,-12.5339,-17.0339,-8.03394,-12.5339,-33333.3,-33333.3,1.27044,95.1205,0.5,0,18.9789,14.3418,4.85199,14.577,-7.80522,2,0,0,1,-48.2953
2964,2021-02-12,00:00:00.00,0.71439,0,1.00475,-10.0339,-15.0339,-5.03394,-10.0339,-33333.3,-33333.3,1.25887,95.1777,0.5,0,19.1907,14.4724,4.89664,15.4782,-7.77524,2,0,0,1,-39.0618
2965,2021-02-13,00:00:00.00,0.731604,0,0,-12.2839,-17.0339,-7.53394,-12.2839,-33333.3,-33333.3,1.26928,95.1263,0.5,0,19.4055,14.6958,4.97252,14.6651,-7.80312,2,0,0,1,-48.3168
2966,2021-02-14,00:00:00.00,0.748818,8.88178e-16,5.02374,-13.5339,-17.0339,-10.0339,-13.5339,-33333.3,-33333.3,1.27511,95.0973,0.5,0,19.6229,14.9006,5.04218,14.2289,-7.81173,2,0,0,1,-53.7872
2967,2021-02-15,00:00:00.00,0.766032,0,2.0095,-12.7839,-20.5339,-5.03394,-12.7839,-33333.3,-33333.3,1.27161,95.1147,0.5,0,19.8431,15.0728,5.10084,14.4893,-7.80714,2,0,0,1,-51.3365
2968,2021-02-16,00:00:00.00,0.783246,-1.77636e-15,13.0617,-11.2839,-18.5339,-4.03394,-11.2839,-33333.3,-33333.3,1.26463,95.1492,0.5,0,20.0658,15.2321,5.1552,15.022,-7.79273,2,0,0,1,-45.7867
2969,2021-02-17,00:00:00.00,0.800461,0,2.0095,-10.2839,-13.0339,-7.53394,-10.2839,-33333.3,-33333.3,1.26002,95.172,0.5,0,20.291,15.4013,5.21289,15.386,-7.77915,2,0,0,1,-42.166
2970,2021-02-18,00:00:00.00,0.817675,0,0,-12.0339,-19.0339,-5.03394,-12.0339,-33333.3,-33333.3,1.26811,95.132,0.5,0,20.5187,15.6275,5.28982,14.7536,-7.80082,2,0,0,1,-49.8588
2971,2021-02-19,00:00:00.00,0.834889,-4.44089e-15,6.02849,-9.28394,-14.5339,-4.03394,-9.28394,-33333.3,-33333.3,1.25542,95.1947,0.5,0,20.7487,15.7644,5.33664,15.7574,-7.76229,2,0,0,1,-38.8688
2972,2021-02-20,00:00:00.00,0.852103,-2.22045e-15,3.01425,-5.78394,-9.53394,-2.03394,-5.78394,-33333.3,-33333.3,1.23952,95.2726,0.5,0,20.9809,15.8735,5.37413,17.1162,-7.67638,2,0.198155,0.198155,1,-24.4697
2973,2021-02-21,00:00:00.00,0.869317,0,0,-6.53394,-10.5339,-2.53394,-6.53394,-33333.3,-33333.3,1.24291,95.2561,0.5,0,21.2154,16.0898,5.44777,16.8171,-7.69842,2,0.149397,0.149397,1,-27.9329
2974,2021-02-22,00:00:00.00,0.886532,0,8.03799,-10.5339,-19.5339,-1.53394,-10.5339,-33333.3,-33333.3,1.26117,95.1664,0.5,0,21.4519,16.383,5.54727,15.2943,-7.78285,2,0,0,1,-45.5059
2975,2021-02-23,00:00:00.00,0.903746,0,2.0095,-9.28394,-19.5339,0.966056,-9.28394,-33333.3,-33333.3,1.25542,95.1947,0.5,0,21.6903,16.5561,5.60637,15.7574,-7.76229,2,0,0,1,-40.5266
2976,2021-02-24,00:00:00.00,0.92096,0,1.00475,0.216056,-3.03394,3.46606,0.216056,-33333.3,-33333.3,1.21278,95.4017,0.5,0,21.9307,16.4742,5.57952,19.6661,-7.42788,2,0.260046,0.260046,1,0.953045
2977,2021-02-25,00:00:00.00,0.938174,0,0,1.46606,-3.53394,6.46606,1.46606,-33333.3,-33333.3,1.20731,95.4279,0.5,0,22.1729,16.6267,5.63166,20.2101,-7.38284,2,0.260046,0.260046,1,6.53442
2978,2021-02-26,00:00:00.00,0.955388,0,1.00475,-4.03394,-7.03394,-1.03394,-4.03394,-33333.3,-33333.3,1.23166,95.3109,0.5,0,22.4168,17.026,5.767,17.8311,-7.61696,2,0.260046,0.260046,1,-18.1675
2979,2021-02-27,00:00:00.00,0.972603,0,4.01899,-6.03394,-15.0339,2.96606,-6.03394,-33333.3,-33333.3,1.24065,95.2671,0.5,0,22.6623,17.2908,5.85702,17.016,-7.68395,2,0.181902,0.181902,1,-27.4579
2980,2021-02-28,00:00:00.00,0.989817,0,0,-6.03394,-14.0339,1.96606,-6.03394,-33333.3,-33333.3,1.24065,95.2671,0.5,0,22.9094,17.4983,5.92775,17.016,-7.68395,2,0.181902,0.181902,1,-27.7433
2981,2021-03-01,00:00:00.00,1.00703,0,0,-0.0339442,-5.03394,4.96606,-0.0339442,-33333.3,-33333.3,1.21388,95.3965,0.5,0,23.1579,17.5068,5.93138,19.5581,-7.43696,2,0.260046,0.260046,1,-0.157659
2982,2021-03-02,00:00:00.00,1.02425,-2.22045e-15,3.01425,-2.53394,-3.03394,-2.03394,-2.53394,-33333.3,-33333.3,1.22496,95.3432,0.5,0,23.4077,17.807,6.03339,18.4633,-7.55683,2,0.286178,0.286178,1,-11.893
2983,2021-03-03,00:00:00.00,1.04146,0,0,-9.53394,-16.5339,-2.53394,-9.53394,-33333.3,-33333.3,1.25657,95.189,0.5,0,23.6588,18.2201,6.17349,15.6638,-7.76682,2,0,0,1,-45.2081
2984,2021-03-04,00:00:00.00,1.05867,0,0,-4.78394,-14.0339,4.46606,-4.78394,-33333.3,-33333.3,1.23502,95.2945,0.5,0,23.911,18.3026,6.20207,17.5217,-7.64382,2,0,0,1,-22.9171
2985,2021-03-05,00:00:00.00,1.07589,0,0,-6.03394,-7.03394,-5.03394,-6.03394,-33333.3,-33333.3,1.24065,95.2671,0.5,0,24.1643,18.553,6.28735,17.016,-7.68395,2,0,0,1,-29.2003
2986,2021-03-06,00:00:00.00,1.0931,0,1.00475,-7.03394,-13.0339,-1.03394,-7.03394,-33333.3,-33333.3,1.24517,95.245,0.5,0,24.4185,18.7956,6.36995,16.6202,-7.71199,2,0,0,1,-34.3857
2987,2021-03-07,00:00:00.00,1.11032,0,0,-7.03394,-11.5339,-2.53394,-7.03394,-33333.3,-33333.3,1.24517,95.245,0.5,0,24.6735,19.0103,6.4432,16.6202,-7.71199,2,0,0,1,-34.7337
2988,2021-03-08,00:00:00.00,1.12753,0,0,-10.2839,-17.0339,-3.53394,-10.2839,-33333.3,-33333.3,1.26002,95.172,0.5,0,24.9294,19.3103,6.54522,15.386,-7.77915,2,0,0,1,-51.2936
2989,2021-03-09,00:00:00.00,1.14474,0,0,-5.28394,-16.5339,5.96606,-5.28394,-33333.3,-33333.3,1.23727,95.2836,0.5,0,25.1859,19.3896,6.57273,17.318,-7.66056,2,0,0,1,-26.6189
2990,2021-03-10,00:00:00.00,1.16196,0,0,0.966056,-5.53394,7.46606,0.966056,-33333.3,-33333.3,1.20949,95.4175,0.5,0,25.4429,19.373,6.56785,19.9911,-7.40146,2,0.898518,0.898518,1,4.91521
2991,2021-03-11,00:00:00.00,1.17917,0,0,5.71606,-2.03394,13.4661,5.71606,-33333.3,-33333.3,1.18888,95.5153,0.5,0,25.7004,19.3524,6.56163,22.1498,-7.19128,2,0.898518,0.898518,1,29.3707
2992,2021-03-12,00:00:00.00,1.19639,0.20095,0,8.46606,0.966056,15.9661,8.46606,-33333.3,-33333.3,1.17706,95.5704,0.5,0,25.9583,19.401,6.57875,23.4816,-7.03401,2,0.898518,0.898518,1,43.9292
2993,2021-03-13,00:00:00.00,1.2136,0,0,2.46606,-1.03394,5.96606,2.46606,-33333.3,-33333.3,1.20295,95.4487,0.5,0,26.2164,19.9496,6.7648,20.6539,-7.34319,2,0.898518,0.898518,1,12.9212
2994,2021-03-14,00:00:00.00,1.23082,0,0,-2.53394,-8.03394,2.96606,-2.53394,-33333.3,-33333.3,1.22496,95.3432,0.5,0,26.4747,20.3783,6.91035,18.4633,-7.55683,2,0.286178,0.286178,1,-13.4059
2995,2021-03-15,00:00:00.00,1.24803,0,0,-3.28394,-7.03394,0.466056,-3.28394,-33333.3,-33333.3,1.2283,95.3271,0.5,0,26.7331,20.6228,6.99371,18.1449,-7.58798,2,0.117706,0.117706,1,-17.5416
2996,2021-03-16,00:00:00.00,1.26524,0,0,-5.53394,-11.0339,-0.0339442,-5.53394,-33333.3,-33333.3,1.23839,95.2781,0.5,0,26.9915,20.9172,7.09392,17.2168,-7.66859,2,0,0,1,-29.8436
2997,2021-03-17,00:00:00.00,1.28246,0,0,-3.78394,-11.0339,3.46606,-3.78394,-33333.3,-33333.3,1.23054,95.3163,0.5,0,27.2497,21.0749,7.14795,17.9352,-7.60754,2,0.00539111,0.00539111,1,-20.6004
2998,2021-03-18,00:00:00.00,1.29967,0,0,2.96606,-4.03394,9.96606,2.96606,-33333.3,-33333.3,1.20078,95.4591,0.5,0,27.5077,21.0012,7.12372,20.8786,-7.32214,2,0.898518,0.898518,1,16.3003
2999,2021-03-19,00:00:00.00,1.31689,0,0,1.96606,-0.533944,4.46606,1.96606,-33333.3,-33333.3,1.20513,95.4383,0.5,0,27.7655,21.2659,7.21394,20.431,-7.36343,2,0.898518,0.898518,1,10.906
3000,2021-03-20,00:00:00.00,1.3341,0,0,-1.03394,-7.53394,5.46606,-1.03394,-33333.3,-33333.3,1.2183,95.3753,0.5,0,28.0228,21.6172,7.3334,19.1139,-7.48792,2,0.623123,0.623123,1,-5.78873
3001,2021-03-21,00:00:00.00,1.35132,0,0,2.46606,-7.03394,11.9661,2.46606,-33333.3,-33333.3,1.20295,95.4487,0.5,0,28.2797,21.6701,7.35201,20.6539,-7.34319,2,0.898518,0.898518,1,13.9342
3002,2021-03-22,00:00:00.00,1.36853,0,0,5.46606,-4.53394,15.4661,5.46606,-33333.3,-33333.3,1.18996,95.5102,0.5,0,28.5359,21.7189,7.99172,22.0318,-7.20425,2,0.898518,0.898518,1,31.1678
3003,2021-03-23,00:00:00.00,1.38574,0,0,5.96606,-5.03394,16.9661,5.96606,-33333.3,-33333.3,1.1878,95.5203,0.5,0,28.7915,21.9008,18.4903,22.2683,-7.17809,2,0.898518,0.898518,1,34.3274
3004,2021-03-24,00:00:00.00,1.40296,0,0,8.96606,-0.533944,18.4661,8.96606,-33333.3,-33333.3,1.17492,95.5804,0.5,0,29.0464,21.9134,18.4903,23.7305,-7.00247,2,0.898518,0.898518,1,52.0526
3005,2021-03-25,00:00:00.00,1.42017,0,0,9.46606,1.46606,17.4661,9.46606,-33333.3,-33333.3,1.17278,95.5902,0.5,0,29.3003,22.0865,18.6257,23.9814,-6.97001,2,0.898518,0.898518,1,55.445
3006,2021-03-26,00:00:00.00,1.43739,26.5254,0,13.2161,6.46606,19.9661,13.2161,-33333.3,-33333.3,1.15677,95.6633,0.5,0,29.5534,21.9917,18.5336,25.9308,-6.69625,2,0.898518,0.898518,1,78.0931
3007,2021-03-27,00:00:00.00,1.4546,3.61709,0,6.21606,4.96606,7.46606,6.21606,-33333.3,-33333.3,1.18672,95.5254,0.5,0,29.8054,22.726,19.1584,22.3874,-7.16469,2,0.898518,0.898518,1,37.0516
3008,2021-03-28,00:00:00.00,1.47181,1.2057,0,4.46606,0.966056,7.96606,4.46606,-33333.3,-33333.3,1.19428,95.4899,0.5,0,30.0563,23.041,19.4231,21.5646,-7.25396,2,0.898518,0.898518,1,26.8511
3009,2021-03-29,00:00:00.00,1.48903,0,1.00475,4.71606,1.96606,7.46606,4.71606,-33333.3,-33333.3,1.19319,95.495,0.5,0,30.306,23.2338,19.5844,21.6806,-7.24185,2,0.898518,0.898518,1,28.5973
3010,2021-03-30,00:00:00.00,1.50624,0,0,1.21606,-2.53394,4.96606,1.21606,-33333.3,-33333.3,1.2084,95.4227,0.5,0,30.5545,23.6326,19.9194,20.1004,-7.39225,2,0.898518,0.898518,1,7.43657
3011,2021-03-31,00:00:00.00,1.52346,0.20095,0,7.46606,-2.03394,16.9661,7.46606,-33333.3,-33333.3,1.18135,95.5505,0.5,0,30.8016,23.4679,19.7676,22.9902,-7.09434,2,0.898518,0.898518,1,46.0407
3012,2021-04-01,00:00:00.00,1.54067,0,0,4.21606,0.466056,7.96606,4.21606,-33333.3,-33333.3,1.19536,95.4848,0.5,0,31.0473,23.8797,20.1042,21.449,-7.26585,2,0.898518,0.898518,1,26.2152
3013,2021-04-02,00:00:00.00,1.55789,0,0,-2.53394,-5.03394,-0.0339442,-2.53394,-33333.3,-33333.3,1.22496,95.3432,0.5,0,31.2914,24.4223,20.5473,18.4633,-7.55683,2,0,0,1,-15.8855
3014,2021-04-03,00:00:00.00,1.5751,0,0,-4.28394,-6.03394,-2.53394,-4.28394,-33333.3,-33333.3,1.23278,95.3054,0.5,0,31.534,24.6965,20.7781,17.7275,-7.62615,2,0,0,1,-27.0749
3015,2021-04-04,00:00:00.00,1.59231,0,0,1.71606,-4.03394,7.46606,1.71606,-33333.3,-33333.3,1.20622,95.4331,0.5,0,31.7749,24.6259,20.7187,20.3203,-7.37324,2,0,0,1,10.9329
3016,2021-04-05,00:00:00.00,1.60953,0,0,5.71606,-3.53394,14.9661,5.71606,-33333.3,-33333.3,1.18888,95.5153,0.5,0,32.0141,24.5893,20.688,22.1498,-7.19128,2,1.82315,1.82315,1,36.7064
3017,2021-04-06,00:00:00.00,1.62674,0.20095,0,6.21606,0.466056,11.9661,6.21606,-33333.3,-33333.3,1.18672,95.5254,0.5,0,32.2515,24.7529,20.7977,22.3874,-7.16469,2,2.16228,2.16228,1,40.231
3018,2021-04-07,00:00:00.00,1.64396,0,0,9.21606,0.966056,17.4661,9.21606,-33333.3,-33333.3,1.17385,95.5853,0.5,0,32.487,24.7295,20.748,23.8557,-6.98636,2,2.71302,2.71302,1,60.1108
3019,2021-04-08,00:00:00.00,1.66117,0,0,11.4661,3.46606,19.4661,11.4661,-33333.3,-33333.3,1.16424,95.6294,0.5,0,32.7205,24.7348,20.7108,25.0061,-6.83076,2,2.71302,2.71302,1,75.3604
3020,2021-04-09,00:00:00.00,1.67839,0.401899,0,13.2161,5.46606,20.9661,13.2161,-33333.3,-33333.3,1.15677,95.6633,0.5,0,32.9521,24.7637,20.6933,25.9308,-6.69625,2,2.71302,2.71302,1,87.5209
3021,2021-04-10,00:00:00.00,1.6956,0,0,14.7161,8.46606,20.9661,14.7161,-33333.3,-33333.3,1.15038,95.692,0.5,0,33.1816,24.8014,20.6893,26.7448,-6.57127,2,2.71302,2.71302,1,98.1843
3022,2021-04-11,00:00:00.00,1.71281,4.42089,0,15.9661,8.96606,22.9661,15.9661,-33333.3,-33333.3,1.14506,95.7157,0.5,0,33.4089,24.8526,20.6904,27.4384,-6.46012,2,2.71302,2.71302,1,107.312
3023,2021-04-12,00:00:00.00,1.73003,31.0467,0,14.7161,11.4661,17.9661,14.7161,-33333.3,-33333.3,1.15038,95.692,0.5,0,33.634,25.1682,20.9798,26.7448,-6.57127,2,2.71302,2.71302,1,99.6323
3024,2021-04-13,00:00:00.00,1.74724,4.01899,0,9.96606,8.46606,11.4661,9.96606,-33333.3,-33333.3,1.17064,95.6001,0.5,0,33.8569,25.7945,21.5617,24.2344,-6.93662,2,2.71302,2.71302,1,67.9594
3025,2021-04-14,00:00:00.00,1.76446,0,0,10.2161,5.46606,14.9661,10.2161,-33333.3,-33333.3,1.16957,95.605,0.5,0,34.0774,25.9543,21.7082,24.3617,-6.91957,2,2.71302,2.71302,1,70.1593
3026,2021-04-15,00:00:00.00,1.78167,0,0,8.21606,3.46606,12.9661,8.21606,-33333.3,-33333.3,1.17813,95.5655,0.5,0,34.2956,26.2962,21.95,23.358,-7.04943,2,2.71302,2.71302,1,56.8198
3027,2021-04-16,00:00:00.00,1.79888,0.20095,0,3.71606,-0.0339442,7.46606,3.71606,-33333.3,-33333.3,1.19752,95.4745,0.5,0,34.5114,26.7883,22.3157,21.2194,-7.28899,2,0.46664,0.46664,1,25.8768
3028,2021-04-17,00:00:00.00,1.8161,0,0,3.46606,0.966056,5.96606,3.46606,-33333.3,-33333.3,1.19861,95.4694,0.5,0,34.7247,26.9808,22.4716,21.1053,-7.30025,2,0.297076,0.297076,1,24.3005
3029,2021-04-18,00:00:00.00,1.83331,0,0,6.46606,1.96606,10.9661,6.46606,-33333.3,-33333.3,1.18565,95.5304,0.5,0,34.9354,26.9545,22.4448,22.5069,-7.15106,2,2.33184,2.33184,1,45.638
3030,2021-04-19,00:00:00.00,1.85053,0,0,7.96606,1.96606,13.9661,7.96606,-33333.3,-33333.3,1.17921,95.5605,0.5,0,35.1436,27.0133,22.4547,23.2349,-7.06463,2,2.71302,2.71302,1,56.5974
3031,2021-04-20,00:00:00.00,1.86774,4.42089,0,7.21606,-0.533944,14.9661,7.21606,-33333.3,-33333.3,1.18242,95.5455,0.5,0,35.3491,27.24,22.5975,22.8686,-7.10886,2,2.71302,2.71302,1,51.6032
3032,2021-04-21,00:00:00.00,1.88496,0,1.00475,0.466056,-1.03394,1.96606,0.466056,-33333.3,-33333.3,1.21168,95.407,0.5,0,35.552,27.8417,23.1261,19.774,-7.41927,2,0,0,1,3.3543
3033,2021-04-22,00:00:00.00,1.90217,0,0,-0.783944,-3.03394,1.46606,-0.783944,-33333.3,-33333.3,1.21719,95.3806,0.5,0,35.7521,28.0739,23.3364,19.2242,-7.47556,2,0,0,1,-5.67777
3034,2021-04-23,00:00:00.00,1.91938,0,0,-0.533944,-4.53394,3.46606,-0.533944,-33333.3,-33333.3,1.21609,95.3859,0.5,0,35.9495,28.2255,23.4624,19.3349,-7.46295,2,0,0,1,-3.89119
3035,2021-04-24,00:00:00.00,1.9366,0,0,4.21606,-6.53394,14.9661,4.21606,-33333.3,-33333.3,1.19536,95.4848,0.5,0,36.1441,28.1083,23.3651,21.449,-7.26585,2,0.805767,0.805767,1,30.9138
3036,2021-04-25,00:00:00.00,1.95381,1.2057,0,7.96606,-0.0339442,15.9661,7.96606,-33333.3,-33333.3,1.17921,95.5605,0.5,0,36.3358,27.9925,23.2549,23.2349,-7.06463,2,2.71302,2.71302,1,58.7622
3037,2021-04-26,00:00:00.00,1.97103,0,0,5.46606,4.46606,6.46606,5.46606,-33333.3,-33333.3,1.18996,95.5102,0.5,0,36.5247,28.3366,23.5143,22.0318,-7.20425,2,1.65359,1.65359,1,40.5598
3038,2021-04-27,00:00:00.00,1.98824,0,0,3.46606,-3.03394,9.96606,3.46606,-33333.3,-33333.3,1.19861,95.4694,0.5,0,36.7107,28.6256,23.7248,21.1053,-7.30025,2,0.297076,0.297076,1,25.8691
3039,2021-04-28,00:00:00.00,2.00546,0.602849,0,7.96606,-2.03394,17.9661,7.96606,-33333.3,-33333.3,1.17921,95.5605,0.5,0,36.8937,28.4498,23.5739,23.2349,-7.06463,2,2.71302,2.71302,1,59.7956
3040,2021-04-29,00:00:00.00,2.02267,1.2057,0,12.4661,4.96606,19.9661,12.4661,-33333.3,-33333.3,1.15997,95.6488,0.5,0,37.0737,28.1878,23.32,25.5313,-6.75537,2,2.71302,2.71302,1,94.1005
3041,2021-04-30,00:00:00.00,2.03988,6.02849,0,9.21606,7.96606,10.4661,9.21606,-33333.3,-33333.3,1.17385,95.5853,0.5,0,37.2507,28.6367,23.6647,23.8557,-6.98636,2,2.71302,2.71302,1,69.9522
3042,2021-05-01,00:00:00.00,2.0571,0,0,4.46606,2.96606,5.96606,4.46606,-33333.3,-33333.3,1.19428,95.4899,0.5,0,37.4247,29.1479,24.1471,21.5646,-7.25396,2,0.975331,0.975331,1,34.0825
3043,2021-05-02,00:00:00.00,2.07431,1.00475,0,5.71606,-1.53394,12.9661,5.71606,-33333.3,-33333.3,1.18888,95.5153,0.5,0,37.5956,29.1994,24.1721,22.1498,-7.19128,2,0,0,1,43.8541
3044,2021-05-03,00:00:00.00,2.09153,0,0,9.21606,-0.0339442,18.4661,9.21606,-33333.3,-33333.3,1.17385,95.5853,0.5,0,37.7634,29.0547,24.0704,23.8557,-6.98636,2,0,0,1,71.0758
3045,2021-05-04,00:00:00.00,2.10874,7.23419,0,11.4661,8.96606,13.9661,11.4661,-33333.3,-33333.3,1.16424,95.6294,0.5,0,37.928,28.9794,24.008,25.0061,-6.83076,2,0.383825,0.383825,1,88.8813
3046,2021-05-05,00:00:00.00,2.12595,2.4114,0,9.46606,5.96606,12.9661,9.46606,-33333.3,-33333.3,1.17278,95.5902,0.5,0,38.0895,29.2981,24.3727,23.9814,-6.97001,2,0,0,1,73.7465
3047,2021-05-06,00:00:00.00,2.14317,0.20095,0,6.46606,2.96606,9.96606,6.46606,-33333.3,-33333.3,1.18565,95.5304,0.5,0,38.2479,29.6774,24.7325,22.5069,-7.15106,2,0,0,1,50.6226
3048,2021-05-07,00:00:00.00,2.16038,0,0,6.21606,0.466056,11.9661,6.21606,-33333.3,-33333.3,1.18672,95.5254,0.5,0,38.403,29.8236,24.858,22.3874,-7.16469,2,0,0,1,48.9
3049,2021-05-08,00:00:00.00,2.1776,0,0,6.71606,2.46606,10.9661,6.71606,-33333.3,-33333.3,1.18457,95.5355,0.5,0,38.5549,29.9088,24.9291,22.627,-7.13722,2,0,0,1,53.0827
3050,2021-05-09,00:00:00.00,2.19481,0,0,6.96606,2.46606,11.4661,6.96606,-33333.3,-33333.3,1.1835,95.5405,0.5,0,38.7036,30.0103,25.0137,22.7475,-7.12315,2,0,0,1,55.3129
3051,2021-05-10,00:00:00.00,2.21203,0,0,5.21606,-0.0339442,10.4661,5.21606,-33333.3,-33333.3,1.19104,95.5051,0.5,0,38.849,30.2637,25.2249,21.9142,-7.217,2,0,0,1,41.6044
3052,2021-05-11,00:00:00.00,2.22924,0,0,6.21606,0.466056,11.9661,6.21606,-33333.3,-33333.3,1.18672,95.5254,0.5,0,38.9912,30.3041,25.2587,22.3874,-7.16469,2,0,0,1,49.7995
3053,2021-05-12,00:00:00.00,2.24645,0.20095,0,4.21606,-0.0339442,8.46606,4.21606,-33333.3,-33333.3,1.19536,95.4848,0.5,0,39.13,30.5657,25.4767,21.449,-7.26585,2,0,0,1,33.9224
3054,2021-05-13,00:00:00.00,2.26367,0,0,8.71606,1.46606,15.9661,8.71606,-33333.3,-33333.3,1.17599,95.5754,0.5,0,39.2655,30.3198,25.2756,23.6058,-7.01836,2,0,0,1,70.4247
3055,2021-05-14,00:00:00.00,2.28088,0,0,10.2161,3.96606,16.4661,10.2161,-33333.3,-33333.3,1.16957,95.605,0.5,0,39.3977,30.2889,25.2498,24.3617,-6.91957,2,0,0,1,82.8838
3056,2021-05-15,00:00:00.00,2.2981,0,0,11.7161,2.96606,20.4661,11.7161,-33333.3,-33333.3,1.16317,95.6343,0.5,0,39.5266,30.2441,25.2125,25.1366,-6.81228,2,0.74054,0.74054,1,95.4346
3057,2021-05-16,00:00:00.00,2.31531,0,0,12.7161,4.46606,20.9661,12.7161,-33333.3,-33333.3,1.15891,95.6537,0.5,0,39.6521,30.2394,25.1947,25.6639,-6.73591,2,2.1674,2.1674,1,103.985
3058,2021-05-17,00:00:00.00,2.33252,0,0,13.9661,5.96606,21.9661,13.9661,-33333.3,-33333.3,1.15358,95.6777,0.5,0,39.7743,30.1977,25.1195,26.3353,-6.63489,2,3.95097,3.95097,1,114.641
3059,2021-05-18,00:00:00.00,2.34974,0,0,14.7161,6.46606,22.9661,14.7161,-33333.3,-33333.3,1.15038,95.692,0.5,0,39.8931,30.2046,25.0513,26.7448,-6.57127,2,5.02112,5.02112,1,121.245
3060,2021-05-19,00:00:00.00,2.36695,0,0,17.4661,8.96606,25.9661,17.4661,-33333.3,-33333.3,1.13866,95.7438,0.5,0,40.0084,29.9465,24.7441,28.2893,-6.31813,2,5.70744,5.70744,1,144.421
3061,2021-05-20,00:00:00.00,2.38417,0,0,18.7161,10.4661,26.9661,18.7161,-33333.3,-33333.3,1.13333,95.7671,0.5,0,40.1204,29.8606,24.5676,29.0142,-6.19249,2,5.70744,5.70744,1,155.299
3062,2021-05-21,00:00:00.00,2.40138,0,0,21.4661,14.4661,28.4661,21.4661,-33333.3,-33333.3,1.12156,95.8176,0.5,0,40.229,29.5275,24.1892,30.6605,-5.89193,2,5.70744,5.70744,1,178.722
3063,2021-05-22,00:00:00.00,2.4186,0,0,21.7161,14.4661,28.9661,21.7161,-33333.3,-33333.3,1.12049,95.8221,0.5,0,40.3341,29.5683,24.1181,30.8137,-5.86293,2,5.70744,5.70744,1,181.4
3064,2021-05-23,00:00:00.00,2.43581,0,0,19.9661,16.9661,22.9661,19.9661,-33333.3,-33333.3,1.12799,95.7902,0.5,0,40.4359,29.9224,24.3052,29.7536,-6.06004,2,5.70744,5.70744,1,167.315
3065,2021-05-24,00:00:00.00,2.45302,0,0,19.4661,16.9661,21.9661,19.4661,-33333.3,-33333.3,1.13013,95.781,0.5,0,40.5341,30.074,24.3364,29.4561,-6.11385,2,5.70744,5.70744,1,163.63
3066,2021-05-25,00:00:00.00,2.47024,0,0,15.9661,7.46606,24.4661,15.9661,-33333.3,-33333.3,1.14506,95.7157,0.5,0,40.629,30.6326,24.7042,27.4384,-6.46012,2,5.70744,5.70744,1,134.611
3067,2021-05-26,00:00:00.00,2.48745,0.602849,0,19.7161,10.4661,28.9661,19.7161,-33333.3,-33333.3,1.12906,95.7856,0.5,0,40.7204,30.1813,24.2657,29.6046,-6.08708,2,5.70744,5.70744,1,166.708
3068,2021-05-27,00:00:00.00,2.50467,4.01899,0,19.4661,17.9661,20.9661,19.4661,-33333.3,-33333.3,1.13013,95.781,0.5,0,40.8083,30.2872,24.2944,29.4561,-6.11385,2,5.70744,5.70744,1,165.053
3069,2021-05-28,00:00:00.00,2.52188,1.2057,0,9.46606,3.46606,15.4661,9.46606,-33333.3,-33333.3,1.17278,95.5902,0.5,0,40.8928,31.5634,25.3289,23.9814,-6.97001,2,0,0,1,80.4786
3070,2021-05-29,00:00:00.00,2.5391,8.43989,0,4.46606,0.966056,7.96606,4.46606,-33333.3,-33333.3,1.19428,95.4899,0.5,0,40.9738,32.0498,25.7431,21.5646,-7.25396,2,0,0,1,38.0678
3071,2021-05-30,00:00:00.00,2.55631,0,0,10.7161,4.96606,16.4661,10.7161,-33333.3,-33333.3,1.16744,95.6148,0.5,0,41.0513,31.5676,25.5203,24.6178,-6.88476,2,0,0,1,91.5684
3072,2021-05-31,00:00:00.00,2.57352,0,0,11.2161,2.96606,19.4661,11.2161,-33333.3,-33333.3,1.1653,95.6246,0.5,0,41.1254,31.5754,25.5267,24.8761,-6.849,2,0.0271103,0.0271103,1,96.0692
3073,2021-06-01,00:00:00.00,2.59074,0,0,13.9661,5.96606,21.9661,13.9661,-33333.3,-33333.3,1.15358,95.6777,0.5,0,41.196,31.3263,25.3249,26.3353,-6.63489,2,3.95097,3.95097,1,119.897
3074,2021-06-02,00:00:00.00,2.60795,0,0,16.4661,9.96606,22.9661,16.4661,-33333.3,-33333.3,1.14293,95.7251,0.5,0,41.263,31.0655,25.0567,27.7197,-6.41384,2,0.828985,0.828985,1,141.667
3075,2021-06-03,00:00:00.00,2.62517,9.64558,0,16.7161,9.46606,23.9661,16.7161,-33333.3,-33333.3,1.14186,95.7298,0.5,0,41.3266,31.0818,25.0587,27.8613,-6.39031,2,1.30541,1.30541,1,144.117
3076,2021-06-04,00:00:00.00,2.64238,0,0,18.4661,13.4661,23.4661,18.4661,-33333.3,-33333.3,1.1344,95.7625,0.5,0,41.3868,30.884,25.0647,28.8681,-6.21816,2,4.64041,4.64041,1,159.519
3077,2021-06-05,00:00:00.00,2.65959,0,0,20.2161,13.9661,26.4661,20.2161,-33333.3,-33333.3,1.12692,95.7948,0.5,0,41.4434,30.6636,24.8114,29.9033,-6.03272,2,7.62285,7.62285,1,174.964
3078,2021-06-06,00:00:00.00,2.67681,0,0,22.7161,15.9661,29.4661,22.7161,-33333.3,-33333.3,1.11619,95.8402,0.5,0,41.4965,30.2914,24.3994,31.4326,-5.74404,2,7.62285,7.62285,1,196.949
3079,2021-06-07,00:00:00.00,2.69402,0,0,24.2161,17.9661,30.4661,24.2161,-33333.3,-33333.3,1.10971,95.8672,0.5,0,41.5461,30.0607,24.1183,32.3793,-5.55699,2,7.62285,7.62285,1,210.305
3080,2021-06-08,00:00:00.00,2.71124,26.7263,0,22.9661,16.9661,28.9661,22.9661,-33333.3,-33333.3,1.11511,95.8447,0.5,0,41.5922,30.3206,24.2438,31.5889,-5.71359,2,7.62285,7.62285,1,199.763
3081,2021-06-09,00:00:00.00,2.72845,3.81804,0,22.7161,19.4661,25.9661,22.7161,-33333.3,-33333.3,1.11619,95.8402,0.5,0,41.6348,30.3968,24.672,31.4326,-5.74404,2,7.62285,7.62285,1,197.879
3082,2021-06-10,00:00:00.00,2.74567,0,0,23.9661,17.9661,29.9661,23.9661,-33333.3,-33333.3,1.1108,95.8627,0.5,0,41.6739,30.2032,24.4625,32.22,-5.5889,2,7.62285,7.62285,1,209.053
3083,2021-06-11,00:00:00.00,2.76288,0,0,20.2161,15.4661,24.9661,20.2161,-33333.3,-33333.3,1.12692,95.7948,0.5,0,41.7095,30.8685,24.8851,29.9033,-6.03272,2,7.62285,7.62285,1,176.565
3084,2021-06-12,00:00:00.00,2.78009,0,0,20.4661,13.9661,26.9661,20.4661,-33333.3,-33333.3,1.12585,95.7993,0.5,0,41.7416,30.8536,24.7725,30.0535,-6.00513,2,7.62285,7.62285,1,178.957
3085,2021-06-13,00:00:00.00,2.79731,0,0,18.9661,13.4661,24.4661,18.9661,-33333.3,-33333.3,1.13226,95.7717,0.5,0,41.7702,31.1074,24.8886,29.1609,-6.16655,2,5.59327,5.59327,1,166.017
3086,2021-06-14,00:00:00.00,2.81452,3.61709,0,20.7161,14.9661,26.4661,20.7161,-33333.3,-33333.3,1.12478,95.8039,0.5,0,41.7953,30.8548,24.6313,30.2044,-5.97725,2,7.62285,7.62285,1,181.51
3087,2021-06-15,00:00:00.00,2.83174,2.0095,0,17.9661,13.4661,22.4661,17.9661,-33333.3,-33333.3,1.13653,95.7532,0.5,0,41.8169,31.2902,24.9755,28.5775,-6.26868,2,3.68755,3.68755,1,157.551
3088,2021-06-16,00:00:00.00,2.84895,0,0,16.2161,12.4661,19.9661,16.2161,-33333.3,-33333.3,1.14399,95.7204,0.5,0,41.835,31.546,25.1844,27.5788,-6.43711,2,0.352557,0.352557,1,142.312
3089,2021-06-17,00:00:00.00,2.86617,0,0,13.9661,8.46606,19.4661,13.9661,-33333.3,-33333.3,1.15358,95.6777,0.5,0,41.8496,31.8418,25.4172,26.3353,-6.63489,2,0,0,1,122.647
3090,2021-06-18,00:00:00.00,2.88338,0.602849,0,16.2161,7.46606,24.9661,16.2161,-33333.3,-33333.3,1.14399,95.7204,0.5,0,41.8607,31.5662,25.1973,27.5788,-6.43711,2,0.352557,0.352557,1,142.485
3091,2021-06-19,00:00:00.00,2.90059,4.01899,0,16.7161,8.96606,24.4661,16.7161,-33333.3,-33333.3,1.14186,95.7298,0.5,0,41.8683,31.505,25.1569,27.8613,-6.39031,2,1.30541,1.30541,1,146.946
3092,2021-06-20,00:00:00.00,2.91781,0,0,20.9661,14.9661,26.9661,20.9661,-33333.3,-33333.3,1.1237,95.8085,0.5,0,41.8723,30.8737,24.7169,30.3558,-5.94909,2,7.62285,7.62285,1,184.371
3093,2021-06-21,00:00:00.00,2.93502,5.82754,0,19.4661,11.4661,27.4661,19.4661,-33333.3,-33333.3,1.13013,95.781,0.5,0,41.8729,31.1115,24.8294,29.4561,-6.11385,2,6.54612,6.54612,1,171.224
3094,2021-06-22,00:00:00.00,2.95224,0.20095,0,20.4661,16.4661,24.4661,20.4661,-33333.3,-33333.3,1.12585,95.7993,0.5,0,41.87,30.9529,24.7503,30.0535,-6.00513,2,7.62285,7.62285,1,180.047
3095,2021-06-23,00:00:00.00,2.96945,0,0,12.7161,7.96606,17.4661,12.7161,-33333.3,-33333.3,1.15891,95.6537,0.5,0,41.8636,31.9992,25.5147,25.6639,-6.73591,2,0,0,1,111.874
3096,2021-06-24,00:00:00.00,2.98666,0,0,14.2161,5.96606,22.4661,14.2161,-33333.3,-33333.3,1.15251,95.6825,0.5,0,41.8537,31.8157,25.3683,26.4712,-6.61394,2,0,0,1,125.064
3097,2021-06-25,00:00:00.00,3.00388,0,0,18.4661,11.4661,25.4661,18.4661,-33333.3,-33333.3,1.1344,95.7625,0.5,0,41.8404,31.2369,24.9069,28.8681,-6.21816,2,4.64041,4.64041,1,162.428
3098,2021-06-26,00:00:00.00,3.02109,44.4099,0,20.2161,16.9661,23.4661,20.2161,-33333.3,-33333.3,1.12692,95.7948,0.5,0,41.8235,30.9576,24.6451,29.9033,-6.03272,2,7.62285,7.62285,1,177.776
3099,2021-06-27,00:00:00.00,3.03831,0.803799,0,21.2161,17.9661,24.4661,21.2161,-33333.3,-33333.3,1.12263,95.813,0.5,0,41.8032,30.781,25.0536,30.5078,-5.92065,2,7.62285,7.62285,1,186.504
3100,2021-06-28,00:00:00.00,3.05552,1.00475,0,23.7161,19.4661,27.9661,23.7161,-33333.3,-33333.3,1.11188,95.8582,0.5,0,41.7793,30.3306,24.571,32.0613,-5.62052,2,7.62285,7.62285,1,208.386
3101,2021-06-29,00:00:00.00,3.07274,0.20095,0,23.9661,20.4661,27.4661,23.9661,-33333.3,-33333.3,1.1108,95.8627,0.5,0,41.752,30.2646,24.4208,32.22,-5.5889,2,7.62285,7.62285,1,210.465
3102,2021-06-30,00:00:00.00,3.08995,2.4114,0,24.7161,19.4661,29.9661,24.7161,-33333.3,-33333.3,1.10755,95.8761,0.5,0,41.7213,30.1023,24.1923,32.6998,-5.49229,2,7.62285,7.62285,1,216.909
3103,2021-07-01,00:00:00.00,3.10716,0.602849,0,22.2161,19.4661,24.9661,22.2161,-33333.3,-33333.3,1.11834,95.8312,0.5,0,41.6871,30.5256,24.4863,31.122,-5.80406,2,7.62285,7.62285,1,194.821
3104,2021-07-02,00:00:00.00,3.12438,1.00475,0,19.9661,15.4661,24.4661,19.9661,-33333.3,-33333.3,1.12799,95.7902,0.5,0,41.6494,30.8643,24.685,29.7536,-6.06004,2,3.03027,3.03027,1,174.939
3105,2021-07-03,00:00:00.00,3.14159,0,0,18.2161,13.9661,22.4661,18.2161,-33333.3,-33333.3,1.13546,95.7578,0.5,0,41.6082,31.0953,24.8589,28.7225,-6.24356,2,0,0,1,159.452
3106,2021-07-04,00:00:00.00,3.15881,0,0,18.4661,11.9661,24.9661,18.4661,-33333.3,-33333.3,1.1344,95.7625,0.5,0,41.5637,31.0247,24.8025,28.8681,-6.21816,2,0,0,1,161.469
3107,2021-07-05,00:00:00.00,3.17602,0,0,19.4661,12.9661,25.9661,19.4661,-33333.3,-33333.3,1.13013,95.781,0.5,0,41.5156,30.839,24.6539,29.4561,-6.11385,2,2.00998,2.00998,1,170.015
3108,2021-07-06,00:00:00.00,3.19324,0,0,22.4661,14.9661,29.9661,22.4661,-33333.3,-33333.3,1.11726,95.8357,0.5,0,41.4641,30.3144,24.2157,31.277,-5.77419,2,8.13174,8.13174,1,195.969
3109,2021-07-07,00:00:00.00,3.21045,10.8513,0,24.2161,18.9661,29.4661,24.2161,-33333.3,-33333.3,1.10971,95.8672,0.5,0,41.4092,29.9621,23.8618,32.3793,-5.55699,2,8.16235,8.16235,1,210.945
3110,2021-07-08,00:00:00.00,3.22766,4.21994,0,20.2161,17.4661,22.9661,20.2161,-33333.3,-33333.3,1.12692,95.7948,0.5,0,41.3509,30.5972,24.4938,29.9033,-6.03272,2,3.54042,3.54042,1,175.843
3111,2021-07-09,00:00:00.00,3.24488,5.82754,0,16.4661,12.9661,19.9661,16.4661,-33333.3,-33333.3,1.14293,95.7251,0.5,0,41.2892,31.0909,24.9318,27.7197,-6.41384,2,0,0,1,143
3112,2021-07-10,00:00:00.00,3.26209,0.401899,0,15.4661,13.4661,17.4661,15.4661,-33333.3,-33333.3,1.14719,95.7062,0.5,0,41.224,31.1699,25.1072,27.1592,-6.50535,2,0,0,1,134.091
3113,2021-07-11,00:00:00.00,3.27931,0,0,17.4661,10.9661,23.9661,17.4661,-33333.3,-33333.3,1.13866,95.7438,0.5,0,41.1554,30.8515,24.8584,28.2893,-6.31813,2,0,0,1,151.163
3114,2021-07-12,00:00:00.00,3.29652,0,0,16.7161,13.4661,19.9661,16.7161,-33333.3,-33333.3,1.14186,95.7298,0.5,0,41.0834,30.8976,24.8955,27.8613,-6.39031,2,0,0,1,144.402
3115,2021-07-13,00:00:00.00,3.31373,0,0,19.9661,14.9661,24.9661,19.9661,-33333.3,-33333.3,1.12799,95.7902,0.5,0,41.0081,30.373,24.4728,29.7536,-6.06004,2,3.03027,3.03027,1,172.137
3116,2021-07-14,00:00:00.00,3.33095,6.32992,0,22.4661,17.9661,26.9661,22.4661,-33333.3,-33333.3,1.11726,95.8357,0.5,0,40.9293,29.9087,24.0606,31.277,-5.77419,2,8.13174,8.13174,1,193.289
3117,2021-07-15,00:00:00.00,3.34816,0,0,22.2161,16.9661,27.4661,22.2161,-33333.3,-33333.3,1.11834,95.8312,0.5,0,40.8472,29.8884,24.0579,31.122,-5.80406,2,7.6216,7.6216,1,190.722
3118,2021-07-16,00:00:00.00,3.36538,3.21519,0,22.2161,16.9661,27.4661,22.2161,-33333.3,-33333.3,1.11834,95.8312,0.5,0,40.7617,29.8232,23.9132,31.122,-5.80406,2,7.6216,7.6216,1,190.288
3119,2021-07-17,00:00:00.00,3.38259,0.20095,0,19.2161,14.9661,23.4661,19.2161,-33333.3,-33333.3,1.13119,95.7763,0.5,0,40.6728,30.2275,24.213,29.3082,-6.14033,2,1.49983,1.49983,1,164.201
3120,2021-07-18,00:00:00.00,3.39981,0,0,18.9661,15.9661,21.9661,18.9661,-33333.3,-33333.3,1.13226,95.7717,0.5,0,40.5806,30.1928,24.1737,29.1609,-6.16655,2,0.989685,0.989685,1,161.663
3121,2021-07-19,00:00:00.00,3.41702,0,0,22.2161,16.4661,27.9661,22.2161,-33333.3,-33333.3,1.11834,95.8312,0.5,0,40.4851,29.612,23.699,31.122,-5.80406,2,7.6216,7.6216,1,188.877
3122,2021-07-20,00:00:00.00,3.43423,0,0,21.9661,15.9661,27.9661,21.9661,-33333.3,-33333.3,1.11941,95.8267,0.5,0,40.3862,29.5778,23.5985,30.9675,-5.83364,2,7.11145,7.11145,1,186.251
3123,2021-07-21,00:00:00.00,3.45145,12.4589,0,21.9661,15.9661,27.9661,21.9661,-33333.3,-33333.3,1.11941,95.8267,0.5,0,40.284,29.4995,23.4771,30.9675,-5.83364,2,7.11145,7.11145,1,185.732
3124,2021-07-22,00:00:00.00,3.46866,0,0,17.2161,12.4661,21.9661,17.2161,-33333.3,-33333.3,1.13973,95.7392,0.5,0,40.1785,30.1245,24.1386,28.1461,-6.34246,2,0,0,1,145.15
3125,2021-07-23,00:00:00.00,3.48588,0,0,18.7161,12.9661,24.4661,18.7161,-33333.3,-33333.3,1.13333,95.7671,0.5,0,40.0697,29.832,23.9042,29.0142,-6.19249,2,0.479538,0.479538,1,157.325
3126,2021-07-24,00:00:00.00,3.50309,0,0,18.7161,11.9661,25.4661,18.7161,-33333.3,-33333.3,1.13333,95.7671,0.5,0,39.9576,29.7447,23.8294,29.0142,-6.19249,2,0.479538,0.479538,1,156.84
3127,2021-07-25,00:00:00.00,3.52031,23.3102,0,17.2161,13.4661,20.9661,17.2161,-33333.3,-33333.3,1.13973,95.7392,0.5,0,39.8423,29.861,23.9177,28.1461,-6.34246,2,0,0,1,143.81
3128,2021-07-26,00:00:00.00,3.53752,0,0,22.2161,15.9661,28.4661,22.2161,-33333.3,-33333.3,1.11834,95.8312,0.5,0,39.7236,29.0282,23.6434,31.122,-5.80406,2,7.6216,7.6216,1,184.967
3129,2021-07-27,00:00:00.00,3.55473,0.602849,0,21.9661,14.9661,28.9661,21.9661,-33333.3,-33333.3,1.11941,95.8267,0.5,0,39.6018,28.9751,23.4731,30.9675,-5.83364,2,7.11145,7.11145,1,182.266
3130,2021-07-28,00:00:00.00,3.57195,4.42089,0,20.2161,14.9661,25.4661,20.2161,-33333.3,-33333.3,1.12692,95.7948,0.5,0,39.4767,29.1511,23.5229,29.9033,-6.03272,2,3.54042,3.54042,1,167.16
3131,2021-07-29,00:00:00.00,3.58916,8.03799,0,19.4661,13.9661,24.9661,19.4661,-33333.3,-33333.3,1.13013,95.781,0.5,0,39.3484,29.1619,23.564,29.4561,-6.11385,2,2.00998,2.00998,1,160.38
3132,2021-07-30,00:00:00.00,3.60638,7.43514,0,19.9661,13.9661,25.9661,19.9661,-33333.3,-33333.3,1.12799,95.7902,0.5,0,39.2168,28.9862,23.5375,29.7536,-6.06004,2,3.03027,3.03027,1,163.893
3133,2021-07-31,00:00:00.00,3.62359,0,0,16.2161,13.4661,18.9661,16.2161,-33333.3,-33333.3,1.14399,95.7204,0.5,0,39.0821,29.3914,23.9523,27.5788,-6.43711,2,0,0,1,132.606
3134,2021-08-01,00:00:00.00,3.6408,4.82279,0,14.9661,9.46606,20.4661,14.9661,-33333.3,-33333.3,1.14932,95.6967,0.5,0,38.9442,29.434,23.987,26.8824,-6.54955,2,0,0,1,121.908
3135,2021-08-02,00:00:00.00,3.65802,7.63609,0,15.9661,11.9661,19.9661,15.9661,-33333.3,-33333.3,1.14506,95.7157,0.5,0,38.8032,29.2016,23.8845,27.4384,-6.46012,2,0,0,1,129.534
3136,2021-08-03,00:00:00.00,3.67523,0,0,17.7161,11.4661,23.9661,17.7161,-33333.3,-33333.3,1.1376,95.7485,0.5,0,38.659,28.8641,23.7445,28.4331,-6.29354,2,0,0,1,143.144
3137,2021-08-04,00:00:00.00,3.69245,0,0,17.9661,10.9661,24.9661,17.9661,-33333.3,-33333.3,1.13653,95.7532,0.5,0,38.5117,28.7147,23.6216,28.5775,-6.26868,2,0.397557,0.397557,1,144.555
3138,2021-08-05,00:00:00.00,3.70966,0,0,20.2161,13.4661,26.9661,20.2161,-33333.3,-33333.3,1.12692,95.7948,0.5,0,38.3614,28.2816,23.2583,29.9033,-6.03272,2,4.32081,4.32081,1,161.959
3139,2021-08-06,00:00:00.00,3.72688,0,0,20.2161,12.9661,27.4661,20.2161,-33333.3,-33333.3,1.12692,95.7948,0.5,0,38.2079,28.1616,23.0842,29.9033,-6.03272,2,4.32081,4.32081,1,161.247
3140,2021-08-07,00:00:00.00,3.74409,0.602849,0,20.4661,13.4661,27.4661,20.4661,-33333.3,-33333.3,1.12585,95.7993,0.5,0,38.0514,28.0024,22.8788,30.0535,-6.00513,2,4.75673,4.75673,1,162.507
3141,2021-08-08,00:00:00.00,3.7613,17.8845,0,21.7161,15.9661,27.4661,21.7161,-33333.3,-33333.3,1.12049,95.8221,0.5,0,37.8918,27.6896,22.552,30.8137,-5.86293,2,6.93632,6.93632,1,171.64
3142,2021-08-09,00:00:00.00,3.77852,0.401899,0,20.7161,16.4661,24.9661,20.7161,-33333.3,-33333.3,1.12478,95.8039,0.5,0,37.7293,27.7135,22.7045,30.2044,-5.97725,2,5.19265,5.19265,1,162.967
3143,2021-08-10,00:00:00.00,3.79573,0.20095,0,24.4661,18.9661,29.9661,24.4661,-33333.3,-33333.3,1.10863,95.8716,0.5,0,37.5637,26.989,22.0308,32.5393,-5.52479,2,6.97468,6.97468,1,191.544
3144,2021-08-11,00:00:00.00,3.81295,12.057,0,22.7161,20.4661,24.9661,22.7161,-33333.3,-33333.3,1.11619,95.8402,0.5,0,37.3952,27.1467,22.0478,31.4326,-5.74404,2,6.97468,6.97468,1,176.972
3145,2021-08-12,00:00:00.00,3.83016,1.2057,0,24.2161,18.9661,29.4661,24.2161,-33333.3,-33333.3,1.10971,95.8672,0.5,0,37.2238,26.7691,21.8337,32.3793,-5.55699,2,6.97468,6.97468,1,187.715
3146,2021-08-13,00:00:00.00,3.84738,0,0,23.4661,19.4661,27.4661,23.4661,-33333.3,-33333.3,1.11295,95.8537,0.5,0,37.0494,26.7578,21.7326,31.9032,-5.65183,2,6.97468,6.97468,1,180.974
3147,2021-08-14,00:00:00.00,3.86459,0,0,23.2161,18.9661,27.4661,23.2161,-33333.3,-33333.3,1.11403,95.8492,0.5,0,36.8722,26.6605,21.5541,31.7458,-5.68286,2,6.97468,6.97468,1,178.116
3148,2021-08-15,00:00:00.00,3.8818,0,0,17.9661,13.4661,22.4661,17.9661,-33333.3,-33333.3,1.13653,95.7532,0.5,0,36.6921,27.2744,21.9611,28.5775,-6.26868,2,0.397557,0.397557,1,137.107
3149,2021-08-16,00:00:00.00,3.89902,0,0,16.7161,9.96606,23.4661,16.7161,-33333.3,-33333.3,1.14186,95.7298,0.5,0,36.5092,27.2846,21.9647,27.8613,-6.39031,2,0,0,1,126.879
3150,2021-08-17,00:00:00.00,3.91623,1.40665,0,18.7161,11.9661,25.4661,18.7161,-33333.3,-33333.3,1.13333,95.7671,0.5,0,36.3236,26.8844,21.6426,29.0142,-6.19249,2,1.70531,1.70531,1,141.279
3151,2021-08-18,00:00:00.00,3.93345,0,0,19.9661,12.9661,26.9661,19.9661,-33333.3,-33333.3,1.12799,95.7902,0.5,0,36.1351,26.5668,21.3912,29.7536,-6.06004,2,3.8849,3.8849,1,149.871
3152,2021-08-19,00:00:00.00,3.95066,0,0,21.9661,16.4661,27.4661,21.9661,-33333.3,-33333.3,1.11941,95.8267,0.5,0,35.944,26.1292,20.9971,30.9675,-5.83364,2,6.97468,6.97468,1,163.945
3153,2021-08-20,00:00:00.00,3.96787,0,0,22.7161,17.4661,27.9661,22.7161,-33333.3,-33333.3,1.11619,95.8402,0.5,0,35.7502,25.8641,20.715,31.4326,-5.74404,2,6.97468,6.97468,1,168.56
3154,2021-08-21,00:00:00.00,3.98509,0,0,22.2161,15.9661,28.4661,22.2161,-33333.3,-33333.3,1.11834,95.8312,0.5,0,35.5538,25.7859,20.5919,31.122,-5.80406,2,6.97468,6.97468,1,163.878
3155,2021-08-22,00:00:00.00,4.0023,0,0,22.4661,16.4661,28.4661,22.4661,-33333.3,-33333.3,1.11726,95.8357,0.5,0,35.3547,25.5924,20.3849,31.277,-5.77419,2,6.97468,6.97468,1,164.73
3156,2021-08-23,00:00:00.00,4.01952,0,0,23.7161,17.4661,29.9661,23.7161,-33333.3,-33333.3,1.11188,95.8582,0.5,0,35.1531,25.243,20.0611,32.0613,-5.62052,2,6.97468,6.97468,1,172.836
3157,2021-08-24,00:00:00.00,4.03673,0,0,23.9661,18.9661,28.9661,23.9661,-33333.3,-33333.3,1.1108,95.8627,0.5,0,34.949,25.0446,19.8639,32.22,-5.5889,2,6.97468,6.97468,1,173.577
3158,2021-08-25,00:00:00.00,4.05395,0,0,23.4661,16.4661,30.4661,23.4661,-33333.3,-33333.3,1.11295,95.8537,0.5,0,34.7424,24.9613,19.7632,31.9032,-5.65183,2,6.97468,6.97468,1,168.888
3159,2021-08-26,00:00:00.00,4.07116,0,0,22.9661,17.9661,27.9661,22.9661,-33333.3,-33333.3,1.11511,95.8447,0.5,0,34.5334,24.8738,19.6637,31.5889,-5.71359,2,6.97468,6.97468,1,164.234
3160,2021-08-27,00:00:00.00,4.08837,0,0,24.4661,18.9661,29.9661,24.4661,-33333.3,-33333.3,1.10863,95.8716,0.5,0,34.322,24.4774,19.3243,32.5393,-5.52479,2,6.97468,6.97468,1,173.827
3161,2021-08-28,00:00:00.00,4.10559,0,0,21.7161,16.9661,26.4661,21.7161,-33333.3,-33333.3,1.12049,95.8221,0.5,0,34.1082,24.7219,19.4942,30.8137,-5.86293,2,6.93632,6.93632,1,153.274
3162,2021-08-29,00:00:00.00,4.1228,4.42089,0,23.7161,17.4661,29.9661,23.7161,-33333.3,-33333.3,1.11188,95.8582,0.5,0,33.8922,24.2585,19.109,32.0613,-5.62052,2,6.97468,6.97468,1,166.273
3163,2021-08-30,00:00:00.00,4.14002,9.04274,0,24.4661,18.4661,30.4661,24.4661,-33333.3,-33333.3,1.10863,95.8716,0.5,0,33.674,23.9726,18.9265,32.5393,-5.52479,2,6.97468,6.97468,1,170.37
3164,2021-08-31,00:00:00.00,4.15723,0,0,22.4661,18.4661,26.4661,22.4661,-33333.3,-33333.3,1.11726,95.8357,0.5,0,33.4535,24.0992,19.1278,31.277,-5.77419,2,6.97468,6.97468,1,155.368
3165,2021-09-01,00:00:00.00,4.17445,0,0,18.4661,13.9661,22.9661,18.4661,-33333.3,-33333.3,1.1344,95.7625,0.5,0,33.231,24.4515,19.3717,28.8681,-6.21816,2,1.26939,1.26939,1,126.817
3166,2021-09-02,00:00:00.00,4.19166,0,0,17.7161,12.4661,22.9661,17.7161,-33333.3,-33333.3,1.1376,95.7485,0.5,0,33.0063,24.3608,19.2941,28.4331,-6.29354,2,4.1764,4.1764,1,120.807
3167,2021-09-03,00:00:00.00,4.20887,0,0,14.9661,9.46606,20.4661,14.9661,-33333.3,-33333.3,1.14932,95.6967,0.5,0,32.7797,24.4797,19.3699,26.8824,-6.54955,2,0.899625,0.899625,1,101.325
3168,2021-09-04,00:00:00.00,4.22609,0,0,14.9661,8.96606,20.9661,14.9661,-33333.3,-33333.3,1.14932,95.6967,0.5,0,32.5511,24.2946,19.2197,26.8824,-6.54955,2,0.899625,0.899625,1,100.591
3169,2021-09-05,00:00:00.00,4.2433,5.02374,0,17.7161,11.4661,23.9661,17.7161,-33333.3,-33333.3,1.1376,95.7485,0.5,0,32.3206,23.8104,18.8332,28.4331,-6.29354,2,4.1764,4.1764,1,118.2
3170,2021-09-06,00:00:00.00,4.26052,7.63609,0,18.2161,12.9661,23.4661,18.2161,-33333.3,-33333.3,1.13546,95.7578,0.5,0,32.0883,23.5662,18.694,28.7225,-6.24356,2,4.76622,4.76622,1,120.632
3171,2021-09-07,00:00:00.00,4.27773,0,0,15.7161,10.4661,20.9661,15.7161,-33333.3,-33333.3,1.14612,95.711,0.5,0,31.8542,23.6533,18.8468,27.2985,-6.48287,2,1.79329,1.79329,1,103.293
3172,2021-09-08,00:00:00.00,4.29494,41.9985,0,16.9661,8.96606,24.9661,16.9661,-33333.3,-33333.3,1.1408,95.7345,0.5,0,31.6185,23.3297,18.5779,28.0034,-6.36652,2,3.28274,3.28274,1,110.659
3173,2021-09-09,00:00:00.00,4.31216,1.40665,0,16.2161,9.96606,22.4661,16.2161,-33333.3,-33333.3,1.14399,95.7204,0.5,0,31.381,23.2186,18.9274,27.5788,-6.43711,2,2.38907,2.38907,1,104.952
3174,2021-09-10,00:00:00.00,4.32937,1.10522,0,14.9661,10.4661,19.4661,14.9661,-33333.3,-33333.3,1.14932,95.6967,0.5,0,31.1421,23.1527,18.861,26.8824,-6.54955,2,0.899625,0.899625,1,96.1063
3175,2021-09-11,00:00:00.00,4.34659,0,0,15.7161,9.96606,21.4661,15.7161,-33333.3,-33333.3,1.14612,95.711,0.5,0,30.9016,22.8827,18.6447,27.2985,-6.48287,2,1.79329,1.79329,1,100.126
3176,2021-09-12,00:00:00.00,4.3638,0,0,16.9661,9.96606,23.9661,16.9661,-33333.3,-33333.3,1.1408,95.7345,0.5,0,30.6597,22.5571,18.3558,28.0034,-6.36652,2,3.28274,3.28274,1,107.227
3177,2021-09-13,00:00:00.00,4.38102,3.21519,0,18.2161,13.4661,22.9661,18.2161,-33333.3,-33333.3,1.13546,95.7578,0.5,0,30.4165,22.2247,18.0442,28.7225,-6.24356,2,4.76622,4.76622,1,114.198
3178,2021-09-14,00:00:00.00,4.39823,2.61235,0,15.4661,9.46606,21.4661,15.4661,-33333.3,-33333.3,1.14719,95.7062,0.5,0,30.172,22.3169,18.1058,27.1592,-6.50535,2,1.4954,1.4954,1,96.1671
3179,2021-09-15,00:00:00.00,4.41544,9.24369,0,18.4661,10.4661,26.4661,18.4661,-33333.3,-33333.3,1.1344,95.7625,0.5,0,29.9263,21.8033,17.7071,28.8681,-6.21816,2,4.76622,4.76622,1,113.874
3180,2021-09-16,00:00:00.00,4.43266,0.20095,0,17.7161,13.9661,21.4661,17.7161,-33333.3,-33333.3,1.1376,95.7485,0.5,0,29.6794,21.6872,17.6786,28.4331,-6.29354,2,4.1764,4.1764,1,108.339
3181,2021-09-17,00:00:00.00,4.44987,0,0,16.2161,9.96606,22.4661,16.2161,-33333.3,-33333.3,1.14399,95.7204,0.5,0,29.4315,21.643,17.5919,27.5788,-6.43711,2,2.38907,2.38907,1,98.3311
3182,2021-09-18,00:00:00.00,4.46709,0,0,18.2161,10.4661,25.9661,18.2161,-33333.3,-33333.3,1.13546,95.7578,0.5,0,29.1827,21.2339,17.2315,28.7225,-6.24356,2,4.76622,4.76622,1,109.519
3183,2021-09-19,00:00:00.00,4.4843,0,0,18.4661,14.4661,22.4661,18.4661,-33333.3,-33333.3,1.1344,95.7625,0.5,0,28.9329,21.0062,16.9942,28.8681,-6.21816,2,4.76622,4.76622,1,110.069
3184,2021-09-20,00:00:00.00,4.50151,0,0,14.7161,6.96606,22.4661,14.7161,-33333.3,-33333.3,1.15038,95.692,0.5,0,28.6824,21.1798,17.086,26.7448,-6.57127,2,0.601736,0.601736,1,86.9565
3185,2021-09-21,00:00:00.00,4.51873,0.803799,0,17.2161,9.46606,24.9661,17.2161,-33333.3,-33333.3,1.13973,95.7392,0.5,0,28.4311,20.7343,16.7212,28.1461,-6.34246,2,3.58063,3.58063,1,100.839
3186,2021-09-22,00:00:00.00,4.53594,38.3814,0,16.7161,11.4661,21.9661,16.7161,-33333.3,-33333.3,1.14186,95.7298,0.5,0,28.1792,20.5814,16.5757,27.8613,-6.39031,2,2.98485,2.98485,1,97.0453
3187,2021-09-23,00:00:00.00,4.55316,41.9985,0,13.4661,12.9661,13.9661,13.4661,-33333.3,-33333.3,1.15571,95.6681,0.5,0,27.9268,20.6754,16.9326,26.0651,-6.67605,2,0,0,1,77.4808
3188,2021-09-24,00:00:00.00,4.57037,1.80855,0,12.2161,8.96606,15.4661,12.2161,-33333.3,-33333.3,1.16104,95.644,0.5,0,27.6738,20.572,17.0505,25.3991,-6.77458,2,0,0,1,69.6567
3189,2021-09-25,00:00:00.00,4.58759,0.401899,0,12.2161,8.96606,15.4661,12.2161,-33333.3,-33333.3,1.16104,95.644,0.5,0,27.4205,20.3648,16.9015,25.3991,-6.77458,2,0,0,1,69.0252
3190,2021-09-26,00:00:00.00,4.6048,5.42564,0,11.9661,7.46606,16.4661,11.9661,-33333.3,-33333.3,1.1621,95.6392,0.5,0,27.1669,20.1769,16.7506,25.2676,-6.79355,2,0,0,1,66.9946
3191,2021-09-27,00:00:00.00,4.62201,2.0095,0,11.4661,5.46606,17.4661,11.4661,-33333.3,-33333.3,1.16424,95.6294,0.5,0,26.9131,20.0074,16.672,25.0061,-6.83076,2,0,0,1,63.6037
3192,2021-09-28,00:00:00.00,4.63923,0,0,14.4661,6.46606,22.4661,14.4661,-33333.3,-33333.3,1.15145,95.6872,0.5,0,26.6592,19.558,16.3218,26.6077,-6.59273,2,0.303847,0.303847,1,79.4997
3193,2021-09-29,00:00:00.00,4.65644,0,0,12.7161,8.46606,16.9661,12.7161,-33333.3,-33333.3,1.15891,95.6537,0.5,0,26.4052,19.4954,16.2659,25.6639,-6.73591,2,0,0,1,69.2284
3194,2021-09-30,00:00:00.00,4.67366,0,0,13.4661,7.96606,18.9661,13.4661,-33333.3,-33333.3,1.15571,95.6681,0.5,0,26.1514,19.2283,16.043,26.0651,-6.67605,2,0,0,1,72.6203
3195,2021-10-01,00:00:00.00,4.69087,0,0,10.2161,5.46606,14.9661,10.2161,-33333.3,-33333.3,1.16957,95.605,0.5,0,25.8976,19.2647,16.0733,24.3617,-6.91957,2,0,0,1,54.5704
3196,2021-10-02,00:00:00.00,4.70809,0,0,11.9661,3.96606,19.9661,11.9661,-33333.3,-33333.3,1.1621,95.6392,0.5,0,25.6441,18.931,15.7949,25.2676,-6.79355,2,2.35594,2.35594,1,63.3071
3197,2021-10-03,00:00:00.00,4.7253,22.3054,0,14.7161,4.46606,24.9661,14.7161,-33333.3,-33333.3,1.15038,95.692,0.5,0,25.391,18.5068,15.4139,26.7448,-6.57127,2,2.35594,2.35594,1,77.1066
3198,2021-10-04,00:00:00.00,4.74251,10.8513,0,15.9661,11.4661,20.4661,15.9661,-33333.3,-33333.3,1.14506,95.7157,0.5,0,25.1383,18.1947,15.1951,27.4384,-6.46012,2,2.35594,2.35594,1,82.8456
3199,2021-10-05,00:00:00.00,4.75973,0,0,14.7161,13.4661,15.9661,14.7161,-33333.3,-33333.3,1.15038,95.692,0.5,0,24.8861,18.0972,15.134,26.7448,-6.57127,2,2.35594,2.35594,1,75.6151
3200,2021-10-06,00:00:00.00,4.77694,0,0,14.7161,12.9661,16.4661,14.7161,-33333.3,-33333.3,1.15038,95.692,0.5,0,24.6345,17.8931,14.9371,26.7448,-6.57127,2,2.35594,2.35594,1,74.8735
3201,2021-10-07,00:00:00.00,4.79416,0,0,14.7161,11.4661,17.9661,14.7161,-33333.3,-33333.3,1.15038,95.692,0.5,0,24.3836,17.6897,14.7414,26.7448,-6.57127,2,2.35594,2.35594,1,74.135
3202,2021-10-08,00:00:00.00,4.81137,0,0,15.9661,12.4661,19.4661,15.9661,-33333.3,-33333.3,1.14506,95.7157,0.5,0,24.1335,17.3831,14.4605,27.4384,-6.46012,2,2.35594,2.35594,1,79.6345
3203,2021-10-09,00:00:00.00,4.82858,7.03324,0,17.7161,13.9661,21.4661,17.7161,-33333.3,-33333.3,1.1376,95.7485,0.5,0,23.8843,17.028,14.1402,28.4331,-6.29354,2,2.35594,2.35594,1,87.4822
3204,2021-10-10,00:00:00.00,4.8458,0.20095,0,16.9661,13.9661,19.9661,16.9661,-33333.3,-33333.3,1.1408,95.7345,0.5,0,23.6361,16.8958,14.0639,28.0034,-6.36652,2,2.35594,2.35594,1,82.9394
3205,2021-10-11,00:00:00.00,4.86301,0,0,17.2161,14.9661,19.4661,17.2161,-33333.3,-33333.3,1.13973,95.7392,0.5,0,23.389,16.6752,13.8579,28.1461,-6.34246,2,2.35594,2.35594,1,83.3145
3206,2021-10-12,00:00:00.00,4.88023,0,0,19.7161,14.9661,24.4661,19.7161,-33333.3,-33333.3,1.12906,95.7856,0.5,0,23.1431,16.248,13.4791,29.6046,-6.08708,2,2.35594,2.35594,1,94.4484
3207,2021-10-13,00:00:00.00,4.89744,0,0,17.7161,13.4661,21.9661,17.7161,-33333.3,-33333.3,1.1376,95.7485,0.5,0,22.8984,16.2375,13.4466,28.4331,-6.29354,2,2.35594,2.35594,1,84.0062
3208,2021-10-14,00:00:00.00,4.91466,0,0,16.7161,13.4661,19.9661,16.7161,-33333.3,-33333.3,1.14186,95.7298,0.5,0,22.655,16.1284,13.3327,27.8613,-6.39031,2,2.35594,2.35594,1,78.4568
3209,2021-10-15,00:00:00.00,4.93187,0.803799,0,16.7161,11.4661,21.9661,16.7161,-33333.3,-33333.3,1.14186,95.7298,0.5,0,22.4131,15.9341,13.1486,27.8613,-6.39031,2,2.35594,2.35594,1,77.6547
3210,2021-10-16,00:00:00.00,4.94908,7.23419,0,14.9661,11.9661,17.9661,14.9661,-33333.3,-33333.3,1.14932,95.6967,0.5,0,22.1728,15.8805,13.0891,26.8824,-6.54955,2,2.35594,2.35594,1,68.812
3211,2021-10-17,00:00:00.00,4.9663,3.01425,0,12.2161,10.4661,13.9661,12.2161,-33333.3,-33333.3,1.16104,95.644,0.5,0,21.934,15.885,13.1408,25.3991,-6.77458,2,2.35594,2.35594,1,55.5902
3212,2021-10-18,00:00:00.00,4.98351,4.01899,0,9.46606,5.96606,12.9661,9.46606,-33333.3,-33333.3,1.17278,95.5902,0.5,0,21.697,15.8649,13.1307,23.9814,-6.97001,2,1.21508,1.21508,1,42.6319
3213,2021-10-19,00:00:00.00,5.00073,0,0,8.21606,3.96606,12.4661,8.21606,-33333.3,-33333.3,1.17813,95.5655,0.5,0,21.4618,15.7431,13.0573,23.358,-7.04943,2,0.478845,0.478845,1,36.62
3214,2021-10-20,00:00:00.00,5.01794,0,0,11.4661,3.46606,19.4661,11.4661,-33333.3,-33333.3,1.16424,95.6294,0.5,0,21.2284,15.3594,12.7344,25.0061,-6.83076,2,2.35594,2.35594,1,50.5765
3215,2021-10-21,00:00:00.00,5.03516,0.502374,0,11.4661,4.96606,17.9661,11.4661,-33333.3,-33333.3,1.16424,95.6294,0.5,0,20.9971,15.1709,12.5559,25.0061,-6.83076,2,2.35594,2.35594,1,50.0521
3216,2021-10-22,00:00:00.00,5.05237,4.21994,0,12.9661,10.4661,15.4661,12.9661,-33333.3,-33333.3,1.15784,95.6585,0.5,0,20.7678,14.8869,12.3037,25.7971,-6.7162,2,2.35594,2.35594,1,56.0125
3217,2021-10-23,00:00:00.00,5.06958,0,0,4.96606,1.96606,7.96606,4.96606,-33333.3,-33333.3,1.19211,95.5001,0.5,0,20.5406,15.1476,12.5367,21.7972,-7.22953,2,0,0,1,21.2302
3218,2021-10-24,00:00:00.00,5.0868,0,0,4.46606,-0.0339442,8.96606,4.46606,-33333.3,-33333.3,1.19428,95.4899,0.5,0,20.3157,14.9843,12.4014,21.5646,-7.25396,2,0,0,1,18.8943
3219,2021-10-25,00:00:00.00,5.10401,8.23894,0,5.21606,-0.0339442,10.4661,5.21606,-33333.3,-33333.3,1.19104,95.5051,0.5,0,20.0931,14.7668,12.2214,21.9142,-7.217,2,0,0,1,21.8379
3220,2021-10-26,00:00:00.00,5.12123,22.7073,0,3.46606,-0.0339442,6.96606,3.46606,-33333.3,-33333.3,1.19861,95.4694,0.5,0,19.8728,14.661,12.1903,21.1053,-7.30025,2,0,0,1,14.3605
3221,2021-10-27,00:00:00.00,5.13844,0.803799,0,4.96606,2.46606,7.46606,4.96606,-33333.3,-33333.3,1.19211,95.5001,0.5,0,19.6551,14.4167,12.0425,21.7972,-7.22953,2,0,0,1,20.3618
3222,2021-10-28,00:00:00.00,5.15565,0,0,9.46606,2.96606,15.9661,9.46606,-33333.3,-33333.3,1.17278,95.5902,0.5,0,19.4399,14.0183,11.7167,23.9814,-6.97001,2,1.21508,1.21508,1,38.4103
3223,2021-10-29,00:00:00.00,5.17287,0,0,6.71606,1.96606,11.4661,6.71606,-33333.3,-33333.3,1.18457,95.5355,0.5,0,19.2273,13.9843,11.6777,22.627,-7.13722,2,0,0,1,26.9697
3224,2021-10-30,00:00:00.00,5.19008,6.43039,0,7.71606,2.96606,12.4661,7.71606,-33333.3,-33333.3,1.18028,95.5555,0.5,0,19.0174,13.7637,11.4934,23.1123,-7.0796,2,0.184353,0.184353,1,30.6655
3225,2021-10-31,00:00:00.00,5.2073,1.6076,0,6.71606,4.96606,8.46606,6.71606,-33333.3,-33333.3,1.18457,95.5355,0.5,0,18.8103,13.642,11.4196,22.627,-7.13722,2,0,0,1,26.4165
3226,2021-11-01,00:00:00.00,5.22451,1.00475,0,9.46606,5.46606,13.4661,9.46606,-33333.3,-33333.3,1.17278,95.5902,0.5,0,18.6061,13.3382,11.1786,23.9814,-6.97001,2,1.21508,1.21508,1,36.851
3227,2021-11-02,00:00:00.00,5.24173,0,0,4.96606,1.96606,7.96606,4.96606,-33333.3,-33333.3,1.19211,95.5001,0.5,0,18.4047,13.3867,11.2174,21.7972,-7.22953,2,0.822833,0.822833,1,19.135
3228,2021-11-03,00:00:00.00,5.25894,0,0,2.71606,-1.03394,6.46606,2.71606,-33333.3,-33333.3,1.20186,95.4539,0.5,0,18.2064,13.3131,11.1489,20.766,-7.33277,2,0.558292,0.558292,1,10.3589
3229,2021-11-04,00:00:00.00,5.27615,0,0,2.21606,-1.03394,5.46606,2.21606,-33333.3,-33333.3,1.20404,95.4435,0.5,0,18.0111,13.1704,11.0248,20.5422,-7.35341,2,0.455438,0.455438,1,8.36627
3230,2021-11-05,00:00:00.00,5.29337,0,0,1.46606,-2.03394,4.96606,1.46606,-33333.3,-33333.3,1.20731,95.4279,0.5,0,17.819,13.0383,10.9105,20.2101,-7.38284,2,0.301157,0.301157,1,5.47903
3231,2021-11-06,00:00:00.00,5.31058,0,0,2.46606,-3.03394,7.96606,2.46606,-33333.3,-33333.3,1.20295,95.4487,0.5,0,17.6301,12.8466,10.7477,20.6539,-7.34319,2,0.506865,0.506865,1,9.12396
3232,2021-11-07,00:00:00.00,5.3278,0,0,3.21606,-3.03394,9.46606,3.21606,-33333.3,-33333.3,1.19969,95.4642,0.5,0,17.4444,12.6659,10.5925,20.9917,-7.3113,2,0.661147,0.661147,1,11.7804
3233,2021-11-08,00:00:00.00,5.34501,0,0,5.46606,-3.03394,13.9661,5.46606,-33333.3,-33333.3,1.18996,95.5102,0.5,0,17.262,12.4273,10.3878,22.0318,-7.20425,2,0.822833,0.822833,1,19.8244
3234,2021-11-09,00:00:00.00,5.36223,0,0,9.46606,0.966056,17.9661,9.46606,-33333.3,-33333.3,1.17278,95.5902,0.5,0,17.083,12.0993,10.1075,23.9814,-6.97001,2,0.822833,0.822833,1,33.9951
3235,2021-11-10,00:00:00.00,5.37944,5.42564,0,7.21606,2.46606,11.9661,7.21606,-33333.3,-33333.3,1.18242,95.5455,0.5,0,16.9075,12.0622,10.0702,22.8686,-7.10886,2,0.822833,0.822833,1,25.663
3236,2021-11-11,00:00:00.00,5.39665,0,0,5.21606,-0.533944,10.9661,5.21606,-33333.3,-33333.3,1.19104,95.5051,0.5,0,16.7355,12.006,10.0438,21.9142,-7.217,2,0.822833,0.822833,1,18.3717
3237,2021-11-12,00:00:00.00,5.41387,7.03324,0,4.96606,-1.03394,10.9661,4.96606,-33333.3,-33333.3,1.19211,95.5001,0.5,0,16.567,11.8779,9.93058,21.7972,-7.22953,2,0.822833,0.822833,1,17.3246
3238,2021-11-13,00:00:00.00,5.43108,0.803799,0,6.96606,3.96606,9.96606,6.96606,-33333.3,-33333.3,1.1835,95.5405,0.5,0,16.4021,11.6608,9.7669,22.7475,-7.12315,2,0.822833,0.822833,1,24.0728
3239,2021-11-14,00:00:00.00,5.4483,2.0095,0,1.96606,-1.03394,4.96606,1.96606,-33333.3,-33333.3,1.20513,95.4383,0.5,0,16.2408,11.7192,9.81556,20.431,-7.36343,2,0.404011,0.404011,1,6.73089
3240,2021-11-15,00:00:00.00,5.46551,0,2.0095,0.716056,-1.03394,2.46606,0.716056,-33333.3,-33333.3,1.21059,95.4122,0.5,0,16.0833,11.6299,9.75239,19.8823,-7.41046,2,0.146876,0.146876,1,2.42893
3241,2021-11-16,00:00:00.00,5.48272,0,0,1.21606,-1.03394,3.46606,1.21606,-33333.3,-33333.3,1.2084,95.4227,0.5,0,15.9296,11.4874,9.64614,20.1004,-7.39225,2,0.24973,0.24973,1,4.08754
3242,2021-11-17,00:00:00.00,5.49994,0.574575,0.0282744,0.966056,-1.03394,2.96606,0.966056,-33333.3,-33333.3,1.20949,95.4175,0.5,0,15.7796,11.3718,9.54733,19.9911,-7.40146,2,0.198303,0.198303,1,3.21819
3243,2021-11-18,00:00:00.00,5.51715,6.43039,0,5.71606,-2.03394,13.4661,5.71606,-33333.3,-33333.3,1.18888,95.5153,0.5,0,15.6335,11.0853,9.30961,22.1498,-7.19128,2,0.822833,0.822833,1,18.8741
3244,2021-11-19,00:00:00.00,5.53437,-2.22045e-15,3.01425,3.21606,1.96606,4.46606,3.21606,-33333.3,-33333.3,1.19969,95.4642,0.5,0,15.4913,11.061,9.29684,20.9917,-7.3113,2,0.661147,0.661147,1,10.5273
3245,2021-11-20,00:00:00.00,5.55158,0,0,0.716056,-2.03394,3.46606,0.716056,-33333.3,-33333.3,1.21059,95.4122,0.5,0,15.353,11.0283,9.27556,19.8823,-7.41046,2,0.146876,0.146876,1,2.324
3246,2021-11-21,00:00:00.00,5.5688,0.574575,0.0282744,0.966056,-2.03394,3.96606,0.966056,-33333.3,-33333.3,1.20949,95.4175,0.5,0,15.2187,10.9102,9.17524,19.9911,-7.40146,2,0.198303,0.198303,1,3.10922
3247,2021-11-22,00:00:00.00,5.58601,5.82754,0,1.46606,-2.03394,4.96606,1.46606,-33333.3,-33333.3,1.20731,95.4279,0.5,0,15.0884,10.7878,9.07496,20.2101,-7.38284,2,0.301157,0.301157,1,4.67986
3248,2021-11-23,00:00:00.00,5.60322,0,4.01899,-2.03394,-4.03394,-0.0339442,-2.03394,-33333.3,-33333.3,1.22274,95.354,0.5,0,14.9621,10.7834,9.07823,18.6781,-7.53485,2,0,0,1,-6.44064
3249,2021-11-24,00:00:00.00,5.62044,0,0,-2.53394,-5.53394,0.466056,-2.53394,-33333.3,-33333.3,1.22496,95.3432,0.5,0,14.84,10.6953,3.61286,18.4633,-7.55683,2,0,0,1,-7.96118
3250,2021-11-25,00:00:00.00,5.63765,1.0926,1.3188,-0.0339442,-6.53394,6.46606,-0.0339442,-33333.3,-33333.3,1.21388,95.3965,0.5,0,14.7219,10.5312,3.5574,19.5581,-7.43696,2,0,0,1,-0.105813
3251,2021-11-26,00:00:00.00,5.65487,2.0095,0,1.21606,-2.03394,4.46606,1.21606,-33333.3,-33333.3,1.2084,95.4227,0.5,0,14.608,10.4011,3.51338,20.1004,-7.39225,2,0.24973,0.24973,1,3.76329
3252,2021-11-27,00:00:00.00,5.67208,0,0,-3.53394,-4.53394,-2.53394,-3.53394,-33333.3,-33333.3,1.22942,95.3217,0.5,0,14.4983,10.4374,3.52511,18.0398,-7.59788,2,0,0,1,-10.8572
3253,2021-11-28,00:00:00.00,5.6893,0,4.01899,-2.78394,-5.53394,-0.0339442,-2.78394,-33333.3,-33333.3,1.22607,95.3379,0.5,0,14.3928,10.3324,3.4895,18.3567,-7.56746,2,0,0,1,-8.49291
3254,2021-11-29,00:00:00.00,5.70651,8.88178e-16,5.02374,-3.03394,-5.03394,-1.03394,-3.03394,-33333.3,-33333.3,1.22719,95.3325,0.5,0,14.2916,10.2549,3.46314,18.2505,-7.57784,2,0,0,1,-9.19257
3255,2021-11-30,00:00:00.00,5.72372,4.44089e-16,2.61235,-4.78394,-9.03394,-0.533944,-4.78394,-33333.3,-33333.3,1.23502,95.2945,0.5,0,14.1946,10.2147,3.44929,17.5217,-7.64382,2,0,0,1,-14.3995
3256,2021-12-01,00:00:00.00,5.74094,0,1.00475,-3.53394,-8.03394,0.966056,-3.53394,-33333.3,-33333.3,1.22942,95.3217,0.5,0,14.1019,10.1101,3.41388,18.0398,-7.59788,2,0,0,1,-10.5694
3257,2021-12-02,00:00:00.00,5.75815,4.94506,2.08818,0.466056,-4.03394,4.96606,0.466056,-33333.3,-33333.3,1.21168,95.407,0.5,0,14.0135,9.93524,3.35498,19.774,-7.41927,2,0.322147,0.322147,1,1.38539
3258,2021-12-03,00:00:00.00,5.77537,0,0,1.96606,-2.53394,6.46606,1.96606,-33333.3,-33333.3,1.20513,95.4383,0.5,0,13.9295,9.82273,3.31697,20.431,-7.36343,2,0.322147,0.322147,1,5.80987
3259,2021-12-04,00:00:00.00,5.79258,0,0,-0.783944,-2.53394,0.966056,-0.783944,-33333.3,-33333.3,1.21719,95.3806,0.5,0,13.8498,9.83477,3.32068,19.2242,-7.47556,2,0.288724,0.288724,1,-2.30357
3260,2021-12-05,00:00:00.00,5.80979,0,0,0.216056,-2.53394,2.96606,0.216056,-33333.3,-33333.3,1.21278,95.4017,0.5,0,13.7745,9.74613,3.29071,19.6661,-7.42788,2,0.322147,0.322147,1,0.631481
3261,2021-12-06,00:00:00.00,5.82701,24.3149,0,1.46606,-4.03394,6.96606,1.46606,-33333.3,-33333.3,1.20731,95.4279,0.5,0,13.7036,9.65273,3.25915,20.2101,-7.38284,2,0.322147,0.322147,1,4.26296
3262,2021-12-07,00:00:00.00,5.84422,0.499219,3.11788,0.716056,-4.03394,5.46606,0.716056,-33333.3,-33333.3,1.21059,95.4122,0.5,0,13.6371,9.61966,3.24781,19.8823,-7.41046,2,0.322147,0.322147,1,2.07206
3263,2021-12-08,00:00:00.00,5.86144,0,0,-6.53394,-8.03394,-5.03394,-6.53394,-33333.3,-33333.3,1.24291,95.2561,0.5,0,13.5751,9.738,3.28717,16.8171,-7.69842,2,0,0,1,-18.8209
3264,2021-12-09,00:00:00.00,5.87865,4.44089e-16,2.61235,-7.53394,-10.5339,-4.53394,-7.53394,-33333.3,-33333.3,1.24744,95.2339,0.5,0,13.5175,9.70905,3.27724,16.4251,-7.72468,2,0,0,1,-21.6083
3265,2021-12-10,00:00:00.00,5.89587,-2.22045e-15,3.01425,-4.53394,-9.03394,-0.0339442,-4.53394,-33333.3,-33333.3,1.2339,95.3,0.5,0,13.4644,9.60589,3.2425,17.6243,-7.6351,2,0,0,1,-12.9519
3266,2021-12-11,00:00:00.00,5.91308,19.6313,0.966042,0.966056,-8.03394,9.96606,0.966056,-33333.3,-33333.3,1.20949,95.4175,0.5,0,13.4157,9.4312,3.18384,19.9911,-7.40146,2,0.322147,0.322147,1,2.74945
3267,2021-12-12,00:00:00.00,5.93029,0.1821,0.822648,-0.0339442,-1.53394,1.46606,-0.0339442,-33333.3,-33333.3,1.21388,95.3965,0.5,0,13.3715,9.42221,3.18065,19.5581,-7.43696,2,0.322147,0.322147,1,-0.096258
3268,2021-12-13,00:00:00.00,5.94751,0,0,1.46606,-2.03394,4.96606,1.46606,-33333.3,-33333.3,1.20731,95.4279,0.5,0,13.3319,9.34836,3.15577,20.2101,-7.38284,2,0.322147,0.322147,1,4.14521
3269,2021-12-14,00:00:00.00,5.96472,0,0,2.21606,-2.03394,6.46606,2.21606,-33333.3,-33333.3,1.20404,95.4435,0.5,0,13.2967,9.29778,3.1387,20.5422,-7.35341,2,0.322147,0.322147,1,6.2481
3270,2021-12-15,00:00:00.00,5.98194,0.401899,0,1.46606,-3.03394,5.96606,1.46606,-33333.3,-33333.3,1.20731,95.4279,0.5,0,13.266,9.29437,7.84837,20.2101,-7.38284,2,0.322147,0.322147,1,4.12309
3271,2021-12-16,00:00:00.00,5.99915,0.602849,0,4.71606,-3.03394,12.4661,4.71606,-33333.3,-33333.3,1.19319,95.495,0.5,0,13.2399,9.17301,7.74578,21.6806,-7.24185,2,0.322147,0.322147,1,13.2339
3272,2021-12-17,00:00:00.00,6.01637,0,0,7.21606,0.466056,13.9661,7.21606,-33333.3,-33333.3,1.18242,95.5455,0.5,0,13.2183,9.06744,7.65662,22.8686,-7.10886,2,0.322147,0.322147,1,20.2108
3273,2021-12-18,00:00:00.00,6.03358,0,0,0.716056,-1.53394,2.96606,0.716056,-33333.3,-33333.3,1.21059,95.4122,0.5,0,13.2013,9.2619,7.81897,19.8823,-7.41046,2,0.322147,0.322147,1,2.00237
3274,2021-12-19,00:00:00.00,6.05079,-4.44089e-15,6.02849,-2.28394,-2.53394,-2.03394,-2.28394,-33333.3,-33333.3,1.22385,95.3486,0.5,0,13.1888,9.32758,7.87253,18.5705,-7.54597,2,0.167919,0.167919,1,-6.37858
3275,2021-12-20,00:00:00.00,6.06801,0,0,-6.28394,-9.53394,-3.03394,-6.28394,-33333.3,-33333.3,1.24178,95.2616,0.5,0,13.1808,9.40591,3.17438,16.9163,-7.6913,2,0,0,1,-17.533
3276,2021-12-21,00:00:00.00,6.08522,0,0,-6.53394,-15.0339,1.96606,-6.53394,-33333.3,-33333.3,1.24291,95.2561,0.5,0,13.1774,9.40766,3.17495,16.8171,-7.69842,2,0,0,1,-18.2189
3277,2021-12-22,00:00:00.00,6.10244,0,1.00475,-1.78394,-5.03394,1.46606,-1.78394,-33333.3,-33333.3,1.22163,95.3593,0.5,0,13.1785,9.30669,3.14117,18.7863,-7.52349,2,0.208188,0.208188,1,-4.97265
3278,2021-12-23,00:00:00.00,6.11965,0,1.00475,-4.53394,-6.03394,-3.03394,-4.53394,-33333.3,-33333.3,1.2339,95.3,0.5,0,13.1842,9.37303,3.16339,17.6243,-7.6351,2,0,0,1,-12.6382
3279,2021-12-24,00:00:00.00,6.13686,0,7.03324,-5.28394,-9.03394,-1.53394,-5.28394,-33333.3,-33333.3,1.23727,95.2836,0.5,0,13.1945,9.39668,3.17134,17.318,-7.66056,2,0,0,1,-14.7335
3280,2021-12-25,00:00:00.00,6.15408,1.77636e-15,10.4494,-3.03394,-8.03394,1.96606,-3.03394,-33333.3,-33333.3,1.22719,95.3325,0.5,0,13.2093,9.36047,3.15928,18.2505,-7.57784,2,0.107517,0.107517,1,-8.46508
3281,2021-12-26,00:00:00.00,6.17129,0.502374,0,1.46606,-2.03394,4.96606,1.46606,-33333.3,-33333.3,1.20731,95.4279,0.5,0,13.2286,9.26164,3.12629,20.2101,-7.38284,2,0.322147,0.322147,1,4.09442
3282,2021-12-27,00:00:00.00,6.18851,0,0,-0.283944,-1.03394,0.466056,-0.283944,-33333.3,-33333.3,1.21498,95.3912,0.5,0,13.2525,9.32854,3.14877,19.4462,-7.45008,2,0.322147,0.322147,1,-0.793992
3283,2021-12-28,00:00:00.00,6.20572,0,1.00475,-3.28394,-7.53394,0.966056,-3.28394,-33333.3,-33333.3,1.2283,95.3271,0.5,0,13.281,9.42432,3.18093,18.1449,-7.58798,2,0.0873824,0.0873824,1,-9.19768
3284,2021-12-29,00:00:00.00,6.22294,0,2.0095,-3.28394,-6.03394,-0.533944,-3.28394,-33333.3,-33333.3,1.2283,95.3271,0.5,0,13.314,9.45119,3.19005,18.1449,-7.58798,2,0.0873824,0.0873824,1,-9.21519
3285,2021-12-30,00:00:00.00,6.24015,0,0,-1.28394,-3.03394,0.466056,-1.28394,-33333.3,-33333.3,1.21941,95.37,0.5,0,13.3515,9.43433,3.18456,19.0042,-7.50003,2,0.248456,0.248456,1,-3.6109
3286,2021-12-31,00:00:00.00,6.25736,0,0,-0.533944,-2.03394,0.966056,-0.533944,-33333.3,-33333.3,1.21609,95.3859,0.5,0,13.3936,9.44944,3.18978,19.3349,-7.46295,2,0.308858,0.308858,1,-1.50542
3287,2022-01-01,00:00:00.00,6.27458,1.99687,0.414522,0.716056,-2.53394,3.96606,0.716056,-33333.3,-33333.3,1.21059,95.4122,0.5,0,13.4402,9.45377,3.19141,19.8823,-7.41046,2,0.322147,0.322147,1,2.02463
3288,2022-01-02,00:00:00.00,0.0086071,8.88178e-16,5.02374,0.966056,-0.0339442,1.96606,0.966056,-33333.3,-33333.3,1.20949,95.4175,0.5,0,13.4913,9.48827,3.20316,19.9911,-7.40146,2,0.168836,0.168836,1,2.74005
3289,2022-01-03,00:00:00.00,0.0258213,0,2.0095,-7.78394,-8.53394,-7.03394,-7.78394,-33333.3,-33333.3,1.24858,95.2283,0.5,0,13.5469,9.73289,3.28525,16.3283,-7.7307,2,0.0395076,0.0395076,1,-22.1534
3290,2022-01-04,00:00:00.00,0.0430355,0,0,-11.5339,-17.0339,-6.03394,-11.5339,-33333.3,-33333.3,1.26579,95.1435,0.5,0,13.607,9.84402,3.32269,14.9321,-7.79562,2,0,0,1,-32.9485
3291,2022-01-05,00:00:00.00,0.0602497,0,0,-6.53394,-15.0339,1.96606,-6.53394,-33333.3,-33333.3,1.24291,95.2561,0.5,0,13.6716,9.81202,3.31223,16.8171,-7.69842,2,0.0922689,0.0922689,1,-18.7402
3292,2022-01-06,00:00:00.00,0.0774639,0,2.0095,-2.53394,-7.03394,1.96606,-2.53394,-33333.3,-33333.3,1.22496,95.3432,0.5,0,13.7407,9.78233,3.30257,18.4633,-7.55683,2,0.168836,0.168836,1,-7.29896
3293,2022-01-07,00:00:00.00,0.0946781,0,1.00475,-8.03394,-10.5339,-5.53394,-8.03394,-33333.3,-33333.3,1.24971,95.2228,0.5,0,13.8142,9.95748,3.3615,16.232,-7.7365,2,0.0289554,0.0289554,1,-23.2477
3294,2022-01-08,00:00:00.00,0.111892,0,0,-13.5339,-17.0339,-10.0339,-13.5339,-33333.3,-33333.3,1.27511,95.0973,0.5,0,13.8922,10.1084,3.41233,14.2289,-7.81173,2,0,0,1,-39.3534
3295,2022-01-09,00:00:00.00,0.129107,0,0,-10.0339,-21.0339,0.966056,-10.0339,-33333.3,-33333.3,1.25887,95.1777,0.5,0,13.9745,10.1243,3.41798,15.4782,-7.77524,2,0,0,1,-29.326
3296,2022-01-10,00:00:00.00,0.146321,0,2.0095,-8.78394,-18.5339,0.966056,-8.78394,-33333.3,-33333.3,1.25314,95.2059,0.5,0,14.0613,10.1748,3.43524,15.9458,-7.75261,2,0,0,1,-25.8112
3297,2022-01-11,00:00:00.00,0.163535,0,1.00475,-11.5339,-12.0339,-11.0339,-11.5339,-33333.3,-33333.3,1.26579,95.1435,0.5,0,14.1525,10.2953,3.47597,14.9321,-7.79562,2,0,0,1,-34.0837
3298,2022-01-12,00:00:00.00,0.180749,0,0,-11.5339,-21.0339,-2.03394,-11.5339,-33333.3,-33333.3,1.26579,95.1435,0.5,0,14.2481,10.3745,3.50287,14.9321,-7.79562,2,0,0,1,-34.2851
3299,2022-01-13,00:00:00.00,0.197963,0,0,-10.2839,-19.5339,-1.03394,-10.2839,-33333.3,-33333.3,1.26002,95.172,0.5,0,14.348,10.4374,3.52433,15.386,-7.77915,2,0,0,1,-30.7576
3300,2022-01-14,00:00:00.00,0.215178,0,0,-1.28394,-3.03394,0.466056,-1.28394,-33333.3,-33333.3,1.21941,95.37,0.5,0,14.4522,10.3336,3.48998,19.0042,-7.50003,2,0.168836,0.168836,1,-3.8646
3301,2022-01-15,00:00:00.00,0.232392,0,0,-8.53394,-9.03394,-8.03394,-8.53394,-33333.3,-33333.3,1.25199,95.2116,0.5,0,14.5607,10.5832,3.574,16.0408,-7.74745,2,0.00785088,0.00785088,1,-25.8571
3302,2022-01-16,00:00:00.00,0.249606,0,0,-18.7839,-24.5339,-13.0339,-18.7839,-33333.3,-33333.3,1.3001,94.9726,0.5,0,14.6735,10.8214,3.65427,12.5132,-7.798,2,0,0,1,-57.3038
3303,2022-01-17,00:00:00.00,0.26682,-8.88178e-15,12.057,-13.7839,-24.0339,-3.53394,-13.7839,-33333.3,-33333.3,1.27629,95.0915,0.5,0,14.7906,10.858,3.66698,14.143,-7.81288,2,0,0,1,-42.3479
3304,2022-01-18,00:00:00.00,0.284034,0,4.01899,-10.7839,-17.0339,-4.53394,-10.7839,-33333.3,-33333.3,1.26232,95.1607,0.5,0,14.9118,10.9132,3.68597,15.2031,-7.78634,2,0,0,1,-33.3725
3305,2022-01-19,00:00:00.00,0.301249,0,4.01899,-5.03394,-11.0339,0.966056,-5.03394,-33333.3,-33333.3,1.23614,95.2891,0.5,0,15.0373,10.9062,3.6841,17.4196,-7.6523,2,0.155582,0.155582,1,-15.695
3306,2022-01-20,00:00:00.00,0.318463,0,0,-5.78394,-13.5339,1.96606,-5.78394,-33333.3,-33333.3,1.23952,95.2726,0.5,0,15.1668,11.0298,3.72603,17.1162,-7.67638,2,0.123926,0.123926,1,-18.1721
3307,2022-01-21,00:00:00.00,0.335677,0,0,-14.5339,-17.0339,-12.0339,-14.5339,-33333.3,-33333.3,1.27981,95.0739,0.5,0,15.3005,11.2932,3.81483,13.8878,-7.81521,2,0,0,1,-46.023
3308,2022-01-22,00:00:00.00,0.352891,0,0,-18.5339,-26.5339,-10.5339,-18.5339,-33333.3,-33333.3,1.29889,94.9786,0.5,0,15.4383,11.4577,3.87052,12.5908,-7.80039,2,0,0,1,-59.1628
3309,2022-01-23,00:00:00.00,0.370105,0,2.0095,-17.0339,-27.0339,-7.03394,-17.0339,-33333.3,-33333.3,1.29168,95.0147,0.5,0,15.5801,11.5589,3.905,13.0648,-7.81117,2,0,0,1,-54.8228
3310,2022-01-24,00:00:00.00,0.38732,0,0,-10.7839,-13.5339,-8.03394,-10.7839,-33333.3,-33333.3,1.26232,95.1607,0.5,0,15.726,11.5902,3.91606,15.2031,-7.78634,2,0,0,1,-34.9995
3311,2022-01-25,00:00:00.00,0.404534,8.88178e-16,5.02374,-16.0339,-24.0339,-8.03394,-16.0339,-33333.3,-33333.3,1.28691,95.0385,0.5,0,15.8757,11.7935,3.98482,13.389,-7.81492,2,0,0,1,-52.4848
3312,2022-01-26,00:00:00.00,0.421748,0,1.00475,-12.2839,-15.0339,-9.53394,-12.2839,-33333.3,-33333.3,1.26928,95.1263,0.5,0,16.0294,11.8679,4.01035,14.6651,-7.80312,2,0,0,1,-40.5608
3313,2022-01-27,00:00:00.00,0.438962,0,0,-15.2839,-21.5339,-9.03394,-15.2839,-33333.3,-33333.3,1.28336,95.0563,0.5,0,16.187,12.0438,4.06999,13.6365,-7.81588,2,0,0,1,-50.9146
3314,2022-01-28,00:00:00.00,0.456176,4.44089e-16,2.61235,-11.7839,-17.0339,-6.53394,-11.7839,-33333.3,-33333.3,1.26695,95.1378,0.5,0,16.3484,12.1259,4.09813,14.8426,-7.79832,2,0,0,1,-39.6093
3315,2022-01-29,00:00:00.00,0.473391,0,0,-15.5339,-19.0339,-12.0339,-15.5339,-33333.3,-33333.3,1.28454,95.0504,0.5,0,16.5136,12.3206,4.16408,13.5536,-7.81574,2,0,0,1,-52.6921
3316,2022-01-30,00:00:00.00,0.490605,0,0,-18.7839,-28.0339,-9.53394,-18.7839,-33333.3,-33333.3,1.3001,94.9726,0.5,0,16.6825,12.503,4.22593,12.5132,-7.798,2,0,0,1,-64.3076
3317,2022-01-31,00:00:00.00,0.507819,0,0,-16.7839,-27.0339,-6.53394,-16.7839,-33333.3,-33333.3,1.29049,95.0207,0.5,0,16.855,12.6233,4.26698,13.1452,-7.81237,2,0,0,1,-58.0006
3318,2022-02-01,00:00:00.00,0.525033,0,0,-7.53394,-13.0339,-2.03394,-7.53394,-33333.3,-33333.3,1.24744,95.2339,0.5,0,17.0312,12.615,4.26483,16.4251,-7.72468,2,0.0500599,0.0500599,1,-26.2828
3319,2022-02-02,00:00:00.00,0.542247,1.11022e-16,0.20095,-3.78394,-11.0339,3.46606,-3.78394,-33333.3,-33333.3,1.23054,95.3163,0.5,0,17.211,12.6756,4.28582,17.9352,-7.60754,2,0.260046,0.260046,1,-13.3276
3320,2022-02-03,00:00:00.00,0.559462,1.06581e-14,16.6788,-3.53394,-8.53394,1.46606,-3.53394,-33333.3,-33333.3,1.22942,95.3217,0.5,0,17.3942,12.8211,4.33534,18.0398,-7.59788,2,0.260046,0.260046,1,-12.568
3321,2022-02-04,00:00:00.00,0.576676,0,1.00475,-7.28394,-7.53394,-7.03394,-7.28394,-33333.3,-33333.3,1.2463,95.2395,0.5,0,17.5809,13.0677,4.41884,16.5224,-7.71845,2,0.100638,0.100638,1,-26.1586
3322,2022-02-05,00:00:00.00,0.59389,0,0,-12.5339,-17.0339,-8.03394,-12.5339,-33333.3,-33333.3,1.27044,95.1205,0.5,0,17.771,13.3283,4.50709,14.577,-7.80522,2,0,0,1,-45.4582
3323,2022-02-06,00:00:00.00,0.611104,0,0,-13.5339,-19.0339,-8.03394,-13.5339,-33333.3,-33333.3,1.27511,95.0973,0.5,0,17.9644,13.507,4.5678,14.2289,-7.81173,2,0,0,1,-49.5747
3324,2022-02-07,00:00:00.00,0.628319,0,0,-11.0339,-19.5339,-2.53394,-11.0339,-33333.3,-33333.3,1.26348,95.155,0.5,0,18.161,13.6287,4.60938,15.1123,-7.78964,2,0,0,1,-40.8235
3325,2022-02-08,00:00:00.00,0.645533,0,2.0095,-5.28394,-10.0339,-0.533944,-5.28394,-33333.3,-33333.3,1.23727,95.2836,0.5,0,18.3609,13.6707,4.62419,17.318,-7.66056,2,0.230661,0.230661,1,-19.7474
3326,2022-02-09,00:00:00.00,0.662747,0,1.00475,-5.53394,-8.03394,-3.03394,-5.53394,-33333.3,-33333.3,1.23839,95.2781,0.5,0,18.5639,13.8462,4.6839,17.2168,-7.66859,2,0.214408,0.214408,1,-20.8922
3327,2022-02-10,00:00:00.00,0.679961,-2.22045e-15,3.01425,-3.28394,-11.0339,4.46606,-3.28394,-33333.3,-33333.3,1.2283,95.3271,0.5,0,18.7699,13.9576,4.72206,18.1449,-7.58798,2,0.260046,0.260046,1,-12.5247
3328,2022-02-11,00:00:00.00,0.697175,0,2.0095,-2.78394,-5.53394,-0.0339442,-2.78394,-33333.3,-33333.3,1.22607,95.3379,0.5,0,18.9789,14.117,4.77639,18.3567,-7.56746,2,0.260046,0.260046,1,-10.727
3329,2022-02-12,00:00:00.00,0.71439,1.77636e-15,10.0475,-1.78394,-4.53394,0.966056,-1.78394,-33333.3,-33333.3,1.22163,95.3593,0.5,0,19.1907,14.2629,4.82618,18.7863,-7.52349,2,0.260046,0.260046,1,-6.9448
3330,2022-02-13,00:00:00.00,0.731604,0,1.00475,-8.03394,-8.03394,-8.03394,-8.03394,-33333.3,-33333.3,1.24971,95.2228,0.5,0,19.4055,14.6094,4.94346,16.232,-7.7365,2,0.0518793,0.0518793,1,-31.6001
3331,2022-02-14,00:00:00.00,0.748818,0,1.00475,-17.0339,-24.0339,-10.0339,-17.0339,-33333.3,-33333.3,1.29168,95.0147,0.5,0,19.6229,14.955,5.06046,13.0648,-7.81117,2,0,0,1,-67.6971
3332,2022-02-15,00:00:00.00,0.766032,0,2.0095,-19.0339,-27.0339,-11.0339,-19.0339,-33333.3,-33333.3,1.30131,94.9665,0.5,0,19.8431,15.1675,5.13274,12.436,-7.79545,2,0,0,1,-76.4346
3333,2022-02-16,00:00:00.00,0.783246,0,0,-14.5339,-26.5339,-2.53394,-14.5339,-33333.3,-33333.3,1.27981,95.0739,0.5,0,20.0658,15.2903,5.17479,13.8878,-7.81521,2,0,0,1,-58.9741
3334,2022-02-17,00:00:00.00,0.800461,7.10543e-15,41.7975,-2.03394,-11.0339,6.96606,-2.03394,-33333.3,-33333.3,1.22274,95.354,0.5,0,20.291,15.1867,5.14064,18.6781,-7.53485,2,0.260046,0.260046,1,-8.33952
3335,2022-02-18,00:00:00.00,0.817675,0.659313,13.4072,-0.283944,-3.53394,2.96606,-0.283944,-33333.3,-33333.3,1.21498,95.3912,0.5,0,20.5187,15.3173,5.18537,19.4462,-7.45008,2,0.260046,0.260046,1,-1.17641
3336,2022-02-19,00:00:00.00,0.834889,0,11.0522,-9.28394,-14.0339,-4.53394,-9.28394,-33333.3,-33333.3,1.25542,95.1947,0.5,0,20.7487,15.7644,5.33664,15.7574,-7.76229,2,0,0,1,-38.8688
3337,2022-02-20,00:00:00.00,0.852103,0,2.0095,-10.7839,-12.5339,-9.03394,-10.7839,-33333.3,-33333.3,1.26232,95.1607,0.5,0,20.9809,15.9918,5.414,15.2031,-7.78634,2,0,0,1,-45.6228
3338,2022-02-21,00:00:00.00,0.869317,0,0,-4.78394,-14.0339,4.46606,-4.78394,-33333.3,-33333.3,1.23502,95.2945,0.5,0,21.2154,16.042,5.43166,17.5217,-7.64382,2,0.260046,0.260046,1,-20.4516
3339,2022-02-22,00:00:00.00,0.886532,0,0,-2.28394,-10.0339,5.46606,-2.28394,-33333.3,-33333.3,1.22385,95.3486,0.5,0,21.4519,16.1631,5.47319,18.5705,-7.54597,2,0.260046,0.260046,1,-9.86645
3340,2022-02-23,00:00:00.00,0.903746,12.057,0,1.96606,-3.03394,6.96606,1.96606,-33333.3,-33333.3,1.20513,95.4383,0.5,0,21.6903,16.2053,5.48814,20.431,-7.36343,2,0.260046,0.260046,1,8.58234
3341,2022-02-24,00:00:00.00,0.92096,0,0,-6.78394,-7.03394,-6.53394,-6.78394,-33333.3,-33333.3,1.24404,95.2506,0.5,0,21.9307,16.6967,5.65452,16.7184,-7.70532,2,0.133144,0.133144,1,-29.9238
3342,2022-02-25,00:00:00.00,0.938174,0,2.0095,-10.7839,-16.5339,-5.03394,-10.7839,-33333.3,-33333.3,1.26232,95.1607,0.5,0,22.1729,16.9957,5.75604,15.2031,-7.78634,2,0,0,1,-48.0653
3343,2022-02-26,00:00:00.00,0.955388,-2.22045e-15,3.01425,-10.0339,-15.0339,-5.03394,-10.0339,-33333.3,-33333.3,1.25887,95.1777,0.5,0,22.4168,17.1848,5.82054,15.4782,-7.77524,2,0,0,1,-45.1895
3344,2022-02-27,00:00:00.00,0.972603,0,0,-10.5339,-16.5339,-4.53394,-10.5339,-33333.3,-33333.3,1.26117,95.1664,0.5,0,22.6623,17.4028,5.89482,15.2943,-7.78285,2,0,0,1,-47.9356
3345,2022-02-28,00:00:00.00,0.989817,0,0,-6.28394,-12.0339,-0.533944,-6.28394,-33333.3,-33333.3,1.24178,95.2616,0.5,0,22.9094,17.5053,5.93011,16.9163,-7.6913,2,0.16565,0.16565,1,-28.8927
3346,2022-03-01,00:00:00.00,1.00703,0,0,-11.7839,-19.0339,-4.53394,-11.7839,-33333.3,-33333.3,1.26695,95.1378,0.5,0,23.1579,17.8478,6.04639,14.8426,-7.79832,2,0,0,1,-54.7425
3347,2022-03-02,00:00:00.00,1.02425,0,0,-5.28394,-13.5339,2.96606,-5.28394,-33333.3,-33333.3,1.23727,95.2836,0.5,0,23.4077,17.8951,6.0631,17.318,-7.66056,2,0,0,1,-24.8002
3348,2022-03-03,00:00:00.00,1.04146,-2.22045e-15,3.01425,-2.53394,-5.03394,-0.0339442,-2.53394,-33333.3,-33333.3,1.22496,95.3432,0.5,0,23.6588,18.0173,6.10506,18.4633,-7.55683,2,0.286178,0.286178,1,-12.0154
3349,2022-03-04,00:00:00.00,1.05867,0,0,-11.5339,-17.0339,-6.03394,-11.5339,-33333.3,-33333.3,1.26579,95.1435,0.5,0,23.911,18.4785,6.26144,14.9321,-7.79562,2,0,0,1,-55.2525
3350,2022-03-05,00:00:00.00,1.07589,0,0,-9.28394,-17.0339,-1.53394,-9.28394,-33333.3,-33333.3,1.25542,95.1947,0.5,0,24.1643,18.6403,6.31681,15.7574,-7.76229,2,0,0,1,-44.9282
3351,2022-03-06,00:00:00.00,1.0931,-8.88178e-16,3.81804,-1.53394,-12.5339,9.46606,-1.53394,-33333.3,-33333.3,1.22052,95.3646,0.5,0,24.4185,18.6174,6.30982,18.895,-7.51189,2,0.510808,0.510808,1,-7.49873
3352,2022-03-07,00:00:00.00,1.11032,0,0,3.46606,-5.03394,11.9661,3.46606,-33333.3,-33333.3,1.19861,95.4694,0.5,0,24.6735,18.6171,6.31045,21.1053,-7.30025,2,0.898518,0.898518,1,17.1155
3353,2022-03-08,00:00:00.00,1.12753,1.18676,4.43983,-0.283944,-1.03394,0.466056,-0.283944,-33333.3,-33333.3,1.21498,95.3912,0.5,0,24.9294,18.9963,6.43921,19.4462,-7.45008,2,0.791595,0.791595,1,-1.41621
3354,2022-03-09,00:00:00.00,1.14474,0,0,-3.53394,-7.53394,0.466056,-3.53394,-33333.3,-33333.3,1.22942,95.3217,0.5,0,25.1859,19.3322,6.55336,18.0398,-7.59788,2,0.0615485,0.0615485,1,-17.8029
3355,2022-03-10,00:00:00.00,1.16196,0,0,-2.28394,-7.53394,2.96606,-2.28394,-33333.3,-33333.3,1.22385,95.3486,0.5,0,25.4429,19.5034,6.61191,18.5705,-7.54597,2,0.342336,0.342336,1,-11.6204
3356,2022-03-11,00:00:00.00,1.17917,0,4.01899,-2.78394,-7.03394,1.46606,-2.78394,-33333.3,-33333.3,1.22607,95.3379,0.5,0,25.7004,19.7377,6.69176,18.3567,-7.56746,2,0.230021,0.230021,1,-14.3046
3357,2022-03-12,00:00:00.00,1.19639,-4.44089e-15,6.02849,-3.28394,-5.53394,-1.03394,-3.28394,-33333.3,-33333.3,1.2283,95.3271,0.5,0,25.9583,19.972,6.77166,18.1449,-7.58798,2,0.117706,0.117706,1,-17.0399
3358,2022-03-13,00:00:00.00,1.2136,-4.44089e-15,6.02849,-9.03394,-12.0339,-6.03394,-9.03394,-33333.3,-33333.3,1.25428,95.2003,0.5,0,26.2164,20.366,6.90547,15.8514,-7.75756,2,0,0,1,-47.3344
3359,2022-03-14,00:00:00.00,1.23082,0,1.00475,-7.53394,-13.0339,-2.03394,-7.53394,-33333.3,-33333.3,1.24744,95.2339,0.5,0,26.4747,20.5427,6.96591,16.4251,-7.72468,2,0,0,1,-39.8587
3360,2022-03-15,00:00:00.00,1.24803,8.88178e-16,1.6076,-3.53394,-13.0339,5.96606,-3.53394,-33333.3,-33333.3,1.22942,95.3217,0.5,0,26.7331,20.6318,6.99675,18.0398,-7.59788,2,0.0615485,0.0615485,1,-18.877
3361,2022-03-16,00:00:00.00,1.26524,8.88178e-16,5.02374,-4.28394,-11.0339,2.46606,-4.28394,-33333.3,-33333.3,1.23278,95.3054,0.5,0,26.9915,20.8753,7.07978,17.7275,-7.62615,2,0,0,1,-23.1026
3362,2022-03-17,00:00:00.00,1.28246,0,0,2.71606,-3.03394,8.46606,2.71606,-33333.3,-33333.3,1.20186,95.4539,0.5,0,27.2497,20.7987,7.05458,20.766,-7.33277,2,0.898518,0.898518,1,14.7867
3363,2022-03-18,00:00:00.00,1.29967,2.31092,0,6.96606,-3.03394,16.9661,6.96606,-33333.3,-33333.3,1.1835,95.5405,0.5,0,27.5077,20.7756,7.04746,22.7475,-7.12315,2,0.898518,0.898518,1,38.2827
3364,2022-03-19,00:00:00.00,1.31689,0.20095,0,7.96606,1.96606,13.9661,7.96606,-33333.3,-33333.3,1.17921,95.5605,0.5,0,27.7655,20.9248,7.09858,23.2349,-7.06463,2,0.898518,0.898518,1,44.1887
3365,2022-03-20,00:00:00.00,1.3341,7.03324,0,5.96606,2.96606,8.96606,5.96606,-33333.3,-33333.3,1.1878,95.5203,0.5,0,28.0228,21.2633,7.21374,22.2683,-7.17809,2,0.898518,0.898518,1,33.4023
3366,2022-03-21,00:00:00.00,1.35132,0,0,3.71606,-0.533944,7.96606,3.71606,-33333.3,-33333.3,1.19752,95.4745,0.5,0,28.2797,21.6048,7.32991,21.2194,-7.28899,2,0.898518,0.898518,1,20.9971
3367,2022-03-22,00:00:00.00,1.36853,0,0,4.21606,-1.53394,9.96606,4.21606,-33333.3,-33333.3,1.19536,95.4848,0.5,0,28.5359,21.7907,7.39345,21.449,-7.26585,2,0.898518,0.898518,1,24.0402
3368,2022-03-23,00:00:00.00,1.38574,2.49609,0.518153,0.716056,-4.03394,5.46606,0.716056,-33333.3,-33333.3,1.21059,95.4122,0.5,0,28.7915,22.183,13.7023,19.8823,-7.41046,2,0.898518,0.898518,1,4.12007
3369,2022-03-24,00:00:00.00,1.40296,13.5983,0.669161,0.966056,-4.03394,5.96606,0.966056,-33333.3,-33333.3,1.20949,95.4175,0.5,0,29.0464,22.3842,17.5265,19.9911,-7.40146,2,0.898518,0.898518,1,5.60849
3370,2022-03-25,00:00:00.00,1.42017,2.61235,0,3.71606,-1.03394,8.46606,3.71606,-33333.3,-33333.3,1.19752,95.4745,0.5,0,29.3003,22.4546,18.6469,21.2194,-7.28899,2,0.898518,0.898518,1,21.7659
3371,2022-03-26,00:00:00.00,1.43739,0.401899,0,1.46606,0.466056,2.46606,1.46606,-33333.3,-33333.3,1.20731,95.4279,0.5,0,29.5534,22.7836,19.2231,20.2101,-7.38284,2,0.898518,0.898518,1,8.66289
3372,2022-03-27,00:00:00.00,1.4546,0,2.0095,1.46606,-0.0339442,2.96606,1.46606,-33333.3,-33333.3,1.20731,95.4279,0.5,0,29.8054,22.9942,19.3937,20.2101,-7.38284,2,0.898518,0.898518,1,8.73865
3373,2022-03-28,00:00:00.00,1.47181,-2.22045e-15,3.01425,-5.53394,-7.03394,-4.03394,-5.53394,-33333.3,-33333.3,1.23839,95.2781,0.5,0,30.0563,23.4987,19.8172,17.2168,-7.66859,2,0,0,1,-33.2714
3374,2022-03-29,00:00:00.00,1.48903,2.22045e-16,0.401899,-10.5339,-14.0339,-7.03394,-10.5339,-33333.3,-33333.3,1.26117,95.1664,0.5,0,30.306,23.863,8.09942,15.2943,-7.78285,2,0,0,1,-63.8758
3375,2022-03-30,00:00:00.00,1.50624,0,0,-6.78394,-13.5339,-0.0339442,-6.78394,-33333.3,-33333.3,1.24404,95.2506,0.5,0,30.5545,23.961,8.13326,16.7184,-7.70532,2,0,0,1,-41.4857
3376,2022-03-31,00:00:00.00,1.52346,2.11931,1.89968,0.466056,-8.03394,8.96606,0.466056,-33333.3,-33333.3,1.21168,95.407,0.5,0,30.8016,23.8762,8.10518,19.774,-7.41927,2,0.898518,0.898518,1,2.87405
3377,2022-04-01,00:00:00.00,1.54067,0,0,5.21606,-4.03394,14.4661,5.21606,-33333.3,-33333.3,1.19104,95.5051,0.5,0,31.0473,23.8191,8.08647,21.9142,-7.217,2,0.898518,0.898518,1,32.4332
3378,2022-04-02,00:00:00.00,1.55789,0,0,-0.283944,-1.53394,0.966056,-0.283944,-33333.3,-33333.3,1.21498,95.3912,0.5,0,31.2914,24.3219,20.5146,19.4462,-7.45008,2,0,0,1,-1.78003
3379,2022-04-03,00:00:00.00,1.5751,0,2.0095,-0.533944,-6.03394,4.96606,-0.533944,-33333.3,-33333.3,1.21609,95.3859,0.5,0,31.534,24.5368,20.6958,19.3349,-7.46295,2,0,0,1,-3.37454
3380,2022-04-04,00:00:00.00,1.59231,0,0,-1.03394,-5.53394,3.46606,-1.03394,-33333.3,-33333.3,1.2183,95.3753,0.5,0,31.7749,24.7617,8.40761,19.1139,-7.48792,2,0,0,1,-6.58716
3381,2022-04-05,00:00:00.00,1.60953,2.21045,0,1.21606,-4.03394,6.46606,1.21606,-33333.3,-33333.3,1.2084,95.4227,0.5,0,32.0141,24.8518,8.43874,20.1004,-7.39225,2,0,0,1,7.80909
3382,2022-04-06,00:00:00.00,1.62674,0,0,4.71606,-3.03394,12.4661,4.71606,-33333.3,-33333.3,1.19319,95.495,0.5,0,32.2515,24.85,20.9678,21.6806,-7.24185,2,1.14489,1.14489,1,30.5229
3383,2022-04-07,00:00:00.00,1.64396,7.53561,0,7.21606,0.966056,13.4661,7.21606,-33333.3,-33333.3,1.18242,95.5455,0.5,0,32.487,24.8787,20.9761,22.8686,-7.10886,2,2.71302,2.71302,1,47.066
3384,2022-04-08,00:00:00.00,1.66117,1.2057,0,6.71606,1.96606,11.4661,6.71606,-33333.3,-33333.3,1.18457,95.5355,0.5,0,32.7205,25.1069,21.1451,22.627,-7.13722,2,2.50141,2.50141,1,44.1411
3385,2022-04-09,00:00:00.00,1.67839,4.62184,0,2.46606,-2.03394,6.96606,2.46606,-33333.3,-33333.3,1.20295,95.4487,0.5,0,32.9521,25.5663,21.5114,20.6539,-7.34319,2,0,0,1,16.331
3386,2022-04-10,00:00:00.00,1.6956,0,0,1.46606,-1.03394,3.96606,1.46606,-33333.3,-33333.3,1.20731,95.4279,0.5,0,33.1816,25.8127,21.7383,20.2101,-7.38284,2,0,0,1,9.78144
3387,2022-04-11,00:00:00.00,1.71281,0,0,2.96606,-1.53394,7.46606,2.96606,-33333.3,-33333.3,1.20078,95.4591,0.5,0,33.4089,25.9177,21.8267,20.8786,-7.32214,2,0,0,1,19.9356
3388,2022-04-12,00:00:00.00,1.73003,1.00475,0,5.46606,-2.03394,12.9661,5.46606,-33333.3,-33333.3,1.18996,95.5102,0.5,0,33.634,25.9481,21.8524,22.0318,-7.20425,2,1.65359,1.65359,1,37.0069
3389,2022-04-13,00:00:00.00,1.74724,0,0,8.46606,0.466056,16.4661,8.46606,-33333.3,-33333.3,1.17706,95.5704,0.5,0,33.8569,25.9156,21.8146,23.4816,-7.03401,2,2.71302,2.71302,1,57.7308
3390,2022-04-14,00:00:00.00,1.76446,2.4114,0,10.9661,0.966056,20.9661,10.9661,-33333.3,-33333.3,1.16637,95.6197,0.5,0,34.0774,25.8893,21.749,24.7467,-6.867,2,2.71302,2.71302,1,75.3099
3391,2022-04-15,00:00:00.00,1.78167,0.401899,0,9.46606,8.96606,9.96606,9.46606,-33333.3,-33333.3,1.17278,95.5902,0.5,0,34.2956,26.1961,21.9966,23.9814,-6.97001,2,2.71302,2.71302,1,65.4644
3392,2022-04-16,00:00:00.00,1.79888,1.00475,0,6.96606,1.96606,11.9661,6.96606,-33333.3,-33333.3,1.1835,95.5405,0.5,0,34.5114,26.5683,22.2711,22.7475,-7.12315,2,2.67097,2.67097,1,48.5082
3393,2022-04-17,00:00:00.00,1.8161,0,0,1.21606,-2.53394,4.96606,1.21606,-33333.3,-33333.3,1.2084,95.4227,0.5,0,34.7247,27.1122,22.699,20.1004,-7.39225,2,0,0,1,8.52579
3394,2022-04-18,00:00:00.00,1.83331,0,0,0.966056,-4.53394,6.46606,0.966056,-33333.3,-33333.3,1.20949,95.4175,0.5,0,34.9354,27.3014,22.8574,19.9911,-7.40146,2,0,0,1,6.81855
3395,2022-04-19,00:00:00.00,1.85053,-4.44089e-15,6.02849,1.21606,-4.03394,6.46606,1.21606,-33333.3,-33333.3,1.2084,95.4227,0.5,0,35.1436,27.4608,22.991,20.1004,-7.39225,2,0,0,1,8.6399
3396,2022-04-20,00:00:00.00,1.86774,0,0,0.466056,-1.53394,2.46606,0.466056,-33333.3,-33333.3,1.21168,95.407,0.5,0,35.3491,27.6729,23.2142,19.774,-7.41927,2,0,0,1,3.33289
3397,2022-04-21,00:00:00.00,1.88496,6.02849,0,4.46606,-0.533944,9.46606,4.46606,-33333.3,-33333.3,1.19428,95.4899,0.5,0,35.552,27.6022,23.1551,21.5646,-7.25396,2,0.975331,0.975331,1,32.1427
3398,2022-04-22,00:00:00.00,1.90217,10.2484,0,6.46606,-0.0339442,12.9661,6.46606,-33333.3,-33333.3,1.18565,95.5304,0.5,0,35.7521,27.6278,23.1995,22.5069,-7.15106,2,2.33184,2.33184,1,46.8313
3399,2022-04-23,00:00:00.00,1.91938,0,0,6.71606,0.466056,12.9661,6.71606,-33333.3,-33333.3,1.18457,95.5355,0.5,0,35.9495,27.7718,23.3223,22.627,-7.13722,2,2.50141,2.50141,1,48.9448
3400,2022-04-24,00:00:00.00,1.9366,0.602849,0,7.21606,1.46606,12.9661,7.21606,-33333.3,-33333.3,1.18242,95.5455,0.5,0,36.1441,27.894,23.3817,22.8686,-7.10886,2,2.71302,2.71302,1,52.9109
3401,2022-04-25,00:00:00.00,1.95381,2.0095,0,14.7161,4.46606,24.9661,14.7161,-33333.3,-33333.3,1.15038,95.692,0.5,0,36.3358,27.3535,22.8929,26.7448,-6.57127,2,2.71302,2.71302,1,108.554
3402,2022-04-26,00:00:00.00,1.97103,6.02849,0,11.4661,5.96606,16.9661,11.4661,-33333.3,-33333.3,1.16424,95.6294,0.5,0,36.5247,27.8404,23.2883,25.0061,-6.83076,2,2.71302,2.71302,1,85.0816
3403,2022-04-27,00:00:00.00,1.98824,1.00475,1.00475,5.46606,3.96606,6.96606,5.46606,-33333.3,-33333.3,1.18996,95.5102,0.5,0,36.7107,28.4898,23.8445,22.0318,-7.20425,2,1.65359,1.65359,1,40.7962
3404,2022-04-28,00:00:00.00,2.00546,0,0,-0.533944,-2.53394,1.46606,-0.533944,-33333.3,-33333.3,1.21609,95.3859,0.5,0,36.8937,29.0109,24.2871,19.3349,-7.46295,2,0,0,1,-4.00789
3405,2022-04-29,00:00:00.00,2.02267,0,0,2.71606,-3.53394,8.96606,2.71606,-33333.3,-33333.3,1.20186,95.4539,0.5,0,37.0737,28.9733,24.2556,20.766,-7.33277,2,0,0,1,20.5023
3406,2022-04-30,00:00:00.00,2.03988,0,0,5.96606,-2.03394,13.9661,5.96606,-33333.3,-33333.3,1.1878,95.5203,0.5,0,37.2507,28.8977,24.1924,22.2683,-7.17809,2,1.99271,1.99271,1,45.2839
3407,2022-05-01,00:00:00.00,2.0571,0,0,7.71606,-0.0339442,15.4661,7.71606,-33333.3,-33333.3,1.18028,95.5555,0.5,0,37.4247,28.9048,24.1626,23.1123,-7.0796,2,2.71302,2.71302,1,58.8847
3408,2022-05-02,00:00:00.00,2.07431,2.61235,0,5.96606,1.96606,9.96606,5.96606,-33333.3,-33333.3,1.1878,95.5203,0.5,0,37.5956,29.1809,24.3444,22.2683,-7.17809,2,0,0,1,45.7721
3409,2022-05-03,00:00:00.00,2.09153,0,0,7.46606,4.96606,9.96606,7.46606,-33333.3,-33333.3,1.18135,95.5505,0.5,0,37.7634,29.202,24.4092,22.9902,-7.09434,2,0,0,1,57.5795
3410,2022-05-04,00:00:00.00,2.10874,18.4874,0,9.46606,6.46606,12.4661,9.46606,-33333.3,-33333.3,1.17278,95.5902,0.5,0,37.928,29.1667,24.3796,23.9814,-6.97001,2,0,0,1,73.378
3411,2022-05-05,00:00:00.00,2.12595,0,0,10.4661,6.96606,13.9661,10.4661,-33333.3,-33333.3,1.16851,95.6099,0.5,0,38.0895,29.2063,24.4837,24.4895,-6.90229,2,0,0,1,81.5372
3412,2022-05-06,00:00:00.00,2.14317,0,0,9.71606,2.46606,16.9661,9.71606,-33333.3,-33333.3,1.17171,95.5952,0.5,0,38.2479,29.4042,24.6496,24.1076,-6.95343,2,0,0,1,76.0668
3413,2022-05-07,00:00:00.00,2.16038,0,0,11.7161,6.46606,16.9661,11.7161,-33333.3,-33333.3,1.16317,95.6343,0.5,0,38.403,29.3387,24.5947,25.1366,-6.81228,2,0.74054,0.74054,1,92.1669
3414,2022-05-08,00:00:00.00,2.1776,0,0,10.2161,3.96606,16.4661,10.2161,-33333.3,-33333.3,1.16957,95.605,0.5,0,38.5549,29.6072,24.8062,24.3617,-6.91957,2,0,0,1,80.7461
3415,2022-05-09,00:00:00.00,2.19481,0,0,9.46606,1.96606,16.9661,9.46606,-33333.3,-33333.3,1.17278,95.5902,0.5,0,38.7036,29.7969,24.9652,23.9814,-6.97001,2,0,0,1,75.1637
3416,2022-05-10,00:00:00.00,2.21203,0,0,12.2161,3.96606,20.4661,12.2161,-33333.3,-33333.3,1.16104,95.644,0.5,0,38.849,29.6474,24.84,25.3991,-6.77458,2,1.45397,1.45397,1,97.4378
3417,2022-05-11,00:00:00.00,2.22924,0,0,15.7161,7.46606,23.9661,15.7161,-33333.3,-33333.3,1.14612,95.711,0.5,0,38.9912,29.3662,24.5779,27.2985,-6.48287,2,5.70744,5.70744,1,125.908
3418,2022-05-12,00:00:00.00,2.24645,0,0,17.9661,8.96606,26.9661,17.9661,-33333.3,-33333.3,1.13653,95.7532,0.5,0,39.13,29.1863,24.3242,28.5775,-6.26868,2,5.70744,5.70744,1,144.555
3419,2022-05-13,00:00:00.00,2.26367,0,0,19.4661,9.96606,28.9661,19.4661,-33333.3,-33333.3,1.13013,95.781,0.5,0,39.2655,29.0826,24.1349,29.4561,-6.11385,2,5.70744,5.70744,1,157.283
3420,2022-05-14,00:00:00.00,2.28088,0,0,19.4661,11.4661,27.4661,19.4661,-33333.3,-33333.3,1.13013,95.781,0.5,0,39.3977,29.1862,24.1178,29.4561,-6.11385,2,5.70744,5.70744,1,157.93
3421,2022-05-15,00:00:00.00,2.2981,0,0,20.4661,13.4661,27.4661,20.4661,-33333.3,-33333.3,1.12585,95.7993,0.5,0,39.5266,29.1383,23.9752,30.0535,-6.00513,2,5.70744,5.70744,1,166.709
3422,2022-05-16,00:00:00.00,2.31531,2.8133,0,20.2161,13.9661,26.4661,20.2161,-33333.3,-33333.3,1.12692,95.7948,0.5,0,39.6521,29.2741,23.9835,29.9033,-6.03272,2,5.70744,5.70744,1,165.316
3423,2022-05-17,00:00:00.00,2.33252,4.62184,0,14.2161,10.4661,17.9661,14.2161,-33333.3,-33333.3,1.15251,95.6825,0.5,0,39.7743,30.1689,24.6624,26.4712,-6.61394,2,4.30769,4.30769,1,116.694
3424,2022-05-18,00:00:00.00,2.34974,0,0,9.71606,4.46606,14.9661,9.71606,-33333.3,-33333.3,1.17171,95.5952,0.5,0,39.8931,30.7359,25.132,24.1076,-6.95343,2,0,0,1,80.0504
3425,2022-05-19,00:00:00.00,2.36695,1.00475,0,9.21606,4.46606,13.9661,9.21606,-33333.3,-33333.3,1.17385,95.5853,0.5,0,40.0084,30.8755,25.2462,23.8557,-6.98636,2,0,0,1,76.2045
3426,2022-05-20,00:00:00.00,2.38417,0,0,12.9661,6.46606,19.4661,12.9661,-33333.3,-33333.3,1.15784,95.6585,0.5,0,40.1204,30.5865,25.0289,25.7971,-6.7162,2,2.52411,2.52411,1,107.587
3427,2022-05-21,00:00:00.00,2.40138,0,0,16.4661,8.46606,24.4661,16.4661,-33333.3,-33333.3,1.14293,95.7251,0.5,0,40.229,30.2528,24.7085,27.7197,-6.41384,2,5.70744,5.70744,1,137.093
3428,2022-05-22,00:00:00.00,2.4186,14.9708,0,19.7161,13.9661,25.4661,19.7161,-33333.3,-33333.3,1.12906,95.7856,0.5,0,40.3341,29.881,24.3002,29.6046,-6.08708,2,5.70744,5.70744,1,164.694
3429,2022-05-23,00:00:00.00,2.43581,0.502374,0,13.9661,11.9661,15.9661,13.9661,-33333.3,-33333.3,1.15358,95.6777,0.5,0,40.4359,30.7242,25.1522,26.3353,-6.63489,2,3.95097,3.95097,1,117.035
3430,2022-05-24,00:00:00.00,2.45302,0,0,10.2161,5.46606,14.9661,10.2161,-33333.3,-33333.3,1.16957,95.605,0.5,0,40.5341,31.2035,25.4779,24.3617,-6.91957,2,0,0,1,85.8752
3431,2022-05-25,00:00:00.00,2.47024,0,0,11.7161,4.46606,18.9661,11.7161,-33333.3,-33333.3,1.16317,95.6343,0.5,0,40.629,31.1272,25.4157,25.1366,-6.81228,2,0.74054,0.74054,1,98.7788
3432,2022-05-26,00:00:00.00,2.48745,1.2057,0,12.2161,4.46606,19.9661,12.2161,-33333.3,-33333.3,1.16104,95.644,0.5,0,40.7204,31.1468,25.4176,25.3991,-6.77458,2,1.45397,1.45397,1,103.292
3433,2022-05-27,00:00:00.00,2.50467,1.00475,0,18.4661,12.9661,23.9661,18.4661,-33333.3,-33333.3,1.1344,95.7625,0.5,0,40.8083,30.4339,24.8318,28.8681,-6.21816,2,5.70744,5.70744,1,156.574
3434,2022-05-28,00:00:00.00,2.52188,15.875,0,18.7161,15.4661,21.9661,18.7161,-33333.3,-33333.3,1.13333,95.7671,0.5,0,40.8928,30.4636,24.7701,29.0142,-6.19249,2,5.70744,5.70744,1,159.12
3435,2022-05-29,00:00:00.00,2.5391,0,0,15.9661,11.9661,19.9661,15.9661,-33333.3,-33333.3,1.14506,95.7157,0.5,0,40.9738,30.904,25.3007,27.4384,-6.46012,2,5.70744,5.70744,1,136.091
3436,2022-05-30,00:00:00.00,2.55631,0,0,17.9661,10.9661,24.9661,17.9661,-33333.3,-33333.3,1.13653,95.7532,0.5,0,41.0513,30.6946,25.0208,28.5775,-6.26868,2,5.70744,5.70744,1,153.519
3437,2022-05-31,00:00:00.00,2.57352,0,0,19.9661,10.9661,28.9661,19.9661,-33333.3,-33333.3,1.12799,95.7902,0.5,0,41.1254,30.457,24.7251,29.7536,-6.06004,2,5.70744,5.70744,1,171.016
3438,2022-06-01,00:00:00.00,2.59074,0,0,23.4661,16.9661,29.9661,23.4661,-33333.3,-33333.3,1.11295,95.8537,0.5,0,41.196,29.931,24.2081,31.9032,-5.65183,2,5.70744,5.70744,1,201.453
3439,2022-06-02,00:00:00.00,2.60795,1.40665,0,22.2161,19.4661,24.9661,22.2161,-33333.3,-33333.3,1.11834,95.8312,0.5,0,41.263,30.1991,24.3432,31.122,-5.80406,2,7.62285,7.62285,1,191.138
3440,2022-06-03,00:00:00.00,2.62517,0,0,12.4661,5.96606,18.9661,12.4661,-33333.3,-33333.3,1.15997,95.6488,0.5,0,41.3266,31.6014,25.3971,25.5313,-6.75537,2,0,0,1,107.476
3441,2022-06-04,00:00:00.00,2.64238,0,0,14.9661,6.96606,22.9661,14.9661,-33333.3,-33333.3,1.14932,95.6967,0.5,0,41.3868,31.3554,25.1993,26.8824,-6.54955,2,0,0,1,129.284
3442,2022-06-05,00:00:00.00,2.65959,0,0,11.9661,4.96606,18.9661,11.9661,-33333.3,-33333.3,1.1621,95.6392,0.5,0,41.4434,31.7487,25.5155,25.2676,-6.79355,2,0,0,1,103.563
3443,2022-06-06,00:00:00.00,2.67681,4.42089,0,13.9661,5.96606,21.9661,13.9661,-33333.3,-33333.3,1.15358,95.6777,0.5,0,41.4965,31.5635,25.3666,26.3353,-6.63489,2,0,0,1,121.086
3444,2022-06-07,00:00:00.00,2.69402,20.095,0,15.9661,10.9661,20.9661,15.9661,-33333.3,-33333.3,1.14506,95.7157,0.5,0,41.5461,31.3529,25.283,27.4384,-6.46012,2,0,0,1,138.658
3445,2022-06-08,00:00:00.00,2.71124,8.23894,0,15.4661,11.9661,18.9661,15.4661,-33333.3,-33333.3,1.14719,95.7062,0.5,0,41.5922,31.4536,25.7116,27.1592,-6.50535,2,0,0,1,134.527
3446,2022-06-09,00:00:00.00,2.72845,11.0522,0,15.4661,9.46606,21.4661,15.4661,-33333.3,-33333.3,1.14719,95.7062,0.5,0,41.6348,31.487,25.899,27.1592,-6.50535,2,0,0,1,134.724
3447,2022-06-10,00:00:00.00,2.74567,1.00475,0,15.9661,11.4661,20.4661,15.9661,-33333.3,-33333.3,1.14506,95.7157,0.5,0,41.6739,31.453,26.0381,27.4384,-6.46012,2,0,0,1,139.27
3448,2022-06-11,00:00:00.00,2.76288,1.00475,0,15.2161,9.46606,20.9661,15.2161,-33333.3,-33333.3,1.14825,95.7015,0.5,0,41.7095,31.5775,26.1608,27.0205,-6.52758,2,0,0,1,132.896
3449,2022-06-12,00:00:00.00,2.78009,8.64084,0,17.4661,10.9661,23.9661,17.4661,-33333.3,-33333.3,1.13866,95.7438,0.5,0,41.7416,31.3025,25.9524,28.2893,-6.31813,2,2.7347,2.7347,1,152.725
3450,2022-06-13,00:00:00.00,2.79731,0,0,18.2161,13.9661,22.4661,18.2161,-33333.3,-33333.3,1.13546,95.7578,0.5,0,41.7702,31.2178,25.9514,28.7225,-6.24356,2,4.16398,4.16398,1,159.452
3451,2022-06-14,00:00:00.00,2.81452,0,0,16.7161,9.46606,23.9661,16.7161,-33333.3,-33333.3,1.14186,95.7298,0.5,0,41.7953,31.4478,26.0615,27.8613,-6.39031,2,1.30541,1.30541,1,146.463
3452,2022-06-15,00:00:00.00,2.83174,0,0,19.2161,12.4661,25.9661,19.2161,-33333.3,-33333.3,1.13119,95.7763,0.5,0,41.8169,31.1059,25.753,29.3082,-6.14033,2,6.0697,6.0697,1,168.513
3453,2022-06-16,00:00:00.00,2.84895,0,0,21.7161,13.9661,29.4661,21.7161,-33333.3,-33333.3,1.12049,95.8221,0.5,0,41.835,30.7206,25.3185,30.8137,-5.86293,2,7.62285,7.62285,1,190.581
3454,2022-06-17,00:00:00.00,2.86617,0,0,23.4661,17.9661,28.9661,23.4661,-33333.3,-33333.3,1.11295,95.8537,0.5,0,41.8496,30.4272,24.933,31.9032,-5.65183,2,7.62285,7.62285,1,206.074
3455,2022-06-18,00:00:00.00,2.88338,0,0,19.9661,15.9661,23.9661,19.9661,-33333.3,-33333.3,1.12799,95.7902,0.5,0,41.8607,31.0243,25.2759,29.7536,-6.06004,2,7.49898,7.49898,1,175.436
3456,2022-06-19,00:00:00.00,2.90059,0,0,12.9661,8.46606,17.4661,12.9661,-33333.3,-33333.3,1.15784,95.6585,0.5,0,41.8683,31.9739,25.9109,25.7971,-6.7162,2,0,0,1,113.981
3457,2022-06-20,00:00:00.00,2.91781,0,0,13.2161,5.96606,20.4661,13.2161,-33333.3,-33333.3,1.15677,95.6633,0.5,0,41.8723,31.9484,25.8902,25.9308,-6.69625,2,0,0,1,116.219
3458,2022-06-21,00:00:00.00,2.93502,0.20095,0,15.4661,10.9661,19.9661,15.4661,-33333.3,-33333.3,1.14719,95.7062,0.5,0,41.8729,31.6741,25.6679,27.1592,-6.50535,2,0,0,1,136.04
3459,2022-06-22,00:00:00.00,2.95224,0,0,22.9661,13.9661,31.9661,22.9661,-33333.3,-33333.3,1.11511,95.8447,0.5,0,41.87,30.5324,24.7465,31.5889,-5.71359,2,7.62285,7.62285,1,202.041
3460,2022-06-23,00:00:00.00,2.96945,0,0,23.4661,16.9661,29.9661,23.4661,-33333.3,-33333.3,1.11295,95.8537,0.5,0,41.8636,30.4385,24.5534,31.9032,-5.65183,2,7.62285,7.62285,1,206.45
3461,2022-06-24,00:00:00.00,2.98666,0,0,18.2161,10.9661,25.4661,18.2161,-33333.3,-33333.3,1.13546,95.7578,0.5,0,41.8537,31.2836,25.1311,28.7225,-6.24356,2,4.16398,4.16398,1,160.253
3462,2022-06-25,00:00:00.00,3.00388,0,0,19.7161,10.9661,28.4661,19.7161,-33333.3,-33333.3,1.12906,95.7856,0.5,0,41.8404,31.0485,24.8935,29.6046,-6.08708,2,7.02255,7.02255,1,173.423
3463,2022-06-26,00:00:00.00,3.02109,0,0,20.9661,10.9661,30.9661,20.9661,-33333.3,-33333.3,1.1237,95.8085,0.5,0,41.8235,30.8373,24.6485,30.3558,-5.94909,2,7.62285,7.62285,1,184.371
3464,2022-06-27,00:00:00.00,3.03831,0,0,20.7161,10.9661,30.4661,20.7161,-33333.3,-33333.3,1.12478,95.8039,0.5,0,41.8032,30.8624,24.5965,30.2044,-5.97725,2,7.62285,7.62285,1,182.108
3465,2022-06-28,00:00:00.00,3.05552,0,0,14.2161,10.4661,17.9661,14.2161,-33333.3,-33333.3,1.15251,95.6825,0.5,0,41.7793,31.7579,25.2461,26.4712,-6.61394,2,0,0,1,124.912
3466,2022-06-29,00:00:00.00,3.07274,0,0,16.2161,8.46606,23.9661,16.2161,-33333.3,-33333.3,1.14399,95.7204,0.5,0,41.752,31.4831,25.0277,27.5788,-6.43711,2,0.352557,0.352557,1,142.406
3467,2022-06-30,00:00:00.00,3.08995,3.61709,0,19.7161,11.4661,27.9661,19.7161,-33333.3,-33333.3,1.12906,95.7856,0.5,0,41.7213,30.9579,24.6077,29.6046,-6.08708,2,7.02255,7.02255,1,173.029
3468,2022-07-01,00:00:00.00,3.10716,0,0,20.2161,10.9661,29.4661,20.2161,-33333.3,-33333.3,1.12692,95.7948,0.5,0,41.6871,30.8539,24.5399,29.9033,-6.03272,2,7.62285,7.62285,1,177.282
3469,2022-07-02,00:00:00.00,3.12438,0.401899,0,20.9661,14.9661,26.9661,20.9661,-33333.3,-33333.3,1.1237,95.8085,0.5,0,41.6494,30.7053,24.3664,30.3558,-5.94909,2,5.07086,5.07086,1,183.701
3470,2022-07-03,00:00:00.00,3.14159,0,0,17.7161,9.96606,25.4661,17.7161,-33333.3,-33333.3,1.1376,95.7485,0.5,0,41.6082,31.1667,24.7076,28.4331,-6.29354,2,0,0,1,155.076
3471,2022-07-04,00:00:00.00,3.15881,0,0,16.9661,8.96606,24.9661,16.9661,-33333.3,-33333.3,1.1408,95.7345,0.5,0,41.5637,31.2365,24.7629,28.0034,-6.36652,2,0,0,1,148.353
3472,2022-07-05,00:00:00.00,3.17602,3.01425,0,19.7161,12.4661,26.9661,19.7161,-33333.3,-33333.3,1.12906,95.7856,0.5,0,41.5156,30.8008,24.4174,29.6046,-6.08708,2,2.52013,2.52013,1,172.199
3473,2022-07-06,00:00:00.00,3.19324,11.856,0,19.7161,14.9661,24.4661,19.7161,-33333.3,-33333.3,1.12906,95.7856,0.5,0,41.4641,30.7614,24.4272,29.6046,-6.08708,2,2.52013,2.52013,1,171.981
3474,2022-07-07,00:00:00.00,3.21045,0,0,18.9661,15.9661,21.9661,18.9661,-33333.3,-33333.3,1.13226,95.7717,0.5,0,41.4092,30.8324,24.6874,29.1609,-6.16655,2,0.989685,0.989685,1,165.213
3475,2022-07-08,00:00:00.00,3.22766,0,0,18.9661,11.9661,25.9661,18.9661,-33333.3,-33333.3,1.13226,95.7717,0.5,0,41.3509,30.7876,24.6414,29.1609,-6.16655,2,0.989685,0.989685,1,164.97
3476,2022-07-09,00:00:00.00,3.24488,0,0,19.2161,13.9661,24.4661,19.2161,-33333.3,-33333.3,1.13119,95.7763,0.5,0,41.2892,30.7028,24.5637,29.3082,-6.14033,2,1.49983,1.49983,1,166.883
3477,2022-07-10,00:00:00.00,3.26209,0,0,16.9661,9.96606,23.9661,16.9661,-33333.3,-33333.3,1.1408,95.7345,0.5,0,41.224,30.9732,24.7651,28.0034,-6.36652,2,0,0,1,147.097
3478,2022-07-11,00:00:00.00,3.27931,0,0,19.4661,11.9661,26.9661,19.4661,-33333.3,-33333.3,1.13013,95.781,0.5,0,41.1554,30.5624,24.4367,29.4561,-6.11385,2,2.00998,2.00998,1,168.473
3479,2022-07-12,00:00:00.00,3.29652,3.41614,0,20.2161,12.4661,27.9661,20.2161,-33333.3,-33333.3,1.12692,95.7948,0.5,0,41.0834,30.3923,24.2816,29.9033,-6.03272,2,3.54042,3.54042,1,174.636
3480,2022-07-13,00:00:00.00,3.31373,4.01899,0,19.9661,15.9661,23.9661,19.9661,-33333.3,-33333.3,1.12799,95.7902,0.5,0,41.0081,30.373,24.2962,29.7536,-6.06004,2,3.03027,3.03027,1,172.137
3481,2022-07-14,00:00:00.00,3.33095,0.904274,0,16.7161,12.9661,20.4661,16.7161,-33333.3,-33333.3,1.14186,95.7298,0.5,0,40.9293,30.7776,24.6648,27.8613,-6.39031,2,0,0,1,143.818
3482,2022-07-15,00:00:00.00,3.34816,0,0,18.4661,12.4661,24.4661,18.4661,-33333.3,-33333.3,1.1344,95.7625,0.5,0,40.8472,30.4717,24.4366,28.8681,-6.21816,2,0,0,1,158.529
3483,2022-07-16,00:00:00.00,3.36538,0,0,18.2161,10.9661,25.4661,18.2161,-33333.3,-33333.3,1.13546,95.7578,0.5,0,40.7617,30.4411,24.4121,28.7225,-6.24356,2,0,0,1,156.027
3484,2022-07-17,00:00:00.00,3.38259,0,0,21.2161,13.9661,28.4661,21.2161,-33333.3,-33333.3,1.12263,95.813,0.5,0,40.6728,29.9193,23.9936,30.5078,-5.92065,2,5.58101,5.58101,1,181.29
3485,2022-07-18,00:00:00.00,3.39981,5.82754,0,21.4661,15.4661,27.4661,21.4661,-33333.3,-33333.3,1.12156,95.8176,0.5,0,40.5806,29.8083,23.8459,30.6605,-5.89193,2,6.09115,6.09115,1,182.972
3486,2022-07-19,00:00:00.00,3.41702,0.602849,0,22.2161,18.4661,25.9661,22.2161,-33333.3,-33333.3,1.11834,95.8312,0.5,0,40.4851,29.612,23.7328,31.122,-5.80406,2,7.6216,7.6216,1,188.877
3487,2022-07-20,00:00:00.00,3.43423,0,0,23.7161,16.4661,30.9661,23.7161,-33333.3,-33333.3,1.11188,95.8582,0.5,0,40.3862,29.2797,23.3999,32.0613,-5.62052,2,8.16235,8.16235,1,201.089
3488,2022-07-21,00:00:00.00,3.45145,0.401899,0,24.9661,20.9661,28.9661,24.9661,-33333.3,-33333.3,1.10647,95.8805,0.5,0,40.284,28.977,23.086,32.861,-5.45948,2,8.16235,8.16235,1,211.099
3489,2022-07-22,00:00:00.00,3.46866,0,0,23.7161,18.9661,28.4661,23.7161,-33333.3,-33333.3,1.11188,95.8582,0.5,0,40.1785,29.1218,23.1461,32.0613,-5.62052,2,8.16235,8.16235,1,199.951
3490,2022-07-23,00:00:00.00,3.48588,0,0,22.9661,15.9661,29.9661,22.9661,-33333.3,-33333.3,1.11511,95.8447,0.5,0,40.0697,29.1684,23.1291,31.5889,-5.71359,2,8.16235,8.16235,1,193.05
3491,2022-07-24,00:00:00.00,3.50309,0.20095,0,23.7161,17.4661,29.9661,23.7161,-33333.3,-33333.3,1.11188,95.8582,0.5,0,39.9576,28.9536,22.9129,32.0613,-5.62052,2,8.16235,8.16235,1,198.74
3492,2022-07-25,00:00:00.00,3.52031,13.1622,0,23.2161,17.9661,28.4661,23.2161,-33333.3,-33333.3,1.11403,95.8492,0.5,0,39.8423,28.9519,22.8756,31.7458,-5.68286,2,8.16235,8.16235,1,193.93
3493,2022-07-26,00:00:00.00,3.53752,0,0,17.7161,14.4661,20.9661,17.7161,-33333.3,-33333.3,1.1376,95.7485,0.5,0,39.7236,29.7009,23.6518,28.4331,-6.29354,2,0,0,1,147.501
3494,2022-07-27,00:00:00.00,3.55473,0,0,17.9661,10.9661,24.9661,17.9661,-33333.3,-33333.3,1.13653,95.7532,0.5,0,39.6018,29.5714,23.5486,28.5775,-6.26868,2,0,0,1,149.075
3495,2022-07-28,00:00:00.00,3.57195,0,0,18.7161,12.4661,24.9661,18.7161,-33333.3,-33333.3,1.13333,95.7671,0.5,0,39.4767,29.3694,23.3877,29.0142,-6.19249,2,0.479538,0.479538,1,154.757
3496,2022-07-29,00:00:00.00,3.58916,2.91377,0,20.7161,15.4661,25.9661,20.7161,-33333.3,-33333.3,1.12478,95.8039,0.5,0,39.3484,28.9757,23.0707,30.2044,-5.97725,2,4.56071,4.56071,1,170.679
3497,2022-07-30,00:00:00.00,3.60638,0,0,18.7161,11.9661,25.4661,18.7161,-33333.3,-33333.3,1.13333,95.7671,0.5,0,39.2168,29.1661,23.239,29.0142,-6.19249,2,0.479538,0.479538,1,153.632
3498,2022-07-31,00:00:00.00,3.62359,0,0,18.7161,13.4661,23.9661,18.7161,-33333.3,-33333.3,1.13333,95.7671,0.5,0,39.0821,29.0606,23.1513,29.0142,-6.19249,2,0.479538,0.479538,1,153.05
3499,2022-08-01,00:00:00.00,3.6408,0,0,20.7161,13.4661,27.9661,20.7161,-33333.3,-33333.3,1.12478,95.8039,0.5,0,38.9442,28.6618,22.83,30.2044,-5.97725,2,4.56071,4.56071,1,168.745
3500,2022-08-02,00:00:00.00,3.65802,0.602849,0,20.4661,13.9661,26.9661,20.4661,-33333.3,-33333.3,1.12585,95.7993,0.5,0,38.8032,28.5896,22.7389,30.0535,-6.00513,2,4.75673,4.75673,1,166.043
3501,2022-08-03,00:00:00.00,3.67523,0,0,19.9661,15.4661,24.4661,19.9661,-33333.3,-33333.3,1.12799,95.7902,0.5,0,38.659,28.5509,22.6861,29.7536,-6.06004,2,3.8849,3.8849,1,161.323
3502,2022-08-04,00:00:00.00,3.69245,26.1235,0,19.7161,10.9661,28.4661,19.7161,-33333.3,-33333.3,1.12906,95.7856,0.5,0,38.5117,28.4719,22.5986,29.6046,-6.08708,2,3.44898,3.44898,1,158.635
3503,2022-08-05,00:00:00.00,3.70966,11.0522,0,19.7161,13.9661,25.4661,19.7161,-33333.3,-33333.3,1.12906,95.7856,0.5,0,38.3614,28.3541,22.9271,29.6046,-6.08708,2,3.44898,3.44898,1,157.954
3504,2022-08-06,00:00:00.00,3.72688,0,0,22.4661,16.4661,28.4661,22.4661,-33333.3,-33333.3,1.11726,95.8357,0.5,0,38.2079,27.8173,22.6341,31.277,-5.77419,2,6.97468,6.97468,1,179.194
3505,2022-08-07,00:00:00.00,3.74409,0,0,23.7161,17.4661,29.9661,23.7161,-33333.3,-33333.3,1.11188,95.8582,0.5,0,38.0514,27.4916,22.2616,32.0613,-5.62052,2,6.97468,6.97468,1,188.314
3506,2022-08-08,00:00:00.00,3.7613,5.22469,0,24.9661,19.4661,30.4661,24.9661,-33333.3,-33333.3,1.10647,95.8805,0.5,0,37.8918,27.1549,21.8958,32.861,-5.45948,2,6.97468,6.97468,1,197.328
3507,2022-08-09,00:00:00.00,3.77852,3.21519,0,23.9661,21.4661,26.4661,23.9661,-33333.3,-33333.3,1.1108,95.8627,0.5,0,37.7293,27.2012,21.9352,32.22,-5.5889,2,6.97468,6.97468,1,188.534
3508,2022-08-10,00:00:00.00,3.79573,0,0,18.2161,14.9661,21.4661,18.2161,-33333.3,-33333.3,1.13546,95.7578,0.5,0,37.5637,27.9328,22.4938,28.7225,-6.24356,2,0.833474,0.833474,1,142.613
3509,2022-08-11,00:00:00.00,3.81295,0,0,18.7161,11.4661,25.9661,18.7161,-33333.3,-33333.3,1.13333,95.7671,0.5,0,37.3952,27.7328,22.3232,29.0142,-6.19249,2,1.70531,1.70531,1,145.81
3510,2022-08-12,00:00:00.00,3.83016,0,0,18.2161,13.4661,22.9661,18.2161,-33333.3,-33333.3,1.13546,95.7578,0.5,0,37.2238,27.6637,22.2484,28.7225,-6.24356,2,0.833474,0.833474,1,141.205
3511,2022-08-13,00:00:00.00,3.84738,0,0,17.4661,10.9661,23.9661,17.4661,-33333.3,-33333.3,1.13866,95.7438,0.5,0,37.0494,27.622,22.2057,28.2893,-6.31813,2,0,0,1,134.701
3512,2022-08-14,00:00:00.00,3.86459,0,0,16.4661,8.96606,23.9661,16.4661,-33333.3,-33333.3,1.14293,95.7251,0.5,0,36.8722,27.6045,22.1916,27.7197,-6.41384,2,0,0,1,126.329
3513,2022-08-15,00:00:00.00,3.8818,0,0,17.7161,10.4661,24.9661,17.7161,-33333.3,-33333.3,1.1376,95.7485,0.5,0,36.6921,27.3063,21.9518,28.4331,-6.29354,2,0,0,1,135.199
3514,2022-08-16,00:00:00.00,3.89902,0,0,20.4661,13.9661,26.9661,20.4661,-33333.3,-33333.3,1.12585,95.7993,0.5,0,36.5092,26.7918,21.5382,30.0535,-6.00513,2,4.75673,4.75673,1,155.343
3515,2022-08-17,00:00:00.00,3.91623,0,0,20.4661,13.9661,26.9661,20.4661,-33333.3,-33333.3,1.12585,95.7993,0.5,0,36.3236,26.6455,21.3713,30.0535,-6.00513,2,4.75673,4.75673,1,154.489
3516,2022-08-18,00:00:00.00,3.93345,0.20095,0,20.2161,13.9661,26.4661,20.2161,-33333.3,-33333.3,1.12692,95.7948,0.5,0,36.1351,26.5321,21.2353,29.9033,-6.03272,2,4.32081,4.32081,1,151.748
3517,2022-08-19,00:00:00.00,3.95066,0,0,20.4661,13.9661,26.9661,20.4661,-33333.3,-33333.3,1.12585,95.7993,0.5,0,35.944,26.3463,21.0527,30.0535,-6.00513,2,4.75673,4.75673,1,152.749
3518,2022-08-20,00:00:00.00,3.96787,0,0,20.7161,13.4661,27.9661,20.7161,-33333.3,-33333.3,1.12478,95.8039,0.5,0,35.7502,26.1582,20.8646,30.2044,-5.97725,2,5.19265,5.19265,1,153.719
3519,2022-08-21,00:00:00.00,3.98509,0.20095,0,21.4661,13.9661,28.9661,21.4661,-33333.3,-33333.3,1.12156,95.8176,0.5,0,35.5538,25.8962,20.6183,30.6605,-5.89193,2,6.5004,6.5004,1,158.346
3520,2022-08-22,00:00:00.00,4.0023,0,0,18.9661,13.9661,23.9661,18.9661,-33333.3,-33333.3,1.13226,95.7717,0.5,0,35.3547,26.0823,20.7267,29.1609,-6.16655,2,2.14123,2.14123,1,139.066
3521,2022-08-23,00:00:00.00,4.01952,10.9518,0,20.4661,15.9661,24.9661,20.4661,-33333.3,-33333.3,1.12585,95.7993,0.5,0,35.1531,25.7216,20.4276,30.0535,-6.00513,2,4.75673,4.75673,1,149.151
3522,2022-08-24,00:00:00.00,4.03673,0,0,21.4661,15.9661,26.9661,21.4661,-33333.3,-33333.3,1.12156,95.8176,0.5,0,34.949,25.4201,20.3261,30.6605,-5.89193,2,6.5004,6.5004,1,155.471
3523,2022-08-25,00:00:00.00,4.05395,2.8133,0,20.7161,13.9661,27.4661,20.7161,-33333.3,-33333.3,1.12478,95.8039,0.5,0,34.7424,25.3624,20.2283,30.2044,-5.97725,2,5.19265,5.19265,1,149.096
3524,2022-08-26,00:00:00.00,4.07116,34.7643,0,20.4661,16.4661,24.4661,20.4661,-33333.3,-33333.3,1.12585,95.7993,0.5,0,34.5334,25.2312,20.1293,30.0535,-6.00513,2,4.75673,4.75673,1,146.356
3525,2022-08-27,00:00:00.00,4.08837,0,0,20.4661,16.9661,23.9661,20.4661,-33333.3,-33333.3,1.12585,95.7993,0.5,0,34.322,25.0638,20.3909,30.0535,-6.00513,2,4.75673,4.75673,1,145.408
3526,2022-08-28,00:00:00.00,4.10559,0,0,16.7161,9.96606,23.4661,16.7161,-33333.3,-33333.3,1.14186,95.7298,0.5,0,34.1082,25.3611,20.5652,27.8613,-6.39031,2,0,0,1,117.983
3527,2022-08-29,00:00:00.00,4.1228,0,0,19.4661,10.9661,27.9661,19.4661,-33333.3,-33333.3,1.13013,95.781,0.5,0,33.8922,24.8543,20.1542,29.4561,-6.11385,2,3.01306,3.01306,1,136.476
3528,2022-08-30,00:00:00.00,4.14002,19.0902,0,21.4661,14.9661,27.9661,21.4661,-33333.3,-33333.3,1.12156,95.8176,0.5,0,33.674,24.4142,19.7596,30.6605,-5.89193,2,6.5004,6.5004,1,149.479
3529,2022-08-31,00:00:00.00,4.15723,5.42564,0,21.2161,18.4661,23.9661,21.2161,-33333.3,-33333.3,1.12263,95.813,0.5,0,33.4535,24.2743,19.817,30.5078,-5.92065,2,6.06448,6.06448,1,146.724
3530,2022-09-01,00:00:00.00,4.17445,0,0,18.4661,12.9661,23.9661,18.4661,-33333.3,-33333.3,1.1344,95.7625,0.5,0,33.231,24.4515,19.952,28.8681,-6.21816,2,1.26939,1.26939,1,126.817
3531,2022-09-02,00:00:00.00,4.19166,0,0,15.4661,7.96606,22.9661,15.4661,-33333.3,-33333.3,1.14719,95.7062,0.5,0,33.0063,24.6109,20.0632,27.1592,-6.50535,2,1.4954,1.4954,1,105.464
3532,2022-09-03,00:00:00.00,4.20887,0,0,19.2161,10.4661,27.9661,19.2161,-33333.3,-33333.3,1.13119,95.7763,0.5,0,32.7797,23.999,19.5433,29.3082,-6.14033,2,4.76622,4.76622,1,130.099
3533,2022-09-04,00:00:00.00,4.22609,0.401899,0,20.9661,12.9661,28.9661,20.9661,-33333.3,-33333.3,1.1237,95.8085,0.5,0,32.5511,23.5931,19.1482,30.3558,-5.94909,2,4.76622,4.76622,1,140.918
3534,2022-09-05,00:00:00.00,4.2433,0,0,16.7161,15.9661,17.4661,16.7161,-33333.3,-33333.3,1.14186,95.7298,0.5,0,32.3206,23.9228,19.3615,27.8613,-6.39031,2,2.98485,2.98485,1,111.528
3535,2022-09-06,00:00:00.00,4.26052,0,0,17.2161,12.9661,21.4661,17.2161,-33333.3,-33333.3,1.13973,95.7392,0.5,0,32.0883,23.6804,19.131,28.1461,-6.34246,2,3.58063,3.58063,1,114.01
3536,2022-09-07,00:00:00.00,4.27773,0,0,17.9661,12.4661,23.4661,17.9661,-33333.3,-33333.3,1.13653,95.7532,0.5,0,31.8542,23.4073,18.8718,28.5775,-6.26868,2,4.47429,4.47429,1,118.081
3537,2022-09-08,00:00:00.00,4.29494,0,0,18.4661,11.9661,24.9661,18.4661,-33333.3,-33333.3,1.1344,95.7625,0.5,0,31.6185,23.1604,18.628,28.8681,-6.21816,2,4.76622,4.76622,1,120.443
3538,2022-09-09,00:00:00.00,4.31216,0,0,18.2161,11.9661,24.4661,18.2161,-33333.3,-33333.3,1.13546,95.7578,0.5,0,31.381,22.9989,18.4547,28.7225,-6.24356,2,4.76622,4.76622,1,117.896
3539,2022-09-10,00:00:00.00,4.32937,0,0,19.2161,12.4661,25.9661,19.2161,-33333.3,-33333.3,1.13119,95.7763,0.5,0,31.1421,22.6907,18.168,29.3082,-6.14033,2,4.76622,4.76622,1,123.398
3540,2022-09-11,00:00:00.00,4.34659,0,0,20.2161,12.4661,27.9661,20.2161,-33333.3,-33333.3,1.12692,95.7948,0.5,0,30.9016,22.3777,17.8819,29.9033,-6.03272,2,4.76622,4.76622,1,128.795
3541,2022-09-12,00:00:00.00,4.3638,0.602849,0,20.2161,15.4661,24.9661,20.2161,-33333.3,-33333.3,1.12692,95.7948,0.5,0,30.6597,22.185,17.6957,29.9033,-6.03272,2,4.76622,4.76622,1,127.767
3542,2022-09-13,00:00:00.00,4.38102,2.8133,0,19.4661,16.9661,21.9661,19.4661,-33333.3,-33333.3,1.13013,95.781,0.5,0,30.4165,22.081,17.5912,29.4561,-6.11385,2,4.76622,4.76622,1,122.034
3543,2022-09-14,00:00:00.00,4.39823,1.00475,0,14.7161,9.96606,19.4661,14.7161,-33333.3,-33333.3,1.15038,95.692,0.5,0,30.172,22.3897,17.8464,26.7448,-6.57127,2,0.601736,0.601736,1,91.5036
3544,2022-09-15,00:00:00.00,4.41544,0,0,15.9661,9.96606,21.9661,15.9661,-33333.3,-33333.3,1.14506,95.7157,0.5,0,29.9263,22.0682,17.6002,27.4384,-6.46012,2,2.09118,2.09118,1,98.4574
3545,2022-09-16,00:00:00.00,4.43266,0,0,11.9661,4.96606,18.9661,11.9661,-33333.3,-33333.3,1.1621,95.6392,0.5,0,29.6794,22.2333,17.7189,25.2676,-6.79355,2,0,0,1,73.1759
3546,2022-09-17,00:00:00.00,4.44987,0,0,15.2161,5.46606,24.9661,15.2161,-33333.3,-33333.3,1.14825,95.7015,0.5,0,29.4315,21.741,17.3265,27.0205,-6.52758,2,1.19751,1.19751,1,92.2673
3547,2022-09-18,00:00:00.00,4.46709,1.00475,0,18.4661,10.9661,25.9661,18.4661,-33333.3,-33333.3,1.1344,95.7625,0.5,0,29.1827,21.2067,16.8938,28.8681,-6.21816,2,4.76622,4.76622,1,111.023
3548,2022-09-19,00:00:00.00,4.4843,0.20095,0,19.2161,13.9661,24.4661,19.2161,-33333.3,-33333.3,1.13119,95.7763,0.5,0,28.9329,20.9233,16.6544,29.3082,-6.14033,2,4.76622,4.76622,1,114.54
3549,2022-09-20,00:00:00.00,4.50151,0.803799,0,20.2161,16.9661,23.4661,20.2161,-33333.3,-33333.3,1.12692,95.7948,0.5,0,28.6824,20.6088,16.382,29.9033,-6.03272,2,4.76622,4.76622,1,119.456
3550,2022-09-21,00:00:00.00,4.51873,0,0,18.4661,12.9661,23.9661,18.4661,-33333.3,-33333.3,1.1344,95.7625,0.5,0,28.4311,20.6035,16.3648,28.8681,-6.21816,2,4.76622,4.76622,1,108.16
3551,2022-09-22,00:00:00.00,4.53594,1.80855,0,18.7161,12.4661,24.9661,18.7161,-33333.3,-33333.3,1.13333,95.7671,0.5,0,28.1792,20.3745,16.1616,29.0142,-6.19249,2,4.76622,4.76622,1,108.656
3552,2022-09-23,00:00:00.00,4.55316,0,0,11.4661,9.46606,13.4661,11.4661,-33333.3,-33333.3,1.16424,95.6294,0.5,0,27.9268,20.8381,16.5313,25.0061,-6.83076,2,0,0,1,65.9732
3553,2022-09-24,00:00:00.00,4.57037,0,0,8.96606,2.96606,14.9661,8.96606,-33333.3,-33333.3,1.17492,95.5804,0.5,0,27.6738,20.8126,16.511,23.7305,-7.00247,2,0,0,1,51.125
3554,2022-09-25,00:00:00.00,4.58759,3.01425,0,10.2161,3.96606,16.4661,10.2161,-33333.3,-33333.3,1.16957,95.605,0.5,0,27.4205,20.5162,16.2758,24.3617,-6.91957,2,0,0,1,57.7245
3555,2022-09-26,00:00:00.00,4.6048,4.21994,0,11.7161,5.96606,17.4661,11.7161,-33333.3,-33333.3,1.16317,95.6343,0.5,0,27.1669,20.1963,16.0596,25.1366,-6.81228,2,0,0,1,65.5949
3556,2022-09-27,00:00:00.00,4.62201,9.04274,0,10.9661,8.96606,12.9661,10.9661,-33333.3,-33333.3,1.16637,95.6197,0.5,0,26.9131,20.0448,15.9914,24.7467,-6.867,2,0,0,1,60.8301
3557,2022-09-28,00:00:00.00,4.63923,10.3489,0,11.9661,8.96606,14.9661,11.9661,-33333.3,-33333.3,1.1621,95.6392,0.5,0,26.6592,19.7614,15.8758,25.2676,-6.79355,2,0,0,1,65.7607
3558,2022-09-29,00:00:00.00,4.65644,0,0,13.2161,13.4661,12.9661,13.2161,-33333.3,-33333.3,1.15677,95.6633,0.5,0,26.4052,19.4555,15.7545,25.9308,-6.69625,2,0,0,1,71.9505
3559,2022-09-30,00:00:00.00,4.67366,0,0,9.71606,3.46606,15.9661,9.71606,-33333.3,-33333.3,1.17171,95.5952,0.5,0,26.1514,19.5077,15.7966,24.1076,-6.95343,2,0,0,1,52.3972
3560,2022-10-01,00:00:00.00,4.69087,0,0,10.7161,2.96606,18.4661,10.7161,-33333.3,-33333.3,1.16744,95.6148,0.5,0,25.8976,19.2297,15.5715,24.6178,-6.88476,2,0,0,1,57.2412
3561,2022-10-02,00:00:00.00,4.70809,0,0,10.9661,3.46606,18.4661,10.9661,-33333.3,-33333.3,1.16637,95.6197,0.5,0,25.6441,19.004,15.3887,24.7467,-6.867,2,2.09856,2.09856,1,58.0165
3562,2022-10-03,00:00:00.00,4.7253,0,0,8.96606,3.46606,14.4661,8.96606,-33333.3,-33333.3,1.17492,95.5804,0.5,0,25.391,18.9315,15.3103,23.7305,-7.00247,2,0.920585,0.920585,1,46.9788
3563,2022-10-04,00:00:00.00,4.74251,0,0,8.21606,-0.0339442,16.4661,8.21606,-33333.3,-33333.3,1.17813,95.5655,0.5,0,25.1383,18.7705,15.1718,23.358,-7.04943,2,0.478845,0.478845,1,42.632
3564,2022-10-05,00:00:00.00,4.75973,0,0,10.9661,0.966056,20.9661,10.9661,-33333.3,-33333.3,1.16637,95.6197,0.5,0,24.8861,18.3826,14.8541,24.7467,-6.867,2,2.09856,2.09856,1,56.3466
3565,2022-10-06,00:00:00.00,4.77694,0,0,13.7161,3.46606,23.9661,13.7161,-33333.3,-33333.3,1.15464,95.6729,0.5,0,24.6345,17.9734,14.506,26.1999,-6.6556,2,2.35594,2.35594,1,69.7857
3566,2022-10-07,00:00:00.00,4.79416,0,0,14.2161,6.96606,21.4661,14.2161,-33333.3,-33333.3,1.15251,95.6825,0.5,0,24.3836,17.73,14.2908,26.4712,-6.61394,2,2.35594,2.35594,1,71.6162
3567,2022-10-08,00:00:00.00,4.81137,0.502374,0,7.21606,4.96606,9.46606,7.21606,-33333.3,-33333.3,1.18242,95.5455,0.5,0,24.1335,18.0005,14.4905,22.8686,-7.10886,2,0,0,1,35.9918
3568,2022-10-09,00:00:00.00,4.82858,0,0,3.96606,-0.533944,8.46606,3.96606,-33333.3,-33333.3,1.19644,95.4796,0.5,0,23.8843,17.965,14.4674,21.334,-7.27753,2,0,0,1,19.5845
3569,2022-10-10,00:00:00.00,4.8458,0,0,7.46606,0.966056,13.9661,7.46606,-33333.3,-33333.3,1.18135,95.5505,0.5,0,23.6361,17.5757,14.1538,22.9902,-7.09434,2,0.0371061,0.0371061,1,36.4982
3570,2022-10-11,00:00:00.00,4.86301,0,0,8.71606,3.46606,13.9661,8.71606,-33333.3,-33333.3,1.17599,95.5754,0.5,0,23.389,17.299,13.9307,23.6058,-7.01836,2,0.773338,0.773338,1,42.18
3571,2022-10-12,00:00:00.00,4.88023,1.80855,0,11.7161,1.96606,21.4661,11.7161,-33333.3,-33333.3,1.16317,95.6343,0.5,0,23.1431,16.9048,13.6078,25.1366,-6.81228,2,2.35594,2.35594,1,56.125
3572,2022-10-13,00:00:00.00,4.89744,14.6693,0,10.9661,2.96606,18.9661,10.9661,-33333.3,-33333.3,1.16637,95.6197,0.5,0,22.8984,16.7551,13.4896,24.7467,-6.867,2,2.09856,2.09856,1,51.999
3573,2022-10-14,00:00:00.00,4.91466,0.602849,0,10.4661,9.46606,11.4661,10.4661,-33333.3,-33333.3,1.16851,95.6099,0.5,0,22.655,16.5883,13.4897,24.4895,-6.90229,2,1.80406,1.80406,1,49.1224
3574,2022-10-15,00:00:00.00,4.93187,1.6076,0,6.21606,0.966056,11.4661,6.21606,-33333.3,-33333.3,1.18672,95.5254,0.5,0,22.4131,16.6337,13.516,22.3874,-7.16469,2,0,0,1,28.8768
3575,2022-10-16,00:00:00.00,4.94908,2.4114,0,5.46606,1.96606,8.96606,5.46606,-33333.3,-33333.3,1.18996,95.5102,0.5,0,22.1728,16.4729,13.4017,22.0318,-7.20425,2,0,0,1,25.1322
3576,2022-10-17,00:00:00.00,4.9663,0,0,7.46606,2.46606,12.4661,7.46606,-33333.3,-33333.3,1.18135,95.5505,0.5,0,21.934,16.1725,13.1814,22.9902,-7.09434,2,0.0371061,0.0371061,1,33.9749
3577,2022-10-18,00:00:00.00,4.98351,2.8133,0,4.96606,3.46606,6.46606,4.96606,-33333.3,-33333.3,1.19211,95.5001,0.5,0,21.697,16.1036,13.1248,21.7972,-7.22953,2,0,0,1,22.3655
3578,2022-10-19,00:00:00.00,5.00073,4.82279,0,2.71606,0.466056,4.96606,2.71606,-33333.3,-33333.3,1.20186,95.4539,0.5,0,21.4618,16.0093,13.0758,20.766,-7.33277,2,0,0,1,12.1058
3579,2022-10-20,00:00:00.00,5.01794,3.61709,0,3.71606,0.966056,6.46606,3.71606,-33333.3,-33333.3,1.19752,95.4745,0.5,0,21.2284,15.7727,12.9296,21.2194,-7.28899,2,0,0,1,16.3915
3580,2022-10-21,00:00:00.00,5.03516,0.602849,0,1.71606,-0.0339442,3.46606,1.71606,-33333.3,-33333.3,1.20622,95.4331,0.5,0,20.9971,15.6641,12.8756,20.3203,-7.37324,2,0,0,1,7.49103
3581,2022-10-22,00:00:00.00,5.05237,0,0,6.21606,-2.03394,14.4661,6.21606,-33333.3,-33333.3,1.18672,95.5254,0.5,0,20.7678,15.2759,12.5622,22.3874,-7.16469,2,0,0,1,26.853
3582,2022-10-23,00:00:00.00,5.06958,0,0,9.96606,-0.533944,20.4661,9.96606,-33333.3,-33333.3,1.17064,95.6001,0.5,0,20.5406,14.8893,12.2442,24.2344,-6.93662,2,1.50957,1.50957,1,42.6055
3583,2022-10-24,00:00:00.00,5.0868,0,0,14.4661,6.46606,22.4661,14.4661,-33333.3,-33333.3,1.15145,95.6872,0.5,0,20.3157,14.4182,11.8433,26.6077,-6.59273,2,2.35594,2.35594,1,61.2005
3584,2022-10-25,00:00:00.00,5.10401,0,0,12.4661,3.96606,20.9661,12.4661,-33333.3,-33333.3,1.15997,95.6488,0.5,0,20.0931,14.3725,11.7847,25.5313,-6.75537,2,2.35594,2.35594,1,52.1912
3585,2022-10-26,00:00:00.00,5.12123,0,0,12.4661,3.96606,20.9661,12.4661,-33333.3,-33333.3,1.15997,95.6488,0.5,0,19.8728,14.1939,11.6175,25.5313,-6.75537,2,2.35594,2.35594,1,51.6491
3586,2022-10-27,00:00:00.00,5.13844,5.52612,0,10.2161,6.96606,13.4661,10.2161,-33333.3,-33333.3,1.16957,95.605,0.5,0,19.6551,14.1521,11.5625,24.3617,-6.91957,2,1.65682,1.65682,1,41.8877
3587,2022-10-28,00:00:00.00,5.15565,0,0,5.46606,0.966056,9.96606,5.46606,-33333.3,-33333.3,1.18996,95.5102,0.5,0,19.4399,14.217,11.6496,22.0318,-7.20425,2,0,0,1,22.1796
3588,2022-10-29,00:00:00.00,5.17287,0,0,4.21606,-1.53394,9.96606,4.21606,-33333.3,-33333.3,1.19536,95.4848,0.5,0,19.2273,14.0962,11.5506,21.449,-7.26585,2,0,0,1,16.9304
3589,2022-10-30,00:00:00.00,5.19008,0,0,7.21606,-1.03394,15.4661,7.21606,-33333.3,-33333.3,1.18242,95.5455,0.5,0,19.0174,13.7882,11.2981,22.8686,-7.10886,2,0,0,1,28.6784
3590,2022-10-31,00:00:00.00,5.2073,0,0,7.96606,-1.03394,16.9661,7.96606,-33333.3,-33333.3,1.17921,95.5605,0.5,0,18.8103,13.5818,11.129,23.2349,-7.06463,2,0.331599,0.331599,1,31.3331
3591,2022-11-01,00:00:00.00,5.22451,4.42089,0,6.96606,0.966056,12.9661,6.96606,-33333.3,-33333.3,1.1835,95.5405,0.5,0,18.6061,13.4628,11.0287,22.7475,-7.12315,2,0,0,1,27.1186
3592,2022-11-02,00:00:00.00,5.24173,0,0,11.9661,6.96606,16.9661,11.9661,-33333.3,-33333.3,1.1621,95.6392,0.5,0,18.4047,13.0354,10.7143,25.2676,-6.79355,2,0.822833,0.822833,1,46.1071
3593,2022-11-03,00:00:00.00,5.25894,0,0,10.7161,2.96606,18.4661,10.7161,-33333.3,-33333.3,1.16744,95.6148,0.5,0,18.2064,12.9458,10.6339,24.6178,-6.88476,2,0.822833,0.822833,1,40.8703
3594,2022-11-04,00:00:00.00,5.27615,0,0,9.46606,2.46606,16.4661,9.46606,-33333.3,-33333.3,1.17278,95.5902,0.5,0,18.0111,12.8537,10.5517,23.9814,-6.97001,2,0.822833,0.822833,1,35.7371
3595,2022-11-05,00:00:00.00,5.29337,0,0,12.4661,3.96606,20.9661,12.4661,-33333.3,-33333.3,1.15997,95.6488,0.5,0,17.819,12.5328,10.2819,25.5313,-6.75537,2,0.822833,0.822833,1,46.5887
3596,2022-11-06,00:00:00.00,5.31058,2.8133,0,14.7161,6.96606,22.4661,14.7161,-33333.3,-33333.3,1.15038,95.692,0.5,0,17.6301,12.2431,10.0379,26.7448,-6.57127,2,0.822833,0.822833,1,54.4466
3597,2022-11-07,00:00:00.00,5.3278,0,0,15.7161,8.96606,22.4661,15.7161,-33333.3,-33333.3,1.14612,95.711,0.5,0,17.4444,12.0296,9.87776,27.2985,-6.48287,2,0.822833,0.822833,1,57.5678
3598,2022-11-08,00:00:00.00,5.34501,0,0,8.46606,5.96606,10.9661,8.46606,-33333.3,-33333.3,1.17706,95.5704,0.5,0,17.262,12.2935,10.0881,23.4816,-7.03401,2,0.822833,0.822833,1,30.7048
3599,2022-11-09,00:00:00.00,5.36223,0,0,4.21606,-1.03394,9.46606,4.21606,-33333.3,-33333.3,1.19536,95.4848,0.5,0,17.083,12.3305,10.1121,21.449,-7.26585,2,0.822833,0.822833,1,15.141
3600,2022-11-10,00:00:00.00,5.37944,0,0,6.71606,-1.53394,14.9661,6.71606,-33333.3,-33333.3,1.18457,95.5355,0.5,0,16.9075,12.0841,9.9038,22.627,-7.13722,2,0.822833,0.822833,1,23.8848
3601,2022-11-11,00:00:00.00,5.39665,0,0,10.2161,0.966056,19.4661,10.2161,-33333.3,-33333.3,1.16957,95.605,0.5,0,16.7355,11.7799,9.64844,24.3617,-6.91957,2,0.822833,0.822833,1,35.9825
3602,2022-11-12,00:00:00.00,5.41387,4.21994,0,9.46606,6.46606,12.4661,9.46606,-33333.3,-33333.3,1.17278,95.5902,0.5,0,16.567,11.6806,9.5611,23.9814,-6.97001,2,0.822833,0.822833,1,33.0232
3603,2022-11-13,00:00:00.00,5.43108,-2.22045e-15,3.01425,3.96606,2.96606,4.96606,3.96606,-33333.3,-33333.3,1.19644,95.4796,0.5,0,16.4021,11.781,9.66809,21.334,-7.27753,2,0.815428,0.815428,1,13.7056
3604,2022-11-14,00:00:00.00,5.4483,0.989012,1.42238,0.466056,-1.03394,1.96606,0.466056,-33333.3,-33333.3,1.21168,95.407,0.5,0,16.2408,11.7676,9.67318,19.774,-7.41927,2,0.0954487,0.0954487,1,1.59558
3605,2022-11-15,00:00:00.00,5.46551,0,0,-1.03394,-4.03394,1.96606,-1.03394,-33333.3,-33333.3,1.2183,95.3753,0.5,0,16.0833,11.6823,9.61908,19.1139,-7.48792,2,0,0,1,-3.50718
3606,2022-11-16,00:00:00.00,5.48272,3.55271e-15,9.04274,-2.78394,-4.03394,-1.53394,-2.78394,-33333.3,-33333.3,1.22607,95.3379,0.5,0,15.9296,11.6029,9.55366,18.3567,-7.56746,2,0,0,1,-9.35764
3607,2022-11-17,00:00:00.00,5.49994,0,1.00475,-2.03394,-4.53394,0.466056,-2.03394,-33333.3,-33333.3,1.22274,95.354,0.5,0,15.7796,11.4589,3.87249,18.6781,-7.53485,2,0,0,1,-6.77556
3608,2022-11-18,00:00:00.00,5.51715,0,7.03324,-3.03394,-6.03394,-0.0339442,-3.03394,-33333.3,-33333.3,1.22719,95.3325,0.5,0,15.6335,11.3641,3.84015,18.2505,-7.57784,2,0,0,1,-10.0179
3609,2022-11-19,00:00:00.00,5.53437,8.88178e-16,1.6076,-2.78394,-4.53394,-1.03394,-2.78394,-33333.3,-33333.3,1.22607,95.3379,0.5,0,15.4913,11.24,3.79799,18.3567,-7.56746,2,0,0,1,-9.11282
3610,2022-11-20,00:00:00.00,5.55158,0,7.03324,-5.53394,-7.03394,-4.03394,-5.53394,-33333.3,-33333.3,1.23839,95.2781,0.5,0,15.353,11.1908,3.78095,17.2168,-7.66859,2,0,0,1,-17.9605
3611,2022-11-21,00:00:00.00,5.5688,0,2.0095,-7.03394,-9.03394,-5.03394,-7.03394,-33333.3,-33333.3,1.24517,95.245,0.5,0,15.2187,11.111,3.75367,16.6202,-7.71199,2,0,0,1,-22.6383
3612,2022-11-22,00:00:00.00,5.58601,0,0,-3.53394,-10.5339,3.46606,-3.53394,-33333.3,-33333.3,1.22942,95.3217,0.5,0,15.0884,10.9253,3.69091,18.0398,-7.59788,2,0,0,1,-11.2808
3613,2022-11-23,00:00:00.00,5.60322,0,0,-1.03394,-7.03394,4.96606,-1.03394,-33333.3,-33333.3,1.2183,95.3753,0.5,0,14.9621,10.7568,3.63394,19.1139,-7.48792,2,0,0,1,-3.27405
3614,2022-11-24,00:00:00.00,5.62044,0,0,-0.533944,-6.03394,4.96606,-0.533944,-33333.3,-33333.3,1.21609,95.3859,0.5,0,14.84,10.6424,3.59512,19.3349,-7.46295,2,0,0,1,-1.67754
3615,2022-11-25,00:00:00.00,5.63765,1.00475,0,1.46606,-5.03394,7.96606,1.46606,-33333.3,-33333.3,1.20731,95.4279,0.5,0,14.7219,10.487,3.54259,20.2101,-7.38284,2,0.301157,0.301157,1,4.57095
3616,2022-11-26,00:00:00.00,5.65487,0.27315,0.329699,-0.0339442,-4.03394,3.96606,-0.0339442,-33333.3,-33333.3,1.21388,95.3965,0.5,0,14.608,10.4375,3.52557,19.5581,-7.43696,2,0,0,1,-0.105026
3617,2022-11-27,00:00:00.00,5.67208,0,0,3.96606,-2.03394,9.96606,3.96606,-33333.3,-33333.3,1.19644,95.4796,0.5,0,14.4983,10.2232,3.45335,21.334,-7.27753,2,0.815428,0.815428,1,12.1848
3618,2022-11-28,00:00:00.00,5.6893,9.24369,0,1.46606,-1.03394,3.96606,1.46606,-33333.3,-33333.3,1.20731,95.4279,0.5,0,14.3928,10.2172,3.4509,20.2101,-7.38284,2,0.301157,0.301157,1,4.47249
3619,2022-11-29,00:00:00.00,5.70651,0,0,-0.533944,-1.03394,-0.0339442,-0.533944,-33333.3,-33333.3,1.21609,95.3859,0.5,0,14.2916,10.1912,3.4418,19.3349,-7.46295,2,0,0,1,-1.61778
3620,2022-11-30,00:00:00.00,5.72372,3.61709,0,1.71606,-4.03394,7.46606,1.71606,-33333.3,-33333.3,1.20622,95.4331,0.5,0,14.1946,10.0472,3.3932,20.3203,-7.37324,2,0.352584,0.352584,1,5.16528
3621,2022-12-01,00:00:00.00,5.74094,8.03799,1.00475,3.21606,-1.03394,7.46606,3.21606,-33333.3,-33333.3,1.19969,95.4642,0.5,0,14.1019,9.92461,8.18023,20.9917,-7.3113,2,0.661147,0.661147,1,9.61871
3622,2022-12-02,00:00:00.00,5.75815,0,0,-3.03394,-5.03394,-1.03394,-3.03394,-33333.3,-33333.3,1.22719,95.3325,0.5,0,14.0135,10.0255,8.4037,18.2505,-7.57784,2,0.107517,0.107517,1,-9.0185
3623,2022-12-03,00:00:00.00,5.77537,1.69545,0.715947,0.466056,-7.53394,8.46606,0.466056,-33333.3,-33333.3,1.21168,95.407,0.5,0,13.9295,9.86631,8.26961,19.774,-7.41927,2,0.322147,0.322147,1,1.37725
3624,2022-12-04,00:00:00.00,5.79258,7.03324,0,3.21606,-2.03394,8.46606,3.21606,-33333.3,-33333.3,1.19969,95.4642,0.5,0,13.8498,9.71889,8.15734,20.9917,-7.3113,2,0.322147,0.322147,1,9.45026
3625,2022-12-05,00:00:00.00,5.80979,0,0,-2.53394,-5.03394,-0.0339442,-2.53394,-33333.3,-33333.3,1.22496,95.3432,0.5,0,13.7745,9.81663,8.25031,18.4633,-7.55683,2,0.147785,0.147785,1,-7.4059
3626,2022-12-06,00:00:00.00,5.82701,0,0,-0.783944,-5.53394,3.96606,-0.783944,-33333.3,-33333.3,1.21719,95.3806,0.5,0,13.7036,9.71465,8.16371,19.2242,-7.47556,2,0.288724,0.288724,1,-2.2795
3627,2022-12-07,00:00:00.00,5.84422,0,0,1.21606,-4.03394,6.46606,1.21606,-33333.3,-33333.3,1.2084,95.4227,0.5,0,13.6371,9.60552,8.07028,20.1004,-7.39225,2,0.322147,0.322147,1,3.51891
3628,2022-12-08,00:00:00.00,5.86144,0.20095,0,3.71606,0.966056,6.46606,3.71606,-33333.3,-33333.3,1.19752,95.4745,0.5,0,13.5751,9.47887,7.96197,21.2194,-7.28899,2,0.322147,0.322147,1,10.704
3629,2022-12-09,00:00:00.00,5.87865,0,0,2.21606,0.466056,3.96606,2.21606,-33333.3,-33333.3,1.20404,95.4435,0.5,0,13.5175,9.4784,7.96088,20.5422,-7.35341,2,0.322147,0.322147,1,6.35596
3630,2022-12-10,00:00:00.00,5.89587,0,0,-2.53394,-4.53394,-0.533944,-2.53394,-33333.3,-33333.3,1.22496,95.3432,0.5,0,13.4644,9.56112,8.02842,18.4633,-7.55683,2,0.147785,0.147785,1,-7.23858
3631,2022-12-11,00:00:00.00,5.91308,-2.22045e-15,3.01425,-4.28394,-6.03394,-2.53394,-4.28394,-33333.3,-33333.3,1.23278,95.3054,0.5,0,13.4157,9.56034,8.02687,17.7275,-7.62615,2,0.00684562,0.00684562,1,-12.1923
3632,2022-12-12,00:00:00.00,5.93029,0,2.0095,-3.03394,-6.03394,-0.0339442,-3.03394,-33333.3,-33333.3,1.22719,95.3325,0.5,0,13.3715,9.49617,3.2054,18.2505,-7.57784,2,0.107517,0.107517,1,-8.60517
3633,2022-12-13,00:00:00.00,5.94751,0,0,-4.78394,-5.03394,-4.53394,-4.78394,-33333.3,-33333.3,1.23502,95.2945,0.5,0,13.3319,9.5016,3.20705,17.5217,-7.64382,2,0,0,1,-13.5263
3634,2022-12-14,00:00:00.00,5.96472,0,0,-5.53394,-12.0339,0.966056,-5.53394,-33333.3,-33333.3,1.23839,95.2781,0.5,0,13.2967,9.4878,3.20228,17.2168,-7.66859,2,0,0,1,-15.6027
3635,2022-12-15,00:00:00.00,5.98194,0,0,-6.78394,-12.5339,-1.03394,-6.78394,-33333.3,-33333.3,1.24404,95.2506,0.5,0,13.266,9.48659,3.20175,16.7184,-7.70532,2,0,0,1,-19.0789
3636,2022-12-16,00:00:00.00,5.99915,3.55271e-15,9.04274,-4.03394,-8.53394,0.466056,-4.03394,-33333.3,-33333.3,1.23166,95.3109,0.5,0,13.2399,9.40955,3.17586,17.8311,-7.61696,2,0.0269798,0.0269798,1,-11.3198
3637,2022-12-17,00:00:00.00,6.01637,-2.22045e-15,3.01425,0.466056,-1.53394,2.46606,0.466056,-33333.3,-33333.3,1.21168,95.407,0.5,0,13.2183,9.28279,3.13336,19.774,-7.41927,2,0.322147,0.322147,1,1.30535
3638,2022-12-18,00:00:00.00,6.03358,0,1.00475,-2.28394,-3.53394,-1.03394,-2.28394,-33333.3,-33333.3,1.22385,95.3486,0.5,0,13.2013,9.33802,3.15177,18.5705,-7.54597,2,0.167919,0.167919,1,-6.38671
3639,2022-12-19,00:00:00.00,6.05079,0,4.01899,-3.28394,-5.53394,-1.03394,-3.28394,-33333.3,-33333.3,1.2283,95.3271,0.5,0,13.1888,9.3505,3.15588,18.1449,-7.58798,2,0.0873824,0.0873824,1,-9.17138
3640,2022-12-20,00:00:00.00,6.06801,-2.22045e-15,3.01425,-3.03394,-4.03394,-2.03394,-3.03394,-33333.3,-33333.3,1.22719,95.3325,0.5,0,13.1808,9.33815,3.15172,18.2505,-7.57784,2,0.107517,0.107517,1,-8.46508
3641,2022-12-21,00:00:00.00,6.08522,0,0,-4.03394,-5.03394,-3.03394,-4.03394,-33333.3,-33333.3,1.23166,95.3109,0.5,0,13.1774,9.3572,3.15807,17.8311,-7.61696,2,0.0269798,0.0269798,1,-11.248
3642,2022-12-22,00:00:00.00,6.10244,0,0,-5.03394,-8.03394,-2.03394,-5.03394,-33333.3,-33333.3,1.23614,95.2891,0.5,0,13.1785,9.3789,3.16533,17.4196,-7.6523,2,0,0,1,-14.0319
3643,2022-12-23,00:00:00.00,6.11965,-4.44089e-15,6.02849,-3.53394,-9.03394,1.96606,-3.53394,-33333.3,-33333.3,1.22942,95.3217,0.5,0,13.1842,9.35152,3.15619,18.0398,-7.59788,2,0.0672482,0.0672482,1,-9.85071
3644,2022-12-24,00:00:00.00,6.13686,0,0,-3.53394,-3.03394,-4.03394,-3.53394,-33333.3,-33333.3,1.22942,95.3217,0.5,0,13.1945,9.35972,3.15897,18.0398,-7.59788,2,0.0672482,0.0672482,1,-9.85386
3645,2022-12-25,00:00:00.00,6.15408,-4.44089e-15,6.02849,-8.53394,-17.0339,-0.0339442,-8.53394,-33333.3,-33333.3,1.25199,95.2116,0.5,0,13.2093,9.4691,3.19563,16.0408,-7.74745,2,0,0,1,-23.8108
3646,2022-12-26,00:00:00.00,6.17129,0,2.0095,-12.2839,-17.0339,-7.53394,-12.2839,-33333.3,-33333.3,1.26928,95.1263,0.5,0,13.2286,9.54304,3.22044,14.6651,-7.80312,2,0,0,1,-34.3066
3647,2022-12-27,00:00:00.00,6.18851,0,1.00475,-9.78394,-11.5339,-8.03394,-9.78394,-33333.3,-33333.3,1.25772,95.1834,0.5,0,13.2525,9.52512,3.21454,15.5708,-7.77113,2,0,0,1,-27.3594
3648,2022-12-28,00:00:00.00,6.20572,0,2.0095,-6.53394,-11.5339,-1.53394,-6.53394,-33333.3,-33333.3,1.24291,95.2561,0.5,0,13.281,9.49159,3.20343,16.8171,-7.69842,2,0,0,1,-18.3003
3649,2022-12-29,00:00:00.00,6.22294,0,0,-3.03394,-9.03394,2.96606,-3.03394,-33333.3,-33333.3,1.22719,95.3325,0.5,0,13.314,9.44553,3.18815,18.2505,-7.57784,2,0.107517,0.107517,1,-8.51366
3650,2022-12-30,00:00:00.00,6.24015,1.90902,0,2.71606,-3.03394,8.46606,2.71606,-33333.3,-33333.3,1.20186,95.4539,0.5,0,13.3515,9.32402,3.14765,20.766,-7.33277,2,0.322147,0.322147,1,7.63854
3651,2022-12-31,00:00:00.00,6.25736,19.2912,0,5.46606,1.96606,8.96606,5.46606,-33333.3,-33333.3,1.18996,95.5102,0.5,0,13.3936,9.26855,3.12926,22.0318,-7.20425,2,0.322147,0.322147,1,15.4114
3652,2023-01-01,00:00:00.00,6.27458,6.43039,0,6.46606,4.96606,7.96606,6.46606,-33333.3,-33333.3,1.18565,95.5304,0.5,0,13.4402,9.27038,3.13005,22.5069,-7.15106,2,0.322147,0.322147,1,18.2824
3653,2023-01-02,00:00:00.00,0.0086071,3.21519,0,1.21606,-0.0339442,2.46606,1.21606,-33333.3,-33333.3,1.2084,95.4227,0.5,0,13.4913,9.48121,7.99153,20.1004,-7.39225,2,0.168836,0.168836,1,3.44912
3654,2023-01-03,00:00:00.00,0.0258213,0,0,1.21606,-0.533944,2.96606,1.21606,-33333.3,-33333.3,1.2084,95.4227,0.5,0,13.5469,9.52634,8.0332,20.1004,-7.39225,2,0.168836,0.168836,1,3.46097
3655,2023-01-04,00:00:00.00,0.0430355,4.5212,1.90919,0.466056,-2.03394,2.96606,0.466056,-33333.3,-33333.3,1.21168,95.407,0.5,0,13.607,9.59621,8.09111,19.774,-7.41927,2,0.168836,0.168836,1,1.33138
3656,2023-01-05,00:00:00.00,0.0602497,6.97012,5.08686,0.216056,-2.03394,2.46606,0.216056,-33333.3,-33333.3,1.21278,95.4017,0.5,0,13.6716,9.65562,3.25988,19.6661,-7.42788,2,0.168836,0.168836,1,0.619695
3657,2023-01-06,00:00:00.00,0.0774639,0.665625,0.138174,0.716056,0.466056,0.966056,0.716056,-33333.3,-33333.3,1.21059,95.4122,0.5,0,13.7407,9.69798,3.27433,19.8823,-7.41046,2,0.168836,0.168836,1,2.0626
3658,2023-01-07,00:00:00.00,0.0946781,0.574575,0.0282744,0.966056,-0.0339442,1.96606,0.966056,-33333.3,-33333.3,1.20949,95.4175,0.5,0,13.8142,9.75072,3.29228,19.9911,-7.40146,2,0.168836,0.168836,1,2.79549
3659,2023-01-08,00:00:00.00,0.111892,0,0,-0.783944,-1.53394,-0.0339442,-0.783944,-33333.3,-33333.3,1.21719,95.3806,0.5,0,13.8922,9.86226,8.2005,19.2242,-7.47556,2,0.168836,0.168836,1,-2.2795
3660,2023-01-09,00:00:00.00,0.129107,0,0,-5.53394,-8.03394,-3.03394,-5.53394,-33333.3,-33333.3,1.23839,95.2781,0.5,0,13.9745,10.0411,8.34822,17.2168,-7.66859,2,0.134478,0.134478,1,-16.1739
3661,2023-01-10,00:00:00.00,0.146321,0,0,-3.78394,-6.53394,-1.03394,-3.78394,-33333.3,-33333.3,1.23054,95.3163,0.5,0,14.0613,10.0743,8.37493,17.9352,-7.60754,2,0.168836,0.168836,1,-11.1189
3662,2023-01-11,00:00:00.00,0.163535,0,0,-2.53394,-4.03394,-1.03394,-2.53394,-33333.3,-33333.3,1.22496,95.3432,0.5,0,14.1525,10.1197,8.41146,18.4633,-7.55683,2,0.168836,0.168836,1,-7.48798
3663,2023-01-12,00:00:00.00,0.180749,4.44089e-16,0.803799,-3.03394,-6.03394,-0.0339442,-3.03394,-33333.3,-33333.3,1.22719,95.3325,0.5,0,14.2481,10.2101,8.48554,18.2505,-7.57784,2,0.168836,0.168836,1,-9.0185
3664,2023-01-13,00:00:00.00,0.197963,-2.22045e-15,3.01425,-2.03394,-6.03394,1.96606,-2.03394,-33333.3,-33333.3,1.22274,95.354,0.5,0,14.348,10.2676,3.46743,18.6781,-7.53485,2,0.168836,0.168836,1,-6.08317
3665,2023-01-14,00:00:00.00,0.215178,0,0,-4.53394,-5.03394,-4.03394,-4.53394,-33333.3,-33333.3,1.2339,95.3,0.5,0,14.4522,10.4126,3.51644,17.6243,-7.6351,2,0.168836,0.168836,1,-13.647
3666,2023-01-15,00:00:00.00,0.232392,0,0,-8.03394,-13.0339,-3.03394,-8.03394,-33333.3,-33333.3,1.24971,95.2228,0.5,0,14.5607,10.5739,3.5709,16.232,-7.7365,2,0.0289554,0.0289554,1,-24.3421
3667,2023-01-16,00:00:00.00,0.249606,0,0,-6.28394,-13.0339,0.466056,-6.28394,-33333.3,-33333.3,1.24178,95.2616,0.5,0,14.6735,10.6327,3.59104,16.9163,-7.6913,2,0.102821,0.102821,1,-19.1703
3668,2023-01-17,00:00:00.00,0.26682,8.88178e-16,1.6076,-4.53394,-12.0339,2.96606,-4.53394,-33333.3,-33333.3,1.2339,95.3,0.5,0,14.7906,10.6914,3.61116,17.6243,-7.6351,2,0.168836,0.168836,1,-13.9295
3669,2023-01-18,00:00:00.00,0.284034,0,4.01899,-1.28394,-6.03394,3.46606,-1.28394,-33333.3,-33333.3,1.21941,95.37,0.5,0,14.9118,10.7107,3.61808,19.0042,-7.50003,2,0.168836,0.168836,1,-3.97334
3670,2023-01-19,00:00:00.00,0.301249,0,0,0.966056,-0.0339442,1.96606,0.966056,-33333.3,-33333.3,1.20949,95.4175,0.5,0,15.0373,10.7492,3.63146,19.9911,-7.40146,2,0.168836,0.168836,1,3.01203
3671,2023-01-20,00:00:00.00,0.318463,0,2.0095,-1.78394,-1.03394,-2.53394,-1.78394,-33333.3,-33333.3,1.22163,95.3593,0.5,0,15.1668,10.9337,3.69379,18.7863,-7.52349,2,0.168836,0.168836,1,-5.60481
3672,2023-01-21,00:00:00.00,0.335677,0,0,-2.53394,-5.53394,0.466056,-2.53394,-33333.3,-33333.3,1.22496,95.3432,0.5,0,15.3005,11.0633,3.73777,18.4633,-7.55683,2,0.168836,0.168836,1,-8.02394
3673,2023-01-22,00:00:00.00,0.352891,0,0,-3.03394,-4.03394,-2.03394,-3.03394,-33333.3,-33333.3,1.22719,95.3325,0.5,0,15.4383,11.1896,3.78064,18.2505,-7.57784,2,0.168836,0.168836,1,-9.68473
3674,2023-01-23,00:00:00.00,0.370105,-2.22045e-15,3.01425,-2.28394,-3.53394,-1.03394,-2.28394,-33333.3,-33333.3,1.22385,95.3486,0.5,0,15.5801,11.2872,3.81389,18.5705,-7.54597,2,0.168836,0.168836,1,-7.35073
3675,2023-01-24,00:00:00.00,0.38732,-4.44089e-16,1.40665,-2.53394,-5.03394,-0.0339442,-2.53394,-33333.3,-33333.3,1.22496,95.3432,0.5,0,15.726,11.414,3.85697,18.4633,-7.55683,2,0.168836,0.168836,1,-8.22395
3676,2023-01-25,00:00:00.00,0.404534,0,0,-2.28394,-4.53394,-0.0339442,-2.28394,-33333.3,-33333.3,1.22385,95.3486,0.5,0,15.8757,11.531,3.89676,18.5705,-7.54597,2,0.168836,0.168836,1,-7.47614
3677,2023-01-26,00:00:00.00,0.421748,3.55271e-15,17.0807,-2.28394,-5.03394,0.466056,-2.28394,-33333.3,-33333.3,1.22385,95.3486,0.5,0,16.0294,11.6578,3.93988,18.5705,-7.54597,2,0.168836,0.168836,1,-7.54141
3678,2023-01-27,00:00:00.00,0.438962,0,2.0095,-4.03394,-5.53394,-2.53394,-4.03394,-33333.3,-33333.3,1.23166,95.3109,0.5,0,16.187,11.8333,3.99934,17.8311,-7.61696,2,0.168836,0.168836,1,-13.4381
3679,2023-01-28,00:00:00.00,0.456176,-2.22045e-15,3.01425,-2.78394,-5.53394,-0.0339442,-2.78394,-33333.3,-33333.3,1.22607,95.3379,0.5,0,16.3484,11.9347,4.03397,18.3567,-7.56746,2,0.168836,0.168836,1,-9.35764
3680,2023-01-29,00:00:00.00,0.473391,0,8.03799,-3.53394,-5.03394,-2.03394,-3.53394,-33333.3,-33333.3,1.22942,95.3217,0.5,0,16.5136,12.091,4.08703,18.0398,-7.59788,2,0.168836,0.168836,1,-11.9873
3681,2023-01-30,00:00:00.00,0.490605,0,7.03324,-3.03394,-5.03394,-1.03394,-3.03394,-33333.3,-33333.3,1.22719,95.3325,0.5,0,16.6825,12.2178,4.13019,18.2505,-7.57784,2,0.168836,0.168836,1,-10.3868
3682,2023-01-31,00:00:00.00,0.507819,0,1.00475,-8.53394,-12.0339,-5.03394,-8.53394,-33333.3,-33333.3,1.25199,95.2116,0.5,0,16.855,12.489,4.22186,16.0408,-7.74745,2,0.00785088,0.00785088,1,-29.4909
3683,2023-02-01,00:00:00.00,0.525033,0,0,-10.2839,-13.0339,-7.53394,-10.2839,-33333.3,-33333.3,1.26002,95.172,0.5,0,17.0312,12.6697,4.2832,15.386,-7.77915,2,0,0,1,-35.8765
3684,2023-02-02,00:00:00.00,0.542247,0,0,-12.0339,-17.5339,-6.53394,-12.0339,-33333.3,-33333.3,1.26811,95.132,0.5,0,17.211,12.851,4.34471,14.7536,-7.80082,2,0,0,1,-42.3853
3685,2023-02-03,00:00:00.00,0.559462,0,2.0095,-6.78394,-12.0339,-1.53394,-6.78394,-33333.3,-33333.3,1.24404,95.2506,0.5,0,17.3942,12.901,4.36216,16.7184,-7.70532,2,0.133144,0.133144,1,-24.1262
3686,2023-02-04,00:00:00.00,0.576676,0,0,-19.0339,-21.5339,-16.5339,-19.0339,-33333.3,-33333.3,1.30131,94.9665,0.5,0,17.5809,13.2608,4.48371,12.436,-7.79545,2,0,0,1,-68.3559
3687,2023-02-05,00:00:00.00,0.59389,0,0,-14.0339,-26.0339,-2.03394,-14.0339,-33333.3,-33333.3,1.27746,95.0856,0.5,0,17.771,13.3526,4.51525,14.0575,-7.81384,2,0,0,1,-50.8984
3688,2023-02-06,00:00:00.00,0.611104,0,0,-8.03394,-19.5339,3.46606,-8.03394,-33333.3,-33333.3,1.24971,95.2228,0.5,0,17.9644,13.4041,4.53323,16.232,-7.7365,2,0.0518793,0.0518793,1,-29.4283
3689,2023-02-07,00:00:00.00,0.628319,0,0,-0.283944,-5.53394,4.96606,-0.283944,-33333.3,-33333.3,1.21498,95.3912,0.5,0,18.161,13.3609,4.51939,19.4462,-7.45008,2,0.260046,0.260046,1,-1.05052
3690,2023-02-08,00:00:00.00,0.645533,0,2.21045,-1.03394,-5.53394,3.46606,-1.03394,-33333.3,-33333.3,1.2183,95.3753,0.5,0,18.3609,13.5505,4.58378,19.1139,-7.48792,2,0.260046,0.260046,1,-3.86408
3691,2023-02-09,00:00:00.00,0.662747,1.27786,0.93259,0.216056,-3.03394,3.46606,0.216056,-33333.3,-33333.3,1.21278,95.4017,0.5,0,18.5639,13.6778,4.6273,19.6661,-7.42788,2,0.260046,0.260046,1,0.815697
3692,2023-02-10,00:00:00.00,0.679961,37.6346,3.86147,0.966056,-3.03394,4.96606,0.966056,-33333.3,-33333.3,1.20949,95.4175,0.5,0,18.7699,13.8224,4.67661,19.9911,-7.40146,2,0.260046,0.260046,1,3.68449
3693,2023-02-11,00:00:00.00,0.697175,0,0,-0.0339442,-0.533944,0.466056,-0.0339442,-33333.3,-33333.3,1.21388,95.3965,0.5,0,18.9789,14.0301,4.74715,19.5581,-7.43696,2,0.260046,0.260046,1,-0.130768
3694,2023-02-12,00:00:00.00,0.71439,0,0,-3.03394,-6.03394,-0.0339442,-3.03394,-33333.3,-33333.3,1.22719,95.3325,0.5,0,19.1907,14.3007,4.83889,18.2505,-7.57784,2,0.260046,0.260046,1,-11.811
3695,2023-02-13,00:00:00.00,0.731604,0,0,-0.0339442,-6.53394,6.46606,-0.0339442,-33333.3,-33333.3,1.21388,95.3965,0.5,0,19.4055,14.3839,4.86758,19.5581,-7.43696,2,0.260046,0.260046,1,-0.133489
3696,2023-02-14,00:00:00.00,0.748818,0,0,-1.03394,-7.03394,4.96606,-1.03394,-33333.3,-33333.3,1.2183,95.3753,0.5,0,19.6229,14.5981,4.94039,19.1139,-7.48792,2,0.260046,0.260046,1,-4.10912
3697,2023-02-15,00:00:00.00,0.766032,0.502374,0,1.21606,-5.53394,7.96606,1.21606,-33333.3,-33333.3,1.2084,95.4227,0.5,0,19.8431,14.702,4.97607,20.1004,-7.39225,2,0.260046,0.260046,1,4.88334
3698,2023-02-16,00:00:00.00,0.783246,2.0095,0,2.71606,-5.53394,10.9661,2.71606,-33333.3,-33333.3,1.20186,95.4539,0.5,0,20.0658,14.8283,5.01928,20.766,-7.33277,2,0.260046,0.260046,1,11.0209
3699,2023-02-17,00:00:00.00,0.800461,0,1.00475,-1.03394,-2.03394,-0.0339442,-1.03394,-33333.3,-33333.3,1.2183,95.3753,0.5,0,20.291,15.1538,5.12958,19.1139,-7.48792,2,0.260046,0.260046,1,-4.23933
3700,2023-02-18,00:00:00.00,0.817675,0,1.00475,-7.03394,-8.03394,-6.03394,-7.03394,-33333.3,-33333.3,1.24517,95.245,0.5,0,20.5187,15.5184,5.25308,16.6202,-7.71199,2,0.116891,0.116891,1,-29.1429
3701,2023-02-19,00:00:00.00,0.834889,0,0,-5.53394,-11.0339,-0.0339442,-5.53394,-33333.3,-33333.3,1.23839,95.2781,0.5,0,20.7487,15.6722,5.3056,17.2168,-7.66859,2,0.214408,0.214408,1,-23.1688
3702,2023-02-20,00:00:00.00,0.852103,0,0,-0.783944,-7.53394,5.96606,-0.783944,-33333.3,-33333.3,1.21719,95.3806,0.5,0,20.9809,15.7196,5.3223,19.2242,-7.47556,2,0.260046,0.260046,1,-3.31655
3703,2023-02-21,00:00:00.00,0.869317,0,0,0.216056,-1.53394,1.96606,0.216056,-33333.3,-33333.3,1.21278,95.4017,0.5,0,21.2154,15.8788,5.37666,19.6661,-7.42788,2,0.260046,0.260046,1,0.923678
3704,2023-02-22,00:00:00.00,0.886532,-1.11022e-16,0.602849,-1.03394,-5.03394,2.96606,-1.03394,-33333.3,-33333.3,1.2183,95.3753,0.5,0,21.4519,16.1207,5.45892,19.1139,-7.48792,2,0.260046,0.260046,1,-4.46654
3705,2023-02-23,00:00:00.00,0.903746,0,11.0522,-4.28394,-5.03394,-3.53394,-4.28394,-33333.3,-33333.3,1.23278,95.3054,0.5,0,21.6903,16.4251,5.56222,17.7275,-7.62615,2,0.260046,0.260046,1,-18.7004
3706,2023-02-24,00:00:00.00,0.92096,0,0,-5.28394,-10.5339,-0.0339442,-5.28394,-33333.3,-33333.3,1.23727,95.2836,0.5,0,21.9307,16.6556,5.64066,17.318,-7.66056,2,0.230661,0.230661,1,-23.3073
3707,2023-02-25,00:00:00.00,0.938174,0,2.0095,-11.0339,-14.0339,-8.03394,-11.0339,-33333.3,-33333.3,1.26348,95.155,0.5,0,22.1729,17.001,5.75783,15.1123,-7.78964,2,0,0,1,-49.1796
3708,2023-02-26,00:00:00.00,0.955388,0,1.00475,-7.78394,-14.0339,-1.53394,-7.78394,-33333.3,-33333.3,1.24858,95.2283,0.5,0,22.4168,17.1311,5.80242,16.3283,-7.7307,2,0.0681322,0.0681322,1,-35.0562
3709,2023-02-27,00:00:00.00,0.972603,0,0,-4.03394,-11.0339,2.96606,-4.03394,-33333.3,-33333.3,1.23166,95.3109,0.5,0,22.6623,17.2317,5.83711,17.8311,-7.61696,2,0.260046,0.260046,1,-18.3568
3710,2023-02-28,00:00:00.00,0.989817,0,7.03324,-4.03394,-7.03394,-1.03394,-4.03394,-33333.3,-33333.3,1.23166,95.3109,0.5,0,22.9094,17.4388,5.90769,17.8311,-7.61696,2,0.260046,0.260046,1,-18.5475
3711,2023-03-01,00:00:00.00,1.00703,0,0,-5.28394,-10.5339,-0.0339442,-5.28394,-33333.3,-33333.3,1.23727,95.2836,0.5,0,23.1579,17.6853,5.99158,17.318,-7.66056,2,0.230661,0.230661,1,-24.5466
3712,2023-03-02,00:00:00.00,1.02425,0,0,-2.28394,-7.03394,2.46606,-2.28394,-33333.3,-33333.3,1.22385,95.3486,0.5,0,23.4077,17.7984,6.03047,18.5705,-7.54597,2,0.342336,0.342336,1,-10.7197
3713,2023-03-03,00:00:00.00,1.04146,0,0,-0.283944,-4.03394,3.46606,-0.283944,-33333.3,-33333.3,1.21498,95.3912,0.5,0,23.6588,17.9346,6.07719,19.4462,-7.45008,2,0.791595,0.791595,1,-1.34638
3714,2023-03-04,00:00:00.00,1.05867,0,22.1045,-4.78394,-9.53394,-0.0339442,-4.78394,-33333.3,-33333.3,1.23502,95.2945,0.5,0,23.911,18.3026,6.20207,17.5217,-7.64382,2,0,0,1,-22.9171
3715,2023-03-05,00:00:00.00,1.07589,-2.22045e-15,3.01425,-0.283944,-4.53394,3.96606,-0.283944,-33333.3,-33333.3,1.21498,95.3912,0.5,0,24.1643,18.3569,6.22115,19.4462,-7.45008,2,0.791595,0.791595,1,-1.37407
3716,2023-03-06,00:00:00.00,1.0931,0,0,0.466056,-2.03394,2.96606,0.466056,-33333.3,-33333.3,1.21168,95.407,0.5,0,24.4185,18.5389,6.28332,19.774,-7.41927,2,0.898518,0.898518,1,2.27837
3717,2023-03-07,00:00:00.00,1.11032,0,0,-2.28394,-7.03394,2.46606,-2.28394,-33333.3,-33333.3,1.22385,95.3486,0.5,0,24.6735,18.8585,6.39195,18.5705,-7.54597,2,0.342336,0.342336,1,-11.2781
3718,2023-03-08,00:00:00.00,1.12753,0,0,-2.53394,-6.03394,0.966056,-2.53394,-33333.3,-33333.3,1.22496,95.3432,0.5,0,24.9294,19.082,6.46812,18.4633,-7.55683,2,0.286178,0.286178,1,-12.6386
3719,2023-03-09,00:00:00.00,1.14474,0,0,-2.78394,-6.53394,0.966056,-2.78394,-33333.3,-33333.3,1.22607,95.3379,0.5,0,25.1859,19.306,6.5445,18.3567,-7.56746,2,0.230021,0.230021,1,-14.0246
3720,2023-03-10,00:00:00.00,1.16196,0,0,-1.53394,-8.03394,4.96606,-1.53394,-33333.3,-33333.3,1.22052,95.3646,0.5,0,25.4429,19.4752,6.60239,18.895,-7.51189,2,0.510808,0.510808,1,-7.80449
3721,2023-03-11,00:00:00.00,1.17917,0,8.03799,-3.78394,-6.53394,-1.03394,-3.78394,-33333.3,-33333.3,1.23054,95.3163,0.5,0,25.7004,19.7729,6.70366,17.9352,-7.60754,2,0.00539111,0.00539111,1,-19.4429
3722,2023-03-12,00:00:00.00,1.19639,0,0,-4.78394,-9.53394,-0.0339442,-4.78394,-33333.3,-33333.3,1.23502,95.2945,0.5,0,25.9583,20.0232,6.78894,17.5217,-7.64382,2,0,0,1,-24.8232
3723,2023-03-13,00:00:00.00,1.2136,-2.22045e-15,3.01425,-6.03394,-11.0339,-1.03394,-6.03394,-33333.3,-33333.3,1.24065,95.2671,0.5,0,26.2164,20.2803,6.87652,17.016,-7.68395,2,0,0,1,-31.6156
3724,2023-03-14,00:00:00.00,1.23082,0,2.0095,-3.03394,-7.53394,1.46606,-3.03394,-33333.3,-33333.3,1.22719,95.3325,0.5,0,26.4747,20.3967,6.91659,18.2505,-7.57784,2,0.173863,0.173863,1,-16.0512
3725,2023-03-15,00:00:00.00,1.24803,0,0,-5.53394,-8.03394,-3.03394,-5.53394,-33333.3,-33333.3,1.23839,95.2781,0.5,0,26.7331,20.6996,7.01967,17.2168,-7.66859,2,0,0,1,-29.5602
3726,2023-03-16,00:00:00.00,1.26524,0,0,-4.28394,-11.5339,2.96606,-4.28394,-33333.3,-33333.3,1.23278,95.3054,0.5,0,26.9915,20.8753,7.07978,17.7275,-7.62615,2,0,0,1,-23.1026
3727,2023-03-17,00:00:00.00,1.28246,0,8.03799,-1.03394,-11.0339,8.96606,-1.03394,-33333.3,-33333.3,1.2183,95.3753,0.5,0,27.2497,20.9692,7.11223,19.1139,-7.48792,2,0.623123,0.623123,1,-5.62893
3728,2023-03-18,00:00:00.00,1.29967,6.43039,1.00475,1.21606,-3.53394,5.96606,1.21606,-33333.3,-33333.3,1.2084,95.4227,0.5,0,27.5077,21.0865,7.15256,20.1004,-7.39225,2,0.898518,0.898518,1,6.683
3729,2023-03-19,00:00:00.00,1.31689,0,4.01899,-3.28394,-5.03394,-1.53394,-3.28394,-33333.3,-33333.3,1.2283,95.3271,0.5,0,27.7655,21.4902,7.28977,18.1449,-7.58798,2,0.117706,0.117706,1,-18.2164
3730,2023-03-20,00:00:00.00,1.3341,0,0,-6.28394,-11.0339,-1.53394,-6.28394,-33333.3,-33333.3,1.24178,95.2616,0.5,0,28.0228,21.8102,7.39868,16.9163,-7.6913,2,0,0,1,-35.182
3731,2023-03-21,00:00:00.00,1.35132,0,0,-1.78394,-9.03394,5.46606,-1.78394,-33333.3,-33333.3,1.22163,95.3593,0.5,0,28.2797,21.8636,7.41743,18.7863,-7.52349,2,0.45465,0.45465,1,-10.0799
3732,2023-03-22,00:00:00.00,1.36853,0,0,0.966056,-5.03394,6.96606,0.966056,-33333.3,-33333.3,1.20949,95.4175,0.5,0,28.5359,21.9575,7.44989,19.9911,-7.40146,2,0.898518,0.898518,1,5.50855
3733,2023-03-23,00:00:00.00,1.38574,2.0095,0,2.46606,-1.03394,5.96606,2.46606,-33333.3,-33333.3,1.20295,95.4487,0.5,0,28.7915,22.0971,7.4978,20.6539,-7.34319,2,0.898518,0.898518,1,14.1892
3734,2023-03-24,00:00:00.00,1.40296,2.61235,0,2.46606,-0.533944,5.46606,2.46606,-33333.3,-33333.3,1.20295,95.4487,0.5,0,29.0464,22.3097,7.57039,20.6539,-7.34319,2,0.898518,0.898518,1,14.3168
3735,2023-03-25,00:00:00.00,1.42017,0.56515,0.238649,0.466056,-3.03394,3.96606,0.466056,-33333.3,-33333.3,1.21168,95.407,0.5,0,29.3003,22.6203,7.67616,19.774,-7.41927,2,0.898518,0.898518,1,2.72984
3736,2023-03-26,00:00:00.00,1.43739,14.8703,1.00475,2.21606,-3.03394,7.46606,2.21606,-33333.3,-33333.3,1.20404,95.4435,0.5,0,29.5534,22.7457,7.71924,20.5422,-7.35341,2,0.898518,0.898518,1,13.0946
3737,2023-03-27,00:00:00.00,1.4546,-2.22045e-15,3.01425,2.96606,-1.03394,6.96606,2.96606,-33333.3,-33333.3,1.20078,95.4591,0.5,0,29.8054,22.9163,7.77765,20.8786,-7.32214,2,0.898518,0.898518,1,17.6796
3738,2023-03-28,00:00:00.00,1.47181,0,2.0095,0.466056,-2.03394,2.96606,0.466056,-33333.3,-33333.3,1.21168,95.407,0.5,0,30.0563,23.2528,7.89219,19.774,-7.41927,2,0.898518,0.898518,1,2.80208
3739,2023-03-29,00:00:00.00,1.48903,0,0,1.96606,-3.53394,7.46606,1.96606,-33333.3,-33333.3,1.20513,95.4383,0.5,0,30.306,23.3868,7.93821,20.431,-7.36343,2,0.898518,0.898518,1,11.9218
3740,2023-03-30,00:00:00.00,1.50624,0,7.03324,-0.0339442,-3.53394,3.46606,-0.0339442,-33333.3,-33333.3,1.21388,95.3965,0.5,0,30.5545,23.6933,8.04263,19.5581,-7.43696,2,0.847752,0.847752,1,-0.20754
3741,2023-03-31,00:00:00.00,1.52346,1.77636e-15,4.21994,-4.28394,-10.5339,1.96606,-4.28394,-33333.3,-33333.3,1.23278,95.3054,0.5,0,30.8016,24.0806,8.1744,17.7275,-7.62615,2,0,0,1,-26.4176
3742,2023-04-01,00:00:00.00,1.54067,6.42799,27.2311,-0.533944,-10.0339,8.96606,-0.533944,-33333.3,-33333.3,1.21609,95.3859,0.5,0,31.0473,24.1292,8.19151,19.3349,-7.46295,2,0.735437,0.735437,1,-3.31999
3743,2023-04-02,00:00:00.00,1.55789,0.20095,0,4.21606,-2.03394,10.4661,4.21606,-33333.3,-33333.3,1.19536,95.4848,0.5,0,31.2914,24.0827,8.17639,21.449,-7.26585,2,0.805767,0.805767,1,26.4309
3744,2023-04-03,00:00:00.00,1.5751,0,0,-1.28394,-6.53394,3.96606,-1.28394,-33333.3,-33333.3,1.21941,95.37,0.5,0,31.534,24.5713,8.34248,19.0042,-7.50003,2,0,0,1,-8.11461
3745,2023-04-04,00:00:00.00,1.59231,0.602849,0,1.46606,-6.03394,8.96606,1.46606,-33333.3,-33333.3,1.20731,95.4279,0.5,0,31.7749,24.6391,8.36606,20.2101,-7.38284,2,0,0,1,9.3402
3746,2023-04-05,00:00:00.00,1.60953,4.42089,0,6.46606,0.966056,11.9661,6.46606,-33333.3,-33333.3,1.18565,95.5304,0.5,0,32.0141,24.5395,8.33293,22.5069,-7.15106,2,2.33184,2.33184,1,41.5226
3747,2023-04-06,00:00:00.00,1.62674,9.04274,0,7.96606,0.966056,14.9661,7.96606,-33333.3,-33333.3,1.17921,95.5605,0.5,0,32.2515,24.6301,20.78,23.2349,-7.06463,2,2.71302,2.71302,1,51.5572
3748,2023-04-07,00:00:00.00,1.64396,0,0,7.46606,1.96606,12.9661,7.46606,-33333.3,-33333.3,1.18135,95.5505,0.5,0,32.487,24.8608,20.9497,22.9902,-7.09434,2,2.71302,2.71302,1,48.6966
3749,2023-04-08,00:00:00.00,1.66117,0,0,0.466056,-3.03394,3.96606,0.466056,-33333.3,-33333.3,1.21168,95.407,0.5,0,32.7205,25.4803,21.4307,19.774,-7.41927,2,0,0,1,3.06318
3750,2023-04-09,00:00:00.00,1.67839,0,0,0.216056,-6.53394,6.96606,0.216056,-33333.3,-33333.3,1.21278,95.4017,0.5,0,32.9521,25.6863,21.6041,19.6661,-7.42788,2,0,0,1,1.43083
3751,2023-04-10,00:00:00.00,1.6956,0,0,2.96606,-6.03394,11.9661,2.96606,-33333.3,-33333.3,1.20078,95.4591,0.5,0,33.1816,25.7286,21.6396,20.8786,-7.32214,2,0,0,1,19.7893
3752,2023-04-11,00:00:00.00,1.71281,0,0,6.96606,-3.53394,17.4661,6.96606,-33333.3,-33333.3,1.1835,95.5405,0.5,0,33.4089,25.6582,21.5805,22.7475,-7.12315,2,2.67097,2.67097,1,46.8206
3753,2023-04-12,00:00:00.00,1.73003,0,0,10.4661,0.966056,19.9661,10.4661,-33333.3,-33333.3,1.16851,95.6099,0.5,0,33.634,25.5695,21.4636,24.4895,-6.90229,2,2.71302,2.71302,1,70.8585
3754,2023-04-13,00:00:00.00,1.74724,0,0,15.4661,6.96606,23.9661,15.4661,-33333.3,-33333.3,1.14719,95.7062,0.5,0,33.8569,25.2691,21.169,27.1592,-6.50535,2,2.71302,2.71302,1,105.464
3755,2023-04-14,00:00:00.00,1.76446,0,0,18.2161,9.46606,26.9661,18.2161,-33333.3,-33333.3,1.13546,95.7578,0.5,0,34.0774,25.1296,21.0099,28.7225,-6.24356,2,2.71302,2.71302,1,125.1
3756,2023-04-15,00:00:00.00,1.78167,0,0,17.4661,7.96606,26.9661,17.4661,-33333.3,-33333.3,1.13866,95.7438,0.5,0,34.2956,25.3953,21.1894,28.2893,-6.31813,2,2.71302,2.71302,1,120.79
3757,2023-04-16,00:00:00.00,1.79888,0,0,17.4661,7.46606,27.4661,17.4661,-33333.3,-33333.3,1.13866,95.7438,0.5,0,34.5114,25.5685,21.2909,28.2893,-6.31813,2,2.71302,2.71302,1,121.625
3758,2023-04-17,00:00:00.00,1.8161,12.057,0,17.7161,9.46606,25.9661,17.7161,-33333.3,-33333.3,1.1376,95.7485,0.5,0,34.7247,25.7094,21.365,28.4331,-6.29354,2,2.71302,2.71302,1,124.207
3759,2023-04-18,00:00:00.00,1.83331,2.61235,0,4.21606,2.96606,5.46606,4.21606,-33333.3,-33333.3,1.19536,95.4848,0.5,0,34.9354,27.1081,22.5815,21.449,-7.26585,2,0.805767,0.805767,1,29.7573
3760,2023-04-19,00:00:00.00,1.85053,0.957624,0.047124,0.966056,-0.0339442,1.96606,0.966056,-33333.3,-33333.3,1.20949,95.4175,0.5,0,35.1436,27.4746,22.9176,19.9911,-7.40146,2,0,0,1,6.8637
3761,2023-04-20,00:00:00.00,1.86774,0.602849,0,2.71606,-2.03394,7.46606,2.71606,-33333.3,-33333.3,1.20186,95.4539,0.5,0,35.3491,27.5447,22.9932,20.766,-7.33277,2,0,0,1,19.423
3762,2023-04-21,00:00:00.00,1.88496,0,0,4.96606,-2.53394,12.4661,4.96606,-33333.3,-33333.3,1.19211,95.5001,0.5,0,35.552,27.5687,23.0235,21.7972,-7.22953,2,1.31446,1.31446,1,35.7413
3763,2023-04-22,00:00:00.00,1.90217,14.0665,0,10.9661,0.966056,20.9661,10.9661,-33333.3,-33333.3,1.16637,95.6197,0.5,0,35.7521,27.2577,22.7416,24.7467,-6.867,2,2.71302,2.71302,1,79.4231
3764,2023-04-23,00:00:00.00,1.91938,17.0807,0,7.21606,5.46606,8.96606,7.21606,-33333.3,-33333.3,1.18242,95.5455,0.5,0,35.9495,27.734,23.1751,22.8686,-7.10886,2,2.71302,2.71302,1,52.5887
3765,2023-04-24,00:00:00.00,1.9366,0.20095,0,4.21606,1.46606,6.96606,4.21606,-33333.3,-33333.3,1.19536,95.4848,0.5,0,36.1441,28.1083,23.5189,21.449,-7.26585,2,0.805767,0.805767,1,30.9138
3766,2023-04-25,00:00:00.00,1.95381,0,0,3.96606,0.966056,6.96606,3.96606,-33333.3,-33333.3,1.19644,95.4796,0.5,0,36.3358,28.2833,23.6547,21.334,-7.27753,2,0.636203,0.636203,1,29.2559
3767,2023-04-26,00:00:00.00,1.97103,0,0,3.71606,-1.53394,8.96606,3.71606,-33333.3,-33333.3,1.19752,95.4745,0.5,0,36.5247,28.4557,23.7877,21.2194,-7.28899,2,0.46664,0.46664,1,27.5743
3768,2023-04-27,00:00:00.00,1.98824,0,0,2.46606,-2.03394,6.96606,2.46606,-33333.3,-33333.3,1.20295,95.4487,0.5,0,36.7107,28.6884,23.974,20.6539,-7.34319,2,0,0,1,18.4056
3769,2023-04-28,00:00:00.00,2.00546,0,0,5.71606,-2.03394,13.4661,5.71606,-33333.3,-33333.3,1.18888,95.5153,0.5,0,36.8937,28.6225,23.9189,22.1498,-7.19128,2,1.82315,1.82315,1,42.9064
3770,2023-04-29,00:00:00.00,2.02267,7.03324,0,6.21606,-0.0339442,12.4661,6.21606,-33333.3,-33333.3,1.18672,95.5254,0.5,0,37.0737,28.7337,23.9794,22.3874,-7.16469,2,2.16228,2.16228,1,46.9221
3771,2023-04-30,00:00:00.00,2.03988,3.41614,0,7.46606,4.96606,9.96606,7.46606,-33333.3,-33333.3,1.18135,95.5505,0.5,0,37.2507,28.7824,24.0546,22.9902,-7.09434,2,2.71302,2.71302,1,56.6693
3772,2023-05-01,00:00:00.00,2.0571,7.23419,0,7.46606,4.96606,9.96606,7.46606,-33333.3,-33333.3,1.18135,95.5505,0.5,0,37.4247,28.9249,24.1863,22.9902,-7.09434,2,2.71302,2.71302,1,56.9768
3773,2023-05-02,00:00:00.00,2.07431,2.61235,0,5.21606,2.46606,7.96606,5.21606,-33333.3,-33333.3,1.19104,95.5051,0.5,0,37.5956,29.2357,24.463,21.9142,-7.217,2,0,0,1,40.0181
3774,2023-05-03,00:00:00.00,2.09153,2.0095,0,4.96606,-0.0339442,9.96606,4.96606,-33333.3,-33333.3,1.19211,95.5001,0.5,0,37.7634,29.3915,24.6407,21.7972,-7.22953,2,0,0,1,38.2991
3775,2023-05-04,00:00:00.00,2.10874,2.0095,0,5.96606,1.96606,9.96606,5.96606,-33333.3,-33333.3,1.1878,95.5203,0.5,0,37.928,29.4536,24.7293,22.2683,-7.17809,2,0,0,1,46.2471
3776,2023-05-05,00:00:00.00,2.12595,5.02374,0,6.21606,1.96606,10.4661,6.21606,-33333.3,-33333.3,1.18672,95.5254,0.5,0,38.0895,29.567,24.856,22.3874,-7.16469,2,0,0,1,48.427
3777,2023-05-06,00:00:00.00,2.14317,0,0,9.21606,3.46606,14.9661,9.21606,-33333.3,-33333.3,1.17385,95.5853,0.5,0,38.2479,29.4491,24.7838,23.8557,-6.98636,2,0,0,1,72.1523
3778,2023-05-07,00:00:00.00,2.16038,0,0,10.7161,2.96606,18.4661,10.7161,-33333.3,-33333.3,1.16744,95.6148,0.5,0,38.403,29.4367,24.7734,24.6178,-6.88476,2,0,0,1,84.3002
3779,2023-05-08,00:00:00.00,2.1776,12.057,0,10.4661,6.46606,14.4661,10.4661,-33333.3,-33333.3,1.16851,95.6099,0.5,0,38.5549,29.5836,24.8971,24.4895,-6.90229,2,0,0,1,82.7221
3780,2023-05-09,00:00:00.00,2.19481,0,0,11.7161,5.46606,17.9661,11.7161,-33333.3,-33333.3,1.16317,95.6343,0.5,0,38.7036,29.5814,24.9196,25.1366,-6.81228,2,0.74054,0.74054,1,93.0295
3781,2023-05-10,00:00:00.00,2.21203,0,0,10.7161,4.96606,16.4661,10.7161,-33333.3,-33333.3,1.16744,95.6148,0.5,0,38.849,29.7976,25.0881,24.6178,-6.88476,2,0,0,1,85.4735
3782,2023-05-11,00:00:00.00,2.22924,0,0,12.2161,3.96606,20.4661,12.2161,-33333.3,-33333.3,1.16104,95.644,0.5,0,38.9912,29.7618,25.058,25.3991,-6.77458,2,1.45397,1.45397,1,97.868
3783,2023-05-12,00:00:00.00,2.24645,0,0,16.4661,7.96606,24.9661,16.4661,-33333.3,-33333.3,1.14293,95.7251,0.5,0,39.13,29.3831,24.7127,27.7197,-6.41384,2,5.70744,5.70744,1,132.486
3784,2023-05-13,00:00:00.00,2.26367,0,0,18.9661,11.4661,26.4661,18.9661,-33333.3,-33333.3,1.13226,95.7717,0.5,0,39.2655,29.1543,24.4172,29.1609,-6.16655,2,5.70744,5.70744,1,153.243
3785,2023-05-14,00:00:00.00,2.28088,0,0,17.7161,12.9661,22.4661,17.7161,-33333.3,-33333.3,1.1376,95.7485,0.5,0,39.3977,29.4314,24.5452,28.4331,-6.29354,2,5.70744,5.70744,1,143.732
3786,2023-05-15,00:00:00.00,2.2981,0,0,13.7161,5.96606,21.4661,13.7161,-33333.3,-33333.3,1.15464,95.6729,0.5,0,39.5266,30.0285,24.937,26.1999,-6.6556,2,3.59426,3.59426,1,111.726
3787,2023-05-16,00:00:00.00,2.31531,0,0,13.7161,7.46606,19.9661,13.7161,-33333.3,-33333.3,1.15464,95.6729,0.5,0,39.6521,30.1288,24.9532,26.1999,-6.6556,2,3.59426,3.59426,1,112.162
3788,2023-05-17,00:00:00.00,2.33252,0,0,14.7161,7.96606,21.4661,14.7161,-33333.3,-33333.3,1.15038,95.692,0.5,0,39.7743,30.1101,24.8707,26.7448,-6.57127,2,5.02112,5.02112,1,120.798
3789,2023-05-18,00:00:00.00,2.34974,0,0,4.71606,-1.53394,10.9661,4.71606,-33333.3,-33333.3,1.19319,95.495,0.5,0,39.8931,31.153,25.6353,21.6806,-7.24185,2,0,0,1,38.8555
3790,2023-05-19,00:00:00.00,2.36695,0,0,7.71606,-0.533944,15.9661,7.71606,-33333.3,-33333.3,1.18028,95.5555,0.5,0,40.0084,31.0086,25.5165,23.1123,-7.0796,2,0,0,1,63.8015
3791,2023-05-20,00:00:00.00,2.38417,14.4684,0,13.2161,2.96606,23.4661,13.2161,-33333.3,-33333.3,1.15677,95.6633,0.5,0,40.1204,30.5587,25.1463,25.9308,-6.69625,2,2.88083,2.88083,1,109.662
3792,2023-05-21,00:00:00.00,2.40138,0.20095,0,10.9661,8.96606,12.9661,10.9661,-33333.3,-33333.3,1.16637,95.6197,0.5,0,40.229,30.8843,25.5421,24.7467,-6.867,2,0,0,1,91.3014
3793,2023-05-22,00:00:00.00,2.4186,0,0,14.4661,7.46606,21.4661,14.4661,-33333.3,-33333.3,1.15145,95.6872,0.5,0,40.3341,30.5846,25.2981,26.6077,-6.59273,2,4.6644,4.6644,1,120.839
3794,2023-05-23,00:00:00.00,2.43581,0,0,12.7161,7.46606,17.9661,12.7161,-33333.3,-33333.3,1.15891,95.6537,0.5,0,40.4359,30.8656,25.4414,25.6639,-6.73591,2,2.1674,2.1674,1,106.56
3795,2023-05-24,00:00:00.00,2.45302,0,0,14.9661,5.96606,23.9661,14.9661,-33333.3,-33333.3,1.14932,95.6967,0.5,0,40.5341,30.6829,25.2496,26.8824,-6.54955,2,5.37783,5.37783,1,125.803
3796,2023-05-25,00:00:00.00,2.47024,0,0,12.4661,10.4661,14.4661,12.4661,-33333.3,-33333.3,1.15997,95.6488,0.5,0,40.629,31.0469,25.4457,25.5313,-6.75537,2,1.81068,1.81068,1,105.102
3797,2023-05-26,00:00:00.00,2.48745,0,0,9.21606,0.966056,17.4661,9.21606,-33333.3,-33333.3,1.17385,95.5853,0.5,0,40.7204,31.4486,25.7397,23.8557,-6.98636,2,0,0,1,77.9257
3798,2023-05-27,00:00:00.00,2.50467,0,0,13.2161,4.96606,21.4661,13.2161,-33333.3,-33333.3,1.15677,95.6633,0.5,0,40.8083,31.1062,25.4595,25.9308,-6.69625,2,2.88083,2.88083,1,112.059
3799,2023-05-28,00:00:00.00,2.52188,0,0,15.7161,6.46606,24.9661,15.7161,-33333.3,-33333.3,1.14612,95.711,0.5,0,40.8928,30.8723,25.213,27.2985,-6.48287,2,5.70744,5.70744,1,133.615
3800,2023-05-29,00:00:00.00,2.5391,0,0,18.4661,9.96606,26.9661,18.4661,-33333.3,-33333.3,1.1344,95.7625,0.5,0,40.9738,30.5629,24.8533,28.8681,-6.21816,2,5.70744,5.70744,1,157.401
3801,2023-05-30,00:00:00.00,2.55631,0,0,19.7161,11.4661,27.9661,19.7161,-33333.3,-33333.3,1.12906,95.7856,0.5,0,41.0513,30.4379,24.6559,29.6046,-6.08708,2,5.70744,5.70744,1,168.473
3802,2023-05-31,00:00:00.00,2.57352,0,0,20.4661,11.4661,29.4661,20.4661,-33333.3,-33333.3,1.12585,95.7993,0.5,0,41.1254,30.3791,24.5223,30.0535,-6.00513,2,5.70744,5.70744,1,175.298
3803,2023-06-01,00:00:00.00,2.59074,0,0,20.9661,12.9661,28.9661,20.9661,-33333.3,-33333.3,1.1237,95.8085,0.5,0,41.196,30.354,24.4247,30.3558,-5.94909,2,5.70744,5.70744,1,179.991
3804,2023-06-02,00:00:00.00,2.60795,0,0,23.2161,15.9661,30.4661,23.2161,-33333.3,-33333.3,1.11403,95.8492,0.5,0,41.263,30.0262,24.0923,31.7458,-5.68286,2,7.62285,7.62285,1,199.741
3805,2023-06-03,00:00:00.00,2.62517,0,0,23.7161,16.9661,30.4661,23.7161,-33333.3,-33333.3,1.11188,95.8582,0.5,0,41.3266,29.9855,23.9773,32.0613,-5.62052,2,7.62285,7.62285,1,204.467
3806,2023-06-04,00:00:00.00,2.64238,0,0,20.4661,15.9661,24.9661,20.4661,-33333.3,-33333.3,1.12585,95.7993,0.5,0,41.3868,30.5806,24.3804,30.0535,-6.00513,2,7.62285,7.62285,1,176.796
3807,2023-06-05,00:00:00.00,2.65959,0,0,15.4661,7.96606,22.9661,15.4661,-33333.3,-33333.3,1.14719,95.7062,0.5,0,41.4434,31.3369,24.9189,27.1592,-6.50535,2,0,0,1,133.854
3808,2023-06-06,00:00:00.00,2.67681,0,0,16.9661,9.96606,23.9661,16.9661,-33333.3,-33333.3,1.1408,95.7345,0.5,0,41.4965,31.1806,24.7947,28.0034,-6.36652,2,1.78184,1.78184,1,147.097
3809,2023-06-07,00:00:00.00,2.69402,0,0,16.7161,12.4661,20.9661,16.7161,-33333.3,-33333.3,1.14186,95.7298,0.5,0,41.5461,31.2533,24.8395,27.8613,-6.39031,2,1.30541,1.30541,1,145.171
3810,2023-06-08,00:00:00.00,2.71124,0,0,14.9661,8.96606,20.9661,14.9661,-33333.3,-33333.3,1.14932,95.6967,0.5,0,41.5922,31.5168,25.0396,26.8824,-6.54955,2,0,0,1,130.178
3811,2023-06-09,00:00:00.00,2.72845,0.602849,0,12.9661,8.96606,16.9661,12.9661,-33333.3,-33333.3,1.15784,95.6585,0.5,0,41.6348,31.7892,25.2561,25.7971,-6.7162,2,0,0,1,112.947
3812,2023-06-10,00:00:00.00,2.74567,2.8133,0,15.7161,9.96606,21.4661,15.7161,-33333.3,-33333.3,1.14612,95.711,0.5,0,41.6739,31.4855,25.0265,27.2985,-6.48287,2,0,0,1,137.089
3813,2023-06-11,00:00:00.00,2.76288,0,0,16.7161,7.96606,25.4661,16.7161,-33333.3,-33333.3,1.14186,95.7298,0.5,0,41.7095,31.3809,24.9978,27.8613,-6.39031,2,1.30541,1.30541,1,145.997
3814,2023-06-12,00:00:00.00,2.78009,29.9415,0,17.4661,13.9661,20.9661,17.4661,-33333.3,-33333.3,1.13866,95.7438,0.5,0,41.7416,31.3025,24.9249,28.2893,-6.31813,2,2.7347,2.7347,1,152.725
3815,2023-06-13,00:00:00.00,2.79731,10.8513,0,14.9661,12.9661,16.9661,14.9661,-33333.3,-33333.3,1.14932,95.6967,0.5,0,41.7702,31.6566,25.7164,26.8824,-6.54955,2,0,0,1,131.004
3816,2023-06-14,00:00:00.00,2.81452,1.80855,0,13.4661,8.96606,17.9661,13.4661,-33333.3,-33333.3,1.15571,95.6681,0.5,0,41.7953,31.8582,26.0935,26.0651,-6.67605,2,0,0,1,117.987
3817,2023-06-15,00:00:00.00,2.83174,0.20095,0,14.7161,9.96606,19.4661,14.7161,-33333.3,-33333.3,1.15038,95.692,0.5,0,41.8169,31.7245,26.0194,26.7448,-6.57127,2,0,0,1,129.05
3818,2023-06-16,00:00:00.00,2.84895,3.51662,0,14.4661,8.46606,20.4661,14.4661,-33333.3,-33333.3,1.15145,95.6872,0.5,0,41.835,31.7696,26.0604,26.6077,-6.59273,2,0,0,1,126.954
3819,2023-06-17,00:00:00.00,2.86617,0,0,15.4661,10.9661,19.9661,15.4661,-33333.3,-33333.3,1.14719,95.7062,0.5,0,41.8496,31.6555,26.0355,27.1592,-6.50535,2,0,0,1,135.82
3820,2023-06-18,00:00:00.00,2.88338,0,0,17.2161,10.9661,23.4661,17.2161,-33333.3,-33333.3,1.13973,95.7392,0.5,0,41.8607,31.4303,25.8502,28.1461,-6.34246,2,2.25827,2.25827,1,151.272
3821,2023-06-19,00:00:00.00,2.90059,0,0,18.4661,10.9661,25.9661,18.4661,-33333.3,-33333.3,1.1344,95.7625,0.5,0,41.8683,31.2577,25.6646,28.8681,-6.21816,2,4.64041,4.64041,1,162.329
3822,2023-06-20,00:00:00.00,2.91781,0,0,18.2161,11.4661,24.9661,18.2161,-33333.3,-33333.3,1.13546,95.7578,0.5,0,41.8723,31.2974,25.6073,28.7225,-6.24356,2,4.16398,4.16398,1,160.189
3823,2023-06-21,00:00:00.00,2.93502,0,0,20.7161,14.9661,26.4661,20.7161,-33333.3,-33333.3,1.12478,95.8039,0.5,0,41.8729,30.9149,25.2146,30.2044,-5.97725,2,7.62285,7.62285,1,182.219
3824,2023-06-22,00:00:00.00,2.95224,0,0,20.2161,12.9661,27.4661,20.2161,-33333.3,-33333.3,1.12692,95.7948,0.5,0,41.87,30.9927,25.1376,29.9033,-6.03272,2,7.62285,7.62285,1,177.848
3825,2023-06-23,00:00:00.00,2.96945,0,0,19.2161,13.4661,24.9661,19.2161,-33333.3,-33333.3,1.13119,95.7763,0.5,0,41.8636,31.1427,25.1372,29.3082,-6.14033,2,6.0697,6.0697,1,169.059
3826,2023-06-24,00:00:00.00,2.98666,3.41614,0,19.4661,15.9661,22.9661,19.4661,-33333.3,-33333.3,1.13013,95.781,0.5,0,41.8537,31.0971,25.0164,29.4561,-6.11385,2,6.54612,6.54612,1,171.25
3827,2023-06-25,00:00:00.00,3.00388,1.40665,0,20.4661,17.9661,22.9661,20.4661,-33333.3,-33333.3,1.12585,95.7993,0.5,0,41.8404,30.9306,24.8644,30.0535,-6.00513,2,7.62285,7.62285,1,180.02
3828,2023-06-26,00:00:00.00,3.02109,6.22944,0,22.4661,17.4661,27.4661,22.4661,-33333.3,-33333.3,1.11726,95.8357,0.5,0,41.8235,30.5853,24.5217,31.277,-5.77419,2,7.62285,7.62285,1,197.562
3829,2023-06-27,00:00:00.00,3.03831,29.7406,0,20.2161,16.9661,23.4661,20.2161,-33333.3,-33333.3,1.12692,95.7948,0.5,0,41.8032,30.9422,24.8376,29.9033,-6.03272,2,7.62285,7.62285,1,177.713
3830,2023-06-28,00:00:00.00,3.05552,8.23894,0,19.7161,16.4661,22.9661,19.7161,-33333.3,-33333.3,1.12906,95.7856,0.5,0,41.7793,31.0022,25.2332,29.6046,-6.08708,2,7.02255,7.02255,1,173.239
3831,2023-06-29,00:00:00.00,3.07274,0,0,20.9661,11.9661,29.9661,20.9661,-33333.3,-33333.3,1.1237,95.8085,0.5,0,41.752,30.7832,25.0844,30.3558,-5.94909,2,7.62285,7.62285,1,184.12
3832,2023-06-30,00:00:00.00,3.08995,0.20095,0,21.4661,17.9661,24.9661,21.4661,-33333.3,-33333.3,1.12156,95.8176,0.5,0,41.7213,30.6778,24.8625,30.6605,-5.89193,2,7.62285,7.62285,1,188.387
3833,2023-07-01,00:00:00.00,3.10716,0,0,20.2161,12.9661,27.4661,20.2161,-33333.3,-33333.3,1.12692,95.7948,0.5,0,41.6871,30.8539,24.8906,29.9033,-6.03272,2,7.62285,7.62285,1,177.282
3834,2023-07-02,00:00:00.00,3.12438,0.20095,0,22.7161,17.4661,27.9661,22.7161,-33333.3,-33333.3,1.11619,95.8402,0.5,0,41.6494,30.4109,24.4319,31.4326,-5.74404,2,8.16235,8.16235,1,199.034
3835,2023-07-03,00:00:00.00,3.14159,1.40665,0,20.9661,18.9661,22.9661,20.9661,-33333.3,-33333.3,1.1237,95.8085,0.5,0,41.6082,30.6741,24.5521,30.3558,-5.94909,2,5.07086,5.07086,1,183.524
3836,2023-07-04,00:00:00.00,3.15881,0,0,22.4661,17.4661,27.4661,22.4661,-33333.3,-33333.3,1.11726,95.8357,0.5,0,41.5637,30.3896,24.2995,31.277,-5.77419,2,8.13174,8.13174,1,196.445
3837,2023-07-05,00:00:00.00,3.17602,0,0,23.4661,16.9661,29.9661,23.4661,-33333.3,-33333.3,1.11295,95.8537,0.5,0,41.5156,30.1779,24.0539,31.9032,-5.65183,2,8.16235,8.16235,1,204.951
3838,2023-07-06,00:00:00.00,3.19324,0,0,23.9661,17.9661,29.9661,23.9661,-33333.3,-33333.3,1.1108,95.8627,0.5,0,41.4641,30.049,23.8857,32.22,-5.5889,2,8.16235,8.16235,1,209.053
3839,2023-07-07,00:00:00.00,3.21045,24.5159,0,23.2161,17.9661,28.4661,23.2161,-33333.3,-33333.3,1.11403,95.8492,0.5,0,41.4092,30.1423,23.9037,31.7458,-5.68286,2,8.16235,8.16235,1,202.234
3840,2023-07-08,00:00:00.00,3.22766,0,0,19.2161,14.9661,23.4661,19.2161,-33333.3,-33333.3,1.13119,95.7763,0.5,0,41.3509,30.7503,24.764,29.3082,-6.14033,2,1.49983,1.49983,1,167.145
3841,2023-07-09,00:00:00.00,3.24488,4.42089,0,17.2161,11.4661,22.9661,17.2161,-33333.3,-33333.3,1.13973,95.7392,0.5,0,41.2892,30.9897,24.9376,28.1461,-6.34246,2,0,0,1,149.514
3842,2023-07-10,00:00:00.00,3.26209,0.20095,0,18.4661,13.4661,23.4661,18.4661,-33333.3,-33333.3,1.1344,95.7625,0.5,0,41.224,30.763,24.8391,28.8681,-6.21816,2,0,0,1,160.102
3843,2023-07-11,00:00:00.00,3.27931,0,0,18.7161,10.9661,26.4661,18.7161,-33333.3,-33333.3,1.13333,95.7671,0.5,0,41.1554,30.6738,24.7709,29.0142,-6.19249,2,0.479538,0.479538,1,161.982
3844,2023-07-12,00:00:00.00,3.29652,1.40665,0,20.9661,14.9661,26.9661,20.9661,-33333.3,-33333.3,1.1237,95.8085,0.5,0,41.0834,30.2739,24.4413,30.3558,-5.94909,2,5.07086,5.07086,1,181.115
3845,2023-07-13,00:00:00.00,3.31373,32.7548,0,17.9661,11.9661,23.9661,17.9661,-33333.3,-33333.3,1.13653,95.7532,0.5,0,41.0081,30.6675,24.7152,28.5775,-6.26868,2,0,0,1,154.894
3846,2023-07-14,00:00:00.00,3.33095,0,0,17.4661,13.9661,20.9661,17.4661,-33333.3,-33333.3,1.13866,95.7438,0.5,0,40.9293,30.676,25.1415,28.2893,-6.31813,2,0,0,1,150.271
3847,2023-07-15,00:00:00.00,3.34816,0,0,17.9661,10.9661,24.9661,17.9661,-33333.3,-33333.3,1.13653,95.7532,0.5,0,40.8472,30.5427,25.0322,28.5775,-6.26868,2,0,0,1,154.236
3848,2023-07-16,00:00:00.00,3.36538,11.6551,0,18.4661,13.9661,22.9661,18.4661,-33333.3,-33333.3,1.1344,95.7625,0.5,0,40.7617,30.4054,24.9197,28.8681,-6.21816,2,0,0,1,158.168
3849,2023-07-17,00:00:00.00,3.38259,0,0,20.9661,16.9661,24.9661,20.9661,-33333.3,-33333.3,1.1237,95.8085,0.5,0,40.6728,29.9593,24.7367,30.3558,-5.94909,2,5.07086,5.07086,1,179.154
3850,2023-07-18,00:00:00.00,3.39981,0,0,19.2161,13.9661,24.4661,19.2161,-33333.3,-33333.3,1.13119,95.7763,0.5,0,40.5806,30.1562,24.8045,29.3082,-6.14033,2,1.49983,1.49983,1,163.794
3851,2023-07-19,00:00:00.00,3.41702,0,0,18.9661,13.9661,23.9661,18.9661,-33333.3,-33333.3,1.13226,95.7717,0.5,0,40.4851,30.1188,24.7457,29.1609,-6.16655,2,0.989685,0.989685,1,161.246
3852,2023-07-20,00:00:00.00,3.43423,2.10997,0,17.9661,11.4661,24.4661,17.9661,-33333.3,-33333.3,1.13653,95.7532,0.5,0,40.3862,30.1842,24.781,28.5775,-6.26868,2,0,0,1,152.334
3853,2023-07-21,00:00:00.00,3.45145,8.84179,0,20.7161,13.9661,27.4661,20.7161,-33333.3,-33333.3,1.12478,95.8039,0.5,0,40.284,29.6995,24.4217,30.2044,-5.97725,2,4.56071,4.56071,1,175.163
3854,2023-07-22,00:00:00.00,3.46866,0,0,19.7161,15.4661,23.9661,19.7161,-33333.3,-33333.3,1.12906,95.7856,0.5,0,40.1785,29.7706,24.5592,29.6046,-6.08708,2,2.52013,2.52013,1,166.227
3855,2023-07-23,00:00:00.00,3.48588,0,0,19.7161,13.9661,25.4661,19.7161,-33333.3,-33333.3,1.12906,95.7856,0.5,0,40.0697,29.6862,24.4432,29.6046,-6.08708,2,2.52013,2.52013,1,165.731
3856,2023-07-24,00:00:00.00,3.50309,6.22944,0,19.9661,12.9661,26.9661,19.9661,-33333.3,-33333.3,1.12799,95.7902,0.5,0,39.9576,29.562,24.2947,29.7536,-6.06004,2,3.03027,3.03027,1,167.315
3857,2023-07-25,00:00:00.00,3.52031,0,0,20.9661,14.9661,26.9661,20.9661,-33333.3,-33333.3,1.1237,95.8085,0.5,0,39.8423,29.3196,24.1537,30.3558,-5.94909,2,5.07086,5.07086,1,175.135
3858,2023-07-26,00:00:00.00,3.53752,6.22944,0,21.4661,15.4661,27.4661,21.4661,-33333.3,-33333.3,1.12156,95.8176,0.5,0,39.7236,29.1492,23.9218,30.6605,-5.89193,2,6.09115,6.09115,1,178.722
3859,2023-07-27,00:00:00.00,3.55473,23.5111,0,22.4661,16.9661,27.9661,22.4661,-33333.3,-33333.3,1.11726,95.8357,0.5,0,39.6018,28.8934,23.7144,31.277,-5.77419,2,8.13174,8.13174,1,186.415
3860,2023-07-28,00:00:00.00,3.57195,0,0,23.4661,18.4661,28.4661,23.4661,-33333.3,-33333.3,1.11295,95.8537,0.5,0,39.4767,28.6294,23.585,31.9032,-5.65183,2,8.16235,8.16235,1,194.033
3861,2023-07-29,00:00:00.00,3.58916,1.80855,0,22.9661,16.9661,28.9661,22.9661,-33333.3,-33333.3,1.11511,95.8447,0.5,0,39.3484,28.6156,23.4289,31.5889,-5.71359,2,8.16235,8.16235,1,189.217
3862,2023-07-30,00:00:00.00,3.60638,16.4779,0,20.4661,18.9661,21.9661,20.4661,-33333.3,-33333.3,1.12585,95.7993,0.5,0,39.2168,28.9115,23.5574,30.0535,-6.00513,2,4.05057,4.05057,1,167.997
3863,2023-07-31,00:00:00.00,3.62359,0,0,17.9661,11.9661,23.9661,17.9661,-33333.3,-33333.3,1.13653,95.7532,0.5,0,39.0821,29.1636,23.9365,28.5775,-6.26868,2,0,0,1,146.917
3864,2023-08-01,00:00:00.00,3.6408,0,0,17.2161,11.9661,22.4661,17.2161,-33333.3,-33333.3,1.13973,95.7392,0.5,0,38.9442,29.1547,23.9291,28.1461,-6.34246,2,0,0,1,140.235
3865,2023-08-02,00:00:00.00,3.65802,0,0,17.2161,9.96606,24.4661,17.2161,-33333.3,-33333.3,1.13973,95.7392,0.5,0,38.8032,29.0435,23.8378,28.1461,-6.34246,2,0,0,1,139.675
3866,2023-08-03,00:00:00.00,3.67523,7.63609,0,18.4661,11.9661,24.9661,18.4661,-33333.3,-33333.3,1.1344,95.7625,0.5,0,38.659,28.763,23.6076,28.8681,-6.21816,2,1.26939,1.26939,1,149.203
3867,2023-08-04,00:00:00.00,3.69245,25.1187,0,20.4661,13.9661,26.9661,20.4661,-33333.3,-33333.3,1.12585,95.7993,0.5,0,38.5117,28.3622,23.3905,30.0535,-6.00513,2,4.75673,4.75673,1,164.67
3868,2023-08-05,00:00:00.00,3.70966,0,0,20.4661,15.9661,24.9661,20.4661,-33333.3,-33333.3,1.12585,95.7993,0.5,0,38.3614,28.2448,23.398,30.0535,-6.00513,2,4.75673,4.75673,1,163.962
3869,2023-08-06,00:00:00.00,3.72688,0,0,18.7161,13.9661,23.4661,18.7161,-33333.3,-33333.3,1.13333,95.7671,0.5,0,38.2079,28.3739,23.4213,29.0142,-6.19249,2,1.70531,1.70531,1,149.283
3870,2023-08-07,00:00:00.00,3.74409,12.057,0,18.4661,11.9661,24.9661,18.4661,-33333.3,-33333.3,1.1344,95.7625,0.5,0,38.0514,28.2846,23.3177,28.8681,-6.21816,2,1.26939,1.26939,1,146.627
3871,2023-08-08,00:00:00.00,3.7613,0.401899,0,18.2161,13.9661,22.4661,18.2161,-33333.3,-33333.3,1.13546,95.7578,0.5,0,37.8918,28.1922,23.3637,28.7225,-6.24356,2,0.833474,0.833474,1,143.977
3872,2023-08-09,00:00:00.00,3.77852,0,0,19.4661,14.9661,23.9661,19.4661,-33333.3,-33333.3,1.13013,95.781,0.5,0,37.7293,27.8932,23.1085,29.4561,-6.11385,2,3.01306,3.01306,1,153.134
3873,2023-08-10,00:00:00.00,3.79573,0,0,20.9661,13.9661,27.9661,20.9661,-33333.3,-33333.3,1.1237,95.8085,0.5,0,37.5637,27.5469,22.7702,30.3558,-5.94909,2,5.62856,5.62856,1,164.143
3874,2023-08-11,00:00:00.00,3.81295,4.21994,0,19.2161,14.4661,23.9661,19.2161,-33333.3,-33333.3,1.13119,95.7763,0.5,0,37.3952,27.6648,22.7711,29.3082,-6.14033,2,2.57714,2.57714,1,149.705
3875,2023-08-12,00:00:00.00,3.83016,0.20095,0,18.4661,12.9661,23.9661,18.4661,-33333.3,-33333.3,1.1344,95.7625,0.5,0,37.2238,27.6307,22.7711,28.8681,-6.21816,2,1.26939,1.26939,1,143.143
3876,2023-08-13,00:00:00.00,3.84738,0.20095,0,19.4661,12.9661,25.9661,19.4661,-33333.3,-33333.3,1.13013,95.781,0.5,0,37.0494,27.3576,22.5279,29.4561,-6.11385,2,3.01306,3.01306,1,150.126
3877,2023-08-14,00:00:00.00,3.86459,0,0,19.7161,13.4661,25.9661,19.7161,-33333.3,-33333.3,1.12906,95.7856,0.5,0,36.8722,27.1832,22.3369,29.6046,-6.08708,2,3.44898,3.44898,1,151.263
3878,2023-08-15,00:00:00.00,3.8818,1.6076,0,18.4661,12.9661,23.9661,18.4661,-33333.3,-33333.3,1.1344,95.7625,0.5,0,36.6921,27.2095,22.3004,28.8681,-6.21816,2,1.26939,1.26939,1,140.923
3879,2023-08-16,00:00:00.00,3.89902,0.401899,0,17.7161,13.9661,21.4661,17.7161,-33333.3,-33333.3,1.1376,95.7485,0.5,0,36.5092,27.1608,22.2662,28.4331,-6.29354,2,0,0,1,134.469
3880,2023-08-17,00:00:00.00,3.91623,0,0,19.9661,14.4661,25.4661,19.9661,-33333.3,-33333.3,1.12799,95.7902,0.5,0,36.3236,26.7156,21.9077,29.7536,-6.06004,2,3.8849,3.8849,1,150.714
3881,2023-08-18,00:00:00.00,3.93345,17.0807,0,19.2161,13.9661,24.4661,19.2161,-33333.3,-33333.3,1.13119,95.7763,0.5,0,36.1351,26.6687,21.8051,29.3082,-6.14033,2,2.57714,2.57714,1,144.241
3882,2023-08-19,00:00:00.00,3.95066,2.0095,0,13.9661,11.4661,16.4661,13.9661,-33333.3,-33333.3,1.15358,95.6777,0.5,0,35.944,27.142,22.3547,26.3353,-6.63489,2,0,0,1,104.236
3883,2023-08-20,00:00:00.00,3.96787,0,0,16.4661,9.96606,22.9661,16.4661,-33333.3,-33333.3,1.14293,95.7251,0.5,0,35.7502,26.7074,22.0299,27.7197,-6.41384,2,0,0,1,122.183
3884,2023-08-21,00:00:00.00,3.98509,0,0,19.4661,12.9661,25.9661,19.4661,-33333.3,-33333.3,1.13013,95.781,0.5,0,35.5538,26.1745,21.5903,29.4561,-6.11385,2,3.01306,3.01306,1,143.593
3885,2023-08-22,00:00:00.00,4.0023,0,0,19.9661,15.9661,23.9661,19.9661,-33333.3,-33333.3,1.12799,95.7902,0.5,0,35.3547,25.9495,21.3562,29.7536,-6.06004,2,3.8849,3.8849,1,146.399
3886,2023-08-23,00:00:00.00,4.01952,6.02849,0,17.4661,10.9661,23.9661,17.4661,-33333.3,-33333.3,1.13866,95.7438,0.5,0,35.1531,26.1101,21.4255,28.2893,-6.31813,2,0,0,1,127.288
3887,2023-08-24,00:00:00.00,4.03673,6.02849,0,13.9661,11.9661,15.9661,13.9661,-33333.3,-33333.3,1.15358,95.6777,0.5,0,34.949,26.3383,21.7107,26.3353,-6.63489,2,0,0,1,101.151
3888,2023-08-25,00:00:00.00,4.05395,21.0997,0,18.4661,11.9661,24.9661,18.4661,-33333.3,-33333.3,1.1344,95.7625,0.5,0,34.7424,25.6587,21.2461,28.8681,-6.21816,2,1.26939,1.26939,1,132.902
3889,2023-08-26,00:00:00.00,4.07116,0,0,18.9661,15.9661,21.9661,18.9661,-33333.3,-33333.3,1.13226,95.7717,0.5,0,34.5334,25.4288,21.1608,29.1609,-6.16655,2,2.14123,2.14123,1,135.629
3890,2023-08-27,00:00:00.00,4.08837,0,0,18.9661,13.9661,23.9661,18.9661,-33333.3,-33333.3,1.13226,95.7717,0.5,0,34.322,25.2604,20.9871,29.1609,-6.16655,2,2.14123,2.14123,1,134.75
3891,2023-08-28,00:00:00.00,4.10559,0,0,14.9661,8.46606,21.4661,14.9661,-33333.3,-33333.3,1.14932,95.6967,0.5,0,34.1082,25.5541,21.1971,26.8824,-6.54955,2,0,0,1,105.632
3892,2023-08-29,00:00:00.00,4.1228,0,0,16.7161,9.96606,23.4661,16.7161,-33333.3,-33333.3,1.14186,95.7298,0.5,0,33.8922,25.1875,20.893,27.8613,-6.39031,2,0,0,1,117.196
3893,2023-08-30,00:00:00.00,4.14002,4.82279,0,16.9661,10.4661,23.4661,16.9661,-33333.3,-33333.3,1.1408,95.7345,0.5,0,33.674,24.9835,20.7238,28.0034,-6.36652,2,0,0,1,118.143
3894,2023-08-31,00:00:00.00,4.15723,0,0,13.9661,11.9661,15.9661,13.9661,-33333.3,-33333.3,1.15358,95.6777,0.5,0,33.4535,25.127,20.9176,26.3353,-6.63489,2,0,0,1,96.585
3895,2023-09-01,00:00:00.00,4.17445,0,0,14.9661,7.46606,22.4661,14.9661,-33333.3,-33333.3,1.14932,95.6967,0.5,0,33.231,24.8449,20.6827,26.8824,-6.54955,2,0,0,1,102.78
3896,2023-09-02,00:00:00.00,4.19166,0,0,16.2161,8.96606,23.4661,16.2161,-33333.3,-33333.3,1.14399,95.7204,0.5,0,33.0063,24.5303,20.4208,27.5788,-6.43711,2,2.38907,2.38907,1,110.579
3897,2023-09-03,00:00:00.00,4.20887,0.20095,0,16.7161,10.4661,22.9661,16.7161,-33333.3,-33333.3,1.14186,95.7298,0.5,0,32.7797,24.2925,20.1869,27.8613,-6.39031,2,2.98485,2.98485,1,113.173
3898,2023-09-04,00:00:00.00,4.22609,0,0,20.4661,12.9661,27.9661,20.4661,-33333.3,-33333.3,1.12585,95.7993,0.5,0,32.5511,23.6586,19.6193,30.0535,-6.00513,2,4.76622,4.76622,1,137.557
3899,2023-09-05,00:00:00.00,4.2433,0,0,22.4661,14.9661,29.9661,22.4661,-33333.3,-33333.3,1.11726,95.8357,0.5,0,32.3206,23.2069,19.1761,31.277,-5.77419,2,4.76622,4.76622,1,149.892
3900,2023-09-06,00:00:00.00,4.26052,0,0,23.9661,17.4661,30.4661,23.9661,-33333.3,-33333.3,1.1108,95.8627,0.5,0,32.0883,22.8094,18.7801,32.22,-5.5889,2,4.76622,4.76622,1,158.711
3901,2023-09-07,00:00:00.00,4.27773,0.803799,0,23.9661,17.4661,30.4661,23.9661,-33333.3,-33333.3,1.1108,95.8627,0.5,0,31.8542,22.626,18.5623,32.22,-5.5889,2,4.76622,4.76622,1,157.516
3902,2023-09-08,00:00:00.00,4.29494,3.01425,0,21.7161,18.4661,24.9661,21.7161,-33333.3,-33333.3,1.12049,95.8221,0.5,0,31.6185,22.7546,18.6119,30.8137,-5.86293,2,4.76622,4.76622,1,141.641
3903,2023-09-09,00:00:00.00,4.31216,0,0,14.7161,11.9661,17.4661,14.7161,-33333.3,-33333.3,1.15038,95.692,0.5,0,31.381,23.3712,19.0907,26.7448,-6.57127,2,0.601736,0.601736,1,95.244
3904,2023-09-10,00:00:00.00,4.32937,0,0,15.4661,11.9661,18.9661,15.4661,-33333.3,-33333.3,1.14719,95.7062,0.5,0,31.1421,23.1027,18.8628,27.1592,-6.50535,2,1.4954,1.4954,1,99.3171
3905,2023-09-11,00:00:00.00,4.34659,0,0,17.2161,12.9661,21.4661,17.2161,-33333.3,-33333.3,1.13973,95.7392,0.5,0,30.9016,22.7251,18.5337,28.1461,-6.34246,2,3.58063,3.58063,1,109.683
3906,2023-09-12,00:00:00.00,4.3638,13.4636,0,17.9661,12.9661,22.9661,17.9661,-33333.3,-33333.3,1.13653,95.7532,0.5,0,30.6597,22.448,18.2598,28.5775,-6.26868,2,4.47429,4.47429,1,113.547
3907,2023-09-13,00:00:00.00,4.38102,2.4114,0,17.2161,14.4661,19.9661,17.2161,-33333.3,-33333.3,1.13973,95.7392,0.5,0,30.4165,22.3343,18.2934,28.1461,-6.34246,2,3.58063,3.58063,1,107.929
3908,2023-09-14,00:00:00.00,4.39823,0,0,13.4661,10.4661,16.4661,13.4661,-33333.3,-33333.3,1.15571,95.6681,0.5,0,30.172,22.5057,18.4174,26.0651,-6.67605,2,0,0,1,83.7312
3909,2023-09-15,00:00:00.00,4.41544,0,0,12.7161,6.96606,18.4661,12.7161,-33333.3,-33333.3,1.15891,95.6537,0.5,0,29.9263,22.3715,18.3075,25.6639,-6.73591,2,0,0,1,78.4157
3910,2023-09-16,00:00:00.00,4.43266,0,0,13.2161,5.96606,20.4661,13.2161,-33333.3,-33333.3,1.15677,95.6633,0.5,0,29.6794,22.1264,18.1069,25.9308,-6.69625,2,0,0,1,80.82
3911,2023-09-17,00:00:00.00,4.44987,0,0,13.4661,6.96606,19.9661,13.4661,-33333.3,-33333.3,1.15571,95.6681,0.5,0,29.4315,21.9022,17.9234,26.0651,-6.67605,2,0,0,1,81.6556
3912,2023-09-18,00:00:00.00,4.46709,0,0,14.9661,9.96606,19.9661,14.9661,-33333.3,-33333.3,1.14932,95.6967,0.5,0,29.1827,21.5628,17.6456,26.8824,-6.54955,2,0.899625,0.899625,1,89.9797
3913,2023-09-19,00:00:00.00,4.4843,0.20095,0,14.2161,9.96606,18.4661,14.2161,-33333.3,-33333.3,1.15251,95.6825,0.5,0,28.9329,21.4291,17.5241,26.4712,-6.61394,2,0.00595778,0.00595778,1,84.7366
3914,2023-09-20,00:00:00.00,4.50151,0,0,12.9661,7.46606,18.4661,12.9661,-33333.3,-33333.3,1.15784,95.6585,0.5,0,28.6824,21.3344,17.4493,25.7971,-6.7162,2,0,0,1,76.6158
3915,2023-09-21,00:00:00.00,4.51873,0,0,12.9661,4.96606,20.9661,12.9661,-33333.3,-33333.3,1.15784,95.6585,0.5,0,28.4311,21.1293,17.2814,25.7971,-6.7162,2,0,0,1,75.9453
3916,2023-09-22,00:00:00.00,4.53594,0,0,14.2161,5.46606,22.9661,14.2161,-33333.3,-33333.3,1.15251,95.6825,0.5,0,28.1792,20.8159,17.0251,26.4712,-6.61394,2,0.00595778,0.00595778,1,82.5315
3917,2023-09-23,00:00:00.00,4.55316,0,0,16.9661,11.9661,21.9661,16.9661,-33333.3,-33333.3,1.1408,95.7345,0.5,0,27.9268,20.3528,16.6463,28.0034,-6.36652,2,3.28274,3.28274,1,97.619
3918,2023-09-24,00:00:00.00,4.57037,0,0,15.2161,8.96606,21.4661,15.2161,-33333.3,-33333.3,1.14825,95.7015,0.5,0,27.6738,20.3152,16.5741,27.0205,-6.52758,2,1.19751,1.19751,1,86.7629
3919,2023-09-25,00:00:00.00,4.58759,0,0,16.2161,9.96606,22.4661,16.2161,-33333.3,-33333.3,1.14399,95.7204,0.5,0,27.4205,20.0169,16.3162,27.5788,-6.43711,2,2.38907,2.38907,1,91.6267
3920,2023-09-26,00:00:00.00,4.6048,0,0,16.7161,11.4661,21.9661,16.7161,-33333.3,-33333.3,1.14186,95.7298,0.5,0,27.1669,19.7642,16.0824,27.8613,-6.39031,2,2.98485,2.98485,1,93.5885
3921,2023-09-27,00:00:00.00,4.62201,0,0,15.2161,10.9661,19.4661,15.2161,-33333.3,-33333.3,1.14825,95.7015,0.5,0,26.9131,19.6983,15.9956,27.0205,-6.52758,2,1.19751,1.19751,1,84.4054
3922,2023-09-28,00:00:00.00,4.63923,0,0,15.4661,10.9661,19.9661,15.4661,-33333.3,-33333.3,1.14719,95.7062,0.5,0,26.6592,19.47,15.7977,27.1592,-6.50535,2,1.4954,1.4954,1,84.9953
3923,2023-09-29,00:00:00.00,4.65644,0,0,13.9661,9.96606,17.9661,13.9661,-33333.3,-33333.3,1.15358,95.6777,0.5,0,26.4052,19.3939,15.7207,26.3353,-6.63489,2,0,0,1,76.0336
3924,2023-09-30,00:00:00.00,4.67366,0,0,14.9661,9.96606,19.9661,14.9661,-33333.3,-33333.3,1.14932,95.6967,0.5,0,26.1514,19.1024,15.4844,26.8824,-6.54955,2,0.899625,0.899625,1,80.7096
3925,2023-10-01,00:00:00.00,4.69087,0,0,17.2161,9.96606,24.4661,17.2161,-33333.3,-33333.3,1.13973,95.7392,0.5,0,25.8976,18.693,15.1439,28.1461,-6.34246,2,3.58063,3.58063,1,91.9618
3926,2023-10-02,00:00:00.00,4.70809,0,0,17.4661,10.9661,23.9661,17.4661,-33333.3,-33333.3,1.13866,95.7438,0.5,0,25.6441,18.4652,14.9262,28.2893,-6.31813,2,2.35594,2.35594,1,92.4051
3927,2023-10-03,00:00:00.00,4.7253,0,0,19.2161,11.9661,26.4661,19.2161,-33333.3,-33333.3,1.13119,95.7763,0.5,0,25.391,18.0899,14.6029,29.3082,-6.14033,2,2.35594,2.35594,1,100.685
3928,2023-10-04,00:00:00.00,4.74251,0,0,20.9661,13.9661,27.9661,20.9661,-33333.3,-33333.3,1.1237,95.8085,0.5,0,25.1383,17.7051,14.2735,30.3558,-5.94909,2,2.35594,2.35594,1,108.79
3929,2023-10-05,00:00:00.00,4.75973,0,0,20.7161,13.4661,27.9661,20.7161,-33333.3,-33333.3,1.12478,95.8039,0.5,0,24.8861,17.5318,14.1159,30.2044,-5.97725,2,2.35594,2.35594,1,106.445
3930,2023-10-06,00:00:00.00,4.77694,25.1187,0,17.9661,12.9661,22.9661,17.9661,-33333.3,-33333.3,1.13653,95.7532,0.5,0,24.6345,17.6067,14.1589,28.5775,-6.26868,2,2.35594,2.35594,1,91.4091
3931,2023-10-07,00:00:00.00,4.79416,0.602849,0,16.4661,13.9661,18.9661,16.4661,-33333.3,-33333.3,1.14293,95.7251,0.5,0,24.3836,17.5416,14.3138,27.7197,-6.41384,2,2.35594,2.35594,1,82.951
3932,2023-10-08,00:00:00.00,4.81137,2.0095,0,9.46606,5.96606,12.9661,9.46606,-33333.3,-33333.3,1.17278,95.5902,0.5,0,24.1335,17.8649,14.5587,23.9814,-6.97001,2,1.21508,1.21508,1,47.2142
3933,2023-10-09,00:00:00.00,4.82858,2.8133,0,6.46606,4.96606,7.96606,6.46606,-33333.3,-33333.3,1.18565,95.5304,0.5,0,23.8843,17.8365,14.5449,22.5069,-7.15106,2,0,0,1,31.9295
3934,2023-10-10,00:00:00.00,4.8458,1.40665,0,5.96606,4.46606,7.46606,5.96606,-33333.3,-33333.3,1.1878,95.5203,0.5,0,23.6361,17.658,14.4301,22.2683,-7.17809,2,0,0,1,29.1654
3935,2023-10-11,00:00:00.00,4.86301,2.21045,0,7.21606,4.46606,9.96606,7.21606,-33333.3,-33333.3,1.18242,95.5455,0.5,0,23.389,17.3858,14.2227,22.8686,-7.10886,2,0,0,1,34.921
3936,2023-10-12,00:00:00.00,4.88023,0,0,7.96606,4.46606,11.4661,7.96606,-33333.3,-33333.3,1.17921,95.5605,0.5,0,23.1431,17.1405,14.0455,23.2349,-7.06463,2,0.331599,0.331599,1,38.1608
3937,2023-10-13,00:00:00.00,4.89744,0,0,8.96606,3.46606,14.4661,8.96606,-33333.3,-33333.3,1.17492,95.5804,0.5,0,22.8984,16.8806,13.8289,23.7305,-7.00247,2,0.920585,0.920585,1,42.5153
3938,2023-10-14,00:00:00.00,4.91466,0.803799,0,7.46606,2.46606,12.4661,7.46606,-33333.3,-33333.3,1.18135,95.5505,0.5,0,22.655,16.7665,13.7259,22.9902,-7.09434,2,0.0371061,0.0371061,1,35.0419
3939,2023-10-15,00:00:00.00,4.93187,0.20095,0,7.71606,2.96606,12.4661,7.71606,-33333.3,-33333.3,1.18028,95.5555,0.5,0,22.4131,16.5534,13.5592,23.1123,-7.0796,2,0.184353,0.184353,1,35.8451
3940,2023-10-16,00:00:00.00,4.94908,0.602849,0,7.21606,5.46606,8.96606,7.21606,-33333.3,-33333.3,1.18242,95.5455,0.5,0,22.1728,16.3827,13.4195,22.8686,-7.10886,2,0,0,1,33.1785
3941,2023-10-17,00:00:00.00,4.9663,0,0,7.71606,5.46606,9.96606,7.71606,-33333.3,-33333.3,1.18028,95.5555,0.5,0,21.934,16.1589,13.2423,23.1123,-7.0796,2,0.184353,0.184353,1,35.1126
3942,2023-10-18,00:00:00.00,4.98351,0,0,10.4661,5.96606,14.9661,10.4661,-33333.3,-33333.3,1.16851,95.6099,0.5,0,21.697,15.8045,12.95,24.4895,-6.90229,2,1.80406,1.80406,1,47.1356
3943,2023-10-19,00:00:00.00,5.00073,0,0,9.96606,5.96606,13.9661,9.96606,-33333.3,-33333.3,1.17064,95.6001,0.5,0,21.4618,15.6425,12.7997,24.2344,-6.93662,2,1.50957,1.50957,1,44.4199
3944,2023-10-20,00:00:00.00,5.01794,21.0997,0,9.96606,4.96606,14.9661,9.96606,-33333.3,-33333.3,1.17064,95.6001,0.5,0,21.2284,15.4516,12.629,24.2344,-6.93662,2,1.50957,1.50957,1,43.9601
3945,2023-10-21,00:00:00.00,5.03516,7.03324,0,9.21606,4.96606,13.4661,9.21606,-33333.3,-33333.3,1.17385,95.5853,0.5,0,20.9971,15.3058,12.6187,23.8557,-6.98636,2,1.06783,1.06783,1,40.2303
3946,2023-10-22,00:00:00.00,5.05237,0.602849,0,8.21606,6.96606,9.46606,8.21606,-33333.3,-33333.3,1.17813,95.5655,0.5,0,20.7678,15.1732,12.5655,23.358,-7.04943,2,0.478845,0.478845,1,35.4928
3947,2023-10-23,00:00:00.00,5.06958,0,0,5.71606,2.96606,8.46606,5.71606,-33333.3,-33333.3,1.18888,95.5153,0.5,0,20.5406,15.1127,12.5166,22.1498,-7.19128,2,0,0,1,24.4365
3948,2023-10-24,00:00:00.00,5.0868,0,0,5.21606,-2.03394,12.4661,5.21606,-33333.3,-33333.3,1.19104,95.5051,0.5,0,20.3157,14.9505,12.3821,21.9142,-7.217,2,0,0,1,22.0672
3949,2023-10-25,00:00:00.00,5.10401,0.803799,0,8.96606,-1.03394,18.9661,8.96606,-33333.3,-33333.3,1.17492,95.5804,0.5,0,20.0931,14.5795,12.0749,23.7305,-7.00247,2,0.920585,0.920585,1,37.5379
3950,2023-10-26,00:00:00.00,5.12123,2.21045,0,12.7161,6.96606,18.4661,12.7161,-33333.3,-33333.3,1.15891,95.6537,0.5,0,19.8728,14.178,11.7413,25.6639,-6.73591,2,2.35594,2.35594,1,52.6849
3951,2023-10-27,00:00:00.00,5.13844,4.82279,0,15.2161,12.9661,17.4661,15.2161,-33333.3,-33333.3,1.14825,95.7015,0.5,0,19.6551,13.8334,11.4548,27.0205,-6.52758,2,2.35594,2.35594,1,62.3886
3952,2023-10-28,00:00:00.00,5.15565,1.2057,0,17.4661,13.9661,20.9661,17.4661,-33333.3,-33333.3,1.13866,95.7438,0.5,0,19.4399,13.4946,11.1949,28.2893,-6.31813,2,2.35594,2.35594,1,70.8718
3953,2023-10-29,00:00:00.00,5.17287,0.20095,0,8.96606,7.96606,9.96606,8.96606,-33333.3,-33333.3,1.17492,95.5804,0.5,0,19.2273,13.8715,11.4976,23.7305,-7.00247,2,0.920585,0.920585,1,36.005
3954,2023-10-30,00:00:00.00,5.19008,3.81804,0,4.21606,2.46606,5.96606,4.21606,-33333.3,-33333.3,1.19536,95.4848,0.5,0,19.0174,13.923,11.5339,21.449,-7.26585,2,0,0,1,16.7557
3955,2023-10-31,00:00:00.00,5.2073,0.602849,0,2.96606,0.966056,4.96606,2.96606,-33333.3,-33333.3,1.20078,95.4591,0.5,0,18.8103,13.8025,11.4667,20.8786,-7.32214,2,0,0,1,11.6665
3956,2023-11-01,00:00:00.00,5.22451,0,0,1.46606,-1.03394,3.96606,1.46606,-33333.3,-33333.3,1.20731,95.4279,0.5,0,18.6061,13.6896,11.378,20.2101,-7.38284,2,0,0,1,5.70732
3957,2023-11-02,00:00:00.00,5.24173,0,0,0.716056,-3.03394,4.46606,0.716056,-33333.3,-33333.3,1.21059,95.4122,0.5,0,18.4047,13.5491,11.2612,19.8823,-7.41046,2,0.146876,0.146876,1,2.7591
3958,2023-11-03,00:00:00.00,5.25894,0,0,1.96606,-3.03394,6.96606,1.96606,-33333.3,-33333.3,1.20513,95.4383,0.5,0,18.2064,13.3408,11.0869,20.431,-7.36343,2,0.404011,0.404011,1,7.49842
3959,2023-11-04,00:00:00.00,5.27615,2.0095,0,6.71606,-0.0339442,13.4661,6.71606,-33333.3,-33333.3,1.18457,95.5355,0.5,0,18.0111,12.9869,10.7894,22.627,-7.13722,2,0.822833,0.822833,1,25.3551
3960,2023-11-05,00:00:00.00,5.29337,0,0,5.71606,1.96606,9.46606,5.71606,-33333.3,-33333.3,1.18888,95.5153,0.5,0,17.819,12.8735,10.7047,22.1498,-7.19128,2,0.822833,0.822833,1,21.3623
3961,2023-11-06,00:00:00.00,5.31058,0,0,3.46606,-1.53394,8.46606,3.46606,-33333.3,-33333.3,1.19861,95.4694,0.5,0,17.6301,12.8094,10.6448,21.1053,-7.30025,2,0.712574,0.712574,1,12.8238
3962,2023-11-07,00:00:00.00,5.3278,8.43989,0,6.46606,0.466056,12.4661,6.46606,-33333.3,-33333.3,1.18565,95.5304,0.5,0,17.4444,12.534,10.4104,22.5069,-7.15106,2,0.822833,0.822833,1,23.6851
3963,2023-11-08,00:00:00.00,5.34501,0,0,5.71606,4.96606,6.46606,5.71606,-33333.3,-33333.3,1.18888,95.5153,0.5,0,17.262,12.4168,10.3479,22.1498,-7.19128,2,0.822833,0.822833,1,20.7311
3964,2023-11-09,00:00:00.00,5.36223,1.42109e-14,26.3244,-1.03394,-5.53394,3.46606,-1.03394,-33333.3,-33333.3,1.2183,95.3753,0.5,0,17.083,12.5098,10.4189,19.1139,-7.48792,2,0,0,1,-3.71314
3965,2023-11-10,00:00:00.00,5.37944,0,0,2.21606,-4.53394,8.96606,2.21606,-33333.3,-33333.3,1.20404,95.4435,0.5,0,16.9075,12.2597,4.14538,20.5422,-7.35341,2,0.455438,0.455438,1,7.88115
3966,2023-11-11,00:00:00.00,5.39665,0,0,4.46606,-0.533944,9.46606,4.46606,-33333.3,-33333.3,1.19428,95.4899,0.5,0,16.7355,12.0355,4.0695,21.5646,-7.25396,2,0.822833,0.822833,1,15.7301
3967,2023-11-12,00:00:00.00,5.41387,0,0,0.966056,-1.03394,2.96606,0.966056,-33333.3,-33333.3,1.20949,95.4175,0.5,0,16.567,12.0209,8.63065,19.9911,-7.40146,2,0.198303,0.198303,1,3.3702
3968,2023-11-13,00:00:00.00,5.43108,0,0,1.96606,-2.03394,5.96606,1.96606,-33333.3,-33333.3,1.20513,95.4383,0.5,0,16.4021,11.8519,9.92665,20.431,-7.36343,2,0.404011,0.404011,1,6.79416
3969,2023-11-14,00:00:00.00,5.4483,0,0,4.96606,-2.03394,11.9661,4.96606,-33333.3,-33333.3,1.19211,95.5001,0.5,0,16.2408,11.6108,9.72345,21.7972,-7.22953,2,0.822833,0.822833,1,17.0015
3970,2023-11-15,00:00:00.00,5.46551,0,0,4.46606,0.966056,7.96606,4.46606,-33333.3,-33333.3,1.19428,95.4899,0.5,0,16.0833,11.501,9.62559,21.5646,-7.25396,2,0.822833,0.822833,1,15.1492
3971,2023-11-16,00:00:00.00,5.48272,0,0,5.96606,-1.03394,12.9661,5.96606,-33333.3,-33333.3,1.1878,95.5203,0.5,0,15.9296,11.317,9.46579,22.2683,-7.17809,2,0.822833,0.822833,1,20.0537
3972,2023-11-17,00:00:00.00,5.49994,0.20095,0,6.21606,-1.53394,13.9661,6.21606,-33333.3,-33333.3,1.18672,95.5254,0.5,0,15.7796,11.1846,9.34933,22.3874,-7.16469,2,0.822833,0.822833,1,20.7073
3973,2023-11-18,00:00:00.00,5.51715,1.80855,0,5.46606,-1.03394,11.9661,5.46606,-33333.3,-33333.3,1.18996,95.5102,0.5,0,15.6335,11.0951,9.27016,22.0318,-7.20425,2,0.822833,0.822833,1,18.0486
3974,2023-11-19,00:00:00.00,5.53437,0,0,-0.0339442,-5.03394,4.96606,-0.0339442,-33333.3,-33333.3,1.21388,95.3965,0.5,0,15.4913,11.1646,9.33506,19.5581,-7.43696,2,0,0,1,-0.111091
3975,2023-11-20,00:00:00.00,5.55158,0,0,0.216056,-4.53394,4.96606,0.216056,-33333.3,-33333.3,1.21278,95.4017,0.5,0,15.353,11.0433,9.23362,19.6661,-7.42788,2,0.0440216,0.0440216,1,0.701235
3976,2023-11-21,00:00:00.00,5.5688,0,0,-3.78394,-8.03394,0.466056,-3.78394,-33333.3,-33333.3,1.23054,95.3163,0.5,0,15.2187,11.0392,9.22984,17.9352,-7.60754,2,0,0,1,-12.1784
3977,2023-11-22,00:00:00.00,5.58601,-1.77636e-15,12.2579,-1.53394,-7.53394,4.46606,-1.53394,-33333.3,-33333.3,1.22052,95.3646,0.5,0,15.0884,10.8744,9.09208,18.895,-7.51189,2,0,0,1,-4.89653
3978,2023-11-23,00:00:00.00,5.60322,0,0,1.46606,-1.03394,3.96606,1.46606,-33333.3,-33333.3,1.20731,95.4279,0.5,0,14.9621,10.6841,3.60958,20.2101,-7.38284,2,0.301157,0.301157,1,4.64241
3979,2023-11-24,00:00:00.00,5.62044,0,0,1.71606,-1.03394,4.46606,1.71606,-33333.3,-33333.3,1.20622,95.4331,0.5,0,14.84,10.5761,3.57292,20.3203,-7.37324,2,0.352584,0.352584,1,5.39156
3980,2023-11-25,00:00:00.00,5.63765,0,0,-2.53394,-4.53394,-0.533944,-2.53394,-33333.3,-33333.3,1.22496,95.3432,0.5,0,14.7219,10.5978,3.57973,18.4633,-7.55683,2,0,0,1,-7.90041
3981,2023-11-26,00:00:00.00,5.65487,0,0,-1.78394,-5.03394,1.46606,-1.78394,-33333.3,-33333.3,1.22163,95.3593,0.5,0,14.608,10.4848,3.54141,18.7863,-7.52349,2,0,0,1,-5.52067
3982,2023-11-27,00:00:00.00,5.67208,1.48345,8.06166,-0.283944,-4.53394,3.96606,-0.283944,-33333.3,-33333.3,1.21498,95.3912,0.5,0,14.4983,10.3543,3.49726,19.4462,-7.45008,2,0,0,1,-0.872332
3983,2023-11-28,00:00:00.00,5.6893,8.88178e-16,5.02374,-1.53394,-3.53394,0.466056,-1.53394,-33333.3,-33333.3,1.22052,95.3646,0.5,0,14.3928,10.301,3.47899,18.895,-7.51189,2,0,0,1,-4.67956
3984,2023-11-29,00:00:00.00,5.70651,8.88178e-16,5.02374,-5.03394,-8.53394,-1.53394,-5.03394,-33333.3,-33333.3,1.23614,95.2891,0.5,0,14.2916,10.3003,3.47836,17.4196,-7.6523,2,0,0,1,-15.2524
3985,2023-11-30,00:00:00.00,5.72372,0,1.00475,-5.78394,-10.5339,-1.03394,-5.78394,-33333.3,-33333.3,1.23952,95.2726,0.5,0,14.1946,10.2359,3.45639,17.1162,-7.67638,2,0,0,1,-17.4094
3986,2023-12-01,00:00:00.00,5.74094,0,0,-0.533944,-8.03394,6.96606,-0.533944,-33333.3,-33333.3,1.21609,95.3859,0.5,0,14.1019,10.0353,3.38883,19.3349,-7.46295,2,0,0,1,-1.59692
3987,2023-12-02,00:00:00.00,5.75815,-2.22045e-15,3.01425,2.46606,1.96606,2.96606,2.46606,-33333.3,-33333.3,1.20295,95.4487,0.5,0,14.0135,9.87616,3.3352,20.6539,-7.34319,2,0.322147,0.322147,1,7.33046
3988,2023-12-03,00:00:00.00,5.77537,2.0095,0,1.21606,-0.0339442,2.46606,1.21606,-33333.3,-33333.3,1.2084,95.4227,0.5,0,13.9295,9.84493,3.3244,20.1004,-7.39225,2,0.322147,0.322147,1,3.59356
3989,2023-12-04,00:00:00.00,5.79258,0.9105,1.60137,-0.0339442,-0.533944,0.466056,-0.0339442,-33333.3,-33333.3,1.21388,95.3965,0.5,0,13.8498,9.81474,3.31398,19.5581,-7.43696,2,0.322147,0.322147,1,-0.0997248
3990,2023-12-05,00:00:00.00,5.80979,0,0,-0.283944,-2.03394,1.46606,-0.283944,-33333.3,-33333.3,1.21498,95.3912,0.5,0,13.7745,9.75968,3.29524,19.4462,-7.45008,2,0.322147,0.322147,1,-0.82986
3991,2023-12-06,00:00:00.00,5.82701,0,0,-1.03394,-2.03394,-0.0339442,-1.03394,-33333.3,-33333.3,1.2183,95.3753,0.5,0,13.7036,9.72111,3.28204,19.1139,-7.48792,2,0.26859,0.26859,1,-3.00644
3992,2023-12-07,00:00:00.00,5.84422,8.88178e-16,5.02374,-2.28394,-4.53394,-0.0339442,-2.28394,-33333.3,-33333.3,1.22385,95.3486,0.5,0,13.6371,9.69749,3.27387,18.5705,-7.54597,2,0.167919,0.167919,1,-6.60901
3993,2023-12-08,00:00:00.00,5.86144,0,0,-1.78394,-5.03394,1.46606,-1.78394,-33333.3,-33333.3,1.22163,95.3593,0.5,0,13.5751,9.63426,3.25245,18.7863,-7.52349,2,0.208188,0.208188,1,-5.1386
3994,2023-12-09,00:00:00.00,5.87865,0,0,4.21606,-0.533944,8.96606,4.21606,-33333.3,-33333.3,1.19536,95.4848,0.5,0,13.5175,9.41568,3.17906,21.449,-7.26585,2,0.322147,0.322147,1,12.0922
3995,2023-12-10,00:00:00.00,5.89587,6.02849,0,6.21606,1.46606,10.9661,6.21606,-33333.3,-33333.3,1.18672,95.5254,0.5,0,13.4644,9.30364,3.14135,22.3874,-7.16469,2,0.322147,0.322147,1,17.7571
3996,2023-12-11,00:00:00.00,5.91308,0,0,2.46606,1.96606,2.96606,2.46606,-33333.3,-33333.3,1.20295,95.4487,0.5,0,13.4157,9.3877,7.91692,20.6539,-7.34319,2,0.322147,0.322147,1,7.01852
3997,2023-12-12,00:00:00.00,5.93029,0,0,-1.03394,-2.03394,-0.0339442,-1.03394,-33333.3,-33333.3,1.2183,95.3753,0.5,0,13.3715,9.4481,7.96658,19.1139,-7.48792,2,0.26859,0.26859,1,-2.93256
3998,2023-12-13,00:00:00.00,5.94751,0,0,-0.0339442,-3.03394,2.96606,-0.0339442,-33333.3,-33333.3,1.21388,95.3965,0.5,0,13.3319,9.38961,7.91568,19.5581,-7.43696,2,0.322147,0.322147,1,-0.0959573
3999,2023-12-14,00:00:00.00,5.96472,0,0,-1.28394,-3.53394,0.966056,-1.28394,-33333.3,-33333.3,1.21941,95.37,0.5,0,13.2967,9.39275,7.91644,19.0042,-7.50003,2,0.248456,0.248456,1,-3.62001
4000,2023-12-15,00:00:00.00,5.98194,0,0,-1.03394,-6.53394,4.46606,-1.03394,-33333.3,-33333.3,1.2183,95.3753,0.5,0,13.266,9.36124,7.88843,19.1139,-7.48792,2,0.26859,0.26859,1,-2.9078
4001,2023-12-16,00:00:00.00,5.99915,0.401899,0,2.46606,-4.03394,8.96606,2.46606,-33333.3,-33333.3,1.20295,95.4487,0.5,0,13.2399,9.24381,7.78794,20.6539,-7.34319,2,0.322147,0.322147,1,6.92012
4002,2023-12-17,00:00:00.00,6.01637,1.00475,0,2.21606,0.466056,3.96606,2.21606,-33333.3,-33333.3,1.20404,95.4435,0.5,0,13.2183,9.23346,7.77968,20.5422,-7.35341,2,0.322147,0.322147,1,6.20676
4003,2023-12-18,00:00:00.00,6.03358,7.43514,0,3.71606,1.96606,5.46606,3.71606,-33333.3,-33333.3,1.19752,95.4745,0.5,0,13.2013,9.17369,7.73205,21.2194,-7.28899,2,0.322147,0.322147,1,10.3914
4004,2023-12-19,00:00:00.00,6.05079,2.4114,1.00475,3.21606,2.96606,3.46606,3.21606,-33333.3,-33333.3,1.19969,95.4642,0.5,0,13.1888,9.17893,7.73935,20.9917,-7.3113,2,0.322147,0.322147,1,8.98182
4005,2023-12-20,00:00:00.00,6.06801,0,0,-4.28394,-7.03394,-1.53394,-4.28394,-33333.3,-33333.3,1.23278,95.3054,0.5,0,13.1808,9.36555,7.89859,17.7275,-7.62615,2,0.00684562,0.00684562,1,-11.9527
4006,2023-12-21,00:00:00.00,6.08522,0,0,-0.783944,-2.03394,0.466056,-0.783944,-33333.3,-33333.3,1.21719,95.3806,0.5,0,13.1774,9.28125,7.82747,19.2242,-7.47556,2,0.288724,0.288724,1,-2.18589
4007,2023-12-22,00:00:00.00,6.10244,0,0,-1.28394,-2.03394,-0.533944,-1.28394,-33333.3,-33333.3,1.21941,95.37,0.5,0,13.1785,9.29449,7.83696,19.0042,-7.50003,2,0.248456,0.248456,1,-3.57892
4008,2023-12-23,00:00:00.00,6.11965,-2.22045e-15,3.01425,-3.28394,-6.53394,-0.0339442,-3.28394,-33333.3,-33333.3,1.2283,95.3271,0.5,0,13.1842,9.34596,7.87891,18.1449,-7.58798,2,0.0873824,0.0873824,1,-9.15384
4009,2023-12-24,00:00:00.00,6.13686,8.88178e-16,7.23419,-2.03394,-5.53394,1.46606,-2.03394,-33333.3,-33333.3,1.22274,95.354,0.5,0,13.1945,9.32532,3.14746,18.6781,-7.53485,2,0.188053,0.188053,1,-5.67133
4010,2023-12-25,00:00:00.00,6.15408,0.20095,0,1.21606,-0.533944,2.96606,1.21606,-33333.3,-33333.3,1.2084,95.4227,0.5,0,13.2093,9.25314,3.12338,20.1004,-7.39225,2,0.322147,0.322147,1,3.39297
4011,2023-12-26,00:00:00.00,6.17129,0,0,3.21606,0.466056,5.96606,3.21606,-33333.3,-33333.3,1.19969,95.4642,0.5,0,13.2286,9.2098,3.10895,20.9917,-7.3113,2,0.322147,0.322147,1,8.98182
4012,2023-12-27,00:00:00.00,6.18851,9.64558,0,4.96606,2.96606,6.96606,4.96606,-33333.3,-33333.3,1.19211,95.5001,0.5,0,13.2525,9.17253,7.73712,21.7972,-7.22953,2,0.322147,0.322147,1,13.8869
4013,2023-12-28,00:00:00.00,6.20572,6.22944,0,5.46606,3.96606,6.96606,5.46606,-33333.3,-33333.3,1.18996,95.5102,0.5,0,13.281,9.17828,7.74417,22.0318,-7.20425,2,0.322147,0.322147,1,15.3094
4014,2023-12-29,00:00:00.00,6.22294,3.01425,0,5.16606,3.96606,6.36606,5.16606,-33333.3,-33333.3,1.19125,95.5041,0.5,0,13.314,9.21499,7.77614,21.8908,-7.21952,2,0.322147,0.322147,1,14.4967
4015,2023-12-30,00:00:00.00,6.24015,4.62184,0,3.96606,3.96606,3.96606,3.96606,-33333.3,-33333.3,1.19644,95.4796,0.5,0,13.3515,9.28491,7.83574,21.334,-7.27753,2,0.322147,0.322147,1,11.154
4016,2023-12-31,00:00:00.00,6.25736,0,0,-1.78394,-2.53394,-1.03394,-1.78394,-33333.3,-33333.3,1.22163,95.3593,0.5,0,13.3936,9.48088,8.00169,18.7863,-7.52349,2,0.208188,0.208188,1,-5.02974
4017,2024-01-01,00:00:00.00,6.27458,8.88178e-16,5.02374,-1.53394,-3.03394,-0.0339442,-1.53394,-33333.3,-33333.3,1.22052,95.3646,0.5,0,13.4402,9.51269,8.0273,18.895,-7.51189,2,0.228322,0.228322,1,-4.33712
