time,date,hour,precip [mm/day],02GA041 [m3/s],02GA-19 [m3/s],02GA-17 [m3/s],16018409002 [m3/s],02GA-13 [m3/s],02GA022 [m3/s],16018406702&02GA014 [m3/s],02GA027 [m3/s],02GA001 [m3/s],02GA016 [m3/s],02GA016 (observed) [m3/s],02GA016 (res. inflow) [m3/s]
0,2013-01-01,00:00.0,---,0.752542,2.03994,2.29979,3.98025,4.78269,7.23957,7.38157,8.24541,8.3909,0,,8.65098
1,2013-01-02,00:00.0,0,0.376271,1.01997,1.14989,1.99468,2.39591,3.62434,3.69535,4.12727,4.20001,0.597344,4.4,4.33005
2,2013-01-03,00:00.0,0.20095,0,0,0,0.00884447,0.00884447,0.00884447,0.00884447,0.00884447,0.00884447,0.991436,4.41,0.00884447
3,2013-01-04,00:00.0,0.602849,0,0,0,0.00822844,0.00822844,0.00822844,0.00822844,0.00822844,0.00822844,0.689618,4.42,0.00822844
4,2013-01-05,00:00.0,0,0,0,0,0.00735769,0.00735769,0.00735769,0.00735769,0.00735769,0.00735769,0.516386,4.42,0.00735769
5,2013-01-06,00:00.0,2.61235,0,0,0,0.00631476,0.00631476,0.00631476,0.00631476,0.00631476,0.00631476,0.385661,4.4,0.00631476
6,2013-01-07,00:00.0,2.0095,0,0,0,0.00530833,0.00530833,0.00530833,0.00530833,0.00530833,0.00530833,0.28749,4.41,0.00530833
7,2013-01-08,00:00.0,0,0,0,0,0.00466249,0.00466249,0.00466249,0.00466249,0.00466249,0.00466249,0.214925,4.44,0.00466249
8,2013-01-09,00:00.0,0,0,0,0,0.00403925,0.00403925,0.00403925,0.00403925,0.00403925,0.00403925,0.160413,4.46,0.00403925
9,2013-01-10,00:00.0,0,0,0,0,0.00311244,0.00311244,0.00311244,0.00311244,0.00311244,0.00311244,0.118215,4.5,0.00311244
10,2013-01-11,00:00.0,5.02374,0,0,0,0.00221808,0.00221808,0.00221808,0.00221808,0.00221808,0.00221808,0.0863793,4.51,0.00221808
11,2013-01-12,00:00.0,5.02374,0,0,0,0.001355,0.001355,0.001355,0.001355,0.001355,0.001355,0.0623135,4.5,0.001355
12,2013-01-13,00:00.0,17.8845,0,0,0,0.000522138,0.000522138,0.000522138,0.000522138,0.000522138,0.000522138,0.044075,4.49,0.000522138
13,2013-01-14,00:00.0,4.82279,0,0,0,5.66E-05,5.66E-05,5.66E-05,5.66E-05,5.66E-05,5.66E-05,0.0302513,19.2,5.66E-05
14,2013-01-15,00:00.0,0.20095,0,0,0,0,0,0,0,0,0,0.0198316,50,0
15,2013-01-16,00:00.0,0,0,0,0,0,0,0,0,0,0,0.01202,69.9,0
16,2013-01-17,00:00.0,0,0,0,0,0,0,0,0,0,0,0.00616901,64.8,0
17,2013-01-18,00:00.0,7.03324,0,0,0,0,0,0,0,0,0,0.00304915,35.4,0
18,2013-01-19,00:00.0,0,0,0,0,0,0,0,0,0,0,0.00121748,8.45,0
19,2013-01-20,00:00.0,3.61709,0,0,0,0,0,0,0,0,0,0,5.74,0
20,2013-01-21,00:00.0,1.40665,0,0,0,0,0,0,0,0,0,0,5.68,0
21,2013-01-22,00:00.0,0.401899,0,0,0,0,0,0,0,0,0,0,5.66,0
22,2013-01-23,00:00.0,0.803799,0,0,0,0,0,0,0,0,0,0,5.66,0
23,2013-01-24,00:00.0,0.20095,0,0,0,0,0,0,0,0,0,0,5.64,0
24,2013-01-25,00:00.0,0,0,0,0,0,0,0,0,0,0,0,5.73,0
25,2013-01-26,00:00.0,1.00475,0,0,0,0,0,0,0,0,0,0,5.76,0
26,2013-01-27,00:00.0,0,0,0,0,0,0,0,0,0,0,0,5.75,0
27,2013-01-28,00:00.0,7.03324,0,0,0,0,0,0,0,0,0,0,5.72,0
28,2013-01-29,00:00.0,3.21519,0,0,0,0,0,0,0,0,0,0,5.72,0
29,2013-01-30,00:00.0,17.6836,0.546544,1.44091,1.68699,2.56001,3.14029,4.86394,4.96844,5.5992,5.69246,0.900767,5.72,5.82566
30,2013-01-31,00:00.0,7.03324,1.07451,2.82463,3.32872,5.03696,6.17302,9.5553,9.75965,11.0038,11.1884,4.27058,5.93,11.4526
31,2013-02-01,00:00.0,12.2579,0.996741,2.61192,3.09951,4.68086,5.73002,8.86084,9.04932,10.2073,10.3796,7.92692,40.3,10.6268
32,2013-02-02,00:00.0,2.61235,0.887604,2.32555,2.76024,4.1774,5.1116,7.89911,8.06694,9.09808,9.25148,9.22619,60,9.47154
33,2013-02-03,00:00.0,1.00475,0.793029,2.07776,2.46614,3.74099,4.57565,7.06615,7.2161,8.13737,8.27443,9.06644,40.5,8.47104
34,2013-02-04,00:00.0,1.2057,0.708532,1.85637,2.20337,3.35078,4.0965,6.32164,6.45561,7.27872,7.40117,8.41306,14.4,7.57683
35,2013-02-05,00:00.0,0.401899,0.633037,1.65858,1.9686,3.00184,3.66811,5.65616,5.77586,6.51126,6.62067,7.64403,5.86,6.77761
36,2013-02-06,00:00.0,1.2057,0.565587,1.48185,1.75884,2.68981,3.28508,5.0613,5.16825,5.8253,5.92304,6.91424,5.88,6.06327
37,2013-02-07,00:00.0,0,0.505324,1.32396,1.57144,2.41075,2.9426,4.52956,4.62511,5.21215,5.29948,6.24273,5.86,5.42476
38,2013-02-08,00:00.0,17.0807,0.451481,1.18289,1.404,2.16115,2.63633,4.0542,4.13957,4.66406,4.74209,5.6096,5.85,4.85402
39,2013-02-09,00:00.0,12.8608,0.403376,1.05686,1.2544,1.9379,2.36245,3.62925,3.70552,4.17413,4.24384,5.03182,5.86,4.34385
40,2013-02-10,00:00.0,0,0.360396,0.944247,1.12075,1.73819,2.11751,3.24932,3.31747,3.73615,3.79843,4.53735,5.83,3.88778
41,2013-02-11,00:00.0,4.82279,0.321995,0.843637,1.00133,1.55952,1.89842,2.90964,2.97053,3.34459,3.40024,4.10449,5.82,3.48007
42,2013-02-12,00:00.0,3.01425,0.276967,0.724247,0.861678,1.3493,1.6405,2.50843,2.56077,2.88238,2.92996,3.66119,5.83,2.99833
43,2013-02-13,00:00.0,0,0.226017,0.588078,0.703946,1.11066,1.34765,2.05202,2.09464,2.3568,2.39504,3.17715,5.78,2.4502
44,2013-02-14,00:00.0,0,0.181432,0.470342,0.565546,0.900566,1.09053,1.65374,1.6879,1.89812,1.92844,2.69419,5.76,1.97211
45,2013-02-15,00:00.0,0,0.142953,0.36954,0.445359,0.717289,0.866719,1.30927,1.33608,1.50113,1.52485,2.27238,5.76,1.55896
46,2013-02-16,00:00.0,1.00475,0.109465,0.281211,0.34041,0.556616,0.670404,1.00715,1.02751,1.15281,1.17075,1.8935,5.74,1.19684
47,2013-02-17,00:00.0,1.40665,0.0889102,0.227404,0.276135,0.458069,0.550128,0.822428,0.838872,0.940026,0.954472,1.5545,5.72,0.975642
48,2013-02-18,00:00.0,0,0.0794368,0.203174,0.246713,0.412853,0.495103,0.73839,0.753081,0.843458,0.856364,1.29301,5.71,0.875279
49,2013-02-19,00:00.0,4.01899,0.0709728,0.181526,0.220426,0.37233,0.445816,0.66318,0.676306,0.757053,0.768584,1.1007,5.78,0.785483
50,2013-02-20,00:00.0,3.01425,0.0540462,0.137073,0.167446,0.290648,0.346189,0.51031,0.520194,0.580968,0.589603,0.944649,5.82,0.602451
51,2013-02-21,00:00.0,1.00475,0.0389231,0.0973564,0.120112,0.217449,0.256956,0.373507,0.380495,0.423424,0.429472,0.817018,5.78,0.438699
52,2013-02-22,00:00.0,0,0.0347759,0.086983,0.107314,0.197191,0.232488,0.33662,0.342863,0.381219,0.386622,0.716564,5.69,0.394866
53,2013-02-23,00:00.0,0.803799,0.0256906,0.0632885,0.0789359,0.152933,0.178658,0.254412,0.258931,0.286668,0.290538,0.622238,5.74,0.29661
54,2013-02-24,00:00.0,4.42089,0.00928118,0.0222444,0.0282984,0.0749996,0.0840689,0.110688,0.112261,0.121899,0.12322,0.515642,5.76,0.125839
55,2013-02-25,00:00.0,0,0,0,0,0.0305771,0.0305771,0.0305785,0.0305785,0.0305785,0.0305785,0.401554,5.75,0.0311105
56,2013-02-26,00:00.0,0.20095,0,0,0,0.0282973,0.0282973,0.0282976,0.0282976,0.0282976,0.0282976,0.303871,5.72,0.0283925
57,2013-02-27,00:00.0,14.2674,0,0,0,0.0260972,0.0260972,0.0260972,0.0260972,0.0260972,0.0260972,0.230076,5.7,0.0260972
58,2013-02-28,00:00.0,12.057,0,0,0,0.0239742,0.0239742,0.0239742,0.0239742,0.0239742,0.0239742,0.174248,5.73,0.0239742
59,2013-03-01,00:00.0,0,0,0,0,0.0219254,0.0219254,0.0219254,0.0219254,0.0219254,0.0219254,0.131909,5.73,0.0219254
60,2013-03-02,00:00.0,0,0,0,0,0.0205533,0.0205533,0.0205533,0.0205533,0.0205533,0.0205533,0.10195,5.7,0.0205533
61,2013-03-03,00:00.0,0,0,0,0,0.019834,0.019834,0.019834,0.019834,0.019834,0.019834,0.0814301,5.7,0.019834
62,2013-03-04,00:00.0,0,0,0,0,0.0191399,0.0191399,0.0191399,0.0191399,0.0191399,0.0191399,0.0658832,5.71,0.0191399
63,2013-03-05,00:00.0,0,0,0,0,0.0184701,0.0184701,0.0184701,0.0184701,0.0184701,0.0184701,0.0540672,5.7,0.0184701
64,2013-03-06,00:00.0,0,0,0,0,0.0178238,0.0178238,0.0178238,0.0178238,0.0178238,0.0178238,0.0450517,5.69,0.0178238
65,2013-03-07,00:00.0,1.80855,0,0,0,0.0157506,0.0157506,0.0157506,0.0157506,0.0157506,0.0157506,0.0327277,5.67,0.0157506
66,2013-03-08,00:00.0,0.602849,0,0,0,0.01166,0.01166,0.01166,0.01166,0.01166,0.01166,0.015182,5.67,0.01166
67,2013-03-09,00:00.0,0,0.108177,0.296666,0.330183,0.516145,0.635189,0.989263,1.01093,1.13755,1.1569,0.146061,5.65,1.1818
68,2013-03-10,00:00.0,0,0.182389,0.50155,0.554515,0.86057,1.06173,1.66007,1.69668,1.90921,1.94187,0.49387,5.66,1.98362
69,2013-03-11,00:00.0,2.61235,1.08675,2.90161,3.34426,5.10127,6.26776,9.73691,9.9477,11.2083,11.3973,3.21943,5.69,11.6483
70,2013-03-12,00:00.0,22.1045,3.73854,9.97338,11.5077,17.484,21.478,33.4226,34.1408,38.467,39.1285,17.938,5.78,40.0143
71,2013-03-13,00:00.0,0.602849,5.16775,13.8006,15.9027,24.1693,29.6883,46.2246,47.2158,53.1942,54.1152,40.9863,5.96,55.3494
72,2013-03-14,00:00.0,0.602849,4.61849,12.3394,14.2143,21.6592,26.5946,41.3789,42.2656,47.6125,48.4355,50.7957,33.3,49.5371
73,2013-03-15,00:00.0,0,4.12153,11.0113,12.6848,19.3787,23.783,36.976,37.7673,42.5388,43.2731,47.3138,48.7,44.256
74,2013-03-16,00:00.0,0.803799,3.6729,9.81195,11.3041,17.3176,21.2424,32.9982,33.7034,37.9553,38.6095,42.5186,45.8,39.485
75,2013-03-17,00:00.0,1.2057,3.27207,8.74039,10.0705,15.4743,18.9706,29.4424,30.0706,33.8583,34.4409,38.0583,48.1,35.2206
76,2013-03-18,00:00.0,0,2.92343,7.8091,8.99746,13.87,16.9938,26.3498,26.9111,30.2953,30.8158,34.0961,46.7,31.5123
77,2013-03-19,00:00.0,3.21519,2.61194,6.97704,8.03878,12.4417,15.2326,23.5917,24.0932,27.1168,27.5819,30.5868,29.4,28.2042
78,2013-03-20,00:00.0,1.40665,2.32647,6.21391,7.1602,11.1358,13.6217,21.0663,21.513,24.206,24.6201,27.428,20,25.1741
79,2013-03-21,00:00.0,0.401899,2.07141,5.53209,6.37525,9.96575,12.179,18.8066,19.2043,21.602,21.9705,24.5734,19.9,22.4635
80,2013-03-22,00:00.0,1.6076,1.8507,4.94264,5.69596,8.95095,10.9284,16.8498,17.2052,19.3473,19.6766,22.0253,20.1,20.1171
81,2013-03-23,00:00.0,0.20095,1.65097,4.40902,5.08125,8.02926,9.79322,15.0754,15.3923,17.3033,17.597,19.7747,20.1,17.9898
82,2013-03-24,00:00.0,0,1.44684,3.86157,4.45306,7.08087,8.62636,13.2521,13.5299,15.204,15.4608,17.6357,19.8,15.804
83,2013-03-25,00:00.0,0,1.25288,3.34059,3.85622,6.1749,7.51268,11.5136,11.7541,13.2031,13.4246,15.54,18,13.7202
84,2013-03-26,00:00.0,0,1.15579,3.08933,3.55715,5.72438,6.96258,10.6606,10.8837,12.224,12.428,13.8691,10.9,12.6991
85,2013-03-27,00:00.0,0,1.61612,4.31834,4.9856,7.899,9.6345,14.7999,15.1135,16.9974,17.2798,14.753,6.49,17.6541
86,2013-03-28,00:00.0,1.40665,1.97481,5.27706,6.10537,9.60286,11.7267,18.0374,18.4219,20.7341,21.0779,18.1981,6.51,21.5331
87,2013-03-29,00:00.0,0,2.07565,5.52388,6.42459,10.0821,12.3192,18.9311,19.3348,21.7622,22.1164,21.0208,6.55,22.5888
88,2013-03-30,00:00.0,0,2.16632,5.6874,6.79806,10.5554,12.8676,19.6821,20.0976,22.6526,23.0188,22.522,6.64,23.5059
89,2013-03-31,00:00.0,0,1.9055,4.95268,6.06866,9.37007,11.3805,17.3162,17.677,19.9537,20.2794,22.1561,6.84,20.7092
90,2013-04-01,00:00.0,2.8133,1.7412,4.51271,5.52209,8.54192,10.3717,15.7888,16.116,18.1797,18.4811,20.3179,6.88,18.8813
91,2013-04-02,00:00.0,7.63609,1.62291,4.19553,5.1258,7.94951,9.64954,14.6938,14.9969,16.9058,17.1899,18.7367,6.61,17.5685
92,2013-04-03,00:00.0,1.6076,1.44999,3.7485,4.57964,7.14879,8.66767,13.1745,13.4452,15.1508,15.4046,17.2098,6.46,15.7429
93,2013-04-04,00:00.0,0,1.29549,3.34909,4.09168,6.43046,7.78751,11.8141,12.056,13.5798,13.8066,15.5698,6.37,14.1089
94,2013-04-05,00:00.0,0,1.15745,2.99225,3.65571,5.78594,6.99839,10.596,10.8121,12.1735,12.3762,14.0241,6.33,12.6462
95,2013-04-06,00:00.0,0,1.11963,2.89035,3.53449,5.61266,6.78734,10.265,10.4747,11.7939,11.9901,12.9349,6.28,12.2512
96,2013-04-07,00:00.0,0.401899,1.08583,2.79932,3.42619,5.45641,6.59732,9.96779,10.1719,11.4533,11.6438,12.3574,6.23,11.8968
97,2013-04-08,00:00.0,0,1.1464,2.951,3.58305,5.67328,6.86892,10.428,10.6404,11.9674,12.1723,12.1885,6.21,12.4478
98,2013-04-09,00:00.0,10.4494,1.59637,4.15762,4.90781,7.64474,9.30549,14.3308,14.6228,16.4263,16.7253,13.9222,33.1,17.1346
99,2013-04-10,00:00.0,24.7168,2.75869,7.32691,8.38989,12.8953,15.7851,24.6434,25.1493,28.241,28.7779,20.774,72.9,29.5184
100,2013-04-11,00:00.0,13.4636,3.93409,10.5341,11.9216,18.2803,22.4155,35.1493,35.8725,40.2744,41.0499,32.6179,135,42.1128
101,2013-04-12,00:00.0,16.6788,4.04769,10.8584,12.2567,18.924,23.1822,36.3075,37.0521,41.5802,42.3804,41.0907,168,43.47
102,2013-04-13,00:00.0,12.2579,3.72151,9.98821,11.2775,17.6105,21.529,33.6019,34.2877,38.4596,39.1957,41.7335,97.3,40.1989
103,2013-04-14,00:00.0,2.4114,3.98654,10.7011,12.1156,19.0391,23.2496,36.1705,36.9108,41.4103,42.1901,41.7268,73.7,43.2525
104,2013-04-15,00:00.0,0,4.58743,12.2706,13.9963,22.0124,26.8585,41.6563,42.5116,47.7174,48.5973,45.9402,58.3,49.7926
105,2013-04-16,00:00.0,1.00475,4.55865,12.2107,13.8791,21.9219,26.7381,41.475,42.3208,47.4777,48.3544,49.1528,44.5,49.5298
106,2013-04-17,00:00.0,1.40665,3.96068,10.6495,11.9978,19.1632,23.3513,36.2209,36.951,41.4015,42.1721,46.5193,33.7,43.1906
107,2013-04-18,00:00.0,14.6693,3.89042,10.4433,11.7914,18.9337,23.0436,35.6595,36.3767,40.7474,41.5001,43.1309,22.6,42.4954
108,2013-04-19,00:00.0,14.6693,4.3492,11.666,13.202,21.1342,25.729,39.8116,40.6153,45.5123,46.3483,44.6221,19.8,47.458
109,2013-04-20,00:00.0,4.62184,4.31219,11.5532,13.0924,21.0415,25.5935,39.536,40.3327,45.1853,46.0107,46.8041,57.1,47.107
110,2013-04-21,00:00.0,0.20095,3.86064,10.3341,11.7173,19.044,23.116,35.5872,36.2996,40.6382,41.3759,44.8965,74.5,42.3548
111,2013-04-22,00:00.0,0,3.44929,9.23298,10.4689,17.2266,20.8648,32.0072,32.6437,36.52,37.1791,40.8016,47.8,38.0537
112,2013-04-23,00:00.0,0,3.0136,8.06161,9.1438,15.2549,18.4317,28.1609,28.7164,32.0996,32.6749,36.4344,19.4,33.4374
113,2013-04-24,00:00.0,0.602849,2.5125,6.70729,7.61607,12.9335,15.5772,23.6729,24.1345,26.9458,27.4239,31.5721,4.9,28.0555
114,2013-04-25,00:00.0,9.04274,2.3044,6.13682,6.98058,11.9313,14.3509,21.7572,22.1794,24.7496,25.1857,27.6419,4.82,25.7607
115,2013-04-26,00:00.0,2.4114,2.24543,5.97171,6.79988,11.6248,13.9797,21.1853,21.5961,24.0962,24.5195,25.808,4.75,25.0778
116,2013-04-27,00:00.0,0,1.95313,5.18465,5.90897,10.2497,12.2943,18.5507,18.907,21.0744,21.4416,23.9599,7.93,21.9245
117,2013-04-28,00:00.0,0,1.56503,4.13687,4.72591,8.40548,10.0376,15.0305,15.3142,17.0391,17.3313,20.6885,9.33,17.713
118,2013-04-29,00:00.0,7.23419,1.34317,3.52893,4.04692,7.30059,8.69381,12.9529,13.1943,14.6615,14.9093,17.4171,9.66,15.2306
119,2013-04-30,00:00.0,0,1.14494,2.98577,3.44027,6.30762,7.48741,11.0909,11.2945,12.5313,12.7394,14.9135,9.53,13.0068
120,2013-05-01,00:00.0,0,0.799281,2.05209,2.38597,4.6438,5.45601,7.93393,8.07278,8.91498,9.05633,12.1804,8.57,9.23346
121,2013-05-02,00:00.0,0,0.367014,0.878212,1.06448,2.5503,2.90061,3.96363,4.02091,4.36682,4.42501,8.5892,5.27,4.49379
122,2013-05-03,00:00.0,0,0.0489263,0.0724483,0.120235,1.01925,1.05019,1.1398,1.14295,1.16086,1.16412,5.00995,4.59,1.16563
123,2013-05-04,00:00.0,0,0,0,0,0.729437,0.729437,0.729437,0.729437,0.729437,0.729437,2.71835,4.58,0.729437
124,2013-05-05,00:00.0,0,0,0,0,0.621813,0.621813,0.621813,0.621813,0.621813,0.621813,1.63595,4.58,0.621813
125,2013-05-06,00:00.0,0,0,0,0,0.53474,0.53474,0.53474,0.53474,0.53474,0.53474,1.06069,4.58,0.53474
126,2013-05-07,00:00.0,0,0,0,0,0.453159,0.453159,0.453159,0.453159,0.453159,0.453159,0.753759,4.6,0.453159
127,2013-05-08,00:00.0,0,0,0,0,0.376723,0.376723,0.376723,0.376723,0.376723,0.376723,0.572914,4.62,0.376723
128,2013-05-09,00:00.0,0.803799,0,0,0,0.305108,0.305108,0.305108,0.305108,0.305108,0.305108,0.418879,4.63,0.305108
129,2013-05-10,00:00.0,0.20095,0,0,0,0.244772,0.244772,0.244772,0.244772,0.244772,0.244772,0.286946,4.65,0.244772
130,2013-05-11,00:00.0,23.1092,0.140013,0.344957,0.416379,0.829372,0.967036,1.38101,1.40451,1.54601,1.56769,0.377311,4.67,1.59973
131,2013-05-12,00:00.0,0.20095,0.265108,0.653158,0.788393,1.37192,1.63258,2.41641,2.46091,2.72884,2.76989,0.877855,4.68,2.83055
132,2013-05-13,00:00.0,2.61235,0.236861,0.583564,0.704389,1.24333,1.47622,2.17653,2.21628,2.45567,2.49234,1.50143,4.72,2.54654
133,2013-05-14,00:00.0,0,0.211623,0.521385,0.629336,1.12782,1.3359,1.96159,1.99711,2.21099,2.24376,1.88301,4.7,2.29218
134,2013-05-15,00:00.0,0.803799,0.189074,0.465831,0.56228,1.02403,1.20994,1.76896,1.8007,1.99179,2.02106,2.00574,4.71,2.06432
135,2013-05-16,00:00.0,0,0.0892173,0.219809,0.26532,0.570223,0.657944,0.921731,0.936706,1.02688,1.04069,1.77683,4.72,1.06235
136,2013-05-17,00:00.0,0,0,0,0,0.155946,0.155946,0.155949,0.155949,0.155949,0.155949,1.21482,4.72,0.157195
137,2013-05-18,00:00.0,0,0,0,0,0.143788,0.143788,0.143788,0.143788,0.143788,0.143788,0.802557,4.72,0.143788
138,2013-05-19,00:00.0,0,0,0,0,0.130395,0.130395,0.130395,0.130395,0.130395,0.130395,0.605367,4.72,0.130395
139,2013-05-20,00:00.0,0,0,0,0,0.104196,0.104196,0.104196,0.104196,0.104196,0.104196,0.404797,4.72,0.104196
140,2013-05-21,00:00.0,12.057,0,0,0,0.0739976,0.0739976,0.0739976,0.0739976,0.0739976,0.0739976,0.229754,4.74,0.0739976
141,2013-05-22,00:00.0,32.9557,0.618344,1.63643,1.87729,2.86456,3.51071,5.47968,5.5931,6.2815,6.39472,1.15066,4.79,6.55075
142,2013-05-23,00:00.0,2.21045,0.935535,2.45104,2.83116,4.27394,5.24298,8.19106,8.36047,9.38749,9.55496,3.99957,14,9.78545
143,2013-05-24,00:00.0,2.8133,0.496537,1.25608,1.48618,2.24146,2.74031,4.24922,4.33518,4.8541,4.93608,5.57187,10.6,5.04832
144,2013-05-25,00:00.0,0.20095,0.339583,0.835905,1.0079,1.52259,1.85577,2.85892,2.91567,3.25704,3.30955,4.77919,8.18,3.3811
145,2013-05-26,00:00.0,0,0.3034,0.746839,0.900508,1.36647,1.66415,2.56042,2.61112,2.91612,2.96303,3.9511,6.2,3.02696
146,2013-05-27,00:00.0,0,0.271073,0.667263,0.804558,1.22678,1.49274,2.29351,2.33881,2.61131,2.65323,3.40207,4.88,2.71034
147,2013-05-28,00:00.0,3.01425,0.152872,0.354902,0.445711,0.685252,0.827952,1.25314,1.2768,1.41709,1.43778,2.73318,4.72,1.4673
148,2013-05-29,00:00.0,17.2817,0.288712,0.727052,0.863367,1.30551,1.59467,2.46807,2.51782,2.81715,2.86462,2.39508,4.98,2.92883
149,2013-05-30,00:00.0,1.2057,0.26808,0.687007,0.80188,1.20525,1.4772,2.30327,2.35074,2.63836,2.68491,2.46464,29.8,2.74655
150,2013-05-31,00:00.0,1.00475,0.00432978,0,0.00458234,0.00458234,0.00458234,0.00458276,0.00458276,0.00458276,0.00458276,1.85324,47.8,0.00458276
151,2013-06-01,00:00.0,5.62659,0,0,0,0,0,0,0,0,0,0.992449,25.9,0
152,2013-06-02,00:00.0,13.2627,0.0841378,0.198779,0.24549,0.362447,0.441854,0.680204,0.693408,0.77213,0.783982,0.664068,17.2,0.797648
153,2013-06-03,00:00.0,2.0095,0.0841378,0.198779,0.24549,0.362447,0.441854,0.680204,0.693408,0.77213,0.783982,0.599706,18.6,0.797648
154,2013-06-04,00:00.0,0,0,0,0,0,0,0,0,0,0,0.514339,18.6,0
155,2013-06-05,00:00.0,0,0,0,0,0,0,0,0,0,0,0.385246,14.2,0
156,2013-06-06,00:00.0,0,0,0,0,0,0,0,0,0,0,0.288554,11.6,0
157,2013-06-07,00:00.0,5.22469,0,0,0,0,0,0,0,0,0,0.216131,6.92,0
158,2013-06-08,00:00.0,0.20095,0,0,0,0,0,0,0,0,0,0.161885,5.81,0
159,2013-06-09,00:00.0,0,0,0,0,0,0,0,0,0,0,0.121254,6.28,0
160,2013-06-10,00:00.0,4.82279,0,0,0,0,0,0,0,0,0,0.0878616,6.3,0
161,2013-06-11,00:00.0,17.4826,0.412188,1.08535,1.25128,1.87565,2.30492,3.61029,3.68559,4.14263,4.21708,0.674981,6.33,4.31568
162,2013-06-12,00:00.0,0,0.589173,1.52864,1.78107,2.66539,3.27133,5.10876,5.21448,5.85512,5.95793,2.27379,13.4,6.09182
163,2013-06-13,00:00.0,2.21045,0.176985,0.443288,0.529795,0.789741,0.966417,1.49847,1.52889,1.71248,1.74086,2.84154,20.7,1.77614
164,2013-06-14,00:00.0,2.21045,0,0,0,0,0,0,0,0,0,1.86728,22.4,0
165,2013-06-15,00:00.0,0,0,0,0,0,0,0,0,0,0,1.05322,19.2,0
166,2013-06-16,00:00.0,5.02374,0,0,0,0,0,0,0,0,0,0.686886,12,0
167,2013-06-17,00:00.0,16.4779,0.384465,1.00938,1.16592,1.74702,2.14636,3.36025,3.43022,3.85467,3.92366,1.15955,11.4,4.01449
168,2013-06-18,00:00.0,0.401899,0.595599,1.54693,1.80061,2.69474,3.30775,5.1673,5.27427,5.92242,6.02666,2.70357,11.5,6.1621
169,2013-06-19,00:00.0,0,0.39977,1.01782,1.20175,1.79448,2.19902,3.42156,3.49162,3.91518,3.98193,3.77528,10.3,4.06638
170,2013-06-20,00:00.0,0,0.357174,0.909375,1.0737,1.60327,1.96472,3.05699,3.11958,3.49802,3.55765,3.81305,6.01,3.63311
171,2013-06-21,00:00.0,0,0.304584,0.772486,0.914616,1.36513,1.67234,2.60004,2.65317,2.9742,3.02459,3.57756,4.93,3.08799
172,2013-06-22,00:00.0,0,0.136047,0.343385,0.407974,0.6086,0.745263,1.15756,1.18115,1.32362,1.34586,2.83187,4.93,1.37366
173,2013-06-23,00:00.0,12.6598,0.167597,0.425478,0.502012,0.748725,0.917586,1.42879,1.45791,1.63369,1.66162,2.03736,4.93,1.69664
174,2013-06-24,00:00.0,0,0.167597,0.425478,0.502012,0.748725,0.917586,1.42879,1.45791,1.63369,1.66162,1.6838,4.93,1.69664
175,2013-06-25,00:00.0,12.2579,0.0882022,0.2105,0.25843,0.38217,0.466212,0.718657,0.732713,0.816684,0.829396,1.29998,4.93,0.843972
176,2013-06-26,00:00.0,0.401899,0.0882022,0.2105,0.25843,0.38217,0.466212,0.718657,0.732713,0.816684,0.829396,0.932488,4.95,0.843972
177,2013-06-27,00:00.0,0,0,0,0,0,0,0,0,0,0,0.651729,4.94,0
178,2013-06-28,00:00.0,10.4494,0,0,0,0,0,0,0,0,0,0.360194,4.95,0
179,2013-06-29,00:00.0,11.2532,0,0,0,0,0,0,0,0,0,0.158866,4.96,0
180,2013-06-30,00:00.0,0.401899,0,0,0,0,0,0,0,0,0,0.0411934,9.5,0
181,2013-07-01,00:00.0,0,0,0,0,0,0,0,0,0,0,0,6.98,0
182,2013-07-02,00:00.0,0,0,0,0,0,0,0,0,0,0,0,4.93,0
183,2013-07-03,00:00.0,0,0,0,0,0,0,0,0,0,0,0,5.94,0
184,2013-07-04,00:00.0,32.1519,0.587621,1.53324,1.77039,2.64751,3.25276,5.09736,5.20274,5.84072,5.94549,0.774223,6.75,6.08816
185,2013-07-05,00:00.0,2.0095,0.777428,1.98063,2.32147,3.46023,4.24375,6.62499,6.75993,7.57407,7.70561,2.90043,6.78,7.8832
186,2013-07-06,00:00.0,15.6741,0.319631,0.763321,0.932756,1.37826,1.68214,2.59804,2.64878,2.95196,2.99848,3.83751,6.79,3.05788
187,2013-07-07,00:00.0,5.22469,0.129824,0.315927,0.381677,0.565542,0.691148,1.0704,1.09159,1.21861,1.23835,2.78716,6.11,1.26284
188,2013-07-08,00:00.0,7.83704,0,0,0,0,0,0,0,0,0,1.59103,5.63,0
189,2013-07-09,00:00.0,19.0902,0.267852,0.683326,0.801237,1.19483,1.46534,2.28678,2.33342,2.61496,2.66032,1.26797,13.4,2.71954
190,2013-07-10,00:00.0,2.61235,0.298135,0.720053,0.874407,1.29459,1.58144,2.4459,2.49427,2.78293,2.82837,1.72252,70.1,2.88841
191,2013-07-11,00:00.0,0,0.0302835,0.0367273,0.0731703,0.0997591,0.116101,0.159126,0.160847,0.167973,0.168048,1.45797,76.6,0.168873
192,2013-07-12,00:00.0,0,0,0,0,0,0,0,0,0,0,0.843163,5.74,0
193,2013-07-13,00:00.0,0,0,0,0,0,0,0,0,0,0,0.599598,8.08,0
194,2013-07-14,00:00.0,0,0,0,0,0,0,0,0,0,0,0.398239,21.3,0
195,2013-07-15,00:00.0,0,0,0,0,0,0,0,0,0,0,0.200064,32.6,0
196,2013-07-16,00:00.0,0,0,0,0,0,0,0,0,0,0,0.0465079,32.3,0
197,2013-07-17,00:00.0,0,0,0,0,0,0,0,0,0,0,0,31,0
198,2013-07-18,00:00.0,0,0,0,0,0,0,0,0,0,0,0,20.1,0
199,2013-07-19,00:00.0,0,0,0,0,0,0,0,0,0,0,0,5.65,0
200,2013-07-20,00:00.0,11.2532,0,0,0,0,0,0,0,0,0,0,4.79,0
201,2013-07-21,00:00.0,0,0,0,0,0,0,0,0,0,0,0,5.17,0
202,2013-07-22,00:00.0,0,0,0,0,0,0,0,0,0,0,0,5.22,0
203,2013-07-23,00:00.0,0,0,0,0,0,0,0,0,0,0,0,5.26,0
204,2013-07-24,00:00.0,0,0,0,0,0,0,0,0,0,0,0,5.22,0
205,2013-07-25,00:00.0,0,0,0,0,0,0,0,0,0,0,0,5.22,0
206,2013-07-26,00:00.0,0,0,0,0,0,0,0,0,0,0,0,5.22,0
207,2013-07-27,00:00.0,0,0,0,0,0,0,0,0,0,0,0,6.47,0
208,2013-07-28,00:00.0,35.97,0.278639,0.707562,0.835576,1.24681,1.5278,2.37776,2.42633,2.71985,2.76623,0,7.06,2.83633
209,2013-07-29,00:00.0,0,0.527588,1.33973,1.58212,2.36077,2.89282,4.50217,4.59413,5.1499,5.23771,0.753041,7.19,5.37045
210,2013-07-30,00:00.0,1.80855,0.471374,1.19698,1.41355,2.10923,2.58459,4.02246,4.10462,4.60118,4.67963,2.21971,7.21,4.79823
211,2013-07-31,00:00.0,0,0.421149,1.06945,1.26293,1.88449,2.3092,3.59387,3.66728,4.11092,4.18101,3.27662,7.21,4.28698
212,2013-08-01,00:00.0,48.7303,1.61044,4.26256,4.89323,7.33816,9.02205,14.1501,14.446,16.2426,16.5372,7.58024,7.24,16.9494
213,2013-08-02,00:00.0,0,2.60273,6.92199,7.92058,11.8851,14.618,22.9469,23.4279,26.3508,26.8319,17.268,53.3,27.4984
214,2013-08-03,00:00.0,4.21994,2.25511,5.99099,6.86049,10.2931,12.6588,19.8672,20.2834,22.8122,23.2281,23.3073,82.9,23.8041
215,2013-08-04,00:00.0,0,2.01483,5.35265,6.1295,9.1964,11.31,17.7503,18.1222,20.3816,20.7531,22.7125,54.3,21.2678
216,2013-08-05,00:00.0,0,1.80015,4.78232,5.4764,8.21652,10.1049,15.859,16.1913,18.2099,18.5419,20.7481,25.9,19.0017
217,2013-08-06,00:00.0,0.401899,1.60834,4.27277,4.89289,7.34105,9.02825,14.1692,14.4661,16.2696,16.5662,18.6841,17.8,16.9771
218,2013-08-07,00:00.0,3.61709,1.38464,3.6735,4.21066,6.31647,7.76732,12.187,12.4422,13.9921,14.2466,16.5438,17.9,14.5992
219,2013-08-08,00:00.0,4.82279,0.988704,2.59847,2.99822,4.4928,5.52044,8.6456,8.8257,9.91858,10.0965,13.554,17.9,10.343
220,2013-08-09,00:00.0,0,0.473229,1.19293,1.41771,2.11433,2.58896,4.0213,4.10317,4.59772,4.67492,9.39015,18,4.78187
221,2013-08-10,00:00.0,0,0.110253,0.251796,0.32137,0.474028,0.575739,0.876792,0.893638,0.994175,1.00807,5.37043,9.9,1.03032
222,2013-08-11,00:00.0,0,0,0,0,0,0,1.32E-05,1.32E-05,1.32E-05,1.32E-05,2.80488,6.17,0.00569682
223,2013-08-12,00:00.0,0,0,0,0,0,0,1.18E-05,1.18E-05,1.18E-05,1.18E-05,1.54632,6.57,0.00508982
224,2013-08-13,00:00.0,0.401899,0,0,0,0,0,1.05E-05,1.05E-05,1.05E-05,1.05E-05,0.955628,6.71,0.0045475
225,2013-08-14,00:00.0,0,0,0,0,0,0,9.38E-06,9.38E-06,9.38E-06,9.38E-06,0.673294,6.69,0.00406296
226,2013-08-15,00:00.0,0,0,0,0,0,0,8.38E-06,8.38E-06,8.38E-06,8.38E-06,0.505271,6.71,0.00363005
227,2013-08-16,00:00.0,0,0,0,0,0,0,7.49E-06,7.49E-06,7.49E-06,7.49E-06,0.379317,6.7,0.00324327
228,2013-08-17,00:00.0,0,0,0,0,0,0,6.69E-06,6.69E-06,6.69E-06,6.69E-06,0.284884,6.12,0.00289769
229,2013-08-18,00:00.0,0,0,0,0,0,0,4.10E-06,4.10E-06,4.10E-06,4.10E-06,0.206956,5.29,0.00163935
230,2013-08-19,00:00.0,0,0,0,0,0,0,9.45E-07,9.45E-07,9.45E-07,9.45E-07,0.126627,5.26,0.000272037
231,2013-08-20,00:00.0,0,0,0,0,0,0,0,0,0,0,0.04796,5.13,0
232,2013-08-21,00:00.0,0,0,0,0,0,0,0,0,0,0,0.00607987,5.14,0
233,2013-08-22,00:00.0,0,0,0,0,0,0,0,0,0,0,0,5.3,0
234,2013-08-23,00:00.0,0,0,0,0,0,0,0,0,0,0,0,5.31,0
235,2013-08-24,00:00.0,0,0,0,0,0,0,0,0,0,0,0,5.35,0
236,2013-08-25,00:00.0,0,0,0,0,0,0,0,0,0,0,0,5.41,0
237,2013-08-26,00:00.0,3.61709,0,0,0,0,0,0,0,0,0,0,5.46,0
238,2013-08-27,00:00.0,6.22944,0,0,0,0,0,0,0,0,0,0,5.5,0
239,2013-08-28,00:00.0,4.01899,0,0,0,0,0,0,0,0,0,0,5.49,0
240,2013-08-29,00:00.0,0,0,0,0,0,0,0,0,0,0,0,5.52,0
241,2013-08-30,00:00.0,0,0,0,0,0,0,0,0,0,0,0,5.91,0
242,2013-08-31,00:00.0,7.83704,0,0,0,0,0,0,0,0,0,0,6.11,0
243,2013-09-01,00:00.0,0.401899,0,0,0,0,0,0,0,0,0,0,6.11,0
244,2013-09-02,00:00.0,14.6693,0,0,0,0,0,0,0,0,0,0,6.11,0
245,2013-09-03,00:00.0,1.00475,0,0,0,0,0,0,0,0,0,0,6.11,0
246,2013-09-04,00:00.0,0,0,0,0,0,0,0,0,0,0,0,6.09,0
247,2013-09-05,00:00.0,0,0,0,0,0,0,0,0,0,0,0,4.75,0
248,2013-09-06,00:00.0,0,0,0,0,0,0,0,0,0,0,0,3.12,0
249,2013-09-07,00:00.0,0,0,0,0,0,0,0,0,0,0,0,3.79,0
250,2013-09-08,00:00.0,0,0,0,0,0,0,0,0,0,0,0,4.82,0
251,2013-09-09,00:00.0,0,0,0,0,0,0,0,0,0,0,0,4.82,0
252,2013-09-10,00:00.0,0.20095,0,0,0,0,0,0,0,0,0,0,4.83,0
253,2013-09-11,00:00.0,0,0,0,0,0,0,0,0,0,0,0,4.85,0
254,2013-09-12,00:00.0,12.2579,0,0,0,0,0,0,0,0,0,0,5.54,0
255,2013-09-13,00:00.0,0,0,0,0,0,0,0,0,0,0,0,4.87,0
256,2013-09-14,00:00.0,0,0,0,0,0,0,0,0,0,0,0,4.89,0
257,2013-09-15,00:00.0,0,0,0,0,0,0,0,0,0,0,0,4.93,0
258,2013-09-16,00:00.0,1.00475,0,0,0,0,0,0,0,0,0,0,4.96,0
259,2013-09-17,00:00.0,0,0,0,0,0,0,0,0,0,0,0,4.47,0
260,2013-09-18,00:00.0,0,0,0,0,0,0,0,0,0,0,0,3.68,0
261,2013-09-19,00:00.0,0,0,0,0,0,0,0,0,0,0,0,3.71,0
262,2013-09-20,00:00.0,0,0,0,0,0,0,0,0,0,0,0,3.72,0
263,2013-09-21,00:00.0,52.8498,1.0223,2.70754,3.10517,4.65621,5.72535,8.983,9.17077,10.3107,10.4981,0.563178,3.74,10.7601
264,2013-09-22,00:00.0,20.4969,2.34427,6.20879,7.12512,10.6862,13.1389,20.6085,21.0396,23.6571,24.0865,7.93012,3.8,24.6817
265,2013-09-23,00:00.0,0,2.50309,6.62944,7.61156,11.4175,14.0372,22.0123,22.473,25.2708,25.7289,19.0377,9.76,26.3598
266,2013-09-24,00:00.0,0,2.23638,5.92307,6.80054,10.2009,12.5416,19.6669,20.0785,22.5782,22.9875,23.4224,13.7,23.5512
267,2013-09-25,00:00.0,0,1.9981,5.29197,6.07594,9.11401,11.2053,17.5714,17.9391,20.1725,20.5381,22.5542,13.5,21.0418
268,2013-09-26,00:00.0,0,1.7852,4.72811,5.42855,8.14291,10.0113,15.6992,16.0277,18.0231,18.3498,20.5507,13.5,18.7998
269,2013-09-27,00:00.0,0,1.5579,4.12227,4.73611,7.1035,8.73274,13.6916,13.9779,15.7172,16.0017,18.3233,13.4,16.3935
270,2013-09-28,00:00.0,0,1.35458,3.58031,4.1167,6.17371,7.58898,11.8957,12.1443,13.6544,13.9011,16.1178,13.3,14.2409
271,2013-09-29,00:00.0,0,1.1852,3.12989,3.60104,5.39986,6.63725,10.402,10.6194,11.9391,12.1545,14.1474,13.2,12.4511
272,2013-09-30,00:00.0,0.602849,0.984745,2.59229,2.9893,4.48095,5.50629,8.62399,8.80389,9.89584,10.0736,12.2129,11.3,10.3181
273,2013-10-01,00:00.0,1.80855,0.670578,1.74025,2.02742,3.03427,3.72409,5.81583,5.93623,6.66599,6.78306,9.76634,10.8,6.94377
274,2013-10-02,00:00.0,0,0.342134,0.847575,1.0212,1.52054,1.85895,2.87572,2.93376,3.28381,3.33718,6.82371,7.85,3.4098
275,2013-10-03,00:00.0,0,0.117063,0.258789,0.332738,0.488485,0.5927,0.902423,0.919927,1.02484,1.0398,4.17713,5.91,1.06216
276,2013-10-04,00:00.0,7.03324,0.00691232,0,0.00857939,0.00857939,0.00857939,0.00858469,0.00858469,0.00858469,0.00858469,2.32688,10.3,0.0108464
277,2013-10-05,00:00.0,1.40665,0,0,0,0,0,0,0,0,0,1.26579,10.4,0
278,2013-10-06,00:00.0,3.01425,0,0,0,0,0,0,0,0,0,0.768177,10.3,0
279,2013-10-07,00:00.0,43.6061,1.30178,3.48373,3.96585,5.95368,7.32719,11.5205,11.7626,13.2338,13.4781,3.72138,10.3,13.8088
280,2013-10-08,00:00.0,4.62184,2.37834,6.3582,7.24315,10.8723,13.3794,21.0323,21.4741,24.1581,24.6035,12.9723,10.5,25.2058
281,2013-10-09,00:00.0,0,1.97013,5.25471,5.99541,8.99677,11.0694,17.3936,17.7585,19.9746,20.3417,19.7265,10.5,20.8371
282,2013-10-10,00:00.0,0,1.5948,4.23961,4.84799,7.27196,8.94484,14.0468,14.3409,16.1266,16.4215,18.9604,10.7,16.8185
283,2013-10-11,00:00.0,0,1.23064,3.25335,3.73422,5.59742,6.88202,10.7964,11.0217,12.3889,12.6137,15.8758,10.7,12.9147
284,2013-10-12,00:00.0,0,0.905284,2.37218,2.73912,4.10132,5.039,7.89226,8.05614,9.04945,9.21162,12.4948,10.7,9.42691
285,2013-10-13,00:00.0,5.02374,0.614595,1.5849,1.85005,2.76462,3.39235,5.29759,5.40658,6.06585,6.17201,9.35597,10.7,6.31073
286,2013-10-14,00:00.0,0.803799,0.354878,0.881505,1.05571,1.57034,1.92115,2.97939,3.03933,3.40014,3.45628,6.55688,10.7,3.52658
287,2013-10-15,00:00.0,0,0.140229,0.306587,0.400907,0.586732,0.710888,1.07744,1.09737,1.21386,1.23021,4.17231,10.5,1.24949
288,2013-10-16,00:00.0,8.84179,0.114175,0.253657,0.327681,0.480324,0.582787,0.88634,0.902901,0.999757,1.01383,2.5998,10.5,1.02918
289,2013-10-17,00:00.0,0.803799,0.0901099,0.221869,0.267218,0.396998,0.485371,0.751654,0.76669,0.857047,0.87102,1.81498,10.6,0.886114
290,2013-10-18,00:00.0,14.2674,0.318901,0.840487,0.967343,1.44974,1.78188,2.79293,2.85116,3.20441,3.26222,1.87439,10.5,3.33742
291,2013-10-19,00:00.0,0,0.578015,1.5204,1.75226,2.62546,3.22645,5.05525,5.16052,5.79905,5.90337,3.13412,8.05,6.03863
292,2013-10-20,00:00.0,10.0475,0.706783,1.85623,2.14146,3.20795,3.9418,6.17445,6.30291,7.08193,7.20906,4.95426,5.98,7.3729
293,2013-10-21,00:00.0,3.41614,0.85532,2.23847,2.5876,3.87416,4.75929,7.4515,7.60616,8.5435,8.69623,6.73982,10.7,8.89273
294,2013-10-22,00:00.0,7.23419,0.952687,2.49024,2.88088,4.31254,5.29734,8.29225,8.46423,9.50637,9.67603,8.33216,10.8,9.89394
295,2013-10-23,00:00.0,0.602849,1.032,2.70403,3.12385,4.67797,5.74716,8.99935,9.1863,10.3196,10.5043,9.57576,12,10.7413
296,2013-10-24,00:00.0,0.803799,0.922038,2.41592,2.791,4.17953,5.1348,8.04046,8.20749,9.22003,9.38505,9.94762,12.6,9.59684
297,2013-10-25,00:00.0,1.2057,0.823794,2.1585,2.49362,3.7342,4.58769,7.18375,7.33298,8.23763,8.38507,9.40734,12.6,8.5743
298,2013-10-26,00:00.0,4.82279,0.8695,2.2817,2.63434,3.94615,4.84844,7.59266,7.75058,8.70831,8.86435,9.03875,12.6,9.06417
299,2013-10-27,00:00.0,8.43989,1.1928,3.14312,3.62787,5.44132,6.68562,10.465,10.6838,12.0124,12.2277,10.1649,12.7,12.5052
300,2013-10-28,00:00.0,0.602849,1.35501,3.58093,4.12616,6.19144,7.60881,11.9149,12.1645,13.6808,13.9268,12.2742,12.8,14.2456
301,2013-10-29,00:00.0,0,1.21746,3.22074,3.70354,5.55584,6.82942,10.7033,10.9273,12.2879,12.5098,13.1108,12.7,12.7971
302,2013-10-30,00:00.0,0.401899,1.08774,2.87757,3.30893,4.96386,6.10174,9.56284,9.76295,10.9787,11.1769,12.4431,14.4,11.4336
303,2013-10-31,00:00.0,13.6646,1.49618,3.98001,4.56019,6.84585,8.41874,13.2067,13.484,15.1695,15.4455,13.2606,21.7,15.8076
304,2013-11-01,00:00.0,0,1.83529,4.89397,5.59877,8.40776,10.3414,16.2293,16.5705,18.6454,18.9858,16.3114,21.7,19.435
305,2013-11-02,00:00.0,0,1.58001,4.20815,4.81857,7.23525,8.89827,13.9608,14.2541,16.0378,16.33,17.5266,23.7,16.7148
306,2013-11-03,00:00.0,1.40665,1.36241,3.61963,4.15189,6.23242,7.66337,12.0175,12.2696,13.8026,14.0531,16.0644,30.4,14.3815
307,2013-11-04,00:00.0,0,1.20191,3.18717,3.66053,5.49356,6.75385,10.5875,10.8094,12.1582,12.3783,14.2492,30.5,12.6656
308,2013-11-05,00:00.0,0,1.07384,2.84757,3.2705,4.90822,6.03422,9.45936,9.65765,10.8627,11.0594,12.6928,30.5,11.3161
309,2013-11-06,00:00.0,0,0.925506,2.45082,2.81773,4.22813,5.19748,8.14521,8.31584,9.35265,9.52157,11.2228,27.2,9.74161
310,2013-11-07,00:00.0,13.8655,1.27392,3.38685,3.88365,5.8305,7.16945,11.2436,11.4796,12.9148,13.1493,11.4388,15.4,13.458
311,2013-11-08,00:00.0,2.8133,1.67025,4.45005,5.09509,7.65109,9.40982,14.7633,15.0736,16.9606,17.2696,14.2433,43.2,17.6781
312,2013-11-09,00:00.0,1.00475,1.54764,4.11859,4.71849,7.08417,8.71195,13.6666,13.9537,15.6986,15.9843,16.1608,50.1,16.3607
313,2013-11-10,00:00.0,1.6076,1.38798,3.68786,4.22846,6.34672,7.8043,12.2407,12.4975,14.0581,14.3136,15.6732,49.5,14.6488
314,2013-11-11,00:00.0,2.61235,1.2902,3.42306,3.92788,5.89411,7.24709,11.3649,11.6031,13.0501,13.2869,14.5395,48.5,13.5963
315,2013-11-12,00:00.0,3.01425,1.29318,3.432,3.93661,5.90711,7.2634,11.3921,11.6308,13.0812,13.3188,13.8637,50,13.6293
316,2013-11-13,00:00.0,0,1.24673,3.31082,3.7957,5.69597,7.00421,10.9873,11.2176,12.6169,12.8463,13.5293,53.6,13.1464
317,2013-11-14,00:00.0,0,1.11389,2.95805,3.39127,5.08906,6.2579,9.81656,10.0223,11.2725,11.4775,12.7979,56,11.7457
318,2013-11-15,00:00.0,0,0.976433,2.5912,2.9722,4.45986,5.48386,8.60109,8.78132,9.87625,10.0556,11.5937,47.5,10.29
319,2013-11-16,00:00.0,0,0.819702,2.1701,2.49349,3.74058,4.59849,7.20887,7.35975,8.2761,8.42586,10.1624,42,8.62074
320,2013-11-17,00:00.0,5.62659,0.856825,2.26889,2.60654,3.91025,4.80717,7.53641,7.69416,8.65225,8.80887,9.26461,43.8,9.01318
321,2013-11-18,00:00.0,9.64558,1.24671,3.31733,3.79816,5.70111,7.01161,11.0028,11.2337,12.6369,12.8673,10.4219,43.6,13.1715
322,2013-11-19,00:00.0,1.00475,1.41682,3.77436,4.31723,6.4808,7.97145,12.5128,12.7755,14.3721,14.6347,12.8068,51,14.9826
323,2013-11-20,00:00.0,0,1.24601,3.31585,3.79466,5.69525,7.0048,10.9944,11.2251,12.6265,12.857,13.6396,54.6,13.1618
324,2013-11-21,00:00.0,0,1.11324,2.96255,3.39034,5.08842,6.25844,9.82296,10.029,11.2812,11.4871,12.8396,51.4,11.7594
325,2013-11-22,00:00.0,5.02374,1.16091,3.09356,3.53682,5.30904,6.53055,10.2529,10.4682,11.7762,11.9916,12.2831,41.4,12.2772
326,2013-11-23,00:00.0,3.01425,1.26483,3.37313,3.85371,5.78495,7.11656,11.1755,11.4102,12.8363,13.0715,12.6262,37.9,13.3839
327,2013-11-24,00:00.0,3.01425,1.19139,3.17623,3.6291,5.44735,6.70117,10.5232,10.7442,12.0864,12.3078,12.8537,42.7,12.6018
328,2013-11-25,00:00.0,0,1.06445,2.8378,3.24242,4.86693,5.98716,9.40198,9.59936,10.7986,10.9964,12.2344,29.3,11.2591
329,2013-11-26,00:00.0,0,0.951031,2.53543,2.89694,4.34836,5.34922,8.4002,8.57654,9.64803,9.82476,11.1778,4.09,10.0594
330,2013-11-27,00:00.0,0,0.849699,2.26528,2.58827,3.88504,4.77926,7.50515,7.66271,8.62003,8.77793,10.094,4.23,8.98761
331,2013-11-28,00:00.0,0,0.759163,2.02391,2.31249,3.47109,4.27003,6.70548,6.84624,7.70156,7.84264,9.09047,4.61,8.02998
332,2013-11-29,00:00.0,0.20095,0.678274,1.80826,2.06609,3.10124,3.81506,5.99101,6.11677,6.88096,7.007,8.1577,5.05,7.17438
333,2013-11-30,00:00.0,0,0.606003,1.61559,1.84595,2.7708,3.40856,5.35266,5.46503,6.14779,6.2604,7.32219,4.74,6.40995
334,2013-12-01,00:00.0,0,0.541434,1.44345,1.64926,2.47557,3.04538,4.78233,4.88273,5.49274,5.59335,6.58871,4.8,5.72696
335,2013-12-02,00:00.0,1.80855,0.470464,1.25311,1.4327,2.15029,2.64502,4.15287,4.24001,4.76942,4.85667,5.87153,4.79,4.97238
336,2013-12-03,00:00.0,0,0.394325,1.048,1.20007,1.80069,2.21458,3.47552,3.54837,3.99081,4.06357,5.11446,4.78,4.15977
337,2013-12-04,00:00.0,2.21045,0.336806,0.893673,1.02453,1.53701,1.89003,2.96522,3.02731,3.4044,3.46632,4.42748,4.79,3.54798
338,2013-12-05,00:00.0,2.61235,0.651285,1.73634,1.99114,2.9919,3.67877,5.76702,5.88855,6.62794,6.74843,4.87583,4.77,6.91012
339,2013-12-06,00:00.0,0,0.926095,2.4748,2.83337,4.25871,5.2375,8.21415,8.38746,9.44229,9.61442,6.85988,4.75,9.84591
340,2013-12-07,00:00.0,0,0.814883,2.17913,2.49048,3.74234,4.60361,7.22525,7.37753,8.30422,8.45603,8.27019,4.6,8.65942
341,2013-12-08,00:00.0,0.20095,0.724455,1.93703,2.21404,3.32691,4.09252,6.42288,6.55824,7.38195,7.51687,8.21089,4.96,7.69759
342,2013-12-09,00:00.0,3.21519,0.647264,1.73064,1.97813,2.97243,3.65646,5.73852,5.85945,6.5954,6.71595,7.6359,5.17,6.87741
343,2013-12-10,00:00.0,0.803799,0.578016,1.54546,1.76649,2.65441,3.26525,5.12453,5.23253,5.88972,5.99737,6.96405,4.72,6.14155
344,2013-12-11,00:00.0,1.00475,0.516146,1.38002,1.57741,2.37027,2.91572,4.57596,4.6724,5.25924,5.35536,6.30331,3.57,5.4841
345,2013-12-12,00:00.0,0.803799,0.46115,1.23298,1.40933,2.11772,2.60505,4.08839,4.17455,4.69886,4.78474,5.66557,3.65,4.89976
346,2013-12-13,00:00.0,3.01425,0.412014,1.1016,1.25917,1.89207,2.32748,3.65277,3.72975,4.1982,4.27493,5.07633,3.64,4.37769
347,2013-12-14,00:00.0,0.20095,0.368114,0.984226,1.125,1.69047,2.07949,3.26357,3.33234,3.75088,3.81943,4.5708,3.6,3.91125
348,2013-12-15,00:00.0,8.23894,0.328891,0.879356,1.00513,1.51035,1.85792,2.91583,2.97728,3.35122,3.41247,4.13033,3.6,3.4945
349,2013-12-16,00:00.0,11.2532,0.293848,0.78566,0.898036,1.34942,1.65996,2.60515,2.66005,2.99415,3.04887,3.71341,3.61,3.12216
350,2013-12-17,00:00.0,2.61235,0.262538,0.701948,0.80235,1.20564,1.48309,2.32757,2.37662,2.67512,2.72401,3.32915,3.61,2.78949
351,2013-12-18,00:00.0,2.61235,0.234565,0.627155,0.716859,1.07718,1.32506,2.07957,2.12339,2.39008,2.43377,2.98006,3.61,2.49227
352,2013-12-19,00:00.0,0.401899,0.209572,0.560331,0.640477,0.962407,1.18388,1.85799,1.89714,2.13542,2.17445,2.67357,3.61,2.22672
353,2013-12-20,00:00.0,1.00475,0.18613,0.497567,0.568815,0.85471,1.05138,1.64998,1.68475,1.89633,1.93097,2.41699,3.62,1.97737
354,2013-12-21,00:00.0,11.6551,0.154114,0.411021,0.470745,0.707204,0.869743,1.36416,1.39288,1.5676,1.59613,2.15881,4.67,1.63421
355,2013-12-22,00:00.0,23.3102,0.327963,0.899419,1.01129,1.52467,1.87919,2.96207,3.02541,3.41212,3.47658,2.33869,5.53,3.56533
356,2013-12-23,00:00.0,2.61235,0.484119,1.33806,1.4968,2.25889,2.78581,4.39722,4.49165,5.06874,5.16546,3.32592,5.37,5.2997
357,2013-12-24,00:00.0,0,0.422294,1.16731,1.30583,1.97076,2.43047,3.83622,3.91861,4.42218,4.50656,4.15138,5.57,4.62366
358,2013-12-25,00:00.0,0,0.377298,1.04293,1.16669,1.76078,2.1715,3.42747,3.50108,3.95099,4.02638,4.26599,5.55,4.13101
359,2013-12-26,00:00.0,8.64084,0.337097,0.931804,1.04238,1.57317,1.94013,3.06227,3.12804,3.53001,3.59737,4.0859,5.73,3.69085
360,2013-12-27,00:00.0,0.803799,0.301179,0.83252,0.931312,1.40554,1.73341,2.73598,2.79475,3.15389,3.21407,3.78579,5.69,3.29759
361,2013-12-28,00:00.0,0,0.268806,0.743038,0.831213,1.25448,1.5471,2.44191,2.49436,2.81491,2.86862,3.44817,5.7,2.94316
362,2013-12-29,00:00.0,0,0.234621,0.64861,0.7256,1.09513,1.35058,2.13167,2.17746,2.45734,2.50422,3.09493,5.9,2.56929
363,2013-12-30,00:00.0,0,0.19108,0.528474,0.591276,0.892557,1.10074,1.73713,1.77446,2.00274,2.04093,2.71106,5.91,2.09394
364,2013-12-31,00:00.0,0.602849,0.157441,0.43562,0.487445,0.735943,0.907581,1.43213,1.46293,1.65128,1.68275,2.3461,5.57,1.72645
365,2014-01-01,00:00.0,1.00475,0.140666,0.389205,0.435507,0.657528,0.810878,1.27954,1.30706,1.47534,1.50346,2.05028,5.49,1.5425
366,2014-01-02,00:00.0,0,0.125678,0.347735,0.389104,0.587468,0.724478,1.1432,1.16779,1.31814,1.34326,1.80504,5.58,1.37815
367,2014-01-03,00:00.0,0,0.112287,0.310684,0.347645,0.524873,0.647285,1.02139,1.04336,1.17769,1.20014,1.59706,5.44,1.2313
368,2014-01-04,00:00.0,0,0.100323,0.27758,0.310603,0.468948,0.578317,0.912564,0.932191,1.05221,1.07226,1.41775,5.34,1.10011
369,2014-01-05,00:00.0,4.82279,0.0896332,0.248004,0.277508,0.418981,0.516697,0.81533,0.832866,0.940093,0.958012,1.26134,5.3,0.982891
370,2014-01-06,00:00.0,19.894,0.0731231,0.202426,0.22654,0.342101,0.421878,0.665616,0.679942,0.767567,0.78219,1.10575,5.25,0.802496
371,2014-01-07,00:00.0,3.01425,0.0583721,0.161704,0.181003,0.273412,0.337163,0.531855,0.543313,0.613424,0.625101,0.955247,5.32,0.641322
372,2014-01-08,00:00.0,1.40665,0.0521526,0.144475,0.161717,0.244279,0.301238,0.475185,0.485423,0.548064,0.558496,0.847834,5.29,0.572989
373,2014-01-09,00:00.0,0.602849,0.0465957,0.129081,0.144486,0.218251,0.269141,0.424554,0.433701,0.489667,0.498988,0.771189,4.41,0.511937
374,2014-01-10,00:00.0,1.80855,0.0416309,0.115327,0.129091,0.194997,0.240464,0.379318,0.38749,0.437493,0.445821,0.699275,4.01,0.45739
375,2014-01-11,00:00.0,14.8703,0.0307818,0.0853895,0.0956165,0.144512,0.1782,0.280994,0.28706,0.3242,0.330362,0.622393,3.98,0.338927
376,2014-01-12,00:00.0,9.24369,0.442617,1.19231,1.35988,2.05506,2.52854,3.96037,4.045,4.55759,4.63966,1.33258,4.01,4.75088
377,2014-01-13,00:00.0,0,0.810024,2.17978,2.48776,3.75951,4.62534,7.24278,7.39749,8.33423,8.48402,3.73304,4.63,8.6868
378,2014-01-14,00:00.0,0,0.839886,2.26183,2.58392,3.9108,4.81088,7.52519,7.68651,8.66231,8.81684,6.42784,4.97,9.02611
379,2014-01-15,00:00.0,0.401899,0.866566,2.33514,2.66984,4.04597,4.97666,7.77751,7.94473,8.95544,9.1142,8.05222,4.84,9.32926
380,2014-01-16,00:00.0,1.2057,0.76086,2.04953,2.34425,3.55292,4.36999,6.82807,6.97489,7.8622,8.00137,8.48873,5.26,8.18983
381,2014-01-17,00:00.0,7.23419,0.668703,1.80064,2.06038,3.123,3.84102,6.00043,6.12947,6.90921,7.03135,7.98453,5.52,7.19666
382,2014-01-18,00:00.0,4.01899,0.585819,1.57676,1.80508,2.73636,3.36529,5.25605,5.3691,6.05208,6.15889,7.22972,8.08,6.30338
383,2014-01-19,00:00.0,1.00475,0.51644,1.38961,1.59135,2.41256,2.96695,4.63317,4.73284,5.33487,5.42891,6.47015,10.1,5.55608
384,2014-01-20,00:00.0,1.00475,0.45935,1.23586,1.41544,2.14594,2.63903,4.12087,4.20952,4.74499,4.82859,5.76838,10.6,4.94164
385,2014-01-21,00:00.0,0,0.408342,1.0985,1.25828,1.90773,2.34605,3.66316,3.74196,4.21795,4.29224,5.1355,7.78,4.39267
386,2014-01-22,00:00.0,0,0.364833,0.981457,1.12421,1.70446,2.09608,3.27285,3.34326,3.76853,3.8349,4.60269,5.26,3.92463
387,2014-01-23,00:00.0,1.00475,0.32596,0.876883,1.00443,1.52285,1.87274,2.92413,2.98703,3.36699,3.42629,4.15007,5.43,3.50646
388,2014-01-24,00:00.0,0,0.291229,0.783451,0.897405,1.36059,1.6732,2.61256,2.66876,3.00824,3.06122,3.72888,5.56,3.13285
389,2014-01-25,00:00.0,13.4636,0.260199,0.699974,0.801786,1.21689,1.49619,2.33546,2.38567,2.68898,2.73631,3.34223,5.54,2.80031
390,2014-01-26,00:00.0,2.61235,0.232474,0.625391,0.716355,1.08986,1.3394,2.08924,2.13411,2.40509,2.44738,2.99236,5.43,2.50456
391,2014-01-27,00:00.0,7.23419,0.207704,0.558755,0.640027,0.976398,1.19935,1.8693,1.90938,2.15149,2.18928,2.68504,5.37,2.24037
392,2014-01-28,00:00.0,0.20095,0.185573,0.49922,0.571832,0.874935,1.07413,1.6727,1.70851,1.92482,1.95858,2.43138,5.38,2.00423
393,2014-01-29,00:00.0,0,0.1658,0.446028,0.510903,0.784193,0.962165,1.49695,1.52895,1.72222,1.75238,2.20994,5.4,1.79316
394,2014-01-30,00:00.0,0.401899,0.148134,0.398503,0.456466,0.703033,0.862042,1.33985,1.36844,1.54111,1.56806,1.99747,5.44,1.60449
395,2014-01-31,00:00.0,1.80855,0.13235,0.356043,0.40783,0.630437,0.772503,1.1994,1.22494,1.37922,1.40329,1.79906,5.47,1.43585
396,2014-02-01,00:00.0,2.21045,0.112705,0.302851,0.347331,0.539452,0.660387,1.02342,1.04517,1.17649,1.1969,1.60227,5.5,1.22445
397,2014-02-02,00:00.0,14.6693,0.0863146,0.231004,0.266102,0.416438,0.508934,0.785599,0.802262,0.902695,0.91806,1.38097,5.56,0.938708
398,2014-02-03,00:00.0,0.20095,0.0599915,0.159654,0.184823,0.292737,0.356919,0.547886,0.559464,0.628974,0.639384,1.13182,5.62,0.653208
399,2014-02-04,00:00.0,0,0.0453113,0.12023,0.13938,0.223339,0.271781,0.415484,0.424223,0.476489,0.484233,0.922781,5.76,0.494401
400,2014-02-05,00:00.0,5.62659,0.0404833,0.107419,0.124529,0.200588,0.243869,0.372261,0.380068,0.426766,0.433685,0.792846,5.85,0.442769
401,2014-02-06,00:00.0,7.23419,0.0361698,0.0959738,0.11126,0.180225,0.218894,0.333606,0.340582,0.382303,0.388485,0.699187,5.72,0.396602
402,2014-02-07,00:00.0,1.80855,0.0323159,0.0857478,0.0994055,0.161997,0.196546,0.299035,0.305267,0.342543,0.348067,0.618061,5.54,0.355318
403,2014-02-08,00:00.0,0,0.0288726,0.0766113,0.0888138,0.145676,0.176544,0.268113,0.273681,0.306986,0.31192,0.547483,5.49,0.3184
404,2014-02-09,00:00.0,0.602849,0.0257962,0.0684483,0.0793506,0.131062,0.158641,0.240453,0.245428,0.275184,0.279593,0.485843,5.46,0.285381
405,2014-02-10,00:00.0,2.0095,0.0230476,0.0611551,0.0708958,0.117973,0.142613,0.215708,0.220153,0.246739,0.250678,0.431823,5.48,0.25585
406,2014-02-11,00:00.0,0,0.0205919,0.054639,0.0633418,0.106248,0.128263,0.19357,0.197541,0.221294,0.224813,0.384341,5.48,0.229434
407,2014-02-12,00:00.0,0,0.0183978,0.0488172,0.0565927,0.0957429,0.115412,0.17376,0.177308,0.19853,0.201675,0.342496,5.58,0.205803
408,2014-02-13,00:00.0,0,0.0164375,0.0436157,0.0505627,0.0863285,0.103902,0.156033,0.159203,0.178164,0.180973,0.305535,5.55,0.184662
409,2014-02-14,00:00.0,0,0.0146861,0.0389685,0.0451753,0.0778896,0.0935905,0.140167,0.142999,0.15994,0.16245,0.272823,5.32,0.165745
410,2014-02-15,00:00.0,0,0.00692984,0.0183878,0.0213166,0.040872,0.0482807,0.0702584,0.0715949,0.0795885,0.0807729,0.233953,5.42,0.082328
411,2014-02-16,00:00.0,1.6076,0,0,0,0.00770627,0.00770627,0.00770627,0.00770627,0.00770627,0.00770627,0.185006,5.54,0.00770627
412,2014-02-17,00:00.0,0.803799,0,0,0,0.00743659,0.00743659,0.00743659,0.00743659,0.00743659,0.00743659,0.140472,5.36,0.00743659
413,2014-02-18,00:00.0,8.03799,0,0,0,0.00717635,0.00717635,0.00717635,0.00717635,0.00717635,0.00717635,0.107049,5.22,0.00717635
414,2014-02-19,00:00.0,0,0,0,0,0.0065399,0.0065399,0.0065399,0.0065399,0.0065399,0.0065399,0.0805122,4.97,0.0065399
415,2014-02-20,00:00.0,0,0,0,0,0.00532084,0.00532084,0.00532084,0.00532084,0.00532084,0.00532084,0.0582202,4.91,0.00532084
416,2014-02-21,00:00.0,13.0617,0,0,0,0.00406883,0.00406883,0.00406883,0.00406883,0.00406883,0.00406883,0.0409403,4.86,0.00406883
417,2014-02-22,00:00.0,0.401899,0,0,0,0.00286063,0.00286063,0.00286063,0.00286063,0.00286063,0.00286063,0.0276887,7.74,0.00286063
418,2014-02-23,00:00.0,0,0,0,0,0.00155075,0.00155075,0.00155075,0.00155075,0.00155075,0.00155075,0.0169276,10.1,0.00155075
419,2014-02-24,00:00.0,1.2057,0,0,0,0.000657504,0.000657504,0.000657504,0.000657504,0.000657504,0.000657504,0.00992883,10.1,0.000657504
420,2014-02-25,00:00.0,1.80855,0,0,0,0.000400404,0.000400404,0.000400404,0.000400404,0.000400404,0.000400404,0.00672492,9.75,0.000400404
421,2014-02-26,00:00.0,2.21045,0,0,0,0.000386392,0.000386392,0.000386392,0.000386392,0.000386392,0.000386392,0.00513579,6.52,0.000386392
422,2014-02-27,00:00.0,0,0,0,0,0.000372871,0.000372871,0.000372871,0.000372871,0.000372871,0.000372871,0.00394205,4.23,0.000372871
423,2014-02-28,00:00.0,1.6076,0,0,0,0.000359822,0.000359822,0.000359822,0.000359822,0.000359822,0.000359822,0.0030446,4.21,0.000359822
424,2014-03-01,00:00.0,0,0,0,0,0.00034723,0.00034723,0.00034723,0.00034723,0.00034723,0.00034723,0.00236917,4.21,0.00034723
425,2014-03-02,00:00.0,2.61235,0,0,0,0.000335079,0.000335079,0.000335079,0.000335079,0.000335079,0.000335079,0.00186017,4.21,0.000335079
426,2014-03-03,00:00.0,0,0,0,0,0.000323353,0.000323353,0.000323353,0.000323353,0.000323353,0.000323353,0.00147592,4.21,0.000323353
427,2014-03-04,00:00.0,0,0,0,0,0.000312037,0.000312037,0.000312037,0.000312037,0.000312037,0.000312037,0.00118522,4.22,0.000312037
428,2014-03-05,00:00.0,3.61709,0,0,0,0.000301118,0.000301118,0.000301118,0.000301118,0.000301118,0.000301118,0.00096469,4.21,0.000301118
429,2014-03-06,00:00.0,0.602849,0,0,0,0.00029058,0.00029058,0.00029058,0.00029058,0.00029058,0.00029058,0.00079682,4.16,0.00029058
430,2014-03-07,00:00.0,0,0,0,0,0.000280411,0.000280411,0.000280411,0.000280411,0.000280411,0.000280411,0.000668484,4.18,0.000280411
431,2014-03-08,00:00.0,0,0,0,0,0.000270598,0.000270598,0.000270598,0.000270598,0.000270598,0.000270598,0.000569851,7.14,0.000270598
432,2014-03-09,00:00.0,0,0,0,0,0.00013289,0.00013289,0.00013289,0.00013289,0.00013289,0.00013289,0.000263454,9.83,0.00013289
433,2014-03-10,00:00.0,0,0,0,0,0,0,0,0,0,0,0,10,0
434,2014-03-11,00:00.0,0,0,0,0,0,0,0,0,0,0,0,9.31,0
435,2014-03-12,00:00.0,1.6076,0.727404,1.935,2.23968,3.40676,4.1844,6.49882,6.6391,7.48066,7.60698,1.28738,8.89,7.77594
436,2014-03-13,00:00.0,2.8133,1.3773,3.66383,4.24073,6.45387,7.92629,12.3085,12.5741,14.1676,14.4068,5.99798,8.38,14.7267
437,2014-03-14,00:00.0,0,1.23055,3.27345,3.78888,5.77428,7.08981,11.0051,11.2424,12.6661,12.8798,10.6459,8.1,13.1656
438,2014-03-15,00:00.0,0.602849,1.09227,2.90494,3.36313,5.13466,6.30226,9.77664,9.98728,11.2508,11.4403,11.8073,4.51,11.6937
439,2014-03-16,00:00.0,0,0.961553,2.55597,2.96072,4.52903,5.55673,8.61337,8.79882,9.9109,10.0773,11.2558,2.84,10.2998
440,2014-03-17,00:00.0,0,0.851932,2.26391,2.62322,4.02096,4.93141,7.63861,7.80291,8.78809,8.93536,10.24,2.9,9.13212
441,2014-03-18,00:00.0,0,0.761159,2.02269,2.34371,3.60026,4.4137,6.83245,6.97924,7.85944,7.99103,9.22808,3.03,8.16682
442,2014-03-19,00:00.0,0,0.679835,1.80656,2.0933,3.22307,3.94959,6.10988,6.24099,7.02715,7.14467,8.29172,3.25,7.30167
443,2014-03-20,00:00.0,5.62659,0.572503,1.52005,1.76177,2.72071,3.33252,5.14981,5.26019,5.92127,6.0197,7.31821,3.78,6.15037
444,2014-03-21,00:00.0,0,0.458435,1.21535,1.40831,2.18295,2.67265,4.12512,4.2134,4.74066,4.81881,6.24891,3.86,4.9216
445,2014-03-22,00:00.0,6.63134,0.384934,1.01974,1.1806,1.83621,2.2471,3.4656,3.53962,3.98076,4.0462,5.2476,3.84,4.13211
446,2014-03-23,00:00.0,0,0.317241,0.839548,0.97079,1.51616,1.85445,2.85742,2.9183,3.28005,3.33377,4.43179,3.78,3.40411
447,2014-03-24,00:00.0,0,0.263022,0.695345,0.80305,1.26007,1.54026,2.37077,2.42115,2.71957,2.76393,3.75308,3.73,2.82187
448,2014-03-25,00:00.0,0,0.234997,0.621256,0.717485,1.12977,1.38011,2.12213,2.16714,2.43377,2.47339,3.20551,3.89,2.52516
449,2014-03-26,00:00.0,1.00475,0.209958,0.555061,0.641037,1.01322,1.23688,1.89984,1.94006,2.17827,2.21368,2.79317,3.97,2.25993
450,2014-03-27,00:00.0,0,0.187587,0.495919,0.572734,0.908953,1.10879,1.70111,1.73704,1.94987,1.9815,2.48916,4.08,2.02282
451,2014-03-28,00:00.0,11.4541,0.1676,0.443078,0.511709,0.815666,0.994206,1.52341,1.55552,1.74567,1.77393,2.25088,4.25,1.81085
452,2014-03-29,00:00.0,2.21045,0.381088,1.01908,1.16714,1.81746,2.22762,3.44492,3.51902,3.95819,4.02387,2.56908,4.44,4.11054
453,2014-03-30,00:00.0,0,0.545345,1.4627,1.66932,2.58531,3.1738,4.92082,5.02722,5.65671,5.75112,3.7189,4.79,5.87587
454,2014-03-31,00:00.0,0,0.430787,1.16986,1.31836,2.0533,2.52331,3.9202,4.00553,4.50794,4.58402,4.48331,5.14,4.68537
455,2014-04-01,00:00.0,0,0.969743,2.61863,2.98717,4.5893,5.63976,8.77149,8.96188,10.0987,10.2716,6.23483,5.14,10.5049
456,2014-04-02,00:00.0,0,2.47282,6.62514,7.61983,11.6246,14.2796,22.2104,22.6894,25.568,26.0071,14.3754,5.52,26.5987
457,2014-04-03,00:00.0,0,3.25051,8.70799,10.0185,15.2845,18.7724,29.1993,29.8281,33.6125,34.191,26.4301,5.67,34.9701
458,2014-04-04,00:00.0,0,2.95376,7.92277,9.10965,13.9318,17.1051,26.5919,27.1644,30.6108,31.1377,31.9655,13.9,31.848
459,2014-04-05,00:00.0,12.8608,3.47931,9.33905,10.7266,16.3966,20.1312,31.3205,31.9931,36.0493,36.6747,34.2376,20.8,37.5187
460,2014-04-06,00:00.0,0,3.94885,10.6044,12.1713,18.608,22.8442,35.5545,36.3166,40.9176,41.6309,39.1646,21.6,42.5944
461,2014-04-07,00:00.0,0,3.58269,9.63399,11.0454,16.9404,20.7889,32.3355,33.0283,37.2095,37.8579,40.4398,27.4,38.7343
462,2014-04-08,00:00.0,6.83229,4.29468,11.5482,13.2409,20.3019,24.9142,38.7562,39.5863,44.598,45.3758,42.3147,37.7,46.4277
463,2014-04-09,00:00.0,1.80855,5.86749,15.7482,18.0811,27.6965,33.9866,52.8636,53.9946,60.8245,61.8843,53.5754,54.7,63.3153
464,2014-04-10,00:00.0,0,6.9534,18.6478,21.4205,32.8596,40.3091,62.6605,63.9996,72.0839,73.3372,68.0008,96.7,75.0284
465,2014-04-11,00:00.0,0,13.1701,35.1977,40.1053,61.6252,75.7177,117.82,120.348,135.323,137.632,108.169,105,140.702
466,2014-04-12,00:00.0,0,17.1525,43.4409,52.7992,79.8258,97.357,149.626,152.752,172.427,175.332,162.197,150,179.148
467,2014-04-13,00:00.0,22.5064,14.1033,35.3656,44.0679,66.3319,80.5796,123.288,125.823,142.359,144.796,163.504,180,148.035
468,2014-04-14,00:00.0,1.40665,12.2753,32.9421,38.1102,58.6093,71.6915,111.254,113.591,127.947,130.214,138.481,185,133.296
469,2014-04-15,00:00.0,11.4541,11.4649,30.8936,35.4118,54.7957,67.0022,104.145,106.315,119.621,121.784,128.243,210,124.745
470,2014-04-16,00:00.0,2.0095,10.6966,28.8868,32.9416,51.4036,62.7857,97.5357,99.5548,111.92,113.961,120.29,225,116.766
471,2014-04-17,00:00.0,0,9.55685,25.8089,29.4317,46.4658,56.6351,87.6821,89.486,100.534,102.358,110.483,116,104.863
472,2014-04-18,00:00.0,0.20095,8.59484,23.2135,26.4621,42.2519,51.3959,79.3222,80.9438,90.8785,92.521,99.5892,39.9,94.7794
473,2014-04-19,00:00.0,1.40665,7.75184,20.9682,23.8189,38.443,46.6853,71.9208,73.38,82.3181,83.8124,90.23,33.1,85.8731
474,2014-04-20,00:00.0,0,6.95687,18.8716,21.3025,34.7797,42.172,64.9003,66.205,74.1869,75.5468,81.6665,28.7,77.431
475,2014-04-21,00:00.0,0,6.24549,17.0168,19.0237,31.4372,38.068,58.584,59.7489,66.8574,68.1036,73.7372,19.1,69.8349
476,2014-04-22,00:00.0,4.42089,5.64916,15.5038,17.0909,28.5954,34.6056,53.3287,54.3752,60.7561,61.9077,66.8023,14.8,63.4744
477,2014-04-23,00:00.0,1.2057,5.00486,13.7954,15.0893,25.6518,30.9913,47.6686,48.5922,54.2312,55.2592,60.3207,18,56.6241
478,2014-04-24,00:00.0,0,4.34925,11.9888,13.1053,22.7077,27.3459,41.8406,42.6422,47.5366,48.4307,53.6157,21.6,49.6164
479,2014-04-25,00:00.0,0,3.81241,10.5094,11.4832,20.2626,24.3272,37.034,37.7361,42.0227,42.8069,47.3673,23.5,43.846
480,2014-04-26,00:00.0,7.23419,3.4211,9.41634,10.2996,18.4174,22.0597,33.4446,34.0733,37.9138,38.6157,42.2606,24.4,39.544
481,2014-04-27,00:00.0,0,3.11867,8.56966,9.38716,16.965,20.2811,30.6414,31.2136,34.7111,35.3487,38.3921,24.4,36.1912
482,2014-04-28,00:00.0,0,2.70423,7.4305,8.13439,14.9872,17.8611,26.8451,27.3405,30.3688,30.9221,34.5604,11.3,31.6522
483,2014-04-29,00:00.0,1.00475,2.23084,6.12896,6.69805,12.6883,15.0557,22.4682,22.8751,25.3631,25.8205,29.8838,4.81,26.4217
484,2014-04-30,00:00.0,28.133,2.77113,7.55778,8.35525,15.0509,17.9868,27.1155,27.6237,30.7286,31.2837,29.2149,9.3,32.0185
485,2014-05-01,00:00.0,2.0095,3.26084,8.8536,9.85736,17.2236,20.6749,31.3601,31.9601,35.6244,36.268,33.5017,26.2,37.1243
486,2014-05-02,00:00.0,2.21045,2.81916,7.65106,8.51604,15.1446,18.1261,27.3607,27.8785,31.0408,31.5971,34.4472,36.2,32.3361
487,2014-05-03,00:00.0,3.81804,2.59582,7.03898,7.83992,14.0649,16.8083,25.3037,25.7801,28.6901,29.2015,31.6727,38.4,29.8801
488,2014-05-04,00:00.0,6.43039,2.58964,7.00898,7.82633,13.9764,16.7112,25.1683,25.6437,28.5483,29.0558,30.1376,26.8,29.7292
489,2014-05-05,00:00.0,0,2.50894,6.78438,7.58746,13.5523,16.2016,24.3862,24.8472,27.6639,28.1541,29.4246,21,28.8048
490,2014-05-06,00:00.0,0,2.24162,6.0615,6.77902,12.2673,14.6343,21.9468,22.3587,24.8753,25.3133,27.7594,17.6,25.8946
491,2014-05-07,00:00.0,0,2.00277,5.41565,6.05671,11.1022,13.2169,19.7503,20.1183,22.3668,22.7581,25.2442,11.7,23.2775
492,2014-05-08,00:00.0,0,1.78937,4.83861,5.41137,10.046,11.9354,17.7726,18.1014,20.1103,20.4599,22.7932,9.59,20.924
493,2014-05-09,00:00.0,0,1.46526,3.95578,4.42443,8.4509,9.9947,14.7675,15.0355,16.6735,16.9593,19.9372,6.45,17.3371
494,2014-05-10,00:00.0,6.02849,1.06327,2.84394,3.19193,6.44165,7.55026,10.9823,11.1731,12.3403,12.5446,16.1639,6.89,12.8099
495,2014-05-11,00:00.0,0,0.674701,1.76964,2.00033,4.48303,5.17101,7.30762,7.42382,8.13575,8.26144,12.0819,8.54,8.41818
496,2014-05-12,00:00.0,0,0.30649,0.765606,0.876073,2.63948,2.93371,3.86017,3.90688,4.19479,4.24802,8.2546,8.51,4.30806
497,2014-05-13,00:00.0,15.6741,0.476984,1.24127,1.4241,3.32908,3.81566,5.3115,5.39465,5.90246,5.98847,6.21772,8.51,6.09941
498,2014-05-14,00:00.0,10.0475,0.721753,1.89926,2.18956,4.3532,5.10402,7.38855,7.5201,8.32043,8.45099,6.65537,8.59,8.62481
499,2014-05-15,00:00.0,12.057,0.65319,1.67294,1.96367,3.88307,4.5464,6.55698,6.67187,7.36916,7.48074,7.28614,8.18,7.62577
500,2014-05-16,00:00.0,10.2484,0.756243,1.92312,2.26653,4.23694,4.99973,7.31066,7.44231,8.24005,8.36751,7.61366,14,8.53221
501,2014-05-17,00:00.0,0,0.79896,2.03632,2.39521,4.37428,5.18152,7.62882,7.7682,8.61271,8.74805,8.25437,19.3,8.92296
502,2014-05-18,00:00.0,0,0.71383,1.81935,2.14,3.956,4.67723,6.86377,6.98829,7.74282,7.86374,8.39045,19.4,8.02002
503,2014-05-19,00:00.0,0,0.637772,1.6255,1.91198,3.57842,4.2228,6.17636,6.28762,6.96175,7.06979,7.90427,14.8,7.20941
504,2014-05-20,00:00.0,0,0.451065,1.1255,1.34312,2.6729,3.1202,4.47187,4.54839,5.01117,5.08402,6.83116,10.6,5.17598
505,2014-05-21,00:00.0,12.6598,0.478408,1.19392,1.42255,2.73138,3.20557,4.64001,4.72158,5.21594,5.29591,5.82623,6.32,5.40017
506,2014-05-22,00:00.0,1.00475,0.386321,0.934395,1.13525,2.2334,2.60562,3.72768,3.7913,4.17698,4.2401,5.11678,4.74,4.32316
507,2014-05-23,00:00.0,0.401899,0.0580368,0.0989594,0.15363,0.711663,0.752932,0.870411,0.876483,0.912478,0.917492,3.68468,4.75,0.922379
508,2014-05-24,00:00.0,0,0,0,0,0.457849,0.457849,0.457849,0.457849,0.457849,0.457849,2.23485,4.77,0.457849
509,2014-05-25,00:00.0,0,0,0,0,0.407922,0.407922,0.407922,0.407922,0.407922,0.407922,1.40649,4.76,0.407922
510,2014-05-26,00:00.0,0,0,0,0,0.337216,0.337216,0.337216,0.337216,0.337216,0.337216,0.891605,4.78,0.337216
511,2014-05-27,00:00.0,0,0,0,0,0.268377,0.268377,0.268377,0.268377,0.268377,0.268377,0.6214,4.8,0.268377
512,2014-05-28,00:00.0,0,0,0,0,0.217833,0.217833,0.217833,0.217833,0.217833,0.217833,0.430647,4.84,0.217833
513,2014-05-29,00:00.0,0,0,0,0,0.183658,0.183658,0.183658,0.183658,0.183658,0.183658,0.277139,4.89,0.183658
514,2014-05-30,00:00.0,0,0,0,0,0.153105,0.153105,0.153105,0.153105,0.153105,0.153105,0.16279,4.86,0.153105
515,2014-05-31,00:00.0,0,0,0,0,0.123622,0.123622,0.123622,0.123622,0.123622,0.123622,0.0696075,4.87,0.123622
516,2014-06-01,00:00.0,0,0,0,0,0.0927441,0.0927441,0.0927441,0.0927441,0.0927441,0.0927441,0.0112907,4.88,0.0927441
517,2014-06-02,00:00.0,0,0,0,0,0.0698615,0.0698615,0.0698615,0.0698615,0.0698615,0.0698615,0,4.91,0.0698615
518,2014-06-03,00:00.0,3.81804,0,0,0,0.0433243,0.0433243,0.0433243,0.0433243,0.0433243,0.0433243,0,4.69,0.0433243
519,2014-06-04,00:00.0,0,0,0,0,0.0122528,0.0122528,0.0122528,0.0122528,0.0122528,0.0122528,0,4.54,0.0122528
520,2014-06-05,00:00.0,0,0,0,0,0,0,0,0,0,0,0,4.56,0
521,2014-06-06,00:00.0,0,0,0,0,0,0,0,0,0,0,0,4.46,0
522,2014-06-07,00:00.0,0,0,0,0,0,0,0,0,0,0,0,4.32,0
523,2014-06-08,00:00.0,0,0,0,0,0,0,0,0,0,0,0,4.28,0
524,2014-06-09,00:00.0,4.21994,0,0,0,0,0,0,0,0,0,0,4.3,0
525,2014-06-10,00:00.0,0,0,0,0,0,0,0,0,0,0,0,4.29,0
526,2014-06-11,00:00.0,2.61235,0,0,0,0,0,0,0,0,0,0,4.29,0
527,2014-06-12,00:00.0,8.43989,0,0,0,0,0,0,0,0,0,0,4.31,0
528,2014-06-13,00:00.0,7.03324,0,0,0,0,0,0,0,0,0,0,4.35,0
529,2014-06-14,00:00.0,0,0,0,0,0,0,0,0,0,0,0,4.29,0
530,2014-06-15,00:00.0,0,0,0,0,0,0,0,0,0,0,0,4.28,0
531,2014-06-16,00:00.0,2.61235,0,0,0,0,0,0,0,0,0,0,4.31,0
532,2014-06-17,00:00.0,0,0,0,0,0,0,0,0,0,0,0,4.33,0
533,2014-06-18,00:00.0,10.6503,0,0,0,0,0,0,0,0,0,0,4.37,0
534,2014-06-19,00:00.0,1.40665,0,0,0,0,0,0,0,0,0,0,4.35,0
535,2014-06-20,00:00.0,0,0,0,0,0,0,0,0,0,0,0,4.32,0
536,2014-06-21,00:00.0,0,0,0,0,0,0,0,0,0,0,0,4.46,0
537,2014-06-22,00:00.0,0,0,0,0,0,0,0,0,0,0,0,4.54,0
538,2014-06-23,00:00.0,0,0,0,0,0,0,0,0,0,0,0,4.56,0
539,2014-06-24,00:00.0,3.61709,0,0,0,0,0,0,0,0,0,0,4.56,0
540,2014-06-25,00:00.0,12.6598,0,0,0,0,0,0,0,0,0,0,4.59,0
541,2014-06-26,00:00.0,0,0,0,0,0,0,0,0,0,0,0,5.54,0
542,2014-06-27,00:00.0,0,0,0,0,0,0,0,0,0,0,0,5.13,0
543,2014-06-28,00:00.0,0,0,0,0,0,0,0,0,0,0,0,5.13,0
544,2014-06-29,00:00.0,0,0,0,0,0,0,0,0,0,0,0,5.14,0
545,2014-06-30,00:00.0,9.24369,0,0,0,0,0,0,0,0,0,0,5.17,0
546,2014-07-01,00:00.0,0.20095,0,0,0,0,0,0,0,0,0,0,7.18,0
547,2014-07-02,00:00.0,4.42089,0,0,0,0,0,0,0,0,0,0,7.1,0
548,2014-07-03,00:00.0,0.803799,0,0,0,0,0,0,0,0,0,0,5.18,0
549,2014-07-04,00:00.0,0,0,0,0,0,0,0,0,0,0,0,5.19,0
550,2014-07-05,00:00.0,0,0,0,0,0,0,0,0,0,0,0,5.2,0
551,2014-07-06,00:00.0,0,0,0,0,0,0,0,0,0,0,0,5.23,0
552,2014-07-07,00:00.0,27.3292,0.0139324,0.0121953,0.0320577,0.0421939,0.0480836,0.0620968,0.0624606,0.0629531,0.0629531,0,5.26,0.072203
553,2014-07-08,00:00.0,1.00475,0.0139324,0.0121953,0.0320577,0.0421939,0.0480836,0.0620979,0.0624617,0.0629542,0.0629542,0,5.31,0.0723822
554,2014-07-09,00:00.0,27.5301,0.335424,0.880083,1.02257,1.53473,1.88421,2.94169,3.00324,3.37769,3.43693,0,5.31,3.51917
555,2014-07-10,00:00.0,0.20095,0.635108,1.66639,1.93618,2.90594,3.56765,5.56994,5.68649,6.39548,6.50766,0,10.8,6.66304
556,2014-07-11,00:00.0,0.20095,0.567437,1.48884,1.72988,2.59631,3.18752,4.97646,5.08059,5.71404,5.81426,0.7407,13.2,5.95309
557,2014-07-12,00:00.0,24.114,0.993553,2.6265,3.03292,4.5546,5.59583,8.75313,8.93687,10.0549,10.234,3.70526,10.6,10.4788
558,2014-07-13,00:00.0,12.2579,1.3167,3.46296,4.01628,6.02914,7.40369,11.5652,11.8075,13.2815,13.5158,8.22874,6.58,13.8306
559,2014-07-14,00:00.0,2.8133,0.8257,2.10728,2.50615,3.75376,4.59609,7.1239,7.27128,8.16674,8.30232,9.72997,6.61,8.47927
560,2014-07-15,00:00.0,10.0475,0.563742,1.38445,1.69999,2.5389,3.0973,4.75415,4.85089,5.43744,5.52052,7.91697,6.61,5.62407
561,2014-07-16,00:00.0,0.401899,0.622839,1.54538,1.88109,2.81136,3.43308,5.28375,5.39173,6.04671,6.14133,6.71776,6.63,6.25903
562,2014-07-17,00:00.0,1.00475,0.556476,1.38072,1.68066,2.51181,3.06728,4.72077,4.81724,5.40243,5.48697,6.26318,6.24,5.59213
563,2014-07-18,00:00.0,0,0.497183,1.2336,1.50158,2.24418,2.74046,4.21777,4.30396,4.8268,4.90233,5.70716,6.71,4.99629
564,2014-07-19,00:00.0,0,0.444208,1.10216,1.34159,2.00506,2.44847,3.76836,3.84537,4.3125,4.37999,5.1465,7.13,4.46393
565,2014-07-20,00:00.0,3.01425,0.396877,0.984724,1.19864,1.79142,2.18758,3.36684,3.43564,3.85301,3.9133,4.64309,7.25,3.9883
566,2014-07-21,00:00.0,0,0.219291,0.518165,0.651284,0.96698,1.17674,1.79649,1.83207,2.04528,2.07501,3.77006,7.29,2.11072
567,2014-07-22,00:00.0,0,0.0320193,0.0535097,0.0856886,0.121674,0.144496,0.207801,0.210916,0.227187,0.228469,2.39227,7.31,0.228788
568,2014-07-23,00:00.0,0.602849,0,0,0,0,0,0,0,0,0,1.24494,7.38,0
569,2014-07-24,00:00.0,0,0,0,0,0,0,0,0,0,0,0.726838,7.36,0
570,2014-07-25,00:00.0,0,0,0,0,0,0,0,0,0,0,0.544411,7.37,0
571,2014-07-26,00:00.0,0,0,0,0,0,0,0,0,0,0,0.407771,7.46,0
572,2014-07-27,00:00.0,0,0,0,0,0,0,0,0,0,0,0.301401,7.17,0
573,2014-07-28,00:00.0,27.3292,0.619952,1.64704,1.88775,2.83301,3.48377,5.46524,5.57982,6.27612,6.39021,1.24275,7.1,6.54375
574,2014-07-29,00:00.0,0.401899,1.17385,3.11859,3.57435,5.36416,6.59635,10.3481,10.5651,11.8835,12.0995,4.94342,7.12,12.3903
575,2014-07-30,00:00.0,0.602849,1.04877,2.7863,3.1935,4.79261,5.8935,9.24555,9.4394,10.6173,10.8103,8.72509,10.2,11.0701
576,2014-07-31,00:00.0,13.2627,1.1859,3.14447,3.61019,5.41728,6.66032,10.4428,10.6616,11.991,12.2082,10.6839,12.7,12.4984
577,2014-08-01,00:00.0,0,1.30842,3.46448,3.98248,5.97539,7.34544,11.5125,11.7536,13.2183,13.4571,12.311,8.64,13.7745
578,2014-08-02,00:00.0,0,1.08074,2.85243,3.28675,4.92986,6.05848,9.48886,9.68724,10.8923,11.0879,12.4306,6.73,11.3472
579,2014-08-03,00:00.0,8.43989,0.854416,2.22387,2.58891,3.87745,4.75938,7.4322,7.58648,8.52234,8.672,10.7759,6.77,8.86567
580,2014-08-04,00:00.0,0.20095,0.544391,1.36557,1.63391,2.43776,2.9827,4.6212,4.7153,5.28401,5.37105,8.32584,6.8,5.47634
581,2014-08-05,00:00.0,4.82279,0.153322,0.359376,0.452571,0.670603,0.815755,1.24555,1.26999,1.41667,1.4371,5.33205,6.9,1.45819
582,2014-08-06,00:00.0,3.61709,0,0,0,0,0,0,0,0,0,2.82756,7.04,0
583,2014-08-07,00:00.0,0,0,0,0,0,0,0,0,0,0,1.49541,7.16,0
584,2014-08-08,00:00.0,0,0,0,0,0,0,0,0,0,0,0.911865,7.27,0
585,2014-08-09,00:00.0,0,0,0,0,0,0,0,0,0,0,0.643041,6.57,0
586,2014-08-10,00:00.0,0,0,0,0,0,0,0,0,0,0,0.470992,6.16,0
587,2014-08-11,00:00.0,0,0,0,0,0,0,0,0,0,0,0.320495,6.16,0
588,2014-08-12,00:00.0,27.1282,0.708782,1.88736,2.15673,3.23618,3.98096,6.2522,6.38327,7.17943,7.31088,1.47598,6.21,7.48779
589,2014-08-13,00:00.0,2.21045,1.1819,3.13291,3.59126,5.38574,6.62279,10.3923,10.6096,11.9289,12.1459,5.30594,6.19,12.4367
590,2014-08-14,00:00.0,0.20095,0.895828,2.35839,2.71621,4.07009,5.00216,7.83904,8.00234,8.99294,9.15487,8.36745,6.13,9.37043
591,2014-08-15,00:00.0,0,0.800377,2.1071,2.4268,3.63642,4.46917,7.00379,7.14969,8.03474,8.17941,8.68318,6.11,8.372
592,2014-08-16,00:00.0,0,0.715097,1.88259,2.16822,3.24896,3.99298,6.25753,6.38789,7.17863,7.30789,8.20862,6.12,7.47996
593,2014-08-17,00:00.0,4.62184,0.638903,1.682,1.9372,2.90278,3.56753,5.59079,5.70725,6.41375,6.52923,7.51265,6.12,6.68297
594,2014-08-18,00:00.0,0,0.570827,1.50278,1.73079,2.59349,3.18741,4.99509,5.09914,5.73036,5.83354,6.81115,6.08,5.9709
595,2014-08-19,00:00.0,0,0.510006,1.34266,1.54637,2.31715,2.84779,4.46286,4.55583,5.11979,5.21198,6.14645,6.07,5.3347
596,2014-08-20,00:00.0,0,0.455664,1.1996,1.3816,2.07026,2.54435,3.98734,4.0704,4.57427,4.65664,5.51756,6.09,4.76628
597,2014-08-21,00:00.0,11.856,0.519512,1.34956,1.56837,2.3462,2.88043,4.50305,4.59614,5.15983,5.25095,5.19322,6.1,5.36909
598,2014-08-22,00:00.0,0.401899,0.362509,0.894486,1.07708,1.60125,1.95773,3.03116,3.09211,3.45813,3.51505,4.65848,6.11,3.58385
599,2014-08-23,00:00.0,0,0.0580077,0.11097,0.160642,0.231922,0.277885,0.409581,0.416649,0.456722,0.461395,3.18774,6.12,0.46379
600,2014-08-24,00:00.0,0,0,0,0,0,0,0,0,0,0,1.71226,7.14,0
601,2014-08-25,00:00.0,0,0,0,0,0,0,0,0,0,0,0.958229,7.6,0
602,2014-08-26,00:00.0,0,0,0,0,0,0,0,0,0,0,0.59847,7.62,0
603,2014-08-27,00:00.0,0,0,0,0,0,0,0,0,0,0,0.357116,7.63,0
604,2014-08-28,00:00.0,0,0,0,0,0,0,0,0,0,0,0.208945,7.59,0
605,2014-08-29,00:00.0,0,0,0,0,0,0,0,0,0,0,0.156503,7.08,0
606,2014-08-30,00:00.0,0,0,0,0,0,0,0,0,0,0,0.117223,6.12,0
607,2014-08-31,00:00.0,0,0,0,0,0,0,0,0,0,0,0.0502005,6.12,0
608,2014-09-01,00:00.0,1.80855,0,0,0,0,0,0,0,0,0,0,6.16,0
609,2014-09-02,00:00.0,9.64558,0,0,0,0,0,0,0,0,0,0,6.18,0
610,2014-09-03,00:00.0,9.64558,0,0,0,0,0,0,0,0,0,0,6.18,0
611,2014-09-04,00:00.0,0,0,0,0,0,0,0,0,0,0,0,6.17,0
612,2014-09-05,00:00.0,0,0,0,0,0,0,0,0,0,0,0,6.16,0
613,2014-09-06,00:00.0,76.7628,1.8981,5.06021,5.76511,8.6461,10.6397,16.7313,17.0816,19.2076,19.5618,4.11522,6.19,20.1286
614,2014-09-07,00:00.0,0.20095,3.47092,9.24264,10.5376,15.801,19.4427,30.5688,31.2083,35.0893,35.7354,18.4803,11.2,36.6979
615,2014-09-08,00:00.0,0,2.94097,7.81718,8.9225,13.3757,16.4562,25.8658,26.4062,29.6855,30.2309,29.6193,13.5,30.97
616,2014-09-09,00:00.0,0,2.49205,6.61118,7.55497,11.3226,13.9282,21.8857,22.3425,25.1131,25.5733,28.7051,13.4,26.1962
617,2014-09-10,00:00.0,0,1.9436,5.12816,5.88007,8.80563,10.8277,16.9993,17.3528,19.4958,19.8506,24.2189,13.4,20.329
618,2014-09-11,00:00.0,63.2992,3.21869,8.53276,9.7556,14.6193,17.9826,28.2528,28.8422,32.4169,33.0103,26.2823,13.6,33.8123
619,2014-09-12,00:00.0,0.803799,4.54236,12.0822,13.7853,20.6678,25.4289,39.9725,40.8082,45.8787,46.7222,38.2028,32.4,47.8642
620,2014-09-13,00:00.0,0.602849,4.05837,10.7948,12.3165,18.4657,22.7195,35.7134,36.46,40.9903,41.744,44.2248,47,42.7643
621,2014-09-14,00:00.0,4.62184,3.62626,9.64461,11.0045,16.4985,20.299,31.9085,32.5755,36.6231,37.2965,40.9705,31.1,38.2081
622,2014-09-15,00:00.0,0,3.24019,8.61698,9.83227,14.7409,18.1365,28.509,29.1049,32.7212,33.3228,36.8658,21.2,34.1373
623,2014-09-16,00:00.0,2.0095,2.89495,7.69883,8.78464,13.1702,16.204,25.4713,26.0038,29.2348,29.7723,33.0544,11.2,30.5
624,2014-09-17,00:00.0,0,2.58649,6.87852,7.84863,11.7669,14.4775,22.7573,23.2331,26.1198,26.6,29.6215,11.2,27.2502
625,2014-09-18,00:00.0,0,2.3109,6.14561,7.01236,10.5132,12.9349,20.3325,20.7576,23.3367,23.7658,26.5414,11.1,24.3467
626,2014-09-19,00:00.0,0,2.06467,5.49079,6.26519,9.39299,11.5567,18.1661,18.5459,20.8502,21.2335,23.7973,11.1,21.7525
627,2014-09-20,00:00.0,0,1.84468,4.90575,5.59763,8.39216,10.3253,16.2305,16.5698,18.6286,18.9711,21.3376,11,19.4348
628,2014-09-21,00:00.0,18.2864,2.1992,5.855,6.68254,10.023,12.3315,19.3786,19.7843,22.2476,22.6563,21.3085,11,23.2051
629,2014-09-22,00:00.0,5.22469,2.39542,6.3581,7.27597,10.9109,13.4197,21.0708,21.5115,24.1864,24.628,23.3932,11.1,25.2138
630,2014-09-23,00:00.0,0,2.01966,5.33564,6.12482,9.17909,11.2855,17.7053,18.0745,20.3146,20.6832,23.1141,11.1,21.1675
631,2014-09-24,00:00.0,0,1.80446,4.76712,5.47222,8.20105,10.083,15.8188,16.1487,18.1501,18.4794,20.7677,11.1,18.9121
632,2014-09-25,00:00.0,0,1.57511,4.15713,4.77513,7.15545,8.79679,13.7984,14.086,15.8306,16.1175,18.4528,11.1,16.4938
633,2014-09-26,00:00.0,0,1.30856,3.44249,3.96277,5.93572,7.29541,11.4368,11.6747,13.1174,13.354,15.9478,11.1,13.663
634,2014-09-27,00:00.0,0,0.984448,2.56744,2.97268,4.44779,5.4629,8.55067,8.72766,9.79965,9.97421,13.0501,8.44,10.1993
635,2014-09-28,00:00.0,0,0.572078,1.44771,1.71052,2.54961,3.12405,4.86333,4.96221,5.55871,5.65338,9.55003,6.16,5.76957
636,2014-09-29,00:00.0,0,0.172535,0.415053,0.507623,0.751862,0.917583,1.41532,1.4432,1.61022,1.63547,5.86844,6.15,1.6634
637,2014-09-30,00:00.0,7.43514,0.0305199,0.0664824,0.0870996,0.127406,0.154288,0.233715,0.238014,0.263323,0.26673,3.12237,6.15,0.269404
638,2014-10-01,00:00.0,2.0095,0.0305199,0.0664824,0.0870996,0.127406,0.154288,0.233715,0.238014,0.263323,0.26673,1.735,6.11,0.269404
639,2014-10-02,00:00.0,0.20095,0,0,0,0,0,0,0,0,0,1.06211,6.11,0
640,2014-10-03,00:00.0,0,0,0,0,0,0,0,0,0,0,0.675278,6.1,0
641,2014-10-04,00:00.0,21.7026,0.55303,1.47221,1.68375,2.52687,3.1081,4.87956,4.98191,5.6037,5.70611,1.50157,6.13,5.84203
642,2014-10-05,00:00.0,1.6076,1.04561,2.78334,3.1834,4.77741,5.8763,9.2254,9.41889,10.5944,10.788,4.73954,6.15,11.045
643,2014-10-06,00:00.0,0.803799,0.932666,2.48256,2.8395,4.26129,5.24144,8.22862,8.4012,9.44967,9.62235,7.89945,6.19,9.85148
644,2014-10-07,00:00.0,10.8513,0.998935,2.64821,3.03654,4.55436,5.60026,8.78642,8.97023,10.0863,10.2696,9.27246,6.2,10.5101
645,2014-10-08,00:00.0,0.803799,0.965566,2.54144,2.92793,4.38738,5.39192,8.44891,8.62491,9.69254,9.867,9.82914,6.21,10.092
646,2014-10-09,00:00.0,0.602849,0.732162,1.91145,2.21463,3.3153,4.07166,6.37016,6.50226,7.30277,7.43262,9.14584,10.6,7.59759
647,2014-10-10,00:00.0,0,0.616202,1.60335,1.86198,2.78628,3.42101,5.34878,5.45949,6.13012,6.23857,7.7834,17,6.37548
648,2014-10-11,00:00.0,0,0.550545,1.43251,1.66358,2.4894,3.0565,4.77887,4.87778,5.47695,5.57385,6.73691,16.9,5.69617
649,2014-10-12,00:00.0,0,0.491884,1.27988,1.48633,2.22415,2.73083,4.26968,4.35805,4.89338,4.97995,5.96556,16.7,5.08924
650,2014-10-13,00:00.0,0,0.439474,1.14351,1.32796,1.98717,2.43986,3.81474,3.8937,4.37199,4.44934,5.30712,16.5,4.54698
651,2014-10-14,00:00.0,0.20095,0.342561,0.883825,1.03246,1.54342,1.89372,2.95603,3.01692,3.3854,3.44453,4.59228,9.38,3.51794
652,2014-10-15,00:00.0,14.2674,0.534735,1.38839,1.61405,2.41433,2.96407,4.6335,4.72928,5.30866,5.40264,4.48288,6.03,5.52223
653,2014-10-16,00:00.0,0.803799,0.659405,1.70977,1.98907,2.97459,3.65169,5.70761,5.82549,6.53804,6.65379,5.31606,6.05,6.80167
654,2014-10-17,00:00.0,1.00475,0.394915,0.993069,1.17992,1.75795,2.15286,3.34572,3.41361,3.82203,3.88672,5.27031,6.05,3.96521
655,2014-10-18,00:00.0,2.21045,0.159862,0.360205,0.461391,0.677833,0.823236,1.25445,1.27817,1.41731,1.4377,3.83179,12,1.46058
656,2014-10-19,00:00.0,0.401899,0.0469703,0.062036,0.118029,0.162655,0.190155,0.262886,0.265857,0.2785,0.278683,2.37976,17.2,0.278683
657,2014-10-20,00:00.0,3.01425,0.0419656,0.055426,0.105453,0.145324,0.169894,0.234875,0.237529,0.248826,0.248989,1.46728,17,0.248989
658,2014-10-21,00:00.0,12.8608,0.410425,1.04224,1.22915,1.83286,2.24664,3.49928,3.57061,3.99961,4.06886,1.77373,17.1,4.15996
659,2014-10-22,00:00.0,3.01425,0.766066,1.9871,2.30964,3.45329,4.23981,6.62949,6.76631,7.59294,7.72783,3.79624,9.94,7.90442
660,2014-10-23,00:00.0,0,0.710883,1.83857,2.14007,3.19805,3.92576,6.13675,6.2631,7.02611,7.15054,5.80083,6.03,7.3124
661,2014-10-24,00:00.0,0,0.59719,1.53823,1.79536,2.68152,3.29065,5.14024,5.24582,5.88293,5.98655,6.30863,6.06,6.12068
662,2014-10-25,00:00.0,0,0.475872,1.21558,1.42669,2.12859,2.61044,4.07168,4.15489,4.65635,4.73742,5.80686,12.5,4.84133
663,2014-10-26,00:00.0,0,0.312854,0.776972,0.929339,1.38154,1.69059,2.62374,2.67644,2.9925,3.04255,4.74815,16.8,3.10437
664,2014-10-27,00:00.0,0,0.186944,0.439418,0.545669,0.805514,0.981524,1.5083,1.53755,1.71116,1.73742,3.50151,11,1.7671
665,2014-10-28,00:00.0,1.40665,0.167025,0.392598,0.487528,0.719686,0.876942,1.34759,1.37372,1.52884,1.5523,2.6076,6,1.57881
666,2014-10-29,00:00.0,1.2057,0.0788131,0.185253,0.230047,0.339594,0.413797,0.63588,0.648209,0.721402,0.732471,1.94643,4.59,0.744983
667,2014-10-30,00:00.0,1.6076,0,0,0,0,0,0,0,0,0,1.2594,4.54,0
668,2014-10-31,00:00.0,1.6076,0,0,0,0,0,0,0,0,0,0.811005,5.98,0
669,2014-11-01,00:00.0,8.43989,0.2572,0.682901,0.783257,1.17547,1.44537,2.26689,2.31441,2.60322,2.65049,1.0376,5.98,2.71219
670,2014-11-02,00:00.0,0,0.486995,1.29304,1.48306,2.2257,2.73674,4.29223,4.38222,4.92906,5.01857,2.19906,5.94,5.1354
671,2014-11-03,00:00.0,0,0.420571,1.11527,1.28035,1.92123,2.3621,3.70366,3.78127,4.25276,4.32983,3.36866,5.97,4.43021
672,2014-11-04,00:00.0,0,0.327307,0.863094,0.994947,1.49208,1.83359,2.87155,2.93155,3.29587,3.35508,3.63384,6,3.43138
673,2014-11-05,00:00.0,8.23894,0.477946,1.25892,1.45205,2.17714,2.67527,4.18925,4.2767,4.80764,4.89391,3.90231,6.04,5.00497
674,2014-11-06,00:00.0,0,0.612534,1.61257,1.86044,2.78921,3.42727,5.36654,5.47853,6.15833,6.26877,4.82511,6.03,6.41089
675,2014-11-07,00:00.0,2.61235,0.514202,1.34129,1.55675,2.33107,2.8623,4.47487,4.56773,5.13074,5.22158,5.36017,6.03,5.3362
676,2014-11-08,00:00.0,0,0.456331,1.18143,1.37761,2.06063,2.52885,3.94893,4.03049,4.52437,4.60369,5.14684,6.02,4.70201
677,2014-11-09,00:00.0,4.62184,0.517258,1.34446,1.56314,2.33911,2.87159,4.48791,4.58079,5.14344,5.2342,5.06917,6.07,5.34748
678,2014-11-10,00:00.0,0.803799,0.565333,1.47261,1.70935,2.55846,3.14147,4.91204,5.01381,5.63044,5.73014,5.36393,5.7,5.85503
679,2014-11-11,00:00.0,0.401899,0.460884,1.19403,1.39127,2.08106,2.55414,3.98946,4.07186,4.57084,4.65111,5.30824,5.78,4.75048
680,2014-11-12,00:00.0,0.602849,0.34394,0.880117,1.03445,1.54509,1.89441,2.95187,3.01242,3.37853,3.43672,4.63768,6.01,3.50677
681,2014-11-13,00:00.0,1.00475,0.273375,0.692997,0.819934,1.22335,1.49876,2.33109,2.37865,2.6659,2.71113,3.84612,6.08,2.76436
682,2014-11-14,00:00.0,3.01425,0.244246,0.619157,0.73257,1.093,1.33907,2.08271,2.12521,2.38185,2.42226,3.22274,6.11,2.46981
683,2014-11-15,00:00.0,0.803799,0.218222,0.553186,0.654514,0.97654,1.19639,1.8608,1.89877,2.12806,2.16417,2.77652,6.02,2.20665
684,2014-11-16,00:00.0,1.00475,0.19497,0.494244,0.584776,0.872489,1.06892,1.66253,1.69645,1.90131,1.93357,2.45839,6.01,1.97153
685,2014-11-17,00:00.0,2.61235,0.174196,0.441582,0.522468,0.779525,0.955022,1.48539,1.51569,1.69873,1.72755,2.21234,6,1.76147
686,2014-11-18,00:00.0,12.2579,0.155635,0.394531,0.466798,0.696466,0.853264,1.32712,1.3542,1.51773,1.54348,1.9859,13,1.57378
687,2014-11-19,00:00.0,1.80855,0.139052,0.352494,0.417061,0.622258,0.762348,1.18571,1.20991,1.35601,1.37902,1.77973,16.8,1.40609
688,2014-11-20,00:00.0,5.82754,0.124236,0.314935,0.372623,0.555956,0.68112,1.05938,1.08099,1.21153,1.23209,1.59327,16.3,1.25627
689,2014-11-21,00:00.0,2.8133,0.110999,0.281379,0.33292,0.496718,0.608546,0.946499,0.96581,1.08244,1.10081,1.42536,16.2,1.12242
690,2014-11-22,00:00.0,0,0.0991719,0.251398,0.297447,0.443793,0.543705,0.845649,0.862903,0.967107,0.983516,1.27457,16,1.00282
691,2014-11-23,00:00.0,1.80855,0.0886051,0.224611,0.265754,0.396507,0.485773,0.755545,0.77096,0.864061,0.878722,1.1394,15.9,0.895972
692,2014-11-24,00:00.0,26.7263,1.93791,5.17965,5.93049,8.94334,10.999,17.2207,17.5862,19.7987,20.1542,6.47261,15.7,20.6323
693,2014-11-25,00:00.0,10.2484,4.33389,11.5979,13.288,20.0328,24.6301,38.5699,39.387,44.354,45.156,25.1615,15.2,46.2403
694,2014-11-26,00:00.0,0,4.61584,12.3533,14.1686,21.3884,26.2806,41.1354,42.0045,47.3031,48.1616,43.2021,18,49.325
695,2014-11-27,00:00.0,0,4.12402,11.0371,12.6589,19.182,23.5529,36.825,37.6014,42.3354,43.1025,46.2688,17.8,44.1419
696,2014-11-28,00:00.0,6.22944,3.68461,9.86109,11.3101,17.2081,21.1134,32.9712,33.6649,37.8946,38.5799,42.3776,32.2,39.5086
697,2014-11-29,00:00.0,0,3.29201,8.81038,10.105,15.4534,18.9425,29.537,30.1567,33.9357,34.548,38.1254,47.1,35.3777
698,2014-11-30,00:00.0,0,2.93943,7.86664,9.02274,13.8896,17.0049,26.4645,27.0179,30.3921,30.9388,34.2401,49.2,31.6796
699,2014-12-01,00:00.0,0.20095,2.80937,7.51461,8.61599,13.33,16.3044,25.3415,25.8694,29.0868,29.6097,31.5208,46.6,30.3183
700,2014-12-02,00:00.0,0.401899,2.68973,7.19059,8.24197,12.8141,15.6588,24.3069,24.8114,27.8848,28.3856,29.9914,43.7,29.0645
701,2014-12-03,00:00.0,1.80855,2.39788,6.40995,7.34761,11.5151,14.051,21.7603,22.21,24.9497,25.3961,28.0052,32.6,26.0013
702,2014-12-04,00:00.0,3.21519,2.13878,5.71706,6.55364,10.3565,12.6183,19.4942,19.8953,22.3389,22.737,25.3307,18,23.2767
703,2014-12-05,00:00.0,0,1.90286,5.08579,5.83064,9.29476,11.3069,17.4235,17.7803,19.9541,20.3082,22.7528,8.29,20.7881
704,2014-12-06,00:00.0,0,1.69373,4.52636,5.18979,8.3487,10.1395,15.5833,15.9009,17.8355,18.1506,20.4125,5.9,18.5777
705,2014-12-07,00:00.0,0,1.58603,4.23858,4.86308,7.87313,9.55182,14.6478,14.9459,16.7607,17.0548,18.6129,5.89,17.4526
706,2014-12-08,00:00.0,0,1.49175,3.9868,4.57715,7.4535,9.0341,13.8258,14.1069,15.8169,16.0925,17.3833,5.87,16.4648
707,2014-12-09,00:00.0,0,1.32671,3.54524,4.07072,6.69242,8.09802,12.359,12.6089,14.1296,14.3746,16.087,5.89,14.7055
708,2014-12-10,00:00.0,0.20095,1.16598,3.11419,3.57742,5.9452,7.18009,10.9228,11.1424,12.4783,12.6933,14.487,5.89,12.9836
709,2014-12-11,00:00.0,0.602849,1.02818,2.74505,3.15455,5.30083,6.38947,9.68844,9.882,11.0596,11.249,12.9279,5.87,11.5047
710,2014-12-12,00:00.0,3.81804,0.916404,2.44644,2.81159,4.7751,5.74534,8.68542,8.85793,9.90747,10.0763,11.5667,5.88,10.3041
711,2014-12-13,00:00.0,0,0.806577,2.15224,2.47455,4.25485,5.10854,7.69496,7.84674,8.77013,8.9185,10.3354,5.87,9.11867
712,2014-12-14,00:00.0,1.2057,0.697663,1.8597,2.14025,3.7354,4.47328,6.70795,6.83913,7.63714,7.76512,9.17072,5.87,7.93762
713,2014-12-15,00:00.0,1.2057,0.662882,1.76976,2.03778,3.56718,4.27035,6.39597,6.52134,7.28385,7.40517,8.269,5.87,7.56853
714,2014-12-16,00:00.0,1.80855,0.898048,2.40405,2.76544,4.65747,5.61446,8.49984,8.67109,9.71074,9.87454,8.60814,5.93,10.0948
715,2014-12-17,00:00.0,4.62184,1.28425,3.42094,3.95409,6.43163,7.79287,11.9009,12.1438,13.6232,13.8566,10.8743,5.95,14.1696
716,2014-12-18,00:00.0,2.0095,1.36252,3.61333,4.19518,6.78007,8.21706,12.5585,12.8141,14.3769,14.624,13.3135,5.99,14.9547
717,2014-12-19,00:00.0,0,1.20129,3.18415,3.69883,6.03345,7.29997,11.1256,11.3509,12.7283,12.9459,13.8295,5.98,13.2369
718,2014-12-20,00:00.0,0,1.07052,2.83725,3.29619,5.42559,6.55416,9.96296,10.1637,11.3911,11.585,12.9473,5.96,11.8442
719,2014-12-21,00:00.0,0,0.956454,2.53494,2.94498,4.89252,5.90085,8.94643,9.12583,10.2224,10.3956,11.7992,5.97,10.6273
720,2014-12-22,00:00.0,0,0.853431,2.26178,2.62777,4.40813,5.30782,8.02521,8.18527,9.16374,9.31824,10.6504,5.97,9.5249
721,2014-12-23,00:00.0,0,0.759443,2.01238,2.33839,3.96343,4.76395,7.18167,7.32409,8.19471,8.33215,9.59774,5.97,8.51594
722,2014-12-24,00:00.0,11.856,1.03409,2.76794,3.18751,5.23961,6.33861,9.66519,9.86121,11.0585,11.2498,9.85972,5.98,11.5079
723,2014-12-25,00:00.0,11.6551,1.91268,5.13682,5.87385,9.28752,11.3202,17.4982,17.8596,20.0625,20.4213,14.1878,12.8,20.9081
724,2014-12-26,00:00.0,0.602849,2.34542,6.29262,7.18364,11.279,13.7651,21.3359,21.7767,24.4606,24.9017,20.6735,47.3,25.5001
725,2014-12-27,00:00.0,0,2.09691,5.62989,6.41524,10.1549,12.3767,19.1516,19.5451,21.9401,22.336,23.3046,62.9,22.874
726,2014-12-28,00:00.0,1.80855,1.93953,5.22031,5.917,9.42826,11.4826,17.7682,18.1312,20.337,20.7075,22.3155,58.6,21.213
727,2014-12-29,00:00.0,0,1.79172,4.83082,5.45471,8.75599,10.6531,16.4722,16.8068,18.838,19.1831,20.8643,48,19.6551
728,2014-12-30,00:00.0,0,1.5878,4.28028,4.8335,7.84523,9.52617,14.6821,14.9785,16.7779,17.0837,19.1469,29.8,17.5018
729,2014-12-31,00:00.0,0.803799,1.41668,3.81887,4.31251,7.07833,8.57807,13.1782,13.4426,15.0481,15.3208,17.2718,10.6,15.6939
730,2015-01-01,00:00.0,1.00475,1.26573,3.41197,3.85301,6.39736,7.7373,11.8473,12.0835,13.5179,13.7616,15.5627,5.24,14.0949
731,2015-01-02,00:00.0,1.40665,1.1288,3.04275,3.43613,5.77453,6.96947,10.6347,10.8454,12.1245,12.3418,14.0137,5.26,12.639
732,2015-01-03,00:00.0,0,1.00223,2.7012,3.05063,5.19352,6.25432,9.50809,9.69513,10.8306,11.0235,12.6026,5.25,11.2873
733,2015-01-04,00:00.0,13.0617,0.885657,2.38646,2.69551,4.6536,5.59079,8.46544,8.63067,9.63363,9.80404,11.2957,5.36,10.037
734,2015-01-05,00:00.0,13.6646,0.833235,2.2538,2.54155,4.41582,5.30103,8.01581,8.17228,9.12283,9.28425,10.2806,5.5,9.50591
735,2015-01-06,00:00.0,1.00475,0.791943,2.15052,2.42103,4.22738,5.07215,7.66247,7.81218,8.72244,8.87692,9.6498,5.47,9.08997
736,2015-01-07,00:00.0,2.0095,0.707561,1.92138,2.16307,3.82844,4.5832,6.89752,7.03128,7.84455,7.98257,9.01156,5.6,8.17292
737,2015-01-08,00:00.0,1.2057,0.63217,1.71666,1.93259,3.46876,4.1431,6.21083,6.33034,7.05695,7.18027,8.22818,5.73,7.35034
738,2015-01-09,00:00.0,2.0095,0.564812,1.53375,1.72668,3.14436,3.74685,5.59426,5.70104,6.35023,6.46041,7.45984,5.46,6.61235
739,2015-01-10,00:00.0,7.43514,0.504631,1.37033,1.5427,2.85168,3.38997,5.04054,5.13594,5.71596,5.8144,6.76448,5.36,5.95015
740,2015-01-11,00:00.0,0.401899,0.450862,1.22432,1.37832,2.58751,3.06844,4.54315,4.62838,5.1466,5.23455,6.12668,5.32,5.35584
741,2015-01-12,00:00.0,1.2057,0.402823,1.09387,1.23146,2.34898,2.77867,4.09625,4.1724,4.6354,4.71398,5.53128,5.25,4.82235
742,2015-01-13,00:00.0,0,0.352942,0.958161,1.07885,2.10047,2.47685,3.63096,3.69765,4.10314,4.17196,4.96843,5.13,4.26686
743,2015-01-14,00:00.0,0,0.308376,0.836915,0.942499,1.87597,2.20472,3.21279,3.27103,3.62514,3.68524,4.45683,5.1,3.76811
744,2015-01-15,00:00.0,0,0.275519,0.747741,0.842075,1.70616,1.99988,2.90053,2.95258,3.26895,3.32265,4.01331,4.96,3.39669
745,2015-01-16,00:00.0,3.01425,0.246162,0.668069,0.752352,1.55254,1.81497,2.61966,2.66615,2.94882,2.9968,3.61591,4.8,3.06295
746,2015-01-17,00:00.0,0,0.219933,0.596886,0.672188,1.41352,1.64798,2.36693,2.40847,2.66102,2.70389,3.25937,4.88,2.76299
747,2015-01-18,00:00.0,2.0095,0.196499,0.533288,0.600566,1.28764,1.49712,2.13947,2.17658,2.40223,2.44052,2.93921,4.93,2.49332
748,2015-01-19,00:00.0,4.01899,0.168603,0.457313,0.515176,1.14055,1.32019,1.87102,1.90284,2.09626,2.12908,2.64165,5.03,2.17434
749,2015-01-20,00:00.0,0,0.137265,0.371783,0.419165,0.976949,1.12298,1.57078,1.59663,1.75373,1.78039,2.35242,5.03,1.81714
750,2015-01-21,00:00.0,0,0.116226,0.31452,0.354783,0.861989,0.985527,1.36435,1.38621,1.51903,1.54158,2.07692,4.84,1.57263
751,2015-01-22,00:00.0,0,0.103842,0.281008,0.316981,0.788271,0.898646,1.2371,1.25663,1.37531,1.39545,1.83623,4.7,1.4232
752,2015-01-23,00:00.0,0,0.085818,0.231913,0.261807,0.6882,0.779289,1.05861,1.07472,1.17257,1.18918,1.6183,4.57,1.21204
753,2015-01-24,00:00.0,0,0.0627547,0.168897,0.191112,0.564399,0.630729,0.834134,0.845844,0.916915,0.928979,1.38934,4.05,0.945567
754,2015-01-25,00:00.0,0.401899,0.0421488,0.112595,0.127951,0.452282,0.496493,0.632073,0.639853,0.686996,0.695,1.15037,3.75,0.705978
755,2015-01-26,00:00.0,0,0.0306982,0.0814447,0.0929179,0.383765,0.415739,0.513797,0.519407,0.55335,0.559113,0.951053,3.74,0.567
756,2015-01-27,00:00.0,0,0.0274273,0.0727667,0.0830174,0.357358,0.385925,0.473535,0.478547,0.508873,0.514023,0.827346,3.76,0.521069
757,2015-01-28,00:00.0,0,0.0245049,0.0650134,0.0741719,0.33617,0.361693,0.439968,0.444446,0.471541,0.476142,0.745627,3.78,0.482437
758,2015-01-29,00:00.0,0,0.0218939,0.0580862,0.0662689,0.316921,0.339725,0.40966,0.413661,0.437869,0.441979,0.675198,3.83,0.447604
759,2015-01-30,00:00.0,3.81804,0.0174975,0.0462182,0.0528629,0.289449,0.307592,0.363233,0.36641,0.385614,0.388875,0.610844,3.85,0.393331
760,2015-01-31,00:00.0,0,0.0135696,0.0356148,0.0408854,0.264298,0.278276,0.321147,0.323588,0.338321,0.340824,0.549669,3.83,0.344234
761,2015-02-01,00:00.0,0,0.0121238,0.03182,0.0365291,0.250937,0.263426,0.301728,0.303909,0.317073,0.319308,0.495362,3.73,0.322356
762,2015-02-02,00:00.0,18.0855,0.010832,0.0284296,0.0326369,0.238481,0.249639,0.283861,0.285809,0.29757,0.299568,0.449422,3.7,0.30229
763,2015-02-03,00:00.0,0,0.00967784,0.0254004,0.0291594,0.226853,0.236822,0.267397,0.269138,0.279646,0.281431,0.410181,3.69,0.283863
764,2015-02-04,00:00.0,2.0095,0.00864666,0.022694,0.0260525,0.215981,0.224888,0.252206,0.253761,0.263149,0.264744,0.37635,3.74,0.266917
765,2015-02-05,00:00.0,1.2057,0.00408004,0.0107085,0.0123008,0.189135,0.193337,0.206228,0.206962,0.211391,0.212144,0.341296,3.74,0.213181
766,2015-02-06,00:00.0,1.40665,0,0,1.44E-05,0.164611,0.164611,0.164611,0.164611,0.164611,0.164611,0.302204,3.71,0.164633
767,2015-02-07,00:00.0,4.01899,0,0,1.29E-05,0.158849,0.158849,0.158849,0.158849,0.158849,0.158849,0.266952,3.54,0.158869
768,2015-02-08,00:00.0,2.61235,0,0,6.07E-06,0.152785,0.152785,0.152785,0.152785,0.152785,0.152785,0.237263,3.01,0.152795
769,2015-02-09,00:00.0,0.803799,0,0,0,0.146934,0.146934,0.146934,0.146934,0.146934,0.146934,0.213527,2.87,0.146934
770,2015-02-10,00:00.0,0,0,0,0,0.141792,0.141792,0.141792,0.141792,0.141792,0.141792,0.196168,2.89,0.141792
771,2015-02-11,00:00.0,0,0,0,0,0.136709,0.136709,0.136709,0.136709,0.136709,0.136709,0.181447,2.9,0.136709
772,2015-02-12,00:00.0,2.4114,0,0,0,0.131722,0.131722,0.131722,0.131722,0.131722,0.131722,0.168858,2.93,0.131722
773,2015-02-13,00:00.0,0,0,0,0,0.127029,0.127029,0.127029,0.127029,0.127029,0.127029,0.158649,2.93,0.127029
774,2015-02-14,00:00.0,9.44464,0,0,0,0.122584,0.122584,0.122584,0.122584,0.122584,0.122584,0.150155,2.95,0.122584
775,2015-02-15,00:00.0,0.401899,0,0,0,0.118294,0.118294,0.118294,0.118294,0.118294,0.118294,0.142697,2.85,0.118294
776,2015-02-16,00:00.0,0,0,0,0,0.114154,0.114154,0.114154,0.114154,0.114154,0.114154,0.136053,2.98,0.114154
777,2015-02-17,00:00.0,0,0,0,0,0.11016,0.11016,0.11016,0.11016,0.11016,0.11016,0.130055,2.86,0.11016
778,2015-02-18,00:00.0,2.0095,0,0,0,0.106305,0.106305,0.106305,0.106305,0.106305,0.106305,0.124578,2.89,0.106305
779,2015-02-19,00:00.0,0.20095,0,0,0,0.102585,0.102585,0.102585,0.102585,0.102585,0.102585,0.119525,2.89,0.102585
780,2015-02-20,00:00.0,0,0,0,0,0.0989946,0.0989946,0.0989946,0.0989946,0.0989946,0.0989946,0.114822,2.85,0.0989946
781,2015-02-21,00:00.0,4.01899,0,0,0,0.0955303,0.0955303,0.0955303,0.0955303,0.0955303,0.0955303,0.110415,2.8,0.0955303
782,2015-02-22,00:00.0,1.2057,0,0,0,0.0921873,0.0921873,0.0921873,0.0921873,0.0921873,0.0921873,0.10626,2.82,0.0921873
783,2015-02-23,00:00.0,0,0,0,0,0.0889612,0.0889612,0.0889612,0.0889612,0.0889612,0.0889612,0.102323,2.87,0.0889612
784,2015-02-24,00:00.0,0,0,0,0,0.085848,0.085848,0.085848,0.085848,0.085848,0.085848,0.0985785,2.92,0.085848
785,2015-02-25,00:00.0,3.21519,0,0,0,0.0828438,0.0828438,0.0828438,0.0828438,0.0828438,0.0828438,0.0950063,2.98,0.0828438
786,2015-02-26,00:00.0,0,0,0,0,0.0799447,0.0799447,0.0799447,0.0799447,0.0799447,0.0799447,0.0915899,3.01,0.0799447
787,2015-02-27,00:00.0,0,0,0,0,0.0771471,0.0771471,0.0771471,0.0771471,0.0771471,0.0771471,0.088316,2.98,0.0771471
788,2015-02-28,00:00.0,0,0,0,0,0.0744473,0.0744473,0.0744473,0.0744473,0.0744473,0.0744473,0.0851739,2.98,0.0744473
789,2015-03-01,00:00.0,0,0,0,0,0.0718421,0.0718421,0.0718421,0.0718421,0.0718421,0.0718421,0.0821547,2.96,0.0718421
790,2015-03-02,00:00.0,0,0,0,0,0.069328,0.069328,0.069328,0.069328,0.069328,0.069328,0.0792509,2.93,0.069328
791,2015-03-03,00:00.0,5.02374,0,0,0,0.0669019,0.0669019,0.0669019,0.0669019,0.0669019,0.0669019,0.0764559,2.91,0.0669019
792,2015-03-04,00:00.0,5.02374,0,0,0,0.0645606,0.0645606,0.0645606,0.0645606,0.0645606,0.0645606,0.0737642,2.91,0.0645606
793,2015-03-05,00:00.0,0,0,0,0,0.0623014,0.0623014,0.0623014,0.0623014,0.0623014,0.0623014,0.0711707,2.88,0.0623014
794,2015-03-06,00:00.0,0,0,0,0,0.0601211,0.0601211,0.0601211,0.0601211,0.0601211,0.0601211,0.068671,2.86,0.0601211
795,2015-03-07,00:00.0,0,0,0,0,0.0580172,0.0580172,0.0580172,0.0580172,0.0580172,0.0580172,0.066261,2.86,0.0580172
796,2015-03-08,00:00.0,0.401899,0,0,0,0.0559869,0.0559869,0.0559869,0.0559869,0.0559869,0.0559869,0.0639372,2.84,0.0559869
797,2015-03-09,00:00.0,0,0,0,0,0.0540277,0.0540277,0.0540277,0.0540277,0.0540277,0.0540277,0.0616959,2.82,0.0540277
798,2015-03-10,00:00.0,0,0,0,0,0.0504263,0.0504263,0.0504263,0.0504263,0.0504263,0.0504263,0.0531467,2.8,0.0504263
799,2015-03-11,00:00.0,0,0,0,0,0.0451097,0.0451097,0.0451097,0.0451097,0.0451097,0.0451097,0.0389802,2.81,0.0451097
800,2015-03-12,00:00.0,0,0.374649,0.999526,1.15695,1.80228,2.20425,3.3995,3.47226,3.90926,3.97455,0.565471,2.86,4.06238
801,2015-03-13,00:00.0,0,0.697583,1.86009,2.15437,3.32079,4.06925,6.29339,6.42887,7.24247,7.36375,2.5579,2.84,7.52679
802,2015-03-14,00:00.0,1.00475,0.617678,1.65683,1.90652,2.94979,3.61648,5.59703,5.71791,6.44152,6.54952,4.71714,2.84,6.69414
803,2015-03-15,00:00.0,0.20095,0.682034,1.8434,2.10745,3.26031,4.00162,6.20515,6.33987,7.14569,7.26634,5.97674,2.84,7.42761
804,2015-03-16,00:00.0,0,0.740455,2.01005,2.2936,3.5451,4.3531,6.75624,6.90339,7.78523,7.91745,6.9672,2.83,8.09496
805,2015-03-17,00:00.0,2.21045,1.42343,3.8417,4.39503,6.73137,8.26999,12.8694,13.1477,14.8213,15.0773,9.96683,2.88,15.4221
806,2015-03-18,00:00.0,0,2.00313,5.3865,6.17611,9.43762,11.5931,18.0445,18.4333,20.7737,21.1333,15.7534,3.04,21.6176
807,2015-03-19,00:00.0,0,1.76632,4.74825,5.44618,8.34336,10.2439,15.9304,16.2732,18.3368,18.6535,19.0114,3.03,19.0797
808,2015-03-20,00:00.0,0,1.57812,4.24232,4.86589,7.47422,9.17223,14.2529,14.5592,16.4029,16.6858,18.3155,3.08,17.0666
809,2015-03-21,00:00.0,3.01425,1.66019,4.46096,5.12441,7.8801,9.66725,15.0083,15.3311,17.2745,17.5711,17.7023,3.18,17.9709
810,2015-03-22,00:00.0,0.803799,2.02228,5.43078,6.24896,9.59998,11.7772,18.2784,18.672,21.0435,21.4038,19.3103,3.2,21.8902
811,2015-03-23,00:00.0,0,2.09557,5.6266,6.47671,9.95642,12.2121,18.948,19.3558,21.8136,22.1871,21.525,3.18,22.6912
812,2015-03-24,00:00.0,0,1.87229,5.02709,5.78662,8.91977,10.9351,16.9533,17.3176,19.5136,19.8473,21.5023,3.91,20.2977
813,2015-03-25,00:00.0,0,1.67279,4.49145,5.17005,7.99272,9.79332,15.1703,15.4958,17.4578,17.7559,19.789,5.34,18.1583
814,2015-03-26,00:00.0,3.21519,1.46887,3.9422,4.5402,7.04297,8.62394,13.3428,13.6287,15.3514,15.6127,17.7598,5.44,15.9651
815,2015-03-27,00:00.0,0.20095,1.64956,4.41981,5.10133,7.90608,9.68131,14.9692,15.2906,17.2258,17.5167,17.1119,5.33,17.909
816,2015-03-28,00:00.0,0,1.83668,4.91722,5.68166,8.79834,10.7749,16.6563,17.0145,19.1696,19.4922,18.4202,5.52,19.9272
817,2015-03-29,00:00.0,0,1.64098,4.39329,5.07627,7.88349,9.64946,14.9042,15.2242,17.1497,17.4379,18.7589,5.54,17.8265
818,2015-03-30,00:00.0,1.40665,1.46613,3.92519,4.5354,7.06533,8.64313,13.338,13.6239,15.3442,15.6018,17.3833,5.51,15.9489
819,2015-03-31,00:00.0,2.0095,1.36658,3.67017,4.22873,6.60819,8.0841,12.4731,12.7409,14.3499,14.5903,15.9539,5.73,14.9145
820,2015-04-01,00:00.0,0,1.25115,3.3713,3.871,6.07012,7.4264,11.4571,11.7034,13.1808,13.4013,14.7475,5.86,13.6973
821,2015-04-02,00:00.0,0,1.16636,3.15403,3.61213,5.67867,6.94708,10.7181,10.9488,12.3329,12.5398,13.6835,5.84,12.8173
822,2015-04-03,00:00.0,3.61709,4.16854,11.2126,12.3749,19.2439,23.733,37.1027,37.9064,42.4853,43.2019,25.1837,4.92,44.1415
823,2015-04-04,00:00.0,4.01899,6.30494,16.7406,19.087,29.2569,35.9559,55.9807,57.1773,64.2438,65.3381,50.3912,3.47,66.7864
824,2015-04-05,00:00.0,4.01899,5.16226,13.4979,16.1737,24.4591,29.8621,46.0872,47.0532,53.0961,54.0107,59.7481,3.48,55.2425
825,2015-04-06,00:00.0,0.602849,4.61221,12.0597,14.4504,21.9601,26.7874,41.2836,42.1467,47.5458,48.3629,52.9574,3.44,49.4634
826,2015-04-07,00:00.0,0,4.28031,11.2061,13.3928,20.449,24.9299,38.4018,39.2024,44.2056,44.9674,48.2273,3.5,45.9964
827,2015-04-08,00:00.0,0,4.01117,10.5345,12.511,19.1871,23.3868,36.0576,36.8064,41.4766,42.1997,44.9696,3.5,43.1827
828,2015-04-09,00:00.0,12.8608,4.12723,10.8978,12.8187,19.7232,24.053,37.1672,37.9375,42.7219,43.478,43.9687,5.28,44.5098
829,2015-04-10,00:00.0,17.6836,4.88499,12.9995,15.072,23.189,28.3284,43.9825,44.8934,50.515,51.43,48.0202,6.1,52.6838
830,2015-04-11,00:00.0,0,5.05132,13.543,15.4615,23.8643,29.1797,45.5101,46.4464,52.1952,53.1698,52.861,5.85,54.5173
831,2015-04-12,00:00.0,0,4.53655,12.2306,13.7963,21.4975,26.2665,41.0335,41.8687,46.9808,47.8788,51.8143,5.33,49.1164
832,2015-04-13,00:00.0,0,4.00125,10.8413,12.1099,19.1051,23.3196,36.4254,37.158,41.6431,42.4441,46.7957,12.6,43.5216
833,2015-04-14,00:00.0,7.63609,3.60988,9.80402,10.8908,17.3832,21.1925,33.0538,33.7117,37.7447,38.4672,41.9581,13.3,39.4231
834,2015-04-15,00:00.0,0,3.21839,8.72573,9.70241,15.6849,19.0755,29.632,30.2171,33.8025,34.4445,37.8465,17.4,35.2917
835,2015-04-16,00:00.0,0,2.6518,7.18046,7.98088,13.1554,15.9428,24.6329,25.1125,28.0531,28.5821,33.0273,29.9,29.2773
836,2015-04-17,00:00.0,0.803799,2.14558,5.79984,6.44278,10.8647,13.1132,20.1358,20.5212,22.8856,23.3137,27.6107,18,23.873
837,2015-04-18,00:00.0,0,1.6933,4.56632,5.06857,8.789,10.5561,16.0888,16.39,18.2397,18.5776,22.6236,9.63,19.0156
838,2015-04-19,00:00.0,0,1.28921,3.46424,3.84078,6.90977,8.24669,12.4483,12.6743,14.0641,14.3214,18.1393,7.76,14.651
839,2015-04-20,00:00.0,20.8988,1.54297,4.12745,4.61856,8.04212,9.64451,14.6403,14.9138,16.5897,16.8907,16.4084,4.86,17.2802
840,2015-04-21,00:00.0,6.02849,1.84718,4.92196,5.54538,9.4087,11.3277,17.2763,17.6059,19.62,19.9739,18.0749,10.8,20.4348
841,2015-04-22,00:00.0,3.21519,1.57768,4.18618,4.72339,8.15652,9.78772,14.8479,15.127,16.8318,17.1321,18.6463,22.8,17.5199
842,2015-04-23,00:00.0,2.0095,1.37123,3.6346,4.10092,7.21184,8.62745,13.0215,13.2633,14.7406,15.0013,17.001,21.2,15.3369
843,2015-04-24,00:00.0,0,1.22512,3.24734,3.66397,6.54343,7.80821,11.7341,11.9501,13.27,13.5029,15.259,16.4,13.8027
844,2015-04-25,00:00.0,0,1.09459,2.90133,3.27357,5.93815,7.06816,10.5757,10.7688,11.948,12.1561,13.7529,11.7,12.424
845,2015-04-26,00:00.0,0,0.977958,2.59219,2.92477,5.38992,6.39953,9.53335,9.70584,10.7594,10.9453,12.4216,9.71,11.1847
846,2015-04-27,00:00.0,0,0.819572,2.16688,2.44653,4.63404,5.47748,8.09773,8.2414,9.11904,9.27437,10.9927,9.71,9.47324
847,2015-04-28,00:00.0,0,0.60291,1.58006,1.78817,3.59041,4.20412,6.11635,6.21978,6.85195,6.96494,9.18422,6.36,7.10691
848,2015-04-29,00:00.0,0,0.351682,0.897115,1.0227,2.37076,2.71686,3.80536,3.86174,4.20684,4.27052,6.99425,4.81,4.34574
849,2015-04-30,00:00.0,0,0.126453,0.318881,0.347969,1.29101,1.41033,1.80047,1.81824,1.9273,1.95038,4.73027,4.82,1.97265
850,2015-05-01,00:00.0,0,0.0229194,0.0642413,0.0528295,0.781111,0.803362,0.883399,0.886036,0.902791,0.907592,2.95071,4.5,0.910684
851,2015-05-02,00:00.0,0,0.00334832,0.00613156,0.00582455,0.64518,0.647545,0.65523,0.655323,0.65646,0.65646,1.89767,4.08,0.65646
852,2015-05-03,00:00.0,0,0,0,0,0.579399,0.579399,0.579399,0.579399,0.579399,0.579399,1.30543,4.1,0.579399
853,2015-05-04,00:00.0,0,0,0,0,0.506851,0.506851,0.506851,0.506851,0.506851,0.506851,0.918308,4.11,0.506851
854,2015-05-05,00:00.0,0.602849,0,0,0,0.427029,0.427029,0.427029,0.427029,0.427029,0.427029,0.681014,4.06,0.427029
855,2015-05-06,00:00.0,0,0,0,0,0.37456,0.37456,0.37456,0.37456,0.37456,0.37456,0.559558,4.05,0.37456
856,2015-05-07,00:00.0,0,0,0,0,0.332763,0.332763,0.332763,0.332763,0.332763,0.332763,0.471498,4.07,0.332763
857,2015-05-08,00:00.0,0,0,0,0,0.271284,0.271284,0.271284,0.271284,0.271284,0.271284,0.347898,4.08,0.271284
858,2015-05-09,00:00.0,0,0,0,0,0.219905,0.219905,0.219905,0.219905,0.219905,0.219905,0.226415,4.09,0.219905
859,2015-05-10,00:00.0,0,0,0,0,0.185254,0.185254,0.185254,0.185254,0.185254,0.185254,0.124627,4.14,0.185254
860,2015-05-11,00:00.0,2.61235,0,0,0,0.15222,0.15222,0.15222,0.15222,0.15222,0.15222,0.0398915,4.1,0.15222
861,2015-05-12,00:00.0,0,0,0,0,0.120341,0.120341,0.120341,0.120341,0.120341,0.120341,0.000616777,4.1,0.120341
862,2015-05-13,00:00.0,1.00475,0,0,0,0.102791,0.102791,0.102791,0.102791,0.102791,0.102791,0,4.11,0.102791
863,2015-05-14,00:00.0,0,0,0,0,0.0991305,0.0991305,0.0991305,0.0991305,0.0991305,0.0991305,0,4.07,0.0991305
864,2015-05-15,00:00.0,0,0,0,0,0.0956614,0.0956614,0.0956614,0.0956614,0.0956614,0.0956614,0.00477807,4.07,0.0956614
865,2015-05-16,00:00.0,0.20095,0,0,0,0.088102,0.088102,0.088102,0.088102,0.088102,0.088102,0.00477807,4.06,0.088102
866,2015-05-17,00:00.0,0,0,0,0,0.0675312,0.0675312,0.0675312,0.0675312,0.0675312,0.0675312,0,4.03,0.0675312
867,2015-05-18,00:00.0,0,0,0,0,0.0386162,0.0386162,0.0386162,0.0386162,0.0386162,0.0386162,0,4.02,0.0386162
868,2015-05-19,00:00.0,3.01425,0,0,0,0.0122081,0.0122081,0.0122081,0.0122081,0.0122081,0.0122081,0,3.99,0.0122081
869,2015-05-20,00:00.0,0,0,0,0,0,0,0,0,0,0,0,3.97,0
870,2015-05-21,00:00.0,0,0,0,0,0,0,0,0,0,0,0,3.95,0
871,2015-05-22,00:00.0,0,0,0,0,0,0,0,0,0,0,0,3.95,0
872,2015-05-23,00:00.0,0,0,0,0,0,0,0,0,0,0,0,3.93,0
873,2015-05-24,00:00.0,0,0,0,0,0,0,0,0,0,0,0,3.91,0
874,2015-05-25,00:00.0,0,0,0,0,0,0,0,0,0,0,0,3.9,0
875,2015-05-26,00:00.0,8.84179,0,0,0,0,0,0,0,0,0,0,3.91,0
876,2015-05-27,00:00.0,1.00475,0,0,0,0,0,0,0,0,0,0,3.9,0
877,2015-05-28,00:00.0,0.401899,0,0,0,0,0,0,0,0,0,0,3.9,0
878,2015-05-29,00:00.0,0,0,0,0,0,0,0,0,0,0,0,3.88,0
879,2015-05-30,00:00.0,0,0,0,0,0,0,0,0,0,0,0,3.91,0
880,2015-05-31,00:00.0,21.3007,0,0,0,0,0,6.69E-06,6.69E-06,6.69E-06,6.69E-06,0,3.93,0.00297214
881,2015-06-01,00:00.0,12.6598,0,0,0,0,0,1.27E-05,1.27E-05,1.27E-05,1.27E-05,0,3.93,0.0056276
882,2015-06-02,00:00.0,0,0,0,0,0,0,1.13E-05,1.13E-05,1.13E-05,1.13E-05,0,3.92,0.00502798
883,2015-06-03,00:00.0,0,0,0,0,0,0,1.01E-05,1.01E-05,1.01E-05,1.01E-05,0,3.93,0.00449224
884,2015-06-04,00:00.0,0,0,0,0,0,0,9.03E-06,9.03E-06,9.03E-06,9.03E-06,0,3.96,0.00401359
885,2015-06-05,00:00.0,4.62184,0,0,0,0,0,8.07E-06,8.07E-06,8.07E-06,8.07E-06,0,3.97,0.00358594
886,2015-06-06,00:00.0,4.62184,0,0,0,0,0,3.81E-06,3.81E-06,3.81E-06,3.81E-06,0,3.99,0.00169208
887,2015-06-07,00:00.0,0,0,0,0,0,0,0,0,0,0,0,4,0
888,2015-06-08,00:00.0,42.1994,1.0294,2.73495,3.13523,4.70549,5.78627,9.07648,9.26686,10.4238,10.6133,1.1054,4.04,10.8733
889,2015-06-09,00:00.0,9.44464,1.75182,4.61178,5.32476,7.98491,9.81064,15.3562,15.6769,17.6247,17.9403,6.6882,4.13,18.3696
890,2015-06-10,00:00.0,0,1.21585,3.13537,3.67837,5.5053,6.75144,10.5178,10.7354,12.0543,12.2626,11.5443,4.51,12.5412
891,2015-06-11,00:00.0,10.6503,0.827151,2.06284,2.48305,3.70438,4.52941,7.00333,7.1458,8.00706,8.13736,10.6293,4.86,8.30626
892,2015-06-12,00:00.0,5.22469,0.558425,1.32077,1.65664,2.45923,2.99297,4.57262,4.66316,5.20782,5.28416,8.08345,4.84,5.37849
893,2015-06-13,00:00.0,16.076,0.831341,2.05466,2.49181,3.71486,4.53834,7.00114,7.143,8.00007,8.12801,7.26406,4.97,8.2928
894,2015-06-14,00:00.0,2.21045,1.01626,2.54822,3.05684,4.56379,5.58243,8.63893,8.81529,9.88224,10.0445,8.43101,40.5,10.2541
895,2015-06-15,00:00.0,9.04274,0.81589,1.99966,2.44095,3.63619,4.43894,6.83478,6.97271,7.80525,7.92819,8.75852,41.3,8.08254
896,2015-06-16,00:00.0,22.9083,1.16005,2.91791,3.478,5.18722,6.35014,9.85334,10.054,11.2633,11.4525,9.24159,29.8,11.7006
897,2015-06-17,00:00.0,0,1.11303,2.78633,3.32155,4.94565,6.05476,9.40159,9.59186,10.7337,10.9152,10.2979,34.4,11.1567
898,2015-06-18,00:00.0,0,0.626396,1.47661,1.836,2.7139,3.30684,5.07679,5.17585,5.76359,5.85239,9.02258,40.8,5.96654
899,2015-06-19,00:00.0,0,0.354895,0.761005,1.01183,1.47836,1.78844,2.69775,2.74718,3.03328,3.07305,6.22166,30.9,3.12104
900,2015-06-20,00:00.0,0,0.0877408,0.142458,0.23287,0.329414,0.390438,0.558805,0.566971,0.609129,0.612658,3.73496,18,0.614637
901,2015-06-21,00:00.0,0,0,0,0,0,0,0,0,0,0,2.04711,8.59,0
902,2015-06-22,00:00.0,0,0,0,0,0,0,0,0,0,0,1.12453,7.3,0
903,2015-06-23,00:00.0,21.0997,0.320197,0.834195,0.967226,1.44729,1.77732,2.78046,2.83801,3.18661,3.2432,1.13673,7.36,3.31912
904,2015-06-24,00:00.0,0,0.338448,0.848877,1.00868,1.5014,1.83869,2.85857,2.9165,3.26511,3.3217,1.81274,7.44,3.39876
905,2015-06-25,00:00.0,0,0.0182507,0.0146819,0.0414513,0.0541113,0.0613706,0.0781125,0.078489,0.0784971,0.0784971,1.65978,10.2,0.0796445
906,2015-06-26,00:00.0,0,0,0,0,0,0,0,0,0,0,0.951149,11.5,0
907,2015-06-27,00:00.0,0,0,0,0,0,0,0,0,0,0,0.562364,11.5,0
908,2015-06-28,00:00.0,24.9178,0.326031,0.846121,0.983242,1.47054,1.80538,2.82277,2.8811,3.2344,3.2916,0.877369,11.5,3.37001
909,2015-06-29,00:00.0,17.784,0.922346,2.40363,2.78889,4.1748,5.12633,8.01637,8.18263,9.1906,9.35358,3.30615,11.5,9.57463
910,2015-06-30,00:00.0,0.20095,1.01636,2.63884,3.07228,4.5982,5.64397,8.81598,8.9986,10.1057,10.2836,6.77294,32.4,10.5225
911,2015-07-01,00:00.0,8.23894,0.849347,2.17843,2.55956,3.82614,4.69129,7.30837,7.45886,8.37022,8.5145,8.3997,50.4,8.70503
912,2015-07-02,00:00.0,0,0.812853,2.0773,2.44809,3.65852,4.48419,6.97925,7.12274,7.99162,8.12843,8.46628,53.4,8.30682
913,2015-07-03,00:00.0,0,0.726243,1.85596,2.18725,3.2687,4.0064,6.23561,6.36381,7.14011,7.26234,8.08898,37.2,7.42173
914,2015-07-04,00:00.0,0,0.648861,1.65821,1.95419,2.92042,3.57951,5.5712,5.68575,6.37933,6.48854,7.43626,19.1,6.63094
915,2015-07-05,00:00.0,0,0.579725,1.48152,1.74597,2.60925,3.19812,4.97759,5.07993,5.69961,5.79718,6.7542,6.33,5.92441
916,2015-07-06,00:00.0,0,0.393043,0.979907,1.17586,1.75262,2.14367,3.31937,3.38673,3.79362,3.8559,5.64912,6.34,3.93508
917,2015-07-07,00:00.0,0,0.119492,0.280831,0.352001,0.521414,0.634592,0.970628,0.989701,1.10419,1.12042,3.82149,6.34,1.13957
918,2015-07-08,00:00.0,18.6883,0.389356,1.03074,1.18617,1.78028,2.18818,3.42776,3.49963,3.93647,4.00743,3.07872,6.36,4.10215
919,2015-07-09,00:00.0,0,0.737227,1.95165,2.24596,3.37087,4.14321,6.4903,6.62637,7.45351,7.58786,4.55573,6.32,7.76722
920,2015-07-10,00:00.0,0,0.658675,1.7437,2.00665,3.0117,3.70175,5.79875,5.92033,6.65933,6.77937,6.06928,6.31,6.93962
921,2015-07-11,00:00.0,0,0.526667,1.38777,1.60274,2.40442,2.95409,4.62266,4.71937,5.30699,5.40191,6.13491,6.3,5.52801
922,2015-07-12,00:00.0,0,0.225758,0.571662,0.677691,1.01133,1.23885,1.92545,1.9649,2.20382,2.2421,4.80924,6.32,2.29258
923,2015-07-13,00:00.0,0,0.00989523,0.00668482,0.0218153,0.028019,0.0314815,0.0390036,0.0391195,0.0391198,0.0391198,2.8108,6.34,0.0391198
924,2015-07-14,00:00.0,0,0,0,0,0,0,0,0,0,0,1.40485,6.37,0
925,2015-07-15,00:00.0,8.84179,0,0,0,0,0,0,0,0,0,0.799723,6.4,0
926,2015-07-16,00:00.0,0,0,0,0,0,0,0,0,0,0,0.562517,6.36,0
927,2015-07-17,00:00.0,0.401899,0,0,0,0,0,0,0,0,0,0.421332,6.39,0
928,2015-07-18,00:00.0,8.94226,0.0345988,0.072841,0.0991297,0.145306,0.175369,0.262175,0.267068,0.295617,0.299252,0.353495,6.43,0.302104
929,2015-07-19,00:00.0,0,0.0345988,0.072841,0.0991297,0.145306,0.175369,0.262175,0.267068,0.295617,0.299252,0.272089,6.45,0.302104
930,2015-07-20,00:00.0,0,0,0,0,0,0,0,0,0,0,0.104696,6.49,0
931,2015-07-21,00:00.0,1.00475,0,0,0,0,0,0,0,0,0,0.00566661,6.53,0
932,2015-07-22,00:00.0,0,0,0,0,0,0,0,0,0,0,0,6.55,0
933,2015-07-23,00:00.0,0,0,0,0,0,0,0,0,0,0,0,6.59,0
934,2015-07-24,00:00.0,0,0,0,0,0,0,0,0,0,0,0,6.46,0
935,2015-07-25,00:00.0,0,0,0,0,0,0,0,0,0,0,0,6.34,0
936,2015-07-26,00:00.0,0,0,0,0,0,0,0,0,0,0,0,6.53,0
937,2015-07-27,00:00.0,0,0,0,0,0,0,0,0,0,0,0,6.63,0
938,2015-07-28,00:00.0,0,0,0,0,0,0,0,0,0,0,0,6.67,0
939,2015-07-29,00:00.0,0,0,0,0,0,0,0,0,0,0,0,6.75,0
940,2015-07-30,00:00.0,0,0,0,0,0,0,0,0,0,0,0,6.12,0
941,2015-07-31,00:00.0,0,0,0,0,0,0,0,0,0,0,0,5.69,0
942,2015-08-01,00:00.0,3.81804,0,0,0,0,0,0,0,0,0,0,5.79,0
943,2015-08-02,00:00.0,0,0,0,0,0,0,0,0,0,0,0,5.9,0
944,2015-08-03,00:00.0,21.0997,0,0,0,0,0,6.28E-06,6.28E-06,6.28E-06,6.28E-06,0,5.85,0.0028514
945,2015-08-04,00:00.0,0,0,0,0,0,0,6.28E-06,6.28E-06,6.28E-06,6.28E-06,0,5.85,0.0028514
946,2015-08-05,00:00.0,4.62184,0,0,0,0,0,0,0,0,0,0,5.94,0
947,2015-08-06,00:00.0,0,0,0,0,0,0,0,0,0,0,0,5.93,0
948,2015-08-07,00:00.0,0,0,0,0,0,0,0,0,0,0,0,5.94,0
949,2015-08-08,00:00.0,0,0,0,0,0,0,0,0,0,0,0,5.06,0
950,2015-08-09,00:00.0,0,0,0,0,0,0,0,0,0,0,0,4.25,0
951,2015-08-10,00:00.0,0,0,0,0,0,0,0,0,0,0,0,4.27,0
952,2015-08-11,00:00.0,16.2769,0.0231453,0.0387483,0.0619338,0.087966,0.104481,0.150336,0.152616,0.164654,0.16574,0,4.28,0.1685
953,2015-08-12,00:00.0,0,0.0231453,0.0387483,0.0619338,0.087966,0.104481,0.150339,0.152618,0.164657,0.165743,0,4.28,0.169524
954,2015-08-13,00:00.0,0.20095,0,0,0,0,0,4.68E-06,4.68E-06,4.68E-06,4.68E-06,0,4.3,0.00193982
955,2015-08-14,00:00.0,10.2484,0,0,0,0,0,4.18E-06,4.18E-06,4.18E-06,4.18E-06,0,4.31,0.00173314
956,2015-08-15,00:00.0,1.40665,0,0,0,0,0,1.97E-06,1.97E-06,1.97E-06,1.97E-06,0,4.32,0.000817803
957,2015-08-16,00:00.0,0,0,0,0,0,0,0,0,0,0,0,4.32,0
958,2015-08-17,00:00.0,0,0,0,0,0,0,0,0,0,0,0,4.34,0
959,2015-08-18,00:00.0,0,0,0,0,0,0,0,0,0,0,0,4.35,0
960,2015-08-19,00:00.0,0,0,0,0,0,0,0,0,0,0,0,4.54,0
961,2015-08-20,00:00.0,6.43039,0,0,0,0,0,0,0,0,0,0,4.4,0
962,2015-08-21,00:00.0,6.63134,0,0,0,0,0,0,0,0,0,0,4.42,0
963,2015-08-22,00:00.0,0,0,0,0,0,0,0,0,0,0,0,4.37,0
964,2015-08-23,00:00.0,0,0,0,0,0,0,0,0,0,0,0,4.35,0
965,2015-08-24,00:00.0,1.6076,0,0,0,0,0,0,0,0,0,0,4.38,0
966,2015-08-25,00:00.0,1.6076,0,0,0,0,0,0,0,0,0,0,4.4,0
967,2015-08-26,00:00.0,0,0,0,0,0,0,0,0,0,0,0,4.42,0
968,2015-08-27,00:00.0,0,0,0,0,0,0,0,0,0,0,0,4.44,0
969,2015-08-28,00:00.0,0,0,0,0,0,0,0,0,0,0,0,4.41,0
970,2015-08-29,00:00.0,0,0,0,0,0,0,0,0,0,0,0,4.36,0
971,2015-08-30,00:00.0,0,0,0,0,0,0,0,0,0,0,0,4.25,0
972,2015-08-31,00:00.0,0.401899,0,0,0,0,0,0,0,0,0,0,4.26,0
973,2015-09-01,00:00.0,0,0,0,0,0,0,0,0,0,0,0,4.27,0
974,2015-09-02,00:00.0,0,0,0,0,0,0,0,0,0,0,0,4.29,0
975,2015-09-03,00:00.0,0,0,0,0,0,0,0,0,0,0,0,4.31,0
976,2015-09-04,00:00.0,4.62184,0,0,0,0,0,0,0,0,0,0,4.33,0
977,2015-09-05,00:00.0,0,0,0,0,0,0,0,0,0,0,0,4.36,0
978,2015-09-06,00:00.0,0,0,0,0,0,0,0,0,0,0,0,4.38,0
979,2015-09-07,00:00.0,0,0,0,0,0,0,0,0,0,0,0,4.42,0
980,2015-09-08,00:00.0,1.00475,0,0,0,0,0,0,0,0,0,0,4.07,0
981,2015-09-09,00:00.0,5.42564,0,0,0,0,0,0,0,0,0,0,3.17,0
982,2015-09-10,00:00.0,0,0,0,0,0,0,0,0,0,0,0,3.14,0
983,2015-09-11,00:00.0,0,0,0,0,0,0,0,0,0,0,0,3.21,0
984,2015-09-12,00:00.0,4.62184,0,0,0,0,0,0,0,0,0,0,3.31,0
985,2015-09-13,00:00.0,0,0,0,0,0,0,0,0,0,0,0,3.37,0
986,2015-09-14,00:00.0,0,0,0,0,0,0,0,0,0,0,0,3.37,0
987,2015-09-15,00:00.0,0,0,0,0,0,0,0,0,0,0,0,3.36,0
988,2015-09-16,00:00.0,0,0,0,0,0,0,0,0,0,0,0,3.38,0
989,2015-09-17,00:00.0,0,0,0,0,0,0,0,0,0,0,0,3.39,0
990,2015-09-18,00:00.0,0,0,0,0,0,0,0,0,0,0,0,3.42,0
991,2015-09-19,00:00.0,1.6076,0,0,0,0,0,0,0,0,0,0,3.44,0
992,2015-09-20,00:00.0,5.22469,0,0,0,0,0,0,0,0,0,0,3.48,0
993,2015-09-21,00:00.0,0,0,0,0,0,0,0,0,0,0,0,3.17,0
994,2015-09-22,00:00.0,0,0,0,0,0,0,0,0,0,0,0,2.92,0
995,2015-09-23,00:00.0,0,0,0,0,0,0,0,0,0,0,0,2.92,0
996,2015-09-24,00:00.0,0,0,0,0,0,0,0,0,0,0,0,4.35,0
997,2015-09-25,00:00.0,0,0,0,0,0,0,0,0,0,0,0,5.54,0
998,2015-09-26,00:00.0,0,0,0,0,0,0,0,0,0,0,0,5.59,0
999,2015-09-27,00:00.0,0,0,0,0,0,0,0,0,0,0,0,5.62,0
1000,2015-09-28,00:00.0,0.803799,0,0,0,0,0,0,0,0,0,0,5.8,0
1001,2015-09-29,00:00.0,0.803799,0,0,0,0,0,0,0,0,0,0,5.97,0
1002,2015-09-30,00:00.0,2.8133,0,0,0,0,0,0,0,0,0,0,5.09,0
1003,2015-10-01,00:00.0,0,0,0,0,0,0,0,0,0,0,0,4.62,0
1004,2015-10-02,00:00.0,0,0,0,0,0,0,0,0,0,0,0,4.66,0
1005,2015-10-03,00:00.0,0,0,0,0,0,0,0,0,0,0,0,4.71,0
1006,2015-10-04,00:00.0,4.01899,0,0,0,0,0,0,0,0,0,0,4.75,0
1007,2015-10-05,00:00.0,2.0095,0,0,0,0,0,0,0,0,0,0,4.83,0
1008,2015-10-06,00:00.0,0.904274,0,0,0,0,0,0,0,0,0,0,4.87,0
1009,2015-10-07,00:00.0,0,0,0,0,0,0,0,0,0,0,0,4.91,0
1010,2015-10-08,00:00.0,0,0,0,0,0,0,0,0,0,0,0,4.87,0
1011,2015-10-09,00:00.0,23.913,0,0,0,0,0,1.23E-05,1.23E-05,1.23E-05,1.23E-05,0,4.89,0.00588579
1012,2015-10-10,00:00.0,0.20095,0,0,0,0,0,1.82E-05,1.82E-05,1.82E-05,1.82E-05,0,4.8,0.00858577
1013,2015-10-11,00:00.0,0,0,0,0,0,0,9.77E-06,9.77E-06,9.77E-06,9.77E-06,0,4.8,0.00439896
1014,2015-10-12,00:00.0,0,0,0,0,0,0,3.87E-06,3.87E-06,3.87E-06,3.87E-06,0,4.85,0.00169898
1015,2015-10-13,00:00.0,0.20095,0,0,0,0,0,0,0,0,0,0,4.9,0
1016,2015-10-14,00:00.0,2.8133,0,0,0,0,0,0,0,0,0,0,4.97,0
1017,2015-10-15,00:00.0,0,0,0,0,0,0,0,0,0,0,0,5.04,0
1018,2015-10-16,00:00.0,9.64558,0,0,0,0,0,0,0,0,0,0,5.14,0
1019,2015-10-17,00:00.0,3.01425,0,0,0,0,0,0,0,0,0,0,4.4,0
1020,2015-10-18,00:00.0,0,0,0,0,0,0,0,0,0,0,0,3.7,0
1021,2015-10-19,00:00.0,0,0,0,0,0,0,0,0,0,0,0,3.71,0
1022,2015-10-20,00:00.0,1.6076,0,0,0,0,0,0,0,0,0,0,3.77,0
1023,2015-10-21,00:00.0,0.803799,0,0,0,0,0,0,0,0,0,0,3.79,0
1024,2015-10-22,00:00.0,6.43039,0,0,0,0,0,0,0,0,0,0,3.84,0
1025,2015-10-23,00:00.0,0,0,0,0,0,0,0,0,0,0,0,3.82,0
1026,2015-10-24,00:00.0,0.20095,0,0,0,0,0,0,0,0,0,0,3.85,0
1027,2015-10-25,00:00.0,13.0617,0.0502378,0.11388,0.148439,0.21976,0.266446,0.402365,0.410219,0.456874,0.463122,0,3.92,0.471341
1028,2015-10-26,00:00.0,0.20095,0.0672744,0.140949,0.193355,0.283119,0.341434,0.509327,0.518716,0.573245,0.580117,0,3.93,0.589592
1029,2015-10-27,00:00.0,0,0.032258,0.0512531,0.0850451,0.119967,0.141986,0.202526,0.205433,0.220342,0.221525,0,3.96,0.223902
1030,2015-10-28,00:00.0,8.64084,0.0452371,0.0760922,0.121243,0.172312,0.204725,0.294777,0.299266,0.323077,0.325282,0,3.92,0.327924
1031,2015-10-29,00:00.0,25.7216,0.724503,1.90297,2.20469,3.30699,4.06161,6.34921,6.48192,7.28783,7.41757,0,3.89,7.59227
1032,2015-10-30,00:00.0,2.8133,1.31498,3.50489,4.02089,6.04253,7.42967,11.6447,11.8901,13.3843,13.6268,1.01662,3.96,13.9547
1033,2015-10-31,00:00.0,0,1.17487,3.13144,3.59247,5.3987,6.63804,10.404,10.6232,11.9582,12.1749,4.78083,3.96,12.4678
1034,2015-11-01,00:00.0,11.6551,1.34876,3.5908,4.12504,6.19924,7.62113,11.939,12.1905,13.7225,13.9704,9.70321,3.96,14.304
1035,2015-11-02,00:00.0,0,1.47021,3.90787,4.49657,6.75737,8.30569,13.0041,13.2781,14.9463,15.2153,13.1214,3.97,15.5758
1036,2015-11-03,00:00.0,0,1.24572,3.3048,3.80888,5.72314,7.03313,11.006,11.2377,12.6485,12.8753,13.9268,3.96,13.1786
1037,2015-11-04,00:00.0,0,1.04515,2.76599,3.19446,4.79911,5.89616,9.22084,9.41473,10.5955,10.7846,12.648,3.93,11.0369
1038,2015-11-05,00:00.0,0,0.865956,2.28458,2.6455,3.97353,4.88033,7.62584,7.786,8.76123,8.91669,10.8997,3.92,9.12336
1039,2015-11-06,00:00.0,4.62184,0.742699,1.94494,2.26718,3.40382,4.17741,6.51363,6.65009,7.48067,7.61152,9.28277,3.93,7.78323
1040,2015-11-07,00:00.0,6.63134,0.772009,2.00825,2.35474,3.53381,4.33401,6.74526,6.88623,7.74403,7.87772,8.39217,3.96,8.05035
1041,2015-11-08,00:00.0,1.40665,0.761348,1.97435,2.32084,3.48205,4.26926,6.63937,6.77794,7.62109,7.75185,8.10244,3.95,7.91948
1042,2015-11-09,00:00.0,0.401899,0.612389,1.5773,1.86497,2.79681,3.42678,5.31943,5.43016,6.10377,6.20708,7.47692,3.96,6.33812
1043,2015-11-10,00:00.0,0,0.479302,1.22255,1.45767,2.18458,2.67407,4.14013,4.226,4.74812,4.8269,6.36042,3.96,4.92525
1044,2015-11-11,00:00.0,9.74606,0.637611,1.64422,1.94061,2.90982,3.56596,5.53926,5.65453,6.35557,6.46358,5.98604,3.96,6.60082
1045,2015-11-12,00:00.0,1.80855,0.779051,2.02096,2.3721,3.55778,4.36282,6.78932,6.93086,7.79174,7.92588,6.73677,3.95,8.09787
1046,2015-11-13,00:00.0,9.64558,0.932323,2.43175,2.83974,4.26017,5.22725,8.14815,8.3183,9.35315,9.51609,8.01205,3.96,9.72669
1047,2015-11-14,00:00.0,2.21045,1.09974,2.87641,3.34907,5.02433,6.16701,9.6229,9.82395,11.0465,11.2403,9.60809,3.86,11.4913
1048,2015-11-15,00:00.0,0.602849,0.964591,2.51424,2.93475,4.40116,5.40051,8.4208,8.59642,9.66407,9.83263,10.3153,3.79,10.0495
1049,2015-11-16,00:00.0,0,0.813361,2.113,2.47308,3.70778,4.54825,7.08607,7.23364,8.13061,8.27154,9.61866,3.74,8.45192
1050,2015-11-17,00:00.0,0,0.65886,1.70118,2.00098,2.99848,3.67604,5.71854,5.83731,6.559,6.6714,8.3396,3.8,6.81383
1051,2015-11-18,00:00.0,0,0.520821,1.33323,1.5792,2.36477,2.89677,4.49672,4.58976,5.15485,5.24175,6.94146,4.1,5.35027
1052,2015-11-19,00:00.0,6.22944,0.569697,1.46318,1.72726,2.58663,3.16979,4.92621,5.02821,5.64762,5.74361,6.13404,3.95,5.86416
1053,2015-11-20,00:00.0,0.20095,0.613366,1.57929,1.85955,2.78486,3.41372,5.30993,5.41994,6.08788,6.192,6.07932,3.97,6.32329
1054,2015-11-21,00:00.0,0,0.499559,1.27768,1.51244,2.26369,2.77316,4.30667,4.39562,4.93547,5.01883,5.85231,3.99,5.12275
1055,2015-11-22,00:00.0,14.8703,0.431797,1.10154,1.3066,1.95517,2.39463,3.71657,3.79324,4.25848,4.33006,5.22495,3.97,4.4189
1056,2015-11-23,00:00.0,0.401899,0.385789,0.984173,1.16738,1.74685,2.13949,3.32056,3.38907,3.80474,3.86869,4.65269,3.99,3.94806
1057,2015-11-24,00:00.0,2.0095,0.344683,0.879309,1.04299,1.56072,1.91152,2.96676,3.02796,3.39934,3.45648,4.18225,3.99,3.5274
1058,2015-11-25,00:00.0,0,0.304022,0.77479,0.919764,1.3762,1.68537,2.61512,2.66905,2.99623,3.0465,3.74232,4.01,3.10877
1059,2015-11-26,00:00.0,1.2057,0.442072,1.14686,1.34637,2.02602,2.48437,3.8594,3.94035,4.42996,4.50492,3.79255,3.6,4.60046
1060,2015-11-27,00:00.0,4.32042,1.07329,2.82515,3.28469,4.94019,6.06438,9.45658,9.65582,10.8669,11.0575,6.1094,3.13,11.3096
1061,2015-11-28,00:00.0,10.4494,1.82437,4.83874,5.5755,8.37272,10.2893,16.1075,16.4461,18.5082,18.8415,11.8496,12.6,19.2858
1062,2015-11-29,00:00.0,0,1.99148,5.30276,6.07716,9.12416,11.2203,17.5998,17.9696,20.2202,20.5882,17.5584,22.5,21.0786
1063,2015-11-30,00:00.0,0,1.77928,4.73775,5.42963,8.15198,10.0248,15.7245,16.0549,18.0657,18.3945,19.3005,23,18.8327
1064,2015-12-01,00:00.0,0.401899,1.5897,4.23294,4.8511,7.28338,8.95664,14.0491,14.3443,16.1408,16.4346,18.2094,22.7,16.8261
1065,2015-12-02,00:00.0,2.21045,1.47336,3.92227,4.49514,6.74872,8.29912,13.0178,13.2913,14.9553,15.2275,16.7401,22.1,15.5898
1066,2015-12-03,00:00.0,0.602849,1.35615,3.60816,4.13628,6.20951,7.63579,11.9765,12.228,13.7581,14.0083,15.4603,21.3,14.3409
1067,2015-12-04,00:00.0,0.502374,1.18509,3.15062,3.6139,5.42486,6.67045,10.4606,10.6802,12.016,12.2343,14.0181,14.4,12.5241
1068,2015-12-05,00:00.0,0,1.03226,2.74183,3.14717,4.72382,5.80797,9.10618,9.29727,10.4596,10.6493,12.4229,8.47,10.9009
1069,2015-12-06,00:00.0,0,0.895712,2.3766,2.73018,4.09747,5.03738,7.89611,8.06172,9.069,9.23319,10.9061,5.85,9.45067
1070,2015-12-07,00:00.0,0,0.773715,2.05028,2.35761,3.53786,4.3489,6.81498,6.95782,7.82656,7.96797,9.53054,5.85,8.15495
1071,2015-12-08,00:00.0,0.20095,0.664717,1.75873,2.02475,3.03788,3.73378,5.84903,5.97154,6.71651,6.83755,8.29212,5.85,6.99728
1072,2015-12-09,00:00.0,0,0.567332,1.49825,1.72735,2.59117,3.1842,4.98601,5.09035,5.72474,5.82759,7.17596,5.84,5.96296
1073,2015-12-10,00:00.0,1.2057,0.492379,1.29587,1.49713,2.24483,2.75792,4.31619,4.40631,4.95402,5.04261,6.22342,5.54,5.15847
1074,2015-12-11,00:00.0,0.401899,0.425412,1.11506,1.29144,1.93539,2.37706,3.71773,3.79516,4.26542,4.34127,5.39373,5.58,4.4397
1075,2015-12-12,00:00.0,0,0.353525,0.923163,1.07217,1.60615,1.97204,3.0818,3.14587,3.53481,3.59729,4.64794,5.8,3.6779
1076,2015-12-13,00:00.0,1.2057,0.304316,0.790144,0.920898,1.37851,1.69184,2.64152,2.69624,3.02812,3.08122,3.99865,5.75,3.14896
1077,2015-12-14,00:00.0,1.40665,0.287771,0.743506,0.868474,1.299,1.59383,2.48738,2.53872,2.84964,2.89934,3.50934,5.74,2.96199
1078,2015-12-15,00:00.0,14.2674,0.809868,2.14931,2.46593,3.70081,4.55039,7.13582,7.28542,8.19436,8.34298,4.71174,5.79,8.5397
1079,2015-12-16,00:00.0,0.602849,1.25158,3.33917,3.81764,5.73325,7.05233,11.0698,11.3025,12.7177,12.9501,8.2891,5.82,13.2606
1080,2015-12-17,00:00.0,2.0095,1.15612,3.08194,3.52469,5.29247,6.50988,10.2178,10.4326,11.7377,11.952,11.0562,5.81,12.238
1081,2015-12-18,00:00.0,0,1.06817,2.84607,3.25574,4.88824,6.01249,9.43664,9.63487,10.8396,11.0375,11.5203,5.69,11.3012
1082,2015-12-19,00:00.0,0.401899,0.927795,2.46973,2.82718,4.24437,5.22011,8.19136,8.36335,9.40855,9.58002,10.8582,5.31,9.80829
1083,2015-12-20,00:00.0,0.401899,0.815659,2.17003,2.48511,3.73062,4.58803,7.19867,7.34977,8.268,8.41855,9.78489,5.38,8.61883
1084,2015-12-21,00:00.0,2.61235,0.717678,1.90835,2.18628,3.28183,4.03592,6.33168,6.46455,7.27193,7.40423,8.72266,5.18,7.58012
1085,2015-12-22,00:00.0,16.4779,1.40256,3.754,4.28425,6.43717,7.91988,12.4367,12.6988,14.293,14.5552,10.3634,5.18,14.9074
1086,2015-12-23,00:00.0,0.602849,2.01917,5.41468,6.17233,9.27647,11.4148,17.9301,18.3084,20.6101,20.989,15.7145,5.59,21.4996
1087,2015-12-24,00:00.0,1.2057,1.81687,4.86924,5.55226,8.34373,10.2666,16.1256,16.4657,18.5346,18.8752,19.0498,7.78,19.3335
1088,2015-12-25,00:00.0,0.20095,1.62922,4.36416,4.97783,7.47996,9.20347,14.4546,14.7594,16.6132,16.9183,18.5007,12.3,17.3285
1089,2015-12-26,00:00.0,0,1.42907,3.82606,4.36577,6.55995,8.0711,12.6747,12.9418,14.5669,14.8342,16.851,12.3,15.1934
1090,2015-12-27,00:00.0,7.43514,1.2928,3.46596,3.95175,5.93907,7.30788,11.4783,11.7204,13.1938,13.4362,15.1385,12.2,13.7624
1091,2015-12-28,00:00.0,0.20095,1.20961,3.25138,3.70252,5.56899,6.85348,10.7652,10.9929,12.3782,12.6058,13.8536,12.2,12.9127
1092,2015-12-29,00:00.0,6.43039,1.10572,2.97479,3.38701,5.09744,6.27324,9.85155,10.0602,11.3296,11.5376,12.8261,11.7,11.8182
1093,2015-12-30,00:00.0,6.32992,0.978211,2.63115,2.99632,4.5094,5.54944,8.71434,8.89889,10.0216,10.2055,11.6871,12.2,10.4536
1094,2015-12-31,00:00.0,0,0.851291,2.28835,2.60729,3.92381,4.8285,7.58094,7.74146,8.71791,8.87768,10.4102,17.5,9.09305
1095,2016-01-01,00:00.0,0.602849,0.734575,1.97295,2.2495,3.38524,4.16541,6.53833,6.67673,7.51858,7.65615,9.15466,20.9,7.84138
1096,2016-01-02,00:00.0,4.62184,0.636614,1.70854,1.94927,2.93333,3.60907,5.66387,5.78373,6.51274,6.63173,7.99266,20.8,6.79179
1097,2016-01-03,00:00.0,0,0.554863,1.48819,1.69878,2.55631,3.145,4.93471,5.03911,5.67409,5.77762,6.99666,20.7,5.91679
1098,2016-01-04,00:00.0,1.40665,0.481823,1.29131,1.47497,2.21946,2.73037,4.28323,4.37383,4.9248,5.01452,6.14355,10,5.13502
1099,2016-01-05,00:00.0,0,0.423525,1.13457,1.29641,1.95073,2.39968,3.76401,3.84362,4.3277,4.40648,5.38289,4.16,4.51221
1100,2016-01-06,00:00.0,0,0.378398,1.01368,1.15828,1.74288,2.144,3.36295,3.43408,3.86658,3.93697,4.76465,4.18,4.03143
1101,2016-01-07,00:00.0,0,0.331231,0.886826,1.01381,1.52546,1.87642,2.9428,3.00502,3.3834,3.44491,4.24809,4.15,3.52742
1102,2016-01-08,00:00.0,0,0.282131,0.754335,0.86333,1.29896,1.5976,2.50456,2.5575,2.87933,2.93155,3.74349,4.11,3.00145
1103,2016-01-09,00:00.0,5.82754,0.26743,0.720446,0.821302,1.23752,1.52273,2.38896,2.43973,2.74882,2.79898,3.3272,4.08,2.86661
1104,2016-01-10,00:00.0,6.22944,0.744751,2.00975,2.29065,3.45908,4.25638,6.67093,6.8134,7.67858,7.81766,4.44542,4.09,8.00613
1105,2016-01-11,00:00.0,10.8513,1.24284,3.3583,3.82447,5.7771,7.10941,11.1441,11.3823,12.8289,13.0616,8.04453,9.74,13.3776
1106,2016-01-12,00:00.0,3.51662,1.20436,3.26273,3.70936,5.6039,6.89765,10.8182,11.0497,12.4565,12.6834,11.2463,26.7,12.9924
1107,2016-01-13,00:00.0,9.94701,1.07603,2.91509,3.31413,5.00681,6.16271,9.6655,9.87235,11.1293,11.332,11.9532,34,11.6081
1108,2016-01-14,00:00.0,7.53561,0.961382,2.60448,2.96101,4.47333,5.50607,8.63564,8.82045,9.94343,10.1246,11.3069,33.2,10.3712
1109,2016-01-15,00:00.0,0.401899,0.855578,2.31771,2.63515,3.98109,4.90015,7.68509,7.84956,8.84893,9.0101,10.3127,21.2,9.22954
1110,2016-01-16,00:00.0,6.93276,0.754087,2.04233,2.32262,3.50906,4.31902,6.77299,6.91794,7.7987,7.94063,9.26797,6.43,8.13384
1111,2016-01-17,00:00.0,2.0095,0.65982,1.78641,2.03234,3.07069,3.7793,5.92564,6.05247,6.82302,6.94706,8.23108,4.26,7.11584
1112,2016-01-18,00:00.0,5.62659,0.580928,1.57244,1.78939,2.70373,3.32755,5.21672,5.32838,6.00674,6.11585,7.28501,4.23,6.26427
1113,2016-01-19,00:00.0,6.32992,0.517401,1.40041,1.59372,2.4081,2.96369,4.64617,4.74562,5.34979,5.44695,6.48756,4.26,5.5791
1114,2016-01-20,00:00.0,0,0.462272,1.2512,1.42391,2.15152,2.64791,4.15112,4.23997,4.77976,4.86657,5.7957,4.36,4.98465
1115,2016-01-21,00:00.0,1.50712,0.409648,1.10861,1.26184,1.90667,2.34653,3.6784,3.75714,4.23546,4.31234,5.16583,4.39,4.41691
1116,2016-01-22,00:00.0,0,0.362631,0.981217,1.11703,1.68791,2.07726,3.25605,3.32575,3.74915,3.81717,4.61657,4.37,3.90966
1117,2016-01-23,00:00.0,0,0.323993,0.876668,0.998009,1.50806,1.85592,2.90912,2.97139,3.34967,3.41045,4.14823,4.36,3.49309
1118,2016-01-24,00:00.0,0,0.289471,0.783259,0.891671,1.34738,1.65818,2.59915,2.65479,2.99276,3.04706,3.72155,4.38,3.1209
1119,2016-01-25,00:00.0,0,0.257434,0.696517,0.792993,1.19829,1.47468,2.31143,2.36091,2.66147,2.70975,3.32878,4.43,2.77539
1120,2016-01-26,00:00.0,1.70807,0.221851,0.599865,0.68343,1.03284,1.27097,1.99153,2.03417,2.29312,2.33463,2.94726,4.42,2.39102
1121,2016-01-27,00:00.0,5.02374,0.377863,1.02069,1.16645,1.76968,2.17685,3.40074,3.47409,3.91751,3.98679,3.08795,4.43,4.08083
1122,2016-01-28,00:00.0,0.502374,0.517251,1.39668,1.59801,2.428,2.98621,4.65979,4.76058,5.36883,5.46292,3.9687,4.41,5.59059
1123,2016-01-29,00:00.0,8.64084,0.448219,1.20955,1.38494,2.10482,2.5885,4.03761,4.12498,4.65206,4.73335,4.59617,4.91,4.84357
1124,2016-01-30,00:00.0,0,0.393501,1.06152,1.21598,1.84831,2.27293,3.54456,3.62128,4.08402,4.15526,4.56872,5.09,4.25182
1125,2016-01-31,00:00.0,0,0.34516,0.930768,1.0667,1.62167,1.99411,3.10898,3.17629,3.58219,3.64456,4.27277,5.95,3.72906
1126,2016-02-01,00:00.0,6.63134,0.662415,1.78592,2.04246,3.09742,3.80976,5.95126,6.07942,6.85383,6.9749,4.91124,5.96,7.139
1127,2016-02-02,00:00.0,0,1.08445,2.92502,3.34308,5.06767,6.23359,9.74178,9.95141,11.2188,11.4177,7.52135,17.8,11.6873
1128,2016-02-03,00:00.0,6.22944,1.3315,3.60163,4.10828,6.22671,7.66106,11.9821,12.2401,13.8018,14.0479,10.9667,30.5,14.3828
1129,2016-02-04,00:00.0,2.0095,2.35278,6.3406,7.24829,10.9799,13.5058,21.1123,21.5659,24.3094,24.7412,17.218,35.6,25.3267
1130,2016-02-05,00:00.0,0,3.02409,8.12738,9.30848,14.0999,17.3398,27.0878,27.6692,31.1829,31.734,26.0191,39.5,32.4791
1131,2016-02-06,00:00.0,3.01425,2.68043,7.2024,8.25074,12.4983,15.3698,24.008,24.5233,27.6374,28.1255,29.6317,40.4,28.7854
1132,2016-02-07,00:00.0,0,2.37339,6.37598,7.3057,11.0673,13.6096,21.2563,21.7126,24.4698,24.9016,27.6108,39.9,25.4852
1133,2016-02-08,00:00.0,0,2.09906,5.63762,6.46135,9.78874,12.037,18.7979,19.2014,21.6396,22.0211,24.7527,24.7,22.5366
1134,2016-02-09,00:00.0,1.50712,2.16103,5.8079,6.65838,10.0972,12.4158,19.3783,19.7952,22.3124,22.7041,23.2777,10.7,23.2336
1135,2016-02-10,00:00.0,0.803799,2.21638,5.96005,6.83441,10.3727,12.7543,19.8968,20.3257,22.9136,23.3143,23.4704,4.89,23.8563
1136,2016-02-11,00:00.0,1.80855,1.96536,5.28408,6.06048,9.19866,11.3103,17.6425,18.0229,20.3175,20.6726,22.7163,4.89,21.1528
1137,2016-02-12,00:00.0,1.00475,1.7518,4.70965,5.40198,8.19932,10.0815,15.7253,16.0643,18.1096,18.426,20.6475,4.93,18.8538
1138,2016-02-13,00:00.0,2.4114,1.56515,4.20783,4.8264,7.32568,9.00733,14.0497,14.3526,16.18,16.4627,18.5557,4.98,16.8449
1139,2016-02-14,00:00.0,0,1.39838,3.75949,4.31214,6.54513,8.0476,12.5527,12.8233,14.456,14.7086,16.6521,4.94,15.0501
1140,2016-02-15,00:00.0,0,1.24938,3.35891,3.85268,5.84774,7.19012,11.2152,11.457,12.9157,13.1414,14.9384,4.96,13.4465
1141,2016-02-16,00:00.0,1.80855,1.11626,3.00102,3.44218,5.22466,6.42401,10.0202,10.2363,11.5395,11.7411,13.3983,4.95,12.0138
1142,2016-02-17,00:00.0,4.82279,0.986602,2.65176,3.04245,4.61832,5.67828,8.85579,9.04672,10.1985,10.3765,11.9802,4.93,10.6172
1143,2016-02-18,00:00.0,0,0.86004,2.31021,2.65236,4.02693,4.95077,7.71863,7.88509,8.88899,9.04374,10.6097,4.93,9.25281
1144,2016-02-19,00:00.0,0,0.757683,2.03456,2.33679,3.5482,4.36202,6.79941,6.94607,7.83041,7.96654,9.37637,4.94,8.15037
1145,2016-02-20,00:00.0,9.24369,0.666232,1.78827,2.05484,3.12049,3.836,5.97815,6.10711,6.88463,7.00412,8.29388,4.94,7.1654
1146,2016-02-21,00:00.0,0.20095,1.49739,4.00336,4.61114,7.00113,8.60411,13.3985,13.687,15.4243,15.6903,10.4519,4.96,16.0479
1147,2016-02-22,00:00.0,0.20095,2.60849,6.97118,8.03058,12.1907,14.9817,23.3307,23.8329,26.8565,27.3198,18.574,4.87,27.9424
1148,2016-02-23,00:00.0,0,2.67762,7.15815,8.24451,12.5149,15.3804,23.9537,24.4693,27.5745,28.0505,25.8577,4.89,28.6905
1149,2016-02-24,00:00.0,0,2.37088,6.33644,7.30013,11.0821,13.6191,21.2078,21.6644,24.4135,24.8345,26.7761,4.81,25.4005
1150,2016-02-25,00:00.0,12.4589,2.09682,5.60229,6.45638,9.80199,12.0455,18.7546,19.1584,21.5893,21.9612,24.5219,4.81,22.4609
1151,2016-02-26,00:00.0,2.0095,1.85197,4.94637,5.70253,8.65828,10.6396,16.5627,16.9193,19.0661,19.3941,21.896,4.83,19.8346
1152,2016-02-27,00:00.0,0,1.64178,4.38394,5.05539,7.67618,9.43244,14.6818,14.998,16.9009,17.1914,19.4794,4.83,17.5814
1153,2016-02-28,00:00.0,0,1.45399,3.88145,4.4772,6.79872,8.35394,13.0014,13.2814,14.9664,15.2234,17.3354,4.83,15.5683
1154,2016-02-29,00:00.0,5.62659,2.32281,6.20452,7.14832,10.8466,13.3297,20.7616,21.2081,23.897,24.3098,19.4937,4.85,24.8643
1155,2016-03-01,00:00.0,0,3.09906,8.28006,9.53484,14.4633,17.7754,27.6951,28.2902,31.876,32.428,26.8428,26.2,33.1698
1156,2016-03-02,00:00.0,15.2722,2.75813,7.36832,8.48594,12.8725,15.8201,24.6474,25.1771,28.3681,28.8592,30.3975,38.7,29.519
1157,2016-03-03,00:00.0,0,2.46425,6.58322,7.58176,11.501,14.1345,22.0212,22.4944,25.3455,25.7842,28.4152,31.8,26.3737
1158,2016-03-04,00:00.0,0,2.20169,5.88178,6.77392,10.2755,12.6285,19.6748,20.0976,22.6449,23.0369,25.6674,9.14,23.5636
1159,2016-03-05,00:00.0,0,1.9671,5.25507,6.05215,9.18068,11.2829,17.5784,17.9562,20.2321,20.5823,23.0414,4.78,21.0529
1160,2016-03-06,00:00.0,2.61235,1.7575,4.69514,5.40729,8.20247,10.0807,15.7055,16.043,18.0764,18.3893,20.6693,4.81,18.8097
1161,2016-03-07,00:00.0,0,1.57024,4.19487,4.83114,7.32849,9.0066,14.032,14.3336,16.1503,16.4299,18.5292,4.8,16.8055
1162,2016-03-08,00:00.0,0,2.04675,5.46431,6.30071,9.56631,11.7551,18.2984,18.6923,21.0629,21.4251,19.1219,4.84,21.9113
1163,2016-03-09,00:00.0,0,3.65501,9.57674,11.3945,17.127,20.9687,32.4617,33.1502,37.4062,38.0452,27.9889,4.86,38.9014
1164,2016-03-10,00:00.0,2.0095,4.58366,11.9439,14.3216,21.4022,26.173,40.5399,41.3893,46.7111,47.5252,41.0023,16.9,48.6235
1165,2016-03-11,00:00.0,4.62184,4.45289,11.7157,13.7894,20.63,25.2685,39.3841,40.2042,45.3168,46.1385,46.9536,68.5,47.2618
1166,2016-03-12,00:00.0,0,4.19634,11.1042,12.9233,19.3907,23.7635,37.1556,37.9254,42.7073,43.4993,45.993,82.3,44.5903
1167,2016-03-13,00:00.0,0,3.75646,9.97309,11.5252,17.3672,21.2793,33.3165,34.003,38.2589,38.979,42.6928,56.7,39.9764
1168,2016-03-14,00:00.0,4.21994,3.50958,9.35931,10.718,16.254,19.9094,31.2147,31.8538,35.804,36.4887,39.1869,42.3,37.4423
1169,2016-03-15,00:00.0,4.82279,3.47154,9.31121,10.5438,16.1102,19.7295,30.9856,31.6159,35.4957,36.1862,37.5152,29.1,37.1517
1170,2016-03-16,00:00.0,0.20095,3.31007,8.94862,9.98942,15.3975,18.8604,29.6933,30.2916,33.9673,34.6384,36.485,19.4,35.5572
1171,2016-03-17,00:00.0,9.24369,3.27122,8.87792,9.8518,15.3306,18.7667,29.5184,30.11,33.7428,34.4068,35.5403,18.4,35.2939
1172,2016-03-18,00:00.0,1.2057,3.19851,8.66962,9.64181,15.1602,18.521,29.015,29.5947,33.1516,33.7966,35.0135,28,34.6584
1173,2016-03-19,00:00.0,0,2.79718,7.57768,8.42636,13.4544,16.3907,25.5641,26.0701,29.1748,29.7389,32.9383,33.6,30.4917
1174,2016-03-20,00:00.0,0,2.45262,6.64225,7.38549,11.9839,14.557,22.5988,23.0419,25.7611,26.2558,29.4354,33.6,26.9155
1175,2016-03-21,00:00.0,0,2.16075,5.85048,6.50467,10.7294,12.9953,20.079,20.469,22.8626,23.2985,26.1699,33.4,23.8795
1176,2016-03-22,00:00.0,0,1.8861,5.10484,5.67499,9.5271,11.5036,17.6851,18.025,20.1114,20.492,23.2186,33.1,20.9988
1177,2016-03-23,00:00.0,2.4114,1.62913,4.4068,4.89812,8.38312,10.0884,15.4257,15.7186,17.5168,17.8457,20.4595,23.9,18.2831
1178,2016-03-24,00:00.0,10.0475,1.80753,4.87767,5.45089,9.22712,11.1223,17.0223,17.3496,19.3554,19.7148,19.494,19.7,20.1937
1179,2016-03-25,00:00.0,30.3434,1.97849,5.33022,5.98034,10.0391,12.1164,18.5576,18.9179,21.1227,21.5116,20.6709,19.2,22.0309
1180,2016-03-26,00:00.0,0,1.73714,4.67824,5.24924,8.95396,10.7769,16.4305,16.7465,18.6806,19.022,20.7143,34.1,19.4775
1181,2016-03-27,00:00.0,0,1.5192,4.08936,4.58891,7.96143,9.55458,14.4969,14.7729,16.4623,16.7608,18.9058,45.6,17.1587
1182,2016-03-28,00:00.0,18.6883,3.1598,8.47101,9.65213,15.6037,18.9408,29.1451,29.7329,33.3249,33.9232,24.403,51.2,34.7283
1183,2016-03-29,00:00.0,4.82279,4.82684,12.9506,14.7629,23.3574,28.4651,44.0569,44.9594,50.4659,51.3778,40.2397,70.4,52.6124
1184,2016-03-30,00:00.0,0,4.4671,12.0156,13.6251,21.7307,26.457,40.9308,41.7639,46.84,47.6928,49.1937,134,48.8472
1185,2016-03-31,00:00.0,17.2817,4.58853,12.3508,13.992,22.3782,27.2364,42.1147,42.9707,48.1856,49.0621,49.4569,100,50.2447
1186,2016-04-01,00:00.0,27.932,5.7839,15.5724,17.6507,27.9968,34.1275,52.8832,53.9646,60.5507,61.6537,56.0232,70.7,63.1442
1187,2016-04-02,00:00.0,1.00475,6.21598,16.7366,18.9725,30.1295,36.7197,56.876,58.0389,65.1202,66.305,64.7541,128,67.9067
1188,2016-04-03,00:00.0,2.61235,5.53847,14.9101,16.9026,27.1493,33.0202,50.9769,52.0127,58.3199,59.3753,64.3612,84.5,60.8017
1189,2016-04-04,00:00.0,14.6693,4.94834,13.3214,15.1016,24.5355,29.7809,45.8242,46.7497,52.3848,53.3278,58.1592,35.1,54.6022
1190,2016-04-05,00:00.0,0,4.42109,11.902,13.4925,22.1761,26.8626,41.1965,42.0234,47.0581,47.9006,52.3622,22,49.0392
1191,2016-04-06,00:00.0,2.0095,3.95003,10.6338,12.0549,20.0441,24.2312,37.0379,37.7766,42.2749,43.0276,47.1414,18.2,44.0449
1192,2016-04-07,00:00.0,21.5016,3.62432,9.77369,11.0681,18.5686,22.4165,34.1877,34.8671,39.0052,39.6982,42.9111,18.2,40.6365
1193,2016-04-08,00:00.0,1.00475,3.73285,10.0813,11.4177,19.1083,23.0827,35.2187,35.9225,40.2051,40.9175,41.4685,30,41.8834
1194,2016-04-09,00:00.0,0,3.73463,10.0833,11.4323,19.1339,23.1143,35.2472,35.9533,40.2459,40.9551,41.8414,48,41.9165
1195,2016-04-10,00:00.0,0,3.33671,9.0089,10.2142,17.2746,20.8309,31.671,32.3018,36.1371,36.7707,40.0552,47.9,37.6297
1196,2016-04-11,00:00.0,5.42564,2.98118,8.049,9.12583,15.5969,18.7744,28.4594,29.0231,32.4497,33.0158,36.3433,31.7,33.7832
1197,2016-04-12,00:00.0,0.401899,3.34976,9.03058,10.2653,17.2972,20.871,31.7281,32.3638,36.2213,36.8504,35.8365,23,37.7023
1198,2016-04-13,00:00.0,0,4.10548,11.0557,12.5974,20.8202,25.2065,38.487,39.2696,44.0099,44.7727,40.9192,23.1,45.805
1199,2016-04-14,00:00.0,0,4.22131,11.3029,12.9786,21.3519,25.8422,39.4215,40.2223,45.0962,45.8736,45.6483,22.8,46.9233
1200,2016-04-15,00:00.0,0,3.93655,10.4982,12.1062,19.972,24.1371,36.7598,37.5003,42.0286,42.7549,45.3635,22.6,43.737
1201,2016-04-16,00:00.0,0,3.50939,9.40389,10.7393,17.8629,21.5743,32.8948,33.5509,37.556,38.2171,41.84,18.1,39.1116
1202,2016-04-17,00:00.0,0,2.97774,7.99581,9.07291,15.3016,18.4467,28.0802,28.6335,32.0069,32.5739,36.8715,16.1,33.3376
1203,2016-04-18,00:00.0,0,2.43679,6.52832,7.41845,12.7579,15.3261,23.1915,23.6427,26.3939,26.8559,31.3268,16,27.4764
1204,2016-04-19,00:00.0,0,1.95348,5.21718,5.94028,10.4585,12.5112,18.7969,19.157,21.3522,21.7204,25.9582,9.54,22.213
1205,2016-04-20,00:00.0,0,1.52167,4.04575,4.61961,8.37993,9.97197,14.8463,15.1249,16.8235,17.1079,21.089,4.93,17.4862
1206,2016-04-21,00:00.0,0,1.13587,2.99914,3.43965,6.50088,7.68141,11.2948,11.5006,12.7554,12.9649,16.7165,5.14,13.2412
1207,2016-04-22,00:00.0,9.64558,1.00714,2.6376,3.04359,5.79668,6.83622,10.013,10.1937,11.2945,11.4768,13.5764,5.07,11.7154
1208,2016-04-23,00:00.0,0.20095,0.892128,2.31458,2.68972,5.1667,6.08026,8.86694,9.02519,9.98841,10.1464,11.7196,5.03,10.3514
1209,2016-04-24,00:00.0,0,0.617073,1.57261,1.84968,3.81896,4.44053,6.33348,6.44018,7.08928,7.19457,9.75114,4.94,7.32801
1210,2016-04-25,00:00.0,1.00475,0.387039,0.952933,1.14745,2.67671,3.05439,4.20094,4.26461,4.65152,4.71285,7.38583,4.94,4.7867
1211,2016-04-26,00:00.0,20.4969,0.729409,1.88825,2.19619,4.17531,4.92158,7.19361,7.32385,8.11552,8.24474,6.78937,4.94,8.41551
1212,2016-04-27,00:00.0,2.0095,1.13142,2.98843,3.42873,5.98433,7.16385,10.7602,10.9684,12.2346,12.4437,9.06466,4.95,12.7276
1213,2016-04-28,00:00.0,0,0.963673,2.54014,2.91829,5.18399,6.1868,9.24345,9.42039,10.4963,10.6736,10.7844,4.92,10.9143
1214,2016-04-29,00:00.0,0,0.787574,2.06743,2.3816,4.33623,5.1528,7.64032,7.78427,8.65925,8.80307,10.2132,4.26,8.99779
1215,2016-04-30,00:00.0,0,0.565598,1.46721,1.70333,3.26171,3.84197,5.60669,5.70869,6.32823,6.42921,8.6024,3.97,6.56505
1216,2016-05-01,00:00.0,3.21519,0.281664,0.695335,0.834108,1.88892,2.16548,3.00056,3.04859,3.33932,3.38495,6.33938,3.87,3.44456
1217,2016-05-02,00:00.0,0.602849,0.139818,0.313478,0.401367,1.18968,1.31584,1.69114,1.71249,1.84084,1.85932,4.2583,3.86,1.8817
1218,2016-05-03,00:00.0,0,0.12492,0.280076,0.358601,1.09121,1.20393,1.53924,1.55832,1.67299,1.6895,2.99656,3.86,1.70949
1219,2016-05-04,00:00.0,0,0.11161,0.250234,0.320392,1.00145,1.10215,1.40174,1.41879,1.52124,1.53599,2.35523,3.96,1.55385
1220,2016-05-05,00:00.0,0,0.0997176,0.223572,0.286254,0.919581,1.00955,1.27722,1.29245,1.38399,1.39716,1.99285,3.88,1.41312
1221,2016-05-06,00:00.0,0,0.0890927,0.19975,0.255753,0.844868,0.925254,1.1644,1.17801,1.25979,1.27156,1.7254,3.52,1.28582
1222,2016-05-07,00:00.0,0,0.0420396,0.0942547,0.120681,0.59985,0.637781,0.750624,0.757045,0.795637,0.801192,1.38346,3.34,0.807921
1223,2016-05-08,00:00.0,0.401899,0,0,0,0.373572,0.373572,0.373572,0.373572,0.373572,0.373572,1.00283,3.36,0.373572
1224,2016-05-09,00:00.0,0,0,0,0,0.34541,0.34541,0.34541,0.34541,0.34541,0.34541,0.785627,3.36,0.34541
1225,2016-05-10,00:00.0,0,0,0,0,0.323625,0.323625,0.323625,0.323625,0.323625,0.323625,0.672404,3.7,0.323625
1226,2016-05-11,00:00.0,0,0,0,0,0.303213,0.303213,0.303213,0.303213,0.303213,0.303213,0.582304,4.18,0.303213
1227,2016-05-12,00:00.0,0,0,0,0,0.280985,0.280985,0.280985,0.280985,0.280985,0.280985,0.503251,4.18,0.280985
1228,2016-05-13,00:00.0,18.6883,0.462251,1.22874,1.40661,2.35749,2.84261,4.32112,4.40647,4.92479,5.01017,1.20352,4.21,5.12545
1229,2016-05-14,00:00.0,6.02849,0.70389,1.84134,2.12956,3.40447,4.13252,6.34716,6.47432,7.24473,7.37035,3.20925,3.91,7.53726
1230,2016-05-15,00:00.0,1.80855,0.45753,1.15992,1.36887,2.24768,2.70767,4.10149,4.18066,4.658,4.73418,4.56605,3.34,4.83193
1231,2016-05-16,00:00.0,0.803799,0.40878,1.03633,1.22301,2.02975,2.44072,3.68604,3.75677,4.18324,4.25131,4.57581,3.31,4.33865
1232,2016-05-17,00:00.0,3.01425,0.365224,0.925908,1.0927,1.83429,2.20147,3.31409,3.37729,3.75832,3.81913,4.34356,3.31,3.89717
1233,2016-05-18,00:00.0,0,0.326309,0.827252,0.976274,1.65892,1.98698,2.98105,3.03751,3.37795,3.43228,4.01693,3.31,3.502
1234,2016-05-19,00:00.0,0,0.291541,0.739108,0.872252,1.50154,1.79464,2.68279,2.73324,3.0374,3.08594,3.66604,3.38,3.14824
1235,2016-05-20,00:00.0,0,0.25936,0.657281,0.775877,1.35499,1.61566,2.40547,2.45033,2.72077,2.76392,3.31951,3.35,2.81926
1236,2016-05-21,00:00.0,0,0.121792,0.308522,0.364293,0.729202,0.851563,1.22229,1.24334,1.37026,1.3905,2.69006,3.37,1.41646
1237,2016-05-22,00:00.0,0.20095,0,0,0,0.159162,0.159162,0.159162,0.159162,0.159162,0.159162,1.72119,3.38,0.159162
1238,2016-05-23,00:00.0,0,0,0,0,0.127041,0.127041,0.127041,0.127041,0.127041,0.127041,0.969944,3.38,0.127041
1239,2016-05-24,00:00.0,0,0,0,0,0.096043,0.096043,0.096043,0.096043,0.096043,0.096043,0.601405,3.4,0.096043
1240,2016-05-25,00:00.0,0,0,0,0,0.0661302,0.0661302,0.0661302,0.0661302,0.0661302,0.0661302,0.375006,3.41,0.0661302
1241,2016-05-26,00:00.0,0,0,0,0,0.0372642,0.0372642,0.0372642,0.0372642,0.0372642,0.0372642,0.198053,5.33,0.0372642
1242,2016-05-27,00:00.0,5.02374,0,0,0,0.0115441,0.0115441,0.0115441,0.0115441,0.0115441,0.0115441,0.0601011,5.77,0.0115441
1243,2016-05-28,00:00.0,0,0,0,0,0,0,0,0,0,0,0,3.98,0
1244,2016-05-29,00:00.0,0.602849,0,0,0,0,0,0,0,0,0,0,3.96,0
1245,2016-05-30,00:00.0,1.00475,0,0,0,0,0,0,0,0,0,0,3.97,0
1246,2016-05-31,00:00.0,0,0,0,0,0,0,0,0,0,0,0,3.98,0
1247,2016-06-01,00:00.0,0,0,0,0,0,0,0,0,0,0,0,4.38,0
1248,2016-06-02,00:00.0,1.00475,0,0,0,0,0,0,0,0,0,0,4.16,0
1249,2016-06-03,00:00.0,0,0,0,0,0,0,0,0,0,0,0,4.25,0
1250,2016-06-04,00:00.0,0,0,0,0,0,0,0,0,0,0,0,4.39,0
1251,2016-06-05,00:00.0,14.0665,0,0,0,0,0,0,0,0,0,0,4.12,0
1252,2016-06-06,00:00.0,1.40665,0,0,0,0,0,0,0,0,0,0,4.13,0
1253,2016-06-07,00:00.0,4.01899,0,0,0,0,0,0,0,0,0,0,4.11,0
1254,2016-06-08,00:00.0,0,0,0,0,0,0,0,0,0,0,0,4.11,0
1255,2016-06-09,00:00.0,0.401899,0,0,0,0,0,0,0,0,0,0,4.1,0
1256,2016-06-10,00:00.0,0,0,0,0,0,0,0,0,0,0,0,4.24,0
1257,2016-06-11,00:00.0,3.81804,0,0,0,0,0,0,0,0,0,0,4.08,0
1258,2016-06-12,00:00.0,0,0,0,0,0,0,0,0,0,0,0,4.23,0
1259,2016-06-13,00:00.0,0,0,0,0,0,0,0,0,0,0,0,4.05,0
1260,2016-06-14,00:00.0,0,0,0,0,0,0,0,0,0,0,0,4.27,0
1261,2016-06-15,00:00.0,0,0,0,0,0,0,0,0,0,0,0,4.01,0
1262,2016-06-16,00:00.0,2.61235,0,0,0,0,0,0,0,0,0,0,4.17,0
1263,2016-06-17,00:00.0,0,0,0,0,0,0,0,0,0,0,0,3.94,0
1264,2016-06-18,00:00.0,0,0,0,0,0,0,0,0,0,0,0,3.93,0
1265,2016-06-19,00:00.0,0,0,0,0,0,0,0,0,0,0,0,3.91,0
1266,2016-06-20,00:00.0,0,0,0,0,0,0,0,0,0,0,0,3.93,0
1267,2016-06-21,00:00.0,0,0,0,0,0,0,0,0,0,0,0,4.23,0
1268,2016-06-22,00:00.0,0,0,0,0,0,0,0,0,0,0,0,4.39,0
1269,2016-06-23,00:00.0,0,0,0,0,0,0,0,0,0,0,0,4.48,0
1270,2016-06-24,00:00.0,0,0,0,0,0,0,0,0,0,0,0,4.76,0
1271,2016-06-25,00:00.0,0,0,0,0,0,0,0,0,0,0,0,4.76,0
1272,2016-06-26,00:00.0,0,0,0,0,0,0,0,0,0,0,0,4.72,0
1273,2016-06-27,00:00.0,8.03799,0,0,0,0,0,0,0,0,0,0,4.68,0
1274,2016-06-28,00:00.0,0,0,0,0,0,0,0,0,0,0,0,4.71,0
1275,2016-06-29,00:00.0,0.20095,0,0,0,0,0,0,0,0,0,0,4.64,0
1276,2016-06-30,00:00.0,0,0,0,0,0,0,0,0,0,0,0,4.56,0
1277,2016-07-01,00:00.0,0,0,0,0,0,0,0,0,0,0,0,4.56,0
1278,2016-07-02,00:00.0,5.82754,0,0,0,0,0,0,0,0,0,0,4.55,0
1279,2016-07-03,00:00.0,0,0,0,0,0,0,0,0,0,0,0,4.52,0
1280,2016-07-04,00:00.0,0,0,0,0,0,0,0,0,0,0,0,4.5,0
1281,2016-07-05,00:00.0,0,0,0,0,0,0,0,0,0,0,0,4.52,0
1282,2016-07-06,00:00.0,0,0,0,0,0,0,0,0,0,0,0,4.65,0
1283,2016-07-07,00:00.0,0,0,0,0,0,0,0,0,0,0,0,4.7,0
1284,2016-07-08,00:00.0,0,0,0,0,0,0,0,0,0,0,0,4.73,0
1285,2016-07-09,00:00.0,0.803799,0,0,0,0,0,0,0,0,0,0,4.76,0
1286,2016-07-10,00:00.0,4.01899,0,0,0,0,0,0,0,0,0,0,4.8,0
1287,2016-07-11,00:00.0,0,0,0,0,0,0,0,0,0,0,0,4.81,0
1288,2016-07-12,00:00.0,0,0,0,0,0,0,0,0,0,0,0,4.86,0
1289,2016-07-13,00:00.0,0,0,0,0,0,0,0,0,0,0,0,4.62,0
1290,2016-07-14,00:00.0,17.2817,0,0,0,0,0,0,0,0,0,0,4.43,0
1291,2016-07-15,00:00.0,0,0,0,0,0,0,0,0,0,0,0,4.45,0
1292,2016-07-16,00:00.0,1.80855,0,0,0,0,0,0,0,0,0,0,4.49,0
1293,2016-07-17,00:00.0,0,0,0,0,0,0,0,0,0,0,0,4.5,0
1294,2016-07-18,00:00.0,0,0,0,0,0,0,0,0,0,0,0,4.54,0
1295,2016-07-19,00:00.0,0,0,0,0,0,0,0,0,0,0,0,4.46,0
1296,2016-07-20,00:00.0,0,0,0,0,0,0,0,0,0,0,0,4.37,0
1297,2016-07-21,00:00.0,0,0,0,0,0,0,0,0,0,0,0,4.71,0
1298,2016-07-22,00:00.0,0,0,0,0,0,0,0,0,0,0,0,5.03,0
1299,2016-07-23,00:00.0,0,0,0,0,0,0,0,0,0,0,0,5,0
1300,2016-07-24,00:00.0,0,0,0,0,0,0,0,0,0,0,0,4.98,0
1301,2016-07-25,00:00.0,16.4779,0,0,0,0,0,0,0,0,0,0,4.98,0
1302,2016-07-26,00:00.0,0,0,0,0,0,0,0,0,0,0,0,4.88,0
1303,2016-07-27,00:00.0,0,0,0,0,0,0,0,0,0,0,0,5,0
1304,2016-07-28,00:00.0,0,0,0,0,0,0,0,0,0,0,0,5.02,0
1305,2016-07-29,00:00.0,0,0,0,0,0,0,0,0,0,0,0,5.1,0
1306,2016-07-30,00:00.0,1.2057,0,0,0,0,0,0,0,0,0,0,5.16,0
1307,2016-07-31,00:00.0,2.0095,0,0,0,0,0,0,0,0,0,0,5.22,0
1308,2016-08-01,00:00.0,0,0,0,0,0,0,0,0,0,0,0,5.29,0
1309,2016-08-02,00:00.0,0,0,0,0,0,0,0,0,0,0,0,5.38,0
1310,2016-08-03,00:00.0,0,0,0,0,0,0,0,0,0,0,0,5.46,0
1311,2016-08-04,00:00.0,0,0,0,0,0,0,0,0,0,0,0,5.59,0
1312,2016-08-05,00:00.0,0,0,0,0,0,0,0,0,0,0,0,5.6,0
1313,2016-08-06,00:00.0,4.01899,0,0,0,0,0,0,0,0,0,0,4.45,0
1314,2016-08-07,00:00.0,0,0,0,0,0,0,0,0,0,0,0,4.2,0
1315,2016-08-08,00:00.0,0,0,0,0,0,0,0,0,0,0,0,4.42,0
1316,2016-08-09,00:00.0,0,0,0,0,0,0,0,0,0,0,0,4.44,0
1317,2016-08-10,00:00.0,0,0,0,0,0,0,0,0,0,0,0,4.77,0
1318,2016-08-11,00:00.0,0,0,0,0,0,0,0,0,0,0,0,4.97,0
1319,2016-08-12,00:00.0,13.2627,0,0,0,0,0,0,0,0,0,0,4.96,0
1320,2016-08-13,00:00.0,5.82754,0,0,0,0,0,0,0,0,0,0,4.98,0
1321,2016-08-14,00:00.0,65.3086,0.790069,2.10038,2.40825,3.61538,4.44568,6.97236,7.11876,8.00872,8.15428,0,5.04,8.37309
1322,2016-08-15,00:00.0,0,1.21003,3.1901,3.68075,5.52111,6.78403,10.6202,10.8422,12.1914,12.41,0,5.03,12.7454
1323,2016-08-16,00:00.0,10.0475,0.581128,1.47427,1.75126,2.61689,3.20458,4.97423,5.0763,5.69426,5.78991,0.00670352,4.4,5.95147
1324,2016-08-17,00:00.0,16.8798,0.31952,0.792884,0.958055,1.42863,1.74602,2.69675,2.75148,3.08225,3.13197,0.357755,4.04,3.22383
1325,2016-08-18,00:00.0,0.803799,0.158353,0.408337,0.479294,0.717458,0.879798,1.37033,1.39869,1.57069,1.59781,0.777815,4.03,1.6527
1326,2016-08-19,00:00.0,0,0,0,0,0,0,1.80E-05,1.80E-05,1.80E-05,1.80E-05,0.688888,3.97,0.00807377
1327,2016-08-20,00:00.0,9.44464,0,0,0,0,0,2.15E-07,2.15E-07,2.15E-07,2.15E-07,0.399921,3.99,2.15E-07
1328,2016-08-21,00:00.0,13.4636,0.0225741,0.0397721,0.0613574,0.0877421,0.10457,0.151708,0.154119,0.167167,0.168464,0.203681,4.01,0.169043
1329,2016-08-22,00:00.0,0.602849,0.0225741,0.0397721,0.0613574,0.0877421,0.10457,0.151708,0.154119,0.167167,0.168464,0.0892074,4.03,0.169043
1330,2016-08-23,00:00.0,0,0,0,0,0,0,0,0,0,0,0.0407902,4.04,0
1331,2016-08-24,00:00.0,0,0,0,0,0,0,0,0,0,0,0.0174683,4.08,0
1332,2016-08-25,00:00.0,4.82279,0,0,0,0,0,0,0,0,0,0,4.11,0
1333,2016-08-26,00:00.0,0.20095,0,0,0,0,0,0,0,0,0,0,4.06,0
1334,2016-08-27,00:00.0,0,0,0,0,0,0,0,0,0,0,0,3.68,0
1335,2016-08-28,00:00.0,0.20095,0,0,0,0,0,0,0,0,0,0,3.54,0
1336,2016-08-29,00:00.0,0,0,0,0,0,0,0,0,0,0,0,3.9,0
1337,2016-08-30,00:00.0,0,0,0,0,0,0,0,0,0,0,0,4.03,0
1338,2016-08-31,00:00.0,0,0,0,0,0,0,0,0,0,0,0,4.02,0
1339,2016-09-01,00:00.0,0,0,0,0,0,0,0,0,0,0,0,4.04,0
1340,2016-09-02,00:00.0,0,0,0,0,0,0,0,0,0,0,0,4.07,0
1341,2016-09-03,00:00.0,0,0,0,0,0,0,0,0,0,0,0,4.1,0
1342,2016-09-04,00:00.0,0,0,0,0,0,0,0,0,0,0,0,4.13,0
1343,2016-09-05,00:00.0,0,0,0,0,0,0,0,0,0,0,0,4.15,0
1344,2016-09-06,00:00.0,0,0,0,0,0,0,0,0,0,0,0,4.11,0
1345,2016-09-07,00:00.0,0,0,0,0,0,0,0,0,0,0,0,4.12,0
1346,2016-09-08,00:00.0,50.6393,0.404488,1.04495,1.21636,1.81727,2.23056,3.48705,3.55878,3.99269,4.06302,0,4.15,4.17287
1347,2016-09-09,00:00.0,0.20095,0.569406,1.43788,1.69901,2.53083,3.10091,4.82859,4.92654,5.51729,5.61128,0.67136,4.16,5.76503
1348,2016-09-10,00:00.0,0,0.164919,0.392926,0.482649,0.71356,0.870351,1.34157,1.36778,1.52462,1.54829,1.33085,4.16,1.6044
1349,2016-09-11,00:00.0,1.2057,0,0,0,0,0,3.77E-05,3.77E-05,3.77E-05,3.77E-05,1.03704,4.22,0.0177386
1350,2016-09-12,00:00.0,0,0,0,0,0,0,1.69E-05,1.69E-05,1.69E-05,1.69E-05,0.638711,4.23,0.00735697
1351,2016-09-13,00:00.0,0,0,0,0,0,0,5.68E-06,5.68E-06,5.68E-06,5.68E-06,0.444456,4.27,0.0018556
1352,2016-09-14,00:00.0,0,0,0,0,0,0,9.01E-07,9.01E-07,9.01E-07,9.01E-07,0.283032,4.29,9.01E-07
1353,2016-09-15,00:00.0,0,0,0,0,0,0,0,0,0,0,0.141889,4.23,0
1354,2016-09-16,00:00.0,0,0,0,0,0,0,0,0,0,0,0.0686733,4.17,0
1355,2016-09-17,00:00.0,2.4114,0,0,0,0,0,0,0,0,0,0.0313354,4.1,0
1356,2016-09-18,00:00.0,4.82279,0,0,0,0,0,0,0,0,0,0.00481378,4.1,0
1357,2016-09-19,00:00.0,0,0,0,0,0,0,0,0,0,0,0,4.11,0
1358,2016-09-20,00:00.0,0,0,0,0,0,0,0,0,0,0,0,4.13,0
1359,2016-09-21,00:00.0,0,0,0,0,0,0,0,0,0,0,0,4.18,0
1360,2016-09-22,00:00.0,0,0,0,0,0,0,0,0,0,0,0,4.81,0
1361,2016-09-23,00:00.0,0,0,0,0,0,0,0,0,0,0,0,4.21,0
1362,2016-09-24,00:00.0,0,0,0,0,0,0,0,0,0,0,0,4.17,0
1363,2016-09-25,00:00.0,0,0,0,0,0,0,0,0,0,0,0,4.2,0
1364,2016-09-26,00:00.0,0,0,0,0,0,0,0,0,0,0,0,4.16,0
1365,2016-09-27,00:00.0,8.03799,0,0,0,0,0,0,0,0,0,0,4.21,0
1366,2016-09-28,00:00.0,0,0,0,0,0,0,0,0,0,0,0,5.5,0
1367,2016-09-29,00:00.0,0,0,0,0,0,0,0,0,0,0,0,6.18,0
1368,2016-09-30,00:00.0,0.803799,0,0,0,0,0,0,0,0,0,0,5.57,0
1369,2016-10-01,00:00.0,2.21045,0,0,0,0,0,0,0,0,0,0,4.4,0
1370,2016-10-02,00:00.0,3.61709,0,0,0,0,0,0,0,0,0,0,4.35,0
1371,2016-10-03,00:00.0,5.62659,0,0,0,0,0,0,0,0,0,0,4.28,0
1372,2016-10-04,00:00.0,0,0,0,0,0,0,0,0,0,0,0,4.32,0
1373,2016-10-05,00:00.0,0,0,0,0,0,0,0,0,0,0,0,4.4,0
1374,2016-10-06,00:00.0,0.401899,0,0,0,0,0,0,0,0,0,0,4.14,0
1375,2016-10-07,00:00.0,0,0,0,0,0,0,0,0,0,0,0,3.96,0
1376,2016-10-08,00:00.0,6.63134,0,0,0,0,0,0,0,0,0,0,3.3,0
1377,2016-10-09,00:00.0,0,0,0,0,0,0,0,0,0,0,0,2.95,0
1378,2016-10-10,00:00.0,0.20095,0,0,0,0,0,0,0,0,0,0,2.92,0
1379,2016-10-11,00:00.0,0,0,0,0,0,0,0,0,0,0,0,2.9,0
1380,2016-10-12,00:00.0,0,0,0,0,0,0,0,0,0,0,0,2.87,0
1381,2016-10-13,00:00.0,5.82754,0,0,0,0,0,0,0,0,0,0,2.87,0
1382,2016-10-14,00:00.0,0,0,0,0,0,0,0,0,0,0,0,2.83,0
1383,2016-10-15,00:00.0,0,0,0,0,0,0,0,0,0,0,0,2.56,0
1384,2016-10-16,00:00.0,13.2627,0,0,0,0,0,0,0,0,0,0,2.33,0
1385,2016-10-17,00:00.0,2.8133,0,0,0,0,0,0,0,0,0,0,2.33,0
1386,2016-10-18,00:00.0,0,0,0,0,0,0,0,0,0,0,0,2.31,0
1387,2016-10-19,00:00.0,4.01899,0,0,0,0,0,0,0,0,0,0,2.3,0
1388,2016-10-20,00:00.0,4.01899,0,0,0,0,0,0,0,0,0,0,2.26,0
1389,2016-10-21,00:00.0,13.3632,0.0353661,0.0739802,0.101598,0.148732,0.179347,0.267465,0.272386,0.300915,0.304493,0,2.26,0.309507
1390,2016-10-22,00:00.0,2.21045,0.0550229,0.108057,0.154762,0.224593,0.269662,0.398149,0.405115,0.444636,0.449287,0,2.31,0.456013
1391,2016-10-23,00:00.0,0,0.0372191,0.0645226,0.100664,0.14364,0.171007,0.247443,0.251317,0.27213,0.274159,0,2.34,0.277401
1392,2016-10-24,00:00.0,0,0.0332534,0.0576477,0.0899386,0.128335,0.152786,0.221078,0.224539,0.243134,0.244947,0,2.34,0.247844
1393,2016-10-25,00:00.0,0,0.0297102,0.0515053,0.0803556,0.114661,0.136507,0.197522,0.200614,0.217228,0.218848,0,2.32,0.221436
1394,2016-10-26,00:00.0,0,0.0265446,0.0460174,0.0717937,0.102444,0.121962,0.176476,0.179239,0.194082,0.195529,0,2.34,0.197842
1395,2016-10-27,00:00.0,0,0.0237163,0.0411142,0.064144,0.0915281,0.108967,0.157672,0.160141,0.173403,0.174696,0,2.4,0.176762
1396,2016-10-28,00:00.0,3.41614,0.0211893,0.0367335,0.0573095,0.0817758,0.0973564,0.140872,0.143078,0.154927,0.156082,0,2.04,0.157928
1397,2016-10-29,00:00.0,0.502374,0.0189316,0.0328195,0.0512031,0.0730625,0.086983,0.125862,0.127833,0.138419,0.139451,0,1.88,0.1411
1398,2016-10-30,00:00.0,0,0.00893311,0.0154863,0.0241609,0.0344755,0.0410441,0.0593898,0.0603196,0.0653149,0.0658019,0,1.88,0.0665801
1399,2016-10-31,00:00.0,0.703324,0,0,0,0,0,0,0,0,0,0,1.86,0
1400,2016-11-01,00:00.0,0,0,0,0,0,0,0,0,0,0,0,1.85,0
1401,2016-11-02,00:00.0,0,0,0,0,0,0,0,0,0,0,0,1.84,0
1402,2016-11-03,00:00.0,21.5016,0.469409,1.23974,1.43077,2.14757,2.63871,4.12921,4.21576,4.74218,4.82704,0.284659,1.82,4.94151
1403,2016-11-04,00:00.0,0.401899,0.854883,2.25405,2.60479,3.90921,4.80247,7.5122,7.66954,8.62644,8.78035,2.32471,1.85,8.98772
1404,2016-11-05,00:00.0,0,0.695958,1.82719,2.11867,3.17845,3.90318,6.09926,6.22676,7.002,7.12599,4.93932,1.93,7.29254
1405,2016-11-06,00:00.0,0,0.553967,1.44582,1.68434,2.52556,3.09971,4.83687,4.93772,5.55065,5.6479,5.77685,1.92,5.77797
1406,2016-11-07,00:00.0,0,0.427105,1.10508,1.29629,1.94223,2.38185,3.70899,3.78602,4.25394,4.3273,5.35766,1.91,4.42478
1407,2016-11-08,00:00.0,0,0.31376,0.800644,0.949586,1.42106,1.74047,2.70129,2.75703,3.09539,3.14742,4.49401,1.9,3.21578
1408,2016-11-09,00:00.0,0.602849,0.212492,0.528648,0.639824,0.955413,1.16744,1.80096,1.83769,2.06029,2.09325,3.534,1.57,2.1356
1409,2016-11-10,00:00.0,0.20095,0.12284,0.291371,0.366213,0.544438,0.662539,1.01093,1.03108,1.15221,1.16912,2.6052,1.35,1.19013
1410,2016-11-11,00:00.0,0.20095,0.0470279,0.0932635,0.132727,0.192872,0.231727,0.342647,0.348916,0.386053,0.390987,1.79031,1.38,0.397342
1411,2016-11-12,00:00.0,0,0.0065417,0.00204356,0.0133427,0.0162798,0.0177097,0.019776,0.019776,0.019776,0.019776,1.13405,1.38,0.0201624
1412,2016-11-13,00:00.0,0,0,0,0,0,0,0,0,0,0,0.747556,1.48,0
1413,2016-11-14,00:00.0,0,0,0,0,0,0,0,0,0,0,0.550495,1.48,0
1414,2016-11-15,00:00.0,0,0,0,0,0,0,0,0,0,0,0.398516,1.47,0
1415,2016-11-16,00:00.0,0.602849,0,0,0,0,0,0,0,0,0,0.284681,1.48,0
1416,2016-11-17,00:00.0,0.401899,0,0,0,0,0,0,0,0,0,0.199418,1.48,0
1417,2016-11-18,00:00.0,0,0,0,0,0,0,0,0,0,0,0.135554,1.5,0
1418,2016-11-19,00:00.0,0.401899,0,0,0,0,0,0,0,0,0,0.0877195,1.04,0
1419,2016-11-20,00:00.0,14.6693,0.229306,0.594157,0.696054,1.04297,1.27924,1.99288,2.03428,2.28579,2.32534,0.350228,0.77,2.37731
1420,2016-11-21,00:00.0,0,0.43418,1.12501,1.31794,1.97481,2.42218,3.77341,3.85181,4.32802,4.40291,1.34243,0.75,4.50132
1421,2016-11-22,00:00.0,0,0.387918,1.00514,1.17752,1.76439,2.1641,3.37135,3.4414,3.86687,3.93378,2.49003,0.746,4.0217
1422,2016-11-23,00:00.0,0,0.346585,0.898039,1.05205,1.57639,1.93351,3.01214,3.07472,3.45485,3.51464,3.09701,0.755,3.59319
1423,2016-11-24,00:00.0,6.02849,0.309656,0.802353,0.939954,1.40843,1.72749,2.69119,2.74711,3.08674,3.14015,3.25158,0.882,3.21033
1424,2016-11-25,00:00.0,3.01425,0.272728,0.706034,0.827704,1.24013,1.52095,2.36892,2.41812,2.71694,2.76388,3.13144,0.788,2.82549
1425,2016-11-26,00:00.0,1.2057,0.27933,0.704544,0.845736,1.26396,1.54605,2.3912,2.44033,2.73864,2.78384,2.96991,0.842,2.84072
1426,2016-11-27,00:00.0,0.803799,0.270389,0.662375,0.81622,1.21651,1.48368,2.27712,2.32333,2.60375,2.64444,2.85059,0.898,2.69298
1427,2016-11-28,00:00.0,0,0.204032,0.488467,0.6138,0.912967,1.11107,1.69547,1.72952,1.93595,1.96485,2.60033,0.889,1.99814
1428,2016-11-29,00:00.0,6.83229,0.243673,0.590378,0.731374,1.08837,1.32661,2.03361,2.07455,2.32204,2.35783,2.40103,0.894,2.39938
1429,2016-11-30,00:00.0,0.401899,0.263947,0.639753,0.789853,1.17493,1.43265,2.19898,2.24315,2.50953,2.54844,2.41922,0.904,2.59288
1430,2016-12-01,00:00.0,10.6503,0.449211,1.13523,1.35521,2.02444,2.4779,3.84038,3.91912,4.3954,4.46894,2.95402,0.906,4.5598
1431,2016-12-02,00:00.0,2.61235,0.637385,1.63484,1.92749,2.88343,3.53435,5.49802,5.61163,6.29971,6.4083,4.25012,0.924,6.54632
1432,2016-12-03,00:00.0,1.2057,0.544924,1.38768,1.64415,2.45758,3.01067,4.67718,4.77358,5.35713,5.44886,5.18622,0.919,5.56484
1433,2016-12-04,00:00.0,0,0.460304,1.16674,1.3873,2.0727,2.53814,3.93903,4.02003,4.5102,4.58686,5.13815,0.914,4.68315
1434,2016-12-05,00:00.0,9.04274,0.384699,0.969329,1.15782,1.72883,2.11595,3.27952,3.34677,3.75351,3.81671,4.66538,0.923,3.8954
1435,2016-12-06,00:00.0,0,0.537076,1.36465,1.63386,2.44696,2.99392,4.63057,4.7266,5.31039,5.39881,4.67451,0.936,5.51026
1436,2016-12-07,00:00.0,0,0.673218,1.71784,2.05917,3.08857,3.77834,5.83767,5.95941,6.70139,6.81235,5.52898,0.932,6.95306
1437,2016-12-08,00:00.0,0,0.574927,1.46172,1.75811,2.63646,3.22401,4.97586,5.07951,5.71123,5.80507,6.03839,0.948,5.92346
1438,2016-12-09,00:00.0,2.0095,0.494297,1.25266,1.51122,2.26581,2.76981,4.27077,4.35965,4.90129,4.98127,5.72191,0.923,5.0817
1439,2016-12-10,00:00.0,1.00475,0.435538,1.10242,1.33146,1.99617,2.43988,3.76072,3.83894,4.31572,4.38597,5.17735,0.9,4.47401
1440,2016-12-11,00:00.0,1.80855,0.389131,0.98496,1.1896,1.78348,2.17991,3.36001,3.4299,3.85588,3.91864,4.66086,0.896,3.9973
1441,2016-12-12,00:00.0,16.076,0.347669,0.880012,1.06284,1.59345,1.94764,3.002,3.06445,3.44503,3.50111,4.21028,0.885,3.57139
1442,2016-12-13,00:00.0,1.00475,0.299553,0.755777,0.915555,1.37238,1.67686,2.58217,2.63583,2.96285,3.01075,3.75464,0.891,3.07048
1443,2016-12-14,00:00.0,3.01425,0.256564,0.644779,0.783959,1.17487,1.43493,2.20707,2.25288,2.53205,2.57263,3.28957,0.896,2.62295
1444,2016-12-15,00:00.0,14.0665,0.229227,0.576078,0.700428,1.04969,1.28204,1.9719,2.01283,2.26226,2.29852,2.88058,0.915,2.34347
1445,2016-12-16,00:00.0,28.133,0.204803,0.514697,0.625797,0.937841,1.14544,1.7618,1.79836,2.02121,2.05361,2.56434,0.914,2.09377
1446,2016-12-17,00:00.0,14.4684,0.182981,0.459855,0.559118,0.837914,1.02339,1.57408,1.60675,1.80585,1.8348,2.31422,0.907,1.87068
1447,2016-12-18,00:00.0,1.00475,0.163484,0.410858,0.499544,0.748634,0.914348,1.40636,1.43555,1.61344,1.6393,2.08842,0.898,1.67136
1448,2016-12-19,00:00.0,0.602849,0.146065,0.367081,0.446317,0.668866,0.816924,1.25651,1.28259,1.44153,1.46463,1.87803,0.885,1.49327
1449,2016-12-20,00:00.0,0,0.130502,0.327968,0.398762,0.597598,0.72988,1.12263,1.14593,1.28793,1.30857,1.68502,0.89,1.33417
1450,2016-12-21,00:00.0,0,0.116597,0.293023,0.356274,0.533924,0.652111,1.00301,1.02383,1.1507,1.16914,1.50962,0.901,1.19201
1451,2016-12-22,00:00.0,1.80855,0.104173,0.261801,0.318313,0.477034,0.582629,0.896141,0.91474,1.02809,1.04457,1.35119,0.889,1.065
1452,2016-12-23,00:00.0,0,0.0829725,0.206794,0.253442,0.379645,0.463306,0.710831,0.725547,0.815157,0.82801,1.18277,0.88,0.843693
1453,2016-12-24,00:00.0,3.01425,0.058709,0.143377,0.178723,0.267219,0.325534,0.497006,0.507206,0.569142,0.577809,0.992105,0.883,0.587971
1454,2016-12-25,00:00.0,0.20095,0.035531,0.0827213,0.106383,0.157936,0.191757,0.290596,0.296378,0.331169,0.335901,0.822561,0.888,0.34094
1455,2016-12-26,00:00.0,3.01425,0.0106391,0.0226038,0.0309024,0.0452669,0.0546074,0.081564,0.0830864,0.092065,0.0932067,0.665749,0.881,0.0941272
1456,2016-12-27,00:00.0,27.1282,1.06941,2.87728,3.27428,4.92963,6.06708,9.52757,9.72944,10.9561,11.157,3.00403,0.939,11.4288
1457,2016-12-28,00:00.0,0.20095,2.01546,5.42209,6.17074,9.29041,11.4339,17.955,18.3354,20.647,21.0254,10.6176,1,21.5374
1458,2016-12-29,00:00.0,10.4494,1.78604,4.80398,5.46812,8.23254,10.1318,15.9094,16.2464,18.2945,18.6297,16.9898,2.27,19.0831
1459,2016-12-30,00:00.0,16.076,1.5794,4.24717,4.83527,7.2797,8.95894,14.0668,14.3648,16.1754,16.4716,17.683,3.02,16.8722
1460,2016-12-31,00:00.0,7.63609,1.40004,3.76416,4.28603,6.45276,7.9411,12.468,12.7321,14.3368,14.5992,16.3981,3,14.9541
1461,2017-01-01,00:00.0,7.03324,1.24395,3.34404,3.80807,5.73316,7.05543,11.077,11.3116,12.7372,12.9703,14.7772,3,13.2855
1462,2017-01-02,00:00.0,0,1.09752,2.94953,3.35963,5.05798,6.22435,9.77141,9.97837,11.2357,11.4412,13.1889,3,11.719
1463,2017-01-03,00:00.0,10.0475,0.966661,2.59695,2.95886,4.45458,5.48162,8.60458,8.78681,9.89384,10.0747,11.7151,2.99,10.319
1464,2017-01-04,00:00.0,7.43514,1.17971,3.16384,3.61489,5.45095,6.70543,10.5069,10.73,12.0834,12.3014,11.5343,3.05,12.5949
1465,2017-01-05,00:00.0,1.00475,1.37006,3.67032,4.20102,6.34115,7.79884,12.2064,12.4662,14.0396,14.2909,12.9265,3.09,14.6282
1466,2017-01-06,00:00.0,1.00475,1.21712,3.26009,3.732,5.63326,6.9281,10.843,11.0737,12.4713,12.6945,13.5161,3.26,12.9939
1467,2017-01-07,00:00.0,0,1.08744,2.91273,3.33436,5.03304,6.18991,9.68767,9.89381,11.1425,11.3419,12.6951,3.37,11.6094
1468,2017-01-08,00:00.0,1.80855,0.971569,2.60238,2.97908,4.49676,5.53037,8.65544,8.83962,9.95527,10.1334,11.552,3.33,10.3724
1469,2017-01-09,00:00.0,0.602849,0.868048,2.32509,2.66166,4.01763,4.94111,7.7332,7.89776,8.89453,9.05366,10.406,3.25,9.26725
1470,2017-01-10,00:00.0,4.62184,0.775557,2.07735,2.37806,3.58955,4.41463,6.90923,7.05625,7.94682,8.08899,9.3616,3.24,8.27982
1471,2017-01-11,00:00.0,21.3007,0.685961,1.83686,2.10328,3.17485,3.90449,6.1102,6.24022,7.02772,7.15336,8.3799,3.25,7.32193
1472,2017-01-12,00:00.0,23.5111,1.56266,4.19402,4.79028,7.22517,8.88835,13.9274,14.2234,16.0188,16.3079,10.7585,3.39,16.6975
1473,2017-01-13,00:00.0,1.80855,2.55184,6.85336,7.82495,11.804,14.5218,22.756,23.24,26.175,26.6478,18.6598,16,27.285
1474,2017-01-14,00:00.0,0,2.47508,6.64685,7.59208,11.4565,14.0937,22.0785,22.5484,25.3974,25.8551,24.779,24.9,26.4716
1475,2017-01-15,00:00.0,0,2.20756,5.92816,6.77144,10.2182,12.5702,19.6917,20.1108,22.6518,23.06,24.9784,35.1,23.6097
1476,2017-01-16,00:00.0,0,1.96637,5.28006,6.03156,9.10178,11.1967,17.5395,17.9128,20.176,20.5396,22.9082,39.9,21.0291
1477,2017-01-17,00:00.0,3.41614,1.74533,4.68576,5.35347,8.07861,9.93788,15.5666,15.8979,17.9065,18.229,20.5686,36.6,18.6632
1478,2017-01-18,00:00.0,10.0475,1.54686,4.15208,4.74461,7.15992,8.80756,13.7951,14.0887,15.8686,16.1542,18.3436,31.4,16.5387
1479,2017-01-19,00:00.0,1.40665,1.37039,3.6842,4.20212,6.3451,7.80691,12.2315,12.4921,14.0684,14.3216,16.3398,26.1,14.6623
1480,2017-01-20,00:00.0,0.20095,1.26369,3.4061,3.87638,5.86041,7.21239,11.3015,11.5429,12.9995,13.2332,14.7437,25,13.5471
1481,2017-01-21,00:00.0,0.904274,1.3477,3.62944,4.14376,6.27295,7.71727,12.0718,12.3305,13.8925,14.1395,14.2149,24.5,14.4703
1482,2017-01-22,00:00.0,0,1.87972,5.04509,5.78576,8.76675,10.7796,16.8287,17.1899,19.3707,19.7108,16.4381,24.4,20.1659
1483,2017-01-23,00:00.0,1.00475,2.65908,7.12384,8.18192,12.3997,15.244,23.7837,24.2942,27.3749,27.8536,22.3405,24.5,28.4949
1484,2017-01-24,00:00.0,0,3.3341,8.92538,10.2575,15.5464,19.111,29.8094,30.4492,34.3096,34.9086,30.0345,37.9,35.7117
1485,2017-01-25,00:00.0,0,3.47526,9.3049,10.6941,16.2113,19.9282,31.0808,31.7482,35.7751,36.3992,35.3117,49.8,37.2364
1486,2017-01-26,00:00.0,2.21045,3.35812,8.99934,10.3374,15.6717,19.266,30.0529,30.6985,34.5952,35.1995,36.4093,42,36.0109
1487,2017-01-27,00:00.0,4.62184,3.37803,9.06134,10.4018,15.7686,19.3866,30.2489,30.8989,34.8235,35.4332,36.1657,35,36.253
1488,2017-01-28,00:00.0,4.62184,3.15245,8.46106,9.70941,14.7197,18.0977,28.2407,28.8477,32.5135,33.0833,35.2159,25.8,33.8499
1489,2017-01-29,00:00.0,6.02849,2.80264,7.52123,8.63207,13.0868,16.0898,25.106,25.6456,28.9045,29.4108,32.5062,14,30.0919
1490,2017-01-30,00:00.0,0,2.49282,6.68902,7.67789,11.6405,14.3115,22.3298,22.8098,25.7083,26.1584,29.1645,9.83,26.7638
1491,2017-01-31,00:00.0,1.00475,2.22297,5.96464,6.84677,10.3806,12.7624,19.9123,20.3403,22.925,23.3263,26.0719,10.1,23.866
1492,2017-02-01,00:00.0,2.61235,1.98361,5.32223,6.10956,9.26296,11.3883,17.7681,18.15,20.4563,20.8144,23.3347,10.1,21.2959
1493,2017-02-02,00:00.0,3.01425,1.75904,4.71877,5.41794,8.21476,10.0993,15.7555,16.0942,18.1393,18.4565,20.8483,10.1,18.8831
1494,2017-02-03,00:00.0,0,1.55473,4.16953,4.78876,7.26129,8.9268,13.9244,14.2237,16.0311,16.3111,18.5438,10.2,16.6876
1495,2017-02-04,00:00.0,3.01425,1.38292,3.70832,4.25958,6.45907,7.94046,12.3851,12.6514,14.2589,14.5079,16.5141,7.44,14.8426
1496,2017-02-05,00:00.0,0.401899,1.23209,3.30362,3.79503,5.75474,7.07452,11.0341,11.2713,12.7035,12.9252,14.7459,5.67,13.2233
1497,2017-02-06,00:00.0,1.40665,1.08661,2.91255,3.34701,5.07581,6.23961,9.73019,9.93942,11.2023,11.3976,13.1383,5.68,11.66
1498,2017-02-07,00:00.0,0,0.949394,2.54321,2.92447,4.43567,5.45229,8.49986,8.68266,9.78578,9.95602,11.6307,5.69,10.1845
1499,2017-02-08,00:00.0,11.2532,0.990561,2.66904,3.05923,4.64567,5.71253,8.91083,9.10329,10.2654,10.4449,10.8177,5.69,10.6875
1500,2017-02-09,00:00.0,0,1.02734,2.78146,3.17963,4.8333,5.94505,9.27801,9.4791,10.694,10.8818,10.8695,5.69,11.137
1501,2017-02-10,00:00.0,0,0.907158,2.45559,2.80788,4.26866,5.25036,8.19265,8.37025,9.44307,9.60874,10.609,5.68,9.83379
1502,2017-02-11,00:00.0,5.02374,0.805012,2.17884,2.49183,3.78841,4.65957,7.27016,7.42778,8.37985,8.52677,9.75077,5.66,8.72633
1503,2017-02-12,00:00.0,9.04274,0.703029,1.90208,2.17649,3.30967,4.07049,6.34918,6.48688,7.31846,7.44649,8.75388,5.63,7.62031
1504,2017-02-13,00:00.0,14.0665,0.606682,1.64041,1.87866,2.85772,3.51428,5.4791,5.59799,6.31578,6.4259,7.71327,5.64,6.57528
1505,2017-02-14,00:00.0,0,0.520601,1.40663,1.61257,2.45392,3.01734,4.70172,4.80382,5.41993,5.51404,6.74641,5.66,5.64159
1506,2017-02-15,00:00.0,0,0.443692,1.19775,1.37483,2.09315,2.57335,4.00717,4.09426,4.61954,4.69935,5.8631,5.72,4.80738
1507,2017-02-16,00:00.0,0,0.374977,1.01113,1.16242,1.77081,2.17667,3.38663,3.46031,3.90443,3.97146,5.04249,5.7,4.06206
1508,2017-02-17,00:00.0,0,0.324175,0.87354,1.00521,1.53188,1.88276,2.92784,2.99157,3.37562,3.43335,4.3639,5.72,3.5113
1509,2017-02-18,00:00.0,0,0.282677,0.761318,0.876711,1.33643,1.6424,2.55306,2.60866,2.94362,2.99381,3.81453,5.73,3.06154
1510,2017-02-19,00:00.0,0,0.431675,1.16491,1.33031,2.03439,2.5028,3.89496,3.98,4.48696,4.56301,3.83192,5.74,4.66457
1511,2017-02-20,00:00.0,0,1.23268,3.30174,3.79849,5.78893,7.11548,11.0641,11.304,12.7409,12.9571,6.76735,6.4,13.2465
1512,2017-02-21,00:00.0,0,1.92675,5.15079,5.94502,9.04598,11.1144,17.2769,17.6507,19.8973,20.2358,13.2619,9.86,20.6902
1513,2017-02-22,00:00.0,7.03324,2.57942,6.9076,7.95281,12.0793,14.8457,23.1179,23.6165,26.6204,27.0797,21.1071,17.7,27.6979
1514,2017-02-23,00:00.0,2.0095,4.36035,11.6696,13.422,20.3532,25.0176,39.0021,39.8402,44.8954,45.6768,34.1066,24.8,46.7284
1515,2017-02-24,00:00.0,3.21519,10.2339,27.3079,31.0373,47.3134,58.2415,90.8997,92.8563,104.391,106.178,74.403,66.2,108.545
1516,2017-02-25,00:00.0,13.2627,13.1039,34.9785,39.8897,60.6725,74.6554,116.523,119.026,133.889,136.199,123.273,101,139.273
1517,2017-02-26,00:00.0,1.00475,11.0175,29.46,33.9415,51.3398,63.0926,98.4299,100.536,113.304,115.295,128.771,104,117.98
1518,2017-02-27,00:00.0,0,10.1583,27.1654,31.2952,47.342,58.1801,90.764,92.7069,104.481,106.316,112.607,76.1,108.791
1519,2017-02-28,00:00.0,0,9.36179,25.0395,28.84,43.644,53.637,83.6668,85.4589,96.3119,98.0013,104.305,37.9,100.278
1520,2017-03-01,00:00.0,29.4391,10.2281,27.1517,31.6474,47.6817,58.5181,91.1282,93.0681,105,106.847,104.807,25.9,109.339
1521,2017-03-02,00:00.0,0.602849,10.7674,28.4421,33.4958,50.2005,61.533,95.7472,97.7697,110.37,112.329,112.303,34.1,114.982
1522,2017-03-03,00:00.0,2.4114,9.68202,25.6129,30.1791,45.1588,55.3477,86.1684,87.9844,99.293,101.066,109.127,64.1,103.475
1523,2017-03-04,00:00.0,1.00475,8.65039,22.8839,26.9635,40.3471,49.4504,76.9871,78.6096,88.7133,90.2978,97.7571,57.3,92.4493
1524,2017-03-05,00:00.0,0,7.72869,20.4456,24.0905,36.0481,44.1814,68.7841,70.2338,79.2609,80.6765,87.5177,26.6,82.5988
1525,2017-03-06,00:00.0,0,6.9052,18.2671,21.5237,32.2071,39.4739,61.4551,62.7503,70.8156,72.0804,78.3667,16.2,73.7979
1526,2017-03-07,00:00.0,13.8655,6.80471,18.0194,21.1866,31.7211,38.8879,60.5685,61.8459,69.7854,71.0327,73.3861,15.4,72.7267
1527,2017-03-08,00:00.0,1.10522,6.79452,18.0497,21.0824,31.5631,38.7231,60.4481,61.7217,69.6163,70.8753,72.6294,12.5,72.5917
1528,2017-03-09,00:00.0,0,6.14771,16.3851,19.0072,28.4293,34.9054,54.6412,55.7896,62.8972,64.0536,69.2258,9.83,65.6388
1529,2017-03-10,00:00.0,0,5.47151,14.5948,16.8985,25.2666,31.0286,48.612,49.6328,55.948,56.9817,62.3858,9.5,58.401
1530,2017-03-11,00:00.0,3.61709,4.86978,12.9882,15.0404,22.5179,27.6458,43.2935,44.2019,49.8222,50.742,55.7239,8.42,52.0049
1531,2017-03-12,00:00.0,1.00475,4.3509,11.6043,13.4378,20.1893,24.7708,38.7513,39.5629,44.5843,45.4061,49.8732,5.66,46.5345
1532,2017-03-13,00:00.0,0,3.88731,10.3678,12.006,18.1176,22.2109,34.7017,35.4268,39.9133,40.6475,44.7377,4.63,41.6556
1533,2017-03-14,00:00.0,2.4114,3.47311,9.26313,10.7268,16.2705,19.9276,31.0876,31.7354,35.7438,36.3998,40.1538,3.22,37.3005
1534,2017-03-15,00:00.0,0,3.10305,8.27614,9.58383,14.6361,17.9036,27.8744,28.4533,32.0346,32.6207,36.0639,3.22,33.4254
1535,2017-03-16,00:00.0,0,2.77242,7.39431,8.56267,13.183,16.1024,25.0108,25.528,28.7277,29.2513,32.4191,3.23,29.9703
1536,2017-03-17,00:00.0,0,2.47702,6.60644,7.65031,11.8781,14.4863,22.4456,22.9077,25.7664,26.2343,29.1526,3.23,26.8767
1537,2017-03-18,00:00.0,2.0095,2.20129,5.87006,6.79889,10.6498,12.9674,20.0395,20.4501,22.9904,23.406,26.1537,3.62,23.9767
1538,2017-03-19,00:00.0,0,1.92695,5.13508,5.9521,9.41307,11.4407,17.6273,17.9864,20.2093,20.5727,23.285,3.9,21.0716
1539,2017-03-20,00:00.0,0,1.95423,5.19169,6.0483,9.5896,11.6468,17.8959,18.2613,20.5216,20.8843,21.6563,3.91,21.3796
1540,2017-03-21,00:00.0,2.0095,2.04052,5.41623,6.31245,10.0078,12.1559,18.6724,19.0543,21.412,21.7886,21.7524,3.9,22.3024
1541,2017-03-22,00:00.0,0,1.86257,4.96791,5.72641,9.13154,11.0896,17.0737,17.42,19.5511,19.9033,21.395,3.91,20.3889
1542,2017-03-23,00:00.0,0,1.66966,4.47046,5.11072,8.22233,9.97633,15.3661,15.6752,17.5726,17.8942,19.8442,3.88,18.3407
1543,2017-03-24,00:00.0,7.53561,1.49175,3.99413,4.56617,7.42967,8.99678,13.8123,14.0884,15.7837,16.071,18.0354,3.89,16.47
1544,2017-03-25,00:00.0,5.02374,1.77301,4.75277,5.42181,8.73492,10.6004,16.3285,16.6575,18.6717,19.0129,17.9711,3.91,19.4874
1545,2017-03-26,00:00.0,5.22469,2.17279,5.83286,6.63456,10.581,12.8701,19.8988,20.3026,22.7674,23.186,20.6702,3.89,23.7688
1546,2017-03-27,00:00.0,7.83704,2.36427,6.36382,7.19964,11.4657,13.9582,21.6297,22.0685,24.7411,25.2005,23.7738,6.32,25.84
1547,2017-03-28,00:00.0,0.401899,2.42553,6.57218,7.3348,11.7089,14.2657,22.199,22.6465,25.3613,25.8456,25.6061,3.89,26.5249
1548,2017-03-29,00:00.0,0,2.19517,5.98957,6.58526,10.6343,12.9459,20.1874,20.5891,23.0164,23.4685,25.3346,6.74,24.1094
1549,2017-03-30,00:00.0,0,1.958,5.37044,5.83595,9.5658,11.6253,18.1264,18.4823,20.6255,21.0383,23.3657,3.8,21.6284
1550,2017-03-31,00:00.0,3.01425,1.79267,4.93089,5.31973,8.84498,10.7285,16.7021,17.0262,18.9739,19.3571,21.3251,3.74,19.9073
1551,2017-04-01,00:00.0,1.80855,1.62618,4.46653,4.82257,8.14912,9.85542,15.2664,15.5598,17.3218,17.6687,19.5571,3.86,18.1663
1552,2017-04-02,00:00.0,0,1.44873,3.99806,4.26501,7.33844,8.85559,13.7052,13.9644,15.5147,15.8309,17.7833,3.77,16.2879
1553,2017-04-03,00:00.0,1.00475,1.28107,3.58934,3.6966,6.48793,7.82469,12.1941,12.4184,13.7459,14.0441,15.9617,3.74,14.4833
1554,2017-04-04,00:00.0,18.8893,1.78815,5.009,5.17122,8.71878,10.5897,16.6836,16.9984,18.8622,19.2749,16.7302,3.73,19.8745
1555,2017-04-05,00:00.0,9.24369,2.53359,7.06729,7.35877,12.073,14.7305,23.3174,23.7669,26.4388,27.0095,21.9081,6.57,27.7822
1556,2017-04-06,00:00.0,2.0095,2.44563,6.87515,7.06212,11.739,14.3219,22.6899,23.1212,25.6919,26.2459,25.962,30.5,26.9543
1557,2017-04-07,00:00.0,25.9225,3.03137,8.45689,8.89461,14.6331,17.8582,28.1305,28.6741,31.9435,32.5974,29.3013,44.7,33.4446
1558,2017-04-08,00:00.0,0,3.64455,10.075,10.8072,17.6681,21.5429,33.7531,34.4144,38.404,39.1658,35.4841,63.9,40.1636
1559,2017-04-09,00:00.0,0,3.20204,8.85238,9.48908,15.8183,19.2217,29.9512,30.5316,34.0325,34.7022,37.4406,57.2,35.5788
1560,2017-04-10,00:00.0,0,2.69484,7.45227,7.96754,13.5969,16.4581,25.494,25.9805,28.9133,29.4786,33.5216,35.9,30.2159
1561,2017-04-11,00:00.0,8.64084,2.42584,6.68996,7.16682,12.4118,14.9813,23.0921,23.5286,26.1588,26.6648,29.4558,30,27.323
1562,2017-04-12,00:00.0,0,2.1855,6.00888,6.45141,11.3311,13.64,20.9242,21.316,23.6758,24.1288,26.5427,29.7,24.7164
1563,2017-04-13,00:00.0,0,1.82856,5.02716,5.38249,9.7144,11.6431,17.7397,18.0659,20.0285,20.4085,23.5355,29.9,20.8992
1564,2017-04-14,00:00.0,0,1.54633,4.251,4.54025,8.42235,10.051,15.2083,15.4828,17.1337,17.4557,20.3163,20.9,17.87
1565,2017-04-15,00:00.0,0,1.19458,3.28346,3.48154,6.76889,8.02184,12.0096,12.2189,13.4741,13.7245,16.9948,15,14.0431
1566,2017-04-16,00:00.0,4.21994,0.849389,2.32582,2.43567,5.10902,5.9896,8.82018,8.96429,9.8245,10.0042,13.4384,12,10.2275
1567,2017-04-17,00:00.0,1.80855,0.540982,1.47023,1.50124,3.60371,4.1516,5.94829,6.0342,6.54149,6.65793,10.0344,10.4,6.79625
1568,2017-04-18,00:00.0,0,0.279569,0.796261,0.734914,2.35851,2.64372,3.62617,3.66797,3.91125,3.97988,7.06892,10.3,4.05721
1569,2017-04-19,00:00.0,0.20095,0.152762,0.485416,0.381101,1.74632,1.91224,2.51753,2.54064,2.67484,2.72129,4.90797,10.3,2.77235
1570,2017-04-20,00:00.0,1.80855,0.117265,0.371448,0.291318,1.5269,1.6542,2.11757,2.13506,2.23757,2.27241,3.59,10.3,2.30798
1571,2017-04-21,00:00.0,21.3007,0.705734,1.9266,2.10364,4.17339,4.92059,7.25089,7.37886,8.15528,8.29519,4.49321,10.3,8.47316
1572,2017-04-22,00:00.0,0,1.14253,3.07807,3.44198,6.12617,7.33112,11.0445,11.2536,12.5238,12.7419,8.00797,14.6,13.0261
1573,2017-04-23,00:00.0,0,0.805844,2.15857,2.41432,4.52114,5.36526,7.9703,8.11572,8.99799,9.15004,9.82169,18.2,9.34453
1574,2017-04-24,00:00.0,0,0.496312,1.31303,1.46934,3.02955,3.54185,5.12772,5.21454,5.74,5.83126,8.35198,10.8,5.94327
1575,2017-04-25,00:00.0,0.401899,0.21976,0.557589,0.625048,1.68194,1.89778,2.57306,2.60752,2.8142,2.85114,5.90939,6.36,2.89034
1576,2017-04-26,00:00.0,4.01899,0.0499409,0.112456,0.123698,0.858084,0.900529,1.03828,1.04339,1.07417,1.07983,3.69232,4.85,1.08248
1577,2017-04-27,00:00.0,0,0.00530811,0.0118938,0.0103697,0.628489,0.632957,0.6479,0.648131,0.650788,0.650788,2.26225,4.84,0.650788
1578,2017-04-28,00:00.0,5.02374,0,0,0,0.553311,0.553311,0.553311,0.553311,0.553311,0.553311,1.48398,4.84,0.553311
1579,2017-04-29,00:00.0,0,0,0,0,0.495666,0.495666,0.495666,0.495666,0.495666,0.495666,1.02848,6.78,0.495666
1580,2017-04-30,00:00.0,2.0095,0,0,0,0.441656,0.441656,0.441656,0.441656,0.441656,0.441656,0.788913,7.71,0.441656
1581,2017-05-01,00:00.0,11.2532,0.179398,0.463261,0.539772,1.20886,1.39222,1.94924,1.98104,2.1732,2.20428,0.954015,6.64,2.24489
1582,2017-05-02,00:00.0,11.4541,0.59242,1.54283,1.78877,3.06177,3.67209,5.52749,5.63383,6.27738,6.38189,2.38975,16.8,6.51934
1583,2017-05-03,00:00.0,6.63134,0.902693,2.35829,2.72949,4.46886,5.40166,8.23786,8.40067,9.38663,9.54694,5.27644,66.8,9.75764
1584,2017-05-04,00:00.0,0,0.927168,2.42119,2.80324,4.58171,5.53947,8.45124,8.61839,9.63058,9.79505,7.90292,73.2,10.0107
1585,2017-05-05,00:00.0,31.3482,1.94809,5.17291,5.92361,9.29046,11.3328,17.5572,17.9162,20.0959,20.4547,12.9359,40.7,20.9346
1586,2017-05-06,00:00.0,14.6693,3.36804,8.9933,10.2638,15.8693,19.4185,30.2412,30.8668,34.6684,35.2962,24.4799,42.3,36.1405
1587,2017-05-07,00:00.0,5.62659,3.68777,9.85272,11.2437,17.4222,21.3111,33.1677,33.8536,38.0223,38.7101,35.1559,72.1,39.6348
1588,2017-05-08,00:00.0,0,3.46563,9.2587,10.5669,16.4813,20.136,31.2777,31.9223,35.8401,36.4864,37.9503,82,37.3544
1589,2017-05-09,00:00.0,0,3.09637,8.27219,9.44101,14.8571,18.1223,28.0769,28.6528,32.1531,32.7306,35.8231,40.1,33.5062
1590,2017-05-10,00:00.0,0,2.76645,7.39078,8.43507,13.4037,16.3211,25.2149,25.7295,28.8569,29.3728,32.4548,15,30.0657
1591,2017-05-11,00:00.0,0,2.47168,6.60329,7.53631,12.097,14.7035,22.6497,23.1094,25.9036,26.3645,29.2407,7.41,26.9837
1592,2017-05-12,00:00.0,0,2.20832,5.89971,6.73331,10.9197,13.2485,20.348,20.7587,23.2552,23.667,26.3145,7.43,24.2202
1593,2017-05-13,00:00.0,0,1.97303,5.27109,6.01587,9.85879,11.9394,18.2825,18.6495,20.8799,21.2479,23.6974,7.07,21.7421
1594,2017-05-14,00:00.0,0,1.70286,4.54451,5.19059,8.61587,10.41,15.8785,16.1948,18.1172,18.434,21.064,5.42,18.859
1595,2017-05-15,00:00.0,0.20095,1.46149,3.89535,4.45325,7.49505,9.03321,13.7203,13.9914,15.6385,15.9096,18.4029,4.77,16.2728
1596,2017-05-16,00:00.0,0,1.27524,3.39629,3.88489,6.62487,7.96612,12.0526,12.2889,13.7247,13.9608,16.1113,4.73,14.2768
1597,2017-05-17,00:00.0,0.401899,1.01949,2.70454,3.10238,5.41255,6.48126,9.73489,9.92291,11.0648,11.2519,13.7872,4.75,11.5012
1598,2017-05-18,00:00.0,0,0.586254,1.52303,1.77371,3.34272,3.94652,5.77718,5.8826,6.52146,6.62389,10.5083,4.77,6.75696
1599,2017-05-19,00:00.0,0.401899,0.152378,0.376716,0.454896,1.27604,1.42658,1.87842,1.90422,2.05968,2.08324,6.53713,4.78,2.11173
1600,2017-05-20,00:00.0,0,0,0,0,0.538733,0.538733,0.538733,0.538733,0.538733,0.538733,3.54595,4.76,0.538733
1601,2017-05-21,00:00.0,4.21994,0.00459075,0.0037373,0.0104495,0.518413,0.520255,0.524519,0.524617,0.524624,0.524624,2.1171,4.77,0.524624
1602,2017-05-22,00:00.0,18.0855,0.575861,1.52454,1.75365,3.11275,3.71595,5.54963,5.65587,6.30135,6.40702,2.82927,4.81,6.54945
1603,2017-05-23,00:00.0,0.20095,1.00703,2.67416,3.07116,5.07714,6.13508,9.3515,9.53811,10.6726,10.8578,5.94398,4.82,11.1068
1604,2017-05-24,00:00.0,0,0.691638,1.81655,2.10408,3.59528,4.31546,6.4992,6.62582,7.39491,7.51889,7.78414,8.03,7.68396
1605,2017-05-25,00:00.0,8.64084,0.416751,1.0781,1.25983,2.27572,2.70382,3.99927,4.07431,4.52977,4.60231,6.67478,8.15,4.69734
1606,2017-05-26,00:00.0,15.875,0.754836,1.98768,2.29085,3.79148,4.57802,6.96847,7.10707,7.94965,8.0864,6.43658,7.56,8.26814
1607,2017-05-27,00:00.0,0.803799,0.947066,2.48929,2.87573,4.65008,5.63588,8.62899,8.80253,9.85724,10.0276,8.03146,9.39,10.2534
1608,2017-05-28,00:00.0,0,0.433436,1.09358,1.30201,2.23702,2.67341,3.98609,4.06206,4.52151,4.59267,7.51606,9.96,4.68303
1609,2017-05-29,00:00.0,0.401899,0.0803314,0.177059,0.233415,0.583487,0.656125,0.867411,0.879568,0.951522,0.960997,4.6487,10,0.970711
1610,2017-05-30,00:00.0,12.2579,0.186892,0.486104,0.56608,1.0475,1.24028,1.82452,1.85822,2.06262,2.09529,2.82199,7.18,2.13826
1611,2017-05-31,00:00.0,5.22469,0.186892,0.486104,0.56608,1.01676,1.20954,1.79378,1.82748,2.03188,2.06456,2.32244,5.81,2.10753
1612,2017-06-01,00:00.0,0,0,0,0,0.141241,0.141241,0.141241,0.141241,0.141241,0.141241,1.6852,5.84,0.141241
1613,2017-06-02,00:00.0,0,0,0,0,0.126278,0.126278,0.126278,0.126278,0.126278,0.126278,1.01323,5.86,0.126278
1614,2017-06-03,00:00.0,0,0,0,0,0.121859,0.121859,0.121859,0.121859,0.121859,0.121859,0.734099,5.91,0.121859
1615,2017-06-04,00:00.0,7.43514,0.0320889,0.0689274,0.0920491,0.252545,0.28067,0.362845,0.367369,0.394065,0.397429,0.615407,5.95,0.400536
1616,2017-06-05,00:00.0,2.21045,0.0320889,0.0689274,0.0920491,0.240044,0.268169,0.350344,0.354868,0.381563,0.384927,0.528958,5.99,0.388034
1617,2017-06-06,00:00.0,0.803799,0,0,0,0.0930295,0.0930295,0.0930295,0.0930295,0.0930295,0.0930295,0.425617,6,0.0930295
1618,2017-06-07,00:00.0,0,0,0,0,0.089774,0.089774,0.089774,0.089774,0.089774,0.089774,0.341733,6,0.089774
1619,2017-06-08,00:00.0,0,0,0,0,0.0866324,0.0866324,0.0866324,0.0866324,0.0866324,0.0866324,0.2781,6.85,0.0866324
1620,2017-06-09,00:00.0,0,0,0,0,0.0836007,0.0836007,0.0836007,0.0836007,0.0836007,0.0836007,0.229664,5.86,0.0836007
1621,2017-06-10,00:00.0,0,0,0,0,0.0732058,0.0732058,0.0732058,0.0732058,0.0732058,0.0732058,0.164748,5.19,0.0732058
1622,2017-06-11,00:00.0,0,0,0,0,0.0457315,0.0457315,0.0457315,0.0457315,0.0457315,0.0457315,0.0603963,5.2,0.0457315
1623,2017-06-12,00:00.0,0,0,0,0,0.0135816,0.0135816,0.0135816,0.0135816,0.0135816,0.0135816,0,4.64,0.0135816
1624,2017-06-13,00:00.0,0,0,0,0,0,0,0,0,0,0,0,4.9,0
1625,2017-06-14,00:00.0,0.803799,0,0,0,0,0,0,0,0,0,0,6.56,0
1626,2017-06-15,00:00.0,0,0,0,0,0,0,0,0,0,0,0,5.12,0
1627,2017-06-16,00:00.0,18.2864,0.0674883,0.147407,0.196108,0.288922,0.349534,0.525356,0.535397,0.594537,0.602249,0,4.48,0.613548
1628,2017-06-17,00:00.0,1.40665,0.0674883,0.147407,0.196108,0.288922,0.349534,0.525356,0.535397,0.594537,0.602249,0,4.19,0.613548
1629,2017-06-18,00:00.0,16.076,0.0668613,0.148354,0.195021,0.287485,0.347989,0.52489,0.534998,0.595041,0.603059,0,4.19,0.613611
1630,2017-06-19,00:00.0,7.23419,0.0668613,0.148354,0.195021,0.287485,0.347989,0.52489,0.534998,0.595041,0.603059,0,4.18,0.613611
1631,2017-06-20,00:00.0,5.02374,0,0,0,0,0,0,0,0,0,0,4.14,0
1632,2017-06-21,00:00.0,15.4731,0.146763,0.364172,0.437387,0.65097,0.796064,1.23311,1.25796,1.40807,1.43106,0,4.13,1.46046
1633,2017-06-22,00:00.0,0,0.243717,0.595499,0.723099,1.07429,1.31207,2.02629,2.06676,2.31083,2.34755,0.273749,7.89,2.39378
1634,2017-06-23,00:00.0,80.3799,6.65457,17.3715,20.0635,30.0061,36.8639,57.7628,58.9568,66.1893,67.3741,25.0069,9.66,69.0027
1635,2017-06-24,00:00.0,1.00475,8.06532,21.2142,24.3795,36.4965,44.8646,70.3927,71.8543,80.715,82.1757,65.5487,197,84.1812
1636,2017-06-25,00:00.0,0,2.7224,7.34967,8.30607,12.4777,15.3697,24.2207,24.7315,27.8369,28.3588,57.5078,221,29.0679
1637,2017-06-26,00:00.0,2.21045,2.29996,6.20229,7.01406,10.5505,12.9911,20.4602,20.891,23.51,23.9499,29.7979,91.4,24.547
1638,2017-06-27,00:00.0,0.20095,2.0549,5.54143,6.26671,9.4616,11.6422,18.3154,18.7004,21.0403,21.4334,24.553,52.5,21.9668
1639,2017-06-28,00:00.0,1.40665,1.83595,4.95099,5.59899,8.49259,10.4409,16.403,16.747,18.8376,19.1887,21.6583,24.4,19.6653
1640,2017-06-29,00:00.0,2.61235,1.62579,4.38346,4.95773,7.55718,9.28215,14.5609,14.8654,16.7161,17.027,19.3107,21,17.4488
1641,2017-06-30,00:00.0,12.6598,1.41912,3.79212,4.31484,6.59199,8.08586,12.6511,12.9138,14.5093,14.7754,16.9321,21.3,15.1309
1642,2017-07-01,00:00.0,1.40665,0.934774,2.43903,2.81896,4.31809,5.28139,8.21543,8.38315,9.39844,9.56475,13.4632,21.4,9.77833
1643,2017-07-02,00:00.0,1.00475,0.375007,0.912771,1.10369,1.71842,2.08145,3.17713,3.23829,3.60472,3.66158,8.83891,23.4,3.72583
1644,2017-07-03,00:00.0,0,0.189108,0.413884,0.537354,0.860813,1.02735,1.52239,1.54891,1.70482,1.72653,5.137,24.4,1.74413
1645,2017-07-04,00:00.0,0,0.149191,0.315385,0.419319,0.683675,0.811089,1.18784,1.20773,1.3238,1.33926,3.21718,24.3,1.35021
1646,2017-07-05,00:00.0,0,0.113528,0.227381,0.31386,0.524705,0.617167,0.888236,0.902195,0.982676,0.992545,2.24837,16,0.997558
1647,2017-07-06,00:00.0,0,0.0612374,0.107293,0.158751,0.292525,0.336154,0.464062,0.470648,0.508625,0.513281,1.61449,10.2,0.515647
1648,2017-07-07,00:00.0,0,0.00766783,0,0.0106522,0.0612256,0.0612256,0.0612256,0.0612256,0.0612256,0.0612256,1.02878,10.2,0.0612256
1649,2017-07-08,00:00.0,0,0,0,0,0.0269751,0.0269751,0.0269751,0.0269751,0.0269751,0.0269751,0.628453,7.83,0.0269751
1650,2017-07-09,00:00.0,0,0,0,0,0.0154938,0.0154938,0.0154938,0.0154938,0.0154938,0.0154938,0.438027,6.7,0.0154938
1651,2017-07-10,00:00.0,5.22469,0,0,0,0.0103474,0.0103474,0.0103474,0.0103474,0.0103474,0.0103474,0.314718,6.73,0.0103474
1652,2017-07-11,00:00.0,0,0,0,0,0.00656781,0.00656781,0.00656781,0.00656781,0.00656781,0.00656781,0.225519,6.75,0.00656781
1653,2017-07-12,00:00.0,0,0,0,0,0.00265777,0.00265777,0.00265777,0.00265777,0.00265777,0.00265777,0.123489,6.77,0.00265777
1654,2017-07-13,00:00.0,12.2579,0.0245207,0.0341753,0.0615553,0.0850597,0.0996927,0.139753,0.141495,0.149783,0.150165,0.0287411,6.84,0.150165
1655,2017-07-14,00:00.0,9.64558,0.0856588,0.146983,0.226899,0.321555,0.382612,0.556665,0.565141,0.611197,0.615735,0.0667908,12,0.617899
1656,2017-07-15,00:00.0,0.401899,0.0611382,0.112808,0.165343,0.236495,0.282919,0.416913,0.423646,0.461414,0.46557,0.141519,12.4,0.467733
1657,2017-07-16,00:00.0,0,0,0,0,0,0,0,0,0,0,0.100985,7.91,0
1658,2017-07-17,00:00.0,3.41614,0,0,0,0,0,0,0,0,0,0.0376175,5.99,0
1659,2017-07-18,00:00.0,0,0,0,0,0,0,0,0,0,0,0.0113604,10.3,0
1660,2017-07-19,00:00.0,0,0,0,0,0,0,0,0,0,0,0,12.8,0
1661,2017-07-20,00:00.0,0,0,0,0,0,0,0,0,0,0,0,12.5,0
1662,2017-07-21,00:00.0,8.03799,0,0,0,0,0,0,0,0,0,0,12.6,0
1663,2017-07-22,00:00.0,0,0,0,0,0,0,0,0,0,0,0,17.2,0
1664,2017-07-23,00:00.0,1.2057,0,0,0,0,0,0,0,0,0,0,19.4,0
1665,2017-07-24,00:00.0,18.6883,0.124244,0.296969,0.36541,0.541092,0.659881,1.01583,1.03577,1.15544,1.17313,0,19.4,1.19587
1666,2017-07-25,00:00.0,3.01425,0.235249,0.562297,0.691885,1.02453,1.24945,1.92342,1.96117,2.18776,2.22126,0.153382,19.2,2.26431
1667,2017-07-26,00:00.0,0,0.210183,0.502384,0.618165,0.915366,1.11632,1.71848,1.75221,1.95465,1.98459,0.522146,19.3,2.02305
1668,2017-07-27,00:00.0,3.01425,0.187788,0.448855,0.552299,0.817833,0.997377,1.53537,1.56551,1.74638,1.77313,0.899381,19.4,1.80749
1669,2017-07-28,00:00.0,2.21045,0.0886104,0.211798,0.26061,0.385906,0.470626,0.724486,0.738708,0.824055,0.836674,0.956385,19.4,0.85289
1670,2017-07-29,00:00.0,0,0,0,0,0,0,0,0,0,0,0.744676,19.4,0
1671,2017-07-30,00:00.0,0,0,0,0,0,0,0,0,0,0,0.545183,19.4,0
1672,2017-07-31,00:00.0,0,0,0,0,0,0,0,0,0,0,0.348919,12.2,0
1673,2017-08-01,00:00.0,0,0,0,0,0,0,0,0,0,0,0.167661,8.9,0
1674,2017-08-02,00:00.0,0,0,0,0,0,0,0,0,0,0,0.0450187,9.04,0
1675,2017-08-03,00:00.0,0,0,0,0,0,0,0,0,0,0,0,7.84,0
1676,2017-08-04,00:00.0,2.61235,0,0,0,0,0,0,0,0,0,0,7.05,0
1677,2017-08-05,00:00.0,1.2057,0,0,0,0,0,0,0,0,0,0,7.18,0
1678,2017-08-06,00:00.0,0.401899,0,0,0,0,0,0,0,0,0,0,7.11,0
1679,2017-08-07,00:00.0,2.21045,0,0,0,0,0,0,0,0,0,0,7.26,0
1680,2017-08-08,00:00.0,1.00475,0,0,0,0,0,0,0,0,0,0,7.31,0
1681,2017-08-09,00:00.0,0.602849,0,0,0,0,0,0,0,0,0,0,7.42,0
1682,2017-08-10,00:00.0,0,0,0,0,0,0,0,0,0,0,0,7.52,0
1683,2017-08-11,00:00.0,0,0,0,0,0,0,0,0,0,0,0,7.62,0
1684,2017-08-12,00:00.0,3.81804,0,0,0,0,0,0,0,0,0,0,7.62,0
1685,2017-08-13,00:00.0,0.20095,0,0,0,0,0,0,0,0,0,0,7.57,0
1686,2017-08-14,00:00.0,0,0,0,0,0,0,0,0,0,0,0,7.55,0
1687,2017-08-15,00:00.0,2.0095,0,0,0,0,0,0,0,0,0,0,7.52,0
1688,2017-08-16,00:00.0,0,0,0,0,0,0,0,0,0,0,0,7.57,0
1689,2017-08-17,00:00.0,0,0,0,0,0,0,0,0,0,0,0,7.57,0
1690,2017-08-18,00:00.0,8.84179,0,0,0,0,0,0,0,0,0,0,7.58,0
1691,2017-08-19,00:00.0,0.803799,0,0,0,0,0,0,0,0,0,0,7.57,0
1692,2017-08-20,00:00.0,0.401899,0,0,0,0,0,0,0,0,0,0,7.54,0
1693,2017-08-21,00:00.0,0,0,0,0,0,0,0,0,0,0,0,7.52,0
1694,2017-08-22,00:00.0,0.20095,0,0,0,0,0,0,0,0,0,0,7.12,0
1695,2017-08-23,00:00.0,19.2912,0,0,0,0,0,5.69E-06,5.69E-06,5.69E-06,5.69E-06,0,6.44,0.00257869
1696,2017-08-24,00:00.0,0,0,0,0,0,0,1.08E-05,1.08E-05,1.08E-05,1.08E-05,0,6.39,0.00488261
1697,2017-08-25,00:00.0,0,0,0,0,0,0,9.63E-06,9.63E-06,9.63E-06,9.63E-06,0,6.59,0.00436237
1698,2017-08-26,00:00.0,0,0,0,0,0,0,8.60E-06,8.60E-06,8.60E-06,8.60E-06,0,5.4,0.00389756
1699,2017-08-27,00:00.0,0,0,0,0,0,0,7.69E-06,7.69E-06,7.69E-06,7.69E-06,0,4.84,0.00348227
1700,2017-08-28,00:00.0,0,0,0,0,0,0,6.87E-06,6.87E-06,6.87E-06,6.87E-06,0,4.84,0.00311123
1701,2017-08-29,00:00.0,0,0,0,0,0,0,6.13E-06,6.13E-06,6.13E-06,6.13E-06,0,4.85,0.00277973
1702,2017-08-30,00:00.0,0,0,0,0,0,0,5.48E-06,5.48E-06,5.48E-06,5.48E-06,0,4.84,0.00248355
1703,2017-08-31,00:00.0,4.92327,0,0,0,0,0,4.90E-06,4.90E-06,4.90E-06,4.90E-06,0,4.82,0.00221893
1704,2017-09-01,00:00.0,0,0,0,0,0,0,4.38E-06,4.38E-06,4.38E-06,4.38E-06,0,4.83,0.0019825
1705,2017-09-02,00:00.0,0,0,0,0,0,0,3.91E-06,3.91E-06,3.91E-06,3.91E-06,0,4.86,0.00177126
1706,2017-09-03,00:00.0,14.4684,0.0524252,0.116173,0.153649,0.226751,0.274499,0.413083,0.421015,0.46781,0.473956,0,4.89,0.483895
1707,2017-09-04,00:00.0,0,0.0524252,0.116173,0.153649,0.226751,0.274499,0.413084,0.421016,0.467811,0.473957,0,4.91,0.484345
1708,2017-09-05,00:00.0,8.03799,0,0,0,0,0,3.13E-06,3.13E-06,3.13E-06,3.13E-06,0,4.93,0.00128599
1709,2017-09-06,00:00.0,13.2627,0.155149,0.391397,0.468592,0.700642,0.857179,1.32655,1.35379,1.51916,1.54408,0,4.08,1.57594
1710,2017-09-07,00:00.0,0,0.293767,0.741091,0.887256,1.32663,1.62303,2.51175,2.56333,2.87646,2.92364,0.0631977,3.49,2.98396
1711,2017-09-08,00:00.0,4.62184,0.262466,0.662128,0.792719,1.18528,1.45009,2.24412,2.29021,2.56997,2.61212,0.445102,3.34,2.66602
1712,2017-09-09,00:00.0,0,0.2345,0.591578,0.708254,1.05899,1.29558,2.00501,2.04618,2.29614,2.3338,1.04822,3.32,2.38195
1713,2017-09-10,00:00.0,0,0.209514,0.528545,0.632789,0.94615,1.15754,1.79138,1.82816,2.05148,2.08513,1.49798,3.32,2.12815
1714,2017-09-11,00:00.0,0,0.18719,0.472228,0.565365,0.845337,1.0342,1.6005,1.63337,1.8329,1.86296,1.71281,3.3,1.9014
1715,2017-09-12,00:00.0,0,0.166999,0.421236,0.50437,0.754129,0.922605,1.42775,1.45707,1.63505,1.66186,1.74846,3.28,1.69613
1716,2017-09-13,00:00.0,0,0.0786712,0.198409,0.237595,0.355245,0.434602,0.672533,0.686342,0.770171,0.782797,1.50279,3.27,0.798933
1717,2017-09-14,00:00.0,0,0,0,0,0,0,0,0,0,0,1.00978,3.27,0
1718,2017-09-15,00:00.0,0,0,0,0,0,0,0,0,0,0,0.614657,3.26,0
1719,2017-09-16,00:00.0,0,0,0,0,0,0,0,0,0,0,0.380379,4.87,0
1720,2017-09-17,00:00.0,0,0,0,0,0,0,0,0,0,0,0.204902,6.28,0
1721,2017-09-18,00:00.0,0,0,0,0,0,0,0,0,0,0,0.0734674,6.27,0
1722,2017-09-19,00:00.0,0.602849,0,0,0,0,0,0,0,0,0,0.00859033,6.25,0
1723,2017-09-20,00:00.0,5.02374,0,0,0,0,0,0,0,0,0,0,6.23,0
1724,2017-09-21,00:00.0,0,0,0,0,0,0,0,0,0,0,0,6.25,0
1725,2017-09-22,00:00.0,0,0,0,0,0,0,0,0,0,0,0,6.28,0
1726,2017-09-23,00:00.0,0,0,0,0,0,0,0,0,0,0,0,6.28,0
1727,2017-09-24,00:00.0,0,0,0,0,0,0,0,0,0,0,0,6.31,0
1728,2017-09-25,00:00.0,0,0,0,0,0,0,0,0,0,0,0,6.29,0
1729,2017-09-26,00:00.0,0,0,0,0,0,0,0,0,0,0,0,6.28,0
1730,2017-09-27,00:00.0,3.21519,0,0,0,0,0,0,0,0,0,0,6.28,0
1731,2017-09-28,00:00.0,0,0,0,0,0,0,0,0,0,0,0,6.26,0
1732,2017-09-29,00:00.0,0.20095,0,0,0,0,0,0,0,0,0,0,6.24,0
1733,2017-09-30,00:00.0,4.82279,0,0,0,0,0,0,0,0,0,0,6.34,0
1734,2017-10-01,00:00.0,0,0,0,0,0,0,0,0,0,0,0,6.31,0
1735,2017-10-02,00:00.0,0,0,0,0,0,0,0,0,0,0,0,6.28,0
1736,2017-10-03,00:00.0,0,0,0,0,0,0,0,0,0,0,0,4.46,0
1737,2017-10-04,00:00.0,0,0,0,0,0,0,0,0,0,0,0,3.48,0
1738,2017-10-05,00:00.0,4.82279,0,0,0,0,0,0,0,0,0,0,3.49,0
1739,2017-10-06,00:00.0,0.602849,0,0,0,0,0,0,0,0,0,0,3.5,0
1740,2017-10-07,00:00.0,3.01425,0,0,0,0,0,0,0,0,0,0,3.5,0
1741,2017-10-08,00:00.0,8.03799,0,0,0,0,0,0,0,0,0,0,3.55,0
1742,2017-10-09,00:00.0,9.24369,0,0,0,0,0,0,0,0,0,0,3.56,0
1743,2017-10-10,00:00.0,0,0,0,0,0,0,0,0,0,0,0,3.57,0
1744,2017-10-11,00:00.0,0.803799,0,0,0,0,0,0,0,0,0,0,3.59,0
1745,2017-10-12,00:00.0,11.2532,0,0,0,0,0,0,0,0,0,0,2.98,0
1746,2017-10-13,00:00.0,0.301425,0,0,0,0,0,0,0,0,0,0,3.56,0
1747,2017-10-14,00:00.0,1.40665,0,0,0,0,0,0,0,0,0,0,3.92,0
1748,2017-10-15,00:00.0,17.6836,0.175446,0.439589,0.53003,0.79244,0.968748,1.49564,1.52633,1.71248,1.74019,0,6.97,1.77768
1749,2017-10-16,00:00.0,9.44464,0.263081,0.629364,0.784695,1.16706,1.42157,2.17471,2.21823,2.47962,2.51704,0,8.31,2.56701
1750,2017-10-17,00:00.0,0,0.165932,0.359329,0.482196,0.70933,0.857386,1.28579,1.31009,1.45254,1.47093,0.0852137,8.09,1.49454
1751,2017-10-18,00:00.0,0,0.120404,0.246365,0.34311,0.500765,0.602963,0.896253,0.912482,1.00595,1.01742,0.272036,8.01,1.03182
1752,2017-10-19,00:00.0,0,0.0421064,0.0768106,0.11558,0.166058,0.198394,0.289539,0.294302,0.32055,0.323344,0.35264,7.91,0.326918
1753,2017-10-20,00:00.0,0,0,0,0,0,0,1.41E-06,1.41E-06,1.41E-06,1.41E-06,0.270282,6.36,0.000314537
1754,2017-10-21,00:00.0,0,0,0,0,0,0,0,0,0,0,0.162937,5.37,0
1755,2017-10-22,00:00.0,0,0,0,0,0,0,0,0,0,0,0.0824943,8.16,0
1756,2017-10-23,00:00.0,0,0,0,0,0,0,0,0,0,0,0.0240225,7.85,0
1757,2017-10-24,00:00.0,13.6646,0.110806,0.272896,0.331792,0.4945,0.603913,0.930934,0.949767,1.06367,1.08051,0.116774,7.84,1.10209
1758,2017-10-25,00:00.0,1.80855,0.138167,0.324803,0.407867,0.604382,0.735538,1.12422,1.14634,1.27862,1.29753,0.354893,7.96,1.32115
1759,2017-10-26,00:00.0,0,0.051805,0.0982823,0.144045,0.208055,0.249226,0.365975,0.372196,0.40701,0.410914,0.468525,12.9,0.414774
1760,2017-10-27,00:00.0,0,0.0462852,0.0878103,0.128697,0.185887,0.222671,0.32698,0.332538,0.363643,0.367131,0.449488,15,0.37058
1761,2017-10-28,00:00.0,2.61235,0.0400172,0.0748709,0.110776,0.1597,0.191121,0.280023,0.284726,0.310894,0.313773,0.422589,12.5,0.316533
1762,2017-10-29,00:00.0,3.21519,0.0344172,0.0633103,0.0947644,0.136303,0.162933,0.23807,0.242009,0.263766,0.2661,0.389599,12.1,0.268245
1763,2017-10-30,00:00.0,0.20095,0.03075,0.0565645,0.0846672,0.12178,0.145572,0.212703,0.216222,0.235662,0.237747,0.355554,12.1,0.239664
1764,2017-10-31,00:00.0,1.2057,0.0274736,0.0505376,0.0756459,0.108804,0.130061,0.19004,0.193184,0.210552,0.212415,0.323263,8.5,0.214127
1765,2017-11-01,00:00.0,0.803799,0.0245463,0.0451528,0.0675858,0.0972109,0.116203,0.169791,0.1726,0.188117,0.189782,0.293008,6.48,0.191312
1766,2017-11-02,00:00.0,8.64084,0.126315,0.311945,0.377593,0.562433,0.687289,1.06137,1.08282,1.21208,1.23163,0.395942,6.11,1.25572
1767,2017-11-03,00:00.0,25.1187,0.968027,2.55528,2.94519,4.41822,5.42949,8.50231,8.68019,9.7611,9.93639,2.55412,6.52,10.1691
1768,2017-11-04,00:00.0,0,1.58175,4.19465,4.8177,7.23047,8.88914,13.9345,14.2267,16.0026,16.2922,8.27622,6.02,16.6792
1769,2017-11-05,00:00.0,5.62659,1.44248,3.81296,4.38962,6.58571,8.09422,12.6798,12.9453,14.5581,14.8203,13.0347,5.76,15.1684
1770,2017-11-06,00:00.0,3.41614,1.34593,3.53922,4.08945,6.13169,7.53293,11.7885,12.0345,13.529,13.7707,14.0839,5.65,14.0885
1771,2017-11-07,00:00.0,0,1.16256,3.0427,3.52743,5.28617,6.49165,10.1495,10.3608,11.6437,11.8502,13.3748,9.73,12.1196
1772,2017-11-08,00:00.0,0,0.97328,2.53849,2.95046,4.41994,5.42623,8.47744,8.65363,9.72297,9.89442,11.8121,14.9,10.1171
1773,2017-11-09,00:00.0,0,0.829909,2.15885,2.51412,3.76524,4.62142,7.216,7.36578,8.27457,8.41984,10.1784,14.9,8.60781
1774,2017-11-10,00:00.0,2.0095,0.720893,1.87216,2.18293,3.26869,4.01137,6.26123,6.39108,7.17885,7.30454,8.80559,15,7.4668
1775,2017-11-11,00:00.0,0,0.631668,1.63852,1.91217,2.8629,3.51303,5.48201,5.59563,6.28488,6.3947,7.67807,14.4,6.53624
1776,2017-11-12,00:00.0,0,0.564363,1.46393,1.70843,2.55786,3.13872,4.8979,4.99941,5.61522,5.71334,6.78888,14.6,5.8398
1777,2017-11-13,00:00.0,1.6076,0.50423,1.30795,1.52639,2.28532,2.80429,4.37602,4.46672,5.01692,5.10458,6.06574,14.4,5.21757
1778,2017-11-14,00:00.0,0.20095,0.43809,1.13442,1.32558,1.98431,2.43456,3.79767,3.87631,4.35329,4.42914,5.37502,14.1,4.52667
1779,2017-11-15,00:00.0,0,0.351744,0.904385,1.06237,1.58914,1.94851,3.03486,3.09748,3.47703,3.53689,4.64253,11.7,3.61307
1780,2017-11-16,00:00.0,11.0522,0.611831,1.59833,1.85619,2.78142,3.41502,5.33622,5.44726,6.12128,6.22942,4.81743,10.1,6.37
1781,2017-11-17,00:00.0,1.2057,0.844206,2.21834,2.56543,3.84666,4.72526,7.39238,7.54667,8.48378,8.63505,6.35479,10.7,8.83318
1782,2017-11-18,00:00.0,5.42564,0.727002,1.90697,2.20828,3.31056,4.06607,6.35864,6.49124,7.29648,7.4262,7.41421,16.2,7.5957
1783,2017-11-19,00:00.0,17.4826,1.46871,3.89643,4.48432,6.73499,8.27798,12.9632,13.2356,14.8933,15.1615,10.0776,15.8,15.5186
1784,2017-11-20,00:00.0,3.81804,2.13139,5.67392,6.51784,9.79455,12.0411,18.864,19.2614,21.6806,22.0727,16.2162,18.6,22.5973
1785,2017-11-21,00:00.0,0,1.90429,5.06936,5.82336,8.75093,10.7581,16.854,17.2091,19.3705,19.7208,19.9266,7.6,20.1896
1786,2017-11-22,00:00.0,3.21519,1.89816,5.05678,5.79655,8.70725,10.7072,16.7896,17.1429,19.2922,19.6428,20.0721,5.23,20.1112
1787,2017-11-23,00:00.0,0,1.89269,5.04553,5.7726,8.66823,10.6617,16.732,17.0837,19.2223,19.5731,20.0547,5.08,20.0412
1788,2017-11-24,00:00.0,0,1.69102,4.50793,5.15752,7.74462,9.52571,14.9492,15.2634,17.1741,17.4876,19.2528,4.99,17.9058
1789,2017-11-25,00:00.0,0.602849,1.48359,3.95261,4.52419,6.79319,8.35503,13.1103,13.3858,15.0609,15.3355,17.4355,4.96,15.7016
1790,2017-11-26,00:00.0,0,1.26434,3.36311,3.85404,5.78602,7.11529,11.1611,11.3954,12.8201,13.0533,15.3126,4.9,13.3635
1791,2017-11-27,00:00.0,0,1.0957,2.91143,3.3391,5.0124,6.16336,9.66559,9.86843,11.1015,11.303,13.3092,16.6,11.5708
1792,2017-11-28,00:00.0,0,0.977142,2.59622,2.97774,4.46992,5.49628,8.61933,8.80021,9.89977,10.0795,11.7044,24.8,10.3182
1793,2017-11-29,00:00.0,0,0.837294,2.22125,2.55059,3.82813,4.70649,7.3783,7.53302,8.47343,8.62686,10.2824,25.1,8.83032
1794,2017-11-30,00:00.0,0,0.695388,1.83957,2.11681,3.17616,3.90395,6.11637,6.24445,7.02275,7.14933,8.84835,24.1,7.31656
1795,2017-12-01,00:00.0,3.41614,0.608763,1.60726,1.85208,2.77834,3.41441,5.34727,5.45913,6.13875,6.24905,7.60378,25.3,6.3943
1796,2017-12-02,00:00.0,0,0.565913,1.48603,1.71866,2.57645,3.16493,4.95168,5.05494,5.68193,5.78323,6.73405,24.2,5.91516
1797,2017-12-03,00:00.0,0,0.508105,1.32582,1.54008,2.307,2.83248,4.42622,4.5182,5.07627,5.16593,6.06991,23.4,5.28126
1798,2017-12-04,00:00.0,0,0.427408,1.11147,1.29432,1.93817,2.37893,3.7148,3.79186,4.25927,4.33407,5.36069,23.3,4.42979
1799,2017-12-05,00:00.0,7.23419,0.600914,1.57827,1.82527,2.73643,3.36146,5.2591,5.3688,6.03487,6.14249,5.34572,22.9,6.28249
1800,2017-12-06,00:00.0,0,0.755932,1.99534,2.29965,3.44964,4.2393,6.63885,6.77771,7.62129,7.75821,6.34583,22.3,7.93778
1801,2017-12-07,00:00.0,1.00475,0.655186,1.72714,1.99251,2.9885,3.67218,5.74908,5.86925,6.59921,6.71752,6.94426,21.8,6.87237
1802,2017-12-08,00:00.0,0,0.577342,1.52101,1.7555,2.63286,3.235,5.06397,5.16979,5.81253,5.91663,6.66411,15.9,6.05277
1803,2017-12-09,00:00.0,0,0.513602,1.35282,1.56161,2.34203,2.8776,4.50432,4.59843,5.17008,5.26264,6.12029,9.19,5.38366
1804,2017-12-10,00:00.0,2.0095,0.455823,1.20027,1.38583,2.07834,2.55354,3.9968,4.0803,4.58745,4.66954,5.52206,15.3,4.77682
1805,2017-12-11,00:00.0,6.63134,0.405313,1.06704,1.2322,1.84789,2.27037,3.55341,3.62763,4.07846,4.15142,4.94892,11.3,4.24674
1806,2017-12-12,00:00.0,7.03324,0.362126,0.953345,1.10091,1.651,2.02846,3.17479,3.24111,3.6439,3.70909,4.45305,3.29,3.79425
1807,2017-12-13,00:00.0,0,0.323542,0.851766,0.983606,1.47508,1.81232,2.83651,2.89577,3.25564,3.31388,4.01637,3.27,3.38997
1808,2017-12-14,00:00.0,1.6076,0.289068,0.76101,0.878803,1.31791,1.61922,2.53428,2.58722,2.90875,2.96079,3.60705,3.25,3.02876
1809,2017-12-15,00:00.0,0.401899,0.258268,0.679924,0.785166,1.17749,1.44669,2.26425,2.31155,2.59882,2.64531,3.23189,3.25,2.70605
1810,2017-12-16,00:00.0,2.8133,0.230749,0.607478,0.701506,1.05203,1.29255,2.023,2.06525,2.32192,2.36346,2.89206,3.25,2.41772
1811,2017-12-17,00:00.0,0.401899,0.206163,0.542751,0.62676,0.939933,1.15483,1.80745,1.8452,2.07452,2.11163,2.60116,3.24,2.16011
1812,2017-12-18,00:00.0,1.00475,0.184196,0.48492,0.559979,0.839783,1.03178,1.61486,1.64859,1.85348,1.88663,2.35888,3.21,1.92995
1813,2017-12-19,00:00.0,1.2057,0.161798,0.425623,0.491789,0.737463,0.906004,1.41777,1.44737,1.62717,1.65624,2.13064,3.21,1.69417
1814,2017-12-20,00:00.0,0,0.175091,0.46212,0.533253,0.803871,0.987757,1.54233,1.57488,1.77124,1.80222,1.97457,3.21,1.84228
1815,2017-12-21,00:00.0,1.00475,0.186968,0.494728,0.570298,0.863203,1.0608,1.65362,1.68881,1.89996,1.93266,1.94167,3.19,1.9746
1816,2017-12-22,00:00.0,7.03324,0.164274,0.434386,0.501009,0.758388,0.931933,1.4524,1.4833,1.6687,1.69736,1.90443,3.19,1.73406
1817,2017-12-23,00:00.0,2.0095,0.146771,0.388102,0.447627,0.677581,0.832635,1.29764,1.32526,1.4909,1.5165,1.7952,3.18,1.5493
1818,2017-12-24,00:00.0,2.0095,0.12919,0.341405,0.39396,0.596389,0.732821,1.14184,1.16614,1.31185,1.33434,1.65363,3.18,1.36311
1819,2017-12-25,00:00.0,6.63134,0.113483,0.299683,0.346012,0.523847,0.643642,1.00264,1.02398,1.15188,1.17159,1.49763,3.18,1.19675
1820,2017-12-26,00:00.0,1.40665,0.101391,0.267752,0.309144,0.468031,0.575062,0.895812,0.914871,1.02915,1.04675,1.34605,3.2,1.06924
1821,2017-12-27,00:00.0,0,0.0905878,0.239223,0.276205,0.418162,0.513789,0.800363,0.817392,0.919491,0.935222,1.2073,3.2,0.955309
1822,2017-12-28,00:00.0,0,0.0809356,0.213734,0.246775,0.373607,0.459045,0.715084,0.730298,0.821519,0.835573,1.08139,3.19,0.85352
1823,2017-12-29,00:00.0,0.401899,0.0723119,0.19096,0.220481,0.333799,0.410133,0.638891,0.652485,0.733986,0.746543,0.969387,3.19,0.762577
1824,2017-12-30,00:00.0,2.61235,0.064607,0.170613,0.196989,0.298232,0.366433,0.570817,0.582962,0.655779,0.666998,0.887574,3.19,0.681324
1825,2017-12-31,00:00.0,0.401899,0.0577231,0.152434,0.176,0.266456,0.32739,0.509996,0.520847,0.585906,0.595929,0.826698,3.19,0.608729
1826,2018-01-01,00:00.0,0,0.0515727,0.136192,0.157247,0.238065,0.292506,0.455656,0.465351,0.523477,0.532433,0.763851,3.2,0.543869
1827,2018-01-02,00:00.0,4.42089,0.0460776,0.121681,0.140492,0.212699,0.26134,0.407106,0.415767,0.467701,0.475702,0.701366,3.21,0.485919
1828,2018-01-03,00:00.0,0,0.041168,0.108716,0.125523,0.190036,0.233494,0.363729,0.371467,0.417867,0.425016,0.640794,3.22,0.434144
1829,2018-01-04,00:00.0,0.803799,0.0367816,0.0971322,0.112148,0.169787,0.208615,0.324973,0.331887,0.373343,0.37973,0.583123,3.2,0.387886
1830,2018-01-05,00:00.0,0,0.0328625,0.0867827,0.100199,0.151696,0.186387,0.290347,0.296525,0.333563,0.33927,0.528934,3.19,0.346557
1831,2018-01-06,00:00.0,0,0.029361,0.077536,0.0895224,0.135533,0.166527,0.25941,0.26493,0.298022,0.30312,0.478526,3.2,0.309631
1832,2018-01-07,00:00.0,0,0.0262325,0.0692745,0.0799838,0.121092,0.148784,0.23177,0.236701,0.266268,0.270823,0.431995,3.21,0.27664
1833,2018-01-08,00:00.0,7.03324,0.0234375,0.0618933,0.0714615,0.10819,0.132931,0.207075,0.211481,0.237897,0.241967,0.389304,3.23,0.247164
1834,2018-01-09,00:00.0,2.0095,0.015633,0.0409127,0.0474423,0.0719146,0.0883208,0.137272,0.140188,0.157531,0.160168,0.341995,3.22,0.163456
1835,2018-01-10,00:00.0,0,0.00457369,0.0117075,0.0137222,0.020864,0.0255956,0.0395611,0.0403983,0.0452764,0.0459933,0.280002,3.19,0.0468284
1836,2018-01-11,00:00.0,6.43039,0,0,0,0,0,0,0,0,0,0.212768,3.19,0
1837,2018-01-12,00:00.0,20.4969,1.31173,3.51747,4.02254,6.07033,7.46663,11.6916,11.9404,13.4481,13.6899,3.20619,3.22,14.0164
1838,2018-01-13,00:00.0,6.02849,2.47673,6.64099,7.59508,11.4616,14.0979,22.0746,22.5444,25.391,25.8474,13.0403,3.38,26.4636
1839,2018-01-14,00:00.0,0,2.20588,5.91424,6.76442,10.2081,12.556,19.6597,20.0781,22.6132,23.0196,21.2627,44.3,23.5682
1840,2018-01-15,00:00.0,0,1.97084,5.28408,6.04367,9.12047,11.2182,17.565,17.9388,20.2038,20.5668,22.0521,72.1,21.057
1841,2018-01-16,00:00.0,5.02374,1.76085,4.72105,5.39972,8.14868,10.0229,15.6934,16.0274,18.051,18.3754,20.4475,65.5,18.8134
1842,2018-01-17,00:00.0,6.43039,1.57116,4.21235,4.81803,7.27087,8.94313,14.0026,14.3006,16.1062,16.3957,18.4719,51.7,16.7864
1843,2018-01-18,00:00.0,0,1.40169,3.75784,4.29832,6.4866,7.97845,12.492,12.7579,14.3687,14.6268,16.5815,21,14.9753
1844,2018-01-19,00:00.0,0,1.25202,3.35655,3.83934,5.79395,7.12649,11.1581,11.3955,12.8343,13.0649,14.8678,6.18,13.3762
1845,2018-01-20,00:00.0,0,1.11133,2.97886,3.40786,5.14287,6.32555,9.90341,10.1142,11.3911,11.5957,13.3018,6.17,11.8718
1846,2018-01-21,00:00.0,0,0.978999,2.62316,3.00195,4.53042,5.57203,8.72252,8.90812,10.0326,10.2126,11.8467,6.16,10.4555
1847,2018-01-22,00:00.0,2.4114,0.860767,2.30535,2.63929,3.98322,4.8988,7.66745,7.8306,8.81895,8.97699,10.4975,6.11,9.19012
1848,2018-01-23,00:00.0,29.7406,2.04652,5.50528,6.27118,9.45042,11.6296,18.2481,18.6356,20.988,21.3709,14.019,6.14,21.8894
1849,2018-01-24,00:00.0,2.61235,3.37183,9.07766,10.3348,15.5758,19.1687,30.0822,30.7213,34.6011,35.233,25.1932,23.3,36.089
1850,2018-01-25,00:00.0,0,3.2715,8.80468,10.0308,15.1247,18.612,29.1949,29.8156,33.5828,34.194,33.3739,40.4,35.0216
1851,2018-01-26,00:00.0,2.0095,2.92292,7.86654,8.96206,13.5132,16.6289,26.0842,26.6388,30.0045,30.5506,33.1947,34.8,31.29
1852,2018-01-27,00:00.0,0,2.60452,7.00921,7.98575,12.0411,14.8173,23.2421,23.7362,26.7352,27.2217,30.2206,34.6,27.8804
1853,2018-01-28,00:00.0,0.20095,2.53816,6.82519,7.78672,11.7521,14.4593,22.6589,23.1415,26.0671,26.5383,28.0243,33.9,27.1753
1854,2018-01-29,00:00.0,0,2.47888,6.66078,7.6089,11.4939,14.1394,22.1379,22.6102,25.4703,25.9276,27.0869,32.5,26.5454
1855,2018-01-30,00:00.0,10.0475,2.20094,5.91307,6.75571,10.2053,12.554,19.6544,20.0737,22.6129,23.0187,25.4698,31.1,23.5668
1856,2018-01-31,00:00.0,0.401899,1.95958,5.26418,6.01483,9.08617,11.1772,17.4984,17.8717,20.1323,20.4935,22.9709,21.7,20.9813
1857,2018-02-01,00:00.0,0,1.75079,4.70328,5.37395,8.11804,9.98628,15.6339,15.9675,17.9872,18.3099,20.6022,6.22,18.7458
1858,2018-02-02,00:00.0,0,1.55352,4.17264,4.76839,7.2034,8.86099,13.8713,14.1673,15.9592,16.2454,18.4186,6.21,16.6318
1859,2018-02-03,00:00.0,0,1.37728,3.69855,4.22736,6.38623,7.8556,12.2966,12.5589,14.1473,14.4008,16.4236,6.17,14.7432
1860,2018-02-04,00:00.0,7.03324,1.22906,3.30042,3.77241,5.69897,7.0102,10.9731,11.2072,12.6246,12.8509,14.6637,6.19,13.1563
1861,2018-02-05,00:00.0,3.01425,1.08591,2.91522,3.33299,5.03528,6.19362,9.69386,9.90067,11.1527,11.3525,13.0796,6.14,11.622
1862,2018-02-06,00:00.0,0,0.959489,2.5751,2.9449,4.45226,5.47558,8.56733,8.75003,9.85609,10.0324,11.6351,5.73,10.2703
1863,2018-02-07,00:00.0,3.01425,0.857126,2.30037,2.63072,3.98627,4.90042,7.66231,7.82553,8.81358,8.97108,10.3729,4.14,9.18355
1864,2018-02-08,00:00.0,4.01899,0.765542,2.05456,2.34962,3.57186,4.38832,6.85508,7.00086,7.88333,8.024,9.30254,3.45,8.21376
1865,2018-02-09,00:00.0,1.00475,0.683844,1.83529,2.09888,3.20179,3.93113,6.13462,6.26484,7.05314,7.17879,8.34889,3.45,7.3483
1866,2018-02-10,00:00.0,7.23419,0.610981,1.63974,1.87524,2.87137,3.52299,5.49171,5.60805,6.31235,6.42462,7.49282,3.46,6.57607
1867,2018-02-11,00:00.0,8.64084,0.541732,1.45361,1.66268,2.55629,3.134,4.87919,4.98234,5.60672,5.7062,6.73197,3.44,5.84036
1868,2018-02-12,00:00.0,1.00475,0.473033,1.26852,1.45177,2.24225,2.74653,4.26938,4.35942,4.90438,4.99107,6.00507,3.44,5.1079
1869,2018-02-13,00:00.0,0,0.413665,1.10868,1.26951,1.97052,2.41137,3.74223,3.82095,4.2973,4.37297,5.30445,3.44,4.47488
1870,2018-02-14,00:00.0,0,0.36745,0.984663,1.12767,1.75929,2.15086,3.33282,3.40274,3.82583,3.89301,4.70892,3.44,3.98347
1871,2018-02-15,00:00.0,8.23894,0.317579,0.850247,0.974554,1.5299,1.86816,2.88864,2.94904,3.31445,3.37234,4.19096,3.44,3.4502
1872,2018-02-16,00:00.0,0.401899,0.631214,1.68418,1.94207,3.00693,3.68144,5.69819,5.81951,6.54951,6.6611,4.69755,3.48,6.81051
1873,2018-02-17,00:00.0,0,0.911432,2.42925,2.8065,4.32832,5.30326,8.21012,8.38587,9.44161,9.60118,6.73205,3.45,9.81452
1874,2018-02-18,00:00.0,0,0.799451,2.1295,2.46175,3.80859,4.66357,7.2114,7.36556,8.29134,8.43094,8.19301,3.39,8.61745
1875,2018-02-19,00:00.0,0,0.699401,1.86168,2.15374,3.3435,4.0913,6.31837,6.45324,7.26291,7.38467,8.11608,3.39,7.5472
1876,2018-02-20,00:00.0,20.4969,1.73655,4.64951,5.33643,8.1549,10.0085,15.585,15.917,17.9223,18.2365,11.4205,5.18,18.6594
1877,2018-02-21,00:00.0,17.4826,5.97091,15.9685,18.0212,27.5534,33.9196,53.0333,54.1678,60.8412,61.8986,34.9232,6.6,63.3006
1878,2018-02-22,00:00.0,1.80855,7.37913,19.7383,22.3754,34.1809,42.0461,65.6893,67.0919,75.4062,76.7231,65.9789,67.3,78.4769
1879,2018-02-23,00:00.0,0,5.32958,14.278,16.4244,25.0576,30.7377,47.8832,48.8987,55.0794,56.0568,67.7508,160,57.3785
1880,2018-02-24,00:00.0,4.42089,4.8532,13.0101,14.9607,22.9496,28.1267,43.7479,44.6741,50.3093,51.1993,55.6458,134,52.4027
1881,2018-02-25,00:00.0,2.4114,4.64063,12.4574,14.3126,22.0667,27.0251,41.9806,42.8687,48.2692,49.1211,51.7061,81.6,50.274
1882,2018-02-26,00:00.0,0,4.97116,13.3453,15.33,23.6942,29.0088,45.0263,45.9788,51.7643,52.6748,52.0366,57.5,53.9067
1883,2018-02-27,00:00.0,0,5.29169,14.2009,16.3151,25.2728,30.9316,47.9717,48.9864,55.1429,56.109,55.3176,49.8,57.4151
1884,2018-02-28,00:00.0,0,5.745,15.4101,17.7077,27.4741,33.6181,52.1048,53.2069,59.8866,60.932,59.5113,36.8,62.3444
1885,2018-03-01,00:00.0,0,6.5322,17.3725,20.2697,31.3118,38.2442,59.1061,60.348,67.9749,69.157,66.0882,29.5,70.7543
1886,2018-03-02,00:00.0,0,6.41098,16.9202,20.0234,30.9174,37.6735,58.0137,59.2224,66.7424,67.8986,69.8412,23.3,69.4618
1887,2018-03-03,00:00.0,0,5.65591,14.9193,17.6686,27.4749,33.4333,51.3675,52.4336,59.0679,60.0865,65.6582,11.1,61.4632
1888,2018-03-04,00:00.0,0,4.99517,13.1697,15.6073,24.4465,29.7072,45.538,46.4792,52.3385,53.237,58.4263,6.3,54.451
1889,2018-03-05,00:00.0,0,4.43008,11.6761,13.8434,21.8446,26.5093,40.5443,41.379,46.5753,47.3715,52.0185,6.31,48.4471
1890,2018-03-06,00:00.0,0,3.9252,10.3416,12.2673,19.5056,23.6377,36.0683,36.8077,41.4118,42.1166,46.3874,6.32,43.0685
1891,2018-03-07,00:00.0,0.401899,3.48569,9.18113,10.8948,17.4578,21.1266,32.1623,32.8188,36.9073,37.5328,41.4071,6.34,38.3774
1892,2018-03-08,00:00.0,1.00475,3.08838,8.13158,9.6543,15.5945,18.8443,28.6182,29.1998,32.8222,33.3759,36.9688,6.36,34.1233
1893,2018-03-09,00:00.0,0,2.73341,7.19385,8.54597,13.9187,16.7943,25.4408,25.9554,29.1615,29.651,32.9669,6.37,30.3116
1894,2018-03-10,00:00.0,1.6076,2.42783,6.3879,7.59132,12.4668,15.0205,22.6982,23.1552,26.0028,26.4373,29.4296,5.41,27.0236
1895,2018-03-11,00:00.0,0,2.14555,5.64234,6.70992,11.1166,13.3727,20.1541,20.5579,23.0743,23.4578,26.2539,3.48,23.9752
1896,2018-03-12,00:00.0,0,1.90723,5.01444,5.96513,9.96828,11.9735,18.0002,18.3591,20.596,20.9367,23.4485,3.48,21.3962
1897,2018-03-13,00:00.0,0.602849,1.69663,4.45981,5.30683,8.94627,10.7298,16.0899,16.4091,18.399,18.7019,21.0004,3.47,19.1104
1898,2018-03-14,00:00.0,0.401899,1.50846,3.96428,4.71866,8.02671,9.61224,14.3767,14.6605,16.4296,16.6988,18.8098,3.49,17.0618
1899,2018-03-15,00:00.0,0,1.34729,3.54066,4.21452,7.23245,8.64856,12.9039,13.1573,14.7375,14.9779,16.8859,3.47,15.302
1900,2018-03-16,00:00.0,0.401899,1.19635,3.14307,3.74274,6.48446,7.74169,11.5191,11.7441,13.1472,13.3605,15.1578,3.47,13.6481
1901,2018-03-17,00:00.0,0,1.06171,2.78845,3.32191,5.8122,6.92773,10.2789,10.4786,11.7237,11.9129,13.5797,3.48,12.1679
1902,2018-03-18,00:00.0,0,0.929843,2.43976,2.91034,5.15159,6.12799,9.05994,9.23473,10.3252,10.4905,12.114,3.48,10.7131
1903,2018-03-19,00:00.0,0,0.777081,2.03206,2.43516,4.38942,5.20373,7.64527,7.79109,8.70231,8.83926,10.5962,3.48,9.02334
1904,2018-03-20,00:00.0,0,0.659337,1.71937,2.06825,3.79218,4.48193,6.54746,6.671,7.44407,7.55947,9.14689,3.47,7.71428
1905,2018-03-21,00:00.0,0,0.574973,1.49734,1.80448,3.35777,3.95877,5.75743,5.86509,6.53921,6.63949,7.94716,3.45,6.77391
1906,2018-03-22,00:00.0,0,0.480856,1.24738,1.5112,2.88182,3.38326,4.88134,4.9712,5.53489,5.61794,6.91167,3.42,5.72897
1907,2018-03-23,00:00.0,0,0.394453,1.01769,1.24205,2.44266,2.85264,4.07449,4.148,4.61031,4.6775,5.93956,3.46,4.76699
1908,2018-03-24,00:00.0,0,0.321886,0.825217,1.01581,2.06877,2.40204,3.39245,3.45224,3.82941,3.88335,5.03162,3.44,3.95487
1909,2018-03-25,00:00.0,0,0.268625,0.685102,0.849268,1.78659,2.06389,2.88597,2.93574,3.25053,3.29498,4.28654,3.45,3.35364
1910,2018-03-26,00:00.0,0,0.232614,0.592705,0.736308,1.58747,1.82764,2.53889,2.58199,2.85493,2.89331,3.70635,3.44,2.94368
1911,2018-03-27,00:00.0,0.602849,0.328062,0.845627,1.03007,2.00041,2.34149,3.35589,3.4171,3.80022,3.85567,3.55332,3.43,3.92981
1912,2018-03-28,00:00.0,5.62659,0.603522,1.59489,1.8577,3.214,3.84619,5.7649,5.87691,6.5676,6.67822,4.47864,3.43,6.82997
1913,2018-03-29,00:00.0,0,0.730227,1.96721,2.20621,3.71229,4.47796,6.85323,6.98676,7.80282,7.94728,6.09791,3.41,8.14989
1914,2018-03-30,00:00.0,11.6551,1.08255,2.94452,3.24769,5.272,6.41058,9.96978,10.1675,11.3674,11.5879,8.42514,3.44,11.8986
1915,2018-03-31,00:00.0,0,1.36396,3.71304,4.09351,6.56277,7.99962,12.4867,12.7365,14.2495,14.5269,11.5836,3.41,14.9166
1916,2018-04-01,00:00.0,13.2627,1.65636,4.50176,4.98421,7.93532,9.6825,15.1193,15.4238,17.2687,17.6021,14.9044,3.46,18.0679
1917,2018-04-02,00:00.0,0,1.9476,5.28607,5.87588,9.322,11.3791,17.7595,18.119,20.2977,20.686,18.2995,3.46,21.226
1918,2018-04-03,00:00.0,0,1.74008,4.72283,5.2498,8.43117,10.2691,15.9697,16.2908,18.2374,18.5844,19.658,3.46,19.0668
1919,2018-04-04,00:00.0,25.1187,2.5472,6.89891,7.72212,12.2007,14.8975,23.2167,23.6902,26.564,27.0642,22.5499,3.46,27.7554
1920,2018-04-05,00:00.0,2.0095,3.26832,8.84312,9.93101,15.6041,19.0683,29.7271,30.3368,34.0389,34.676,29.7519,3.58,35.5537
1921,2018-04-06,00:00.0,0,2.92008,7.90088,8.87285,14.1057,17.2008,26.7239,27.2686,30.5763,31.1455,32.9796,3.54,31.9297
1922,2018-04-07,00:00.0,7.03324,2.60894,7.05904,7.92745,12.7546,15.5199,24.0283,24.515,27.4702,27.9788,30.7804,3.56,28.6795
1923,2018-04-08,00:00.0,0.401899,2.33096,6.3069,7.08277,11.5352,14.0059,21.6077,22.0425,24.6829,25.1373,27.8963,3.57,25.7632
1924,2018-04-09,00:00.0,0.803799,2.08259,5.63489,6.3281,10.4344,12.6418,19.4337,19.8222,22.1812,22.5872,25.1668,3.58,23.1465
1925,2018-04-10,00:00.0,2.0095,1.86069,5.03449,5.65384,9.44053,11.4128,17.4809,17.828,19.9357,20.2984,22.6772,3.58,20.7981
1926,2018-04-11,00:00.0,0,1.66243,4.49807,5.05142,8.54301,10.3051,15.7267,16.0368,17.9199,18.244,20.4448,3.58,18.6904
1927,2018-04-12,00:00.0,2.4114,1.4853,4.0188,4.51319,7.73235,9.3067,14.1506,14.4277,16.1101,16.3997,18.43,3.58,16.7986
1928,2018-04-13,00:00.0,1.80855,1.87589,5.0619,5.70971,9.5205,11.5072,17.6051,17.9555,20.0834,20.4458,18.7085,4.98,20.9457
1929,2018-04-14,00:00.0,9.84653,2.62215,7.07718,7.97917,12.9408,15.7177,24.2434,24.7332,27.7061,28.2131,23.42,15.6,28.9135
1930,2018-04-15,00:00.0,8.03799,2.74004,7.40641,8.32942,13.5092,16.4121,25.3368,25.8482,28.9513,29.484,28.2248,53.9,30.22
1931,2018-04-16,00:00.0,30.3434,2.44809,6.61726,7.44191,12.2175,14.8111,22.7848,23.2418,26.0143,26.4901,28.591,69.1,27.1477
1932,2018-04-17,00:00.0,0,2.18725,5.91218,6.64898,11.0515,13.3687,20.4928,20.9011,23.3782,23.8033,26.3344,28.7,24.3909
1933,2018-04-18,00:00.0,2.0095,1.95419,5.28224,5.94052,9.99869,12.069,18.434,18.7988,21.012,21.3918,23.8365,9.92,21.9168
1934,2018-04-19,00:00.0,0,1.74597,4.71941,5.30756,9.04798,10.8977,16.5845,16.9105,18.8878,19.2272,21.507,9.83,19.6962
1935,2018-04-20,00:00.0,0,1.55994,4.21656,4.74204,8.1893,9.84192,14.9228,15.214,16.9807,17.2839,19.3911,14.2,17.7029
1936,2018-04-21,00:00.0,0,1.39373,3.76728,4.23677,7.41358,8.89011,13.4297,13.6898,15.2682,15.5391,17.4873,16.4,15.9139
1937,2018-04-22,00:00.0,0,2.22169,5.97533,6.79549,11.2898,13.6536,20.8351,21.2556,23.8,24.216,19.6424,16.4,24.7859
1938,2018-04-23,00:00.0,0,3.40769,9.1351,10.4412,16.7719,20.3884,31.368,32.0114,35.9158,36.5505,28.5509,57.9,37.4201
1939,2018-04-24,00:00.0,0,3.53344,9.52618,10.7367,17.1705,20.9026,32.3812,33.0386,37.0265,37.7119,36.1203,126,38.6649
1940,2018-04-25,00:00.0,8.43989,3.45824,9.45153,10.3719,16.6442,20.3069,31.7301,32.3654,36.2053,36.9067,37.7744,120,37.8589
1941,2018-04-26,00:00.0,7.43514,3.46088,9.50269,10.3377,16.6734,20.3497,31.8473,32.4804,36.3092,37.016,37.7283,99.3,37.9435
1942,2018-04-27,00:00.0,0,3.1084,8.52096,9.28068,15.1749,18.4723,28.7813,29.3488,32.7803,33.4129,36.2055,96.6,34.2414
1943,2018-04-28,00:00.0,1.40665,2.56925,7.04075,7.6524,12.7826,15.5038,24.0249,24.4918,27.3133,27.837,32.0481,65.1,28.5199
1944,2018-04-29,00:00.0,0,2.18366,5.98279,6.49317,11.0758,13.3861,20.6284,21.0241,23.4136,23.8592,27.4401,48.9,24.4384
1945,2018-04-30,00:00.0,0,1.92476,5.27315,5.72068,9.93867,11.9744,18.3582,18.7066,20.8107,21.2036,23.9791,33.8,21.7138
1946,2018-05-01,00:00.0,0,1.58162,4.33135,4.68664,8.36726,10.0368,15.2826,15.5673,17.285,17.6085,20.7524,17.9,18.0263
1947,2018-05-02,00:00.0,0,1.06599,2.91461,3.12001,5.93616,7.05246,10.5884,10.7759,11.9027,12.1226,16.4764,11.5,12.4
1948,2018-05-03,00:00.0,5.02374,0.481873,1.30914,1.34077,3.14852,3.63703,5.23612,5.3135,5.77379,5.8787,11.2197,9.81,6.00334
1949,2018-05-04,00:00.0,12.1575,0.403575,1.09269,1.1352,2.73844,3.14986,4.48178,4.54783,4.94457,5.02981,7.3593,7.58,5.12965
1950,2018-05-05,00:00.0,0.401899,0.338385,0.931982,0.976011,2.40122,2.75614,3.88902,3.94727,4.30056,4.36943,5.61837,8.15,4.44628
1951,2018-05-06,00:00.0,2.4114,0.0512368,0.151211,0.120414,1.01111,1.06375,1.25256,1.25877,1.29908,1.31006,3.98166,17,1.31511
1952,2018-05-07,00:00.0,2.21045,0.0133033,0.0361355,0.028998,0.773815,0.786806,0.832098,0.833238,0.842427,0.843835,2.43562,12.2,0.843835
1953,2018-05-08,00:00.0,0,0,0,0,0.644389,0.644389,0.644389,0.644389,0.644389,0.644389,1.59986,4.89,0.644389
1954,2018-05-09,00:00.0,0,0,0,0,0.575291,0.575291,0.575291,0.575291,0.575291,0.575291,1.10309,4.83,0.575291
1955,2018-05-10,00:00.0,2.0095,0,0,0,0.500011,0.500011,0.500011,0.500011,0.500011,0.500011,0.808514,4.82,0.500011
1956,2018-05-11,00:00.0,0,0,0,0,0.423498,0.423498,0.423498,0.423498,0.423498,0.423498,0.631436,4.84,0.423498
1957,2018-05-12,00:00.0,0,0,0,0,0.375737,0.375737,0.375737,0.375737,0.375737,0.375737,0.53111,4.82,0.375737
1958,2018-05-13,00:00.0,0,0,0,0,0.352039,0.352039,0.352039,0.352039,0.352039,0.352039,0.489139,4.81,0.352039
1959,2018-05-14,00:00.0,0,0,0,0,0.319254,0.319254,0.319254,0.319254,0.319254,0.319254,0.429429,4.82,0.319254
1960,2018-05-15,00:00.0,10.6503,0,0,0,0.267486,0.267486,0.267487,0.267487,0.267487,0.267487,0.331952,6.36,0.267487
1961,2018-05-16,00:00.0,3.81804,0,0,0,0.219371,0.219371,0.219371,0.219371,0.219371,0.219371,0.219688,4.84,0.219371
1962,2018-05-17,00:00.0,0,0,0,0,0.186492,0.186492,0.186492,0.186492,0.186492,0.186492,0.125437,14.5,0.186492
1963,2018-05-18,00:00.0,0,0,0,0,0.15501,0.15501,0.15501,0.15501,0.15501,0.15501,0.0467641,25.6,0.15501
1964,2018-05-19,00:00.0,2.0095,0,0,0,0.132098,0.132098,0.132098,0.132098,0.132098,0.132098,0.00795674,13.4,0.132098
1965,2018-05-20,00:00.0,7.83704,0,0,0,0.114073,0.114073,0.114073,0.114073,0.114073,0.114073,0.00419658,6.58,0.114073
1966,2018-05-21,00:00.0,0,0,0,0,0.090041,0.090041,0.090041,0.090041,0.090041,0.090041,0,4.88,0.090041
1967,2018-05-22,00:00.0,5.42564,0,0,0,0.0676798,0.0676798,0.0676798,0.0676798,0.0676798,0.0676798,0,4.88,0.0676798
1968,2018-05-23,00:00.0,0.401899,0,0,0,0.0502499,0.0502499,0.0502499,0.0502499,0.0502499,0.0502499,0,4.88,0.0502499
1969,2018-05-24,00:00.0,0,0,0,0,0.0285145,0.0285145,0.0285145,0.0285145,0.0285145,0.0285145,0,4.9,0.0285145
1970,2018-05-25,00:00.0,0,0,0,0,0.00724718,0.00724718,0.00724718,0.00724718,0.00724718,0.00724718,0,4.89,0.00724718
1971,2018-05-26,00:00.0,0,0,0,0,0,0,0,0,0,0,0,7.79,0
1972,2018-05-27,00:00.0,0,0,0,0,0,0,0,0,0,0,0,9.22,0
1973,2018-05-28,00:00.0,0,0,0,0,0,0,0,0,0,0,0,9.26,0
1974,2018-05-29,00:00.0,0,0,0,0,0,0,0,0,0,0,0,7.59,0
1975,2018-05-30,00:00.0,0,0,0,0,0,0,0,0,0,0,0,5,0
1976,2018-05-31,00:00.0,1.40665,0,0,0,0,0,0,0,0,0,0,5,0
1977,2018-06-01,00:00.0,3.01425,0,0,0,0,0,0,0,0,0,0,5.01,0
1978,2018-06-02,00:00.0,0,0,0,0,0,0,0,0,0,0,0,4.98,0
1979,2018-06-03,00:00.0,0,0,0,0,0,0,0,0,0,0,0,4.96,0
1980,2018-06-04,00:00.0,16.8798,0,0,0,0,0,0,0,0,0,0,4.96,0
1981,2018-06-05,00:00.0,2.0095,0,0,0,0,0,0,0,0,0,0,4.95,0
1982,2018-06-06,00:00.0,0,0,0,0,0,0,0,0,0,0,0,4.91,0
1983,2018-06-07,00:00.0,0,0,0,0,0,0,0,0,0,0,0,4.89,0
1984,2018-06-08,00:00.0,0,0,0,0,0,0,0,0,0,0,0,4.88,0
1985,2018-06-09,00:00.0,0,0,0,0,0,0,0,0,0,0,0,4.86,0
1986,2018-06-10,00:00.0,0,0,0,0,0,0,0,0,0,0,0,4.85,0
1987,2018-06-11,00:00.0,0,0,0,0,0,0,0,0,0,0,0,4.84,0
1988,2018-06-12,00:00.0,0,0,0,0,0,0,0,0,0,0,0,4.84,0
1989,2018-06-13,00:00.0,0.602849,0,0,0,0,0,0,0,0,0,0,4.84,0
1990,2018-06-14,00:00.0,2.21045,0,0,0,0,0,0,0,0,0,0,4.82,0
1991,2018-06-15,00:00.0,0,0,0,0,0,0,0,0,0,0,0,4.8,0
1992,2018-06-16,00:00.0,0,0,0,0,0,0,0,0,0,0,0,4.78,0
1993,2018-06-17,00:00.0,0,0,0,0,0,0,0,0,0,0,0,4.77,0
1994,2018-06-18,00:00.0,0,0,0,0,0,0,0,0,0,0,0,4.76,0
1995,2018-06-19,00:00.0,1.40665,0,0,0,0,0,0,0,0,0,0,4.74,0
1996,2018-06-20,00:00.0,0,0,0,0,0,0,0,0,0,0,0,4.72,0
1997,2018-06-21,00:00.0,0,0,0,0,0,0,0,0,0,0,0,4.72,0
1998,2018-06-22,00:00.0,0,0,0,0,0,0,0,0,0,0,0,4.72,0
1999,2018-06-23,00:00.0,5.72707,0,0,0,0,0,0,0,0,0,0,4.74,0
2000,2018-06-24,00:00.0,2.21045,0,0,0,0,0,0,0,0,0,0,4.71,0
2001,2018-06-25,00:00.0,15.2722,0,0,0,0,0,0,0,0,0,0,4.71,0
2002,2018-06-26,00:00.0,0,0,0,0,0,0,0,0,0,0,0,4.72,0
2003,2018-06-27,00:00.0,4.01899,0,0,0,0,0,0,0,0,0,0,4.73,0
2004,2018-06-28,00:00.0,2.0095,0,0,0,0,0,0,0,0,0,0,4.71,0
2005,2018-06-29,00:00.0,0,0,0,0,0,0,0,0,0,0,0,4.69,0
2006,2018-06-30,00:00.0,0,0,0,0,0,0,0,0,0,0,0,4.69,0
2007,2018-07-01,00:00.0,0,0,0,0,0,0,0,0,0,0,0,4.62,0
2008,2018-07-02,00:00.0,0,0,0,0,0,0,0,0,0,0,0,4.45,0
2009,2018-07-03,00:00.0,0,0,0,0,0,0,0,0,0,0,0,4.45,0
2010,2018-07-04,00:00.0,0,0,0,0,0,0,0,0,0,0,0,4.45,0
2011,2018-07-05,00:00.0,0,0,0,0,0,0,0,0,0,0,0,4.43,0
2012,2018-07-06,00:00.0,18.4874,0,0,0,0,0,0,0,0,0,0,4.43,0
2013,2018-07-07,00:00.0,0,0,0,0,0,0,0,0,0,0,0,4.39,0
2014,2018-07-08,00:00.0,0,0,0,0,0,0,0,0,0,0,0,4.39,0
2015,2018-07-09,00:00.0,0,0,0,0,0,0,0,0,0,0,0,4.38,0
2016,2018-07-10,00:00.0,0,0,0,0,0,0,0,0,0,0,0,4.36,0
2017,2018-07-11,00:00.0,0,0,0,0,0,0,0,0,0,0,0,4.31,0
2018,2018-07-12,00:00.0,0,0,0,0,0,0,0,0,0,0,0,4.61,0
2019,2018-07-13,00:00.0,0,0,0,0,0,0,0,0,0,0,0,4.92,0
2020,2018-07-14,00:00.0,0,0,0,0,0,0,0,0,0,0,0,5.01,0
2021,2018-07-15,00:00.0,1.80855,0,0,0,0,0,0,0,0,0,0,5.06,0
2022,2018-07-16,00:00.0,0,0,0,0,0,0,0,0,0,0,0,5.1,0
2023,2018-07-17,00:00.0,20.2959,0,0,0,0,0,1.19E-07,1.19E-07,1.19E-07,1.19E-07,0,5.1,1.19E-07
2024,2018-07-18,00:00.0,0,0,0,0,0,0,1.19E-07,1.19E-07,1.19E-07,1.19E-07,0,5.14,1.19E-07
2025,2018-07-19,00:00.0,0,0,0,0,0,0,0,0,0,0,0,5.17,0
2026,2018-07-20,00:00.0,0,0,0,0,0,0,0,0,0,0,0,5.18,0
2027,2018-07-21,00:00.0,2.91377,0,0,0,0,0,0,0,0,0,0,5.2,0
2028,2018-07-22,00:00.0,3.41614,0,0,0,0,0,0,0,0,0,0,5.25,0
2029,2018-07-23,00:00.0,7.23419,0,0,0,0,0,0,0,0,0,0,5.3,0
2030,2018-07-24,00:00.0,1.40665,0,0,0,0,0,0,0,0,0,0,5.33,0
2031,2018-07-25,00:00.0,0.401899,0,0,0,0,0,0,0,0,0,0,5.38,0
2032,2018-07-26,00:00.0,0,0,0,0,0,0,0,0,0,0,0,4.72,0
2033,2018-07-27,00:00.0,1.2057,0,0,0,0,0,0,0,0,0,0,4.36,0
2034,2018-07-28,00:00.0,1.2057,0,0,0,0,0,0,0,0,0,0,4.38,0
2035,2018-07-29,00:00.0,0.803799,0,0,0,0,0,0,0,0,0,0,4.4,0
2036,2018-07-30,00:00.0,0,0,0,0,0,0,0,0,0,0,0,4.43,0
2037,2018-07-31,00:00.0,0,0,0,0,0,0,0,0,0,0,0,4.46,0
2038,2018-08-01,00:00.0,0,0,0,0,0,0,0,0,0,0,0,4.49,0
2039,2018-08-02,00:00.0,0,0,0,0,0,0,0,0,0,0,0,4.54,0
2040,2018-08-03,00:00.0,0,0,0,0,0,0,0,0,0,0,0,4.56,0
2041,2018-08-04,00:00.0,0,0,0,0,0,0,0,0,0,0,0,4.34,0
2042,2018-08-05,00:00.0,0,0,0,0,0,0,0,0,0,0,0,4.26,0
2043,2018-08-06,00:00.0,0,0,0,0,0,0,0,0,0,0,0,4.31,0
2044,2018-08-07,00:00.0,6.22944,0,0,0,0,0,0,0,0,0,0,4.37,0
2045,2018-08-08,00:00.0,1.00475,0,0,0,0,0,0,0,0,0,0,4.41,0
2046,2018-08-09,00:00.0,2.4114,0,0,0,0,0,0,0,0,0,0,4.46,0
2047,2018-08-10,00:00.0,8.03799,0,0,0,0,0,0,0,0,0,0,4.52,0
2048,2018-08-11,00:00.0,0,0,0,0,0,0,0,0,0,0,0,4.55,0
2049,2018-08-12,00:00.0,0,0,0,0,0,0,0,0,0,0,0,4.6,0
2050,2018-08-13,00:00.0,0,0,0,0,0,0,0,0,0,0,0,4.64,0
2051,2018-08-14,00:00.0,0,0,0,0,0,0,0,0,0,0,0,4.65,0
2052,2018-08-15,00:00.0,0,0,0,0,0,0,0,0,0,0,0,4.68,0
2053,2018-08-16,00:00.0,0,0,0,0,0,0,0,0,0,0,0,4.71,0
2054,2018-08-17,00:00.0,16.2769,0,0,0,0,0,0,0,0,0,0,4.77,0
2055,2018-08-18,00:00.0,9.04274,0,0,0,0,0,0,0,0,0,0,4.84,0
2056,2018-08-19,00:00.0,0,0,0,0,0,0,0,0,0,0,0,4.86,0
2057,2018-08-20,00:00.0,0,0,0,0,0,0,0,0,0,0,0,4.91,0
2058,2018-08-21,00:00.0,0,0,0,0,0,0,0,0,0,0,0,4.96,0
2059,2018-08-22,00:00.0,27.7311,0.0277158,0.0535023,0.0775138,0.112225,0.134588,0.198192,0.20161,0.220879,0.223093,0,5.01,0.234026
2060,2018-08-23,00:00.0,0.20095,0.0524785,0.101304,0.146768,0.212492,0.254835,0.375266,0.381739,0.418223,0.422415,0,5.02,0.443116
2061,2018-08-24,00:00.0,0,0.0247627,0.0478016,0.0692546,0.100267,0.120247,0.177087,0.180141,0.197357,0.199335,0,5.02,0.215049
2062,2018-08-25,00:00.0,0,0,0,0,0,0,2.07E-05,2.07E-05,2.07E-05,2.07E-05,0,5.04,0.00983719
2063,2018-08-26,00:00.0,11.2532,0,0,0,0,0,1.08E-05,1.08E-05,1.08E-05,1.08E-05,0,5.08,0.00490326
2064,2018-08-27,00:00.0,0.703324,0,0,0,0,0,2.54E-06,2.54E-06,2.54E-06,2.54E-06,0,5.09,0.00102526
2065,2018-08-28,00:00.0,0,0,0,0,0,0,0,0,0,0,0,5.14,0
2066,2018-08-29,00:00.0,4.21994,0,0,0,0,0,0,0,0,0,0,5.19,0
2067,2018-08-30,00:00.0,0.602849,0,0,0,0,0,0,0,0,0,0,5.22,0
2068,2018-08-31,00:00.0,0,0,0,0,0,0,0,0,0,0,0,5.24,0
2069,2018-09-01,00:00.0,0,0,0,0,0,0,0,0,0,0,0,5.3,0
2070,2018-09-02,00:00.0,0,0,0,0,0,0,0,0,0,0,0,5.35,0
2071,2018-09-03,00:00.0,0.20095,0,0,0,0,0,0,0,0,0,0,5.36,0
2072,2018-09-04,00:00.0,0,0,0,0,0,0,0,0,0,0,0,5.34,0
2073,2018-09-05,00:00.0,0,0,0,0,0,0,0,0,0,0,0,5.42,0
2074,2018-09-06,00:00.0,1.6076,0,0,0,0,0,0,0,0,0,0,5.48,0
2075,2018-09-07,00:00.0,0,0,0,0,0,0,0,0,0,0,0,5.52,0
2076,2018-09-08,00:00.0,0,0,0,0,0,0,0,0,0,0,0,5.96,0
2077,2018-09-09,00:00.0,0,0,0,0,0,0,0,0,0,0,0,5.54,0
2078,2018-09-10,00:00.0,6.22944,0,0,0,0,0,0,0,0,0,0,5.59,0
2079,2018-09-11,00:00.0,5.42564,0,0,0,0,0,0,0,0,0,0,5.63,0
2080,2018-09-12,00:00.0,0,0,0,0,0,0,0,0,0,0,0,5.62,0
2081,2018-09-13,00:00.0,0,0,0,0,0,0,0,0,0,0,0,5.69,0
2082,2018-09-14,00:00.0,0,0,0,0,0,0,0,0,0,0,0,5.71,0
2083,2018-09-15,00:00.0,0,0,0,0,0,0,0,0,0,0,0,5.73,0
2084,2018-09-16,00:00.0,0,0,0,0,0,0,0,0,0,0,0,5.76,0
2085,2018-09-17,00:00.0,0,0,0,0,0,0,0,0,0,0,0,5.83,0
2086,2018-09-18,00:00.0,0,0,0,0,0,0,0,0,0,0,0,5.84,0
2087,2018-09-19,00:00.0,0,0,0,0,0,0,0,0,0,0,0,5.81,0
2088,2018-09-20,00:00.0,0,0,0,0,0,0,0,0,0,0,0,5.87,0
2089,2018-09-21,00:00.0,0,0,0,0,0,0,0,0,0,0,0,5.98,0
2090,2018-09-22,00:00.0,4.01899,0,0,0,0,0,0,0,0,0,0,6.21,0
2091,2018-09-23,00:00.0,0,0,0,0,0,0,0,0,0,0,0,6.22,0
2092,2018-09-24,00:00.0,0,0,0,0,0,0,0,0,0,0,0,6.32,0
2093,2018-09-25,00:00.0,7.83704,0,0,0,0,0,0,0,0,0,0,5.09,0
2094,2018-09-26,00:00.0,9.04274,0,0,0,0,0,0,0,0,0,0,4.53,0
2095,2018-09-27,00:00.0,0,0,0,0,0,0,0,0,0,0,0,4.5,0
2096,2018-09-28,00:00.0,0,0,0,0,0,0,0,0,0,0,0,4.53,0
2097,2018-09-29,00:00.0,4.01899,0,0,0,0,0,0,0,0,0,0,4.57,0
2098,2018-09-30,00:00.0,0.20095,0,0,0,0,0,0,0,0,0,0,4.61,0
2099,2018-10-01,00:00.0,18.6883,0.00516828,0,0.00807622,0.00906821,0.00906821,0.00907753,0.00907753,0.00907753,0.00907753,0,4.66,0.0135059
2100,2018-10-02,00:00.0,10.4494,0.00844966,0,0.0120346,0.0130266,0.0130266,0.0130441,0.0130441,0.0130441,0.0130441,0,4.68,0.0213869
2101,2018-10-03,00:00.0,2.8133,0.00328138,0,0.00395834,0.00395834,0.00395834,0.00396956,0.00396956,0.00396956,0.00396956,0,4.51,0.00916243
2102,2018-10-04,00:00.0,6.83229,0,0,0,0,0,2.97E-06,2.97E-06,2.97E-06,2.97E-06,0,4.73,0.00128149
2103,2018-10-05,00:00.0,0,0,0,0,0,0,0,0,0,0,0,4.76,0
2104,2018-10-06,00:00.0,3.41614,0,0,0,0,0,0,0,0,0,0,4.79,0
2105,2018-10-07,00:00.0,3.41614,0,0,0,0,0,0,0,0,0,0,4.8,0
2106,2018-10-08,00:00.0,7.63609,0.0266233,0.0556749,0.076854,0.112444,0.135606,0.20184,0.205466,0.22618,0.228662,0,4.84,0.230301
2107,2018-10-09,00:00.0,4.01899,0.0266233,0.0556749,0.076854,0.112444,0.135606,0.20184,0.205466,0.22618,0.228662,0,4.89,0.230301
2108,2018-10-10,00:00.0,0,0,0,0,0,0,0,0,0,0,0,4.91,0
2109,2018-10-11,00:00.0,1.40665,0,0,0,0,0,0,0,0,0,0,4.95,0
2110,2018-10-12,00:00.0,0.20095,0,0,0,0,0,0,0,0,0,0,5.01,0
2111,2018-10-13,00:00.0,1.2057,0,0,0,0,0,0,0,0,0,0,5.04,0
2112,2018-10-14,00:00.0,0.20095,0,0,0,0,0,0,0,0,0,0,5.08,0
2113,2018-10-15,00:00.0,0.20095,0,0,0,0,0,0,0,0,0,0,5.13,0
2114,2018-10-16,00:00.0,3.81804,0,0,0,0,0,0,0,0,0,0,5.15,0
2115,2018-10-17,00:00.0,0.20095,0,0,0,0,0,0,0,0,0,0,5.19,0
2116,2018-10-18,00:00.0,2.61235,0,0,0,0,0,0,0,0,0,0,5.23,0
2117,2018-10-19,00:00.0,0,0,0,0,0,0,0,0,0,0,0,4.91,0
2118,2018-10-20,00:00.0,2.0095,0,0,0,0,0,0,0,0,0,0,5.07,0
2119,2018-10-21,00:00.0,0,0,0,0,0,0,0,0,0,0,0,5.12,0
2120,2018-10-22,00:00.0,0,0,0,0,0,0,0,0,0,0,0,3.77,0
2121,2018-10-23,00:00.0,0,0,0,0,0,0,0,0,0,0,0,3.66,0
2122,2018-10-24,00:00.0,3.81804,0.00156799,0,0.00156799,0.00156799,0.00156799,0.00156799,0.00156799,0.00156799,0.00156799,0,3.64,0.00156799
2123,2018-10-25,00:00.0,0,0.00296891,0,0.00296891,0.00296891,0.00296891,0.00296891,0.00296891,0.00296891,0.00296891,0,3.64,0.00296891
2124,2018-10-26,00:00.0,0,0.00265257,0,0.00265257,0.00265257,0.00265257,0.00265257,0.00265257,0.00265257,0.00265257,0,3.62,0.00265257
2125,2018-10-27,00:00.0,1.00475,0.00236994,0,0.00236994,0.00236994,0.00236994,0.00236994,0.00236994,0.00236994,0.00236994,0,3.39,0.00236994
2126,2018-10-28,00:00.0,7.43514,0.170127,0.428876,0.51637,0.773991,0.946387,1.4602,1.4905,1.67509,1.70221,0,2.95,1.73591
2127,2018-10-29,00:00.0,1.80855,0.32001,0.812054,0.975603,1.46339,1.78982,2.76269,2.82008,3.16959,3.22094,0,3,3.28473
2128,2018-10-30,00:00.0,0,0.285912,0.72553,0.871653,1.30747,1.59911,2.46833,2.5196,2.83187,2.87775,0,3.01,2.93474
2129,2018-10-31,00:00.0,14.8703,0.761468,1.99089,2.32828,3.49712,4.29041,6.6808,6.82083,7.67358,7.80638,0,2.97,7.97928
2130,2018-11-01,00:00.0,8.03799,1.41688,3.72704,4.33499,6.51294,7.99538,12.4723,12.7341,14.3287,14.5798,0,3.03,14.9093
2131,2018-11-02,00:00.0,26.9273,2.48979,6.59868,7.61659,11.4449,14.0625,21.994,22.4566,25.2729,25.724,4.62742,3.01,26.3221
2132,2018-11-03,00:00.0,1.2057,3.20255,8.5112,9.79463,14.7176,18.0901,28.3231,28.9192,32.5469,33.1321,18.1892,2.97,33.9112
2133,2018-11-04,00:00.0,0,2.82088,7.48761,8.62511,12.9588,15.9264,24.9282,25.4525,28.6429,29.1568,28.1921,3.74,29.8399
2134,2018-11-05,00:00.0,3.01425,2.55708,6.77989,7.81748,11.7445,14.4324,22.5828,23.0575,25.9464,26.4108,28.3575,4.54,27.0269
2135,2018-11-06,00:00.0,3.61709,2.4185,6.40333,7.39228,11.1045,13.644,21.341,21.7893,24.5175,24.9551,26.6664,4.45,25.5337
2136,2018-11-07,00:00.0,12.8608,2.68018,7.10655,8.1922,12.3068,15.1237,23.6671,24.1645,27.1914,27.6784,26.8317,4.39,28.3235
2137,2018-11-08,00:00.0,0.703324,2.81686,7.47909,8.61053,12.936,15.8993,24.8915,25.4149,28.6,29.1138,28.5736,4.36,29.7958
2138,2018-11-09,00:00.0,0.602849,2.47706,6.57302,7.57111,11.3739,13.9786,21.8811,22.3411,25.1403,25.5914,28.0846,5.34,26.1898
2139,2018-11-10,00:00.0,2.0095,2.19859,5.83267,6.71971,10.0947,12.4061,19.4184,19.8266,22.3105,22.7106,25.4004,11.1,23.2412
2140,2018-11-11,00:00.0,0,1.96433,5.21119,6.00372,9.01909,11.0843,17.3494,17.7141,19.9333,20.2908,22.7489,19,20.7648
2141,2018-11-12,00:00.0,0,1.75503,4.65594,5.36403,8.0581,9.90323,15.5008,15.8266,17.8094,18.1288,20.3972,14.5,18.5523
2142,2018-11-13,00:00.0,5.02374,1.66769,4.42639,5.10036,7.66815,9.42378,14.7437,15.0542,16.9421,17.245,18.6759,14.1,17.6464
2143,2018-11-14,00:00.0,2.0095,1.58966,4.2213,4.86479,7.31975,8.99542,14.0673,14.3641,16.1673,16.4553,17.6073,13.8,16.837
2144,2018-11-15,00:00.0,18.0855,1.42028,3.77152,4.34645,6.53983,8.03695,12.5685,12.8336,14.4447,14.702,16.404,13.5,15.043
2145,2018-11-16,00:00.0,18.0855,1.26895,3.36966,3.88333,5.84301,7.18061,11.2293,11.4662,12.9056,13.1355,14.8701,13.1,13.4402
2146,2018-11-17,00:00.0,1.2057,1.13374,3.01062,3.46956,5.22043,6.41551,10.0328,10.2444,11.5305,11.7359,13.3746,12.8,12.0081
2147,2018-11-18,00:00.0,0.401899,1.01294,2.68984,3.09988,4.66419,5.73194,8.9638,9.1529,10.3019,10.4854,12.0146,12.4,10.7287
2148,2018-11-19,00:00.0,0,0.90501,2.40323,2.76958,4.16722,5.1212,8.00871,8.17765,9.20425,9.3682,10.7731,12,9.58553
2149,2018-11-20,00:00.0,2.0095,0.808581,2.14717,2.47448,3.7232,4.57553,7.15537,7.30632,8.22353,8.37001,9.67406,11.6,8.56419
2150,2018-11-21,00:00.0,0,0.722426,1.91839,2.21083,3.32649,4.08801,6.39297,6.52783,7.34731,7.47819,8.6925,10.2,7.65167
2151,2018-11-22,00:00.0,0,0.645451,1.71398,1.97526,2.97206,3.65243,5.71179,5.83229,6.56445,6.68138,7.78572,7.33,6.83638
2152,2018-11-23,00:00.0,0,0.576678,1.53136,1.7648,2.65538,3.26326,5.1032,5.21085,5.86501,5.96948,6.99647,7.44,6.10796
2153,2018-11-24,00:00.0,0,0.515233,1.36819,1.57676,2.37245,2.91556,4.55945,4.65564,5.24009,5.33343,6.29989,7.06,5.45715
2154,2018-11-25,00:00.0,6.43039,0.677749,1.8143,2.07963,3.13432,3.85424,6.03413,6.16216,6.94013,7.06479,6.3226,5.57,7.2316
2155,2018-11-26,00:00.0,0.401899,1.05383,2.829,3.23965,4.89358,6.0182,9.41486,9.61571,10.8338,11.0273,8.08639,5.58,11.2871
2156,2018-11-27,00:00.0,9.04274,1.5065,4.04903,4.63392,7.0047,8.61508,13.4756,13.7637,15.5092,15.786,11.7019,14.7,16.1585
2157,2018-11-28,00:00.0,1.00475,1.68005,4.52294,5.1689,7.8123,9.60996,15.0406,15.3621,17.3117,17.622,15.3769,19.6,18.0407
2158,2018-11-29,00:00.0,2.0095,1.50104,4.04102,4.61815,6.97989,8.58601,13.438,13.7253,15.4672,15.7444,16.5833,19.5,16.1184
2159,2018-11-30,00:00.0,0,1.3411,3.61045,4.12609,6.23618,7.67117,12.0062,12.2628,13.8191,14.0668,15.6455,14,14.401
2160,2018-12-01,00:00.0,0,1.19821,3.22575,3.68645,5.57172,6.8538,10.7269,10.9562,12.3467,12.568,14.2221,5.03,12.8666
2161,2018-12-02,00:00.0,11.6551,1.27624,3.45098,3.93146,5.94301,7.31324,11.4581,11.7034,13.1927,13.4311,13.5685,4.98,13.7543
2162,2018-12-03,00:00.0,7.23419,2.29692,6.19659,7.06928,10.6879,13.15,20.5906,21.0313,23.7033,24.1296,17.6821,4.95,24.7073
2163,2018-12-04,00:00.0,1.00475,2.99124,8.04796,9.19836,13.9071,17.1071,26.7685,27.341,30.8086,31.3598,25.8033,4.7,32.1051
2164,2018-12-05,00:00.0,0,2.6595,7.15463,8.17826,12.365,15.2099,23.7988,24.3078,27.3906,27.8805,29.3459,4.99,28.5428
2165,2018-12-06,00:00.0,1.00475,2.37502,6.38924,7.30344,11.0424,13.583,21.253,21.7075,24.4606,24.8981,27.476,5.8,25.4895
2166,2018-12-07,00:00.0,2.0095,2.11753,5.69627,6.51163,9.84529,12.1104,18.9485,19.3537,21.8082,22.1982,24.8109,5.63,22.7254
2167,2018-12-08,00:00.0,1.6076,1.88747,5.07713,5.80418,8.77574,10.7947,16.8895,17.2507,19.4385,19.786,22.2268,5.58,20.2558
2168,2018-12-09,00:00.0,0,1.68636,4.53616,5.18575,7.84068,9.6445,15.0899,15.4126,17.3673,17.6778,19.915,5.58,18.0975
2169,2018-12-10,00:00.0,0,1.50668,4.05283,4.6332,7.00525,8.61688,13.4821,13.7704,15.5168,15.7942,17.8544,15.1,16.1692
2170,2018-12-11,00:00.0,0,1.34171,3.6088,4.12591,6.23831,7.67342,12.0055,12.2623,13.8174,14.0644,15.991,20.1,14.3982
2171,2018-12-12,00:00.0,1.00475,1.19404,3.21131,3.67179,5.55178,6.82888,10.6838,10.9123,12.2961,12.5159,14.2999,19.9,12.8128
2172,2018-12-13,00:00.0,3.61709,1.05878,2.84703,3.25586,4.92302,6.05536,9.47286,9.67547,10.9024,11.0972,12.7692,19.8,11.3603
2173,2018-12-14,00:00.0,3.21519,0.927971,2.49416,2.85362,4.31512,5.30735,8.30106,8.47861,9.55371,9.7241,11.3427,20.3,9.95419
2174,2018-12-15,00:00.0,4.21994,0.908182,2.44785,2.79698,4.2334,5.2076,8.14523,8.31993,9.37775,9.54506,10.3461,18.5,9.77151
2175,2018-12-16,00:00.0,0,0.888012,2.39962,2.73872,4.14885,5.10425,7.98352,8.1552,9.19465,9.35871,9.90244,22.7,9.58123
2176,2018-12-17,00:00.0,0,0.770421,2.08072,2.37627,3.60037,4.42913,6.92545,7.0744,7.97611,8.11811,9.29126,26.9,8.31057
2177,2018-12-18,00:00.0,0,0.666189,1.79808,2.05499,3.11418,3.83069,5.9876,6.11642,6.89603,7.01848,8.31244,27.8,7.18433
2178,2018-12-19,00:00.0,0,0.580532,1.56611,1.79092,2.71439,3.33869,5.21713,5.32939,6.0087,6.11518,7.33124,27,6.2593
2179,2018-12-20,00:00.0,0,0.508983,1.37256,1.57029,2.38027,2.92756,4.57371,4.67214,5.26768,5.36088,6.47261,22.5,5.48697
2180,2018-12-21,00:00.0,18.8893,1.20552,3.26779,3.71525,5.6161,6.91261,10.8384,11.0707,12.4813,12.7082,8.18125,19.3,13.0174
2181,2018-12-22,00:00.0,0.803799,1.99671,5.41532,6.15262,9.297,11.4442,17.9513,18.3358,20.672,21.049,14.2078,18.1,21.5633
2182,2018-12-23,00:00.0,0,1.94395,5.26817,5.99075,9.05518,11.1454,17.4744,17.8488,20.1229,20.4887,19.185,23.7,20.9871
2183,2018-12-24,00:00.0,2.21045,1.7216,4.66496,5.30563,8.01984,9.87085,15.475,15.8066,17.8206,18.1443,19.6218,25.5,18.5854
2184,2018-12-25,00:00.0,3.01425,1.51713,4.11002,4.67565,7.0679,8.69894,13.6363,13.9285,15.7031,15.9882,18.0221,22.3,16.3765
2185,2018-12-26,00:00.0,2.0095,1.34496,3.64314,4.1451,6.26606,7.71194,12.0883,12.3473,13.9205,14.1731,16.1484,15.8,14.5172
2186,2018-12-27,00:00.0,0,1.19279,3.23057,3.67618,5.55735,6.83958,10.7202,10.95,12.3451,12.569,14.4053,11.1,12.874
2187,2018-12-28,00:00.0,16.2769,1.05102,2.84597,3.23936,4.89724,6.02699,9.44551,9.64793,10.8772,11.0743,12.8113,7.73,11.3427
2188,2018-12-29,00:00.0,0.803799,1.20756,3.25967,3.72315,5.63826,6.93606,10.8475,11.0806,12.4922,12.715,12.3758,6.11,13.0175
2189,2018-12-30,00:00.0,1.6076,1.356,3.65292,4.18178,6.34008,7.79731,12.1777,12.4398,14.0243,14.2719,13.3441,20.8,14.6071
2190,2018-12-31,00:00.0,0,1.21152,3.2637,3.73621,5.66454,6.9665,10.8801,11.1143,12.53,12.7512,13.6693,30.4,13.0507
2191,2019-01-01,00:00.0,15.2722,1.07053,2.8832,3.30152,5.00585,6.15622,9.61339,9.82033,11.0712,11.2664,12.7262,29.5,11.5308
2192,2019-01-02,00:00.0,0,0.937602,2.52408,2.89175,4.38511,5.39251,8.41878,8.60003,9.69547,9.86615,11.4332,29.7,10.0971
2193,2019-01-03,00:00.0,6.02849,0.828677,2.23031,2.55589,3.87608,4.76638,7.44029,7.60048,8.5686,8.71929,10.1641,29.4,8.92314
2194,2019-01-04,00:00.0,0,0.731358,1.96784,2.25581,3.42128,4.20696,6.56605,6.70744,7.5618,7.69464,9.03848,28,7.87427
2195,2019-01-05,00:00.0,0,0.639512,1.71986,1.97265,2.99227,3.67918,5.74075,5.8644,6.61137,6.72728,7.99141,24.7,6.88393
2196,2019-01-06,00:00.0,0,0.557452,1.4983,1.71967,2.60896,3.20764,5.00339,5.11118,5.76221,5.86299,7.04804,21.6,5.99911
2197,2019-01-07,00:00.0,0,0.484136,1.30035,1.49364,2.2665,2.78633,4.3446,4.43822,5.00353,5.0908,6.20842,16,5.20857
2198,2019-01-08,00:00.0,7.83704,0.418632,1.12349,1.29169,1.96053,2.40992,3.756,3.83696,4.32568,4.40088,5.42554,8.78,4.50226
2199,2019-01-09,00:00.0,0.20095,0.360107,0.965476,1.11126,1.68716,2.07361,3.23012,3.29977,3.72006,3.78447,4.73281,5.13,3.8712
2200,2019-01-10,00:00.0,1.00475,0.307818,0.824298,0.950058,1.44291,1.77314,2.76027,2.81982,3.17897,3.23374,4.13208,10.8,3.30739
2201,2019-01-11,00:00.0,1.00475,0.26806,0.717316,0.82743,1.25693,1.54445,2.40332,2.45518,2.76789,2.81544,3.60236,14.2,2.87932
2202,2019-01-12,00:00.0,0,0.239499,0.640886,0.739267,1.12301,1.37989,2.14725,2.19358,2.47297,2.51545,3.15782,7.46,2.57253
2203,2019-01-13,00:00.0,0,0.212786,0.569314,0.656828,0.997821,1.22604,1.90768,1.94885,2.19707,2.23478,2.78766,4.34,2.28545
2204,2019-01-14,00:00.0,0,0.18892,0.505369,0.583172,0.885974,1.08858,1.69364,1.73019,1.95056,1.98402,2.49351,4.5,2.02895
2205,2019-01-15,00:00.0,0,0.168791,0.451522,0.521035,0.791573,0.972595,1.51318,1.54584,1.74273,1.77262,2.2547,4.41,1.81277
2206,2019-01-16,00:00.0,1.00475,0.146133,0.390551,0.451149,0.685583,0.842263,1.30975,1.33803,1.50845,1.53423,2.01871,4.42,1.56881
2207,2019-01-17,00:00.0,0.401899,0.120345,0.320821,0.371664,0.565208,0.694146,1.07795,1.10124,1.2415,1.2625,1.77041,4.42,1.29057
2208,2019-01-18,00:00.0,2.0095,0.101979,0.271382,0.315019,0.479307,0.588512,0.913041,0.932786,1.05159,1.06924,1.52796,4.41,1.09279
2209,2019-01-19,00:00.0,0.602849,0.0864507,0.230032,0.266911,0.406266,0.498877,0.773929,0.790668,0.89128,0.906208,1.31068,4.41,0.926028
2210,2019-01-20,00:00.0,4.01899,0.0725768,0.193087,0.22393,0.341007,0.418792,0.649639,0.663694,0.748056,0.76055,1.11809,4.38,0.777034
2211,2019-01-21,00:00.0,0.401899,0.0648437,0.172514,0.20007,0.304673,0.37417,0.580419,0.592977,0.66835,0.679513,0.965533,4.15,0.694241
2212,2019-01-22,00:00.0,0,0.0579346,0.154132,0.178752,0.27221,0.334302,0.518576,0.529795,0.597137,0.607111,0.86705,4.13,0.620269
2213,2019-01-23,00:00.0,13.0617,0.0517617,0.13771,0.159706,0.243206,0.298682,0.463321,0.473345,0.533512,0.542423,0.796817,4.1,0.554179
2214,2019-01-24,00:00.0,11.856,0.0401666,0.106733,0.123541,0.188258,0.231256,0.358821,0.36658,0.412955,0.419834,0.718776,4.1,0.428876
2215,2019-01-25,00:00.0,3.01425,0.023727,0.0627532,0.072081,0.110132,0.135413,0.210323,0.214862,0.241534,0.245516,0.620817,4.09,0.250671
2216,2019-01-26,00:00.0,7.03324,0.015119,0.0397631,0.0452523,0.069364,0.0853833,0.132781,0.13564,0.152089,0.154564,0.514832,4.1,0.157709
2217,2019-01-27,00:00.0,5.02374,0.0135081,0.0355264,0.0404307,0.0619732,0.0762856,0.118633,0.121187,0.135884,0.138095,0.42309,4.03,0.140905
2218,2019-01-28,00:00.0,2.0095,0.0120688,0.031741,0.0361228,0.05537,0.0681574,0.105992,0.108275,0.121406,0.123381,0.350381,3.9,0.125891
2219,2019-01-29,00:00.0,12.057,0.0107829,0.028359,0.0322739,0.0494703,0.0608952,0.0946989,0.096738,0.10847,0.110235,0.292354,3.92,0.112478
2220,2019-01-30,00:00.0,3.61709,0.00963396,0.0253373,0.0288351,0.0441992,0.0544068,0.0846087,0.0864305,0.0969124,0.0984893,0.245703,3.99,0.100493
2221,2019-01-31,00:00.0,0.401899,0.00860745,0.0226376,0.0257627,0.0394898,0.0486097,0.0755936,0.0772213,0.0865864,0.0879952,0.207913,4.01,0.0897854
2222,2019-02-01,00:00.0,0,0.00769033,0.0202256,0.0230177,0.0352821,0.0434303,0.0675391,0.0689933,0.0773605,0.0786193,0.177064,3.99,0.0802188
2223,2019-02-02,00:00.0,0,0.00687092,0.0180705,0.0205651,0.0315228,0.0388028,0.0603428,0.0616421,0.0691177,0.0702424,0.151685,3.96,0.0716714
2224,2019-02-03,00:00.0,0,0.00613882,0.0161451,0.0183739,0.028164,0.0346684,0.0539132,0.0550741,0.0617532,0.062758,0.130644,3.94,0.0640348
2225,2019-02-04,00:00.0,2.0095,0.0148255,0.0519241,0.0443183,0.0741174,0.0944324,0.156027,0.159973,0.180814,0.184583,0.127577,3.94,0.190205
2226,2019-02-05,00:00.0,13.4636,1.49886,4.03105,4.60852,6.97917,8.58467,13.42,13.7078,15.4441,15.7179,3.7357,4.06,16.088
2227,2019-02-06,00:00.0,1.00475,2.80471,7.51919,8.62554,13.0499,16.0456,25.066,25.6024,28.8441,29.3541,15.2669,4.43,30.0423
2228,2019-02-07,00:00.0,3.01425,2.48443,6.65902,7.64056,11.5601,14.2134,22.2016,22.6767,25.5478,25.9993,24.5209,32.4,26.6082
2229,2019-02-08,00:00.0,1.2057,2.19827,5.8905,6.76054,10.2291,12.5765,19.6425,20.0628,22.6028,23.0019,24.934,47.6,23.54
2230,2019-02-09,00:00.0,4.42089,1.94918,5.22195,5.99448,9.07028,11.1515,17.4153,17.788,20.0399,20.3935,22.8046,46,20.8701
2231,2019-02-10,00:00.0,1.00475,1.73734,4.65413,5.34301,8.08462,9.9396,15.5222,15.8544,17.8615,18.1766,20.4657,43.2,18.6013
2232,2019-02-11,00:00.0,4.01899,1.55223,4.15823,4.77371,7.2232,8.88053,13.8683,14.1651,15.9583,16.2399,18.3342,17.3,16.6193
2233,2019-02-12,00:00.0,0,1.38001,3.69638,4.24408,6.42194,7.89529,12.329,12.5929,14.187,14.4371,16.4109,3.72,14.7743
2234,2019-02-13,00:00.0,14.0665,1.21663,3.25757,3.74164,5.66201,6.96071,10.8678,11.1004,12.5055,12.7257,14.6157,3.72,13.0225
2235,2019-02-14,00:00.0,6.02849,1.06999,2.86367,3.29067,4.97994,6.12188,9.55632,9.76085,10.9962,11.1896,12.9585,3.76,11.45
2236,2019-02-15,00:00.0,0,0.937768,2.50841,2.88404,4.36494,5.3655,8.3736,8.55282,9.63517,9.80431,11.4563,3.74,10.0319
2237,2019-02-16,00:00.0,1.00475,0.816409,2.18214,2.51082,3.80055,4.67131,7.28781,7.44381,8.38564,8.53249,10.0831,3.73,8.72995
2238,2019-02-17,00:00.0,0,0.716562,1.91425,2.20376,3.33604,4.10012,6.39519,6.53209,7.35846,7.4871,8.87941,3.7,7.65997
2239,2019-02-18,00:00.0,6.63134,0.638074,1.7044,1.96237,2.97067,3.65103,5.69447,5.81637,6.55218,6.66669,7.85101,3.69,6.82055
2240,2019-02-19,00:00.0,1.00475,0.569958,1.52244,1.75288,2.65355,3.26128,5.08656,5.19545,5.85271,5.95499,7.01084,3.68,6.09242
2241,2019-02-20,00:00.0,0,0.5091,1.35987,1.56572,2.37022,2.91305,4.54343,4.64069,5.22776,5.31912,6.29692,3.69,5.44187
2242,2019-02-21,00:00.0,0.401899,0.454727,1.21462,1.39849,2.11708,2.60193,4.05816,4.14503,4.6694,4.751,5.63944,3.67,4.86064
2243,2019-02-22,00:00.0,0,0.395427,1.05535,1.21613,1.84125,2.26271,3.52781,3.60334,4.05909,4.12983,5.01126,9.46,4.22479
2244,2019-02-23,00:00.0,0,0.331855,0.883899,1.02063,1.54576,1.89913,2.95835,3.02169,3.40369,3.46262,4.3992,13.2,3.54155
2245,2019-02-24,00:00.0,6.63134,0.275057,0.730719,0.84596,1.28175,1.57428,2.44956,2.50202,2.81813,2.86651,3.80056,12.8,2.9311
2246,2019-02-25,00:00.0,23.5111,0.393441,1.05414,1.20993,1.84357,2.26667,3.52745,3.60383,4.06036,4.12942,3.678,12.6,4.22154
2247,2019-02-26,00:00.0,1.00475,0.507792,1.36671,1.56151,2.38529,2.93431,4.56797,4.66737,5.25944,5.34869,4.26445,12.4,5.46777
2248,2019-02-27,00:00.0,2.61235,0.451548,1.2152,1.38855,2.12123,2.60944,4.06195,4.15034,4.67681,4.75612,4.72026,8.12,4.86193
2249,2019-02-28,00:00.0,10.0475,0.403435,1.08572,1.2406,1.89521,2.3314,3.62914,3.70812,4.17849,4.24936,4.66074,4.01,4.34389
2250,2019-03-01,00:00.0,0,0.360449,0.970039,1.10842,1.69327,2.08299,3.24246,3.31302,3.73327,3.79658,4.38265,4.03,3.88104
2251,2019-03-02,00:00.0,0,0.322043,0.866681,0.990314,1.51285,1.86105,2.89697,2.96002,3.33549,3.39206,4.02336,3.39,3.46752
2252,2019-03-03,00:00.0,5.02374,0.287729,0.774335,0.884796,1.35166,1.66275,2.5883,2.64463,2.98009,3.03063,3.64773,2.54,3.09805
2253,2019-03-04,00:00.0,0.401899,0.257071,0.69183,0.79052,1.20764,1.48559,2.31251,2.36284,2.66256,2.70772,3.28521,2.56,2.76795
2254,2019-03-05,00:00.0,0.401899,0.22968,0.618115,0.70629,1.07896,1.3273,2.06612,2.11108,2.37887,2.41921,2.94806,2.57,2.47303
2255,2019-03-06,00:00.0,1.2057,0.205208,0.552255,0.631034,0.964001,1.18587,1.84597,1.88614,2.1254,2.16144,2.65057,2.78,2.20952
2256,2019-03-07,00:00.0,0.602849,0.183343,0.493412,0.563797,0.861286,1.05952,1.64928,1.68517,1.89894,1.93114,2.40217,2.9,1.9741
2257,2019-03-08,00:00.0,0,0.163808,0.440838,0.503725,0.769516,0.946625,1.47355,1.50562,1.6966,1.72537,2.18051,2.88,1.76376
2258,2019-03-09,00:00.0,0,0.146354,0.393867,0.450053,0.687524,0.845762,1.31654,1.34519,1.51583,1.54154,1.9682,2.89,1.57583
2259,2019-03-10,00:00.0,0,0.880761,2.34723,2.71116,4.13048,5.07458,7.88067,8.05127,9.07186,9.22446,3.73333,6.77,9.42829
2260,2019-03-11,00:00.0,1.00475,2.65985,7.08988,8.18344,12.4383,15.283,23.7679,24.2801,27.3559,27.822,13.2697,9.29,28.4453
2261,2019-03-12,00:00.0,0,3.47833,9.27393,10.6988,16.2472,19.9644,31.0677,31.7362,35.7554,36.3676,27.4089,9.37,37.1867
2262,2019-03-13,00:00.0,0,3.06791,8.17627,9.43651,14.3317,17.6098,27.3981,27.9877,31.5319,32.0709,33.4171,9.29,32.7917
2263,2019-03-14,00:00.0,0,2.69891,7.18919,8.30156,12.6096,15.4928,24.0986,24.6173,27.7343,28.2075,31.2482,9.29,28.8399
2264,2019-03-15,00:00.0,17.4826,3.61561,9.64668,11.1195,16.8722,20.7342,32.2885,32.9824,37.1592,37.7994,33.3076,9.4,38.6572
2265,2019-03-16,00:00.0,1.00475,5.11674,13.6651,15.7374,23.8658,29.3313,45.7039,46.6854,52.5995,53.5105,44.804,9.07,54.7331
2266,2019-03-17,00:00.0,1.00475,5.21849,13.9351,16.0527,24.345,29.9193,46.6147,47.6159,53.649,54.5775,54.0252,19.1,55.8236
2267,2019-03-18,00:00.0,0,4.65044,12.4172,14.3053,21.6954,26.6627,41.5394,42.4316,47.8077,48.6349,52.8985,23.5,49.7449
2268,2019-03-19,00:00.0,1.2057,4.15218,11.0866,12.7726,19.3709,23.806,37.0885,37.885,42.6851,43.4236,47.6693,23.5,44.4145
2269,2019-03-20,00:00.0,0,3.69543,9.86584,11.3676,17.2406,21.1876,33.0072,33.7162,37.9879,38.6449,42.6391,23.4,39.5263
2270,2019-03-21,00:00.0,6.63134,3.26188,8.70511,10.034,15.2192,18.7026,29.131,29.7567,33.5265,34.1056,37.9268,23.4,34.8821
2271,2019-03-22,00:00.0,0.602849,3.0464,8.14315,9.37084,14.2298,17.4901,27.242,27.8284,31.3554,31.8957,34.3441,23.6,32.6202
2272,2019-03-23,00:00.0,0,2.89144,7.74989,8.89952,13.5329,16.6376,25.9153,26.4749,29.8355,30.3488,32.2017,30.7,31.0376
2273,2019-03-24,00:00.0,0,2.59037,6.94892,7.97855,12.1366,14.9212,23.2393,23.7417,26.759,27.219,29.9138,28.8,27.8367
2274,2019-03-25,00:00.0,0,2.28614,6.13084,7.04165,10.7127,13.1701,20.5083,20.9517,23.6144,24.0198,26.9014,23.6,24.5639
2275,2019-03-26,00:00.0,0,1.99813,5.35534,6.15476,9.36549,11.513,17.922,18.3096,20.6364,20.9897,23.8162,17.2,21.4636
2276,2019-03-27,00:00.0,0,1.74774,4.68157,5.38372,8.19397,10.0721,15.674,16.013,18.0479,18.3561,20.9576,17.4,18.7691
2277,2019-03-28,00:00.0,1.00475,1.59904,4.29736,4.92154,7.50528,9.23001,14.3696,14.6815,16.5467,16.8288,18.6941,18.8,17.207
2278,2019-03-29,00:00.0,0.401899,2.02368,5.43499,6.23931,9.52116,11.7061,18.2038,18.5996,20.9679,21.3227,19.2488,18.9,21.7972
2279,2019-03-30,00:00.0,16.076,5.58831,14.9693,16.8936,25.8462,31.8431,49.7268,50.8027,57.0939,58.0649,36.9302,25.7,59.3476
2280,2019-03-31,00:00.0,22.7073,7.83772,20.9981,23.8361,36.3063,44.6985,69.827,71.3307,80.2361,81.6231,67.4579,29,83.47
2281,2019-04-01,00:00.0,0,6.58722,17.6489,20.3353,30.77,37.8141,58.984,60.2486,67.9251,69.1184,76.4107,42.3,70.7275
2282,2019-04-02,00:00.0,0.401899,5.8666,15.7168,18.1109,27.4046,33.6779,52.53,53.6562,60.4928,61.5552,67.2353,48.3,62.9877
2283,2019-04-03,00:00.0,0,5.24151,14.0422,16.1812,24.4847,30.0895,46.9329,47.9391,54.0472,54.9965,60.1063,47.8,56.2763
2284,2019-04-04,00:00.0,0,5.07957,13.6286,15.6824,23.754,29.1966,45.5391,46.5174,52.4472,53.3666,55.7898,47.3,54.6062
2285,2019-04-05,00:00.0,0.20095,4.93488,13.2591,15.2367,23.1013,28.3987,44.2939,45.2472,51.0177,51.9105,54.0224,39.8,53.1141
2286,2019-04-06,00:00.0,1.2057,4.40906,11.8463,13.6132,20.6398,25.3728,39.5743,40.4261,45.5818,46.3794,50.647,28.9,47.4555
2287,2019-04-07,00:00.0,0,5.41311,14.5114,16.7079,25.3375,31.1404,48.5315,49.5761,55.8921,56.8649,52.5835,22.6,58.1769
2288,2019-04-08,00:00.0,12.2579,8.72331,21.5128,28.8893,41.7493,50.3669,76.2019,77.7458,88.7955,90.3697,73.946,20,92.3161
2289,2019-04-09,00:00.0,0.602849,9.66363,23.8535,31.8261,46.1046,55.6486,84.3518,86.0529,98.1113,99.8483,96.3409,20,102.035
2290,2019-04-10,00:00.0,0,8.10213,21.3763,25.0415,37.8577,46.3814,72.1214,73.6363,82.8979,84.3445,94.0799,31.9,86.3374
2291,2019-04-11,00:00.0,0,7.27125,19.2161,22.4343,34.0776,41.7256,64.8728,66.23,74.5226,75.8313,82.0245,55.6,77.6397
2292,2019-04-12,00:00.0,0,6.52298,17.2521,20.1115,30.7417,37.6027,58.3871,59.604,67.037,68.2152,73.9736,63.3,69.8457
2293,2019-04-13,00:00.0,3.01425,5.89345,15.6235,18.1257,27.8768,34.0727,52.9051,54.0014,60.6897,61.7666,66.8202,36.2,63.2626
2294,2019-04-14,00:00.0,1.2057,5.33836,14.2128,16.3426,25.3083,30.9159,48.065,49.0527,55.0653,56.0614,60.6509,24.6,57.4544
2295,2019-04-15,00:00.0,15.6741,5.37389,14.3583,16.4169,25.5712,31.2218,48.5505,49.5442,55.5858,56.6012,57.9011,24.6,58.0222
2296,2019-04-16,00:00.0,0,5.42828,14.5404,16.5658,25.9612,31.6756,49.2245,50.229,56.331,57.3648,58.37,26.8,58.8107
2297,2019-04-17,00:00.0,3.01425,4.97496,13.347,15.1631,24.0174,29.2548,45.3674,46.287,51.869,52.8227,56.6366,31.9,54.159
2298,2019-04-18,00:00.0,0.401899,4.54405,12.2212,13.8142,22.1235,26.9058,41.6671,42.5047,47.5824,48.4634,52.3057,28.9,49.702
2299,2019-04-19,00:00.0,11.2532,4.5093,12.2195,13.5998,21.8887,26.6322,41.4121,42.2374,47.22,48.1228,49.6899,25.6,49.4024
2300,2019-04-20,00:00.0,15.2722,5.02024,13.6926,15.0443,24.1788,29.4613,46.0376,46.9521,52.4555,53.4862,51.7733,27,54.9521
2301,2019-04-21,00:00.0,12.4589,5.50104,15.0406,16.4528,26.509,32.3014,50.5112,51.5128,57.5347,58.673,56.9868,56.4,60.2903
2302,2019-04-22,00:00.0,0.20095,5.38467,14.7773,16.0373,26.125,31.7934,49.6965,50.6733,56.5336,57.6649,59.416,79,59.2355
2303,2019-04-23,00:00.0,0,4.73818,13.0972,14.0174,23.3013,28.3039,44.1985,45.0515,50.1686,51.1803,56.013,67.5,52.541
2304,2019-04-24,00:00.0,7.43514,4.23602,11.7442,12.5005,21.1941,25.6818,39.9469,40.7065,45.2738,46.1761,50.3512,48,47.379
2305,2019-04-25,00:00.0,0,3.76975,10.4383,11.115,19.224,23.212,35.8914,36.5656,40.6182,41.4196,45.3736,43.1,42.4859
2306,2019-04-26,00:00.0,20.095,3.82777,10.5496,11.3288,19.6133,23.659,36.46,37.1472,41.2832,42.0846,42.9707,32.8,43.1514
2307,2019-04-27,00:00.0,3.81804,3.92743,10.7751,11.6612,20.1551,24.3014,37.3631,38.0703,42.3307,43.141,43.4504,36.2,44.2198
2308,2019-04-28,00:00.0,0.602849,3.46065,9.48844,10.2646,18.0897,21.7392,33.2426,33.8643,37.6077,38.3215,41.9091,62.2,39.2702
2309,2019-04-29,00:00.0,0,3.06569,8.40527,9.09031,16.33,19.5623,29.753,30.3034,33.6172,34.2497,37.8269,48.4,35.09
2310,2019-04-30,00:00.0,5.22469,2.83592,7.76657,8.41393,15.2839,18.2727,27.6871,28.1964,31.2633,31.8465,34.4461,32.2,32.621
2311,2019-05-01,00:00.0,12.057,3.0309,8.2721,9.03132,16.1702,19.3656,29.3819,29.9294,33.2312,33.8462,33.7453,32.1,34.6643
2312,2019-05-02,00:00.0,3.91852,3.18447,8.66923,9.52103,16.8696,20.2281,30.7165,31.2944,34.7839,35.4234,35.1709,32.2,36.2754
2313,2019-05-03,00:00.0,12.1575,3.39182,9.21589,10.1754,17.8297,21.4099,32.5508,33.1696,36.9097,37.5848,37.0356,32.4,38.4858
2314,2019-05-04,00:00.0,12.057,3.92756,10.6495,11.8344,20.3166,24.468,37.3294,38.0508,42.4183,43.1917,40.7435,32.6,44.2271
2315,2019-05-05,00:00.0,0,3.96202,10.7345,11.9587,20.5055,24.6957,37.6548,38.3845,42.805,43.5819,43.9362,26.2,44.6233
2316,2019-05-06,00:00.0,0,3.50934,9.50673,10.5906,18.4272,22.1379,33.615,34.2611,38.1747,38.8627,42.4158,18.8,39.7847
2317,2019-05-07,00:00.0,0.401899,3.04496,8.24484,9.18404,16.2517,19.4692,29.4235,29.9833,33.3736,33.9703,37.9315,12.8,34.7691
2318,2019-05-08,00:00.0,0,2.66058,7.20141,8.02119,14.4265,17.2364,25.9313,26.4199,29.3786,29.8997,33.4673,8.7,30.5969
2319,2019-05-09,00:00.0,0,2.3771,6.4341,7.16653,13.0612,15.5717,23.3402,23.7767,26.4201,26.8858,29.829,7.66,27.5086
2320,2019-05-10,00:00.0,12.3584,2.58015,6.97647,7.79875,13.9329,16.6604,25.079,25.5548,28.4386,28.941,28.7867,7.77,29.6144
2321,2019-05-11,00:00.0,0,2.76157,7.46105,8.36362,14.7177,17.6391,26.6385,27.1494,30.2479,30.7832,30.2276,18.3,31.5018
2322,2019-05-12,00:00.0,0.803799,2.47022,6.67255,7.48023,13.3255,15.9381,23.9865,24.4433,27.2137,27.6924,29.9782,20.4,28.3347
2323,2019-05-13,00:00.0,8.54036,2.5316,6.83391,7.67515,13.5522,16.2305,24.4713,24.9403,27.7858,28.2748,28.8765,12.5,28.9314
2324,2019-05-14,00:00.0,8.03799,2.89109,7.79963,8.78274,15.1668,18.2282,27.6295,28.1669,31.4298,31.9859,30.4791,10.8,32.7337
2325,2019-05-15,00:00.0,0.20095,2.8906,7.79662,8.78813,15.1364,18.1984,27.5946,28.1326,31.4002,31.9553,32.3152,16.5,32.7022
2326,2019-05-16,00:00.0,0,2.5826,6.96589,7.85175,13.6844,16.4202,24.8152,25.2959,28.2153,28.7113,31.2676,19.1,29.3786
2327,2019-05-17,00:00.0,2.0095,2.37493,6.40487,7.22131,12.6848,15.2006,22.9191,23.3612,26.0465,26.5023,28.8073,22.3,27.1155
2328,2019-05-18,00:00.0,0,2.18826,5.90055,6.6546,11.7776,14.0955,21.2061,21.6135,24.0881,24.5079,26.63,23.7,25.0725
2329,2019-05-19,00:00.0,0,1.95399,5.26877,5.94211,10.6456,12.7154,19.0646,19.4284,21.638,22.0128,24.397,17.1,22.517
2330,2019-05-20,00:00.0,5.42564,1.67801,4.50868,5.09715,9.2679,11.0399,16.4725,16.7835,18.6718,18.9911,21.6106,8.3,19.4188
2331,2019-05-21,00:00.0,0,1.32739,3.54324,4.02229,7.52078,8.91419,13.183,13.4267,14.9056,15.1547,18.2898,5.37,15.4853
2332,2019-05-22,00:00.0,0,1.08191,2.87937,3.27379,6.29992,7.43234,10.9013,11.099,12.298,12.4999,15.2139,5.36,12.7665
2333,2019-05-23,00:00.0,0.401899,0.966631,2.57257,2.92497,5.69676,6.70852,9.80784,9.98453,11.0558,11.2361,13.0587,5.37,11.4743
2334,2019-05-24,00:00.0,3.21519,0.66916,1.7562,2.01283,4.21394,4.90518,7.02065,7.14042,7.86492,7.98616,10.7842,5.4,8.14309
2335,2019-05-25,00:00.0,7.63609,0.447441,1.13129,1.32812,3.05402,3.50095,4.86245,4.93846,5.39583,5.47039,8.09252,5.52,5.56339
2336,2019-05-26,00:00.0,13.0617,0.619184,1.61942,1.86978,3.76104,4.40079,6.34935,6.46077,7.13576,7.24632,6.90537,5.57,7.39238
2337,2019-05-27,00:00.0,0,0.493303,1.30361,1.50008,3.09577,3.61132,5.17926,5.26988,5.82023,5.90994,6.57482,6.35,6.02971
2338,2019-05-28,00:00.0,5.42564,0.128859,0.318235,0.383381,1.2974,1.42431,1.80617,1.82784,1.95829,1.97831,4.95833,9.68,2.00299
2339,2019-05-29,00:00.0,2.8133,0.0385155,0.0853139,0.109067,0.805342,0.839442,0.941652,0.947065,0.978778,0.983439,3.04818,11.4,0.988127
2340,2019-05-30,00:00.0,0.602849,0.0181741,0.0402565,0.0514647,0.676623,0.692714,0.740943,0.743497,0.758461,0.760661,2.0299,11.4,0.762873
2341,2019-05-31,00:00.0,0,0,0,0,0.538147,0.538147,0.538147,0.538147,0.538147,0.538147,1.37144,11.5,0.538147
2342,2019-06-01,00:00.0,0,0,0,0,0.469583,0.469583,0.469583,0.469583,0.469583,0.469583,0.93457,11.8,0.469583
2343,2019-06-02,00:00.0,2.21045,0,0,0,0.424915,0.424915,0.424915,0.424915,0.424915,0.424915,0.753865,11.9,0.424915
2344,2019-06-03,00:00.0,0,0,0,0,0.396637,0.396637,0.396637,0.396637,0.396637,0.396637,0.664795,9.57,0.396637
2345,2019-06-04,00:00.0,0,0,0,0,0.371621,0.371621,0.371621,0.371621,0.371621,0.371621,0.594351,5.63,0.371621
2346,2019-06-05,00:00.0,0.20095,0,0,0,0.348182,0.348182,0.348182,0.348182,0.348182,0.348182,0.535507,5.68,0.348182
2347,2019-06-06,00:00.0,3.81804,0,0,0,0.326222,0.326222,0.326222,0.326222,0.326222,0.326222,0.485735,5.74,0.326222
2348,2019-06-07,00:00.0,0,0,0,0,0.286193,0.286193,0.286193,0.286193,0.286193,0.286193,0.401729,4.65,0.286193
2349,2019-06-08,00:00.0,0,0,0,0,0.24129,0.24129,0.24129,0.24129,0.24129,0.24129,0.305196,6.84,0.24129
2350,2019-06-09,00:00.0,0,0,0,0,0.212158,0.212158,0.212158,0.212158,0.212158,0.212158,0.227599,7.14,0.212158
2351,2019-06-10,00:00.0,0.502374,0,0,0,0.182037,0.182037,0.182037,0.182037,0.182037,0.182037,0.13805,7.17,0.182037
2352,2019-06-11,00:00.0,8.64084,0.0081414,0.00300906,0.0168522,0.178146,0.180098,0.183237,0.183237,0.183237,0.183237,0.0834006,7.26,0.183703
2353,2019-06-12,00:00.0,0,0.0154153,0.0056975,0.0319088,0.185917,0.189613,0.195556,0.195556,0.195556,0.195556,0.0912195,6.58,0.196439
2354,2019-06-13,00:00.0,8.43989,0.0889266,0.189471,0.25192,0.509222,0.586162,0.812585,0.825087,0.900051,0.91123,0.209121,6.24,0.925506
2355,2019-06-14,00:00.0,6.83229,0.231221,0.546395,0.678199,1.14177,1.36092,2.01565,2.05253,2.27402,2.30738,0.567512,6.56,2.34858
2356,2019-06-15,00:00.0,0.803799,0.283199,0.680907,0.835648,1.37582,1.64838,2.46467,2.51082,2.78827,2.83026,1.21858,6.43,2.88204
2357,2019-06-16,00:00.0,0.401899,0.253024,0.608356,0.746609,1.24232,1.48585,2.21516,2.2564,2.50428,2.5418,1.81651,6.27,2.58806
2358,2019-06-17,00:00.0,0,0.226064,0.543536,0.667058,1.1226,1.34017,1.99178,2.02862,2.25009,2.28361,2.08255,6.16,2.32494
2359,2019-06-18,00:00.0,0,0.167805,0.39158,0.490911,0.854647,1.01208,1.48096,1.50729,1.66502,1.68815,2.04515,6.06,1.71564
2360,2019-06-19,00:00.0,0,0.0611336,0.135106,0.176151,0.36867,0.423443,0.58485,0.593796,0.647016,0.654335,1.59334,5.99,0.662323
2361,2019-06-20,00:00.0,0.803799,0,0,0,0.0760507,0.0760507,0.0760507,0.0760507,0.0760507,0.0760507,0.973719,5.95,0.0760507
2362,2019-06-21,00:00.0,7.23419,0.000503317,0,0.000503317,0.047872,0.047872,0.047872,0.047872,0.047872,0.047872,0.587492,5.93,0.047872
2363,2019-06-22,00:00.0,0,0.000503317,0,0.000503317,0.0346003,0.0346003,0.0346003,0.0346003,0.0346003,0.0346003,0.408482,5.67,0.0346003
2364,2019-06-23,00:00.0,0,0,0,0,0.0268308,0.0268308,0.0268308,0.0268308,0.0268308,0.0268308,0.291755,5.48,0.0268308
2365,2019-06-24,00:00.0,0,0,0,0,0.0110672,0.0110672,0.0110672,0.0110672,0.0110672,0.0110672,0.169381,5.49,0.0110672
2366,2019-06-25,00:00.0,10.8513,0.0656212,0.150276,0.191521,0.282541,0.343219,0.522892,0.532895,0.592344,0.600466,0.106845,5.5,0.609396
2367,2019-06-26,00:00.0,0,0.0656212,0.150276,0.191521,0.282541,0.343219,0.522892,0.532895,0.592344,0.600466,0.111098,5.52,0.609396
2368,2019-06-27,00:00.0,0,0,0,0,0,0,0,0,0,0,0.0553165,5.53,0
2369,2019-06-28,00:00.0,0,0,0,0,0,0,0,0,0,0,0,5.54,0
2370,2019-06-29,00:00.0,10.6503,0,0,0,0,0,0,0,0,0,0,5.35,0
2371,2019-06-30,00:00.0,0,0,0,0,0,0,0,0,0,0,0,5.24,0
2372,2019-07-01,00:00.0,0,0,0,0,0,0,0,0,0,0,0,5.25,0
2373,2019-07-02,00:00.0,0,0,0,0,0,0,0,0,0,0,0,5.27,0
2374,2019-07-03,00:00.0,2.61235,0,0,0,0,0,0,0,0,0,0,5.3,0
2375,2019-07-04,00:00.0,0,0,0,0,0,0,0,0,0,0,0,5.31,0
2376,2019-07-05,00:00.0,0,0,0,0,0,0,0,0,0,0,0,5.18,0
2377,2019-07-06,00:00.0,0,0,0,0,0,0,0,0,0,0,0,4.85,0
2378,2019-07-07,00:00.0,0,0,0,0,0,0,0,0,0,0,0,4.53,0
2379,2019-07-08,00:00.0,0,0,0,0,0,0,0,0,0,0,0,4.52,0
2380,2019-07-09,00:00.0,0,0,0,0,0,0,0,0,0,0,0,4.5,0
2381,2019-07-10,00:00.0,0,0,0,0,0,0,0,0,0,0,0,4.52,0
2382,2019-07-11,00:00.0,4.01899,0,0,0,0,0,0,0,0,0,0,4.52,0
2383,2019-07-12,00:00.0,0,0,0,0,0,0,0,0,0,0,0,4.52,0
2384,2019-07-13,00:00.0,0,0,0,0,0,0,0,0,0,0,0,4.52,0
2385,2019-07-14,00:00.0,0,0,0,0,0,0,0,0,0,0,0,4.52,0
2386,2019-07-15,00:00.0,0,0,0,0,0,0,0,0,0,0,0,4.52,0
2387,2019-07-16,00:00.0,1.6076,0,0,0,0,0,0,0,0,0,0,4.52,0
2388,2019-07-17,00:00.0,4.62184,0,0,0,0,0,0,0,0,0,0,4.52,0
2389,2019-07-18,00:00.0,2.0095,0,0,0,0,0,0,0,0,0,0,4.54,0
2390,2019-07-19,00:00.0,0,0,0,0,0,0,0,0,0,0,0,4.54,0
2391,2019-07-20,00:00.0,0,0,0,0,0,0,0,0,0,0,0,4.55,0
2392,2019-07-21,00:00.0,8.03799,0,0,0,0,0,0,0,0,0,0,4.53,0
2393,2019-07-22,00:00.0,0,0,0,0,0,0,0,0,0,0,0,4.53,0
2394,2019-07-23,00:00.0,1.2057,0,0,0,0,0,0,0,0,0,0,4.53,0
2395,2019-07-24,00:00.0,0,0,0,0,0,0,0,0,0,0,0,4.84,0
2396,2019-07-25,00:00.0,0,0,0,0,0,0,0,0,0,0,0,4.53,0
2397,2019-07-26,00:00.0,0,0,0,0,0,0,0,0,0,0,0,4.56,0
2398,2019-07-27,00:00.0,0,0,0,0,0,0,0,0,0,0,0,4.57,0
2399,2019-07-28,00:00.0,0,0,0,0,0,0,0,0,0,0,0,4.59,0
2400,2019-07-29,00:00.0,0,0,0,0,0,0,0,0,0,0,0,4.59,0
2401,2019-07-30,00:00.0,12.057,0,0,0,0,0,0,0,0,0,0,4.14,0
2402,2019-07-31,00:00.0,0,0,0,0,0,0,0,0,0,0,0,3.65,0
2403,2019-08-01,00:00.0,0,0,0,0,0,0,0,0,0,0,0,3.77,0
2404,2019-08-02,00:00.0,0,0,0,0,0,0,0,0,0,0,0,3.9,0
2405,2019-08-03,00:00.0,0,0,0,0,0,0,0,0,0,0,0,3.89,0
2406,2019-08-04,00:00.0,0,0,0,0,0,0,0,0,0,0,0,3.88,0
2407,2019-08-05,00:00.0,0,0,0,0,0,0,0,0,0,0,0,3.87,0
2408,2019-08-06,00:00.0,2.61235,0,0,0,0,0,0,0,0,0,0,3.87,0
2409,2019-08-07,00:00.0,6.83229,0,0,0,0,0,0,0,0,0,0,3.88,0
2410,2019-08-08,00:00.0,0,0,0,0,0,0,0,0,0,0,0,3.87,0
2411,2019-08-09,00:00.0,10.0475,0,0,0,0,0,0,0,0,0,0,3.87,0
2412,2019-08-10,00:00.0,0,0,0,0,0,0,0,0,0,0,0,3.85,0
2413,2019-08-11,00:00.0,0,0,0,0,0,0,0,0,0,0,0,3.85,0
2414,2019-08-12,00:00.0,2.0095,0,0,0,0,0,0,0,0,0,0,3.85,0
2415,2019-08-13,00:00.0,0,0,0,0,0,0,0,0,0,0,0,3.85,0
2416,2019-08-14,00:00.0,0,0,0,0,0,0,0,0,0,0,0,3.84,0
2417,2019-08-15,00:00.0,0,0,0,0,0,0,0,0,0,0,0,3.82,0
2418,2019-08-16,00:00.0,0,0,0,0,0,0,0,0,0,0,0,3.82,0
2419,2019-08-17,00:00.0,20.095,0,0,0,0,0,5.59E-06,5.59E-06,5.59E-06,5.59E-06,0,3.84,0.00260677
2420,2019-08-18,00:00.0,2.21045,0,0,0,0,0,5.59E-06,5.59E-06,5.59E-06,5.59E-06,0,3.85,0.00260677
2421,2019-08-19,00:00.0,45.0127,0.731458,1.94034,2.23077,3.34926,4.11713,6.45067,6.5861,7.40962,7.54344,0,3.86,7.73306
2422,2019-08-20,00:00.0,0,1.09905,2.88706,3.34469,5.01721,6.16194,9.63235,9.83367,11.057,11.2534,0.182909,3.84,11.5335
2423,2019-08-21,00:00.0,2.0095,0.517913,1.30242,1.5615,2.33316,2.8541,4.41617,4.50661,5.05441,5.13735,1.14047,3.81,5.25986
2424,2019-08-22,00:00.0,0.803799,0.150318,0.355692,0.447582,0.665203,0.809296,1.23449,1.25904,1.407,1.42739,1.72453,3.63,1.46209
2425,2019-08-23,00:00.0,0,0,0,0,0,0,1.13E-05,1.13E-05,1.13E-05,1.13E-05,1.21746,3.83,0.00460866
2426,2019-08-24,00:00.0,0,0,0,0,0,0,9.24E-06,9.24E-06,9.24E-06,9.24E-06,0.788368,3.92,0.00366467
2427,2019-08-25,00:00.0,0,0,0,0,0,0,8.26E-06,8.26E-06,8.26E-06,8.26E-06,0.591368,3.9,0.00327419
2428,2019-08-26,00:00.0,0,0,0,0,0,0,7.38E-06,7.38E-06,7.38E-06,7.38E-06,0.44372,3.89,0.00292533
2429,2019-08-27,00:00.0,2.8133,0,0,0,0,0,5.70E-06,5.70E-06,5.70E-06,5.70E-06,0.329654,3.88,0.00216069
2430,2019-08-28,00:00.0,32.7548,0.573689,1.52106,1.74737,2.62243,3.22396,5.0535,5.15945,5.80332,5.90834,1.26832,3.79,6.05482
2431,2019-08-29,00:00.0,0,1.01596,2.68659,3.09241,4.63982,5.70276,8.93384,9.1209,10.2574,10.4423,4.43696,3.76,10.6988
2432,2019-08-30,00:00.0,0.602849,0.83741,2.20688,2.54677,3.81983,4.6935,7.34723,7.50081,8.43365,8.58478,7.26372,3.75,8.79452
2433,2019-08-31,00:00.0,0,0.748184,1.97173,2.27541,3.41282,4.1934,6.56438,6.70159,7.53505,7.67007,7.89444,3.82,7.85746
2434,2019-09-01,00:00.0,0,0.668465,1.76165,2.03297,3.04919,3.74659,5.86494,5.98754,6.73218,6.85282,7.61044,3.84,7.02025
2435,2019-09-02,00:00.0,2.0095,0.597239,1.57394,1.81635,2.72429,3.34739,5.24003,5.34956,6.01487,6.12265,7.036,3.82,6.27224
2436,2019-09-03,00:00.0,0,0.373725,0.966253,1.13123,1.69344,2.07726,3.23814,3.30519,3.71175,3.77618,5.83283,3.79,3.86569
2437,2019-09-04,00:00.0,1.40665,0.0919098,0.223567,0.27416,0.40795,0.497748,0.765564,0.780928,0.873563,0.887132,3.86096,3.78,0.907264
2438,2019-09-05,00:00.0,0,0,0,0,0,0,4.10E-06,4.10E-06,4.10E-06,4.10E-06,2.1779,3.79,0.00128037
2439,2019-09-06,00:00.0,0,0,0,0,0,0,8.63E-07,8.63E-07,8.63E-07,8.63E-07,1.24015,3.55,6.28E-05
2440,2019-09-07,00:00.0,1.50712,0,0,0,0,0,0,0,0,0,0.795333,3.38,0
2441,2019-09-08,00:00.0,2.0095,0,0,0,0,0,0,0,0,0,0.575663,3.36,0
2442,2019-09-09,00:00.0,0,0,0,0,0,0,0,0,0,0,0.411127,3.34,0
2443,2019-09-10,00:00.0,0,0,0,0,0,0,0,0,0,0,0.30794,3.34,0
2444,2019-09-11,00:00.0,26.1235,0.551709,1.4635,1.68165,2.52438,3.10334,4.86354,4.96558,5.58592,5.68693,1.1783,3.36,5.82299
2445,2019-09-12,00:00.0,5.02374,0.848163,2.23038,2.58002,3.86972,4.75347,7.4349,7.59025,8.53399,8.68608,3.71011,3.38,8.88945
2446,2019-09-13,00:00.0,0.20095,0.499677,1.2824,1.51147,2.26178,2.77225,4.31216,4.40121,4.94113,5.02556,5.24376,3.29,5.13599
2447,2019-09-14,00:00.0,10.8513,0.520005,1.32273,1.57038,2.34823,2.8758,4.46333,4.55515,5.11147,5.19734,5.19639,3.32,5.30676
2448,2019-09-15,00:00.0,0,0.513608,1.29117,1.54751,2.31171,2.82799,4.37666,4.46621,5.00833,5.09059,5.18093,3.25,5.19232
2449,2019-09-16,00:00.0,9.44464,0.518576,1.29564,1.56094,2.33072,2.84955,4.40299,4.49284,5.0366,5.11829,5.15445,3.25,5.21709
2450,2019-09-17,00:00.0,3.61709,0.608971,1.53618,1.83724,2.74586,3.35993,5.20262,5.30931,5.95553,6.05384,5.46477,3.27,6.17377
2451,2019-09-18,00:00.0,0,0.433079,1.06701,1.30016,1.93909,2.36769,3.64599,3.71992,4.16686,4.23256,5.28515,3.27,4.30985
2452,2019-09-19,00:00.0,0,0.175393,0.381835,0.507996,0.746607,0.902997,1.35836,1.38387,1.53424,1.55371,3.94994,3.27,1.57445
2453,2019-09-20,00:00.0,0,0.029536,0.039336,0.074362,0.102583,0.119992,0.166128,0.16803,0.176227,0.17636,2.38789,3.3,0.17636
2454,2019-09-21,00:00.0,0,0,0,0,0,0,0,0,0,0,1.29003,3.31,0
2455,2019-09-22,00:00.0,2.21045,0,0,0,0,0,0,0,0,0,0.732852,3.31,0
2456,2019-09-23,00:00.0,1.6076,0,0,0,0,0,0,0,0,0,0.468909,3.32,0
2457,2019-09-24,00:00.0,1.6076,0,0,0,0,0,0,0,0,0,0.271212,3.33,0
2458,2019-09-25,00:00.0,0,0,0,0,0,0,0,0,0,0,0.155587,3.33,0
2459,2019-09-26,00:00.0,1.6076,0,0,0,0,0,0,0,0,0,0.0864343,3.36,0
2460,2019-09-27,00:00.0,0,0,0,0,0,0,0,0,0,0,0.0296374,3.34,0
2461,2019-09-28,00:00.0,3.81804,0,0,0,0,0,0,0,0,0,0.00964772,3.39,0
2462,2019-09-29,00:00.0,3.01425,0,0,0,0,0,0,0,0,0,0.00722627,3.39,0
2463,2019-09-30,00:00.0,0.20095,0,0,0,0,0,0,0,0,0,0.00541257,3.39,0
2464,2019-10-01,00:00.0,0,0,0,0,0,0,0,0,0,0,0.00405408,3.39,0
2465,2019-10-02,00:00.0,13.5641,0.185449,0.469994,0.55874,0.834813,1.02221,1.58632,1.61884,1.81566,1.84608,0.219726,3.42,1.88427
2466,2019-10-03,00:00.0,2.4114,0.254023,0.622649,0.759337,1.13083,1.38063,2.12676,2.16973,2.42855,2.46722,0.676973,3.42,2.51391
2467,2019-10-04,00:00.0,2.4114,0.128311,0.284834,0.375118,0.553401,0.669991,1.00972,1.02925,1.14501,1.16039,0.969783,3.44,1.17617
2468,2019-10-05,00:00.0,0,0.111581,0.246598,0.325746,0.480433,0.581584,0.875812,0.892734,0.992912,1.00618,1.02068,3.43,1.01963
2469,2019-10-06,00:00.0,1.2057,0.0981622,0.216645,0.286337,0.422325,0.511255,0.769746,0.784602,0.872483,0.884098,0.993989,3.47,0.8958
2470,2019-10-07,00:00.0,0,0.0463191,0.102227,0.135112,0.19928,0.241243,0.363215,0.370225,0.411693,0.417173,0.871764,3.51,0.422695
2471,2019-10-08,00:00.0,0,0,0,0,0,0,0,0,0,0,0.658233,3.52,0
2472,2019-10-09,00:00.0,0,0,0,0,0,0,0,0,0,0,0.456874,3.54,0
2473,2019-10-10,00:00.0,0,0,0,0,0,0,0,0,0,0,0.308213,3.56,0
2474,2019-10-11,00:00.0,0,0,0,0,0,0,0,0,0,0,0.195629,3.61,0
2475,2019-10-12,00:00.0,5.62659,0,0,0,0,0,0,0,0,0,0.109141,3.62,0
2476,2019-10-13,00:00.0,0,0,0,0,0,0,0,0,0,0,0.0567199,3.66,0
2477,2019-10-14,00:00.0,0,0,0,0,0,0,0,0,0,0,0.0356818,3.71,0
2478,2019-10-15,00:00.0,0,0,0,0,0,0,0,0,0,0,0.0251788,3.72,0
2479,2019-10-16,00:00.0,8.23894,0.0361002,0.0727757,0.102454,0.149216,0.179476,0.266063,0.27081,0.297951,0.301206,0.0528865,3.77,0.303173
2480,2019-10-17,00:00.0,9.04274,0.200605,0.471139,0.591631,0.876215,1.06646,1.6304,1.6624,1.8531,1.88063,0.313347,3.52,1.91011
2481,2019-10-18,00:00.0,0.401899,0.311482,0.75428,0.926231,1.37654,1.67945,2.5833,2.6349,2.9446,2.99056,0.937606,3.37,3.04266
2482,2019-10-19,00:00.0,0,0.278293,0.673912,0.82754,1.22987,1.50051,2.30804,2.35415,2.63085,2.67192,1.62075,3.39,2.71846
2483,2019-10-20,00:00.0,0,0.248641,0.602106,0.739366,1.09882,1.34063,2.06212,2.10331,2.35053,2.38722,2.01686,3.42,2.42881
2484,2019-10-21,00:00.0,0,0.178131,0.416815,0.525242,0.777848,0.946288,1.44496,1.4733,1.64246,1.66657,2.02014,3.46,1.69211
2485,2019-10-22,00:00.0,9.84653,0.259989,0.650829,0.779659,1.16282,1.42261,2.20354,2.24837,2.51887,2.56051,2.03689,3.49,2.61097
2486,2019-10-23,00:00.0,1.00475,0.302776,0.77639,0.913653,1.36619,1.67478,2.60727,2.66096,2.98635,3.0375,2.32934,3.52,3.10131
2487,2019-10-24,00:00.0,0.803799,0.18855,0.468096,0.564278,0.840946,1.02802,1.58938,1.62156,1.81597,1.84533,2.3687,3.47,1.87971
2488,2019-10-25,00:00.0,0,0.147192,0.35969,0.438759,0.652825,0.796966,1.228,1.25265,1.40136,1.42335,2.06857,3.43,1.44819
2489,2019-10-26,00:00.0,0,0.117839,0.283748,0.34998,0.51995,0.633951,0.973736,0.993124,1.10993,1.12685,1.74311,3.47,1.14528
2490,2019-10-27,00:00.0,31.1472,1.16278,3.08648,3.53893,5.31012,6.52956,10.2427,10.4573,11.7613,11.975,4.31085,3.49,12.2594
2491,2019-10-28,00:00.0,4.42089,2.17652,5.79682,6.63016,9.95201,12.241,19.2158,19.6191,22.0704,22.4735,12.3876,3.54,23.0119
2492,2019-10-29,00:00.0,0,1.99289,5.29767,6.06778,9.10606,11.1986,17.5723,17.9407,20.1799,20.5474,18.9429,3.09,21.0359
2493,2019-10-30,00:00.0,0.401899,1.74107,4.62456,5.29987,7.95294,9.77986,15.3435,15.6651,17.6193,17.9397,19.4811,2.83,18.3653
2494,2019-10-31,00:00.0,22.5064,2.3571,6.28178,7.18504,10.7872,13.2683,20.8263,21.2637,23.9234,24.3602,21.1378,2.76,24.9432
2495,2019-11-01,00:00.0,23.1092,3.78005,10.1073,11.5384,17.3317,21.3229,33.4844,34.1893,38.4767,39.1821,30.2408,2.99,40.1277
2496,2019-11-02,00:00.0,0,4.23831,11.3434,12.9425,19.4437,23.9228,37.572,38.3635,43.178,43.9704,40.4734,4.57,45.0341
2497,2019-11-03,00:00.0,2.8133,3.83723,10.2653,11.7167,17.6014,21.6553,34.007,34.7231,39.0799,39.7965,42.5381,5.34,40.7572
2498,2019-11-04,00:00.0,3.21519,3.56311,9.52522,10.8779,16.3403,20.1023,31.5631,32.2275,36.2696,36.934,39.705,5.54,37.8223
2499,2019-11-05,00:00.0,1.40665,3.25402,8.69163,9.9317,14.9175,18.3507,28.8081,29.4143,33.1016,33.7072,36.6574,5.59,34.5151
2500,2019-11-06,00:00.0,0,2.86366,7.64126,8.73771,13.1226,16.1414,25.3347,25.8675,29.1082,29.6399,33.0806,5.42,30.3478
2501,2019-11-07,00:00.0,5.22469,2.52462,6.73374,7.70242,11.5673,14.2277,22.329,22.7985,25.654,26.1223,29.3376,5.39,26.7455
2502,2019-11-08,00:00.0,0,2.25562,6.01625,6.88172,10.3348,12.7118,19.9498,20.3693,22.9206,23.339,26.1092,5.28,23.8957
2503,2019-11-09,00:00.0,0,2.01528,5.37522,6.14847,9.23361,11.3573,17.8242,18.199,20.4784,20.8522,23.3763,5.21,21.3496
2504,2019-11-10,00:00.0,0,1.80055,4.80249,5.49335,8.24976,10.1472,15.925,16.2599,18.2964,18.6304,20.9574,5.25,19.0748
2505,2019-11-11,00:00.0,0.803799,1.6087,4.29078,4.90803,7.37075,9.066,14.2282,14.5274,16.3469,16.6453,18.7838,5.34,17.0424
2506,2019-11-12,00:00.0,14.0665,1.43729,3.8336,4.38508,6.58539,8.10001,12.7122,12.9795,14.6052,14.8718,16.8456,5.4,15.2265
2507,2019-11-13,00:00.0,2.0095,1.28415,3.42512,3.91785,5.88372,7.23695,11.3577,11.5965,13.049,13.2872,15.1084,5.39,13.6041
2508,2019-11-14,00:00.0,2.0095,1.14732,3.06018,3.5004,5.2568,6.46585,10.1475,10.3609,11.6586,11.8714,13.5497,5.36,12.1546
2509,2019-11-15,00:00.0,0,1.02508,2.73411,3.12743,4.69669,5.77691,9.06629,9.25693,10.4164,10.6065,12.16,5.39,10.8595
2510,2019-11-16,00:00.0,0,0.915853,2.44279,2.7942,4.19626,5.16138,8.10027,8.2706,9.3065,9.47638,10.9,5.31,9.70244
2511,2019-11-17,00:00.0,0,0.818269,2.18251,2.49648,3.74914,4.61143,7.23719,7.38937,8.31489,8.46667,9.78627,5.33,8.66864
2512,2019-11-18,00:00.0,1.00475,0.731082,1.94996,2.23048,3.34967,4.12008,6.46606,6.60203,7.42893,7.56454,8.79637,5.44,7.745
2513,2019-11-19,00:00.0,7.83704,0.653185,1.74219,1.99282,2.99276,3.68109,5.7771,5.89858,6.63738,6.75854,7.87883,5.49,6.91976
2514,2019-11-20,00:00.0,0,0.600139,1.60368,1.83109,2.75323,3.38719,5.31589,5.42795,6.10818,6.21947,7.12743,5.48,6.36715
2515,2019-11-21,00:00.0,0,0.878571,2.34724,2.68941,4.06106,4.99401,7.81172,7.97787,8.98213,9.14191,7.57212,5.48,9.35393
2516,2019-11-22,00:00.0,8.64084,1.82422,4.87563,5.59563,8.4584,10.3995,16.2498,16.5964,18.6915,19.022,12.0399,5.48,19.4636
2517,2019-11-23,00:00.0,0.602849,2.36576,6.33181,7.26125,10.9761,13.4962,21.0947,21.5449,24.2678,24.6981,19.2867,5.5,25.2744
2518,2019-11-24,00:00.0,0,2.13615,5.72167,6.55944,9.91723,12.1947,19.0608,19.4679,21.9303,22.3192,22.8304,5.5,22.8402
2519,2019-11-25,00:00.0,0,1.90855,5.11203,5.86053,8.86055,10.8953,17.0299,17.3936,19.5936,19.9411,21.8996,5.54,20.4065
2520,2019-11-26,00:00.0,0.20095,1.99496,5.34044,6.12878,9.27255,11.4005,17.8069,18.1877,20.4894,20.8508,21.0932,5.56,21.3349
2521,2019-11-27,00:00.0,3.51662,2.25125,5.99726,6.93097,10.4504,12.8378,20.0386,20.4647,23.0592,23.4676,22.2789,5.56,24.0159
2522,2019-11-28,00:00.0,15.4731,2.79148,7.43852,8.58257,12.8894,15.8366,24.7831,25.3063,28.5082,29.0246,25.8332,5.59,29.7221
2523,2019-11-29,00:00.0,0,3.09227,8.26624,9.48645,14.2446,17.5128,27.4588,28.0381,31.5773,32.1552,30.2096,5.58,32.9381
2524,2019-11-30,00:00.0,0,2.75997,7.37823,8.46645,12.7127,15.6297,24.5073,25.0243,28.1827,28.6987,30.9821,12,29.3979
2525,2019-12-01,00:00.0,1.2057,2.46589,6.59208,7.56435,11.3582,13.9643,21.8961,22.3579,25.1798,25.6408,28.4262,15.8,26.2655
2526,2019-12-02,00:00.0,6.63134,2.20315,5.88969,6.75836,10.148,12.4764,19.563,19.9757,22.4969,22.9088,25.588,13,23.4669
2527,2019-12-03,00:00.0,0,1.96646,5.2568,6.03229,9.05769,11.136,17.461,17.8294,20.0797,20.4473,22.9444,11.2,20.9454
2528,2019-12-04,00:00.0,2.0095,1.75499,4.69134,5.38357,8.08359,9.93832,15.583,15.9117,17.92,18.248,20.5615,11.2,18.6925
2529,2019-12-05,00:00.0,4.01899,1.56771,4.1907,4.80908,7.22098,8.87777,13.9201,14.2137,16.0077,16.3007,18.4197,11.2,16.6978
2530,2019-12-06,00:00.0,5.02374,1.39513,3.72892,4.27963,6.4259,7.90017,12.3868,12.6481,14.2444,14.5051,16.4921,11.1,14.8583
2531,2019-12-07,00:00.0,2.21045,1.23512,3.30036,3.78872,5.68862,6.99353,10.9645,11.1957,12.6086,12.8393,14.716,11,13.1517
2532,2019-12-08,00:00.0,0,1.09743,2.93194,3.3663,5.05428,6.21356,9.74123,9.94666,11.2018,11.4067,13.1171,10.9,11.6842
2533,2019-12-09,00:00.0,9.04274,0.975236,2.60506,2.99144,4.49137,5.52144,8.65579,8.83831,9.95356,10.1355,11.7083,10.9,10.382
2534,2019-12-10,00:00.0,10.2484,1.54968,4.14781,4.75451,7.15585,8.79907,13.7856,14.0776,15.8554,16.143,12.9039,10.9,16.5322
2535,2019-12-11,00:00.0,1.2057,2.05794,5.51248,6.31441,9.51336,11.699,18.3238,18.7128,21.0767,21.4577,17.383,11.1,21.973
2536,2019-12-12,00:00.0,0,1.82842,4.89694,5.61011,8.45227,10.394,16.279,16.6245,18.7245,19.0628,19.8177,11.4,19.5204
2537,2019-12-13,00:00.0,0,1.6336,4.37517,5.01235,7.55168,9.28648,14.5444,14.8531,16.7294,17.0317,18.8259,11.4,17.4405
2538,2019-12-14,00:00.0,0.20095,1.4576,3.90364,4.47231,6.73805,8.28591,12.9772,13.2526,14.9267,15.1964,17.1201,15.2,15.5611
2539,2019-12-15,00:00.0,8.03799,1.29094,3.45646,3.96088,5.96751,7.33817,11.4919,11.7358,13.2182,13.4569,15.357,21.3,13.7796
2540,2019-12-16,00:00.0,2.0095,1.1412,3.05465,3.50138,5.27523,6.48667,10.1575,10.373,11.6831,11.8939,13.684,21.2,12.1789
2541,2019-12-17,00:00.0,0,1.01684,2.72154,3.11978,4.70032,5.77968,9.05015,9.2422,10.4094,10.5973,12.2027,20.6,10.8511
2542,2019-12-18,00:00.0,6.02849,0.908492,2.43156,2.78737,4.19949,5.16385,8.08585,8.25744,9.3003,9.46812,10.9087,14.1,9.69492
2543,2019-12-19,00:00.0,1.00475,0.811691,2.17248,2.49037,3.75204,4.61364,7.2243,7.37761,8.30935,8.45928,9.7845,10.3,8.66192
2544,2019-12-20,00:00.0,2.0095,0.725205,1.941,2.22502,3.35226,4.12205,6.45455,6.59152,7.42399,7.55794,8.79172,10.3,7.73899
2545,2019-12-21,00:00.0,0,0.647934,1.73419,1.98795,2.99507,3.68285,5.76681,5.88919,6.63296,6.75264,7.87353,10.2,6.9144
2546,2019-12-22,00:00.0,0,0.578897,1.54941,1.77613,2.6784,3.29289,5.15481,5.26415,5.92867,6.0356,7.07301,7.81,6.18012
2547,2019-12-23,00:00.0,0,0.506973,1.35613,1.55539,2.35127,2.88922,4.51879,4.6145,5.19618,5.28968,6.33412,5.55,5.41597
2548,2019-12-24,00:00.0,0,0.564322,1.50812,1.73426,2.63379,3.23439,5.04423,5.15156,5.80183,5.90419,5.97591,5.54,6.04194
2549,2019-12-25,00:00.0,0,0.62137,1.65991,1.91194,2.91351,3.57639,5.56654,5.68537,6.40374,6.51518,6.18426,5.56,6.66478
2550,2019-12-26,00:00.0,0,0.542149,1.44723,1.66821,2.54957,3.12774,4.8627,4.96635,5.59289,5.68986,6.21154,5.58,5.81993
2551,2019-12-27,00:00.0,0.401899,0.682235,1.81974,2.10126,3.21404,3.9425,6.12238,6.25333,7.04336,7.16432,6.40892,5.57,7.32655
2552,2019-12-28,00:00.0,0.401899,1.17458,3.13435,3.61774,5.52251,6.77752,10.5316,10.7573,12.1183,12.3264,8.56541,5.54,12.6058
2553,2019-12-29,00:00.0,0,1.44322,3.85533,4.4463,6.7896,8.33292,12.9508,13.2285,14.9028,15.1593,12.0858,5.59,15.5038
2554,2019-12-30,00:00.0,9.44464,1.31439,3.51313,4.05191,6.20323,7.61006,11.8176,12.0709,13.5985,13.832,13.9232,15.6,14.1457
2555,2019-12-31,00:00.0,3.61709,1.39621,3.72926,4.30527,6.60029,8.095,12.56,12.8294,14.4526,14.6995,14.381,21.6,15.0311
2556,2020-01-01,00:00.0,2.0095,1.47015,3.92464,4.5342,6.95968,8.5338,13.2315,13.5155,15.225,15.4841,15.1124,24.8,15.832
2557,2020-01-02,00:00.0,0,1.29713,3.46142,4.00074,6.1578,7.5465,11.6894,11.9399,13.4481,13.6763,14.9577,26.4,13.9826
2558,2020-01-03,00:00.0,0,1.145,3.0543,3.53166,5.45194,6.67761,10.3329,10.5541,11.8852,12.0863,13.6986,23.1,12.3562
2559,2020-01-04,00:00.0,0,1.20219,3.20711,3.70975,5.73111,7.01912,10.8565,11.089,12.4884,12.6989,12.9772,15.3,12.9814
2560,2020-01-05,00:00.0,1.00475,1.25328,3.34365,3.86887,5.9809,7.3246,11.3246,11.5674,13.0276,13.2466,13.1599,11.4,13.5404
2561,2020-01-06,00:00.0,8.03799,1.10582,2.94907,3.41384,5.29371,6.47919,10.0068,10.221,11.5094,11.7022,12.8778,11.5,11.9609
2562,2020-01-07,00:00.0,0,0.974079,2.59654,3.0073,4.67889,5.723,8.8286,9.01733,10.152,10.3216,11.7816,11.5,10.5488
2563,2020-01-08,00:00.0,5.02374,0.856371,2.28157,2.64407,4.12876,5.04656,7.77511,7.94104,8.9385,9.08719,10.5373,11.4,9.28638
2564,2020-01-09,00:00.0,2.0095,0.755231,2.01125,2.33193,3.65536,4.46467,6.86969,7.01604,7.89559,8.02647,9.38063,11.4,8.2017
2565,2020-01-10,00:00.0,0,0.668459,1.7796,2.06408,3.24859,3.96486,6.09273,6.22226,7.0007,7.11637,8.34695,11.4,7.27119
2566,2020-01-11,00:00.0,30.9463,0.587108,1.56307,1.81304,2.86673,3.49613,5.365,5.47882,6.16268,6.26411,7.41296,11.3,6.39958
2567,2020-01-12,00:00.0,60.8878,9.31908,24.8333,28.6107,43.4031,53.3029,83.0923,84.8611,95.5596,97.2345,46.1254,23.6,99.4816
2568,2020-01-13,00:00.0,1.00475,11.0766,29.6001,33.9793,51.6326,63.4059,98.9378,101.038,113.752,115.768,102.134,52,118.48
2569,2020-01-14,00:00.0,0,3.83862,10.3854,11.7428,18.1531,22.2486,34.7472,35.4736,39.886,40.6196,81.4447,106,41.6175
2570,2020-01-15,00:00.0,0,3.41569,9.24056,10.4488,16.2857,19.9298,31.0505,31.6968,35.6227,36.2754,40.9796,117,37.1631
2571,2020-01-16,00:00.0,3.01425,3.03783,8.21767,9.29271,14.6084,17.8491,27.7388,28.3135,31.8048,32.3852,35.9936,117,33.1745
2572,2020-01-17,00:00.0,2.0095,2.70023,7.30377,8.25977,13.1046,15.9849,24.7747,25.2855,28.3884,28.9042,32.1434,120,29.6055
2573,2020-01-18,00:00.0,0.602849,2.40556,6.50639,7.35829,11.7907,14.3566,22.1867,22.6418,25.4059,25.8653,28.7984,70.7,26.49
2574,2020-01-19,00:00.0,22.1045,2.14805,5.80985,6.57059,10.6371,12.9283,19.9201,20.3265,22.7947,23.2049,25.8582,23.1,23.7627
2575,2020-01-20,00:00.0,0.20095,1.91505,5.17945,5.8578,9.5835,11.6261,17.8593,18.2216,20.4219,20.7876,23.2455,12.9,21.2849
2576,2020-01-21,00:00.0,0,1.70807,4.61951,5.22463,8.63967,10.4615,16.0208,16.3439,18.3064,18.6325,20.9015,8,19.0759
2577,2020-01-22,00:00.0,0,1.52607,4.1273,4.66794,7.80292,9.43062,14.3976,14.6863,16.4396,16.731,18.803,5.47,17.1272
2578,2020-01-23,00:00.0,0,1.35923,3.67587,4.15754,7.02826,8.47795,12.9016,13.1587,14.7203,14.9798,16.9168,5.49,15.3326
2579,2020-01-24,00:00.0,0,1.2032,3.25338,3.68012,6.29643,7.57954,11.4948,11.7223,13.1043,13.3339,15.1739,5.49,13.6461
2580,2020-01-25,00:00.0,13.6646,1.06108,2.86843,3.2452,5.62333,6.75467,10.2066,10.4072,11.6256,11.828,13.5582,5.46,12.103
2581,2020-01-26,00:00.0,1.2057,0.934105,2.52449,2.85663,5.01611,6.01186,9.0498,9.22636,10.2986,10.4766,12.0894,8.76,10.7185
2582,2020-01-27,00:00.0,2.0095,0.820656,2.2172,2.50945,4.46823,5.34283,8.01093,8.16599,9.10762,9.26391,10.7525,13.8,9.47617
2583,2020-01-28,00:00.0,0,0.719296,1.94265,2.19927,3.97577,4.74213,7.07978,7.21564,8.04059,8.17745,9.56117,15.1,8.36325
2584,2020-01-29,00:00.0,0,0.628735,1.69735,1.92214,3.53462,4.20426,6.24669,6.36539,7.08608,7.20559,8.49135,15.1,7.36775
2585,2020-01-30,00:00.0,0,0.548805,1.48089,1.67755,3.14259,3.72689,5.5088,5.61236,6.24106,6.34526,7.51882,15,6.48657
2586,2020-01-31,00:00.0,0,0.480983,1.29738,1.47007,2.80601,3.31795,4.879,4.96972,5.52045,5.61168,6.68139,14.9,5.73536
2587,2020-02-01,00:00.0,0.602849,0.421692,1.13701,1.28871,2.50845,2.95714,4.3252,4.40471,4.88731,4.96722,5.94546,14.8,5.07549
2588,2020-02-02,00:00.0,4.01899,0.361368,0.973503,1.10406,2.20487,2.58911,3.76037,3.82844,4.24153,4.30985,5.24594,14.7,4.40234
2589,2020-02-03,00:00.0,7.03324,0.301425,0.810776,0.920505,1.90202,2.22214,3.19751,3.2542,3.59808,3.65485,4.59261,8.89,3.73157
2590,2020-02-04,00:00.0,0,0.247869,0.665387,0.756505,1.6285,1.89133,2.69169,2.7382,3.02026,3.06671,3.98803,5.5,3.12933
2591,2020-02-05,00:00.0,0,0.200019,0.53549,0.609979,1.38137,1.59301,2.23701,2.27443,2.50125,2.53847,3.40651,5.49,2.5885
2592,2020-02-06,00:00.0,3.01425,0.165179,0.441204,0.50339,1.19558,1.37004,1.90057,1.9314,2.11815,2.14871,2.88489,5.5,2.18967
2593,2020-02-07,00:00.0,4.01899,0.143302,0.382423,0.436603,1.07141,1.22265,1.68247,1.70919,1.87102,1.89747,2.49464,5.49,1.93289
2594,2020-02-08,00:00.0,0.602849,0.119736,0.318843,0.364571,0.93973,1.06589,1.4492,1.47148,1.60631,1.62829,2.19758,5.5,1.65764
2595,2020-02-09,00:00.0,3.01425,0.10015,0.266078,0.30473,0.827367,0.932696,1.25253,1.27111,1.38356,1.40184,1.92272,5.5,1.42618
2596,2020-02-10,00:00.0,12.057,0.0894791,0.237728,0.272261,0.757887,0.851994,1.13775,1.15435,1.25482,1.27115,1.68861,5.5,1.29289
2597,2020-02-11,00:00.0,0,0.0692256,0.182897,0.210292,0.643706,0.716194,0.935959,0.948729,1.0259,1.03835,1.47101,5.4,1.05482
2598,2020-02-12,00:00.0,0,0.0404106,0.10441,0.121965,0.489263,0.530843,0.656108,0.663386,0.707141,0.713992,1.22176,5.51,0.722787
2599,2020-02-13,00:00.0,3.01425,0.0153099,0.036703,0.0448092,0.352111,0.3669,0.41076,0.413266,0.427888,0.430036,0.969524,5.53,0.432622
2600,2020-02-14,00:00.0,2.0095,0.001903,0.00301599,0.00466587,0.271861,0.273153,0.276676,0.276838,0.277466,0.277509,0.778399,5.53,0.277509
2601,2020-02-15,00:00.0,0,0,0,0,0.247341,0.247341,0.247341,0.247341,0.247341,0.247341,0.646713,5.53,0.247341
2602,2020-02-16,00:00.0,3.01425,0,0,0,0.234353,0.234353,0.234353,0.234353,0.234353,0.234353,0.544846,5.54,0.234353
2603,2020-02-17,00:00.0,0,0,0,0,0.225096,0.225096,0.225096,0.225096,0.225096,0.225096,0.464637,5.52,0.225096
2604,2020-02-18,00:00.0,5.02374,0,0,0,0.216523,0.216523,0.216523,0.216523,0.216523,0.216523,0.400932,5.5,0.216523
2605,2020-02-19,00:00.0,0,0,0,0,0.207956,0.207956,0.207956,0.207956,0.207956,0.207956,0.35,5.51,0.207956
2606,2020-02-20,00:00.0,0.602849,0,0,0,0.199764,0.199764,0.199764,0.199764,0.199764,0.199764,0.31002,5.49,0.199764
2607,2020-02-21,00:00.0,0,0,0,0,0.192464,0.192464,0.192464,0.192464,0.192464,0.192464,0.280314,5.48,0.192464
2608,2020-02-22,00:00.0,0,0,0,0,0.185728,0.185728,0.185728,0.185728,0.185728,0.185728,0.257419,5.48,0.185728
2609,2020-02-23,00:00.0,0,0,0,0,0.178692,0.178692,0.178692,0.178692,0.178692,0.178692,0.236607,5.27,0.178692
2610,2020-02-24,00:00.0,0,0,0,0,0.171298,0.171298,0.171298,0.171298,0.171298,0.171298,0.217025,5.2,0.171298
2611,2020-02-25,00:00.0,11.0522,0.0541759,0.154321,0.161896,0.41816,0.479777,0.663464,0.674757,0.738064,0.748172,0.275291,5.21,0.761836
2612,2020-02-26,00:00.0,3.01425,0.171723,0.482642,0.523483,0.970423,1.16356,1.73928,1.7747,1.97975,2.01168,0.55533,5.22,2.05503
2613,2020-02-27,00:00.0,7.03324,0.213205,0.596547,0.655154,1.16523,1.40415,2.11636,2.1602,2.41721,2.45686,1.07614,5.27,2.51082
2614,2020-02-28,00:00.0,3.01425,0.176914,0.496586,0.542597,0.987414,1.18621,1.77893,1.81543,2.02859,2.06159,1.53273,5.39,2.10654
2615,2020-02-29,00:00.0,5.02374,0.151401,0.425807,0.463799,0.861442,1.03186,1.54002,1.57132,1.75368,1.78199,1.70924,5.46,1.82054
2616,2020-03-01,00:00.0,0,0.132816,0.373858,0.406654,0.768803,0.918411,1.36455,1.39203,1.55199,1.57684,1.71095,5.43,1.61069
2617,2020-03-02,00:00.0,0,0.118664,0.334024,0.363324,0.697504,0.831172,1.22977,1.25432,1.39724,1.41944,1.63581,5.3,1.44969
2618,2020-03-03,00:00.0,0,0.0835817,0.238261,0.253941,0.524753,0.619939,0.903984,0.921504,1.02199,1.03783,1.46867,5.27,1.05946
2619,2020-03-04,00:00.0,2.0095,0.0275883,0.0806479,0.0825017,0.251185,0.283298,0.379258,0.385193,0.418239,0.423604,1.14678,5.31,0.430962
2620,2020-03-05,00:00.0,0,0,0,0,0.112494,0.112494,0.112494,0.112494,0.112494,0.112494,0.827212,5.32,0.112494
2621,2020-03-06,00:00.0,3.01425,0,0,0,0.105409,0.105409,0.105409,0.105409,0.105409,0.105409,0.631388,5.32,0.105409
2622,2020-03-07,00:00.0,0,0,0,0,0.0999974,0.0999974,0.0999974,0.0999974,0.0999974,0.0999974,0.492477,5.27,0.0999974
2623,2020-03-08,00:00.0,0,0,0,0,0.0958324,0.0958324,0.0958324,0.0958324,0.0958324,0.0958324,0.391045,5.27,0.0958324
2624,2020-03-09,00:00.0,0,0,0,0,0.0915518,0.0915518,0.0915518,0.0915518,0.0915518,0.0915518,0.313068,5.27,0.0915518
2625,2020-03-10,00:00.0,15.4731,1.57932,4.22059,4.85479,7.44377,9.12805,14.1888,14.4906,16.3132,16.5973,4.20567,5.24,16.9795
2626,2020-03-11,00:00.0,4.21994,4.24952,11.3525,13.0631,19.8969,24.4283,38.0397,38.8517,43.755,44.5183,22.1267,5.71,45.5445
2627,2020-03-12,00:00.0,0,5.0302,13.4332,15.463,23.5753,28.9385,45.0435,46.0046,51.8076,52.7098,43.8907,5.77,53.9222
2628,2020-03-13,00:00.0,4.21994,4.78572,12.7847,14.7186,22.4961,27.6016,42.9282,43.8437,49.3718,50.2301,51.5097,19.2,51.3839
2629,2020-03-14,00:00.0,0,4.65498,12.4455,14.3296,21.9639,26.9359,41.8543,42.7467,48.1376,48.9725,50.762,37.5,50.0958
2630,2020-03-15,00:00.0,0,4.19994,11.2309,12.9351,19.9126,24.401,37.8621,38.6682,43.5381,44.2906,47.9856,51.4,45.3032
2631,2020-03-16,00:00.0,0,3.71264,9.92474,11.4345,17.6887,21.6559,33.5507,34.2633,38.5675,39.2319,43.3095,51,40.1256
2632,2020-03-17,00:00.0,1.00475,3.28189,8.77047,10.108,15.7169,19.2233,29.7341,30.364,34.1682,34.7549,38.55,47.2,35.5436
2633,2020-03-18,00:00.0,0,2.88314,7.70097,8.88013,13.8828,16.9625,26.1907,26.7441,30.0853,30.5997,34.1768,44.3,31.2909
2634,2020-03-19,00:00.0,0.20095,2.52226,6.73268,7.76887,12.2156,14.9092,22.9761,23.4601,26.3823,26.8312,30.1636,27.8,27.4339
2635,2020-03-20,00:00.0,5.02374,3.49266,9.31398,10.7548,16.7679,20.4969,31.6535,32.3238,36.3663,36.985,32.1793,14.1,37.8149
2636,2020-03-21,00:00.0,3.61709,9.22271,24.5848,27.9505,43.1699,53.0198,82.406,84.1709,94.5501,96.148,65.0851,29.5,98.2604
2637,2020-03-22,00:00.0,0,10.4045,27.7364,31.6225,48.8147,59.9208,93.093,95.0831,106.848,108.662,102.717,51,111.067
2638,2020-03-23,00:00.0,5.02374,6.61836,17.6455,20.4402,31.679,38.7346,59.89,61.1572,68.8501,70.0331,91.5618,51,71.6261
2639,2020-03-24,00:00.0,4.42089,5.90369,15.7393,18.2331,28.4262,34.7197,53.5896,54.72,61.582,62.6371,68.0949,34.1,64.0578
2640,2020-03-25,00:00.0,0,5.77059,15.3839,17.82,27.8833,34.0396,52.4775,53.5841,60.2927,61.3202,63.5958,15.7,62.7013
2641,2020-03-26,00:00.0,0,6.78417,18.0846,20.9364,32.6849,39.9263,61.5938,62.8962,70.7762,71.9799,67.8703,9.51,73.5963
2642,2020-03-27,00:00.0,0,7.41871,19.5639,23.1444,35.866,43.7078,67.1888,68.5979,77.3138,78.6272,76.5416,9.57,80.3968
2643,2020-03-28,00:00.0,0,6.87598,17.9498,21.7026,33.5241,40.7177,62.3086,63.5986,71.7672,72.989,77.425,13.9,74.6442
2644,2020-03-29,00:00.0,15.0712,6.77888,17.7969,21.3052,33.0089,40.1087,61.5302,62.7988,70.7969,72.0249,74.2132,18,73.6975
2645,2020-03-30,00:00.0,14.5689,7.31992,19.3769,22.8168,35.417,43.0997,66.4426,67.8085,76.3573,77.718,76.5089,29.8,79.5827
2646,2020-03-31,00:00.0,0.20095,7.19051,19.1296,22.2984,34.8225,42.3748,65.4357,66.7737,75.1146,76.475,78.8265,47.7,78.3487
2647,2020-04-01,00:00.0,1.2057,6.46282,17.2314,19.9919,31.5438,38.3294,59.1124,60.312,67.7798,69.015,74.623,47.9,70.7225
2648,2020-04-02,00:00.0,0,5.81505,15.5441,17.9356,28.6132,34.7162,53.4751,54.5512,61.2401,62.3646,67.5802,47.6,63.9256
2649,2020-04-03,00:00.0,0,5.20295,13.9541,15.9858,25.8167,31.2738,48.127,49.0859,55.0354,56.0572,61.0409,26.1,57.4835
2650,2020-04-04,00:00.0,0,4.64369,12.5027,14.2011,23.2446,28.111,43.2254,44.0769,49.3485,50.2772,54.9445,14.3,51.5818
2651,2020-04-05,00:00.0,0,4.13563,11.1849,12.5778,20.894,25.2232,38.7592,39.513,44.1674,45.0118,49.3667,11.5,46.2068
2652,2020-04-06,00:00.0,0,3.67732,9.99626,11.1125,18.7654,22.6098,34.7224,35.3878,39.4847,40.2534,44.3011,11.5,41.3499
2653,2020-04-07,00:00.0,0,3.27962,8.9631,9.84453,16.9268,20.3511,31.2255,31.8147,35.4302,36.1323,39.8049,7.38,37.1264
2654,2020-04-08,00:00.0,4.82279,2.99496,8.26284,8.90911,15.5765,18.7092,28.7483,29.2818,32.5497,33.2047,36.1184,5.21,34.0902
2655,2020-04-09,00:00.0,8.64084,2.89405,8.0299,8.57377,15.1144,18.1609,27.9277,28.4417,31.5929,32.2263,33.8533,5.21,33.0528
2656,2020-04-10,00:00.0,0.803799,2.726,7.55444,8.08815,14.4244,17.3042,26.4962,26.9812,29.9564,30.5481,32.4046,5.06,31.321
2657,2020-04-11,00:00.0,0,2.4233,6.71581,7.1887,13.101,15.6608,23.8327,24.2636,26.9075,27.4337,30.1972,4.94,28.1209
2658,2020-04-12,00:00.0,0,2.16509,6.00023,6.42274,11.9479,14.2349,21.5361,21.9212,24.2833,24.7535,27.4066,4.93,25.3674
2659,2020-04-13,00:00.0,5.82754,1.96051,5.42261,5.81212,10.9805,13.0478,19.6455,19.9933,22.1258,22.5498,24.8268,4.91,23.1028
2660,2020-04-14,00:00.0,0,1.66588,4.59877,4.9227,9.5542,11.3043,16.9027,17.1957,18.9916,19.3521,22.0785,4.93,19.8197
2661,2020-04-15,00:00.0,0,1.37655,3.801,4.05432,8.16598,9.60868,14.2398,14.48,15.9531,16.2529,19.1045,4.91,16.6398
2662,2020-04-16,00:00.0,0,1.22987,3.396,3.62233,7.44192,8.7309,12.8685,13.0832,14.3993,14.6672,16.7041,4.9,15.0129
2663,2020-04-17,00:00.0,0,1.09883,3.03415,3.23637,6.77935,7.93099,11.6278,11.8195,12.9955,13.2348,14.9724,8.2,13.5436
2664,2020-04-18,00:00.0,0,0.98175,2.71086,2.89153,6.17425,7.20318,10.5061,10.6774,11.728,11.9419,13.5105,9.85,12.2178
2665,2020-04-19,00:00.0,0,0.877144,2.42202,2.58344,5.62688,6.54618,9.49714,9.6502,10.5889,10.7799,12.2268,9.87,11.0265
2666,2020-04-20,00:00.0,2.4114,0.673124,1.85964,1.9673,4.59783,5.2994,7.56942,7.68476,8.39293,8.54158,10.6155,6.45,8.73116
2667,2020-04-21,00:00.0,1.30617,0.490843,1.35718,1.41681,3.6631,4.17014,5.83176,5.9134,6.41561,6.52639,8.68714,4.9,6.66508
2668,2020-04-22,00:00.0,1.00475,0.438543,1.21257,1.26585,3.34788,3.8009,5.28547,5.35841,5.8071,5.90608,7.25032,4.9,6.03
2669,2020-04-23,00:00.0,0,0.391816,1.08337,1.13097,3.0591,3.46385,4.79024,4.85541,5.2563,5.34473,6.36884,4.9,5.45544
2670,2020-04-24,00:00.0,0,0.350068,0.96794,1.01047,2.79463,3.15626,4.34132,4.39955,4.75772,4.83673,5.69556,4.9,4.93564
2671,2020-04-25,00:00.0,0,0.300522,0.831105,0.865148,2.49593,2.80578,3.82397,3.87364,4.17925,4.24741,5.08185,4.9,4.3324
2672,2020-04-26,00:00.0,0,0.1805,0.518796,0.502979,1.87554,2.06409,2.70321,2.73238,2.90928,2.95433,4.28971,4.9,3.00926
2673,2020-04-27,00:00.0,0,0.0751275,0.239834,0.189236,1.32349,1.40558,1.7048,1.71631,1.78304,1.80629,3.2713,4.89,1.83232
2674,2020-04-28,00:00.0,0.602849,0.0426013,0.134862,0.105083,1.10541,1.15204,1.32058,1.32683,1.36411,1.37638,2.40707,4.9,1.38681
2675,2020-04-29,00:00.0,0.20095,0.0126355,0.0394551,0.030481,0.898007,0.911878,0.961325,0.963048,0.973879,0.977082,1.81092,4.9,0.9781
2676,2020-04-30,00:00.0,8.43989,0.150588,0.395803,0.454311,1.43997,1.59588,2.07238,2.09951,2.2636,2.29099,1.66976,4.9,2.3275
2677,2020-05-01,00:00.0,14.0665,0.559339,1.47332,1.69125,3.21709,3.79796,5.5713,5.67268,6.28652,6.38843,2.8587,4.92,6.5245
2678,2020-05-02,00:00.0,0,0.773948,2.04023,2.34208,4.15327,4.95792,7.41342,7.55399,8.40556,8.54667,5.24643,4.9,8.73519
2679,2020-05-03,00:00.0,1.6076,0.691484,1.82285,2.09253,3.76208,4.48099,6.67486,6.80046,7.56129,7.68736,6.93905,4.89,7.85579
2680,2020-05-04,00:00.0,0,0.601984,1.58508,1.82092,3.33417,3.95937,5.86702,5.97618,6.63736,6.74685,7.18149,4.87,6.89296
2681,2020-05-05,00:00.0,0,0.522021,1.37265,1.57825,2.94822,3.4897,5.14163,5.23612,5.80826,5.90292,6.7607,4.84,6.0291
2682,2020-05-06,00:00.0,0,0.466399,1.22639,1.41009,2.67518,3.15896,4.63488,4.71929,5.23047,5.31505,6.16836,4.84,5.42778
2683,2020-05-07,00:00.0,0,0.416704,1.09572,1.25985,2.42863,2.86087,4.17952,4.25494,4.71166,4.78722,5.5885,4.83,4.88794
2684,2020-05-08,00:00.0,0,0.372304,0.978969,1.12561,2.20593,2.59211,3.77026,3.83765,4.24569,4.31321,5.04759,4.84,4.4032
2685,2020-05-09,00:00.0,5.02374,0.417966,1.09643,1.26451,2.39329,2.82619,4.14531,4.22092,4.67865,4.75405,4.80735,4.3,4.85466
2686,2020-05-10,00:00.0,2.0095,0.458762,1.20137,1.38862,2.56092,3.03556,4.48062,4.56358,5.06571,5.14814,4.95014,3.83,5.25826
2687,2020-05-11,00:00.0,7.63609,0.705774,1.86626,2.14165,3.67931,4.41587,6.6616,6.79072,7.57367,7.70295,5.87792,3.83,7.87565
2688,2020-05-12,00:00.0,0,0.926467,2.46031,2.81444,4.68547,5.65603,8.61712,8.78748,9.82133,9.99247,7.75883,3.83,10.2211
2689,2020-05-13,00:00.0,0,0.827751,2.19816,2.51456,4.23389,5.10104,7.74662,7.89882,8.82252,8.97543,8.94366,3.85,9.17968
2690,2020-05-14,00:00.0,0,0.739554,1.96395,2.24663,3.82742,4.60217,6.96586,7.10185,7.92713,8.06375,8.79907,3.87,8.24623
2691,2020-05-15,00:00.0,3.61709,0.739813,1.96404,2.24644,3.82081,4.59544,6.95934,7.09524,7.91982,8.05647,8.45022,3.87,8.23869
2692,2020-05-16,00:00.0,3.51662,0.829012,2.20092,2.51641,4.22119,5.08902,7.73817,7.89037,8.81367,8.96691,8.60975,3.88,9.17083
2693,2020-05-17,00:00.0,0,0.769715,2.03828,2.33415,3.93747,4.74133,7.19456,7.33537,8.18921,8.33073,8.72645,3.87,8.51831
2694,2020-05-18,00:00.0,18.2864,1.30432,3.47591,3.97065,6.39652,7.76807,11.9513,12.1926,13.6589,13.9013,10.4177,7.09,14.2257
2695,2020-05-19,00:00.0,9.64558,2.19062,5.86272,6.6835,10.5016,12.8152,19.8708,20.2791,22.7614,23.1717,16.3527,7.25,23.724
2696,2020-05-20,00:00.0,0,2.17249,5.80818,6.62746,10.4408,12.7335,19.7231,20.1276,22.587,22.9928,21.5535,5.04,23.5384
2697,2020-05-21,00:00.0,0,1.7035,4.53571,5.19103,8.28404,10.0756,15.5329,15.8486,17.7668,18.0821,21.0158,4.99,18.504
2698,2020-05-22,00:00.0,0,1.26979,3.35835,3.86244,6.27305,7.60096,11.6406,11.874,13.2916,13.523,17.2783,5.13,13.8302
2699,2020-05-23,00:00.0,0,0.751061,1.94532,2.27193,3.83913,4.61091,6.9488,7.08345,7.89945,8.02978,12.6689,8.04,8.19844
2700,2020-05-24,00:00.0,0,0.230144,0.575976,0.689989,1.4053,1.6351,2.32629,2.36588,2.60493,2.64165,7.79077,9.32,2.68693
2701,2020-05-25,00:00.0,0,0,0,0,0.307747,0.307747,0.307747,0.307747,0.307747,0.307747,3.9936,6.51,0.307747
2702,2020-05-26,00:00.0,0.20095,0,0,0,0.246712,0.246712,0.246712,0.246712,0.246712,0.246712,2.00661,5.04,0.246712
2703,2020-05-27,00:00.0,0,0,0,0,0.203271,0.203271,0.203271,0.203271,0.203271,0.203271,1.13745,5.05,0.203271
2704,2020-05-28,00:00.0,0,0,0,0,0.169606,0.169606,0.169606,0.169606,0.169606,0.169606,0.699408,5.06,0.169606
2705,2020-05-29,00:00.0,6.73181,0,0,0,0.137119,0.137119,0.137119,0.137119,0.137119,0.137119,0.466551,5.07,0.137119
2706,2020-05-30,00:00.0,9.14321,0,0,0,0.105769,0.105769,0.105769,0.105769,0.105769,0.105769,0.284128,5.08,0.105769
2707,2020-05-31,00:00.0,0,0,0,0,0.0862393,0.0862393,0.0862393,0.0862393,0.0862393,0.0862393,0.179798,5.07,0.0862393
2708,2020-06-01,00:00.0,0,0,0,0,0.0806691,0.0806691,0.0806691,0.0806691,0.0806691,0.0806691,0.146408,7.88,0.0806691
2709,2020-06-02,00:00.0,1.00475,0,0,0,0.0778461,0.0778461,0.0778461,0.0778461,0.0778461,0.0778461,0.129554,9.38,0.0778461
2710,2020-06-03,00:00.0,4.01899,0,0,0,0.0654362,0.0654362,0.0654362,0.0654362,0.0654362,0.0654362,0.0800699,9.37,0.0654362
2711,2020-06-04,00:00.0,0,0,0,0,0.0426666,0.0426666,0.0426666,0.0426666,0.0426666,0.0426666,0.019003,6.44,0.0426666
2712,2020-06-05,00:00.0,0,0,0,0,0.0154603,0.0154603,0.0154603,0.0154603,0.0154603,0.0154603,0,5.08,0.0154603
2713,2020-06-06,00:00.0,0,0,0,0,0,0,0,0,0,0,0,5.1,0
2714,2020-06-07,00:00.0,0,0,0,0,0,0,0,0,0,0,0,5.1,0
2715,2020-06-08,00:00.0,0,0,0,0,0,0,0,0,0,0,0,5.09,0
2716,2020-06-09,00:00.0,0,0,0,0,0,0,0,0,0,0,0,5.1,0
2717,2020-06-10,00:00.0,11.4541,0,0,0,0,0,0,0,0,0,0,5.11,0
2718,2020-06-11,00:00.0,19.0902,0.0404254,0.0760882,0.112055,0.161656,0.193545,0.283926,0.288732,0.315588,0.318585,0,5.15,0.324628
2719,2020-06-12,00:00.0,0,0.0466913,0.0760882,0.119738,0.169338,0.201228,0.291616,0.296422,0.323279,0.326275,0,5.17,0.335746
2720,2020-06-13,00:00.0,0,0.0118642,0,0.0145468,0.0145468,0.0145468,0.0145612,0.0145612,0.0145612,0.0145612,0,5.15,0.021053
2721,2020-06-14,00:00.0,0,0.0106001,0,0.0129969,0.0129969,0.0129969,0.0130097,0.0130097,0.0130097,0.0130097,0,5.14,0.0188098
2722,2020-06-15,00:00.0,0,0.00947061,0,0.011612,0.011612,0.011612,0.0116235,0.0116235,0.0116235,0.0116235,0,5.15,0.0168056
2723,2020-06-16,00:00.0,0,0.00846151,0,0.0103748,0.0103748,0.0103748,0.010385,0.010385,0.010385,0.010385,0,5.15,0.015015
2724,2020-06-17,00:00.0,0,0.00755994,0,0.00926934,0.00926934,0.00926934,0.00927851,0.00927851,0.00927851,0.00927851,0,5.18,0.0134151
2725,2020-06-18,00:00.0,0,0.00356726,0,0.00437386,0.00437386,0.00437386,0.00437819,0.00437819,0.00437819,0.00437819,0,5.19,0.0063301
2726,2020-06-19,00:00.0,0,0,0,0,0,0,0,0,0,0,0,5.2,0
2727,2020-06-20,00:00.0,22.5064,0.139135,0.342323,0.415105,0.617971,0.754898,1.16529,1.18877,1.33065,1.35186,0,5.19,1.38226
2728,2020-06-21,00:00.0,2.71282,0.139135,0.342323,0.415105,0.617971,0.754898,1.16529,1.18877,1.33065,1.35186,0,5.16,1.38226
2729,2020-06-22,00:00.0,0.401899,0,0,0,0,0,0,0,0,0,0,5.15,0
2730,2020-06-23,00:00.0,0.20095,0,0,0,0,0,0,0,0,0,0,5.14,0
2731,2020-06-24,00:00.0,20.6978,0.0378934,0.0781734,0.108325,0.15827,0.190671,0.283757,0.288924,0.318747,0.322432,0,5.14,0.329968
2732,2020-06-25,00:00.0,0.20095,0.0717492,0.148017,0.205107,0.299677,0.361026,0.53728,0.547063,0.603532,0.610508,0,6.83,0.624779
2733,2020-06-26,00:00.0,0,0.0338558,0.069844,0.0967825,0.141407,0.170355,0.253528,0.258144,0.28479,0.288082,0,8.46,0.297286
2734,2020-06-27,00:00.0,0.803799,0,0,0,0,0,5.45E-06,5.45E-06,5.45E-06,5.45E-06,0,8.4,0.00247577
2735,2020-06-28,00:00.0,18.2864,0.0681467,0.159785,0.201519,0.29887,0.363453,0.55444,0.565362,0.631278,0.640292,0,6.23,0.653298
2736,2020-06-29,00:00.0,0,0.0681467,0.159785,0.201519,0.29887,0.363453,0.55444,0.565362,0.631278,0.640292,0,5.13,0.653298
2737,2020-06-30,00:00.0,0,0,0,0,0,0,0,0,0,0,0,5.1,0
2738,2020-07-01,00:00.0,0,0,0,0,0,0,0,0,0,0,0,5.1,0
2739,2020-07-02,00:00.0,0,0,0,0,0,0,0,0,0,0,0,5.09,0
2740,2020-07-03,00:00.0,0,0,0,0,0,0,0,0,0,0,0,5.1,0
2741,2020-07-04,00:00.0,0,0,0,0,0,0,0,0,0,0,0,5.09,0
2742,2020-07-05,00:00.0,0,0,0,0,0,0,0,0,0,0,0,5.11,0
2743,2020-07-06,00:00.0,0,0,0,0,0,0,0,0,0,0,0,5.12,0
2744,2020-07-07,00:00.0,0,0,0,0,0,0,0,0,0,0,0,5.13,0
2745,2020-07-08,00:00.0,0,0,0,0,0,0,0,0,0,0,0,5.13,0
2746,2020-07-09,00:00.0,0,0,0,0,0,0,0,0,0,0,0,5.14,0
2747,2020-07-10,00:00.0,0,0,0,0,0,0,0,0,0,0,0,5.1,0
2748,2020-07-11,00:00.0,7.63609,0,0,0,0,0,0,0,0,0,0,5.13,0
2749,2020-07-12,00:00.0,9.44464,0,0,0,0,0,0,0,0,0,0,5.13,0
2750,2020-07-13,00:00.0,0,0,0,0,0,0,0,0,0,0,0,5.12,0
2751,2020-07-14,00:00.0,0,0,0,0,0,0,0,0,0,0,0,5.11,0
2752,2020-07-15,00:00.0,0,0,0,0,0,0,0,0,0,0,0,5.12,0
2753,2020-07-16,00:00.0,0,0,0,0,0,0,0,0,0,0,0,5.14,0
2754,2020-07-17,00:00.0,3.41614,0,0,0,0,0,0,0,0,0,0,5.16,0
2755,2020-07-18,00:00.0,0,0,0,0,0,0,0,0,0,0,0,5.09,0
2756,2020-07-19,00:00.0,0,0,0,0,0,0,0,0,0,0,0,5.2,0
2757,2020-07-20,00:00.0,13.0617,0,0,0,0,0,0,0,0,0,0,5.24,0
2758,2020-07-21,00:00.0,0,0,0,0,0,0,0,0,0,0,0,5.25,0
2759,2020-07-22,00:00.0,0.401899,0,0,0,0,0,0,0,0,0,0,5.27,0
2760,2020-07-23,00:00.0,8.74131,0,0,0,0,0,0,0,0,0,0,5.31,0
2761,2020-07-24,00:00.0,0,0,0,0,0,0,0,0,0,0,0,4.55,0
2762,2020-07-25,00:00.0,0,0,0,0,0,0,0,0,0,0,0,3.36,0
2763,2020-07-26,00:00.0,0,0,0,0,0,0,0,0,0,0,0,4.63,0
2764,2020-07-27,00:00.0,0,0,0,0,0,0,0,0,0,0,0,5.44,0
2765,2020-07-28,00:00.0,0.401899,0,0,0,0,0,0,0,0,0,0,4.67,0
2766,2020-07-29,00:00.0,0.803799,0,0,0,0,0,0,0,0,0,0,4.29,0
2767,2020-07-30,00:00.0,0,0,0,0,0,0,0,0,0,0,0,4.29,0
2768,2020-07-31,00:00.0,0,0,0,0,0,0,0,0,0,0,0,4.28,0
2769,2020-08-01,00:00.0,0,0,0,0,0,0,0,0,0,0,0,4.26,0
2770,2020-08-02,00:00.0,24.9178,0,0,0,0,0,7.29E-06,7.29E-06,7.29E-06,7.29E-06,0,4.26,0.00344101
2771,2020-08-03,00:00.0,23.3102,0.0368672,0.0801834,0.107342,0.157998,0.191026,0.286646,0.292075,0.32393,0.328052,0,4.28,0.341892
2772,2020-08-04,00:00.0,13.0617,0.0368672,0.0801834,0.107342,0.157998,0.191026,0.286646,0.292075,0.32393,0.328051,0,4.28,0.341613
2773,2020-08-05,00:00.0,13.0617,0.0665439,0.16106,0.201008,0.300324,0.365798,0.558381,0.569829,0.639107,0.648815,0,4.25,0.664471
2774,2020-08-06,00:00.0,0,0.0795596,0.182381,0.235632,0.349361,0.423955,0.641738,0.654418,0.730095,0.740337,0,4.22,0.753414
2775,2020-08-07,00:00.0,0,0.0246445,0.0403691,0.0655599,0.0928489,0.110116,0.157845,0.160177,0.172293,0.173306,0,4.21,0.174396
2776,2020-08-08,00:00.0,0,0.0116289,0.0190487,0.0309353,0.043812,0.0519595,0.0744813,0.0755815,0.081299,0.081777,0,8.24,0.0822913
2777,2020-08-09,00:00.0,0,0,0,0,0,0,0,0,0,0,0,20.2,0
2778,2020-08-10,00:00.0,0,0,0,0,0,0,0,0,0,0,0,15.6,0
2779,2020-08-11,00:00.0,0,0,0,0,0,0,0,0,0,0,0,4.96,0
2780,2020-08-12,00:00.0,0,0,0,0,0,0,0,0,0,0,0,4.96,0
2781,2020-08-13,00:00.0,0,0,0,0,0,0,0,0,0,0,0,4.94,0
2782,2020-08-14,00:00.0,0,0,0,0,0,0,0,0,0,0,0,4.96,0
2783,2020-08-15,00:00.0,0,0,0,0,0,0,0,0,0,0,0,5.61,0
2784,2020-08-16,00:00.0,0,0,0,0,0,0,0,0,0,0,0,6.5,0
2785,2020-08-17,00:00.0,2.0095,0,0,0,0,0,0,0,0,0,0,6.53,0
2786,2020-08-18,00:00.0,3.81804,0,0,0,0,0,0,0,0,0,0,5.61,0
2787,2020-08-19,00:00.0,0,0,0,0,0,0,0,0,0,0,0,5.13,0
2788,2020-08-20,00:00.0,0,0,0,0,0,0,0,0,0,0,0,4.8,0
2789,2020-08-21,00:00.0,0,0,0,0,0,0,0,0,0,0,0,4.03,0
2790,2020-08-22,00:00.0,0,0,0,0,0,0,0,0,0,0,0,5.44,0
2791,2020-08-23,00:00.0,0,0,0,0,0,0,0,0,0,0,0,6.42,0
2792,2020-08-24,00:00.0,0,0,0,0,0,0,0,0,0,0,0,5.76,0
2793,2020-08-25,00:00.0,0,0,0,0,0,0,0,0,0,0,0,4.69,0
2794,2020-08-26,00:00.0,0,0,0,0,0,0,0,0,0,0,0,4.72,0
2795,2020-08-27,00:00.0,20.2959,0,0,0,0,0,1.18E-06,1.18E-06,1.18E-06,1.18E-06,0,4.79,0.000403682
2796,2020-08-28,00:00.0,0,0,0,0,0,0,1.18E-06,1.18E-06,1.18E-06,1.18E-06,0,4.84,0.000403682
2797,2020-08-29,00:00.0,2.21045,0,0,0,0,0,0,0,0,0,0,4.9,0
2798,2020-08-30,00:00.0,1.00475,0,0,0,0,0,0,0,0,0,0,5.71,0
2799,2020-08-31,00:00.0,0,0,0,0,0,0,0,0,0,0,0,6.15,0
2800,2020-09-01,00:00.0,0,0,0,0,0,0,0,0,0,0,0,6.18,0
2801,2020-09-02,00:00.0,19.4921,0,0,0,0,0,7.50E-06,7.50E-06,7.50E-06,7.50E-06,0,6.2,0.00356291
2802,2020-09-03,00:00.0,6.32992,0,0,0,0,0,7.50E-06,7.50E-06,7.50E-06,7.50E-06,0,5.67,0.00356291
2803,2020-09-04,00:00.0,4.62184,0,0,0,0,0,0,0,0,0,0,5.18,0
2804,2020-09-05,00:00.0,1.6076,0,0,0,0,0,0,0,0,0,0,5.62,0
2805,2020-09-06,00:00.0,0,0,0,0,0,0,0,0,0,0,0,6.26,0
2806,2020-09-07,00:00.0,12.057,0,0,0,0,0,2.13E-06,2.13E-06,2.13E-06,2.13E-06,0,6.26,0.00091344
2807,2020-09-08,00:00.0,0.602849,0,0,0,0,0,2.13E-06,2.13E-06,2.13E-06,2.13E-06,0,5.62,0.00091344
2808,2020-09-09,00:00.0,5.22469,0,0,0,0,0,0,0,0,0,0,5.3,0
2809,2020-09-10,00:00.0,0.401899,0,0,0,0,0,0,0,0,0,0,5.34,0
2810,2020-09-11,00:00.0,0,0,0,0,0,0,0,0,0,0,0,5.33,0
2811,2020-09-12,00:00.0,0,0,0,0,0,0,0,0,0,0,0,5.32,0
2812,2020-09-13,00:00.0,5.52612,0,0,0,0,0,0,0,0,0,0,5.39,0
2813,2020-09-14,00:00.0,2.0095,0,0,0,0,0,0,0,0,0,0,5.39,0
2814,2020-09-15,00:00.0,0,0,0,0,0,0,0,0,0,0,0,5.35,0
2815,2020-09-16,00:00.0,0,0,0,0,0,0,0,0,0,0,0,4.54,0
2816,2020-09-17,00:00.0,0,0,0,0,0,0,0,0,0,0,0,3.46,0
2817,2020-09-18,00:00.0,0,0,0,0,0,0,0,0,0,0,0,3.44,0
2818,2020-09-19,00:00.0,0,0,0,0,0,0,0,0,0,0,0,3.56,0
2819,2020-09-20,00:00.0,0,0,0,0,0,0,0,0,0,0,0,3.73,0
2820,2020-09-21,00:00.0,0,0,0,0,0,0,0,0,0,0,0,3.61,0
2821,2020-09-22,00:00.0,0,0,0,0,0,0,0,0,0,0,0,3.44,0
2822,2020-09-23,00:00.0,0,0,0,0,0,0,0,0,0,0,0,4.79,0
2823,2020-09-24,00:00.0,0,0,0,0,0,0,0,0,0,0,0,7.05,0
2824,2020-09-25,00:00.0,0,0,0,0,0,0,0,0,0,0,0,7.11,0
2825,2020-09-26,00:00.0,0,0,0,0,0,0,0,0,0,0,0,7.11,0
2826,2020-09-27,00:00.0,0,0,0,0,0,0,0,0,0,0,0,7.16,0
2827,2020-09-28,00:00.0,0,0,0,0,0,0,0,0,0,0,0,7.15,0
2828,2020-09-29,00:00.0,26.9273,0.443519,1.14605,1.3446,2.01378,2.46961,3.84615,3.92591,4.40976,4.48594,0,6.08,4.58909
2829,2020-09-30,00:00.0,0,0.839781,2.17,2.54593,3.81299,4.67609,7.28249,7.4335,8.34965,8.4939,0,5.55,8.68921
2830,2020-10-01,00:00.0,6.22944,0.750302,1.93878,2.27466,3.40671,4.17785,6.50654,6.64146,7.45999,7.58888,0,5.53,7.76337
2831,2020-10-02,00:00.0,2.21045,0.577782,1.47744,1.74765,2.61491,3.20377,4.97739,5.08009,5.70264,5.79933,0.252234,5.48,5.92967
2832,2020-10-03,00:00.0,0,0.385696,0.960815,1.16011,1.73169,2.11666,3.26853,3.33514,3.73799,3.79837,1.056,5.42,3.87878
2833,2020-10-04,00:00.0,0,0.306652,0.754007,0.919816,1.3714,1.67431,2.57763,2.62983,2.94517,2.99155,1.90795,5.44,3.05291
2834,2020-10-05,00:00.0,7.23419,0.287317,0.689324,0.854393,1.26955,1.54728,2.37261,2.4199,2.70392,2.74535,2.33138,5.42,2.80018
2835,2020-10-06,00:00.0,0,0.232095,0.5271,0.67926,1.00278,1.21697,1.8468,1.88242,2.09387,2.12347,2.38096,5.38,2.16268
2836,2020-10-07,00:00.0,4.21994,0.0921172,0.193565,0.261536,0.38298,0.462379,0.693123,0.706083,0.782309,0.792364,1.96635,5.39,0.806372
2837,2020-10-08,00:00.0,2.61235,0.00264149,0,0.00264149,0.00264149,0.00264149,0.00264328,0.00264328,0.00264328,0.00264328,1.26348,5.4,0.00331248
2838,2020-10-09,00:00.0,1.40665,0,0,0,0,0,0,0,0,0,0.783377,5.34,0
2839,2020-10-10,00:00.0,0,0,0,0,0,0,0,0,0,0,0.568835,5.33,0
2840,2020-10-11,00:00.0,0,0,0,0,0,0,0,0,0,0,0.393621,5.36,0
2841,2020-10-12,00:00.0,0,0,0,0,0,0,0,0,0,0,0.275053,4.85,0
2842,2020-10-13,00:00.0,13.0617,0.263154,0.680288,0.79897,1.19717,1.46796,2.28488,2.33233,2.62054,2.66557,0.541284,5.09,2.7233
2843,2020-10-14,00:00.0,0,0.401153,1.02083,1.2142,1.81694,2.22465,3.44943,3.52057,3.95218,4.01806,1.46586,5.25,4.10056
2844,2020-10-15,00:00.0,1.50712,0.217277,0.524782,0.650943,0.970023,1.18217,1.81013,1.84669,2.06726,2.09862,2.0803,5.36,2.13483
2845,2020-10-16,00:00.0,9.04274,0.302147,0.738774,0.907519,1.35361,1.65154,2.53626,2.58775,2.8982,2.94341,2.26465,5.38,2.99644
2846,2020-10-17,00:00.0,0,0.421991,1.04998,1.27203,1.8998,2.32147,3.57991,3.65302,4.09472,4.16046,2.8893,5.35,4.23919
2847,2020-10-18,00:00.0,1.00475,0.377028,0.938104,1.1365,1.69738,2.07411,3.19847,3.26379,3.65843,3.71716,3.44243,5.33,3.7875
2848,2020-10-19,00:00.0,6.02849,0.438259,1.09517,1.32213,1.97538,2.41472,3.72758,3.80384,4.26508,4.33403,3.777,5.32,4.41661
2849,2020-10-20,00:00.0,6.22944,0.633035,1.60012,1.91399,2.86251,3.50275,5.422,5.53351,6.20898,6.31143,4.64252,5.29,6.43587
2850,2020-10-21,00:00.0,10.4494,1.02721,2.64958,3.11817,4.67158,5.72706,8.90847,9.09336,10.2154,10.3904,6.85791,5.3,10.611
2851,2020-10-22,00:00.0,3.51662,1.29346,3.35991,3.93162,5.89374,7.2301,11.2659,11.5005,12.9247,13.149,10.0284,5.3,13.4348
2852,2020-10-23,00:00.0,0.602849,1.20978,3.13922,3.67627,5.51036,6.75917,10.5297,10.7488,12.0792,12.2884,11.9411,5.3,12.5541
2853,2020-10-24,00:00.0,1.40665,0.983762,2.53747,2.98596,4.47338,5.48411,8.5309,8.70793,9.78242,9.94999,11.4967,5.29,10.1606
2854,2020-10-25,00:00.0,0,0.781826,1.99984,2.36919,3.54689,4.3449,6.74506,6.88451,7.73041,7.86077,9.87607,13.4,8.02213
2855,2020-10-26,00:00.0,0.803799,0.698522,1.78676,2.11675,3.16897,3.88195,6.02637,6.15096,6.90673,7.0232,8.43202,25.6,7.16737
2856,2020-10-27,00:00.0,0,0.624094,1.59638,1.89121,2.83131,3.46833,5.38426,5.49557,6.17082,6.27487,7.41829,24.1,6.40368
2857,2020-10-28,00:00.0,4.82279,0.701387,1.80668,2.12809,3.18771,3.90749,6.07668,6.20269,6.96744,7.08651,7.0546,14.5,7.23571
2858,2020-10-29,00:00.0,0,0.770445,1.99458,2.33972,3.50613,4.29986,6.69532,6.83446,7.67919,7.81167,7.38287,9.8,7.97908
2859,2020-10-30,00:00.0,0,0.688353,1.78206,2.09042,3.13255,3.84171,5.98193,6.10624,6.86097,6.97934,7.48107,9.79,7.12891
2860,2020-10-31,00:00.0,0,0.615009,1.59218,1.86769,2.79877,3.43237,5.34455,5.45562,6.12993,6.23569,7.04999,9.78,6.36932
2861,2020-11-01,00:00.0,2.51187,0.556046,1.43782,1.68828,2.52968,3.10202,4.82871,4.92901,5.53783,5.63318,6.48267,9.78,5.75336
2862,2020-11-02,00:00.0,8.43989,0.585429,1.52665,1.78342,2.67664,3.28416,5.11757,5.22452,5.87422,5.97622,6.16453,9.8,6.10609
2863,2020-11-03,00:00.0,0,0.605115,1.59074,1.84883,2.77882,3.41154,5.32203,5.43386,6.11372,6.22081,6.20258,7.01,6.35854
2864,2020-11-04,00:00.0,0,0.698052,1.84569,2.1393,3.22453,3.95996,6.17505,6.30579,7.09914,7.2231,6.58153,5.41,7.3841
2865,2020-11-05,00:00.0,0,0.807253,2.12061,2.46614,3.70979,4.55417,7.09999,7.24939,8.15608,8.29821,7.35475,5.4,8.48155
2866,2020-11-06,00:00.0,0,0.713488,1.84844,2.16641,3.24445,3.97935,6.20004,6.32875,7.11092,7.23425,7.66243,5.47,7.39024
2867,2020-11-07,00:00.0,0,0.569629,1.4648,1.72699,2.58452,3.16777,4.92692,5.02884,5.64796,5.74462,7.01874,5.41,5.86527
2868,2020-11-08,00:00.0,0,0.441098,1.12204,1.3344,1.99491,2.44265,3.78944,3.86743,4.34088,4.41372,5.92857,5.41,4.50278
2869,2020-11-09,00:00.0,0,0.326262,0.815801,0.983635,1.46812,1.7948,2.77317,2.82977,3.17307,3.22463,4.76814,5.09,3.28546
2870,2020-11-10,00:00.0,0,0.223662,0.54219,0.670245,0.997467,1.21598,1.86517,1.90267,2.12969,2.16223,3.68098,5.09,2.19806
2871,2020-11-11,00:00.0,4.42089,0.251118,0.61809,0.753916,1.12321,1.37144,2.11233,2.15509,2.41334,2.45171,2.97656,5.18,2.49633
2872,2020-11-12,00:00.0,0,0.275648,0.685903,0.828671,1.23555,1.51033,2.33316,2.3806,2.66677,2.71035,2.7726,5.19,2.76262
2873,2020-11-13,00:00.0,0,0.178746,0.426973,0.532732,0.791084,0.963563,1.47481,1.50418,1.68051,1.70599,2.51504,5.18,1.73403
2874,2020-11-14,00:00.0,0,0.104545,0.231373,0.305943,0.450495,0.545318,0.821513,0.837172,0.929892,0.942098,1.99607,5.27,0.952954
2875,2020-11-15,00:00.0,5.82754,0.221944,0.548893,0.663383,0.987208,1.20675,1.86549,1.90314,2.12929,2.1642,1.80982,5.26,2.20746
2876,2020-11-16,00:00.0,18.6883,1.00181,2.64482,3.04816,4.57185,5.61863,8.79967,8.98372,10.101,10.283,4.08767,5.14,10.5266
2877,2020-11-17,00:00.0,2.0095,1.57506,4.18451,4.80439,7.21315,8.86851,13.9019,14.1938,15.9684,16.2581,9.54925,9.23,16.6469
2878,2020-11-18,00:00.0,0,1.4338,3.80551,4.37474,6.56848,8.07472,12.6517,12.9174,14.5326,14.7955,13.631,14.5,15.1478
2879,2020-11-19,00:00.0,0,1.28103,3.40003,3.90861,5.86861,7.21435,11.3036,11.541,12.9841,13.219,14.1136,14.6,13.5338
2880,2020-11-20,00:00.0,0,1.11728,2.96275,3.40835,5.11707,6.28995,9.85314,10.06,11.3173,11.5217,13.1033,14.6,11.7954
2881,2020-11-21,00:00.0,0,0.937061,2.47873,2.8571,4.28848,5.27024,8.25095,8.42398,9.47545,9.6459,11.5416,14.4,9.87355
2882,2020-11-22,00:00.0,0,0.788764,2.08128,2.40369,3.60711,4.43186,6.93432,7.07958,7.96208,8.10472,9.90778,14.4,8.29473
2883,2020-11-23,00:00.0,17.0807,0.690187,1.81952,2.10289,3.15545,3.87661,6.06424,6.19122,6.96261,7.08715,8.55102,14.2,7.25291
2884,2020-11-24,00:00.0,0,0.616647,1.62565,1.87883,2.81923,3.46355,5.41809,5.53154,6.22074,6.33201,7.5098,13.7,6.48011
2885,2020-11-25,00:00.0,1.6076,0.550943,1.45243,1.67864,2.51884,3.09451,4.84079,4.94215,5.55792,5.65733,6.69625,13.9,5.78965
2886,2020-11-26,00:00.0,12.057,0.990359,2.64957,3.03175,4.56172,5.61076,8.79666,8.98267,10.1133,10.2971,7.59956,13.6,10.5451
2887,2020-11-27,00:00.0,0,1.83767,4.92862,5.63788,8.50611,10.4624,16.383,16.7316,18.8454,19.1845,12.4804,13.8,19.6428
2888,2020-11-28,00:00.0,2.0095,2.22658,5.94121,6.8347,10.3,12.6602,19.797,20.2171,22.7701,23.1773,18.8964,24.1,23.7267
2889,2020-11-29,00:00.0,0,2.11056,5.6152,6.4756,9.73484,11.9617,18.7119,19.1071,21.5165,21.9038,21.9698,29.4,22.4271
2890,2020-11-30,00:00.0,0,1.86481,4.96797,5.70932,8.57798,10.5449,16.5195,16.8677,18.9895,19.3337,21.2926,20.4,19.7971
2891,2020-12-01,00:00.0,11.2532,2.03943,5.44701,6.23825,9.37813,11.5336,18.0847,18.4662,20.788,21.1657,20.839,15.3,21.6725
2892,2020-12-02,00:00.0,2.0095,2.19978,5.88138,6.7321,10.1279,12.4564,19.5284,19.941,22.4505,22.8578,22.1268,15.3,23.4051
2893,2020-12-03,00:00.0,0,1.94657,5.20291,5.95692,8.96157,11.0216,17.2777,17.6427,19.8627,20.2229,22.0603,15.4,20.7066
2894,2020-12-04,00:00.0,5.02374,1.72117,4.59902,5.26688,7.92336,9.74448,15.2742,15.5969,17.5593,17.8775,20.1155,12.6,18.3047
2895,2020-12-05,00:00.0,3.01425,1.51979,4.05948,4.65036,6.99577,8.6034,13.4843,13.7691,15.5012,15.7819,17.9637,8.43,16.1587
2896,2020-12-06,00:00.0,0,1.3382,3.57285,4.09444,6.15933,7.57441,11.8701,12.1208,13.6452,13.8921,15.9441,5.83,14.2233
2897,2020-12-07,00:00.0,0,1.18675,3.16777,3.63092,5.462,6.71671,10.5253,10.7476,12.0992,12.318,14.1552,5.84,12.6114
2898,2020-12-08,00:00.0,0,1.05891,2.8264,3.23975,4.87356,5.99307,9.39123,9.58956,10.7955,10.9907,12.6247,5.87,11.2525
2899,2020-12-09,00:00.0,3.01425,0.944968,2.52219,2.89114,4.34913,5.34816,8.38055,8.55753,9.63369,9.80788,11.2975,5.89,10.0415
2900,2020-12-10,00:00.0,0,0.837359,2.2344,2.5618,3.85366,4.73876,7.4251,7.58189,8.53525,8.6895,10.0946,5.9,8.89627
2901,2020-12-11,00:00.0,0,0.861194,2.29788,2.63785,3.97497,4.88717,7.64772,7.8098,8.79344,8.95082,9.4048,5.88,9.16163
2902,2020-12-12,00:00.0,0.602849,1.21296,3.21411,3.72,5.61052,6.89145,10.7506,10.979,12.3667,12.5841,10.4453,5.88,12.8755
2903,2020-12-13,00:00.0,10.0475,1.80228,4.77667,5.53083,8.31779,10.2159,15.9565,16.2941,18.3565,18.6842,14.2079,10.6,19.1253
2904,2020-12-14,00:00.0,0,1.99752,5.31094,6.13197,9.20561,11.3097,17.6963,18.0698,20.3568,20.7257,18.4352,40.4,21.2233
2905,2020-12-15,00:00.0,3.01425,1.77001,4.70467,5.43349,8.15678,10.0208,15.6783,16.0091,18.0352,18.3619,19.5902,51.6,18.8024
2906,2020-12-16,00:00.0,0,1.57449,4.18434,4.83326,7.25561,8.91353,13.9453,14.2395,16.0416,16.3321,18.231,49.3,16.7238
2907,2020-12-17,00:00.0,1.00475,1.40673,3.73849,4.31828,6.48252,7.96379,12.4594,12.7223,14.3324,14.5919,16.4861,34.3,14.9418
2908,2020-12-18,00:00.0,0,1.25684,3.34016,3.85816,5.7918,7.11525,11.1318,11.3667,12.8052,13.0371,14.8219,20.5,13.3498
2909,2020-12-19,00:00.0,0,1.12292,2.98426,3.44707,5.17468,6.35711,9.94574,10.1556,11.4408,11.648,13.302,16.3,11.9274
2910,2020-12-20,00:00.0,5.02374,1.00328,2.66629,3.07979,4.62332,5.67976,8.88601,9.0735,10.2218,10.4069,11.9413,7.92,10.6565
2911,2020-12-21,00:00.0,0,0.884474,2.34944,2.71504,4.07557,5.00658,7.83174,7.99696,9.00894,9.17194,10.6588,5.76,9.39164
2912,2020-12-22,00:00.0,1.00475,0.76892,2.04045,2.36022,3.54259,4.35135,6.80483,6.94833,7.82744,7.96882,9.43526,5.75,8.15923
2913,2020-12-23,00:00.0,0,0.669828,1.77581,2.05596,3.08562,3.78965,5.9248,6.0497,6.81498,6.93787,8.29589,5.77,7.10325
2914,2020-12-24,00:00.0,2.61235,0.859022,2.28046,2.63783,3.96754,4.87332,7.61308,7.7743,8.75923,8.91599,8.17186,5.79,9.12687
2915,2020-12-25,00:00.0,10.4494,1.45742,3.87741,4.47645,6.75021,8.29324,12.9477,13.2232,14.8997,15.1642,10.8521,5.81,15.5199
2916,2020-12-26,00:00.0,7.03324,1.71682,4.56996,5.27311,7.95774,9.77747,15.2618,15.587,17.5629,17.8738,14.927,5.82,18.2918
2917,2020-12-27,00:00.0,9.04274,1.52697,4.06398,4.68997,7.07777,8.69613,13.5732,13.8624,15.6196,15.896,16.5775,5.82,16.2676
2918,2020-12-28,00:00.0,17.0807,1.35735,3.61191,4.16897,6.29157,7.73,12.0644,12.3215,13.8834,14.1289,15.7132,5.85,14.459
2919,2020-12-29,00:00.0,0,1.20137,3.19581,3.68985,5.56861,6.8415,10.6765,10.9039,12.286,12.5032,14.2315,5.87,12.7949
2920,2020-12-30,00:00.0,5.42564,1.06893,2.8431,3.28307,4.95474,6.08721,9.49886,9.70125,10.9309,11.124,12.7529,8.9,11.3834
2921,2020-12-31,00:00.0,8.23894,0.952266,2.53254,2.92474,4.41397,5.42278,8.46172,8.64201,9.73737,9.90936,11.4159,14.7,10.1404
2922,2021-01-01,00:00.0,0,0.841108,2.23602,2.5833,3.89876,4.78959,7.47259,7.63181,8.59906,8.75079,10.1824,16.6,8.95453
2923,2021-01-02,00:00.0,9.04274,0.738587,1.96227,2.26838,3.42359,4.20555,6.55991,6.69967,7.54871,7.6817,9.0482,16.6,7.86017
2924,2021-01-03,00:00.0,0,0.646952,1.71758,1.9869,2.99887,3.68353,5.74413,5.8665,6.60988,6.72612,7.99051,16.6,6.882
2925,2021-01-04,00:00.0,7.03324,0.5641,1.49627,1.7324,2.61487,3.21152,5.00641,5.11306,5.76087,5.86195,7.04663,13.3,5.99738
2926,2021-01-05,00:00.0,0,0.490075,1.29853,1.50501,2.27177,2.7898,4.34729,4.4399,5.00233,5.08987,6.20694,11.4,5.20703
2927,2021-01-06,00:00.0,0,0.423938,1.12187,1.30185,1.96524,2.41302,3.75841,3.83847,4.32462,4.40005,5.42407,11.4,4.50088
2928,2021-01-07,00:00.0,0,0.364848,0.964027,1.12034,1.69137,2.07638,3.23227,3.30111,3.71911,3.78373,4.73152,11.4,3.86997
2929,2021-01-08,00:00.0,0,0.312054,0.823003,0.958169,1.44668,1.77561,2.76219,2.82102,3.17812,3.23308,4.13093,7.85,3.30629
2930,2021-01-09,00:00.0,0,0.269346,0.709283,0.826994,1.24872,1.53238,2.38248,2.43321,2.74116,2.78837,3.59335,5.85,2.85117
2931,2021-01-10,00:00.0,0,0.231189,0.607679,0.709796,1.07186,1.31507,2.04322,2.08673,2.35075,2.39105,3.1099,5.87,2.44455
2932,2021-01-11,00:00.0,0,0.192637,0.504625,0.591368,0.893174,1.09542,1.69984,1.73603,1.95556,1.98879,2.677,5.89,2.03274
2933,2021-01-12,00:00.0,0,0.158303,0.412857,0.485901,0.734045,0.899808,1.39404,1.42372,1.60363,1.63057,2.30376,5.88,1.66603
2934,2021-01-13,00:00.0,0,0.127628,0.330868,0.391671,0.591872,0.725041,1.12083,1.14468,1.28921,1.31052,1.9659,5.89,1.33839
2935,2021-01-14,00:00.0,0,0.100642,0.259558,0.308628,0.466548,0.571269,0.881579,0.900331,1.01379,1.03033,1.64077,5.87,1.05173
2936,2021-01-15,00:00.0,0,0.077411,0.198697,0.236683,0.357781,0.438045,0.675525,0.689866,0.776362,0.788952,1.33994,5.87,0.805034
2937,2021-01-16,00:00.0,1.00475,0.138476,0.363805,0.424144,0.644744,0.791299,1.22601,1.25243,1.41099,1.43447,1.25007,5.87,1.46505
2938,2021-01-17,00:00.0,0.20095,0.193034,0.511321,0.591631,0.901131,1.10691,1.71783,1.75505,1.97799,2.01121,1.45731,5.89,2.05475
2939,2021-01-18,00:00.0,1.00475,0.160307,0.424232,0.490296,0.747048,0.917769,1.42453,1.45539,1.63981,1.66733,1.62792,5.9,1.70331
2940,2021-01-19,00:00.0,2.0095,0.131066,0.346423,0.399758,0.609382,0.748778,1.16248,1.18766,1.33767,1.36009,1.5893,5.89,1.38931
2941,2021-01-20,00:00.0,1.00475,0.104941,0.276904,0.318867,0.486385,0.597793,0.928355,0.948457,1.06772,1.08558,1.44316,5.9,1.10877
2942,2021-01-21,00:00.0,0,0.0851171,0.224224,0.257672,0.393289,0.48349,0.751068,0.767327,0.86339,0.87781,1.25669,5.91,0.896448
2943,2021-01-22,00:00.0,3.01425,0.0690225,0.181494,0.208091,0.317836,0.390837,0.607336,0.62048,0.697781,0.709414,1.06846,4.84,0.724377
2944,2021-01-23,00:00.0,1.00475,0.0511257,0.133885,0.152716,0.233626,0.287461,0.447024,0.456693,0.512971,0.521487,0.908216,3.94,0.532321
2945,2021-01-24,00:00.0,0,0.0395983,0.103316,0.117295,0.1797,0.22123,0.344261,0.351703,0.394613,0.40114,0.78633,3.92,0.409358
2946,2021-01-25,00:00.0,0,0.0353791,0.0923076,0.104797,0.160553,0.197658,0.30758,0.314229,0.352567,0.358398,0.686241,3.93,0.36574
2947,2021-01-26,00:00.0,0,0.0267668,0.0694863,0.0783795,0.12032,0.148241,0.230894,0.235881,0.264267,0.268614,0.593159,3.94,0.27401
2948,2021-01-27,00:00.0,10.0475,0.0129923,0.032793,0.0360671,0.0557804,0.0689273,0.107686,0.109992,0.122124,0.124064,0.491969,3.89,0.126259
2949,2021-01-28,00:00.0,0,0.0029196,0.00686326,0.00713764,0.0112189,0.0139538,0.0219274,0.0223836,0.0242205,0.0245643,0.385172,3.88,0.0248281
2950,2021-01-29,00:00.0,0,0,0,0,0,0,0,0,0,0,0.290751,3.9,0
2951,2021-01-30,00:00.0,0.401899,0,0,0,0,0,0,0,0,0,0.217776,3.88,0
2952,2021-01-31,00:00.0,0,0,0,0,0,0,0,0,0,0,0.163117,3.88,0
2953,2021-02-01,00:00.0,0,0,0,0,0,0,0,0,0,0,0.122177,3.85,0
2954,2021-02-02,00:00.0,0,0,0,0,0,0,0,0,0,0,0.0910767,3.85,0
2955,2021-02-03,00:00.0,0,0,0,0,0,0,0,0,0,0,0.0666647,3.85,0
2956,2021-02-04,00:00.0,0,0,0,0,0,0,0,0,0,0,0.0470156,3.86,0
2957,2021-02-05,00:00.0,7.03324,0,0,0,0,0,0,0,0,0,0.0328439,3.87,0
2958,2021-02-06,00:00.0,3.01425,0,0,0,0,0,0,0,0,0,0.0234568,3.87,0
2959,2021-02-07,00:00.0,4.01899,0,0,0,0,0,0,0,0,0,0.0169976,3.82,0
2960,2021-02-08,00:00.0,0.20095,0,0,0,0,0,0,0,0,0,0.0127314,3.81,0
2961,2021-02-09,00:00.0,0.602849,0,0,0,0,0,0,0,0,0,0.00953602,3.83,0
2962,2021-02-10,00:00.0,0,0,0,0,0,0,0,0,0,0,0.0071426,3.82,0
2963,2021-02-11,00:00.0,0,0,0,0,0,0,0,0,0,0,0.0053499,3.83,0
2964,2021-02-12,00:00.0,1.00475,0,0,0,0,0,0,0,0,0,0.00400714,3.84,0
2965,2021-02-13,00:00.0,0,0,0,0,0,0,0,0,0,0,0.0030014,3.84,0
2966,2021-02-14,00:00.0,5.02374,0,0,0,0,0,0,0,0,0,0.00224809,3.86,0
2967,2021-02-15,00:00.0,2.0095,0,0,0,0,0,0,0,0,0,0.00168385,3.86,0
2968,2021-02-16,00:00.0,13.0617,0,0,0,0,0,0,0,0,0,0.00126122,3.86,0
2969,2021-02-17,00:00.0,2.0095,0,0,0,0,0,0,0,0,0,0.000944671,3.89,0
2970,2021-02-18,00:00.0,0,0,0,0,0,0,0,0,0,0,0.000707571,3.91,0
2971,2021-02-19,00:00.0,6.02849,0,0,0,0,0,0,0,0,0,0.00052998,3.9,0
2972,2021-02-20,00:00.0,3.01425,0,0,0,0,0,0,0,0,0,0.000226963,3.92,0
2973,2021-02-21,00:00.0,0,0,0,0,0,0,0,0,0,0,0,3.93,0
2974,2021-02-22,00:00.0,8.03799,0,0,0,0,0,0,0,0,0,0,3.96,0
2975,2021-02-23,00:00.0,2.0095,0,0,0,0,0,0,0,0,0,0,5.09,0
2976,2021-02-24,00:00.0,1.00475,0,0,0,0,0,0,0,0,0,0,5.47,0
2977,2021-02-25,00:00.0,0,0.121476,0.336627,0.375859,0.578065,0.712989,1.11523,1.14001,1.2876,1.31013,0.161196,5.27,1.34083
2978,2021-02-26,00:00.0,1.00475,0.220644,0.612274,0.682177,1.04982,1.29517,2.02672,2.07179,2.33988,2.38086,0.585548,5.25,2.43675
2979,2021-02-27,00:00.0,4.01899,0.181219,0.504359,0.559368,0.861961,1.06398,1.66646,1.70359,1.92379,1.95758,1.06218,5.23,2.00368
2980,2021-02-28,00:00.0,0,0.14881,0.415489,0.458506,0.707558,0.873902,1.3701,1.4007,1.58153,1.60938,1.35039,5.22,1.64743
2981,2021-03-01,00:00.0,0,0.117039,0.328541,0.359529,0.556168,0.687597,1.0798,1.104,1.24626,1.26831,1.3952,5.21,1.29848
2982,2021-03-02,00:00.0,3.01425,0.0848988,0.240789,0.259272,0.402978,0.499154,0.786377,0.804133,0.907385,0.923586,1.2741,5.21,0.945808
2983,2021-03-03,00:00.0,0,0.0655473,0.187498,0.19919,0.310828,0.385625,0.609139,0.622975,0.70273,0.71537,1.08937,5.21,0.732747
2984,2021-03-04,00:00.0,0,0.0585632,0.16752,0.177966,0.27771,0.344536,0.544235,0.556596,0.627854,0.639147,0.938372,5.2,0.654672
2985,2021-03-05,00:00.0,0,0.0523233,0.149671,0.159003,0.248119,0.307826,0.486246,0.497291,0.560956,0.571046,0.8438,5.43,0.584917
2986,2021-03-06,00:00.0,1.00475,0.0467482,0.133723,0.142062,0.221682,0.275027,0.434437,0.444304,0.501186,0.510201,0.771002,5.82,0.522594
2987,2021-03-07,00:00.0,0,0.0417672,0.119475,0.126925,0.198062,0.245723,0.388147,0.396964,0.447784,0.455839,0.701667,5.81,0.466911
2988,2021-03-08,00:00.0,0,0.0373169,0.106745,0.113401,0.176958,0.219541,0.34679,0.354667,0.400073,0.407269,0.636503,5.81,0.417161
2989,2021-03-09,00:00.0,0,0.0333408,0.0953712,0.101318,0.158103,0.196149,0.309839,0.316877,0.357445,0.363874,0.575873,5.81,0.372713
2990,2021-03-10,00:00.0,0,0.0258438,0.0818269,0.0771216,0.124668,0.156888,0.253963,0.260085,0.293066,0.298804,0.509092,9.55,0.306976
2991,2021-03-11,00:00.0,0,1.27152,3.39056,3.91608,5.94435,7.30299,11.3627,11.6073,13.0805,13.3051,3.46899,11.7,13.6063
2992,2021-03-12,00:00.0,0.20095,4.87414,13.0053,14.6444,22.3944,27.5963,43.1148,44.0426,49.2798,50.1082,23.2173,9.7,51.1863
2993,2021-03-13,00:00.0,0,6.76924,18.0513,20.5083,31.2623,38.4833,60.0539,61.3447,68.8088,69.9769,54.2737,11.1,71.5135
2994,2021-03-14,00:00.0,0,5.96489,15.872,18.4261,27.8969,34.2527,53.2773,54.4203,61.3864,62.4471,66.3453,40.2,63.8748
2995,2021-03-15,00:00.0,0,5.31268,14.135,16.4116,24.8473,30.5079,47.4503,48.4683,54.6725,55.617,60.7518,59.1,56.8879
2996,2021-03-16,00:00.0,0,4.74176,12.6156,14.648,22.1774,27.2296,42.3506,43.2592,48.7967,49.6395,54.3766,35.9,50.7738
2997,2021-03-17,00:00.0,0,4.2363,11.2708,13.0866,19.8133,24.327,37.8361,38.6479,43.5951,44.3481,48.6813,14.8,45.3614
2998,2021-03-18,00:00.0,0,4.37621,11.6422,13.5165,20.4791,25.1446,39.0943,39.934,45.0412,45.8161,46.3533,7.7,46.8579
2999,2021-03-19,00:00.0,0,4.93412,13.1305,15.2365,23.1023,28.3672,44.0951,45.0433,50.7978,51.6689,49.4249,5.78,52.8391
3000,2021-03-20,00:00.0,0,4.81538,12.8165,14.8694,22.5492,27.6886,43.0395,43.9652,49.5805,50.4302,51.8678,5.73,51.5714
3001,2021-03-21,00:00.0,0,4.80958,12.8027,14.8486,22.5284,27.6642,42.9954,43.9197,49.5231,50.3624,51.522,5.7,51.4983
3002,2021-03-22,00:00.0,0,4.90442,12.9327,15.298,23.0461,28.2341,43.7496,44.6818,50.4485,51.307,51.8852,5.66,52.4722
3003,2021-03-23,00:00.0,0,4.48055,11.7173,14.099,21.0573,25.7445,39.84,40.6797,45.9871,46.7906,50.2922,5.68,47.881
3004,2021-03-24,00:00.0,0,4.08682,10.7606,12.7697,19.0382,23.3112,36.2745,37.0354,41.829,42.5847,46.1893,4.93,43.6218
3005,2021-03-25,00:00.0,0,3.77717,10.0382,11.6891,17.3858,21.333,33.4489,34.1461,38.5155,39.2424,42.4089,4.73,40.2542
3006,2021-03-26,00:00.0,26.5254,4.71828,12.689,14.347,21.3103,26.2287,41.5654,42.4262,47.7349,48.6858,44.7411,5.55,49.9545
3007,2021-03-27,00:00.0,3.61709,5.47317,14.8253,16.5722,24.6493,30.3908,48.3176,49.3177,55.455,56.5652,52.9529,14.3,58.0383
3008,2021-03-28,00:00.0,1.2057,4.8516,13.1826,14.7463,21.9658,27.0979,43.0427,43.9347,49.4282,50.4017,54.6391,36.1,51.7312
3009,2021-03-29,00:00.0,1.00475,4.28749,11.6442,13.0275,19.4015,23.9342,38.0189,38.8059,43.6527,44.512,49.2297,46.5,45.6852
3010,2021-03-30,00:00.0,0,3.7654,10.222,11.4376,17.0296,21.008,33.3733,34.0636,38.3147,39.0688,43.5674,49.1,40.0983
3011,2021-03-31,00:00.0,0.20095,3.29012,8.92902,9.99111,14.9023,18.3767,29.1789,29.7813,33.4924,34.1514,38.3329,36.1,35.0508
3012,2021-04-01,00:00.0,0,2.86548,7.77377,8.69878,13.0371,16.0611,25.4667,25.9907,29.2193,29.7934,33.6252,20.8,30.5765
3013,2021-04-02,00:00.0,0,2.52312,6.84355,7.65804,11.5474,14.2093,22.4899,22.9509,25.792,26.2975,29.6118,16.3,26.9869
3014,2021-04-03,00:00.0,0,2.25428,6.11436,6.84207,10.3872,12.7653,20.1637,20.5756,23.1139,23.5656,26.3663,12.8,24.1815
3015,2021-04-04,00:00.0,0,2.01409,5.46288,6.11305,9.36333,11.4881,18.0982,18.4662,20.7341,21.1376,23.6716,7.17,21.6879
3016,2021-04-05,00:00.0,0,1.72433,4.67398,5.23062,8.10386,9.92099,15.5775,15.8919,17.8298,18.1753,20.9495,5.22,18.6463
3017,2021-04-06,00:00.0,0.20095,1.37632,3.72385,4.16815,6.54762,7.99347,12.5026,12.7518,14.2902,14.5662,17.7627,5.2,14.9416
3018,2021-04-07,00:00.0,0,1.0287,2.77401,3.10611,4.97128,6.04575,9.4081,9.59199,10.7304,10.9369,14.3033,5.21,11.2168
3019,2021-04-08,00:00.0,0,0.695426,1.8629,2.08742,3.44276,4.16087,6.42336,6.54454,7.29883,7.43874,10.8793,5.19,7.62707
3020,2021-04-09,00:00.0,0.401899,0.397659,1.04887,1.17727,2.06475,2.46447,3.74428,3.80945,4.22057,4.30099,7.69921,5.19,4.40749
3021,2021-04-10,00:00.0,0,0.163497,0.442751,0.46098,0.987734,1.1501,1.69572,1.72034,1.87566,1.91242,4.99251,5.2,1.96026
3022,2021-04-11,00:00.0,4.42089,0.0519819,0.163196,0.128707,0.482018,0.537851,0.74135,0.748987,0.794146,0.809305,3.0311,5.18,0.82822
3023,2021-04-12,00:00.0,31.0467,1.04504,2.81116,3.17693,5.0467,6.15271,9.53918,9.73333,10.9132,11.1113,4.62477,5.19,11.3801
3024,2021-04-13,00:00.0,4.01899,1.85936,4.97401,5.66425,8.78807,10.7502,16.7376,17.0829,19.1803,19.5278,11.1984,5.2,20.0004
3025,2021-04-14,00:00.0,0,1.46234,3.8875,4.44457,6.96229,8.49681,13.1755,13.4447,15.0779,15.3473,15.4578,5.14,15.7116
3026,2021-04-15,00:00.0,0,1.08286,2.85775,3.28326,5.21346,6.3426,9.78121,9.97862,11.175,11.3711,14.0893,5.08,11.6348
3027,2021-04-16,00:00.0,0.20095,0.83641,2.19255,2.53042,4.07906,4.94614,7.58378,7.7349,8.64977,8.79888,11.4393,5.03,8.99832
3028,2021-04-17,00:00.0,0,0.715809,1.8723,2.164,3.531,4.27166,6.52387,6.65282,7.43322,7.56017,9.418,5.02,7.72966
3029,2021-04-18,00:00.0,0,0.531171,1.37457,1.60022,2.67262,3.21717,4.8701,4.96443,5.53435,5.62617,7.71099,5.02,5.74768
3030,2021-04-19,00:00.0,0,0.266618,0.655815,0.790295,1.42648,1.68813,2.47543,2.51962,2.78448,2.82506,5.63097,5.03,2.87621
3031,2021-04-20,00:00.0,4.42089,0.0667433,0.146911,0.191302,0.506228,0.565817,0.741481,0.750953,0.806533,0.813906,3.51188,5.05,0.821731
3032,2021-04-21,00:00.0,1.00475,0,0,0,0.212039,0.212039,0.212039,0.212039,0.212039,0.212039,2.06042,5.05,0.212039
3033,2021-04-22,00:00.0,0,0,0,0,0.204618,0.204618,0.204618,0.204618,0.204618,0.204618,1.29051,5.05,0.204618
3034,2021-04-23,00:00.0,0,0,0,0,0.197458,0.197458,0.197458,0.197458,0.197458,0.197458,0.887622,5.07,0.197458
3035,2021-04-24,00:00.0,0,0,0,0,0.188674,0.188674,0.188674,0.188674,0.188674,0.188674,0.689979,5.09,0.188674
3036,2021-04-25,00:00.0,1.2057,0,0,0,0.173886,0.173886,0.173886,0.173886,0.173886,0.173886,0.532769,5.1,0.173886
3037,2021-04-26,00:00.0,0,0,0,0,0.157644,0.157644,0.157644,0.157644,0.157644,0.157644,0.404006,5.11,0.157644
3038,2021-04-27,00:00.0,0,0,0,0,0.14759,0.14759,0.14759,0.14759,0.14759,0.14759,0.324539,5.13,0.14759
3039,2021-04-28,00:00.0,0.602849,0,0,0,0.135423,0.135423,0.135423,0.135423,0.135423,0.135423,0.253336,5.14,0.135423
3040,2021-04-29,00:00.0,1.2057,0,0,0,0.118063,0.118063,0.118063,0.118063,0.118063,0.118063,0.176021,4.65,0.118063
3041,2021-04-30,00:00.0,6.02849,0,0,0,0.10131,0.10131,0.10131,0.10131,0.10131,0.10131,0.113831,3.98,0.10131
3042,2021-05-01,00:00.0,0,0,0,0,0.0891852,0.0891852,0.0891852,0.0891852,0.0891852,0.0891852,0.0782099,3.95,0.0891852
3043,2021-05-02,00:00.0,1.00475,0,0,0,0.0837955,0.0837955,0.0837955,0.0837955,0.0837955,0.0837955,0.0721021,3.99,0.0837955
3044,2021-05-03,00:00.0,0,0,0,0,0.0808631,0.0808631,0.0808631,0.0808631,0.0808631,0.0808631,0.074669,3.99,0.0808631
3045,2021-05-04,00:00.0,7.23419,0.0596994,0.141056,0.174511,0.335326,0.391748,0.560834,0.570175,0.62564,0.633863,0.143608,3.99,0.643484
3046,2021-05-05,00:00.0,2.4114,0.113038,0.267083,0.330429,0.563154,0.669988,0.990143,1.00783,1.11285,1.12842,0.328991,3.99,1.14664
3047,2021-05-06,00:00.0,0.20095,0.100994,0.238625,0.295221,0.509877,0.605327,0.89137,0.907172,1.001,1.01491,0.519722,3.98,1.03119
3048,2021-05-07,00:00.0,0,0.0902327,0.2132,0.263765,0.462041,0.547322,0.802886,0.817004,0.900837,0.913266,0.63512,3.96,0.927808
3049,2021-05-08,00:00.0,0,0.0806183,0.190483,0.235661,0.419075,0.495269,0.723603,0.736217,0.811117,0.822222,0.696961,4,0.835214
3050,2021-05-09,00:00.0,0,0.0720284,0.170187,0.210551,0.380468,0.448543,0.652548,0.663818,0.730738,0.740659,0.721251,3.99,0.752267
3051,2021-05-10,00:00.0,0,0.0643538,0.152054,0.188117,0.345763,0.406585,0.588853,0.598922,0.658711,0.667576,0.719709,3.99,0.677947
3052,2021-05-11,00:00.0,0,0.0574969,0.135852,0.168073,0.314552,0.368893,0.53174,0.540736,0.594155,0.602075,0.700869,3.99,0.611341
3053,2021-05-12,00:00.0,0.20095,0.0513705,0.121377,0.150165,0.286469,0.33502,0.480516,0.488554,0.536281,0.543356,0.670906,3.99,0.551635
3054,2021-05-13,00:00.0,0,0.045897,0.108444,0.134165,0.261188,0.304566,0.434559,0.441741,0.484382,0.490704,0.634252,3.95,0.498101
3055,2021-05-14,00:00.0,0,0.0410066,0.0968895,0.119869,0.238418,0.277174,0.393316,0.399732,0.43783,0.443479,0.594055,3.98,0.450087
3056,2021-05-15,00:00.0,0,0.0193495,0.0457186,0.056562,0.141408,0.159696,0.214499,0.217527,0.235504,0.238169,0.525502,3.98,0.241287
3057,2021-05-16,00:00.0,0,0,0,0,0.0491836,0.0491836,0.0491836,0.0491836,0.0491836,0.0491836,0.405653,3.99,0.0491836
3058,2021-05-17,00:00.0,0,0,0,0,0.0332307,0.0332307,0.0332307,0.0332307,0.0332307,0.0332307,0.26283,4.38,0.0332307
3059,2021-05-18,00:00.0,0,0,0,0,0.0116425,0.0116425,0.0116425,0.0116425,0.0116425,0.0116425,0.127191,4.59,0.0116425
3060,2021-05-19,00:00.0,0,0,0,0,0,0,0,0,0,0,0.0312095,4.61,0
3061,2021-05-20,00:00.0,0,0,0,0,0,0,0,0,0,0,0,4.62,0
3062,2021-05-21,00:00.0,0,0,0,0,0,0,0,0,0,0,0,4.63,0
3063,2021-05-22,00:00.0,0,0,0,0,0,0,0,0,0,0,0,4.74,0
3064,2021-05-23,00:00.0,0,0,0,0,0,0,0,0,0,0,0,4.86,0
3065,2021-05-24,00:00.0,0,0,0,0,0,0,0,0,0,0,0,4.88,0
3066,2021-05-25,00:00.0,0,0,0,0,0,0,0,0,0,0,0,4.9,0
3067,2021-05-26,00:00.0,0.602849,0,0,0,0,0,0,0,0,0,0,4.98,0
3068,2021-05-27,00:00.0,4.01899,0,0,0,0,0,0,0,0,0,0,5.06,0
3069,2021-05-28,00:00.0,1.2057,0,0,0,0,0,0,0,0,0,0,5.07,0
3070,2021-05-29,00:00.0,8.43989,0,0,0,0,0,0,0,0,0,0,5.05,0
3071,2021-05-30,00:00.0,0,0,0,0,0,0,0,0,0,0,0,4.44,0
3072,2021-05-31,00:00.0,0,0,0,0,0,0,0,0,0,0,0,4.11,0
3073,2021-06-01,00:00.0,0,0,0,0,0,0,0,0,0,0,0,4.43,0
3074,2021-06-02,00:00.0,0,0,0,0,0,0,0,0,0,0,0,4.58,0
3075,2021-06-03,00:00.0,9.64558,0,0,0,0,0,0,0,0,0,0,4.59,0
3076,2021-06-04,00:00.0,0,0,0,0,0,0,0,0,0,0,0,4.76,0
3077,2021-06-05,00:00.0,0,0,0,0,0,0,0,0,0,0,0,5.08,0
3078,2021-06-06,00:00.0,0,0,0,0,0,0,0,0,0,0,0,5.08,0
3079,2021-06-07,00:00.0,0,0,0,0,0,0,0,0,0,0,0,5.22,0
3080,2021-06-08,00:00.0,26.7263,0.0727977,0.157157,0.210526,0.309662,0.374344,0.561768,0.572419,0.634944,0.643049,0,5.28,0.659294
3081,2021-06-09,00:00.0,3.81804,0.0727977,0.157157,0.210526,0.309662,0.374344,0.561768,0.57242,0.634944,0.643049,0,5.29,0.659295
3082,2021-06-10,00:00.0,0,0,0,0,0,0,2.69E-07,2.69E-07,2.69E-07,2.69E-07,0,4.66,2.69E-07
3083,2021-06-11,00:00.0,0,0,0,0,0,0,0,0,0,0,0,4.36,0
3084,2021-06-12,00:00.0,0,0,0,0,0,0,0,0,0,0,0,4.35,0
3085,2021-06-13,00:00.0,0,0,0,0,0,0,0,0,0,0,0,4.35,0
3086,2021-06-14,00:00.0,3.61709,0,0,0,0,0,0,0,0,0,0,4.72,0
3087,2021-06-15,00:00.0,2.0095,0,0,0,0,0,0,0,0,0,0,4.92,0
3088,2021-06-16,00:00.0,0,0,0,0,0,0,0,0,0,0,0,4.91,0
3089,2021-06-17,00:00.0,0,0,0,0,0,0,0,0,0,0,0,5.2,0
3090,2021-06-18,00:00.0,0.602849,0,0,0,0,0,0,0,0,0,0,5.36,0
3091,2021-06-19,00:00.0,4.01899,0,0,0,0,0,0,0,0,0,0,5.39,0
3092,2021-06-20,00:00.0,0,0,0,0,0,0,0,0,0,0,0,5.4,0
3093,2021-06-21,00:00.0,5.82754,0,0,0,0,0,0,0,0,0,0,5.02,0
3094,2021-06-22,00:00.0,0.20095,0,0,0,0,0,0,0,0,0,0,4.77,0
3095,2021-06-23,00:00.0,0,0,0,0,0,0,0,0,0,0,0,4.77,0
3096,2021-06-24,00:00.0,0,0,0,0,0,0,0,0,0,0,0,4.77,0
3097,2021-06-25,00:00.0,0,0,0,0,0,0,0,0,0,0,0,4.79,0
3098,2021-06-26,00:00.0,44.4099,0.394647,1.02453,1.19289,1.78516,2.19113,3.42268,3.4935,3.92284,3.99178,0,4.59,4.09651
3099,2021-06-27,00:00.0,0.803799,0.435687,1.0911,1.30175,1.93913,2.37361,3.68386,3.7585,4.20755,4.27809,0,4.52,4.39599
3100,2021-06-28,00:00.0,1.00475,0.0410399,0.0665658,0.108855,0.153967,0.182479,0.261187,0.265004,0.284713,0.286312,0,3.78,0.302577
3101,2021-06-29,00:00.0,0.20095,0,0,0,0,0,7.41E-06,7.41E-06,7.41E-06,7.41E-06,0,3.66,0.00310451
3102,2021-06-30,00:00.0,2.4114,0,0,0,0,0,0,0,0,0,0,3.64,0
3103,2021-07-01,00:00.0,0.602849,0,0,0,0,0,0,0,0,0,0,3.48,0
3104,2021-07-02,00:00.0,1.00475,0,0,0,0,0,0,0,0,0,0,3.44,0
3105,2021-07-03,00:00.0,0,0,0,0,0,0,0,0,0,0,0,3.42,0
3106,2021-07-04,00:00.0,0,0,0,0,0,0,0,0,0,0,0,3.42,0
3107,2021-07-05,00:00.0,0,0,0,0,0,0,0,0,0,0,0,3.41,0
3108,2021-07-06,00:00.0,0,0,0,0,0,0,0,0,0,0,0,3.4,0
3109,2021-07-07,00:00.0,10.8513,0,0,0,0,0,0,0,0,0,0,3.39,0
3110,2021-07-08,00:00.0,4.21994,0,0,0,0,0,0,0,0,0,0,3.39,0
3111,2021-07-09,00:00.0,5.82754,0,0,0,0,0,0,0,0,0,0,3.38,0
3112,2021-07-10,00:00.0,0.401899,0,0,0,0,0,0,0,0,0,0,3.35,0
3113,2021-07-11,00:00.0,0,0,0,0,0,0,0,0,0,0,0,3.32,0
3114,2021-07-12,00:00.0,0,0,0,0,0,0,0,0,0,0,0,3.3,0
3115,2021-07-13,00:00.0,0,0,0,0,0,0,0,0,0,0,0,3.28,0
3116,2021-07-14,00:00.0,6.32992,0,0,0,0,0,0,0,0,0,0,3.5,0
3117,2021-07-15,00:00.0,0,0,0,0,0,0,0,0,0,0,0,3.74,0
3118,2021-07-16,00:00.0,3.21519,0,0,0,0,0,0,0,0,0,0,3.74,0
3119,2021-07-17,00:00.0,0.20095,0,0,0,0,0,0,0,0,0,0,3.65,0
3120,2021-07-18,00:00.0,0,0,0,0,0,0,0,0,0,0,0,3.58,0
3121,2021-07-19,00:00.0,0,0,0,0,0,0,0,0,0,0,0,3.71,0
3122,2021-07-20,00:00.0,0,0,0,0,0,0,0,0,0,0,0,3.89,0
3123,2021-07-21,00:00.0,12.4589,0,0,0,0,0,0,0,0,0,0,4.01,0
3124,2021-07-22,00:00.0,0,0,0,0,0,0,0,0,0,0,0,4.2,0
3125,2021-07-23,00:00.0,0,0,0,0,0,0,0,0,0,0,0,4.23,0
3126,2021-07-24,00:00.0,0,0,0,0,0,0,0,0,0,0,0,4.44,0
3127,2021-07-25,00:00.0,23.3102,0.0583164,0.131964,0.172203,0.25488,0.308991,0.466497,0.475586,0.529517,0.536706,0,4.62,0.551004
3128,2021-07-26,00:00.0,0,0.0583164,0.131964,0.172203,0.25488,0.308991,0.466497,0.475586,0.529517,0.536706,0,4.61,0.551004
3129,2021-07-27,00:00.0,0.602849,0,0,0,0,0,0,0,0,0,0,4.59,0
3130,2021-07-28,00:00.0,4.42089,0,0,0,0,0,0,0,0,0,0,4.58,0
3131,2021-07-29,00:00.0,8.03799,0,0,0,0,0,0,0,0,0,0,4.58,0
3132,2021-07-30,00:00.0,7.43514,0,0,0,0,0,0,0,0,0,0,4.6,0
3133,2021-07-31,00:00.0,0,0,0,0,0,0,0,0,0,0,0,4.61,0
3134,2021-08-01,00:00.0,4.82279,0,0,0,0,0,0,0,0,0,0,4.59,0
3135,2021-08-02,00:00.0,7.63609,0,0,0,0,0,0,0,0,0,0,4.57,0
3136,2021-08-03,00:00.0,0,0,0,0,0,0,0,0,0,0,0,4.58,0
3137,2021-08-04,00:00.0,0,0,0,0,0,0,0,0,0,0,0,4.58,0
3138,2021-08-05,00:00.0,0,0,0,0,0,0,0,0,0,0,0,4.58,0
3139,2021-08-06,00:00.0,0,0,0,0,0,0,0,0,0,0,0,4.59,0
3140,2021-08-07,00:00.0,0.602849,0,0,0,0,0,0,0,0,0,0,4.62,0
3141,2021-08-08,00:00.0,17.8845,0.130614,0.316099,0.392325,0.584993,0.712824,1.09091,1.11297,1.24657,1.26539,0,4.64,1.29042
3142,2021-08-09,00:00.0,0.401899,0.130614,0.316099,0.392325,0.584993,0.712824,1.09091,1.11297,1.24657,1.26539,0,4.62,1.29042
3143,2021-08-10,00:00.0,0.20095,0,0,0,0,0,0,0,0,0,0,4.62,0
3144,2021-08-11,00:00.0,12.057,0,0,0,0,0,0,0,0,0,0,4.59,0
3145,2021-08-12,00:00.0,1.2057,0,0,0,0,0,0,0,0,0,0,4.55,0
3146,2021-08-13,00:00.0,0,0,0,0,0,0,0,0,0,0,0,4.55,0
3147,2021-08-14,00:00.0,0,0,0,0,0,0,0,0,0,0,0,4.54,0
3148,2021-08-15,00:00.0,0,0,0,0,0,0,0,0,0,0,0,4.57,0
3149,2021-08-16,00:00.0,0,0,0,0,0,0,0,0,0,0,0,4.6,0
3150,2021-08-17,00:00.0,1.40665,0,0,0,0,0,0,0,0,0,0,4.61,0
3151,2021-08-18,00:00.0,0,0,0,0,0,0,0,0,0,0,0,4.62,0
3152,2021-08-19,00:00.0,0,0,0,0,0,0,0,0,0,0,0,4.63,0
3153,2021-08-20,00:00.0,0,0,0,0,0,0,0,0,0,0,0,4.62,0
3154,2021-08-21,00:00.0,0,0,0,0,0,0,0,0,0,0,0,4.63,0
3155,2021-08-22,00:00.0,0,0,0,0,0,0,0,0,0,0,0,4.65,0
3156,2021-08-23,00:00.0,0,0,0,0,0,0,0,0,0,0,0,4.27,0
3157,2021-08-24,00:00.0,0,0,0,0,0,0,0,0,0,0,0,4.13,0
3158,2021-08-25,00:00.0,0,0,0,0,0,0,0,0,0,0,0,3.99,0
3159,2021-08-26,00:00.0,0,0,0,0,0,0,0,0,0,0,0,3.94,0
3160,2021-08-27,00:00.0,0,0,0,0,0,0,0,0,0,0,0,4.66,0
3161,2021-08-28,00:00.0,0,0,0,0,0,0,0,0,0,0,0,5.5,0
3162,2021-08-29,00:00.0,4.42089,0,0,0,0,0,0,0,0,0,0,5.51,0
3163,2021-08-30,00:00.0,9.04274,0,0,0,0,0,0,0,0,0,0,5.51,0
3164,2021-08-31,00:00.0,0,0,0,0,0,0,0,0,0,0,0,4.44,0
3165,2021-09-01,00:00.0,0,0,0,0,0,0,0,0,0,0,0,3.64,0
3166,2021-09-02,00:00.0,0,0,0,0,0,0,0,0,0,0,0,3.62,0
3167,2021-09-03,00:00.0,0,0,0,0,0,0,0,0,0,0,0,3.62,0
3168,2021-09-04,00:00.0,0,0,0,0,0,0,0,0,0,0,0,3.62,0
3169,2021-09-05,00:00.0,5.02374,0,0,0,0,0,0,0,0,0,0,3.64,0
3170,2021-09-06,00:00.0,7.63609,0,0,0,0,0,0,0,0,0,0,3.65,0
3171,2021-09-07,00:00.0,0,0,0,0,0,0,0,0,0,0,0,3.67,0
3172,2021-09-08,00:00.0,41.9985,0.369794,0.965171,1.12321,1.68365,2.06669,3.2266,3.29382,3.70203,3.76717,0,3.69,3.86688
3173,2021-09-09,00:00.0,1.40665,0.601705,1.55648,1.82394,2.73173,3.3505,5.22021,5.3285,5.98572,6.08942,0,3.67,6.25102
3174,2021-09-10,00:00.0,1.10522,0.402028,1.01756,1.21276,1.81271,2.21895,3.43996,3.51059,3.9385,4.00412,0,3.64,4.11107
3175,2021-09-11,00:00.0,0,0.248186,0.603654,0.742225,1.10537,1.34829,2.07125,2.1131,2.36535,2.40233,0,3.65,2.46852
3176,2021-09-12,00:00.0,0,0.0780689,0.177401,0.230187,0.340742,0.413147,0.624917,0.637209,0.710555,0.720475,0,3.69,0.748241
3177,2021-09-13,00:00.0,3.21519,0,0,0,0,0,1.58E-05,1.58E-05,1.58E-05,1.58E-05,0,3.69,0.00715486
3178,2021-09-14,00:00.0,2.61235,0,0,0,0,0,1.81E-06,1.81E-06,1.81E-06,1.81E-06,0,3.71,0.000508212
3179,2021-09-15,00:00.0,9.24369,0,0,0,0,0,0,0,0,0,0,3.83,0
3180,2021-09-16,00:00.0,0.20095,0,0,0,0,0,0,0,0,0,0,3.79,0
3181,2021-09-17,00:00.0,0,0,0,0,0,0,0,0,0,0,0,3.73,0
3182,2021-09-18,00:00.0,0,0,0,0,0,0,0,0,0,0,0,3.71,0
3183,2021-09-19,00:00.0,0,0,0,0,0,0,0,0,0,0,0,3.86,0
3184,2021-09-20,00:00.0,0,0,0,0,0,0,0,0,0,0,0,4.11,0
3185,2021-09-21,00:00.0,0.803799,0,0,0,0,0,0,0,0,0,0,4.24,0
3186,2021-09-22,00:00.0,38.3814,0.57318,1.51597,1.74133,2.61116,3.21014,5.03388,5.13908,5.77777,5.88243,0.208363,4.31,6.02984
3187,2021-09-23,00:00.0,41.9985,2.17347,5.79057,6.61673,9.93001,12.2154,19.1836,19.5861,22.0311,22.4346,6.37565,4.22,22.994
3188,2021-09-24,00:00.0,1.80855,3.03008,8.09376,9.23133,13.8579,17.0511,26.7918,27.3547,30.7749,31.3408,19.6768,10,32.1208
3189,2021-09-25,00:00.0,0.401899,2.70722,7.23136,8.24773,12.3813,15.2343,23.9372,24.44,27.4959,28.0014,27.6887,23.5,28.6983
3190,2021-09-26,00:00.0,5.42564,2.43543,6.49912,7.4184,11.1355,13.7001,21.5214,21.9733,24.7193,25.1731,27.3372,37.5,25.7978
3191,2021-09-27,00:00.0,2.0095,2.1926,5.84489,6.67744,10.0223,12.3294,19.363,19.7694,22.2386,22.6462,25.0934,41,23.2063
3192,2021-09-28,00:00.0,0,1.94645,5.18765,5.92745,8.89644,10.9441,17.1867,17.5474,19.7388,20.1005,22.6009,35.4,20.5975
3193,2021-09-29,00:00.0,0,1.72653,4.60043,5.25736,7.8905,9.70645,15.2424,15.5623,17.5054,17.8261,20.1857,30.2,18.2666
3194,2021-09-30,00:00.0,0,1.54257,4.11026,4.69719,7.04977,8.67222,13.6183,13.9041,15.6402,15.9267,18.0329,21.9,16.3203
3195,2021-10-01,00:00.0,0,1.37821,3.67231,4.1967,6.29861,7.7482,12.1673,12.4226,13.9738,14.2297,16.1595,9.82,14.5814
3196,2021-10-02,00:00.0,0,1.13425,3.01376,3.45093,5.17764,6.36775,9.99398,10.2034,11.4752,11.6845,14.0803,5.68,11.9718
3197,2021-10-03,00:00.0,22.3054,1.49349,3.96629,4.54724,6.82393,8.39121,13.1628,13.4388,15.1154,15.3903,13.8175,5.69,15.7623
3198,2021-10-04,00:00.0,10.8513,2.09258,5.5604,6.3753,9.56922,11.7669,18.456,18.8432,21.1965,21.5817,17.3736,5.76,22.0969
3199,2021-10-05,00:00.0,0,1.95351,5.17649,5.94736,8.92433,10.9712,17.1977,17.558,19.7473,20.1046,20.1429,5.62,20.5788
3200,2021-10-06,00:00.0,0,1.55113,4.09041,4.71645,7.07374,8.6925,13.6115,13.896,15.6239,15.9043,18.7531,5.5,16.2743
3201,2021-10-07,00:00.0,0,1.19163,3.12005,3.61669,5.42033,6.65657,10.4075,10.6242,11.9397,12.1516,15.4506,5.49,12.4286
3202,2021-10-08,00:00.0,0,0.870428,2.25309,2.63412,3.94309,4.83757,7.5448,7.70102,8.64817,8.79876,12.0655,5.56,8.99256
3203,2021-10-09,00:00.0,7.03324,0.64773,1.64167,1.94873,2.91033,3.56422,5.53504,5.64835,6.33377,6.4403,9.16713,5.52,6.57193
3204,2021-10-10,00:00.0,0.20095,0.44876,1.09541,1.33637,1.98762,2.42654,3.73942,3.81439,4.26597,4.33314,6.8345,5.54,4.40921
3205,2021-10-11,00:00.0,0,0.210589,0.463875,0.609088,0.895027,1.08399,1.63788,1.6687,1.85027,1.87457,4.68667,5.53,1.8963
3206,2021-10-12,00:00.0,0,0.0501258,0.0881436,0.13621,0.194725,0.232047,0.336494,0.341821,0.37057,0.373397,2.81368,5.53,0.373397
3207,2021-10-13,00:00.0,0,0,0,0,0,0,0,0,0,0,1.56581,5.56,0
3208,2021-10-14,00:00.0,0,0,0,0,0,0,0,0,0,0,0.916141,5.57,0
3209,2021-10-15,00:00.0,0.803799,0,0,0,0,0,0,0,0,0,0.608697,5.58,0
3210,2021-10-16,00:00.0,7.23419,0,0,0,0,0,0,0,0,0,0.416374,5.59,0
3211,2021-10-17,00:00.0,3.01425,0,0,0,0,0,0,0,0,0,0.272322,5.56,0
3212,2021-10-18,00:00.0,4.01899,0,0,0,0,0,0,0,0,0,0.174001,5.57,0
3213,2021-10-19,00:00.0,0,0,0,0,0,0,0,0,0,0,0.116112,5.54,0
3214,2021-10-20,00:00.0,0,0,0,0,0,0,0,0,0,0,0.0631765,10.1,0
3215,2021-10-21,00:00.0,0.502374,0,0,0,0,0,0,0,0,0,0.0157497,16.8,0
3216,2021-10-22,00:00.0,4.21994,0,0,0,0,0,0,0,0,0,0,16.1,0
3217,2021-10-23,00:00.0,0,0,0,0,0,0,0,0,0,0,0,9.39,0
3218,2021-10-24,00:00.0,0,0,0,0,0,0,0,0,0,0,0,5.21,0
3219,2021-10-25,00:00.0,8.23894,0.0884442,0.217612,0.262316,0.389723,0.476428,0.737578,0.752329,0.840989,0.854656,0.0814216,5.15,0.869942
3220,2021-10-26,00:00.0,22.7073,0.853652,2.24219,2.58862,3.8788,4.76571,7.46227,7.61766,8.56032,8.71365,1.80895,5.33,8.91342
3221,2021-10-27,00:00.0,0.803799,1.44888,3.83344,4.40473,6.60639,8.12154,12.7329,12.9992,14.6162,14.8806,6.86835,5.28,15.2299
3222,2021-10-28,00:00.0,0,1.24442,3.28715,3.7814,5.67046,6.97001,10.9239,11.1522,12.5381,12.7643,11.1861,5.28,13.0626
3223,2021-10-29,00:00.0,0,1.06174,2.79906,3.22448,4.83426,5.94118,9.30774,9.50202,10.6814,10.8736,11.7672,14.4,11.1262
3224,2021-10-30,00:00.0,6.43039,1.06602,2.80491,3.23584,4.85029,5.95987,9.33318,9.5278,10.709,10.9011,11.3417,18.2,11.1519
3225,2021-10-31,00:00.0,1.6076,1.06985,2.81014,3.24598,4.86461,5.97657,9.35592,9.55084,10.7337,10.9257,11.2179,18.6,11.1748
3226,2021-11-01,00:00.0,1.00475,0.90577,2.37288,2.74611,4.11428,5.05359,7.90679,8.07129,9.06924,9.2308,10.5911,18.5,9.43959
3227,2021-11-02,00:00.0,0,0.725255,1.88886,2.19522,3.28677,4.03516,6.30582,6.4366,7.22951,7.35712,9.19618,18.3,7.52047
3228,2021-11-03,00:00.0,0,0.591046,1.53093,1.78626,2.67285,3.27993,5.11989,5.22576,5.86729,5.96995,7.69044,19.9,6.10018
3229,2021-11-04,00:00.0,0,0.486283,1.25281,1.46745,2.19449,2.6917,4.19705,4.2836,4.80767,4.89106,6.39813,20,4.99587
3230,2021-11-05,00:00.0,0,0.403281,1.03349,1.21519,1.8162,2.22671,3.46826,3.53957,3.97116,4.03945,5.32894,19.1,4.12448
3231,2021-11-06,00:00.0,0,0.327003,0.831708,0.9833,1.4684,1.79914,2.79797,2.85526,3.20173,3.25611,4.4412,11,3.32288
3232,2021-11-07,00:00.0,0,0.244014,0.610588,0.730488,1.08892,1.33235,2.06512,2.10703,2.36001,2.39899,3.629,6.07,2.44535
3233,2021-11-08,00:00.0,0,0.156842,0.377185,0.464564,0.689536,0.840885,1.29275,1.3184,1.47256,1.49519,2.79419,6.09,1.51972
3234,2021-11-09,00:00.0,0,0.0736556,0.157589,0.210931,0.308712,0.373115,0.561116,0.571441,0.631825,0.63966,2.0055,6.11,0.646291
3235,2021-11-10,00:00.0,5.42564,0.0970098,0.230928,0.285395,0.422477,0.515107,0.791938,0.807494,0.9001,0.914055,1.47651,6.12,0.929678
3236,2021-11-11,00:00.0,0,0.116514,0.289172,0.347475,0.517245,0.632556,0.979546,0.999298,1.11833,1.13662,1.2736,6.14,1.15717
3237,2021-11-12,00:00.0,7.03324,0.196367,0.503648,0.590274,0.8821,1.08187,1.68713,1.72188,1.93227,1.96586,1.37909,6.15,2.00762
3238,2021-11-13,00:00.0,0.803799,0.267711,0.695272,0.807203,1.20808,1.48332,2.31931,2.36747,2.65948,2.70674,1.77535,6.17,2.76711
3239,2021-11-14,00:00.0,2.0095,0.188614,0.482016,0.565696,0.845101,1.03632,1.61556,1.64884,1.85032,1.88247,1.995,6.19,1.92244
3240,2021-11-15,00:00.0,2.0095,0.147083,0.368163,0.437072,0.651341,0.79763,1.23986,1.26521,1.41854,1.44274,1.86359,6.21,1.47218
3241,2021-11-16,00:00.0,0,0.116337,0.283944,0.341706,0.507684,0.620708,0.961611,0.981114,1.0989,1.11726,1.62613,6.2,1.13905
3242,2021-11-17,00:00.0,0.602849,0.0854725,0.202864,0.248511,0.368042,0.44905,0.692396,0.706261,0.789795,0.802516,1.35046,6.2,0.816885
3243,2021-11-18,00:00.0,6.43039,0.224597,0.58429,0.677607,1.01411,1.24532,1.94794,1.98838,2.23357,2.27336,1.42777,6.2,2.32425
3244,2021-11-19,00:00.0,3.01425,0.3922,1.03455,1.19049,1.7843,2.19315,3.43763,3.50927,3.94378,4.01487,2.15509,12.5,4.1065
3245,2021-11-20,00:00.0,0,0.379484,0.994642,1.1494,1.72123,2.11458,3.31081,3.37952,3.79591,3.86371,2.98581,20.2,3.94975
3246,2021-11-21,00:00.0,0.602849,0.324821,0.849505,0.983181,1.47193,1.80798,2.82957,2.88822,3.24352,3.30126,3.32291,21.4,3.3742
3247,2021-11-22,00:00.0,5.82754,0.457527,1.20382,1.38757,2.07898,2.55485,4.00282,4.08611,4.5911,4.67357,3.69682,21.2,4.77938
3248,2021-11-23,00:00.0,4.01899,0.584268,1.54287,1.774,2.65921,3.26885,5.12487,5.23174,5.88008,5.98627,4.60239,18.5,6.12371
3249,2021-11-24,00:00.0,0,0.522014,1.37848,1.58498,2.37587,2.92055,4.57882,4.6743,5.25355,5.34843,5.24001,16.3,5.47122
3250,2021-11-25,00:00.0,2.4114,0.468026,1.23458,1.41988,2.12774,2.61545,4.10069,4.18613,4.70442,4.78945,5.20865,15.7,4.8995
3251,2021-11-26,00:00.0,2.0095,0.621316,1.64617,1.89129,2.84258,3.49453,5.47316,5.5881,6.28431,6.39711,5.49845,16.2,6.54455
3252,2021-11-27,00:00.0,0,0.75664,2.01092,2.3087,3.47624,4.27386,6.68964,6.83081,7.68523,7.82258,6.51241,16,8.00307
3253,2021-11-28,00:00.0,4.01899,0.67602,1.79665,2.06271,3.10584,3.81847,5.97685,6.10299,6.86636,6.98908,7.12314,20,7.15034
3254,2021-11-29,00:00.0,5.02374,0.60399,1.60522,1.84293,2.77491,3.41161,5.34002,5.45271,6.13475,6.24439,6.92016,18.2,6.38847
3255,2021-11-30,00:00.0,2.61235,0.539634,1.43418,1.64656,2.47925,3.04811,4.77104,4.87172,5.48109,5.57905,6.41976,14.6,5.70778
3256,2021-12-01,00:00.0,1.00475,0.482136,1.28137,1.47112,2.21508,2.72333,4.26268,4.35264,4.89708,4.9846,5.83671,11.5,5.09961
3257,2021-12-02,00:00.0,7.03324,0.62793,1.68367,1.92264,2.89822,3.56546,5.58867,5.70723,6.42595,6.54211,5.86575,11.5,6.69657
3258,2021-12-03,00:00.0,0,0.978744,2.63214,3.00456,4.53807,5.58305,8.74411,8.93057,10.06,10.2409,7.47478,11.5,10.4827
3259,2021-12-04,00:00.0,0,1.08311,2.90795,3.32634,5.0289,6.18537,9.67569,9.88235,11.1324,11.3308,9.64893,16.7,11.5958
3260,2021-12-05,00:00.0,0,0.943164,2.53567,2.89779,4.38327,5.39183,8.43493,8.6153,9.7058,9.8787,10.3905,21.2,10.1096
3261,2021-12-06,00:00.0,24.3149,1.98193,5.33798,6.08169,9.17755,11.2935,17.7075,18.0846,20.3712,20.7406,14.0515,21.1,21.2381
3262,2021-12-07,00:00.0,3.61709,3.00509,8.09487,9.21944,13.9044,17.1109,26.8402,27.4112,30.8769,31.4388,23.3877,21.2,32.1974
3263,2021-12-08,00:00.0,0,2.76734,7.45585,8.49265,12.8115,15.7658,24.7262,25.2525,28.4468,28.9639,29.2175,31.1,29.6619
3264,2021-12-09,00:00.0,2.61235,2.47248,6.66142,7.58776,11.4465,14.0859,22.0916,22.5619,25.4158,25.8778,28.3115,40.9,26.5014
3265,2021-12-10,00:00.0,3.01425,2.20903,5.95165,6.77928,10.2268,12.5851,19.7377,20.1579,22.7078,23.1205,25.745,42.9,23.6777
3266,2021-12-11,00:00.0,20.5973,2.84992,7.69924,8.75341,13.2038,16.2521,25.5076,26.0511,29.3523,29.889,26.8572,30.8,30.6165
3267,2021-12-12,00:00.0,1.00475,3.40923,9.22409,10.4764,15.8021,19.4526,30.5429,31.1938,35.151,35.7958,32.3587,27,36.6721
3268,2021-12-13,00:00.0,0,3.19368,8.63732,9.81632,14.8119,18.2323,28.615,29.2253,32.9337,33.5362,34.9446,48.3,34.3546
3269,2021-12-14,00:00.0,0,3.15713,8.44881,9.70978,14.616,17.9677,28.1241,28.7205,32.3578,32.9424,34.1655,63.8,33.7311
3270,2021-12-15,00:00.0,0.401899,2.9667,7.85914,9.12332,13.6929,16.8131,26.2637,26.8168,30.2036,30.745,32.8509,54.8,31.4708
3271,2021-12-16,00:00.0,0.602849,2.68233,7.12074,8.23081,12.3461,15.1667,23.7333,24.2323,27.2852,27.7795,30.4548,40.2,28.4443
3272,2021-12-17,00:00.0,0,2.4502,6.53399,7.48444,11.2127,13.7885,21.6567,22.1107,24.8814,25.3422,27.8044,34.9,25.9625
3273,2021-12-18,00:00.0,0,2.20345,5.89344,6.70856,10.0416,12.3571,19.4588,19.8656,22.3455,22.765,25.2828,22.8,23.3279
3274,2021-12-19,00:00.0,6.02849,1.95092,5.21776,5.93724,8.88629,10.9359,17.2236,17.5835,19.7776,20.1487,22.701,16.6,20.6461
3275,2021-12-20,00:00.0,0,1.73613,4.64276,5.28334,7.90739,9.73113,15.326,15.6461,17.5983,17.9285,20.2693,16.5,18.371
3276,2021-12-21,00:00.0,0,1.55114,4.14807,4.7204,7.06486,8.69428,13.693,13.979,15.7232,16.0182,18.1252,12,16.4136
3277,2021-12-22,00:00.0,1.00475,1.37729,3.68247,4.19105,6.27234,7.71887,12.1565,12.4104,13.9587,14.2205,16.2089,9.53,14.5714
3278,2021-12-23,00:00.0,1.00475,1.22195,3.26649,3.7181,5.56427,6.84739,10.7837,11.0089,12.3821,12.6144,14.4597,9.58,12.9255
3279,2021-12-24,00:00.0,7.03324,1.09175,2.91844,3.32194,4.97139,6.11779,9.63472,9.83594,11.0628,11.2703,12.922,7.55,11.5483
3280,2021-12-25,00:00.0,10.4494,0.970995,2.59528,2.95436,4.42116,5.44062,8.56812,8.74704,9.83799,10.0225,11.5675,5.97,10.2696
3281,2021-12-26,00:00.0,0.502374,1.00044,2.67525,3.04983,4.5741,5.62784,8.8488,9.03449,10.1646,10.3531,10.7999,5.87,10.6055
3282,2021-12-27,00:00.0,0,1.01789,2.72235,3.10793,4.66976,5.74457,9.0197,9.20973,10.3644,10.5547,10.7234,12.5,10.8094
3283,2021-12-28,00:00.0,1.00475,0.892553,2.38582,2.72487,4.094,5.03603,7.90622,8.07275,9.08456,9.25117,10.3377,14.3,9.47409
3284,2021-12-29,00:00.0,2.0095,0.790247,2.11179,2.41238,3.62441,4.45828,6.99876,7.14616,8.04169,8.18912,9.43722,13.1,8.3863
3285,2021-12-30,00:00.0,0,0.692202,1.84868,2.11277,3.1741,3.90415,6.12804,6.25707,7.04092,7.16988,8.44435,10.4,7.34222
3286,2021-12-31,00:00.0,0,0.595474,1.58848,1.81702,2.72948,3.3569,5.26767,5.37852,6.05185,6.16249,7.43846,10.8,6.31013
3287,2022-01-01,00:00.0,2.4114,0.626947,1.67786,1.91833,2.88718,3.55105,5.5682,5.68599,6.40113,6.51759,6.85959,12,6.67344
3288,2022-01-02,00:00.0,5.02374,0.763726,2.05194,2.34518,3.53937,4.3534,6.81816,6.96342,7.84445,7.98595,7.18353,10.6,8.17602
3289,2022-01-03,00:00.0,2.0095,0.77665,2.08801,2.38749,3.60702,4.43639,6.94348,7.09176,7.99057,8.13398,7.82075,9.66,8.32672
3290,2022-01-04,00:00.0,0,0.692269,1.86105,2.12809,3.21514,3.95438,6.18894,6.32111,7.12224,7.25005,7.85346,7.14,7.4218
3291,2022-01-05,00:00.0,0,0.614704,1.65229,1.88965,2.85495,3.51131,5.49517,5.61252,6.32382,6.43725,7.33678,5.71,6.58965
3292,2022-01-06,00:00.0,2.0095,0.538444,1.44661,1.65521,2.5009,3.07569,4.81247,4.91525,5.53811,5.63731,6.65619,5.71,5.7705
3293,2022-01-07,00:00.0,1.00475,0.472919,1.27004,1.45378,2.19666,2.70139,4.22608,4.31634,4.86326,4.95026,5.94232,5.7,5.06701
3294,2022-01-08,00:00.0,0,0.421336,1.13143,1.29521,1.95708,2.40673,3.76502,3.84542,4.33267,4.41016,5.28086,5.69,4.51414
3295,2022-01-09,00:00.0,0,0.376442,1.01088,1.1572,1.74855,2.15029,3.36385,3.43569,3.87102,3.94026,4.72365,5.68,4.03316
3296,2022-01-10,00:00.0,2.0095,0.336332,0.903167,1.0339,1.56224,1.92118,3.00543,3.06962,3.45856,3.52042,4.25391,5.67,3.60342
3297,2022-01-11,00:00.0,1.00475,0.300496,0.806934,0.923741,1.39578,1.71648,2.6852,2.74255,3.09005,3.14532,3.82661,4.67,3.21948
3298,2022-01-12,00:00.0,0,0.268478,0.720955,0.825316,1.24706,1.53359,2.39909,2.45033,2.7608,2.81018,3.43167,4.07,2.87644
3299,2022-01-13,00:00.0,0,0.239872,0.644137,0.737378,1.11419,1.37018,2.14347,2.18925,2.46664,2.51076,3.07232,4.08,2.56995
3300,2022-01-14,00:00.0,0,0.207354,0.556351,0.637411,0.963231,1.18442,1.85224,1.8918,2.13146,2.16949,2.7312,4.05,2.22046
3301,2022-01-15,00:00.0,0,0.177977,0.477028,0.5471,0.826862,1.01661,1.58912,1.62306,1.82863,1.86115,2.4243,4.05,1.90468
3302,2022-01-16,00:00.0,0,0.15869,0.42531,0.487811,0.73726,0.906441,1.41688,1.44714,1.63042,1.65942,2.16527,4.07,1.69822
3303,2022-01-17,00:00.0,12.057,0.141781,0.379993,0.435835,0.658705,0.809859,1.26591,1.29295,1.4567,1.48261,1.93351,4.07,1.51727
3304,2022-01-18,00:00.0,4.01899,0.126674,0.339504,0.389396,0.58852,0.723568,1.13103,1.15518,1.30149,1.32463,1.72688,4.05,1.35561
3305,2022-01-19,00:00.0,4.01899,0.106764,0.285681,0.328186,0.496105,0.609829,0.952608,0.972954,1.09614,1.11554,1.52587,4.09,1.14144
3306,2022-01-20,00:00.0,0,0.0838663,0.223533,0.257791,0.389875,0.479022,0.747075,0.763033,0.859552,0.87459,1.31086,4.13,0.894549
3307,2022-01-21,00:00.0,0,0.0698219,0.185657,0.214616,0.324671,0.398795,0.62135,0.634623,0.714855,0.727272,1.10472,4.12,0.743694
3308,2022-01-22,00:00.0,0,0.0623823,0.165876,0.191749,0.290077,0.356303,0.555145,0.567004,0.638687,0.649781,0.949206,4.16,0.664454
3309,2022-01-23,00:00.0,2.0095,0.0557355,0.148201,0.171318,0.259169,0.318339,0.495994,0.506589,0.570635,0.580547,0.851425,4.2,0.593656
3310,2022-01-24,00:00.0,0,0.0497968,0.132411,0.153064,0.231555,0.28442,0.443145,0.452612,0.509833,0.518689,0.77879,4.16,0.530401
3311,2022-01-25,00:00.0,5.02374,0.044491,0.118302,0.136755,0.206882,0.254115,0.395928,0.404386,0.45551,0.463423,0.709355,3.9,0.473887
3312,2022-01-26,00:00.0,1.00475,0.0397504,0.105697,0.122184,0.184839,0.227039,0.353742,0.361298,0.406976,0.414045,0.643919,3.45,0.423394
3313,2022-01-27,00:00.0,0,0.035515,0.0944349,0.109165,0.165144,0.202848,0.31605,0.322802,0.363612,0.369928,0.582909,3.46,0.378281
3314,2022-01-28,00:00.0,2.61235,0.0317309,0.0843729,0.0975333,0.147548,0.181234,0.282375,0.288407,0.324869,0.330512,0.526492,3.46,0.337975
3315,2022-01-29,00:00.0,0,0.0283499,0.0753829,0.0871411,0.131827,0.161924,0.252288,0.257677,0.290254,0.295296,0.474657,3.43,0.301964
3316,2022-01-30,00:00.0,0,0.0253292,0.0673508,0.0778562,0.117781,0.144671,0.225407,0.230222,0.259328,0.263832,0.427276,3.44,0.26979
3317,2022-01-31,00:00.0,0,0.0226304,0.0601746,0.0695606,0.105231,0.129256,0.201389,0.205691,0.231696,0.235721,0.384141,3.45,0.241043
3318,2022-02-01,00:00.0,0,0.0181556,0.0480841,0.0558039,0.08446,0.103693,0.161299,0.164745,0.185554,0.188739,0.341767,3.52,0.192925
3319,2022-02-02,00:00.0,0.20095,0.00747712,0.0196899,0.0229808,0.0348054,0.0427024,0.0662709,0.0676869,0.0762256,0.0775109,0.287533,3.52,0.0791851
3320,2022-02-03,00:00.0,16.6788,0,0,0,0,0,0,0,0,0,0.220938,3.52,0
3321,2022-02-04,00:00.0,1.00475,0,0,0,0,0,0,0,0,0,0.162458,3.51,0
3322,2022-02-05,00:00.0,0,0,0,0,0,0,0,0,0,0,0.120839,3.55,0
3323,2022-02-06,00:00.0,0,0,0,0,0,0,0,0,0,0,0.0905096,3.57,0
3324,2022-02-07,00:00.0,0,0,0,0,0,0,0,0,0,0,0.0677928,3.59,0
3325,2022-02-08,00:00.0,2.0095,0,0,0,0,0,0,0,0,0,0.0488417,3.56,0
3326,2022-02-09,00:00.0,1.00475,0,0,0,0,0,0,0,0,0,0.0328476,3.58,0
3327,2022-02-10,00:00.0,3.01425,0,0,0,0,0,0,0,0,0,0.0206211,3.61,0
3328,2022-02-11,00:00.0,2.0095,0,0,0,0,0,0,0,0,0,0.0110803,3.64,0
3329,2022-02-12,00:00.0,10.0475,0,0,0,0,0,0,0,0,0,0.00393408,3.67,0
3330,2022-02-13,00:00.0,1.00475,0,0,0,0,0,0,0,0,0,0.000436865,3.66,0
3331,2022-02-14,00:00.0,1.00475,0,0,0,0,0,0,0,0,0,0,3.66,0
3332,2022-02-15,00:00.0,2.0095,0,0,0,0,0,0,0,0,0,0,3.67,0
3333,2022-02-16,00:00.0,0,0,0,0,0,0,0,0,0,0,0,3.67,0
3334,2022-02-17,00:00.0,41.7975,0,0,0,0,0,0,0,0,0,0,3.69,0
3335,2022-02-18,00:00.0,14.0665,0,0,0,0,0,0,0,0,0,0,5.1,0
3336,2022-02-19,00:00.0,11.0522,0,0,0,0,0,0,0,0,0,0,5.81,0
3337,2022-02-20,00:00.0,2.0095,0,0,0,0,0,0,0,0,0,0,5.78,0
3338,2022-02-21,00:00.0,0,0,0,0,0,0,0,0,0,0,0,5.71,0
3339,2022-02-22,00:00.0,0,0,0,0,0,0,0,0,0,0,0,5.86,0
3340,2022-02-23,00:00.0,12.057,0.611546,1.64388,1.88012,2.84286,3.49666,5.46987,5.58686,6.29514,6.40757,1.0427,5.91,6.55957
3341,2022-02-24,00:00.0,0,1.15244,3.09749,3.54305,5.35739,6.5894,10.3074,10.5278,11.8625,12.0743,4.79347,5.98,12.3605
3342,2022-02-25,00:00.0,2.0095,1.02416,2.75235,3.14866,4.76113,5.85594,9.15956,9.35547,10.5415,10.7296,8.5928,6,10.9839
3343,2022-02-26,00:00.0,3.01425,0.915037,2.45909,2.81317,4.25383,5.23198,8.18361,8.35864,9.41826,9.58634,9.72462,6.13,9.81352
3344,2022-02-27,00:00.0,0,0.81754,2.19707,2.51342,3.80059,4.67451,7.31164,7.46802,8.41474,8.56491,9.45267,6.18,8.76789
3345,2022-02-28,00:00.0,0,0.723602,1.94418,2.22462,3.364,4.13743,6.47093,6.60933,7.44716,7.57996,8.704,6.2,7.75943
3346,2022-03-01,00:00.0,0,0.639674,1.71823,1.96659,2.97394,3.65757,5.7198,5.84213,6.58267,6.69996,7.82618,6.2,6.85842
3347,2022-03-02,00:00.0,0,0.571516,1.53516,1.75705,2.65706,3.26786,5.11035,5.21965,5.88128,5.98608,7.02355,6.21,6.12765
3348,2022-03-03,00:00.0,3.01425,0.498824,1.33912,1.53356,2.31931,2.85226,4.45932,4.55471,5.13198,5.22326,6.27949,6.22,5.34649
3349,2022-03-04,00:00.0,0,0.433878,1.16397,1.33389,2.01754,2.48095,3.87767,3.96062,4.46252,4.54172,5.53837,6.21,4.64856
3350,2022-03-05,00:00.0,0,0.387648,1.03995,1.19176,1.80257,2.21661,3.4645,3.53861,3.98703,4.0578,4.89727,6.19,4.15326
3351,2022-03-06,00:00.0,3.81804,0.325288,0.871196,1.00004,1.51297,1.86012,2.90524,2.96739,3.3433,3.40232,4.31835,6.19,3.48179
3352,2022-03-07,00:00.0,0,0.716586,1.90723,2.20775,3.35637,4.12239,6.40416,6.54232,7.37243,7.49731,4.99965,6.28,7.6642
3353,2022-03-08,00:00.0,5.62659,1.07074,2.85184,3.30358,5.03047,6.17834,9.58814,9.79567,11.0413,11.2266,7.61814,6.21,11.4733
3354,2022-03-09,00:00.0,0,0.937927,2.50305,2.89665,4.41346,5.42148,8.41416,8.59655,9.69183,9.8543,9.51218,6.31,10.07
3355,2022-03-10,00:00.0,0,0.823446,2.19735,2.5422,3.87375,4.75865,7.38574,7.54583,8.50675,8.64932,9.46734,9.58,8.83831
3356,2022-03-11,00:00.0,4.01899,0.715097,1.90795,2.20642,3.36257,4.13093,6.41188,6.55086,7.38438,7.50809,8.6956,11.2,7.67193
3357,2022-03-12,00:00.0,6.02849,0.626381,1.67108,1.93189,2.94449,3.61745,5.61515,5.73685,6.46635,6.57465,7.75212,11,6.71802
3358,2022-03-13,00:00.0,6.02849,0.555401,1.48166,1.71269,2.61052,3.20719,4.97841,5.08632,5.73294,5.82895,6.90216,10.9,5.95603
3359,2022-03-14,00:00.0,1.00475,0.496223,1.32379,1.53021,2.33237,2.86546,4.44796,4.54437,5.12209,5.20787,6.17716,10.9,5.32141
3360,2022-03-15,00:00.0,1.6076,0.441134,1.17679,1.36018,2.07327,2.54717,3.95393,4.03963,4.55311,4.62935,5.51531,11.1,4.73026
3361,2022-03-16,00:00.0,5.02374,0.391915,1.04546,1.20827,1.84178,2.26279,3.51254,3.58867,4.04475,4.11247,4.92166,16.6,4.20209
3362,2022-03-17,00:00.0,0,0.68476,1.82915,2.10791,3.21584,3.95228,6.13844,6.27162,7.06725,7.18567,5.3925,24.2,7.34238
3363,2022-03-18,00:00.0,2.31092,2.68267,7.15974,8.247,12.5259,15.3942,23.9666,24.4824,27.5812,28.0548,13.7865,25.8,28.6883
3364,2022-03-19,00:00.0,0.20095,6.76663,18.0983,20.415,31.1823,38.418,60.0388,61.3315,68.7734,69.9417,43.0039,48.6,71.4924
3365,2022-03-20,00:00.0,7.03324,9.67695,25.8584,29.3961,44.757,55.0913,86.0218,87.8702,98.7014,100.394,83.2134,59.9,102.651
3366,2022-03-21,00:00.0,0,10.5264,28.0768,32.4245,49.0943,60.3168,93.9758,95.9898,108.196,110.079,107.337,78,112.609
3367,2022-03-22,00:00.0,0,11.3048,30.0371,34.8138,52.6817,64.6996,100.729,102.886,115.966,117.973,116.874,83.6,120.686
3368,2022-03-23,00:00.0,3.01425,11.2182,29.6386,34.6492,52.3027,64.1696,99.7554,101.886,114.937,116.924,120.213,75.9,119.617
3369,2022-03-24,00:00.0,14.2674,10.6624,28.1277,33.083,49.7932,61.0442,94.8377,96.856,109.377,111.285,116.54,58.7,113.861
3370,2022-03-25,00:00.0,2.61235,10.1601,26.8358,31.6251,47.4961,58.2123,90.4671,92.3866,104.325,106.159,110.998,50.1,108.636
3371,2022-03-26,00:00.0,0.401899,9.15148,24.1897,28.5413,42.8012,52.4489,81.5319,83.2581,93.9954,95.6561,103.039,67.6,97.9024
3372,2022-03-27,00:00.0,2.0095,8.18381,21.6316,25.5121,38.2749,46.898,72.9093,74.4515,84.0466,85.5344,92.573,51.5,87.5486
3373,2022-03-28,00:00.0,3.01425,7.34025,19.3972,22.8778,34.3929,42.1236,65.4502,66.8325,75.4357,76.771,83.1135,22.9,78.5794
3374,2022-03-29,00:00.0,0.401899,6.55814,17.3304,20.4401,30.8251,37.7321,58.5733,59.8083,67.4949,68.6879,74.6692,9.84,70.3036
3375,2022-03-30,00:00.0,0,5.85937,15.4839,18.2622,27.6578,33.8289,52.4494,53.5528,60.4203,61.4862,66.9727,5.44,62.9298
3376,2022-03-31,00:00.0,4.01899,5.36567,14.1819,16.7305,25.4736,31.1279,48.1812,49.193,55.4908,56.466,60.7338,5.41,57.7867
3377,2022-04-01,00:00.0,0,5.00551,13.2361,15.5838,23.8321,29.1022,45.0231,45.9651,51.8272,52.7416,56.1944,5.41,53.9837
3378,2022-04-02,00:00.0,0,4.55312,12.0432,14.1453,21.7422,26.5281,41.0205,41.8742,47.185,48.0222,51.9633,9.82,49.163
3379,2022-04-03,00:00.0,2.0095,4.06798,10.76,12.6381,19.5613,23.8372,36.7855,37.5482,42.2931,43.0411,47.1719,16.7,44.0604
3380,2022-04-04,00:00.0,0,3.63454,9.61348,11.2915,17.6114,21.4318,33.0004,33.6818,37.9212,38.5895,42.43,16.6,39.5001
3381,2022-04-05,00:00.0,2.21045,3.38695,8.95421,10.5242,16.5235,20.0832,30.8573,31.4925,35.4444,36.0661,38.7758,8.95,36.9137
3382,2022-04-06,00:00.0,0,3.17528,8.4138,9.83779,15.529,18.8644,28.9937,29.5876,33.2769,33.8665,36.2058,10.7,34.6749
3383,2022-04-07,00:00.0,7.53561,3.08962,8.25189,9.48335,15.007,18.249,28.2009,28.7736,32.3137,32.9081,34.4074,13.3,33.7325
3384,2022-04-08,00:00.0,1.2057,2.98684,8.0465,9.07002,14.4096,17.5388,27.2625,27.8101,31.1764,31.7737,33.231,13.4,32.6123
3385,2022-04-09,00:00.0,4.62184,2.82536,7.65489,8.51995,13.6547,16.6121,25.8744,26.3889,29.5393,30.1185,31.9639,13.4,30.9376
3386,2022-04-10,00:00.0,0,2.71361,7.36707,8.16635,13.2244,16.0657,24.9825,25.4761,28.4936,29.0537,30.6725,13.4,29.8471
3387,2022-04-11,00:00.0,0,2.47667,6.74676,7.4291,12.2059,14.7994,22.9705,23.4198,26.1613,26.6793,29.014,13.4,27.4163
3388,2022-04-12,00:00.0,1.00475,2.25466,6.18688,6.70772,11.1852,13.5444,21.049,21.4547,23.9198,24.4058,26.7594,13.4,25.1037
3389,2022-04-13,00:00.0,0,2.01576,5.60257,5.90031,10.0148,12.1183,18.9342,19.2907,21.4391,21.8978,24.3328,13.4,22.5443
3390,2022-04-14,00:00.0,2.4114,1.74626,4.93514,5.01092,8.72895,10.5586,16.5884,16.89,18.7047,19.1194,21.7057,7.75,19.6729
3391,2022-04-15,00:00.0,0.401899,1.39779,4.00042,3.94274,7.17728,8.64945,13.5569,13.7925,15.2155,15.5551,18.6583,5.15,15.9917
3392,2022-04-16,00:00.0,1.00475,1.02692,2.96341,2.84023,5.54504,6.62035,10.269,10.4368,11.4474,11.7066,15.1723,5.14,12.0354
3393,2022-04-17,00:00.0,0,0.8074,2.34465,2.19907,4.59452,5.43619,8.33106,8.45969,9.23326,9.44287,12.1355,5.1,9.70624
3394,2022-04-18,00:00.0,0,0.721371,2.09483,1.96476,4.25326,5.00525,7.59167,7.70659,8.39774,8.58502,10.2352,5.06,8.82032
3395,2022-04-19,00:00.0,6.02849,0.775043,2.21166,2.15761,4.54041,5.34825,8.06728,8.19416,8.96018,9.15023,9.50756,5.05,9.39109
3396,2022-04-20,00:00.0,0,0.822996,2.31603,2.32992,4.78801,5.64575,8.48325,8.62083,9.45373,9.64626,9.59156,5.07,9.89209
3397,2022-04-21,00:00.0,6.02849,0.85703,2.39169,2.44799,4.93903,5.83187,8.75592,8.90077,9.77852,9.97319,9.86294,5.06,10.2223
3398,2022-04-22,00:00.0,10.2484,1.11893,3.07372,3.25699,6.11399,7.28054,11.0216,11.2155,12.3923,12.6317,10.9213,5.08,12.9412
3399,2022-04-23,00:00.0,0,1.12809,3.07688,3.29641,6.12933,7.30243,11.0427,11.2386,12.4278,12.6641,12.1663,7.47,12.9695
3400,2022-04-24,00:00.0,0.602849,0.792946,2.15751,2.28426,4.55834,5.37401,8.00306,8.1367,8.94663,9.11484,11.369,9.13,9.32841
3401,2022-04-25,00:00.0,2.0095,0.484788,1.31209,1.35314,3.09773,3.58461,5.19193,5.26822,5.72905,5.83475,8.85048,10.2,5.96381
3402,2022-04-26,00:00.0,6.02849,0.356623,0.987093,0.981269,2.48373,2.84604,4.05746,4.11352,4.44935,4.53058,6.58556,11.1,4.62888
3403,2022-04-27,00:00.0,2.0095,0.285786,0.816912,0.783301,2.13293,2.43116,3.43366,3.48005,3.75552,3.82359,5.17871,11.2,3.90646
3404,2022-04-28,00:00.0,0,0.187173,0.542284,0.490253,1.63817,1.83091,2.5006,2.52891,2.69493,2.74216,4.17012,11.2,2.79739
3405,2022-04-29,00:00.0,0,0.167229,0.484504,0.438016,1.51443,1.68664,2.28497,2.31026,2.4586,2.50079,3.41115,8.4,2.55013
3406,2022-04-30,00:00.0,0,0.119645,0.355205,0.307113,1.26467,1.38918,1.82925,1.8471,1.95175,1.9834,2.81634,4.81,2.01932
3407,2022-05-01,00:00.0,0,0.0629932,0.193896,0.153985,0.967082,1.03357,1.2753,1.28417,1.337,1.35431,2.23876,4.8,1.37086
3408,2022-05-02,00:00.0,2.61235,0.0421438,0.12745,0.101406,0.827479,0.871482,1.0305,1.03609,1.07051,1.08108,1.78157,4.8,1.08847
3409,2022-05-03,00:00.0,0,0.0376534,0.11387,0.0906012,0.769686,0.809,0.951071,0.956072,0.986824,0.996265,1.47566,4.8,1.00287
3410,2022-05-04,00:00.0,18.4874,0.636862,1.71684,1.92219,3.49473,4.16722,6.23801,6.35503,7.06737,7.18898,2.73409,4.79,7.3482
3411,2022-05-05,00:00.0,0,1.17222,3.14901,3.55863,5.94528,7.18349,10.9775,11.1946,12.5159,12.7377,6.71215,6.98,13.0333
3412,2022-05-06,00:00.0,0,1.04732,2.81348,3.17946,5.37513,6.48141,9.87115,10.0651,11.2457,11.4438,10.0776,8.08,11.7079
3413,2022-05-07,00:00.0,0,0.905204,2.42969,2.74682,4.71671,5.67211,8.59946,8.76688,9.78575,9.95673,10.6084,7.99,10.1843
3414,2022-05-08,00:00.0,0,0.778228,2.0868,2.36029,4.12357,4.94415,7.45838,7.60208,8.47653,8.6232,9.88123,5.7,8.81805
3415,2022-05-09,00:00.0,0,0.695308,1.86445,2.1088,3.73408,4.46723,6.71356,6.84195,7.62323,7.75427,8.9341,4.66,7.92836
3416,2022-05-10,00:00.0,0,0.561288,1.50085,1.69982,3.09821,3.68843,5.49669,5.59985,6.22746,6.33259,7.82598,4.65,6.47159
3417,2022-05-11,00:00.0,0,0.233197,0.621086,0.704754,1.55463,1.79891,2.54721,2.58979,2.84874,2.89204,5.86932,4.63,2.94888
3418,2022-05-12,00:00.0,0,0,0,0,0.423785,0.423785,0.423785,0.423785,0.423785,0.423785,3.4461,4.62,0.423785
3419,2022-05-13,00:00.0,0,0,0,0,0.349202,0.349202,0.349202,0.349202,0.349202,0.349202,1.83929,4.64,0.349202
3420,2022-05-14,00:00.0,0,0,0,0,0.279323,0.279323,0.279323,0.279323,0.279323,0.279323,1.0817,4.66,0.279323
3421,2022-05-15,00:00.0,0,0,0,0,0.225815,0.225815,0.225815,0.225815,0.225815,0.225815,0.693374,4.67,0.225815
3422,2022-05-16,00:00.0,2.8133,0,0,0,0.189226,0.189226,0.189226,0.189226,0.189226,0.189226,0.475625,4.67,0.189226
3423,2022-05-17,00:00.0,4.62184,0,0,0,0.159309,0.159309,0.159309,0.159309,0.159309,0.159309,0.31593,4.64,0.159309
3424,2022-05-18,00:00.0,0,0,0,0,0.143714,0.143714,0.143714,0.143714,0.143714,0.143714,0.238508,4.42,0.143714
3425,2022-05-19,00:00.0,1.00475,0,0,0,0.138684,0.138684,0.138684,0.138684,0.138684,0.138684,0.214085,3.76,0.138684
3426,2022-05-20,00:00.0,0,0,0,0,0.12796,0.12796,0.12796,0.12796,0.12796,0.12796,0.172629,3.21,0.12796
3427,2022-05-21,00:00.0,0,0,0,0,0.104335,0.104335,0.104335,0.104335,0.104335,0.104335,0.0893648,3.22,0.104335
3428,2022-05-22,00:00.0,14.9708,0.0365804,0.0642075,0.0986432,0.214895,0.241876,0.318181,0.32219,0.344676,0.347101,0.0282204,3.24,0.350598
3429,2022-05-23,00:00.0,0.502374,0.0365804,0.0642075,0.0986432,0.189971,0.216952,0.293257,0.297266,0.319752,0.322177,0.0249413,3.21,0.325674
3430,2022-05-24,00:00.0,0,0,0,0,0.038432,0.038432,0.038432,0.038432,0.038432,0.038432,0.0312134,3.2,0.038432
3431,2022-05-25,00:00.0,0,0,0,0,0.0353645,0.0353645,0.0353645,0.0353645,0.0353645,0.0353645,0.0264248,3.21,0.0353645
3432,2022-05-26,00:00.0,1.2057,0,0,0,0.0290224,0.0290224,0.0290224,0.0290224,0.0290224,0.0290224,0.0103002,3.21,0.0290224
3433,2022-05-27,00:00.0,1.00475,0,0,0,0.0125316,0.0125316,0.0125316,0.0125316,0.0125316,0.0125316,0,3.06,0.0125316
3434,2022-05-28,00:00.0,15.875,0.0614565,0.135576,0.176323,0.258414,0.31312,0.475123,0.483958,0.536694,0.543699,0,2.86,0.552959
3435,2022-05-29,00:00.0,0,0.0614565,0.135576,0.176323,0.258414,0.31312,0.475123,0.483958,0.536694,0.543699,0,2.97,0.552959
3436,2022-05-30,00:00.0,0,0,0,0,0,0,0,0,0,0,0,2.99,0
3437,2022-05-31,00:00.0,0,0,0,0,0,0,0,0,0,0,0,3.03,0
3438,2022-06-01,00:00.0,0,0,0,0,0,0,0,0,0,0,0,3.04,0
3439,2022-06-02,00:00.0,1.40665,0,0,0,0,0,0,0,0,0,0,3.04,0
3440,2022-06-03,00:00.0,0,0,0,0,0,0,0,0,0,0,0,3.04,0
3441,2022-06-04,00:00.0,0,0,0,0,0,0,0,0,0,0,0,3.05,0
3442,2022-06-05,00:00.0,0,0,0,0,0,0,0,0,0,0,0,3.06,0
3443,2022-06-06,00:00.0,4.42089,0,0,0,0,0,0,0,0,0,0,3.12,0
3444,2022-06-07,00:00.0,20.095,0.0925441,0.217231,0.274049,0.40649,0.494332,0.754009,0.768876,0.858569,0.87088,0,3.1,0.889092
3445,2022-06-08,00:00.0,8.23894,0.175228,0.411316,0.518897,0.769669,0.935992,1.42768,1.45583,1.62566,1.64897,0.110964,3.13,1.68345
3446,2022-06-09,00:00.0,11.0522,0.255736,0.615316,0.763362,1.1358,1.38388,2.12011,2.16258,2.41949,2.45579,0.508522,3.13,2.50566
3447,2022-06-10,00:00.0,1.00475,0.327667,0.797579,0.981778,1.46292,1.78405,2.73876,2.79402,3.12873,3.17664,1.26169,3.14,3.24025
3448,2022-06-11,00:00.0,1.00475,0.292754,0.712596,0.877169,1.30705,1.59396,2.44695,2.49631,2.79537,2.83817,1.97077,3.14,2.895
3449,2022-06-12,00:00.0,8.64084,0.252863,0.60149,0.749869,1.11294,1.35546,2.07543,2.1166,2.36389,2.39978,2.22401,3.16,2.44785
3450,2022-06-13,00:00.0,0,0.114724,0.265242,0.335965,0.496191,0.603332,0.920809,0.938676,1.04486,1.06055,1.93723,3.19,1.0818
3451,2022-06-14,00:00.0,0,0,0,0,0,0,0,0,0,0,1.2808,3.18,0
3452,2022-06-15,00:00.0,0,0,0,0,0,0,0,0,0,0,0.755255,3.16,0
3453,2022-06-16,00:00.0,0,0,0,0,0,0,0,0,0,0,0.450773,3.19,0
3454,2022-06-17,00:00.0,0,0,0,0,0,0,0,0,0,0,0.209676,3.21,0
3455,2022-06-18,00:00.0,0,0,0,0,0,0,0,0,0,0,0.0532132,3.2,0
3456,2022-06-19,00:00.0,0,0,0,0,0,0,0,0,0,0,0,3.19,0
3457,2022-06-20,00:00.0,0,0,0,0,0,0,0,0,0,0,0,3.2,0
3458,2022-06-21,00:00.0,0.20095,0,0,0,0,0,0,0,0,0,0,3.24,0
3459,2022-06-22,00:00.0,0,0,0,0,0,0,0,0,0,0,0,3.27,0
3460,2022-06-23,00:00.0,0,0,0,0,0,0,0,0,0,0,0,3.28,0
3461,2022-06-24,00:00.0,0,0,0,0,0,0,0,0,0,0,0,3.27,0
3462,2022-06-25,00:00.0,0,0,0,0,0,0,0,0,0,0,0,3.61,0
3463,2022-06-26,00:00.0,0,0,0,0,0,0,0,0,0,0,0,3.94,0
3464,2022-06-27,00:00.0,0,0,0,0,0,0,0,0,0,0,0,3.83,0
3465,2022-06-28,00:00.0,0,0,0,0,0,0,0,0,0,0,0,3.84,0
3466,2022-06-29,00:00.0,0,0,0,0,0,0,0,0,0,0,0,3.98,0
3467,2022-06-30,00:00.0,3.61709,0,0,0,0,0,0,0,0,0,0,4.2,0
3468,2022-07-01,00:00.0,0,0,0,0,0,0,0,0,0,0,0,4.29,0
3469,2022-07-02,00:00.0,0.401899,0,0,0,0,0,0,0,0,0,0,4.32,0
3470,2022-07-03,00:00.0,0,0,0,0,0,0,0,0,0,0,0,4.33,0
3471,2022-07-04,00:00.0,0,0,0,0,0,0,0,0,0,0,0,4.31,0
3472,2022-07-05,00:00.0,3.01425,0,0,0,0,0,0,0,0,0,0,4.33,0
3473,2022-07-06,00:00.0,11.856,0,0,0,0,0,0,0,0,0,0,4.35,0
3474,2022-07-07,00:00.0,0,0,0,0,0,0,0,0,0,0,0,4.33,0
3475,2022-07-08,00:00.0,0,0,0,0,0,0,0,0,0,0,0,4.33,0
3476,2022-07-09,00:00.0,0,0,0,0,0,0,0,0,0,0,0,4.33,0
3477,2022-07-10,00:00.0,0,0,0,0,0,0,0,0,0,0,0,4.32,0
3478,2022-07-11,00:00.0,0,0,0,0,0,0,0,0,0,0,0,4.34,0
3479,2022-07-12,00:00.0,3.41614,0,0,0,0,0,0,0,0,0,0,4.36,0
3480,2022-07-13,00:00.0,4.01899,0,0,0,0,0,0,0,0,0,0,4.53,0
3481,2022-07-14,00:00.0,0.904274,0,0,0,0,0,0,0,0,0,0,4.62,0
3482,2022-07-15,00:00.0,0,0,0,0,0,0,0,0,0,0,0,4.61,0
3483,2022-07-16,00:00.0,0,0,0,0,0,0,0,0,0,0,0,4.62,0
3484,2022-07-17,00:00.0,0,0,0,0,0,0,0,0,0,0,0,4.65,0
3485,2022-07-18,00:00.0,5.82754,0,0,0,0,0,0,0,0,0,0,4.67,0
3486,2022-07-19,00:00.0,0.602849,0,0,0,0,0,0,0,0,0,0,4.69,0
3487,2022-07-20,00:00.0,0,0,0,0,0,0,0,0,0,0,0,4.75,0
3488,2022-07-21,00:00.0,0.401899,0,0,0,0,0,0,0,0,0,0,4.77,0
3489,2022-07-22,00:00.0,0,0,0,0,0,0,0,0,0,0,0,4.75,0
3490,2022-07-23,00:00.0,0,0,0,0,0,0,0,0,0,0,0,4.77,0
3491,2022-07-24,00:00.0,0.20095,0,0,0,0,0,0,0,0,0,0,4.83,0
3492,2022-07-25,00:00.0,13.1622,0,0,0,0,0,0,0,0,0,0,4.76,0
3493,2022-07-26,00:00.0,0,0,0,0,0,0,0,0,0,0,0,4.69,0
3494,2022-07-27,00:00.0,0,0,0,0,0,0,0,0,0,0,0,4.7,0
3495,2022-07-28,00:00.0,0,0,0,0,0,0,0,0,0,0,0,4.71,0
3496,2022-07-29,00:00.0,2.91377,0,0,0,0,0,0,0,0,0,0,4.72,0
3497,2022-07-30,00:00.0,0,0,0,0,0,0,0,0,0,0,0,4.72,0
3498,2022-07-31,00:00.0,0,0,0,0,0,0,0,0,0,0,0,4.72,0
3499,2022-08-01,00:00.0,0,0,0,0,0,0,0,0,0,0,0,4.74,0
3500,2022-08-02,00:00.0,0.602849,0,0,0,0,0,0,0,0,0,0,4.76,0
3501,2022-08-03,00:00.0,0,0,0,0,0,0,0,0,0,0,0,4.64,0
3502,2022-08-04,00:00.0,26.1235,0,0,0,0,0,1.50E-05,1.50E-05,1.50E-05,1.50E-05,0,4.6,0.007212
3503,2022-08-05,00:00.0,11.0522,0,0,0,0,0,2.05E-05,2.05E-05,2.05E-05,2.05E-05,0,4.65,0.00972608
3504,2022-08-06,00:00.0,0,0,0,0,0,0,5.59E-06,5.59E-06,5.59E-06,5.59E-06,0,4.64,0.00251408
3505,2022-08-07,00:00.0,0,0,0,0,0,0,0,0,0,0,0,4.65,0
3506,2022-08-08,00:00.0,5.22469,0,0,0,0,0,0,0,0,0,0,4.67,0
3507,2022-08-09,00:00.0,3.21519,0,0,0,0,0,0,0,0,0,0,4.67,0
3508,2022-08-10,00:00.0,0,0,0,0,0,0,0,0,0,0,0,4.62,0
3509,2022-08-11,00:00.0,0,0,0,0,0,0,0,0,0,0,0,4.62,0
3510,2022-08-12,00:00.0,0,0,0,0,0,0,0,0,0,0,0,4.63,0
3511,2022-08-13,00:00.0,0,0,0,0,0,0,0,0,0,0,0,4.65,0
3512,2022-08-14,00:00.0,0,0,0,0,0,0,0,0,0,0,0,4.68,0
3513,2022-08-15,00:00.0,0,0,0,0,0,0,0,0,0,0,0,4.71,0
3514,2022-08-16,00:00.0,0,0,0,0,0,0,0,0,0,0,0,4.71,0
3515,2022-08-17,00:00.0,0,0,0,0,0,0,0,0,0,0,0,4.73,0
3516,2022-08-18,00:00.0,0.20095,0,0,0,0,0,0,0,0,0,0,4.66,0
3517,2022-08-19,00:00.0,0,0,0,0,0,0,0,0,0,0,0,4.64,0
3518,2022-08-20,00:00.0,0,0,0,0,0,0,0,0,0,0,0,4.67,0
3519,2022-08-21,00:00.0,0.20095,0,0,0,0,0,0,0,0,0,0,4.69,0
3520,2022-08-22,00:00.0,0,0,0,0,0,0,0,0,0,0,0,4.72,0
3521,2022-08-23,00:00.0,10.9518,0,0,0,0,0,0,0,0,0,0,4.73,0
3522,2022-08-24,00:00.0,0,0,0,0,0,0,0,0,0,0,0,4.74,0
3523,2022-08-25,00:00.0,2.8133,0,0,0,0,0,0,0,0,0,0,4.73,0
3524,2022-08-26,00:00.0,34.7643,0.236744,0.602582,0.714639,1.06853,1.30874,2.03206,2.07387,2.32719,2.36642,0,4.77,2.4274
3525,2022-08-27,00:00.0,0,0.259581,0.630417,0.770885,1.1453,1.39802,2.15389,2.19692,2.45488,2.49411,0,4.77,2.56458
3526,2022-08-28,00:00.0,0,0.0432406,0.0527028,0.106499,0.145359,0.169054,0.230674,0.232996,0.241789,0.241789,0,4.79,0.259747
3527,2022-08-29,00:00.0,0,0.0204037,0.0248685,0.0502529,0.0685898,0.0797705,0.108856,0.109951,0.1141,0.1141,0,4.81,0.126719
3528,2022-08-30,00:00.0,19.0902,0.0772705,0.18738,0.232373,0.346638,0.422421,0.646551,0.659639,0.738885,0.75001,0,4.9,0.769752
3529,2022-08-31,00:00.0,5.42564,0.0772705,0.18738,0.232373,0.346638,0.422421,0.646542,0.65963,0.738876,0.750001,0,4.9,0.765598
3530,2022-09-01,00:00.0,0,0,0,0,0,0,0,0,0,0,0,4.87,0
3531,2022-09-02,00:00.0,0,0,0,0,0,0,0,0,0,0,0,4.8,0
3532,2022-09-03,00:00.0,0,0,0,0,0,0,0,0,0,0,0,4.83,0
3533,2022-09-04,00:00.0,0.401899,0,0,0,0,0,0,0,0,0,0,4.81,0
3534,2022-09-05,00:00.0,0,0,0,0,0,0,0,0,0,0,0,4.79,0
3535,2022-09-06,00:00.0,0,0,0,0,0,0,0,0,0,0,0,4.82,0
3536,2022-09-07,00:00.0,0,0,0,0,0,0,0,0,0,0,0,4.86,0
3537,2022-09-08,00:00.0,0,0,0,0,0,0,0,0,0,0,0,4.87,0
3538,2022-09-09,00:00.0,0,0,0,0,0,0,0,0,0,0,0,4.83,0
3539,2022-09-10,00:00.0,0,0,0,0,0,0,0,0,0,0,0,4.78,0
3540,2022-09-11,00:00.0,0,0,0,0,0,0,0,0,0,0,0,4.8,0
3541,2022-09-12,00:00.0,0.602849,0,0,0,0,0,0,0,0,0,0,4.79,0
3542,2022-09-13,00:00.0,2.8133,0,0,0,0,0,0,0,0,0,0,4.79,0
3543,2022-09-14,00:00.0,1.00475,0,0,0,0,0,0,0,0,0,0,4.65,0
3544,2022-09-15,00:00.0,0,0,0,0,0,0,0,0,0,0,0,4.62,0
3545,2022-09-16,00:00.0,0,0,0,0,0,0,0,0,0,0,0,4.67,0
3546,2022-09-17,00:00.0,0,0,0,0,0,0,0,0,0,0,0,4.32,0
3547,2022-09-18,00:00.0,1.00475,0,0,0,0,0,0,0,0,0,0,3.66,0
3548,2022-09-19,00:00.0,0.20095,0,0,0,0,0,0,0,0,0,0,3.65,0
3549,2022-09-20,00:00.0,0.803799,0,0,0,0,0,0,0,0,0,0,3.69,0
3550,2022-09-21,00:00.0,0,0,0,0,0,0,0,0,0,0,0,3.69,0
3551,2022-09-22,00:00.0,1.80855,0,0,0,0,0,0,0,0,0,0,3.74,0
3552,2022-09-23,00:00.0,0,0,0,0,0,0,0,0,0,0,0,3.76,0
3553,2022-09-24,00:00.0,0,0,0,0,0,0,0,0,0,0,0,3.71,0
3554,2022-09-25,00:00.0,3.01425,0,0,0,0,0,0,0,0,0,0,3.63,0
3555,2022-09-26,00:00.0,4.21994,0,0,0,0,0,0,0,0,0,0,3.6,0
3556,2022-09-27,00:00.0,9.04274,0,0,0,0,0,0,0,0,0,0,3.58,0
3557,2022-09-28,00:00.0,10.3489,0,0,0,0,0,0,0,0,0,0,3.61,0
3558,2022-09-29,00:00.0,0,0,0,0,0,0,0,0,0,0,0,3.58,0
3559,2022-09-30,00:00.0,0,0,0,0,0,0,0,0,0,0,0,3.6,0
3560,2022-10-01,00:00.0,0,0,0,0,0,0,0,0,0,0,0,3.59,0
3561,2022-10-02,00:00.0,0,0,0,0,0,0,0,0,0,0,0,2.98,0
3562,2022-10-03,00:00.0,0,0,0,0,0,0,0,0,0,0,0,2.52,0
3563,2022-10-04,00:00.0,0,0,0,0,0,0,0,0,0,0,0,2.52,0
3564,2022-10-05,00:00.0,0,0,0,0,0,0,0,0,0,0,0,2.5,0
3565,2022-10-06,00:00.0,0,0,0,0,0,0,0,0,0,0,0,2.49,0
3566,2022-10-07,00:00.0,0,0,0,0,0,0,0,0,0,0,0,2.84,0
3567,2022-10-08,00:00.0,0.502374,0,0,0,0,0,0,0,0,0,0,2.74,0
3568,2022-10-09,00:00.0,0,0,0,0,0,0,0,0,0,0,0,2.5,0
3569,2022-10-10,00:00.0,0,0,0,0,0,0,0,0,0,0,0,2.49,0
3570,2022-10-11,00:00.0,0,0,0,0,0,0,0,0,0,0,0,2.52,0
3571,2022-10-12,00:00.0,1.80855,0,0,0,0,0,0,0,0,0,0,2.57,0
3572,2022-10-13,00:00.0,14.6693,0,0,0,0,0,1.35E-06,1.35E-06,1.35E-06,1.35E-06,0,2.59,0.000486568
3573,2022-10-14,00:00.0,0.602849,0,0,0,0,0,1.35E-06,1.35E-06,1.35E-06,1.35E-06,0,2.51,0.000486568
3574,2022-10-15,00:00.0,1.6076,0,0,0,0,0,0,0,0,0,0,2.48,0
3575,2022-10-16,00:00.0,2.4114,0,0,0,0,0,0,0,0,0,0,2.52,0
3576,2022-10-17,00:00.0,0,0,0,0,0,0,0,0,0,0,0,2.52,0
3577,2022-10-18,00:00.0,2.8133,0,0,0,0,0,0,0,0,0,0,2.54,0
3578,2022-10-19,00:00.0,4.82279,0,0,0,0,0,0,0,0,0,0,2.53,0
3579,2022-10-20,00:00.0,3.61709,0,0,0,0,0,0,0,0,0,0,2.52,0
3580,2022-10-21,00:00.0,0.602849,0,0,0,0,0,0,0,0,0,0,2.6,0
3581,2022-10-22,00:00.0,0,0,0,0,0,0,0,0,0,0,0,2.58,0
3582,2022-10-23,00:00.0,0,0,0,0,0,0,0,0,0,0,0,2.63,0
3583,2022-10-24,00:00.0,0,0,0,0,0,0,0,0,0,0,0,2.58,0
3584,2022-10-25,00:00.0,0,0,0,0,0,0,0,0,0,0,0,2.56,0
3585,2022-10-26,00:00.0,0,0,0,0,0,0,0,0,0,0,0,2.5,0
3586,2022-10-27,00:00.0,5.52612,0,0,0,0,0,0,0,0,0,0,2.52,0
3587,2022-10-28,00:00.0,0,0,0,0,0,0,0,0,0,0,0,2.58,0
3588,2022-10-29,00:00.0,0,0,0,0,0,0,0,0,0,0,0,2.62,0
3589,2022-10-30,00:00.0,0,0,0,0,0,0,0,0,0,0,0,2.63,0
3590,2022-10-31,00:00.0,0,0,0,0,0,0,0,0,0,0,0,2.59,0
3591,2022-11-01,00:00.0,4.42089,0,0,0,0,0,0,0,0,0,0,2.56,0
3592,2022-11-02,00:00.0,0,0,0,0,0,0,0,0,0,0,0,2.37,0
3593,2022-11-03,00:00.0,0,0,0,0,0,0,0,0,0,0,0,2.11,0
3594,2022-11-04,00:00.0,0,0,0,0,0,0,0,0,0,0,0,2.11,0
3595,2022-11-05,00:00.0,0,0,0,0,0,0,0,0,0,0,0,2.12,0
3596,2022-11-06,00:00.0,2.8133,0,0,0,0,0,0,0,0,0,0,2.15,0
3597,2022-11-07,00:00.0,0,0,0,0,0,0,0,0,0,0,0,2.12,0
3598,2022-11-08,00:00.0,0,0,0,0,0,0,0,0,0,0,0,2.1,0
3599,2022-11-09,00:00.0,0,0,0,0,0,0,0,0,0,0,0,2.07,0
3600,2022-11-10,00:00.0,0,0,0,0,0,0,0,0,0,0,0,2.06,0
3601,2022-11-11,00:00.0,0,0,0,0,0,0,0,0,0,0,0,2.06,0
3602,2022-11-12,00:00.0,4.21994,0,0,0,0,0,0,0,0,0,0,2.06,0
3603,2022-11-13,00:00.0,3.01425,0,0,0,0,0,0,0,0,0,0,2.06,0
3604,2022-11-14,00:00.0,2.4114,0,0,0,0,0,0,0,0,0,0,2.05,0
3605,2022-11-15,00:00.0,0,0,0,0,0,0,0,0,0,0,0,2.05,0
3606,2022-11-16,00:00.0,9.04274,0,0,0,0,0,0,0,0,0,0,2.05,0
3607,2022-11-17,00:00.0,1.00475,0,0,0,0,0,0,0,0,0,0,2.06,0
3608,2022-11-18,00:00.0,7.03324,0,0,0,0,0,0,0,0,0,0,2.06,0
3609,2022-11-19,00:00.0,1.6076,0,0,0,0,0,0,0,0,0,0,2.08,0
3610,2022-11-20,00:00.0,7.03324,0,0,0,0,0,0,0,0,0,0,2.07,0
3611,2022-11-21,00:00.0,2.0095,0,0,0,0,0,0,0,0,0,0,2.05,0
3612,2022-11-22,00:00.0,0,0,0,0,0,0,0,0,0,0,0,2.04,0
3613,2022-11-23,00:00.0,0,0,0,0,0,0,0,0,0,0,0,2.01,0
3614,2022-11-24,00:00.0,0,0,0,0,0,0,0,0,0,0,0,2.01,0
3615,2022-11-25,00:00.0,1.00475,0,0,0,0,0,0,0,0,0,0,2.01,0
3616,2022-11-26,00:00.0,0.602849,0,0,0,0,0,0,0,0,0,0,2.02,0
3617,2022-11-27,00:00.0,0,0.256933,0.661381,0.778271,1.18155,1.44878,2.23847,2.28597,2.56663,2.60775,0,2.02,2.66116
3618,2022-11-28,00:00.0,9.24369,0.814302,2.10508,2.48026,3.75829,4.60724,7.12319,7.27438,8.17628,8.30901,0,2.02,8.48251
3619,2022-11-29,00:00.0,0,1.05535,2.73357,3.22264,4.87894,5.98039,9.24898,9.4453,10.6216,10.7951,0.292836,2.02,11.0224
3620,2022-11-30,00:00.0,3.61709,1.09911,2.81692,3.3719,5.08642,6.22393,9.59481,9.79734,11.0274,11.2058,3.01226,2.03,11.4381
3621,2022-12-01,00:00.0,9.04274,1.3591,3.4749,4.18689,6.28937,7.68989,11.8539,12.1026,13.6272,13.8503,8.07595,2.06,14.141
3622,2022-12-02,00:00.0,0,1.43074,3.67596,4.40878,6.6163,8.09357,12.5009,12.7629,14.3664,14.6051,12.1208,2.04,14.9177
3623,2022-12-03,00:00.0,2.4114,1.27118,3.25676,3.91459,5.87295,7.18248,11.0867,11.3187,12.7382,12.9489,13.4192,2.03,13.2238
3624,2022-12-04,00:00.0,7.03324,1.33677,3.43813,4.10321,6.15277,7.53057,11.6548,11.8983,13.3849,13.6099,13.506,2.04,13.9046
3625,2022-12-05,00:00.0,0,1.39196,3.59875,4.2638,6.39241,7.83015,12.1495,12.4033,13.9507,14.189,13.9825,2.04,14.503
3626,2022-12-06,00:00.0,0,1.22565,3.16578,3.75417,5.62795,6.89304,10.6925,10.9158,12.2772,12.4865,13.7339,2.04,12.762
3627,2022-12-07,00:00.0,0,1.06988,2.75917,3.27673,4.91164,6.01471,9.32586,9.5205,10.7072,10.8893,12.5014,2.03,11.1285
3628,2022-12-08,00:00.0,0.20095,0.937735,2.41687,2.86701,4.29483,5.25975,8.16063,8.33064,9.36638,9.5263,11.0995,2.03,9.73732
3629,2022-12-09,00:00.0,0,0.821403,2.11519,2.50513,3.74944,4.59219,7.13154,7.27974,8.18158,8.32217,9.79814,2.02,8.50801
3630,2022-12-10,00:00.0,0,0.716241,1.84066,2.18284,3.2659,3.99916,6.20874,6.33762,7.12162,7.24379,8.63087,2.01,7.40448
3631,2022-12-11,00:00.0,3.01425,0.633551,1.627,1.93066,2.8884,3.53663,5.48964,5.60356,6.29654,6.40442,7.60114,2,6.54622
3632,2022-12-12,00:00.0,2.0095,0.561332,1.44067,1.71045,2.5588,3.13287,4.86216,4.96303,5.57663,5.67207,6.74963,2.01,5.79747
3633,2022-12-13,00:00.0,0,0.49709,1.27497,1.51457,2.26563,2.77374,4.30407,4.39334,4.93636,5.02075,6.01013,2,5.13156
3634,2022-12-14,00:00.0,0,0.444125,1.13912,1.35319,2.02422,2.47819,3.84547,3.92523,4.41038,4.48579,5.3491,2.01,4.58479
3635,2022-12-15,00:00.0,0,0.396803,1.01775,1.20901,1.80854,2.21414,3.43574,3.507,3.94046,4.00782,4.7873,2,4.09628
3636,2022-12-16,00:00.0,9.04274,0.353411,0.906243,1.07677,1.61069,1.97187,3.05962,3.12307,3.50904,3.569,4.30805,2.01,3.64773
3637,2022-12-17,00:00.0,3.01425,0.301364,0.770077,0.91779,1.37241,1.67954,2.60367,2.65759,2.98552,3.03623,3.82895,2.01,3.10259
3638,2022-12-18,00:00.0,1.00475,0.249052,0.632431,0.757884,1.1326,1.38516,2.14385,2.18813,2.45738,2.49866,3.31269,2.03,2.55237
3639,2022-12-19,00:00.0,4.01899,0.211992,0.536084,0.644773,0.963175,1.17745,1.8204,1.85793,2.08613,2.12092,2.82555,2.03,2.166
3640,2022-12-20,00:00.0,3.01425,0.18137,0.456854,0.551369,0.823334,1.00609,1.55389,1.58588,1.78033,1.8098,2.44262,2.01,1.84786
3641,2022-12-21,00:00.0,0,0.156501,0.392919,0.475574,0.709926,0.867211,1.33827,1.36578,1.53299,1.55822,2.14006,2,1.59069
3642,2022-12-22,00:00.0,0,0.138713,0.347992,0.421481,0.629131,0.768455,1.18563,1.21,1.35809,1.38041,1.87358,1.99,1.40911
3643,2022-12-23,00:00.0,6.02849,0.121161,0.303285,0.368049,0.549257,0.670737,1.03427,1.05551,1.18456,1.20395,1.6421,1.98,1.22883
3644,2022-12-24,00:00.0,0,0.102707,0.255712,0.311786,0.465052,0.567594,0.874011,0.891914,1.0007,1.01692,1.42869,1.97,1.03762
3645,2022-12-25,00:00.0,6.02849,0.0889918,0.220837,0.270042,0.40266,0.491278,0.755856,0.771316,0.865258,0.879195,1.23595,1.96,0.896925
3646,2022-12-26,00:00.0,2.0095,0.0795097,0.197307,0.241269,0.359756,0.438932,0.675319,0.689132,0.773065,0.785517,1.07515,1.96,0.801358
3647,2022-12-27,00:00.0,1.00475,0.0710379,0.176284,0.215561,0.321424,0.392164,0.603363,0.615705,0.690694,0.701819,0.951152,1.95,0.715973
3648,2022-12-28,00:00.0,2.0095,0.0634688,0.157501,0.192593,0.287176,0.350378,0.539075,0.550101,0.617101,0.62704,0.866448,1.95,0.639686
3649,2022-12-29,00:00.0,0,0.0522741,0.128522,0.158445,0.236048,0.287723,0.441619,0.450617,0.50527,0.513267,0.79403,1.95,0.523341
3650,2022-12-30,00:00.0,1.90902,0.314042,0.824032,0.962981,1.45757,1.78819,2.77453,2.83368,3.18932,3.24304,1.22665,1.94,3.31398
3651,2022-12-31,00:00.0,19.2912,1.92685,5.1381,5.90991,8.93016,10.9766,17.1413,17.5066,19.7141,20.0618,7.05488,1.95,20.5286
3652,2023-01-01,00:00.0,6.43039,3.9219,10.4523,12.0687,18.1953,22.3548,34.9059,35.6479,40.1628,40.8755,23.6981,2,41.8355
3653,2023-01-02,00:00.0,3.21519,4.43409,11.801,13.6722,20.5851,25.2806,39.4566,40.2939,45.4095,46.2164,40.2891,2.14,47.3042
3654,2023-01-03,00:00.0,0,4.06238,10.8163,12.5182,18.8446,23.1458,36.1404,36.9071,41.5895,42.3305,44.5883,2.66,43.3297
3655,2023-01-04,00:00.0,6.43039,3.83256,10.2196,11.8092,17.7799,21.842,34.1206,34.8448,39.2667,39.9683,42.4221,6.81,40.9156
3656,2023-01-05,00:00.0,12.057,3.90401,10.4458,12.0326,18.123,22.2718,34.8243,35.5644,40.0827,40.803,41.479,9.88,41.7778
3657,2023-01-06,00:00.0,0.803799,3.85638,10.3419,11.8889,17.9133,22.0193,34.4475,35.1805,39.654,40.3687,41.5372,16.4,41.3375
3658,2023-01-07,00:00.0,0.602849,3.66181,9.78691,11.2804,16.9902,20.8784,32.6383,33.3317,37.5632,38.2371,40.4085,22.6,39.1475
3659,2023-01-08,00:00.0,0,3.38599,9.01376,10.4213,15.6867,19.2698,30.1001,30.7382,34.6327,35.2511,38.0061,21.2,36.0836
3660,2023-01-09,00:00.0,0,3.01271,8.01893,9.27244,13.9573,17.1451,26.78,27.3477,30.8126,31.3626,34.6936,20.3,32.103
3661,2023-01-10,00:00.0,0,2.6792,7.1301,8.24601,12.4123,15.2469,23.8137,24.3185,27.3995,27.8884,31.0567,19.7,28.5465
3662,2023-01-11,00:00.0,0,2.37981,6.33208,7.3246,11.0252,13.5428,21.1506,21.599,24.3354,24.7694,27.7184,13.3,25.3535
3663,2023-01-12,00:00.0,0.803799,2.11232,5.61909,6.50136,9.78602,12.0203,18.7714,19.1692,21.5977,21.9827,24.711,8,22.5007
3664,2023-01-13,00:00.0,3.01425,1.87333,4.98207,5.76584,8.67884,10.66,16.6456,16.9984,19.1517,19.493,21.9976,6.91,19.9519
3665,2023-01-14,00:00.0,0,1.65981,4.41292,5.10869,7.68963,9.44462,14.7463,15.0588,16.9664,17.2685,19.5814,6.12,17.6747
3666,2023-01-15,00:00.0,0,1.4748,3.92028,4.53928,6.83253,8.39171,13.1015,13.3791,15.0739,15.3421,17.446,5.7,15.7028
3667,2023-01-16,00:00.0,0,1.31223,3.48763,4.03892,6.07936,7.46653,11.6565,11.9035,13.4113,13.6499,15.5634,5.66,13.9706
3668,2023-01-17,00:00.0,1.6076,1.16121,3.0852,3.57414,5.37973,6.60699,10.3133,10.5319,11.8659,12.0768,13.8718,4.25,12.3603
3669,2023-01-18,00:00.0,4.01899,1.02357,2.71817,3.15051,4.74204,5.82349,9.08877,9.28135,10.4568,10.6425,12.3276,3.55,10.892
3670,2023-01-19,00:00.0,0,0.999985,2.65776,3.08249,4.64466,5.70348,8.8947,9.08365,10.2357,10.4164,11.2789,3.54,10.6588
3671,2023-01-20,00:00.0,2.0095,0.978916,2.60378,3.02171,4.55766,5.59627,8.72131,8.90701,10.0382,10.2144,10.7855,3.54,10.4506
3672,2023-01-21,00:00.0,0,0.860693,2.28804,2.65695,4.00756,4.92046,7.66637,7.8296,8.82388,8.97856,10.1508,3.5,9.18571
3673,2023-01-22,00:00.0,0,0.755067,2.00595,2.33105,3.51608,4.31665,6.72384,6.86699,7.73898,7.8744,9.17479,3.21,8.05563
3674,2023-01-23,00:00.0,3.01425,0.660695,1.75391,2.03988,3.07696,3.77718,5.88173,6.00695,6.76967,6.88789,8.1499,3.01,7.04596
3675,2023-01-24,00:00.0,1.40665,0.576378,1.52872,1.77973,2.68464,3.29519,5.12935,5.23854,5.90364,6.00649,7.19699,3.01,6.14388
3676,2023-01-25,00:00.0,0,0.501045,1.32753,1.5473,2.33411,2.86456,4.45713,4.55201,5.12989,5.219,6.34378,3.04,5.33791
3677,2023-01-26,00:00.0,17.0807,0.433739,1.14777,1.33964,2.02093,2.47981,3.85654,3.93863,4.43858,4.51543,5.5535,2.97,4.61782
3678,2023-01-27,00:00.0,2.0095,0.373605,0.987172,1.1541,1.74113,2.13606,3.31995,3.3906,3.82093,3.88681,4.84364,2.96,3.97445
3679,2023-01-28,00:00.0,3.01425,0.319878,0.843682,0.98833,1.49113,1.82893,2.84053,2.90097,3.26909,3.32518,4.22913,2.98,3.39964
3680,2023-01-29,00:00.0,8.03799,0.271875,0.715481,0.840224,1.26778,1.55453,2.41219,2.46351,2.77605,2.82339,3.67243,2.98,2.88607
3681,2023-01-30,00:00.0,7.03324,0.228988,0.60094,0.707899,1.06822,1.30937,2.02949,2.07266,2.33555,2.37506,3.15149,2.96,2.42722
3682,2023-01-31,00:00.0,1.00475,0.197306,0.516866,0.610077,0.920662,1.12824,1.74748,1.78465,2.01097,2.04482,2.70616,2.97,2.08942
3683,2023-02-01,00:00.0,0,0.175959,0.460903,0.544078,0.821066,1.00618,1.55837,1.59151,1.79334,1.82352,2.37618,2.99,1.86327
3684,2023-02-02,00:00.0,0,0.157211,0.411794,0.486107,0.733581,0.898967,1.39232,1.42193,1.60225,1.62922,2.1217,2.98,1.66474
3685,2023-02-03,00:00.0,2.0095,0.134971,0.352813,0.417436,0.629995,0.771824,1.19441,1.21981,1.37447,1.39747,1.88062,3.02,1.42769
3686,2023-02-04,00:00.0,0,0.115102,0.300117,0.356083,0.537446,0.658228,1.01759,1.03923,1.17096,1.19041,1.64647,3.01,1.2159
3687,2023-02-05,00:00.0,0,0.102838,0.268139,0.318142,0.480181,0.588094,0.909168,0.928499,1.04619,1.06358,1.44055,3.06,1.08634
3688,2023-02-06,00:00.0,0,0.0897416,0.233684,0.277668,0.419111,0.513213,0.792986,0.809846,0.912487,0.927591,1.2637,3.01,0.94734
3689,2023-02-07,00:00.0,0,0.0682363,0.176637,0.21095,0.318366,0.389646,0.601026,0.613781,0.691312,0.702606,1.08002,2.99,0.717207
3690,2023-02-08,00:00.0,2.21045,0.0417966,0.106442,0.128422,0.193543,0.23663,0.363912,0.371568,0.417809,0.424457,0.897839,3.04,0.432798
3691,2023-02-09,00:00.0,2.21045,0.0186143,0.0448779,0.0557531,0.083484,0.101749,0.155303,0.158502,0.177513,0.180398,0.734031,3.01,0.184282
3692,2023-02-10,00:00.0,41.4961,1.67414,4.55503,5.1489,7.75853,9.55628,15.0376,15.3581,17.3095,17.6327,5.10125,3.06,18.0764
3693,2023-02-11,00:00.0,0,3.15192,8.58024,9.69589,14.6109,17.997,28.3223,28.926,32.6023,33.2109,18.4684,8.6,34.0459
3694,2023-02-12,00:00.0,0,2.79464,7.60701,8.59687,12.9548,15.9569,25.111,25.6462,28.9056,29.4451,28.5028,15.6,30.1852
3695,2023-02-13,00:00.0,0,2.47543,6.73748,7.61495,11.4751,14.1342,22.2418,22.7159,25.6028,26.0805,28.4552,16,26.7358
3696,2023-02-14,00:00.0,0,2.19023,5.9606,6.73766,10.1531,12.5057,19.6784,20.0978,22.6519,23.0745,25.8427,15.4,23.654
3697,2023-02-15,00:00.0,0.502374,2.07743,5.65195,6.39601,9.64703,11.8807,18.6791,19.0779,21.5047,21.9034,23.6373,14.8,22.4494
3698,2023-02-16,00:00.0,2.0095,2.53118,6.86133,7.79944,11.7833,14.5038,22.748,23.235,26.1915,26.6689,24.6099,14.9,27.3203
3699,2023-02-17,00:00.0,1.00475,2.79456,7.55639,8.61117,13.017,16.0173,25.0925,25.6299,28.8896,29.4118,27.844,17.7,30.1233
3700,2023-02-18,00:00.0,1.00475,2.48126,6.7085,7.64587,11.558,14.2219,22.2786,22.7558,25.6498,26.1134,28.3046,20.2,26.7447
3701,2023-02-19,00:00.0,0,2.20323,5.95612,6.78921,10.2633,12.6285,19.7815,20.2052,22.7748,23.1863,25.8605,16.8,23.7466
3702,2023-02-20,00:00.0,0,1.94891,5.26767,6.00568,9.07912,11.1712,17.4972,17.872,20.1448,20.5085,23.1214,14.9,21.0037
3703,2023-02-21,00:00.0,0,1.71982,4.6474,5.29985,8.01242,9.85841,15.4392,15.77,17.7755,18.0962,20.5529,14.8,18.5327
3704,2023-02-22,00:00.0,0.602849,1.51513,4.09322,4.66923,7.05939,8.6855,13.6006,13.892,15.6586,15.9408,18.2055,13.9,16.3249
3705,2023-02-23,00:00.0,11.0522,1.33225,3.59808,4.1058,6.2079,7.63756,11.9579,12.2141,13.7673,14.0152,16.1117,11,14.3524
3706,2023-02-24,00:00.0,0,1.17007,3.15904,3.60613,5.45275,6.70821,10.5011,10.7261,12.0901,12.3075,14.2395,7.32,12.6032
3707,2023-02-25,00:00.0,2.0095,1.03589,2.79628,3.19266,4.82771,5.93912,9.29638,9.49557,10.703,10.8954,12.6094,5.65,11.157
3708,2023-02-26,00:00.0,1.00475,0.922711,2.4906,2.84385,4.30031,5.29026,8.28049,8.45791,9.5334,9.70471,11.2247,5.66,9.93767
3709,2023-02-27,00:00.0,0,0.810868,2.188,2.49924,3.77945,4.64929,7.27605,7.43196,8.37696,8.52733,9.98181,5.68,8.73173
3710,2023-02-28,00:00.0,7.03324,0.70303,1.89587,2.16702,3.27744,4.03141,6.30721,6.44238,7.2615,7.39157,8.81417,5.59,7.56827
3711,2023-03-01,00:00.0,0,0.607894,1.63819,1.87393,2.83453,3.48629,5.45253,5.5694,6.27748,6.38966,7.71032,5.57,6.54194
3712,2023-03-02,00:00.0,0,0.519503,1.39864,1.60164,2.4231,2.97987,4.6583,4.75816,5.36304,5.45856,6.71884,5.59,5.5881
3713,2023-03-03,00:00.0,0,0.417408,1.12098,1.28726,1.9484,2.3953,3.73991,3.82013,4.30563,4.38166,5.73158,5.61,4.48449
3714,2023-03-04,00:00.0,22.1045,0.340302,0.911741,1.04977,1.58965,1.95365,3.04679,3.11217,3.50761,3.56903,4.7895,4.73,3.65189
3715,2023-03-05,00:00.0,3.01425,0.271412,0.724795,0.837584,1.26912,1.55905,2.42753,2.47965,2.79462,2.84299,3.98618,4.03,2.90801
3716,2023-03-06,00:00.0,0,0.175226,0.464151,0.540349,0.820141,1.00669,1.56203,1.5956,1.79752,1.82775,3.14685,3.97,1.86778
3717,2023-03-07,00:00.0,0,0.109593,0.28802,0.33629,0.51128,0.627434,0.971587,0.992441,1.11675,1.13507,2.36087,3.95,1.15881
3718,2023-03-08,00:00.0,0,0.0752823,0.196639,0.229176,0.348722,0.42805,0.662826,0.677003,0.760584,0.772924,1.76794,3.92,0.7887
3719,2023-03-09,00:00.0,0,0.0486724,0.125841,0.146213,0.222798,0.273594,0.42364,0.432648,0.48476,0.492476,1.29413,3.93,0.502102
3720,2023-03-10,00:00.0,0,0.0185921,0.0476486,0.0552148,0.08424,0.103483,0.160231,0.16362,0.182901,0.185764,0.934176,3.93,0.189254
3721,2023-03-11,00:00.0,8.03799,0,0,0,0,0,0,0,0,0,0.68738,3.89,0
3722,2023-03-12,00:00.0,0,0,0,0,0,0,0,0,0,0,0.514811,3.92,0
3723,2023-03-13,00:00.0,3.01425,0,0,0,0,0,0,0,0,0,0.3856,3.92,0
3724,2023-03-14,00:00.0,2.0095,0,0,0,0,0,0,0,0,0,0.28736,3.92,0
3725,2023-03-15,00:00.0,0,0,0,0,0,0,0,0,0,0,0.213777,3.95,0
3726,2023-03-16,00:00.0,0,0,0,0,0,0,0,0,0,0,0.160122,3.98,0
3727,2023-03-17,00:00.0,8.03799,0,0,0,0,0,0,0,0,0,0.114703,3.91,0
3728,2023-03-18,00:00.0,7.43514,0.373481,1.00407,1.15811,1.75801,2.16008,3.36297,3.43566,3.87606,3.9433,0.626894,3.97,4.0345
3729,2023-03-19,00:00.0,4.01899,0.702315,1.88781,2.17791,3.30623,4.06229,6.3238,6.46051,7.28868,7.41503,2.62969,3.95,7.58637
3730,2023-03-20,00:00.0,0,0.622631,1.67331,1.93093,2.93148,3.60173,5.60619,5.7274,6.46162,6.57354,4.80619,3.92,6.72529
3731,2023-03-21,00:00.0,0,0.537548,1.44344,1.66756,2.53232,3.11088,4.83963,4.94431,5.57828,5.67454,5.58912,3.89,5.80494
3732,2023-03-22,00:00.0,0,0.506002,1.36715,1.57021,2.39348,2.94246,4.5782,4.67794,5.2788,5.36924,5.59703,3.84,5.49136
3733,2023-03-23,00:00.0,2.0095,1.14106,3.06835,3.53307,5.37898,6.61079,10.2825,10.5057,11.8498,12.0525,7.55584,3.87,12.3256
3734,2023-03-24,00:00.0,2.61235,2.35011,6.29339,7.26296,11.0327,13.5556,21.0911,21.5465,24.2943,24.7118,15.058,3.9,25.274
3735,2023-03-25,00:00.0,0.803799,2.8782,7.70912,8.89502,13.508,16.5973,25.8293,26.3867,29.7522,30.2645,24.5845,3.82,30.9544
3736,2023-03-26,00:00.0,15.875,3.79888,10.1863,11.7272,17.7841,21.8571,34.0645,34.7977,39.2307,39.9136,33.686,4.95,40.8346
3737,2023-03-27,00:00.0,3.01425,5.25847,14.0951,16.2115,24.5643,30.1937,47.0916,48.1031,54.22,55.1685,46.5493,23.8,56.4475
3738,2023-03-28,00:00.0,2.0095,5.50161,14.7445,16.9642,25.7131,31.6044,49.2782,50.3373,56.7399,57.7303,56.4913,58.6,59.0656
3739,2023-03-29,00:00.0,0,5.46939,14.6611,16.8709,25.5795,31.4396,49.0112,50.0653,56.4369,57.4206,58.6517,77.4,58.7469
3740,2023-03-30,00:00.0,7.03324,5.33158,14.2868,16.4459,24.9386,30.6506,47.772,48.7997,55.01,55.9673,58.0024,77.9,57.2577
3741,2023-03-31,00:00.0,4.21994,4.72855,12.6683,14.5861,22.1195,27.1851,42.3664,43.2779,48.7853,49.6337,54.3407,60.6,50.7769
3742,2023-04-01,00:00.0,33.6591,4.36993,11.7347,13.4969,20.4777,25.1703,39.2326,40.0782,45.1897,45.9771,49.4,39.9,47.0411
3743,2023-04-02,00:00.0,0.20095,5.14439,13.823,15.8918,24.1181,29.6465,46.2102,47.2069,53.2299,54.1575,51.0083,59.7,55.4123
3744,2023-04-03,00:00.0,0,5.69112,15.2725,17.5666,26.6556,32.7639,51.0639,52.1644,58.811,59.8345,57.6356,81.5,61.217
3745,2023-04-04,00:00.0,0.602849,5.45111,14.6357,16.8273,25.5433,31.3982,48.9333,49.9886,56.3596,57.3396,59.75,81.1,58.6637
3746,2023-04-05,00:00.0,4.42089,6.44484,17.0134,20.0099,30.1536,36.9673,57.3787,58.6004,66.093,67.2322,63.4004,69.1,68.7618
3747,2023-04-06,00:00.0,9.04274,7.28751,19.0502,22.6503,33.9188,41.5294,64.4238,65.7789,74.1824,75.4723,72.3203,59.8,77.204
3748,2023-04-07,00:00.0,0,6.80986,17.8965,21.0496,31.4991,38.6094,60.1405,61.4007,69.1958,70.4297,74.3703,80.1,72.1006
3749,2023-04-08,00:00.0,0,6.06326,15.9673,18.6937,28.0185,34.3454,53.5658,54.6846,61.596,62.7065,68.3515,89.8,64.2168
3750,2023-04-09,00:00.0,0,5.41858,14.2704,16.7055,25.1367,30.7909,47.9689,48.9687,55.145,56.1377,61.2942,53,57.4881
3751,2023-04-10,00:00.0,0,4.87668,12.8616,15.0157,22.7038,27.7928,43.2792,44.1781,49.7272,50.626,55.1812,21.3,51.8515
3752,2023-04-11,00:00.0,0,4.3691,11.5725,13.3877,20.3551,24.9111,38.8593,39.6606,44.5952,45.4171,49.6848,8.32,46.5465
3753,2023-04-12,00:00.0,0,3.89978,10.4142,11.8331,18.0966,22.1558,34.7329,35.4405,39.7778,40.5405,44.5435,5.13,41.6036
3754,2023-04-13,00:00.0,0,3.5623,9.65564,10.6392,16.385,20.1,31.8008,32.4364,36.317,37.0479,40.2657,5.09,38.0406
3755,2023-04-14,00:00.0,0,3.12932,8.56494,9.23858,14.4153,17.685,28.0903,28.6408,31.9993,32.6581,36.2824,6.25,33.5185
3756,2023-04-15,00:00.0,0,2.57222,7.03681,7.56647,12.0563,14.7358,23.2908,23.7395,26.4773,27.0213,31.4255,6.81,27.7283
3757,2023-04-16,00:00.0,0,2.07448,5.67149,6.07253,9.9186,12.0707,18.9725,19.3303,21.5137,21.9551,26.1983,6.76,22.525
3758,2023-04-17,00:00.0,12.057,1.89465,5.15922,5.53942,9.18794,11.1468,17.4241,17.7493,19.732,20.1318,22.4382,6.76,20.6471
3759,2023-04-18,00:00.0,2.61235,1.81261,4.91789,5.30486,8.89721,10.7685,16.7483,17.0596,18.9554,19.3337,20.6629,6.78,19.822
3760,2023-04-19,00:00.0,1.00475,1.58626,4.30248,4.63749,7.95623,9.59218,14.8248,15.0965,16.7512,17.0826,19.1553,6.75,17.5097
3761,2023-04-20,00:00.0,0.602849,1.41725,3.84405,4.14337,7.2595,8.72114,13.3962,13.6389,15.1174,15.4134,17.3138,6.69,15.795
3762,2023-04-21,00:00.0,0,1.21205,3.28535,3.53529,6.36556,7.61286,11.6101,11.8166,13.0738,13.3275,15.4231,6.67,13.6535
3763,2023-04-22,00:00.0,14.0665,1.31075,3.53366,3.8448,6.82162,8.17167,12.4634,12.6888,14.06,14.328,14.4354,6.69,14.6743
3764,2023-04-23,00:00.0,17.0807,1.87263,5.02395,5.56188,9.39152,11.3328,17.4149,17.7451,19.7516,20.1217,16.6156,6.72,20.607
3765,2023-04-24,00:00.0,0.20095,2.05939,5.51657,6.14108,10.2778,12.4172,19.0887,19.4548,21.6783,22.0809,20.1849,13.9,22.611
3766,2023-04-25,00:00.0,0,1.78052,4.76519,5.30398,9.04302,10.8902,16.6538,16.9694,18.8861,19.234,20.8658,20.5,19.6912
3767,2023-04-26,00:00.0,0,1.54535,4.13235,4.59905,7.99232,9.59348,14.5922,14.8655,16.5246,16.8263,19.0376,24.7,17.2223
3768,2023-04-27,00:00.0,0,1.36145,3.63911,4.04988,7.16644,8.5762,12.9785,13.219,14.6787,14.9444,16.9887,19.4,15.2929
3769,2023-04-28,00:00.0,0,1.14124,3.04454,3.38728,6.15064,7.32891,11.013,11.2133,12.4292,12.6517,14.8917,8.32,12.9423
3770,2023-04-29,00:00.0,7.03324,0.986292,2.61537,2.91469,5.39574,6.40692,9.57239,9.74333,10.7794,10.9699,12.8499,4.69,11.2168
3771,2023-04-30,00:00.0,3.41614,0.815984,2.14534,2.39154,4.55381,5.38085,7.97912,8.11743,8.95366,9.10972,11.0082,4.69,9.30923
3772,2023-05-01,00:00.0,7.23419,0.666689,1.73088,1.93339,3.80341,4.46849,6.56632,6.67596,7.33658,7.46193,9.24631,5.78,7.61903
3773,2023-05-02,00:00.0,2.61235,0.644546,1.6652,1.86578,3.65602,4.29628,6.31389,6.41931,7.05359,7.17351,8.07687,13.9,7.32321
3774,2023-05-03,00:00.0,2.0095,0.582763,1.50692,1.68331,3.35501,3.93345,5.75982,5.85491,6.42677,6.53575,7.41346,15.9,6.67198
3775,2023-05-04,00:00.0,2.0095,0.539667,1.39334,1.55658,3.13589,3.67052,5.35926,5.44701,5.97405,6.07473,6.83758,19.5,6.20026
3776,2023-05-05,00:00.0,5.02374,0.647832,1.68226,1.89079,3.61124,4.26109,6.29653,6.40493,7.05725,7.17766,6.79593,21.5,7.32976
3777,2023-05-06,00:00.0,0,0.728146,1.90134,2.14334,3.97042,4.70804,7.00609,7.13054,7.88081,8.01628,7.36321,24.7,8.18932
3778,2023-05-07,00:00.0,0,0.650562,1.69875,1.91497,3.60827,4.26729,6.32049,6.43167,7.10201,7.22304,7.60976,24.6,7.37764
3779,2023-05-08,00:00.0,12.057,1.02435,2.70833,3.06503,5.32341,6.38196,9.64933,9.83173,10.936,11.1278,8.71817,14,11.379
3780,2023-05-09,00:00.0,0,1.32779,3.52634,3.99869,6.72205,8.10454,12.3555,12.5957,14.0517,14.3006,11.4781,16.4,14.6297
3781,2023-05-10,00:00.0,0,1.15578,3.0666,3.47877,5.93794,7.14012,10.8369,11.0456,12.3106,12.527,12.9529,19.7,12.8126
3782,2023-05-11,00:00.0,0,0.972699,2.57491,2.92382,5.08898,6.09825,9.20244,9.37733,10.4371,10.6185,12.1703,19.7,10.8571
3783,2023-05-12,00:00.0,0,0.573854,1.48815,1.7046,3.20187,3.78438,5.57902,5.67839,6.27842,6.3816,9.75148,10.9,6.51328
3784,2023-05-13,00:00.0,0,0.146527,0.360256,0.422283,1.20805,1.34855,1.78339,1.80633,1.94347,1.96739,6.19972,4.44,1.99522
3785,2023-05-14,00:00.0,0,0,0,0,0.506531,0.506531,0.506531,0.506531,0.506531,0.506531,3.31816,4.41,0.506531
3786,2023-05-15,00:00.0,0,0,0,0,0.435588,0.435588,0.435588,0.435588,0.435588,0.435588,1.84772,4.38,0.435588
3787,2023-05-16,00:00.0,0,0,0,0,0.377979,0.377979,0.377979,0.377979,0.377979,0.377979,1.15644,4.38,0.377979
3788,2023-05-17,00:00.0,0,0,0,0,0.318021,0.318021,0.318021,0.318021,0.318021,0.318021,0.783732,4.37,0.318021
3789,2023-05-18,00:00.0,0,0,0,0,0.276913,0.276913,0.276913,0.276913,0.276913,0.276913,0.619543,4.36,0.276913
3790,2023-05-19,00:00.0,0,0,0,0,0.259448,0.259448,0.259448,0.259448,0.259448,0.259448,0.531355,4.38,0.259448
3791,2023-05-20,00:00.0,14.4684,0.207493,0.538349,0.627089,1.17648,1.38985,2.03699,2.07419,2.29953,2.33576,0.705595,4.4,2.38437
3792,2023-05-21,00:00.0,0.20095,0.392878,1.01934,1.18736,2.00108,2.40507,3.6304,3.70084,4.12751,4.19612,1.61811,3.43,4.28815
3793,2023-05-22,00:00.0,0,0.185385,0.480988,0.560272,1.04851,1.23914,1.81733,1.85057,2.0519,2.08427,2.21311,3.05,2.1277
3794,2023-05-23,00:00.0,0,0,0,0,0.188345,0.188345,0.188346,0.188346,0.188346,0.188346,1.67954,3.05,0.188346
3795,2023-05-24,00:00.0,0,0,0,0,0.164203,0.164203,0.164203,0.164203,0.164203,0.164203,1.00379,3.05,0.164203
3796,2023-05-25,00:00.0,0,0,0,0,0.141736,0.141736,0.141736,0.141736,0.141736,0.141736,0.66489,3.01,0.141736
3797,2023-05-26,00:00.0,0,0,0,0,0.132564,0.132564,0.132564,0.132564,0.132564,0.132564,0.517237,2.95,0.132564
3798,2023-05-27,00:00.0,0,0,0,0,0.121224,0.121224,0.121224,0.121224,0.121224,0.121224,0.395087,2.96,0.121224
3799,2023-05-28,00:00.0,0,0,0,0,0.0970049,0.0970049,0.0970049,0.0970049,0.0970049,0.0970049,0.251229,2.98,0.0970049
3800,2023-05-29,00:00.0,0,0,0,0,0.0670584,0.0670584,0.0670584,0.0670584,0.0670584,0.0670584,0.112957,2.99,0.0670584
3801,2023-05-30,00:00.0,0,0,0,0,0.0381599,0.0381599,0.0381599,0.0381599,0.0381599,0.0381599,0.0257964,3.15,0.0381599
3802,2023-05-31,00:00.0,0,0,0,0,0.011984,0.011984,0.011984,0.011984,0.011984,0.011984,0,3.34,0.011984
3803,2023-06-01,00:00.0,0,0,0,0,0,0,0,0,0,0,0,3.39,0
3804,2023-06-02,00:00.0,0,0,0,0,0,0,0,0,0,0,0,3.37,0
3805,2023-06-03,00:00.0,0,0,0,0,0,0,0,0,0,0,0,3.38,0
3806,2023-06-04,00:00.0,0,0,0,0,0,0,0,0,0,0,0,3.78,0
3807,2023-06-05,00:00.0,0,0,0,0,0,0,0,0,0,0,0,3.94,0
3808,2023-06-06,00:00.0,0,0,0,0,0,0,0,0,0,0,0,3.96,0
3809,2023-06-07,00:00.0,0,0,0,0,0,0,0,0,0,0,0,4,0
3810,2023-06-08,00:00.0,0,0,0,0,0,0,0,0,0,0,0,4.03,0
3811,2023-06-09,00:00.0,0.602849,0,0,0,0,0,0,0,0,0,0,4.05,0
3812,2023-06-10,00:00.0,2.8133,0,0,0,0,0,0,0,0,0,0,4.05,0
3813,2023-06-11,00:00.0,0,0,0,0,0,0,0,0,0,0,0,4.07,0
3814,2023-06-12,00:00.0,29.9415,0.09045,0.207116,0.264201,0.390017,0.473749,0.721379,0.735296,0.818419,0.829902,0,4.07,0.851844
3815,2023-06-13,00:00.0,10.8513,0.171263,0.392164,0.500252,0.738477,0.897019,1.3659,1.39225,1.54964,1.57138,0,3.51,1.61292
3816,2023-06-14,00:00.0,1.80855,0.153014,0.350379,0.44695,0.659792,0.801441,1.22036,1.2439,1.38452,1.40395,0.120303,2.93,1.44107
3817,2023-06-15,00:00.0,0.20095,0.136711,0.313046,0.399327,0.589491,0.716047,1.09033,1.11136,1.237,1.25436,0.371988,2.92,1.28752
3818,2023-06-16,00:00.0,3.51662,0.122144,0.279691,0.356779,0.52668,0.639752,0.974154,0.992947,1.1052,1.1207,0.584558,2.94,1.15033
3819,2023-06-17,00:00.0,0,0.10913,0.24989,0.318764,0.470562,0.571586,0.870357,0.887148,0.987438,1.00129,0.711179,2.95,1.02776
3820,2023-06-18,00:00.0,0,0.0514943,0.117914,0.150413,0.222041,0.269711,0.410697,0.41862,0.465943,0.47248,0.703973,3.06,0.488205
3821,2023-06-19,00:00.0,0,0,0,0,0,0,7.04E-06,7.04E-06,7.04E-06,7.04E-06,0.531057,3.18,0.00323987
3822,2023-06-20,00:00.0,0,0,0,0,0,0,0,0,0,0,0.324279,3.42,0
3823,2023-06-21,00:00.0,0,0,0,0,0,0,0,0,0,0,0.143961,3.62,0
3824,2023-06-22,00:00.0,0,0,0,0,0,0,0,0,0,0,0.0250707,3.76,0
3825,2023-06-23,00:00.0,0,0,0,0,0,0,0,0,0,0,0,3.97,0
3826,2023-06-24,00:00.0,3.41614,0,0,0,0,0,0,0,0,0,0,4.09,0
3827,2023-06-25,00:00.0,1.40665,0,0,0,0,0,0,0,0,0,0,4.07,0
3828,2023-06-26,00:00.0,6.22944,0,0,0,0,0,0,0,0,0,0,3.75,0
3829,2023-06-27,00:00.0,29.7406,0.226519,0.575087,0.682548,1.01992,1.24909,1.93943,1.97923,2.2202,2.25757,0,3.6,2.31252
3830,2023-06-28,00:00.0,8.23894,0.226519,0.575087,0.682548,1.01992,1.24909,1.93944,1.97924,2.22021,2.25758,0.178886,6.43,2.31602
3831,2023-06-29,00:00.0,0,0,0,0,0,0,7.90E-06,7.90E-06,7.90E-06,7.90E-06,0.249335,10.4,0.00350512
3832,2023-06-30,00:00.0,0.20095,0,0,0,0,0,0,0,0,0,0.0704485,9.26,0
3833,2023-07-01,00:00.0,0,0,0,0,0,0,0,0,0,0,0,4.78,0
3834,2023-07-02,00:00.0,0.20095,0,0,0,0,0,0,0,0,0,0,4.87,0
3835,2023-07-03,00:00.0,1.40665,0,0,0,0,0,0,0,0,0,0,4.84,0
3836,2023-07-04,00:00.0,0,0,0,0,0,0,0,0,0,0,0,4.83,0
3837,2023-07-05,00:00.0,0,0,0,0,0,0,0,0,0,0,0,4.87,0
3838,2023-07-06,00:00.0,0,0,0,0,0,0,0,0,0,0,0,4.89,0
3839,2023-07-07,00:00.0,24.5159,0,0,0,0,0,8.98E-06,8.98E-06,8.98E-06,8.98E-06,0,4.89,0.00423604
3840,2023-07-08,00:00.0,0,0,0,0,0,0,1.36E-05,1.36E-05,1.36E-05,1.36E-05,0,4.9,0.00631195
3841,2023-07-09,00:00.0,4.42089,0,0,0,0,0,8.79E-06,8.79E-06,8.79E-06,8.79E-06,0,4.92,0.00393062
3842,2023-07-10,00:00.0,0.20095,0,0,0,0,0,7.86E-06,7.86E-06,7.86E-06,7.86E-06,0,4.94,0.00351181
3843,2023-07-11,00:00.0,0,0,0,0,0,0,5.94E-06,5.94E-06,5.94E-06,5.94E-06,0,4.97,0.00259128
3844,2023-07-12,00:00.0,1.40665,0,0,0,0,0,2.23E-06,2.23E-06,2.23E-06,2.23E-06,0,5,0.000934186
3845,2023-07-13,00:00.0,32.7548,0.439759,1.15282,1.33692,2.00474,2.46184,3.84756,3.92786,4.41564,4.49391,0.0612799,5.02,4.6041
3846,2023-07-14,00:00.0,0,0.832661,2.18281,2.53139,3.79588,4.66137,7.28516,7.4372,8.3608,8.50899,1.70867,17.5,8.71764
3847,2023-07-15,00:00.0,0,0.74394,1.95023,2.26167,3.39142,4.1647,6.50892,6.64476,7.46995,7.60235,4.48591,37.9,7.78877
3848,2023-07-16,00:00.0,11.6551,0.733637,1.91255,2.23064,3.34468,4.10463,6.40255,6.53606,7.34704,7.47573,6.24444,36.2,7.6546
3849,2023-07-17,00:00.0,0,0.515402,1.30492,1.5603,2.33518,2.85775,4.42303,4.5144,5.06792,5.15229,6.27165,20.6,5.26826
3850,2023-07-18,00:00.0,0,0.196339,0.447069,0.580117,0.859501,1.04257,1.57629,1.60724,1.79145,1.8162,4.66725,7.36,1.85067
3851,2023-07-19,00:00.0,0,0.0846608,0.159034,0.234748,0.338604,0.405323,0.594182,0.604187,0.659933,0.666536,2.89168,5.99,0.678713
3852,2023-07-20,00:00.0,2.10997,0.0400011,0.0465198,0.0974911,0.132337,0.153448,0.207692,0.209617,0.216162,0.216162,1.77318,7,0.221405
3853,2023-07-21,00:00.0,8.84179,0.0188751,0.021951,0.0460025,0.0624448,0.0724063,0.0980024,0.0989106,0.101999,0.101999,1.08146,6.59,0.104473
3854,2023-07-22,00:00.0,0,0,0,0,0,0,0,0,0,0,0.675752,6.11,0
3855,2023-07-23,00:00.0,0,0,0,0,0,0,0,0,0,0,0.463844,6.15,0
3856,2023-07-24,00:00.0,6.22944,0,0,0,0,0,0,0,0,0,0.30084,6.19,0
3857,2023-07-25,00:00.0,0,0,0,0,0,0,0,0,0,0,0.157339,6.25,0
3858,2023-07-26,00:00.0,6.22944,0,0,0,0,0,0,0,0,0,0.0430465,6.3,0
3859,2023-07-27,00:00.0,23.5111,0.437047,1.14237,1.32611,1.98716,2.43995,3.81312,3.89247,4.37407,4.4514,0.499702,6.38,4.55406
3860,2023-07-28,00:00.0,0,0.494241,1.254,1.48671,2.22001,2.71941,4.22529,4.3118,4.83388,4.91589,1.7221,6.44,5.02233
3861,2023-07-29,00:00.0,1.80855,0.0571935,0.111636,0.160593,0.232854,0.279461,0.412167,0.41933,0.459812,0.464496,1.92051,6.49,0.468272
3862,2023-07-30,00:00.0,16.4779,0.122862,0.296117,0.363839,0.540007,0.658703,1.01352,1.03364,1.15451,1.17235,1.29797,6.4,1.19439
3863,2023-07-31,00:00.0,0,0.232633,0.560683,0.688911,1.02248,1.24722,1.91905,1.95714,2.18601,2.21979,1.42041,5.24,2.26152
3864,2023-08-01,00:00.0,0,0.207846,0.500942,0.615507,0.91353,1.11433,1.71458,1.7486,1.95309,1.98327,1.71997,4.75,2.02056
3865,2023-08-02,00:00.0,0,0.1857,0.447567,0.549925,0.816193,0.995597,1.53189,1.56229,1.74498,1.77195,1.80017,5.43,1.80526
3866,2023-08-03,00:00.0,7.63609,0.114043,0.260747,0.332729,0.490752,0.596204,0.908102,0.925559,1.02907,1.04369,1.62993,5.81,1.06092
3867,2023-08-04,00:00.0,25.1187,0.633158,1.65667,1.91604,2.86879,3.52413,5.51664,5.63117,6.32478,6.43792,2.55217,5.92,6.58849
3868,2023-08-05,00:00.0,0,0.952753,2.50339,2.88635,4.32367,5.31309,8.32427,8.49744,9.54763,9.71917,5.28745,5.94,9.94727
3869,2023-08-06,00:00.0,0,0.584862,1.50358,1.75976,2.6291,3.22504,5.03217,5.13556,5.76087,5.86103,6.62717,6,5.99128
3870,2023-08-07,00:00.0,12.057,0.56379,1.42659,1.6873,2.51566,3.08209,4.79579,4.89336,5.48221,5.5753,6.11966,6.09,5.69317
3871,2023-08-08,00:00.0,0.401899,0.580902,1.4567,1.73307,2.58078,3.15971,4.90908,5.00838,5.60688,5.70083,5.87027,6.87,5.81756
3872,2023-08-09,00:00.0,0,0.360447,0.865134,1.06087,1.57132,1.91711,2.95435,3.01252,3.36095,3.41327,5.11872,7.94,3.47379
3873,2023-08-10,00:00.0,0,0.104486,0.227705,0.298893,0.437601,0.529829,0.801773,0.816577,0.903918,0.915532,3.4456,7.18,0.925975
3874,2023-08-11,00:00.0,4.21994,0,0,0,0,0,0,0,0,0,1.92903,6.18,0
3875,2023-08-12,00:00.0,0.20095,0,0,0,0,0,0,0,0,0,1.10385,6.19,0
3876,2023-08-13,00:00.0,0.20095,0,0,0,0,0,0,0,0,0,0.70059,6.17,0
3877,2023-08-14,00:00.0,0,0,0,0,0,0,0,0,0,0,0.470514,6.11,0
3878,2023-08-15,00:00.0,1.6076,0,0,0,0,0,0,0,0,0,0.31282,6.14,0
3879,2023-08-16,00:00.0,0.401899,0,0,0,0,0,0,0,0,0,0.223652,6.14,0
3880,2023-08-17,00:00.0,0,0,0,0,0,0,0,0,0,0,0.134912,6.14,0
3881,2023-08-18,00:00.0,17.0807,0.210263,0.534755,0.62941,0.938577,1.15057,1.79321,1.82974,2.05019,2.08542,0.314248,6.15,2.13106
3882,2023-08-19,00:00.0,2.0095,0.398122,1.01253,1.19176,1.77715,2.17855,3.39535,3.46453,3.88193,3.94865,1.15255,6.12,4.03505
3883,2023-08-20,00:00.0,0,0.355702,0.904645,1.06477,1.58779,1.94642,3.03357,3.09538,3.46831,3.52792,2.13944,6.07,3.60512
3884,2023-08-21,00:00.0,0,0.193599,0.467205,0.569433,0.843532,1.03003,1.59069,1.62217,1.81013,1.83923,2.34748,6.18,1.87622
3885,2023-08-22,00:00.0,0,0.0257563,0.0403356,0.0670053,0.0943114,0.11158,0.159258,0.161575,0.173558,0.174532,1.70212,6.14,0.175094
3886,2023-08-23,00:00.0,6.02849,0,0,0,0,0,0,0,0,0,1.01685,6.14,0
3887,2023-08-24,00:00.0,6.02849,0,0,0,0,0,0,0,0,0,0.69997,6.18,0
3888,2023-08-25,00:00.0,21.0997,0.552448,1.46022,1.67864,2.51721,3.09434,4.85086,4.95223,5.56761,5.66825,1.55738,6.14,5.80201
3889,2023-08-26,00:00.0,0,0.957768,2.52195,2.90702,4.35736,5.35468,8.38791,8.56282,9.62432,9.79727,4.46816,4.98,10.0262
3890,2023-08-27,00:00.0,0,0.679188,1.76742,2.05449,3.07537,3.77554,5.90027,6.02252,6.7635,6.88284,6.55717,4.65,7.03861
3891,2023-08-28,00:00.0,0,0.518556,1.3362,1.56419,2.33884,2.86895,4.47464,4.56686,5.12518,5.2142,6.30184,4.7,5.32901
3892,2023-08-29,00:00.0,0,0.463304,1.19383,1.39752,2.08963,2.56326,3.99786,4.08026,4.57909,4.65863,5.58068,5.57,4.7612
3893,2023-08-30,00:00.0,4.82279,0.413938,1.06662,1.24862,1.86698,2.29015,3.57189,3.6455,4.09118,4.16225,4.9714,6.05,4.25389
3894,2023-08-31,00:00.0,0,0.369833,0.952975,1.11558,1.66806,2.04613,3.1913,3.25707,3.65527,3.71876,4.46582,6.09,3.80064
3895,2023-09-01,00:00.0,0,0.330427,0.851435,0.996711,1.49032,1.82811,2.85127,2.91003,3.2658,3.32252,4.02573,6.02,3.39568
3896,2023-09-02,00:00.0,0,0.196739,0.489695,0.587704,0.875353,1.07066,1.65826,1.6918,1.89395,1.9251,3.30252,6.06,1.96383
3897,2023-09-03,00:00.0,0.20095,0.0408226,0.0879335,0.117392,0.172124,0.208035,0.312855,0.318665,0.352943,0.357322,2.2297,6.07,0.361529
3898,2023-09-04,00:00.0,0,0,0,0,0,0,0,0,0,0,1.26955,6.11,0
3899,2023-09-05,00:00.0,0,0,0,0,0,0,0,0,0,0,0.723507,6.08,0
3900,2023-09-06,00:00.0,0,0,0,0,0,0,0,0,0,0,0.46191,5.32,0
3901,2023-09-07,00:00.0,0.803799,0,0,0,0,0,0,0,0,0,0.265969,5.07,0
3902,2023-09-08,00:00.0,3.01425,0,0,0,0,0,0,0,0,0,0.119208,5.11,0
3903,2023-09-09,00:00.0,0,0,0,0,0,0,0,0,0,0,0.0442342,5.12,0
3904,2023-09-10,00:00.0,0,0,0,0,0,0,0,0,0,0,0.0160557,5.12,0
3905,2023-09-11,00:00.0,0,0,0,0,0,0,0,0,0,0,0,5.11,0
3906,2023-09-12,00:00.0,13.4636,0.00701128,0,0.00873174,0.00873174,0.00873174,0.00873309,0.00873309,0.00873309,0.00873309,0,5.11,0.0091071
3907,2023-09-13,00:00.0,2.4114,0.00701128,0,0.00873174,0.00873174,0.00873174,0.00873309,0.00873309,0.00873309,0.00873309,0,5.13,0.0091071
3908,2023-09-14,00:00.0,0,0,0,0,0,0,0,0,0,0,0,5.12,0
3909,2023-09-15,00:00.0,0,0,0,0,0,0,0,0,0,0,0,5.13,0
3910,2023-09-16,00:00.0,0,0,0,0,0,0,0,0,0,0,0,5.16,0
3911,2023-09-17,00:00.0,0,0,0,0,0,0,0,0,0,0,0,5.16,0
3912,2023-09-18,00:00.0,0,0,0,0,0,0,0,0,0,0,0,5.21,0
3913,2023-09-19,00:00.0,0.20095,0,0,0,0,0,0,0,0,0,0,5.06,0
3914,2023-09-20,00:00.0,0,0,0,0,0,0,0,0,0,0,0,5.03,0
3915,2023-09-21,00:00.0,0,0,0,0,0,0,0,0,0,0,0,5.03,0
3916,2023-09-22,00:00.0,0,0,0,0,0,0,0,0,0,0,0,5.05,0
3917,2023-09-23,00:00.0,0,0,0,0,0,0,0,0,0,0,0,5.07,0
3918,2023-09-24,00:00.0,0,0,0,0,0,0,0,0,0,0,0,5.1,0
3919,2023-09-25,00:00.0,0,0,0,0,0,0,0,0,0,0,0,5,0
3920,2023-09-26,00:00.0,0,0,0,0,0,0,0,0,0,0,0,4.96,0
3921,2023-09-27,00:00.0,0,0,0,0,0,0,0,0,0,0,0,5.03,0
3922,2023-09-28,00:00.0,0,0,0,0,0,0,0,0,0,0,0,5.07,0
3923,2023-09-29,00:00.0,0,0,0,0,0,0,0,0,0,0,0,5.12,0
3924,2023-09-30,00:00.0,0,0,0,0,0,0,0,0,0,0,0,5.16,0
3925,2023-10-01,00:00.0,0,0,0,0,0,0,0,0,0,0,0,5.18,0
3926,2023-10-02,00:00.0,0,0,0,0,0,0,0,0,0,0,0,5.07,0
3927,2023-10-03,00:00.0,0,0,0,0,0,0,0,0,0,0,0,5.17,0
3928,2023-10-04,00:00.0,0,0,0,0,0,0,0,0,0,0,0,4.97,0
3929,2023-10-05,00:00.0,0,0,0,0,0,0,0,0,0,0,0,4.89,0
3930,2023-10-06,00:00.0,25.1187,0.180237,0.441594,0.536068,0.796659,0.973128,1.50268,1.53262,1.7125,1.73967,0,4.94,1.7778
3931,2023-10-07,00:00.0,0.602849,0.244155,0.568875,0.716409,1.05858,1.2877,1.96854,2.00672,2.23375,2.26658,0.148397,4.82,2.31398
3932,2023-10-08,00:00.0,2.0095,0.0751155,0.127281,0.200257,0.285131,0.337777,0.48907,0.497315,0.544463,0.550124,0.320019,4.78,0.563123
3933,2023-10-09,00:00.0,2.8133,0.0212026,0,0.0377102,0.0439413,0.0439413,0.0439567,0.0439567,0.0439567,0.0439567,0.30657,4.82,0.0510097
3934,2023-10-10,00:00.0,1.40665,0.0189435,0,0.0336922,0.0392593,0.0392593,0.0392731,0.0392731,0.0392731,0.0392731,0.241745,4.21,0.0455746
3935,2023-10-11,00:00.0,2.21045,0.016925,0,0.0301023,0.0350762,0.0350762,0.0350885,0.0350885,0.0350885,0.0350885,0.1919,3.87,0.0407186
3936,2023-10-12,00:00.0,0,0.00798631,0,0.0142042,0.0165512,0.0165512,0.0165614,0.0165614,0.0165614,0.0165614,0.148724,3.85,0.0212146
3937,2023-10-13,00:00.0,0,0,0,0,0,0,6.33E-06,6.33E-06,6.33E-06,6.33E-06,0.103893,3.85,0.00273988
3938,2023-10-14,00:00.0,0.803799,0,0,0,0,0,3.50E-06,3.50E-06,3.50E-06,3.50E-06,0.0702932,3.84,0.00135683
3939,2023-10-15,00:00.0,0.20095,0,0,0,0,0,2.63E-06,2.63E-06,2.63E-06,2.63E-06,0.0510825,3.82,0.000959949
3940,2023-10-16,00:00.0,0.602849,0,0,0,0,0,1.93E-06,1.93E-06,1.93E-06,1.93E-06,0.0369159,3.87,0.00064763
3941,2023-10-17,00:00.0,0,0,0,0,0,0,1.31E-06,1.31E-06,1.31E-06,1.31E-06,0.0262307,3.18,0.000368589
3942,2023-10-18,00:00.0,0,0,0,0,0,0,3.99E-07,3.99E-07,3.99E-07,3.99E-07,0.0103751,2.79,6.30E-05
3943,2023-10-19,00:00.0,0,0,0,0,0,0,0,0,0,0,0,2.78,0
3944,2023-10-20,00:00.0,21.0997,0.340156,0.886041,1.03177,1.54562,1.89713,2.96196,3.02345,3.39646,3.45605,0.410987,2.82,3.53556
3945,2023-10-21,00:00.0,7.03324,0.60005,1.55654,1.81826,2.72267,3.34062,5.21088,5.31882,5.97339,6.07743,1.93513,2.88,6.21582
3946,2023-10-22,00:00.0,0.602849,0.472358,1.21523,1.42848,2.13724,2.6204,4.07999,4.16415,4.67406,4.75431,3.49971,2.87,4.86035
3947,2023-10-23,00:00.0,0,0.402289,1.03143,1.21559,1.81808,2.22842,3.46704,3.53843,3.97081,4.03858,3.99596,2.89,4.12787
3948,2023-10-24,00:00.0,0,0.359425,0.921528,1.08606,1.62437,1.99098,3.09763,3.16141,3.54772,3.60827,3.95132,2.92,3.68804
3949,2023-10-25,00:00.0,0.803799,0.283181,0.718906,0.853663,1.27551,1.56202,2.42494,2.47461,2.77517,2.8217,3.59788,2.87,2.8825
3950,2023-10-26,00:00.0,2.21045,0.122161,0.287607,0.359334,0.531566,0.647314,0.991773,1.01135,1.12963,1.14759,2.78614,2.81,1.17119
3951,2023-10-27,00:00.0,4.82279,0.00858014,0.00353605,0.0181453,0.022535,0.0247606,0.0284923,0.0284923,0.0284923,0.0284923,1.7464,2.85,0.0289406
3952,2023-10-28,00:00.0,1.2057,0,0,0,0,0,0,0,0,0,1.01138,2.86,0
3953,2023-10-29,00:00.0,0.20095,0,0,0,0,0,0,0,0,0,0.664183,2.85,0
3954,2023-10-30,00:00.0,3.81804,0,0,0,0,0,0,0,0,0,0.489755,2.84,0
3955,2023-10-31,00:00.0,0.602849,0,0,0,0,0,0,0,0,0,0.366833,2.86,0
3956,2023-11-01,00:00.0,0,0,0,0,0,0,0,0,0,0,0.274762,2.88,0
3957,2023-11-02,00:00.0,0,0,0,0,0,0,0,0,0,0,0.204568,2.84,0
3958,2023-11-03,00:00.0,0,0,0,0,0,0,0,0,0,0,0.1486,2.89,0
3959,2023-11-04,00:00.0,2.0095,0,0,0,0,0,0,0,0,0,0.101006,2.86,0
3960,2023-11-05,00:00.0,0,0,0,0,0,0,0,0,0,0,0.0618429,2.82,0
3961,2023-11-06,00:00.0,0,0,0,0,0,0,0,0,0,0,0.0334343,2.84,0
3962,2023-11-07,00:00.0,8.43989,0.133138,0.335434,0.399289,0.59554,0.729102,1.13178,1.15479,1.29373,1.31532,0.180455,2.89,1.3411
3963,2023-11-08,00:00.0,0,0.218171,0.541784,0.651741,0.97051,1.18672,1.83671,1.87375,2.09696,2.13109,0.562038,2.89,2.17053
3964,2023-11-09,00:00.0,26.3244,0.161007,0.390713,0.478006,0.709987,0.866485,1.33475,1.36131,1.52089,1.54462,0.903258,2.91,1.57049
3965,2023-11-10,00:00.0,0,0.270239,0.672717,0.809156,1.21589,1.48701,2.29117,2.33824,2.61766,2.65845,1.36512,2.86,2.70498
3966,2023-11-11,00:00.0,0,0.868475,2.21094,2.6404,3.98142,4.87303,7.51931,7.67757,8.62783,8.76711,3.45443,2.78,8.94407
3967,2023-11-12,00:00.0,0,1.26841,3.23913,3.8693,5.83286,7.13872,11.0179,11.2506,12.6539,12.8599,7.57997,2.75,13.1278
3968,2023-11-13,00:00.0,0,1.10843,2.82567,3.38069,5.09636,6.23623,9.6198,9.82291,11.0477,11.2269,10.4414,2.78,11.4593
3969,2023-11-14,00:00.0,0,0.960735,2.44885,2.91767,4.39326,5.37798,8.31188,8.48674,9.53906,9.69561,10.565,2.8,9.90007
3970,2023-11-15,00:00.0,0,0.823863,2.10434,2.48116,3.72809,4.56933,7.09389,7.24199,8.13071,8.26712,9.63723,2.77,8.4437
3971,2023-11-16,00:00.0,0,0.680593,1.7331,2.03847,3.05963,3.75168,5.83197,5.95303,6.67834,6.79019,8.38071,2.77,6.9311
3972,2023-11-17,00:00.0,0.20095,0.540239,1.36175,1.61269,2.41939,2.96435,4.59807,4.69315,5.26148,5.34788,7.02241,2.81,5.45504
3973,2023-11-18,00:00.0,1.80855,0.414839,1.02997,1.23227,1.84738,2.26091,3.49563,3.56751,3.99558,4.05925,5.69964,3.01,4.13626
3974,2023-11-19,00:00.0,0,0.33672,0.826884,0.996682,1.49343,1.82622,2.81692,2.8746,3.2172,3.26733,4.59689,2.77,3.32677
3975,2023-11-20,00:00.0,0,0.299027,0.733785,0.884906,1.32589,1.62127,2.50039,2.55157,2.85554,2.89997,3.84208,2.81,2.95257
3976,2023-11-21,00:00.0,0,0.265351,0.650606,0.785039,1.17621,1.43815,2.21759,2.26297,2.53242,2.57175,3.30538,2.83,2.61825
3977,2023-11-22,00:00.0,12.2579,0.237078,0.581284,0.701393,1.05089,1.28492,1.9813,2.02185,2.26259,2.29773,2.88611,2.84,2.33927
3978,2023-11-23,00:00.0,0,0.275581,0.669952,0.824017,1.22954,1.49982,2.30129,2.34838,2.63285,2.67379,2.70079,2.84,2.72236
3979,2023-11-24,00:00.0,0,0.440709,1.08036,1.33712,1.99378,2.42982,3.7208,3.79771,4.26889,4.33683,3.13122,2.85,4.42019
3980,2023-11-25,00:00.0,0,0.524479,1.29644,1.59819,2.38597,2.90891,4.45796,4.55066,5.11927,5.20179,4.00335,2.85,5.30477
3981,2023-11-26,00:00.0,0,0.468596,1.15831,1.4279,2.13174,2.59896,3.98296,4.06578,4.57381,4.64753,4.5201,2.86,4.73954
3982,2023-11-27,00:00.0,9.54511,0.418667,1.03489,1.27576,1.9046,2.32204,3.55857,3.63257,4.08648,4.15235,4.50334,2.85,4.23455
3983,2023-11-28,00:00.0,5.02374,0.374058,0.92462,1.13983,1.70167,2.07463,3.17941,3.24552,3.65107,3.70992,4.25258,2.86,3.78337
3984,2023-11-29,00:00.0,5.02374,0.334202,0.826101,1.01838,1.52035,1.85358,2.84064,2.89971,3.26205,3.31463,3.91236,2.84,3.38025
3985,2023-11-30,00:00.0,1.00475,0.298592,0.73808,0.90987,1.35836,1.65608,2.53797,2.59074,2.91448,2.96145,3.55113,2.81,3.02008
3986,2023-12-01,00:00.0,0,0.266777,0.659437,0.812923,1.21363,1.47962,2.26755,2.3147,2.60394,2.64591,3.20017,2.77,2.69829
3987,2023-12-02,00:00.0,3.01425,0.451812,1.14691,1.38506,2.07897,2.54067,3.91175,3.99414,4.49757,4.57172,3.43932,2.85,4.66659
3988,2023-12-03,00:00.0,2.0095,0.795851,2.05309,2.44687,3.6802,4.50432,6.96078,7.10818,8.00835,8.1432,5.06331,2.82,8.31846
3989,2023-12-04,00:00.0,2.51187,0.876695,2.26912,2.69739,4.05633,4.96607,7.68196,7.84467,8.83924,8.9892,7.13127,2.82,9.1849
3990,2023-12-05,00:00.0,0,0.756926,1.95493,2.32976,3.50278,4.28709,6.62638,6.76668,7.62465,7.75348,7.95825,2.82,7.92135
3991,2023-12-06,00:00.0,0,0.651924,1.67962,2.00665,3.01676,3.69117,5.70047,5.82112,6.55906,6.66932,7.58192,2.8,6.81257
3992,2023-12-07,00:00.0,5.02374,0.564468,1.45114,1.73751,2.61198,3.19507,4.93061,5.03495,5.67312,5.76804,6.84423,2.77,5.89106
3993,2023-12-08,00:00.0,0,0.48882,1.25385,1.50471,2.26186,2.76605,4.26527,4.3555,4.90745,4.98917,6.0616,2.8,5.0948
3994,2023-12-09,00:00.0,0,0.883592,2.30298,2.72,4.1044,5.02889,7.78426,7.95007,8.958,9.10919,6.72235,2.81,9.30775
3995,2023-12-10,00:00.0,6.02849,1.66687,4.35273,5.14922,7.72843,9.4674,14.6897,14.9999,16.9078,17.2009,10.9901,2.83,17.5906
3996,2023-12-11,00:00.0,0,1.90908,4.97584,5.90497,8.82141,10.8019,16.783,17.1344,19.3156,19.6565,16.319,2.8,20.1128
3997,2023-12-12,00:00.0,0,1.69243,4.4133,5.22911,7.80857,9.56327,14.8693,15.1803,17.1101,17.4135,18.2008,6.76,17.8204
3998,2023-12-13,00:00.0,0,1.48775,3.87605,4.59708,6.86377,8.40517,13.0651,13.3383,15.0339,15.3001,17.1204,10,15.6569
3999,2023-12-14,00:00.0,0,1.30571,3.39833,4.03493,6.02348,7.37521,11.4606,11.7002,13.1875,13.4206,15.3684,10.2,13.7329
4000,2023-12-15,00:00.0,0,1.14527,2.97758,3.53948,5.28295,6.4676,10.047,10.257,11.5607,11.7648,13.6186,7.03,12.0379
4001,2023-12-16,00:00.0,0.401899,1.0082,2.62218,3.11112,4.64068,5.68235,8.83546,9.01978,10.164,10.3445,12.0342,4.91,10.587
4002,2023-12-17,00:00.0,1.00475,0.905868,2.35974,2.78348,4.14428,5.07759,7.91753,8.08198,9.10178,9.26657,10.6887,4.88,9.48945
4003,2023-12-18,00:00.0,7.43514,1.09975,2.89557,3.35847,5.00082,6.13919,9.6278,9.82761,11.0596,11.2658,10.5598,4.91,11.5466
4004,2023-12-19,00:00.0,3.41614,1.37918,3.6624,4.19676,6.25474,7.68977,12.1047,12.3563,13.8997,14.1634,12.1979,4.91,14.5237
4005,2023-12-20,00:00.0,0,1.3472,3.58408,4.09432,6.10178,7.50446,11.8259,12.0716,13.5773,13.8363,13.6493,4.92,14.1908
4006,2023-12-21,00:00.0,0,1.19147,3.16867,3.62061,5.3952,6.63525,10.4559,10.673,12.004,12.233,13.4543,4.94,12.5463
4007,2023-12-22,00:00.0,0,1.04238,2.77011,3.16674,4.71777,5.80174,9.14185,9.33157,10.4947,10.6949,12.2938,4.95,10.9687
4008,2023-12-23,00:00.0,3.01425,0.917466,2.43685,2.78676,4.15096,5.10447,8.04278,8.20962,9.2326,9.40867,10.9555,4.95,9.64947
4009,2023-12-24,00:00.0,7.23419,0.808356,2.14596,2.45492,3.65608,4.49571,7.0833,7.23018,8.13082,8.28586,9.72736,4.95,8.49787
4010,2023-12-25,00:00.0,0.20095,0.817921,2.17146,2.48949,3.71642,4.56877,7.18452,7.33426,8.25075,8.40596,8.98368,4.95,8.61778
4011,2023-12-26,00:00.0,0,1.06008,2.80858,3.24442,4.85656,5.96529,9.34426,9.54024,10.7406,10.9378,9.55181,4.95,11.2057
4012,2023-12-27,00:00.0,9.64558,1.56053,4.15643,4.77116,7.14502,8.78312,13.7862,14.0755,15.8449,16.1385,12.4067,4.98,16.5339
4013,2023-12-28,00:00.0,6.22944,2.01619,5.40669,6.14491,9.20454,11.3304,17.8438,18.2178,20.5018,20.8862,17.0009,9.33,21.3984
4014,2023-12-29,00:00.0,3.01425,2.13027,5.72247,6.48873,9.72221,11.9727,18.868,19.2634,21.6782,22.0842,20.6591,28.3,22.6228
4015,2023-12-30,00:00.0,4.62184,2.15872,5.79772,6.57807,9.85866,12.1396,19.1246,19.5256,21.9742,22.3852,22.2483,31.6,22.9313
4016,2023-12-31,00:00.0,0,2.08106,5.58849,6.34284,9.50761,11.7067,18.4392,18.8259,21.1873,21.5831,22.4445,29,22.1097
4017,2024-01-01,00:00.0,5.02374,1.84133,4.94351,5.61168,8.41123,10.3566,16.312,16.6541,18.7427,19.0927,21.2048,28.1,19.5582
