time,date,hour,precip [mm/day],02GA016 
0,2013-01-01,00:00:00.00,0,0
1,2013-01-02,00:00:00.00,0,0.0580866
2,2013-01-03,00:00:00.00,0.20095,0.0427417
3,2013-01-04,00:00:00.00,0.602849,0.0320517
4,2013-01-05,00:00:00.00,0,0.0239536
5,2013-01-06,00:00:00.00,2.61235,0.0178738
6,2013-01-07,00:00:00.00,2.0095,0.0133063
7,2013-01-08,00:00:00.00,0,0.0100037
8,2013-01-09,00:00:00.00,0,0.00739416
9,2013-01-10,00:00:00.00,0,0.005427
10,2013-01-11,00:00:00.00,5.02374,0.00394139
11,2013-01-12,00:00:00.00,5.02374,0.0028169
12,2013-01-13,00:00:00.00,17.8845,0.00196332
13,2013-01-14,00:00:00.00,4.82279,0.00131763
14,2013-01-15,00:00:00.00,0.20095,0.000833232
15,2013-01-16,00:00:00.00,0,0.000470412
16,2013-01-17,00:00:00.00,0,0.000198656
17,2013-01-18,00:00:00.00,7.03324,0.000132044
18,2013-01-19,00:00:00.00,0,-4.83967e-06
19,2013-01-20,00:00:00.00,3.61709,-0.000178217
20,2013-01-21,00:00:00.00,1.40665,-0.000215003
21,2013-01-22,00:00:00.00,0.401899,-0.000215003
22,2013-01-23,00:00:00.00,0.803799,-0.000215003
23,2013-01-24,00:00:00.00,0.20095,-0.000215003
24,2013-01-25,00:00:00.00,0,-0.000215003
25,2013-01-26,00:00:00.00,1.00475,-0.000215003
26,2013-01-27,00:00:00.00,0,-0.000215003
27,2013-01-28,00:00:00.00,7.03324,-0.000215003
28,2013-01-29,00:00:00.00,3.21519,-0.000389278
29,2013-01-30,00:00:00.00,17.6836,0.0760847
30,2013-01-31,00:00:00.00,7.03324,0.187688
31,2013-02-01,00:00:00.00,12.2579,0.229634
32,2013-02-02,00:00:00.00,2.61235,0.233453
33,2013-02-03,00:00:00.00,1.00475,0.224186
34,2013-02-04,00:00:00.00,1.2057,0.211172
35,2013-02-05,00:00:00.00,0.401899,0.197687
36,2013-02-06,00:00:00.00,1.2057,0.184443
37,2013-02-07,00:00:00.00,0,0.171712
38,2013-02-08,00:00:00.00,17.0807,0.159952
39,2013-02-09,00:00:00.00,12.8608,0.149245
40,2013-02-10,00:00:00.00,0,0.139136
41,2013-02-11,00:00:00.00,4.82279,0.129417
42,2013-02-12,00:00:00.00,3.01425,0.11883
43,2013-02-13,00:00:00.00,0,0.107245
44,2013-02-14,00:00:00.00,0,0.0957364
45,2013-02-15,00:00:00.00,0,0.0843622
46,2013-02-16,00:00:00.00,1.00475,0.0732625
47,2013-02-17,00:00:00.00,1.40665,0.0642534
48,2013-02-18,00:00:00.00,0,0.0577519
49,2013-02-19,00:00:00.00,4.01899,0.052846
50,2013-02-20,00:00:00.00,3.01425,0.0472495
51,2013-02-21,00:00:00.00,1.00475,0.0413614
52,2013-02-22,00:00:00.00,0,0.0363546
53,2013-02-23,00:00:00.00,0.803799,0.0311311
54,2013-02-24,00:00:00.00,4.42089,0.0247936
55,2013-02-25,00:00:00.00,0,0.0187574
56,2013-02-26,00:00:00.00,0.20095,0.0141993
57,2013-02-27,00:00:00.00,14.2674,0.0107539
58,2013-02-28,00:00:00.00,12.057,0.00814442
59,2013-03-01,00:00:00.00,0,0.00616197
60,2013-03-02,00:00:00.00,0,0.00489514
61,2013-03-03,00:00:00.00,0,0.00393647
62,2013-03-04,00:00:00.00,0,0.00320898
63,2013-03-05,00:00:00.00,0,0.00265495
64,2013-03-06,00:00:00.00,0,0.00223119
65,2013-03-07,00:00:00.00,1.80855,0.00131834
66,2013-03-08,00:00:00.00,0.602849,0.000328247
67,2013-03-09,00:00:00.00,0,0.0155129
68,2013-03-10,00:00:00.00,0,0.0380504
69,2013-03-11,00:00:00.00,2.61235,0.1683
70,2013-03-12,00:00:00.00,22.1045,0.510954
71,2013-03-13,00:00:00.00,0.602849,0.733562
72,2013-03-14,00:00:00.00,0.602849,0.713851
73,2013-03-15,00:00:00.00,0,0.666259
74,2013-03-16,00:00:00.00,0.803799,0.618807
75,2013-03-17,00:00:00.00,1.2057,0.574641
76,2013-03-18,00:00:00.00,0,0.534428
77,2013-03-19,00:00:00.00,3.21519,0.497346
78,2013-03-20,00:00:00.00,1.40665,0.462086
79,2013-03-21,00:00:00.00,0.401899,0.429249
80,2013-03-22,00:00:00.00,1.6076,0.39955
81,2013-03-23,00:00:00.00,0.20095,0.371707
82,2013-03-24,00:00:00.00,0,0.342551
83,2013-03-25,00:00:00.00,0,0.313872
84,2013-03-26,00:00:00.00,0,0.294728
85,2013-03-27,00:00:00.00,0,0.338945
86,2013-03-28,00:00:00.00,1.40665,0.389915
87,2013-03-29,00:00:00.00,0,0.413383
88,2013-03-30,00:00:00.00,0,0.427762
89,2013-03-31,00:00:00.00,0,0.404308
90,2013-04-01,00:00:00.00,2.8133,0.381015
91,2013-04-02,00:00:00.00,7.63609,0.362833
92,2013-04-03,00:00:00.00,1.6076,0.340003
93,2013-04-04,00:00:00.00,0,0.317265
94,2013-04-05,00:00:00.00,0,0.29582
95,2013-04-06,00:00:00.00,0,0.285178
96,2013-04-07,00:00:00.00,0.401899,0.278009
97,2013-04-08,00:00:00.00,0,0.279971
98,2013-04-09,00:00:00.00,10.4494,0.328953
99,2013-04-10,00:00:00.00,24.7168,0.462445
100,2013-04-11,00:00:00.00,13.4636,0.609735
101,2013-04-12,00:00:00.00,16.6788,0.646767
102,2013-04-13,00:00:00.00,12.2579,0.622882
103,2013-04-14,00:00:00.00,2.4114,0.646629
104,2013-04-15,00:00:00.00,0,0.706586
105,2013-04-16,00:00:00.00,1.00475,0.70963
106,2013-04-17,00:00:00.00,1.40665,0.654998
107,2013-04-18,00:00:00.00,14.6693,0.643033
108,2013-04-19,00:00:00.00,14.6693,0.684346
109,2013-04-20,00:00:00.00,4.62184,0.686237
110,2013-04-21,00:00:00.00,0.20095,0.646679
111,2013-04-22,00:00:00.00,0,0.603911
112,2013-04-23,00:00:00.00,0,0.555545
113,2013-04-24,00:00:00.00,0.602849,0.49799
114,2013-04-25,00:00:00.00,9.04274,0.466461
115,2013-04-26,00:00:00.00,2.4114,0.454964
116,2013-04-27,00:00:00.00,0,0.421563
117,2013-04-28,00:00:00.00,0,0.37243
118,2013-04-29,00:00:00.00,7.23419,0.335575
119,2013-04-30,00:00:00.00,0,0.303075
120,2013-05-01,00:00:00.00,0,0.254386
121,2013-05-02,00:00:00.00,0,0.184705
122,2013-05-03,00:00:00.00,0,0.118932
123,2013-05-04,00:00:00.00,0,0.082036
124,2013-05-05,00:00:00.00,0,0.0603113
125,2013-05-06,00:00:00.00,0,0.0461847
126,2013-05-07,00:00:00.00,0,0.0355653
127,2013-05-08,00:00:00.00,0,0.0265709
128,2013-05-09,00:00:00.00,0.803799,0.0188592
129,2013-05-10,00:00:00.00,0.20095,0.0122619
130,2013-05-11,00:00:00.00,23.1092,0.0286599
131,2013-05-12,00:00:00.00,0.20095,0.059051
132,2013-05-13,00:00:00.00,2.61235,0.0753169
133,2013-05-14,00:00:00.00,0,0.0816851
134,2013-05-15,00:00:00.00,0.803799,0.0825969
135,2013-05-16,00:00:00.00,0,0.0681069
136,2013-05-17,00:00:00.00,0,0.0486477
137,2013-05-18,00:00:00.00,0,0.0383948
138,2013-05-19,00:00:00.00,0,0.0272611
139,2013-05-20,00:00:00.00,0,0.0166417
140,2013-05-21,00:00:00.00,12.057,0.0082766
141,2013-05-22,00:00:00.00,32.9557,0.0863812
142,2013-05-23,00:00:00.00,2.21045,0.17049
143,2013-05-24,00:00:00.00,2.8133,0.159714
144,2013-05-25,00:00:00.00,0.20095,0.137955
145,2013-05-26,00:00:00.00,0,0.123572
146,2013-05-27,00:00:00.00,0,0.112806
147,2013-05-28,00:00:00.00,3.01425,0.0908483
148,2013-05-29,00:00:00.00,17.2817,0.0965281
149,2013-05-30,00:00:00.00,1.2057,0.0949747
150,2013-05-31,00:00:00.00,1.00475,0.0602617
151,2013-06-01,00:00:00.00,5.62659,0.0388746
152,2013-06-02,00:00:00.00,13.2627,0.0331478
153,2013-06-03,00:00:00.00,2.0095,0.0318942
154,2013-06-04,00:00:00.00,0,0.0238891
155,2013-06-05,00:00:00.00,0,0.0178933
156,2013-06-06,00:00:00.00,0,0.0134023
157,2013-06-07,00:00:00.00,5.22469,0.0100385
158,2013-06-08,00:00:00.00,0.20095,0.00751895
159,2013-06-09,00:00:00.00,0,0.00563179
160,2013-06-10,00:00:00.00,4.82279,0.00389736
161,2013-06-11,00:00:00.00,17.4826,0.0605602
162,2013-06-12,00:00:00.00,0,0.115153
163,2013-06-13,00:00:00.00,2.21045,0.0942368
164,2013-06-14,00:00:00.00,2.21045,0.0618325
165,2013-06-15,00:00:00.00,0,0.0425938
166,2013-06-16,00:00:00.00,5.02374,0.0319033
167,2013-06-17,00:00:00.00,16.4779,0.0739862
168,2013-06-18,00:00:00.00,0.401899,0.124471
169,2013-06-19,00:00:00.00,0,0.129002
170,2013-06-20,00:00:00.00,0,0.126201
171,2013-06-21,00:00:00.00,0,0.118215
172,2013-06-22,00:00:00.00,0,0.0896978
173,2013-06-23,00:00:00.00,12.6598,0.0764602
174,2013-06-24,00:00:00.00,0,0.0687254
175,2013-06-25,00:00:00.00,12.2579,0.0536935
176,2013-06-26,00:00:00.00,0.401899,0.0443811
177,2013-06-27,00:00:00.00,0,0.026303
178,2013-06-28,00:00:00.00,10.4494,0.0127623
179,2013-06-29,00:00:00.00,11.2532,0.00446769
180,2013-06-30,00:00:00.00,0.401899,-0.00249146
181,2013-07-01,00:00:00.00,0,-0.00781765
182,2013-07-02,00:00:00.00,0,-0.00781765
183,2013-07-03,00:00:00.00,0,-0.00831681
184,2013-07-04,00:00:00.00,32.1519,0.0685785
185,2013-07-05,00:00:00.00,2.0095,0.137665
186,2013-07-06,00:00:00.00,15.6741,0.118659
187,2013-07-07,00:00:00.00,5.22469,0.0864707
188,2013-07-08,00:00:00.00,7.83704,0.0532121
189,2013-07-09,00:00:00.00,19.0902,0.0673077
190,2013-07-10,00:00:00.00,2.61235,0.080175
191,2013-07-11,00:00:00.00,0,0.0516155
192,2013-07-12,00:00:00.00,0,0.0384927
193,2013-07-13,00:00:00.00,0,0.0265375
194,2013-07-14,00:00:00.00,0,0.0166541
195,2013-07-15,00:00:00.00,0,0.00504408
196,2013-07-16,00:00:00.00,0,-0.00417605
197,2013-07-17,00:00:00.00,0,-0.0126724
198,2013-07-18,00:00:00.00,0,-0.0211687
199,2013-07-19,00:00:00.00,0,-0.029665
200,2013-07-20,00:00:00.00,11.2532,-0.0381613
201,2013-07-21,00:00:00.00,0,-0.0455637
202,2013-07-22,00:00:00.00,0,-0.0455637
203,2013-07-23,00:00:00.00,0,-0.0460628
204,2013-07-24,00:00:00.00,0,-0.048686
205,2013-07-25,00:00:00.00,0,-0.048686
206,2013-07-26,00:00:00.00,0,-0.048686
207,2013-07-27,00:00:00.00,0,-0.048686
208,2013-07-28,00:00:00.00,35.97,-0.00454212
209,2013-07-29,00:00:00.00,0,0.067322
210,2013-07-30,00:00:00.00,1.80855,0.107453
211,2013-07-31,00:00:00.00,0,0.123178
212,2013-08-01,00:00:00.00,48.7303,0.268998
213,2013-08-02,00:00:00.00,0,0.426445
214,2013-08-03,00:00:00.00,4.21994,0.434178
215,2013-08-04,00:00:00.00,0,0.411693
216,2013-08-05,00:00:00.00,0,0.384513
217,2013-08-06,00:00:00.00,0.401899,0.357945
218,2013-08-07,00:00:00.00,3.61709,0.32636
219,2013-08-08,00:00:00.00,4.82279,0.271433
220,2013-08-09,00:00:00.00,0,0.194306
221,2013-08-10,00:00:00.00,0,0.124075
222,2013-08-11,00:00:00.00,0,0.080509
223,2013-08-12,00:00:00.00,0,0.0565217
224,2013-08-13,00:00:00.00,0.401899,0.0417194
225,2013-08-14,00:00:00.00,0,0.0313037
226,2013-08-15,00:00:00.00,0,0.0234962
227,2013-08-16,00:00:00.00,0,0.0176431
228,2013-08-17,00:00:00.00,0,0.0132544
229,2013-08-18,00:00:00.00,0,0.00919131
230,2013-08-19,00:00:00.00,0,0.00454217
231,2013-08-20,00:00:00.00,0,0.000659401
232,2013-08-21,00:00:00.00,0,-0.00484032
233,2013-08-22,00:00:00.00,0,-0.0120604
234,2013-08-23,00:00:00.00,0,-0.0193205
235,2013-08-24,00:00:00.00,0,-0.0193205
236,2013-08-25,00:00:00.00,0,-0.0193205
237,2013-08-26,00:00:00.00,3.61709,-0.0206418
238,2013-08-27,00:00:00.00,6.22944,-0.0278619
239,2013-08-28,00:00:00.00,4.01899,-0.0351219
240,2013-08-29,00:00:00.00,0,-0.042382
241,2013-08-30,00:00:00.00,0,-0.049642
242,2013-08-31,00:00:00.00,7.83704,-0.056902
243,2013-09-01,00:00:00.00,0.401899,-0.0641621
244,2013-09-02,00:00:00.00,14.6693,-0.0691233
245,2013-09-03,00:00:00.00,1.00475,-0.0740845
246,2013-09-04,00:00:00.00,0,-0.0759512
247,2013-09-05,00:00:00.00,0,-0.0793682
248,2013-09-06,00:00:00.00,0,-0.0793682
249,2013-09-07,00:00:00.00,0,-0.0793682
250,2013-09-08,00:00:00.00,0,-0.0793682
251,2013-09-09,00:00:00.00,0,-0.0806147
252,2013-09-10,00:00:00.00,0.20095,-0.080931
253,2013-09-11,00:00:00.00,0,-0.0858922
254,2013-09-12,00:00:00.00,12.2579,-0.0908534
255,2013-09-13,00:00:00.00,0,-0.0958147
256,2013-09-14,00:00:00.00,0,-0.0958147
257,2013-09-15,00:00:00.00,0,-0.0958147
258,2013-09-16,00:00:00.00,1.00475,-0.0958147
259,2013-09-17,00:00:00.00,0,-0.0958147
260,2013-09-18,00:00:00.00,0,-0.0958147
261,2013-09-19,00:00:00.00,0,-0.0958147
262,2013-09-20,00:00:00.00,0,-0.0976813
263,2013-09-21,00:00:00.00,52.8498,0.05606
264,2013-09-22,00:00:00.00,20.4969,0.316777
265,2013-09-23,00:00:00.00,0,0.430737
266,2013-09-24,00:00:00.00,0,0.432741
267,2013-09-25,00:00:00.00,0,0.409203
268,2013-09-26,00:00:00.00,0,0.381952
269,2013-09-27,00:00:00.00,0,0.35098
270,2013-09-28,00:00:00.00,0,0.321761
271,2013-09-29,00:00:00.00,0,0.294734
272,2013-09-30,00:00:00.00,0.602849,0.263997
273,2013-10-01,00:00:00.00,1.80855,0.21603
274,2013-10-02,00:00:00.00,0,0.160445
275,2013-10-03,00:00:00.00,0,0.109512
276,2013-10-04,00:00:00.00,7.03324,0.0710135
277,2013-10-05,00:00:00.00,1.40665,0.0488608
278,2013-10-06,00:00:00.00,3.01425,0.0344528
279,2013-10-07,00:00:00.00,43.6061,0.188999
280,2013-10-08,00:00:00.00,4.62184,0.377213
281,2013-10-09,00:00:00.00,0,0.392772
282,2013-10-10,00:00:00.00,0,0.356983
283,2013-10-11,00:00:00.00,0,0.308445
284,2013-10-12,00:00:00.00,0,0.258244
285,2013-10-13,00:00:00.00,5.02374,0.208397
286,2013-10-14,00:00:00.00,0.803799,0.158782
287,2013-10-15,00:00:00.00,0,0.111261
288,2013-10-16,00:00:00.00,8.84179,0.0849381
289,2013-10-17,00:00:00.00,0.803799,0.0680291
290,2013-10-18,00:00:00.00,14.2674,0.0884616
291,2013-10-19,00:00:00.00,0,0.133015
292,2013-10-20,00:00:00.00,10.0475,0.170658
293,2013-10-21,00:00:00.00,3.41614,0.204165
294,2013-10-22,00:00:00.00,7.23419,0.228434
295,2013-10-23,00:00:00.00,0.602849,0.246575
296,2013-10-24,00:00:00.00,0.803799,0.241115
297,2013-10-25,00:00:00.00,1.2057,0.22815
298,2013-10-26,00:00:00.00,4.82279,0.228545
299,2013-10-27,00:00:00.00,8.43989,0.26497
300,2013-10-28,00:00:00.00,0.602849,0.295652
301,2013-10-29,00:00:00.00,0,0.29077
302,2013-10-30,00:00:00.00,0.401899,0.275059
303,2013-10-31,00:00:00.00,13.6646,0.314701
304,2013-11-01,00:00:00.00,0,0.362663
305,2013-11-02,00:00:00.00,0,0.349173
306,2013-11-03,00:00:00.00,1.40665,0.322125
307,2013-11-04,00:00:00.00,0,0.297479
308,2013-11-05,00:00:00.00,0,0.276052
309,2013-11-06,00:00:00.00,0,0.252143
310,2013-11-07,00:00:00.00,13.8655,0.282713
311,2013-11-08,00:00:00.00,2.8133,0.335537
312,2013-11-09,00:00:00.00,1.00475,0.338495
313,2013-11-10,00:00:00.00,1.6076,0.321704
314,2013-11-11,00:00:00.00,2.61235,0.306336
315,2013-11-12,00:00:00.00,3.01425,0.302535
316,2013-11-13,00:00:00.00,0,0.296575
317,2013-11-14,00:00:00.00,0,0.280198
318,2013-11-15,00:00:00.00,0,0.259435
319,2013-11-16,00:00:00.00,0,0.234583
320,2013-11-17,00:00:00.00,5.62659,0.229814
321,2013-11-18,00:00:00.00,9.64558,0.271751
322,2013-11-19,00:00:00.00,1.00475,0.304872
323,2013-11-20,00:00:00.00,0,0.297435
324,2013-11-21,00:00:00.00,0,0.280623
325,2013-11-22,00:00:00.00,5.02374,0.280272
326,2013-11-23,00:00:00.00,3.01425,0.291207
327,2013-11-24,00:00:00.00,3.01425,0.287287
328,2013-11-25,00:00:00.00,0,0.272108
329,2013-11-26,00:00:00.00,0,0.254701
330,2013-11-27,00:00:00.00,0,0.237482
331,2013-11-28,00:00:00.00,0,0.220977
332,2013-11-29,00:00:00.00,0.20095,0.205673
333,2013-11-30,00:00:00.00,0,0.191475
334,2013-12-01,00:00:00.00,0,0.178063
335,2013-12-02,00:00:00.00,1.80855,0.163733
336,2013-12-03,00:00:00.00,0,0.148553
337,2013-12-04,00:00:00.00,2.21045,0.134795
338,2013-12-05,00:00:00.00,2.61235,0.166121
339,2013-12-06,00:00:00.00,0,0.212259
340,2013-12-07,00:00:00.00,0,0.218226
341,2013-12-08,00:00:00.00,0.20095,0.210237
342,2013-12-09,00:00:00.00,3.21519,0.198432
343,2013-12-10,00:00:00.00,0.803799,0.185624
344,2013-12-11,00:00:00.00,1.00475,0.172874
345,2013-12-12,00:00:00.00,0.803799,0.160955
346,2013-12-13,00:00:00.00,3.01425,0.150082
347,2013-12-14,00:00:00.00,0.20095,0.139817
348,2013-12-15,00:00:00.00,8.23894,0.129921
349,2013-12-16,00:00:00.00,11.2532,0.120719
350,2013-12-17,00:00:00.00,2.61235,0.11232
351,2013-12-18,00:00:00.00,2.61235,0.104728
352,2013-12-19,00:00:00.00,0.401899,0.0977732
353,2013-12-20,00:00:00.00,1.00475,0.090903
354,2013-12-21,00:00:00.00,11.6551,0.0824588
355,2013-12-22,00:00:00.00,23.3102,0.101215
356,2013-12-23,00:00:00.00,2.61235,0.131675
357,2013-12-24,00:00:00.00,0,0.139026
358,2013-12-25,00:00:00.00,0,0.136925
359,2013-12-26,00:00:00.00,8.64084,0.130777
360,2013-12-27,00:00:00.00,0.803799,0.123178
361,2013-12-28,00:00:00.00,0,0.115311
362,2013-12-29,00:00:00.00,0,0.106998
363,2013-12-30,00:00:00.00,0,0.0970577
364,2013-12-31,00:00:00.00,0.602849,0.0874137
365,2014-01-01,00:00:00.00,1.00475,0.0795107
366,2014-01-02,00:00:00.00,0,0.0728666
367,2014-01-03,00:00:00.00,0,0.0671741
368,2014-01-04,00:00:00.00,0,0.0622304
369,2014-01-05,00:00:00.00,4.82279,0.0578966
370,2014-01-06,00:00:00.00,19.894,0.0530011
371,2014-01-07,00:00:00.00,3.01425,0.0481153
372,2014-01-08,00:00:00.00,1.40665,0.0438377
373,2014-01-09,00:00:00.00,0.602849,0.0398027
374,2014-01-10,00:00:00.00,1.80855,0.0360381
375,2014-01-11,00:00:00.00,14.8703,0.0314644
376,2014-01-12,00:00:00.00,9.24369,0.0844901
377,2014-01-13,00:00:00.00,0,0.161413
378,2014-01-14,00:00:00.00,0,0.201676
379,2014-01-15,00:00:00.00,0.401899,0.221376
380,2014-01-16,00:00:00.00,1.2057,0.216562
381,2014-01-17,00:00:00.00,7.23419,0.204182
382,2014-01-18,00:00:00.00,4.01899,0.189589
383,2014-01-19,00:00:00.00,1.00475,0.175363
384,2014-01-20,00:00:00.00,1.00475,0.162443
385,2014-01-21,00:00:00.00,0,0.150882
386,2014-01-22,00:00:00.00,0,0.140329
387,2014-01-23,00:00:00.00,1.00475,0.130312
388,2014-01-24,00:00:00.00,0,0.121036
389,2014-01-25,00:00:00.00,13.4636,0.112601
390,2014-01-26,00:00:00.00,2.61235,0.105009
391,2014-01-27,00:00:00.00,7.23419,0.0980888
392,2014-01-28,00:00:00.00,0.20095,0.0914408
393,2014-01-29,00:00:00.00,0,0.0849541
394,2014-01-30,00:00:00.00,0.401899,0.0788378
395,2014-01-31,00:00:00.00,1.80855,0.0731848
396,2014-02-01,00:00:00.00,2.21045,0.0671647
397,2014-02-02,00:00:00.00,14.6693,0.0600582
398,2014-02-03,00:00:00.00,0.20095,0.052386
399,2014-02-04,00:00:00.00,0,0.0457188
400,2014-02-05,00:00:00.00,5.62659,0.0402703
401,2014-02-06,00:00:00.00,7.23419,0.035561
402,2014-02-07,00:00:00.00,1.80855,0.0314717
403,2014-02-08,00:00:00.00,0,0.0279063
404,2014-02-09,00:00:00.00,0.602849,0.0247864
405,2014-02-10,00:00:00.00,2.0095,0.0220476
406,2014-02-11,00:00:00.00,0,0.0196367
407,2014-02-12,00:00:00.00,0,0.0175092
408,2014-02-13,00:00:00.00,0,0.015628
409,2014-02-14,00:00:00.00,0,0.0139614
410,2014-02-15,00:00:00.00,0,0.0114123
411,2014-02-16,00:00:00.00,1.6076,0.00865281
412,2014-02-17,00:00:00.00,0.803799,0.00658228
413,2014-02-18,00:00:00.00,8.03799,0.00502789
414,2014-02-19,00:00:00.00,0,0.00370417
415,2014-02-20,00:00:00.00,0,0.00261018
416,2014-02-21,00:00:00.00,13.0617,0.00183006
417,2014-02-22,00:00:00.00,0.401899,0.00117295
418,2014-02-23,00:00:00.00,0,0.000662948
419,2014-02-24,00:00:00.00,1.2057,0.000413897
420,2014-02-25,00:00:00.00,1.80855,0.000315464
421,2014-02-26,00:00:00.00,2.21045,0.000241545
422,2014-02-27,00:00:00.00,0,0.000185995
423,2014-02-28,00:00:00.00,1.6076,0.00014421
424,2014-03-01,00:00:00.00,0,0.000112741
425,2014-03-02,00:00:00.00,2.61235,8.90054e-05
426,2014-03-03,00:00:00.00,0,7.10672e-05
427,2014-03-04,00:00:00.00,0,5.74772e-05
428,2014-03-05,00:00:00.00,3.61709,4.71496e-05
429,2014-03-06,00:00:00.00,0.602849,3.92706e-05
430,2014-03-07,00:00:00.00,0,3.32307e-05
431,2014-03-08,00:00:00.00,0,2.85733e-05
432,2014-03-09,00:00:00.00,0,-0.000152296
433,2014-03-10,00:00:00.00,0,-0.000152296
434,2014-03-11,00:00:00.00,0,-0.0010339
435,2014-03-12,00:00:00.00,1.6076,0.0990173
436,2014-03-13,00:00:00.00,2.8133,0.234869
437,2014-03-14,00:00:00.00,0,0.274086
438,2014-03-15,00:00:00.00,0.602849,0.272137
439,2014-03-16,00:00:00.00,0,0.257076
440,2014-03-17,00:00:00.00,0,0.239834
441,2014-03-18,00:00:00.00,0,0.223317
442,2014-03-19,00:00:00.00,0,0.207903
443,2014-03-20,00:00:00.00,5.62659,0.188792
444,2014-03-21,00:00:00.00,0,0.167602
445,2014-03-22,00:00:00.00,6.63134,0.15006
446,2014-03-23,00:00:00.00,0,0.133475
447,2014-03-24,00:00:00.00,0,0.118982
448,2014-03-25,00:00:00.00,0,0.108393
449,2014-03-26,00:00:00.00,1.00475,0.100094
450,2014-03-27,00:00:00.00,0,0.0928358
451,2014-03-28,00:00:00.00,11.4541,0.0859873
452,2014-03-29,00:00:00.00,2.21045,0.109043
453,2014-03-30,00:00:00.00,0,0.141848
454,2014-03-31,00:00:00.00,0,0.144058
455,2014-04-01,00:00:00.00,0,0.209581
456,2014-04-02,00:00:00.00,0,0.399334
457,2014-04-03,00:00:00.00,0,0.53225
458,2014-04-04,00:00:00.00,0,0.530421
459,2014-04-05,00:00:00.00,12.8608,0.581487
460,2014-04-06,00:00:00.00,0,0.634867
461,2014-04-07,00:00:00.00,0,0.608323
462,2014-04-08,00:00:00.00,6.83229,0.672336
463,2014-04-09,00:00:00.00,1.80855,0.823616
464,2014-04-10,00:00:00.00,0,0.932992
465,2014-04-11,00:00:00.00,0,1.4365
466,2014-04-12,00:00:00.00,0,1.6975
467,2014-04-13,00:00:00.00,22.5064,1.45414
468,2014-04-14,00:00:00.00,1.40665,1.37062
469,2014-04-15,00:00:00.00,11.4541,1.31335
470,2014-04-16,00:00:00.00,2.0095,1.2585
471,2014-04-17,00:00:00.00,0,1.17104
472,2014-04-18,00:00:00.00,0.20095,1.09618
473,2014-04-19,00:00:00.00,1.40665,1.02665
474,2014-04-20,00:00:00.00,0,0.959538
475,2014-04-21,00:00:00.00,0,0.895979
476,2014-04-22,00:00:00.00,4.42089,0.84136
477,2014-04-23,00:00:00.00,1.2057,0.781401
478,2014-04-24,00:00:00.00,0,0.718495
479,2014-04-25,00:00:00.00,0,0.662499
480,2014-04-26,00:00:00.00,7.23419,0.617439
481,2014-04-27,00:00:00.00,0,0.583185
482,2014-04-28,00:00:00.00,0,0.535848
483,2014-04-29,00:00:00.00,1.00475,0.47936
484,2014-04-30,00:00:00.00,28.133,0.520921
485,2014-05-01,00:00:00.00,2.0095,0.574874
486,2014-05-02,00:00:00.00,2.21045,0.542019
487,2014-05-03,00:00:00.00,3.81804,0.514119
488,2014-05-04,00:00:00.00,6.43039,0.507762
489,2014-05-05,00:00:00.00,0,0.498115
490,2014-05-06,00:00:00.00,0,0.469092
491,2014-05-07,00:00:00.00,0,0.438482
492,2014-05-08,00:00:00.00,0,0.40939
493,2014-05-09,00:00:00.00,0,0.365552
494,2014-05-10,00:00:00.00,6.02849,0.307412
495,2014-05-11,00:00:00.00,0,0.246278
496,2014-05-12,00:00:00.00,0,0.181485
497,2014-05-13,00:00:00.00,15.6741,0.173702
498,2014-05-14,00:00:00.00,10.0475,0.198413
499,2014-05-15,00:00:00.00,12.057,0.198102
500,2014-05-16,00:00:00.00,10.2484,0.20977
501,2014-05-17,00:00:00.00,0,0.220176
502,2014-05-18,00:00:00.00,0,0.214411
503,2014-05-19,00:00:00.00,0,0.203596
504,2014-05-20,00:00:00.00,0,0.174837
505,2014-05-21,00:00:00.00,12.6598,0.165207
506,2014-05-22,00:00:00.00,1.00475,0.146914
507,2014-05-23,00:00:00.00,0.401899,0.102409
508,2014-05-24,00:00:00.00,0,0.0747524
509,2014-05-25,00:00:00.00,0,0.0539844
510,2014-05-26,00:00:00.00,0,0.0394151
511,2014-05-27,00:00:00.00,0,0.0279798
512,2014-05-28,00:00:00.00,0,0.0187266
513,2014-05-29,00:00:00.00,0,0.0113308
514,2014-05-30,00:00:00.00,0,0.00632483
515,2014-05-31,00:00:00.00,0,0.00122455
516,2014-06-01,00:00:00.00,0,-0.00344868
517,2014-06-02,00:00:00.00,0,-0.00520795
518,2014-06-03,00:00:00.00,3.81804,-0.0124684
519,2014-06-04,00:00:00.00,0,-0.0202124
520,2014-06-05,00:00:00.00,0,-0.0202124
521,2014-06-06,00:00:00.00,0,-0.0202124
522,2014-06-07,00:00:00.00,0,-0.0202124
523,2014-06-08,00:00:00.00,0,-0.023059
524,2014-06-09,00:00:00.00,4.21994,-0.023059
525,2014-06-10,00:00:00.00,0,-0.0268974
526,2014-06-11,00:00:00.00,2.61235,-0.0342073
527,2014-06-12,00:00:00.00,8.43989,-0.0405253
528,2014-06-13,00:00:00.00,7.03324,-0.0478352
529,2014-06-14,00:00:00.00,0,-0.0516736
530,2014-06-15,00:00:00.00,0,-0.0516736
531,2014-06-16,00:00:00.00,2.61235,-0.0516736
532,2014-06-17,00:00:00.00,0,-0.0589835
533,2014-06-18,00:00:00.00,10.6503,-0.0669182
534,2014-06-19,00:00:00.00,1.40665,-0.0732362
535,2014-06-20,00:00:00.00,0,-0.0800502
536,2014-06-21,00:00:00.00,0,-0.0800502
537,2014-06-22,00:00:00.00,0,-0.0843845
538,2014-06-23,00:00:00.00,0,-0.0892148
539,2014-06-24,00:00:00.00,3.61709,-0.094541
540,2014-06-25,00:00:00.00,12.6598,-0.102476
541,2014-06-26,00:00:00.00,0,-0.10929
542,2014-06-27,00:00:00.00,0,-0.117095
543,2014-06-28,00:00:00.00,0,-0.12503
544,2014-06-29,00:00:00.00,0,-0.132965
545,2014-06-30,00:00:00.00,9.24369,-0.1409
546,2014-07-01,00:00:00.00,0.20095,-0.148834
547,2014-07-02,00:00:00.00,4.42089,-0.157331
548,2014-07-03,00:00:00.00,0.803799,-0.164202
549,2014-07-04,00:00:00.00,0,-0.164202
550,2014-07-05,00:00:00.00,0,-0.164202
551,2014-07-06,00:00:00.00,0,-0.164202
552,2014-07-07,00:00:00.00,27.3292,-0.164639
553,2014-07-08,00:00:00.00,1.00475,-0.170915
554,2014-07-09,00:00:00.00,27.5301,-0.118236
555,2014-07-10,00:00:00.00,0.20095,-0.0145343
556,2014-07-11,00:00:00.00,0.20095,0.06659
557,2014-07-12,00:00:00.00,24.114,0.172012
558,2014-07-13,00:00:00.00,12.2579,0.253389
559,2014-07-14,00:00:00.00,2.8133,0.226521
560,2014-07-15,00:00:00.00,10.0475,0.190834
561,2014-07-16,00:00:00.00,0.401899,0.183695
562,2014-07-17,00:00:00.00,1.00475,0.173251
563,2014-07-18,00:00:00.00,0,0.162187
564,2014-07-19,00:00:00.00,0,0.151564
565,2014-07-20,00:00:00.00,3.01425,0.141373
566,2014-07-21,00:00:00.00,0,0.111862
567,2014-07-22,00:00:00.00,0,0.0718496
568,2014-07-23,00:00:00.00,0.602849,0.0450713
569,2014-07-24,00:00:00.00,0,0.033759
570,2014-07-25,00:00:00.00,0,0.0252859
571,2014-07-26,00:00:00.00,0,0.0189395
572,2014-07-27,00:00:00.00,0,0.0137494
573,2014-07-28,00:00:00.00,27.3292,0.0888503
574,2014-07-29,00:00:00.00,0.401899,0.204751
575,2014-07-30,00:00:00.00,0.602849,0.241248
576,2014-07-31,00:00:00.00,13.2627,0.269489
577,2014-08-01,00:00:00.00,0,0.292267
578,2014-08-02,00:00:00.00,0,0.273177
579,2014-08-03,00:00:00.00,8.43989,0.24031
580,2014-08-04,00:00:00.00,0.20095,0.191009
581,2014-08-05,00:00:00.00,4.82279,0.12622
582,2014-08-06,00:00:00.00,3.61709,0.0790763
583,2014-08-07,00:00:00.00,0,0.0549346
584,2014-08-08,00:00:00.00,0,0.039875
585,2014-08-09,00:00:00.00,0,0.0298669
586,2014-08-10,00:00:00.00,0,0.0212152
587,2014-08-11,00:00:00.00,0,0.0135445
588,2014-08-12,00:00:00.00,27.1282,0.10216
589,2014-08-13,00:00:00.00,2.21045,0.209096
590,2014-08-14,00:00:00.00,0.20095,0.224706
591,2014-08-15,00:00:00.00,0,0.219863
592,2014-08-16,00:00:00.00,0,0.208523
593,2014-08-17,00:00:00.00,4.62184,0.19561
594,2014-08-18,00:00:00.00,0,0.182532
595,2014-08-19,00:00:00.00,0,0.169898
596,2014-08-20,00:00:00.00,0,0.158206
597,2014-08-21,00:00:00.00,11.856,0.157353
598,2014-08-22,00:00:00.00,0.401899,0.135222
599,2014-08-23,00:00:00.00,0,0.0887836
600,2014-08-24,00:00:00.00,0,0.0580905
601,2014-08-25,00:00:00.00,0,0.0391331
602,2014-08-26,00:00:00.00,0,0.0257748
603,2014-08-27,00:00:00.00,0,0.0129567
604,2014-08-28,00:00:00.00,0,0.00970475
605,2014-08-29,00:00:00.00,0,0.00726898
606,2014-08-30,00:00:00.00,0,0.00544456
607,2014-08-31,00:00:00.00,0,-0.00259678
608,2014-09-01,00:00:00.00,1.80855,-0.00985681
609,2014-09-02,00:00:00.00,9.64558,-0.014818
610,2014-09-03,00:00:00.00,9.64558,-0.0197793
611,2014-09-04,00:00:00.00,0,-0.0247405
612,2014-09-05,00:00:00.00,0,-0.0297017
613,2014-09-06,00:00:00.00,76.7628,0.214565
614,2014-09-07,00:00:00.00,0.20095,0.494992
615,2014-09-08,00:00:00.00,0,0.515077
616,2014-09-09,00:00:00.00,0,0.473543
617,2014-09-10,00:00:00.00,0,0.408345
618,2014-09-11,00:00:00.00,63.2992,0.520882
619,2014-09-12,00:00:00.00,0.803799,0.671249
620,2014-09-13,00:00:00.00,0.602849,0.648518
621,2014-09-14,00:00:00.00,4.62184,0.605525
622,2014-09-15,00:00:00.00,0,0.56306
623,2014-09-16,00:00:00.00,2.0095,0.523303
624,2014-09-17,00:00:00.00,0,0.486396
625,2014-09-18,00:00:00.00,0,0.452237
626,2014-09-19,00:00:00.00,0,0.420413
627,2014-09-20,00:00:00.00,0,0.390797
628,2014-09-21,00:00:00.00,18.2864,0.419689
629,2014-09-22,00:00:00.00,5.22469,0.443065
630,2014-09-23,00:00:00.00,0,0.412768
631,2014-09-24,00:00:00.00,0,0.383887
632,2014-09-25,00:00:00.00,0,0.352462
633,2014-09-26,00:00:00.00,0,0.315345
634,2014-09-27,00:00:00.00,0,0.267868
635,2014-09-28,00:00:00.00,0,0.204373
636,2014-09-29,00:00:00.00,0,0.13427
637,2014-09-30,00:00:00.00,7.43514,0.0861396
638,2014-10-01,00:00:00.00,2.0095,0.062083
639,2014-10-02,00:00:00.00,0.20095,0.0431002
640,2014-10-03,00:00:00.00,0,0.030138
641,2014-10-04,00:00:00.00,21.7026,0.0952394
642,2014-10-05,00:00:00.00,1.6076,0.193336
643,2014-10-06,00:00:00.00,0.803799,0.223717
644,2014-10-07,00:00:00.00,10.8513,0.240948
645,2014-10-08,00:00:00.00,0.803799,0.242701
646,2014-10-09,00:00:00.00,0.602849,0.217646
647,2014-10-10,00:00:00.00,0,0.195734
648,2014-10-11,00:00:00.00,0,0.179536
649,2014-10-12,00:00:00.00,0,0.165897
650,2014-10-13,00:00:00.00,0,0.154067
651,2014-10-14,00:00:00.00,0.20095,0.136081
652,2014-10-15,00:00:00.00,14.2674,0.149805
653,2014-10-16,00:00:00.00,0.803799,0.170474
654,2014-10-17,00:00:00.00,1.00475,0.14771
655,2014-10-18,00:00:00.00,2.21045,0.108352
656,2014-10-19,00:00:00.00,0.401899,0.0756518
657,2014-10-20,00:00:00.00,3.01425,0.0566907
658,2014-10-21,00:00:00.00,12.8608,0.0938294
659,2014-10-22,00:00:00.00,3.01425,0.157768
660,2014-10-23,00:00:00.00,0,0.181293
661,2014-10-24,00:00:00.00,0,0.17741
662,2014-10-25,00:00:00.00,0,0.161884
663,2014-10-26,00:00:00.00,0,0.133963
664,2014-10-27,00:00:00.00,0,0.10697
665,2014-10-28,00:00:00.00,1.40665,0.0909576
666,2014-10-29,00:00:00.00,1.2057,0.0698063
667,2014-10-30,00:00:00.00,1.6076,0.0502054
668,2014-10-31,00:00:00.00,1.6076,0.0375831
669,2014-11-01,00:00:00.00,8.43989,0.0636461
670,2014-11-02,00:00:00.00,0,0.109347
671,2014-11-03,00:00:00.00,0,0.125501
672,2014-11-04,00:00:00.00,0,0.121494
673,2014-11-05,00:00:00.00,8.23894,0.137799
674,2014-11-06,00:00:00.00,0,0.161623
675,2014-11-07,00:00:00.00,2.61235,0.160393
676,2014-11-08,00:00:00.00,0,0.153371
677,2014-11-09,00:00:00.00,4.62184,0.157389
678,2014-11-10,00:00:00.00,0.803799,0.164772
679,2014-11-11,00:00:00.00,0.401899,0.155235
680,2014-11-12,00:00:00.00,0.602849,0.136777
681,2014-11-13,00:00:00.00,1.00475,0.119941
682,2014-11-14,00:00:00.00,3.01425,0.108223
683,2014-11-15,00:00:00.00,0.803799,0.0993545
684,2014-11-16,00:00:00.00,1.00475,0.0917772
685,2014-11-17,00:00:00.00,2.61235,0.0847599
686,2014-11-18,00:00:00.00,12.2579,0.0783457
687,2014-11-19,00:00:00.00,1.80855,0.0725305
688,2014-11-20,00:00:00.00,5.82754,0.0672855
689,2014-11-21,00:00:00.00,2.8133,0.0625706
690,2014-11-22,00:00:00.00,0,0.0583411
691,2014-11-23,00:00:00.00,1.80855,0.0545525
692,2014-11-24,00:00:00.00,26.7263,0.274073
693,2014-11-25,00:00:00.00,10.2484,0.601281
694,2014-11-26,00:00:00.00,0,0.696576
695,2014-11-27,00:00:00.00,0,0.663473
696,2014-11-28,00:00:00.00,6.22944,0.61882
697,2014-11-29,00:00:00.00,0,0.576056
698,2014-11-30,00:00:00.00,0,0.53616
699,2014-12-01,00:00:00.00,0.20095,0.516587
700,2014-12-02,00:00:00.00,0.401899,0.502029
701,2014-12-03,00:00:00.00,1.80855,0.47084
702,2014-12-04,00:00:00.00,3.21519,0.43878
703,2014-12-05,00:00:00.00,0,0.408091
704,2014-12-06,00:00:00.00,0,0.379485
705,2014-12-07,00:00:00.00,0,0.361092
706,2014-12-08,00:00:00.00,0,0.346796
707,2014-12-09,00:00:00.00,0,0.325142
708,2014-12-10,00:00:00.00,0.20095,0.301409
709,2014-12-11,00:00:00.00,0.602849,0.279251
710,2014-12-12,00:00:00.00,3.81804,0.25955
711,2014-12-13,00:00:00.00,0,0.240355
712,2014-12-14,00:00:00.00,1.2057,0.220841
713,2014-12-15,00:00:00.00,1.2057,0.209604
714,2014-12-16,00:00:00.00,1.80855,0.232407
715,2014-12-17,00:00:00.00,4.62184,0.283358
716,2014-12-18,00:00:00.00,2.0095,0.308568
717,2014-12-19,00:00:00.00,0,0.299275
718,2014-12-20,00:00:00.00,0,0.282107
719,2014-12-21,00:00:00.00,0,0.263866
720,2014-12-22,00:00:00.00,0,0.246322
721,2014-12-23,00:00:00.00,0,0.229436
722,2014-12-24,00:00:00.00,11.856,0.254753
723,2014-12-25,00:00:00.00,11.6551,0.359011
724,2014-12-26,00:00:00.00,0.602849,0.433796
725,2014-12-27,00:00:00.00,0,0.42676
726,2014-12-28,00:00:00.00,1.80855,0.409265
727,2014-12-29,00:00:00.00,0,0.390166
728,2014-12-30,00:00:00.00,0,0.364514
729,2014-12-31,00:00:00.00,0.803799,0.339956
730,2015-01-01,00:00:00.00,1.00475,0.317111
731,2015-01-02,00:00:00.00,1.40665,0.295665
732,2015-01-03,00:00:00.00,0,0.275086
733,2015-01-04,00:00:00.00,13.0617,0.255357
734,2015-01-05,00:00:00.00,13.6646,0.243123
735,2015-01-06,00:00:00.00,1.00475,0.23441
736,2015-01-07,00:00:00.00,2.0095,0.221358
737,2015-01-08,00:00:00.00,1.2057,0.207695
738,2015-01-09,00:00:00.00,2.0095,0.194505
739,2015-01-10,00:00:00.00,7.43514,0.181831
740,2015-01-11,00:00:00.00,0.401899,0.169834
741,2015-01-12,00:00:00.00,1.2057,0.158801
742,2015-01-13,00:00:00.00,0,0.147706
743,2015-01-14,00:00:00.00,0,0.136987
744,2015-01-15,00:00:00.00,0,0.12739
745,2015-01-16,00:00:00.00,3.01425,0.118784
746,2015-01-17,00:00:00.00,0,0.111058
747,2015-01-18,00:00:00.00,2.0095,0.104118
748,2015-01-19,00:00:00.00,4.01899,0.0966695
749,2015-01-20,00:00:00.00,0,0.0881765
750,2015-01-21,00:00:00.00,0,0.0803279
751,2015-01-22,00:00:00.00,0,0.0738995
752,2015-01-23,00:00:00.00,0,0.0674009
753,2015-01-24,00:00:00.00,0,0.0603184
754,2015-01-25,00:00:00.00,0.401899,0.0532262
755,2015-01-26,00:00:00.00,0,0.0472489
756,2015-01-27,00:00:00.00,0,0.0424821
757,2015-01-28,00:00:00.00,0,0.0383859
758,2015-01-29,00:00:00.00,0,0.0348437
759,2015-01-30,00:00:00.00,3.81804,0.0314062
760,2015-01-31,00:00:00.00,0,0.0282089
761,2015-02-01,00:00:00.00,0,0.0255163
762,2015-02-02,00:00:00.00,18.0855,0.0232264
763,2015-02-03,00:00:00.00,0,0.0212604
764,2015-02-04,00:00:00.00,2.0095,0.0195572
765,2015-02-05,00:00:00.00,1.2057,0.0174585
766,2015-02-06,00:00:00.00,1.40665,0.0153174
767,2015-02-07,00:00:00.00,4.01899,0.0136352
768,2015-02-08,00:00:00.00,2.61235,0.0120974
769,2015-02-09,00:00:00.00,0.803799,0.011061
770,2015-02-10,00:00:00.00,0,0.0102147
771,2015-02-11,00:00:00.00,0,0.0094644
772,2015-02-12,00:00:00.00,2.4114,0.00884933
773,2015-02-13,00:00:00.00,0,0.00835721
774,2015-02-14,00:00:00.00,9.44464,0.00792809
775,2015-02-15,00:00:00.00,0.401899,0.00754829
776,2015-02-16,00:00:00.00,0,0.00720748
777,2015-02-17,00:00:00.00,0,0.00689783
778,2015-02-18,00:00:00.00,2.0095,0.00661343
779,2015-02-19,00:00:00.00,0.20095,0.00634978
780,2015-02-20,00:00:00.00,0,0.00610344
781,2015-02-21,00:00:00.00,4.01899,0.00587178
782,2015-02-22,00:00:00.00,1.2057,0.00565276
783,2015-02-23,00:00:00.00,0,0.0054448
784,2015-02-24,00:00:00.00,0,0.00524667
785,2015-02-25,00:00:00.00,3.21519,0.00505737
786,2015-02-26,00:00:00.00,0,0.00487613
787,2015-02-27,00:00:00.00,0,0.0047023
788,2015-02-28,00:00:00.00,0,0.00453536
789,2015-03-01,00:00:00.00,0,0.00437485
790,2015-03-02,00:00:00.00,0,0.00422041
791,2015-03-03,00:00:00.00,5.02374,0.00407172
792,2015-03-04,00:00:00.00,5.02374,0.00392848
793,2015-03-05,00:00:00.00,0,0.00379044
794,2015-03-06,00:00:00.00,0,0.00365737
795,2015-03-07,00:00:00.00,0,0.00352906
796,2015-03-08,00:00:00.00,0.401899,0.00340533
797,2015-03-09,00:00:00.00,0,0.00328598
798,2015-03-10,00:00:00.00,0,0.00247812
799,2015-03-11,00:00:00.00,0,0.00174953
800,2015-03-12,00:00:00.00,0,0.0552392
801,2015-03-13,00:00:00.00,0,0.132276
802,2015-03-14,00:00:00.00,1.00475,0.16211
803,2015-03-15,00:00:00.00,0.20095,0.183756
804,2015-03-16,00:00:00.00,0,0.200372
805,2015-03-17,00:00:00.00,2.21045,0.284341
806,2015-03-18,00:00:00.00,0,0.37502
807,2015-03-19,00:00:00.00,0,0.376082
808,2015-03-20,00:00:00.00,0,0.356644
809,2015-03-21,00:00:00.00,3.01425,0.359889
810,2015-03-22,00:00:00.00,0.803799,0.399106
811,2015-03-23,00:00:00.00,0,0.417256
812,2015-03-24,00:00:00.00,0,0.398507
813,2015-03-25,00:00:00.00,0,0.373128
814,2015-03-26,00:00:00.00,3.21519,0.344547
815,2015-03-27,00:00:00.00,0.20095,0.356018
816,2015-03-28,00:00:00.00,0,0.379472
817,2015-03-29,00:00:00.00,0,0.364961
818,2015-03-30,00:00:00.00,1.40665,0.342638
819,2015-03-31,00:00:00.00,2.0095,0.325526
820,2015-04-01,00:00:00.00,0,0.308416
821,2015-04-02,00:00:00.00,0,0.294935
822,2015-04-03,00:00:00.00,3.61709,0.587385
823,2015-04-04,00:00:00.00,4.01899,0.841188
824,2015-04-05,00:00:00.00,4.01899,0.771063
825,2015-04-06,00:00:00.00,0.602849,0.716684
826,2015-04-07,00:00:00.00,0,0.681301
827,2015-04-08,00:00:00.00,0,0.653181
828,2015-04-09,00:00:00.00,12.8608,0.661602
829,2015-04-10,00:00:00.00,17.6836,0.731758
830,2015-04-11,00:00:00.00,0,0.754712
831,2015-04-12,00:00:00.00,0,0.711883
832,2015-04-13,00:00:00.00,0,0.658102
833,2015-04-14,00:00:00.00,7.63609,0.615823
834,2015-04-15,00:00:00.00,0,0.573236
835,2015-04-16,00:00:00.00,0,0.512047
836,2015-04-17,00:00:00.00,0.803799,0.451052
837,2015-04-18,00:00:00.00,0,0.392073
838,2015-04-19,00:00:00.00,0,0.334958
839,2015-04-20,00:00:00.00,20.8988,0.346099
840,2015-04-21,00:00:00.00,6.02849,0.380004
841,2015-04-22,00:00:00.00,3.21519,0.361458
842,2015-04-23,00:00:00.00,2.0095,0.335558
843,2015-04-24,00:00:00.00,0,0.312893
844,2015-04-25,00:00:00.00,0,0.29221
845,2015-04-26,00:00:00.00,0,0.272958
846,2015-04-27,00:00:00.00,0,0.247942
847,2015-04-28,00:00:00.00,0,0.213714
848,2015-04-29,00:00:00.00,0,0.169669
849,2015-04-30,00:00:00.00,0,0.123926
850,2015-05-01,00:00:00.00,0,0.0893517
851,2015-05-02,00:00:00.00,0,0.0685203
852,2015-05-03,00:00:00.00,0,0.0542218
853,2015-05-04,00:00:00.00,0,0.0418771
854,2015-05-05,00:00:00.00,0.602849,0.0319832
855,2015-05-06,00:00:00.00,0,0.0287044
856,2015-05-07,00:00:00.00,0,0.0224325
857,2015-05-08,00:00:00.00,0,0.0152992
858,2015-05-09,00:00:00.00,0,0.00925695
859,2015-05-10,00:00:00.00,0,0.00425959
860,2015-05-11,00:00:00.00,2.61235,6.68934e-05
861,2015-05-12,00:00:00.00,0,-0.0040107
862,2015-05-13,00:00:00.00,1.00475,-0.00243911
863,2015-05-14,00:00:00.00,0,-0.000896271
864,2015-05-15,00:00:00.00,0,0.000518213
865,2015-05-16,00:00:00.00,0.20095,-6.86823e-05
866,2015-05-17,00:00:00.00,0,-0.00495859
867,2015-05-18,00:00:00.00,0,-0.0102985
868,2015-05-19,00:00:00.00,3.01425,-0.0160495
869,2015-05-20,00:00:00.00,0,-0.0160495
870,2015-05-21,00:00:00.00,0,-0.0160495
871,2015-05-22,00:00:00.00,0,-0.0168203
872,2015-05-23,00:00:00.00,0,-0.0168203
873,2015-05-24,00:00:00.00,0,-0.0168203
874,2015-05-25,00:00:00.00,0,-0.0227613
875,2015-05-26,00:00:00.00,8.84179,-0.0287022
876,2015-05-27,00:00:00.00,1.00475,-0.0346431
877,2015-05-28,00:00:00.00,0.401899,-0.0405841
878,2015-05-29,00:00:00.00,0,-0.046525
879,2015-05-30,00:00:00.00,0,-0.052466
880,2015-05-31,00:00:00.00,21.3007,-0.0583607
881,2015-06-01,00:00:00.00,12.6598,-0.0582731
882,2015-06-02,00:00:00.00,0,-0.0581948
883,2015-06-03,00:00:00.00,0,-0.0581249
884,2015-06-04,00:00:00.00,0,-0.0580624
885,2015-06-05,00:00:00.00,4.62184,-0.0580066
886,2015-06-06,00:00:00.00,4.62184,-0.0638024
887,2015-06-07,00:00:00.00,0,-0.0638024
888,2015-06-08,00:00:00.00,42.1994,0.0882228
889,2015-06-09,00:00:00.00,9.44464,0.263215
890,2015-06-10,00:00:00.00,0,0.274894
891,2015-06-11,00:00:00.00,10.6503,0.233412
892,2015-06-12,00:00:00.00,5.22469,0.189458
893,2015-06-13,00:00:00.00,16.076,0.205469
894,2015-06-14,00:00:00.00,2.21045,0.230501
895,2015-06-15,00:00:00.00,9.04274,0.216638
896,2015-06-16,00:00:00.00,22.9083,0.246975
897,2015-06-17,00:00:00.00,0,0.252406
898,2015-06-18,00:00:00.00,0,0.203484
899,2015-06-19,00:00:00.00,0,0.151388
900,2015-06-20,00:00:00.00,0,0.0999777
901,2015-06-21,00:00:00.00,0,0.0667583
902,2015-06-22,00:00:00.00,0,0.0413216
903,2015-06-23,00:00:00.00,21.0997,0.0674819
904,2015-06-24,00:00:00.00,0,0.0853523
905,2015-06-25,00:00:00.00,0,0.0584088
906,2015-06-26,00:00:00.00,0,0.0377833
907,2015-06-27,00:00:00.00,0,0.0232087
908,2015-06-28,00:00:00.00,24.9178,0.0620035
909,2015-06-29,00:00:00.00,17.784,0.159565
910,2015-06-30,00:00:00.00,0.20095,0.215075
911,2015-07-01,00:00:00.00,8.23894,0.219827
912,2015-07-02,00:00:00.00,0,0.217346
913,2015-07-03,00:00:00.00,0,0.206961
914,2015-07-04,00:00:00.00,0,0.194427
915,2015-07-05,00:00:00.00,0,0.181512
916,2015-07-06,00:00:00.00,0,0.151681
917,2015-07-07,00:00:00.00,0,0.1036
918,2015-07-08,00:00:00.00,18.6883,0.117967
919,2015-07-09,00:00:00.00,0,0.16795
920,2015-07-10,00:00:00.00,0,0.181495
921,2015-07-11,00:00:00.00,0,0.170489
922,2015-07-12,00:00:00.00,0,0.126573
923,2015-07-13,00:00:00.00,0,0.0776256
924,2015-07-14,00:00:00.00,0,0.0510136
925,2015-07-15,00:00:00.00,8.84179,0.0348817
926,2015-07-16,00:00:00.00,0,0.0261268
927,2015-07-17,00:00:00.00,0.401899,0.0195693
928,2015-07-18,00:00:00.00,8.94226,0.0187695
929,2015-07-19,00:00:00.00,0,0.0107403
930,2015-07-20,00:00:00.00,0,0.00061458
931,2015-07-21,00:00:00.00,1.00475,-0.00156583
932,2015-07-22,00:00:00.00,0,-0.00312702
933,2015-07-23,00:00:00.00,0,-0.00312702
934,2015-07-24,00:00:00.00,0,-0.00312702
935,2015-07-25,00:00:00.00,0,-0.00468822
936,2015-07-26,00:00:00.00,0,-0.0131527
937,2015-07-27,00:00:00.00,0,-0.0205551
938,2015-07-28,00:00:00.00,0,-0.0290514
939,2015-07-29,00:00:00.00,0,-0.0375477
940,2015-07-30,00:00:00.00,0,-0.046044
941,2015-07-31,00:00:00.00,0,-0.0523843
942,2015-08-01,00:00:00.00,3.81804,-0.0555386
943,2015-08-02,00:00:00.00,0,-0.0577674
944,2015-08-03,00:00:00.00,21.0997,-0.0613131
945,2015-08-04,00:00:00.00,0,-0.0639513
946,2015-08-05,00:00:00.00,4.62184,-0.0661801
947,2015-08-06,00:00:00.00,0,-0.0661801
948,2015-08-07,00:00:00.00,0,-0.0661801
949,2015-08-08,00:00:00.00,0,-0.0670477
950,2015-08-09,00:00:00.00,0,-0.0670477
951,2015-08-10,00:00:00.00,0,-0.068369
952,2015-08-11,00:00:00.00,16.2769,-0.0657466
953,2015-08-12,00:00:00.00,0,-0.0644295
954,2015-08-13,00:00:00.00,0.20095,-0.0643993
955,2015-08-14,00:00:00.00,10.2484,-0.0643723
956,2015-08-15,00:00:00.00,1.40665,-0.0715797
957,2015-08-16,00:00:00.00,0,-0.0788397
958,2015-08-17,00:00:00.00,0,-0.0860997
959,2015-08-18,00:00:00.00,0,-0.0933598
960,2015-08-19,00:00:00.00,0,-0.10062
961,2015-08-20,00:00:00.00,6.43039,-0.10788
962,2015-08-21,00:00:00.00,6.63134,-0.112831
963,2015-08-22,00:00:00.00,0,-0.112831
964,2015-08-23,00:00:00.00,0,-0.112831
965,2015-08-24,00:00:00.00,1.6076,-0.114606
966,2015-08-25,00:00:00.00,1.6076,-0.114606
967,2015-08-26,00:00:00.00,0,-0.114606
968,2015-08-27,00:00:00.00,0,-0.114606
969,2015-08-28,00:00:00.00,0,-0.114606
970,2015-08-29,00:00:00.00,0,-0.114606
971,2015-08-30,00:00:00.00,0,-0.114606
972,2015-08-31,00:00:00.00,0.401899,-0.120011
973,2015-09-01,00:00:00.00,0,-0.127271
974,2015-09-02,00:00:00.00,0,-0.132233
975,2015-09-03,00:00:00.00,0,-0.137194
976,2015-09-04,00:00:00.00,4.62184,-0.142155
977,2015-09-05,00:00:00.00,0,-0.147116
978,2015-09-06,00:00:00.00,0,-0.152078
979,2015-09-07,00:00:00.00,0,-0.157039
980,2015-09-08,00:00:00.00,1.00475,-0.162
981,2015-09-09,00:00:00.00,5.42564,-0.166961
982,2015-09-10,00:00:00.00,0,-0.171922
983,2015-09-11,00:00:00.00,0,-0.175029
984,2015-09-12,00:00:00.00,4.62184,-0.177826
985,2015-09-13,00:00:00.00,0,-0.177826
986,2015-09-14,00:00:00.00,0,-0.177826
987,2015-09-15,00:00:00.00,0,-0.177826
988,2015-09-16,00:00:00.00,0,-0.182787
989,2015-09-17,00:00:00.00,0,-0.187749
990,2015-09-18,00:00:00.00,0,-0.19271
991,2015-09-19,00:00:00.00,1.6076,-0.197671
992,2015-09-20,00:00:00.00,5.22469,-0.202632
993,2015-09-21,00:00:00.00,0,-0.202632
994,2015-09-22,00:00:00.00,0,-0.203259
995,2015-09-23,00:00:00.00,0,-0.204195
996,2015-09-24,00:00:00.00,0,-0.207922
997,2015-09-25,00:00:00.00,0,-0.212884
998,2015-09-26,00:00:00.00,0,-0.216611
999,2015-09-27,00:00:00.00,0,-0.217547
1000,2015-09-28,00:00:00.00,0.803799,-0.220034
1001,2015-09-29,00:00:00.00,0.803799,-0.224995
1002,2015-09-30,00:00:00.00,2.8133,-0.229956
1003,2015-10-01,00:00:00.00,0,-0.229956
1004,2015-10-02,00:00:00.00,0,-0.230148
1005,2015-10-03,00:00:00.00,0,-0.23034
1006,2015-10-04,00:00:00.00,4.01899,-0.23034
1007,2015-10-05,00:00:00.00,2.0095,-0.231758
1008,2015-10-06,00:00:00.00,0.904274,-0.234211
1009,2015-10-07,00:00:00.00,0,-0.236663
1010,2015-10-08,00:00:00.00,0,-0.239115
1011,2015-10-09,00:00:00.00,23.913,-0.240442
1012,2015-10-10,00:00:00.00,0.20095,-0.242646
1013,2015-10-11,00:00:00.00,0,-0.243229
1014,2015-10-12,00:00:00.00,0,-0.245655
1015,2015-10-13,00:00:00.00,0.20095,-0.248107
1016,2015-10-14,00:00:00.00,2.8133,-0.249832
1017,2015-10-15,00:00:00.00,0,-0.250483
1018,2015-10-16,00:00:00.00,9.64558,-0.251442
1019,2015-10-17,00:00:00.00,3.01425,-0.251442
1020,2015-10-18,00:00:00.00,0,-0.251442
1021,2015-10-19,00:00:00.00,0,-0.251442
1022,2015-10-20,00:00:00.00,1.6076,-0.251442
1023,2015-10-21,00:00:00.00,0.803799,-0.253894
1024,2015-10-22,00:00:00.00,6.43039,-0.256346
1025,2015-10-23,00:00:00.00,0,-0.258799
1026,2015-10-24,00:00:00.00,0.20095,-0.258799
1027,2015-10-25,00:00:00.00,13.0617,-0.252421
1028,2015-10-26,00:00:00.00,0.20095,-0.24405
1029,2015-10-27,00:00:00.00,0,-0.240565
1030,2015-10-28,00:00:00.00,8.64084,-0.235461
1031,2015-10-29,00:00:00.00,25.7216,-0.118409
1032,2015-10-30,00:00:00.00,2.8133,0.0829565
1033,2015-10-31,00:00:00.00,0,0.202595
1034,2015-11-01,00:00:00.00,11.6551,0.274201
1035,2015-11-02,00:00:00.00,0,0.311543
1036,2015-11-03,00:00:00.00,0,0.299041
1037,2015-11-04,00:00:00.00,0,0.273109
1038,2015-11-05,00:00:00.00,0,0.244606
1039,2015-11-06,00:00:00.00,4.62184,0.220411
1040,2015-11-07,00:00:00.00,6.63134,0.214234
1041,2015-11-08,00:00:00.00,1.40665,0.210531
1042,2015-11-09,00:00:00.00,0.401899,0.19195
1043,2015-11-10,00:00:00.00,0,0.168757
1044,2015-11-11,00:00:00.00,9.74606,0.177469
1045,2015-11-12,00:00:00.00,1.80855,0.197796
1046,2015-11-13,00:00:00.00,9.64558,0.223626
1047,2015-11-14,00:00:00.00,2.21045,0.252248
1048,2015-11-15,00:00:00.00,0.602849,0.247743
1049,2015-11-16,00:00:00.00,0,0.228728
1050,2015-11-17,00:00:00.00,0,0.204125
1051,2015-11-18,00:00:00.00,0,0.178503
1052,2015-11-19,00:00:00.00,6.22944,0.173447
1053,2015-11-20,00:00:00.00,0.20095,0.176387
1054,2015-11-21,00:00:00.00,0,0.164665
1055,2015-11-22,00:00:00.00,14.8703,0.15212
1056,2015-11-23,00:00:00.00,0.401899,0.141154
1057,2015-11-24,00:00:00.00,2.0095,0.130962
1058,2015-11-25,00:00:00.00,0,0.121002
1059,2015-11-26,00:00:00.00,1.2057,0.133263
1060,2015-11-27,00:00:00.00,4.32042,0.21334
1061,2015-11-28,00:00:00.00,10.4494,0.328219
1062,2015-11-29,00:00:00.00,0,0.383007
1063,2015-11-30,00:00:00.00,0,0.375727
1064,2015-12-01,00:00:00.00,0.401899,0.354197
1065,2015-12-02,00:00:00.00,2.21045,0.335958
1066,2015-12-03,00:00:00.00,0.602849,0.318202
1067,2015-12-04,00:00:00.00,0.502374,0.294615
1068,2015-12-05,00:00:00.00,0,0.270592
1069,2015-12-06,00:00:00.00,0,0.247605
1070,2015-12-07,00:00:00.00,0,0.225861
1071,2015-12-08,00:00:00.00,0.20095,0.205373
1072,2015-12-09,00:00:00.00,0,0.186159
1073,2015-12-10,00:00:00.00,1.2057,0.169249
1074,2015-12-11,00:00:00.00,0.401899,0.154065
1075,2015-12-12,00:00:00.00,0,0.138632
1076,2015-12-13,00:00:00.00,1.2057,0.125073
1077,2015-12-14,00:00:00.00,1.40665,0.116219
1078,2015-12-15,00:00:00.00,14.2674,0.175461
1079,2015-12-16,00:00:00.00,0.602849,0.252501
1080,2015-12-17,00:00:00.00,2.0095,0.270557
1081,2015-12-18,00:00:00.00,0,0.266812
1082,2015-12-19,00:00:00.00,0.401899,0.250137
1083,2015-12-20,00:00:00.00,0.401899,0.231989
1084,2015-12-21,00:00:00.00,2.61235,0.213927
1085,2015-12-22,00:00:00.00,16.4779,0.284313
1086,2015-12-23,00:00:00.00,0.602849,0.374017
1087,2015-12-24,00:00:00.00,1.2057,0.378098
1088,2015-12-25,00:00:00.00,0.20095,0.359518
1089,2015-12-26,00:00:00.00,0,0.333385
1090,2015-12-27,00:00:00.00,7.43514,0.311647
1091,2015-12-28,00:00:00.00,0.20095,0.296669
1092,2015-12-29,00:00:00.00,6.43039,0.280975
1093,2015-12-30,00:00:00.00,6.32992,0.261539
1094,2015-12-31,00:00:00.00,0,0.240705
1095,2016-01-01,00:00:00.00,0.602849,0.219944
1096,2016-01-02,00:00:00.00,4.62184,0.201078
1097,2016-01-03,00:00:00.00,0,0.184095
1098,2016-01-04,00:00:00.00,1.40665,0.168223
1099,2016-01-05,00:00:00.00,0,0.154672
1100,2016-01-06,00:00:00.00,0,0.14326
1101,2016-01-07,00:00:00.00,0,0.131871
1102,2016-01-08,00:00:00.00,0,0.120146
1103,2016-01-09,00:00:00.00,5.82754,0.112802
1104,2016-01-10,00:00:00.00,6.22944,0.168044
1105,2016-01-11,00:00:00.00,10.8513,0.250871
1106,2016-01-12,00:00:00.00,3.51662,0.278048
1107,2016-01-13,00:00:00.00,9.94701,0.272675
1108,2016-01-14,00:00:00.00,7.53561,0.258113
1109,2016-01-15,00:00:00.00,0.401899,0.24117
1110,2016-01-16,00:00:00.00,6.93276,0.223343
1111,2016-01-17,00:00:00.00,2.0095,0.205809
1112,2016-01-18,00:00:00.00,5.62659,0.189882
1113,2016-01-19,00:00:00.00,6.32992,0.175743
1114,2016-01-20,00:00:00.00,0,0.16312
1115,2016-01-21,00:00:00.00,1.50712,0.151379
1116,2016-01-22,00:00:00.00,0,0.140377
1117,2016-01-23,00:00:00.00,0,0.13018
1118,2016-01-24,00:00:00.00,0,0.120832
1119,2016-01-25,00:00:00.00,0,0.112189
1120,2016-01-26,00:00:00.00,1.70807,0.103356
1121,2016-01-27,00:00:00.00,5.02374,0.118633
1122,2016-01-28,00:00:00.00,0.502374,0.1437
1123,2016-01-29,00:00:00.00,8.64084,0.147375
1124,2016-01-30,00:00:00.00,0,0.142443
1125,2016-01-31,00:00:00.00,0,0.133819
1126,2016-02-01,00:00:00.00,6.63134,0.168315
1127,2016-02-02,00:00:00.00,0,0.232882
1128,2016-02-03,00:00:00.00,6.22944,0.285778
1129,2016-02-04,00:00:00.00,2.0095,0.411709
1130,2016-02-05,00:00:00.00,0,0.511981
1131,2016-02-06,00:00:00.00,3.01425,0.498538
1132,2016-02-07,00:00:00.00,0,0.465184
1133,2016-02-08,00:00:00.00,0,0.430423
1134,2016-02-09,00:00:00.00,1.50712,0.429466
1135,2016-02-10,00:00:00.00,0.803799,0.435202
1136,2016-02-11,00:00:00.00,1.80855,0.410763
1137,2016-02-12,00:00:00.00,1.00475,0.382847
1138,2016-02-13,00:00:00.00,2.4114,0.356221
1139,2016-02-14,00:00:00.00,0,0.331287
1140,2016-02-15,00:00:00.00,0,0.308068
1141,2016-02-16,00:00:00.00,1.80855,0.286519
1142,2016-02-17,00:00:00.00,4.82279,0.265035
1143,2016-02-18,00:00:00.00,0,0.243645
1144,2016-02-19,00:00:00.00,0,0.224564
1145,2016-02-20,00:00:00.00,9.24369,0.20673
1146,2016-02-21,00:00:00.00,0.20095,0.293553
1147,2016-02-22,00:00:00.00,0.20095,0.43909
1148,2016-02-23,00:00:00.00,0,0.482909
1149,2016-02-24,00:00:00.00,0,0.461228
1150,2016-02-25,00:00:00.00,12.4589,0.428881
1151,2016-02-26,00:00:00.00,2.0095,0.396527
1152,2016-02-27,00:00:00.00,0,0.366933
1153,2016-02-28,00:00:00.00,0,0.339161
1154,2016-02-29,00:00:00.00,5.62659,0.422476
1155,2016-03-01,00:00:00.00,0,0.520676
1156,2016-03-02,00:00:00.00,15.2722,0.507003
1157,2016-03-03,00:00:00.00,0,0.47523
1158,2016-03-04,00:00:00.00,0,0.442488
1159,2016-03-05,00:00:00.00,0,0.41154
1160,2016-03-06,00:00:00.00,2.61235,0.382597
1161,2016-03-07,00:00:00.00,0,0.35577
1162,2016-03-08,00:00:00.00,0,0.398249
1163,2016-03-09,00:00:00.00,0,0.567154
1164,2016-03-10,00:00:00.00,2.0095,0.684832
1165,2016-03-11,00:00:00.00,4.62184,0.688693
1166,2016-03-12,00:00:00.00,0,0.665927
1167,2016-03-13,00:00:00.00,0,0.622716
1168,2016-03-14,00:00:00.00,4.21994,0.594629
1169,2016-03-15,00:00:00.00,4.82279,0.588037
1170,2016-03-16,00:00:00.00,0.20095,0.572663
1171,2016-03-17,00:00:00.00,9.24369,0.567893
1172,2016-03-18,00:00:00.00,1.2057,0.561431
1173,2016-03-19,00:00:00.00,0,0.522417
1174,2016-03-20,00:00:00.00,0,0.48296
1175,2016-03-21,00:00:00.00,0,0.446781
1176,2016-03-22,00:00:00.00,0,0.411643
1177,2016-03-23,00:00:00.00,2.4114,0.376946
1178,2016-03-24,00:00:00.00,10.0475,0.3869
1179,2016-03-25,00:00:00.00,30.3434,0.407536
1180,2016-03-26,00:00:00.00,0,0.388047
1181,2016-03-27,00:00:00.00,0,0.360265
1182,2016-03-28,00:00:00.00,18.6883,0.52003
1183,2016-03-29,00:00:00.00,4.82279,0.711661
1184,2016-03-30,00:00:00.00,0,0.705332
1185,2016-03-31,00:00:00.00,17.2817,0.716657
1186,2016-04-01,00:00:00.00,27.932,0.826552
1187,2016-04-02,00:00:00.00,1.00475,0.874955
1188,2016-04-03,00:00:00.00,2.61235,0.819556
1189,2016-04-04,00:00:00.00,14.6693,0.764198
1190,2016-04-05,00:00:00.00,0,0.712479
1191,2016-04-06,00:00:00.00,2.0095,0.664287
1192,2016-04-07,00:00:00.00,21.5016,0.628885
1193,2016-04-08,00:00:00.00,1.00475,0.635343
1194,2016-04-09,00:00:00.00,0,0.636512
1195,2016-04-10,00:00:00.00,0,0.598762
1196,2016-04-11,00:00:00.00,5.42564,0.558917
1197,2016-04-12,00:00:00.00,0.401899,0.587956
1198,2016-04-13,00:00:00.00,0,0.663997
1199,2016-04-14,00:00:00.00,0,0.68384
1200,2016-04-15,00:00:00.00,0,0.658393
1201,2016-04-16,00:00:00.00,0,0.613104
1202,2016-04-17,00:00:00.00,0,0.555279
1203,2016-04-18,00:00:00.00,0,0.492529
1204,2016-04-19,00:00:00.00,0,0.431415
1205,2016-04-20,00:00:00.00,0,0.372519
1206,2016-04-21,00:00:00.00,0,0.315606
1207,2016-04-22,00:00:00.00,9.64558,0.283817
1208,2016-04-23,00:00:00.00,0.20095,0.259699
1209,2016-04-24,00:00:00.00,0,0.220265
1210,2016-04-25,00:00:00.00,1.00475,0.177385
1211,2016-04-26,00:00:00.00,20.4969,0.199914
1212,2016-04-27,00:00:00.00,2.0095,0.256923
1213,2016-04-28,00:00:00.00,0,0.257752
1214,2016-04-29,00:00:00.00,0,0.238174
1215,2016-04-30,00:00:00.00,0,0.203641
1216,2016-05-01,00:00:00.00,3.21519,0.155763
1217,2016-05-02,00:00:00.00,0.602849,0.118774
1218,2016-05-03,00:00:00.00,0,0.0987427
1219,2016-05-04,00:00:00.00,0,0.0862702
1220,2016-05-05,00:00:00.00,0,0.0772475
1221,2016-05-06,00:00:00.00,0,0.070406
1222,2016-05-07,00:00:00.00,0,0.0569646
1223,2016-05-08,00:00:00.00,0.401899,0.0460288
1224,2016-05-09,00:00:00.00,0,0.0391774
1225,2016-05-10,00:00:00.00,0,0.0337491
1226,2016-05-11,00:00:00.00,0,0.0294054
1227,2016-05-12,00:00:00.00,0,0.0251753
1228,2016-05-13,00:00:00.00,18.6883,0.0802742
1229,2016-05-14,00:00:00.00,6.02849,0.142779
1230,2016-05-15,00:00:00.00,1.80855,0.146917
1231,2016-05-16,00:00:00.00,0.803799,0.143226
1232,2016-05-17,00:00:00.00,3.01425,0.136278
1233,2016-05-18,00:00:00.00,0,0.128264
1234,2016-05-19,00:00:00.00,0,0.120205
1235,2016-05-20,00:00:00.00,0,0.112391
1236,2016-05-21,00:00:00.00,0,0.0888279
1237,2016-05-22,00:00:00.00,0.20095,0.0585759
1238,2016-05-23,00:00:00.00,0,0.0395162
1239,2016-05-24,00:00:00.00,0,0.02571
1240,2016-05-25,00:00:00.00,0,0.0149618
1241,2016-05-26,00:00:00.00,0,0.00651835
1242,2016-05-27,00:00:00.00,5.02374,-0.000175905
1243,2016-05-28,00:00:00.00,0,-0.00611685
1244,2016-05-29,00:00:00.00,0.602849,-0.0120578
1245,2016-05-30,00:00:00.00,1.00475,-0.0179987
1246,2016-05-31,00:00:00.00,0,-0.0239397
1247,2016-06-01,00:00:00.00,0,-0.0298806
1248,2016-06-02,00:00:00.00,1.00475,-0.0307435
1249,2016-06-03,00:00:00.00,0,-0.0380534
1250,2016-06-04,00:00:00.00,0,-0.0423877
1251,2016-06-05,00:00:00.00,14.0665,-0.0477139
1252,2016-06-06,00:00:00.00,1.40665,-0.0505605
1253,2016-06-07,00:00:00.00,4.01899,-0.0548949
1254,2016-06-08,00:00:00.00,0,-0.0548949
1255,2016-06-09,00:00:00.00,0.401899,-0.0548949
1256,2016-06-10,00:00:00.00,0,-0.0548949
1257,2016-06-11,00:00:00.00,3.81804,-0.0548949
1258,2016-06-12,00:00:00.00,0,-0.0628296
1259,2016-06-13,00:00:00.00,0,-0.0628296
1260,2016-06-14,00:00:00.00,0,-0.0628296
1261,2016-06-15,00:00:00.00,0,-0.0628296
1262,2016-06-16,00:00:00.00,2.61235,-0.0646843
1263,2016-06-17,00:00:00.00,0,-0.0690187
1264,2016-06-18,00:00:00.00,0,-0.0769534
1265,2016-06-19,00:00:00.00,0,-0.0848881
1266,2016-06-20,00:00:00.00,0,-0.0928229
1267,2016-06-21,00:00:00.00,0,-0.100758
1268,2016-06-22,00:00:00.00,0,-0.10162
1269,2016-06-23,00:00:00.00,0,-0.103475
1270,2016-06-24,00:00:00.00,0,-0.106322
1271,2016-06-25,00:00:00.00,0,-0.113632
1272,2016-06-26,00:00:00.00,0,-0.121566
1273,2016-06-27,00:00:00.00,8.03799,-0.129501
1274,2016-06-28,00:00:00.00,0,-0.137436
1275,2016-06-29,00:00:00.00,0.20095,-0.137436
1276,2016-06-30,00:00:00.00,0,-0.140282
1277,2016-07-01,00:00:00.00,0,-0.144121
1278,2016-07-02,00:00:00.00,5.82754,-0.144121
1279,2016-07-03,00:00:00.00,0,-0.144121
1280,2016-07-04,00:00:00.00,0,-0.144121
1281,2016-07-05,00:00:00.00,0,-0.146213
1282,2016-07-06,00:00:00.00,0,-0.152553
1283,2016-07-07,00:00:00.00,0,-0.16105
1284,2016-07-08,00:00:00.00,0,-0.169546
1285,2016-07-09,00:00:00.00,0.803799,-0.178042
1286,2016-07-10,00:00:00.00,4.01899,-0.181728
1287,2016-07-11,00:00:00.00,0,-0.185944
1288,2016-07-12,00:00:00.00,0,-0.192284
1289,2016-07-13,00:00:00.00,0,-0.200781
1290,2016-07-14,00:00:00.00,17.2817,-0.209277
1291,2016-07-15,00:00:00.00,0,-0.217773
1292,2016-07-16,00:00:00.00,1.80855,-0.219334
1293,2016-07-17,00:00:00.00,0,-0.219334
1294,2016-07-18,00:00:00.00,0,-0.219334
1295,2016-07-19,00:00:00.00,0,-0.227831
1296,2016-07-20,00:00:00.00,0,-0.227831
1297,2016-07-21,00:00:00.00,0,-0.228861
1298,2016-07-22,00:00:00.00,0,-0.237357
1299,2016-07-23,00:00:00.00,0,-0.245853
1300,2016-07-24,00:00:00.00,0,-0.25435
1301,2016-07-25,00:00:00.00,16.4779,-0.262283
1302,2016-07-26,00:00:00.00,0,-0.270779
1303,2016-07-27,00:00:00.00,0,-0.279276
1304,2016-07-28,00:00:00.00,0,-0.287772
1305,2016-07-29,00:00:00.00,0,-0.296268
1306,2016-07-30,00:00:00.00,1.2057,-0.304202
1307,2016-07-31,00:00:00.00,2.0095,-0.310542
1308,2016-08-01,00:00:00.00,0,-0.31582
1309,2016-08-02,00:00:00.00,0,-0.323081
1310,2016-08-03,00:00:00.00,0,-0.330341
1311,2016-08-04,00:00:00.00,0,-0.337601
1312,2016-08-05,00:00:00.00,0,-0.344861
1313,2016-08-06,00:00:00.00,4.01899,-0.352121
1314,2016-08-07,00:00:00.00,0,-0.358887
1315,2016-08-08,00:00:00.00,0,-0.366147
1316,2016-08-09,00:00:00.00,0,-0.371552
1317,2016-08-10,00:00:00.00,0,-0.378812
1318,2016-08-11,00:00:00.00,0,-0.386072
1319,2016-08-12,00:00:00.00,13.2627,-0.393332
1320,2016-08-13,00:00:00.00,5.82754,-0.400592
1321,2016-08-14,00:00:00.00,65.3086,-0.277536
1322,2016-08-15,00:00:00.00,0,-0.0863906
1323,2016-08-16,00:00:00.00,10.0475,0.000727039
1324,2016-08-17,00:00:00.00,16.8798,0.0380738
1325,2016-08-18,00:00:00.00,0.803799,0.0462852
1326,2016-08-19,00:00:00.00,0,0.0284291
1327,2016-08-20,00:00:00.00,9.44464,0.0149448
1328,2016-08-21,00:00:00.00,13.4636,0.00714571
1329,2016-08-22,00:00:00.00,0.602849,0.0025294
1330,2016-08-23,00:00:00.00,0,0.00189455
1331,2016-08-24,00:00:00.00,0,-0.000150282
1332,2016-08-25,00:00:00.00,4.82279,-0.00510162
1333,2016-08-26,00:00:00.00,0.20095,-0.0123617
1334,2016-08-27,00:00:00.00,0,-0.0196217
1335,2016-08-28,00:00:00.00,0.20095,-0.0236655
1336,2016-08-29,00:00:00.00,0,-0.0309256
1337,2016-08-30,00:00:00.00,0,-0.0363307
1338,2016-08-31,00:00:00.00,0,-0.041282
1339,2016-09-01,00:00:00.00,0,-0.048542
1340,2016-09-02,00:00:00.00,0,-0.0525792
1341,2016-09-03,00:00:00.00,0,-0.0544459
1342,2016-09-04,00:00:00.00,0,-0.0572428
1343,2016-09-05,00:00:00.00,0,-0.0619001
1344,2016-09-06,00:00:00.00,0,-0.0668614
1345,2016-09-07,00:00:00.00,0,-0.0718226
1346,2016-09-08,00:00:00.00,50.6393,-0.0118384
1347,2016-09-09,00:00:00.00,0.20095,0.062477
1348,2016-09-10,00:00:00.00,0,0.0617731
1349,2016-09-11,00:00:00.00,1.2057,0.0409477
1350,2016-09-12,00:00:00.00,0,0.0283246
1351,2016-09-13,00:00:00.00,0,0.0198795
1352,2016-09-14,00:00:00.00,0,0.0108171
1353,2016-09-15,00:00:00.00,0,0.00457161
1354,2016-09-16,00:00:00.00,0,0.00287644
1355,2016-09-17,00:00:00.00,2.4114,0.000522086
1356,2016-09-18,00:00:00.00,4.82279,-0.00421018
1357,2016-09-19,00:00:00.00,0,-0.00917141
1358,2016-09-20,00:00:00.00,0,-0.0141326
1359,2016-09-21,00:00:00.00,0,-0.0190939
1360,2016-09-22,00:00:00.00,0,-0.0234411
1361,2016-09-23,00:00:00.00,0,-0.0284024
1362,2016-09-24,00:00:00.00,0,-0.0299589
1363,2016-09-25,00:00:00.00,0,-0.0299589
1364,2016-09-26,00:00:00.00,0,-0.0299589
1365,2016-09-27,00:00:00.00,8.03799,-0.0299589
1366,2016-09-28,00:00:00.00,0,-0.0299589
1367,2016-09-29,00:00:00.00,0,-0.0308954
1368,2016-09-30,00:00:00.00,0.803799,-0.0308954
1369,2016-10-01,00:00:00.00,2.21045,-0.032452
1370,2016-10-02,00:00:00.00,3.61709,-0.0349043
1371,2016-10-03,00:00:00.00,5.62659,-0.0373566
1372,2016-10-04,00:00:00.00,0,-0.039809
1373,2016-10-05,00:00:00.00,0,-0.0422613
1374,2016-10-06,00:00:00.00,0.401899,-0.0447136
1375,2016-10-07,00:00:00.00,0,-0.0471659
1376,2016-10-08,00:00:00.00,6.63134,-0.0496183
1377,2016-10-09,00:00:00.00,0,-0.0520706
1378,2016-10-10,00:00:00.00,0.20095,-0.0528756
1379,2016-10-11,00:00:00.00,0,-0.0528756
1380,2016-10-12,00:00:00.00,0,-0.0539871
1381,2016-10-13,00:00:00.00,5.82754,-0.0564394
1382,2016-10-14,00:00:00.00,0,-0.0573977
1383,2016-10-15,00:00:00.00,0,-0.0574363
1384,2016-10-16,00:00:00.00,13.2627,-0.0598886
1385,2016-10-17,00:00:00.00,2.8133,-0.062341
1386,2016-10-18,00:00:00.00,0,-0.0647933
1387,2016-10-19,00:00:00.00,4.01899,-0.0672456
1388,2016-10-20,00:00:00.00,4.01899,-0.069698
1389,2016-10-21,00:00:00.00,13.3632,-0.0673332
1390,2016-10-22,00:00:00.00,2.21045,-0.0605811
1391,2016-10-23,00:00:00.00,0,-0.0562637
1392,2016-10-24,00:00:00.00,0,-0.0524063
1393,2016-10-25,00:00:00.00,0,-0.04896
1394,2016-10-26,00:00:00.00,0,-0.0458808
1395,2016-10-27,00:00:00.00,0,-0.0431297
1396,2016-10-28,00:00:00.00,3.41614,-0.0406718
1397,2016-10-29,00:00:00.00,0.502374,-0.0384758
1398,2016-10-30,00:00:00.00,0,-0.0398919
1399,2016-10-31,00:00:00.00,0.703324,-0.0398919
1400,2016-11-01,00:00:00.00,0,-0.0398919
1401,2016-11-02,00:00:00.00,0,-0.0407484
1402,2016-11-03,00:00:00.00,21.5016,0.0308731
1403,2016-11-04,00:00:00.00,0.401899,0.133718
1404,2016-11-05,00:00:00.00,0,0.169486
1405,2016-11-06,00:00:00.00,0,0.168647
1406,2016-11-07,00:00:00.00,0,0.153272
1407,2016-11-08,00:00:00.00,0,0.132521
1408,2016-11-09,00:00:00.00,0.602849,0.1099
1409,2016-11-10,00:00:00.00,0.20095,0.08702
1410,2016-11-11,00:00:00.00,0.20095,0.0644837
1411,2016-11-12,00:00:00.00,0,0.0465127
1412,2016-11-13,00:00:00.00,0,0.0345645
1413,2016-11-14,00:00:00.00,0,0.0251402
1414,2016-11-15,00:00:00.00,0,0.0180813
1415,2016-11-16,00:00:00.00,0.602849,0.0127941
1416,2016-11-17,00:00:00.00,0.401899,0.00883397
1417,2016-11-18,00:00:00.00,0,0.00586774
1418,2016-11-19,00:00:00.00,0.401899,0.003646
1419,2016-11-20,00:00:00.00,14.6693,0.0343385
1420,2016-11-21,00:00:00.00,0,0.0835025
1421,2016-11-22,00:00:00.00,0,0.107341
1422,2016-11-23,00:00:00.00,0,0.115063
1423,2016-11-24,00:00:00.00,6.02849,0.114421
1424,2016-11-25,00:00:00.00,3.01425,0.10956
1425,2016-11-26,00:00:00.00,1.2057,0.107022
1426,2016-11-27,00:00:00.00,0.803799,0.104095
1427,2016-11-28,00:00:00.00,0,0.0942486
1428,2016-11-29,00:00:00.00,6.83229,0.0934811
1429,2016-11-30,00:00:00.00,0.401899,0.0953274
1430,2016-12-01,00:00:00.00,10.6503,0.119463
1431,2016-12-02,00:00:00.00,2.61235,0.154865
1432,2016-12-03,00:00:00.00,1.2057,0.160422
1433,2016-12-04,00:00:00.00,0,0.153005
1434,2016-12-05,00:00:00.00,9.04274,0.140686
1435,2016-12-06,00:00:00.00,0,0.153359
1436,2016-12-07,00:00:00.00,0,0.175187
1437,2016-12-08,00:00:00.00,0,0.173063
1438,2016-12-09,00:00:00.00,2.0095,0.162945
1439,2016-12-10,00:00:00.00,1.00475,0.151999
1440,2016-12-11,00:00:00.00,1.80855,0.141671
1441,2016-12-12,00:00:00.00,16.076,0.131728
1442,2016-12-13,00:00:00.00,1.00475,0.1208
1443,2016-12-14,00:00:00.00,3.01425,0.110425
1444,2016-12-15,00:00:00.00,14.0665,0.102066
1445,2016-12-16,00:00:00.00,28.133,0.0947418
1446,2016-12-17,00:00:00.00,14.4684,0.0878386
1447,2016-12-18,00:00:00.00,1.00475,0.0813476
1448,2016-12-19,00:00:00.00,0.602849,0.0753594
1449,2016-12-20,00:00:00.00,0,0.0698987
1450,2016-12-21,00:00:00.00,0,0.0649555
1451,2016-12-22,00:00:00.00,1.80855,0.0605012
1452,2016-12-23,00:00:00.00,0,0.0549652
1453,2016-12-24,00:00:00.00,3.01425,0.0485216
1454,2016-12-25,00:00:00.00,0.20095,0.0406904
1455,2016-12-26,00:00:00.00,3.01425,0.0315143
1456,2016-12-27,00:00:00.00,27.1282,0.162299
1457,2016-12-28,00:00:00.00,0.20095,0.332015
1458,2016-12-29,00:00:00.00,10.4494,0.364461
1459,2016-12-30,00:00:00.00,16.076,0.351562
1460,2016-12-31,00:00:00.00,7.63609,0.329087
1461,2017-01-01,00:00:00.00,7.03324,0.305695
1462,2017-01-02,00:00:00.00,0,0.282641
1463,2017-01-03,00:00:00.00,10.0475,0.260737
1464,2017-01-04,00:00:00.00,7.43514,0.277066
1465,2017-01-05,00:00:00.00,1.00475,0.303377
1466,2017-01-06,00:00:00.00,1.00475,0.295251
1467,2017-01-07,00:00:00.00,0,0.278353
1468,2017-01-08,00:00:00.00,1.80855,0.259995
1469,2017-01-09,00:00:00.00,0.602849,0.242271
1470,2017-01-10,00:00:00.00,4.62184,0.225434
1471,2017-01-11,00:00:00.00,21.3007,0.208793
1472,2017-01-12,00:00:00.00,23.5111,0.30105
1473,2017-01-13,00:00:00.00,1.80855,0.435115
1474,2017-01-14,00:00:00.00,0,0.461362
1475,2017-01-15,00:00:00.00,0,0.440061
1476,2017-01-16,00:00:00.00,0,0.410664
1477,2017-01-17,00:00:00.00,3.41614,0.380868
1478,2017-01-18,00:00:00.00,10.0475,0.3526
1479,2017-01-19,00:00:00.00,1.40665,0.326316
1480,2017-01-20,00:00:00.00,0.20095,0.307516
1481,2017-01-21,00:00:00.00,0.904274,0.311316
1482,2017-01-22,00:00:00.00,0,0.369159
1483,2017-01-23,00:00:00.00,1.00475,0.464769
1484,2017-01-24,00:00:00.00,0,0.552952
1485,2017-01-25,00:00:00.00,0,0.582731
1486,2017-01-26,00:00:00.00,2.21045,0.576355
1487,2017-01-27,00:00:00.00,4.62184,0.577537
1488,2017-01-28,00:00:00.00,4.62184,0.556102
1489,2017-01-29,00:00:00.00,6.02849,0.51835
1490,2017-01-30,00:00:00.00,0,0.48088
1491,2017-01-31,00:00:00.00,1.00475,0.446549
1492,2017-02-01,00:00:00.00,2.61235,0.414755
1493,2017-02-02,00:00:00.00,3.01425,0.383899
1494,2017-02-03,00:00:00.00,0,0.354855
1495,2017-02-04,00:00:00.00,3.01425,0.328839
1496,2017-02-05,00:00:00.00,0.401899,0.305055
1497,2017-02-06,00:00:00.00,1.40665,0.281776
1498,2017-02-07,00:00:00.00,0,0.258998
1499,2017-02-08,00:00:00.00,11.2532,0.256702
1500,2017-02-09,00:00:00.00,0,0.260595
1501,2017-02-10,00:00:00.00,0,0.24853
1502,2017-02-11,00:00:00.00,5.02374,0.232447
1503,2017-02-12,00:00:00.00,9.04274,0.214534
1504,2017-02-13,00:00:00.00,14.0665,0.196552
1505,2017-02-14,00:00:00.00,0,0.179086
1506,2017-02-15,00:00:00.00,0,0.162384
1507,2017-02-16,00:00:00.00,0,0.146854
1508,2017-02-17,00:00:00.00,0,0.133582
1509,2017-02-18,00:00:00.00,0,0.12169
1510,2017-02-19,00:00:00.00,0,0.134378
1511,2017-02-20,00:00:00.00,0,0.234947
1512,2017-02-21,00:00:00.00,0,0.350289
1513,2017-02-22,00:00:00.00,7.03324,0.452596
1514,2017-02-23,00:00:00.00,2.0095,0.648768
1515,2017-02-24,00:00:00.00,3.21519,1.17987
1516,2017-02-25,00:00:00.00,13.2627,1.42862
1517,2017-02-26,00:00:00.00,1.00475,1.2604
1518,2017-02-27,00:00:00.00,0,1.20073
1519,2017-02-28,00:00:00.00,0,1.13779
1520,2017-03-01,00:00:00.00,29.4391,1.20806
1521,2017-03-02,00:00:00.00,0.602849,1.24883
1522,2017-03-03,00:00:00.00,2.4114,1.16086
1523,2017-03-04,00:00:00.00,1.00475,1.07825
1524,2017-03-05,00:00:00.00,0,1.0017
1525,2017-03-06,00:00:00.00,0,0.930588
1526,2017-03-07,00:00:00.00,13.8655,0.91939
1527,2017-03-08,00:00:00.00,1.10522,0.917868
1528,2017-03-09,00:00:00.00,0,0.861106
1529,2017-03-10,00:00:00.00,0,0.798614
1530,2017-03-11,00:00:00.00,3.61709,0.740732
1531,2017-03-12,00:00:00.00,1.00475,0.688769
1532,2017-03-13,00:00:00.00,0,0.6408
1533,2017-03-14,00:00:00.00,2.4114,0.596393
1534,2017-03-15,00:00:00.00,0,0.555328
1535,2017-03-16,00:00:00.00,0,0.517216
1536,2017-03-17,00:00:00.00,0,0.481794
1537,2017-03-18,00:00:00.00,2.0095,0.447613
1538,2017-03-19,00:00:00.00,0,0.412458
1539,2017-03-20,00:00:00.00,0,0.407216
1540,2017-03-21,00:00:00.00,2.0095,0.41484
1541,2017-03-22,00:00:00.00,0,0.398246
1542,2017-03-23,00:00:00.00,0,0.374847
1543,2017-03-24,00:00:00.00,7.53561,0.350482
1544,2017-03-25,00:00:00.00,5.02374,0.373147
1545,2017-03-26,00:00:00.00,5.22469,0.420438
1546,2017-03-27,00:00:00.00,7.83704,0.451661
1547,2017-03-28,00:00:00.00,0.401899,0.465027
1548,2017-03-29,00:00:00.00,0,0.445023
1549,2017-03-30,00:00:00.00,0,0.417049
1550,2017-03-31,00:00:00.00,3.01425,0.394048
1551,2017-04-01,00:00:00.00,1.80855,0.371465
1552,2017-04-02,00:00:00.00,0,0.346999
1553,2017-04-03,00:00:00.00,1.00475,0.321386
1554,2017-04-04,00:00:00.00,18.8893,0.367499
1555,2017-04-05,00:00:00.00,9.24369,0.456098
1556,2017-04-06,00:00:00.00,2.0095,0.468939
1557,2017-04-07,00:00:00.00,25.9225,0.532761
1558,2017-04-08,00:00:00.00,0,0.605592
1559,2017-04-09,00:00:00.00,0,0.575247
1560,2017-04-10,00:00:00.00,0,0.520974
1561,2017-04-11,00:00:00.00,8.64084,0.484956
1562,2017-04-12,00:00:00.00,0,0.453707
1563,2017-04-13,00:00:00.00,0,0.412366
1564,2017-04-14,00:00:00.00,0,0.372395
1565,2017-04-15,00:00:00.00,0,0.323631
1566,2017-04-16,00:00:00.00,4.21994,0.270834
1567,2017-04-17,00:00:00.00,1.80855,0.217612
1568,2017-04-18,00:00:00.00,0,0.168135
1569,2017-04-19,00:00:00.00,0.20095,0.133882
1570,2017-04-20,00:00:00.00,1.80855,0.111105
1571,2017-04-21,00:00:00.00,21.3007,0.171326
1572,2017-04-22,00:00:00.00,0,0.246823
1573,2017-04-23,00:00:00.00,0,0.236572
1574,2017-04-24,00:00:00.00,0,0.19626
1575,2017-04-25,00:00:00.00,0.401899,0.146448
1576,2017-04-26,00:00:00.00,4.01899,0.103225
1577,2017-04-27,00:00:00.00,0,0.075321
1578,2017-04-28,00:00:00.00,5.02374,0.0580122
1579,2017-04-29,00:00:00.00,0,0.0468956
1580,2017-04-30,00:00:00.00,2.0095,0.038667
1581,2017-05-01,00:00:00.00,11.2532,0.0580955
1582,2017-05-02,00:00:00.00,11.4541,0.122367
1583,2017-05-03,00:00:00.00,6.63134,0.192112
1584,2017-05-04,00:00:00.00,0,0.224916
1585,2017-05-05,00:00:00.00,31.3482,0.349406
1586,2017-05-06,00:00:00.00,14.6693,0.530888
1587,2017-05-07,00:00:00.00,5.62659,0.600596
1588,2017-05-08,00:00:00.00,0,0.591323
1589,2017-05-09,00:00:00.00,0,0.555263
1590,2017-05-10,00:00:00.00,0,0.518081
1591,2017-05-11,00:00:00.00,0,0.482952
1592,2017-05-12,00:00:00.00,0,0.450356
1593,2017-05-13,00:00:00.00,0,0.419924
1594,2017-05-14,00:00:00.00,0,0.384092
1595,2017-05-15,00:00:00.00,0.20095,0.35094
1596,2017-05-16,00:00:00.00,0,0.321618
1597,2017-05-17,00:00:00.00,0.401899,0.283782
1598,2017-05-18,00:00:00.00,0,0.219456
1599,2017-05-19,00:00:00.00,0.401899,0.14464
1600,2017-05-20,00:00:00.00,0,0.0978361
1601,2017-05-21,00:00:00.00,4.21994,0.0730513
1602,2017-05-22,00:00:00.00,18.0855,0.130951
1603,2017-05-23,00:00:00.00,0.20095,0.20942
1604,2017-05-24,00:00:00.00,0,0.204491
1605,2017-05-25,00:00:00.00,8.64084,0.167773
1606,2017-05-26,00:00:00.00,15.875,0.19588
1607,2017-05-27,00:00:00.00,0.803799,0.225977
1608,2017-05-28,00:00:00.00,0,0.175943
1609,2017-05-29,00:00:00.00,0.401899,0.112759
1610,2017-05-30,00:00:00.00,12.2579,0.096177
1611,2017-05-31,00:00:00.00,5.22469,0.0868911
1612,2017-06-01,00:00:00.00,0,0.0583775
1613,2017-06-02,00:00:00.00,0,0.0445733
1614,2017-06-03,00:00:00.00,0,0.0350445
1615,2017-06-04,00:00:00.00,7.43514,0.0317003
1616,2017-06-05,00:00:00.00,2.21045,0.0256686
1617,2017-06-06,00:00:00.00,0.803799,0.0204923
1618,2017-06-07,00:00:00.00,0,0.0165709
1619,2017-06-08,00:00:00.00,0,0.0135909
1620,2017-06-09,00:00:00.00,0,0.0113176
1621,2017-06-10,00:00:00.00,0,0.00655037
1622,2017-06-11,00:00:00.00,0,-0.00148366
1623,2017-06-12,00:00:00.00,0,-0.00920701
1624,2017-06-13,00:00:00.00,0,-0.0171417
1625,2017-06-14,00:00:00.00,0.803799,-0.0250765
1626,2017-06-15,00:00:00.00,0,-0.0299067
1627,2017-06-16,00:00:00.00,18.2864,-0.0203576
1628,2017-06-17,00:00:00.00,1.40665,-0.0187433
1629,2017-06-18,00:00:00.00,16.076,-0.0171279
1630,2017-06-19,00:00:00.00,7.23419,-0.0155126
1631,2017-06-20,00:00:00.00,5.02374,-0.0218306
1632,2017-06-21,00:00:00.00,15.4731,-0.00244289
1633,2017-06-22,00:00:00.00,0,0.0296898
1634,2017-06-23,00:00:00.00,80.3799,0.711085
1635,2017-06-24,00:00:00.00,1.00475,0.993141
1636,2017-06-25,00:00:00.00,0,0.547168
1637,2017-06-26,00:00:00.00,2.21045,0.465444
1638,2017-06-27,00:00:00.00,0.20095,0.425193
1639,2017-06-28,00:00:00.00,1.40665,0.394175
1640,2017-06-29,00:00:00.00,2.61235,0.36483
1641,2017-06-30,00:00:00.00,12.6598,0.329982
1642,2017-07-01,00:00:00.00,1.40665,0.264696
1643,2017-07-02,00:00:00.00,1.00475,0.181432
1644,2017-07-03,00:00:00.00,0,0.128627
1645,2017-07-04,00:00:00.00,0,0.0990709
1646,2017-07-05,00:00:00.00,0,0.0796035
1647,2017-07-06,00:00:00.00,0,0.0614712
1648,2017-07-07,00:00:00.00,0,0.0406031
1649,2017-07-08,00:00:00.00,0,0.0275566
1650,2017-07-09,00:00:00.00,0,0.0199502
1651,2017-07-10,00:00:00.00,5.22469,0.0141829
1652,2017-07-11,00:00:00.00,0,0.0102761
1653,2017-07-12,00:00:00.00,0,0.00311715
1654,2017-07-13,00:00:00.00,12.2579,-0.0013334
1655,2017-07-14,00:00:00.00,9.64558,0.00724389
1656,2017-07-15,00:00:00.00,0.401899,0.00810472
1657,2017-07-16,00:00:00.00,0,0.00284775
1658,2017-07-17,00:00:00.00,3.41614,0.0012321
1659,2017-07-18,00:00:00.00,0,-0.00422303
1660,2017-07-19,00:00:00.00,0,-0.00897034
1661,2017-07-20,00:00:00.00,0,-0.0174348
1662,2017-07-21,00:00:00.00,8.03799,-0.020058
1663,2017-07-22,00:00:00.00,0,-0.0274604
1664,2017-07-23,00:00:00.00,1.2057,-0.0311457
1665,2017-07-24,00:00:00.00,18.6883,-0.0162188
1666,2017-07-25,00:00:00.00,3.01425,0.0166352
1667,2017-07-26,00:00:00.00,0,0.0399949
1668,2017-07-27,00:00:00.00,3.01425,0.0541285
1669,2017-07-28,00:00:00.00,2.21045,0.0461774
1670,2017-07-29,00:00:00.00,0,0.0345875
1671,2017-07-30,00:00:00.00,0,0.0245412
1672,2017-07-31,00:00:00.00,0,0.0133013
1673,2017-08-01,00:00:00.00,0,0.00488257
1674,2017-08-02,00:00:00.00,0,-0.00307813
1675,2017-08-03,00:00:00.00,0,-0.0102982
1676,2017-08-04,00:00:00.00,2.61235,-0.0175183
1677,2017-08-05,00:00:00.00,1.2057,-0.0229234
1678,2017-08-06,00:00:00.00,0.401899,-0.0229234
1679,2017-08-07,00:00:00.00,2.21045,-0.0229234
1680,2017-08-08,00:00:00.00,1.00475,-0.0229234
1681,2017-08-09,00:00:00.00,0.602849,-0.0229234
1682,2017-08-10,00:00:00.00,0,-0.0269673
1683,2017-08-11,00:00:00.00,0,-0.0314649
1684,2017-08-12,00:00:00.00,3.81804,-0.0355087
1685,2017-08-13,00:00:00.00,0.20095,-0.0372838
1686,2017-08-14,00:00:00.00,0,-0.0390589
1687,2017-08-15,00:00:00.00,2.0095,-0.0417414
1688,2017-08-16,00:00:00.00,0,-0.0448778
1689,2017-08-17,00:00:00.00,0,-0.0484679
1690,2017-08-18,00:00:00.00,8.84179,-0.0502429
1691,2017-08-19,00:00:00.00,0.803799,-0.0542868
1692,2017-08-20,00:00:00.00,0.401899,-0.0542868
1693,2017-08-21,00:00:00.00,0,-0.0574231
1694,2017-08-22,00:00:00.00,0.20095,-0.063282
1695,2017-08-23,00:00:00.00,19.2912,-0.0700082
1696,2017-08-24,00:00:00.00,0,-0.0699322
1697,2017-08-25,00:00:00.00,0,-0.0698643
1698,2017-08-26,00:00:00.00,0,-0.0698036
1699,2017-08-27,00:00:00.00,0,-0.0697494
1700,2017-08-28,00:00:00.00,0,-0.069701
1701,2017-08-29,00:00:00.00,0,-0.0696577
1702,2017-08-30,00:00:00.00,0,-0.0696191
1703,2017-08-31,00:00:00.00,4.92327,-0.0695846
1704,2017-09-01,00:00:00.00,0,-0.0695537
1705,2017-09-02,00:00:00.00,0,-0.0695261
1706,2017-09-03,00:00:00.00,14.4684,-0.0619949
1707,2017-09-04,00:00:00.00,0,-0.0563234
1708,2017-09-05,00:00:00.00,8.03799,-0.0612646
1709,2017-09-06,00:00:00.00,13.2627,-0.0386038
1710,2017-09-07,00:00:00.00,0,0.00685419
1711,2017-09-08,00:00:00.00,4.62184,0.0414199
1712,2017-09-09,00:00:00.00,0,0.0621778
1713,2017-09-10,00:00:00.00,0,0.0719857
1714,2017-09-11,00:00:00.00,0,0.0749208
1715,2017-09-12,00:00:00.00,0,0.0741002
1716,2017-09-13,00:00:00.00,0,0.0603487
1717,2017-09-14,00:00:00.00,0,0.0405955
1718,2017-09-15,00:00:00.00,0,0.0260679
1719,2017-09-16,00:00:00.00,0,0.0151866
1720,2017-09-17,00:00:00.00,0,0.00703633
1721,2017-09-18,00:00:00.00,0,0.000931676
1722,2017-09-19,00:00:00.00,0.602849,-0.00416325
1723,2017-09-20,00:00:00.00,5.02374,-0.00912447
1724,2017-09-21,00:00:00.00,0,-0.0140857
1725,2017-09-22,00:00:00.00,0,-0.0190469
1726,2017-09-23,00:00:00.00,0,-0.0240081
1727,2017-09-24,00:00:00.00,0,-0.0289694
1728,2017-09-25,00:00:00.00,0,-0.0339306
1729,2017-09-26,00:00:00.00,0,-0.0388918
1730,2017-09-27,00:00:00.00,3.21519,-0.043853
1731,2017-09-28,00:00:00.00,0,-0.0488143
1732,2017-09-29,00:00:00.00,0.20095,-0.0488143
1733,2017-09-30,00:00:00.00,4.82279,-0.0488143
1734,2017-10-01,00:00:00.00,0,-0.0488143
1735,2017-10-02,00:00:00.00,0,-0.0500791
1736,2017-10-03,00:00:00.00,0,-0.0525314
1737,2017-10-04,00:00:00.00,0,-0.0549837
1738,2017-10-05,00:00:00.00,4.82279,-0.0574361
1739,2017-10-06,00:00:00.00,0.602849,-0.0598884
1740,2017-10-07,00:00:00.00,3.01425,-0.0623407
1741,2017-10-08,00:00:00.00,8.03799,-0.0647931
1742,2017-10-09,00:00:00.00,9.24369,-0.0672454
1743,2017-10-10,00:00:00.00,0,-0.0696977
1744,2017-10-11,00:00:00.00,0.803799,-0.07215
1745,2017-10-12,00:00:00.00,11.2532,-0.07215
1746,2017-10-13,00:00:00.00,0.301425,-0.072955
1747,2017-10-14,00:00:00.00,1.40665,-0.0754074
1748,2017-10-15,00:00:00.00,17.6836,-0.0501923
1749,2017-10-16,00:00:00.00,9.44464,-0.0126925
1750,2017-10-17,00:00:00.00,0,0.00924197
1751,2017-10-18,00:00:00.00,0,0.0202621
1752,2017-10-19,00:00:00.00,0,0.0179839
1753,2017-10-20,00:00:00.00,0,0.0113299
1754,2017-10-21,00:00:00.00,0,0.00634164
1755,2017-10-22,00:00:00.00,0,0.00260539
1756,2017-10-23,00:00:00.00,0,-0.000217946
1757,2017-10-24,00:00:00.00,13.6646,0.0126649
1758,2017-10-25,00:00:00.00,1.80855,0.0258255
1759,2017-10-26,00:00:00.00,0,0.024989
1760,2017-10-27,00:00:00.00,0,0.0237609
1761,2017-10-28,00:00:00.00,2.61235,0.0220716
1762,2017-10-29,00:00:00.00,3.21519,0.0201829
1763,2017-10-30,00:00:00.00,0.20095,0.0183792
1764,2017-10-31,00:00:00.00,1.2057,0.0166807
1765,2017-11-01,00:00:00.00,0.803799,0.0150979
1766,2017-11-02,00:00:00.00,8.64084,0.0278446
1767,2017-11-03,00:00:00.00,25.1187,0.145505
1768,2017-11-04,00:00:00.00,0,0.27543
1769,2017-11-05,00:00:00.00,5.62659,0.307951
1770,2017-11-06,00:00:00.00,3.41614,0.307166
1771,2017-11-07,00:00:00.00,0,0.286774
1772,2017-11-08,00:00:00.00,0,0.259597
1773,2017-11-09,00:00:00.00,0,0.234947
1774,2017-11-10,00:00:00.00,2.0095,0.213797
1775,2017-11-11,00:00:00.00,0,0.196026
1776,2017-11-12,00:00:00.00,0,0.181255
1777,2017-11-13,00:00:00.00,1.6076,0.168054
1778,2017-11-14,00:00:00.00,0.20095,0.154537
1779,2017-11-15,00:00:00.00,0,0.137826
1780,2017-11-16,00:00:00.00,11.0522,0.161302
1781,2017-11-17,00:00:00.00,1.2057,0.199187
1782,2017-11-18,00:00:00.00,5.42564,0.202012
1783,2017-11-19,00:00:00.00,17.4826,0.286274
1784,2017-11-20,00:00:00.00,3.81804,0.385587
1785,2017-11-21,00:00:00.00,0,0.389681
1786,2017-11-22,00:00:00.00,3.21519,0.389432
1787,2017-11-23,00:00:00.00,0,0.38922
1788,2017-11-24,00:00:00.00,0,0.368256
1789,2017-11-25,00:00:00.00,0.602849,0.340581
1790,2017-11-26,00:00:00.00,0,0.30939
1791,2017-11-27,00:00:00.00,0,0.282334
1792,2017-11-28,00:00:00.00,0,0.260714
1793,2017-11-29,00:00:00.00,0,0.237258
1794,2017-11-30,00:00:00.00,0,0.212944
1795,2017-12-01,00:00:00.00,3.41614,0.19412
1796,2017-12-02,00:00:00.00,0,0.18104
1797,2017-12-03,00:00:00.00,0,0.16843
1798,2017-12-04,00:00:00.00,0,0.153606
1799,2017-12-05,00:00:00.00,7.23419,0.167851
1800,2017-12-06,00:00:00.00,0,0.192292
1801,2017-12-07,00:00:00.00,1.00475,0.190998
1802,2017-12-08,00:00:00.00,0,0.181456
1803,2017-12-09,00:00:00.00,0,0.169963
1804,2017-12-10,00:00:00.00,2.0095,0.158315
1805,2017-12-11,00:00:00.00,6.63134,0.147387
1806,2017-12-12,00:00:00.00,7.03324,0.137133
1807,2017-12-13,00:00:00.00,0,0.127384
1808,2017-12-14,00:00:00.00,1.6076,0.118384
1809,2017-12-15,00:00:00.00,0.401899,0.110199
1810,2017-12-16,00:00:00.00,2.8133,0.102817
1811,2017-12-17,00:00:00.00,0.401899,0.0959526
1812,2017-12-18,00:00:00.00,1.00475,0.0892768
1813,2017-12-19,00:00:00.00,1.2057,0.0824138
1814,2017-12-20,00:00:00.00,0,0.0800195
1815,2017-12-21,00:00:00.00,1.00475,0.080462
1816,2017-12-22,00:00:00.00,7.03324,0.0778106
1817,2017-12-23,00:00:00.00,2.0095,0.0739833
1818,2017-12-24,00:00:00.00,2.0095,0.0694127
1819,2017-12-25,00:00:00.00,6.63134,0.0647299
1820,2017-12-26,00:00:00.00,1.40665,0.0604217
1821,2017-12-27,00:00:00.00,0,0.0564997
1822,2017-12-28,00:00:00.00,0,0.0529532
1823,2017-12-29,00:00:00.00,0.401899,0.0497365
1824,2017-12-30,00:00:00.00,2.61235,0.0465265
1825,2017-12-31,00:00:00.00,0.401899,0.0431341
1826,2018-01-01,00:00:00.00,0,0.0397104
1827,2018-01-02,00:00:00.00,4.42089,0.0363572
1828,2018-01-03,00:00:00.00,0,0.033141
1829,2018-01-04,00:00:00.00,0.803799,0.0301024
1830,2018-01-05,00:00:00.00,0,0.0272639
1831,2018-01-06,00:00:00.00,0,0.0246353
1832,2018-01-07,00:00:00.00,0,0.0222174
1833,2018-01-08,00:00:00.00,7.03324,0.0200051
1834,2018-01-09,00:00:00.00,2.0095,0.0170864
1835,2018-01-10,00:00:00.00,0,0.0132816
1836,2018-01-11,00:00:00.00,6.43039,0.00979441
1837,2018-01-12,00:00:00.00,20.4969,0.177865
1838,2018-01-13,00:00:00.00,6.02849,0.386607
1839,2018-01-14,00:00:00.00,0,0.42249
1840,2018-01-15,00:00:00.00,0,0.407002
1841,2018-01-16,00:00:00.00,5.02374,0.381569
1842,2018-01-17,00:00:00.00,6.43039,0.355285
1843,2018-01-18,00:00:00.00,0,0.330288
1844,2018-01-19,00:00:00.00,0,0.307065
1845,2018-01-20,00:00:00.00,0,0.284633
1846,2018-01-21,00:00:00.00,0,0.262804
1847,2018-01-22,00:00:00.00,2.4114,0.242282
1848,2018-01-23,00:00:00.00,29.7406,0.364599
1849,2018-01-24,00:00:00.00,2.61235,0.534003
1850,2018-01-25,00:00:00.00,0,0.559647
1851,2018-01-26,00:00:00.00,2.0095,0.530004
1852,2018-01-27,00:00:00.00,0,0.493406
1853,2018-01-28,00:00:00.00,0.20095,0.480017
1854,2018-01-29,00:00:00.00,0,0.471413
1855,2018-01-30,00:00:00.00,10.0475,0.441623
1856,2018-01-31,00:00:00.00,0.401899,0.410658
1857,2018-02-01,00:00:00.00,0,0.381764
1858,2018-02-02,00:00:00.00,0,0.353684
1859,2018-02-03,00:00:00.00,0,0.32753
1860,2018-02-04,00:00:00.00,7.03324,0.304033
1861,2018-02-05,00:00:00.00,3.01425,0.281076
1862,2018-02-06,00:00:00.00,0,0.259834
1863,2018-02-07,00:00:00.00,3.01425,0.24132
1864,2018-02-08,00:00:00.00,4.01899,0.224371
1865,2018-02-09,00:00:00.00,1.00475,0.208798
1866,2018-02-10,00:00:00.00,7.23419,0.19453
1867,2018-02-11,00:00:00.00,8.64084,0.180549
1868,2018-02-12,00:00:00.00,1.00475,0.166413
1869,2018-02-13,00:00:00.00,0,0.153448
1870,2018-02-14,00:00:00.00,0,0.142157
1871,2018-02-15,00:00:00.00,8.23894,0.130357
1872,2018-02-16,00:00:00.00,0.401899,0.162972
1873,2018-02-17,00:00:00.00,0,0.210676
1874,2018-02-18,00:00:00.00,0,0.217177
1875,2018-02-19,00:00:00.00,0,0.208053
1876,2018-02-20,00:00:00.00,20.4969,0.320446
1877,2018-02-21,00:00:00.00,17.4826,0.761834
1878,2018-02-22,00:00:00.00,1.80855,0.956079
1879,2018-02-23,00:00:00.00,0,0.794376
1880,2018-02-24,00:00:00.00,4.42089,0.74363
1881,2018-02-25,00:00:00.00,2.4114,0.72107
1882,2018-02-26,00:00:00.00,0,0.749905
1883,2018-02-27,00:00:00.00,0,0.782279
1884,2018-02-28,00:00:00.00,0,0.826101
1885,2018-03-01,00:00:00.00,0,0.898451
1886,2018-03-02,00:00:00.00,0,0.891663
1887,2018-03-03,00:00:00.00,0,0.825438
1888,2018-03-04,00:00:00.00,0,0.763036
1889,2018-03-05,00:00:00.00,0,0.707154
1890,2018-03-06,00:00:00.00,0,0.654968
1891,2018-03-07,00:00:00.00,0.401899,0.607809
1892,2018-03-08,00:00:00.00,1.00475,0.562875
1893,2018-03-09,00:00:00.00,0,0.521543
1894,2018-03-10,00:00:00.00,1.6076,0.483742
1895,2018-03-11,00:00:00.00,0,0.448037
1896,2018-03-12,00:00:00.00,0,0.41609
1897,2018-03-13,00:00:00.00,0.602849,0.386494
1898,2018-03-14,00:00:00.00,0.401899,0.359283
1899,2018-03-15,00:00:00.00,0,0.334627
1900,2018-03-16,00:00:00.00,0.401899,0.310951
1901,2018-03-17,00:00:00.00,0,0.288978
1902,2018-03-18,00:00:00.00,0,0.266702
1903,2018-03-19,00:00:00.00,0,0.24134
1904,2018-03-20,00:00:00.00,0,0.219043
1905,2018-03-21,00:00:00.00,0,0.200427
1906,2018-03-22,00:00:00.00,0,0.181546
1907,2018-03-23,00:00:00.00,0,0.162882
1908,2018-03-24,00:00:00.00,0,0.145767
1909,2018-03-25,00:00:00.00,0,0.131125
1910,2018-03-26,00:00:00.00,0,0.119191
1911,2018-03-27,00:00:00.00,0.602849,0.124115
1912,2018-03-28,00:00:00.00,5.62659,0.159776
1913,2018-03-29,00:00:00.00,0,0.190777
1914,2018-03-30,00:00:00.00,11.6551,0.243901
1915,2018-03-31,00:00:00.00,0,0.294839
1916,2018-04-01,00:00:00.00,13.2627,0.343139
1917,2018-04-02,00:00:00.00,0,0.388688
1918,2018-04-03,00:00:00.00,0,0.379487
1919,2018-04-04,00:00:00.00,25.1187,0.460504
1920,2018-04-05,00:00:00.00,2.0095,0.550802
1921,2018-04-06,00:00:00.00,0,0.534462
1922,2018-04-07,00:00:00.00,7.03324,0.501763
1923,2018-04-08,00:00:00.00,0.401899,0.468565
1924,2018-04-09,00:00:00.00,0.803799,0.43712
1925,2018-04-10,00:00:00.00,2.0095,0.407875
1926,2018-04-11,00:00:00.00,0,0.38057
1927,2018-04-12,00:00:00.00,2.4114,0.355179
1928,2018-04-13,00:00:00.00,1.80855,0.387924
1929,2018-04-14,00:00:00.00,9.84653,0.473423
1930,2018-04-15,00:00:00.00,8.03799,0.504475
1931,2018-04-16,00:00:00.00,30.3434,0.482012
1932,2018-04-17,00:00:00.00,0,0.451763
1933,2018-04-18,00:00:00.00,2.0095,0.421885
1934,2018-04-19,00:00:00.00,0,0.393702
1935,2018-04-20,00:00:00.00,0,0.367427
1936,2018-04-21,00:00:00.00,0,0.342939
1937,2018-04-22,00:00:00.00,0,0.422859
1938,2018-04-23,00:00:00.00,0,0.558072
1939,2018-04-24,00:00:00.00,0,0.594852
1940,2018-04-25,00:00:00.00,8.43989,0.593343
1941,2018-04-26,00:00:00.00,7.43514,0.593868
1942,2018-04-27,00:00:00.00,0,0.560873
1943,2018-04-28,00:00:00.00,1.40665,0.503136
1944,2018-04-29,00:00:00.00,0,0.456419
1945,2018-04-30,00:00:00.00,0,0.420501
1946,2018-05-01,00:00:00.00,0,0.375249
1947,2018-05-02,00:00:00.00,0,0.305863
1948,2018-05-03,00:00:00.00,5.02374,0.218736
1949,2018-05-04,00:00:00.00,12.1575,0.178093
1950,2018-05-05,00:00:00.00,0.401899,0.15391
1951,2018-05-06,00:00:00.00,2.4114,0.108296
1952,2018-05-07,00:00:00.00,2.21045,0.0790382
1953,2018-05-08,00:00:00.00,0,0.0611687
1954,2018-05-09,00:00:00.00,0,0.0492154
1955,2018-05-10,00:00:00.00,2.0095,0.038473
1956,2018-05-11,00:00:00.00,0,0.0300102
1957,2018-05-12,00:00:00.00,0,0.027592
1958,2018-05-13,00:00:00.00,0,0.0254582
1959,2018-05-14,00:00:00.00,0,0.0211161
1960,2018-05-15,00:00:00.00,10.6503,0.0148862
1961,2018-05-16,00:00:00.00,3.81804,0.00894036
1962,2018-05-17,00:00:00.00,0,0.00466405
1963,2018-05-18,00:00:00.00,0,0.000407814
1964,2018-05-19,00:00:00.00,2.0095,0.000455146
1965,2018-05-20,00:00:00.00,7.83704,-0.00194739
1966,2018-05-21,00:00:00.00,0,-0.00540125
1967,2018-05-22,00:00:00.00,5.42564,-0.00808921
1968,2018-05-23,00:00:00.00,0.401899,-0.0103058
1969,2018-05-24,00:00:00.00,0,-0.015803
1970,2018-05-25,00:00:00.00,0,-0.0216311
1971,2018-05-26,00:00:00.00,0,-0.0275721
1972,2018-05-27,00:00:00.00,0,-0.033513
1973,2018-05-28,00:00:00.00,0,-0.039454
1974,2018-05-29,00:00:00.00,0,-0.0453949
1975,2018-05-30,00:00:00.00,0,-0.0513359
1976,2018-05-31,00:00:00.00,1.40665,-0.0572768
1977,2018-06-01,00:00:00.00,3.01425,-0.0632178
1978,2018-06-02,00:00:00.00,0,-0.0711525
1979,2018-06-03,00:00:00.00,0,-0.0725113
1980,2018-06-04,00:00:00.00,16.8798,-0.074366
1981,2018-06-05,00:00:00.00,2.0095,-0.074366
1982,2018-06-06,00:00:00.00,0,-0.074366
1983,2018-06-07,00:00:00.00,0,-0.074366
1984,2018-06-08,00:00:00.00,0,-0.074733
1985,2018-06-09,00:00:00.00,0,-0.0770837
1986,2018-06-10,00:00:00.00,0,-0.0774507
1987,2018-06-11,00:00:00.00,0,-0.081785
1988,2018-06-12,00:00:00.00,0,-0.081785
1989,2018-06-13,00:00:00.00,0.602849,-0.0851275
1990,2018-06-14,00:00:00.00,2.21045,-0.0930622
1991,2018-06-15,00:00:00.00,0,-0.0954129
1992,2018-06-16,00:00:00.00,0,-0.0992513
1993,2018-06-17,00:00:00.00,0,-0.105073
1994,2018-06-18,00:00:00.00,0,-0.113008
1995,2018-06-19,00:00:00.00,1.40665,-0.120943
1996,2018-06-20,00:00:00.00,0,-0.126765
1997,2018-06-21,00:00:00.00,0,-0.133579
1998,2018-06-22,00:00:00.00,0,-0.138905
1999,2018-06-23,00:00:00.00,5.72707,-0.139272
2000,2018-06-24,00:00:00.00,2.21045,-0.139639
2001,2018-06-25,00:00:00.00,15.2722,-0.142982
2002,2018-06-26,00:00:00.00,0,-0.143349
2003,2018-06-27,00:00:00.00,4.01899,-0.144211
2004,2018-06-28,00:00:00.00,2.0095,-0.148546
2005,2018-06-29,00:00:00.00,0,-0.156481
2006,2018-06-30,00:00:00.00,0,-0.164415
2007,2018-07-01,00:00:00.00,0,-0.17235
2008,2018-07-02,00:00:00.00,0,-0.180846
2009,2018-07-03,00:00:00.00,0,-0.189343
2010,2018-07-04,00:00:00.00,0,-0.197839
2011,2018-07-05,00:00:00.00,0,-0.205241
2012,2018-07-06,00:00:00.00,18.4874,-0.213738
2013,2018-07-07,00:00:00.00,0,-0.213738
2014,2018-07-08,00:00:00.00,0,-0.213738
2015,2018-07-09,00:00:00.00,0,-0.217423
2016,2018-07-10,00:00:00.00,0,-0.224294
2017,2018-07-11,00:00:00.00,0,-0.231166
2018,2018-07-12,00:00:00.00,0,-0.233789
2019,2018-07-13,00:00:00.00,0,-0.239598
2020,2018-07-14,00:00:00.00,0,-0.247532
2021,2018-07-15,00:00:00.00,1.80855,-0.254934
2022,2018-07-16,00:00:00.00,0,-0.26343
2023,2018-07-17,00:00:00.00,20.2959,-0.271927
2024,2018-07-18,00:00:00.00,0,-0.276143
2025,2018-07-19,00:00:00.00,0,-0.276143
2026,2018-07-20,00:00:00.00,0,-0.276143
2027,2018-07-21,00:00:00.00,2.91377,-0.282483
2028,2018-07-22,00:00:00.00,3.41614,-0.288824
2029,2018-07-23,00:00:00.00,7.23419,-0.288824
2030,2018-07-24,00:00:00.00,1.40665,-0.296226
2031,2018-07-25,00:00:00.00,0.401899,-0.30469
2032,2018-07-26,00:00:00.00,0,-0.313187
2033,2018-07-27,00:00:00.00,1.2057,-0.317403
2034,2018-07-28,00:00:00.00,1.2057,-0.320557
2035,2018-07-29,00:00:00.00,0.803799,-0.320557
2036,2018-07-30,00:00:00.00,0,-0.320557
2037,2018-07-31,00:00:00.00,0,-0.324243
2038,2018-08-01,00:00:00.00,0,-0.327397
2039,2018-08-02,00:00:00.00,0,-0.334657
2040,2018-08-03,00:00:00.00,0,-0.341423
2041,2018-08-04,00:00:00.00,0,-0.348683
2042,2018-08-05,00:00:00.00,0,-0.355943
2043,2018-08-06,00:00:00.00,0,-0.363203
2044,2018-08-07,00:00:00.00,6.22944,-0.370463
2045,2018-08-08,00:00:00.00,1.00475,-0.377723
2046,2018-08-09,00:00:00.00,2.4114,-0.384983
2047,2018-08-10,00:00:00.00,8.03799,-0.391296
2048,2018-08-11,00:00:00.00,0,-0.394886
2049,2018-08-12,00:00:00.00,0,-0.399384
2050,2018-08-13,00:00:00.00,0,-0.40615
2051,2018-08-14,00:00:00.00,0,-0.41337
2052,2018-08-15,00:00:00.00,0,-0.42063
2053,2018-08-16,00:00:00.00,0,-0.42789
2054,2018-08-17,00:00:00.00,16.2769,-0.43515
2055,2018-08-18,00:00:00.00,9.04274,-0.44241
2056,2018-08-19,00:00:00.00,0,-0.447815
2057,2018-08-20,00:00:00.00,0,-0.452313
2058,2018-08-21,00:00:00.00,0,-0.456357
2059,2018-08-22,00:00:00.00,27.7311,-0.45812
2060,2018-08-23,00:00:00.00,0.20095,-0.451223
2061,2018-08-24,00:00:00.00,0,-0.449651
2062,2018-08-25,00:00:00.00,0,-0.450819
2063,2018-08-26,00:00:00.00,11.2532,-0.452972
2064,2018-08-27,00:00:00.00,0.703324,-0.460216
2065,2018-08-28,00:00:00.00,0,-0.467476
2066,2018-08-29,00:00:00.00,4.21994,-0.474736
2067,2018-08-30,00:00:00.00,0.602849,-0.481996
2068,2018-08-31,00:00:00.00,0,-0.481996
2069,2018-09-01,00:00:00.00,0,-0.481996
2070,2018-09-02,00:00:00.00,0,-0.486957
2071,2018-09-03,00:00:00.00,0.20095,-0.491919
2072,2018-09-04,00:00:00.00,0,-0.49688
2073,2018-09-05,00:00:00.00,0,-0.501841
2074,2018-09-06,00:00:00.00,1.6076,-0.506802
2075,2018-09-07,00:00:00.00,0,-0.511763
2076,2018-09-08,00:00:00.00,0,-0.515491
2077,2018-09-09,00:00:00.00,0,-0.515491
2078,2018-09-10,00:00:00.00,6.22944,-0.515491
2079,2018-09-11,00:00:00.00,5.42564,-0.515491
2080,2018-09-12,00:00:00.00,0,-0.518908
2081,2018-09-13,00:00:00.00,0,-0.522015
2082,2018-09-14,00:00:00.00,0,-0.526976
2083,2018-09-15,00:00:00.00,0,-0.531937
2084,2018-09-16,00:00:00.00,0,-0.536898
2085,2018-09-17,00:00:00.00,0,-0.541859
2086,2018-09-18,00:00:00.00,0,-0.546821
2087,2018-09-19,00:00:00.00,0,-0.551782
2088,2018-09-20,00:00:00.00,0,-0.555199
2089,2018-09-21,00:00:00.00,0,-0.557996
2090,2018-09-22,00:00:00.00,4.01899,-0.562957
2091,2018-09-23,00:00:00.00,0,-0.562957
2092,2018-09-24,00:00:00.00,0,-0.562957
2093,2018-09-25,00:00:00.00,7.83704,-0.562963
2094,2018-09-26,00:00:00.00,9.04274,-0.567311
2095,2018-09-27,00:00:00.00,0,-0.570107
2096,2018-09-28,00:00:00.00,0,-0.570107
2097,2018-09-29,00:00:00.00,4.01899,-0.570107
2098,2018-09-30,00:00:00.00,0.20095,-0.570107
2099,2018-10-01,00:00:00.00,18.6883,-0.569897
2100,2018-10-02,00:00:00.00,10.4494,-0.569603
2101,2018-10-03,00:00:00.00,2.8133,-0.571492
2102,2018-10-04,00:00:00.00,6.83229,-0.573924
2103,2018-10-05,00:00:00.00,0,-0.576376
2104,2018-10-06,00:00:00.00,3.41614,-0.576376
2105,2018-10-07,00:00:00.00,3.41614,-0.578829
2106,2018-10-08,00:00:00.00,7.63609,-0.577697
2107,2018-10-09,00:00:00.00,4.01899,-0.576565
2108,2018-10-10,00:00:00.00,0,-0.579017
2109,2018-10-11,00:00:00.00,1.40665,-0.581469
2110,2018-10-12,00:00:00.00,0.20095,-0.583922
2111,2018-10-13,00:00:00.00,1.2057,-0.583922
2112,2018-10-14,00:00:00.00,0.20095,-0.583922
2113,2018-10-15,00:00:00.00,0.20095,-0.583922
2114,2018-10-16,00:00:00.00,3.81804,-0.583922
2115,2018-10-17,00:00:00.00,0.20095,-0.583922
2116,2018-10-18,00:00:00.00,2.61235,-0.583922
2117,2018-10-19,00:00:00.00,0,-0.583922
2118,2018-10-20,00:00:00.00,2.0095,-0.58396
2119,2018-10-21,00:00:00.00,0,-0.584305
2120,2018-10-22,00:00:00.00,0,-0.584305
2121,2018-10-23,00:00:00.00,0,-0.584305
2122,2018-10-24,00:00:00.00,3.81804,-0.584281
2123,2018-10-25,00:00:00.00,0,-0.584235
2124,2018-10-26,00:00:00.00,0,-0.584193
2125,2018-10-27,00:00:00.00,1.00475,-0.584157
2126,2018-10-28,00:00:00.00,7.43514,-0.557139
2127,2018-10-29,00:00:00.00,1.80855,-0.506017
2128,2018-10-30,00:00:00.00,0,-0.460341
2129,2018-10-31,00:00:00.00,14.8703,-0.336154
2130,2018-11-01,00:00:00.00,8.03799,-0.104762
2131,2018-11-02,00:00:00.00,26.9273,0.232032
2132,2018-11-03,00:00:00.00,1.2057,0.476145
2133,2018-11-04,00:00:00.00,0,0.501156
2134,2018-11-05,00:00:00.00,3.01425,0.480025
2135,2018-11-06,00:00:00.00,3.61709,0.46154
2136,2018-11-07,00:00:00.00,12.8608,0.483902
2137,2018-11-08,00:00:00.00,0.703324,0.502289
2138,2018-11-09,00:00:00.00,0.602849,0.472431
2139,2018-11-10,00:00:00.00,2.0095,0.438826
2140,2018-11-11,00:00:00.00,0,0.407947
2141,2018-11-12,00:00:00.00,0,0.379235
2142,2018-11-13,00:00:00.00,5.02374,0.363006
2143,2018-11-14,00:00:00.00,2.0095,0.351018
2144,2018-11-15,00:00:00.00,18.0855,0.329837
2145,2018-11-16,00:00:00.00,18.0855,0.307582
2146,2018-11-17,00:00:00.00,1.2057,0.286315
2147,2018-11-18,00:00:00.00,0.401899,0.266301
2148,2018-11-19,00:00:00.00,0,0.247817
2149,2018-11-20,00:00:00.00,2.0095,0.230543
2150,2018-11-21,00:00:00.00,0,0.214344
2151,2018-11-22,00:00:00.00,0,0.199569
2152,2018-11-23,00:00:00.00,0,0.185741
2153,2018-11-24,00:00:00.00,0,0.172625
2154,2018-11-25,00:00:00.00,6.43039,0.186619
2155,2018-11-26,00:00:00.00,0.401899,0.236014
2156,2018-11-27,00:00:00.00,9.04274,0.305169
2157,2018-11-28,00:00:00.00,1.00475,0.346627
2158,2018-11-29,00:00:00.00,2.0095,0.339391
2159,2018-11-30,00:00:00.00,0,0.320023
2160,2018-12-01,00:00:00.00,0,0.298927
2161,2018-12-02,00:00:00.00,11.6551,0.301483
2162,2018-12-03,00:00:00.00,7.23419,0.410485
2163,2018-12-04,00:00:00.00,1.00475,0.508265
2164,2018-12-05,00:00:00.00,0,0.495739
2165,2018-12-06,00:00:00.00,1.00475,0.46482
2166,2018-12-07,00:00:00.00,2.0095,0.43225
2167,2018-12-08,00:00:00.00,1.6076,0.401574
2168,2018-12-09,00:00:00.00,0,0.373287
2169,2018-12-10,00:00:00.00,0,0.347059
2170,2018-12-11,00:00:00.00,0,0.322157
2171,2018-12-12,00:00:00.00,1.00475,0.299006
2172,2018-12-13,00:00:00.00,3.61709,0.276882
2173,2018-12-14,00:00:00.00,3.21519,0.255012
2174,2018-12-15,00:00:00.00,4.21994,0.245735
2175,2018-12-16,00:00:00.00,0,0.240414
2176,2018-12-17,00:00:00.00,0,0.224892
2177,2018-12-18,00:00:00.00,0,0.207034
2178,2018-12-19,00:00:00.00,0,0.190281
2179,2018-12-20,00:00:00.00,0,0.174766
2180,2018-12-21,00:00:00.00,18.8893,0.249699
2181,2018-12-22,00:00:00.00,0.803799,0.363843
2182,2018-12-23,00:00:00.00,0,0.391842
2183,2018-12-24,00:00:00.00,2.21045,0.375377
2184,2018-12-25,00:00:00.00,3.01425,0.34957
2185,2018-12-26,00:00:00.00,2.0095,0.324111
2186,2018-12-27,00:00:00.00,0,0.300124
2187,2018-12-28,00:00:00.00,16.2769,0.277051
2188,2018-12-29,00:00:00.00,0.803799,0.286703
2189,2018-12-30,00:00:00.00,1.6076,0.30636
2190,2018-12-31,00:00:00.00,0,0.296733
2191,2019-01-01,00:00:00.00,15.2722,0.277828
2192,2019-01-02,00:00:00.00,0,0.256857
2193,2019-01-03,00:00:00.00,6.02849,0.237491
2194,2019-01-04,00:00:00.00,0,0.219195
2195,2019-01-05,00:00:00.00,0,0.201783
2196,2019-01-06,00:00:00.00,0,0.185282
2197,2019-01-07,00:00:00.00,0,0.169545
2198,2019-01-08,00:00:00.00,7.83704,0.155
2199,2019-01-09,00:00:00.00,0.20095,0.141414
2200,2019-01-10,00:00:00.00,1.00475,0.128403
2201,2019-01-11,00:00:00.00,1.00475,0.11715
2202,2019-01-12,00:00:00.00,0,0.10804
2203,2019-01-13,00:00:00.00,0,0.100194
2204,2019-01-14,00:00:00.00,0,0.0929638
2205,2019-01-15,00:00:00.00,0,0.0860857
2206,2019-01-16,00:00:00.00,1.00475,0.0789656
2207,2019-01-17,00:00:00.00,0.401899,0.0713575
2208,2019-01-18,00:00:00.00,2.0095,0.0645846
2209,2019-01-19,00:00:00.00,0.602849,0.0584689
2210,2019-01-20,00:00:00.00,4.01899,0.0531608
2211,2019-01-21,00:00:00.00,0.401899,0.0489389
2212,2019-01-22,00:00:00.00,0,0.0450981
2213,2019-01-23,00:00:00.00,13.0617,0.0413218
2214,2019-01-24,00:00:00.00,11.856,0.0366341
2215,2019-01-25,00:00:00.00,3.01425,0.0306975
2216,2019-01-26,00:00:00.00,7.03324,0.0251393
2217,2019-01-27,00:00:00.00,5.02374,0.0207475
2218,2019-01-28,00:00:00.00,2.0095,0.0172536
2219,2019-01-29,00:00:00.00,12.057,0.014454
2220,2019-01-30,00:00:00.00,3.61709,0.012194
2221,2019-01-31,00:00:00.00,0.401899,0.0103555
2222,2019-02-01,00:00:00.00,0,0.00884824
2223,2019-02-02,00:00:00.00,0,0.00760293
2224,2019-02-03,00:00:00.00,0,0.00656624
2225,2019-02-04,00:00:00.00,2.0095,0.00727028
2226,2019-02-05,00:00:00.00,13.4636,0.199247
2227,2019-02-06,00:00:00.00,1.00475,0.428937
2228,2019-02-07,00:00:00.00,3.01425,0.461152
2229,2019-02-08,00:00:00.00,1.2057,0.439184
2230,2019-02-09,00:00:00.00,4.42089,0.408971
2231,2019-02-10,00:00:00.00,1.00475,0.379954
2232,2019-02-11,00:00:00.00,4.01899,0.353264
2233,2019-02-12,00:00:00.00,0,0.32762
2234,2019-02-13,00:00:00.00,14.0665,0.302583
2235,2019-02-14,00:00:00.00,6.02849,0.278917
2236,2019-02-15,00:00:00.00,0,0.256478
2237,2019-02-16,00:00:00.00,1.00475,0.235147
2238,2019-02-17,00:00:00.00,0,0.216114
2239,2019-02-18,00:00:00.00,6.63134,0.200076
2240,2019-02-19,00:00:00.00,1.00475,0.185779
2241,2019-02-20,00:00:00.00,0,0.172471
2242,2019-02-21,00:00:00.00,0.401899,0.160347
2243,2019-02-22,00:00:00.00,0,0.147836
2244,2019-02-23,00:00:00.00,0,0.134217
2245,2019-02-24,00:00:00.00,6.63134,0.120414
2246,2019-02-25,00:00:00.00,23.5111,0.128603
2247,2019-02-26,00:00:00.00,1.00475,0.147277
2248,2019-02-27,00:00:00.00,2.61235,0.149482
2249,2019-02-28,00:00:00.00,10.0475,0.144551
2250,2019-03-01,00:00:00.00,0,0.136744
2251,2019-03-02,00:00:00.00,0,0.128093
2252,2019-03-03,00:00:00.00,5.02374,0.119538
2253,2019-03-04,00:00:00.00,0.401899,0.111487
2254,2019-03-05,00:00:00.00,0.401899,0.104094
2255,2019-03-06,00:00:00.00,1.2057,0.0972298
2256,2019-03-07,00:00:00.00,0.602849,0.0905674
2257,2019-03-08,00:00:00.00,0,0.0840813
2258,2019-03-09,00:00:00.00,0,0.0779744
2259,2019-03-10,00:00:00.00,0,0.165674
2260,2019-03-11,00:00:00.00,1.00475,0.400927
2261,2019-03-12,00:00:00.00,0,0.552575
2262,2019-03-13,00:00:00.00,0,0.542369
2263,2019-03-14,00:00:00.00,0,0.504296
2264,2019-03-15,00:00:00.00,17.4826,0.58662
2265,2019-03-16,00:00:00.00,1.00475,0.740219
2266,2019-03-17,00:00:00.00,1.00475,0.767911
2267,2019-03-18,00:00:00.00,0,0.718823
2268,2019-03-19,00:00:00.00,1.2057,0.668103
2269,2019-03-20,00:00:00.00,0,0.619358
2270,2019-03-21,00:00:00.00,6.63134,0.571263
2271,2019-03-22,00:00:00.00,0.602849,0.543497
2272,2019-03-23,00:00:00.00,0,0.524444
2273,2019-03-24,00:00:00.00,0,0.492053
2274,2019-03-25,00:00:00.00,0,0.455024
2275,2019-03-26,00:00:00.00,0,0.417935
2276,2019-03-27,00:00:00.00,0,0.3834
2277,2019-03-28,00:00:00.00,1.00475,0.359321
2278,2019-03-29,00:00:00.00,0.401899,0.398049
2279,2019-03-30,00:00:00.00,16.076,0.746012
2280,2019-03-31,00:00:00.00,22.7073,0.994285
2281,2019-04-01,00:00:00.00,0,0.905359
2282,2019-04-02,00:00:00.00,0.401899,0.83925
2283,2019-04-03,00:00:00.00,0,0.779641
2284,2019-04-04,00:00:00.00,0,0.761219
2285,2019-04-05,00:00:00.00,0.20095,0.747084
2286,2019-04-06,00:00:00.00,1.2057,0.697413
2287,2019-04-07,00:00:00.00,0,0.782746
2288,2019-04-08,00:00:00.00,12.2579,1.06583
2289,2019-04-09,00:00:00.00,0.602849,1.15162
2290,2019-04-10,00:00:00.00,0,1.0301
2291,2019-04-11,00:00:00.00,0,0.961859
2292,2019-04-12,00:00:00.00,0,0.897613
2293,2019-04-13,00:00:00.00,3.01425,0.839994
2294,2019-04-14,00:00:00.00,1.2057,0.788875
2295,2019-04-15,00:00:00.00,15.6741,0.79076
2296,2019-04-16,00:00:00.00,0,0.797487
2297,2019-04-17,00:00:00.00,3.01425,0.758925
2298,2019-04-18,00:00:00.00,0.401899,0.716858
2299,2019-04-19,00:00:00.00,11.2532,0.709558
2300,2019-04-20,00:00:00.00,15.2722,0.756208
2301,2019-04-21,00:00:00.00,12.4589,0.806431
2302,2019-04-22,00:00:00.00,0.20095,0.800798
2303,2019-04-23,00:00:00.00,0,0.743937
2304,2019-04-24,00:00:00.00,7.43514,0.694854
2305,2019-04-25,00:00:00.00,0,0.647483
2306,2019-04-26,00:00:00.00,20.095,0.64747
2307,2019-04-27,00:00:00.00,3.81804,0.657017
2308,2019-04-28,00:00:00.00,0.602849,0.615947
2309,2019-04-29,00:00:00.00,0,0.572688
2310,2019-04-30,00:00:00.00,5.22469,0.544283
2311,2019-05-01,00:00:00.00,12.057,0.557746
2312,2019-05-02,00:00:00.00,3.91852,0.574935
2313,2019-05-03,00:00:00.00,12.1575,0.597506
2314,2019-05-04,00:00:00.00,12.057,0.651725
2315,2019-05-05,00:00:00.00,0,0.662418
2316,2019-05-06,00:00:00.00,0,0.620698
2317,2019-05-07,00:00:00.00,0.401899,0.569965
2318,2019-05-08,00:00:00.00,0,0.52529
2319,2019-05-09,00:00:00.00,0,0.489175
2320,2019-05-10,00:00:00.00,12.3584,0.502029
2321,2019-05-11,00:00:00.00,0,0.521859
2322,2019-05-12,00:00:00.00,0.803799,0.496281
2323,2019-05-13,00:00:00.00,8.54036,0.497135
2324,2019-05-14,00:00:00.00,8.03799,0.532225
2325,2019-05-15,00:00:00.00,0.20095,0.538249
2326,2019-05-16,00:00:00.00,0,0.508848
2327,2019-05-17,00:00:00.00,2.0095,0.48249
2328,2019-05-18,00:00:00.00,0,0.45822
2329,2019-05-19,00:00:00.00,0,0.428961
2330,2019-05-20,00:00:00.00,5.42564,0.388907
2331,2019-05-21,00:00:00.00,0,0.342631
2332,2019-05-22,00:00:00.00,0,0.30454
2333,2019-05-23,00:00:00.00,0.401899,0.279881
2334,2019-05-24,00:00:00.00,3.21519,0.233178
2335,2019-05-25,00:00:00.00,7.63609,0.190074
2336,2019-05-26,00:00:00.00,13.0617,0.191713
2337,2019-05-27,00:00:00.00,0,0.177288
2338,2019-05-28,00:00:00.00,5.42564,0.125351
2339,2019-05-29,00:00:00.00,2.8133,0.0932885
2340,2019-05-30,00:00:00.00,0.602849,0.0724267
2341,2019-05-31,00:00:00.00,0,0.054231
2342,2019-06-01,00:00:00.00,0,0.043624
2343,2019-06-02,00:00:00.00,2.21045,0.0381374
2344,2019-06-03,00:00:00.00,0,0.0339638
2345,2019-06-04,00:00:00.00,0,0.0304973
2346,2019-06-05,00:00:00.00,0.20095,0.0275819
2347,2019-06-06,00:00:00.00,3.81804,0.0250992
2348,2019-06-07,00:00:00.00,0,0.0184708
2349,2019-06-08,00:00:00.00,0,0.0146296
2350,2019-06-09,00:00:00.00,0,0.010055
2351,2019-06-10,00:00:00.00,0.502374,0.00491745
2352,2019-06-11,00:00:00.00,8.64084,0.00412787
2353,2019-06-12,00:00:00.00,0,0.00576547
2354,2019-06-13,00:00:00.00,8.43989,0.0169151
2355,2019-06-14,00:00:00.00,6.83229,0.0446352
2356,2019-06-15,00:00:00.00,0.803799,0.0705247
2357,2019-06-16,00:00:00.00,0.401899,0.0825329
2358,2019-06-17,00:00:00.00,0,0.0863054
2359,2019-06-18,00:00:00.00,0,0.0803142
2360,2019-06-19,00:00:00.00,0,0.059506
2361,2019-06-20,00:00:00.00,0.803799,0.0382251
2362,2019-06-21,00:00:00.00,7.23419,0.0254922
2363,2019-06-22,00:00:00.00,0,0.0188103
2364,2019-06-23,00:00:00.00,0,0.0128324
2365,2019-06-24,00:00:00.00,0,0.00553813
2366,2019-06-25,00:00:00.00,10.8513,0.00604984
2367,2019-06-26,00:00:00.00,0,0.00599942
2368,2019-06-27,00:00:00.00,0,-0.00279623
2369,2019-06-28,00:00:00.00,0,-0.010731
2370,2019-06-29,00:00:00.00,10.6503,-0.0186657
2371,2019-06-30,00:00:00.00,0,-0.0266004
2372,2019-07-01,00:00:00.00,0,-0.0324225
2373,2019-07-02,00:00:00.00,0,-0.0345147
2374,2019-07-03,00:00:00.00,2.61235,-0.037138
2375,2019-07-04,00:00:00.00,0,-0.0456343
2376,2019-07-05,00:00:00.00,0,-0.0541306
2377,2019-07-06,00:00:00.00,0,-0.0626269
2378,2019-07-07,00:00:00.00,0,-0.0711232
2379,2019-07-08,00:00:00.00,0,-0.0758705
2380,2019-07-09,00:00:00.00,0,-0.0784937
2381,2019-07-10,00:00:00.00,0,-0.081648
2382,2019-07-11,00:00:00.00,4.01899,-0.0901124
2383,2019-07-12,00:00:00.00,0,-0.0985768
2384,2019-07-13,00:00:00.00,0,-0.0985768
2385,2019-07-14,00:00:00.00,0,-0.102793
2386,2019-07-15,00:00:00.00,0,-0.104354
2387,2019-07-16,00:00:00.00,1.6076,-0.106447
2388,2019-07-17,00:00:00.00,4.62184,-0.11438
2389,2019-07-18,00:00:00.00,2.0095,-0.122876
2390,2019-07-19,00:00:00.00,0,-0.131373
2391,2019-07-20,00:00:00.00,0,-0.139869
2392,2019-07-21,00:00:00.00,8.03799,-0.148365
2393,2019-07-22,00:00:00.00,0,-0.156861
2394,2019-07-23,00:00:00.00,1.2057,-0.160016
2395,2019-07-24,00:00:00.00,0,-0.160016
2396,2019-07-25,00:00:00.00,0,-0.161046
2397,2019-07-26,00:00:00.00,0,-0.1642
2398,2019-07-27,00:00:00.00,0,-0.17054
2399,2019-07-28,00:00:00.00,0,-0.176881
2400,2019-07-29,00:00:00.00,0,-0.185377
2401,2019-07-30,00:00:00.00,12.057,-0.193873
2402,2019-07-31,00:00:00.00,0,-0.20237
2403,2019-08-01,00:00:00.00,0,-0.2034
2404,2019-08-02,00:00:00.00,0,-0.205175
2405,2019-08-03,00:00:00.00,0,-0.209673
2406,2019-08-04,00:00:00.00,0,-0.215531
2407,2019-08-05,00:00:00.00,0,-0.221844
2408,2019-08-06,00:00:00.00,2.61235,-0.228157
2409,2019-08-07,00:00:00.00,6.83229,-0.233108
2410,2019-08-08,00:00:00.00,0,-0.239874
2411,2019-08-09,00:00:00.00,10.0475,-0.242103
2412,2019-08-10,00:00:00.00,0,-0.242517
2413,2019-08-11,00:00:00.00,0,-0.242517
2414,2019-08-12,00:00:00.00,2.0095,-0.242931
2415,2019-08-13,00:00:00.00,0,-0.246067
2416,2019-08-14,00:00:00.00,0,-0.25238
2417,2019-08-15,00:00:00.00,0,-0.255516
2418,2019-08-16,00:00:00.00,0,-0.255516
2419,2019-08-17,00:00:00.00,20.095,-0.255476
2420,2019-08-18,00:00:00.00,2.21045,-0.262695
2421,2019-08-19,00:00:00.00,45.0127,-0.1496
2422,2019-08-20,00:00:00.00,0,0.0198377
2423,2019-08-21,00:00:00.00,2.0095,0.0794532
2424,2019-08-22,00:00:00.00,0.803799,0.0681486
2425,2019-08-23,00:00:00.00,0,0.0488582
2426,2019-08-24,00:00:00.00,0,0.0366453
2427,2019-08-25,00:00:00.00,0,0.0274924
2428,2019-08-26,00:00:00.00,0,0.020632
2429,2019-08-27,00:00:00.00,2.8133,0.0151211
2430,2019-08-28,00:00:00.00,32.7548,0.0896169
2431,2019-08-29,00:00:00.00,0,0.185299
2432,2019-08-30,00:00:00.00,0.602849,0.209124
2433,2019-08-31,00:00:00.00,0,0.208548
2434,2019-09-01,00:00:00.00,0,0.199363
2435,2019-09-02,00:00:00.00,2.0095,0.187476
2436,2019-09-03,00:00:00.00,0,0.152823
2437,2019-09-04,00:00:00.00,1.40665,0.104055
2438,2019-09-05,00:00:00.00,0,0.0692426
2439,2019-09-06,00:00:00.00,0,0.0493187
2440,2019-09-07,00:00:00.00,1.50712,0.0369403
2441,2019-09-08,00:00:00.00,2.0095,0.025494
2442,2019-09-09,00:00:00.00,0,0.0190954
2443,2019-09-10,00:00:00.00,0,0.0143027
2444,2019-09-11,00:00:00.00,26.1235,0.0847247
2445,2019-09-12,00:00:00.00,5.02374,0.160373
2446,2019-09-13,00:00:00.00,0.20095,0.15714
2447,2019-09-14,00:00:00.00,10.8513,0.158541
2448,2019-09-15,00:00:00.00,0,0.156542
2449,2019-09-16,00:00:00.00,9.44464,0.157517
2450,2019-09-17,00:00:00.00,3.61709,0.168545
2451,2019-09-18,00:00:00.00,0,0.150569
2452,2019-09-19,00:00:00.00,0,0.1108
2453,2019-09-20,00:00:00.00,0,0.0729638
2454,2019-09-21,00:00:00.00,0,0.0479248
2455,2019-09-22,00:00:00.00,2.21045,0.0315577
2456,2019-09-23,00:00:00.00,1.6076,0.0192985
2457,2019-09-24,00:00:00.00,1.6076,0.0101162
2458,2019-09-25,00:00:00.00,0,0.00675824
2459,2019-09-26,00:00:00.00,1.6076,0.00261611
2460,2019-09-27,00:00:00.00,0,0.000598256
2461,2019-09-28,00:00:00.00,3.81804,0.000448101
2462,2019-09-29,00:00:00.00,3.01425,0.000335634
2463,2019-09-30,00:00:00.00,0.20095,0.000251394
2464,2019-10-01,00:00:00.00,0,0.000188297
2465,2019-10-02,00:00:00.00,13.5641,0.0236424
2466,2019-10-03,00:00:00.00,2.4114,0.0497796
2467,2019-10-04,00:00:00.00,2.4114,0.0529531
2468,2019-10-05,00:00:00.00,0,0.0528983
2469,2019-10-06,00:00:00.00,1.2057,0.0513701
2470,2019-10-07,00:00:00.00,0,0.0420432
2471,2019-10-08,00:00:00.00,0,0.0293463
2472,2019-10-09,00:00:00.00,0,0.0202045
2473,2019-10-10,00:00:00.00,0,0.0132232
2474,2019-10-11,00:00:00.00,0,0.00799404
2475,2019-10-12,00:00:00.00,5.62659,0.00384306
2476,2019-10-13,00:00:00.00,0,0.00230858
2477,2019-10-14,00:00:00.00,0,0.00156134
2478,2019-10-15,00:00:00.00,0,0.00116946
2479,2019-10-16,00:00:00.00,8.23894,0.00456642
2480,2019-10-17,00:00:00.00,9.04274,0.0294181
2481,2019-10-18,00:00:00.00,0.401899,0.0621806
2482,2019-10-19,00:00:00.00,0,0.0792651
2483,2019-10-20,00:00:00.00,0,0.0856766
2484,2019-10-21,00:00:00.00,0,0.0794597
2485,2019-10-22,00:00:00.00,9.84653,0.08667
2486,2019-10-23,00:00:00.00,1.00475,0.0968069
2487,2019-10-24,00:00:00.00,0.803799,0.0890046
2488,2019-10-25,00:00:00.00,0,0.0790042
2489,2019-10-26,00:00:00.00,0,0.0696997
2490,2019-10-27,00:00:00.00,31.1472,0.193409
2491,2019-10-28,00:00:00.00,4.42089,0.358762
2492,2019-10-29,00:00:00.00,0,0.390531
2493,2019-10-30,00:00:00.00,0.401899,0.372974
2494,2019-10-31,00:00:00.00,22.5064,0.432199
2495,2019-11-01,00:00:00.00,23.1092,0.586076
2496,2019-11-02,00:00:00.00,0,0.656959
2497,2019-11-03,00:00:00.00,2.8133,0.628873
2498,2019-11-04,00:00:00.00,3.21519,0.599258
2499,2019-11-05,00:00:00.00,1.40665,0.565119
2500,2019-11-06,00:00:00.00,0,0.521731
2501,2019-11-07,00:00:00.00,5.22469,0.481388
2502,2019-11-08,00:00:00.00,0,0.446938
2503,2019-11-09,00:00:00.00,0,0.415396
2504,2019-11-10,00:00:00.00,0,0.386097
2505,2019-11-11,00:00:00.00,0.803799,0.358994
2506,2019-11-12,00:00:00.00,14.0665,0.333796
2507,2019-11-13,00:00:00.00,2.0095,0.310383
2508,2019-11-14,00:00:00.00,2.0095,0.288671
2509,2019-11-15,00:00:00.00,0,0.26843
2510,2019-11-16,00:00:00.00,0,0.249791
2511,2019-11-17,00:00:00.00,0,0.232396
2512,2019-11-18,00:00:00.00,1.00475,0.216033
2513,2019-11-19,00:00:00.00,7.83704,0.201106
2514,2019-11-20,00:00:00.00,0,0.189121
2515,2019-11-21,00:00:00.00,0,0.216271
2516,2019-11-22,00:00:00.00,8.64084,0.331178
2517,2019-11-23,00:00:00.00,0.602849,0.424322
2518,2019-11-24,00:00:00.00,0,0.424474
2519,2019-11-25,00:00:00.00,0,0.401235
2520,2019-11-26,00:00:00.00,0.20095,0.40447
2521,2019-11-27,00:00:00.00,3.51662,0.430647
2522,2019-11-28,00:00:00.00,15.4731,0.490323
2523,2019-11-29,00:00:00.00,0,0.53269
2524,2019-11-30,00:00:00.00,0,0.508034
2525,2019-12-01,00:00:00.00,1.2057,0.474405
2526,2019-12-02,00:00:00.00,6.63134,0.441393
2527,2019-12-03,00:00:00.00,0,0.410231
2528,2019-12-04,00:00:00.00,2.0095,0.381143
2529,2019-12-05,00:00:00.00,4.01899,0.354335
2530,2019-12-06,00:00:00.00,5.02374,0.328774
2531,2019-12-07,00:00:00.00,2.21045,0.304274
2532,2019-12-08,00:00:00.00,0,0.281972
2533,2019-12-09,00:00:00.00,9.04274,0.261197
2534,2019-12-10,00:00:00.00,10.2484,0.317332
2535,2019-12-11,00:00:00.00,1.2057,0.388511
2536,2019-12-12,00:00:00.00,0,0.383883
2537,2019-12-13,00:00:00.00,0,0.362321
2538,2019-12-14,00:00:00.00,0.20095,0.338008
2539,2019-12-15,00:00:00.00,8.03799,0.313221
2540,2019-12-16,00:00:00.00,2.0095,0.289727
2541,2019-12-17,00:00:00.00,0,0.26869
2542,2019-12-18,00:00:00.00,6.02849,0.249799
2543,2019-12-19,00:00:00.00,1.00475,0.232328
2544,2019-12-20,00:00:00.00,2.0095,0.215943
2545,2019-12-21,00:00:00.00,0,0.201016
2546,2019-12-22,00:00:00.00,0,0.187119
2547,2019-12-23,00:00:00.00,0,0.172571
2548,2019-12-24,00:00:00.00,0,0.173263
2549,2019-12-25,00:00:00.00,0,0.18063
2550,2019-12-26,00:00:00.00,0,0.174318
2551,2019-12-27,00:00:00.00,0.401899,0.188265
2552,2019-12-28,00:00:00.00,0.401899,0.250813
2553,2019-12-29,00:00:00.00,0,0.303675
2554,2019-12-30,00:00:00.00,9.44464,0.306881
2555,2019-12-31,00:00:00.00,3.61709,0.316664
2556,2020-01-01,00:00:00.00,2.0095,0.327627
2557,2020-01-02,00:00:00.00,0,0.312276
2558,2020-01-03,00:00:00.00,0,0.291206
2559,2020-01-04,00:00:00.00,0,0.291096
2560,2020-01-05,00:00:00.00,1.00475,0.296842
2561,2020-01-06,00:00:00.00,8.03799,0.282396
2562,2020-01-07,00:00:00.00,0,0.263033
2563,2020-01-08,00:00:00.00,5.02374,0.243388
2564,2020-01-09,00:00:00.00,2.0095,0.224966
2565,2020-01-10,00:00:00.00,0,0.208138
2566,2020-01-11,00:00:00.00,30.9463,0.19219
2567,2020-01-12,00:00:00.00,60.8878,1.02243
2568,2020-01-13,00:00:00.00,1.00475,1.27675
2569,2020-01-14,00:00:00.00,0,0.656712
2570,2020-01-15,00:00:00.00,0,0.597137
2571,2020-01-16,00:00:00.00,3.01425,0.553085
2572,2020-01-17,00:00:00.00,2.0095,0.513411
2573,2020-01-18,00:00:00.00,0.602849,0.477484
2574,2020-01-19,00:00:00.00,22.1045,0.44484
2575,2020-01-20,00:00:00.00,0.20095,0.414251
2576,2020-01-21,00:00:00.00,0,0.385839
2577,2020-01-22,00:00:00.00,0,0.359758
2578,2020-01-23,00:00:00.00,0,0.334995
2579,2020-01-24,00:00:00.00,0,0.311041
2580,2020-01-25,00:00:00.00,13.6646,0.288217
2581,2020-01-26,00:00:00.00,1.2057,0.266705
2582,2020-01-27,00:00:00.00,2.0095,0.246665
2583,2020-01-28,00:00:00.00,0,0.227846
2584,2020-01-29,00:00:00.00,0,0.210182
2585,2020-01-30,00:00:00.00,0,0.193966
2586,2020-01-31,00:00:00.00,0,0.179157
2587,2020-02-01,00:00:00.00,0.602849,0.165499
2588,2020-02-02,00:00:00.00,4.01899,0.152099
2589,2020-02-03,00:00:00.00,7.03324,0.138427
2590,2020-02-04,00:00:00.00,0,0.124792
2591,2020-02-05,00:00:00.00,0,0.11179
2592,2020-02-06,00:00:00.00,3.01425,0.100899
2593,2020-02-07,00:00:00.00,4.01899,0.0921186
2594,2020-02-08,00:00:00.00,0.602849,0.0835428
2595,2020-02-09,00:00:00.00,3.01425,0.0758148
2596,2020-02-10,00:00:00.00,12.057,0.069656
2597,2020-02-11,00:00:00.00,0,0.0629078
2598,2020-02-12,00:00:00.00,0,0.0548712
2599,2020-02-13,00:00:00.00,3.01425,0.0462444
2600,2020-02-14,00:00:00.00,2.0095,0.038178
2601,2020-02-15,00:00:00.00,0,0.0319622
2602,2020-02-16,00:00:00.00,3.01425,0.0271298
2603,2020-02-17,00:00:00.00,0,0.0232631
2604,2020-02-18,00:00:00.00,5.02374,0.0202205
2605,2020-02-19,00:00:00.00,0,0.0177391
2606,2020-02-20,00:00:00.00,0.602849,0.0158845
2607,2020-02-21,00:00:00.00,0,0.0145173
2608,2020-02-22,00:00:00.00,0,0.0134015
2609,2020-02-23,00:00:00.00,0,0.01226
2610,2020-02-24,00:00:00.00,0,0.0112777
2611,2020-02-25,00:00:00.00,11.0522,0.0185794
2612,2020-02-26,00:00:00.00,3.01425,0.0416497
2613,2020-02-27,00:00:00.00,7.03324,0.063708
2614,2020-02-28,00:00:00.00,3.01425,0.0725169
2615,2020-02-29,00:00:00.00,5.02374,0.0741782
2616,2020-03-01,00:00:00.00,0,0.0726179
2617,2020-03-02,00:00:00.00,0,0.0697212
2618,2020-03-03,00:00:00.00,0,0.0627037
2619,2020-03-04,00:00:00.00,2.0095,0.0506277
2620,2020-03-05,00:00:00.00,0,0.0385687
2621,2020-03-06,00:00:00.00,3.01425,0.0299093
2622,2020-03-07,00:00:00.00,0,0.023503
2623,2020-03-08,00:00:00.00,0,0.0189083
2624,2020-03-09,00:00:00.00,0,0.0150459
2625,2020-03-10,00:00:00.00,15.4731,0.212919
2626,2020-03-11,00:00:00.00,4.21994,0.576453
2627,2020-03-12,00:00:00.00,0,0.731931
2628,2020-03-13,00:00:00.00,4.21994,0.729038
2629,2020-03-14,00:00:00.00,0,0.717734
2630,2020-03-15,00:00:00.00,0,0.675455
2631,2020-03-16,00:00:00.00,0,0.625428
2632,2020-03-17,00:00:00.00,1.00475,0.578223
2633,2020-03-18,00:00:00.00,0,0.532482
2634,2020-03-19,00:00:00.00,0.20095,0.489465
2635,2020-03-20,00:00:00.00,5.02374,0.576241
2636,2020-03-21,00:00:00.00,3.61709,1.09164
2637,2020-03-22,00:00:00.00,0,1.22159
2638,2020-03-23,00:00:00.00,5.02374,0.911317
2639,2020-03-24,00:00:00.00,4.42089,0.848244
2640,2020-03-25,00:00:00.00,0,0.833388
2641,2020-03-26,00:00:00.00,0,0.921571
2642,2020-03-27,00:00:00.00,0,0.980637
2643,2020-03-28,00:00:00.00,0,0.936422
2644,2020-03-29,00:00:00.00,15.0712,0.927461
2645,2020-03-30,00:00:00.00,14.5689,0.974365
2646,2020-03-31,00:00:00.00,0.20095,0.965994
2647,2020-04-01,00:00:00.00,1.2057,0.904352
2648,2020-04-02,00:00:00.00,0,0.846457
2649,2020-04-03,00:00:00.00,0,0.789369
2650,2020-04-04,00:00:00.00,0,0.735489
2651,2020-04-05,00:00:00.00,0,0.684235
2652,2020-04-06,00:00:00.00,0,0.636583
2653,2020-04-07,00:00:00.00,0,0.59335
2654,2020-04-08,00:00:00.00,4.82279,0.559533
2655,2020-04-09,00:00:00.00,8.64084,0.544822
2656,2020-04-10,00:00:00.00,0.803799,0.527648
2657,2020-04-11,00:00:00.00,0,0.495333
2658,2020-04-12,00:00:00.00,0,0.463596
2659,2020-04-13,00:00:00.00,5.82754,0.43394
2660,2020-04-14,00:00:00.00,0,0.395961
2661,2020-04-15,00:00:00.00,0,0.357601
2662,2020-04-16,00:00:00.00,0,0.331279
2663,2020-04-17,00:00:00.00,0,0.309042
2664,2020-04-18,00:00:00.00,0,0.288922
2665,2020-04-19,00:00:00.00,0,0.270239
2666,2020-04-20,00:00:00.00,2.4114,0.238088
2667,2020-04-21,00:00:00.00,1.30617,0.206617
2668,2020-04-22,00:00:00.00,1.00475,0.187624
2669,2020-04-23,00:00:00.00,0,0.173408
2670,2020-04-24,00:00:00.00,0,0.161581
2671,2020-04-25,00:00:00.00,0,0.149608
2672,2020-04-26,00:00:00.00,0,0.127429
2673,2020-04-27,00:00:00.00,0,0.102959
2674,2020-04-28,00:00:00.00,0.602849,0.0842559
2675,2020-04-29,00:00:00.00,0.20095,0.0684701
2676,2020-04-30,00:00:00.00,8.43989,0.075883
2677,2020-05-01,00:00:00.00,14.0665,0.130112
2678,2020-05-02,00:00:00.00,0,0.184411
2679,2020-05-03,00:00:00.00,1.6076,0.198678
2680,2020-05-04,00:00:00.00,0,0.193788
2681,2020-05-05,00:00:00.00,0,0.182402
2682,2020-05-06,00:00:00.00,0,0.170876
2683,2020-05-07,00:00:00.00,0,0.159972
2684,2020-05-08,00:00:00.00,0,0.149944
2685,2020-05-09,00:00:00.00,5.02374,0.15068
2686,2020-05-10,00:00:00.00,2.0095,0.155475
2687,2020-05-11,00:00:00.00,7.63609,0.186568
2688,2020-05-12,00:00:00.00,0,0.224889
2689,2020-05-13,00:00:00.00,0,0.228563
2690,2020-05-14,00:00:00.00,0,0.219959
2691,2020-05-15,00:00:00.00,3.61709,0.216666
2692,2020-05-16,00:00:00.00,3.51662,0.225399
2693,2020-05-17,00:00:00.00,0,0.220646
2694,2020-05-18,00:00:00.00,18.2864,0.279913
2695,2020-05-19,00:00:00.00,9.64558,0.394637
2696,2020-05-20,00:00:00.00,0,0.42216
2697,2020-05-21,00:00:00.00,0,0.380439
2698,2020-05-22,00:00:00.00,0,0.323033
2699,2020-05-23,00:00:00.00,0,0.247515
2700,2020-05-24,00:00:00.00,0,0.162139
2701,2020-05-25,00:00:00.00,0,0.0988327
2702,2020-05-26,00:00:00.00,0.20095,0.0655012
2703,2020-05-27,00:00:00.00,0,0.0450209
2704,2020-05-28,00:00:00.00,0,0.0308343
2705,2020-05-29,00:00:00.00,6.73181,0.0197662
2706,2020-05-30,00:00:00.00,9.14321,0.0110493
2707,2020-05-31,00:00:00.00,0,0.00845101
2708,2020-06-01,00:00:00.00,0,0.00742787
2709,2020-06-02,00:00:00.00,1.00475,0.0066231
2710,2020-06-03,00:00:00.00,4.01899,0.002061
2711,2020-06-04,00:00:00.00,0,-0.00240097
2712,2020-06-05,00:00:00.00,0,-0.0100951
2713,2020-06-06,00:00:00.00,0,-0.0180298
2714,2020-06-07,00:00:00.00,0,-0.0238519
2715,2020-06-08,00:00:00.00,0,-0.0238519
2716,2020-06-09,00:00:00.00,0,-0.0262026
2717,2020-06-10,00:00:00.00,11.4541,-0.0341373
2718,2020-06-11,00:00:00.00,19.0902,-0.0370196
2719,2020-06-12,00:00:00.00,0,-0.0326571
2720,2020-06-13,00:00:00.00,0,-0.0323294
2721,2020-06-14,00:00:00.00,0,-0.0320366
2722,2020-06-15,00:00:00.00,0,-0.0317751
2723,2020-06-16,00:00:00.00,0,-0.0315414
2724,2020-06-17,00:00:00.00,0,-0.0313326
2725,2020-06-18,00:00:00.00,0,-0.0360643
2726,2020-06-19,00:00:00.00,0,-0.0439991
2727,2020-06-20,00:00:00.00,22.5064,-0.0304207
2728,2020-06-21,00:00:00.00,2.71282,-0.0168422
2729,2020-06-22,00:00:00.00,0.401899,-0.024777
2730,2020-06-23,00:00:00.00,0.20095,-0.0327117
2731,2020-06-24,00:00:00.00,20.6978,-0.0355109
2732,2020-06-25,00:00:00.00,0.20095,-0.025787
2733,2020-06-26,00:00:00.00,0,-0.0225189
2734,2020-06-27,00:00:00.00,0.803799,-0.0283025
2735,2020-06-28,00:00:00.00,18.2864,-0.0260695
2736,2020-06-29,00:00:00.00,0,-0.0202361
2737,2020-06-30,00:00:00.00,0,-0.0281708
2738,2020-07-01,00:00:00.00,0,-0.0361055
2739,2020-07-02,00:00:00.00,0,-0.04457
2740,2020-07-03,00:00:00.00,0,-0.0530663
2741,2020-07-04,00:00:00.00,0,-0.0615626
2742,2020-07-05,00:00:00.00,0,-0.0700589
2743,2020-07-06,00:00:00.00,0,-0.0785552
2744,2020-07-07,00:00:00.00,0,-0.0870515
2745,2020-07-08,00:00:00.00,0,-0.0955478
2746,2020-07-09,00:00:00.00,0,-0.104044
2747,2020-07-10,00:00:00.00,0,-0.11254
2748,2020-07-11,00:00:00.00,7.63609,-0.121037
2749,2020-07-12,00:00:00.00,9.44464,-0.128439
2750,2020-07-13,00:00:00.00,0,-0.132124
2751,2020-07-14,00:00:00.00,0,-0.134217
2752,2020-07-15,00:00:00.00,0,-0.138433
2753,2020-07-16,00:00:00.00,0,-0.145835
2754,2020-07-17,00:00:00.00,3.41614,-0.152707
2755,2020-07-18,00:00:00.00,0,-0.16064
2756,2020-07-19,00:00:00.00,0,-0.169136
2757,2020-07-20,00:00:00.00,13.0617,-0.177633
2758,2020-07-21,00:00:00.00,0,-0.186097
2759,2020-07-22,00:00:00.00,0.401899,-0.187658
2760,2020-07-23,00:00:00.00,8.74131,-0.191875
2761,2020-07-24,00:00:00.00,0,-0.198746
2762,2020-07-25,00:00:00.00,0,-0.2019
2763,2020-07-26,00:00:00.00,0,-0.203992
2764,2020-07-27,00:00:00.00,0,-0.212489
2765,2020-07-28,00:00:00.00,0.401899,-0.220985
2766,2020-07-29,00:00:00.00,0.803799,-0.228387
2767,2020-07-30,00:00:00.00,0,-0.236321
2768,2020-07-31,00:00:00.00,0,-0.241599
2769,2020-08-01,00:00:00.00,0,-0.24794
2770,2020-08-02,00:00:00.00,24.9178,-0.255146
2771,2020-08-03,00:00:00.00,23.3102,-0.257085
2772,2020-08-04,00:00:00.00,13.0617,-0.254904
2773,2020-08-05,00:00:00.00,13.0617,-0.249514
2774,2020-08-06,00:00:00.00,0,-0.23911
2775,2020-08-07,00:00:00.00,0,-0.236395
2776,2020-08-08,00:00:00.00,0,-0.237797
2777,2020-08-09,00:00:00.00,0,-0.242748
2778,2020-08-10,00:00:00.00,0,-0.250009
2779,2020-08-11,00:00:00.00,0,-0.257269
2780,2020-08-12,00:00:00.00,0,-0.264529
2781,2020-08-13,00:00:00.00,0,-0.269026
2782,2020-08-14,00:00:00.00,0,-0.274885
2783,2020-08-15,00:00:00.00,0,-0.282145
2784,2020-08-16,00:00:00.00,0,-0.28755
2785,2020-08-17,00:00:00.00,2.0095,-0.289779
2786,2020-08-18,00:00:00.00,3.81804,-0.294277
2787,2020-08-19,00:00:00.00,0,-0.294277
2788,2020-08-20,00:00:00.00,0,-0.294277
2789,2020-08-21,00:00:00.00,0,-0.294277
2790,2020-08-22,00:00:00.00,0,-0.300589
2791,2020-08-23,00:00:00.00,0,-0.307849
2792,2020-08-24,00:00:00.00,0,-0.315109
2793,2020-08-25,00:00:00.00,0,-0.322369
2794,2020-08-26,00:00:00.00,0,-0.329629
2795,2020-08-27,00:00:00.00,20.2959,-0.329623
2796,2020-08-28,00:00:00.00,0,-0.334114
2797,2020-08-29,00:00:00.00,2.21045,-0.336343
2798,2020-08-30,00:00:00.00,1.00475,-0.338118
2799,2020-08-31,00:00:00.00,0,-0.338118
2800,2020-09-01,00:00:00.00,0,-0.340347
2801,2020-09-02,00:00:00.00,19.4921,-0.345253
2802,2020-09-03,00:00:00.00,6.32992,-0.350159
2803,2020-09-04,00:00:00.00,4.62184,-0.35512
2804,2020-09-05,00:00:00.00,1.6076,-0.356056
2805,2020-09-06,00:00:00.00,0,-0.356056
2806,2020-09-07,00:00:00.00,12.057,-0.356042
2807,2020-09-08,00:00:00.00,0.602849,-0.358205
2808,2020-09-09,00:00:00.00,5.22469,-0.358205
2809,2020-09-10,00:00:00.00,0.401899,-0.358205
2810,2020-09-11,00:00:00.00,0,-0.359761
2811,2020-09-12,00:00:00.00,0,-0.359761
2812,2020-09-13,00:00:00.00,5.52612,-0.359767
2813,2020-09-14,00:00:00.00,2.0095,-0.361944
2814,2020-09-15,00:00:00.00,0,-0.361944
2815,2020-09-16,00:00:00.00,0,-0.361944
2816,2020-09-17,00:00:00.00,0,-0.361944
2817,2020-09-18,00:00:00.00,0,-0.361944
2818,2020-09-19,00:00:00.00,0,-0.361944
2819,2020-09-20,00:00:00.00,0,-0.361944
2820,2020-09-21,00:00:00.00,0,-0.361944
2821,2020-09-22,00:00:00.00,0,-0.361944
2822,2020-09-23,00:00:00.00,0,-0.361944
2823,2020-09-24,00:00:00.00,0,-0.363191
2824,2020-09-25,00:00:00.00,0,-0.367848
2825,2020-09-26,00:00:00.00,0,-0.371885
2826,2020-09-27,00:00:00.00,0,-0.376232
2827,2020-09-28,00:00:00.00,0,-0.381194
2828,2020-09-29,00:00:00.00,26.9273,-0.314732
2829,2020-09-30,00:00:00.00,0,-0.179495
2830,2020-10-01,00:00:00.00,6.22944,-0.0586681
2831,2020-10-02,00:00:00.00,2.21045,0.0273564
2832,2020-10-03,00:00:00.00,0,0.070331
2833,2020-10-04,00:00:00.00,0,0.0881508
2834,2020-10-05,00:00:00.00,7.23419,0.0954471
2835,2020-10-06,00:00:00.00,0,0.0910917
2836,2020-10-07,00:00:00.00,4.21994,0.0708538
2837,2020-10-08,00:00:00.00,2.61235,0.0489031
2838,2020-10-09,00:00:00.00,1.40665,0.0360591
2839,2020-10-10,00:00:00.00,0,0.0256346
2840,2020-10-11,00:00:00.00,0,0.0170561
2841,2020-10-12,00:00:00.00,0,0.0127752
2842,2020-10-13,00:00:00.00,13.0617,0.0459305
2843,2020-10-14,00:00:00.00,0,0.0844839
2844,2020-10-15,00:00:00.00,1.50712,0.0842211
2845,2020-10-16,00:00:00.00,9.04274,0.0954187
2846,2020-10-17,00:00:00.00,0,0.116428
2847,2020-10-18,00:00:00.00,1.00475,0.121799
2848,2020-10-19,00:00:00.00,6.02849,0.131753
2849,2020-10-20,00:00:00.00,6.22944,0.159665
2850,2020-10-21,00:00:00.00,10.4494,0.217884
2851,2020-10-22,00:00:00.00,3.51662,0.270403
2852,2020-10-23,00:00:00.00,0.602849,0.279944
2853,2020-10-24,00:00:00.00,1.40665,0.256698
2854,2020-10-25,00:00:00.00,0,0.227844
2855,2020-10-26,00:00:00.00,0.803799,0.208161
2856,2020-10-27,00:00:00.00,0,0.19237
2857,2020-10-28,00:00:00.00,4.82279,0.195189
2858,2020-10-29,00:00:00.00,0,0.204468
2859,2020-10-30,00:00:00.00,0,0.198987
2860,2020-10-31,00:00:00.00,0,0.188393
2861,2020-11-01,00:00:00.00,2.51187,0.177043
2862,2020-11-02,00:00:00.00,8.43989,0.176087
2863,2020-11-03,00:00:00.00,0,0.178514
2864,2020-11-04,00:00:00.00,0,0.190745
2865,2020-11-05,00:00:00.00,0,0.207426
2866,2020-11-06,00:00:00.00,0,0.202333
2867,2020-11-07,00:00:00.00,0,0.183525
2868,2020-11-08,00:00:00.00,0,0.160478
2869,2020-11-09,00:00:00.00,0,0.136545
2870,2020-11-10,00:00:00.00,0,0.112609
2871,2020-11-11,00:00:00.00,4.42089,0.104278
2872,2020-11-12,00:00:00.00,0,0.103266
2873,2020-11-13,00:00:00.00,0,0.0902622
2874,2020-11-14,00:00:00.00,0,0.0734463
2875,2020-11-15,00:00:00.00,5.82754,0.0792145
2876,2020-11-16,00:00:00.00,18.6883,0.178571
2877,2020-11-17,00:00:00.00,2.0095,0.288885
2878,2020-11-18,00:00:00.00,0,0.312492
2879,2020-11-19,00:00:00.00,0,0.303467
2880,2020-11-20,00:00:00.00,0,0.282423
2881,2020-11-21,00:00:00.00,0,0.255605
2882,2020-11-22,00:00:00.00,0,0.230133
2883,2020-11-23,00:00:00.00,17.0807,0.20993
2884,2020-11-24,00:00:00.00,0,0.193904
2885,2020-11-25,00:00:00.00,1.6076,0.179794
2886,2020-11-26,00:00:00.00,12.057,0.22543
2887,2020-11-27,00:00:00.00,0,0.336056
2888,2020-11-28,00:00:00.00,2.0095,0.410376
2889,2020-11-29,00:00:00.00,0,0.417073
2890,2020-11-30,00:00:00.00,0,0.393163
2891,2020-12-01,00:00:00.00,11.2532,0.405823
2892,2020-12-02,00:00:00.00,2.0095,0.425521
2893,2020-12-03,00:00:00.00,0,0.404173
2894,2020-12-04,00:00:00.00,5.02374,0.375815
2895,2020-12-05,00:00:00.00,3.01425,0.347443
2896,2020-12-06,00:00:00.00,0,0.320443
2897,2020-12-07,00:00:00.00,0,0.296408
2898,2020-12-08,00:00:00.00,0,0.275024
2899,2020-12-09,00:00:00.00,3.01425,0.255475
2900,2020-12-10,00:00:00.00,0,0.236649
2901,2020-12-11,00:00:00.00,0,0.232529
2902,2020-12-12,00:00:00.00,0.602849,0.270017
2903,2020-12-13,00:00:00.00,10.0475,0.346213
2904,2020-12-14,00:00:00.00,0,0.389411
2905,2020-12-15,00:00:00.00,3.01425,0.376975
2906,2020-12-16,00:00:00.00,0,0.353517
2907,2020-12-17,00:00:00.00,1.00475,0.329482
2908,2020-12-18,00:00:00.00,0,0.30657
2909,2020-12-19,00:00:00.00,0,0.285176
2910,2020-12-20,00:00:00.00,5.02374,0.265179
2911,2020-12-21,00:00:00.00,0,0.245157
2912,2020-12-22,00:00:00.00,1.00475,0.22506
2913,2020-12-23,00:00:00.00,0,0.206302
2914,2020-12-24,00:00:00.00,2.61235,0.22083
2915,2020-12-25,00:00:00.00,10.4494,0.293143
2916,2020-12-26,00:00:00.00,7.03324,0.345338
2917,2020-12-27,00:00:00.00,9.04274,0.340514
2918,2020-12-28,00:00:00.00,17.0807,0.32082
2919,2020-12-29,00:00:00.00,0,0.29835
2920,2020-12-30,00:00:00.00,5.42564,0.277036
2921,2020-12-31,00:00:00.00,8.23894,0.257114
2922,2021-01-01,00:00:00.00,0,0.237829
2923,2021-01-02,00:00:00.00,9.04274,0.219188
2924,2021-01-03,00:00:00.00,0,0.20176
2925,2021-01-04,00:00:00.00,7.03324,0.185254
2926,2021-01-05,00:00:00.00,0,0.169516
2927,2021-01-06,00:00:00.00,0,0.154972
2928,2021-01-07,00:00:00.00,0,0.141387
2929,2021-01-08,00:00:00.00,0,0.128377
2930,2021-01-09,00:00:00.00,0,0.116763
2931,2021-01-10,00:00:00.00,0,0.106232
2932,2021-01-11,00:00:00.00,0,0.0960291
2933,2021-01-12,00:00:00.00,0,0.0859307
2934,2021-01-13,00:00:00.00,0,0.0759885
2935,2021-01-14,00:00:00.00,0,0.0666451
2936,2021-01-15,00:00:00.00,0,0.0581442
2937,2021-01-16,00:00:00.00,1.00475,0.0613143
2938,2021-01-17,00:00:00.00,0.20095,0.0704369
2939,2021-01-18,00:00:00.00,1.00475,0.0714344
2940,2021-01-19,00:00:00.00,2.0095,0.068146
2941,2021-01-20,00:00:00.00,1.00475,0.0627659
2942,2021-01-21,00:00:00.00,0,0.0570851
2943,2021-01-22,00:00:00.00,3.01425,0.0516008
2944,2021-01-23,00:00:00.00,1.00475,0.0455748
2945,2021-01-24,00:00:00.00,0,0.0397077
2946,2021-01-25,00:00:00.00,0,0.0347195
2947,2021-01-26,00:00:00.00,0,0.0296124
2948,2021-01-27,00:00:00.00,10.0475,0.0237448
2949,2021-01-28,00:00:00.00,0,0.0180295
2950,2021-01-29,00:00:00.00,0,0.0135043
2951,2021-01-30,00:00:00.00,0.401899,0.0101149
2952,2021-01-31,00:00:00.00,0,0.0075762
2953,2021-02-01,00:00:00.00,0,0.00567467
2954,2021-02-02,00:00:00.00,0,0.00420318
2955,2021-02-03,00:00:00.00,0,0.00302703
2956,2021-02-04,00:00:00.00,0,0.00207211
2957,2021-02-05,00:00:00.00,7.03324,0.00149002
2958,2021-02-06,00:00:00.00,3.01425,0.00105402
2959,2021-02-07,00:00:00.00,4.01899,0.000789478
2960,2021-02-08,00:00:00.00,0.20095,0.000591329
2961,2021-02-09,00:00:00.00,0.602849,0.000442913
2962,2021-02-10,00:00:00.00,0,0.000331747
2963,2021-02-11,00:00:00.00,0,0.000248483
2964,2021-02-12,00:00:00.00,1.00475,0.000186117
2965,2021-02-13,00:00:00.00,0,0.000139404
2966,2021-02-14,00:00:00.00,5.02374,0.000104415
2967,2021-02-15,00:00:00.00,2.0095,7.82085e-05
2968,2021-02-16,00:00:00.00,13.0617,5.85791e-05
2969,2021-02-17,00:00:00.00,2.0095,4.38765e-05
2970,2021-02-18,00:00:00.00,0,3.28641e-05
2971,2021-02-19,00:00:00.00,6.02849,2.46156e-05
2972,2021-02-20,00:00:00.00,3.01425,-0.000182685
2973,2021-02-21,00:00:00.00,0,-0.000336746
2974,2021-02-22,00:00:00.00,8.03799,-0.000336746
2975,2021-02-23,00:00:00.00,2.0095,-0.000336746
2976,2021-02-24,00:00:00.00,1.00475,-0.000606106
2977,2021-02-25,00:00:00.00,0,0.0174827
2978,2021-02-26,00:00:00.00,1.00475,0.0460237
2979,2021-02-27,00:00:00.00,4.01899,0.0604877
2980,2021-02-28,00:00:00.00,0,0.0649213
2981,2021-03-01,00:00:00.00,0,0.0631454
2982,2021-03-02,00:00:00.00,3.01425,0.0577381
2983,2021-03-03,00:00:00.00,0,0.0521878
2984,2021-03-04,00:00:00.00,0,0.0477723
2985,2021-03-05,00:00:00.00,0,0.0437431
2986,2021-03-06,00:00:00.00,1.00475,0.039877
2987,2021-03-07,00:00:00.00,0,0.0362233
2988,2021-03-08,00:00:00.00,0,0.0328095
2989,2021-03-09,00:00:00.00,0,0.0296476
2990,2021-03-10,00:00:00.00,0,0.0255666
2991,2021-03-11,00:00:00.00,0,0.182406
2992,2021-03-12,00:00:00.00,0.20095,0.616771
2993,2021-03-13,00:00:00.00,0,0.884151
2994,2021-03-14,00:00:00.00,0,0.845404
2995,2021-03-15,00:00:00.00,0,0.785146
2996,2021-03-16,00:00:00.00,0,0.729072
2997,2021-03-17,00:00:00.00,0,0.677396
2998,2021-03-18,00:00:00.00,0,0.684315
2999,2021-03-19,00:00:00.00,0,0.736517
3000,2021-03-20,00:00:00.00,0,0.731254
3001,2021-03-21,00:00:00.00,0,0.72995
3002,2021-03-22,00:00:00.00,0,0.738151
3003,2021-03-23,00:00:00.00,0,0.699689
3004,2021-03-24,00:00:00.00,0,0.658794
3005,2021-03-25,00:00:00.00,0,0.624323
3006,2021-03-26,00:00:00.00,26.5254,0.704527
3007,2021-03-27,00:00:00.00,3.61709,0.782739
3008,2021-03-28,00:00:00.00,1.2057,0.736545
3009,2021-03-29,00:00:00.00,1.00475,0.680444
3010,2021-03-30,00:00:00.00,0,0.625517
3011,2021-03-31,00:00:00.00,0.20095,0.5735
3012,2021-04-01,00:00:00.00,0,0.525115
3013,2021-04-02,00:00:00.00,0,0.484262
3014,2021-04-03,00:00:00.00,0,0.45026
3015,2021-04-04,00:00:00.00,0,0.419386
3016,2021-04-05,00:00:00.00,0,0.381642
3017,2021-04-06,00:00:00.00,0.20095,0.335483
3018,2021-04-07,00:00:00.00,0,0.284622
3019,2021-04-08,00:00:00.00,0,0.231181
3020,2021-04-09,00:00:00.00,0.401899,0.177125
3021,2021-04-10,00:00:00.00,0,0.127108
3022,2021-04-11,00:00:00.00,4.42089,0.0899992
3023,2021-04-12,00:00:00.00,31.0467,0.192314
3024,2021-04-13,00:00:00.00,4.01899,0.326481
3025,2021-04-14,00:00:00.00,0,0.327608
3026,2021-04-15,00:00:00.00,0,0.286584
3027,2021-04-16,00:00:00.00,0.20095,0.248107
3028,2021-04-17,00:00:00.00,0,0.221521
3029,2021-04-18,00:00:00.00,0,0.188538
3030,2021-04-19,00:00:00.00,0,0.142839
3031,2021-04-20,00:00:00.00,4.42089,0.0981465
3032,2021-04-21,00:00:00.00,1.00475,0.0693789
3033,2021-04-22,00:00:00.00,0,0.0524783
3034,2021-04-23,00:00:00.00,0,0.0417368
3035,2021-04-24,00:00:00.00,0,0.0330959
3036,2021-04-25,00:00:00.00,1.2057,0.0246863
3037,2021-04-26,00:00:00.00,0,0.0191307
3038,2021-04-27,00:00:00.00,0,0.0160675
3039,2021-04-28,00:00:00.00,0.602849,0.0114084
3040,2021-04-29,00:00:00.00,1.2057,0.00768228
3041,2021-04-30,00:00:00.00,6.02849,0.00466339
3042,2021-05-01,00:00:00.00,0,0.00381897
3043,2021-05-02,00:00:00.00,1.00475,0.00400096
3044,2021-05-03,00:00:00.00,0,0.00409737
3045,2021-05-04,00:00:00.00,7.23419,0.0114778
3046,2021-05-05,00:00:00.00,2.4114,0.0242034
3047,2021-05-06,00:00:00.00,0.20095,0.0321637
3048,2021-05-07,00:00:00.00,0,0.0367191
3049,2021-05-08,00:00:00.00,0,0.0388708
3050,2021-05-09,00:00:00.00,0,0.0393535
3051,2021-05-10,00:00:00.00,0,0.0387035
3052,2021-05-11,00:00:00.00,0,0.0373102
3053,2021-05-12,00:00:00.00,0.20095,0.0354539
3054,2021-05-13,00:00:00.00,0,0.0333348
3055,2021-05-14,00:00:00.00,0,0.0310942
3056,2021-05-15,00:00:00.00,0,0.0258999
3057,2021-05-16,00:00:00.00,0,0.0180958
3058,2021-05-17,00:00:00.00,0,0.0104098
3059,2021-05-18,00:00:00.00,0,0.00338487
3060,2021-05-19,00:00:00.00,0,-0.00304182
3061,2021-05-20,00:00:00.00,0,-0.00898276
3062,2021-05-21,00:00:00.00,0,-0.0149237
3063,2021-05-22,00:00:00.00,0,-0.0208647
3064,2021-05-23,00:00:00.00,0,-0.0268056
3065,2021-05-24,00:00:00.00,0,-0.0327465
3066,2021-05-25,00:00:00.00,0,-0.0386875
3067,2021-05-26,00:00:00.00,0.602849,-0.0446284
3068,2021-05-27,00:00:00.00,4.01899,-0.0505694
3069,2021-05-28,00:00:00.00,1.2057,-0.0505694
3070,2021-05-29,00:00:00.00,8.43989,-0.0505694
3071,2021-05-30,00:00:00.00,0,-0.0505694
3072,2021-05-31,00:00:00.00,0,-0.0505976
3073,2021-06-01,00:00:00.00,0,-0.0547102
3074,2021-06-02,00:00:00.00,0,-0.0555731
3075,2021-06-03,00:00:00.00,9.64558,-0.0569319
3076,2021-06-04,00:00:00.00,0,-0.0617622
3077,2021-06-05,00:00:00.00,0,-0.0696969
3078,2021-06-06,00:00:00.00,0,-0.0776317
3079,2021-06-07,00:00:00.00,0,-0.0855664
3080,2021-06-08,00:00:00.00,26.7263,-0.08324
3081,2021-06-09,00:00:00.00,3.81804,-0.0809137
3082,2021-06-10,00:00:00.00,0,-0.0888484
3083,2021-06-11,00:00:00.00,0,-0.0967831
3084,2021-06-12,00:00:00.00,0,-0.104718
3085,2021-06-13,00:00:00.00,0,-0.11054
3086,2021-06-14,00:00:00.00,3.61709,-0.118475
3087,2021-06-15,00:00:00.00,2.0095,-0.122313
3088,2021-06-16,00:00:00.00,0,-0.12268
3089,2021-06-17,00:00:00.00,0,-0.12268
3090,2021-06-18,00:00:00.00,0.602849,-0.123047
3091,2021-06-19,00:00:00.00,4.01899,-0.124406
3092,2021-06-20,00:00:00.00,0,-0.132341
3093,2021-06-21,00:00:00.00,5.82754,-0.139155
3094,2021-06-22,00:00:00.00,0.20095,-0.147089
3095,2021-06-23,00:00:00.00,0,-0.147089
3096,2021-06-24,00:00:00.00,0,-0.147089
3097,2021-06-25,00:00:00.00,0,-0.15192
3098,2021-06-26,00:00:00.00,44.4099,-0.0960972
3099,2021-06-27,00:00:00.00,0.803799,-0.035614
3100,2021-06-28,00:00:00.00,1.00475,-0.0388395
3101,2021-06-29,00:00:00.00,0.20095,-0.0467259
3102,2021-06-30,00:00:00.00,2.4114,-0.0546606
3103,2021-07-01,00:00:00.00,0.602849,-0.0625954
3104,2021-07-02,00:00:00.00,1.00475,-0.0657496
3105,2021-07-03,00:00:00.00,0,-0.0657496
3106,2021-07-04,00:00:00.00,0,-0.0657496
3107,2021-07-05,00:00:00.00,0,-0.0678418
3108,2021-07-06,00:00:00.00,0,-0.0763063
3109,2021-07-07,00:00:00.00,10.8513,-0.0848026
3110,2021-07-08,00:00:00.00,4.21994,-0.0884878
3111,2021-07-09,00:00:00.00,5.82754,-0.0884878
3112,2021-07-10,00:00:00.00,0.401899,-0.0884878
3113,2021-07-11,00:00:00.00,0,-0.0884878
3114,2021-07-12,00:00:00.00,0,-0.0884878
3115,2021-07-13,00:00:00.00,0,-0.0916421
3116,2021-07-14,00:00:00.00,6.32992,-0.100107
3117,2021-07-15,00:00:00.00,0,-0.10804
3118,2021-07-16,00:00:00.00,3.21519,-0.115973
3119,2021-07-17,00:00:00.00,0.20095,-0.117535
3120,2021-07-18,00:00:00.00,0,-0.118565
3121,2021-07-19,00:00:00.00,0,-0.126498
3122,2021-07-20,00:00:00.00,0,-0.133901
3123,2021-07-21,00:00:00.00,12.4589,-0.141303
3124,2021-07-22,00:00:00.00,0,-0.141303
3125,2021-07-23,00:00:00.00,0,-0.141802
3126,2021-07-24,00:00:00.00,0,-0.142301
3127,2021-07-25,00:00:00.00,23.3102,-0.133726
3128,2021-07-26,00:00:00.00,0,-0.133083
3129,2021-07-27,00:00:00.00,0.602849,-0.140486
3130,2021-07-28,00:00:00.00,4.42089,-0.144171
3131,2021-07-29,00:00:00.00,8.03799,-0.146263
3132,2021-07-30,00:00:00.00,7.43514,-0.149417
3133,2021-07-31,00:00:00.00,0,-0.149417
3134,2021-08-01,00:00:00.00,4.82279,-0.149417
3135,2021-08-02,00:00:00.00,7.63609,-0.149417
3136,2021-08-03,00:00:00.00,0,-0.149417
3137,2021-08-04,00:00:00.00,0,-0.149831
3138,2021-08-05,00:00:00.00,0,-0.154329
3139,2021-08-06,00:00:00.00,0,-0.158826
3140,2021-08-07,00:00:00.00,0.602849,-0.163778
3141,2021-08-08,00:00:00.00,17.8845,-0.150914
3142,2021-08-09,00:00:00.00,0.401899,-0.136235
3143,2021-08-10,00:00:00.00,0.20095,-0.143496
3144,2021-08-11,00:00:00.00,12.057,-0.150756
3145,2021-08-12,00:00:00.00,1.2057,-0.158016
3146,2021-08-13,00:00:00.00,0,-0.165276
3147,2021-08-14,00:00:00.00,0,-0.172536
3148,2021-08-15,00:00:00.00,0,-0.172949
3149,2021-08-16,00:00:00.00,0,-0.172949
3150,2021-08-17,00:00:00.00,1.40665,-0.174725
3151,2021-08-18,00:00:00.00,0,-0.178768
3152,2021-08-19,00:00:00.00,0,-0.186028
3153,2021-08-20,00:00:00.00,0,-0.193288
3154,2021-08-21,00:00:00.00,0,-0.200548
3155,2021-08-22,00:00:00.00,0,-0.207809
3156,2021-08-23,00:00:00.00,0,-0.215069
3157,2021-08-24,00:00:00.00,0,-0.222329
3158,2021-08-25,00:00:00.00,0,-0.229589
3159,2021-08-26,00:00:00.00,0,-0.236849
3160,2021-08-27,00:00:00.00,0,-0.244109
3161,2021-08-28,00:00:00.00,0,-0.251329
3162,2021-08-29,00:00:00.00,4.42089,-0.258589
3163,2021-08-30,00:00:00.00,9.04274,-0.265849
3164,2021-08-31,00:00:00.00,0,-0.273109
3165,2021-09-01,00:00:00.00,0,-0.27443
3166,2021-09-02,00:00:00.00,0,-0.278777
3167,2021-09-03,00:00:00.00,0,-0.279714
3168,2021-09-04,00:00:00.00,0,-0.28065
3169,2021-09-05,00:00:00.00,5.02374,-0.284998
3170,2021-09-06,00:00:00.00,7.63609,-0.289959
3171,2021-09-07,00:00:00.00,0,-0.291826
3172,2021-09-08,00:00:00.00,41.9985,-0.23506
3173,2021-09-09,00:00:00.00,1.40665,-0.140257
3174,2021-09-10,00:00:00.00,1.10522,-0.0772099
3175,2021-09-11,00:00:00.00,0,-0.0406572
3176,2021-09-12,00:00:00.00,0,-0.0324288
3177,2021-09-13,00:00:00.00,3.21519,-0.0372787
3178,2021-09-14,00:00:00.00,2.61235,-0.0388274
3179,2021-09-15,00:00:00.00,9.24369,-0.0437886
3180,2021-09-16,00:00:00.00,0.20095,-0.0481359
3181,2021-09-17,00:00:00.00,0,-0.0506227
3182,2021-09-18,00:00:00.00,0,-0.0555839
3183,2021-09-19,00:00:00.00,0,-0.0605451
3184,2021-09-20,00:00:00.00,0,-0.0611715
3185,2021-09-21,00:00:00.00,0.803799,-0.0648986
3186,2021-09-22,00:00:00.00,38.3814,0.0225983
3187,2021-09-23,00:00:00.00,41.9985,0.281242
3188,2021-09-24,00:00:00.00,1.80855,0.474917
3189,2021-09-25,00:00:00.00,0.401899,0.490631
3190,2021-09-26,00:00:00.00,5.42564,0.466671
3191,2021-09-27,00:00:00.00,2.0095,0.437301
3192,2021-09-28,00:00:00.00,0,0.405803
3193,2021-09-29,00:00:00.00,0,0.375934
3194,2021-09-30,00:00:00.00,0,0.349279
3195,2021-10-01,00:00:00.00,0,0.324717
3196,2021-10-02,00:00:00.00,0,0.28945
3197,2021-10-03,00:00:00.00,22.3054,0.317265
3198,2021-10-04,00:00:00.00,10.8513,0.388325
3199,2021-10-05,00:00:00.00,0,0.392656
3200,2021-10-06,00:00:00.00,0,0.351625
3201,2021-10-07,00:00:00.00,0,0.302139
3202,2021-10-08,00:00:00.00,0,0.25186
3203,2021-10-09,00:00:00.00,7.03324,0.209017
3204,2021-10-10,00:00:00.00,0.20095,0.168818
3205,2021-10-11,00:00:00.00,0,0.122937
3206,2021-10-12,00:00:00.00,0,0.0825046
3207,2021-10-13,00:00:00.00,0,0.0556824
3208,2021-10-14,00:00:00.00,0,0.0389715
3209,2021-10-15,00:00:00.00,0.803799,0.0270456
3210,2021-10-16,00:00:00.00,7.23419,0.0181129
3211,2021-10-17,00:00:00.00,3.01425,0.0114222
3212,2021-10-18,00:00:00.00,4.01899,0.00744931
3213,2021-10-19,00:00:00.00,0,0.00514374
3214,2021-10-20,00:00:00.00,0,0.00170815
3215,2021-10-21,00:00:00.00,0.502374,-0.000989301
3216,2021-10-22,00:00:00.00,4.21994,-0.00344163
3217,2021-10-23,00:00:00.00,0,-0.00344163
3218,2021-10-24,00:00:00.00,0,-0.00344163
3219,2021-10-25,00:00:00.00,8.23894,0.00883069
3220,2021-10-26,00:00:00.00,22.7073,0.119403
3221,2021-10-27,00:00:00.00,0.803799,0.24954
3222,2021-10-28,00:00:00.00,0,0.27748
3223,2021-10-29,00:00:00.00,0,0.267504
3224,2021-10-30,00:00:00.00,6.43039,0.264358
3225,2021-10-31,00:00:00.00,1.6076,0.263687
3226,2021-11-01,00:00:00.00,1.00475,0.2445
3227,2021-11-02,00:00:00.00,0,0.217564
3228,2021-11-03,00:00:00.00,0,0.192232
3229,2021-11-04,00:00:00.00,0,0.169934
3230,2021-11-05,00:00:00.00,0,0.150874
3231,2021-11-06,00:00:00.00,0,0.132941
3232,2021-11-07,00:00:00.00,0,0.113831
3233,2021-11-08,00:00:00.00,0,0.0931394
3234,2021-11-09,00:00:00.00,0,0.0711286
3235,2021-11-10,00:00:00.00,5.42564,0.0617613
3236,2021-11-11,00:00:00.00,0,0.0590928
3237,2021-11-12,00:00:00.00,7.03324,0.0680185
3238,2021-11-13,00:00:00.00,0.803799,0.0825976
3239,2021-11-14,00:00:00.00,2.0095,0.0810477
3240,2021-11-15,00:00:00.00,2.0095,0.0748029
3241,2021-11-16,00:00:00.00,0,0.0669621
3242,2021-11-17,00:00:00.00,0.602849,0.0584512
3243,2021-11-18,00:00:00.00,6.43039,0.0715474
3244,2021-11-19,00:00:00.00,3.01425,0.101231
3245,2021-11-20,00:00:00.00,0,0.11608
3246,2021-11-21,00:00:00.00,0.602849,0.116672
3247,2021-11-22,00:00:00.00,5.82754,0.133207
3248,2021-11-23,00:00:00.00,4.01899,0.156885
3249,2021-11-24,00:00:00.00,0,0.160483
3250,2021-11-25,00:00:00.00,2.4114,0.155672
3251,2021-11-26,00:00:00.00,2.0095,0.171693
3252,2021-11-27,00:00:00.00,0,0.194893
3253,2021-11-28,00:00:00.00,4.01899,0.195317
3254,2021-11-29,00:00:00.00,5.02374,0.187042
3255,2021-11-30,00:00:00.00,2.61235,0.175961
3256,2021-12-01,00:00:00.00,1.00475,0.164489
3257,2021-12-02,00:00:00.00,7.03324,0.177084
3258,2021-12-03,00:00:00.00,0,0.223564
3259,2021-12-04,00:00:00.00,0,0.253563
3260,2021-12-05,00:00:00.00,0,0.248855
3261,2021-12-06,00:00:00.00,24.3149,0.36037
3262,2021-12-07,00:00:00.00,3.61709,0.497145
3263,2021-12-08,00:00:00.00,0,0.504062
3264,2021-12-09,00:00:00.00,2.61235,0.47589
3265,2021-12-10,00:00:00.00,3.01425,0.443716
3266,2021-12-11,00:00:00.00,20.5973,0.501889
3267,2021-12-12,00:00:00.00,1.00475,0.568686
3268,2021-12-13,00:00:00.00,0,0.559168
3269,2021-12-14,00:00:00.00,0,0.552073
3270,2021-12-15,00:00:00.00,0.401899,0.530259
3271,2021-12-16,00:00:00.00,0.602849,0.498633
3272,2021-12-17,00:00:00.00,0,0.46963
3273,2021-12-18,00:00:00.00,0,0.43887
3274,2021-12-19,00:00:00.00,6.02849,0.406714
3275,2021-12-20,00:00:00.00,0,0.37717
3276,2021-12-21,00:00:00.00,0,0.35053
3277,2021-12-22,00:00:00.00,1.00475,0.324827
3278,2021-12-23,00:00:00.00,1.00475,0.300949
3279,2021-12-24,00:00:00.00,7.03324,0.279569
3280,2021-12-25,00:00:00.00,10.4494,0.259257
3281,2021-12-26,00:00:00.00,0.502374,0.255896
3282,2021-12-27,00:00:00.00,0,0.256898
3283,2021-12-28,00:00:00.00,1.00475,0.243366
3284,2021-12-29,00:00:00.00,2.0095,0.226918
3285,2021-12-30,00:00:00.00,0,0.209507
3286,2021-12-31,00:00:00.00,0,0.191624
3287,2022-01-01,00:00:00.00,2.4114,0.188391
3288,2022-01-02,00:00:00.00,5.02374,0.203663
3289,2022-01-03,00:00:00.00,2.0095,0.211496
3290,2022-01-04,00:00:00.00,0,0.204778
3291,2022-01-05,00:00:00.00,0,0.193054
3292,2022-01-06,00:00:00.00,2.0095,0.179094
3293,2022-01-07,00:00:00.00,1.00475,0.16544
3294,2022-01-08,00:00:00.00,0,0.153508
3295,2022-01-09,00:00:00.00,0,0.142761
3296,2022-01-10,00:00:00.00,2.0095,0.132637
3297,2022-01-11,00:00:00.00,1.00475,0.123188
3298,2022-01-12,00:00:00.00,0,0.114546
3299,2022-01-13,00:00:00.00,0,0.106727
3300,2022-01-14,00:00:00.00,0,0.0986026
3301,2022-01-15,00:00:00.00,0,0.0905072
3302,2022-01-16,00:00:00.00,0,0.0832381
3303,2022-01-17,00:00:00.00,12.057,0.0767598
3304,2022-01-18,00:00:00.00,4.01899,0.0709814
3305,2022-01-19,00:00:00.00,4.01899,0.0648363
3306,2022-01-20,00:00:00.00,0,0.0582279
3307,2022-01-21,00:00:00.00,0,0.0526089
3308,2022-01-22,00:00:00.00,0,0.0481771
3309,2022-01-23,00:00:00.00,2.0095,0.0441653
3310,2022-01-24,00:00:00.00,0,0.0402994
3311,2022-01-25,00:00:00.00,5.02374,0.0366347
3312,2022-01-26,00:00:00.00,1.00475,0.0332025
3313,2022-01-27,00:00:00.00,0,0.0300177
3314,2022-01-28,00:00:00.00,2.61235,0.0270837
3315,2022-01-29,00:00:00.00,0,0.0243959
3316,2022-01-30,00:00:00.00,0,0.0219449
3317,2022-01-31,00:00:00.00,0,0.0197177
3318,2022-02-01,00:00:00.00,0,0.0173491
3319,2022-02-02,00:00:00.00,0.20095,0.0138357
3320,2022-02-03,00:00:00.00,16.6788,0.0101264
3321,2022-02-04,00:00:00.00,1.00475,0.0074932
3322,2022-02-05,00:00:00.00,0,0.0056125
3323,2022-02-06,00:00:00.00,0,0.00420384
3324,2022-02-07,00:00:00.00,0,0.00314873
3325,2022-02-08,00:00:00.00,2.0095,0.00214847
3326,2022-02-09,00:00:00.00,1.00475,0.00141406
3327,2022-02-10,00:00:00.00,3.01425,0.000822432
3328,2022-02-11,00:00:00.00,2.0095,0.000379295
3329,2022-02-12,00:00:00.00,10.0475,4.73808e-05
3330,2022-02-13,00:00:00.00,1.00475,-1.17361e-05
3331,2022-02-14,00:00:00.00,1.00475,-1.17361e-05
3332,2022-02-15,00:00:00.00,2.0095,-1.17361e-05
3333,2022-02-16,00:00:00.00,0,-1.17361e-05
3334,2022-02-17,00:00:00.00,41.7975,-0.00027915
3335,2022-02-18,00:00:00.00,14.0665,-0.000548215
3336,2022-02-19,00:00:00.00,11.0522,-0.000548215
3337,2022-02-20,00:00:00.00,2.0095,-0.000548215
3338,2022-02-21,00:00:00.00,0,-0.000818446
3339,2022-02-22,00:00:00.00,0,-0.00108913
3340,2022-02-23,00:00:00.00,12.057,0.0845034
3341,2022-02-24,00:00:00.00,0,0.202137
3342,2022-02-25,00:00:00.00,2.0095,0.239351
3343,2022-02-26,00:00:00.00,3.01425,0.240734
3344,2022-02-27,00:00:00.00,0,0.230076
3345,2022-02-28,00:00:00.00,0,0.215203
3346,2022-03-01,00:00:00.00,0,0.200141
3347,2022-03-02,00:00:00.00,0,0.186198
3348,2022-03-03,00:00:00.00,3.01425,0.171379
3349,2022-03-04,00:00:00.00,0,0.15753
3350,2022-03-05,00:00:00.00,0,0.14595
3351,2022-03-06,00:00:00.00,3.81804,0.132399
3352,2022-03-07,00:00:00.00,0,0.172934
3353,2022-03-08,00:00:00.00,5.62659,0.232111
3354,2022-03-09,00:00:00.00,0,0.240729
3355,2022-03-10,00:00:00.00,0,0.230582
3356,2022-03-11,00:00:00.00,4.01899,0.214411
3357,2022-03-12,00:00:00.00,6.02849,0.198194
3358,2022-03-13,00:00:00.00,6.02849,0.183468
3359,2022-03-14,00:00:00.00,1.00475,0.17015
3360,2022-03-15,00:00:00.00,1.6076,0.157867
3361,2022-03-16,00:00:00.00,5.02374,0.146668
3362,2022-03-17,00:00:00.00,0,0.17608
3363,2022-03-18,00:00:00.00,2.31092,0.407073
3364,2022-03-19,00:00:00.00,0.20095,0.849526
3365,2022-03-20,00:00:00.00,7.03324,1.15111
3366,2022-03-21,00:00:00.00,0,1.23223
3367,2022-03-22,00:00:00.00,0,1.29062
3368,2022-03-23,00:00:00.00,3.01425,1.2804
3369,2022-03-24,00:00:00.00,14.2674,1.23777
3370,2022-03-25,00:00:00.00,2.61235,1.20007
3371,2022-03-26,00:00:00.00,0.401899,1.11919
3372,2022-03-27,00:00:00.00,2.0095,1.04005
3373,2022-03-28,00:00:00.00,3.01425,0.969487
3374,2022-03-29,00:00:00.00,0.401899,0.901542
3375,2022-03-30,00:00:00.00,0,0.838619
3376,2022-03-31,00:00:00.00,4.01899,0.791816
3377,2022-04-01,00:00:00.00,0,0.756474
3378,2022-04-02,00:00:00.00,0,0.71289
3379,2022-04-03,00:00:00.00,2.0095,0.664463
3380,2022-04-04,00:00:00.00,0,0.618863
3381,2022-04-05,00:00:00.00,2.21045,0.589882
3382,2022-04-06,00:00:00.00,0,0.564865
3383,2022-04-07,00:00:00.00,7.53561,0.551536
3384,2022-04-08,00:00:00.00,1.2057,0.539303
3385,2022-04-09,00:00:00.00,4.62184,0.523331
3386,2022-04-10,00:00:00.00,0,0.510485
3387,2022-04-11,00:00:00.00,0,0.485618
3388,2022-04-12,00:00:00.00,1.00475,0.458128
3389,2022-04-13,00:00:00.00,0,0.427468
3390,2022-04-14,00:00:00.00,2.4114,0.393006
3391,2022-04-15,00:00:00.00,0.401899,0.34868
3392,2022-04-16,00:00:00.00,1.00475,0.297077
3393,2022-04-17,00:00:00.00,0,0.259268
3394,2022-04-18,00:00:00.00,0,0.237248
3395,2022-04-19,00:00:00.00,6.02849,0.235435
3396,2022-04-20,00:00:00.00,0,0.240112
3397,2022-04-21,00:00:00.00,6.02849,0.244689
3398,2022-04-22,00:00:00.00,10.2484,0.273699
3399,2022-04-23,00:00:00.00,0,0.283596
3400,2022-04-24,00:00:00.00,0.602849,0.249013
3401,2022-04-25,00:00:00.00,2.0095,0.201262
3402,2022-04-26,00:00:00.00,6.02849,0.167984
3403,2022-04-27,00:00:00.00,2.0095,0.146462
3404,2022-04-28,00:00:00.00,0,0.125097
3405,2022-04-29,00:00:00.00,0,0.111697
3406,2022-04-30,00:00:00.00,0,0.0972178
3407,2022-05-01,00:00:00.00,0,0.0808861
3408,2022-05-02,00:00:00.00,2.61235,0.0700989
3409,2022-05-03,00:00:00.00,0,0.0627405
3410,2022-05-04,00:00:00.00,18.4874,0.134553
3411,2022-05-05,00:00:00.00,0,0.232934
3412,2022-05-06,00:00:00.00,0,0.258309
3413,2022-05-07,00:00:00.00,0,0.250937
3414,2022-05-08,00:00:00.00,0,0.23439
3415,2022-05-09,00:00:00.00,0,0.218737
3416,2022-05-10,00:00:00.00,0,0.196144
3417,2022-05-11,00:00:00.00,0,0.14475
3418,2022-05-12,00:00:00.00,0,0.0917706
3419,2022-05-13,00:00:00.00,0,0.0626383
3420,2022-05-14,00:00:00.00,0,0.0442093
3421,2022-05-15,00:00:00.00,0,0.0309914
3422,2022-05-16,00:00:00.00,2.8133,0.0205931
3423,2022-05-17,00:00:00.00,4.62184,0.0136715
3424,2022-05-18,00:00:00.00,0,0.0121962
3425,2022-05-19,00:00:00.00,1.00475,0.0110227
3426,2022-05-20,00:00:00.00,0,0.00770007
3427,2022-05-21,00:00:00.00,0,0.00199211
3428,2022-05-22,00:00:00.00,14.9708,0.00106857
3429,2022-05-23,00:00:00.00,0.502374,0.00163647
3430,2022-05-24,00:00:00.00,0,0.00174882
3431,2022-05-25,00:00:00.00,0,0.00111712
3432,2022-05-26,00:00:00.00,1.2057,-0.000103432
3433,2022-05-27,00:00:00.00,1.00475,-0.00584934
3434,2022-05-28,00:00:00.00,15.875,-0.00318418
3435,2022-05-29,00:00:00.00,0,-0.000519012
3436,2022-05-30,00:00:00.00,0,-0.00645996
3437,2022-05-31,00:00:00.00,0,-0.0124009
3438,2022-06-01,00:00:00.00,0,-0.0183418
3439,2022-06-02,00:00:00.00,1.40665,-0.0262766
3440,2022-06-03,00:00:00.00,0,-0.0262766
3441,2022-06-04,00:00:00.00,0,-0.0262766
3442,2022-06-05,00:00:00.00,0,-0.0262766
3443,2022-06-06,00:00:00.00,4.42089,-0.0262766
3444,2022-06-07,00:00:00.00,20.095,-0.012439
3445,2022-06-08,00:00:00.00,8.23894,0.0120348
3446,2022-06-09,00:00:00.00,11.0522,0.0431176
3447,2022-06-10,00:00:00.00,1.00475,0.0739115
3448,2022-06-11,00:00:00.00,1.00475,0.0882961
3449,2022-06-12,00:00:00.00,8.64084,0.0889332
3450,2022-06-13,00:00:00.00,0,0.0712852
3451,2022-06-14,00:00:00.00,0,0.0499924
3452,2022-06-15,00:00:00.00,0,0.0319198
3453,2022-06-16,00:00:00.00,0,0.0169694
3454,2022-06-17,00:00:00.00,0,0.00577131
3455,2022-06-18,00:00:00.00,0,-0.00286267
3456,2022-06-19,00:00:00.00,0,-0.00286267
3457,2022-06-20,00:00:00.00,0,-0.00286267
3458,2022-06-21,00:00:00.00,0.20095,-0.00286267
3459,2022-06-22,00:00:00.00,0,-0.0107974
3460,2022-06-23,00:00:00.00,0,-0.0187321
3461,2022-06-24,00:00:00.00,0,-0.0230665
3462,2022-06-25,00:00:00.00,0,-0.0303763
3463,2022-06-26,00:00:00.00,0,-0.0383111
3464,2022-06-27,00:00:00.00,0,-0.0462458
3465,2022-06-28,00:00:00.00,0,-0.0462458
3466,2022-06-29,00:00:00.00,0,-0.0466128
3467,2022-06-30,00:00:00.00,3.61709,-0.0539226
3468,2022-07-01,00:00:00.00,0,-0.0618574
3469,2022-07-02,00:00:00.00,0.401899,-0.0671357
3470,2022-07-03,00:00:00.00,0,-0.0671357
3471,2022-07-04,00:00:00.00,0,-0.0671357
3472,2022-07-05,00:00:00.00,3.01425,-0.0697589
3473,2022-07-06,00:00:00.00,11.856,-0.0723822
3474,2022-07-07,00:00:00.00,0,-0.0734123
3475,2022-07-08,00:00:00.00,0,-0.0744425
3476,2022-07-09,00:00:00.00,0,-0.0760037
3477,2022-07-10,00:00:00.00,0,-0.0760037
3478,2022-07-11,00:00:00.00,0,-0.0780959
3479,2022-07-12,00:00:00.00,3.41614,-0.0817812
3480,2022-07-13,00:00:00.00,4.01899,-0.0849354
3481,2022-07-14,00:00:00.00,0.904274,-0.0849354
3482,2022-07-15,00:00:00.00,0,-0.0849354
3483,2022-07-16,00:00:00.00,0,-0.0849354
3484,2022-07-17,00:00:00.00,0,-0.0907448
3485,2022-07-18,00:00:00.00,5.82754,-0.0970852
3486,2022-07-19,00:00:00.00,0.602849,-0.105019
3487,2022-07-20,00:00:00.00,0,-0.113515
3488,2022-07-21,00:00:00.00,0.401899,-0.122011
3489,2022-07-22,00:00:00.00,0,-0.130507
3490,2022-07-23,00:00:00.00,0,-0.139004
3491,2022-07-24,00:00:00.00,0.20095,-0.1475
3492,2022-07-25,00:00:00.00,13.1622,-0.155996
3493,2022-07-26,00:00:00.00,0,-0.155996
3494,2022-07-27,00:00:00.00,0,-0.155996
3495,2022-07-28,00:00:00.00,0,-0.156496
3496,2022-07-29,00:00:00.00,2.91377,-0.161243
3497,2022-07-30,00:00:00.00,0,-0.161742
3498,2022-07-31,00:00:00.00,0,-0.162241
3499,2022-08-01,00:00:00.00,0,-0.166988
3500,2022-08-02,00:00:00.00,0.602849,-0.17194
3501,2022-08-03,00:00:00.00,0,-0.175984
3502,2022-08-04,00:00:00.00,26.1235,-0.179461
3503,2022-08-05,00:00:00.00,11.0522,-0.1829
3504,2022-08-06,00:00:00.00,0,-0.190121
3505,2022-08-07,00:00:00.00,0,-0.197381
3506,2022-08-08,00:00:00.00,5.22469,-0.204641
3507,2022-08-09,00:00:00.00,3.21519,-0.211901
3508,2022-08-10,00:00:00.00,0,-0.212769
3509,2022-08-11,00:00:00.00,0,-0.214544
3510,2022-08-12,00:00:00.00,0,-0.215411
3511,2022-08-13,00:00:00.00,0,-0.215411
3512,2022-08-14,00:00:00.00,0,-0.215411
3513,2022-08-15,00:00:00.00,0,-0.215411
3514,2022-08-16,00:00:00.00,0,-0.220363
3515,2022-08-17,00:00:00.00,0,-0.225314
3516,2022-08-18,00:00:00.00,0.20095,-0.229812
3517,2022-08-19,00:00:00.00,0,-0.234763
3518,2022-08-20,00:00:00.00,0,-0.240168
3519,2022-08-21,00:00:00.00,0.20095,-0.246934
3520,2022-08-22,00:00:00.00,0,-0.249163
3521,2022-08-23,00:00:00.00,10.9518,-0.254115
3522,2022-08-24,00:00:00.00,0,-0.260881
3523,2022-08-25,00:00:00.00,2.8133,-0.266286
3524,2022-08-26,00:00:00.00,34.7643,-0.233458
3525,2022-08-27,00:00:00.00,0,-0.198495
3526,2022-08-28,00:00:00.00,0,-0.194452
3527,2022-08-29,00:00:00.00,0,-0.195616
3528,2022-08-30,00:00:00.00,19.0902,-0.190402
3529,2022-08-31,00:00:00.00,5.42564,-0.1848
3530,2022-09-01,00:00:00.00,0,-0.186121
3531,2022-09-02,00:00:00.00,0,-0.187677
3532,2022-09-03,00:00:00.00,0,-0.192639
3533,2022-09-04,00:00:00.00,0.401899,-0.1976
3534,2022-09-05,00:00:00.00,0,-0.200707
3535,2022-09-06,00:00:00.00,0,-0.204434
3536,2022-09-07,00:00:00.00,0,-0.209091
3537,2022-09-08,00:00:00.00,0,-0.214053
3538,2022-09-09,00:00:00.00,0,-0.219014
3539,2022-09-10,00:00:00.00,0,-0.223975
3540,2022-09-11,00:00:00.00,0,-0.228936
3541,2022-09-12,00:00:00.00,0.602849,-0.233897
3542,2022-09-13,00:00:00.00,2.8133,-0.238859
3543,2022-09-14,00:00:00.00,1.00475,-0.239485
3544,2022-09-15,00:00:00.00,0,-0.241662
3545,2022-09-16,00:00:00.00,0,-0.241662
3546,2022-09-17,00:00:00.00,0,-0.242908
3547,2022-09-18,00:00:00.00,1.00475,-0.24787
3548,2022-09-19,00:00:00.00,0.20095,-0.252831
3549,2022-09-20,00:00:00.00,0.803799,-0.257792
3550,2022-09-21,00:00:00.00,0,-0.262753
3551,2022-09-22,00:00:00.00,1.80855,-0.267714
3552,2022-09-23,00:00:00.00,0,-0.267714
3553,2022-09-24,00:00:00.00,0,-0.267714
3554,2022-09-25,00:00:00.00,3.01425,-0.267714
3555,2022-09-26,00:00:00.00,4.21994,-0.267714
3556,2022-09-27,00:00:00.00,9.04274,-0.267714
3557,2022-09-28,00:00:00.00,10.3489,-0.267714
3558,2022-09-29,00:00:00.00,0,-0.267714
3559,2022-09-30,00:00:00.00,0,-0.267714
3560,2022-10-01,00:00:00.00,0,-0.267714
3561,2022-10-02,00:00:00.00,0,-0.269899
3562,2022-10-03,00:00:00.00,0,-0.270857
3563,2022-10-04,00:00:00.00,0,-0.271356
3564,2022-10-05,00:00:00.00,0,-0.27354
3565,2022-10-06,00:00:00.00,0,-0.275992
3566,2022-10-07,00:00:00.00,0,-0.278445
3567,2022-10-08,00:00:00.00,0.502374,-0.278445
3568,2022-10-09,00:00:00.00,0,-0.278445
3569,2022-10-10,00:00:00.00,0,-0.278483
3570,2022-10-11,00:00:00.00,0,-0.279288
3571,2022-10-12,00:00:00.00,1.80855,-0.281741
3572,2022-10-13,00:00:00.00,14.6693,-0.283917
3573,2022-10-14,00:00:00.00,0.602849,-0.285788
3574,2022-10-15,00:00:00.00,1.6076,-0.285788
3575,2022-10-16,00:00:00.00,2.4114,-0.285788
3576,2022-10-17,00:00:00.00,0,-0.285826
3577,2022-10-18,00:00:00.00,2.8133,-0.285826
3578,2022-10-19,00:00:00.00,4.82279,-0.285826
3579,2022-10-20,00:00:00.00,3.61709,-0.285826
3580,2022-10-21,00:00:00.00,0.602849,-0.285826
3581,2022-10-22,00:00:00.00,0,-0.285826
3582,2022-10-23,00:00:00.00,0,-0.287398
3583,2022-10-24,00:00:00.00,0,-0.28985
3584,2022-10-25,00:00:00.00,0,-0.292302
3585,2022-10-26,00:00:00.00,0,-0.294755
3586,2022-10-27,00:00:00.00,5.52612,-0.296479
3587,2022-10-28,00:00:00.00,0,-0.296479
3588,2022-10-29,00:00:00.00,0,-0.296479
3589,2022-10-30,00:00:00.00,0,-0.296479
3590,2022-10-31,00:00:00.00,0,-0.296824
3591,2022-11-01,00:00:00.00,4.42089,-0.296824
3592,2022-11-02,00:00:00.00,0,-0.297681
3593,2022-11-03,00:00:00.00,0,-0.298537
3594,2022-11-04,00:00:00.00,0,-0.299394
3595,2022-11-05,00:00:00.00,0,-0.30025
3596,2022-11-06,00:00:00.00,2.8133,-0.301107
3597,2022-11-07,00:00:00.00,0,-0.301963
3598,2022-11-08,00:00:00.00,0,-0.30282
3599,2022-11-09,00:00:00.00,0,-0.303676
3600,2022-11-10,00:00:00.00,0,-0.304533
3601,2022-11-11,00:00:00.00,0,-0.305389
3602,2022-11-12,00:00:00.00,4.21994,-0.306246
3603,2022-11-13,00:00:00.00,3.01425,-0.307095
3604,2022-11-14,00:00:00.00,2.4114,-0.307194
3605,2022-11-15,00:00:00.00,0,-0.307194
3606,2022-11-16,00:00:00.00,9.04274,-0.307194
3607,2022-11-17,00:00:00.00,1.00475,-0.307194
3608,2022-11-18,00:00:00.00,7.03324,-0.307194
3609,2022-11-19,00:00:00.00,1.6076,-0.307194
3610,2022-11-20,00:00:00.00,7.03324,-0.307194
3611,2022-11-21,00:00:00.00,2.0095,-0.307194
3612,2022-11-22,00:00:00.00,0,-0.307194
3613,2022-11-23,00:00:00.00,0,-0.307194
3614,2022-11-24,00:00:00.00,0,-0.307194
3615,2022-11-25,00:00:00.00,1.00475,-0.307507
3616,2022-11-26,00:00:00.00,0.602849,-0.307507
3617,2022-11-27,00:00:00.00,0,-0.266939
3618,2022-11-28,00:00:00.00,9.24369,-0.135233
3619,2022-11-29,00:00:00.00,0,0.03176
3620,2022-11-30,00:00:00.00,3.61709,0.16253
3621,2022-12-01,00:00:00.00,9.04274,0.256237
3622,2022-12-02,00:00:00.00,0,0.299655
3623,2022-12-03,00:00:00.00,2.4114,0.296279
3624,2022-12-04,00:00:00.00,7.03324,0.302147
3625,2022-12-05,00:00:00.00,0,0.310093
3626,2022-12-06,00:00:00.00,0,0.294667
3627,2022-12-07,00:00:00.00,0,0.272963
3628,2022-12-08,00:00:00.00,0.20095,0.251428
3629,2022-12-09,00:00:00.00,0,0.231013
3630,2022-12-10,00:00:00.00,0,0.211772
3631,2022-12-11,00:00:00.00,3.01425,0.195347
3632,2022-12-12,00:00:00.00,2.0095,0.180415
3633,2022-12-13,00:00:00.00,0,0.166742
3634,2022-12-14,00:00:00.00,0,0.154846
3635,2022-12-15,00:00:00.00,0,0.144091
3636,2022-12-16,00:00:00.00,9.04274,0.133786
3637,2022-12-17,00:00:00.00,3.01425,0.122146
3638,2022-12-18,00:00:00.00,1.00475,0.110138
3639,2022-12-19,00:00:00.00,4.01899,0.0997826
3640,2022-12-20,00:00:00.00,3.01425,0.090414
3641,2022-12-21,00:00:00.00,0,0.0818357
3642,2022-12-22,00:00:00.00,0,0.074607
3643,2022-12-23,00:00:00.00,6.02849,0.0681051
3644,2022-12-24,00:00:00.00,0,0.0619486
3645,2022-12-25,00:00:00.00,6.02849,0.0566721
3646,2022-12-26,00:00:00.00,2.0095,0.0524108
3647,2022-12-27,00:00:00.00,1.00475,0.0487505
3648,2022-12-28,00:00:00.00,2.0095,0.0452213
3649,2022-12-29,00:00:00.00,0,0.0408964
3650,2022-12-30,00:00:00.00,1.90902,0.0730478
3651,2022-12-31,00:00:00.00,19.2912,0.282414
3652,2023-01-01,00:00:00.00,6.43039,0.564364
3653,2023-01-02,00:00:00.00,3.21519,0.67337
3654,2023-01-03,00:00:00.00,0,0.653606
3655,2023-01-04,00:00:00.00,6.43039,0.629984
3656,2023-01-05,00:00:00.00,12.057,0.634459
3657,2023-01-06,00:00:00.00,0.803799,0.631175
3658,2023-01-07,00:00:00.00,0.602849,0.611374
3659,2023-01-08,00:00:00.00,0,0.581277
3660,2023-01-09,00:00:00.00,0,0.540817
3661,2023-01-10,00:00:00.00,0,0.501573
3662,2023-01-11,00:00:00.00,0,0.464591
3663,2023-01-12,00:00:00.00,0.803799,0.430015
3664,2023-01-13,00:00:00.00,3.01425,0.398002
3665,2023-01-14,00:00:00.00,0,0.368151
3666,2023-01-15,00:00:00.00,0,0.340991
3667,2023-01-16,00:00:00.00,0,0.316094
3668,2023-01-17,00:00:00.00,1.6076,0.292394
3669,2023-01-18,00:00:00.00,4.01899,0.269875
3670,2023-01-19,00:00:00.00,0,0.260049
3671,2023-01-20,00:00:00.00,2.0095,0.25466
3672,2023-01-21,00:00:00.00,0,0.239464
3673,2023-01-22,00:00:00.00,0,0.22187
3674,2023-01-23,00:00:00.00,3.01425,0.204513
3675,2023-01-24,00:00:00.00,1.40665,0.187947
3676,2023-01-25,00:00:00.00,0,0.172116
3677,2023-01-26,00:00:00.00,17.0807,0.157378
3678,2023-01-27,00:00:00.00,2.0095,0.143674
3679,2023-01-28,00:00:00.00,3.01425,0.130588
3680,2023-01-29,00:00:00.00,8.03799,0.118174
3681,2023-01-30,00:00:00.00,7.03324,0.106726
3682,2023-01-31,00:00:00.00,1.00475,0.097119
3683,2023-02-01,00:00:00.00,0,0.0891362
3684,2023-02-02,00:00:00.00,0,0.0820242
3685,2023-02-03,00:00:00.00,2.0095,0.0748363
3686,2023-02-04,00:00:00.00,0,0.068135
3687,2023-02-05,00:00:00.00,0,0.0626221
3688,2023-02-06,00:00:00.00,0,0.0576444
3689,2023-02-07,00:00:00.00,0,0.051727
3690,2023-02-08,00:00:00.00,2.21045,0.0442186
3691,2023-02-09,00:00:00.00,2.21045,0.0353918
3692,2023-02-10,00:00:00.00,41.4961,0.237062
3693,2023-02-11,00:00:00.00,0,0.479235
3694,2023-02-12,00:00:00.00,0,0.505149
3695,2023-02-13,00:00:00.00,0,0.478118
3696,2023-02-14,00:00:00.00,0,0.443784
3697,2023-02-15,00:00:00.00,0.502374,0.425025
3698,2023-02-16,00:00:00.00,2.0095,0.466938
3699,2023-02-17,00:00:00.00,1.00475,0.502143
3700,2023-02-18,00:00:00.00,1.00475,0.477745
3701,2023-02-19,00:00:00.00,0,0.444621
3702,2023-02-20,00:00:00.00,0,0.411392
3703,2023-02-21,00:00:00.00,0,0.379679
3704,2023-02-22,00:00:00.00,0.602849,0.35014
3705,2023-02-23,00:00:00.00,11.0522,0.322489
3706,2023-02-24,00:00:00.00,0,0.296783
3707,2023-02-25,00:00:00.00,2.0095,0.274177
3708,2023-02-26,00:00:00.00,1.00475,0.254076
3709,2023-02-27,00:00:00.00,0,0.234349
3710,2023-02-28,00:00:00.00,7.03324,0.214688
3711,2023-03-01,00:00:00.00,0,0.196263
3712,2023-03-02,00:00:00.00,0,0.178308
3713,2023-03-03,00:00:00.00,0,0.158075
3714,2023-03-04,00:00:00.00,22.1045,0.140369
3715,2023-03-05,00:00:00.00,3.01425,0.122765
3716,2023-03-06,00:00:00.00,0,0.101923
3717,2023-03-07,00:00:00.00,0,0.0828577
3718,2023-03-08,00:00:00.00,0,0.0673191
3719,2023-03-09,00:00:00.00,0,0.0547528
3720,2023-03-10,00:00:00.00,0,0.0426273
3721,2023-03-11,00:00:00.00,8.03799,0.0319235
3722,2023-03-12,00:00:00.00,0,0.0239111
3723,2023-03-13,00:00:00.00,3.01425,0.0179097
3724,2023-03-14,00:00:00.00,2.0095,0.0132563
3725,2023-03-15,00:00:00.00,0,0.00992917
3726,2023-03-16,00:00:00.00,0,0.00743707
3727,2023-03-17,00:00:00.00,8.03799,0.00500324
3728,2023-03-18,00:00:00.00,7.43514,0.057103
3729,2023-03-19,00:00:00.00,4.01899,0.134125
3730,2023-03-20,00:00:00.00,0,0.163993
3731,2023-03-21,00:00:00.00,0,0.166879
3732,2023-03-22,00:00:00.00,0,0.164299
3733,2023-03-23,00:00:00.00,2.0095,0.237599
3734,2023-03-24,00:00:00.00,2.61235,0.395663
3735,2023-03-25,00:00:00.00,0.803799,0.493867
3736,2023-03-26,00:00:00.00,15.875,0.60419
3737,2023-03-27,00:00:00.00,3.01425,0.757308
3738,2023-03-28,00:00:00.00,2.0095,0.796437
3739,2023-03-29,00:00:00.00,0,0.796984
3740,2023-03-30,00:00:00.00,7.03324,0.784511
3741,2023-03-31,00:00:00.00,4.21994,0.729046
3742,2023-04-01,00:00:00.00,33.6591,0.691567
3743,2023-04-02,00:00:00.00,0.20095,0.759271
3744,2023-04-03,00:00:00.00,0,0.815012
3745,2023-04-04,00:00:00.00,0.602849,0.798104
3746,2023-04-05,00:00:00.00,4.42089,0.879121
3747,2023-04-06,00:00:00.00,9.04274,0.952306
3748,2023-04-07,00:00:00.00,0,0.914157
3749,2023-04-08,00:00:00.00,0,0.849805
3750,2023-04-09,00:00:00.00,0,0.790567
3751,2023-04-10,00:00:00.00,0,0.738745
3752,2023-04-11,00:00:00.00,0,0.687121
3753,2023-04-12,00:00:00.00,0,0.638542
3754,2023-04-13,00:00:00.00,0,0.601087
3755,2023-04-14,00:00:00.00,0,0.555246
3756,2023-04-15,00:00:00.00,0,0.49488
3757,2023-04-16,00:00:00.00,0,0.434885
3758,2023-04-17,00:00:00.00,12.057,0.404184
3759,2023-04-18,00:00:00.00,2.61235,0.390257
3760,2023-04-19,00:00:00.00,1.00475,0.364645
3761,2023-04-20,00:00:00.00,0.602849,0.341007
3762,2023-04-21,00:00:00.00,0,0.312098
3763,2023-04-22,00:00:00.00,14.0665,0.312991
3764,2023-04-23,00:00:00.00,17.0807,0.372288
3765,2023-04-24,00:00:00.00,0.20095,0.409208
3766,2023-04-25,00:00:00.00,0,0.390266
3767,2023-04-26,00:00:00.00,0,0.361527
3768,2023-04-27,00:00:00.00,0,0.335134
3769,2023-04-28,00:00:00.00,0,0.302896
3770,2023-04-29,00:00:00.00,7.03324,0.275228
3771,2023-04-30,00:00:00.00,3.41614,0.245962
3772,2023-05-01,00:00:00.00,7.23419,0.217811
3773,2023-05-02,00:00:00.00,2.61235,0.206082
3774,2023-05-03,00:00:00.00,2.0095,0.194541
3775,2023-05-04,00:00:00.00,2.0095,0.184622
3776,2023-05-05,00:00:00.00,5.02374,0.192931
3777,2023-05-06,00:00:00.00,0,0.205788
3778,2023-05-07,00:00:00.00,0,0.202175
3779,2023-05-08,00:00:00.00,12.057,0.243587
3780,2023-05-09,00:00:00.00,0,0.291868
3781,2023-05-10,00:00:00.00,0,0.289684
3782,2023-05-11,00:00:00.00,0,0.267733
3783,2023-05-12,00:00:00.00,0,0.211393
3784,2023-05-13,00:00:00.00,0,0.140015
3785,2023-05-14,00:00:00.00,0,0.0903141
3786,2023-05-15,00:00:00.00,0,0.0645948
3787,2023-05-16,00:00:00.00,0,0.0487377
3788,2023-05-17,00:00:00.00,0,0.036263
3789,2023-05-18,00:00:00.00,0,0.0309304
3790,2023-05-19,00:00:00.00,0,0.0266985
3791,2023-05-20,00:00:00.00,14.4684,0.0498278
3792,2023-05-21,00:00:00.00,0.20095,0.0913835
3793,2023-05-22,00:00:00.00,0,0.085199
3794,2023-05-23,00:00:00.00,0,0.0597343
3795,2023-05-24,00:00:00.00,0,0.0410693
3796,2023-05-25,00:00:00.00,0,0.0310423
3797,2023-05-26,00:00:00.00,0,0.0250553
3798,2023-05-27,00:00:00.00,0,0.0177943
3799,2023-05-28,00:00:00.00,0,0.00945308
3800,2023-05-29,00:00:00.00,0,0.00279779
3801,2023-05-30,00:00:00.00,0,-0.00295074
3802,2023-05-31,00:00:00.00,0,-0.00870517
3803,2023-06-01,00:00:00.00,0,-0.0146461
3804,2023-06-02,00:00:00.00,0,-0.0225808
3805,2023-06-03,00:00:00.00,0,-0.0305156
3806,2023-06-04,00:00:00.00,0,-0.0384503
3807,2023-06-05,00:00:00.00,0,-0.0384503
3808,2023-06-06,00:00:00.00,0,-0.040305
3809,2023-06-07,00:00:00.00,0,-0.0416639
3810,2023-06-08,00:00:00.00,0,-0.0416639
3811,2023-06-09,00:00:00.00,0.602849,-0.0416639
3812,2023-06-10,00:00:00.00,2.8133,-0.0416639
3813,2023-06-11,00:00:00.00,0,-0.0430227
3814,2023-06-12,00:00:00.00,29.9415,-0.0326114
3815,2023-06-13,00:00:00.00,10.8513,-0.0075083
3816,2023-06-14,00:00:00.00,1.80855,0.0130477
3817,2023-06-15,00:00:00.00,0.20095,0.0272968
3818,2023-06-16,00:00:00.00,3.51662,0.0361023
3819,2023-06-17,00:00:00.00,0,0.0410296
3820,2023-06-18,00:00:00.00,0,0.0353208
3821,2023-06-19,00:00:00.00,0,0.0222757
3822,2023-06-20,00:00:00.00,0,0.0128944
3823,2023-06-21,00:00:00.00,0,0.00271908
3824,2023-06-22,00:00:00.00,0,-0.00560584
3825,2023-06-23,00:00:00.00,0,-0.0119239
3826,2023-06-24,00:00:00.00,3.41614,-0.0187378
3827,2023-06-25,00:00:00.00,1.40665,-0.0266725
3828,2023-06-26,00:00:00.00,6.22944,-0.0346073
3829,2023-06-27,00:00:00.00,29.7406,-0.0065506
3830,2023-06-28,00:00:00.00,8.23894,0.0194013
3831,2023-06-29,00:00:00.00,0,0.00764059
3832,2023-06-30,00:00:00.00,0.20095,-0.00139058
3833,2023-07-01,00:00:00.00,0,-0.00932531
3834,2023-07-02,00:00:00.00,0.20095,-0.0178216
3835,2023-07-03,00:00:00.00,1.40665,-0.0230999
3836,2023-07-04,00:00:00.00,0,-0.0315644
3837,2023-07-05,00:00:00.00,0,-0.0400607
3838,2023-07-06,00:00:00.00,0,-0.048557
3839,2023-07-07,00:00:00.00,24.5159,-0.0569873
3840,2023-07-08,00:00:00.00,0,-0.0584503
3841,2023-07-09,00:00:00.00,4.42089,-0.0583891
3842,2023-07-10,00:00:00.00,0.20095,-0.0583345
3843,2023-07-11,00:00:00.00,0,-0.0587933
3844,2023-07-12,00:00:00.00,1.40665,-0.0640571
3845,2023-07-13,00:00:00.00,32.7548,0.0066462
3846,2023-07-14,00:00:00.00,0,0.115732
3847,2023-07-15,00:00:00.00,0,0.167137
3848,2023-07-16,00:00:00.00,11.6551,0.189084
3849,2023-07-17,00:00:00.00,0,0.168189
3850,2023-07-18,00:00:00.00,0,0.122792
3851,2023-07-19,00:00:00.00,0,0.0873193
3852,2023-07-20,00:00:00.00,2.10997,0.063168
3853,2023-07-21,00:00:00.00,8.84179,0.043215
3854,2023-07-22,00:00:00.00,0,0.0300746
3855,2023-07-23,00:00:00.00,0,0.0202322
3856,2023-07-24,00:00:00.00,6.22944,0.0123958
3857,2023-07-25,00:00:00.00,0,0.00466866
3858,2023-07-26,00:00:00.00,6.22944,-0.00234166
3859,2023-07-27,00:00:00.00,23.5111,0.0522948
3860,2023-07-28,00:00:00.00,0,0.0951625
3861,2023-07-29,00:00:00.00,1.80855,0.064064
3862,2023-07-30,00:00:00.00,16.4779,0.0582356
3863,2023-07-31,00:00:00.00,0,0.0713265
3864,2023-08-01,00:00:00.00,0,0.0760047
3865,2023-08-02,00:00:00.00,0,0.076084
3866,2023-08-03,00:00:00.00,7.63609,0.0659066
3867,2023-08-04,00:00:00.00,25.1187,0.123776
3868,2023-08-05,00:00:00.00,0,0.191348
3869,2023-08-06,00:00:00.00,0,0.179677
3870,2023-08-07,00:00:00.00,12.057,0.171718
3871,2023-08-08,00:00:00.00,0.401899,0.17003
3872,2023-08-09,00:00:00.00,0,0.141292
3873,2023-08-10,00:00:00.00,0,0.0962186
3874,2023-08-11,00:00:00.00,4.21994,0.0635132
3875,2023-08-12,00:00:00.00,0.20095,0.0450118
3876,2023-08-13,00:00:00.00,0.20095,0.0309717
3877,2023-08-14,00:00:00.00,0,0.0200586
3878,2023-08-15,00:00:00.00,1.6076,0.0138687
3879,2023-08-16,00:00:00.00,0.401899,0.0103878
3880,2023-08-17,00:00:00.00,0,0.00424423
3881,2023-08-18,00:00:00.00,17.0807,0.029838
3882,2023-08-19,00:00:00.00,2.0095,0.0747006
3883,2023-08-20,00:00:00.00,0,0.097512
3884,2023-08-21,00:00:00.00,0,0.0870411
3885,2023-08-22,00:00:00.00,0,0.0592311
3886,2023-08-23,00:00:00.00,6.02849,0.0434052
3887,2023-08-24,00:00:00.00,6.02849,0.032511
3888,2023-08-25,00:00:00.00,21.0997,0.097252
3889,2023-08-26,00:00:00.00,0,0.181527
3890,2023-08-27,00:00:00.00,0,0.186791
3891,2023-08-28,00:00:00.00,0,0.17165
3892,2023-08-29,00:00:00.00,0,0.158896
3893,2023-08-30,00:00:00.00,4.82279,0.147729
3894,2023-08-31,00:00:00.00,0,0.137376
3895,2023-09-01,00:00:00.00,0,0.12757
3896,2023-09-02,00:00:00.00,0,0.104248
3897,2023-09-03,00:00:00.00,0.20095,0.0720655
3898,2023-09-04,00:00:00.00,0,0.0473453
3899,2023-09-05,00:00:00.00,0,0.0311236
3900,2023-09-06,00:00:00.00,0,0.0189734
3901,2023-09-07,00:00:00.00,0.803799,0.00987269
3902,2023-09-08,00:00:00.00,3.01425,0.00305615
3903,2023-09-09,00:00:00.00,0,0.00174134
3904,2023-09-10,00:00:00.00,0,-6.41557e-05
3905,2023-09-11,00:00:00.00,0,-0.00379128
3906,2023-09-12,00:00:00.00,13.4636,-0.00830689
3907,2023-09-13,00:00:00.00,2.4114,-0.0118923
3908,2023-09-14,00:00:00.00,0,-0.0118923
3909,2023-09-15,00:00:00.00,0,-0.0118923
3910,2023-09-16,00:00:00.00,0,-0.0118923
3911,2023-09-17,00:00:00.00,0,-0.0118923
3912,2023-09-18,00:00:00.00,0,-0.0128287
3913,2023-09-19,00:00:00.00,0.20095,-0.0128349
3914,2023-09-20,00:00:00.00,0,-0.0128349
3915,2023-09-21,00:00:00.00,0,-0.0128349
3916,2023-09-22,00:00:00.00,0,-0.0128411
3917,2023-09-23,00:00:00.00,0,-0.0162581
3918,2023-09-24,00:00:00.00,0,-0.0175047
3919,2023-09-25,00:00:00.00,0,-0.0199915
3920,2023-09-26,00:00:00.00,0,-0.0230984
3921,2023-09-27,00:00:00.00,0,-0.0243449
3922,2023-09-28,00:00:00.00,0,-0.0259015
3923,2023-09-29,00:00:00.00,0,-0.0259015
3924,2023-09-30,00:00:00.00,0,-0.026838
3925,2023-10-01,00:00:00.00,0,-0.0305651
3926,2023-10-02,00:00:00.00,0,-0.0330174
3927,2023-10-03,00:00:00.00,0,-0.0354697
3928,2023-10-04,00:00:00.00,0,-0.0379221
3929,2023-10-05,00:00:00.00,0,-0.0403744
3930,2023-10-06,00:00:00.00,25.1187,-0.0151576
3931,2023-10-07,00:00:00.00,0.602849,0.0160946
3932,2023-10-08,00:00:00.00,2.0095,0.0186135
3933,2023-10-09,00:00:00.00,2.8133,0.014636
3934,2023-10-10,00:00:00.00,1.40665,0.0115828
3935,2023-10-11,00:00:00.00,2.21045,0.0092299
3936,2023-10-12,00:00:00.00,0,0.00690021
3937,2023-10-13,00:00:00.00,0,0.00436764
3938,2023-10-14,00:00:00.00,0.803799,0.00325611
3939,2023-10-15,00:00:00.00,0.20095,0.00228412
3940,2023-10-16,00:00:00.00,0.602849,0.00171965
3941,2023-10-17,00:00:00.00,0,0.00112524
3942,2023-10-18,00:00:00.00,0,-0.000913084
3943,2023-10-19,00:00:00.00,0,-0.00248442
3944,2023-10-20,00:00:00.00,21.0997,0.0445742
3945,2023-10-21,00:00:00.00,7.03324,0.110086
3946,2023-10-22,00:00:00.00,0.602849,0.130764
3947,2023-10-23,00:00:00.00,0,0.132817
3948,2023-10-24,00:00:00.00,0,0.12872
3949,2023-10-25,00:00:00.00,0.803799,0.116628
3950,2023-10-26,00:00:00.00,2.21045,0.0890407
3951,2023-10-27,00:00:00.00,4.82279,0.0598583
3952,2023-10-28,00:00:00.00,1.2057,0.0416652
3953,2023-10-29,00:00:00.00,0.20095,0.0303697
3954,2023-10-30,00:00:00.00,3.81804,0.0227473
3955,2023-10-31,00:00:00.00,0.602849,0.017038
3956,2023-11-01,00:00:00.00,0,0.0127617
3957,2023-11-02,00:00:00.00,0,0.00942498
3958,2023-11-03,00:00:00.00,0,0.00669167
3959,2023-11-04,00:00:00.00,2.0095,0.00426313
3960,2023-11-05,00:00:00.00,0,0.00244413
3961,2023-11-06,00:00:00.00,0,0.00118204
3962,2023-11-07,00:00:00.00,8.43989,0.0183895
3963,2023-11-08,00:00:00.00,0,0.0425671
3964,2023-11-09,00:00:00.00,26.3244,0.0529517
3965,2023-11-10,00:00:00.00,0,0.0733308
3966,2023-11-11,00:00:00.00,0,0.157914
3967,2023-11-12,00:00:00.00,0,0.244052
3968,2023-11-13,00:00:00.00,0,0.259474
3969,2023-11-14,00:00:00.00,0,0.248269
3970,2023-11-15,00:00:00.00,0,0.228836
3971,2023-11-16,00:00:00.00,0,0.205418
3972,2023-11-17,00:00:00.00,0.20095,0.180168
3973,2023-11-18,00:00:00.00,1.80855,0.154979
3974,2023-11-19,00:00:00.00,0,0.135212
3975,2023-11-20,00:00:00.00,0,0.121322
3976,2023-11-21,00:00:00.00,0,0.110627
3977,2023-11-22,00:00:00.00,12.2579,0.102117
3978,2023-11-23,00:00:00.00,0,0.102139
3979,2023-11-24,00:00:00.00,0,0.121833
3980,2023-11-25,00:00:00.00,0,0.142088
3981,2023-11-26,00:00:00.00,0,0.145503
3982,2023-11-27,00:00:00.00,9.54511,0.14132
3983,2023-11-28,00:00:00.00,5.02374,0.134017
3984,2023-11-29,00:00:00.00,5.02374,0.125735
3985,2023-11-30,00:00:00.00,1.00475,0.11747
3986,2023-12-01,00:00:00.00,0,0.109659
3987,2023-12-02,00:00:00.00,3.01425,0.128425
3988,2023-12-03,00:00:00.00,2.0095,0.178752
3989,2023-12-04,00:00:00.00,2.51187,0.210379
3990,2023-12-05,00:00:00.00,0,0.209469
3991,2023-12-06,00:00:00.00,0,0.197216
3992,2023-12-07,00:00:00.00,5.02374,0.182206
3993,2023-12-08,00:00:00.00,0,0.166942
3994,2023-12-09,00:00:00.00,0,0.206845
3995,2023-12-10,00:00:00.00,6.02849,0.309239
3996,2023-12-11,00:00:00.00,0,0.367949
3997,2023-12-12,00:00:00.00,0,0.361748
3998,2023-12-13,00:00:00.00,0,0.338634
3999,2023-12-14,00:00:00.00,0,0.31292
4000,2023-12-15,00:00:00.00,0,0.288039
4001,2023-12-16,00:00:00.00,0.401899,0.26518
4002,2023-12-17,00:00:00.00,1.00475,0.246179
4003,2023-12-18,00:00:00.00,7.43514,0.261202
4004,2023-12-19,00:00:00.00,3.41614,0.297066
4005,2023-12-20,00:00:00.00,0,0.305486
4006,2023-12-21,00:00:00.00,0,0.291053
4007,2023-12-22,00:00:00.00,0,0.270172
4008,2023-12-23,00:00:00.00,3.01425,0.249755
4009,2023-12-24,00:00:00.00,7.23419,0.230424
4010,2023-12-25,00:00:00.00,0.20095,0.224394
4011,2023-12-26,00:00:00.00,0,0.249798
4012,2023-12-27,00:00:00.00,9.64558,0.313697
4013,2023-12-28,00:00:00.00,6.22944,0.381804
4014,2023-12-29,00:00:00.00,3.01425,0.412031
4015,2023-12-30,00:00:00.00,4.62184,0.422326
4016,2023-12-31,00:00:00.00,0,0.416898
4017,2024-01-01,00:00:00.00,5.02374,0.391033
