time,date,hour,Snow Refreeze[mm],Precipitation[mm],Precipitation[mm],Precipitation[mm],Precipitation[mm],Precipitation[mm],Precipitation[mm],Precipitation[mm],Precipitation[mm],Precipitation[mm],Precipitation[mm],Precipitation[mm],Precipitation[mm],Precipitation[mm],Canopy Evaporation[mm],Canopy Evaporation[mm],Canopy Snow Sublimation[mm],Canopy Snow Sublimation[mm],Snow Balance[mm],Overflow[mm],Infiltration[mm],Infiltration[mm],Flush[mm],Soil Evaporation[mm],Soil Evaporation[mm],Capillary Rise[mm],Lake Evaporation[mm],Lake Evaporation[mm],Percolation[mm],Baseflow[mm],Baseflow[mm]
,,from:,SNOW_LIQ,ATMOS_PRECIP,ATMOS_PRECIP,ATMOS_PRECIP,ATMOS_PRECIP,ATMOS_PRECIP,ATMOS_PRECIP,ATMOS_PRECIP,ATMOS_PRECIP,ATMOS_PRECIP,ATMOS_PRECIP,ATMOS_PRECIP,ATMOS_PRECIP,ATMOS_PRECIP,CANOPY,AET,CANOPY_SNOW,AET,SNOW,SNOW_LIQ,PONDED_WATER,PONDED_WATER,SURFACE_WATER,SOIL[0],AET,SOIL[1],SOIL[2],AET,SOIL[1],SOIL[1],SOIL[2]
,,to:,SNOW,PONDED_WATER,CANOPY,CANOPY_SNOW,ATMOS_PRECIP,ATMOSPHERE,SNOW,SNOW_LIQ,ATMOS_PRECIP,ATMOS_PRECIP,SOIL[2],SURFACE_WATER,ATMOS_PRECIP,ATMOS_PRECIP,ATMOSPHERE,AET,ATMOSPHERE,AET,SNOW_LIQ,PONDED_WATER,SOIL[0],SURFACE_WATER,SOIL[1],ATMOSPHERE,AET,SOIL[0],ATMOSPHERE,AET,SOIL[2],SURFACE_WATER,SURFACE_WATER
0,2013-01-01,00:00:00.00,0,0,0,0,0,0,0,0,0,0,0,0,0,0,0,0,0,0,0,0,0,0,0,0,0,0,0,0,0,0,0
1,2013-01-02,00:00:00.00,0,0,0,0,0,0,0,0,0,0,0,0,0,0,0,0,0,0,0,0,0,0,0,0,0,0,0,0,0,0,0
2,2013-01-03,00:00:00.00,0,0,0,0.00677607,0,0,0.189805,0,0,0,0,0.00436837,0,0,0,0,0.00677607,0.00677607,0,0,0,0,0.00436837,0,0,0,0,0,0,0,0
3,2013-01-04,00:00:00.00,0,0,0,0.0271043,0,0,0.759221,0,0,0,0,0.0174735,0,0,0,0,0.0271043,0.0271043,0,0,0,0,0.0174735,0,0,0,0,0,0,0,0
4,2013-01-05,00:00:00.00,0,0,0,0.0271043,0,0,0.759221,0,0,0,0,0.0174735,0,0,0,0,0.0271043,0.0271043,0,0,0,0,0.0174735,0,0,0,0,0,0,0,0
5,2013-01-06,00:00:00.00,0,0,0,0.115193,0,0,3.22669,0,0,0,0,0.0742623,0,0,0,0,0.115193,0.115193,0,0,0,0,0.0742623,0,0,0,0,0,0,0,0
6,2013-01-07,00:00:00.00,0,0,0,0.182954,0,0,5.12474,0,0,0,0,0.117946,0,0,0,0,0.182954,0.182954,0,0,0,0,0.117946,0,0,0,0,0,0,0,0
7,2013-01-08,00:00:00.00,0,0,0,0.182954,0,0,5.12474,0,0,0,0,0.117946,0,0,0,0,0.182954,0.182954,0,0,0,0,0.117946,0,0,0,0,0,0,0,0
8,2013-01-09,00:00:00.00,0,0,0,0.182954,0,0,5.12474,0,0,0,0,0.117946,0,0,0,0,0.182954,0.182954,0,0,0,0,0.117946,0,0,0,0,0,0,0,0
9,2013-01-10,00:00:00.00,0,0,0,0.182954,0,0,5.12474,0,0,0,0,0.117946,0,0,0,0,0.182954,0.182954,0,0,0,0,0.117946,0,0,0,0,0,0,0,0
10,2013-01-11,00:00:00.00,0,4.38299,0.122078,0.190908,0,0,5.34824,0.178018,0,0,0,0.227155,0,0,0.122078,0.122078,0.190908,0.190908,2.78083,2.86967,7.10976,0.142896,0.370051,0.000837042,0.000837042,0.142896,0,0,0,0,0
11,2013-01-12,00:00:00.00,0,9.16943,0.250171,0.190908,0,0,5.34824,0.178018,0,0,0,0.336364,0,0,0.250171,0.250171,0.190908,0.190908,5.22043,5.39401,12.4488,2.1146,2.45097,0.029871,0.029871,2.1146,0,0,0,0,0
12,2013-01-13,00:00:00.00,0,26.2092,0.706172,0.190908,0,0,5.34824,0.178018,0,0,0,0.725149,0,0,0.706172,0.706172,0.190908,0.190908,5.34824,5.52625,23.1016,8.63379,9.35894,0.0674487,0.0674487,8.63379,0,0,0,0,0
13,2013-01-14,00:00:00.00,0,30.8041,0.829141,0.190908,0,0,5.34824,0.178018,0,0,0,0.82999,0,0,0.829141,0.829141,0.190908,0.190908,5.34824,5.52625,25.1227,11.2077,12.0377,0.144805,0.144805,11.2077,0,0,0,0,0
14,2013-01-15,00:00:00.00,0,30.8041,0.829141,0.197684,0,0,5.53804,0.178018,0,0,0,0.834358,0,0,0.829141,0.829141,0.197684,0.197684,5.34824,5.52625,25.1227,11.2077,12.0421,0.160298,0.160298,11.2077,0,0,0,0,0
15,2013-01-16,00:00:00.00,0,30.8041,0.829141,0.197684,0,0,5.53804,0.178018,0,0,0,0.834358,0,0,0.829141,0.829141,0.197684,0.197684,5.34824,5.52625,25.1227,11.2077,12.0421,0.179169,0.179169,11.2077,0,0,0,0,0
16,2013-01-17,00:00:00.00,0,30.8041,0.829141,0.197684,0,0,5.53804,0.178018,0,0,0,0.834358,0,0,0.829141,0.829141,0.197684,0.197684,5.34824,5.52625,25.1227,11.2077,12.0421,0.197997,0.197997,11.2077,0,0,0,0,0
17,2013-01-18,00:00:00.00,0,30.8041,0.829141,0.434846,0,0,12.1812,0.178018,0,0,0,0.987251,0,0,0.829141,0.829141,0.434846,0.434846,5.34824,5.52625,25.1227,11.2077,12.195,0.197998,0.197998,11.2077,0,0,0,0,0
18,2013-01-19,00:00:00.00,0,30.8041,0.829141,0.434846,0,0,12.1812,0.178018,0,0,0,0.987251,0,0,0.829141,0.829141,0.434846,0.434846,5.34824,5.52625,25.1227,11.2077,12.195,0.210612,0.210612,11.2077,0,0,0,0,0
19,2013-01-20,00:00:00.00,0,30.8041,0.829141,0.556815,0,0,15.5977,0.178018,0,0,0,1.06588,0,0,0.829141,0.829141,0.556815,0.556815,5.34824,5.52625,25.1227,11.2077,12.2736,0.2148,0.2148,11.2077,0,0,0,0,0
20,2013-01-21,00:00:00.00,0,30.8041,0.829141,0.604248,0,0,16.9264,0.178018,0,0,0,1.09646,0,0,0.829141,0.829141,0.604248,0.604248,5.34824,5.52625,25.1227,11.2077,12.3042,0.215703,0.215703,11.2077,0,0,0,0,0
21,2013-01-22,00:00:00.00,0,30.8041,0.829141,0.6178,0,0,17.306,0.178018,0,0,0,1.1052,0,0,0.829141,0.829141,0.6178,0.6178,5.34824,5.52625,25.1227,11.2077,12.3129,0.215703,0.215703,11.2077,0,0,0,0,0
22,2013-01-23,00:00:00.00,0,30.8041,0.829141,0.644904,0,0,18.0652,0.178018,0,0,0,1.12267,0,0,0.829141,0.829141,0.644904,0.644904,5.34824,5.52625,25.1227,11.2077,12.3304,0.215703,0.215703,11.2077,0,0,0,0,0
23,2013-01-24,00:00:00.00,0,30.8041,0.829141,0.65168,0,0,18.255,0.178018,0,0,0,1.12704,0,0,0.829141,0.829141,0.65168,0.65168,5.34824,5.52625,25.1227,11.2077,12.3347,0.215703,0.215703,11.2077,0,0,0,0,0
24,2013-01-25,00:00:00.00,0,30.8041,0.829141,0.65168,0,0,18.255,0.178018,0,0,0,1.12704,0,0,0.829141,0.829141,0.65168,0.65168,5.34824,5.52625,25.1227,11.2077,12.3347,0.215703,0.215703,11.2077,0,0,0,0,0
25,2013-01-26,00:00:00.00,0,30.8041,0.829141,0.685561,0,0,19.204,0.178018,0,0,0,1.14888,0,0,0.829141,0.829141,0.685561,0.685561,5.34824,5.52625,25.1227,11.2077,12.3566,0.215703,0.215703,11.2077,0,0,0,0,0
26,2013-01-27,00:00:00.00,0,30.8041,0.829141,0.685561,0,0,19.204,0.178018,0,0,0,1.14888,0,0,0.829141,0.829141,0.685561,0.685561,5.34824,5.52625,25.1227,11.2077,12.3566,0.215703,0.215703,11.2077,0,0,0,0,0
27,2013-01-28,00:00:00.00,0,30.8041,0.829141,0.922723,0,0,25.8472,0.178018,0,0,0,1.30177,0,0,0.829141,0.829141,0.922723,0.922723,5.34824,5.52625,25.1227,11.2077,12.5095,0.215703,0.215703,11.2077,0,0,0,0,0
28,2013-01-29,00:00:00.00,0,30.8041,0.829141,1.03114,0,0,28.8841,0.178018,0,0,0,1.37167,0,0,0.829141,0.829141,1.03114,1.03114,5.34824,5.52625,25.1227,11.2077,12.5794,0.219946,0.219946,11.2077,0,0,0,0,0
29,2013-01-30,00:00:00.00,0,46.8349,1.28002,1.03114,0,0,28.8841,0.995581,0,0,0,1.75608,0,0,1.28002,1.28002,1.03114,1.03114,24.4179,25.2583,39.3941,32.6991,34.4552,0.223786,0.223786,20.3671,0,0,12.332,0,1.31398
30,2013-01-31,00:00:00.00,0,53.5359,1.45935,1.03114,0,0,28.8841,0.995581,0,0,0,1.90898,0,0,1.45935,1.45935,1.03114,1.03114,28.2124,29.1846,41.8857,40.8348,42.7438,0.340596,0.340596,27.3814,0.165099,0.165099,13.4534,0,2.58985
31,2013-02-01,00:00:00.00,0.0233328,53.5359,1.45935,1.44448,0,0,40.4622,0.995581,0,0,0,2.17545,0,0,1.45935,1.45935,1.44448,1.44448,28.2124,29.1846,41.8857,40.8348,43.0102,0.341011,0.341011,27.3814,0.234688,0.234688,13.4534,0,3.72236
32,2013-02-02,00:00:00.00,0.0233328,53.5359,1.45935,1.53257,0,0,42.9297,0.995581,0,0,0,2.23224,0,0,1.45935,1.45935,1.53257,1.53257,28.2124,29.1846,41.8857,40.8348,43.067,0.341011,0.341011,27.3814,0.234688,0.234688,13.4534,0,4.7342
33,2013-02-03,00:00:00.00,0.0233328,53.5359,1.45935,1.56645,0,0,43.8787,0.995581,0,0,0,2.25408,0,0,1.45935,1.45935,1.56645,1.56645,28.2124,29.1846,41.8857,40.8348,43.0889,0.341011,0.341011,27.3814,0.234688,0.234688,13.4534,0,5.63823
34,2013-02-04,00:00:00.00,0.0233328,53.5359,1.45935,1.6071,0,0,45.0175,0.995581,0,0,0,2.28029,0,0,1.45935,1.45935,1.6071,1.6071,28.2124,29.1846,41.8857,40.8348,43.1151,0.341011,0.341011,27.3814,0.234688,0.234688,13.4534,0,6.44593
35,2013-02-05,00:00:00.00,0.0233328,53.5359,1.45935,1.62066,0,0,45.3971,0.995581,0,0,0,2.28902,0,0,1.45935,1.45935,1.62066,1.62066,28.2124,29.1846,41.8857,40.8348,43.1238,0.341011,0.341011,27.3814,0.234688,0.234688,13.4534,0,7.16758
36,2013-02-06,00:00:00.00,0.0233328,53.5359,1.45935,1.66131,0,0,46.536,0.995581,0,0,0,2.31524,0,0,1.45935,1.45935,1.66131,1.66131,28.2124,29.1846,41.8857,40.8348,43.15,0.341011,0.341011,27.3814,0.234688,0.234688,13.4534,0,7.81233
37,2013-02-07,00:00:00.00,0.0233328,53.5359,1.45935,1.66131,0,0,46.536,0.995581,0,0,0,2.31524,0,0,1.45935,1.45935,1.66131,1.66131,28.2124,29.1846,41.8857,40.8348,43.15,0.341011,0.341011,27.3814,0.234688,0.234688,13.4534,0,8.38838
38,2013-02-08,00:00:00.00,0.0233328,53.5359,1.45935,2.23727,0,0,62.6694,0.995581,0,0,0,2.68655,0,0,1.45935,1.45935,2.23727,2.23727,28.2124,29.1846,41.8857,40.8348,43.5213,0.341011,0.341011,27.3814,0.234688,0.234688,13.4534,0,8.90306
39,2013-02-09,00:00:00.00,0.0233328,53.5359,1.45935,2.67093,0,0,74.817,0.995581,0,0,0,2.96612,0,0,1.45935,1.45935,2.67093,2.67093,28.2124,29.1846,41.8857,40.8348,43.8009,0.341011,0.341011,27.3814,0.234688,0.234688,13.4534,0,9.36289
40,2013-02-10,00:00:00.00,0.0233328,53.5359,1.45935,2.67093,0,0,74.817,0.995581,0,0,0,2.96612,0,0,1.45935,1.45935,2.67093,2.67093,28.2124,29.1846,41.8857,40.8348,43.8009,0.341011,0.341011,27.3814,0.234688,0.234688,13.4534,0,9.77373
41,2013-02-11,00:00:00.00,0.0233328,53.5359,1.45935,2.83356,0,0,79.3723,0.995581,0,0,0,3.07096,0,0,1.45935,1.45935,2.83356,2.83356,28.2124,29.1846,41.8857,40.8348,43.9057,0.341011,0.341011,27.3814,0.234688,0.234688,13.4534,0,10.1408
42,2013-02-12,00:00:00.00,0.0233328,53.5359,1.48456,2.90185,0,0,81.2855,1.93761,0,0,0,3.13649,0,0,1.48456,1.48456,2.90185,2.90185,29.9789,30.138,42.043,41.6309,44.7673,0.35122,0.35122,28.1774,0.488979,0.488979,13.4534,0,10.4417
43,2013-02-13,00:00:00.00,1.77846,53.5359,1.48456,2.90185,0,0,81.2855,1.93761,0,0,0,3.13649,0,0,1.48456,1.48456,2.90185,2.90185,29.9789,30.138,42.043,41.6309,44.7673,0.400469,0.400469,28.1774,0.74327,0.74327,13.4534,0,10.6834
44,2013-02-14,00:00:00.00,1.77846,53.5359,1.48456,2.90185,0,0,81.2855,1.93761,0,0,0,3.13649,0,0,1.48456,1.48456,2.90185,2.90185,29.9789,30.138,42.043,41.6309,44.7673,0.449718,0.449718,28.1774,0.96652,0.96652,13.4534,0,10.8755
45,2013-02-15,00:00:00.00,1.77846,53.5359,1.48456,2.90185,0,0,81.2855,1.93761,0,0,0,3.13649,0,0,1.48456,1.48456,2.90185,2.90185,29.9789,30.138,42.043,41.6309,44.7673,0.498967,0.498967,28.1774,1.18235,1.18235,13.4534,0,11.0242
46,2013-02-16,00:00:00.00,1.77846,53.5359,1.48456,2.93573,0,0,82.2345,1.93761,0,0,0,3.15833,0,0,1.48456,1.48456,2.93573,2.93573,29.9789,30.138,42.043,41.6309,44.7892,0.515802,0.515802,28.1774,1.38729,1.38729,13.4534,0,11.1352
47,2013-02-17,00:00:00.00,1.77846,53.5359,1.48456,2.98317,0,0,83.5631,1.93761,0,0,0,3.18891,0,0,1.48456,1.48456,2.98317,2.98317,29.9789,30.138,42.043,41.6309,44.8198,0.515802,0.515802,28.1774,1.38729,1.38729,13.4534,0,11.2344
48,2013-02-18,00:00:00.00,1.77846,53.5359,1.48456,2.98317,0,0,83.5631,1.93761,0,0,0,3.18891,0,0,1.48456,1.48456,2.98317,2.98317,29.9789,30.138,42.043,41.6309,44.8198,0.515802,0.515802,28.1774,1.38729,1.38729,13.4534,0,11.323
49,2013-02-19,00:00:00.00,1.77846,53.5359,1.48456,3.11869,0,0,87.3592,1.93761,0,0,0,3.27628,0,0,1.48456,1.48456,3.11869,3.11869,29.9789,30.138,42.043,41.6309,44.9071,0.515802,0.515802,28.1774,1.38729,1.38729,13.4534,0,11.4022
50,2013-02-20,00:00:00.00,1.77846,53.5359,1.48456,3.22033,0,0,90.2063,1.93761,0,0,0,3.3418,0,0,1.48456,1.48456,3.22033,3.22033,29.9789,30.138,42.043,41.6309,44.9727,0.525969,0.525969,28.1774,1.60312,1.60312,13.4534,0,11.45
51,2013-02-21,00:00:00.00,1.77846,53.5359,1.48456,3.25421,0,0,91.1553,1.93761,0,0,0,3.36364,0,0,1.48456,1.48456,3.25421,3.25421,29.9789,30.138,42.043,41.6309,44.9945,0.525969,0.525969,28.1774,1.60312,1.60312,13.4534,0,11.4926
52,2013-02-22,00:00:00.00,1.77846,53.5359,1.48456,3.25421,0,0,91.1553,1.93761,0,0,0,3.36364,0,0,1.48456,1.48456,3.25421,3.25421,29.9789,30.138,42.043,41.6309,44.9945,0.525969,0.525969,28.1774,1.60312,1.60312,13.4534,0,11.5307
53,2013-02-23,00:00:00.00,1.77846,53.5359,1.48456,3.28131,0,0,91.9146,1.93761,0,0,0,3.38112,0,0,1.48456,1.48456,3.28131,3.28131,29.9789,30.138,42.043,41.6309,45.012,0.532003,0.532003,28.1774,1.72712,1.72712,13.4534,0,11.5516
54,2013-02-24,00:00:00.00,1.77846,53.5359,1.48456,3.43039,0,0,96.0903,1.93761,0,0,0,3.47722,0,0,1.48456,1.48456,3.43039,3.43039,29.9789,30.138,42.043,41.6309,45.1081,0.541879,0.541879,28.1774,1.90094,1.90094,13.4534,0,11.5517
55,2013-02-25,00:00:00.00,1.77846,53.5359,1.48456,3.43039,0,0,96.0903,1.93761,0,0,0,3.47722,0,0,1.48456,1.48456,3.43039,3.43039,29.9789,30.138,42.043,41.6309,45.1081,0.591128,0.591128,28.1774,1.90155,1.90155,13.4534,0,11.5517
56,2013-02-26,00:00:00.00,1.77846,53.5359,1.48456,3.43716,0,0,96.2801,1.93761,0,0,0,3.48159,0,0,1.48456,1.48456,3.43716,3.43716,29.9789,30.138,42.043,41.6309,45.1124,0.634391,0.634391,28.1774,1.90173,1.90173,13.4534,0,11.5517
57,2013-02-27,00:00:00.00,1.77846,53.5359,1.48456,3.91826,0,0,109.756,1.93761,0,0,0,3.79174,0,0,1.48456,1.48456,3.91826,3.91826,29.9789,30.138,42.043,41.6309,45.4226,0.642229,0.642229,28.1774,1.90173,1.90173,13.4534,0,11.5517
58,2013-02-28,00:00:00.00,1.77846,53.5359,1.49345,4.31307,0,0,120.816,2.26954,0,0,0,4.05385,0,0,1.49345,1.49345,4.31307,4.31307,30.945,30.138,42.043,41.6309,45.6847,0.650538,0.650538,28.1774,1.90173,1.90173,13.4534,0,11.5517
59,2013-03-01,00:00:00.00,2.76327,53.5359,1.49345,4.31307,0,0,120.816,2.26954,0,0,0,4.05385,0,0,1.49345,1.49345,4.31307,4.31307,30.945,30.138,42.043,41.6309,45.6847,0.699787,0.699787,28.1774,1.90173,1.90173,13.4534,0,11.5517
60,2013-03-02,00:00:00.00,3.0765,53.5359,1.49345,4.31307,0,0,120.816,2.26954,0,0,0,4.05385,0,0,1.49345,1.49345,4.31307,4.31307,30.945,30.138,42.043,41.6309,45.6847,0.699787,0.699787,28.1774,1.90173,1.90173,13.4534,0,11.5517
61,2013-03-03,00:00:00.00,3.0765,53.5359,1.49345,4.31307,0,0,120.816,2.26954,0,0,0,4.05385,0,0,1.49345,1.49345,4.31307,4.31307,30.945,30.138,42.043,41.6309,45.6847,0.699787,0.699787,28.1774,1.90173,1.90173,13.4534,0,11.5517
62,2013-03-04,00:00:00.00,3.0765,53.5359,1.49345,4.31307,0,0,120.816,2.26954,0,0,0,4.05385,0,0,1.49345,1.49345,4.31307,4.31307,30.945,30.138,42.043,41.6309,45.6847,0.699787,0.699787,28.1774,1.90173,1.90173,13.4534,0,11.5517
63,2013-03-05,00:00:00.00,3.0765,53.5359,1.49345,4.31307,0,0,120.816,2.26954,0,0,0,4.05385,0,0,1.49345,1.49345,4.31307,4.31307,30.945,30.138,42.043,41.6309,45.6847,0.699787,0.699787,28.1774,1.90173,1.90173,13.4534,0,11.5517
64,2013-03-06,00:00:00.00,3.0765,53.5359,1.49345,4.31307,0,0,120.816,2.26954,0,0,0,4.05385,0,0,1.49345,1.49345,4.31307,4.31307,30.945,30.138,42.043,41.6309,45.6847,0.699787,0.699787,28.1774,1.90173,1.90173,13.4534,0,11.5517
65,2013-03-07,00:00:00.00,3.0765,53.5359,1.49345,4.37406,0,0,122.524,2.26954,0,0,0,4.09316,0,0,1.49345,1.49345,4.37406,4.37406,30.945,30.138,42.043,41.6309,45.724,0.763929,0.763929,28.1774,1.90173,1.90173,13.4534,0,11.5517
66,2013-03-08,00:00:00.00,3.0765,53.5359,1.49345,4.39438,0,0,123.093,2.26954,0,0,0,4.10627,0,0,1.49345,1.49345,4.39438,4.39438,38.069,34.239,42.6964,45.0785,49.1847,0.916139,0.916139,31.625,1.90173,1.90173,13.4534,0,11.5517
67,2013-03-09,00:00:00.00,3.0765,53.5359,1.49345,4.39438,0,0,123.093,2.26954,0,0,0,4.10627,0,0,1.49345,1.49345,4.39438,4.39438,45.2644,41.647,43.7005,51.4825,55.5887,1.08631,1.08631,35.5504,1.90173,1.90173,15.9321,0,11.8158
68,2013-03-10,00:00:00.00,5.10168,53.5359,1.49345,4.39438,0,0,123.093,2.26954,0,0,0,4.10627,0,0,1.49345,1.49345,4.39438,4.39438,45.2644,41.647,43.7005,51.4825,55.5887,1.20432,1.20432,35.5504,2.41883,2.41883,15.9321,0,11.9966
69,2013-03-11,00:00:00.00,5.10168,53.9293,1.56006,4.39438,0,0,123.093,4.36507,0,0,0,4.16305,0,0,1.56006,1.56006,4.39438,4.39438,72.6335,69.9669,46.7694,77.1268,81.2898,1.3161,1.3161,39.014,3.16442,3.16442,38.1127,0,14.4422
70,2013-03-12,00:00:00.00,5.10168,75.0475,2.06585,4.39438,0,0,123.093,4.36507,0,0,0,4.64358,0,0,2.06585,2.06585,4.39438,4.39438,99.0078,97.2574,50.4244,121.88,126.524,1.35028,1.35028,41.1601,4.04305,4.04305,80.7203,0,21.0733
71,2013-03-13,00:00:00.00,5.10168,75.0475,2.06585,4.41471,0,0,123.663,4.36507,0,0,0,4.65668,0,0,2.06585,2.06585,4.41471,4.41471,101.385,99.6977,50.5292,124.216,128.873,1.50249,1.50249,42.4597,4.92168,4.92168,81.7563,0,27.0147
72,2013-03-14,00:00:00.00,6.05274,75.0475,2.06585,4.43504,0,0,124.232,4.36507,0,0,0,4.66979,0,0,2.06585,2.06585,4.43504,4.43504,101.385,99.6977,50.5292,124.216,128.886,1.50725,1.50725,42.4597,5.03679,5.03679,81.7563,0,32.3108
73,2013-03-15,00:00:00.00,6.05274,75.0475,2.06585,4.43504,0,0,124.232,4.36507,0,0,0,4.66979,0,0,2.06585,2.06585,4.43504,4.43504,101.385,99.6977,50.5292,124.216,128.886,1.50725,1.50725,42.4597,5.03679,5.03679,81.7563,0,37.0425
74,2013-03-16,00:00:00.00,6.05274,75.0475,2.06585,4.46214,0,0,124.991,4.36507,0,0,0,4.68726,0,0,2.06585,2.06585,4.46214,4.46214,101.385,99.6977,50.5292,124.216,128.903,1.52688,1.52688,42.4597,5.26171,5.26171,81.7563,0,41.2462
75,2013-03-17,00:00:00.00,6.05274,75.0475,2.06585,4.5028,0,0,126.13,4.36507,0,0,0,4.71347,0,0,2.06585,2.06585,4.5028,4.5028,101.385,99.6977,50.5292,124.216,128.929,1.52688,1.52688,42.4597,5.26171,5.26171,81.7563,0,45.0019
76,2013-03-18,00:00:00.00,6.05274,75.0475,2.06585,4.5028,0,0,126.13,4.36507,0,0,0,4.71347,0,0,2.06585,2.06585,4.5028,4.5028,101.385,99.6977,50.5292,124.216,128.929,1.52688,1.52688,42.4597,5.26171,5.26171,81.7563,0,48.3575
77,2013-03-19,00:00:00.00,6.05274,75.0475,2.06585,4.61122,0,0,129.167,4.36507,0,0,0,4.78336,0,0,2.06585,2.06585,4.61122,4.61122,101.385,99.6977,50.5292,124.216,128.999,1.52688,1.52688,42.4597,5.26171,5.26171,81.7563,0,51.3555
78,2013-03-20,00:00:00.00,6.05274,75.0475,2.06585,4.65865,0,0,130.496,4.36507,0,0,0,4.81394,0,0,2.06585,2.06585,4.65865,4.65865,101.385,99.6977,50.5292,124.216,129.03,1.5338,1.5338,42.4597,5.43173,5.43173,81.7563,0,54.0159
79,2013-03-21,00:00:00.00,6.05274,75.0475,2.06585,4.6722,0,0,130.875,4.36507,0,0,0,4.82268,0,0,2.06585,2.06585,4.6722,4.6722,101.385,99.6977,50.5292,124.216,129.039,1.5338,1.5338,42.4597,5.43173,5.43173,81.7563,0,56.3929
80,2013-03-22,00:00:00.00,6.05274,75.0475,2.06585,4.72641,0,0,132.394,4.36507,0,0,0,4.85763,0,0,2.06585,2.06585,4.72641,4.72641,101.385,99.6977,50.5292,124.216,129.074,1.5338,1.5338,42.4597,5.43173,5.43173,81.7563,0,58.5166
81,2013-03-23,00:00:00.00,6.05274,75.0475,2.06585,4.73319,0,0,132.583,4.36507,0,0,0,4.86199,0,0,2.06585,2.06585,4.73319,4.73319,101.385,99.6977,50.5292,124.216,129.078,1.53947,1.53947,42.4597,5.49192,5.49192,81.7563,0,60.4077
82,2013-03-24,00:00:00.00,6.05274,75.0475,2.06585,4.73319,0,0,132.583,4.36507,0,0,0,4.86199,0,0,2.06585,2.06585,4.73319,4.73319,101.385,99.6977,50.5292,124.216,129.078,1.65748,1.65748,42.4597,6.10125,6.10125,81.7563,0,62.0323
83,2013-03-25,00:00:00.00,6.05274,75.0475,2.06585,4.73319,0,0,132.583,4.36507,0,0,0,4.86199,0,0,2.06585,2.06585,4.73319,4.73319,101.385,99.6977,50.5292,124.216,129.078,1.72231,1.72231,42.4597,6.43601,6.43601,81.7563,0,63.4481
84,2013-03-26,00:00:00.00,6.05274,75.0475,2.06585,4.73319,0,0,132.583,4.36507,0,0,0,4.86199,0,0,2.06585,2.06585,4.73319,4.73319,105.506,102.804,50.6282,127.223,132.085,1.89248,1.89248,43.4222,7.31464,7.31464,83.8011,0,64.8374
85,2013-03-27,00:00:00.00,6.05274,75.0475,2.06585,4.73319,0,0,132.583,4.36507,0,0,0,4.86199,0,0,2.06585,2.06585,4.73319,4.73319,119.829,117.488,51.0668,141.468,146.33,2.06265,2.06265,44.7345,8.19327,8.19327,96.734,0,67.363
86,2013-03-28,00:00:00.00,6.05274,75.3794,2.07473,4.76887,0,0,133.583,4.36507,0,0,0,4.89257,0,0,2.07473,2.07473,4.76887,4.76887,121.092,118.76,51.1064,143.033,147.926,2.19351,2.19351,45.4252,9.06117,9.06117,97.6081,0,69.6201
87,2013-03-29,00:00:00.00,6.05274,75.3794,2.07473,4.76887,0,0,133.583,4.36507,0,0,0,4.89257,0,0,2.07473,2.07473,4.76887,4.76887,129.665,127.631,51.2852,151.725,156.617,2.63365,2.63365,46.3805,9.81013,9.81013,105.344,0,72.3813
88,2013-03-30,00:00:00.00,6.05274,75.3794,2.07473,4.76887,0,0,133.583,4.36507,0,0,0,4.89257,0,0,2.07473,2.07473,4.76887,4.76887,131.228,129.248,51.3651,153.262,158.155,3.51206,3.51206,47.0767,10.5559,10.5559,106.186,0,74.8584
89,2013-03-31,00:00:00.00,6.05274,75.3794,2.07473,4.76887,0,0,133.583,4.36507,0,0,0,4.89257,0,0,2.07473,2.07473,4.76887,4.76887,131.875,129.918,51.4118,153.885,158.778,4.39058,4.39058,47.4578,11.4345,11.4345,106.427,0,77.0038
90,2013-04-01,00:00:00.00,6.05274,77.6769,2.13622,4.78242,0,0,133.963,4.36507,0,0,0,4.95373,0,0,2.13622,2.13622,4.78242,4.78242,133.19,131.265,51.5388,157.403,162.357,5.19417,5.19417,48.5411,12.3131,12.3131,108.862,0,79.0863
91,2013-04-02,00:00:00.00,6.28983,77.6769,2.13622,5.03991,0,0,141.175,4.36507,0,0,0,5.11973,0,0,2.13622,2.13622,5.03991,5.03991,133.19,131.265,51.5388,157.403,162.523,5.19417,5.19417,48.5411,12.3131,12.3131,108.862,0,80.947
92,2013-04-03,00:00:00.00,6.28983,77.6769,2.13622,5.09412,0,0,142.694,4.36507,0,0,0,5.15467,0,0,2.13622,2.13622,5.09412,5.09412,133.19,131.265,51.5388,157.403,162.558,5.19417,5.19417,48.5411,12.3131,12.3131,108.862,0,82.6094
93,2013-04-04,00:00:00.00,6.28983,77.6769,2.13622,5.09412,0,0,142.694,4.36507,0,0,0,5.15467,0,0,2.13622,2.13622,5.09412,5.09412,133.19,131.265,51.5388,157.403,162.558,5.19417,5.19417,48.5411,12.3131,12.3131,108.862,0,84.0947
94,2013-04-05,00:00:00.00,6.28983,77.6769,2.13622,5.09412,0,0,142.694,4.36507,0,0,0,5.15467,0,0,2.13622,2.13622,5.09412,5.09412,133.19,131.265,51.5388,157.403,162.558,5.19417,5.19417,48.5411,12.3131,12.3131,108.862,0,85.4217
95,2013-04-06,00:00:00.00,6.28983,77.6769,2.13622,5.09412,0,0,142.694,4.36507,0,0,0,5.15467,0,0,2.13622,2.13622,5.09412,5.09412,136.127,133.873,51.5926,159.957,165.112,5.19417,5.19417,49.1621,12.3131,12.3131,110.795,0,86.8133
96,2013-04-07,00:00:00.00,6.61559,77.6769,2.1383,5.10492,0,0,142.996,4.44276,0,0,0,5.16341,0,0,2.1383,2.1383,5.10492,5.10492,136.127,133.873,51.5926,159.957,165.12,5.19417,5.19417,49.1621,12.3131,12.3131,110.795,0,88.0565
97,2013-04-08,00:00:00.00,6.61559,77.6769,2.1383,5.10492,0,0,142.996,4.44276,0,0,0,5.16341,0,0,2.1383,2.1383,5.10492,5.10492,143.508,141.123,51.7705,167.03,172.193,7.14276,7.14276,50.2478,14.2617,14.2617,116.782,0,89.5977
98,2013-04-09,00:00:00.00,6.61559,87.6327,2.40473,5.10492,0,0,142.996,4.44276,0,0,0,5.39057,0,0,2.40473,2.40473,5.10492,5.10492,145.082,142.752,52.0845,178.3,183.691,7.91764,7.91764,51.2173,15.2155,15.2155,127.083,0,91.9705
99,2013-04-10,00:00:00.00,6.61559,111.306,2.91052,5.10492,0,0,142.996,4.44276,0,0,0,5.92788,0,0,2.91052,2.91052,5.10492,5.10492,147.467,145.219,52.6802,203.846,209.774,9.93164,9.93164,52.2702,17.6615,17.6615,151.575,0,96.4396
100,2013-04-11,00:00:00.00,6.61559,124.134,3.25381,5.10492,0,0,142.996,4.44276,0,0,0,6.22056,0,0,3.25381,3.25381,5.10492,5.10492,148.778,146.576,53.0153,217.695,223.915,10.2743,10.2743,53.1287,18.1178,18.1178,164.566,0,101.768
101,2013-04-12,00:00:00.00,6.64457,124.134,3.25381,5.66733,0,0,158.75,4.44276,0,0,0,6.58313,0,0,3.25381,3.25381,5.66733,5.66733,148.778,146.576,53.0153,217.695,224.278,10.2743,10.2743,53.1287,18.1178,18.1178,164.566,0,106.529
102,2013-04-13,00:00:00.00,6.64457,127.386,3.35633,5.94507,0,0,166.532,5.01999,0,0,0,6.8496,0,0,3.35633,3.35633,5.94507,5.94507,148.778,146.576,53.0788,220.883,227.733,10.2743,10.2743,53.8158,18.1178,18.1178,167.068,0,111.049
103,2013-04-14,00:00:00.00,6.64457,129.031,3.40757,5.95862,0,0,166.911,5.2903,0,0,0,6.90202,0,0,3.40757,3.40757,5.95862,5.95862,160.26,158.444,53.2928,234.182,241.084,10.2743,10.2743,54.3353,18.1178,18.1178,179.846,0,116.449
104,2013-04-15,00:00:00.00,6.64457,129.031,3.40757,5.95862,0,0,166.911,5.2903,0,0,0,6.90202,0,0,3.40757,3.40757,5.95862,5.95862,171.047,169.606,53.4255,245.211,252.113,10.2743,10.2743,54.7335,18.1178,18.1178,190.477,0,122.406
105,2013-04-16,00:00:00.00,6.64457,129.988,3.43319,5.95862,0,0,166.911,5.2903,0,0,0,6.92386,0,0,3.43319,3.43319,5.95862,5.95862,173.556,172.202,53.4539,248.736,255.659,12.9017,12.9017,55.5408,20.7708,20.7708,193.195,0,127.735
106,2013-04-17,00:00:00.00,6.64457,131.328,3.46906,5.95862,0,0,166.911,5.2903,0,0,0,6.95444,0,0,3.46906,3.46906,5.95862,5.95862,173.556,172.202,53.4784,250.051,257.006,15.5188,15.5188,56.6802,23.4238,23.4238,193.371,0,132.233
107,2013-04-18,00:00:00.00,6.64457,145.305,3.84308,5.95862,0,0,166.911,5.2903,0,0,0,7.27333,0,0,3.84308,3.84308,5.95862,5.95862,173.556,172.202,53.8403,263.666,270.939,17.1241,17.1241,57.8391,25.3724,25.3724,205.827,0,137.371
108,2013-04-19,00:00:00.00,6.64457,159.281,4.21711,5.95862,0,0,166.911,5.2903,0,0,0,7.59222,0,0,4.21711,4.21711,5.95862,5.95862,173.556,172.202,54.21,277.273,284.865,19.4031,19.4031,59.1375,28.0254,28.0254,218.135,0,142.99
109,2013-04-20,00:00:00.00,6.64457,162.919,4.31446,5.98573,0,0,167.671,5.2903,0,0,0,7.6927,0,0,4.31446,4.31446,5.98573,5.98573,174.315,172.961,54.341,281.538,289.231,21.9316,21.9316,60.6403,30.6783,30.6783,220.898,0,148.023
110,2013-04-21,00:00:00.00,6.64457,162.919,4.31446,5.9925,0,0,167.86,5.2903,0,0,0,7.69706,0,0,4.31446,4.31446,5.9925,5.9925,174.315,172.961,54.341,281.538,289.236,21.9316,21.9316,60.6403,30.6783,30.6783,220.898,0,152.519
111,2013-04-22,00:00:00.00,6.64457,162.919,4.31446,5.9925,0,0,167.86,5.2903,0,0,0,7.69706,0,0,4.31446,4.31446,5.9925,5.9925,174.505,173.151,54.3476,281.722,289.419,21.9316,21.9316,60.8235,30.6783,30.6783,220.898,0,156.536
112,2013-04-23,00:00:00.00,6.64457,162.919,4.31446,5.9925,0,0,167.86,5.2903,0,0,0,7.69706,0,0,4.31446,4.31446,5.9925,5.9925,174.505,173.151,54.3476,281.722,289.419,23.5486,23.5486,60.8235,32.2953,32.2953,220.898,0,159.953
113,2013-04-24,00:00:00.00,6.64457,163.493,4.32983,5.9925,0,0,167.86,5.2903,0,0,0,7.71017,0,0,4.32983,4.32983,5.9925,5.9925,174.505,173.151,54.3718,282.272,289.982,26.1862,26.1862,61.3737,34.9483,34.9483,220.898,0,162.723
114,2013-04-25,00:00:00.00,6.64457,172.109,4.5604,5.9925,0,0,167.86,5.2903,0,0,0,7.90675,0,0,4.5604,4.5604,5.9925,5.9925,174.505,173.151,54.8295,290.43,298.337,28.07,28.07,63.5114,37.0627,37.0627,226.918,0,165.614
115,2013-04-26,00:00:00.00,6.64457,174.406,4.62188,5.9925,0,0,167.86,5.2903,0,0,0,7.95917,0,0,4.62188,4.62188,5.9925,5.9925,174.505,173.151,54.9429,292.614,300.573,28.1679,28.1679,65.2487,37.1874,37.1874,227.365,0,168.231
116,2013-04-27,00:00:00.00,6.64457,174.406,4.62188,5.9925,0,0,167.86,5.2903,0,0,0,7.95917,0,0,4.62188,4.62188,5.9925,5.9925,174.505,173.151,54.9429,292.614,300.573,29.7848,29.7848,65.2487,38.8044,38.8044,227.365,0,170.397
117,2013-04-28,00:00:00.00,6.64457,174.406,4.62188,5.9925,0,0,167.86,5.2903,0,0,0,7.95917,0,0,4.62188,4.62188,5.9925,5.9925,174.505,173.151,54.9429,292.614,300.573,32.4378,32.4378,65.2487,41.4574,41.4574,227.365,0,172.05
118,2013-04-29,00:00:00.00,6.64457,181.299,4.80633,5.9925,0,0,167.86,5.2903,0,0,0,8.11643,0,0,4.80633,4.80633,5.9925,5.9925,174.505,173.151,55.3763,299.073,307.189,34.9063,34.9063,67.8354,44.1103,44.1103,231.238,0,173.656
119,2013-04-30,00:00:00.00,6.64457,181.299,4.80633,5.9925,0,0,167.86,5.2903,0,0,0,8.11643,0,0,4.80633,4.80633,5.9925,5.9925,174.505,173.151,55.3763,299.073,307.189,37.5593,37.5593,67.8354,46.7633,46.7633,231.238,0,174.809
120,2013-05-01,00:00:00.00,6.64457,181.299,4.80633,5.9925,0,0,167.86,5.2903,0,0,0,8.11643,0,0,4.80633,4.80633,5.9925,5.9925,174.505,173.151,55.3763,299.073,307.189,40.2123,40.2123,67.8354,49.4163,49.4163,231.238,0,175.556
121,2013-05-02,00:00:00.00,6.64457,181.299,4.80633,5.9925,0,0,167.86,5.2903,0,0,0,8.11643,0,0,4.80633,4.80633,5.9925,5.9925,174.505,173.151,55.3763,299.073,307.189,45.7934,45.7934,67.8354,54.979,54.979,231.238,0,175.631
122,2013-05-03,00:00:00.00,6.64457,181.299,4.80633,5.9925,0,0,167.86,5.2903,0,0,0,8.11643,0,0,4.80633,4.80633,5.9925,5.9925,174.505,173.151,55.3763,299.073,307.189,51.3745,51.3745,67.8354,55.6066,55.6066,231.238,0,175.631
123,2013-05-04,00:00:00.00,6.64457,181.299,4.80633,5.9925,0,0,167.86,5.2903,0,0,0,8.11643,0,0,4.80633,4.80633,5.9925,5.9925,174.505,173.151,55.3763,299.073,307.189,56.9556,56.9556,67.8354,55.6066,55.6066,231.238,0,175.631
124,2013-05-05,00:00:00.00,6.64457,181.299,4.80633,5.9925,0,0,167.86,5.2903,0,0,0,8.11643,0,0,4.80633,4.80633,5.9925,5.9925,174.505,173.151,55.3763,299.073,307.189,62.5367,62.5367,67.8354,55.6066,55.6066,231.238,0,175.631
125,2013-05-06,00:00:00.00,6.64457,181.299,4.80633,5.9925,0,0,167.86,5.2903,0,0,0,8.11643,0,0,4.80633,4.80633,5.9925,5.9925,174.505,173.151,55.3763,299.073,307.189,68.1178,68.1178,67.8354,55.6066,55.6066,231.238,0,175.631
126,2013-05-07,00:00:00.00,6.64457,181.299,4.80633,5.9925,0,0,167.86,5.2903,0,0,0,8.11643,0,0,4.80633,4.80633,5.9925,5.9925,174.505,173.151,55.3763,299.073,307.189,73.6436,73.6436,67.8354,55.6066,55.6066,231.238,0,175.631
127,2013-05-08,00:00:00.00,6.64457,181.299,4.80633,5.9925,0,0,167.86,5.2903,0,0,0,8.11643,0,0,4.80633,4.80633,5.9925,5.9925,174.505,173.151,55.3763,299.073,307.189,78.647,78.647,67.8354,55.6066,55.6066,231.238,0,175.631
128,2013-05-09,00:00:00.00,6.64457,182.064,4.82683,5.9925,0,0,167.86,5.2903,0,0,0,8.1339,0,0,4.82683,4.82683,5.9925,5.9925,174.505,173.151,55.6333,299.582,307.716,83.154,83.154,68.3442,55.6066,55.6066,231.238,0,175.631
129,2013-05-10,00:00:00.00,6.64457,182.256,4.83195,5.9925,0,0,167.86,5.2903,0,0,0,8.13827,0,0,4.83195,4.83195,5.9925,5.9925,174.505,173.151,55.7031,299.703,307.842,87.2778,87.2778,68.4659,55.6066,55.6066,231.238,0,175.631
130,2013-05-11,00:00:00.00,6.64457,204.357,5.33774,5.9925,0,0,167.86,5.2903,0,0,0,8.64063,0,0,5.33774,5.33774,5.9925,5.9925,174.505,173.151,64.4547,313.053,321.694,88.9515,88.9515,78.8173,55.6066,55.6066,234.236,0,175.95
131,2013-05-12,00:00:00.00,6.64457,204.548,5.34287,5.9925,0,0,167.86,5.2903,0,0,0,8.645,0,0,5.34287,5.34287,5.9925,5.9925,174.505,173.151,64.5055,313.194,321.839,88.9515,88.9515,78.9579,55.6066,55.6066,234.236,0,176.236
132,2013-05-13,00:00:00.00,6.64457,204.548,5.34287,6.08059,0,0,170.328,5.2903,0,0,0,8.70179,0,0,5.34287,5.34287,6.08059,6.08059,176.972,175.618,65.1576,315.009,323.711,88.9515,88.9515,80.7733,55.6066,55.6066,234.236,0,176.491
133,2013-05-14,00:00:00.00,6.64457,204.548,5.34287,6.08059,0,0,170.328,5.2903,0,0,0,8.70179,0,0,5.34287,5.34287,6.08059,6.08059,176.972,175.618,65.1576,315.009,323.711,88.9515,88.9515,80.7733,55.6066,55.6066,234.236,0,176.719
134,2013-05-15,00:00:00.00,6.64457,205.314,5.36336,6.08059,0,0,170.328,5.2903,0,0,0,8.71926,0,0,5.36336,5.36336,6.08059,6.08059,176.972,175.618,65.347,315.585,324.305,88.9515,88.9515,81.3497,55.6066,55.6066,234.236,0,176.922
135,2013-05-16,00:00:00.00,6.64457,205.314,5.36336,6.08059,0,0,170.328,5.2903,0,0,0,8.71926,0,0,5.36336,5.36336,6.08059,6.08059,176.972,175.618,65.347,315.585,324.305,92.1168,92.1168,81.3497,57.3108,57.3108,234.236,0,176.923
136,2013-05-17,00:00:00.00,6.64457,205.314,5.36336,6.08059,0,0,170.328,5.2903,0,0,0,8.71926,0,0,5.36336,5.36336,6.08059,6.08059,176.972,175.618,65.347,315.585,324.305,94.8926,94.8926,81.3497,57.3131,57.3131,234.236,0,176.923
137,2013-05-18,00:00:00.00,6.64457,205.314,5.36336,6.08059,0,0,170.328,5.2903,0,0,0,8.71926,0,0,5.36336,5.36336,6.08059,6.08059,176.972,175.618,65.347,315.585,324.305,94.8926,94.8926,81.3497,57.3131,57.3131,234.236,0,176.923
138,2013-05-19,00:00:00.00,6.64457,205.314,5.36336,6.08059,0,0,170.328,5.2903,0,0,0,8.71926,0,0,5.36336,5.36336,6.08059,6.08059,176.972,175.618,65.347,315.585,324.305,98.1856,98.1856,81.3497,57.3131,57.3131,234.236,0,176.923
139,2013-05-20,00:00:00.00,6.64457,205.314,5.36336,6.08059,0,0,170.328,5.2903,0,0,0,8.71926,0,0,5.36336,5.36336,6.08059,6.08059,176.972,175.618,65.347,315.585,324.305,103.082,103.082,81.3497,57.3131,57.3131,234.236,0,176.923
140,2013-05-21,00:00:00.00,6.64457,216.802,5.67078,6.08059,0,0,170.328,5.2903,0,0,0,8.98136,0,0,5.67078,5.67078,6.08059,6.08059,176.972,175.618,69.2827,323.137,332.119,107.615,107.615,88.9015,57.3131,57.3131,234.236,0,176.923
141,2013-05-22,00:00:00.00,6.64457,248.535,6.17657,6.08059,0,0,170.328,5.2903,0,0,0,9.69778,0,0,6.17657,6.17657,6.08059,6.08059,176.972,175.618,78.5332,345.62,355.318,112.689,112.689,97.2485,57.3131,57.3131,248.372,0,178.429
142,2013-05-23,00:00:00.00,6.64457,250.641,6.23293,6.08059,0,0,170.328,5.2903,0,0,0,9.74583,0,0,6.23293,6.23293,6.08059,6.08059,176.972,175.618,78.9703,347.289,357.035,118.213,118.213,98.9174,62.8943,62.8943,248.372,0,179.18
143,2013-05-24,00:00:00.00,6.64457,253.322,6.30466,6.08059,0,0,170.328,5.2903,0,0,0,9.80699,0,0,6.30466,6.30466,6.08059,6.08059,176.972,175.618,79.5859,349.354,359.161,120.609,120.609,100.982,65.3625,65.3625,248.372,0,179.588
144,2013-05-25,00:00:00.00,6.64457,253.513,6.30979,6.08059,0,0,170.328,5.2903,0,0,0,9.81135,0,0,6.30979,6.30979,6.08059,6.08059,176.972,175.618,79.6295,349.502,359.313,120.609,120.609,101.13,65.3625,65.3625,248.372,0,179.952
145,2013-05-26,00:00:00.00,6.64457,253.513,6.30979,6.08059,0,0,170.328,5.2903,0,0,0,9.81135,0,0,6.30979,6.30979,6.08059,6.08059,176.972,175.618,79.6295,349.502,359.313,120.609,120.609,101.13,65.3625,65.3625,248.372,0,180.278
146,2013-05-27,00:00:00.00,6.64457,253.513,6.30979,6.08059,0,0,170.328,5.2903,0,0,0,9.81135,0,0,6.30979,6.30979,6.08059,6.08059,176.972,175.618,79.6295,349.502,359.313,120.609,120.609,101.13,65.3625,65.3625,248.372,0,180.569
147,2013-05-28,00:00:00.00,6.64457,256.385,6.38664,6.08059,0,0,170.328,5.2903,0,0,0,9.87688,0,0,6.38664,6.38664,6.08059,6.08059,176.972,175.618,80.2801,351.723,361.6,122.651,122.651,103.351,67.4335,67.4335,248.372,0,180.608
148,2013-05-29,00:00:00.00,6.64457,272.85,6.82727,6.08059,0,0,170.328,5.2903,0,0,0,10.2526,0,0,6.82727,6.82727,6.08059,6.08059,176.972,175.618,83.9214,364.547,374.8,124.689,124.689,110.241,67.7633,67.7633,254.306,0,181.241
149,2013-05-30,00:00:00.00,6.64457,273.999,6.85802,6.08059,0,0,170.328,5.2903,0,0,0,10.2788,0,0,6.85802,6.85802,6.08059,6.08059,176.972,175.618,84.1143,365.503,375.782,130.239,130.239,111.197,73.0561,73.0561,254.306,0,181.242
150,2013-05-31,00:00:00.00,6.64457,274.956,6.88363,6.08059,0,0,170.328,5.2903,0,0,0,10.3006,0,0,6.88363,6.88363,6.08059,6.08059,176.972,175.618,84.3011,366.273,376.574,135.795,135.795,111.967,73.0646,73.0646,254.306,0,181.242
151,2013-06-01,00:00:00.00,6.64457,280.317,7.0271,6.08059,0,0,170.328,5.2903,0,0,0,10.4229,0,0,7.0271,7.0271,6.08059,6.08059,176.972,175.618,85.5048,370.43,380.853,141.232,141.232,116.124,73.0646,73.0646,254.306,0,181.242
152,2013-06-02,00:00:00.00,6.64457,292.953,7.36526,6.08059,0,0,170.328,5.2903,0,0,0,10.7112,0,0,7.36526,7.36526,6.08059,6.08059,176.972,175.618,88.3485,380.223,390.934,148.225,148.225,124.192,73.0646,73.0646,256.031,0,181.425
153,2013-06-03,00:00:00.00,6.64457,294.868,7.4165,6.08059,0,0,170.328,5.2903,0,0,0,10.7549,0,0,7.4165,7.4165,6.08059,6.08059,176.972,175.618,88.7314,381.755,392.51,152.246,152.246,125.724,74.6056,74.6056,256.031,0,181.425
154,2013-06-04,00:00:00.00,6.64457,294.868,7.4165,6.08059,0,0,170.328,5.2903,0,0,0,10.7549,0,0,7.4165,7.4165,6.08059,6.08059,176.972,175.618,88.7314,381.755,392.51,152.246,152.246,125.724,74.6056,74.6056,256.031,0,181.425
155,2013-06-05,00:00:00.00,6.64457,294.868,7.4165,6.08059,0,0,170.328,5.2903,0,0,0,10.7549,0,0,7.4165,7.4165,6.08059,6.08059,176.972,175.618,88.7314,381.755,392.51,152.246,152.246,125.724,74.6056,74.6056,256.031,0,181.425
156,2013-06-06,00:00:00.00,6.64457,294.868,7.4165,6.08059,0,0,170.328,5.2903,0,0,0,10.7549,0,0,7.4165,7.4165,6.08059,6.08059,176.972,175.618,88.7314,381.755,392.51,152.246,152.246,125.724,74.6056,74.6056,256.031,0,181.425
157,2013-06-07,00:00:00.00,6.64457,299.846,7.54971,6.08059,0,0,170.328,5.2903,0,0,0,10.8685,0,0,7.54971,7.54971,6.08059,6.08059,176.972,175.618,89.7936,385.67,396.539,152.246,152.246,129.639,74.6056,74.6056,256.031,0,181.425
158,2013-06-08,00:00:00.00,6.64457,300.037,7.55484,6.08059,0,0,170.328,5.2903,0,0,0,10.8729,0,0,7.55484,7.55484,6.08059,6.08059,176.972,175.618,89.8284,385.827,396.7,152.246,152.246,129.796,74.6056,74.6056,256.031,0,181.425
159,2013-06-09,00:00:00.00,6.64457,300.037,7.55484,6.08059,0,0,170.328,5.2903,0,0,0,10.8729,0,0,7.55484,7.55484,6.08059,6.08059,176.972,175.618,89.8284,385.827,396.7,152.246,152.246,129.796,74.6056,74.6056,256.031,0,181.425
160,2013-06-10,00:00:00.00,6.64457,304.632,7.67781,6.08059,0,0,170.328,5.2903,0,0,0,10.9777,0,0,7.67781,7.67781,6.08059,6.08059,176.972,175.618,90.6589,389.592,400.569,152.523,152.523,133.561,74.6056,74.6056,256.031,0,181.425
161,2013-06-11,00:00:00.00,6.64457,321.289,8.12356,6.08059,0,0,170.328,5.2903,0,0,0,11.3578,0,0,8.12356,8.12356,6.08059,6.08059,176.972,175.618,93.2308,403.676,415.034,152.523,152.523,138.277,74.6056,74.6056,265.4,0,182.424
162,2013-06-12,00:00:00.00,6.64457,321.289,8.12356,6.08059,0,0,170.328,5.2903,0,0,0,11.3578,0,0,8.12356,8.12356,6.08059,6.08059,176.972,175.618,93.2308,403.676,415.034,157.06,157.06,138.277,79.1433,79.1433,265.4,0,182.832
163,2013-06-13,00:00:00.00,6.64457,323.395,8.17992,6.08059,0,0,170.328,5.2903,0,0,0,11.4058,0,0,8.17992,8.17992,6.08059,6.08059,176.972,175.618,93.5214,405.492,416.898,161.076,161.076,140.092,82.5676,82.5676,265.4,0,182.832
164,2013-06-14,00:00:00.00,6.64457,325.501,8.23628,6.08059,0,0,170.328,5.2903,0,0,0,11.4539,0,0,8.23628,8.23628,6.08059,6.08059,176.972,175.618,93.8358,407.284,418.737,164.159,164.159,141.884,82.5676,82.5676,265.4,0,182.832
165,2013-06-15,00:00:00.00,6.64457,325.501,8.23628,6.08059,0,0,170.328,5.2903,0,0,0,11.4539,0,0,8.23628,8.23628,6.08059,6.08059,176.972,175.618,93.8358,407.284,418.737,166.834,166.834,141.884,82.5676,82.5676,265.4,0,182.832
166,2013-06-16,00:00:00.00,6.64457,330.288,8.36437,6.08059,0,0,170.328,5.2903,0,0,0,11.5631,0,0,8.36437,8.36437,6.08059,6.08059,176.972,175.618,94.6558,411.25,422.813,166.834,166.834,145.85,82.5676,82.5676,265.4,0,182.832
167,2013-06-17,00:00:00.00,6.64457,345.987,8.78451,6.08059,0,0,170.328,5.2903,0,0,0,11.9213,0,0,8.78451,8.78451,6.08059,6.08059,176.972,175.618,96.8923,424.713,436.634,168.653,168.653,150.6,82.5676,82.5676,274.113,0,183.761
168,2013-06-18,00:00:00.00,6.64457,346.37,8.79476,6.08059,0,0,170.328,5.2903,0,0,0,11.93,0,0,8.79476,8.79476,6.08059,6.08059,176.972,175.618,96.9354,425.053,436.983,171.783,171.783,150.94,85.7077,85.7077,274.113,0,184.255
169,2013-06-19,00:00:00.00,6.64457,346.37,8.79476,6.08059,0,0,170.328,5.2903,0,0,0,11.93,0,0,8.79476,8.79476,6.08059,6.08059,176.972,175.618,96.9354,425.053,436.983,171.783,171.783,150.94,85.7077,85.7077,274.113,0,184.698
170,2013-06-20,00:00:00.00,6.64457,346.37,8.79476,6.08059,0,0,170.328,5.2903,0,0,0,11.93,0,0,8.79476,8.79476,6.08059,6.08059,176.972,175.618,96.9354,425.053,436.983,171.783,171.783,150.94,85.7077,85.7077,274.113,0,185.093
171,2013-06-21,00:00:00.00,6.64457,346.37,8.79476,6.08059,0,0,170.328,5.2903,0,0,0,11.93,0,0,8.79476,8.79476,6.08059,6.08059,176.972,175.618,96.9354,425.053,436.983,172.128,172.128,150.94,86.0524,86.0524,274.113,0,185.409
172,2013-06-22,00:00:00.00,6.64457,346.37,8.79476,6.08059,0,0,170.328,5.2903,0,0,0,11.93,0,0,8.79476,8.79476,6.08059,6.08059,176.972,175.618,96.9354,425.053,436.983,177.597,177.597,150.94,88.7042,88.7042,274.113,0,185.409
173,2013-06-23,00:00:00.00,6.64457,358.432,9.11755,6.08059,0,0,170.328,5.2903,0,0,0,12.2052,0,0,9.11755,9.11755,6.08059,6.08059,176.972,175.618,98.9005,435.15,447.355,184.729,184.729,157.359,88.7042,88.7042,277.791,0,185.801
174,2013-06-24,00:00:00.00,6.64457,358.432,9.11755,6.08059,0,0,170.328,5.2903,0,0,0,12.2052,0,0,9.11755,9.11755,6.08059,6.08059,176.972,175.618,98.9005,435.15,447.355,192.183,192.183,157.359,91.9898,91.9898,277.791,0,185.801
175,2013-06-25,00:00:00.00,6.64457,370.111,9.43009,6.08059,0,0,170.328,5.2903,0,0,0,12.4717,0,0,9.43009,9.43009,6.08059,6.08059,176.972,175.618,101.252,444.477,456.948,199.324,199.324,164.861,91.9898,91.9898,279.615,0,185.995
176,2013-06-26,00:00:00.00,6.64457,370.494,9.44034,6.08059,0,0,170.328,5.2903,0,0,0,12.4804,0,0,9.44034,9.44034,6.08059,6.08059,176.972,175.618,101.323,444.789,457.269,206.768,206.768,165.174,93.62,93.62,279.615,0,185.995
177,2013-06-27,00:00:00.00,6.64457,370.494,9.44034,6.08059,0,0,170.328,5.2903,0,0,0,12.4804,0,0,9.44034,9.44034,6.08059,6.08059,176.972,175.618,101.323,444.789,457.269,214.221,214.221,165.174,93.62,93.62,279.615,0,185.995
178,2013-06-28,00:00:00.00,6.64457,380.45,9.70677,6.08059,0,0,170.328,5.2903,0,0,0,12.7076,0,0,9.70677,9.70677,6.08059,6.08059,176.972,175.618,104.108,451.959,464.667,221.332,221.332,172.344,93.62,93.62,279.615,0,185.995
179,2013-06-29,00:00:00.00,6.64457,391.171,9.9937,6.08059,0,0,170.328,5.2903,0,0,0,12.9522,0,0,9.9937,9.9937,6.08059,6.08059,176.972,175.618,106.898,459.891,472.844,226.513,226.513,180.276,93.62,93.62,279.615,0,185.995
180,2013-06-30,00:00:00.00,6.64457,391.554,10.0039,6.08059,0,0,170.328,5.2903,0,0,0,12.9609,0,0,10.0039,10.0039,6.08059,6.08059,176.972,175.618,106.984,460.189,473.15,232.437,232.437,180.574,93.62,93.62,279.615,0,185.995
181,2013-07-01,00:00:00.00,6.64457,391.554,10.0039,6.08059,0,0,170.328,5.2903,0,0,0,12.9609,0,0,10.0039,10.0039,6.08059,6.08059,176.972,175.618,106.984,460.189,473.15,237.386,237.386,180.574,93.62,93.62,279.615,0,185.995
182,2013-07-02,00:00:00.00,6.64457,391.554,10.0039,6.08059,0,0,170.328,5.2903,0,0,0,12.9609,0,0,10.0039,10.0039,6.08059,6.08059,176.972,175.618,106.984,460.189,473.15,237.386,237.386,180.574,93.62,93.62,279.615,0,185.995
183,2013-07-03,00:00:00.00,6.64457,391.554,10.0039,6.08059,0,0,170.328,5.2903,0,0,0,12.9609,0,0,10.0039,10.0039,6.08059,6.08059,176.972,175.618,106.984,460.189,473.15,237.812,237.812,180.574,93.62,93.62,279.615,0,185.995
184,2013-07-04,00:00:00.00,6.64457,422.501,10.5097,6.08059,0,0,170.328,5.2903,0,0,0,13.6599,0,0,10.5097,10.5097,6.08059,6.08059,176.972,175.618,116.192,481.928,495.588,242.762,242.762,189.059,93.62,93.62,292.869,0,187.407
185,2013-07-05,00:00:00.00,6.64457,424.416,10.561,6.08059,0,0,170.328,5.2903,0,0,0,13.7036,0,0,10.561,10.561,6.08059,6.08059,176.972,175.618,116.597,483.437,497.141,250.661,250.661,190.568,101.572,101.572,292.869,0,187.822
186,2013-07-06,00:00:00.00,6.64457,439.35,10.9606,6.08059,0,0,170.328,5.2903,0,0,0,14.0443,0,0,10.9606,10.9606,6.08059,6.08059,176.972,175.618,120.343,494.624,508.669,256.715,256.715,199.017,105.047,105.047,295.607,0,188.114
187,2013-07-07,00:00:00.00,6.64457,444.327,11.0938,6.08059,0,0,170.328,5.2903,0,0,0,14.1579,0,0,11.0938,11.0938,6.08059,6.08059,176.972,175.618,121.392,498.554,512.712,264.532,264.532,202.947,107.494,107.494,295.607,0,188.114
188,2013-07-08,00:00:00.00,6.64457,451.794,11.2937,6.08059,0,0,170.328,5.2903,0,0,0,14.3282,0,0,11.2937,11.2937,6.08059,6.08059,176.972,175.618,123.102,504.311,518.639,272.313,272.313,208.703,107.494,107.494,295.607,0,188.114
189,2013-07-09,00:00:00.00,6.64457,469.984,11.7793,6.08059,0,0,170.328,5.2903,0,0,0,14.7432,0,0,11.7793,11.7793,6.08059,6.08059,176.972,175.618,127.305,518.297,533.04,279.808,279.808,216.78,107.494,107.494,301.517,0,188.743
190,2013-07-10,00:00:00.00,6.64457,472.473,11.8459,6.08059,0,0,170.328,5.2903,0,0,0,14.8,0,0,11.8459,11.8459,6.08059,6.08059,176.972,175.618,127.804,520.287,535.087,284.699,284.699,218.77,112.419,112.419,301.517,0,188.781
191,2013-07-11,00:00:00.00,6.64457,472.473,11.8459,6.08059,0,0,170.328,5.2903,0,0,0,14.8,0,0,11.8459,11.8459,6.08059,6.08059,176.972,175.618,127.804,520.287,535.087,292.68,292.68,218.77,112.736,112.736,301.517,0,188.781
192,2013-07-12,00:00:00.00,6.64457,472.473,11.8459,6.08059,0,0,170.328,5.2903,0,0,0,14.8,0,0,11.8459,11.8459,6.08059,6.08059,176.972,175.618,127.804,520.287,535.087,292.68,292.68,218.77,112.736,112.736,301.517,0,188.781
193,2013-07-13,00:00:00.00,6.64457,472.473,11.8459,6.08059,0,0,170.328,5.2903,0,0,0,14.8,0,0,11.8459,11.8459,6.08059,6.08059,176.972,175.618,127.804,520.287,535.087,295.063,295.063,218.77,112.736,112.736,301.517,0,188.781
194,2013-07-14,00:00:00.00,6.64457,472.473,11.8459,6.08059,0,0,170.328,5.2903,0,0,0,14.8,0,0,11.8459,11.8459,6.08059,6.08059,176.972,175.618,127.804,520.287,535.087,298.285,298.285,218.77,112.736,112.736,301.517,0,188.781
195,2013-07-15,00:00:00.00,6.64457,472.473,11.8459,6.08059,0,0,170.328,5.2903,0,0,0,14.8,0,0,11.8459,11.8459,6.08059,6.08059,176.972,175.618,127.804,520.287,535.087,305.256,305.256,218.77,112.736,112.736,301.517,0,188.781
196,2013-07-16,00:00:00.00,6.64457,472.473,11.8459,6.08059,0,0,170.328,5.2903,0,0,0,14.8,0,0,11.8459,11.8459,6.08059,6.08059,176.972,175.618,127.804,520.287,535.087,311.22,311.22,218.77,112.736,112.736,301.517,0,188.781
197,2013-07-17,00:00:00.00,6.64457,472.473,11.8459,6.08059,0,0,170.328,5.2903,0,0,0,14.8,0,0,11.8459,11.8459,6.08059,6.08059,176.972,175.618,127.804,520.287,535.087,316.323,316.323,218.77,112.736,112.736,301.517,0,188.781
198,2013-07-18,00:00:00.00,6.64457,472.473,11.8459,6.08059,0,0,170.328,5.2903,0,0,0,14.8,0,0,11.8459,11.8459,6.08059,6.08059,176.972,175.618,127.804,520.287,535.087,320.69,320.69,218.77,112.736,112.736,301.517,0,188.781
199,2013-07-19,00:00:00.00,6.64457,472.473,11.8459,6.08059,0,0,170.328,5.2903,0,0,0,14.8,0,0,11.8459,11.8459,6.08059,6.08059,176.972,175.618,127.804,520.287,535.087,324.426,324.426,218.77,112.736,112.736,301.517,0,188.781
200,2013-07-20,00:00:00.00,6.64457,483.195,12.1328,6.08059,0,0,170.328,5.2903,0,0,0,15.0447,0,0,12.1328,12.1328,6.08059,6.08059,176.972,175.618,133.513,525.3,540.345,328.298,328.298,223.783,112.736,112.736,301.517,0,188.781
201,2013-07-21,00:00:00.00,6.64457,483.195,12.1328,6.08059,0,0,170.328,5.2903,0,0,0,15.0447,0,0,12.1328,12.1328,6.08059,6.08059,176.972,175.618,133.513,525.3,540.345,331.945,331.945,223.783,112.736,112.736,301.517,0,188.781
202,2013-07-22,00:00:00.00,6.64457,483.195,12.1328,6.08059,0,0,170.328,5.2903,0,0,0,15.0447,0,0,12.1328,12.1328,6.08059,6.08059,176.972,175.618,133.513,525.3,540.345,331.945,331.945,223.783,112.736,112.736,301.517,0,188.781
203,2013-07-23,00:00:00.00,6.64457,483.195,12.1328,6.08059,0,0,170.328,5.2903,0,0,0,15.0447,0,0,12.1328,12.1328,6.08059,6.08059,176.972,175.618,133.513,525.3,540.345,332.16,332.16,223.783,112.736,112.736,301.517,0,188.781
204,2013-07-24,00:00:00.00,6.64457,483.195,12.1328,6.08059,0,0,170.328,5.2903,0,0,0,15.0447,0,0,12.1328,12.1328,6.08059,6.08059,176.972,175.618,133.513,525.3,540.345,333.281,333.281,223.783,112.736,112.736,301.517,0,188.781
205,2013-07-25,00:00:00.00,6.64457,483.195,12.1328,6.08059,0,0,170.328,5.2903,0,0,0,15.0447,0,0,12.1328,12.1328,6.08059,6.08059,176.972,175.618,133.513,525.3,540.345,333.281,333.281,223.783,112.736,112.736,301.517,0,188.781
206,2013-07-26,00:00:00.00,6.64457,483.195,12.1328,6.08059,0,0,170.328,5.2903,0,0,0,15.0447,0,0,12.1328,12.1328,6.08059,6.08059,176.972,175.618,133.513,525.3,540.345,333.281,333.281,223.783,112.736,112.736,301.517,0,188.781
207,2013-07-27,00:00:00.00,6.64457,483.195,12.1328,6.08059,0,0,170.328,5.2903,0,0,0,15.0447,0,0,12.1328,12.1328,6.08059,6.08059,176.972,175.618,133.513,525.3,540.345,333.281,333.281,223.783,112.736,112.736,301.517,0,188.781
208,2013-07-28,00:00:00.00,6.64457,517.877,12.6386,6.08059,0,0,170.328,5.2903,0,0,0,15.8266,0,0,12.6386,12.6386,6.08059,6.08059,176.972,175.618,151.302,542.193,558.019,333.281,333.281,234.537,112.736,112.736,307.656,0,189.435
209,2013-07-29,00:00:00.00,6.64457,517.877,12.6386,6.08059,0,0,170.328,5.2903,0,0,0,15.8266,0,0,12.6386,12.6386,6.08059,6.08059,176.972,175.618,151.302,542.193,558.019,333.281,333.281,234.537,112.736,112.736,307.656,0,190.02
210,2013-07-30,00:00:00.00,6.64457,519.6,12.6847,6.08059,0,0,170.328,5.2903,0,0,0,15.8659,0,0,12.6847,12.6847,6.08059,6.08059,176.972,175.618,151.78,543.438,559.304,333.281,333.281,235.782,112.736,112.736,307.656,0,190.542
211,2013-07-31,00:00:00.00,6.64457,519.6,12.6847,6.08059,0,0,170.328,5.2903,0,0,0,15.8659,0,0,12.6847,12.6847,6.08059,6.08059,176.972,175.618,151.78,543.438,559.304,333.281,333.281,235.782,112.736,112.736,307.656,0,191.008
212,2013-08-01,00:00:00.00,6.64457,566.765,13.1905,6.08059,0,0,170.328,5.2903,0,0,0,16.9252,0,0,13.1905,13.1905,6.08059,6.08059,176.972,175.618,164.302,578.081,595.007,333.281,333.281,241.887,112.736,112.736,336.195,0,194.466
213,2013-08-02,00:00:00.00,6.64457,566.765,13.1905,6.08059,0,0,170.328,5.2903,0,0,0,16.9252,0,0,13.1905,13.1905,6.08059,6.08059,176.972,175.618,164.302,578.081,595.007,334.948,334.948,241.887,114.403,114.403,336.195,0,197.377
214,2013-08-03,00:00:00.00,6.64457,570.786,13.2981,6.08059,0,0,170.328,5.2903,0,0,0,17.017,0,0,13.2981,13.2981,6.08059,6.08059,176.972,175.618,164.932,581.472,598.489,334.948,334.948,245.277,114.403,114.403,336.195,0,199.979
215,2013-08-04,00:00:00.00,6.64457,570.786,13.2981,6.08059,0,0,170.328,5.2903,0,0,0,17.017,0,0,13.2981,13.2981,6.08059,6.08059,176.972,175.618,164.932,581.472,598.489,334.948,334.948,245.277,114.403,114.403,336.195,0,202.303
216,2013-08-05,00:00:00.00,6.64457,570.786,13.2981,6.08059,0,0,170.328,5.2903,0,0,0,17.017,0,0,13.2981,13.2981,6.08059,6.08059,176.972,175.618,164.932,581.472,598.489,334.948,334.948,245.277,114.403,114.403,336.195,0,204.379
217,2013-08-06,00:00:00.00,6.64457,571.169,13.3083,6.08059,0,0,170.328,5.2903,0,0,0,17.0257,0,0,13.3083,13.3083,6.08059,6.08059,176.972,175.618,164.983,581.804,598.83,334.948,334.948,245.609,114.403,114.403,336.195,0,206.235
218,2013-08-07,00:00:00.00,6.64457,574.615,13.4006,6.08059,0,0,170.328,5.2903,0,0,0,17.1043,0,0,13.4006,13.4006,6.08059,6.08059,176.972,175.618,165.433,584.8,601.905,336.097,336.097,248.606,115.645,115.645,336.195,0,207.76
219,2013-08-08,00:00:00.00,6.64457,579.21,13.5235,6.08059,0,0,170.328,5.2903,0,0,0,17.2092,0,0,13.5235,13.5235,6.08059,6.08059,176.972,175.618,165.972,588.856,606.066,340.626,340.626,252.662,120.296,120.296,336.195,0,208.627
220,2013-08-09,00:00:00.00,6.64457,579.21,13.5235,6.08059,0,0,170.328,5.2903,0,0,0,17.2092,0,0,13.5235,13.5235,6.08059,6.08059,176.972,175.618,165.972,588.856,606.066,345.703,345.703,252.662,125.374,125.374,336.195,0,208.861
221,2013-08-10,00:00:00.00,6.64457,579.21,13.5235,6.08059,0,0,170.328,5.2903,0,0,0,17.2092,0,0,13.5235,13.5235,6.08059,6.08059,176.972,175.618,165.972,588.856,606.066,348.223,348.223,252.662,127.328,127.328,336.195,0,208.861
222,2013-08-11,00:00:00.00,6.64457,579.21,13.5235,6.08059,0,0,170.328,5.2903,0,0,0,17.2092,0,0,13.5235,13.5235,6.08059,6.08059,176.972,175.618,165.972,588.856,606.066,348.223,348.223,252.662,127.328,127.328,336.195,0,208.862
223,2013-08-12,00:00:00.00,6.64457,579.21,13.5235,6.08059,0,0,170.328,5.2903,0,0,0,17.2092,0,0,13.5235,13.5235,6.08059,6.08059,176.972,175.618,165.972,588.856,606.066,348.223,348.223,252.662,127.328,127.328,336.195,0,208.863
224,2013-08-13,00:00:00.00,6.64457,579.593,13.5338,6.08059,0,0,170.328,5.2903,0,0,0,17.2179,0,0,13.5338,13.5338,6.08059,6.08059,176.972,175.618,166.033,589.177,606.395,348.223,348.223,252.983,127.328,127.328,336.195,0,208.863
225,2013-08-14,00:00:00.00,6.64457,579.593,13.5338,6.08059,0,0,170.328,5.2903,0,0,0,17.2179,0,0,13.5338,13.5338,6.08059,6.08059,176.972,175.618,166.033,589.177,606.395,348.223,348.223,252.983,127.328,127.328,336.195,0,208.863
226,2013-08-15,00:00:00.00,6.64457,579.593,13.5338,6.08059,0,0,170.328,5.2903,0,0,0,17.2179,0,0,13.5338,13.5338,6.08059,6.08059,176.972,175.618,166.033,589.177,606.395,348.223,348.223,252.983,127.328,127.328,336.195,0,208.864
227,2013-08-16,00:00:00.00,6.64457,579.593,13.5338,6.08059,0,0,170.328,5.2903,0,0,0,17.2179,0,0,13.5338,13.5338,6.08059,6.08059,176.972,175.618,166.033,589.177,606.395,348.223,348.223,252.983,127.328,127.328,336.195,0,208.864
228,2013-08-17,00:00:00.00,6.64457,579.593,13.5338,6.08059,0,0,170.328,5.2903,0,0,0,17.2179,0,0,13.5338,13.5338,6.08059,6.08059,176.972,175.618,166.033,589.177,606.395,348.223,348.223,252.983,127.328,127.328,336.195,0,208.864
229,2013-08-18,00:00:00.00,6.64457,579.593,13.5338,6.08059,0,0,170.328,5.2903,0,0,0,17.2179,0,0,13.5338,13.5338,6.08059,6.08059,176.972,175.618,166.033,589.177,606.395,349.038,349.038,252.983,127.33,127.33,336.195,0,208.865
230,2013-08-19,00:00:00.00,6.64457,579.593,13.5338,6.08059,0,0,170.328,5.2903,0,0,0,17.2179,0,0,13.5338,13.5338,6.08059,6.08059,176.972,175.618,166.033,589.177,606.395,351.558,351.558,252.983,127.33,127.33,336.195,0,208.865
231,2013-08-20,00:00:00.00,6.64457,579.593,13.5338,6.08059,0,0,170.328,5.2903,0,0,0,17.2179,0,0,13.5338,13.5338,6.08059,6.08059,176.972,175.618,166.033,589.177,606.395,354.504,354.504,252.983,127.33,127.33,336.195,0,208.865
232,2013-08-21,00:00:00.00,6.64457,579.593,13.5338,6.08059,0,0,170.328,5.2903,0,0,0,17.2179,0,0,13.5338,13.5338,6.08059,6.08059,176.972,175.618,166.033,589.177,606.395,359.58,359.58,252.983,127.33,127.33,336.195,0,208.865
233,2013-08-22,00:00:00.00,6.64457,579.593,13.5338,6.08059,0,0,170.328,5.2903,0,0,0,17.2179,0,0,13.5338,13.5338,6.08059,6.08059,176.972,175.618,166.033,589.177,606.395,366.36,366.36,252.983,127.33,127.33,336.195,0,208.865
234,2013-08-23,00:00:00.00,6.64457,579.593,13.5338,6.08059,0,0,170.328,5.2903,0,0,0,17.2179,0,0,13.5338,13.5338,6.08059,6.08059,176.972,175.618,166.033,589.177,606.395,372.855,372.855,252.983,127.33,127.33,336.195,0,208.865
235,2013-08-24,00:00:00.00,6.64457,579.593,13.5338,6.08059,0,0,170.328,5.2903,0,0,0,17.2179,0,0,13.5338,13.5338,6.08059,6.08059,176.972,175.618,166.033,589.177,606.395,372.855,372.855,252.983,127.33,127.33,336.195,0,208.865
236,2013-08-25,00:00:00.00,6.64457,579.593,13.5338,6.08059,0,0,170.328,5.2903,0,0,0,17.2179,0,0,13.5338,13.5338,6.08059,6.08059,176.972,175.618,166.033,589.177,606.395,372.855,372.855,252.983,127.33,127.33,336.195,0,208.865
237,2013-08-26,00:00:00.00,6.64457,583.039,13.626,6.08059,0,0,170.328,5.2903,0,0,0,17.2966,0,0,13.626,13.626,6.08059,6.08059,176.972,175.618,167.147,591.51,608.807,373.839,373.839,255.316,127.33,127.33,336.195,0,208.865
238,2013-08-27,00:00:00.00,6.64457,588.974,13.7848,6.08059,0,0,170.328,5.2903,0,0,0,17.432,0,0,13.7848,13.7848,6.08059,6.08059,176.972,175.618,168.957,595.635,613.067,379.884,379.884,259.44,127.33,127.33,336.195,0,208.865
239,2013-08-28,00:00:00.00,6.64457,592.803,13.8873,6.08059,0,0,170.328,5.2903,0,0,0,17.5193,0,0,13.8873,13.8873,6.08059,6.08059,176.972,175.618,170.129,598.293,615.812,385.922,385.922,262.098,127.33,127.33,336.195,0,208.865
240,2013-08-29,00:00:00.00,6.64457,592.803,13.8873,6.08059,0,0,170.328,5.2903,0,0,0,17.5193,0,0,13.8873,13.8873,6.08059,6.08059,176.972,175.618,170.129,598.293,615.812,391.634,391.634,262.098,127.33,127.33,336.195,0,208.865
241,2013-08-30,00:00:00.00,6.64457,592.803,13.8873,6.08059,0,0,170.328,5.2903,0,0,0,17.5193,0,0,13.8873,13.8873,6.08059,6.08059,176.972,175.618,170.129,598.293,615.812,396.641,396.641,262.098,127.33,127.33,336.195,0,208.865
242,2013-08-31,00:00:00.00,6.64457,600.27,14.0871,6.08059,0,0,170.328,5.2903,0,0,0,17.6897,0,0,14.0871,14.0871,6.08059,6.08059,176.972,175.618,173.163,602.725,620.415,401.268,401.268,266.531,127.33,127.33,336.195,0,208.865
243,2013-09-01,00:00:00.00,6.64457,600.653,14.0974,6.08059,0,0,170.328,5.2903,0,0,0,17.6984,0,0,14.0974,14.0974,6.08059,6.08059,176.972,175.618,173.309,602.962,620.66,406.019,406.019,266.767,127.33,127.33,336.195,0,208.865
244,2013-09-02,00:00:00.00,6.64457,614.629,14.4714,6.08059,0,0,170.328,5.2903,0,0,0,18.0173,0,0,14.4714,14.4714,6.08059,6.08059,176.972,175.618,179.17,611.078,629.095,409.122,409.122,274.883,127.33,127.33,336.195,0,208.865
245,2013-09-03,00:00:00.00,6.64457,615.587,14.497,6.08059,0,0,170.328,5.2903,0,0,0,18.0392,0,0,14.497,14.497,6.08059,6.08059,176.972,175.618,179.488,611.717,629.756,412.916,412.916,275.522,127.33,127.33,336.195,0,208.865
246,2013-09-04,00:00:00.00,6.64457,615.587,14.497,6.08059,0,0,170.328,5.2903,0,0,0,18.0392,0,0,14.497,14.497,6.08059,6.08059,176.972,175.618,179.488,611.717,629.756,414.251,414.251,275.522,127.33,127.33,336.195,0,208.865
247,2013-09-05,00:00:00.00,6.64457,615.587,14.497,6.08059,0,0,170.328,5.2903,0,0,0,18.0392,0,0,14.497,14.497,6.08059,6.08059,176.972,175.618,179.488,611.717,629.756,416.617,416.617,275.522,127.33,127.33,336.195,0,208.865
248,2013-09-06,00:00:00.00,6.64457,615.587,14.497,6.08059,0,0,170.328,5.2903,0,0,0,18.0392,0,0,14.497,14.497,6.08059,6.08059,176.972,175.618,179.488,611.717,629.756,416.617,416.617,275.522,127.33,127.33,336.195,0,208.865
249,2013-09-07,00:00:00.00,6.64457,615.587,14.497,6.08059,0,0,170.328,5.2903,0,0,0,18.0392,0,0,14.497,14.497,6.08059,6.08059,176.972,175.618,179.488,611.717,629.756,416.617,416.617,275.522,127.33,127.33,336.195,0,208.865
250,2013-09-08,00:00:00.00,6.64457,615.587,14.497,6.08059,0,0,170.328,5.2903,0,0,0,18.0392,0,0,14.497,14.497,6.08059,6.08059,176.972,175.618,179.488,611.717,629.756,416.617,416.617,275.522,127.33,127.33,336.195,0,208.865
251,2013-09-09,00:00:00.00,6.64457,615.587,14.497,6.08059,0,0,170.328,5.2903,0,0,0,18.0392,0,0,14.497,14.497,6.08059,6.08059,176.972,175.618,179.488,611.717,629.756,417.43,417.43,275.522,127.33,127.33,336.195,0,208.865
252,2013-09-10,00:00:00.00,6.64457,615.778,14.5022,6.08059,0,0,170.328,5.2903,0,0,0,18.0435,0,0,14.5022,14.5022,6.08059,6.08059,176.972,175.618,179.563,611.834,629.877,417.629,417.629,275.639,127.33,127.33,336.195,0,208.865
253,2013-09-11,00:00:00.00,6.64457,615.778,14.5022,6.08059,0,0,170.328,5.2903,0,0,0,18.0435,0,0,14.5022,14.5022,6.08059,6.08059,176.972,175.618,179.563,611.834,629.877,420.796,420.796,275.639,127.33,127.33,336.195,0,208.865
254,2013-09-12,00:00:00.00,6.64457,627.457,14.8147,6.08059,0,0,170.328,5.2903,0,0,0,18.31,0,0,14.8147,14.8147,6.08059,6.08059,176.972,175.618,184.425,618.65,636.96,423.891,423.891,282.455,127.33,127.33,336.195,0,208.865
255,2013-09-13,00:00:00.00,6.64457,627.457,14.8147,6.08059,0,0,170.328,5.2903,0,0,0,18.31,0,0,14.8147,14.8147,6.08059,6.08059,176.972,175.618,184.425,618.65,636.96,427.515,427.515,282.455,127.33,127.33,336.195,0,208.865
256,2013-09-14,00:00:00.00,6.64457,627.457,14.8147,6.08059,0,0,170.328,5.2903,0,0,0,18.31,0,0,14.8147,14.8147,6.08059,6.08059,176.972,175.618,184.425,618.65,636.96,427.515,427.515,282.455,127.33,127.33,336.195,0,208.865
257,2013-09-15,00:00:00.00,6.64457,627.457,14.8147,6.08059,0,0,170.328,5.2903,0,0,0,18.31,0,0,14.8147,14.8147,6.08059,6.08059,176.972,175.618,184.425,618.65,636.96,427.515,427.515,282.455,127.33,127.33,336.195,0,208.865
258,2013-09-16,00:00:00.00,6.64457,628.414,14.8403,6.08059,0,0,170.328,5.2903,0,0,0,18.3319,0,0,14.8403,14.8403,6.08059,6.08059,176.972,175.618,184.785,619.248,637.58,427.515,427.515,283.053,127.33,127.33,336.195,0,208.865
259,2013-09-17,00:00:00.00,6.64457,628.414,14.8403,6.08059,0,0,170.328,5.2903,0,0,0,18.3319,0,0,14.8403,14.8403,6.08059,6.08059,176.972,175.618,184.785,619.248,637.58,427.515,427.515,283.053,127.33,127.33,336.195,0,208.865
260,2013-09-18,00:00:00.00,6.64457,628.414,14.8403,6.08059,0,0,170.328,5.2903,0,0,0,18.3319,0,0,14.8403,14.8403,6.08059,6.08059,176.972,175.618,184.785,619.248,637.58,427.515,427.515,283.053,127.33,127.33,336.195,0,208.865
261,2013-09-19,00:00:00.00,6.64457,628.414,14.8403,6.08059,0,0,170.328,5.2903,0,0,0,18.3319,0,0,14.8403,14.8403,6.08059,6.08059,176.972,175.618,184.785,619.248,637.58,427.515,427.515,283.053,127.33,127.33,336.195,0,208.865
262,2013-09-20,00:00:00.00,6.64457,628.414,14.8403,6.08059,0,0,170.328,5.2903,0,0,0,18.3319,0,0,14.8403,14.8403,6.08059,6.08059,176.972,175.618,184.785,619.248,637.58,428.793,428.793,283.053,127.33,127.33,336.195,0,208.865
263,2013-09-21,00:00:00.00,6.64457,679.61,15.3461,6.08059,0,0,170.328,5.2903,0,0,0,19.4807,0,0,15.3461,15.3461,6.08059,6.08059,176.972,175.618,204.148,651.08,670.561,432.946,432.946,291.492,127.33,127.33,359.588,0,211.357
264,2013-09-22,00:00:00.00,6.64457,699.155,15.8519,6.08059,0,0,170.328,5.2903,0,0,0,19.9263,0,0,15.8519,15.8519,6.08059,6.08059,176.972,175.618,208.25,666.523,686.449,432.946,432.946,297.598,127.33,127.33,368.925,0,214.579
265,2013-09-23,00:00:00.00,6.64457,699.155,15.8519,6.08059,0,0,170.328,5.2903,0,0,0,19.9263,0,0,15.8519,15.8519,6.08059,6.08059,176.972,175.618,208.25,666.523,686.449,432.946,432.946,297.598,127.33,127.33,368.925,0,217.458
266,2013-09-24,00:00:00.00,6.64457,699.155,15.8519,6.08059,0,0,170.328,5.2903,0,0,0,19.9263,0,0,15.8519,15.8519,6.08059,6.08059,176.972,175.618,208.25,666.523,686.449,432.946,432.946,297.598,127.33,127.33,368.925,0,220.029
267,2013-09-25,00:00:00.00,6.64457,699.155,15.8519,6.08059,0,0,170.328,5.2903,0,0,0,19.9263,0,0,15.8519,15.8519,6.08059,6.08059,176.972,175.618,208.25,666.523,686.449,432.946,432.946,297.598,127.33,127.33,368.925,0,222.327
268,2013-09-26,00:00:00.00,6.64457,699.155,15.8519,6.08059,0,0,170.328,5.2903,0,0,0,19.9263,0,0,15.8519,15.8519,6.08059,6.08059,176.972,175.618,208.25,666.523,686.449,432.946,432.946,297.598,127.33,127.33,368.925,0,224.38
269,2013-09-27,00:00:00.00,6.64457,699.155,15.8519,6.08059,0,0,170.328,5.2903,0,0,0,19.9263,0,0,15.8519,15.8519,6.08059,6.08059,176.972,175.618,208.25,666.523,686.449,433.825,433.825,297.598,128.21,128.21,368.925,0,226.121
270,2013-09-28,00:00:00.00,6.64457,699.155,15.8519,6.08059,0,0,170.328,5.2903,0,0,0,19.9263,0,0,15.8519,15.8519,6.08059,6.08059,176.972,175.618,208.25,666.523,686.449,433.831,433.831,297.598,128.216,128.216,368.925,0,227.675
271,2013-09-29,00:00:00.00,6.64457,699.155,15.8519,6.08059,0,0,170.328,5.2903,0,0,0,19.9263,0,0,15.8519,15.8519,6.08059,6.08059,176.972,175.618,208.25,666.523,686.449,434.42,434.42,297.598,128.804,128.804,368.925,0,229.001
272,2013-09-30,00:00:00.00,6.64457,699.729,15.8673,6.08059,0,0,170.328,5.2903,0,0,0,19.9394,0,0,15.8673,15.8673,6.08059,6.08059,176.972,175.618,208.34,667.008,686.947,435.575,435.575,298.082,129.975,129.975,368.925,0,230.061
273,2013-10-01,00:00:00.00,6.64457,701.453,15.9134,6.08059,0,0,170.328,5.2903,0,0,0,19.9787,0,0,15.9134,15.9134,6.08059,6.08059,176.972,175.618,208.614,668.456,688.435,439.322,439.322,299.531,133.768,133.768,368.925,0,230.604
274,2013-10-02,00:00:00.00,6.64457,701.453,15.9134,6.08059,0,0,170.328,5.2903,0,0,0,19.9787,0,0,15.9134,15.9134,6.08059,6.08059,176.972,175.618,208.614,668.456,688.435,441.626,441.626,299.531,136.072,136.072,368.925,0,230.844
275,2013-10-03,00:00:00.00,6.64457,701.453,15.9134,6.08059,0,0,170.328,5.2903,0,0,0,19.9787,0,0,15.9134,15.9134,6.08059,6.08059,176.972,175.618,208.614,668.456,688.435,443.929,443.929,299.531,138.059,138.059,368.925,0,230.846
276,2013-10-04,00:00:00.00,6.64457,708.154,16.0927,6.08059,0,0,170.328,5.2903,0,0,0,20.1316,0,0,16.0927,16.0927,6.08059,6.08059,176.972,175.618,209.955,673.816,693.948,446.053,446.053,304.891,138.079,138.079,368.925,0,230.846
277,2013-10-05,00:00:00.00,6.64457,709.494,16.1286,6.08059,0,0,170.328,5.2903,0,0,0,20.1622,0,0,16.1286,16.1286,6.08059,6.08059,176.972,175.618,210.186,674.926,695.088,448.321,448.321,306.001,138.079,138.079,368.925,0,230.846
278,2013-10-06,00:00:00.00,6.64457,712.366,16.2054,6.08059,0,0,170.328,5.2903,0,0,0,20.2277,0,0,16.2054,16.2054,6.08059,6.08059,176.972,175.618,210.695,677.289,697.516,450.548,450.548,308.363,138.079,138.079,368.925,0,230.846
279,2013-10-07,00:00:00.00,6.64457,754.518,16.7112,6.08059,0,0,170.328,5.2903,0,0,0,21.1757,0,0,16.7112,16.7112,6.08059,6.08059,176.972,175.618,218.007,712.129,733.305,452.442,452.442,313.143,138.079,138.079,398.986,0,234.049
280,2013-10-08,00:00:00.00,6.64457,758.921,16.8291,6.08059,0,0,170.328,5.2903,0,0,0,21.2761,0,0,16.8291,16.8291,6.08059,6.08059,176.972,175.618,218.505,716.035,737.311,454.376,454.376,317.048,140.131,140.131,398.986,0,236.693
281,2013-10-09,00:00:00.00,6.64457,758.921,16.8291,6.08059,0,0,170.328,5.2903,0,0,0,21.2761,0,0,16.8291,16.8291,6.08059,6.08059,176.972,175.618,218.505,716.035,737.311,455.996,455.996,317.048,141.751,141.751,398.986,0,238.881
282,2013-10-10,00:00:00.00,6.64457,758.921,16.8291,6.08059,0,0,170.328,5.2903,0,0,0,21.2761,0,0,16.8291,16.8291,6.08059,6.08059,176.972,175.618,218.505,716.035,737.311,458.3,458.3,317.048,144.055,144.055,398.986,0,240.592
283,2013-10-11,00:00:00.00,6.64457,758.921,16.8291,6.08059,0,0,170.328,5.2903,0,0,0,21.2761,0,0,16.8291,16.8291,6.08059,6.08059,176.972,175.618,218.505,716.035,737.311,460.604,460.604,317.048,146.359,146.359,398.986,0,241.874
284,2013-10-12,00:00:00.00,6.64457,758.921,16.8291,6.08059,0,0,170.328,5.2903,0,0,0,21.2761,0,0,16.8291,16.8291,6.08059,6.08059,176.972,175.618,218.505,716.035,737.311,462.907,462.907,317.048,148.662,148.662,398.986,0,242.774
285,2013-10-13,00:00:00.00,6.64457,763.708,16.9572,6.08059,0,0,170.328,5.2903,0,0,0,21.3853,0,0,16.9572,16.9572,6.08059,6.08059,176.972,175.618,219.216,720.11,741.495,465.083,465.083,321.123,150.966,150.966,398.986,0,243.333
286,2013-10-14,00:00:00.00,6.64457,764.474,16.9777,6.08059,0,0,170.328,5.2903,0,0,0,21.4028,0,0,16.9777,16.9777,6.08059,6.08059,176.972,175.618,219.318,720.774,742.176,467.366,467.366,321.787,153.27,153.27,398.986,0,243.587
287,2013-10-15,00:00:00.00,6.64457,764.474,16.9777,6.08059,0,0,170.328,5.2903,0,0,0,21.4028,0,0,16.9777,16.9777,6.08059,6.08059,176.972,175.618,219.318,720.774,742.176,469.275,469.275,321.787,155.099,155.099,398.986,0,243.619
288,2013-10-16,00:00:00.00,6.64457,772.898,17.2031,6.08059,0,0,170.328,5.2903,0,0,0,21.595,0,0,17.2031,17.2031,6.08059,6.08059,176.972,175.618,220.611,727.905,749.5,470.813,470.813,327.002,155.367,155.367,400.903,0,243.823
289,2013-10-17,00:00:00.00,6.64457,773.664,17.2236,6.08059,0,0,170.328,5.2903,0,0,0,21.6125,0,0,17.2236,17.2236,6.08059,6.08059,176.972,175.618,220.706,728.576,750.188,473.097,473.097,327.673,157.079,157.079,400.903,0,243.823
290,2013-10-18,00:00:00.00,6.64457,787.257,17.5874,6.08059,0,0,170.328,5.2903,0,0,0,21.9227,0,0,17.5874,17.5874,6.08059,6.08059,176.972,175.618,222.515,740.36,762.283,474.929,474.929,332.205,157.079,157.079,408.155,0,244.596
291,2013-10-19,00:00:00.00,6.64457,787.257,17.5874,6.08059,0,0,170.328,5.2903,0,0,0,21.9227,0,0,17.5874,17.5874,6.08059,6.08059,176.972,175.618,222.515,740.36,762.283,475.541,475.541,332.205,157.692,157.692,408.155,0,245.221
292,2013-10-20,00:00:00.00,6.64457,796.83,17.8436,6.08059,0,0,170.328,5.2903,0,0,0,22.1411,0,0,17.8436,17.8436,6.08059,6.08059,176.972,175.618,223.574,748.874,771.015,475.541,475.541,335.811,157.692,157.692,413.063,0,246.303
293,2013-10-21,00:00:00.00,6.64457,800.085,17.9307,6.08059,0,0,170.328,5.2903,0,0,0,22.2153,0,0,17.9307,17.9307,6.08059,6.08059,176.972,175.618,223.849,751.854,774.07,475.541,475.541,338.69,157.692,157.692,413.164,0,247.28
294,2013-10-22,00:00:00.00,6.64457,806.977,18.1151,6.08059,0,0,170.328,5.2903,0,0,0,22.3726,0,0,18.1151,18.1151,6.08059,6.08059,176.972,175.618,224.309,758.286,780.659,475.548,475.548,340.954,157.728,157.728,417.332,0,248.593
295,2013-10-23,00:00:00.00,6.64457,807.552,18.1305,6.08059,0,0,170.328,5.2903,0,0,0,22.3857,0,0,18.1305,18.1305,6.08059,6.08059,176.972,175.618,224.339,758.83,781.216,475.548,475.548,341.499,157.728,157.728,417.332,0,249.766
296,2013-10-24,00:00:00.00,6.64457,807.552,18.1305,6.1077,0,0,171.087,5.2903,0,0,0,22.4032,0,0,18.1305,18.1305,6.1077,6.1077,177.732,176.377,224.377,759.553,781.956,475.548,475.548,342.221,157.728,157.728,417.332,0,250.814
297,2013-10-25,00:00:00.00,6.64457,808.7,18.1612,6.1077,0,0,171.087,5.2903,0,0,0,22.4294,0,0,18.1612,18.1612,6.1077,6.1077,177.732,176.377,224.428,760.65,783.079,475.548,475.548,343.318,157.728,157.728,417.332,0,251.751
298,2013-10-26,00:00:00.00,6.64457,810.424,18.2073,6.20934,0,0,173.934,5.2903,0,0,0,22.5342,0,0,18.2073,18.2073,6.20934,6.20934,180.579,179.224,224.605,765.043,787.577,475.548,475.548,344.667,157.728,157.728,420.376,0,252.912
299,2013-10-27,00:00:00.00,6.64457,813.678,18.2944,6.37874,0,0,178.679,5.2903,0,0,0,22.7177,0,0,18.2944,18.2944,6.37874,6.37874,185.104,183.742,224.845,772.576,795.294,475.548,475.548,345.72,157.728,157.728,426.856,0,254.64
300,2013-10-28,00:00:00.00,6.64457,814.253,18.3098,6.37874,0,0,178.679,5.2903,0,0,0,22.7308,0,0,18.3098,18.3098,6.37874,6.37874,185.324,183.97,224.863,773.359,796.09,475.548,475.548,346.322,157.728,157.728,427.037,0,256.203
301,2013-10-29,00:00:00.00,6.64457,814.253,18.3098,6.37874,0,0,178.679,5.2903,0,0,0,22.7308,0,0,18.3098,18.3098,6.37874,6.37874,185.324,183.97,224.863,773.359,796.09,475.548,475.548,346.322,157.728,157.728,427.037,0,257.599
302,2013-10-30,00:00:00.00,6.64457,814.57,18.3183,6.38107,0,0,178.745,5.2903,0,0,0,22.7395,0,0,18.3183,18.3183,6.38107,6.38107,185.389,184.035,224.871,773.734,796.473,475.548,475.548,346.697,157.728,157.728,427.037,0,258.847
303,2013-10-31,00:00:00.00,6.64457,827.589,18.6667,6.38107,0,0,178.745,5.2903,0,0,0,23.0366,0,0,18.6667,18.6667,6.38107,6.38107,185.389,184.035,225.114,786.51,809.547,475.548,475.548,347.322,157.728,157.728,439.187,0,261.256
304,2013-11-01,00:00:00.00,6.64457,827.589,18.6667,6.38107,0,0,178.745,5.2903,0,0,0,23.0366,0,0,18.6667,18.6667,6.38107,6.38107,185.389,184.035,225.114,786.51,809.547,476.16,476.16,347.322,158.34,158.34,439.187,0,263.344
305,2013-11-02,00:00:00.00,6.64457,827.589,18.6667,6.38107,0,0,178.745,5.2903,0,0,0,23.0366,0,0,18.6667,18.6667,6.38107,6.38107,185.389,184.035,225.114,786.51,809.547,476.965,476.965,347.322,159.145,159.145,439.187,0,265.123
306,2013-11-03,00:00:00.00,6.64457,828.929,18.7026,6.38107,0,0,178.745,5.2903,0,0,0,23.0672,0,0,18.7026,18.7026,6.38107,6.38107,185.389,184.035,225.143,787.821,810.888,477.734,477.734,348.232,159.949,159.949,439.589,0,266.67
307,2013-11-04,00:00:00.00,6.64457,828.929,18.7026,6.38107,0,0,178.745,5.2903,0,0,0,23.0672,0,0,18.7026,18.7026,6.38107,6.38107,185.389,184.035,225.143,787.821,810.888,477.734,477.734,348.232,159.949,159.949,439.589,0,268.052
308,2013-11-05,00:00:00.00,6.64457,828.929,18.7026,6.38107,0,0,178.745,5.2903,0,0,0,23.0672,0,0,18.7026,18.7026,6.38107,6.38107,185.389,184.035,225.143,787.821,810.888,477.734,477.734,348.232,159.949,159.949,439.589,0,269.286
309,2013-11-06,00:00:00.00,6.64457,828.929,18.7026,6.38107,0,0,178.745,5.2903,0,0,0,23.0672,0,0,18.7026,18.7026,6.38107,6.38107,185.389,184.035,225.143,787.821,810.888,478.538,478.538,348.232,160.754,160.754,439.589,0,270.304
310,2013-11-07,00:00:00.00,6.64457,842.14,19.0561,6.38107,0,0,178.745,5.2903,0,0,0,23.3686,0,0,19.0561,19.0561,6.38107,6.38107,185.389,184.035,225.471,800.704,824.072,479.175,479.175,349.18,161.559,161.559,451.523,0,272.399
311,2013-11-08,00:00:00.00,6.64457,842.523,19.0664,6.46238,0,0,181.022,5.2903,0,0,0,23.4297,0,0,19.0664,19.0664,6.46238,6.46238,187.667,186.313,225.528,803.307,826.737,479.68,479.68,350.036,162.155,162.155,453.271,0,274.393
312,2013-11-09,00:00:00.00,6.64457,843.315,19.0876,6.46821,0,0,181.186,5.2903,0,0,0,23.4516,0,0,19.0876,19.0876,6.46821,6.46821,187.83,186.476,225.547,804.244,827.696,479.798,479.798,350.75,162.299,162.299,453.495,0,276.183
313,2013-11-10,00:00:00.00,6.64457,844.847,19.1286,6.46821,0,0,181.186,5.2903,0,0,0,23.4865,0,0,19.1286,19.1286,6.46821,6.46821,187.83,186.476,225.571,805.751,829.238,480.555,480.555,351.468,163.096,163.096,454.283,0,277.782
314,2013-11-11,00:00:00.00,6.64457,846.953,19.1849,6.48176,0,0,181.565,5.2903,0,0,0,23.5433,0,0,19.1849,19.1849,6.48176,6.48176,188.21,186.856,225.612,808.196,831.74,481.131,481.131,352.152,163.742,163.742,456.044,0,279.329
315,2013-11-12,00:00:00.00,6.64457,849.172,19.2443,6.50485,0,0,182.212,5.2903,0,0,0,23.6088,0,0,19.2443,19.2443,6.50485,6.50485,188.857,187.503,225.656,811.018,834.627,481.243,481.243,352.721,163.886,163.886,458.297,0,280.936
316,2013-11-13,00:00:00.00,6.64457,849.172,19.2443,6.50485,0,0,182.212,5.2903,0,0,0,23.6088,0,0,19.2443,19.2443,6.50485,6.50485,188.857,187.503,225.656,811.018,834.627,481.243,481.243,352.721,163.886,163.886,458.297,0,282.372
317,2013-11-14,00:00:00.00,6.64457,849.172,19.2443,6.50485,0,0,182.212,5.2903,0,0,0,23.6088,0,0,19.2443,19.2443,6.50485,6.50485,188.857,187.503,225.656,811.018,834.627,481.243,481.243,352.721,163.886,163.886,458.297,0,283.655
318,2013-11-15,00:00:00.00,6.64457,849.172,19.2443,6.50485,0,0,182.212,5.2903,0,0,0,23.6088,0,0,19.2443,19.2443,6.50485,6.50485,188.857,187.503,225.656,811.018,834.627,481.688,481.688,352.721,164.331,164.331,458.297,0,284.753
319,2013-11-16,00:00:00.00,6.64457,849.172,19.2443,6.50485,0,0,182.212,5.2903,0,0,0,23.6088,0,0,19.2443,19.2443,6.50485,6.50485,188.857,187.503,225.656,811.018,834.627,482.493,482.493,352.721,165.136,165.136,458.297,0,285.649
320,2013-11-17,00:00:00.00,6.64457,854.533,19.3878,6.50485,0,0,182.212,5.2903,0,0,0,23.7312,0,0,19.3878,19.3878,6.50485,6.50485,188.857,187.503,225.761,816.275,840.006,483.157,483.157,353.522,165.941,165.941,462.753,0,286.839
321,2013-11-18,00:00:00.00,6.64457,863.723,19.6337,6.50485,0,0,182.212,5.2903,0,0,0,23.9408,0,0,19.6337,19.6337,6.50485,6.50485,188.857,187.503,225.928,825.298,849.238,483.808,483.808,354.263,166.745,166.745,471.035,0,288.698
322,2013-11-19,00:00:00.00,6.64457,864.106,19.644,6.52518,0,0,182.782,5.2903,0,0,0,23.9627,0,0,19.644,19.644,6.52518,6.52518,189.426,188.072,225.944,826.234,850.196,484.474,484.474,354.987,167.442,167.442,471.247,0,290.308
323,2013-11-20,00:00:00.00,6.64457,864.106,19.644,6.52518,0,0,182.782,5.2903,0,0,0,23.9627,0,0,19.644,19.644,6.52518,6.52518,189.426,188.072,225.944,826.234,850.196,484.474,484.474,354.987,167.442,167.442,471.247,0,291.746
324,2013-11-21,00:00:00.00,6.64457,864.106,19.644,6.52518,0,0,182.782,5.2903,0,0,0,23.9627,0,0,19.644,19.644,6.52518,6.52518,189.426,188.072,225.944,826.234,850.196,484.474,484.474,354.987,167.442,167.442,471.247,0,293.031
325,2013-11-22,00:00:00.00,6.64457,868.892,19.7721,6.52518,0,0,182.782,5.2903,0,0,0,24.0719,0,0,19.7721,19.7721,6.52518,6.52518,189.426,188.072,226.023,830.941,855.013,484.665,484.665,355.598,167.686,167.686,475.344,0,294.589
326,2013-11-23,00:00:00.00,6.64457,871.764,19.8489,6.52518,0,0,182.782,5.2903,0,0,0,24.1374,0,0,19.8489,19.8489,6.52518,6.52518,189.426,188.072,226.063,833.773,857.911,485.392,485.392,356.222,168.491,168.491,477.551,0,296.131
327,2013-11-24,00:00:00.00,6.64457,871.764,19.8489,6.62682,0,0,185.629,5.2903,0,0,0,24.2029,0,0,19.8489,19.8489,6.62682,6.62682,189.426,188.072,226.063,833.773,857.976,485.392,485.392,356.222,168.491,168.491,477.551,0,297.509
328,2013-11-25,00:00:00.00,6.64457,871.764,19.8489,6.62682,0,0,185.629,5.2903,0,0,0,24.2029,0,0,19.8489,19.8489,6.62682,6.62682,189.426,188.072,226.063,833.773,857.976,485.392,485.392,356.222,168.491,168.491,477.551,0,298.739
329,2013-11-26,00:00:00.00,6.64457,871.764,19.8489,6.62682,0,0,185.629,5.2903,0,0,0,24.2029,0,0,19.8489,19.8489,6.62682,6.62682,189.426,188.072,226.063,833.773,857.976,485.392,485.392,356.222,168.491,168.491,477.551,0,299.839
330,2013-11-27,00:00:00.00,6.64457,871.764,19.8489,6.62682,0,0,185.629,5.2903,0,0,0,24.2029,0,0,19.8489,19.8489,6.62682,6.62682,189.426,188.072,226.063,833.773,857.976,485.392,485.392,356.222,168.491,168.491,477.551,0,300.822
331,2013-11-28,00:00:00.00,6.64457,871.764,19.8489,6.62682,0,0,185.629,5.2903,0,0,0,24.2029,0,0,19.8489,19.8489,6.62682,6.62682,189.426,188.072,226.063,833.773,857.976,485.392,485.392,356.222,168.491,168.491,477.551,0,301.699
332,2013-11-29,00:00:00.00,6.64457,871.764,19.8489,6.63359,0,0,185.819,5.2903,0,0,0,24.2073,0,0,19.8489,19.8489,6.63359,6.63359,189.426,188.072,226.063,833.773,857.981,485.392,485.392,356.222,168.491,168.491,477.551,0,302.484
333,2013-11-30,00:00:00.00,6.64457,871.764,19.8489,6.63359,0,0,185.819,5.2903,0,0,0,24.2073,0,0,19.8489,19.8489,6.63359,6.63359,189.426,188.072,226.063,833.773,857.981,485.392,485.392,356.222,168.491,168.491,477.551,0,303.184
334,2013-12-01,00:00:00.00,6.64457,871.764,19.8489,6.63359,0,0,185.819,5.2903,0,0,0,24.2073,0,0,19.8489,19.8489,6.63359,6.63359,189.426,188.072,226.063,833.773,857.981,485.392,485.392,356.222,168.491,168.491,477.551,0,303.81
335,2013-12-02,00:00:00.00,6.64457,871.764,19.8506,6.69236,0,0,187.465,5.35308,0,0,0,24.2466,0,0,19.8506,19.8506,6.69236,6.69236,189.426,188.072,226.063,833.773,858.02,485.405,485.405,356.222,168.806,168.806,477.551,0,304.336
336,2013-12-03,00:00:00.00,6.70735,871.764,19.8506,6.69236,0,0,187.465,5.35308,0,0,0,24.2466,0,0,19.8506,19.8506,6.69236,6.69236,189.426,188.072,226.063,833.773,858.02,485.464,485.464,356.222,169.108,169.108,477.551,0,304.774
337,2013-12-04,00:00:00.00,6.70735,871.764,19.8506,6.76689,0,0,189.553,5.35308,0,0,0,24.2947,0,0,19.8506,19.8506,6.76689,6.76689,189.426,188.072,226.063,833.773,858.068,485.466,485.466,356.222,169.174,169.174,477.551,0,305.158
338,2013-12-05,00:00:00.00,6.70735,874.015,19.9172,6.76689,0,0,189.553,5.59045,0,0,0,24.3515,0,0,19.9172,19.9172,6.76689,6.76689,196.098,194.976,226.197,842.794,867.145,485.725,485.725,356.768,169.489,169.489,486.026,0,306.37
339,2013-12-06,00:00:00.00,6.70735,874.015,19.9172,6.76689,0,0,189.553,5.59045,0,0,0,24.3515,0,0,19.9172,19.9172,6.76689,6.76689,196.26,195.143,226.198,842.96,867.311,486.04,486.04,356.816,169.804,169.804,486.144,0,307.433
340,2013-12-07,00:00:00.00,6.70735,874.015,19.9172,6.76689,0,0,189.553,5.59045,0,0,0,24.3515,0,0,19.9172,19.9172,6.76689,6.76689,196.26,195.143,226.198,842.96,867.311,486.125,486.125,356.816,169.889,169.889,486.144,0,308.373
341,2013-12-08,00:00:00.00,6.70735,874.015,19.9172,6.77367,0,0,189.742,5.59045,0,0,0,24.3558,0,0,19.9172,19.9172,6.77367,6.77367,196.26,195.143,226.198,842.96,867.316,486.125,486.125,356.816,169.889,169.889,486.144,0,309.212
342,2013-12-09,00:00:00.00,6.70735,874.015,19.9172,6.88209,0,0,192.779,5.59045,0,0,0,24.4257,0,0,19.9172,19.9172,6.88209,6.88209,196.26,195.143,226.198,842.96,867.386,486.125,486.125,356.816,169.889,169.889,486.144,0,309.963
343,2013-12-10,00:00:00.00,6.70735,874.015,19.9172,6.90919,0,0,193.538,5.59045,0,0,0,24.4432,0,0,19.9172,19.9172,6.90919,6.90919,196.26,195.143,226.198,842.96,867.403,486.126,486.126,356.816,169.896,169.896,486.144,0,310.633
344,2013-12-11,00:00:00.00,6.70735,874.015,19.9172,6.94307,0,0,194.487,5.59045,0,0,0,24.465,0,0,19.9172,19.9172,6.94307,6.94307,196.26,195.143,226.198,842.96,867.425,486.126,486.126,356.816,169.896,169.896,486.144,0,311.231
345,2013-12-12,00:00:00.00,6.70735,874.015,19.9172,6.97017,0,0,195.247,5.59045,0,0,0,24.4825,0,0,19.9172,19.9172,6.97017,6.97017,196.26,195.143,226.198,842.96,867.442,486.126,486.126,356.816,169.896,169.896,486.144,0,311.766
346,2013-12-13,00:00:00.00,6.70735,874.015,19.9172,7.07182,0,0,198.094,5.59045,0,0,0,24.548,0,0,19.9172,19.9172,7.07182,7.07182,196.26,195.143,226.198,842.96,867.508,486.126,486.126,356.816,169.896,169.896,486.144,0,312.243
347,2013-12-14,00:00:00.00,6.70735,874.015,19.9172,7.07859,0,0,198.284,5.59045,0,0,0,24.5524,0,0,19.9172,19.9172,7.07859,7.07859,196.26,195.143,226.198,842.96,867.512,486.126,486.126,356.816,169.896,169.896,486.144,0,312.67
348,2013-12-15,00:00:00.00,6.70735,874.015,19.9172,7.35641,0,0,206.066,5.59045,0,0,0,24.7315,0,0,19.9172,19.9172,7.35641,7.35641,196.26,195.143,226.198,842.96,867.691,486.126,486.126,356.816,169.896,169.896,486.144,0,313.051
349,2013-12-16,00:00:00.00,6.70735,874.015,19.9172,7.73587,0,0,216.695,5.59045,0,0,0,24.9761,0,0,19.9172,19.9172,7.73587,7.73587,196.26,195.143,226.198,842.96,867.936,486.126,486.126,356.816,169.896,169.896,486.144,0,313.392
350,2013-12-17,00:00:00.00,6.70735,874.015,19.9172,7.82396,0,0,219.162,5.59045,0,0,0,25.0329,0,0,19.9172,19.9172,7.82396,7.82396,196.26,195.143,226.198,842.96,867.993,486.126,486.126,356.816,169.896,169.896,486.144,0,313.696
351,2013-12-18,00:00:00.00,6.70735,874.015,19.9172,7.91205,0,0,221.63,5.59045,0,0,0,25.0897,0,0,19.9172,19.9172,7.91205,7.91205,196.26,195.143,226.198,842.96,868.05,486.126,486.126,356.816,169.896,169.896,486.144,0,313.968
352,2013-12-19,00:00:00.00,6.70735,874.015,19.9172,7.9256,0,0,222.009,5.59045,0,0,0,25.0985,0,0,19.9172,19.9172,7.9256,7.9256,196.26,195.143,226.198,842.96,868.058,486.126,486.126,356.816,169.896,169.896,486.144,0,314.211
353,2013-12-20,00:00:00.00,6.70735,874.015,19.9172,7.95948,0,0,222.958,5.59045,0,0,0,25.1203,0,0,19.9172,19.9172,7.95948,7.95948,196.26,195.143,226.198,842.96,868.08,486.126,486.126,356.816,169.922,169.922,486.144,0,314.425
354,2013-12-21,00:00:00.00,6.70735,874.015,19.9172,8.35249,0,0,233.967,5.59045,0,0,0,25.3737,0,0,19.9172,19.9172,8.35249,8.35249,196.26,195.143,226.198,842.96,868.334,486.135,486.135,356.816,170.185,170.185,486.144,0,314.589
355,2013-12-22,00:00:00.00,6.70735,879.755,20.1122,8.88065,0,0,248.765,7.13328,0,0,0,25.8804,0,0,20.1122,20.1122,8.88065,8.88065,196.26,195.143,226.28,848.618,874.498,486.144,486.144,357.313,170.5,170.5,491.304,0,315.251
356,2013-12-23,00:00:00.00,8.25017,879.755,20.1122,8.96874,0,0,251.232,7.13328,0,0,0,25.9372,0,0,20.1122,20.1122,8.96874,8.96874,196.26,195.143,226.28,848.618,874.555,486.154,486.154,357.313,170.743,170.743,491.304,0,315.817
357,2013-12-24,00:00:00.00,8.25017,879.755,20.1122,8.96874,0,0,251.232,7.13328,0,0,0,25.9372,0,0,20.1122,20.1122,8.96874,8.96874,196.26,195.143,226.28,848.618,874.555,486.154,486.154,357.313,170.743,170.743,491.304,0,316.322
358,2013-12-25,00:00:00.00,8.25017,879.755,20.1122,8.96874,0,0,251.232,7.13328,0,0,0,25.9372,0,0,20.1122,20.1122,8.96874,8.96874,196.26,195.143,226.28,848.618,874.555,486.154,486.154,357.313,170.743,170.743,491.304,0,316.774
359,2013-12-26,00:00:00.00,8.25017,879.755,20.1122,9.26011,0,0,259.394,7.13328,0,0,0,26.125,0,0,20.1122,20.1122,9.26011,9.26011,196.26,195.143,226.28,848.618,874.743,486.154,486.154,357.313,170.743,170.743,491.304,0,317.178
360,2013-12-27,00:00:00.00,8.25017,879.755,20.1122,9.28722,0,0,260.153,7.13328,0,0,0,26.1425,0,0,20.1122,20.1122,9.28722,9.28722,196.26,195.143,226.28,848.618,874.76,486.154,486.154,357.313,170.743,170.743,491.304,0,317.538
361,2013-12-28,00:00:00.00,8.25017,879.755,20.1122,9.28722,0,0,260.153,7.13328,0,0,0,26.1425,0,0,20.1122,20.1122,9.28722,9.28722,196.26,195.143,226.28,848.618,874.76,486.155,486.155,357.313,170.75,170.75,491.304,0,317.86
362,2013-12-29,00:00:00.00,8.25017,879.755,20.1122,9.28722,0,0,260.153,7.13328,0,0,0,26.1425,0,0,20.1122,20.1122,9.28722,9.28722,196.26,195.143,226.28,848.618,874.76,486.179,486.179,357.313,170.874,170.874,491.304,0,318.133
363,2013-12-30,00:00:00.00,8.25017,879.755,20.1122,9.28722,0,0,260.153,7.13328,0,0,0,26.1425,0,0,20.1122,20.1122,9.28722,9.28722,196.26,195.143,226.28,848.618,874.76,486.24,486.24,357.313,171.189,171.189,491.304,0,318.345
364,2013-12-31,00:00:00.00,8.25027,879.755,20.1122,9.30755,0,0,260.723,7.13328,0,0,0,26.1556,0,0,20.1122,20.1122,9.30755,9.30755,196.26,195.143,226.28,848.618,874.773,486.24,486.24,357.313,171.189,171.189,491.304,0,318.533
365,2014-01-01,00:00:00.00,8.25027,879.755,20.1122,9.34143,0,0,261.672,7.13328,0,0,0,26.1774,0,0,20.1122,20.1122,9.34143,9.34143,196.26,195.143,226.28,848.618,874.795,486.24,486.24,357.313,171.189,171.189,491.304,0,318.702
366,2014-01-02,00:00:00.00,8.25027,879.755,20.1122,9.34143,0,0,261.672,7.13328,0,0,0,26.1774,0,0,20.1122,20.1122,9.34143,9.34143,196.26,195.143,226.28,848.618,874.795,486.24,486.24,357.313,171.189,171.189,491.304,0,318.852
367,2014-01-03,00:00:00.00,8.25027,879.755,20.1122,9.34143,0,0,261.672,7.13328,0,0,0,26.1774,0,0,20.1122,20.1122,9.34143,9.34143,196.26,195.143,226.28,848.618,874.795,486.24,486.24,357.313,171.189,171.189,491.304,0,318.987
368,2014-01-04,00:00:00.00,8.25027,879.755,20.1122,9.34143,0,0,261.672,7.13328,0,0,0,26.1774,0,0,20.1122,20.1122,9.34143,9.34143,196.26,195.143,226.28,848.618,874.795,486.24,486.24,357.313,171.189,171.189,491.304,0,319.107
369,2014-01-05,00:00:00.00,8.25027,879.755,20.1122,9.50405,0,0,266.227,7.13328,0,0,0,26.2823,0,0,20.1122,20.1122,9.50405,9.50405,196.26,195.143,226.28,848.618,874.9,486.24,486.24,357.313,171.189,171.189,491.304,0,319.214
370,2014-01-06,00:00:00.00,8.25027,879.755,20.1122,10.1749,0,0,285.018,7.13328,0,0,0,26.7148,0,0,20.1122,20.1122,10.1749,10.1749,196.26,195.143,226.28,848.618,875.332,486.243,486.243,357.313,171.355,171.355,491.304,0,319.293
371,2014-01-07,00:00:00.00,8.25027,879.755,20.1122,10.2765,0,0,287.865,7.13328,0,0,0,26.7803,0,0,20.1122,20.1122,10.2765,10.2765,196.26,195.143,226.28,848.618,875.398,486.243,486.243,357.313,171.355,171.355,491.304,0,319.363
372,2014-01-08,00:00:00.00,8.25027,879.755,20.1122,10.3239,0,0,289.193,7.13328,0,0,0,26.8109,0,0,20.1122,20.1122,10.3239,10.3239,196.26,195.143,226.28,848.618,875.428,486.243,486.243,357.313,171.355,171.355,491.304,0,319.425
373,2014-01-09,00:00:00.00,8.25027,879.755,20.1122,10.3443,0,0,289.763,7.13328,0,0,0,26.824,0,0,20.1122,20.1122,10.3443,10.3443,196.26,195.143,226.28,848.618,875.442,486.243,486.243,357.313,171.355,171.355,491.304,0,319.481
374,2014-01-10,00:00:00.00,8.25027,879.755,20.1122,10.4053,0,0,291.471,7.13328,0,0,0,26.8633,0,0,20.1122,20.1122,10.4053,10.4053,196.26,195.143,226.28,848.618,875.481,486.243,486.243,357.313,171.355,171.355,491.304,0,319.531
375,2014-01-11,00:00:00.00,8.25027,879.755,20.1122,10.9067,0,0,305.517,7.13328,0,0,0,27.1865,0,0,20.1122,20.1122,10.9067,10.9067,196.26,195.143,226.28,848.618,875.804,486.247,486.247,357.313,171.507,171.507,491.304,0,319.559
376,2014-01-12,00:00:00.00,8.25027,884.289,20.3427,10.9135,0,0,305.706,11.2151,0,0,0,27.3875,0,0,20.3427,20.3427,10.9135,10.9135,201.954,201.028,226.405,858.912,886.3,486.252,486.252,357.715,171.672,171.672,501.197,0,320.621
377,2014-01-13,00:00:00.00,9.29647,884.289,20.3427,10.9135,0,0,305.706,11.2151,0,0,0,27.3875,0,0,20.3427,20.3427,10.9135,10.9135,201.954,201.028,226.405,858.912,886.3,486.284,486.284,357.715,171.837,171.837,501.197,0,321.552
378,2014-01-14,00:00:00.00,9.29647,884.289,20.3427,10.9135,0,0,305.706,11.2151,0,0,0,27.3875,0,0,20.3427,20.3427,10.9135,10.9135,206.253,204.394,226.437,862.246,889.634,486.316,486.316,358.048,172.002,172.002,504.198,0,322.686
379,2014-01-15,00:00:00.00,9.36376,884.289,20.3427,10.927,0,0,306.086,11.2151,0,0,0,27.3962,0,0,20.3427,20.3427,10.927,10.927,206.253,204.394,226.437,862.246,889.642,486.336,486.336,358.048,172.167,172.167,504.198,0,323.682
380,2014-01-16,00:00:00.00,13.0742,884.289,20.3427,10.9677,0,0,307.225,11.2151,0,0,0,27.4224,0,0,20.3427,20.3427,10.9677,10.9677,206.253,204.394,226.437,862.246,889.669,486.342,486.342,358.048,172.319,172.319,504.198,0,324.555
381,2014-01-17,00:00:00.00,13.0742,884.289,20.3427,11.2116,0,0,314.058,11.2151,0,0,0,27.5797,0,0,20.3427,20.3427,11.2116,11.2116,206.253,204.394,226.437,862.246,889.826,486.345,486.345,358.048,172.43,172.43,504.198,0,325.324
382,2014-01-18,00:00:00.00,13.0742,884.289,20.3427,11.3471,0,0,317.854,11.2151,0,0,0,27.6671,0,0,20.3427,20.3427,11.3471,11.3471,206.253,204.394,226.437,862.246,889.913,486.352,486.352,358.048,172.595,172.595,504.198,0,325.993
383,2014-01-19,00:00:00.00,13.0742,884.289,20.3427,11.381,0,0,318.803,11.2151,0,0,0,27.6889,0,0,20.3427,20.3427,11.381,11.381,206.253,204.394,226.437,862.246,889.935,486.352,486.352,358.048,172.595,172.595,504.198,0,326.591
384,2014-01-20,00:00:00.00,13.0742,884.289,20.3427,11.4149,0,0,319.752,11.2151,0,0,0,27.7107,0,0,20.3427,20.3427,11.4149,11.4149,206.253,204.394,226.437,862.246,889.957,486.353,486.353,358.048,172.644,172.644,504.198,0,327.119
385,2014-01-21,00:00:00.00,13.0742,884.289,20.3427,11.4149,0,0,319.752,11.2151,0,0,0,27.7107,0,0,20.3427,20.3427,11.4149,11.4149,206.253,204.394,226.437,862.246,889.957,486.353,486.353,358.048,172.644,172.644,504.198,0,327.592
386,2014-01-22,00:00:00.00,13.0742,884.289,20.3427,11.4149,0,0,319.752,11.2151,0,0,0,27.7107,0,0,20.3427,20.3427,11.4149,11.4149,206.253,204.394,226.437,862.246,889.957,486.353,486.353,358.048,172.644,172.644,504.198,0,328.014
387,2014-01-23,00:00:00.00,13.0742,884.289,20.3427,11.4488,0,0,320.701,11.2151,0,0,0,27.7326,0,0,20.3427,20.3427,11.4488,11.4488,206.253,204.394,226.437,862.246,889.979,486.353,486.353,358.048,172.644,172.644,504.198,0,328.391
388,2014-01-24,00:00:00.00,13.0742,884.289,20.3427,11.4488,0,0,320.701,11.2151,0,0,0,27.7326,0,0,20.3427,20.3427,11.4488,11.4488,206.253,204.394,226.437,862.246,889.979,486.353,486.353,358.048,172.644,172.644,504.198,0,328.728
389,2014-01-25,00:00:00.00,13.0742,884.289,20.3427,11.9028,0,0,333.418,11.2151,0,0,0,28.0253,0,0,20.3427,20.3427,11.9028,11.9028,206.253,204.394,226.437,862.246,890.272,486.353,486.353,358.048,172.644,172.644,504.198,0,329.029
390,2014-01-26,00:00:00.00,13.0742,884.289,20.3427,11.9908,0,0,335.885,11.2151,0,0,0,28.0821,0,0,20.3427,20.3427,11.9908,11.9908,206.253,204.394,226.437,862.246,890.328,486.353,486.353,358.048,172.644,172.644,504.198,0,329.298
391,2014-01-27,00:00:00.00,13.0742,884.289,20.3427,12.2348,0,0,342.718,11.2151,0,0,0,28.2393,0,0,20.3427,20.3427,12.2348,12.2348,206.253,204.394,226.437,862.246,890.486,486.353,486.353,358.048,172.644,172.644,504.198,0,329.539
392,2014-01-28,00:00:00.00,13.0742,884.289,20.3427,12.2416,0,0,342.908,11.2151,0,0,0,28.2437,0,0,20.3427,20.3427,12.2416,12.2416,206.253,204.394,226.437,862.246,890.49,486.353,486.353,358.048,172.644,172.644,504.198,0,329.753
393,2014-01-29,00:00:00.00,13.0742,884.289,20.3427,12.2416,0,0,342.908,11.2151,0,0,0,28.2437,0,0,20.3427,20.3427,12.2416,12.2416,206.253,204.394,226.437,862.246,890.49,486.353,486.353,358.048,172.644,172.644,504.198,0,329.945
394,2014-01-30,00:00:00.00,13.0742,884.289,20.3427,12.2551,0,0,343.288,11.2151,0,0,0,28.2524,0,0,20.3427,20.3427,12.2551,12.2551,206.253,204.394,226.437,862.246,890.499,486.353,486.353,358.048,172.644,172.644,504.198,0,330.117
395,2014-01-31,00:00:00.00,13.0742,884.289,20.3427,12.3161,0,0,344.996,11.2151,0,0,0,28.2917,0,0,20.3427,20.3427,12.3161,12.3161,206.253,204.394,226.437,862.246,890.538,486.353,486.353,358.048,172.644,172.644,504.198,0,330.27
396,2014-02-01,00:00:00.00,13.0742,884.289,20.3427,12.3906,0,0,347.084,11.2151,0,0,0,28.3398,0,0,20.3427,20.3427,12.3906,12.3906,206.253,204.394,226.437,862.246,890.586,486.359,486.359,358.048,172.776,172.776,504.198,0,330.392
397,2014-02-02,00:00:00.00,13.0742,884.289,20.3427,12.8853,0,0,360.94,11.2151,0,0,0,28.6587,0,0,20.3427,20.3427,12.8853,12.8853,206.253,204.394,226.437,862.246,890.905,486.364,486.364,358.048,172.985,172.985,504.198,0,330.48
398,2014-02-03,00:00:00.00,13.0742,884.289,20.3427,12.8921,0,0,361.13,11.2151,0,0,0,28.663,0,0,20.3427,20.3427,12.8921,12.8921,206.253,204.394,226.437,862.246,890.909,486.399,486.399,358.048,173.179,173.179,504.198,0,330.537
399,2014-02-04,00:00:00.00,13.0742,884.289,20.3427,12.8921,0,0,361.13,11.2151,0,0,0,28.663,0,0,20.3427,20.3427,12.8921,12.8921,206.253,204.394,226.437,862.246,890.909,486.399,486.399,358.048,173.179,173.179,504.198,0,330.589
400,2014-02-05,00:00:00.00,13.0742,884.289,20.3427,13.0818,0,0,366.444,11.2151,0,0,0,28.7854,0,0,20.3427,20.3427,13.0818,13.0818,206.253,204.394,226.437,862.246,891.032,486.399,486.399,358.048,173.179,173.179,504.198,0,330.634
401,2014-02-06,00:00:00.00,13.0742,884.289,20.3427,13.3257,0,0,373.277,11.2151,0,0,0,28.9426,0,0,20.3427,20.3427,13.3257,13.3257,206.253,204.394,226.437,862.246,891.189,486.399,486.399,358.048,173.179,173.179,504.198,0,330.675
402,2014-02-07,00:00:00.00,13.0742,884.289,20.3427,13.3867,0,0,374.985,11.2151,0,0,0,28.9819,0,0,20.3427,20.3427,13.3867,13.3867,206.253,204.394,226.437,862.246,891.228,486.399,486.399,358.048,173.179,173.179,504.198,0,330.712
403,2014-02-08,00:00:00.00,13.0742,884.289,20.3427,13.3867,0,0,374.985,11.2151,0,0,0,28.9819,0,0,20.3427,20.3427,13.3867,13.3867,206.253,204.394,226.437,862.246,891.228,486.399,486.399,358.048,173.179,173.179,504.198,0,330.745
404,2014-02-09,00:00:00.00,13.0742,884.289,20.3427,13.407,0,0,375.555,11.2151,0,0,0,28.995,0,0,20.3427,20.3427,13.407,13.407,206.253,204.394,226.437,862.246,891.241,486.399,486.399,358.048,173.179,173.179,504.198,0,330.774
405,2014-02-10,00:00:00.00,13.0742,884.289,20.3427,13.4748,0,0,377.453,11.2151,0,0,0,29.0387,0,0,20.3427,20.3427,13.4748,13.4748,206.253,204.394,226.437,862.246,891.285,486.399,486.399,358.048,173.179,173.179,504.198,0,330.8
406,2014-02-11,00:00:00.00,13.0742,884.289,20.3427,13.4748,0,0,377.453,11.2151,0,0,0,29.0387,0,0,20.3427,20.3427,13.4748,13.4748,206.253,204.394,226.437,862.246,891.285,486.399,486.399,358.048,173.179,173.179,504.198,0,330.823
407,2014-02-12,00:00:00.00,13.0742,884.289,20.3427,13.4748,0,0,377.453,11.2151,0,0,0,29.0387,0,0,20.3427,20.3427,13.4748,13.4748,206.253,204.394,226.437,862.246,891.285,486.399,486.399,358.048,173.179,173.179,504.198,0,330.844
408,2014-02-13,00:00:00.00,13.0742,884.289,20.3427,13.4748,0,0,377.453,11.2151,0,0,0,29.0387,0,0,20.3427,20.3427,13.4748,13.4748,206.253,204.394,226.437,862.246,891.285,486.399,486.399,358.048,173.179,173.179,504.198,0,330.863
409,2014-02-14,00:00:00.00,13.0742,884.289,20.3427,13.4748,0,0,377.453,11.2151,0,0,0,29.0387,0,0,20.3427,20.3427,13.4748,13.4748,206.253,204.394,226.437,862.246,891.285,486.399,486.399,358.048,173.179,173.179,504.198,0,330.88
410,2014-02-15,00:00:00.00,13.0742,884.289,20.3427,13.4748,0,0,377.453,11.2151,0,0,0,29.0387,0,0,20.3427,20.3427,13.4748,13.4748,206.253,204.394,226.437,862.246,891.285,486.434,486.434,358.048,173.318,173.318,504.198,0,330.88
411,2014-02-16,00:00:00.00,13.0742,884.289,20.3427,13.529,0,0,378.971,11.2151,0,0,0,29.0737,0,0,20.3427,20.3427,13.529,13.529,206.253,204.394,226.437,862.246,891.32,486.434,486.434,358.048,173.318,173.318,504.198,0,330.88
412,2014-02-17,00:00:00.00,13.0742,884.289,20.3427,13.5561,0,0,379.73,11.2151,0,0,0,29.0911,0,0,20.3427,20.3427,13.5561,13.5561,206.253,204.394,226.437,862.246,891.337,486.434,486.434,358.048,173.318,173.318,504.198,0,330.88
413,2014-02-18,00:00:00.00,13.0742,884.289,20.3427,13.8272,0,0,387.323,11.2151,0,0,0,29.2659,0,0,20.3427,20.3427,13.8272,13.8272,206.253,204.394,226.437,862.246,891.512,486.434,486.434,358.048,173.318,173.318,504.198,0,330.88
414,2014-02-19,00:00:00.00,13.0742,884.289,20.3427,13.8272,0,0,387.323,11.2151,0,0,0,29.2659,0,0,20.3427,20.3427,13.8272,13.8272,206.253,204.394,226.437,862.246,891.512,486.465,486.465,358.048,173.318,173.318,504.198,0,330.88
415,2014-02-20,00:00:00.00,13.0742,884.289,20.3427,13.8272,0,0,387.323,11.2151,0,0,0,29.2659,0,0,20.3427,20.3427,13.8272,13.8272,206.253,204.394,226.437,862.246,891.512,486.514,486.514,358.048,173.318,173.318,504.198,0,330.88
416,2014-02-21,00:00:00.00,13.0742,884.289,20.3427,14.2676,0,0,399.66,11.2151,0,0,0,29.5498,0,0,20.3427,20.3427,14.2676,14.2676,206.253,204.394,226.437,862.246,891.796,486.52,486.52,358.048,173.318,173.318,504.198,0,330.88
417,2014-02-22,00:00:00.00,13.0742,884.289,20.3427,14.2811,0,0,400.04,11.2151,0,0,0,29.5586,0,0,20.3427,20.3427,14.2811,14.2811,208.214,204.394,226.437,862.246,891.805,486.557,486.557,358.048,173.318,173.318,504.198,0,330.88
418,2014-02-23,00:00:00.00,15.0344,884.289,20.3427,14.2811,0,0,400.04,11.2151,0,0,0,29.5586,0,0,20.3427,20.3427,14.2811,14.2811,208.214,204.394,226.437,862.246,891.805,486.606,486.606,358.048,173.318,173.318,504.198,0,330.88
419,2014-02-24,00:00:00.00,15.0344,884.289,20.3427,14.3218,0,0,401.178,11.2151,0,0,0,29.5848,0,0,20.3427,20.3427,14.3218,14.3218,208.214,204.394,226.437,862.246,891.831,486.61,486.61,358.048,173.318,173.318,504.198,0,330.88
420,2014-02-25,00:00:00.00,15.0344,884.289,20.3427,14.3828,0,0,402.887,11.2151,0,0,0,29.6241,0,0,20.3427,20.3427,14.3828,14.3828,208.214,204.394,226.437,862.246,891.87,486.61,486.61,358.048,173.318,173.318,504.198,0,330.88
421,2014-02-26,00:00:00.00,15.0344,884.289,20.3427,14.4573,0,0,404.975,11.2151,0,0,0,29.6721,0,0,20.3427,20.3427,14.4573,14.4573,208.214,204.394,226.437,862.246,891.918,486.61,486.61,358.048,173.318,173.318,504.198,0,330.88
422,2014-02-27,00:00:00.00,15.0344,884.289,20.3427,14.4573,0,0,404.975,11.2151,0,0,0,29.6721,0,0,20.3427,20.3427,14.4573,14.4573,208.214,204.394,226.437,862.246,891.918,486.61,486.61,358.048,173.318,173.318,504.198,0,330.88
423,2014-02-28,00:00:00.00,15.0344,884.289,20.3427,14.5115,0,0,406.493,11.2151,0,0,0,29.7071,0,0,20.3427,20.3427,14.5115,14.5115,208.214,204.394,226.437,862.246,891.953,486.61,486.61,358.048,173.318,173.318,504.198,0,330.88
424,2014-03-01,00:00:00.00,15.0344,884.289,20.3427,14.5115,0,0,406.493,11.2151,0,0,0,29.7071,0,0,20.3427,20.3427,14.5115,14.5115,208.214,204.394,226.437,862.246,891.953,486.61,486.61,358.048,173.318,173.318,504.198,0,330.88
425,2014-03-02,00:00:00.00,15.0344,884.289,20.3427,14.5996,0,0,408.96,11.2151,0,0,0,29.7639,0,0,20.3427,20.3427,14.5996,14.5996,208.214,204.394,226.437,862.246,892.01,486.61,486.61,358.048,173.318,173.318,504.198,0,330.88
426,2014-03-03,00:00:00.00,15.0344,884.289,20.3427,14.5996,0,0,408.96,11.2151,0,0,0,29.7639,0,0,20.3427,20.3427,14.5996,14.5996,208.214,204.394,226.437,862.246,892.01,486.61,486.61,358.048,173.318,173.318,504.198,0,330.88
427,2014-03-04,00:00:00.00,15.0344,884.289,20.3427,14.5996,0,0,408.96,11.2151,0,0,0,29.7639,0,0,20.3427,20.3427,14.5996,14.5996,208.214,204.394,226.437,862.246,892.01,486.61,486.61,358.048,173.318,173.318,504.198,0,330.88
428,2014-03-05,00:00:00.00,15.0344,884.289,20.3427,14.7216,0,0,412.377,11.2151,0,0,0,29.8425,0,0,20.3427,20.3427,14.7216,14.7216,208.214,204.394,226.437,862.246,892.089,486.61,486.61,358.048,173.318,173.318,504.198,0,330.88
429,2014-03-06,00:00:00.00,15.0344,884.289,20.3427,14.7419,0,0,412.946,11.2151,0,0,0,29.8556,0,0,20.3427,20.3427,14.7419,14.7419,208.214,204.394,226.437,862.246,892.102,486.61,486.61,358.048,173.318,173.318,504.198,0,330.88
430,2014-03-07,00:00:00.00,15.0344,884.289,20.3427,14.7419,0,0,412.946,11.2151,0,0,0,29.8556,0,0,20.3427,20.3427,14.7419,14.7419,208.214,204.394,226.437,862.246,892.102,486.61,486.61,358.048,173.318,173.318,504.198,0,330.88
431,2014-03-08,00:00:00.00,15.0344,884.289,20.3427,14.7419,0,0,412.946,11.2151,0,0,0,29.8556,0,0,20.3427,20.3427,14.7419,14.7419,208.214,204.394,226.437,862.246,892.102,486.61,486.61,358.048,173.318,173.318,504.198,0,330.88
432,2014-03-09,00:00:00.00,15.0344,884.289,20.3427,14.7419,0,0,412.946,11.2151,0,0,0,29.8556,0,0,20.3427,20.3427,14.7419,14.7419,208.214,204.394,226.437,862.246,892.102,486.643,486.643,358.048,173.318,173.318,504.198,0,330.88
433,2014-03-10,00:00:00.00,15.0344,884.289,20.3427,14.7419,0,0,412.946,11.2151,0,0,0,29.8556,0,0,20.3427,20.3427,14.7419,14.7419,208.214,204.394,226.437,862.246,892.102,486.643,486.643,358.048,173.318,173.318,504.198,0,330.88
434,2014-03-11,00:00:00.00,15.0344,884.289,20.3427,14.7419,0,0,412.946,11.2151,0,0,0,29.8556,0,0,20.3427,20.3427,14.7419,14.7419,208.214,204.394,226.437,862.246,892.102,486.804,486.804,358.048,173.318,173.318,504.198,0,330.88
435,2014-03-12,00:00:00.00,15.0344,884.289,20.3427,14.7961,0,0,414.465,11.2151,0,0,0,29.8906,0,0,20.3427,20.3427,14.7961,14.7961,232.06,221.382,226.584,879.086,908.977,486.926,486.926,358.406,173.318,173.318,520.681,0,332.636
436,2014-03-13,00:00:00.00,21.8929,884.289,20.3427,14.891,0,0,417.122,11.2151,0,0,0,29.9517,0,0,20.3427,20.3427,14.891,14.891,232.06,221.382,226.584,879.086,909.038,486.926,486.926,358.406,173.318,173.318,520.681,0,334.205
437,2014-03-14,00:00:00.00,21.8929,884.289,20.3427,14.891,0,0,417.122,11.2151,0,0,0,29.9517,0,0,20.3427,20.3427,14.891,14.891,232.06,221.382,226.584,879.086,909.038,486.926,486.926,358.406,173.318,173.318,520.681,0,335.607
438,2014-03-15,00:00:00.00,21.8929,884.289,20.3427,14.9113,0,0,417.692,11.2151,0,0,0,29.9648,0,0,20.3427,20.3427,14.9113,14.9113,232.06,221.382,226.584,879.086,909.051,486.941,486.941,358.406,173.488,173.488,520.681,0,336.841
439,2014-03-16,00:00:00.00,21.8929,884.289,20.3427,14.9113,0,0,417.692,11.2151,0,0,0,29.9648,0,0,20.3427,20.3427,14.9113,14.9113,232.06,221.382,226.584,879.086,909.051,486.974,486.974,358.406,173.658,173.658,520.681,0,337.926
440,2014-03-17,00:00:00.00,21.8929,884.289,20.3427,14.9113,0,0,417.692,11.2151,0,0,0,29.9648,0,0,20.3427,20.3427,14.9113,14.9113,232.06,221.382,226.584,879.086,909.051,486.974,486.974,358.406,173.658,173.658,520.681,0,338.895
441,2014-03-18,00:00:00.00,21.8929,884.289,20.3427,14.9113,0,0,417.692,11.2151,0,0,0,29.9648,0,0,20.3427,20.3427,14.9113,14.9113,232.06,221.382,226.584,879.086,909.051,486.974,486.974,358.406,173.658,173.658,520.681,0,339.761
442,2014-03-19,00:00:00.00,21.8929,884.289,20.3427,14.9113,0,0,417.692,11.2151,0,0,0,29.9648,0,0,20.3427,20.3427,14.9113,14.9113,232.06,221.382,226.584,879.086,909.051,486.975,486.975,358.406,173.664,173.664,520.681,0,340.534
443,2014-03-20,00:00:00.00,21.8929,884.289,20.4436,14.9677,0,0,419.27,14.9832,0,0,0,30.0871,0,0,20.4436,20.4436,14.9677,14.9677,234.6,221.382,226.584,879.086,909.173,487.011,487.011,358.406,174.473,174.473,520.681,0,341.139
444,2014-03-21,00:00:00.00,24.897,884.289,20.4436,14.9677,0,0,419.27,14.9832,0,0,0,30.0871,0,0,20.4436,20.4436,14.9677,14.9677,234.6,221.382,226.584,879.086,909.173,487.108,487.108,358.406,174.897,174.897,520.681,0,341.634
445,2014-03-22,00:00:00.00,28.2015,884.289,20.4436,15.1913,0,0,425.534,14.9832,0,0,0,30.2313,0,0,20.4436,20.4436,15.1913,15.1913,234.6,221.382,226.584,879.086,909.318,487.114,487.114,358.406,175.042,175.042,520.681,0,342.06
446,2014-03-23,00:00:00.00,28.2015,884.289,20.4436,15.1913,0,0,425.534,14.9832,0,0,0,30.2313,0,0,20.4436,20.4436,15.1913,15.1913,234.6,221.382,226.584,879.086,909.318,487.221,487.221,358.406,175.512,175.512,520.681,0,342.392
447,2014-03-24,00:00:00.00,28.2015,884.289,20.4436,15.1913,0,0,425.534,14.9832,0,0,0,30.2313,0,0,20.4436,20.4436,15.1913,15.1913,234.6,221.382,226.584,879.086,909.318,487.221,487.221,358.406,175.512,175.512,520.681,0,342.688
448,2014-03-25,00:00:00.00,28.2015,884.289,20.4436,15.1913,0,0,425.534,14.9832,0,0,0,30.2313,0,0,20.4436,20.4436,15.1913,15.1913,234.6,221.382,226.584,879.086,909.318,487.221,487.221,358.406,175.512,175.512,520.681,0,342.952
449,2014-03-26,00:00:00.00,28.2015,884.289,20.4436,15.2252,0,0,426.483,14.9832,0,0,0,30.2531,0,0,20.4436,20.4436,15.2252,15.2252,234.6,221.382,226.584,879.086,909.339,487.221,487.221,358.406,175.512,175.512,520.681,0,343.188
450,2014-03-27,00:00:00.00,28.2015,884.289,20.4436,15.2252,0,0,426.483,14.9832,0,0,0,30.2531,0,0,20.4436,20.4436,15.2252,15.2252,234.6,221.382,226.584,879.086,909.339,487.221,487.221,358.406,175.512,175.512,520.681,0,343.399
451,2014-03-28,00:00:00.00,28.2015,884.289,20.4436,15.6114,0,0,437.302,14.9832,0,0,0,30.5021,0,0,20.4436,20.4436,15.6114,15.6114,234.6,221.382,226.584,879.086,909.588,487.221,487.221,358.406,175.512,175.512,520.681,0,343.588
452,2014-03-29,00:00:00.00,28.2015,884.289,20.5,15.6114,0,0,437.302,17.0893,0,0,0,30.5502,0,0,20.5,20.5,15.6114,15.6114,246.216,227.645,226.628,885.306,915.856,487.342,487.342,358.62,176.258,176.258,526.686,0,344.316
453,2014-03-30,00:00:00.00,29.2477,884.289,20.5,15.6114,0,0,437.302,17.0893,0,0,0,30.5502,0,0,20.5,20.5,15.6114,15.6114,246.216,227.645,226.628,885.306,915.856,487.481,487.481,358.62,176.868,176.868,526.686,0,344.903
454,2014-03-31,00:00:00.00,29.2477,884.289,20.5,15.6114,0,0,437.302,17.0893,0,0,0,30.5502,0,0,20.5,20.5,15.6114,15.6114,247.512,227.994,226.63,885.652,916.203,487.651,487.651,358.807,177.614,177.614,526.846,0,345.364
455,2014-04-01,00:00:00.00,29.2477,884.289,20.5,15.6114,0,0,437.302,17.0893,0,0,0,30.5502,0,0,20.5,20.5,15.6114,15.6114,262.453,243.204,226.724,900.77,931.32,487.821,487.821,359.164,178.36,178.36,541.606,0,347.269
456,2014-04-02,00:00:00.00,29.2477,884.289,20.5,15.6114,0,0,437.302,17.0893,0,0,0,30.5502,0,0,20.5,20.5,15.6114,15.6114,285.153,266.694,226.85,924.132,954.682,487.91,487.91,359.447,178.816,178.816,564.685,0,351.382
457,2014-04-03,00:00:00.00,29.2477,884.289,20.5,15.6114,0,0,437.302,17.0893,0,0,0,30.5502,0,0,20.5,20.5,15.6114,15.6114,286.481,268.068,226.856,925.501,956.051,487.91,487.91,359.606,178.816,178.816,565.895,0,355.185
458,2014-04-04,00:00:00.00,32.2518,884.289,20.5,15.6114,0,0,437.302,17.0893,0,0,0,30.5502,0,0,20.5,20.5,15.6114,15.6114,286.481,268.068,226.856,925.501,956.051,487.91,487.91,359.606,178.816,178.816,565.895,0,358.584
459,2014-04-05,00:00:00.00,32.2518,892.859,20.8125,15.6317,0,0,437.871,20.1978,0,0,0,30.8298,0,0,20.8125,20.8125,15.6317,15.6317,297.218,279.158,226.938,945.079,975.909,487.91,487.91,359.791,178.816,178.816,585.289,0,363.686
460,2014-04-06,00:00:00.00,35.7455,892.859,20.8125,15.6317,0,0,437.871,20.1978,0,0,0,30.8298,0,0,20.8125,20.8125,15.6317,15.6317,297.218,279.158,226.938,945.079,975.909,487.91,487.91,359.791,178.816,178.816,585.289,0,368.245
461,2014-04-07,00:00:00.00,35.7455,892.859,20.8125,15.6317,0,0,437.871,20.1978,0,0,0,30.8298,0,0,20.8125,20.8125,15.6317,15.6317,301.767,280.539,226.94,946.458,977.288,487.91,487.91,359.841,178.816,178.816,586.617,0,372.46
462,2014-04-08,00:00:00.00,35.7455,898.888,20.9816,15.6385,0,0,438.061,20.487,0,0,0,30.9783,0,0,20.9816,20.9816,15.6385,15.6385,319.161,298.53,226.998,970.42,1001.4,487.91,487.91,359.971,178.816,178.816,610.449,0,378.765
463,2014-04-09,00:00:00.00,35.7455,898.888,20.9816,15.6995,0,0,439.769,20.487,0,0,0,31.0176,0,0,20.9816,20.9816,15.6995,15.6995,341.527,321.614,227.036,993.466,1024.48,487.922,487.922,360.072,179.107,179.107,633.394,0,386.812
464,2014-04-10,00:00:00.00,35.7455,898.888,20.9816,15.6995,0,0,439.769,20.487,0,0,0,31.0176,0,0,20.9816,20.9816,15.6995,15.6995,357.559,338.203,227.058,1010.03,1041.05,487.922,487.922,360.15,179.107,179.107,649.883,0,395.758
465,2014-04-11,00:00:00.00,35.7455,898.888,20.9816,15.6995,0,0,439.769,20.487,0,0,0,31.0176,0,0,20.9816,20.9816,15.6995,15.6995,409.735,392.192,227.111,1063.97,1094.99,488.436,488.436,360.299,181.76,181.76,693.157,10.5126,408.08
466,2014-04-12,00:00:00.00,35.7455,898.888,20.9816,15.6995,0,0,439.769,20.487,0,0,0,31.0176,0,0,20.9816,20.9816,15.6995,15.6995,454.14,438.139,227.195,1109.83,1140.85,490.829,490.829,360.85,184.413,184.413,736.089,12.8823,423.38
467,2014-04-13,00:00:00.00,35.7455,920.399,21.4874,15.6995,0,0,439.769,20.487,0,0,0,31.5069,0,0,21.4874,21.4874,15.6995,15.6995,457.185,441.29,227.521,1134.17,1165.67,492.842,492.842,361.612,186.859,186.859,759.67,12.8858,439.302
468,2014-04-14,00:00:00.00,35.7455,921.74,21.5233,15.6995,0,0,439.769,20.487,0,0,0,31.5374,0,0,21.5233,21.5233,15.6995,15.6995,461.199,445.443,227.611,1139.57,1171.11,495.459,495.459,362.703,189.512,189.512,763.983,12.8858,453.704
469,2014-04-15,00:00:00.00,35.7455,925.952,21.636,15.9366,0,0,446.413,20.487,0,0,0,31.7864,0,0,21.636,21.636,15.9366,15.9366,472.334,456.734,227.981,1154.7,1186.49,497.762,497.762,363.95,192.165,192.165,777.869,12.8859,467.769
470,2014-04-16,00:00:00.00,36.0867,925.952,21.636,16.0044,0,0,448.311,20.487,0,0,0,31.8301,0,0,21.636,21.636,16.0044,16.0044,472.334,456.734,227.981,1154.7,1186.53,497.762,497.762,363.95,192.165,192.165,777.869,12.8859,480.335
471,2014-04-17,00:00:00.00,36.0867,925.952,21.636,16.0044,0,0,448.311,20.487,0,0,0,31.8301,0,0,21.636,21.636,16.0044,16.0044,472.334,456.734,227.981,1154.7,1186.53,497.762,497.762,363.95,192.165,192.165,777.869,12.8859,491.562
472,2014-04-18,00:00:00.00,36.0867,926.06,21.6411,16.0044,0,0,448.311,20.57,0,0,0,31.8345,0,0,21.6411,21.6411,16.0044,16.0044,474.92,459.074,228.047,1157.09,1188.92,497.762,497.762,364.953,192.165,192.165,779.249,12.8859,501.74
473,2014-04-19,00:00:00.00,36.0867,927.4,21.677,16.0044,0,0,448.311,20.57,0,0,0,31.8651,0,0,21.677,21.677,16.0044,16.0044,476.987,461.213,228.106,1160.51,1192.37,499.343,499.343,366.052,193.782,193.782,781.569,12.8859,510.908
474,2014-04-20,00:00:00.00,36.0867,927.4,21.677,16.0044,0,0,448.311,20.57,0,0,0,31.8651,0,0,21.677,21.677,16.0044,16.0044,478.782,463.07,228.136,1162.33,1194.2,500.463,500.463,366.163,194.901,194.901,783.285,12.8859,519.163
475,2014-04-21,00:00:00.00,36.0867,927.4,21.677,16.0044,0,0,448.311,20.57,0,0,0,31.8651,0,0,21.677,21.677,16.0044,16.0044,482.391,466.804,228.199,1166.01,1197.87,503.116,503.116,366.317,197.554,197.554,786.803,12.8859,526.631
476,2014-04-22,00:00:00.00,36.0867,931.612,21.7897,16.0044,0,0,448.311,20.57,0,0,0,31.9612,0,0,21.7897,21.7897,16.0044,16.0044,484.397,468.881,228.431,1172.06,1204.02,505.656,505.656,368.276,200.207,200.207,790.9,12.8859,533.457
477,2014-04-23,00:00:00.00,36.0867,932.761,21.8204,16.0044,0,0,448.311,20.57,0,0,0,31.9874,0,0,21.8204,21.8204,16.0044,16.0044,484.397,468.881,228.483,1173.16,1205.15,507.906,507.906,369.373,202.487,202.487,790.9,12.8859,539.313
478,2014-04-24,00:00:00.00,36.0867,932.761,21.8204,16.0044,0,0,448.311,20.57,0,0,0,31.9874,0,0,21.8204,21.8204,16.0044,16.0044,484.397,468.881,228.483,1173.16,1205.15,508.528,508.528,369.373,203.109,203.109,790.9,12.8859,544.478
479,2014-04-25,00:00:00.00,36.0867,932.761,21.8204,16.0044,0,0,448.311,20.57,0,0,0,31.9874,0,0,21.8204,21.8204,16.0044,16.0044,484.397,468.881,228.483,1173.16,1205.15,509.647,509.647,369.373,204.229,204.229,790.9,12.8859,548.974
480,2014-04-26,00:00:00.00,36.0867,939.654,22.0049,16.0044,0,0,448.311,20.57,0,0,0,32.1446,0,0,22.0049,22.0049,16.0044,16.0044,484.397,468.881,228.9,1179.63,1211.78,512.075,512.075,371.871,206.841,206.841,794.878,12.8859,553.136
481,2014-04-27,00:00:00.00,36.0867,939.654,22.0049,16.0044,0,0,448.311,20.57,0,0,0,32.1446,0,0,22.0049,22.0049,16.0044,16.0044,484.397,468.881,228.9,1179.63,1211.78,512.075,512.075,371.871,206.841,206.841,794.878,12.8859,556.855
482,2014-04-28,00:00:00.00,36.0867,939.654,22.0049,16.0044,0,0,448.311,20.57,0,0,0,32.1446,0,0,22.0049,22.0049,16.0044,16.0044,484.397,468.881,228.9,1179.63,1211.78,514.023,514.023,371.871,208.789,208.789,794.878,12.8859,559.969
483,2014-04-29,00:00:00.00,36.0867,940.611,22.0305,16.0044,0,0,448.311,20.57,0,0,0,32.1665,0,0,22.0305,22.0305,16.0044,16.0044,484.397,468.881,228.966,1180.53,1212.69,516.444,516.444,372.762,211.236,211.236,794.878,12.8859,562.492
484,2014-04-30,00:00:00.00,36.0867,967.627,22.5363,16.0044,0,0,448.311,20.57,0,0,0,32.778,0,0,22.5363,22.5363,16.0044,16.0044,484.397,468.881,231.031,1205.48,1238.25,518.036,518.036,375.342,213.184,213.184,817.249,12.8859,566.921
485,2014-05-01,00:00:00.00,36.0867,969.541,22.5875,16.0044,0,0,448.311,20.57,0,0,0,32.8217,0,0,22.5875,22.5875,16.0044,16.0044,484.397,468.881,231.145,1207.28,1240.1,520.265,520.265,377.142,215.464,215.464,817.249,12.8859,570.636
486,2014-05-02,00:00:00.00,36.0867,971.647,22.6439,16.0044,0,0,448.311,20.57,0,0,0,32.8698,0,0,22.6439,22.6439,16.0044,16.0044,484.397,468.881,231.275,1209.25,1242.12,520.265,520.265,379.073,215.464,215.464,817.294,12.8859,573.96
487,2014-05-03,00:00:00.00,36.0867,975.285,22.7412,16.0044,0,0,448.311,20.57,0,0,0,32.9528,0,0,22.7412,22.7412,16.0044,16.0044,484.397,468.881,231.458,1212.71,1245.66,520.265,520.265,380.814,215.464,215.464,819.007,12.8859,577.112
488,2014-05-04,00:00:00.00,36.0867,981.412,22.9052,16.0044,0,0,448.311,20.57,0,0,0,33.0926,0,0,22.9052,22.9052,16.0044,16.0044,484.397,468.881,231.703,1218.59,1251.68,520.265,520.265,382.186,215.464,215.464,823.517,12.8859,580.409
489,2014-05-05,00:00:00.00,36.0867,981.412,22.9052,16.0044,0,0,448.311,20.57,0,0,0,33.0926,0,0,22.9052,22.9052,16.0044,16.0044,484.397,468.881,231.703,1218.59,1251.68,520.265,520.265,382.186,215.464,215.464,823.517,12.8859,583.354
490,2014-05-06,00:00:00.00,36.0867,981.412,22.9052,16.0044,0,0,448.311,20.57,0,0,0,33.0926,0,0,22.9052,22.9052,16.0044,16.0044,484.397,468.881,231.703,1218.59,1251.68,520.265,520.265,382.186,215.464,215.464,823.517,12.8859,585.986
491,2014-05-07,00:00:00.00,36.0867,981.412,22.9052,16.0044,0,0,448.311,20.57,0,0,0,33.0926,0,0,22.9052,22.9052,16.0044,16.0044,484.397,468.881,231.703,1218.59,1251.68,520.265,520.265,382.186,215.464,215.464,823.517,12.8859,588.337
492,2014-05-08,00:00:00.00,36.0867,981.412,22.9052,16.0044,0,0,448.311,20.57,0,0,0,33.0926,0,0,22.9052,22.9052,16.0044,16.0044,484.397,468.881,231.703,1218.59,1251.68,520.265,520.265,382.186,215.464,215.464,823.517,12.8859,590.438
493,2014-05-09,00:00:00.00,36.0867,981.412,22.9052,16.0044,0,0,448.311,20.57,0,0,0,33.0926,0,0,22.9052,22.9052,16.0044,16.0044,484.397,468.881,231.703,1218.59,1251.68,523.43,523.43,382.186,218.63,218.63,823.517,12.8859,591.977
494,2014-05-10,00:00:00.00,36.0867,987.155,23.0589,16.0044,0,0,448.311,20.57,0,0,0,33.2236,0,0,23.0589,23.0589,16.0044,16.0044,484.397,468.881,231.98,1224.06,1257.28,528.858,528.858,384.849,224.211,224.211,826.321,12.8859,593.057
495,2014-05-11,00:00:00.00,36.0867,987.155,23.0589,16.0044,0,0,448.311,20.57,0,0,0,33.2236,0,0,23.0589,23.0589,16.0044,16.0044,484.397,468.881,231.98,1224.06,1257.28,532.721,532.721,384.849,228.075,228.075,826.321,12.8859,593.61
496,2014-05-12,00:00:00.00,36.0867,987.155,23.0589,16.0044,0,0,448.311,20.57,0,0,0,33.2236,0,0,23.0589,23.0589,16.0044,16.0044,484.397,468.881,231.98,1224.06,1257.28,535.887,535.887,384.849,231.237,231.237,826.321,12.8859,593.767
497,2014-05-13,00:00:00.00,36.0867,1002.09,23.4586,16.0044,0,0,448.311,20.57,0,0,0,33.5644,0,0,23.4586,23.4586,16.0044,16.0044,484.397,468.881,233.483,1237.49,1271.05,541.069,541.069,389.008,232.554,232.554,835.592,12.8859,594.755
498,2014-05-14,00:00:00.00,36.0867,1011.66,23.7147,16.0044,0,0,448.311,20.57,0,0,0,33.7828,0,0,23.7147,23.7147,16.0044,16.0044,484.397,468.881,234.422,1246.12,1279.9,546.394,546.394,393.21,238.135,238.135,840.025,12.8859,595.515
499,2014-05-15,00:00:00.00,36.0867,1023.15,24.0222,16.0044,0,0,448.311,20.57,0,0,0,34.0449,0,0,24.0222,24.0222,16.0044,16.0044,484.397,468.881,235.56,1256.47,1290.51,551.345,551.345,397.339,243.391,243.391,846.245,12.8859,596.297
500,2014-05-16,00:00:00.00,36.0867,1032.91,24.2835,16.0044,0,0,448.311,20.57,0,0,0,34.2677,0,0,24.2835,24.2835,16.0044,16.0044,484.397,468.881,236.511,1265.28,1299.55,553.552,553.552,400.934,245.859,245.859,851.464,12.8859,597.289
501,2014-05-17,00:00:00.00,36.0867,1032.91,24.2835,16.0044,0,0,448.311,20.57,0,0,0,34.2677,0,0,24.2835,24.2835,16.0044,16.0044,484.397,468.881,236.511,1265.28,1299.55,553.552,553.552,400.934,245.859,245.859,851.464,12.8859,598.175
502,2014-05-18,00:00:00.00,36.0867,1032.91,24.2835,16.0044,0,0,448.311,20.57,0,0,0,34.2677,0,0,24.2835,24.2835,16.0044,16.0044,484.397,468.881,236.511,1265.28,1299.55,553.552,553.552,400.934,245.859,245.859,851.464,12.8859,598.967
503,2014-05-19,00:00:00.00,36.0867,1032.91,24.2835,16.0044,0,0,448.311,20.57,0,0,0,34.2677,0,0,24.2835,24.2835,16.0044,16.0044,484.397,468.881,236.511,1265.28,1299.55,553.552,553.552,400.934,245.859,245.859,851.464,12.8859,599.674
504,2014-05-20,00:00:00.00,36.0867,1032.91,24.2835,16.0044,0,0,448.311,20.57,0,0,0,34.2677,0,0,24.2835,24.2835,16.0044,16.0044,484.397,468.881,236.511,1265.28,1299.55,556.369,556.369,400.934,248.676,248.676,851.464,12.8859,600.006
505,2014-05-21,00:00:00.00,36.0867,1044.98,24.6063,16.0044,0,0,448.311,20.57,0,0,0,34.5429,0,0,24.6063,24.6063,16.0044,16.0044,484.397,468.881,237.718,1276.14,1310.68,558.863,558.863,404.624,251.35,251.35,858.629,12.8859,600.781
506,2014-05-22,00:00:00.00,36.0867,1045.93,24.6319,16.0044,0,0,448.311,20.57,0,0,0,34.5647,0,0,24.6319,24.6319,16.0044,16.0044,484.397,468.881,237.8,1277.01,1311.58,564.419,564.419,405.498,256.931,256.931,858.629,12.8859,600.879
507,2014-05-23,00:00:00.00,36.0867,1046.32,24.6421,16.0044,0,0,448.311,20.57,0,0,0,34.5734,0,0,24.6421,24.6421,16.0044,16.0044,484.397,468.881,237.844,1277.35,1311.93,565.83,565.83,405.838,257.751,257.751,858.629,12.8859,600.879
508,2014-05-24,00:00:00.00,36.0867,1046.32,24.6421,16.0044,0,0,448.311,20.57,0,0,0,34.5734,0,0,24.6421,24.6421,16.0044,16.0044,484.397,468.881,237.844,1277.35,1311.93,565.83,565.83,405.838,257.751,257.751,858.629,12.8859,600.879
509,2014-05-25,00:00:00.00,36.0867,1046.32,24.6421,16.0044,0,0,448.311,20.57,0,0,0,34.5734,0,0,24.6421,24.6421,16.0044,16.0044,484.397,468.881,237.844,1277.35,1311.93,570.74,570.74,405.838,257.751,257.751,858.629,12.8859,600.879
510,2014-05-26,00:00:00.00,36.0867,1046.32,24.6421,16.0044,0,0,448.311,20.57,0,0,0,34.5734,0,0,24.6421,24.6421,16.0044,16.0044,484.397,468.881,237.844,1277.35,1311.93,576.321,576.321,405.838,257.751,257.751,858.629,12.8859,600.879
511,2014-05-27,00:00:00.00,36.0867,1046.32,24.6421,16.0044,0,0,448.311,20.57,0,0,0,34.5734,0,0,24.6421,24.6421,16.0044,16.0044,484.397,468.881,237.844,1277.35,1311.93,581.903,581.903,405.838,257.751,257.751,858.629,12.8859,600.879
512,2014-05-28,00:00:00.00,36.0867,1046.32,24.6421,16.0044,0,0,448.311,20.57,0,0,0,34.5734,0,0,24.6421,24.6421,16.0044,16.0044,484.397,468.881,237.844,1277.35,1311.93,587.484,587.484,405.838,257.751,257.751,858.629,12.8859,600.879
513,2014-05-29,00:00:00.00,36.0867,1046.32,24.6421,16.0044,0,0,448.311,20.57,0,0,0,34.5734,0,0,24.6421,24.6421,16.0044,16.0044,484.397,468.881,237.844,1277.35,1311.93,593.059,593.059,405.838,257.751,257.751,858.629,12.8859,600.879
514,2014-05-30,00:00:00.00,36.0867,1046.32,24.6421,16.0044,0,0,448.311,20.57,0,0,0,34.5734,0,0,24.6421,24.6421,16.0044,16.0044,484.397,468.881,237.844,1277.35,1311.93,597.235,597.235,405.838,257.751,257.751,858.629,12.8859,600.879
515,2014-05-31,00:00:00.00,36.0867,1046.32,24.6421,16.0044,0,0,448.311,20.57,0,0,0,34.5734,0,0,24.6421,24.6421,16.0044,16.0044,484.397,468.881,237.844,1277.35,1311.93,601.923,601.923,405.838,257.751,257.751,858.629,12.8859,600.879
516,2014-06-01,00:00:00.00,36.0867,1046.32,24.6421,16.0044,0,0,448.311,20.57,0,0,0,34.5734,0,0,24.6421,24.6421,16.0044,16.0044,484.397,468.881,237.844,1277.35,1311.93,606.138,606.138,405.838,257.751,257.751,858.629,12.8859,600.879
517,2014-06-02,00:00:00.00,36.0867,1046.32,24.6421,16.0044,0,0,448.311,20.57,0,0,0,34.5734,0,0,24.6421,24.6421,16.0044,16.0044,484.397,468.881,237.844,1277.35,1311.93,607.954,607.954,405.838,257.751,257.751,858.629,12.8859,600.879
518,2014-06-03,00:00:00.00,36.0867,1049.95,24.7395,16.0044,0,0,448.311,20.57,0,0,0,34.6564,0,0,24.7395,24.7395,16.0044,16.0044,484.397,468.881,239.32,1279.51,1314.17,612.9,612.9,407.999,257.751,257.751,858.629,12.8859,600.879
519,2014-06-04,00:00:00.00,36.0867,1049.95,24.7395,16.0044,0,0,448.311,20.57,0,0,0,34.6564,0,0,24.7395,24.7395,16.0044,16.0044,484.397,468.881,239.32,1279.51,1314.17,617.54,617.54,407.999,257.751,257.751,858.629,12.8859,600.879
520,2014-06-05,00:00:00.00,36.0867,1049.95,24.7395,16.0044,0,0,448.311,20.57,0,0,0,34.6564,0,0,24.7395,24.7395,16.0044,16.0044,484.397,468.881,239.32,1279.51,1314.17,617.54,617.54,407.999,257.751,257.751,858.629,12.8859,600.879
521,2014-06-06,00:00:00.00,36.0867,1049.95,24.7395,16.0044,0,0,448.311,20.57,0,0,0,34.6564,0,0,24.7395,24.7395,16.0044,16.0044,484.397,468.881,239.32,1279.51,1314.17,617.54,617.54,407.999,257.751,257.751,858.629,12.8859,600.879
522,2014-06-07,00:00:00.00,36.0867,1049.95,24.7395,16.0044,0,0,448.311,20.57,0,0,0,34.6564,0,0,24.7395,24.7395,16.0044,16.0044,484.397,468.881,239.32,1279.51,1314.17,617.54,617.54,407.999,257.751,257.751,858.629,12.8859,600.879
523,2014-06-08,00:00:00.00,36.0867,1049.95,24.7395,16.0044,0,0,448.311,20.57,0,0,0,34.6564,0,0,24.7395,24.7395,16.0044,16.0044,484.397,468.881,239.32,1279.51,1314.17,618.98,618.98,407.999,257.751,257.751,858.629,12.8859,600.879
524,2014-06-09,00:00:00.00,36.0867,1053.97,24.8471,16.0044,0,0,448.311,20.57,0,0,0,34.7482,0,0,24.8471,24.8471,16.0044,16.0044,484.397,468.881,241.214,1281.64,1316.39,618.98,618.98,410.126,257.751,257.751,858.629,12.8859,600.879
525,2014-06-10,00:00:00.00,36.0867,1053.97,24.8471,16.0044,0,0,448.311,20.57,0,0,0,34.7482,0,0,24.8471,24.8471,16.0044,16.0044,484.397,468.881,241.214,1281.64,1316.39,621.091,621.091,410.126,257.751,257.751,858.629,12.8859,600.879
526,2014-06-11,00:00:00.00,36.0867,1056.46,24.9137,16.0044,0,0,448.311,20.57,0,0,0,34.805,0,0,24.9137,24.9137,16.0044,16.0044,484.397,468.881,242.342,1283,1317.81,624.949,624.949,411.486,257.751,257.751,858.629,12.8859,600.879
527,2014-06-12,00:00:00.00,36.0867,1064.5,25.1289,16.0044,0,0,448.311,20.57,0,0,0,34.9884,0,0,25.1289,25.1289,16.0044,16.0044,484.397,468.881,246.088,1287.3,1322.29,628.322,628.322,415.782,257.751,257.751,858.629,12.8859,600.879
528,2014-06-13,00:00:00.00,36.0867,1071.21,25.3082,16.0044,0,0,448.311,20.57,0,0,0,35.1413,0,0,25.3082,25.3082,16.0044,16.0044,484.397,468.881,248.929,1291.16,1326.3,632.723,632.723,419.642,257.751,257.751,858.629,12.8859,600.879
529,2014-06-14,00:00:00.00,36.0867,1071.21,25.3082,16.0044,0,0,448.311,20.57,0,0,0,35.1413,0,0,25.3082,25.3082,16.0044,16.0044,484.397,468.881,248.929,1291.16,1326.3,635.061,635.061,419.642,257.751,257.751,858.629,12.8859,600.879
530,2014-06-15,00:00:00.00,36.0867,1071.21,25.3082,16.0044,0,0,448.311,20.57,0,0,0,35.1413,0,0,25.3082,25.3082,16.0044,16.0044,484.397,468.881,248.929,1291.16,1326.3,635.061,635.061,419.642,257.751,257.751,858.629,12.8859,600.879
531,2014-06-16,00:00:00.00,36.0867,1073.69,25.3748,16.0044,0,0,448.311,20.57,0,0,0,35.1981,0,0,25.3748,25.3748,16.0044,16.0044,484.397,468.881,249.985,1292.59,1327.79,635.061,635.061,421.074,257.751,257.751,858.629,12.8859,600.879
532,2014-06-17,00:00:00.00,36.0867,1073.69,25.3748,16.0044,0,0,448.311,20.57,0,0,0,35.1981,0,0,25.3748,25.3748,16.0044,16.0044,484.397,468.881,249.985,1292.59,1327.79,639.532,639.532,421.074,257.751,257.751,858.629,12.8859,600.879
533,2014-06-18,00:00:00.00,36.0867,1083.84,25.6464,16.0044,0,0,448.311,20.57,0,0,0,35.4296,0,0,25.6464,25.6464,16.0044,16.0044,484.397,468.881,254.466,1298.26,1333.69,644.212,644.212,426.741,257.751,257.751,858.629,12.8859,600.879
534,2014-06-19,00:00:00.00,36.0867,1085.18,25.6822,16.0044,0,0,448.311,20.57,0,0,0,35.4602,0,0,25.6822,25.6822,16.0044,16.0044,484.397,468.881,254.995,1299.07,1334.53,648.216,648.216,427.552,257.751,257.751,858.629,12.8859,600.879
535,2014-06-20,00:00:00.00,36.0867,1085.18,25.6822,16.0044,0,0,448.311,20.57,0,0,0,35.4602,0,0,25.6822,25.6822,16.0044,16.0044,484.397,468.881,254.995,1299.07,1334.53,652.19,652.19,427.552,257.751,257.751,858.629,12.8859,600.879
536,2014-06-21,00:00:00.00,36.0867,1085.18,25.6822,16.0044,0,0,448.311,20.57,0,0,0,35.4602,0,0,25.6822,25.6822,16.0044,16.0044,484.397,468.881,254.995,1299.07,1334.53,652.19,652.19,427.552,257.751,257.751,858.629,12.8859,600.879
537,2014-06-22,00:00:00.00,36.0867,1085.18,25.6822,16.0044,0,0,448.311,20.57,0,0,0,35.4602,0,0,25.6822,25.6822,16.0044,16.0044,484.397,468.881,254.995,1299.07,1334.53,654.426,654.426,427.552,257.751,257.751,858.629,12.8859,600.879
538,2014-06-23,00:00:00.00,36.0867,1085.18,25.6822,16.0044,0,0,448.311,20.57,0,0,0,35.4602,0,0,25.6822,25.6822,16.0044,16.0044,484.397,468.881,254.995,1299.07,1334.53,656.734,656.734,427.552,257.751,257.751,858.629,12.8859,600.879
539,2014-06-24,00:00:00.00,36.0867,1088.63,25.7745,16.0044,0,0,448.311,20.57,0,0,0,35.5389,0,0,25.7745,25.7745,16.0044,16.0044,484.397,468.881,256.7,1300.81,1336.35,659.179,659.179,429.293,257.751,257.751,858.629,12.8859,600.879
540,2014-06-25,00:00:00.00,36.0867,1100.69,26.0973,16.0044,0,0,448.311,20.57,0,0,0,35.8141,0,0,26.0973,26.0973,16.0044,16.0044,484.397,468.881,262.551,1307.02,1342.83,663.397,663.397,435.504,257.751,257.751,858.629,12.8859,600.879
541,2014-06-26,00:00:00.00,36.0867,1100.69,26.0973,16.0044,0,0,448.311,20.57,0,0,0,35.8141,0,0,26.0973,26.0973,16.0044,16.0044,484.397,468.881,262.551,1307.02,1342.83,667.41,667.41,435.504,257.751,257.751,858.629,12.8859,600.879
542,2014-06-27,00:00:00.00,36.0867,1100.69,26.0973,16.0044,0,0,448.311,20.57,0,0,0,35.8141,0,0,26.0973,26.0973,16.0044,16.0044,484.397,468.881,262.551,1307.02,1342.83,671.474,671.474,435.504,257.751,257.751,858.629,12.8859,600.879
543,2014-06-28,00:00:00.00,36.0867,1100.69,26.0973,16.0044,0,0,448.311,20.57,0,0,0,35.8141,0,0,26.0973,26.0973,16.0044,16.0044,484.397,468.881,262.551,1307.02,1342.83,675.057,675.057,435.504,257.751,257.751,858.629,12.8859,600.879
544,2014-06-29,00:00:00.00,36.0867,1100.69,26.0973,16.0044,0,0,448.311,20.57,0,0,0,35.8141,0,0,26.0973,26.0973,16.0044,16.0044,484.397,468.881,262.551,1307.02,1342.83,678.158,678.158,435.504,257.751,257.751,858.629,12.8859,600.879
545,2014-06-30,00:00:00.00,36.0867,1109.5,26.3329,16.0044,0,0,448.311,20.57,0,0,0,36.015,0,0,26.3329,26.3329,16.0044,16.0044,484.397,468.881,267.45,1310.93,1346.94,681.399,681.399,439.412,257.751,257.751,858.629,12.8859,600.879
546,2014-07-01,00:00:00.00,36.0867,1109.69,26.3381,16.0044,0,0,448.311,20.57,0,0,0,36.0194,0,0,26.3381,26.3381,16.0044,16.0044,484.397,468.881,267.546,1311.02,1347.04,684.842,684.842,439.508,257.751,257.751,858.629,12.8859,600.879
547,2014-07-02,00:00:00.00,36.0867,1113.9,26.4508,16.0044,0,0,448.311,20.57,0,0,0,36.1155,0,0,26.4508,26.4508,16.0044,16.0044,484.397,468.881,269.783,1313,1349.11,688.324,688.324,441.483,257.751,257.751,858.629,12.8859,600.879
548,2014-07-03,00:00:00.00,36.0867,1114.67,26.4713,16.0044,0,0,448.311,20.57,0,0,0,36.133,0,0,26.4713,26.4713,16.0044,16.0044,484.397,468.881,270.184,1313.36,1349.5,691.041,691.041,441.848,257.751,257.751,858.629,12.8859,600.879
549,2014-07-04,00:00:00.00,36.0867,1114.67,26.4713,16.0044,0,0,448.311,20.57,0,0,0,36.133,0,0,26.4713,26.4713,16.0044,16.0044,484.397,468.881,270.184,1313.36,1349.5,691.041,691.041,441.848,257.751,257.751,858.629,12.8859,600.879
550,2014-07-05,00:00:00.00,36.0867,1114.67,26.4713,16.0044,0,0,448.311,20.57,0,0,0,36.133,0,0,26.4713,26.4713,16.0044,16.0044,484.397,468.881,270.184,1313.36,1349.5,691.041,691.041,441.848,257.751,257.751,858.629,12.8859,600.879
551,2014-07-06,00:00:00.00,36.0867,1114.67,26.4713,16.0044,0,0,448.311,20.57,0,0,0,36.133,0,0,26.4713,26.4713,16.0044,16.0044,484.397,468.881,270.184,1313.36,1349.5,691.041,691.041,441.848,257.751,257.751,858.629,12.8859,600.879
552,2014-07-07,00:00:00.00,36.0867,1140.9,26.9771,16.0044,0,0,448.311,20.57,0,0,0,36.7271,0,0,26.9771,26.9771,16.0044,16.0044,484.397,468.881,284.462,1325.31,1362.04,691.802,691.802,453.648,257.751,257.751,858.78,12.8859,600.895
553,2014-07-08,00:00:00.00,36.0867,1141.85,27.0027,16.0044,0,0,448.311,20.57,0,0,0,36.7489,0,0,27.0027,27.0027,16.0044,16.0044,484.397,468.881,284.771,1325.96,1362.71,697.644,697.644,454.297,257.885,257.885,858.78,12.8859,600.895
554,2014-07-09,00:00:00.00,36.0867,1168.28,27.5085,16.0044,0,0,448.311,20.57,0,0,0,37.3474,0,0,27.5085,27.5085,16.0044,16.0044,484.397,468.881,294.261,1342.9,1380.25,699.136,699.136,463.634,257.885,257.885,866.378,12.8859,601.704
555,2014-07-10,00:00:00.00,36.0867,1168.47,27.5136,16.0044,0,0,448.311,20.57,0,0,0,37.3517,0,0,27.5136,27.5136,16.0044,16.0044,484.397,468.881,294.306,1343.04,1380.4,699.136,699.136,463.781,257.885,257.885,866.378,12.8859,602.428
556,2014-07-11,00:00:00.00,36.0867,1168.66,27.5187,16.0044,0,0,448.311,20.57,0,0,0,37.3561,0,0,27.5187,27.5187,16.0044,16.0044,484.397,468.881,294.351,1343.19,1380.55,699.136,699.136,463.927,257.885,257.885,866.378,12.8859,603.074
557,2014-07-12,00:00:00.00,36.0867,1191.75,28.0245,16.0044,0,0,448.311,20.57,0,0,0,37.8803,0,0,28.0245,28.0245,16.0044,16.0044,484.397,468.881,299.724,1360.9,1398.78,699.136,699.136,470.457,257.885,257.885,877.558,12.8859,604.842
558,2014-07-13,00:00:00.00,36.0867,1203.42,28.3371,16.0044,0,0,448.311,20.57,0,0,0,38.1468,0,0,28.3371,28.3371,16.0044,16.0044,484.397,468.881,301.568,1370.74,1408.88,704.281,704.281,476.387,263.343,263.343,881.464,12.8859,606.257
559,2014-07-14,00:00:00.00,36.0867,1206.1,28.4088,16.0044,0,0,448.311,20.57,0,0,0,38.2079,0,0,28.4088,28.4088,16.0044,16.0044,484.397,468.881,301.95,1373.04,1411.24,711.164,711.164,478.686,270.294,270.294,881.464,12.8859,606.781
560,2014-07-15,00:00:00.00,36.0867,1215.68,28.665,16.0044,0,0,448.311,20.57,0,0,0,38.4263,0,0,28.665,28.665,16.0044,16.0044,484.397,468.881,303.554,1381,1419.43,711.164,711.164,483.996,270.294,270.294,884.122,12.8859,607.532
561,2014-07-16,00:00:00.00,36.0867,1216.06,28.6752,16.0044,0,0,448.311,20.57,0,0,0,38.4351,0,0,28.6752,28.6752,16.0044,16.0044,484.397,468.881,303.603,1381.34,1419.77,711.164,711.164,484.33,270.294,270.294,884.122,12.8859,608.202
562,2014-07-17,00:00:00.00,36.0867,1217.02,28.7008,16.0044,0,0,448.311,20.57,0,0,0,38.4569,0,0,28.7008,28.7008,16.0044,16.0044,484.397,468.881,303.722,1382.18,1420.63,711.164,711.164,485.169,270.294,270.294,884.122,12.8859,608.802
563,2014-07-18,00:00:00.00,36.0867,1217.02,28.7008,16.0044,0,0,448.311,20.57,0,0,0,38.4569,0,0,28.7008,28.7008,16.0044,16.0044,484.397,468.881,303.722,1382.18,1420.63,711.164,711.164,485.169,270.294,270.294,884.122,12.8859,609.337
564,2014-07-19,00:00:00.00,36.0867,1217.02,28.7008,16.0044,0,0,448.311,20.57,0,0,0,38.4569,0,0,28.7008,28.7008,16.0044,16.0044,484.397,468.881,303.722,1382.18,1420.63,711.164,711.164,485.169,270.294,270.294,884.122,12.8859,609.816
565,2014-07-20,00:00:00.00,36.0867,1219.89,28.7777,16.0044,0,0,448.311,20.57,0,0,0,38.5225,0,0,28.7777,28.7777,16.0044,16.0044,484.397,468.881,304.062,1384.71,1423.23,711.164,711.164,487.7,270.294,270.294,884.122,12.8859,610.243
566,2014-07-21,00:00:00.00,36.0867,1219.89,28.7777,16.0044,0,0,448.311,20.57,0,0,0,38.5225,0,0,28.7777,28.7777,16.0044,16.0044,484.397,468.881,304.062,1384.71,1423.23,714.626,714.626,487.7,273.397,273.397,884.122,12.8859,610.295
567,2014-07-22,00:00:00.00,36.0867,1219.89,28.7777,16.0044,0,0,448.311,20.57,0,0,0,38.5225,0,0,28.7777,28.7777,16.0044,16.0044,484.397,468.881,304.062,1384.71,1423.23,720.582,720.582,487.7,273.827,273.827,884.122,12.8859,610.295
568,2014-07-23,00:00:00.00,36.0867,1220.46,28.7931,16.0044,0,0,448.311,20.57,0,0,0,38.5356,0,0,28.7931,28.7931,16.0044,16.0044,484.397,468.881,304.153,1385.19,1423.73,727.521,727.521,488.184,273.827,273.827,884.122,12.8859,610.295
569,2014-07-24,00:00:00.00,36.0867,1220.46,28.7931,16.0044,0,0,448.311,20.57,0,0,0,38.5356,0,0,28.7931,28.7931,16.0044,16.0044,484.397,468.881,304.153,1385.19,1423.73,727.521,727.521,488.184,273.827,273.827,884.122,12.8859,610.295
570,2014-07-25,00:00:00.00,36.0867,1220.46,28.7931,16.0044,0,0,448.311,20.57,0,0,0,38.5356,0,0,28.7931,28.7931,16.0044,16.0044,484.397,468.881,304.153,1385.19,1423.73,727.521,727.521,488.184,273.827,273.827,884.122,12.8859,610.295
571,2014-07-26,00:00:00.00,36.0867,1220.46,28.7931,16.0044,0,0,448.311,20.57,0,0,0,38.5356,0,0,28.7931,28.7931,16.0044,16.0044,484.397,468.881,304.153,1385.19,1423.73,727.521,727.521,488.184,273.827,273.827,884.122,12.8859,610.295
572,2014-07-27,00:00:00.00,36.0867,1220.46,28.7931,16.0044,0,0,448.311,20.57,0,0,0,38.5356,0,0,28.7931,28.7931,16.0044,16.0044,484.397,468.881,304.153,1385.19,1423.73,727.99,727.99,488.184,273.827,273.827,884.122,12.8859,610.295
573,2014-07-28,00:00:00.00,36.0867,1246.69,29.2989,16.0044,0,0,448.311,20.57,0,0,0,39.1297,0,0,29.2989,29.2989,16.0044,16.0044,484.397,468.881,309.38,1406.19,1445.32,734.438,734.438,494.972,273.827,273.827,898.335,12.8859,611.809
574,2014-07-29,00:00:00.00,36.0867,1247.08,29.3091,16.0044,0,0,448.311,20.57,0,0,0,39.1384,0,0,29.3091,29.3091,16.0044,16.0044,484.397,468.881,309.444,1406.51,1445.65,734.438,734.438,495.292,273.827,273.827,898.335,12.8859,613.162
575,2014-07-30,00:00:00.00,36.0867,1247.65,29.3245,16.0044,0,0,448.311,20.57,0,0,0,39.1515,0,0,29.3245,29.3245,16.0044,16.0044,484.397,468.881,309.537,1406.99,1446.15,734.438,734.438,495.773,273.827,273.827,898.335,12.8859,614.371
576,2014-07-31,00:00:00.00,36.0867,1260.29,29.6626,16.0044,0,0,448.311,20.57,0,0,0,39.4398,0,0,29.6626,29.6626,16.0044,16.0044,484.397,468.881,311.549,1417.62,1457.06,734.438,734.438,500.747,273.827,273.827,903.986,12.8859,616.053
577,2014-08-01,00:00:00.00,36.0867,1260.29,29.6626,16.0044,0,0,448.311,20.57,0,0,0,39.4398,0,0,29.6626,29.6626,16.0044,16.0044,484.397,468.881,311.549,1417.62,1457.06,734.438,734.438,500.747,273.827,273.827,903.986,12.8859,617.556
578,2014-08-02,00:00:00.00,36.0867,1260.29,29.6626,16.0044,0,0,448.311,20.57,0,0,0,39.4398,0,0,29.6626,29.6626,16.0044,16.0044,484.397,468.881,311.549,1417.62,1457.06,736.532,736.532,500.747,275.921,275.921,903.986,12.8859,618.676
579,2014-08-03,00:00:00.00,36.0867,1268.33,29.8778,16.0044,0,0,448.311,20.57,0,0,0,39.6233,0,0,29.8778,29.8778,16.0044,16.0044,484.397,468.881,312.596,1424.61,1464.24,739.263,739.263,505.498,278.868,278.868,906.229,12.8859,619.601
580,2014-08-04,00:00:00.00,36.0867,1268.52,29.883,16.0044,0,0,448.311,20.57,0,0,0,39.6277,0,0,29.883,29.883,16.0044,16.0044,484.397,468.881,312.617,1424.78,1464.41,743.909,743.909,505.668,283.519,283.519,906.229,12.8859,619.932
581,2014-08-05,00:00:00.00,36.0867,1273.11,30.0059,16.0044,0,0,448.311,20.57,0,0,0,39.7325,0,0,30.0059,30.0059,16.0044,16.0044,484.397,468.881,313.253,1428.74,1468.47,748.011,748.011,509.627,286.297,286.297,906.229,12.8859,619.932
582,2014-08-06,00:00:00.00,36.0867,1276.56,30.0982,16.0044,0,0,448.311,20.57,0,0,0,39.8111,0,0,30.0982,30.0982,16.0044,16.0044,484.397,468.881,313.72,1431.72,1471.53,750.866,750.866,512.607,286.297,286.297,906.229,12.8859,619.932
583,2014-08-07,00:00:00.00,36.0867,1276.56,30.0982,16.0044,0,0,448.311,20.57,0,0,0,39.8111,0,0,30.0982,30.0982,16.0044,16.0044,484.397,468.881,313.72,1431.72,1471.53,751.681,751.681,512.607,286.297,286.297,906.229,12.8859,619.932
584,2014-08-08,00:00:00.00,36.0867,1276.56,30.0982,16.0044,0,0,448.311,20.57,0,0,0,39.8111,0,0,30.0982,30.0982,16.0044,16.0044,484.397,468.881,313.72,1431.72,1471.53,752.496,752.496,512.607,286.297,286.297,906.229,12.8859,619.932
585,2014-08-09,00:00:00.00,36.0867,1276.56,30.0982,16.0044,0,0,448.311,20.57,0,0,0,39.8111,0,0,30.0982,30.0982,16.0044,16.0044,484.397,468.881,313.72,1431.72,1471.53,752.496,752.496,512.607,286.297,286.297,906.229,12.8859,619.932
586,2014-08-10,00:00:00.00,36.0867,1276.56,30.0982,16.0044,0,0,448.311,20.57,0,0,0,39.8111,0,0,30.0982,30.0982,16.0044,16.0044,484.397,468.881,313.72,1431.72,1471.53,753.737,753.737,512.607,286.297,286.297,906.229,12.8859,619.932
587,2014-08-11,00:00:00.00,36.0867,1276.56,30.0982,16.0044,0,0,448.311,20.57,0,0,0,39.8111,0,0,30.0982,30.0982,16.0044,16.0044,484.397,468.881,313.72,1431.72,1471.53,756.257,756.257,512.607,286.297,286.297,906.229,12.8859,619.932
588,2014-08-12,00:00:00.00,36.0867,1302.59,30.6039,16.0044,0,0,448.311,20.57,0,0,0,40.4009,0,0,30.6039,30.6039,16.0044,16.0044,484.397,468.881,317.991,1453.48,1493.88,760.403,760.403,518.08,286.297,286.297,922.517,12.8859,621.668
589,2014-08-13,00:00:00.00,36.0867,1304.7,30.6603,16.0044,0,0,448.311,20.57,0,0,0,40.4489,0,0,30.6603,30.6603,16.0044,16.0044,484.397,468.881,318.267,1455.31,1495.76,764.145,764.145,519.911,290.095,290.095,922.517,12.8859,622.814
590,2014-08-14,00:00:00.00,36.0867,1304.89,30.6654,16.0044,0,0,448.311,20.57,0,0,0,40.4533,0,0,30.6654,30.6654,16.0044,16.0044,484.397,468.881,318.294,1455.48,1495.93,764.145,764.145,520.075,290.095,290.095,922.517,12.8859,623.837
591,2014-08-15,00:00:00.00,36.0867,1304.89,30.6654,16.0044,0,0,448.311,20.57,0,0,0,40.4533,0,0,30.6654,30.6654,16.0044,16.0044,484.397,468.881,318.294,1455.48,1495.93,764.145,764.145,520.075,290.095,290.095,922.517,12.8859,624.752
592,2014-08-16,00:00:00.00,36.0867,1304.89,30.6654,16.0044,0,0,448.311,20.57,0,0,0,40.4533,0,0,30.6654,30.6654,16.0044,16.0044,484.397,468.881,318.294,1455.48,1495.93,764.145,764.145,520.075,290.095,290.095,922.517,12.8859,625.569
593,2014-08-17,00:00:00.00,36.0867,1309.29,30.7833,16.0044,0,0,448.311,20.57,0,0,0,40.5537,0,0,30.7833,30.7833,16.0044,16.0044,484.397,468.881,318.908,1459.27,1499.82,764.145,764.145,523.865,290.095,290.095,922.517,12.8859,626.299
594,2014-08-18,00:00:00.00,36.0867,1309.29,30.7833,16.0044,0,0,448.311,20.57,0,0,0,40.5537,0,0,30.7833,30.7833,16.0044,16.0044,484.397,468.881,318.908,1459.27,1499.82,764.145,764.145,523.865,290.095,290.095,922.517,12.8859,626.952
595,2014-08-19,00:00:00.00,36.0867,1309.29,30.7833,16.0044,0,0,448.311,20.57,0,0,0,40.5537,0,0,30.7833,30.7833,16.0044,16.0044,484.397,468.881,318.908,1459.27,1499.82,764.145,764.145,523.865,290.095,290.095,922.517,12.8859,627.534
596,2014-08-20,00:00:00.00,36.0867,1309.29,30.7833,16.0044,0,0,448.311,20.57,0,0,0,40.5537,0,0,30.7833,30.7833,16.0044,16.0044,484.397,468.881,318.908,1459.27,1499.82,764.145,764.145,523.865,290.095,290.095,922.517,12.8859,628.055
597,2014-08-21,00:00:00.00,36.0867,1320.59,31.0856,16.0044,0,0,448.311,20.57,0,0,0,40.8115,0,0,31.0856,31.0856,16.0044,16.0044,484.397,468.881,320.192,1469.28,1510.09,767.216,767.216,528.103,293.468,293.468,928.29,12.8859,628.776
598,2014-08-22,00:00:00.00,36.0867,1320.97,31.0958,16.0044,0,0,448.311,20.57,0,0,0,40.8202,0,0,31.0958,31.0958,16.0044,16.0044,484.397,468.881,320.231,1469.62,1510.44,772.283,772.283,528.447,298.536,298.536,928.29,12.8859,628.88
599,2014-08-23,00:00:00.00,36.0867,1320.97,31.0958,16.0044,0,0,448.311,20.57,0,0,0,40.8202,0,0,31.0958,31.0958,16.0044,16.0044,484.397,468.881,320.231,1469.62,1510.44,776.082,776.082,528.447,299.41,299.41,928.29,12.8859,628.88
600,2014-08-24,00:00:00.00,36.0867,1320.97,31.0958,16.0044,0,0,448.311,20.57,0,0,0,40.8202,0,0,31.0958,31.0958,16.0044,16.0044,484.397,468.881,320.231,1469.62,1510.44,779.881,779.881,528.447,299.41,299.41,928.29,12.8859,628.88
601,2014-08-25,00:00:00.00,36.0867,1320.97,31.0958,16.0044,0,0,448.311,20.57,0,0,0,40.8202,0,0,31.0958,31.0958,16.0044,16.0044,484.397,468.881,320.231,1469.62,1510.44,783.68,783.68,528.447,299.41,299.41,928.29,12.8859,628.88
602,2014-08-26,00:00:00.00,36.0867,1320.97,31.0958,16.0044,0,0,448.311,20.57,0,0,0,40.8202,0,0,31.0958,31.0958,16.0044,16.0044,484.397,468.881,320.231,1469.62,1510.44,787.479,787.479,528.447,299.41,299.41,928.29,12.8859,628.88
603,2014-08-27,00:00:00.00,36.0867,1320.97,31.0958,16.0044,0,0,448.311,20.57,0,0,0,40.8202,0,0,31.0958,31.0958,16.0044,16.0044,484.397,468.881,320.231,1469.62,1510.44,794.298,794.298,528.447,299.41,299.41,928.29,12.8859,628.88
604,2014-08-28,00:00:00.00,36.0867,1320.97,31.0958,16.0044,0,0,448.311,20.57,0,0,0,40.8202,0,0,31.0958,31.0958,16.0044,16.0044,484.397,468.881,320.231,1469.62,1510.44,794.298,794.298,528.447,299.41,299.41,928.29,12.8859,628.88
605,2014-08-29,00:00:00.00,36.0867,1320.97,31.0958,16.0044,0,0,448.311,20.57,0,0,0,40.8202,0,0,31.0958,31.0958,16.0044,16.0044,484.397,468.881,320.231,1469.62,1510.44,794.298,794.298,528.447,299.41,299.41,928.29,12.8859,628.88
606,2014-08-30,00:00:00.00,36.0867,1320.97,31.0958,16.0044,0,0,448.311,20.57,0,0,0,40.8202,0,0,31.0958,31.0958,16.0044,16.0044,484.397,468.881,320.231,1469.62,1510.44,794.298,794.298,528.447,299.41,299.41,928.29,12.8859,628.88
607,2014-08-31,00:00:00.00,36.0867,1320.97,31.0958,16.0044,0,0,448.311,20.57,0,0,0,40.8202,0,0,31.0958,31.0958,16.0044,16.0044,484.397,468.881,320.231,1469.62,1510.44,800.974,800.974,528.447,299.41,299.41,928.29,12.8859,628.88
608,2014-09-01,00:00:00.00,36.0867,1322.7,31.1419,16.0044,0,0,448.311,20.57,0,0,0,40.8595,0,0,31.1419,31.1419,16.0044,16.0044,484.397,468.881,320.769,1470.81,1511.67,806.883,806.883,529.632,299.41,299.41,928.29,12.8859,628.88
609,2014-09-02,00:00:00.00,36.0867,1331.89,31.3879,16.0044,0,0,448.311,20.57,0,0,0,41.0692,0,0,31.3879,31.3879,16.0044,16.0044,484.397,468.881,323.926,1476.84,1517.91,810.603,810.603,535.665,299.41,299.41,928.29,12.8859,628.88
610,2014-09-03,00:00:00.00,36.0867,1341.08,31.6338,16.0044,0,0,448.311,20.57,0,0,0,41.2789,0,0,31.6338,31.6338,16.0044,16.0044,484.397,468.881,326.71,1483.25,1524.53,814.731,814.731,542.071,299.41,299.41,928.29,12.8859,628.88
611,2014-09-04,00:00:00.00,36.0867,1341.08,31.6338,16.0044,0,0,448.311,20.57,0,0,0,41.2789,0,0,31.6338,31.6338,16.0044,16.0044,484.397,468.881,326.71,1483.25,1524.53,819.281,819.281,542.071,299.41,299.41,928.29,12.8859,628.88
612,2014-09-05,00:00:00.00,36.0867,1341.08,31.6338,16.0044,0,0,448.311,20.57,0,0,0,41.2789,0,0,31.6338,31.6338,16.0044,16.0044,484.397,468.881,326.71,1483.25,1524.53,823.453,823.453,542.071,299.41,299.41,928.29,12.8859,628.88
613,2014-09-06,00:00:00.00,36.0867,1415.66,32.1396,16.0044,0,0,448.311,20.57,0,0,0,42.9476,0,0,32.1396,32.1396,16.0044,16.0044,484.397,468.881,351.298,1533.25,1576.19,827.607,827.607,548.369,299.41,299.41,971.972,12.9049,633.535
614,2014-09-07,00:00:00.00,36.0867,1415.86,32.1447,16.0044,0,0,448.311,20.57,0,0,0,42.952,0,0,32.1447,32.1447,16.0044,16.0044,484.397,468.881,351.328,1533.41,1576.36,830.52,830.52,548.532,302.329,302.329,971.972,12.9049,637.382
615,2014-09-08,00:00:00.00,36.0867,1415.86,32.1447,16.0044,0,0,448.311,20.57,0,0,0,42.952,0,0,32.1447,32.1447,16.0044,16.0044,484.397,468.881,351.328,1533.41,1576.36,831.4,831.4,548.532,303.208,303.208,971.972,12.9049,640.726
616,2014-09-09,00:00:00.00,36.0867,1415.86,32.1447,16.0044,0,0,448.311,20.57,0,0,0,42.952,0,0,32.1447,32.1447,16.0044,16.0044,484.397,468.881,351.328,1533.41,1576.36,833.736,833.736,548.532,305.545,305.545,971.972,12.9049,643.464
617,2014-09-10,00:00:00.00,36.0867,1415.86,32.1447,16.0044,0,0,448.311,20.57,0,0,0,42.952,0,0,32.1447,32.1447,16.0044,16.0044,484.397,468.881,351.328,1533.41,1576.36,838.11,838.11,548.532,309.92,309.92,971.972,12.9049,645.445
618,2014-09-11,00:00:00.00,36.0867,1477.27,32.6505,16.0044,0,0,448.311,20.57,0,0,0,44.328,0,0,32.6505,32.6505,16.0044,16.0044,484.397,468.881,364.591,1581.56,1625.89,841.978,841.978,553.829,314.295,314.295,1014.83,12.9049,651.315
619,2014-09-12,00:00:00.00,36.0867,1478.04,32.671,16.0044,0,0,448.311,20.57,0,0,0,44.3455,0,0,32.671,32.671,16.0044,16.0044,484.397,468.881,364.688,1582.23,1626.58,841.978,841.978,554.498,314.295,314.295,1014.83,12.9049,656.559
620,2014-09-13,00:00:00.00,36.0867,1478.61,32.6864,16.0044,0,0,448.311,20.57,0,0,0,44.3586,0,0,32.6864,32.6864,16.0044,16.0044,484.397,468.881,364.758,1582.74,1627.1,841.978,841.978,555.002,314.295,314.295,1014.83,12.9049,661.245
621,2014-09-14,00:00:00.00,36.0867,1483.02,32.8042,16.0044,0,0,448.311,20.57,0,0,0,44.4591,0,0,32.8042,32.8042,16.0044,16.0044,484.397,468.881,365.28,1586.62,1631.08,841.978,841.978,558.883,314.295,314.295,1014.83,12.9049,665.431
622,2014-09-15,00:00:00.00,36.0867,1483.02,32.8042,16.0044,0,0,448.311,20.57,0,0,0,44.4591,0,0,32.8042,32.8042,16.0044,16.0044,484.397,468.881,365.28,1586.62,1631.08,841.978,841.978,558.883,314.295,314.295,1014.83,12.9049,669.171
623,2014-09-16,00:00:00.00,36.0867,1484.93,32.8555,16.0044,0,0,448.311,20.57,0,0,0,44.5027,0,0,32.8555,32.8555,16.0044,16.0044,484.397,468.881,365.459,1588.35,1632.86,841.978,841.978,560.619,314.295,314.295,1014.83,12.9049,672.513
624,2014-09-17,00:00:00.00,36.0867,1484.93,32.8555,16.0044,0,0,448.311,20.57,0,0,0,44.5027,0,0,32.8555,32.8555,16.0044,16.0044,484.397,468.881,365.459,1588.35,1632.86,841.978,841.978,560.619,314.295,314.295,1014.83,12.9049,675.499
625,2014-09-18,00:00:00.00,36.0867,1484.93,32.8555,16.0044,0,0,448.311,20.57,0,0,0,44.5027,0,0,32.8555,32.8555,16.0044,16.0044,484.397,468.881,365.459,1588.35,1632.86,841.978,841.978,560.619,314.295,314.295,1014.83,12.9049,678.166
626,2014-09-19,00:00:00.00,36.0867,1484.93,32.8555,16.0044,0,0,448.311,20.57,0,0,0,44.5027,0,0,32.8555,32.8555,16.0044,16.0044,484.397,468.881,365.459,1588.35,1632.86,841.978,841.978,560.619,314.295,314.295,1014.83,12.9049,680.55
627,2014-09-20,00:00:00.00,36.0867,1484.93,32.8555,16.0044,0,0,448.311,20.57,0,0,0,44.5027,0,0,32.8555,32.8555,16.0044,16.0044,484.397,468.881,365.459,1588.35,1632.86,841.978,841.978,560.619,314.295,314.295,1014.83,12.9049,682.679
628,2014-09-21,00:00:00.00,36.0867,1502.35,33.3217,16.0044,0,0,448.311,20.57,0,0,0,44.9003,0,0,33.3217,33.3217,16.0044,16.0044,484.397,468.881,366.901,1604.33,1649.23,842.417,842.417,563.32,314.883,314.883,1028.11,12.9049,685.934
629,2014-09-22,00:00:00.00,36.0867,1507.33,33.4549,16.0044,0,0,448.311,20.57,0,0,0,45.0138,0,0,33.4549,33.4549,16.0044,16.0044,484.397,468.881,367.211,1609,1654.02,846.944,846.944,566.3,319.544,319.544,1029.8,12.9049,688.525
630,2014-09-23,00:00:00.00,36.0867,1507.33,33.4549,16.0044,0,0,448.311,20.57,0,0,0,45.0138,0,0,33.4549,33.4549,16.0044,16.0044,484.397,468.881,367.211,1609,1654.02,846.944,846.944,566.3,319.544,319.544,1029.8,12.9049,690.84
631,2014-09-24,00:00:00.00,36.0867,1507.33,33.4549,16.0044,0,0,448.311,20.57,0,0,0,45.0138,0,0,33.4549,33.4549,16.0044,16.0044,484.397,468.881,367.211,1609,1654.02,846.944,846.944,566.3,319.544,319.544,1029.8,12.9049,692.908
632,2014-09-25,00:00:00.00,36.0867,1507.33,33.4549,16.0044,0,0,448.311,20.57,0,0,0,45.0138,0,0,33.4549,33.4549,16.0044,16.0044,484.397,468.881,367.211,1609,1654.02,847.824,847.824,566.3,320.424,320.424,1029.8,12.9049,694.663
633,2014-09-26,00:00:00.00,36.0867,1507.33,33.4549,16.0044,0,0,448.311,20.57,0,0,0,45.0138,0,0,33.4549,33.4549,16.0044,16.0044,484.397,468.881,367.211,1609,1654.02,849.287,849.287,566.3,321.886,321.886,1029.8,12.9049,696.074
634,2014-09-27,00:00:00.00,36.0867,1507.33,33.4549,16.0044,0,0,448.311,20.57,0,0,0,45.0138,0,0,33.4549,33.4549,16.0044,16.0044,484.397,468.881,367.211,1609,1654.02,852.205,852.205,566.3,324.805,324.805,1029.8,12.9049,697.024
635,2014-09-28,00:00:00.00,36.0867,1507.33,33.4549,16.0044,0,0,448.311,20.57,0,0,0,45.0138,0,0,33.4549,33.4549,16.0044,16.0044,484.397,468.881,367.211,1609,1654.02,856.581,856.581,566.3,329.18,329.18,1029.8,12.9049,697.407
636,2014-09-29,00:00:00.00,36.0867,1507.33,33.4549,16.0044,0,0,448.311,20.57,0,0,0,45.0138,0,0,33.4549,33.4549,16.0044,16.0044,484.397,468.881,367.211,1609,1654.02,860.956,860.956,566.3,332.389,332.389,1029.8,12.9049,697.407
637,2014-09-30,00:00:00.00,36.0867,1514.42,33.6445,16.0044,0,0,448.311,20.57,0,0,0,45.1755,0,0,33.6445,33.6445,16.0044,16.0044,484.397,468.881,368.268,1615.03,1660.2,864.268,864.268,571.75,332.389,332.389,1030.37,12.9049,697.469
638,2014-10-01,00:00:00.00,36.0867,1516.33,33.6957,16.0044,0,0,448.311,20.57,0,0,0,45.2192,0,0,33.6957,33.6957,16.0044,16.0044,484.397,468.881,368.518,1616.69,1661.91,865.387,865.387,573.415,332.905,332.905,1030.37,12.9049,697.469
639,2014-10-02,00:00:00.00,36.0867,1516.52,33.7009,16.0044,0,0,448.311,20.57,0,0,0,45.2235,0,0,33.7009,33.7009,16.0044,16.0044,484.397,468.881,368.542,1616.86,1662.08,867.686,867.686,573.583,332.905,332.905,1030.37,12.9049,697.469
640,2014-10-03,00:00:00.00,36.0867,1516.52,33.7009,16.0044,0,0,448.311,20.57,0,0,0,45.2235,0,0,33.7009,33.7009,16.0044,16.0044,484.397,468.881,368.542,1616.86,1662.08,869.99,869.99,573.583,332.905,332.905,1030.37,12.9049,697.469
641,2014-10-04,00:00:00.00,36.0867,1537.25,34.2067,16.0044,0,0,448.311,20.57,0,0,0,45.6953,0,0,34.2067,34.2067,16.0044,16.0044,484.397,468.881,371.685,1634.44,1680.14,871.883,871.883,578.463,332.905,332.905,1043.07,12.9049,698.822
642,2014-10-05,00:00:00.00,36.0867,1538.78,34.2476,16.0044,0,0,448.311,20.57,0,0,0,45.7303,0,0,34.2476,34.2476,16.0044,16.0044,484.397,468.881,371.863,1635.8,1681.53,871.909,871.909,579.817,332.941,332.941,1043.07,12.9049,700.027
643,2014-10-06,00:00:00.00,36.0867,1539.54,34.2681,16.0044,0,0,448.311,20.57,0,0,0,45.7477,0,0,34.2681,34.2681,16.0044,16.0044,484.397,468.881,371.945,1636.48,1682.23,871.909,871.909,580.501,332.941,332.941,1043.07,12.9049,701.104
644,2014-10-07,00:00:00.00,36.0867,1549.88,34.5448,16.0044,0,0,448.311,20.57,0,0,0,45.9836,0,0,34.5448,34.5448,16.0044,16.0044,484.397,468.881,373.009,1645.76,1691.74,873.54,873.54,584.157,334.85,334.85,1048.69,12.9049,702.461
645,2014-10-08,00:00:00.00,36.0867,1550.65,34.5653,16.0044,0,0,448.311,20.57,0,0,0,46.0011,0,0,34.5653,34.5653,16.0044,16.0044,484.397,468.881,373.074,1646.46,1692.46,875.716,875.716,584.857,337.046,337.046,1048.69,12.9049,703.44
646,2014-10-09,00:00:00.00,36.0867,1551.22,34.5807,16.0044,0,0,448.311,20.57,0,0,0,46.0142,0,0,34.5807,34.5807,16.0044,16.0044,484.397,468.881,373.128,1646.98,1692.99,876.6,876.6,585.378,337.946,337.946,1048.69,12.9049,704.219
647,2014-10-10,00:00:00.00,36.0867,1551.22,34.5807,16.0044,0,0,448.311,20.57,0,0,0,46.0142,0,0,34.5807,34.5807,16.0044,16.0044,484.397,468.881,373.128,1646.98,1692.99,876.6,876.6,585.378,337.946,337.946,1048.69,12.9049,704.914
648,2014-10-11,00:00:00.00,36.0867,1551.22,34.5807,16.0044,0,0,448.311,20.57,0,0,0,46.0142,0,0,34.5807,34.5807,16.0044,16.0044,484.397,468.881,373.128,1646.98,1692.99,876.6,876.6,585.378,337.946,337.946,1048.69,12.9049,705.536
649,2014-10-12,00:00:00.00,36.0867,1551.22,34.5807,16.0044,0,0,448.311,20.57,0,0,0,46.0142,0,0,34.5807,34.5807,16.0044,16.0044,484.397,468.881,373.128,1646.98,1692.99,876.6,876.6,585.378,337.946,337.946,1048.69,12.9049,706.091
650,2014-10-13,00:00:00.00,36.0867,1551.22,34.5807,16.0044,0,0,448.311,20.57,0,0,0,46.0142,0,0,34.5807,34.5807,16.0044,16.0044,484.397,468.881,373.128,1646.98,1692.99,876.6,876.6,585.378,337.946,337.946,1048.69,12.9049,706.587
651,2014-10-14,00:00:00.00,36.0867,1551.42,34.5858,16.0044,0,0,448.311,20.57,0,0,0,46.0186,0,0,34.5858,34.5858,16.0044,16.0044,484.397,468.881,373.146,1647.15,1693.17,877.784,877.784,585.551,339.134,339.134,1048.69,12.9049,706.904
652,2014-10-15,00:00:00.00,36.0867,1565.01,34.9496,16.0044,0,0,448.311,20.57,0,0,0,46.3287,0,0,34.9496,34.9496,16.0044,16.0044,484.397,468.881,374.516,1659.37,1705.7,879.724,879.724,589.138,341.408,341.408,1057.33,12.9049,707.865
653,2014-10-16,00:00:00.00,36.0867,1565.77,34.9701,16.0044,0,0,448.311,20.57,0,0,0,46.3462,0,0,34.9701,34.9701,16.0044,16.0044,484.397,468.881,374.581,1660.07,1706.42,882.007,882.007,589.839,343.712,343.712,1057.33,12.9049,708.478
654,2014-10-17,00:00:00.00,36.0867,1566.73,34.9957,16.0044,0,0,448.311,20.57,0,0,0,46.368,0,0,34.9957,34.9957,16.0044,16.0044,484.397,468.881,374.669,1660.94,1707.31,884.285,884.285,590.708,346.015,346.015,1057.33,12.9049,708.78
655,2014-10-18,00:00:00.00,36.0867,1568.84,35.0521,16.0044,0,0,448.311,20.57,0,0,0,46.4161,0,0,35.0521,35.0521,16.0044,16.0044,484.397,468.881,374.879,1662.84,1709.25,886.532,886.532,592.604,348.241,348.241,1057.33,12.9049,708.813
656,2014-10-19,00:00:00.00,36.0867,1569.22,35.0623,16.0044,0,0,448.311,20.57,0,0,0,46.4248,0,0,35.0623,35.0623,16.0044,16.0044,484.397,468.881,374.918,1663.18,1709.61,886.532,886.532,592.948,348.241,348.241,1057.33,12.9049,708.843
657,2014-10-20,00:00:00.00,36.0867,1572.09,35.1392,16.0044,0,0,448.311,20.57,0,0,0,46.4904,0,0,35.1392,35.1392,16.0044,16.0044,484.397,468.881,375.201,1665.77,1712.26,886.532,886.532,595.537,348.241,348.241,1057.33,12.9049,708.869
658,2014-10-21,00:00:00.00,36.0867,1584.35,35.4671,16.0044,0,0,448.311,20.57,0,0,0,46.7699,0,0,35.4671,35.4671,16.0044,16.0044,484.397,468.881,376.21,1677.02,1723.79,886.532,886.532,598.217,348.241,348.241,1065.89,12.9049,709.805
659,2014-10-22,00:00:00.00,36.0867,1587.22,35.5439,16.0044,0,0,448.311,20.57,0,0,0,46.8355,0,0,35.5439,35.5439,16.0044,16.0044,484.397,468.881,376.389,1679.71,1726.55,886.532,886.532,600.364,348.241,348.241,1066.44,12.9049,710.699
660,2014-10-23,00:00:00.00,36.0867,1587.22,35.5439,16.0044,0,0,448.311,20.57,0,0,0,46.8355,0,0,35.5439,35.5439,16.0044,16.0044,484.397,468.881,376.389,1679.71,1726.55,886.532,886.532,600.364,348.241,348.241,1066.44,12.9049,711.499
661,2014-10-24,00:00:00.00,36.0867,1587.22,35.5439,16.0044,0,0,448.311,20.57,0,0,0,46.8355,0,0,35.5439,35.5439,16.0044,16.0044,484.397,468.881,376.389,1679.71,1726.55,887.433,887.433,600.364,349.141,349.141,1066.44,12.9049,712.117
662,2014-10-25,00:00:00.00,36.0867,1587.22,35.5439,16.0044,0,0,448.311,20.57,0,0,0,46.8355,0,0,35.5439,35.5439,16.0044,16.0044,484.397,468.881,376.389,1679.71,1726.55,887.901,887.901,600.364,349.609,349.609,1066.44,12.9049,712.619
663,2014-10-26,00:00:00.00,36.0867,1587.22,35.5439,16.0044,0,0,448.311,20.57,0,0,0,46.8355,0,0,35.5439,35.5439,16.0044,16.0044,484.397,468.881,376.389,1679.71,1726.55,890.097,890.097,600.364,351.805,351.805,1066.44,12.9049,712.834
664,2014-10-27,00:00:00.00,36.0867,1587.22,35.5439,16.0044,0,0,448.311,20.57,0,0,0,46.8355,0,0,35.5439,35.5439,16.0044,16.0044,484.397,468.881,376.389,1679.71,1726.55,890.097,890.097,600.364,351.805,351.805,1066.44,12.9049,713.026
665,2014-10-28,00:00:00.00,36.0867,1588.56,35.5798,16.0044,0,0,448.311,20.57,0,0,0,46.866,0,0,35.5798,35.5798,16.0044,16.0044,484.397,468.881,376.481,1680.96,1727.82,890.097,890.097,601.612,351.805,351.805,1066.44,12.9049,713.198
666,2014-10-29,00:00:00.00,36.0867,1589.71,35.6105,16.0044,0,0,448.311,20.57,0,0,0,46.8922,0,0,35.6105,35.6105,16.0044,16.0044,484.397,468.881,376.551,1682.04,1728.93,892.37,892.37,602.69,353.244,353.244,1066.44,12.9049,713.198
667,2014-10-30,00:00:00.00,36.0867,1591.24,35.6515,16.0044,0,0,448.311,20.57,0,0,0,46.9272,0,0,35.6515,35.6515,16.0044,16.0044,484.397,468.881,376.655,1683.46,1730.39,892.37,892.37,604.118,353.244,353.244,1066.44,12.9049,713.198
668,2014-10-31,00:00:00.00,36.0867,1592.77,35.6925,16.0044,0,0,448.311,20.57,0,0,0,46.9621,0,0,35.6925,35.6925,16.0044,16.0044,484.397,468.881,376.745,1684.91,1731.87,892.37,892.37,605.559,353.244,353.244,1066.44,12.9049,713.198
669,2014-11-01,00:00:00.00,36.0867,1598.9,35.8565,16.0722,0,0,450.209,20.57,0,0,0,47.1456,0,0,35.8565,35.8565,16.0722,16.0722,486.295,470.779,377.154,1692.52,1739.67,892.37,892.37,607.286,353.244,353.244,1072.33,12.9049,713.825
670,2014-11-02,00:00:00.00,36.0867,1598.9,35.8565,16.0722,0,0,450.209,20.57,0,0,0,47.1456,0,0,35.8565,35.8565,16.0722,16.0722,486.295,470.779,377.154,1692.52,1739.67,892.37,892.37,607.286,353.244,353.244,1072.33,12.9049,714.386
671,2014-11-03,00:00:00.00,36.0867,1598.9,35.8565,16.0722,0,0,450.209,20.57,0,0,0,47.1456,0,0,35.8565,35.8565,16.0722,16.0722,486.295,470.779,377.154,1692.52,1739.67,892.715,892.715,607.286,353.588,353.588,1072.33,12.9049,714.85
672,2014-11-04,00:00:00.00,36.0867,1598.9,35.8565,16.0722,0,0,450.209,20.57,0,0,0,47.1456,0,0,35.8565,35.8565,16.0722,16.0722,486.295,470.779,377.154,1692.52,1739.67,893.519,893.519,607.286,354.393,354.393,1072.33,12.9049,715.179
673,2014-11-05,00:00:00.00,36.0867,1606.75,36.0666,16.0722,0,0,450.209,20.57,0,0,0,47.3247,0,0,36.0666,36.0666,16.0722,16.0722,486.295,470.779,377.512,1700.01,1747.34,894.175,894.175,608.961,355.198,355.198,1078.15,12.9049,716.007
674,2014-11-06,00:00:00.00,36.0867,1606.75,36.0666,16.0722,0,0,450.209,20.57,0,0,0,47.3247,0,0,36.0666,36.0666,16.0722,16.0722,486.295,470.779,377.512,1700.01,1747.34,894.98,894.98,608.961,356.002,356.002,1078.15,12.9049,716.661
675,2014-11-07,00:00:00.00,36.0867,1609.24,36.1332,16.0722,0,0,450.209,20.57,0,0,0,47.3815,0,0,36.1332,36.1332,16.0722,16.0722,486.295,470.779,377.618,1702.4,1749.78,895.718,895.718,610.59,356.807,356.807,1078.9,12.9049,717.24
676,2014-11-08,00:00:00.00,36.0867,1609.24,36.1332,16.0722,0,0,450.209,20.57,0,0,0,47.3815,0,0,36.1332,36.1332,16.0722,16.0722,486.295,470.779,377.618,1702.4,1749.78,895.811,895.811,610.59,356.9,356.9,1078.9,12.9049,717.747
677,2014-11-09,00:00:00.00,36.0867,1613.64,36.251,16.0722,0,0,450.209,20.57,0,0,0,47.482,0,0,36.251,36.251,16.0722,16.0722,486.295,470.779,377.784,1706.63,1754.12,896.046,896.046,611.948,357.195,357.195,1081.78,12.9049,718.476
678,2014-11-10,00:00:00.00,36.0867,1614.4,36.2715,16.0722,0,0,450.209,20.57,0,0,0,47.4995,0,0,36.2715,36.2715,16.0722,16.0722,486.295,470.779,377.808,1707.38,1754.88,896.269,896.269,612.69,357.439,357.439,1081.78,12.9049,719.101
679,2014-11-11,00:00:00.00,36.0867,1614.79,36.2817,16.0722,0,0,450.209,20.57,0,0,0,47.5082,0,0,36.2817,36.2817,16.0722,16.0722,486.295,470.779,377.818,1707.75,1755.26,897.064,897.064,613.062,358.243,358.243,1081.78,12.9049,719.574
680,2014-11-12,00:00:00.00,36.0867,1615.36,36.2971,16.0722,0,0,450.209,20.57,0,0,0,47.5213,0,0,36.2971,36.2971,16.0722,16.0722,486.295,470.779,377.836,1708.3,1755.83,897.853,897.853,613.619,359.048,359.048,1081.78,12.9049,719.91
681,2014-11-13,00:00:00.00,36.0867,1615.42,36.2988,16.1038,0,0,451.096,20.57,0,0,0,47.5431,0,0,36.2988,36.2988,16.1038,16.1038,486.295,470.779,377.838,1708.37,1755.91,897.853,897.853,613.68,359.048,359.048,1081.78,12.9049,720.211
682,2014-11-14,00:00:00.00,36.0867,1615.42,36.2988,16.2055,0,0,453.943,20.57,0,0,0,47.6087,0,0,36.2988,36.2988,16.2055,16.2055,486.295,470.779,377.838,1708.37,1755.97,897.853,897.853,613.68,359.048,359.048,1081.78,12.9049,720.48
683,2014-11-15,00:00:00.00,36.0867,1615.42,36.2988,16.2326,0,0,454.702,20.57,0,0,0,47.6261,0,0,36.2988,36.2988,16.2326,16.2326,486.295,470.779,377.838,1708.37,1755.99,897.853,897.853,613.68,359.048,359.048,1081.78,12.9049,720.72
684,2014-11-16,00:00:00.00,36.0867,1615.42,36.2988,16.2664,0,0,455.651,20.57,0,0,0,47.648,0,0,36.2988,36.2988,16.2664,16.2664,486.295,470.779,377.838,1708.37,1756.01,897.853,897.853,613.68,359.048,359.048,1081.78,12.9049,720.934
685,2014-11-17,00:00:00.00,36.0867,1615.42,36.2988,16.3545,0,0,458.118,20.57,0,0,0,47.7048,0,0,36.2988,36.2988,16.3545,16.3545,486.295,470.779,377.838,1708.37,1756.07,897.853,897.853,613.68,359.048,359.048,1081.78,12.9049,721.126
686,2014-11-18,00:00:00.00,36.0867,1615.42,36.2988,16.7679,0,0,469.696,20.57,0,0,0,47.9712,0,0,36.2988,36.2988,16.7679,16.7679,486.295,470.779,377.838,1708.37,1756.34,897.853,897.853,613.68,359.048,359.048,1081.78,12.9049,721.297
687,2014-11-19,00:00:00.00,36.0867,1615.42,36.2988,16.8289,0,0,471.405,20.57,0,0,0,48.0105,0,0,36.2988,36.2988,16.8289,16.8289,486.295,470.779,377.838,1708.37,1756.38,897.853,897.853,613.68,359.048,359.048,1081.78,12.9049,721.45
688,2014-11-20,00:00:00.00,36.0867,1615.42,36.2988,17.0254,0,0,476.909,20.57,0,0,0,48.1372,0,0,36.2988,36.2988,17.0254,17.0254,486.295,470.779,377.838,1708.37,1756.5,897.853,897.853,613.68,359.048,359.048,1081.78,12.9049,721.587
689,2014-11-21,00:00:00.00,36.0867,1615.42,36.2988,17.1202,0,0,479.566,20.57,0,0,0,48.1984,0,0,36.2988,36.2988,17.1202,17.1202,486.295,470.779,377.838,1708.37,1756.56,897.853,897.853,613.68,359.048,359.048,1081.78,12.9049,721.709
690,2014-11-22,00:00:00.00,36.0867,1615.42,36.2988,17.1202,0,0,479.566,20.57,0,0,0,48.1984,0,0,36.2988,36.2988,17.1202,17.1202,486.295,470.779,377.838,1708.37,1756.56,897.853,897.853,613.68,359.048,359.048,1081.78,12.9049,721.818
691,2014-11-23,00:00:00.00,36.0867,1615.42,36.2988,17.1812,0,0,481.275,20.57,0,0,0,48.2377,0,0,36.2988,36.2988,17.1812,17.1812,486.295,470.779,377.838,1708.37,1756.6,897.853,897.853,613.68,359.048,359.048,1081.78,12.9049,721.915
692,2014-11-24,00:00:00.00,36.0867,1639.99,36.8046,17.1812,0,0,481.275,21.6491,0,0,0,48.8187,0,0,36.8046,36.8046,17.1812,17.1812,506.858,492.055,379.271,1752.77,1801.59,897.884,897.884,614.528,359.824,359.824,1125.34,12.9049,726.561
693,2014-11-25,00:00:00.00,36.0867,1649.75,37.0659,17.1812,0,0,481.275,21.6491,0,0,0,49.0415,0,0,37.0659,37.0659,17.1812,17.1812,516.039,501.555,379.64,1771.66,1820.71,898.533,898.533,615.27,360.628,360.628,1143.49,12.9049,732.56
694,2014-11-26,00:00:00.00,36.1327,1649.75,37.0659,17.1812,0,0,481.275,21.6491,0,0,0,49.0415,0,0,37.0659,37.0659,17.1812,17.1812,516.039,501.555,379.64,1771.66,1820.71,898.533,898.533,615.27,360.628,360.628,1143.49,12.9049,737.919
695,2014-11-27,00:00:00.00,36.1327,1649.75,37.0659,17.1812,0,0,481.275,21.6491,0,0,0,49.0415,0,0,37.0659,37.0659,17.1812,17.1812,516.039,501.555,379.64,1771.66,1820.71,898.533,898.533,615.27,360.628,360.628,1143.49,12.9049,742.708
696,2014-11-28,00:00:00.00,36.1327,1649.75,37.0659,17.3913,0,0,487.159,21.6491,0,0,0,49.1769,0,0,37.0659,37.0659,17.3913,17.3913,516.039,501.555,379.64,1771.66,1820.84,898.533,898.533,615.27,360.628,360.628,1143.49,12.9049,746.986
697,2014-11-29,00:00:00.00,36.1327,1649.75,37.0659,17.3913,0,0,487.159,21.6491,0,0,0,49.1769,0,0,37.0659,37.0659,17.3913,17.3913,516.039,501.555,379.64,1771.66,1820.84,898.533,898.533,615.27,360.628,360.628,1143.49,12.9049,750.809
698,2014-11-30,00:00:00.00,36.1327,1649.75,37.0659,17.3913,0,0,487.159,21.6491,0,0,0,49.1769,0,0,37.0659,37.0659,17.3913,17.3913,516.671,501.995,379.648,1772.1,1821.27,898.541,898.541,615.703,360.671,360.671,1143.49,12.9049,754.219
699,2014-12-01,00:00:00.00,36.1327,1649.92,37.071,17.3913,0,0,487.159,21.6743,0,0,0,49.1813,0,0,37.071,37.071,17.3913,17.3913,522.13,507.632,379.732,1777.82,1827,899.341,899.341,616.36,361.476,361.476,1148.55,12.9049,757.72
700,2014-12-02,00:00:00.00,36.173,1649.92,37.071,17.4048,0,0,487.538,21.6743,0,0,0,49.19,0,0,37.071,37.071,17.4048,17.4048,522.13,507.632,379.732,1777.82,1827.01,899.353,899.353,616.36,361.601,361.601,1148.55,12.9049,760.834
701,2014-12-03,00:00:00.00,36.173,1649.92,37.071,17.4658,0,0,489.246,21.6743,0,0,0,49.2293,0,0,37.071,37.071,17.4658,17.4658,522.13,507.632,379.732,1777.82,1827.04,899.353,899.353,616.36,361.601,361.601,1148.55,12.9049,763.617
702,2014-12-04,00:00:00.00,36.173,1649.92,37.071,17.5742,0,0,492.283,21.6743,0,0,0,49.2992,0,0,37.071,37.071,17.5742,17.5742,522.13,507.632,379.732,1777.82,1827.11,899.356,899.356,616.36,361.686,361.686,1148.55,12.9049,766.094
703,2014-12-05,00:00:00.00,36.173,1649.92,37.071,17.5742,0,0,492.283,21.6743,0,0,0,49.2992,0,0,37.071,37.071,17.5742,17.5742,522.13,507.632,379.732,1777.82,1827.11,899.376,899.376,616.36,361.791,361.791,1148.55,12.9049,768.296
704,2014-12-06,00:00:00.00,36.173,1649.92,37.071,17.5742,0,0,492.283,21.6743,0,0,0,49.2992,0,0,37.071,37.071,17.5742,17.5742,522.13,507.632,379.732,1777.82,1827.11,899.385,899.385,616.36,361.837,361.837,1148.55,12.9049,770.258
705,2014-12-07,00:00:00.00,36.173,1649.92,37.071,17.5742,0,0,492.283,21.6743,0,0,0,49.2992,0,0,37.071,37.071,17.5742,17.5742,524.853,510.229,379.771,1780.37,1829.67,899.446,899.446,616.906,362.152,362.152,1150.56,12.9049,772.192
706,2014-12-08,00:00:00.00,36.2981,1649.92,37.071,17.5742,0,0,492.283,21.6743,0,0,0,49.2992,0,0,37.071,37.071,17.5742,17.5742,524.853,510.229,379.771,1780.37,1829.67,899.446,899.446,616.906,362.152,362.152,1150.56,12.9049,773.92
707,2014-12-09,00:00:00.00,36.2981,1649.92,37.071,17.5742,0,0,492.283,21.6743,0,0,0,49.2992,0,0,37.071,37.071,17.5742,17.5742,524.853,510.229,379.771,1780.37,1829.67,899.474,899.474,616.906,362.297,362.297,1150.56,12.9049,775.449
708,2014-12-10,00:00:00.00,36.2981,1649.92,37.0733,17.5779,0,0,492.387,21.7543,0,0,0,49.3036,0,0,37.0733,37.0733,17.5779,17.5779,524.853,510.23,379.771,1780.38,1829.68,899.53,899.53,616.913,362.612,362.612,1150.56,12.9049,776.781
709,2014-12-11,00:00:00.00,36.3782,1649.92,37.0733,17.5983,0,0,492.957,21.7543,0,0,0,49.3167,0,0,37.0733,37.0733,17.5983,17.5983,524.853,510.23,379.771,1780.38,1829.7,899.53,899.53,616.913,362.619,362.619,1150.56,12.9049,777.97
710,2014-12-12,00:00:00.00,36.3782,1649.92,37.0733,17.727,0,0,496.563,21.7543,0,0,0,49.3997,0,0,37.0733,37.0733,17.727,17.727,524.853,510.23,379.771,1780.38,1829.78,899.531,899.531,616.913,362.665,362.665,1150.56,12.9049,779.028
711,2014-12-13,00:00:00.00,36.3782,1649.92,37.0733,17.727,0,0,496.563,21.7543,0,0,0,49.3997,0,0,37.0733,37.0733,17.727,17.727,524.853,510.23,379.771,1780.38,1829.78,899.578,899.578,616.913,362.908,362.908,1150.56,12.9049,779.947
712,2014-12-14,00:00:00.00,36.3782,1649.93,37.0796,17.7594,0,0,497.471,21.9847,0,0,0,49.4259,0,0,37.0796,37.0796,17.7594,17.7594,524.853,510.23,379.771,1780.38,1829.81,899.603,899.603,616.915,363.21,363.21,1150.56,12.9049,780.737
713,2014-12-15,00:00:00.00,36.3782,1650.65,37.1012,17.7715,0,0,497.809,22.0668,0,0,0,49.4521,0,0,37.1012,37.1012,17.7715,17.7715,526.13,511.538,379.797,1782.39,1831.84,899.634,899.634,617.39,363.525,363.525,1152.1,12.9049,781.571
714,2014-12-16,00:00:00.00,36.3782,1652.37,37.1473,17.7715,0,0,497.809,22.0668,0,0,0,49.4914,0,0,37.1473,37.1473,17.7715,17.7715,530.821,516.393,379.865,1788.9,1838.39,899.655,899.655,617.767,363.84,363.84,1158.23,12.9049,782.937
715,2014-12-17,00:00:00.00,36.3782,1656.78,37.2652,17.7715,0,0,497.809,22.0668,0,0,0,49.5919,0,0,37.2652,37.2652,17.7715,17.7715,532.275,517.897,379.915,1794.76,1844.35,899.907,899.907,618.111,364.155,364.155,1163.74,12.9049,784.711
716,2014-12-18,00:00:00.00,36.4447,1656.99,37.2719,17.8303,0,0,499.458,22.1,0,0,0,49.6356,0,0,37.2719,37.2719,17.8303,17.8303,532.275,517.897,379.917,1794.98,1844.61,899.92,899.92,618.328,364.47,364.47,1163.74,12.9049,786.263
717,2014-12-19,00:00:00.00,36.4778,1656.99,37.2719,17.8303,0,0,499.458,22.1,0,0,0,49.6356,0,0,37.2719,37.2719,17.8303,17.8303,532.275,517.897,379.917,1794.98,1844.61,899.933,899.933,618.328,364.535,364.535,1163.74,12.9049,787.642
718,2014-12-20,00:00:00.00,36.4778,1656.99,37.2719,17.8303,0,0,499.458,22.1,0,0,0,49.6356,0,0,37.2719,37.2719,17.8303,17.8303,532.275,517.897,379.917,1794.98,1844.61,899.933,899.933,618.328,364.535,364.535,1163.74,12.9049,788.874
719,2014-12-21,00:00:00.00,36.4778,1656.99,37.2719,17.8303,0,0,499.458,22.1,0,0,0,49.6356,0,0,37.2719,37.2719,17.8303,17.8303,532.275,517.897,379.917,1794.98,1844.61,899.933,899.933,618.328,364.535,364.535,1163.74,12.9049,789.975
720,2014-12-22,00:00:00.00,36.4778,1656.99,37.2719,17.8303,0,0,499.458,22.1,0,0,0,49.6356,0,0,37.2719,37.2719,17.8303,17.8303,532.275,517.897,379.917,1794.98,1844.61,899.938,899.938,618.328,364.562,364.562,1163.74,12.9049,790.956
721,2014-12-23,00:00:00.00,36.4778,1656.99,37.2719,17.8303,0,0,499.458,22.1,0,0,0,49.6356,0,0,37.2719,37.2719,17.8303,17.8303,532.275,517.897,379.917,1794.98,1844.61,899.947,899.947,618.328,364.608,364.608,1163.74,12.9049,791.828
722,2014-12-24,00:00:00.00,36.4778,1664.81,37.4844,17.9491,0,0,502.785,22.2271,0,0,0,49.8933,0,0,37.4844,37.4844,17.9491,17.9491,533.54,519.09,379.977,1803.92,1853.81,899.958,899.958,618.566,364.923,364.923,1172.45,12.9049,793.501
723,2014-12-25,00:00:00.00,36.4778,1675.91,37.7816,17.9491,0,0,502.785,22.2271,0,0,0,50.1467,0,0,37.7816,37.7816,17.9491,17.9491,537.509,523.197,380.058,1819.05,1869.2,900.187,900.187,618.787,365.238,365.238,1187.36,12.9049,796.55
724,2014-12-26,00:00:00.00,36.4778,1675.91,37.7816,17.9694,0,0,503.355,22.2271,0,0,0,50.1598,0,0,37.7816,37.7816,17.9694,17.9694,538.188,523.88,380.062,1819.73,1869.89,900.481,900.481,619.021,365.553,365.553,1187.8,12.9049,799.289
725,2014-12-27,00:00:00.00,36.4778,1675.91,37.7816,17.9694,0,0,503.355,22.2271,0,0,0,50.1598,0,0,37.7816,37.7816,17.9694,17.9694,538.48,524.182,380.063,1820.03,1870.19,900.796,900.796,619.06,365.868,365.868,1188.07,12.9049,801.73
726,2014-12-28,00:00:00.00,36.4778,1677.64,37.8277,17.9694,0,0,503.355,22.2271,0,0,0,50.1991,0,0,37.8277,37.8277,17.9694,17.9694,539.071,524.794,380.079,1822.35,1872.55,901.065,901.065,619.349,366.183,366.183,1190.1,12.9049,804.093
727,2014-12-29,00:00:00.00,36.5043,1677.64,37.8277,17.9694,0,0,503.355,22.2271,0,0,0,50.1991,0,0,37.8277,37.8277,17.9694,17.9694,539.071,524.794,380.079,1822.35,1872.55,901.328,901.328,619.349,366.446,366.446,1190.1,12.9049,806.177
728,2014-12-30,00:00:00.00,36.5043,1677.64,37.8277,17.9694,0,0,503.355,22.2271,0,0,0,50.1991,0,0,37.8277,37.8277,17.9694,17.9694,539.071,524.794,380.079,1822.35,1872.55,901.374,901.374,619.349,366.492,366.492,1190.1,12.9049,808.034
729,2014-12-31,00:00:00.00,36.5043,1677.64,37.8277,17.9965,0,0,504.114,22.2271,0,0,0,50.2166,0,0,37.8277,37.8277,17.9965,17.9965,539.071,524.794,380.079,1822.35,1872.57,901.374,901.374,619.349,366.492,366.492,1190.1,12.9049,809.693
730,2015-01-01,00:00:00.00,36.5043,1677.64,37.8277,18.0304,0,0,505.063,22.2271,0,0,0,50.2384,0,0,37.8277,37.8277,18.0304,18.0304,539.071,524.794,380.079,1822.35,1872.59,901.374,901.374,619.349,366.492,366.492,1190.1,12.9049,811.176
731,2015-01-02,00:00:00.00,36.5043,1677.64,37.8277,18.0778,0,0,506.391,22.2271,0,0,0,50.269,0,0,37.8277,37.8277,18.0778,18.0778,539.071,524.794,380.079,1822.35,1872.62,901.376,901.376,619.349,366.541,366.541,1190.1,12.9049,812.495
732,2015-01-03,00:00:00.00,36.5043,1677.64,37.8277,18.0778,0,0,506.391,22.2271,0,0,0,50.269,0,0,37.8277,37.8277,18.0778,18.0778,539.071,524.794,380.079,1822.35,1872.62,901.395,901.395,619.349,366.641,366.641,1190.1,12.9049,813.663
733,2015-01-04,00:00:00.00,36.5043,1677.64,37.8277,18.5183,0,0,518.729,22.2271,0,0,0,50.5529,0,0,37.8277,37.8277,18.5183,18.5183,539.071,524.794,380.079,1822.35,1872.9,901.398,901.398,619.349,366.773,366.773,1190.1,12.9049,814.692
734,2015-01-05,00:00:00.00,36.5043,1679.29,37.887,18.9006,0,0,529.44,22.7886,0,0,0,50.85,0,0,37.887,37.887,18.9006,18.9006,539.071,524.794,380.092,1823.99,1874.84,901.402,901.402,619.644,366.938,366.938,1191.44,12.9049,815.738
735,2015-01-06,00:00:00.00,37.0657,1679.29,37.887,18.9345,0,0,530.389,22.7886,0,0,0,50.8718,0,0,37.887,37.887,18.9345,18.9345,539.071,524.794,380.092,1823.99,1874.86,901.402,901.402,619.644,366.938,366.938,1191.44,12.9049,816.672
736,2015-01-07,00:00:00.00,37.0657,1679.29,37.887,19.0022,0,0,532.287,22.7886,0,0,0,50.9155,0,0,37.887,37.887,19.0022,19.0022,539.071,524.794,380.092,1823.99,1874.91,901.402,901.402,619.644,366.938,366.938,1191.44,12.9049,817.506
737,2015-01-08,00:00:00.00,37.0657,1679.29,37.887,19.0429,0,0,533.426,22.7886,0,0,0,50.9417,0,0,37.887,37.887,19.0429,19.0429,539.071,524.794,380.092,1823.99,1874.93,901.402,901.402,619.644,366.938,366.938,1191.44,12.9049,818.252
738,2015-01-09,00:00:00.00,37.0657,1679.29,37.887,19.1107,0,0,535.324,22.7886,0,0,0,50.9854,0,0,37.887,37.887,19.1107,19.1107,539.071,524.794,380.092,1823.99,1874.98,901.402,901.402,619.644,366.938,366.938,1191.44,12.9049,818.918
739,2015-01-10,00:00:00.00,37.0657,1679.29,37.887,19.3614,0,0,542.347,22.7886,0,0,0,51.147,0,0,37.887,37.887,19.3614,19.3614,539.071,524.794,380.092,1823.99,1875.14,901.402,901.402,619.644,366.938,366.938,1191.44,12.9049,819.513
740,2015-01-11,00:00:00.00,37.0657,1679.29,37.887,19.3749,0,0,542.727,22.7886,0,0,0,51.1558,0,0,37.887,37.887,19.3749,19.3749,539.071,524.794,380.092,1823.99,1875.15,901.402,901.402,619.644,366.938,366.938,1191.44,12.9049,820.045
741,2015-01-12,00:00:00.00,37.0657,1679.29,37.887,19.4156,0,0,543.866,22.7886,0,0,0,51.182,0,0,37.887,37.887,19.4156,19.4156,539.071,524.794,380.092,1823.99,1875.17,901.402,901.402,619.644,366.938,366.938,1191.44,12.9049,820.52
742,2015-01-13,00:00:00.00,37.0657,1679.29,37.887,19.4156,0,0,543.866,22.7886,0,0,0,51.182,0,0,37.887,37.887,19.4156,19.4156,539.071,524.794,380.092,1823.99,1875.17,901.434,901.434,619.644,367.103,367.103,1191.44,12.9049,820.926
743,2015-01-14,00:00:00.00,37.0657,1679.29,37.887,19.4156,0,0,543.866,22.7886,0,0,0,51.182,0,0,37.887,37.887,19.4156,19.4156,539.071,524.794,380.092,1823.99,1875.17,901.434,901.434,619.644,367.103,367.103,1191.44,12.9049,821.29
744,2015-01-15,00:00:00.00,37.0657,1679.29,37.887,19.4156,0,0,543.866,22.7886,0,0,0,51.182,0,0,37.887,37.887,19.4156,19.4156,539.071,524.794,380.092,1823.99,1875.17,901.434,901.434,619.644,367.103,367.103,1191.44,12.9049,821.615
745,2015-01-16,00:00:00.00,37.0657,1679.29,37.887,19.5172,0,0,546.713,22.7886,0,0,0,51.2475,0,0,37.887,37.887,19.5172,19.5172,539.071,524.794,380.092,1823.99,1875.24,901.434,901.434,619.644,367.103,367.103,1191.44,12.9049,821.905
746,2015-01-17,00:00:00.00,37.0657,1679.29,37.887,19.5172,0,0,546.713,22.7886,0,0,0,51.2475,0,0,37.887,37.887,19.5172,19.5172,539.071,524.794,380.092,1823.99,1875.24,901.434,901.434,619.644,367.103,367.103,1191.44,12.9049,822.164
747,2015-01-18,00:00:00.00,37.0657,1679.29,37.887,19.585,0,0,548.611,22.7886,0,0,0,51.2912,0,0,37.887,37.887,19.585,19.585,539.071,524.794,380.092,1823.99,1875.28,901.434,901.434,619.644,367.103,367.103,1191.44,12.9049,822.396
748,2015-01-19,00:00:00.00,37.0657,1679.29,37.887,19.7205,0,0,552.407,22.7886,0,0,0,51.3786,0,0,37.887,37.887,19.7205,19.7205,539.071,524.794,380.092,1823.99,1875.37,901.44,901.44,619.644,367.268,367.268,1191.44,12.9049,822.585
749,2015-01-20,00:00:00.00,37.0657,1679.29,37.887,19.7205,0,0,552.407,22.7886,0,0,0,51.3786,0,0,37.887,37.887,19.7205,19.7205,539.071,524.794,380.092,1823.99,1875.37,901.47,901.47,619.644,367.42,367.42,1191.44,12.9049,822.738
750,2015-01-21,00:00:00.00,37.0657,1679.29,37.887,19.7205,0,0,552.407,22.7886,0,0,0,51.3786,0,0,37.887,37.887,19.7205,19.7205,539.071,524.794,380.092,1823.99,1875.37,901.47,901.47,619.644,367.42,367.42,1191.44,12.9049,822.875
751,2015-01-22,00:00:00.00,37.0657,1679.29,37.887,19.7205,0,0,552.407,22.7886,0,0,0,51.3786,0,0,37.887,37.887,19.7205,19.7205,539.071,524.794,380.092,1823.99,1875.37,901.47,901.47,619.644,367.42,367.42,1191.44,12.9049,822.997
752,2015-01-23,00:00:00.00,37.0657,1679.29,37.887,19.7205,0,0,552.407,22.7886,0,0,0,51.3786,0,0,37.887,37.887,19.7205,19.7205,539.071,524.794,380.092,1823.99,1875.37,901.502,901.502,619.644,367.585,367.585,1191.44,12.9049,823.088
753,2015-01-24,00:00:00.00,37.0657,1679.29,37.887,19.7205,0,0,552.407,22.7886,0,0,0,51.3786,0,0,37.887,37.887,19.7205,19.7205,539.071,524.794,380.092,1823.99,1875.37,901.534,901.534,619.644,367.75,367.75,1191.44,12.9049,823.153
754,2015-01-25,00:00:00.00,37.0657,1679.29,37.887,19.7341,0,0,552.786,22.7886,0,0,0,51.3873,0,0,37.887,37.887,19.7341,19.7341,539.071,524.794,380.092,1823.99,1875.38,901.554,901.554,619.644,367.915,367.915,1191.44,12.9049,823.192
755,2015-01-26,00:00:00.00,37.0657,1679.29,37.887,19.7341,0,0,552.786,22.7886,0,0,0,51.3873,0,0,37.887,37.887,19.7341,19.7341,539.071,524.794,380.092,1823.99,1875.38,901.554,901.554,619.644,367.915,367.915,1191.44,12.9049,823.228
756,2015-01-27,00:00:00.00,37.0657,1679.29,37.887,19.7341,0,0,552.786,22.7886,0,0,0,51.3873,0,0,37.887,37.887,19.7341,19.7341,539.071,524.794,380.092,1823.99,1875.38,901.554,901.554,619.644,367.915,367.915,1191.44,12.9049,823.26
757,2015-01-28,00:00:00.00,37.0657,1679.29,37.887,19.7341,0,0,552.786,22.7886,0,0,0,51.3873,0,0,37.887,37.887,19.7341,19.7341,539.071,524.794,380.092,1823.99,1875.38,901.554,901.554,619.644,367.915,367.915,1191.44,12.9049,823.288
758,2015-01-29,00:00:00.00,37.0657,1679.29,37.887,19.7341,0,0,552.786,22.7886,0,0,0,51.3873,0,0,37.887,37.887,19.7341,19.7341,539.071,524.794,380.092,1823.99,1875.38,901.554,901.554,619.644,367.915,367.915,1191.44,12.9049,823.313
759,2015-01-30,00:00:00.00,37.0657,1679.29,37.887,19.8628,0,0,556.393,22.7886,0,0,0,51.4703,0,0,37.887,37.887,19.8628,19.8628,539.071,524.794,380.092,1823.99,1875.46,901.555,901.555,619.644,367.964,367.964,1191.44,12.9049,823.331
760,2015-01-31,00:00:00.00,37.0657,1679.29,37.887,19.8628,0,0,556.393,22.7886,0,0,0,51.4703,0,0,37.887,37.887,19.8628,19.8628,539.071,524.794,380.092,1823.99,1875.46,901.555,901.555,619.644,367.964,367.964,1191.44,12.9049,823.346
761,2015-02-01,00:00:00.00,37.0657,1679.29,37.887,19.8628,0,0,556.393,22.7886,0,0,0,51.4703,0,0,37.887,37.887,19.8628,19.8628,539.071,524.794,380.092,1823.99,1875.46,901.555,901.555,619.644,367.964,367.964,1191.44,12.9049,823.36
762,2015-02-02,00:00:00.00,37.0657,1679.29,37.887,20.4726,0,0,573.475,22.7886,0,0,0,51.8634,0,0,37.887,37.887,20.4726,20.4726,539.071,524.794,380.092,1823.99,1875.85,901.555,901.555,619.644,367.964,367.964,1191.44,12.9049,823.372
763,2015-02-03,00:00:00.00,37.0657,1679.29,37.887,20.4726,0,0,573.475,22.7886,0,0,0,51.8634,0,0,37.887,37.887,20.4726,20.4726,539.071,524.794,380.092,1823.99,1875.85,901.555,901.555,619.644,367.964,367.964,1191.44,12.9049,823.384
764,2015-02-04,00:00:00.00,37.0657,1679.29,37.887,20.5404,0,0,575.373,22.7886,0,0,0,51.9071,0,0,37.887,37.887,20.5404,20.5404,539.071,524.794,380.092,1823.99,1875.9,901.555,901.555,619.644,367.964,367.964,1191.44,12.9049,823.393
765,2015-02-05,00:00:00.00,37.0657,1679.29,37.887,20.5811,0,0,576.512,22.7886,0,0,0,51.9333,0,0,37.887,37.887,20.5811,20.5811,539.071,524.794,380.092,1823.99,1875.92,901.559,901.559,619.644,368.047,368.047,1191.44,12.9049,823.393
766,2015-02-06,00:00:00.00,37.0657,1679.29,37.887,20.6285,0,0,577.841,22.7886,0,0,0,51.9639,0,0,37.887,37.887,20.6285,20.6285,539.071,524.794,380.092,1823.99,1875.95,901.559,901.559,619.644,368.047,368.047,1191.44,12.9049,823.393
767,2015-02-07,00:00:00.00,37.0657,1679.29,37.887,20.764,0,0,581.637,22.7886,0,0,0,52.0513,0,0,37.887,37.887,20.764,20.764,539.071,524.794,380.092,1823.99,1876.04,901.559,901.559,619.644,368.047,368.047,1191.44,12.9049,823.393
768,2015-02-08,00:00:00.00,37.0657,1679.29,37.887,20.8521,0,0,584.104,22.7886,0,0,0,52.1081,0,0,37.887,37.887,20.8521,20.8521,539.071,524.794,380.092,1823.99,1876.1,901.567,901.567,619.644,368.047,368.047,1191.44,12.9049,823.393
769,2015-02-09,00:00:00.00,37.0657,1679.29,37.887,20.8792,0,0,584.863,22.7886,0,0,0,52.1256,0,0,37.887,37.887,20.8792,20.8792,539.071,524.794,380.092,1823.99,1876.12,901.567,901.567,619.644,368.047,368.047,1191.44,12.9049,823.393
770,2015-02-10,00:00:00.00,37.0657,1679.29,37.887,20.8792,0,0,584.863,22.7886,0,0,0,52.1256,0,0,37.887,37.887,20.8792,20.8792,539.071,524.794,380.092,1823.99,1876.12,901.567,901.567,619.644,368.047,368.047,1191.44,12.9049,823.393
771,2015-02-11,00:00:00.00,37.0657,1679.29,37.887,20.8792,0,0,584.863,22.7886,0,0,0,52.1256,0,0,37.887,37.887,20.8792,20.8792,539.071,524.794,380.092,1823.99,1876.12,901.577,901.577,619.644,368.047,368.047,1191.44,12.9049,823.393
772,2015-02-12,00:00:00.00,37.0657,1679.29,37.887,20.9605,0,0,587.141,22.7886,0,0,0,52.178,0,0,37.887,37.887,20.9605,20.9605,539.071,524.794,380.092,1823.99,1876.17,901.578,901.578,619.644,368.047,368.047,1191.44,12.9049,823.393
773,2015-02-13,00:00:00.00,37.0657,1679.29,37.887,20.9605,0,0,587.141,22.7886,0,0,0,52.178,0,0,37.887,37.887,20.9605,20.9605,539.071,524.794,380.092,1823.99,1876.17,901.578,901.578,619.644,368.047,368.047,1191.44,12.9049,823.393
774,2015-02-14,00:00:00.00,37.0657,1679.29,37.887,21.279,0,0,596.062,22.7886,0,0,0,52.3833,0,0,37.887,37.887,21.279,21.279,539.071,524.794,380.092,1823.99,1876.37,901.578,901.578,619.644,368.047,368.047,1191.44,12.9049,823.393
775,2015-02-15,00:00:00.00,37.0657,1679.29,37.887,21.2925,0,0,596.442,22.7886,0,0,0,52.392,0,0,37.887,37.887,21.2925,21.2925,539.071,524.794,380.092,1823.99,1876.38,901.578,901.578,619.644,368.047,368.047,1191.44,12.9049,823.393
776,2015-02-16,00:00:00.00,37.0657,1679.29,37.887,21.2925,0,0,596.442,22.7886,0,0,0,52.392,0,0,37.887,37.887,21.2925,21.2925,539.071,524.794,380.092,1823.99,1876.38,901.578,901.578,619.644,368.047,368.047,1191.44,12.9049,823.393
777,2015-02-17,00:00:00.00,37.0657,1679.29,37.887,21.2925,0,0,596.442,22.7886,0,0,0,52.392,0,0,37.887,37.887,21.2925,21.2925,539.071,524.794,380.092,1823.99,1876.38,901.578,901.578,619.644,368.047,368.047,1191.44,12.9049,823.393
778,2015-02-18,00:00:00.00,37.0657,1679.29,37.887,21.3603,0,0,598.34,22.7886,0,0,0,52.4357,0,0,37.887,37.887,21.3603,21.3603,539.071,524.794,380.092,1823.99,1876.43,901.578,901.578,619.644,368.047,368.047,1191.44,12.9049,823.393
779,2015-02-19,00:00:00.00,37.0657,1679.29,37.887,21.3671,0,0,598.529,22.7886,0,0,0,52.4401,0,0,37.887,37.887,21.3671,21.3671,539.071,524.794,380.092,1823.99,1876.43,901.578,901.578,619.644,368.047,368.047,1191.44,12.9049,823.393
780,2015-02-20,00:00:00.00,37.0657,1679.29,37.887,21.3671,0,0,598.529,22.7886,0,0,0,52.4401,0,0,37.887,37.887,21.3671,21.3671,539.071,524.794,380.092,1823.99,1876.43,901.578,901.578,619.644,368.047,368.047,1191.44,12.9049,823.393
781,2015-02-21,00:00:00.00,37.0657,1679.29,37.887,21.5026,0,0,602.326,22.7886,0,0,0,52.5274,0,0,37.887,37.887,21.5026,21.5026,539.071,524.794,380.092,1823.99,1876.52,901.578,901.578,619.644,368.047,368.047,1191.44,12.9049,823.393
782,2015-02-22,00:00:00.00,37.0657,1679.29,37.887,21.5433,0,0,603.464,22.7886,0,0,0,52.5537,0,0,37.887,37.887,21.5433,21.5433,539.071,524.794,380.092,1823.99,1876.54,901.578,901.578,619.644,368.047,368.047,1191.44,12.9049,823.393
783,2015-02-23,00:00:00.00,37.0657,1679.29,37.887,21.5433,0,0,603.464,22.7886,0,0,0,52.5537,0,0,37.887,37.887,21.5433,21.5433,539.071,524.794,380.092,1823.99,1876.54,901.578,901.578,619.644,368.047,368.047,1191.44,12.9049,823.393
784,2015-02-24,00:00:00.00,37.0657,1679.29,37.887,21.5433,0,0,603.464,22.7886,0,0,0,52.5537,0,0,37.887,37.887,21.5433,21.5433,539.071,524.794,380.092,1823.99,1876.54,901.578,901.578,619.644,368.047,368.047,1191.44,12.9049,823.393
785,2015-02-25,00:00:00.00,37.0657,1679.29,37.887,21.6517,0,0,606.501,22.7886,0,0,0,52.6235,0,0,37.887,37.887,21.6517,21.6517,539.071,524.794,380.092,1823.99,1876.61,901.578,901.578,619.644,368.047,368.047,1191.44,12.9049,823.393
786,2015-02-26,00:00:00.00,37.0657,1679.29,37.887,21.6517,0,0,606.501,22.7886,0,0,0,52.6235,0,0,37.887,37.887,21.6517,21.6517,539.071,524.794,380.092,1823.99,1876.61,901.578,901.578,619.644,368.047,368.047,1191.44,12.9049,823.393
787,2015-02-27,00:00:00.00,37.0657,1679.29,37.887,21.6517,0,0,606.501,22.7886,0,0,0,52.6235,0,0,37.887,37.887,21.6517,21.6517,539.071,524.794,380.092,1823.99,1876.61,901.578,901.578,619.644,368.047,368.047,1191.44,12.9049,823.393
788,2015-02-28,00:00:00.00,37.0657,1679.29,37.887,21.6517,0,0,606.501,22.7886,0,0,0,52.6235,0,0,37.887,37.887,21.6517,21.6517,539.071,524.794,380.092,1823.99,1876.61,901.578,901.578,619.644,368.047,368.047,1191.44,12.9049,823.393
789,2015-03-01,00:00:00.00,37.0657,1679.29,37.887,21.6517,0,0,606.501,22.7886,0,0,0,52.6235,0,0,37.887,37.887,21.6517,21.6517,539.071,524.794,380.092,1823.99,1876.61,901.578,901.578,619.644,368.047,368.047,1191.44,12.9049,823.393
790,2015-03-02,00:00:00.00,37.0657,1679.29,37.887,21.6517,0,0,606.501,22.7886,0,0,0,52.6235,0,0,37.887,37.887,21.6517,21.6517,539.071,524.794,380.092,1823.99,1876.61,901.578,901.578,619.644,368.047,368.047,1191.44,12.9049,823.393
791,2015-03-03,00:00:00.00,37.0657,1679.29,37.887,21.8211,0,0,611.246,22.7886,0,0,0,52.7328,0,0,37.887,37.887,21.8211,21.8211,539.071,524.794,380.092,1823.99,1876.72,901.578,901.578,619.644,368.047,368.047,1191.44,12.9049,823.393
792,2015-03-04,00:00:00.00,37.0657,1679.29,37.887,21.9905,0,0,615.992,22.7886,0,0,0,52.842,0,0,37.887,37.887,21.9905,21.9905,539.071,524.794,380.092,1823.99,1876.83,901.578,901.578,619.644,368.047,368.047,1191.44,12.9049,823.393
793,2015-03-05,00:00:00.00,37.0657,1679.29,37.887,21.9905,0,0,615.992,22.7886,0,0,0,52.842,0,0,37.887,37.887,21.9905,21.9905,539.071,524.794,380.092,1823.99,1876.83,901.578,901.578,619.644,368.047,368.047,1191.44,12.9049,823.393
794,2015-03-06,00:00:00.00,37.0657,1679.29,37.887,21.9905,0,0,615.992,22.7886,0,0,0,52.842,0,0,37.887,37.887,21.9905,21.9905,539.071,524.794,380.092,1823.99,1876.83,901.578,901.578,619.644,368.047,368.047,1191.44,12.9049,823.393
795,2015-03-07,00:00:00.00,37.0657,1679.29,37.887,21.9905,0,0,615.992,22.7886,0,0,0,52.842,0,0,37.887,37.887,21.9905,21.9905,539.071,524.794,380.092,1823.99,1876.83,901.578,901.578,619.644,368.047,368.047,1191.44,12.9049,823.393
796,2015-03-08,00:00:00.00,37.0657,1679.29,37.887,22.004,0,0,616.371,22.7886,0,0,0,52.8507,0,0,37.887,37.887,22.004,22.004,539.071,524.794,380.092,1823.99,1876.84,901.578,901.578,619.644,368.047,368.047,1191.44,12.9049,823.393
797,2015-03-09,00:00:00.00,37.0657,1679.29,37.887,22.004,0,0,616.371,22.7886,0,0,0,52.8507,0,0,37.887,37.887,22.004,22.004,539.071,524.794,380.092,1823.99,1876.84,901.578,901.578,619.644,368.047,368.047,1191.44,12.9049,823.393
798,2015-03-10,00:00:00.00,37.0657,1679.29,37.887,22.004,0,0,616.371,22.7886,0,0,0,52.8507,0,0,37.887,37.887,22.004,22.004,539.071,524.794,380.092,1823.99,1876.84,901.718,901.718,619.644,368.047,368.047,1191.44,12.9049,823.393
799,2015-03-11,00:00:00.00,37.0657,1679.29,37.887,22.004,0,0,616.371,22.7886,0,0,0,52.8507,0,0,37.887,37.887,22.004,22.004,539.071,524.794,380.092,1823.99,1876.84,901.867,901.867,619.644,368.047,368.047,1191.44,12.9049,823.393
800,2015-03-12,00:00:00.00,37.0657,1679.29,37.887,22.004,0,0,616.371,22.7886,0,0,0,52.8507,0,0,37.887,37.887,22.004,22.004,551.539,533.723,380.161,1832.85,1885.7,902.038,902.038,619.99,368.047,368.047,1199.95,12.9049,824.301
801,2015-03-13,00:00:00.00,40.6053,1679.29,37.887,22.004,0,0,616.371,22.7886,0,0,0,52.8507,0,0,37.887,37.887,22.004,22.004,551.539,533.723,380.161,1832.85,1885.7,902.092,902.092,619.99,368.327,368.327,1199.95,12.9049,825.081
802,2015-03-14,00:00:00.00,40.6053,1679.29,37.9082,22.0099,0,0,616.534,23.5811,0,0,0,52.8725,0,0,37.9082,37.9082,22.0099,22.0099,555.229,534.868,380.168,1833.99,1886.86,902.238,902.238,620.183,369.084,369.084,1200.9,12.9049,825.799
803,2015-03-15,00:00:00.00,40.6053,1679.43,37.9125,22.011,0,0,616.567,23.602,0,0,0,52.8769,0,0,37.9125,37.9125,22.011,22.011,558.954,538.539,380.188,1837.78,1890.65,902.404,902.404,620.371,369.829,369.829,1204.5,12.9049,826.744
804,2015-03-16,00:00:00.00,40.6053,1679.43,37.9125,22.011,0,0,616.567,23.602,0,0,0,52.8769,0,0,37.9125,37.9125,22.011,22.011,560.087,539.712,380.195,1838.94,1891.82,902.574,902.574,620.57,370.575,370.575,1205.47,12.9049,827.613
805,2015-03-17,00:00:00.00,40.6053,1681.53,37.9688,22.011,0,0,616.567,23.602,0,0,0,52.925,0,0,37.9688,37.9688,22.011,22.011,575.822,555.993,380.291,1857.23,1910.16,902.695,902.695,620.841,371.321,371.321,1223.49,12.9049,830.229
806,2015-03-18,00:00:00.00,43.1199,1681.53,37.9688,22.011,0,0,616.567,23.602,0,0,0,52.925,0,0,37.9688,37.9688,22.011,22.011,575.822,555.993,380.291,1857.23,1910.16,902.802,902.802,620.841,371.875,371.875,1223.49,12.9049,832.507
807,2015-03-19,00:00:00.00,43.4311,1681.53,37.9688,22.011,0,0,616.567,23.602,0,0,0,52.925,0,0,37.9688,37.9688,22.011,22.011,575.822,555.993,380.291,1857.23,1910.16,902.802,902.802,620.841,371.875,371.875,1223.49,12.9049,834.543
808,2015-03-20,00:00:00.00,43.4311,1681.53,37.9688,22.011,0,0,616.567,23.602,0,0,0,52.925,0,0,37.9688,37.9688,22.011,22.011,575.822,555.993,380.291,1857.23,1910.16,902.802,902.802,620.841,371.875,371.875,1223.49,12.9049,836.362
809,2015-03-21,00:00:00.00,43.4311,1681.59,38.0457,22.011,0,0,616.567,26.4168,0,0,0,52.9905,0,0,38.0457,38.0457,22.011,22.011,582.516,562.81,380.318,1864.08,1917.07,902.905,902.905,621.097,372.754,372.754,1230.08,12.9049,838.595
810,2015-03-22,00:00:00.00,43.4311,1682.35,38.0662,22.011,0,0,616.567,26.4168,0,0,0,53.008,0,0,38.0662,38.0662,22.011,22.011,589.271,569.8,380.348,1871.81,1924.81,903.057,903.057,621.327,373.632,373.632,1237.57,12.9049,841.296
811,2015-03-23,00:00:00.00,45.888,1682.35,38.0662,22.011,0,0,616.567,26.4168,0,0,0,53.008,0,0,38.0662,38.0662,22.011,22.011,589.271,569.8,380.348,1871.81,1924.81,903.057,903.057,621.327,373.632,373.632,1237.57,12.9049,843.709
812,2015-03-24,00:00:00.00,45.888,1682.35,38.0662,22.011,0,0,616.567,26.4168,0,0,0,53.008,0,0,38.0662,38.0662,22.011,22.011,589.271,569.8,380.348,1871.81,1924.81,903.057,903.057,621.327,373.632,373.632,1237.57,12.9049,845.865
813,2015-03-25,00:00:00.00,45.888,1682.35,38.0662,22.011,0,0,616.567,26.4168,0,0,0,53.008,0,0,38.0662,38.0662,22.011,22.011,589.271,569.8,380.348,1871.81,1924.81,903.057,903.057,621.327,373.632,373.632,1237.57,12.9049,847.791
814,2015-03-26,00:00:00.00,45.888,1682.35,38.0662,22.1194,0,0,619.604,26.4168,0,0,0,53.0779,0,0,38.0662,38.0662,22.1194,22.1194,589.271,569.8,380.348,1871.81,1924.88,903.082,903.082,621.327,374.242,374.242,1237.57,12.9049,849.447
815,2015-03-27,00:00:00.00,45.888,1682.35,38.0713,22.1194,0,0,619.604,26.6083,0,0,0,53.0822,0,0,38.0713,38.0713,22.1194,22.1194,600.689,579.158,380.373,1881.14,1934.22,903.248,903.248,621.546,375.12,375.12,1246.69,12.9049,851.804
816,2015-03-28,00:00:00.00,48.1391,1682.35,38.0713,22.1194,0,0,619.604,26.6083,0,0,0,53.0822,0,0,38.0713,38.0713,22.1194,22.1194,600.689,579.158,380.373,1881.14,1934.22,903.248,903.248,621.546,375.12,375.12,1246.69,12.9049,853.91
817,2015-03-29,00:00:00.00,48.1391,1682.35,38.0713,22.1194,0,0,619.604,26.6083,0,0,0,53.0822,0,0,38.0713,38.0713,22.1194,22.1194,600.689,579.158,380.373,1881.14,1934.22,903.248,903.248,621.546,375.12,375.12,1246.69,12.9049,855.791
818,2015-03-30,00:00:00.00,48.1391,1682.35,38.0713,22.1669,0,0,620.933,26.6083,0,0,0,53.1128,0,0,38.0713,38.0713,22.1669,22.1669,600.689,579.158,380.373,1881.14,1934.25,903.248,903.248,621.546,375.12,375.12,1246.69,12.9049,857.472
819,2015-03-31,00:00:00.00,48.1391,1682.35,38.0713,22.2346,0,0,622.831,26.6083,0,0,0,53.1565,0,0,38.0713,38.0713,22.2346,22.2346,604.989,581.423,380.377,1883.4,1936.56,903.358,903.358,621.611,375.98,375.98,1248.88,12.9049,859.117
820,2015-04-01,00:00:00.00,49.1853,1682.35,38.0713,22.2346,0,0,622.831,26.6083,0,0,0,53.1565,0,0,38.0713,38.0713,22.2346,22.2346,604.989,581.423,380.377,1883.4,1936.56,903.497,903.497,621.611,376.596,376.596,1248.88,12.9049,860.52
821,2015-04-02,00:00:00.00,49.1853,1682.35,38.0713,22.2346,0,0,622.831,26.6083,0,0,0,53.1565,0,0,38.0713,38.0713,22.2346,22.2346,607.834,583.287,380.381,1885.26,1938.42,903.497,903.497,621.67,376.596,376.596,1250.69,12.9049,861.966
822,2015-04-03,00:00:00.00,49.1853,1685.54,38.1635,22.2346,0,0,622.831,26.8674,0,0,0,53.2351,0,0,38.1635,38.1635,22.2346,22.2346,649.197,626.087,380.52,1931.11,1984.34,903.89,903.89,621.917,378.672,378.672,1293.42,15.7652,867.59
823,2015-04-04,00:00:00.00,49.1853,1689.37,38.266,22.2346,0,0,622.831,26.8674,0,0,0,53.3225,0,0,38.266,38.266,22.2346,22.2346,661.805,639.132,380.607,1947.9,2001.22,905.073,905.073,622.322,379.958,379.958,1309.81,15.7652,874.224
824,2015-04-05,00:00:00.00,49.4915,1689.37,38.266,22.3702,0,0,626.627,26.8674,0,0,0,53.4099,0,0,38.266,38.266,22.3702,22.3702,661.805,639.132,380.607,1947.9,2001.31,905.073,905.073,622.322,379.958,379.958,1309.81,15.7652,880.151
825,2015-04-06,00:00:00.00,49.54,1689.37,38.266,22.3905,0,0,627.196,26.8674,0,0,0,53.423,0,0,38.266,38.266,22.3905,22.3905,661.805,639.132,380.607,1947.9,2001.32,905.073,905.073,622.322,379.958,379.958,1309.81,15.7652,885.447
826,2015-04-07,00:00:00.00,49.54,1689.37,38.266,22.3905,0,0,627.196,26.8674,0,0,0,53.423,0,0,38.266,38.266,22.3905,22.3905,667.003,643.992,380.658,1952.71,2006.13,905.695,905.695,622.757,380.58,380.58,1314.18,15.7652,890.578
827,2015-04-08,00:00:00.00,49.54,1689.37,38.266,22.3905,0,0,627.196,26.8674,0,0,0,53.423,0,0,38.266,38.266,22.3905,22.3905,668.216,645.248,380.685,1953.93,2007.36,905.985,905.985,622.879,380.87,380.87,1315.29,15.7652,895.249
828,2015-04-09,00:00:00.00,49.54,1701.05,38.5785,22.4108,0,0,627.768,26.8674,0,0,0,53.7025,0,0,38.5785,38.5785,22.4108,22.4108,669.057,646.098,380.818,1966.33,2020.03,905.985,905.985,623.236,380.87,380.87,1327.33,15.7652,900.705
829,2015-04-10,00:00:00.00,49.54,1717.9,39.0294,22.4108,0,0,627.768,26.8674,0,0,0,54.0869,0,0,39.0294,39.0294,22.4108,22.4108,671.353,648.474,380.984,1985.39,2039.47,907.862,907.862,623.844,383.151,383.151,1345.78,15.7652,907.303
830,2015-04-11,00:00:00.00,49.54,1717.9,39.0294,22.4108,0,0,627.768,26.8674,0,0,0,54.0869,0,0,39.0294,39.0294,22.4108,22.4108,674.65,651.885,381.017,1988.76,2042.85,910.515,910.515,623.964,385.804,385.804,1349.03,15.7652,913.262
831,2015-04-12,00:00:00.00,49.54,1717.9,39.0294,22.4108,0,0,627.768,26.8674,0,0,0,54.0869,0,0,39.0294,39.0294,22.4108,22.4108,676.137,653.424,381.045,1990.27,2044.36,911.303,911.303,624.079,386.592,386.592,1350.43,15.7652,918.651
832,2015-04-13,00:00:00.00,49.54,1717.9,39.0294,22.4108,0,0,627.768,26.8674,0,0,0,54.0869,0,0,39.0294,39.0294,22.4108,22.4108,677.308,654.636,381.067,1991.46,2045.55,913.956,913.956,624.236,389.245,389.245,1351.46,15.7652,923.293
833,2015-04-14,00:00:00.00,49.54,1725.17,39.2241,22.4108,0,0,627.768,26.8674,0,0,0,54.2529,0,0,39.2241,39.2241,22.4108,22.4108,677.308,654.636,381.384,1998.42,2052.68,916.414,916.414,626.174,391.898,391.898,1356.48,15.7652,927.693
834,2015-04-15,00:00:00.00,49.54,1725.17,39.2241,22.4108,0,0,627.768,26.8674,0,0,0,54.2529,0,0,39.2241,39.2241,22.4108,22.4108,677.308,654.636,381.384,1998.42,2052.68,919.067,919.067,626.174,394.551,394.551,1356.48,15.7652,931.341
835,2015-04-16,00:00:00.00,49.54,1725.17,39.2241,22.4108,0,0,627.768,26.8674,0,0,0,54.2529,0,0,39.2241,39.2241,22.4108,22.4108,677.308,654.636,381.384,1998.42,2052.68,921.72,921.72,626.174,397.203,397.203,1356.48,15.7652,934.318
836,2015-04-17,00:00:00.00,49.54,1725.94,39.2446,22.4108,0,0,627.768,26.8674,0,0,0,54.2704,0,0,39.2446,39.2446,22.4108,22.4108,677.308,654.636,381.441,1999.13,2053.4,924.353,924.353,626.884,399.856,399.856,1356.48,15.7652,936.695
837,2015-04-18,00:00:00.00,49.54,1725.94,39.2446,22.4108,0,0,627.768,26.8674,0,0,0,54.2704,0,0,39.2446,39.2446,22.4108,22.4108,677.308,654.636,381.441,1999.13,2053.4,927.006,927.006,626.884,402.509,402.509,1356.48,15.7652,938.536
838,2015-04-19,00:00:00.00,49.54,1725.94,39.2446,22.4108,0,0,627.768,26.8674,0,0,0,54.2704,0,0,39.2446,39.2446,22.4108,22.4108,677.308,654.636,381.441,1999.13,2053.4,929.659,929.659,626.884,405.162,405.162,1356.48,15.7652,939.898
839,2015-04-20,00:00:00.00,49.54,1745.88,39.7504,22.4108,0,0,627.768,26.8674,0,0,0,54.7247,0,0,39.7504,39.7504,22.4108,22.4108,677.308,654.636,383.709,2016.8,2071.53,931.532,931.532,630.709,407.443,407.443,1370.33,15.7652,942.347
840,2015-04-21,00:00:00.00,49.54,1751.62,39.9041,22.4108,0,0,627.768,26.8674,0,0,0,54.8558,0,0,39.9041,39.9041,22.4108,22.4108,677.308,654.636,384.225,2022.03,2076.89,934.031,934.031,634.191,410.096,410.096,1372.07,15.7652,944.439
841,2015-04-22,00:00:00.00,49.54,1754.68,39.9861,22.4108,0,0,627.768,26.8674,0,0,0,54.9257,0,0,39.9861,39.9861,22.4108,22.4108,677.308,654.636,384.475,2024.84,2079.77,934.903,934.903,636.962,411.049,411.049,1372.12,15.7652,946.211
842,2015-04-23,00:00:00.00,49.54,1754.68,39.9861,22.4786,0,0,629.666,26.8674,0,0,0,54.9694,0,0,39.9861,39.9861,22.4786,22.4786,679.206,656.534,384.608,2026.61,2081.58,934.903,934.903,638.728,411.049,411.049,1372.12,15.7652,947.794
843,2015-04-24,00:00:00.00,49.54,1754.68,39.9861,22.4786,0,0,629.666,26.8674,0,0,0,54.9694,0,0,39.9861,39.9861,22.4786,22.4786,679.206,656.534,384.608,2026.61,2081.58,934.903,934.903,638.728,411.049,411.049,1372.12,15.7652,949.208
844,2015-04-25,00:00:00.00,49.54,1754.68,39.9861,22.4786,0,0,629.666,26.8674,0,0,0,54.9694,0,0,39.9861,39.9861,22.4786,22.4786,679.206,656.534,384.608,2026.61,2081.58,934.903,934.903,638.728,411.049,411.049,1372.12,15.7652,950.471
845,2015-04-26,00:00:00.00,49.54,1754.68,39.9861,22.4786,0,0,629.666,26.8674,0,0,0,54.9694,0,0,39.9861,39.9861,22.4786,22.4786,679.206,656.534,384.608,2026.61,2081.58,934.903,934.903,638.728,411.049,411.049,1372.12,15.7652,951.6
846,2015-04-27,00:00:00.00,49.54,1754.68,39.9861,22.4786,0,0,629.666,26.8674,0,0,0,54.9694,0,0,39.9861,39.9861,22.4786,22.4786,679.206,656.534,384.608,2026.61,2081.58,936.188,936.188,638.728,412.335,412.335,1372.12,15.7652,952.472
847,2015-04-28,00:00:00.00,49.54,1754.68,39.9861,22.4786,0,0,629.666,26.8674,0,0,0,54.9694,0,0,39.9861,39.9861,22.4786,22.4786,679.206,656.534,384.608,2026.61,2081.58,937.971,937.971,638.728,414.118,414.118,1372.12,15.7652,953.061
848,2015-04-29,00:00:00.00,49.54,1754.68,39.9861,22.4786,0,0,629.666,26.8674,0,0,0,54.9694,0,0,39.9861,39.9861,22.4786,22.4786,679.206,656.534,384.608,2026.61,2081.58,940.624,940.624,638.728,416.77,416.77,1372.12,15.7652,953.304
849,2015-04-30,00:00:00.00,49.54,1754.68,39.9861,22.4786,0,0,629.666,26.8674,0,0,0,54.9694,0,0,39.9861,39.9861,22.4786,22.4786,679.206,656.534,384.608,2026.61,2081.58,943.277,943.277,638.728,418.344,418.344,1372.12,15.7652,953.354
850,2015-05-01,00:00:00.00,49.54,1754.68,39.9861,22.4786,0,0,629.666,26.8674,0,0,0,54.9694,0,0,39.9861,39.9861,22.4786,22.4786,679.206,656.534,384.608,2026.61,2081.58,945.93,945.93,638.728,418.723,418.723,1372.12,15.7652,953.358
851,2015-05-02,00:00:00.00,49.54,1754.68,39.9861,22.4786,0,0,629.666,26.8674,0,0,0,54.9694,0,0,39.9861,39.9861,22.4786,22.4786,679.206,656.534,384.608,2026.61,2081.58,947.352,947.352,638.728,418.758,418.758,1372.12,15.7652,953.358
852,2015-05-03,00:00:00.00,49.54,1754.68,39.9861,22.4786,0,0,629.666,26.8674,0,0,0,54.9694,0,0,39.9861,39.9861,22.4786,22.4786,679.206,656.534,384.608,2026.61,2081.58,950.169,950.169,638.728,418.758,418.758,1372.12,15.7652,953.358
853,2015-05-04,00:00:00.00,49.54,1754.68,39.9861,22.4786,0,0,629.666,26.8674,0,0,0,54.9694,0,0,39.9861,39.9861,22.4786,22.4786,679.206,656.534,384.608,2026.61,2081.58,955.75,955.75,638.728,418.758,418.758,1372.12,15.7652,953.358
854,2015-05-05,00:00:00.00,49.54,1755.26,40.0014,22.4786,0,0,629.666,26.8674,0,0,0,54.9825,0,0,40.0014,40.0014,22.4786,22.4786,679.206,656.534,384.711,2027.08,2082.06,961.316,961.316,639.199,418.758,418.758,1372.12,15.7652,953.358
855,2015-05-06,00:00:00.00,49.54,1755.26,40.0014,22.4786,0,0,629.666,26.8674,0,0,0,54.9825,0,0,40.0014,40.0014,22.4786,22.4786,679.206,656.534,384.711,2027.08,2082.06,961.691,961.691,639.199,418.758,418.758,1372.12,15.7652,953.358
856,2015-05-07,00:00:00.00,49.54,1755.26,40.0014,22.4786,0,0,629.666,26.8674,0,0,0,54.9825,0,0,40.0014,40.0014,22.4786,22.4786,679.206,656.534,384.711,2027.08,2082.06,965.555,965.555,639.199,418.758,418.758,1372.12,15.7652,953.358
857,2015-05-08,00:00:00.00,49.54,1755.26,40.0014,22.4786,0,0,629.666,26.8674,0,0,0,54.9825,0,0,40.0014,40.0014,22.4786,22.4786,679.206,656.534,384.711,2027.08,2082.06,971.136,971.136,639.199,418.758,418.758,1372.12,15.7652,953.358
858,2015-05-09,00:00:00.00,49.54,1755.26,40.0014,22.4786,0,0,629.666,26.8674,0,0,0,54.9825,0,0,40.0014,40.0014,22.4786,22.4786,679.206,656.534,384.711,2027.08,2082.06,976.454,976.454,639.199,418.758,418.758,1372.12,15.7652,953.358
859,2015-05-10,00:00:00.00,49.54,1755.26,40.0014,22.4786,0,0,629.666,26.8674,0,0,0,54.9825,0,0,40.0014,40.0014,22.4786,22.4786,679.206,656.534,384.711,2027.08,2082.06,981.244,981.244,639.199,418.758,418.758,1372.12,15.7652,953.358
860,2015-05-11,00:00:00.00,49.54,1757.75,40.068,22.4786,0,0,629.666,26.8674,0,0,0,55.0393,0,0,40.068,40.068,22.4786,22.4786,679.206,656.534,385.582,2028.7,2083.74,985.584,985.584,640.817,418.758,418.758,1372.12,15.7652,953.358
861,2015-05-12,00:00:00.00,49.54,1757.75,40.068,22.4786,0,0,629.666,26.8674,0,0,0,55.0393,0,0,40.068,40.068,22.4786,22.4786,679.206,656.534,385.582,2028.7,2083.74,989.704,989.704,640.817,418.758,418.758,1372.12,15.7652,953.358
862,2015-05-13,00:00:00.00,49.54,1758.7,40.0937,22.4786,0,0,629.666,26.8674,0,0,0,55.0611,0,0,40.0937,40.0937,22.4786,22.4786,679.206,656.534,385.963,2029.27,2084.34,989.716,989.716,641.393,418.758,418.758,1372.12,15.7652,953.358
863,2015-05-14,00:00:00.00,49.54,1758.7,40.0937,22.4786,0,0,629.666,26.8674,0,0,0,55.0611,0,0,40.0937,40.0937,22.4786,22.4786,679.206,656.534,385.963,2029.27,2084.34,989.716,989.716,641.393,418.758,418.758,1372.12,15.7652,953.358
864,2015-05-15,00:00:00.00,49.54,1758.7,40.0937,22.4786,0,0,629.666,26.8674,0,0,0,55.0611,0,0,40.0937,40.0937,22.4786,22.4786,679.206,656.534,385.963,2029.27,2084.34,989.716,989.716,641.393,418.758,418.758,1372.12,15.7652,953.358
865,2015-05-16,00:00:00.00,49.54,1758.89,40.0988,22.4786,0,0,629.666,26.8674,0,0,0,55.0655,0,0,40.0988,40.0988,22.4786,22.4786,679.206,656.534,386.037,2029.39,2084.46,990.92,990.92,641.51,418.758,418.758,1372.12,15.7652,953.358
866,2015-05-17,00:00:00.00,49.54,1758.89,40.0988,22.4786,0,0,629.666,26.8674,0,0,0,55.0655,0,0,40.0988,40.0988,22.4786,22.4786,679.206,656.534,386.037,2029.39,2084.46,994.617,994.617,641.51,418.758,418.758,1372.12,15.7652,953.358
867,2015-05-18,00:00:00.00,49.54,1758.89,40.0988,22.4786,0,0,629.666,26.8674,0,0,0,55.0655,0,0,40.0988,40.0988,22.4786,22.4786,679.206,656.534,386.037,2029.39,2084.46,997.941,997.941,641.51,418.758,418.758,1372.12,15.7652,953.358
868,2015-05-19,00:00:00.00,49.54,1761.77,40.1756,22.4786,0,0,629.666,26.8674,0,0,0,55.131,0,0,40.1756,40.1756,22.4786,22.4786,679.206,656.534,387.356,2030.94,2086.07,1001.02,1001.02,643.063,418.758,418.758,1372.12,15.7652,953.358
869,2015-05-20,00:00:00.00,49.54,1761.77,40.1756,22.4786,0,0,629.666,26.8674,0,0,0,55.131,0,0,40.1756,40.1756,22.4786,22.4786,679.206,656.534,387.356,2030.94,2086.07,1001.02,1001.02,643.063,418.758,418.758,1372.12,15.7652,953.358
870,2015-05-21,00:00:00.00,49.54,1761.77,40.1756,22.4786,0,0,629.666,26.8674,0,0,0,55.131,0,0,40.1756,40.1756,22.4786,22.4786,679.206,656.534,387.356,2030.94,2086.07,1001.02,1001.02,643.063,418.758,418.758,1372.12,15.7652,953.358
871,2015-05-22,00:00:00.00,49.54,1761.77,40.1756,22.4786,0,0,629.666,26.8674,0,0,0,55.131,0,0,40.1756,40.1756,22.4786,22.4786,679.206,656.534,387.356,2030.94,2086.07,1001.4,1001.4,643.063,418.758,418.758,1372.12,15.7652,953.358
872,2015-05-23,00:00:00.00,49.54,1761.77,40.1756,22.4786,0,0,629.666,26.8674,0,0,0,55.131,0,0,40.1756,40.1756,22.4786,22.4786,679.206,656.534,387.356,2030.94,2086.07,1001.4,1001.4,643.063,418.758,418.758,1372.12,15.7652,953.358
873,2015-05-24,00:00:00.00,49.54,1761.77,40.1756,22.4786,0,0,629.666,26.8674,0,0,0,55.131,0,0,40.1756,40.1756,22.4786,22.4786,679.206,656.534,387.356,2030.94,2086.07,1001.4,1001.4,643.063,418.758,418.758,1372.12,15.7652,953.358
874,2015-05-25,00:00:00.00,49.54,1761.77,40.1756,22.4786,0,0,629.666,26.8674,0,0,0,55.131,0,0,40.1756,40.1756,22.4786,22.4786,679.206,656.534,387.356,2030.94,2086.07,1004.33,1004.33,643.063,418.758,418.758,1372.12,15.7652,953.358
875,2015-05-26,00:00:00.00,49.54,1770.19,40.4011,22.4786,0,0,629.666,26.8674,0,0,0,55.3232,0,0,40.4011,40.4011,22.4786,22.4786,679.206,656.534,391.504,2035.22,2090.54,1007.26,1007.26,647.339,418.758,418.758,1372.12,15.7652,953.358
876,2015-05-27,00:00:00.00,49.54,1771.15,40.4267,22.4786,0,0,629.666,26.8674,0,0,0,55.345,0,0,40.4267,40.4267,22.4786,22.4786,679.206,656.534,391.927,2035.76,2091.1,1010.47,1010.47,647.874,418.758,418.758,1372.12,15.7652,953.358
877,2015-05-28,00:00:00.00,49.54,1771.53,40.4369,22.4786,0,0,629.666,26.8674,0,0,0,55.3538,0,0,40.4369,40.4369,22.4786,22.4786,679.206,656.534,392.103,2035.96,2091.32,1013.45,1013.45,648.08,418.758,418.758,1372.12,15.7652,953.358
878,2015-05-29,00:00:00.00,49.54,1771.53,40.4369,22.4786,0,0,629.666,26.8674,0,0,0,55.3538,0,0,40.4369,40.4369,22.4786,22.4786,679.206,656.534,392.103,2035.96,2091.32,1016.15,1016.15,648.08,418.758,418.758,1372.12,15.7652,953.358
879,2015-05-30,00:00:00.00,49.54,1771.53,40.4369,22.4786,0,0,629.666,26.8674,0,0,0,55.3538,0,0,40.4369,40.4369,22.4786,22.4786,679.206,656.534,392.103,2035.96,2091.32,1018.57,1018.57,648.08,418.758,418.758,1372.12,15.7652,953.358
880,2015-05-31,00:00:00.00,49.54,1791.86,40.9427,22.4786,0,0,629.666,26.8674,0,0,0,55.8168,0,0,40.9427,40.9427,22.4786,22.4786,679.206,656.534,403.038,2045.36,2101.18,1021.57,1021.57,657.471,418.758,418.758,1372.12,15.7652,953.359
881,2015-06-01,00:00:00.00,49.54,1803.92,41.2655,22.4786,0,0,629.666,26.8674,0,0,0,56.092,0,0,41.2655,41.2655,22.4786,22.4786,679.206,656.534,407.608,2052.85,2108.94,1021.57,1021.57,664.963,418.758,418.758,1372.12,15.7652,953.359
882,2015-06-02,00:00:00.00,49.54,1803.92,41.2655,22.4786,0,0,629.666,26.8674,0,0,0,56.092,0,0,41.2655,41.2655,22.4786,22.4786,679.206,656.534,407.608,2052.85,2108.94,1021.57,1021.57,664.963,418.758,418.758,1372.12,15.7652,953.36
883,2015-06-03,00:00:00.00,49.54,1803.92,41.2655,22.4786,0,0,629.666,26.8674,0,0,0,56.092,0,0,41.2655,41.2655,22.4786,22.4786,679.206,656.534,407.608,2052.85,2108.94,1021.57,1021.57,664.963,418.758,418.758,1372.12,15.7652,953.36
884,2015-06-04,00:00:00.00,49.54,1803.92,41.2655,22.4786,0,0,629.666,26.8674,0,0,0,56.092,0,0,41.2655,41.2655,22.4786,22.4786,679.206,656.534,407.608,2052.85,2108.94,1021.57,1021.57,664.963,418.758,418.758,1372.12,15.7652,953.361
885,2015-06-05,00:00:00.00,49.54,1808.33,41.3834,22.4786,0,0,629.666,26.8674,0,0,0,56.1925,0,0,41.3834,41.3834,22.4786,22.4786,679.206,656.534,408.876,2055.99,2112.18,1021.57,1021.57,668.098,418.758,418.758,1372.12,15.7652,953.361
886,2015-06-06,00:00:00.00,49.54,1812.73,41.5012,22.4786,0,0,629.666,26.8674,0,0,0,56.293,0,0,41.5012,41.5012,22.4786,22.4786,679.206,656.534,410.011,2059.25,2115.55,1026.9,1026.9,671.368,418.761,418.761,1372.12,15.7652,953.361
887,2015-06-07,00:00:00.00,49.54,1812.73,41.5012,22.4786,0,0,629.666,26.8674,0,0,0,56.293,0,0,41.5012,41.5012,22.4786,22.4786,679.206,656.534,410.011,2059.25,2115.55,1026.9,1026.9,671.368,418.761,418.761,1372.12,15.7652,953.361
888,2015-06-08,00:00:00.00,49.54,1853.51,42.007,22.4786,0,0,629.666,26.8674,0,0,0,57.2103,0,0,42.007,42.007,22.4786,22.4786,679.206,656.534,420.781,2089.26,2146.47,1026.9,1026.9,677.761,418.761,418.761,1395.73,15.7652,955.877
889,2015-06-09,00:00:00.00,49.54,1862.51,42.2478,22.4786,0,0,629.666,26.8674,0,0,0,57.4156,0,0,42.2478,42.2478,22.4786,22.4786,679.206,656.534,422.169,2096.87,2154.29,1033.06,1033.06,683.853,425.162,425.162,1397.25,15.7652,957.605
890,2015-06-10,00:00:00.00,49.54,1862.51,42.2478,22.4786,0,0,629.666,26.8674,0,0,0,57.4156,0,0,42.2478,42.2478,22.4786,22.4786,679.206,656.534,422.169,2096.87,2154.29,1036.66,1036.66,683.853,428.768,428.768,1397.25,15.7652,958.764
891,2015-06-11,00:00:00.00,49.54,1872.65,42.5194,22.4786,0,0,629.666,26.8674,0,0,0,57.6472,0,0,42.5194,42.5194,22.4786,22.4786,679.206,656.534,423.875,2105.31,2162.96,1041.4,1041.4,690.045,433.772,433.772,1399.5,15.7652,959.506
892,2015-06-12,00:00:00.00,49.54,1877.63,42.6526,22.4786,0,0,629.666,26.8674,0,0,0,57.7607,0,0,42.6526,42.6526,22.4786,22.4786,679.206,656.534,424.618,2109.55,2167.31,1043,1043,694.28,435.51,435.51,1399.5,15.7652,959.984
893,2015-06-13,00:00:00.00,49.54,1892.95,43.0625,22.4786,0,0,629.666,26.8674,0,0,0,58.1102,0,0,43.0625,43.0625,22.4786,22.4786,679.206,656.534,426.6,2122.88,2180.99,1043,1043,698.325,435.51,435.51,1408.79,15.7652,961.401
894,2015-06-14,00:00:00.00,49.54,1895.05,43.1188,22.4786,0,0,629.666,26.8674,0,0,0,58.1583,0,0,43.1188,43.1188,22.4786,22.4786,679.206,656.534,426.8,2124.79,2182.95,1046.09,1046.09,700.232,438.65,438.65,1408.79,15.7652,962.332
895,2015-06-15,00:00:00.00,49.54,1903.67,43.3494,22.4786,0,0,629.666,26.8674,0,0,0,58.3548,0,0,43.3494,43.3494,22.4786,22.4786,679.206,656.534,427.664,2132.54,2190.89,1049,1049,704.087,441.788,441.788,1412.69,15.7652,963.245
896,2015-06-16,00:00:00.00,49.54,1925.57,43.8552,22.4786,0,0,629.666,26.8674,0,0,0,58.8528,0,0,43.8552,43.8552,22.4786,22.4786,679.206,656.534,429.641,2152.47,2211.32,1055.95,1055.95,708.15,448.603,448.603,1428.55,15.7652,965.025
897,2015-06-17,00:00:00.00,49.54,1925.57,43.8552,22.4786,0,0,629.666,26.8674,0,0,0,58.8528,0,0,43.8552,43.8552,22.4786,22.4786,679.206,656.534,429.641,2152.47,2211.32,1063.4,1063.4,708.15,456.057,456.057,1428.55,15.7652,965.821
898,2015-06-18,00:00:00.00,49.54,1925.57,43.8552,22.4786,0,0,629.666,26.8674,0,0,0,58.8528,0,0,43.8552,43.8552,22.4786,22.4786,679.206,656.534,429.641,2152.47,2211.32,1064.68,1064.68,708.15,457.333,457.333,1428.55,15.7652,966.396
899,2015-06-19,00:00:00.00,49.54,1925.57,43.8552,22.4786,0,0,629.666,26.8674,0,0,0,58.8528,0,0,43.8552,43.8552,22.4786,22.4786,679.206,656.534,429.641,2152.47,2211.32,1068.28,1068.28,708.15,460.862,460.862,1428.55,15.7652,966.534
900,2015-06-20,00:00:00.00,49.54,1925.57,43.8552,22.4786,0,0,629.666,26.8674,0,0,0,58.8528,0,0,43.8552,43.8552,22.4786,22.4786,679.206,656.534,429.641,2152.47,2211.32,1070.96,1070.96,708.15,462.018,462.018,1428.55,15.7652,966.534
901,2015-06-21,00:00:00.00,49.54,1925.57,43.8552,22.4786,0,0,629.666,26.8674,0,0,0,58.8528,0,0,43.8552,43.8552,22.4786,22.4786,679.206,656.534,429.641,2152.47,2211.32,1072.23,1072.23,708.15,462.018,462.018,1428.55,15.7652,966.534
902,2015-06-22,00:00:00.00,49.54,1925.57,43.8552,22.4786,0,0,629.666,26.8674,0,0,0,58.8528,0,0,43.8552,43.8552,22.4786,22.4786,679.206,656.534,429.641,2152.47,2211.32,1079.69,1079.69,708.15,462.018,462.018,1428.55,15.7652,966.534
903,2015-06-23,00:00:00.00,49.54,1945.71,44.361,22.4786,0,0,629.666,26.8674,0,0,0,59.3115,0,0,44.361,44.361,22.4786,22.4786,679.206,656.534,434.475,2167.77,2227.08,1086.51,1086.51,716.243,462.018,462.018,1435.76,15.7652,967.302
904,2015-06-24,00:00:00.00,49.54,1945.71,44.361,22.4786,0,0,629.666,26.8674,0,0,0,59.3115,0,0,44.361,44.361,22.4786,22.4786,679.206,656.534,434.475,2167.77,2227.08,1092.91,1092.91,716.243,468.292,468.292,1435.76,15.7652,967.32
905,2015-06-25,00:00:00.00,49.54,1945.71,44.361,22.4786,0,0,629.666,26.8674,0,0,0,59.3115,0,0,44.361,44.361,22.4786,22.4786,679.206,656.534,434.475,2167.77,2227.08,1095.12,1095.12,716.243,468.44,468.44,1435.76,15.7652,967.32
906,2015-06-26,00:00:00.00,49.54,1945.71,44.361,22.4786,0,0,629.666,26.8674,0,0,0,59.3115,0,0,44.361,44.361,22.4786,22.4786,679.206,656.534,434.475,2167.77,2227.08,1100.56,1100.56,716.243,468.44,468.44,1435.76,15.7652,967.32
907,2015-06-27,00:00:00.00,49.54,1945.71,44.361,22.4786,0,0,629.666,26.8674,0,0,0,59.3115,0,0,44.361,44.361,22.4786,22.4786,679.206,656.534,434.475,2167.77,2227.08,1105.53,1105.53,716.243,468.44,468.44,1435.76,15.7652,967.32
908,2015-06-28,00:00:00.00,49.54,1969.58,44.8668,22.4786,0,0,629.666,26.8674,0,0,0,59.8532,0,0,44.8668,44.8668,22.4786,22.4786,679.206,656.534,442.374,2183.74,2243.59,1105.53,1105.53,724.898,468.44,468.44,1443.08,15.7652,968.099
909,2015-06-29,00:00:00.00,49.54,1986.52,45.3202,22.4786,0,0,629.666,26.8674,0,0,0,60.2398,0,0,45.3202,45.3202,22.4786,22.4786,679.206,656.534,446.036,2197.02,2257.26,1105.53,1105.53,731.262,468.44,468.44,1449.99,15.7652,969.533
910,2015-06-30,00:00:00.00,49.54,1986.72,45.3253,22.4786,0,0,629.666,26.8674,0,0,0,60.2442,0,0,45.3253,45.3253,22.4786,22.4786,679.206,656.534,446.065,2197.18,2257.43,1108.19,1108.19,731.424,471.115,471.115,1449.99,15.7652,970.529
911,2015-07-01,00:00:00.00,49.54,1994.56,45.5354,22.4786,0,0,629.666,26.8674,0,0,0,60.4233,0,0,45.5354,45.5354,22.4786,22.4786,679.206,656.534,447.39,2203.71,2264.13,1108.19,1108.19,736.819,471.115,471.115,1451.13,15.7652,971.539
912,2015-07-02,00:00:00.00,49.54,1994.56,45.5354,22.4786,0,0,629.666,26.8674,0,0,0,60.4233,0,0,45.5354,45.5354,22.4786,22.4786,679.206,656.534,447.39,2203.71,2264.13,1108.19,1108.19,736.819,471.115,471.115,1451.13,15.7652,972.442
913,2015-07-03,00:00:00.00,49.54,1994.56,45.5354,22.4786,0,0,629.666,26.8674,0,0,0,60.4233,0,0,45.5354,45.5354,22.4786,22.4786,679.206,656.534,447.39,2203.71,2264.13,1108.19,1108.19,736.819,471.115,471.115,1451.13,15.7652,973.248
914,2015-07-04,00:00:00.00,49.54,1994.56,45.5354,22.4786,0,0,629.666,26.8674,0,0,0,60.4233,0,0,45.5354,45.5354,22.4786,22.4786,679.206,656.534,447.39,2203.71,2264.13,1108.19,1108.19,736.819,471.115,471.115,1451.13,15.7652,973.969
915,2015-07-05,00:00:00.00,49.54,1994.56,45.5354,22.4786,0,0,629.666,26.8674,0,0,0,60.4233,0,0,45.5354,45.5354,22.4786,22.4786,679.206,656.534,447.39,2203.71,2264.13,1108.19,1108.19,736.819,471.115,471.115,1451.13,15.7652,974.613
916,2015-07-06,00:00:00.00,49.54,1994.56,45.5354,22.4786,0,0,629.666,26.8674,0,0,0,60.4233,0,0,45.5354,45.5354,22.4786,22.4786,679.206,656.534,447.39,2203.71,2264.13,1111.16,1111.16,736.819,474.078,474.078,1451.13,15.7652,974.872
917,2015-07-07,00:00:00.00,49.54,1994.56,45.5354,22.4786,0,0,629.666,26.8674,0,0,0,60.4233,0,0,45.5354,45.5354,22.4786,22.4786,679.206,656.534,447.39,2203.71,2264.13,1117.11,1117.11,736.819,476.253,476.253,1451.13,15.7652,974.872
918,2015-07-08,00:00:00.00,49.54,2012.37,46.0119,22.4786,0,0,629.666,26.8674,0,0,0,60.8295,0,0,46.0119,46.0119,22.4786,22.4786,679.206,656.534,450.634,2218.27,2279.1,1118.3,1118.3,742.486,476.253,476.253,1460.02,15.7652,975.82
919,2015-07-09,00:00:00.00,49.54,2012.37,46.0119,22.4786,0,0,629.666,26.8674,0,0,0,60.8295,0,0,46.0119,46.0119,22.4786,22.4786,679.206,656.534,450.634,2218.27,2279.1,1118.3,1118.3,742.486,476.253,476.253,1460.02,15.7652,976.666
920,2015-07-10,00:00:00.00,49.54,2012.37,46.0119,22.4786,0,0,629.666,26.8674,0,0,0,60.8295,0,0,46.0119,46.0119,22.4786,22.4786,679.206,656.534,450.634,2218.27,2279.1,1118.3,1118.3,742.486,476.253,476.253,1460.02,15.7652,977.423
921,2015-07-11,00:00:00.00,49.54,2012.37,46.0119,22.4786,0,0,629.666,26.8674,0,0,0,60.8295,0,0,46.0119,46.0119,22.4786,22.4786,679.206,656.534,450.634,2218.27,2279.1,1119.76,1119.76,742.486,477.72,477.72,1460.02,15.7652,977.942
922,2015-07-12,00:00:00.00,49.54,2012.37,46.0119,22.4786,0,0,629.666,26.8674,0,0,0,60.8295,0,0,46.0119,46.0119,22.4786,22.4786,679.206,656.534,450.634,2218.27,2279.1,1124.22,1124.22,742.486,481.995,481.995,1460.02,15.7652,977.951
923,2015-07-13,00:00:00.00,49.54,2012.37,46.0119,22.4786,0,0,629.666,26.8674,0,0,0,60.8295,0,0,46.0119,46.0119,22.4786,22.4786,679.206,656.534,450.634,2218.27,2279.1,1129.68,1129.68,742.486,482.068,482.068,1460.02,15.7652,977.951
924,2015-07-14,00:00:00.00,49.54,2012.37,46.0119,22.4786,0,0,629.666,26.8674,0,0,0,60.8295,0,0,46.0119,46.0119,22.4786,22.4786,679.206,656.534,450.634,2218.27,2279.1,1134.14,1134.14,742.486,482.068,482.068,1460.02,15.7652,977.951
925,2015-07-15,00:00:00.00,49.54,2020.79,46.2374,22.4786,0,0,629.666,26.8674,0,0,0,61.0217,0,0,46.2374,46.2374,22.4786,22.4786,679.206,656.534,452.606,2224.72,2285.74,1137.38,1137.38,748.938,482.068,482.068,1460.02,15.7652,977.951
926,2015-07-16,00:00:00.00,49.54,2020.79,46.2374,22.4786,0,0,629.666,26.8674,0,0,0,61.0217,0,0,46.2374,46.2374,22.4786,22.4786,679.206,656.534,452.606,2224.72,2285.74,1137.38,1137.38,748.938,482.068,482.068,1460.02,15.7652,977.951
927,2015-07-17,00:00:00.00,49.54,2021.18,46.2476,22.4786,0,0,629.666,26.8674,0,0,0,61.0305,0,0,46.2476,46.2476,22.4786,22.4786,679.206,656.534,452.683,2225.03,2286.06,1137.38,1137.38,749.244,482.068,482.068,1460.02,15.7652,977.951
928,2015-07-18,00:00:00.00,49.54,2029.7,46.4756,22.4786,0,0,629.666,26.8674,0,0,0,61.2249,0,0,46.4756,46.4756,22.4786,22.4786,679.206,656.534,454.371,2231.86,2293.09,1137.38,1137.38,755.438,482.068,482.068,1460.66,15.7652,978.019
929,2015-07-19,00:00:00.00,49.54,2029.7,46.4756,22.4786,0,0,629.666,26.8674,0,0,0,61.2249,0,0,46.4756,46.4756,22.4786,22.4786,679.206,656.534,454.371,2231.86,2293.09,1145.36,1145.36,755.438,482.638,482.638,1460.66,15.7652,978.019
930,2015-07-20,00:00:00.00,49.54,2029.7,46.4756,22.4786,0,0,629.666,26.8674,0,0,0,61.2249,0,0,46.4756,46.4756,22.4786,22.4786,679.206,656.534,454.371,2231.86,2293.09,1153.34,1153.34,755.438,482.638,482.638,1460.66,15.7652,978.019
931,2015-07-21,00:00:00.00,49.54,2030.65,46.5012,22.4786,0,0,629.666,26.8674,0,0,0,61.2467,0,0,46.5012,46.5012,22.4786,22.4786,679.206,656.534,454.611,2232.58,2293.82,1155.28,1155.28,756.155,482.638,482.638,1460.66,15.7652,978.019
932,2015-07-22,00:00:00.00,49.54,2030.65,46.5012,22.4786,0,0,629.666,26.8674,0,0,0,61.2467,0,0,46.5012,46.5012,22.4786,22.4786,679.206,656.534,454.611,2232.58,2293.82,1156.74,1156.74,756.155,482.638,482.638,1460.66,15.7652,978.019
933,2015-07-23,00:00:00.00,49.54,2030.65,46.5012,22.4786,0,0,629.666,26.8674,0,0,0,61.2467,0,0,46.5012,46.5012,22.4786,22.4786,679.206,656.534,454.611,2232.58,2293.82,1156.74,1156.74,756.155,482.638,482.638,1460.66,15.7652,978.019
934,2015-07-24,00:00:00.00,49.54,2030.65,46.5012,22.4786,0,0,629.666,26.8674,0,0,0,61.2467,0,0,46.5012,46.5012,22.4786,22.4786,679.206,656.534,454.611,2232.58,2293.82,1156.74,1156.74,756.155,482.638,482.638,1460.66,15.7652,978.019
935,2015-07-25,00:00:00.00,49.54,2030.65,46.5012,22.4786,0,0,629.666,26.8674,0,0,0,61.2467,0,0,46.5012,46.5012,22.4786,22.4786,679.206,656.534,454.611,2232.58,2293.82,1158.18,1158.18,756.155,482.638,482.638,1460.66,15.7652,978.019
936,2015-07-26,00:00:00.00,49.54,2030.65,46.5012,22.4786,0,0,629.666,26.8674,0,0,0,61.2467,0,0,46.5012,46.5012,22.4786,22.4786,679.206,656.534,454.611,2232.58,2293.82,1165.74,1165.74,756.155,482.638,482.638,1460.66,15.7652,978.019
937,2015-07-27,00:00:00.00,49.54,2030.65,46.5012,22.4786,0,0,629.666,26.8674,0,0,0,61.2467,0,0,46.5012,46.5012,22.4786,22.4786,679.206,656.534,454.611,2232.58,2293.82,1171.4,1171.4,756.155,482.638,482.638,1460.66,15.7652,978.019
938,2015-07-28,00:00:00.00,49.54,2030.65,46.5012,22.4786,0,0,629.666,26.8674,0,0,0,61.2467,0,0,46.5012,46.5012,22.4786,22.4786,679.206,656.534,454.611,2232.58,2293.82,1177.08,1177.08,756.155,482.638,482.638,1460.66,15.7652,978.019
939,2015-07-29,00:00:00.00,49.54,2030.65,46.5012,22.4786,0,0,629.666,26.8674,0,0,0,61.2467,0,0,46.5012,46.5012,22.4786,22.4786,679.206,656.534,454.611,2232.58,2293.82,1181.95,1181.95,756.155,482.638,482.638,1460.66,15.7652,978.019
940,2015-07-30,00:00:00.00,49.54,2030.65,46.5012,22.4786,0,0,629.666,26.8674,0,0,0,61.2467,0,0,46.5012,46.5012,22.4786,22.4786,679.206,656.534,454.611,2232.58,2293.82,1186.11,1186.11,756.155,482.638,482.638,1460.66,15.7652,978.019
941,2015-07-31,00:00:00.00,49.54,2030.65,46.5012,22.4786,0,0,629.666,26.8674,0,0,0,61.2467,0,0,46.5012,46.5012,22.4786,22.4786,679.206,656.534,454.611,2232.58,2293.82,1188.76,1188.76,756.155,482.638,482.638,1460.66,15.7652,978.019
942,2015-08-01,00:00:00.00,49.54,2034.29,46.5986,22.4786,0,0,629.666,26.8674,0,0,0,61.3297,0,0,46.5986,46.5986,22.4786,22.4786,679.206,656.534,456.552,2234.27,2295.6,1190,1190,757.852,482.638,482.638,1460.66,15.7652,978.019
943,2015-08-02,00:00:00.00,49.54,2034.29,46.5986,22.4786,0,0,629.666,26.8674,0,0,0,61.3297,0,0,46.5986,46.5986,22.4786,22.4786,679.206,656.534,456.552,2234.27,2295.6,1190.93,1190.93,757.852,482.638,482.638,1460.66,15.7652,978.019
944,2015-08-03,00:00:00.00,49.54,2054.43,47.1044,22.4786,0,0,629.666,26.8674,0,0,0,61.7884,0,0,47.1044,47.1044,22.4786,22.4786,679.206,656.534,466.986,2243.98,2305.76,1192.69,1192.69,767.547,482.638,482.638,1460.66,15.7652,978.02
945,2015-08-04,00:00:00.00,49.54,2054.43,47.1044,22.4786,0,0,629.666,26.8674,0,0,0,61.7884,0,0,47.1044,47.1044,22.4786,22.4786,679.206,656.534,466.986,2243.98,2305.76,1194.6,1194.6,767.547,482.643,482.643,1460.66,15.7652,978.02
946,2015-08-05,00:00:00.00,49.54,2058.83,47.2222,22.4786,0,0,629.666,26.8674,0,0,0,61.8889,0,0,47.2222,47.2222,22.4786,22.4786,679.206,656.534,468.62,2246.75,2308.63,1196.09,1196.09,770.317,482.643,482.643,1460.66,15.7652,978.02
947,2015-08-06,00:00:00.00,49.54,2058.83,47.2222,22.4786,0,0,629.666,26.8674,0,0,0,61.8889,0,0,47.2222,47.2222,22.4786,22.4786,679.206,656.534,468.62,2246.75,2308.63,1196.09,1196.09,770.317,482.643,482.643,1460.66,15.7652,978.02
948,2015-08-07,00:00:00.00,49.54,2058.83,47.2222,22.4786,0,0,629.666,26.8674,0,0,0,61.8889,0,0,47.2222,47.2222,22.4786,22.4786,679.206,656.534,468.62,2246.75,2308.63,1196.09,1196.09,770.317,482.643,482.643,1460.66,15.7652,978.02
949,2015-08-08,00:00:00.00,49.54,2058.83,47.2222,22.4786,0,0,629.666,26.8674,0,0,0,61.8889,0,0,47.2222,47.2222,22.4786,22.4786,679.206,656.534,468.62,2246.75,2308.63,1196.72,1196.72,770.317,482.643,482.643,1460.66,15.7652,978.02
950,2015-08-09,00:00:00.00,49.54,2058.83,47.2222,22.4786,0,0,629.666,26.8674,0,0,0,61.8889,0,0,47.2222,47.2222,22.4786,22.4786,679.206,656.534,468.62,2246.75,2308.63,1196.72,1196.72,770.317,482.643,482.643,1460.66,15.7652,978.02
951,2015-08-10,00:00:00.00,49.54,2058.83,47.2222,22.4786,0,0,629.666,26.8674,0,0,0,61.8889,0,0,47.2222,47.2222,22.4786,22.4786,679.206,656.534,468.62,2246.75,2308.63,1197.67,1197.67,770.317,482.643,482.643,1460.66,15.7652,978.02
952,2015-08-11,00:00:00.00,49.54,2074.34,47.6372,22.4786,0,0,629.666,26.8674,0,0,0,62.2427,0,0,47.6372,47.6372,22.4786,22.4786,679.206,656.534,474.208,2256.66,2318.91,1197.67,1197.67,779.882,482.643,482.643,1461.02,15.7652,978.057
953,2015-08-12,00:00:00.00,49.54,2074.34,47.6372,22.4786,0,0,629.666,26.8674,0,0,0,62.2427,0,0,47.6372,47.6372,22.4786,22.4786,679.206,656.534,474.208,2256.66,2318.91,1198.9,1198.9,779.882,482.958,482.958,1461.02,15.7652,978.058
954,2015-08-13,00:00:00.00,49.54,2074.53,47.6424,22.4786,0,0,629.666,26.8674,0,0,0,62.2471,0,0,47.6424,47.6424,22.4786,22.4786,679.206,656.534,474.258,2256.81,2319.05,1198.9,1198.9,780.023,482.958,482.958,1461.02,15.7652,978.058
955,2015-08-14,00:00:00.00,49.54,2084.3,47.9037,22.4786,0,0,629.666,26.8674,0,0,0,62.4698,0,0,47.9037,47.9037,22.4786,22.4786,679.206,656.534,476.774,2264.05,2326.52,1198.9,1198.9,787.271,482.958,482.958,1461.02,15.7652,978.058
956,2015-08-15,00:00:00.00,49.54,2085.64,47.9395,22.4786,0,0,629.666,26.8674,0,0,0,62.5004,0,0,47.9395,47.9395,22.4786,22.4786,679.206,656.534,477.034,2265.13,2327.64,1205.65,1205.65,788.352,482.96,482.96,1461.02,15.7652,978.058
957,2015-08-16,00:00:00.00,49.54,2085.64,47.9395,22.4786,0,0,629.666,26.8674,0,0,0,62.5004,0,0,47.9395,47.9395,22.4786,22.4786,679.206,656.534,477.034,2265.13,2327.64,1212.47,1212.47,788.352,482.96,482.96,1461.02,15.7652,978.058
958,2015-08-17,00:00:00.00,49.54,2085.64,47.9395,22.4786,0,0,629.666,26.8674,0,0,0,62.5004,0,0,47.9395,47.9395,22.4786,22.4786,679.206,656.534,477.034,2265.13,2327.64,1219,1219,788.352,482.96,482.96,1461.02,15.7652,978.058
959,2015-08-18,00:00:00.00,49.54,2085.64,47.9395,22.4786,0,0,629.666,26.8674,0,0,0,62.5004,0,0,47.9395,47.9395,22.4786,22.4786,679.206,656.534,477.034,2265.13,2327.64,1224.72,1224.72,788.352,482.96,482.96,1461.02,15.7652,978.058
960,2015-08-19,00:00:00.00,49.54,2085.64,47.9395,22.4786,0,0,629.666,26.8674,0,0,0,62.5004,0,0,47.9395,47.9395,22.4786,22.4786,679.206,656.534,477.034,2265.13,2327.64,1229.74,1229.74,788.352,482.96,482.96,1461.02,15.7652,978.058
961,2015-08-20,00:00:00.00,49.54,2091.76,48.1035,22.4786,0,0,629.666,26.8674,0,0,0,62.6402,0,0,48.1035,48.1035,22.4786,22.4786,679.206,656.534,479.519,2268.78,2331.42,1234.33,1234.33,791.993,482.96,482.96,1461.02,15.7652,978.058
962,2015-08-21,00:00:00.00,49.54,2098.08,48.2726,22.4786,0,0,629.666,26.8674,0,0,0,62.7844,0,0,48.2726,48.2726,22.4786,22.4786,679.206,656.534,482.002,2272.61,2335.4,1237.56,1237.56,795.829,482.96,482.96,1461.02,15.7652,978.058
963,2015-08-22,00:00:00.00,49.54,2098.08,48.2726,22.4786,0,0,629.666,26.8674,0,0,0,62.7844,0,0,48.2726,48.2726,22.4786,22.4786,679.206,656.534,482.002,2272.61,2335.4,1237.56,1237.56,795.829,482.96,482.96,1461.02,15.7652,978.058
964,2015-08-23,00:00:00.00,49.54,2098.08,48.2726,22.4786,0,0,629.666,26.8674,0,0,0,62.7844,0,0,48.2726,48.2726,22.4786,22.4786,679.206,656.534,482.002,2272.61,2335.4,1237.56,1237.56,795.829,482.96,482.96,1461.02,15.7652,978.058
965,2015-08-24,00:00:00.00,49.54,2099.61,48.3136,22.4786,0,0,629.666,26.8674,0,0,0,62.8193,0,0,48.3136,48.3136,22.4786,22.4786,679.206,656.534,482.565,2273.58,2336.4,1238.76,1238.76,796.797,482.96,482.96,1461.02,15.7652,978.058
966,2015-08-25,00:00:00.00,49.54,2101.14,48.3545,22.4786,0,0,629.666,26.8674,0,0,0,62.8543,0,0,48.3545,48.3545,22.4786,22.4786,679.206,656.534,483.125,2274.55,2337.41,1238.76,1238.76,797.769,482.96,482.96,1461.02,15.7652,978.058
967,2015-08-26,00:00:00.00,49.54,2101.14,48.3545,22.4786,0,0,629.666,26.8674,0,0,0,62.8543,0,0,48.3545,48.3545,22.4786,22.4786,679.206,656.534,483.125,2274.55,2337.41,1238.76,1238.76,797.769,482.96,482.96,1461.02,15.7652,978.058
968,2015-08-27,00:00:00.00,49.54,2101.14,48.3545,22.4786,0,0,629.666,26.8674,0,0,0,62.8543,0,0,48.3545,48.3545,22.4786,22.4786,679.206,656.534,483.125,2274.55,2337.41,1238.76,1238.76,797.769,482.96,482.96,1461.02,15.7652,978.058
969,2015-08-28,00:00:00.00,49.54,2101.14,48.3545,22.4786,0,0,629.666,26.8674,0,0,0,62.8543,0,0,48.3545,48.3545,22.4786,22.4786,679.206,656.534,483.125,2274.55,2337.41,1238.76,1238.76,797.769,482.96,482.96,1461.02,15.7652,978.058
970,2015-08-29,00:00:00.00,49.54,2101.14,48.3545,22.4786,0,0,629.666,26.8674,0,0,0,62.8543,0,0,48.3545,48.3545,22.4786,22.4786,679.206,656.534,483.125,2274.55,2337.41,1238.76,1238.76,797.769,482.96,482.96,1461.02,15.7652,978.058
971,2015-08-30,00:00:00.00,49.54,2101.14,48.3545,22.4786,0,0,629.666,26.8674,0,0,0,62.8543,0,0,48.3545,48.3545,22.4786,22.4786,679.206,656.534,483.125,2274.55,2337.41,1238.76,1238.76,797.769,482.96,482.96,1461.02,15.7652,978.058
972,2015-08-31,00:00:00.00,49.54,2101.53,48.3648,22.4786,0,0,629.666,26.8674,0,0,0,62.863,0,0,48.3648,48.3648,22.4786,22.4786,679.206,656.534,483.26,2274.8,2337.66,1242.63,1242.63,798.017,482.96,482.96,1461.02,15.7652,978.058
973,2015-09-01,00:00:00.00,49.54,2101.53,48.3648,22.4786,0,0,629.666,26.8674,0,0,0,62.863,0,0,48.3648,48.3648,22.4786,22.4786,679.206,656.534,483.26,2274.8,2337.66,1247.4,1247.4,798.017,482.96,482.96,1461.02,15.7652,978.058
974,2015-09-02,00:00:00.00,49.54,2101.53,48.3648,22.4786,0,0,629.666,26.8674,0,0,0,62.863,0,0,48.3648,48.3648,22.4786,22.4786,679.206,656.534,483.26,2274.8,2337.66,1250.25,1250.25,798.017,482.96,482.96,1461.02,15.7652,978.058
975,2015-09-03,00:00:00.00,49.54,2101.53,48.3648,22.4786,0,0,629.666,26.8674,0,0,0,62.863,0,0,48.3648,48.3648,22.4786,22.4786,679.206,656.534,483.26,2274.8,2337.66,1252.87,1252.87,798.017,482.96,482.96,1461.02,15.7652,978.058
976,2015-09-04,00:00:00.00,49.54,2105.93,48.4826,22.4786,0,0,629.666,26.8674,0,0,0,62.9635,0,0,48.4826,48.4826,22.4786,22.4786,679.206,656.534,485.329,2277.13,2340.1,1255.38,1255.38,800.352,482.96,482.96,1461.02,15.7652,978.058
977,2015-09-05,00:00:00.00,49.54,2105.93,48.4826,22.4786,0,0,629.666,26.8674,0,0,0,62.9635,0,0,48.4826,48.4826,22.4786,22.4786,679.206,656.534,485.329,2277.13,2340.1,1257.93,1257.93,800.352,482.96,482.96,1461.02,15.7652,978.058
978,2015-09-06,00:00:00.00,49.54,2105.93,48.4826,22.4786,0,0,629.666,26.8674,0,0,0,62.9635,0,0,48.4826,48.4826,22.4786,22.4786,679.206,656.534,485.329,2277.13,2340.1,1260.27,1260.27,800.352,482.96,482.96,1461.02,15.7652,978.058
979,2015-09-07,00:00:00.00,49.54,2105.93,48.4826,22.4786,0,0,629.666,26.8674,0,0,0,62.9635,0,0,48.4826,48.4826,22.4786,22.4786,679.206,656.534,485.329,2277.13,2340.1,1262.41,1262.41,800.352,482.96,482.96,1461.02,15.7652,978.058
980,2015-09-08,00:00:00.00,49.54,2106.89,48.5083,22.4786,0,0,629.666,26.8674,0,0,0,62.9853,0,0,48.5083,48.5083,22.4786,22.4786,679.206,656.534,485.827,2277.59,2340.58,1264.41,1264.41,800.811,482.96,482.96,1461.02,15.7652,978.058
981,2015-09-09,00:00:00.00,49.54,2112.06,48.6466,22.4786,0,0,629.666,26.8674,0,0,0,63.1033,0,0,48.6466,48.6466,22.4786,22.4786,679.206,656.534,488.571,2280.02,2343.12,1266.45,1266.45,803.236,482.96,482.96,1461.02,15.7652,978.058
982,2015-09-10,00:00:00.00,49.54,2112.06,48.6466,22.4786,0,0,629.666,26.8674,0,0,0,63.1033,0,0,48.6466,48.6466,22.4786,22.4786,679.206,656.534,488.571,2280.02,2343.12,1268.59,1268.59,803.236,482.96,482.96,1461.02,15.7652,978.058
983,2015-09-11,00:00:00.00,49.54,2112.06,48.6466,22.4786,0,0,629.666,26.8674,0,0,0,63.1033,0,0,48.6466,48.6466,22.4786,22.4786,679.206,656.534,488.571,2280.02,2343.12,1269.81,1269.81,803.236,482.96,482.96,1461.02,15.7652,978.058
984,2015-09-12,00:00:00.00,49.54,2116.46,48.7644,22.4786,0,0,629.666,26.8674,0,0,0,63.2037,0,0,48.7644,48.7644,22.4786,22.4786,679.206,656.534,490.92,2282.07,2345.28,1270.92,1270.92,805.291,482.96,482.96,1461.02,15.7652,978.058
985,2015-09-13,00:00:00.00,49.54,2116.46,48.7644,22.4786,0,0,629.666,26.8674,0,0,0,63.2037,0,0,48.7644,48.7644,22.4786,22.4786,679.206,656.534,490.92,2282.07,2345.28,1270.92,1270.92,805.291,482.96,482.96,1461.02,15.7652,978.058
986,2015-09-14,00:00:00.00,49.54,2116.46,48.7644,22.4786,0,0,629.666,26.8674,0,0,0,63.2037,0,0,48.7644,48.7644,22.4786,22.4786,679.206,656.534,490.92,2282.07,2345.28,1270.92,1270.92,805.291,482.96,482.96,1461.02,15.7652,978.058
987,2015-09-15,00:00:00.00,49.54,2116.46,48.7644,22.4786,0,0,629.666,26.8674,0,0,0,63.2037,0,0,48.7644,48.7644,22.4786,22.4786,679.206,656.534,490.92,2282.07,2345.28,1270.92,1270.92,805.291,482.96,482.96,1461.02,15.7652,978.058
988,2015-09-16,00:00:00.00,49.54,2116.46,48.7644,22.4786,0,0,629.666,26.8674,0,0,0,63.2037,0,0,48.7644,48.7644,22.4786,22.4786,679.206,656.534,490.92,2282.07,2345.28,1273.05,1273.05,805.291,482.96,482.96,1461.02,15.7652,978.058
989,2015-09-17,00:00:00.00,49.54,2116.46,48.7644,22.4786,0,0,629.666,26.8674,0,0,0,63.2037,0,0,48.7644,48.7644,22.4786,22.4786,679.206,656.534,490.92,2282.07,2345.28,1275.01,1275.01,805.291,482.96,482.96,1461.02,15.7652,978.058
990,2015-09-18,00:00:00.00,49.54,2116.46,48.7644,22.4786,0,0,629.666,26.8674,0,0,0,63.2037,0,0,48.7644,48.7644,22.4786,22.4786,679.206,656.534,490.92,2282.07,2345.28,1276.79,1276.79,805.291,482.96,482.96,1461.02,15.7652,978.058
991,2015-09-19,00:00:00.00,49.54,2117.99,48.8054,22.4786,0,0,629.666,26.8674,0,0,0,63.2387,0,0,48.8054,48.8054,22.4786,22.4786,679.206,656.534,491.78,2282.75,2345.98,1278.49,1278.49,805.962,482.96,482.96,1461.02,15.7652,978.058
992,2015-09-20,00:00:00.00,49.54,2122.97,48.9387,22.4786,0,0,629.666,26.8674,0,0,0,63.3523,0,0,48.9387,48.9387,22.4786,22.4786,679.206,656.534,494.584,2284.92,2348.27,1280.3,1280.3,808.136,482.96,482.96,1461.02,15.7652,978.058
993,2015-09-21,00:00:00.00,49.54,2122.97,48.9387,22.4786,0,0,629.666,26.8674,0,0,0,63.3523,0,0,48.9387,48.9387,22.4786,22.4786,679.206,656.534,494.584,2284.92,2348.27,1280.3,1280.3,808.136,482.96,482.96,1461.02,15.7652,978.058
994,2015-09-22,00:00:00.00,49.54,2122.97,48.9387,22.4786,0,0,629.666,26.8674,0,0,0,63.3523,0,0,48.9387,48.9387,22.4786,22.4786,679.206,656.534,494.584,2284.92,2348.27,1280.54,1280.54,808.136,482.96,482.96,1461.02,15.7652,978.058
995,2015-09-23,00:00:00.00,49.54,2122.97,48.9387,22.4786,0,0,629.666,26.8674,0,0,0,63.3523,0,0,48.9387,48.9387,22.4786,22.4786,679.206,656.534,494.584,2284.92,2348.27,1280.89,1280.89,808.136,482.96,482.96,1461.02,15.7652,978.058
996,2015-09-24,00:00:00.00,49.54,2122.97,48.9387,22.4786,0,0,629.666,26.8674,0,0,0,63.3523,0,0,48.9387,48.9387,22.4786,22.4786,679.206,656.534,494.584,2284.92,2348.27,1282.27,1282.27,808.136,482.96,482.96,1461.02,15.7652,978.058
997,2015-09-25,00:00:00.00,49.54,2122.97,48.9387,22.4786,0,0,629.666,26.8674,0,0,0,63.3523,0,0,48.9387,48.9387,22.4786,22.4786,679.206,656.534,494.584,2284.92,2348.27,1284,1284,808.136,482.96,482.96,1461.02,15.7652,978.058
998,2015-09-26,00:00:00.00,49.54,2122.97,48.9387,22.4786,0,0,629.666,26.8674,0,0,0,63.3523,0,0,48.9387,48.9387,22.4786,22.4786,679.206,656.534,494.584,2284.92,2348.27,1285.18,1285.18,808.136,482.96,482.96,1461.02,15.7652,978.058
999,2015-09-27,00:00:00.00,49.54,2122.97,48.9387,22.4786,0,0,629.666,26.8674,0,0,0,63.3523,0,0,48.9387,48.9387,22.4786,22.4786,679.206,656.534,494.584,2284.92,2348.27,1285.46,1285.46,808.136,482.96,482.96,1461.02,15.7652,978.058
1000,2015-09-28,00:00:00.00,49.54,2123.74,48.9591,22.4786,0,0,629.666,26.8674,0,0,0,63.3697,0,0,48.9591,48.9591,22.4786,22.4786,679.206,656.534,495.033,2285.24,2348.61,1286.2,1286.2,808.453,482.96,482.96,1461.02,15.7652,978.058
1001,2015-09-29,00:00:00.00,49.54,2124.5,48.9796,22.4786,0,0,629.666,26.8674,0,0,0,63.3872,0,0,48.9796,48.9796,22.4786,22.4786,679.206,656.534,495.482,2285.55,2348.94,1287.69,1287.69,808.77,482.96,482.96,1461.02,15.7652,978.058
1002,2015-09-30,00:00:00.00,49.54,2127.18,49.0514,22.4786,0,0,629.666,26.8674,0,0,0,63.4484,0,0,49.0514,49.0514,22.4786,22.4786,679.206,656.534,497.076,2286.64,2350.09,1289.2,1289.2,809.856,482.96,482.96,1461.02,15.7652,978.058
1003,2015-10-01,00:00:00.00,49.54,2127.18,49.0514,22.4786,0,0,629.666,26.8674,0,0,0,63.4484,0,0,49.0514,49.0514,22.4786,22.4786,679.206,656.534,497.076,2286.64,2350.09,1289.2,1289.2,809.856,482.96,482.96,1461.02,15.7652,978.058
1004,2015-10-02,00:00:00.00,49.54,2127.18,49.0514,22.4786,0,0,629.666,26.8674,0,0,0,63.4484,0,0,49.0514,49.0514,22.4786,22.4786,679.206,656.534,497.076,2286.64,2350.09,1289.26,1289.26,809.856,482.96,482.96,1461.02,15.7652,978.058
1005,2015-10-03,00:00:00.00,49.54,2127.18,49.0514,22.4786,0,0,629.666,26.8674,0,0,0,63.4484,0,0,49.0514,49.0514,22.4786,22.4786,679.206,656.534,497.076,2286.64,2350.09,1289.31,1289.31,809.856,482.96,482.96,1461.02,15.7652,978.058
1006,2015-10-04,00:00:00.00,49.54,2131.01,49.1538,22.4786,0,0,629.666,26.8674,0,0,0,63.5357,0,0,49.1538,49.1538,22.4786,22.4786,679.206,656.534,499.306,2288.24,2351.77,1289.31,1289.31,811.456,482.96,482.96,1461.02,15.7652,978.058
1007,2015-10-05,00:00:00.00,49.54,2132.93,49.2051,22.4786,0,0,629.666,26.8674,0,0,0,63.5794,0,0,49.2051,49.2051,22.4786,22.4786,679.206,656.534,500.338,2289.12,2352.7,1289.84,1289.84,812.338,482.96,482.96,1461.02,15.7652,978.058
1008,2015-10-06,00:00:00.00,49.54,2133.79,49.2281,22.4786,0,0,629.666,26.8674,0,0,0,63.5991,0,0,49.2281,49.2281,22.4786,22.4786,679.206,656.534,500.79,2289.53,2353.13,1290.8,1290.8,812.748,482.96,482.96,1461.02,15.7652,978.058
1009,2015-10-07,00:00:00.00,49.54,2133.79,49.2281,22.4786,0,0,629.666,26.8674,0,0,0,63.5991,0,0,49.2281,49.2281,22.4786,22.4786,679.206,656.534,500.79,2289.53,2353.13,1291.75,1291.75,812.748,482.96,482.96,1461.02,15.7652,978.058
1010,2015-10-08,00:00:00.00,49.54,2133.79,49.2281,22.4786,0,0,629.666,26.8674,0,0,0,63.5991,0,0,49.2281,49.2281,22.4786,22.4786,679.206,656.534,500.79,2289.53,2353.13,1292.65,1292.65,812.748,482.96,482.96,1461.02,15.7652,978.058
1011,2015-10-09,00:00:00.00,49.54,2156.67,49.7339,22.4786,0,0,629.666,26.8674,0,0,0,64.1189,0,0,49.7339,49.7339,22.4786,22.4786,679.206,656.534,513.272,2299.94,2364.05,1293.31,1293.31,823.141,482.96,482.96,1461.03,15.7652,978.059
1012,2015-10-10,00:00:00.00,49.54,2156.87,49.7391,22.4786,0,0,629.666,26.8674,0,0,0,64.1233,0,0,49.7391,49.7391,22.4786,22.4786,679.206,656.534,513.338,2300.06,2364.18,1295.02,1295.02,823.266,482.965,482.965,1461.03,15.7652,978.06
1013,2015-10-11,00:00:00.00,49.54,2156.87,49.7391,22.4786,0,0,629.666,26.8674,0,0,0,64.1233,0,0,49.7391,49.7391,22.4786,22.4786,679.206,656.534,513.338,2300.06,2364.18,1295.48,1295.48,823.266,482.967,482.967,1461.03,15.7652,978.06
1014,2015-10-12,00:00:00.00,49.54,2156.87,49.7391,22.4786,0,0,629.666,26.8674,0,0,0,64.1233,0,0,49.7391,49.7391,22.4786,22.4786,679.206,656.534,513.338,2300.06,2364.18,1297.19,1297.19,823.266,482.97,482.97,1461.03,15.7652,978.06
1015,2015-10-13,00:00:00.00,49.54,2157.06,49.7442,22.4786,0,0,629.666,26.8674,0,0,0,64.1276,0,0,49.7442,49.7442,22.4786,22.4786,679.206,656.534,513.41,2300.18,2364.31,1298.83,1298.83,823.385,482.97,482.97,1461.03,15.7652,978.06
1016,2015-10-14,00:00:00.00,49.54,2159.74,49.8159,22.4786,0,0,629.666,26.8674,0,0,0,64.1888,0,0,49.8159,49.8159,22.4786,22.4786,679.206,656.534,514.446,2301.83,2366.01,1299.93,1299.93,825.03,482.97,482.97,1461.03,15.7652,978.06
1017,2015-10-15,00:00:00.00,49.54,2159.74,49.8159,22.4786,0,0,629.666,26.8674,0,0,0,64.1888,0,0,49.8159,49.8159,22.4786,22.4786,679.206,656.534,514.446,2301.83,2366.01,1300.37,1300.37,825.03,482.97,482.97,1461.03,15.7652,978.06
1018,2015-10-16,00:00:00.00,49.54,2168.93,50.0618,22.4786,0,0,629.666,26.8674,0,0,0,64.3985,0,0,50.0618,50.0618,22.4786,22.4786,679.206,656.534,517.912,2307.55,2371.95,1300.94,1300.94,830.753,482.97,482.97,1461.03,15.7652,978.06
1019,2015-10-17,00:00:00.00,49.54,2171.8,50.1387,22.4786,0,0,629.666,26.8674,0,0,0,64.464,0,0,50.1387,50.1387,22.4786,22.4786,679.206,656.534,518.807,2309.53,2373.99,1300.94,1300.94,832.731,482.97,482.97,1461.03,15.7652,978.06
1020,2015-10-18,00:00:00.00,49.54,2171.8,50.1387,22.4786,0,0,629.666,26.8674,0,0,0,64.464,0,0,50.1387,50.1387,22.4786,22.4786,679.206,656.534,518.807,2309.53,2373.99,1300.94,1300.94,832.731,482.97,482.97,1461.03,15.7652,978.06
1021,2015-10-19,00:00:00.00,49.54,2171.8,50.1387,22.4786,0,0,629.666,26.8674,0,0,0,64.464,0,0,50.1387,50.1387,22.4786,22.4786,679.206,656.534,518.807,2309.53,2373.99,1300.94,1300.94,832.731,482.97,482.97,1461.03,15.7652,978.06
1022,2015-10-20,00:00:00.00,49.54,2173.33,50.1797,22.4786,0,0,629.666,26.8674,0,0,0,64.499,0,0,50.1797,50.1797,22.4786,22.4786,679.206,656.534,519.252,2310.61,2375.11,1300.94,1300.94,833.818,482.97,482.97,1461.03,15.7652,978.06
1023,2015-10-21,00:00:00.00,49.54,2174.1,50.2002,22.4786,0,0,629.666,26.8674,0,0,0,64.5164,0,0,50.2002,50.2002,22.4786,22.4786,679.206,656.534,519.466,2311.16,2375.68,1303.1,1303.1,834.369,482.97,482.97,1461.03,15.7652,978.06
1024,2015-10-22,00:00:00.00,49.54,2180.22,50.3641,22.4786,0,0,629.666,26.8674,0,0,0,64.6562,0,0,50.3641,50.3641,22.4786,22.4786,679.206,656.534,521.241,2315.52,2380.17,1305.14,1305.14,838.721,482.97,482.97,1461.03,15.7652,978.06
1025,2015-10-23,00:00:00.00,49.54,2180.22,50.3641,22.4786,0,0,629.666,26.8674,0,0,0,64.6562,0,0,50.3641,50.3641,22.4786,22.4786,679.206,656.534,521.241,2315.52,2380.17,1307.42,1307.42,838.721,482.97,482.97,1461.03,15.7652,978.06
1026,2015-10-24,00:00:00.00,49.54,2180.41,50.3693,22.4786,0,0,629.666,26.8674,0,0,0,64.6606,0,0,50.3693,50.3693,22.4786,22.4786,679.206,656.534,521.294,2315.65,2380.31,1307.42,1307.42,838.859,482.97,482.97,1461.03,15.7652,978.06
1027,2015-10-25,00:00:00.00,49.54,2192.86,50.7023,22.4786,0,0,629.666,26.8674,0,0,0,64.9445,0,0,50.7023,50.7023,22.4786,22.4786,679.206,656.534,524.726,2324.67,2389.61,1308.14,1308.14,846.877,482.97,482.97,1462.03,15.7652,978.166
1028,2015-10-26,00:00:00.00,49.54,2193.05,50.7074,22.4786,0,0,629.666,26.8674,0,0,0,64.9489,0,0,50.7074,50.7074,22.4786,22.4786,679.206,656.534,524.765,2324.82,2389.77,1308.89,1308.89,847.029,483.61,483.61,1462.03,15.7652,978.193
1029,2015-10-27,00:00:00.00,49.54,2193.05,50.7074,22.4786,0,0,629.666,26.8674,0,0,0,64.9489,0,0,50.7074,50.7074,22.4786,22.4786,679.206,656.534,524.765,2324.82,2389.77,1308.89,1308.89,847.029,483.61,483.61,1462.03,15.7652,978.217
1030,2015-10-28,00:00:00.00,49.54,2201.28,50.9278,22.4786,0,0,629.666,26.8674,0,0,0,65.1367,0,0,50.9278,50.9278,22.4786,22.4786,679.206,656.534,526.478,2331.34,2396.48,1308.89,1308.89,853.279,483.61,483.61,1462.3,15.7652,978.267
1031,2015-10-29,00:00:00.00,49.54,2225.94,51.4335,22.4786,0,0,629.666,26.8674,0,0,0,65.6959,0,0,51.4335,51.4335,22.4786,22.4786,679.206,656.534,530.395,2352.08,2417.78,1309.71,1309.71,858.052,484.029,484.029,1478.26,15.7652,979.968
1032,2015-10-30,00:00:00.00,49.54,2228.62,51.5053,22.4786,0,0,629.666,26.8674,0,0,0,65.757,0,0,51.5053,51.5053,22.4786,22.4786,679.206,656.534,530.697,2354.46,2420.22,1309.71,1309.71,860.431,484.029,484.029,1478.26,15.7652,981.488
1033,2015-10-31,00:00:00.00,49.54,2228.62,51.5053,22.4786,0,0,629.666,26.8674,0,0,0,65.757,0,0,51.5053,51.5053,22.4786,22.4786,679.206,656.534,530.697,2354.46,2420.22,1309.71,1309.71,860.431,484.029,484.029,1478.26,15.7652,982.846
1034,2015-11-01,00:00:00.00,49.54,2239.73,51.8024,22.4786,0,0,629.666,26.8674,0,0,0,66.0104,0,0,51.8024,51.8024,22.4786,22.4786,679.206,656.534,531.778,2364.48,2430.49,1309.71,1309.71,863.617,484.029,484.029,1485.1,15.7652,984.788
1035,2015-11-02,00:00:00.00,49.54,2239.73,51.8024,22.4786,0,0,629.666,26.8674,0,0,0,66.0104,0,0,51.8024,51.8024,22.4786,22.4786,679.206,656.534,531.778,2364.48,2430.49,1310.52,1310.52,863.617,484.834,484.834,1485.1,15.7652,986.437
1036,2015-11-03,00:00:00.00,49.54,2239.73,51.8024,22.4786,0,0,629.666,26.8674,0,0,0,66.0104,0,0,51.8024,51.8024,22.4786,22.4786,679.206,656.534,531.778,2364.48,2430.49,1311.32,1311.32,863.617,485.638,485.638,1485.1,15.7652,987.825
1037,2015-11-04,00:00:00.00,49.54,2239.73,51.8024,22.4786,0,0,629.666,26.8674,0,0,0,66.0104,0,0,51.8024,51.8024,22.4786,22.4786,679.206,656.534,531.778,2364.48,2430.49,1312.13,1312.13,863.617,486.443,486.443,1485.1,15.7652,988.979
1038,2015-11-05,00:00:00.00,49.54,2239.73,51.8024,22.4786,0,0,629.666,26.8674,0,0,0,66.0104,0,0,51.8024,51.8024,22.4786,22.4786,679.206,656.534,531.778,2364.48,2430.49,1312.93,1312.93,863.617,487.247,487.247,1485.1,15.7652,989.924
1039,2015-11-06,00:00:00.00,49.54,2244.13,51.9203,22.4786,0,0,629.666,26.8674,0,0,0,66.1109,0,0,51.9203,51.9203,22.4786,22.4786,679.206,656.534,532.181,2368.48,2434.59,1313.62,1313.62,866.836,488.052,488.052,1485.88,15.7652,990.766
1040,2015-11-07,00:00:00.00,49.54,2250.45,52.0894,22.4786,0,0,629.666,26.8674,0,0,0,66.255,0,0,52.0894,52.0894,22.4786,22.4786,679.206,656.534,532.657,2374.32,2440.58,1314.28,1314.28,869.517,488.857,488.857,1489.04,15.7652,991.77
1041,2015-11-08,00:00:00.00,49.54,2251.79,52.1252,22.4786,0,0,629.666,26.8674,0,0,0,66.2856,0,0,52.1252,52.1252,22.4786,22.4786,679.206,656.534,532.74,2375.58,2441.87,1315.05,1315.05,870.774,489.661,489.661,1489.04,15.7652,992.581
1042,2015-11-09,00:00:00.00,49.54,2252.17,52.1355,22.4786,0,0,629.666,26.8674,0,0,0,66.2944,0,0,52.1355,52.1355,22.4786,22.4786,679.206,656.534,532.762,2375.94,2442.24,1315.84,1315.84,871.135,490.466,490.466,1489.04,15.7652,993.22
1043,2015-11-10,00:00:00.00,49.54,2252.17,52.1355,22.4786,0,0,629.666,26.8674,0,0,0,66.2944,0,0,52.1355,52.1355,22.4786,22.4786,679.206,656.534,532.762,2375.94,2442.24,1316.65,1316.65,871.135,491.27,491.27,1489.04,15.7652,993.705
1044,2015-11-11,00:00:00.00,49.54,2261.46,52.384,22.4786,0,0,629.666,26.8674,0,0,0,66.5062,0,0,52.384,52.384,22.4786,22.4786,679.206,656.534,533.368,2384.62,2451.13,1317.3,1317.3,873.445,492.075,492.075,1495.41,15.7652,994.731
1045,2015-11-12,00:00:00.00,49.54,2263.18,52.4301,22.4786,0,0,629.666,26.8674,0,0,0,66.5455,0,0,52.4301,52.4301,22.4786,22.4786,679.206,656.534,533.459,2386.25,2452.8,1318.06,1318.06,875.077,492.88,492.88,1495.41,15.7652,995.562
1046,2015-11-13,00:00:00.00,49.54,2272.37,52.676,22.4786,0,0,629.666,26.8674,0,0,0,66.7552,0,0,52.676,52.676,22.4786,22.4786,679.206,656.534,533.899,2395,2461.76,1318.71,1318.71,876.818,493.684,493.684,1502.42,15.7652,996.966
1047,2015-11-14,00:00:00.00,49.54,2274.47,52.7324,22.4786,0,0,629.666,26.8674,0,0,0,66.8033,0,0,52.7324,52.7324,22.4786,22.4786,679.206,656.534,533.983,2397.03,2463.83,1319.3,1319.3,878.328,494.331,494.331,1502.93,15.7652,998.206
1048,2015-11-15,00:00:00.00,49.54,2275.05,52.7478,22.4786,0,0,629.666,26.8674,0,0,0,66.8164,0,0,52.7478,52.7478,22.4786,22.4786,679.206,656.534,534.002,2397.58,2464.4,1319.63,1319.63,878.883,494.676,494.676,1502.93,15.7652,999.277
1049,2015-11-16,00:00:00.00,49.54,2275.05,52.7478,22.4786,0,0,629.666,26.8674,0,0,0,66.8164,0,0,52.7478,52.7478,22.4786,22.4786,679.206,656.534,534.002,2397.58,2464.4,1320.43,1320.43,878.883,495.48,495.48,1502.93,15.7652,1000.15
1050,2015-11-17,00:00:00.00,49.54,2275.05,52.7478,22.4786,0,0,629.666,26.8674,0,0,0,66.8164,0,0,52.7478,52.7478,22.4786,22.4786,679.206,656.534,534.002,2397.58,2464.4,1321.24,1321.24,878.883,496.285,496.285,1502.93,15.7652,1000.84
1051,2015-11-18,00:00:00.00,49.54,2275.05,52.7478,22.4786,0,0,629.666,26.8674,0,0,0,66.8164,0,0,52.7478,52.7478,22.4786,22.4786,679.206,656.534,534.002,2397.58,2464.4,1322.04,1322.04,878.883,497.09,497.09,1502.93,15.7652,1001.37
1052,2015-11-19,00:00:00.00,49.54,2280.98,52.9066,22.4786,0,0,629.666,26.8674,0,0,0,66.9518,0,0,52.9066,52.9066,22.4786,22.4786,679.206,656.534,534.275,2403.24,2470.19,1322.7,1322.7,880.589,497.894,497.894,1506.89,15.7652,1002.19
1053,2015-11-20,00:00:00.00,49.54,2281.18,52.9117,22.4786,0,0,629.666,26.8674,0,0,0,66.9562,0,0,52.9117,52.9117,22.4786,22.4786,679.206,656.534,534.283,2403.43,2470.38,1323.5,1323.5,880.773,498.699,498.699,1506.89,15.7652,1002.83
1054,2015-11-21,00:00:00.00,49.54,2281.18,52.9117,22.4786,0,0,629.666,26.8674,0,0,0,66.9562,0,0,52.9117,52.9117,22.4786,22.4786,679.206,656.534,534.283,2403.43,2470.38,1323.85,1323.85,880.773,499.044,499.044,1506.89,15.7652,1003.36
1055,2015-11-22,00:00:00.00,49.54,2281.8,52.9284,22.958,0,0,643.096,26.8674,0,0,0,67.2794,0,0,52.9284,52.9284,22.958,22.958,679.206,656.534,534.31,2404.02,2471.3,1323.85,1323.85,881.367,499.044,499.044,1506.89,15.7652,1003.84
1056,2015-11-23,00:00:00.00,49.54,2281.8,52.9284,22.9716,0,0,643.475,26.8674,0,0,0,67.2882,0,0,52.9284,52.9284,22.9716,22.9716,679.206,656.534,534.31,2404.02,2471.31,1323.85,1323.85,881.367,499.044,499.044,1506.89,15.7652,1004.26
1057,2015-11-24,00:00:00.00,49.54,2281.8,52.9284,23.0393,0,0,645.374,26.8674,0,0,0,67.3318,0,0,52.9284,52.9284,23.0393,23.0393,679.206,656.534,534.31,2404.02,2471.35,1323.85,1323.85,881.367,499.044,499.044,1506.89,15.7652,1004.65
1058,2015-11-25,00:00:00.00,49.54,2281.8,52.9284,23.0393,0,0,645.374,26.8674,0,0,0,67.3318,0,0,52.9284,52.9284,23.0393,23.0393,680.621,657.452,534.348,2404.9,2472.23,1323.87,1323.87,882.247,499.137,499.137,1506.89,15.7652,1004.98
1059,2015-11-26,00:00:00.00,49.54,2282.95,52.9591,23.0393,0,0,645.374,26.8674,0,0,0,67.3581,0,0,52.9591,52.9591,23.0393,23.0393,685.041,662.026,534.553,2410.42,2477.78,1323.9,1323.9,883.498,499.431,499.431,1511.16,15.7652,1005.7
1060,2015-11-27,00:00:00.00,49.54,2287.06,53.0693,23.0393,0,0,645.374,26.8674,0,0,0,67.452,0,0,53.0693,53.0693,23.0393,23.0393,694.445,671.756,534.945,2423.87,2491.32,1324.59,1324.59,884.572,500.236,500.236,1523.54,15.7652,1007.57
1061,2015-11-28,00:00:00.00,49.54,2297.02,53.3357,23.0393,0,0,645.374,26.8674,0,0,0,67.6791,0,0,53.3357,53.3357,23.0393,23.0393,694.914,672.241,535.199,2434.06,2501.74,1325.24,1325.24,885.519,501.041,501.041,1532.78,15.7652,1010.15
1062,2015-11-29,00:00:00.00,49.54,2297.02,53.3357,23.0393,0,0,645.374,26.8674,0,0,0,67.6791,0,0,53.3357,53.3357,23.0393,23.0393,694.914,672.241,535.199,2434.06,2501.74,1325.24,1325.24,885.519,501.041,501.041,1532.78,15.7652,1012.45
1063,2015-11-30,00:00:00.00,49.54,2297.02,53.3357,23.0393,0,0,645.374,26.8674,0,0,0,67.6791,0,0,53.3357,53.3357,23.0393,23.0393,694.914,672.241,535.199,2434.06,2501.74,1325.24,1325.24,885.519,501.041,501.041,1532.78,15.7652,1014.5
1064,2015-12-01,00:00:00.00,49.54,2297.14,53.3391,23.0484,0,0,645.629,26.8674,0,0,0,67.6879,0,0,53.3391,53.3391,23.0484,23.0484,694.914,672.241,535.202,2434.18,2501.87,1325.24,1325.24,885.642,501.041,501.041,1532.78,15.7652,1016.34
1065,2015-12-02,00:00:00.00,49.54,2299.24,53.3954,23.0484,0,0,645.629,26.8763,0,0,0,67.7359,0,0,53.3954,53.3954,23.0484,23.0484,695.169,672.505,535.251,2436.49,2504.23,1325.5,1325.5,886.429,501.356,501.356,1534.3,15.7652,1018.11
1066,2015-12-03,00:00:00.00,49.54,2299.82,53.4108,23.0484,0,0,645.629,26.8763,0,0,0,67.749,0,0,53.4108,53.4108,23.0484,23.0484,695.169,672.505,535.261,2437.06,2504.81,1325.8,1325.8,886.993,501.671,501.671,1534.3,15.7652,1019.65
1067,2015-12-04,00:00:00.00,49.54,2300.29,53.4236,23.0484,0,0,645.629,26.8763,0,0,0,67.7599,0,0,53.4236,53.4236,23.0484,23.0484,695.169,672.505,535.269,2437.53,2505.29,1326.1,1326.1,887.464,501.986,501.986,1534.3,15.7652,1021
1068,2015-12-05,00:00:00.00,49.54,2300.29,53.4236,23.0484,0,0,645.629,26.8763,0,0,0,67.7599,0,0,53.4236,53.4236,23.0484,23.0484,695.169,672.505,535.269,2437.53,2505.29,1326.42,1326.42,887.464,502.301,502.301,1534.3,15.7652,1022.18
1069,2015-12-06,00:00:00.00,49.54,2300.29,53.4236,23.0484,0,0,645.629,26.8763,0,0,0,67.7599,0,0,53.4236,53.4236,23.0484,23.0484,695.169,672.505,535.269,2437.53,2505.29,1326.73,1326.73,887.464,502.616,502.616,1534.3,15.7652,1023.19
1070,2015-12-07,00:00:00.00,49.54,2300.29,53.4236,23.0484,0,0,645.629,26.8763,0,0,0,67.7599,0,0,53.4236,53.4236,23.0484,23.0484,695.169,672.505,535.269,2437.53,2505.29,1327.05,1327.05,887.464,502.931,502.931,1534.3,15.7652,1024.06
1071,2015-12-08,00:00:00.00,49.54,2300.49,53.4287,23.0484,0,0,645.629,26.8763,0,0,0,67.7643,0,0,53.4287,53.4287,23.0484,23.0484,695.169,672.505,535.273,2437.72,2505.48,1327.36,1327.36,887.652,503.246,503.246,1534.3,15.7652,1024.81
1072,2015-12-09,00:00:00.00,49.54,2300.49,53.4287,23.0484,0,0,645.629,26.8763,0,0,0,67.7643,0,0,53.4287,53.4287,23.0484,23.0484,695.169,672.505,535.273,2437.72,2505.48,1327.67,1327.67,887.652,503.561,503.561,1534.3,15.7652,1025.44
1073,2015-12-10,00:00:00.00,49.54,2301.63,53.4595,23.0484,0,0,645.629,26.8763,0,0,0,67.7905,0,0,53.4595,53.4595,23.0484,23.0484,695.169,672.505,535.299,2438.84,2506.63,1327.95,1327.95,888.513,503.876,503.876,1534.56,15.7652,1026
1074,2015-12-11,00:00:00.00,49.54,2302.02,53.4697,23.0484,0,0,645.629,26.8763,0,0,0,67.7993,0,0,53.4697,53.4697,23.0484,23.0484,695.169,672.505,535.307,2439.22,2507.01,1328.26,1328.26,888.888,504.191,504.191,1534.56,15.7652,1026.46
1075,2015-12-12,00:00:00.00,49.54,2302.02,53.4697,23.0484,0,0,645.629,26.8763,0,0,0,67.7993,0,0,53.4697,53.4697,23.0484,23.0484,695.169,672.505,535.307,2439.22,2507.01,1328.57,1328.57,888.888,504.506,504.506,1534.56,15.7652,1026.85
1076,2015-12-13,00:00:00.00,49.54,2303.17,53.5005,23.0484,0,0,645.629,26.8763,0,0,0,67.8255,0,0,53.5005,53.5005,23.0484,23.0484,695.169,672.505,535.331,2440.34,2508.17,1328.86,1328.86,889.682,504.821,504.821,1534.89,15.7652,1027.19
1077,2015-12-14,00:00:00.00,49.54,2304.51,53.5363,23.0484,0,0,645.629,26.8763,0,0,0,67.856,0,0,53.5363,53.5363,23.0484,23.0484,695.169,672.505,535.355,2441.66,2509.51,1329.14,1329.14,890.375,505.136,505.136,1535.52,15.7652,1027.53
1078,2015-12-15,00:00:00.00,49.54,2318.1,53.9001,23.0484,0,0,645.629,26.8763,0,0,0,68.1662,0,0,53.9001,53.9001,23.0484,23.0484,695.169,672.505,535.568,2455.04,2523.2,1329.36,1329.36,890.941,505.451,505.451,1548.33,15.7652,1029.17
1079,2015-12-16,00:00:00.00,49.54,2318.67,53.9155,23.0484,0,0,645.629,26.8763,0,0,0,68.1793,0,0,53.9155,53.9155,23.0484,23.0484,695.169,672.505,535.576,2455.6,2523.78,1329.66,1329.66,891.455,505.766,505.766,1548.38,15.7652,1030.6
1080,2015-12-17,00:00:00.00,49.54,2320.59,53.9667,23.0484,0,0,645.629,26.8763,0,0,0,68.223,0,0,53.9667,53.9667,23.0484,23.0484,695.169,672.505,535.598,2457.5,2525.72,1329.92,1329.92,891.919,506.081,506.081,1549.81,15.7652,1032
1081,2015-12-18,00:00:00.00,49.54,2320.59,53.9667,23.0484,0,0,645.629,26.8763,0,0,0,68.223,0,0,53.9667,53.9667,23.0484,23.0484,695.169,672.505,535.598,2457.5,2525.72,1330.24,1330.24,891.919,506.396,506.396,1549.81,15.7652,1033.21
1082,2015-12-19,00:00:00.00,49.54,2320.59,53.9667,23.062,0,0,646.008,26.8763,0,0,0,68.2317,0,0,53.9667,53.9667,23.062,23.062,695.169,672.505,535.598,2457.5,2525.73,1330.29,1330.29,891.919,506.711,506.711,1549.81,15.7652,1034.27
1083,2015-12-20,00:00:00.00,49.54,2320.59,53.9667,23.0755,0,0,646.388,26.8763,0,0,0,68.2405,0,0,53.9667,53.9667,23.0755,23.0755,695.169,672.505,535.598,2457.5,2525.74,1330.29,1330.29,891.919,506.711,506.711,1549.81,15.7652,1035.21
1084,2015-12-21,00:00:00.00,49.54,2320.59,53.9667,23.1636,0,0,648.855,26.8763,0,0,0,68.2973,0,0,53.9667,53.9667,23.1636,23.1636,695.169,672.505,535.598,2457.5,2525.79,1330.3,1330.3,891.919,506.974,506.974,1549.81,15.7652,1036.02
1085,2015-12-22,00:00:00.00,49.54,2336.18,54.3869,23.1636,0,0,648.855,26.9884,0,0,0,68.6555,0,0,54.3869,54.3869,23.1636,23.1636,698.395,675.844,535.834,2476.19,2544.84,1330.51,1330.51,892.363,507.289,507.289,1568.06,15.7652,1038.66
1086,2015-12-23,00:00:00.00,49.54,2336.75,54.4022,23.1636,0,0,648.855,26.9884,0,0,0,68.6686,0,0,54.4022,54.4022,23.1636,23.1636,698.395,675.844,535.839,2476.75,2545.42,1330.81,1330.81,892.778,507.604,507.604,1568.21,15.7652,1041
1087,2015-12-24,00:00:00.00,49.54,2337.9,54.433,23.1636,0,0,648.855,26.9884,0,0,0,68.6948,0,0,54.433,54.433,23.1636,23.1636,698.395,675.844,535.85,2477.89,2546.59,1331.09,1331.09,893.167,507.919,507.919,1568.96,15.7652,1043.13
1088,2015-12-25,00:00:00.00,49.54,2338.09,54.4381,23.1636,0,0,648.855,26.9884,0,0,0,68.6991,0,0,54.4381,54.4381,23.1636,23.1636,698.395,675.844,535.852,2478.08,2546.78,1331.4,1331.4,893.357,508.234,508.234,1568.96,15.7652,1045.01
1089,2015-12-26,00:00:00.00,49.54,2338.09,54.4381,23.1636,0,0,648.855,26.9884,0,0,0,68.6991,0,0,54.4381,54.4381,23.1636,23.1636,698.395,675.844,535.852,2478.08,2546.78,1331.72,1331.72,893.357,508.549,508.549,1568.96,15.7652,1046.65
1090,2015-12-27,00:00:00.00,49.54,2339.53,54.4766,23.3634,0,0,654.453,26.9884,0,0,0,68.8608,0,0,54.4766,54.4766,23.3634,23.3634,698.395,675.844,535.868,2479.5,2548.36,1331.73,1331.73,893.753,508.851,508.851,1569.99,15.7652,1048.19
1091,2015-12-28,00:00:00.00,49.54,2339.53,54.4802,23.3654,0,0,654.51,27.1229,0,0,0,68.8651,0,0,54.4802,54.4802,23.3654,23.3654,699.666,677.097,535.879,2480.75,2549.61,1331.78,1331.78,894.084,509.166,509.166,1570.9,15.7652,1049.63
1092,2015-12-29,00:00:00.00,49.6922,2339.53,54.4802,23.5823,0,0,660.583,27.1229,0,0,0,69.0049,0,0,54.4802,54.4802,23.5823,23.5823,699.666,677.097,535.879,2480.75,2549.75,1331.78,1331.78,894.084,509.172,509.172,1570.9,15.7652,1050.92
1093,2015-12-30,00:00:00.00,49.6922,2339.53,54.4802,23.7957,0,0,666.562,27.1229,0,0,0,69.1425,0,0,54.4802,54.4802,23.7957,23.7957,699.666,677.097,535.879,2480.75,2549.89,1331.79,1331.79,894.084,509.396,509.396,1570.9,15.7652,1052.05
1094,2015-12-31,00:00:00.00,49.6922,2339.53,54.4802,23.7957,0,0,666.562,27.1229,0,0,0,69.1425,0,0,54.4802,54.4802,23.7957,23.7957,700.259,677.176,535.88,2480.82,2549.97,1331.85,1331.85,894.162,509.711,509.711,1570.9,15.7652,1053.02
1095,2016-01-01,00:00:00.00,50.206,2339.53,54.4802,23.8161,0,0,667.132,27.1229,0,0,0,69.1556,0,0,54.4802,54.4802,23.8161,23.8161,700.259,677.176,535.88,2480.82,2549.98,1331.89,1331.89,894.162,510.013,510.013,1570.9,15.7652,1053.86
1096,2016-01-02,00:00:00.00,50.206,2339.53,54.4802,23.9719,0,0,671.497,27.1229,0,0,0,69.2561,0,0,54.4802,54.4802,23.9719,23.9719,700.259,677.176,535.88,2480.82,2550.08,1331.9,1331.9,894.162,510.178,510.178,1570.9,15.7652,1054.59
1097,2016-01-03,00:00:00.00,50.206,2339.53,54.4802,23.9719,0,0,671.497,27.1229,0,0,0,69.2561,0,0,54.4802,54.4802,23.9719,23.9719,700.259,677.176,535.88,2480.82,2550.08,1331.93,1331.93,894.162,510.343,510.343,1570.9,15.7652,1055.23
1098,2016-01-04,00:00:00.00,50.206,2339.53,54.4802,24.0193,0,0,672.826,27.1229,0,0,0,69.2867,0,0,54.4802,54.4802,24.0193,24.0193,700.259,677.176,535.88,2480.82,2550.11,1331.94,1331.94,894.162,510.508,510.508,1570.9,15.7652,1055.78
1099,2016-01-05,00:00:00.00,50.206,2339.53,54.4802,24.0193,0,0,672.826,27.1229,0,0,0,69.2867,0,0,54.4802,54.4802,24.0193,24.0193,700.259,677.176,535.88,2480.82,2550.11,1331.94,1331.94,894.162,510.508,510.508,1570.9,15.7652,1056.27
1100,2016-01-06,00:00:00.00,50.206,2339.53,54.4802,24.0193,0,0,672.826,27.1229,0,0,0,69.2867,0,0,54.4802,54.4802,24.0193,24.0193,700.259,677.176,535.88,2480.82,2550.11,1331.94,1331.94,894.162,510.508,510.508,1570.9,15.7652,1056.71
1101,2016-01-07,00:00:00.00,50.206,2339.53,54.4802,24.0193,0,0,672.826,27.1229,0,0,0,69.2867,0,0,54.4802,54.4802,24.0193,24.0193,700.259,677.176,535.88,2480.82,2550.11,1331.97,1331.97,894.162,510.67,510.67,1570.9,15.7652,1057.08
1102,2016-01-08,00:00:00.00,50.206,2339.53,54.4802,24.0193,0,0,672.826,27.1229,0,0,0,69.2867,0,0,54.4802,54.4802,24.0193,24.0193,700.259,677.176,535.88,2480.82,2550.11,1332,1332,894.162,510.836,510.836,1570.9,15.7652,1057.4
1103,2016-01-09,00:00:00.00,50.206,2340.56,54.5289,24.1514,0,0,676.525,27.914,0,0,0,69.4134,0,0,54.5289,54.5289,24.1514,24.1514,700.259,677.176,535.888,2481.85,2551.26,1332.01,1332.01,894.457,511.001,511.001,1571.62,15.7652,1057.74
1104,2016-01-10,00:00:00.00,50.206,2346.36,54.6878,24.1514,0,0,676.525,28.0425,0,0,0,69.5488,0,0,54.6878,54.6878,24.1514,24.1514,705.887,682.999,535.963,2493.4,2562.95,1332.01,1332.01,894.685,511.166,511.166,1582.95,15.7652,1059.24
1105,2016-01-11,00:00:00.00,50.2733,2348.98,54.7597,24.4221,0,0,684.11,28.1121,0,0,0,69.7847,0,0,54.7597,54.7597,24.4221,24.4221,705.887,682.999,535.976,2496.01,2565.79,1332.02,1332.02,894.868,511.331,511.331,1585.37,15.7652,1060.82
1106,2016-01-12,00:00:00.00,50.9998,2348.98,54.7597,24.5407,0,0,687.432,28.1121,0,0,0,69.8611,0,0,54.7597,54.7597,24.5407,24.5407,705.887,682.999,535.976,2496.01,2565.87,1332.02,1332.02,894.868,511.331,511.331,1585.37,15.7652,1062.23
1107,2016-01-13,00:00:00.00,50.9998,2348.98,54.7597,24.8761,0,0,696.827,28.1121,0,0,0,70.0774,0,0,54.7597,54.7597,24.8761,24.8761,705.887,682.999,535.976,2496.01,2566.08,1332.02,1332.02,894.868,511.331,511.331,1585.37,15.7652,1063.48
1108,2016-01-14,00:00:00.00,50.9998,2348.98,54.7597,25.1302,0,0,703.945,28.1121,0,0,0,70.2412,0,0,54.7597,54.7597,25.1302,25.1302,705.887,682.999,535.976,2496.01,2566.25,1332.02,1332.02,894.868,511.331,511.331,1585.37,15.7652,1064.61
1109,2016-01-15,00:00:00.00,50.9998,2348.98,54.7597,25.1438,0,0,704.324,28.1121,0,0,0,70.2499,0,0,54.7597,54.7597,25.1438,25.1438,705.887,682.999,535.976,2496.01,2566.26,1332.02,1332.02,894.868,511.411,511.411,1585.37,15.7652,1065.61
1110,2016-01-16,00:00:00.00,50.9998,2348.98,54.7597,25.3775,0,0,710.872,28.1121,0,0,0,70.4006,0,0,54.7597,54.7597,25.3775,25.3775,705.887,682.999,535.976,2496.01,2566.41,1332.03,1332.03,894.868,511.576,511.576,1585.37,15.7652,1066.48
1111,2016-01-17,00:00:00.00,50.9998,2348.98,54.7597,25.4453,0,0,712.771,28.1121,0,0,0,70.4443,0,0,54.7597,54.7597,25.4453,25.4453,705.887,682.999,535.976,2496.01,2566.45,1332.04,1332.04,894.868,511.741,511.741,1585.37,15.7652,1067.24
1112,2016-01-18,00:00:00.00,50.9998,2348.98,54.7597,25.635,0,0,718.085,28.1121,0,0,0,70.5666,0,0,54.7597,54.7597,25.635,25.635,705.887,682.999,535.976,2496.01,2566.57,1332.04,1332.04,894.868,511.78,511.78,1585.37,15.7652,1067.92
1113,2016-01-19,00:00:00.00,50.9998,2348.98,54.7597,25.8485,0,0,724.064,28.1121,0,0,0,70.7042,0,0,54.7597,54.7597,25.8485,25.8485,705.887,682.999,535.976,2496.01,2566.71,1332.04,1332.04,894.868,511.78,511.78,1585.37,15.7652,1068.52
1114,2016-01-20,00:00:00.00,50.9998,2348.98,54.7597,25.8485,0,0,724.064,28.1121,0,0,0,70.7042,0,0,54.7597,54.7597,25.8485,25.8485,705.887,682.999,535.976,2496.01,2566.71,1332.04,1332.04,894.868,511.78,511.78,1585.37,15.7652,1069.06
1115,2016-01-21,00:00:00.00,50.9998,2348.98,54.7597,25.8993,0,0,725.487,28.1121,0,0,0,70.737,0,0,54.7597,54.7597,25.8993,25.8993,705.887,682.999,535.976,2496.01,2566.74,1332.04,1332.04,894.868,511.859,511.859,1585.37,15.7652,1069.54
1116,2016-01-22,00:00:00.00,50.9998,2348.98,54.7597,25.8993,0,0,725.487,28.1121,0,0,0,70.737,0,0,54.7597,54.7597,25.8993,25.8993,705.887,682.999,535.976,2496.01,2566.74,1332.04,1332.04,894.868,511.859,511.859,1585.37,15.7652,1069.96
1117,2016-01-23,00:00:00.00,50.9998,2348.98,54.7597,25.8993,0,0,725.487,28.1121,0,0,0,70.737,0,0,54.7597,54.7597,25.8993,25.8993,705.887,682.999,535.976,2496.01,2566.74,1332.04,1332.04,894.868,511.859,511.859,1585.37,15.7652,1070.34
1118,2016-01-24,00:00:00.00,50.9998,2348.98,54.7597,25.8993,0,0,725.487,28.1121,0,0,0,70.737,0,0,54.7597,54.7597,25.8993,25.8993,705.887,682.999,535.976,2496.01,2566.74,1332.04,1332.04,894.868,511.859,511.859,1585.37,15.7652,1070.68
1119,2016-01-25,00:00:00.00,50.9998,2348.98,54.7597,25.8993,0,0,725.487,28.1121,0,0,0,70.737,0,0,54.7597,54.7597,25.8993,25.8993,705.887,682.999,535.976,2496.01,2566.74,1332.04,1332.04,894.868,511.888,511.888,1585.37,15.7652,1070.98
1120,2016-01-26,00:00:00.00,50.9998,2348.98,54.774,25.938,0,0,726.572,28.6458,0,0,0,70.7741,0,0,54.774,54.774,25.938,25.938,705.887,682.999,535.976,2496.01,2566.78,1332.05,1332.05,894.868,512.053,512.053,1585.37,15.7652,1071.23
1121,2016-01-27,00:00:00.00,50.9998,2348.98,54.7996,26.0735,0,0,730.368,29.6031,0,0,0,70.8833,0,0,54.7996,54.7996,26.0735,26.0735,711.453,687.628,535.995,2500.62,2571.5,1332.06,1332.06,895.021,512.218,512.218,1589.83,15.7652,1071.91
1122,2016-01-28,00:00:00.00,53.4285,2348.98,54.7996,26.0905,0,0,730.842,29.6031,0,0,0,70.8942,0,0,54.7996,54.7996,26.0905,26.0905,711.453,687.628,535.995,2500.62,2571.51,1332.07,1332.07,895.021,512.383,512.383,1589.83,15.7652,1072.5
1123,2016-01-29,00:00:00.00,53.4285,2348.98,54.7996,26.3818,0,0,739.004,29.6031,0,0,0,71.0821,0,0,54.7996,54.7996,26.3818,26.3818,711.453,687.628,535.995,2500.62,2571.7,1332.08,1332.08,895.021,512.548,512.548,1589.83,15.7652,1073.01
1124,2016-01-30,00:00:00.00,53.4285,2348.98,54.7996,26.3818,0,0,739.004,29.6031,0,0,0,71.0821,0,0,54.7996,54.7996,26.3818,26.3818,711.453,687.628,535.995,2500.62,2571.7,1332.08,1332.08,895.021,512.548,512.548,1589.83,15.7652,1073.46
1125,2016-01-31,00:00:00.00,53.4285,2348.98,54.7996,26.3818,0,0,739.004,29.6031,0,0,0,71.0821,0,0,54.7996,54.7996,26.3818,26.3818,711.453,687.628,535.995,2500.62,2571.7,1332.11,1332.11,895.021,512.7,512.7,1589.83,15.7652,1073.85
1126,2016-02-01,00:00:00.00,53.4285,2352.49,54.9687,26.3818,0,0,739.004,32.416,0,0,0,71.2262,0,0,54.9687,54.9687,26.3818,26.3818,716.432,692.78,536.025,2509.24,2580.47,1332.11,1332.11,895.15,512.865,512.865,1598.33,15.7652,1075.09
1127,2016-02-02,00:00:00.00,53.4285,2352.49,54.9687,26.3818,0,0,739.004,32.416,0,0,0,71.2262,0,0,54.9687,54.9687,26.3818,26.3818,719.744,696.206,536.034,2512.66,2583.89,1332.16,1332.16,895.263,513.12,513.12,1601.63,15.7652,1076.52
1128,2016-02-03,00:00:00.00,53.4285,2356.66,55.0804,26.4442,0,0,740.752,32.416,0,0,0,71.3617,0,0,55.0804,55.0804,26.4442,26.4442,721.356,697.814,536.048,2518.43,2589.79,1332.17,1332.17,895.354,513.374,513.374,1607.31,15.7652,1078.38
1129,2016-02-04,00:00:00.00,53.4285,2358.57,55.1316,26.4442,0,0,740.752,32.416,0,0,0,71.4053,0,0,55.1316,55.1316,26.4442,26.4442,740.468,717.59,536.088,2540.08,2611.48,1332.18,1332.18,895.423,513.628,513.628,1628.89,15.7652,1082.31
1130,2016-02-05,00:00:00.00,55.2943,2358.57,55.1316,26.4442,0,0,740.752,32.416,0,0,0,71.4053,0,0,55.1316,55.1316,26.4442,26.4442,740.468,717.59,536.088,2540.08,2611.48,1332.23,1332.23,895.423,513.883,513.883,1628.89,15.7652,1085.79
1131,2016-02-06,00:00:00.00,55.2943,2358.57,55.1316,26.5459,0,0,743.599,32.416,0,0,0,71.4709,0,0,55.1316,55.1316,26.5459,26.5459,740.468,717.59,536.088,2540.08,2611.55,1332.24,1332.24,895.423,514.137,514.137,1628.89,15.7652,1088.88
1132,2016-02-07,00:00:00.00,55.2943,2358.57,55.1316,26.5459,0,0,743.599,32.416,0,0,0,71.4709,0,0,55.1316,55.1316,26.5459,26.5459,740.468,717.59,536.088,2540.08,2611.55,1332.29,1332.29,895.423,514.391,514.391,1628.89,15.7652,1091.61
1133,2016-02-08,00:00:00.00,55.2943,2358.57,55.1316,26.5459,0,0,743.599,32.416,0,0,0,71.4709,0,0,55.1316,55.1316,26.5459,26.5459,741.252,717.59,536.088,2540.08,2611.55,1332.34,1332.34,895.423,514.645,514.645,1628.89,15.7652,1094.02
1134,2016-02-09,00:00:00.00,55.2943,2358.57,55.1316,26.5967,0,0,745.023,32.416,0,0,0,71.5036,0,0,55.1316,55.1316,26.5967,26.5967,749.395,724.748,536.1,2547.22,2618.73,1332.35,1332.35,895.508,514.9,514.9,1635.95,15.7652,1096.9
1135,2016-02-10,00:00:00.00,57.0631,2358.57,55.1316,26.6238,0,0,745.782,32.416,0,0,0,71.5211,0,0,55.1316,55.1316,26.6238,26.6238,749.395,724.748,536.1,2547.22,2618.74,1332.38,1332.38,895.508,515.154,515.154,1635.95,15.7652,1099.44
1136,2016-02-11,00:00:00.00,57.0631,2358.57,55.1316,26.6848,0,0,747.49,32.416,0,0,0,71.5604,0,0,55.1316,55.1316,26.6848,26.6848,749.395,724.748,536.1,2547.22,2618.78,1332.38,1332.38,895.508,515.252,515.252,1635.95,15.7652,1101.71
1137,2016-02-12,00:00:00.00,57.0631,2358.57,55.1316,26.7186,0,0,748.439,32.416,0,0,0,71.5823,0,0,55.1316,55.1316,26.7186,26.7186,749.395,724.748,536.1,2547.22,2618.8,1332.38,1332.38,895.508,515.252,515.252,1635.95,15.7652,1103.73
1138,2016-02-13,00:00:00.00,57.0631,2358.57,55.1316,26.8,0,0,750.717,32.416,0,0,0,71.6347,0,0,55.1316,55.1316,26.8,26.8,749.395,724.748,536.1,2547.22,2618.86,1332.38,1332.38,895.508,515.252,515.252,1635.95,15.7652,1105.54
1139,2016-02-14,00:00:00.00,57.0631,2358.57,55.1316,26.8,0,0,750.717,32.416,0,0,0,71.6347,0,0,55.1316,55.1316,26.8,26.8,749.395,724.748,536.1,2547.22,2618.86,1332.38,1332.38,895.508,515.252,515.252,1635.95,15.7652,1107.15
1140,2016-02-15,00:00:00.00,57.0631,2358.57,55.1316,26.8,0,0,750.717,32.416,0,0,0,71.6347,0,0,55.1316,55.1316,26.8,26.8,749.395,724.748,536.1,2547.22,2618.86,1332.38,1332.38,895.508,515.252,515.252,1635.95,15.7652,1108.6
1141,2016-02-16,00:00:00.00,57.0631,2358.57,55.1316,26.8609,0,0,752.425,32.416,0,0,0,71.674,0,0,55.1316,55.1316,26.8609,26.8609,749.395,724.748,536.1,2547.22,2618.9,1332.38,1332.38,895.508,515.252,515.252,1635.95,15.7652,1109.89
1142,2016-02-17,00:00:00.00,57.0631,2358.57,55.1316,27.0236,0,0,756.981,32.416,0,0,0,71.7788,0,0,55.1316,55.1316,27.0236,27.0236,749.395,724.748,536.1,2547.22,2619,1332.39,1332.39,895.508,515.507,515.507,1635.95,15.7652,1111.01
1143,2016-02-18,00:00:00.00,57.0631,2358.57,55.1316,27.0236,0,0,756.981,32.416,0,0,0,71.7788,0,0,55.1316,55.1316,27.0236,27.0236,749.395,724.748,536.1,2547.22,2619,1332.44,1332.44,895.508,515.761,515.761,1635.95,15.7652,1111.99
1144,2016-02-19,00:00:00.00,57.0631,2358.57,55.1316,27.0236,0,0,756.981,32.416,0,0,0,71.7788,0,0,55.1316,55.1316,27.0236,27.0236,749.395,724.748,536.1,2547.22,2619,1332.44,1332.44,895.508,515.761,515.761,1635.95,15.7652,1112.86
1145,2016-02-20,00:00:00.00,57.0631,2358.57,55.1316,27.3353,0,0,765.712,32.416,0,0,0,71.9798,0,0,55.1316,55.1316,27.3353,27.3353,749.395,724.748,536.1,2547.22,2619.2,1332.45,1332.45,895.508,516.015,516.015,1635.95,15.7652,1113.62
1146,2016-02-21,00:00:00.00,57.0631,2358.57,55.1367,27.3353,0,0,765.712,32.6075,0,0,0,71.9842,0,0,55.1367,55.1367,27.3353,27.3353,772.134,745.919,536.137,2568.36,2640.34,1332.49,1332.49,895.597,516.27,516.27,1656.99,15.7652,1116.5
1147,2016-02-22,00:00:00.00,57.0631,2358.57,55.1367,27.342,0,0,765.901,32.6075,0,0,0,71.9885,0,0,55.1367,55.1367,27.342,27.342,780.397,754.462,536.149,2576.89,2648.88,1332.54,1332.54,895.675,516.524,516.524,1665.45,15.7652,1119.96
1148,2016-02-23,00:00:00.00,58.5418,2358.57,55.1367,27.342,0,0,765.901,32.6075,0,0,0,71.9885,0,0,55.1367,55.1367,27.342,27.342,780.397,754.462,536.149,2576.89,2648.88,1332.59,1332.59,895.675,516.778,516.778,1665.45,15.7652,1123.02
1149,2016-02-24,00:00:00.00,58.5418,2358.57,55.1367,27.342,0,0,765.901,32.6075,0,0,0,71.9885,0,0,55.1367,55.1367,27.342,27.342,780.397,754.462,536.149,2576.89,2648.88,1332.64,1332.64,895.675,517.032,517.032,1665.45,15.7652,1125.72
1150,2016-02-25,00:00:00.00,58.5418,2358.57,55.1367,27.7622,0,0,777.669,32.6075,0,0,0,72.2594,0,0,55.1367,55.1367,27.7622,27.7622,780.397,754.462,536.149,2576.89,2649.15,1332.64,1332.64,895.675,517.287,517.287,1665.45,15.7652,1128.11
1151,2016-02-26,00:00:00.00,58.5418,2358.57,55.1367,27.8299,0,0,779.567,32.6075,0,0,0,72.303,0,0,55.1367,55.1367,27.8299,27.8299,780.397,754.462,536.149,2576.89,2649.19,1332.65,1332.65,895.675,517.541,517.541,1665.45,15.7652,1130.22
1152,2016-02-27,00:00:00.00,58.5418,2358.57,55.1367,27.8299,0,0,779.567,32.6075,0,0,0,72.303,0,0,55.1367,55.1367,27.8299,27.8299,780.397,754.462,536.149,2576.89,2649.19,1332.66,1332.66,895.675,517.592,517.592,1665.45,15.7652,1132.1
1153,2016-02-28,00:00:00.00,58.5418,2358.57,55.1367,27.8299,0,0,779.567,32.6075,0,0,0,72.303,0,0,55.1367,55.1367,27.8299,27.8299,780.397,754.462,536.149,2576.89,2649.19,1332.71,1332.71,895.675,517.846,517.846,1665.45,15.7652,1133.75
1154,2016-02-29,00:00:00.00,58.5418,2361.74,55.2751,27.8367,0,0,779.757,34.6122,0,0,0,72.4254,0,0,55.2751,55.2751,27.8367,27.8367,800.581,775.341,536.192,2600.89,2673.31,1332.72,1332.72,895.765,518.1,518.1,1689.36,15.7652,1137.75
1155,2016-03-01,00:00:00.00,59.727,2361.74,55.2751,27.8367,0,0,779.757,34.6122,0,0,0,72.4254,0,0,55.2751,55.2751,27.8367,27.8367,800.581,775.341,536.192,2600.89,2673.31,1332.77,1332.77,895.765,518.355,518.355,1689.36,15.7652,1141.29
1156,2016-03-02,00:00:00.00,59.852,2361.74,55.2751,28.3517,0,0,794.182,34.6122,0,0,0,72.7574,0,0,55.2751,55.2751,28.3517,28.3517,800.581,775.341,536.192,2600.89,2673.65,1332.77,1332.77,895.765,518.355,518.355,1689.36,15.7652,1144.46
1157,2016-03-03,00:00:00.00,59.852,2361.74,55.2751,28.3517,0,0,794.182,34.6122,0,0,0,72.7574,0,0,55.2751,55.2751,28.3517,28.3517,800.581,775.341,536.192,2600.89,2673.65,1332.77,1332.77,895.765,518.355,518.355,1689.36,15.7652,1147.29
1158,2016-03-04,00:00:00.00,59.852,2361.74,55.2751,28.3517,0,0,794.182,34.6122,0,0,0,72.7574,0,0,55.2751,55.2751,28.3517,28.3517,800.581,775.341,536.192,2600.89,2673.65,1332.77,1332.77,895.765,518.355,518.355,1689.36,15.7652,1149.81
1159,2016-03-05,00:00:00.00,59.852,2361.74,55.2751,28.3517,0,0,794.182,34.6122,0,0,0,72.7574,0,0,55.2751,55.2751,28.3517,28.3517,800.581,775.341,536.192,2600.89,2673.65,1332.77,1332.77,895.765,518.355,518.355,1689.36,15.7652,1152.07
1160,2016-03-06,00:00:00.00,59.852,2361.74,55.2751,28.4398,0,0,796.65,34.6122,0,0,0,72.8141,0,0,55.2751,55.2751,28.4398,28.4398,800.581,775.341,536.192,2600.89,2673.7,1332.77,1332.77,895.765,518.355,518.355,1689.36,15.7652,1154.09
1161,2016-03-07,00:00:00.00,59.852,2361.74,55.2751,28.4398,0,0,796.65,34.6122,0,0,0,72.8141,0,0,55.2751,55.2751,28.4398,28.4398,800.581,775.341,536.192,2600.89,2673.7,1332.77,1332.77,895.765,518.355,518.355,1689.36,15.7652,1155.89
1162,2016-03-08,00:00:00.00,59.852,2361.74,55.2751,28.4398,0,0,796.65,34.6122,0,0,0,72.8141,0,0,55.2751,55.2751,28.4398,28.4398,817.564,790.972,536.211,2616.5,2689.31,1332.94,1332.94,895.875,519.233,519.233,1704.86,15.7652,1159.06
1163,2016-03-09,00:00:00.00,59.852,2361.74,55.2751,28.4398,0,0,796.65,34.6122,0,0,0,72.8141,0,0,55.2751,55.2751,28.4398,28.4398,844.551,818.897,536.259,2644.38,2717.19,1333.82,1333.82,896.12,520.112,520.112,1732.49,15.7652,1164.74
1164,2016-03-10,00:00:00.00,59.852,2363.65,55.3263,28.4398,0,0,796.65,34.6122,0,0,0,72.8578,0,0,55.3263,55.3263,28.4398,28.4398,847.415,821.86,536.306,2649.21,2722.06,1334.65,1334.65,896.464,520.991,520.991,1736.98,15.7652,1170.2
1165,2016-03-11,00:00:00.00,59.852,2368.06,55.4442,28.4398,0,0,796.65,34.6122,0,0,0,72.9583,0,0,55.4442,55.4442,28.4398,28.4398,849.818,824.346,536.369,2656.03,2728.99,1335.41,1335.41,896.874,521.869,521.869,1743.4,15.7652,1175.67
1166,2016-03-12,00:00:00.00,59.852,2368.06,55.4442,28.4398,0,0,796.65,34.6122,0,0,0,72.9583,0,0,55.4442,55.4442,28.4398,28.4398,850.783,825.344,536.378,2657.02,2729.98,1336.29,1336.29,896.946,522.748,522.748,1744.31,15.7652,1180.56
1167,2016-03-13,00:00:00.00,59.852,2368.06,55.4442,28.4398,0,0,796.65,34.6122,0,0,0,72.9583,0,0,55.4442,55.4442,28.4398,28.4398,852.178,826.788,536.394,2658.45,2731.41,1337.17,1337.17,897.027,523.626,523.626,1745.66,15.7652,1184.98
1168,2016-03-14,00:00:00.00,59.852,2372.08,55.5518,28.4398,0,0,796.65,34.6122,0,0,0,73.05,0,0,55.5518,55.5518,28.4398,28.4398,853.303,827.952,536.479,2663.55,2736.6,1337.94,1337.94,897.782,524.505,524.505,1750,15.7652,1189.3
1169,2016-03-15,00:00:00.00,59.852,2376.67,55.6747,28.4398,0,0,796.65,34.6122,0,0,0,73.1549,0,0,55.6747,55.6747,28.4398,28.4398,855.153,829.866,536.578,2669.96,2743.12,1338.69,1338.69,898.519,525.384,525.384,1755.68,15.7652,1193.66
1170,2016-03-16,00:00:00.00,59.852,2376.86,55.6799,28.4398,0,0,796.65,34.6122,0,0,0,73.1592,0,0,55.6799,55.6799,28.4398,28.4398,856.502,831.262,536.593,2671.53,2744.69,1339.57,1339.57,898.747,526.262,526.262,1757.02,15.7652,1197.62
1171,2016-03-17,00:00:00.00,59.852,2385.67,55.9155,28.4398,0,0,796.65,34.6122,0,0,0,73.3602,0,0,55.9155,55.9155,28.4398,28.4398,856.502,831.262,536.77,2680.16,2753.52,1340.28,1340.28,899.564,527.141,527.141,1764.83,15.7652,1201.89
1172,2016-03-18,00:00:00.00,59.852,2386.82,55.9463,28.4398,0,0,796.65,34.6122,0,0,0,73.3864,0,0,55.9463,55.9463,28.4398,28.4398,856.502,831.262,536.791,2681.29,2754.68,1341.13,1341.13,900.383,528.02,528.02,1765.14,15.7652,1205.64
1173,2016-03-19,00:00:00.00,59.852,2386.82,55.9463,28.4398,0,0,796.65,34.6122,0,0,0,73.3864,0,0,55.9463,55.9463,28.4398,28.4398,856.502,831.262,536.791,2681.29,2754.68,1342.01,1342.01,900.383,528.898,528.898,1765.14,15.7652,1208.9
1174,2016-03-20,00:00:00.00,59.852,2386.82,55.9463,28.4398,0,0,796.65,34.6122,0,0,0,73.3864,0,0,55.9463,55.9463,28.4398,28.4398,856.502,831.262,536.791,2681.29,2754.68,1342.23,1342.23,900.383,529.123,529.123,1765.14,15.7652,1211.79
1175,2016-03-21,00:00:00.00,59.852,2386.82,55.9463,28.4398,0,0,796.65,34.6122,0,0,0,73.3864,0,0,55.9463,55.9463,28.4398,28.4398,856.502,831.262,536.791,2681.29,2754.68,1342.73,1342.73,900.383,529.623,529.623,1765.14,15.7652,1214.32
1176,2016-03-22,00:00:00.00,59.852,2386.82,55.9463,28.4398,0,0,796.65,34.6122,0,0,0,73.3864,0,0,55.9463,55.9463,28.4398,28.4398,856.502,831.262,536.791,2681.29,2754.68,1343.29,1343.29,900.383,530.177,530.177,1765.14,15.7652,1216.52
1177,2016-03-23,00:00:00.00,59.852,2387.57,55.9665,28.4944,0,0,798.181,34.6122,0,0,0,73.4388,0,0,55.9665,55.9665,28.4944,28.4944,856.502,831.262,536.814,2682.02,2755.46,1343.37,1343.37,901.114,530.951,530.951,1765.14,15.7652,1218.4
1178,2016-03-24,00:00:00.00,59.852,2394.22,56.1458,28.596,0,0,801.028,34.6654,0,0,0,73.6572,0,0,56.1458,56.1458,28.596,28.596,860.88,835.693,537.107,2692.81,2766.46,1344.08,1344.08,902.134,531.83,531.83,1774.91,15.7652,1221.03
1179,2016-03-25,00:00:00.00,59.852,2394.22,56.1458,29.2704,0,0,830.037,34.6654,0,0,0,74.3169,0,0,56.1458,56.1458,29.2704,29.2704,860.88,835.693,537.107,2692.81,2767.12,1344.1,1344.1,902.134,532.329,532.329,1774.91,15.7652,1223.33
1180,2016-03-26,00:00:00.00,59.852,2394.22,56.1458,29.2704,0,0,830.037,34.6654,0,0,0,74.3169,0,0,56.1458,56.1458,29.2704,29.2704,860.88,835.693,537.107,2692.81,2767.12,1344.14,1344.14,902.134,532.554,532.554,1774.91,15.7652,1225.35
1181,2016-03-27,00:00:00.00,59.852,2394.22,56.1458,29.2704,0,0,830.037,34.6654,0,0,0,74.3169,0,0,56.1458,56.1458,29.2704,29.2704,860.88,835.693,537.107,2692.81,2767.12,1344.25,1344.25,902.134,533.109,533.109,1774.91,15.7652,1227.11
1182,2016-03-28,00:00:00.00,59.852,2411.02,56.6223,29.2704,0,0,830.037,35.6731,0,0,0,74.7231,0,0,56.6223,56.6223,29.2704,29.2704,887.995,863.75,538.198,2736.57,2811.29,1344.93,1344.93,902.921,533.987,533.987,1817.89,15.7652,1233.16
1183,2016-03-29,00:00:00.00,59.852,2415.61,56.7453,29.2704,0,0,830.037,35.6731,0,0,0,74.828,0,0,56.7453,56.7453,29.2704,29.2704,889.445,865.251,538.3,2742.57,2817.39,1345.69,1345.69,903.682,534.866,534.866,1823.12,15.7652,1239.03
1184,2016-03-30,00:00:00.00,59.852,2415.61,56.7453,29.2704,0,0,830.037,35.6731,0,0,0,74.828,0,0,56.7453,56.7453,29.2704,29.2704,889.88,865.7,538.304,2743.01,2817.84,1346.57,1346.57,903.763,535.745,535.745,1823.48,15.7652,1244.22
1185,2016-03-31,00:00:00.00,59.852,2432.08,57.1859,29.2704,0,0,830.037,35.6731,0,0,0,75.2036,0,0,57.1859,57.1859,29.2704,29.2704,889.889,865.71,538.659,2759.13,2834.33,1347.26,1347.26,904.593,536.623,536.623,1838.77,15.7652,1250.39
1186,2016-04-01,00:00:00.00,59.852,2458.9,57.6917,29.2704,0,0,830.037,35.6731,0,0,0,75.8108,0,0,57.6917,57.6917,29.2704,29.2704,889.889,865.71,539.165,2785.44,2861.25,1347.94,1347.94,905.301,537.502,537.502,1864.38,15.7652,1258.54
1187,2016-04-02,00:00:00.00,59.852,2458.9,57.6917,29.3043,0,0,830.986,35.6731,0,0,0,75.8327,0,0,57.6917,57.6917,29.3043,29.3043,890.838,866.659,539.181,2786.38,2862.21,1348.53,1348.53,905.984,538.124,538.124,1864.63,15.7652,1265.78
1188,2016-04-03,00:00:00.00,59.852,2458.9,57.6917,29.3924,0,0,833.454,35.6731,0,0,0,75.8895,0,0,57.6917,57.6917,29.3924,29.3924,890.838,866.659,539.181,2786.38,2862.27,1348.53,1348.53,905.984,538.124,538.124,1864.63,15.7652,1272.25
1189,2016-04-04,00:00:00.00,59.852,2458.9,57.6917,29.887,0,0,847.309,35.6731,0,0,0,76.2084,0,0,57.6917,57.6917,29.887,29.887,890.838,866.659,539.181,2786.38,2862.59,1348.53,1348.53,905.984,538.124,538.124,1864.63,15.7652,1278.03
1190,2016-04-05,00:00:00.00,59.852,2458.9,57.6917,29.887,0,0,847.309,35.6731,0,0,0,76.2084,0,0,57.6917,57.6917,29.887,29.887,890.838,866.659,539.181,2786.38,2862.59,1348.53,1348.53,905.984,538.124,538.124,1864.63,15.7652,1283.2
1191,2016-04-06,00:00:00.00,59.852,2458.9,57.6917,29.9548,0,0,849.207,35.6731,0,0,0,76.252,0,0,57.6917,57.6917,29.9548,29.9548,890.838,866.659,539.181,2786.38,2862.63,1348.53,1348.53,905.984,538.124,538.124,1864.63,15.7652,1287.81
1192,2016-04-07,00:00:00.00,59.852,2461.84,57.7874,30.5532,0,0,865.974,36.3061,0,0,0,76.7195,0,0,57.7874,57.7874,30.5532,30.5532,890.838,866.659,539.226,2789.27,2865.99,1348.53,1348.53,906.532,538.124,538.124,1866.97,15.7652,1292.18
1193,2016-04-08,00:00:00.00,59.852,2461.84,57.8028,30.5668,0,0,866.353,36.8776,0,0,0,76.7413,0,0,57.8028,57.8028,30.5668,30.5668,900.278,876.403,539.354,2798.89,2875.63,1348.53,1348.53,906.954,538.124,538.124,1876.17,15.7652,1297.07
1194,2016-04-09,00:00:00.00,60.7527,2461.84,57.8028,30.5668,0,0,866.353,36.8776,0,0,0,76.7413,0,0,57.8028,57.8028,30.5668,30.5668,900.278,876.403,539.354,2798.89,2875.63,1348.53,1348.53,906.954,538.124,538.124,1876.17,15.7652,1301.44
1195,2016-04-10,00:00:00.00,60.7527,2461.84,57.8028,30.5668,0,0,866.353,36.8776,0,0,0,76.7413,0,0,57.8028,57.8028,30.5668,30.5668,900.278,876.403,539.354,2798.89,2875.63,1348.53,1348.53,906.954,538.124,538.124,1876.17,15.7652,1305.34
1196,2016-04-11,00:00:00.00,60.7527,2461.84,57.8028,30.7498,0,0,871.478,36.8776,0,0,0,76.8593,0,0,57.8028,57.8028,30.7498,30.7498,900.278,876.403,539.354,2798.89,2875.75,1348.53,1348.53,906.954,538.124,538.124,1876.17,15.7652,1308.82
1197,2016-04-12,00:00:00.00,60.7527,2461.84,57.813,30.7498,0,0,871.478,37.2605,0,0,0,76.868,0,0,57.813,57.813,30.7498,30.7498,916.631,892.597,539.517,2814.92,2891.79,1348.53,1348.53,907.267,538.124,538.124,1891.89,15.7652,1313.61
1198,2016-04-13,00:00:00.00,60.7527,2461.84,57.813,30.7498,0,0,871.478,37.2605,0,0,0,76.868,0,0,57.813,57.813,30.7498,30.7498,926.42,902.727,539.592,2824.98,2901.84,1348.53,1348.53,907.508,538.124,538.124,1901.7,15.7652,1318.94
1199,2016-04-14,00:00:00.00,60.7527,2461.84,57.813,30.7498,0,0,871.478,37.2605,0,0,0,76.868,0,0,57.813,57.813,30.7498,30.7498,929.209,905.612,539.608,2827.85,2904.71,1348.53,1348.53,907.701,538.124,538.124,1904.38,15.7652,1323.98
1200,2016-04-15,00:00:00.00,60.7527,2461.84,57.813,30.7498,0,0,871.478,37.2605,0,0,0,76.868,0,0,57.813,57.813,30.7498,30.7498,930.419,906.864,539.611,2829.09,2905.96,1348.65,1348.65,907.722,538.249,538.249,1905.61,15.7652,1328.6
1201,2016-04-16,00:00:00.00,60.7527,2461.84,57.813,30.7498,0,0,871.478,37.2605,0,0,0,76.868,0,0,57.813,57.813,30.7498,30.7498,932.231,908.738,539.615,2830.96,2907.83,1351.31,1351.31,907.808,540.902,540.902,1907.39,15.7652,1332.64
1202,2016-04-17,00:00:00.00,60.7527,2461.84,57.813,30.7498,0,0,871.478,37.2605,0,0,0,76.868,0,0,57.813,57.813,30.7498,30.7498,932.231,908.738,539.615,2830.96,2907.83,1353.96,1353.96,907.808,543.555,543.555,1907.39,15.7652,1335.96
1203,2016-04-18,00:00:00.00,60.7527,2461.84,57.813,30.7498,0,0,871.478,37.2605,0,0,0,76.868,0,0,57.813,57.813,30.7498,30.7498,932.231,908.738,539.615,2830.96,2907.83,1356.61,1356.61,907.808,546.208,546.208,1907.39,15.7652,1338.65
1204,2016-04-19,00:00:00.00,60.7527,2461.84,57.813,30.7498,0,0,871.478,37.2605,0,0,0,76.868,0,0,57.813,57.813,30.7498,30.7498,932.231,908.738,539.615,2830.96,2907.83,1359.26,1359.26,907.808,548.861,548.861,1907.39,15.7652,1340.77
1205,2016-04-20,00:00:00.00,60.7527,2461.84,57.813,30.7498,0,0,871.478,37.2605,0,0,0,76.868,0,0,57.813,57.813,30.7498,30.7498,932.231,908.738,539.615,2830.96,2907.83,1361.92,1361.92,907.808,551.513,551.513,1907.39,15.7652,1342.38
1206,2016-04-21,00:00:00.00,60.7527,2461.84,57.813,30.7498,0,0,871.478,37.2605,0,0,0,76.868,0,0,57.813,57.813,30.7498,30.7498,932.231,908.738,539.615,2830.96,2907.83,1364.57,1364.57,907.808,554.166,554.166,1907.39,15.7652,1343.53
1207,2016-04-22,00:00:00.00,60.7527,2471.03,58.0589,30.7498,0,0,871.478,37.2605,0,0,0,77.0777,0,0,58.0589,58.0589,30.7498,30.7498,932.231,908.738,540.44,2839.33,2916.41,1366.98,1366.98,911.222,556.819,556.819,1912.34,15.7652,1344.81
1208,2016-04-23,00:00:00.00,60.7527,2471.22,58.0641,30.7498,0,0,871.478,37.2605,0,0,0,77.082,0,0,58.0641,58.0641,30.7498,30.7498,932.231,908.738,540.456,2839.51,2916.59,1369.63,1369.63,911.398,559.472,559.472,1912.34,15.7652,1345.67
1209,2016-04-24,00:00:00.00,60.7527,2471.22,58.0641,30.7498,0,0,871.478,37.2605,0,0,0,77.082,0,0,58.0641,58.0641,30.7498,30.7498,932.231,908.738,540.456,2839.51,2916.59,1371.24,1371.24,911.398,561.089,561.089,1912.34,15.7652,1346.26
1210,2016-04-25,00:00:00.00,60.7527,2472.18,58.0897,30.7498,0,0,871.478,37.2605,0,0,0,77.1039,0,0,58.0897,58.0897,30.7498,30.7498,932.231,908.738,540.554,2840.37,2917.47,1373.5,1373.5,912.257,563.37,563.37,1912.34,15.7652,1346.55
1211,2016-04-26,00:00:00.00,60.7527,2491.73,58.5955,30.7498,0,0,871.478,37.2605,0,0,0,77.5495,0,0,58.5955,58.5955,30.7498,30.7498,932.231,908.738,542.7,2857.76,2935.31,1375.65,1375.65,916.037,565.767,565.767,1925.96,15.7652,1348.01
1212,2016-04-27,00:00:00.00,60.7527,2493.64,58.6467,30.7498,0,0,871.478,37.2605,0,0,0,77.5931,0,0,58.6467,58.6467,30.7498,30.7498,932.231,908.738,542.87,2859.51,2937.1,1375.65,1375.65,917.781,565.767,565.767,1925.96,15.7652,1349.31
1213,2016-04-28,00:00:00.00,60.7527,2493.64,58.6467,30.7498,0,0,871.478,37.2605,0,0,0,77.5931,0,0,58.6467,58.6467,30.7498,30.7498,932.231,908.738,542.87,2859.51,2937.1,1376.77,1376.77,917.781,566.887,566.887,1925.96,15.7652,1350.35
1214,2016-04-29,00:00:00.00,60.7527,2493.64,58.6467,30.7498,0,0,871.478,37.2605,0,0,0,77.5931,0,0,58.6467,58.6467,30.7498,30.7498,932.231,908.738,542.87,2859.51,2937.1,1377.39,1377.39,917.781,567.509,567.509,1925.96,15.7652,1351.21
1215,2016-04-30,00:00:00.00,60.7527,2493.64,58.6467,30.7498,0,0,871.478,37.2605,0,0,0,77.5931,0,0,58.6467,58.6467,30.7498,30.7498,932.231,908.738,542.87,2859.51,2937.1,1380.05,1380.05,917.781,570.162,570.162,1925.96,15.7652,1351.7
1216,2016-05-01,00:00:00.00,60.7527,2496.7,58.7287,30.7498,0,0,871.478,37.2605,0,0,0,77.663,0,0,58.7287,58.7287,30.7498,30.7498,932.231,908.738,543.184,2862.26,2939.92,1382.62,1382.62,920.53,572.815,572.815,1925.96,15.7652,1351.85
1217,2016-05-02,00:00:00.00,60.7527,2497.28,58.7441,30.7498,0,0,871.478,37.2605,0,0,0,77.6761,0,0,58.7441,58.7441,30.7498,30.7498,932.231,908.738,543.242,2862.78,2940.45,1382.62,1382.62,921.048,572.815,572.815,1925.96,15.7652,1351.99
1218,2016-05-03,00:00:00.00,60.7527,2497.28,58.7441,30.7498,0,0,871.478,37.2605,0,0,0,77.6761,0,0,58.7441,58.7441,30.7498,30.7498,932.231,908.738,543.242,2862.78,2940.45,1382.62,1382.62,921.048,572.815,572.815,1925.96,15.7652,1352.11
1219,2016-05-04,00:00:00.00,60.7527,2497.28,58.7441,30.7498,0,0,871.478,37.2605,0,0,0,77.6761,0,0,58.7441,58.7441,30.7498,30.7498,932.231,908.738,543.242,2862.78,2940.45,1382.62,1382.62,921.048,572.815,572.815,1925.96,15.7652,1352.22
1220,2016-05-05,00:00:00.00,60.7527,2497.28,58.7441,30.7498,0,0,871.478,37.2605,0,0,0,77.6761,0,0,58.7441,58.7441,30.7498,30.7498,932.231,908.738,543.242,2862.78,2940.45,1382.62,1382.62,921.048,572.815,572.815,1925.96,15.7652,1352.32
1221,2016-05-06,00:00:00.00,60.7527,2497.28,58.7441,30.7498,0,0,871.478,37.2605,0,0,0,77.6761,0,0,58.7441,58.7441,30.7498,30.7498,932.231,908.738,543.242,2862.78,2940.45,1382.62,1382.62,921.048,572.815,572.815,1925.96,15.7652,1352.41
1222,2016-05-07,00:00:00.00,60.7527,2497.28,58.7441,30.7498,0,0,871.478,37.2605,0,0,0,77.6761,0,0,58.7441,58.7441,30.7498,30.7498,932.231,908.738,543.242,2862.78,2940.45,1386.83,1386.83,921.048,573.552,573.552,1925.96,15.7652,1352.41
1223,2016-05-08,00:00:00.00,60.7527,2497.66,58.7543,30.7498,0,0,871.478,37.2605,0,0,0,77.6849,0,0,58.7543,58.7543,30.7498,30.7498,932.231,908.738,543.288,2863.11,2940.8,1387.89,1387.89,921.384,573.552,573.552,1925.96,15.7652,1352.41
1224,2016-05-09,00:00:00.00,60.7527,2497.66,58.7543,30.7498,0,0,871.478,37.2605,0,0,0,77.6849,0,0,58.7543,58.7543,30.7498,30.7498,932.231,908.738,543.288,2863.11,2940.8,1387.89,1387.89,921.384,573.552,573.552,1925.96,15.7652,1352.41
1225,2016-05-10,00:00:00.00,60.7527,2497.66,58.7543,30.7498,0,0,871.478,37.2605,0,0,0,77.6849,0,0,58.7543,58.7543,30.7498,30.7498,932.231,908.738,543.288,2863.11,2940.8,1387.89,1387.89,921.384,573.552,573.552,1925.96,15.7652,1352.41
1226,2016-05-11,00:00:00.00,60.7527,2497.66,58.7543,30.7498,0,0,871.478,37.2605,0,0,0,77.6849,0,0,58.7543,58.7543,30.7498,30.7498,932.231,908.738,543.288,2863.11,2940.8,1387.89,1387.89,921.384,573.552,573.552,1925.96,15.7652,1352.41
1227,2016-05-12,00:00:00.00,60.7527,2497.66,58.7543,30.7498,0,0,871.478,37.2605,0,0,0,77.6849,0,0,58.7543,58.7543,30.7498,30.7498,932.231,908.738,543.288,2863.11,2940.8,1388.62,1388.62,921.384,573.552,573.552,1925.96,15.7652,1352.41
1228,2016-05-13,00:00:00.00,60.7527,2515.47,59.2308,30.7498,0,0,871.478,37.2605,0,0,0,78.0911,0,0,59.2308,59.2308,30.7498,30.7498,932.231,908.738,545.58,2878.63,2956.72,1393.72,1393.72,926.291,573.552,573.552,1936.57,15.7652,1353.54
1229,2016-05-14,00:00:00.00,60.7527,2521.21,59.3845,30.7498,0,0,871.478,37.2605,0,0,0,78.2222,0,0,59.3845,59.3845,30.7498,30.7498,932.231,908.738,546.25,2883.7,2961.92,1398.13,1398.13,930.98,578.113,578.113,1936.95,15.7652,1354.11
1230,2016-05-15,00:00:00.00,60.7527,2522.93,59.4306,30.7498,0,0,871.478,37.2605,0,0,0,78.2615,0,0,59.4306,59.4306,30.7498,30.7498,932.231,908.738,546.442,2885.23,2963.49,1398.13,1398.13,932.512,578.113,578.113,1936.95,15.7652,1354.61
1231,2016-05-16,00:00:00.00,60.7527,2522.93,59.4306,30.7769,0,0,872.237,37.2605,0,0,0,78.279,0,0,59.4306,59.4306,30.7769,30.7769,932.99,909.498,546.519,2885.91,2964.19,1398.13,1398.13,933.194,578.113,578.113,1936.95,15.7652,1355.06
1232,2016-05-17,00:00:00.00,60.7527,2525.81,59.5075,30.7769,0,0,872.237,37.2605,0,0,0,78.3445,0,0,59.5075,59.5075,30.7769,30.7769,932.99,909.498,546.798,2888.51,2966.85,1398.13,1398.13,935.787,578.113,578.113,1936.95,15.7652,1355.46
1233,2016-05-18,00:00:00.00,60.7527,2525.81,59.5075,30.7769,0,0,872.237,37.2605,0,0,0,78.3445,0,0,59.5075,59.5075,30.7769,30.7769,932.99,909.498,546.798,2888.51,2966.85,1398.13,1398.13,935.787,578.113,578.113,1936.95,15.7652,1355.82
1234,2016-05-19,00:00:00.00,60.7527,2525.81,59.5075,30.7769,0,0,872.237,37.2605,0,0,0,78.3445,0,0,59.5075,59.5075,30.7769,30.7769,932.99,909.498,546.798,2888.51,2966.85,1398.13,1398.13,935.787,578.113,578.113,1936.95,15.7652,1356.14
1235,2016-05-20,00:00:00.00,60.7527,2525.81,59.5075,30.7769,0,0,872.237,37.2605,0,0,0,78.3445,0,0,59.5075,59.5075,30.7769,30.7769,932.99,909.498,546.798,2888.51,2966.85,1398.15,1398.15,935.787,578.139,578.139,1936.95,15.7652,1356.43
1236,2016-05-21,00:00:00.00,60.7527,2525.81,59.5075,30.7769,0,0,872.237,37.2605,0,0,0,78.3445,0,0,59.5075,59.5075,30.7769,30.7769,932.99,909.498,546.798,2888.51,2966.85,1401.67,1401.67,935.787,580.524,580.524,1936.95,15.7652,1356.43
1237,2016-05-22,00:00:00.00,60.7527,2526,59.5126,30.7769,0,0,872.237,37.2605,0,0,0,78.3489,0,0,59.5126,59.5126,30.7769,30.7769,932.99,909.498,546.817,2888.68,2967.03,1407.25,1407.25,935.959,580.524,580.524,1936.95,15.7652,1356.43
1238,2016-05-23,00:00:00.00,60.7527,2526,59.5126,30.7769,0,0,872.237,37.2605,0,0,0,78.3489,0,0,59.5126,59.5126,30.7769,30.7769,932.99,909.498,546.817,2888.68,2967.03,1412.83,1412.83,935.959,580.524,580.524,1936.95,15.7652,1356.43
1239,2016-05-24,00:00:00.00,60.7527,2526,59.5126,30.7769,0,0,872.237,37.2605,0,0,0,78.3489,0,0,59.5126,59.5126,30.7769,30.7769,932.99,909.498,546.817,2888.68,2967.03,1418.41,1418.41,935.959,580.524,580.524,1936.95,15.7652,1356.43
1240,2016-05-25,00:00:00.00,60.7527,2526,59.5126,30.7769,0,0,872.237,37.2605,0,0,0,78.3489,0,0,59.5126,59.5126,30.7769,30.7769,932.99,909.498,546.817,2888.68,2967.03,1423.99,1423.99,935.959,580.524,580.524,1936.95,15.7652,1356.43
1241,2016-05-26,00:00:00.00,60.7527,2526,59.5126,30.7769,0,0,872.237,37.2605,0,0,0,78.3489,0,0,59.5126,59.5126,30.7769,30.7769,932.99,909.498,546.817,2888.68,2967.03,1429.57,1429.57,935.959,580.524,580.524,1936.95,15.7652,1356.43
1242,2016-05-27,00:00:00.00,60.7527,2530.78,59.6407,30.7769,0,0,872.237,37.2605,0,0,0,78.4581,0,0,59.6407,59.6407,30.7769,30.7769,932.99,909.498,548.125,2892.16,2970.61,1434.92,1434.92,939.437,580.524,580.524,1936.95,15.7652,1356.43
1243,2016-05-28,00:00:00.00,60.7527,2530.78,59.6407,30.7769,0,0,872.237,37.2605,0,0,0,78.4581,0,0,59.6407,59.6407,30.7769,30.7769,932.99,909.498,548.125,2892.16,2970.61,1440.23,1440.23,939.437,580.524,580.524,1936.95,15.7652,1356.43
1244,2016-05-29,00:00:00.00,60.7527,2531.36,59.6561,30.7769,0,0,872.237,37.2605,0,0,0,78.4712,0,0,59.6561,59.6561,30.7769,30.7769,932.99,909.498,548.306,2892.55,2971.02,1445.02,1445.02,939.831,580.524,580.524,1936.95,15.7652,1356.43
1245,2016-05-30,00:00:00.00,60.7527,2532.32,59.6817,30.7769,0,0,872.237,37.2605,0,0,0,78.493,0,0,59.6817,59.6817,30.7769,30.7769,932.99,909.498,548.638,2893.17,2971.67,1449.38,1449.38,940.456,580.524,580.524,1936.95,15.7652,1356.43
1246,2016-05-31,00:00:00.00,60.7527,2532.32,59.6817,30.7769,0,0,872.237,37.2605,0,0,0,78.493,0,0,59.6817,59.6817,30.7769,30.7769,932.99,909.498,548.638,2893.17,2971.67,1453.39,1453.39,940.456,580.524,580.524,1936.95,15.7652,1356.43
1247,2016-06-01,00:00:00.00,60.7527,2532.32,59.6817,30.7769,0,0,872.237,37.2605,0,0,0,78.493,0,0,59.6817,59.6817,30.7769,30.7769,932.99,909.498,548.638,2893.17,2971.67,1456.99,1456.99,940.456,580.524,580.524,1936.95,15.7652,1356.43
1248,2016-06-02,00:00:00.00,60.7527,2533.27,59.7073,30.7769,0,0,872.237,37.2605,0,0,0,78.5149,0,0,59.7073,59.7073,30.7769,30.7769,932.99,909.498,549.056,2893.71,2972.23,1457.45,1457.45,940.996,580.524,580.524,1936.95,15.7652,1356.43
1249,2016-06-03,00:00:00.00,60.7527,2533.27,59.7073,30.7769,0,0,872.237,37.2605,0,0,0,78.5149,0,0,59.7073,59.7073,30.7769,30.7769,932.99,909.498,549.056,2893.71,2972.23,1461.5,1461.5,940.996,580.524,580.524,1936.95,15.7652,1356.43
1250,2016-06-04,00:00:00.00,60.7527,2533.27,59.7073,30.7769,0,0,872.237,37.2605,0,0,0,78.5149,0,0,59.7073,59.7073,30.7769,30.7769,932.99,909.498,549.056,2893.71,2972.23,1463.6,1463.6,940.996,580.524,580.524,1936.95,15.7652,1356.43
1251,2016-06-05,00:00:00.00,60.7527,2546.67,60.066,30.7769,0,0,872.237,37.2605,0,0,0,78.8206,0,0,60.066,60.066,30.7769,30.7769,932.99,909.498,555.608,2900.56,2979.38,1466.38,1466.38,947.845,580.524,580.524,1936.95,15.7652,1356.43
1252,2016-06-06,00:00:00.00,60.7527,2548.01,60.1018,30.7769,0,0,872.237,37.2605,0,0,0,78.8512,0,0,60.1018,60.1018,30.7769,30.7769,932.99,909.498,556.137,2901.38,2980.23,1468.17,1468.17,948.657,580.524,580.524,1936.95,15.7652,1356.43
1253,2016-06-07,00:00:00.00,60.7527,2551.84,60.2043,30.7769,0,0,872.237,37.2605,0,0,0,78.9386,0,0,60.2043,60.2043,30.7769,30.7769,932.99,909.498,557.66,2903.68,2982.62,1470.91,1470.91,950.963,580.524,580.524,1936.95,15.7652,1356.43
1254,2016-06-08,00:00:00.00,60.7527,2551.84,60.2043,30.7769,0,0,872.237,37.2605,0,0,0,78.9386,0,0,60.2043,60.2043,30.7769,30.7769,932.99,909.498,557.66,2903.68,2982.62,1470.91,1470.91,950.963,580.524,580.524,1936.95,15.7652,1356.43
1255,2016-06-09,00:00:00.00,60.7527,2552.23,60.2146,30.7769,0,0,872.237,37.2605,0,0,0,78.9473,0,0,60.2146,60.2146,30.7769,30.7769,932.99,909.498,557.809,2903.92,2982.86,1470.91,1470.91,951.197,580.524,580.524,1936.95,15.7652,1356.43
1256,2016-06-10,00:00:00.00,60.7527,2552.23,60.2146,30.7769,0,0,872.237,37.2605,0,0,0,78.9473,0,0,60.2146,60.2146,30.7769,30.7769,932.99,909.498,557.809,2903.92,2982.86,1470.91,1470.91,951.197,580.524,580.524,1936.95,15.7652,1356.43
1257,2016-06-11,00:00:00.00,60.7527,2555.86,60.3119,30.7769,0,0,872.237,37.2605,0,0,0,79.0303,0,0,60.3119,60.3119,30.7769,30.7769,932.99,909.498,559.213,2906.15,2985.18,1470.91,1470.91,953.431,580.524,580.524,1936.95,15.7652,1356.43
1258,2016-06-12,00:00:00.00,60.7527,2555.86,60.3119,30.7769,0,0,872.237,37.2605,0,0,0,79.0303,0,0,60.3119,60.3119,30.7769,30.7769,932.99,909.498,559.213,2906.15,2985.18,1476.53,1476.53,953.431,580.524,580.524,1936.95,15.7652,1356.43
1259,2016-06-13,00:00:00.00,60.7527,2555.86,60.3119,30.7769,0,0,872.237,37.2605,0,0,0,79.0303,0,0,60.3119,60.3119,30.7769,30.7769,932.99,909.498,559.213,2906.15,2985.18,1476.53,1476.53,953.431,580.524,580.524,1936.95,15.7652,1356.43
1260,2016-06-14,00:00:00.00,60.7527,2555.86,60.3119,30.7769,0,0,872.237,37.2605,0,0,0,79.0303,0,0,60.3119,60.3119,30.7769,30.7769,932.99,909.498,559.213,2906.15,2985.18,1476.53,1476.53,953.431,580.524,580.524,1936.95,15.7652,1356.43
1261,2016-06-15,00:00:00.00,60.7527,2555.86,60.3119,30.7769,0,0,872.237,37.2605,0,0,0,79.0303,0,0,60.3119,60.3119,30.7769,30.7769,932.99,909.498,559.213,2906.15,2985.18,1476.53,1476.53,953.431,580.524,580.524,1936.95,15.7652,1356.43
1262,2016-06-16,00:00:00.00,60.7527,2558.35,60.3785,30.7769,0,0,872.237,37.2605,0,0,0,79.0871,0,0,60.3785,60.3785,30.7769,30.7769,932.99,909.498,560.214,2907.64,2986.72,1477.66,1477.66,954.919,580.524,580.524,1936.95,15.7652,1356.43
1263,2016-06-17,00:00:00.00,60.7527,2558.35,60.3785,30.7769,0,0,872.237,37.2605,0,0,0,79.0871,0,0,60.3785,60.3785,30.7769,30.7769,932.99,909.498,560.214,2907.64,2986.72,1480.42,1480.42,954.919,580.524,580.524,1936.95,15.7652,1356.43
1264,2016-06-18,00:00:00.00,60.7527,2558.35,60.3785,30.7769,0,0,872.237,37.2605,0,0,0,79.0871,0,0,60.3785,60.3785,30.7769,30.7769,932.99,909.498,560.214,2907.64,2986.72,1485.1,1485.1,954.919,580.524,580.524,1936.95,15.7652,1356.43
1265,2016-06-19,00:00:00.00,60.7527,2558.35,60.3785,30.7769,0,0,872.237,37.2605,0,0,0,79.0871,0,0,60.3785,60.3785,30.7769,30.7769,932.99,909.498,560.214,2907.64,2986.72,1489.15,1489.15,954.919,580.524,580.524,1936.95,15.7652,1356.43
1266,2016-06-20,00:00:00.00,60.7527,2558.35,60.3785,30.7769,0,0,872.237,37.2605,0,0,0,79.0871,0,0,60.3785,60.3785,30.7769,30.7769,932.99,909.498,560.214,2907.64,2986.72,1492.65,1492.65,954.919,580.524,580.524,1936.95,15.7652,1356.43
1267,2016-06-21,00:00:00.00,60.7527,2558.35,60.3785,30.7769,0,0,872.237,37.2605,0,0,0,79.0871,0,0,60.3785,60.3785,30.7769,30.7769,932.99,909.498,560.214,2907.64,2986.72,1495.68,1495.68,954.919,580.524,580.524,1936.95,15.7652,1356.43
1268,2016-06-22,00:00:00.00,60.7527,2558.35,60.3785,30.7769,0,0,872.237,37.2605,0,0,0,79.0871,0,0,60.3785,60.3785,30.7769,30.7769,932.99,909.498,560.214,2907.64,2986.72,1495.97,1495.97,954.919,580.524,580.524,1936.95,15.7652,1356.43
1269,2016-06-23,00:00:00.00,60.7527,2558.35,60.3785,30.7769,0,0,872.237,37.2605,0,0,0,79.0871,0,0,60.3785,60.3785,30.7769,30.7769,932.99,909.498,560.214,2907.64,2986.72,1496.57,1496.57,954.919,580.524,580.524,1936.95,15.7652,1356.43
1270,2016-06-24,00:00:00.00,60.7527,2558.35,60.3785,30.7769,0,0,872.237,37.2605,0,0,0,79.0871,0,0,60.3785,60.3785,30.7769,30.7769,932.99,909.498,560.214,2907.64,2986.72,1497.47,1497.47,954.919,580.524,580.524,1936.95,15.7652,1356.43
1271,2016-06-25,00:00:00.00,60.7527,2558.35,60.3785,30.7769,0,0,872.237,37.2605,0,0,0,79.0871,0,0,60.3785,60.3785,30.7769,30.7769,932.99,909.498,560.214,2907.64,2986.72,1499.66,1499.66,954.919,580.524,580.524,1936.95,15.7652,1356.43
1272,2016-06-26,00:00:00.00,60.7527,2558.35,60.3785,30.7769,0,0,872.237,37.2605,0,0,0,79.0871,0,0,60.3785,60.3785,30.7769,30.7769,932.99,909.498,560.214,2907.64,2986.72,1501.75,1501.75,954.919,580.524,580.524,1936.95,15.7652,1356.43
1273,2016-06-27,00:00:00.00,60.7527,2566.01,60.5835,30.7769,0,0,872.237,37.2605,0,0,0,79.2619,0,0,60.5835,60.5835,30.7769,30.7769,932.99,909.498,565.08,2910.43,2989.69,1504.14,1504.14,957.711,580.524,580.524,1936.95,15.7652,1356.43
1274,2016-06-28,00:00:00.00,60.7527,2566.01,60.5835,30.7769,0,0,872.237,37.2605,0,0,0,79.2619,0,0,60.5835,60.5835,30.7769,30.7769,932.99,909.498,565.08,2910.43,2989.69,1506.66,1506.66,957.711,580.524,580.524,1936.95,15.7652,1356.43
1275,2016-06-29,00:00:00.00,60.7527,2566.2,60.5886,30.7769,0,0,872.237,37.2605,0,0,0,79.2662,0,0,60.5886,60.5886,30.7769,30.7769,932.99,909.498,565.195,2910.51,2989.77,1506.66,1506.66,957.787,580.524,580.524,1936.95,15.7652,1356.43
1276,2016-06-30,00:00:00.00,60.7527,2566.2,60.5886,30.7769,0,0,872.237,37.2605,0,0,0,79.2662,0,0,60.5886,60.5886,30.7769,30.7769,932.99,909.498,565.195,2910.51,2989.77,1507.45,1507.45,957.787,580.524,580.524,1936.95,15.7652,1356.43
1277,2016-07-01,00:00:00.00,60.7527,2566.2,60.5886,30.7769,0,0,872.237,37.2605,0,0,0,79.2662,0,0,60.5886,60.5886,30.7769,30.7769,932.99,909.498,565.195,2910.51,2989.77,1508.46,1508.46,957.787,580.524,580.524,1936.95,15.7652,1356.43
1278,2016-07-02,00:00:00.00,60.7527,2571.76,60.7372,30.7769,0,0,872.237,37.2605,0,0,0,79.3929,0,0,60.7372,60.7372,30.7769,30.7769,932.99,909.498,568.64,2912.61,2992.01,1508.46,1508.46,959.895,580.524,580.524,1936.95,15.7652,1356.43
1279,2016-07-03,00:00:00.00,60.7527,2571.76,60.7372,30.7769,0,0,872.237,37.2605,0,0,0,79.3929,0,0,60.7372,60.7372,30.7769,30.7769,932.99,909.498,568.64,2912.61,2992.01,1508.46,1508.46,959.895,580.524,580.524,1936.95,15.7652,1356.43
1280,2016-07-04,00:00:00.00,60.7527,2571.76,60.7372,30.7769,0,0,872.237,37.2605,0,0,0,79.3929,0,0,60.7372,60.7372,30.7769,30.7769,932.99,909.498,568.64,2912.61,2992.01,1508.46,1508.46,959.895,580.524,580.524,1936.95,15.7652,1356.43
1281,2016-07-05,00:00:00.00,60.7527,2571.76,60.7372,30.7769,0,0,872.237,37.2605,0,0,0,79.3929,0,0,60.7372,60.7372,30.7769,30.7769,932.99,909.498,568.64,2912.61,2992.01,1509.17,1509.17,959.895,580.524,580.524,1936.95,15.7652,1356.43
1282,2016-07-06,00:00:00.00,60.7527,2571.76,60.7372,30.7769,0,0,872.237,37.2605,0,0,0,79.3929,0,0,60.7372,60.7372,30.7769,30.7769,932.99,909.498,568.64,2912.61,2992.01,1511.26,1511.26,959.895,580.524,580.524,1936.95,15.7652,1356.43
1283,2016-07-07,00:00:00.00,60.7527,2571.76,60.7372,30.7769,0,0,872.237,37.2605,0,0,0,79.3929,0,0,60.7372,60.7372,30.7769,30.7769,932.99,909.498,568.64,2912.61,2992.01,1513.75,1513.75,959.895,580.524,580.524,1936.95,15.7652,1356.43
1284,2016-07-08,00:00:00.00,60.7527,2571.76,60.7372,30.7769,0,0,872.237,37.2605,0,0,0,79.3929,0,0,60.7372,60.7372,30.7769,30.7769,932.99,909.498,568.64,2912.61,2992.01,1515.89,1515.89,959.895,580.524,580.524,1936.95,15.7652,1356.43
1285,2016-07-09,00:00:00.00,60.7527,2572.52,60.7577,30.7769,0,0,872.237,37.2605,0,0,0,79.4104,0,0,60.7577,60.7577,30.7769,30.7769,932.99,909.498,569.134,2912.89,2992.3,1517.78,1517.78,960.167,580.524,580.524,1936.95,15.7652,1356.43
1286,2016-07-10,00:00:00.00,60.7527,2576.35,60.8601,30.7769,0,0,872.237,37.2605,0,0,0,79.4977,0,0,60.8601,60.8601,30.7769,30.7769,932.99,909.498,571.666,2914.18,2993.68,1518.63,1518.63,961.464,580.524,580.524,1936.95,15.7652,1356.43
1287,2016-07-11,00:00:00.00,60.7527,2576.35,60.8601,30.7769,0,0,872.237,37.2605,0,0,0,79.4977,0,0,60.8601,60.8601,30.7769,30.7769,932.99,909.498,571.666,2914.18,2993.68,1519.67,1519.67,961.464,580.524,580.524,1936.95,15.7652,1356.43
1288,2016-07-12,00:00:00.00,60.7527,2576.35,60.8601,30.7769,0,0,872.237,37.2605,0,0,0,79.4977,0,0,60.8601,60.8601,30.7769,30.7769,932.99,909.498,571.666,2914.18,2993.68,1521.12,1521.12,961.464,580.524,580.524,1936.95,15.7652,1356.43
1289,2016-07-13,00:00:00.00,60.7527,2576.35,60.8601,30.7769,0,0,872.237,37.2605,0,0,0,79.4977,0,0,60.8601,60.8601,30.7769,30.7769,932.99,909.498,571.666,2914.18,2993.68,1522.86,1522.86,961.464,580.524,580.524,1936.95,15.7652,1356.43
1290,2016-07-14,00:00:00.00,60.7527,2592.82,61.3008,30.7769,0,0,872.237,37.2605,0,0,0,79.8734,0,0,61.3008,61.3008,30.7769,30.7769,932.99,909.498,582.857,2919.46,2999.33,1525.8,1525.8,966.738,580.524,580.524,1936.95,15.7652,1356.43
1291,2016-07-15,00:00:00.00,60.7527,2592.82,61.3008,30.7769,0,0,872.237,37.2605,0,0,0,79.8734,0,0,61.3008,61.3008,30.7769,30.7769,932.99,909.498,582.857,2919.46,2999.33,1529.23,1529.23,966.738,580.524,580.524,1936.95,15.7652,1356.43
1292,2016-07-16,00:00:00.00,60.7527,2594.54,61.3469,30.7769,0,0,872.237,37.2605,0,0,0,79.9127,0,0,61.3469,61.3469,30.7769,30.7769,932.99,909.498,583.806,2920.23,3000.14,1529.78,1529.78,967.512,580.524,580.524,1936.95,15.7652,1356.43
1293,2016-07-17,00:00:00.00,60.7527,2594.54,61.3469,30.7769,0,0,872.237,37.2605,0,0,0,79.9127,0,0,61.3469,61.3469,30.7769,30.7769,932.99,909.498,583.806,2920.23,3000.14,1529.78,1529.78,967.512,580.524,580.524,1936.95,15.7652,1356.43
1294,2016-07-18,00:00:00.00,60.7527,2594.54,61.3469,30.7769,0,0,872.237,37.2605,0,0,0,79.9127,0,0,61.3469,61.3469,30.7769,30.7769,932.99,909.498,583.806,2920.23,3000.14,1529.78,1529.78,967.512,580.524,580.524,1936.95,15.7652,1356.43
1295,2016-07-19,00:00:00.00,60.7527,2594.54,61.3469,30.7769,0,0,872.237,37.2605,0,0,0,79.9127,0,0,61.3469,61.3469,30.7769,30.7769,932.99,909.498,583.806,2920.23,3000.14,1532.89,1532.89,967.512,580.524,580.524,1936.95,15.7652,1356.43
1296,2016-07-20,00:00:00.00,60.7527,2594.54,61.3469,30.7769,0,0,872.237,37.2605,0,0,0,79.9127,0,0,61.3469,61.3469,30.7769,30.7769,932.99,909.498,583.806,2920.23,3000.14,1532.89,1532.89,967.512,580.524,580.524,1936.95,15.7652,1356.43
1297,2016-07-21,00:00:00.00,60.7527,2594.54,61.3469,30.7769,0,0,872.237,37.2605,0,0,0,79.9127,0,0,61.3469,61.3469,30.7769,30.7769,932.99,909.498,583.806,2920.23,3000.14,1533.21,1533.21,967.512,580.524,580.524,1936.95,15.7652,1356.43
1298,2016-07-22,00:00:00.00,60.7527,2594.54,61.3469,30.7769,0,0,872.237,37.2605,0,0,0,79.9127,0,0,61.3469,61.3469,30.7769,30.7769,932.99,909.498,583.806,2920.23,3000.14,1535.83,1535.83,967.512,580.524,580.524,1936.95,15.7652,1356.43
1299,2016-07-23,00:00:00.00,60.7527,2594.54,61.3469,30.7769,0,0,872.237,37.2605,0,0,0,79.9127,0,0,61.3469,61.3469,30.7769,30.7769,932.99,909.498,583.806,2920.23,3000.14,1538.06,1538.06,967.512,580.524,580.524,1936.95,15.7652,1356.43
1300,2016-07-24,00:00:00.00,60.7527,2594.54,61.3469,30.7769,0,0,872.237,37.2605,0,0,0,79.9127,0,0,61.3469,61.3469,30.7769,30.7769,932.99,909.498,583.806,2920.23,3000.14,1539.98,1539.98,967.512,580.524,580.524,1936.95,15.7652,1356.43
1301,2016-07-25,00:00:00.00,60.7527,2610.24,61.767,30.7769,0,0,872.237,37.2605,0,0,0,80.2709,0,0,61.767,61.767,30.7769,30.7769,932.99,909.498,594.227,2925.51,3005.78,1542.76,1542.76,972.791,580.524,580.524,1936.95,15.7652,1356.43
1302,2016-07-26,00:00:00.00,60.7527,2610.24,61.767,30.7769,0,0,872.237,37.2605,0,0,0,80.2709,0,0,61.767,61.767,30.7769,30.7769,932.99,909.498,594.227,2925.51,3005.78,1546.26,1546.26,972.791,580.524,580.524,1936.95,15.7652,1356.43
1303,2016-07-27,00:00:00.00,60.7527,2610.24,61.767,30.7769,0,0,872.237,37.2605,0,0,0,80.2709,0,0,61.767,61.767,30.7769,30.7769,932.99,909.498,594.227,2925.51,3005.78,1549.25,1549.25,972.791,580.524,580.524,1936.95,15.7652,1356.43
1304,2016-07-28,00:00:00.00,60.7527,2610.24,61.767,30.7769,0,0,872.237,37.2605,0,0,0,80.2709,0,0,61.767,61.767,30.7769,30.7769,932.99,909.498,594.227,2925.51,3005.78,1551.82,1551.82,972.791,580.524,580.524,1936.95,15.7652,1356.43
1305,2016-07-29,00:00:00.00,60.7527,2610.24,61.767,30.7769,0,0,872.237,37.2605,0,0,0,80.2709,0,0,61.767,61.767,30.7769,30.7769,932.99,909.498,594.227,2925.51,3005.78,1554.01,1554.01,972.791,580.524,580.524,1936.95,15.7652,1356.43
1306,2016-07-30,00:00:00.00,60.7527,2611.39,61.7978,30.7769,0,0,872.237,37.2605,0,0,0,80.2972,0,0,61.7978,61.7978,30.7769,30.7769,932.99,909.498,594.963,2925.92,3006.22,1555.86,1555.86,973.204,580.524,580.524,1936.95,15.7652,1356.43
1307,2016-07-31,00:00:00.00,60.7527,2613.3,61.849,30.7769,0,0,872.237,37.2605,0,0,0,80.3408,0,0,61.849,61.849,30.7769,30.7769,932.99,909.498,596.207,2926.59,3006.93,1557.31,1557.31,973.874,580.524,580.524,1936.95,15.7652,1356.43
1308,2016-08-01,00:00:00.00,60.7527,2613.3,61.849,30.7769,0,0,872.237,37.2605,0,0,0,80.3408,0,0,61.849,61.849,30.7769,30.7769,932.99,909.498,596.207,2926.59,3006.93,1558.45,1558.45,973.874,580.524,580.524,1936.95,15.7652,1356.43
1309,2016-08-02,00:00:00.00,60.7527,2613.3,61.849,30.7769,0,0,872.237,37.2605,0,0,0,80.3408,0,0,61.849,61.849,30.7769,30.7769,932.99,909.498,596.207,2926.59,3006.93,1559.89,1559.89,973.874,580.524,580.524,1936.95,15.7652,1356.43
1310,2016-08-03,00:00:00.00,60.7527,2613.3,61.849,30.7769,0,0,872.237,37.2605,0,0,0,80.3408,0,0,61.849,61.849,30.7769,30.7769,932.99,909.498,596.207,2926.59,3006.93,1561.14,1561.14,973.874,580.524,580.524,1936.95,15.7652,1356.43
1311,2016-08-04,00:00:00.00,60.7527,2613.3,61.849,30.7769,0,0,872.237,37.2605,0,0,0,80.3408,0,0,61.849,61.849,30.7769,30.7769,932.99,909.498,596.207,2926.59,3006.93,1562.25,1562.25,973.874,580.524,580.524,1936.95,15.7652,1356.43
1312,2016-08-05,00:00:00.00,60.7527,2613.3,61.849,30.7769,0,0,872.237,37.2605,0,0,0,80.3408,0,0,61.849,61.849,30.7769,30.7769,932.99,909.498,596.207,2926.59,3006.93,1563.21,1563.21,973.874,580.524,580.524,1936.95,15.7652,1356.43
1313,2016-08-06,00:00:00.00,60.7527,2617.13,61.9515,30.7769,0,0,872.237,37.2605,0,0,0,80.4282,0,0,61.9515,61.9515,30.7769,30.7769,932.99,909.498,599.028,2927.6,3008.03,1564.39,1564.39,974.882,580.524,580.524,1936.95,15.7652,1356.43
1314,2016-08-07,00:00:00.00,60.7527,2617.13,61.9515,30.7769,0,0,872.237,37.2605,0,0,0,80.4282,0,0,61.9515,61.9515,30.7769,30.7769,932.99,909.498,599.028,2927.6,3008.03,1565.49,1565.49,974.882,580.524,580.524,1936.95,15.7652,1356.43
1315,2016-08-08,00:00:00.00,60.7527,2617.13,61.9515,30.7769,0,0,872.237,37.2605,0,0,0,80.4282,0,0,61.9515,61.9515,30.7769,30.7769,932.99,909.498,599.028,2927.6,3008.03,1566.52,1566.52,974.882,580.524,580.524,1936.95,15.7652,1356.43
1316,2016-08-09,00:00:00.00,60.7527,2617.13,61.9515,30.7769,0,0,872.237,37.2605,0,0,0,80.4282,0,0,61.9515,61.9515,30.7769,30.7769,932.99,909.498,599.028,2927.6,3008.03,1567.2,1567.2,974.882,580.524,580.524,1936.95,15.7652,1356.43
1317,2016-08-10,00:00:00.00,60.7527,2617.13,61.9515,30.7769,0,0,872.237,37.2605,0,0,0,80.4282,0,0,61.9515,61.9515,30.7769,30.7769,932.99,909.498,599.028,2927.6,3008.03,1568.03,1568.03,974.882,580.524,580.524,1936.95,15.7652,1356.43
1318,2016-08-11,00:00:00.00,60.7527,2617.13,61.9515,30.7769,0,0,872.237,37.2605,0,0,0,80.4282,0,0,61.9515,61.9515,30.7769,30.7769,932.99,909.498,599.028,2927.6,3008.03,1568.76,1568.76,974.882,580.524,580.524,1936.95,15.7652,1356.43
1319,2016-08-12,00:00:00.00,60.7527,2629.77,62.2896,30.7769,0,0,872.237,37.2605,0,0,0,80.7165,0,0,62.2896,62.2896,30.7769,30.7769,932.99,909.498,608.763,2930.5,3011.22,1570.51,1570.51,977.783,580.524,580.524,1936.95,15.7652,1356.43
1320,2016-08-13,00:00:00.00,60.7527,2635.32,62.4382,30.7769,0,0,872.237,37.2605,0,0,0,80.8432,0,0,62.4382,62.4382,30.7769,30.7769,932.99,909.498,612.101,2932.72,3013.56,1572.85,1572.85,979.998,580.524,580.524,1936.95,15.7652,1356.43
1321,2016-08-14,00:00:00.00,60.7527,2698.7,62.944,30.7769,0,0,872.237,37.2605,0,0,0,82.2629,0,0,62.944,62.944,30.7769,30.7769,932.99,909.498,647.84,2960.36,3042.62,1579.14,1579.14,989.469,580.524,580.524,1955.13,15.7652,1358.37
1322,2016-08-15,00:00:00.00,60.7527,2698.7,62.944,30.7769,0,0,872.237,37.2605,0,0,0,82.2629,0,0,62.944,62.944,30.7769,30.7769,932.99,909.498,647.84,2960.36,3042.62,1585.92,1585.92,989.469,587.307,587.307,1955.13,15.7652,1359.37
1323,2016-08-16,00:00:00.00,60.7527,2708.28,63.2002,30.7769,0,0,872.237,37.2605,0,0,0,82.4813,0,0,63.2002,63.2002,30.7769,30.7769,932.99,909.498,650.574,2967.2,3049.68,1590.63,1590.63,996.308,592.384,592.384,1955.13,15.7652,1359.73
1324,2016-08-17,00:00:00.00,60.7527,2724.36,63.6306,30.7769,0,0,872.237,37.2605,0,0,0,82.8483,0,0,63.6306,63.6306,30.7769,30.7769,932.99,909.498,654.63,2979.23,3062.07,1597.02,1597.02,1004.81,595.369,595.369,1958.65,15.7652,1360.11
1325,2016-08-18,00:00:00.00,60.7527,2725.12,63.6511,30.7769,0,0,872.237,37.2605,0,0,0,82.8658,0,0,63.6511,63.6511,30.7769,30.7769,932.99,909.498,654.792,2979.83,3062.69,1602.08,1602.08,1005.41,598.524,598.524,1958.65,15.7652,1360.11
1326,2016-08-19,00:00:00.00,60.7527,2725.12,63.6511,30.7769,0,0,872.237,37.2605,0,0,0,82.8658,0,0,63.6511,63.6511,30.7769,30.7769,932.99,909.498,654.792,2979.83,3062.69,1608.89,1608.89,1005.41,598.539,598.539,1958.65,15.7652,1360.11
1327,2016-08-20,00:00:00.00,60.7527,2734.12,63.8919,30.7769,0,0,872.237,37.2605,0,0,0,83.0711,0,0,63.8919,63.8919,30.7769,30.7769,932.99,909.498,657.369,2986.25,3069.32,1615.3,1615.3,1011.83,598.539,598.539,1958.65,15.7652,1360.11
1328,2016-08-21,00:00:00.00,60.7527,2746.95,64.2352,30.7769,0,0,872.237,37.2605,0,0,0,83.3638,0,0,64.2352,64.2352,30.7769,30.7769,932.99,909.498,660.811,2995.64,3079,1621.77,1621.77,1020.86,598.539,598.539,1959.01,15.7652,1360.15
1329,2016-08-22,00:00:00.00,60.7527,2747.52,64.2505,30.7769,0,0,872.237,37.2605,0,0,0,83.3769,0,0,64.2505,64.2505,30.7769,30.7769,932.99,909.498,660.942,2996.08,3079.46,1627.26,1627.26,1021.31,598.858,598.858,1959.01,15.7652,1360.15
1330,2016-08-23,00:00:00.00,60.7527,2747.52,64.2505,30.7769,0,0,872.237,37.2605,0,0,0,83.3769,0,0,64.2505,64.2505,30.7769,30.7769,932.99,909.498,660.942,2996.08,3079.46,1627.26,1627.26,1021.31,598.858,598.858,1959.01,15.7652,1360.15
1331,2016-08-24,00:00:00.00,60.7527,2747.52,64.2505,30.7769,0,0,872.237,37.2605,0,0,0,83.3769,0,0,64.2505,64.2505,30.7769,30.7769,932.99,909.498,660.942,2996.08,3079.46,1628.91,1628.91,1021.31,598.858,598.858,1959.01,15.7652,1360.15
1332,2016-08-25,00:00:00.00,60.7527,2752.12,64.3735,30.7769,0,0,872.237,37.2605,0,0,0,83.4817,0,0,64.3735,64.3735,30.7769,30.7769,932.99,909.498,662.193,2999.42,3082.91,1633.36,1633.36,1024.65,598.858,598.858,1959.01,15.7652,1360.15
1333,2016-08-26,00:00:00.00,60.7527,2752.31,64.3786,30.7769,0,0,872.237,37.2605,0,0,0,83.4861,0,0,64.3786,64.3786,30.7769,30.7769,932.99,909.498,662.245,2999.56,3083.05,1639.95,1639.95,1024.79,598.858,598.858,1959.01,15.7652,1360.15
1334,2016-08-27,00:00:00.00,60.7527,2752.31,64.3786,30.7769,0,0,872.237,37.2605,0,0,0,83.4861,0,0,64.3786,64.3786,30.7769,30.7769,932.99,909.498,662.245,2999.56,3083.05,1645.76,1645.76,1024.79,598.858,598.858,1959.01,15.7652,1360.15
1335,2016-08-28,00:00:00.00,60.7527,2752.5,64.3838,30.7769,0,0,872.237,37.2605,0,0,0,83.4904,0,0,64.3838,64.3838,30.7769,30.7769,932.99,909.498,662.314,2999.69,3083.18,1648.6,1648.6,1024.91,598.858,598.858,1959.01,15.7652,1360.15
1336,2016-08-29,00:00:00.00,60.7527,2752.5,64.3838,30.7769,0,0,872.237,37.2605,0,0,0,83.4904,0,0,64.3838,64.3838,30.7769,30.7769,932.99,909.498,662.314,2999.69,3083.18,1653.36,1653.36,1024.91,598.858,598.858,1959.01,15.7652,1360.15
1337,2016-08-30,00:00:00.00,60.7527,2752.5,64.3838,30.7769,0,0,872.237,37.2605,0,0,0,83.4904,0,0,64.3838,64.3838,30.7769,30.7769,932.99,909.498,662.314,2999.69,3083.18,1656.47,1656.47,1024.91,598.858,598.858,1959.01,15.7652,1360.15
1338,2016-08-31,00:00:00.00,60.7527,2752.5,64.3838,30.7769,0,0,872.237,37.2605,0,0,0,83.4904,0,0,64.3838,64.3838,30.7769,30.7769,932.99,909.498,662.314,2999.69,3083.18,1659.06,1659.06,1024.91,598.858,598.858,1959.01,15.7652,1360.15
1339,2016-09-01,00:00:00.00,60.7527,2752.5,64.3838,30.7769,0,0,872.237,37.2605,0,0,0,83.4904,0,0,64.3838,64.3838,30.7769,30.7769,932.99,909.498,662.314,2999.69,3083.18,1662.53,1662.53,1024.91,598.858,598.858,1959.01,15.7652,1360.15
1340,2016-09-02,00:00:00.00,60.7527,2752.5,64.3838,30.7769,0,0,872.237,37.2605,0,0,0,83.4904,0,0,64.3838,64.3838,30.7769,30.7769,932.99,909.498,662.314,2999.69,3083.18,1664.23,1664.23,1024.91,598.858,598.858,1959.01,15.7652,1360.15
1341,2016-09-03,00:00:00.00,60.7527,2752.5,64.3838,30.7769,0,0,872.237,37.2605,0,0,0,83.4904,0,0,64.3838,64.3838,30.7769,30.7769,932.99,909.498,662.314,2999.69,3083.18,1664.96,1664.96,1024.91,598.858,598.858,1959.01,15.7652,1360.15
1342,2016-09-04,00:00:00.00,60.7527,2752.5,64.3838,30.7769,0,0,872.237,37.2605,0,0,0,83.4904,0,0,64.3838,64.3838,30.7769,30.7769,932.99,909.498,662.314,2999.69,3083.18,1666.02,1666.02,1024.91,598.858,598.858,1959.01,15.7652,1360.15
1343,2016-09-05,00:00:00.00,60.7527,2752.5,64.3838,30.7769,0,0,872.237,37.2605,0,0,0,83.4904,0,0,64.3838,64.3838,30.7769,30.7769,932.99,909.498,662.314,2999.69,3083.18,1667.69,1667.69,1024.91,598.858,598.858,1959.01,15.7652,1360.15
1344,2016-09-06,00:00:00.00,60.7527,2752.5,64.3838,30.7769,0,0,872.237,37.2605,0,0,0,83.4904,0,0,64.3838,64.3838,30.7769,30.7769,932.99,909.498,662.314,2999.69,3083.18,1669.34,1669.34,1024.91,598.858,598.858,1959.01,15.7652,1360.15
1345,2016-09-07,00:00:00.00,60.7527,2752.5,64.3838,30.7769,0,0,872.237,37.2605,0,0,0,83.4904,0,0,64.3838,64.3838,30.7769,30.7769,932.99,909.498,662.314,2999.69,3083.18,1670.85,1670.85,1024.91,598.858,598.858,1959.01,15.7652,1360.15
1346,2016-09-08,00:00:00.00,60.7527,2801.53,64.8896,30.7769,0,0,872.237,37.2605,0,0,0,84.5913,0,0,64.8896,64.8896,30.7769,30.7769,932.99,909.498,691.607,3019.43,3104.02,1674.28,1674.28,1035.59,598.858,598.858,1968.07,15.7652,1361.12
1347,2016-09-09,00:00:00.00,60.7527,2801.73,64.8947,30.7769,0,0,872.237,37.2605,0,0,0,84.5956,0,0,64.8947,64.8947,30.7769,30.7769,932.99,909.498,691.66,3019.56,3104.16,1678.74,1678.74,1035.73,603.519,603.519,1968.07,15.7652,1361.48
1348,2016-09-10,00:00:00.00,60.7527,2801.73,64.8947,30.7769,0,0,872.237,37.2605,0,0,0,84.5956,0,0,64.8947,64.8947,30.7769,30.7769,932.99,909.498,691.66,3019.56,3104.16,1682.84,1682.84,1035.73,606.566,606.566,1968.07,15.7652,1361.49
1349,2016-09-11,00:00:00.00,60.7527,2802.88,64.9254,30.7769,0,0,872.237,37.2605,0,0,0,84.6218,0,0,64.9254,64.9254,30.7769,30.7769,932.99,909.498,692.045,3020.33,3104.95,1686.61,1686.61,1036.49,606.577,606.577,1968.07,15.7652,1361.49
1350,2016-09-12,00:00:00.00,60.7527,2802.88,64.9254,30.7769,0,0,872.237,37.2605,0,0,0,84.6218,0,0,64.9254,64.9254,30.7769,30.7769,932.99,909.498,692.045,3020.33,3104.95,1688.6,1688.6,1036.49,606.583,606.583,1968.07,15.7652,1361.49
1351,2016-09-13,00:00:00.00,60.7527,2802.88,64.9254,30.7769,0,0,872.237,37.2605,0,0,0,84.6218,0,0,64.9254,64.9254,30.7769,30.7769,932.99,909.498,692.045,3020.33,3104.95,1689.65,1689.65,1036.49,606.587,606.587,1968.07,15.7652,1361.49
1352,2016-09-14,00:00:00.00,60.7527,2802.88,64.9254,30.7769,0,0,872.237,37.2605,0,0,0,84.6218,0,0,64.9254,64.9254,30.7769,30.7769,932.99,909.498,692.045,3020.33,3104.95,1692.73,1692.73,1036.49,606.587,606.587,1968.07,15.7652,1361.49
1353,2016-09-15,00:00:00.00,60.7527,2802.88,64.9254,30.7769,0,0,872.237,37.2605,0,0,0,84.6218,0,0,64.9254,64.9254,30.7769,30.7769,932.99,909.498,692.045,3020.33,3104.95,1695.19,1695.19,1036.49,606.587,606.587,1968.07,15.7652,1361.49
1354,2016-09-16,00:00:00.00,60.7527,2802.88,64.9254,30.7769,0,0,872.237,37.2605,0,0,0,84.6218,0,0,64.9254,64.9254,30.7769,30.7769,932.99,909.498,692.045,3020.33,3104.95,1695.54,1695.54,1036.49,606.587,606.587,1968.07,15.7652,1361.49
1355,2016-09-17,00:00:00.00,60.7527,2805.17,64.9869,30.7769,0,0,872.237,37.2605,0,0,0,84.6743,0,0,64.9869,64.9869,30.7769,30.7769,932.99,909.498,693.03,3021.64,3106.31,1696.58,1696.58,1037.8,606.587,606.587,1968.07,15.7652,1361.49
1356,2016-09-18,00:00:00.00,60.7527,2809.77,65.1099,30.7769,0,0,872.237,37.2605,0,0,0,84.7791,0,0,65.1099,65.1099,30.7769,30.7769,932.99,909.498,694.95,3024.32,3109.09,1699.36,1699.36,1040.48,606.587,606.587,1968.07,15.7652,1361.49
1357,2016-09-19,00:00:00.00,60.7527,2809.77,65.1099,30.7769,0,0,872.237,37.2605,0,0,0,84.7791,0,0,65.1099,65.1099,30.7769,30.7769,932.99,909.498,694.95,3024.32,3109.09,1702.4,1702.4,1040.48,606.587,606.587,1968.07,15.7652,1361.49
1358,2016-09-20,00:00:00.00,60.7527,2809.77,65.1099,30.7769,0,0,872.237,37.2605,0,0,0,84.7791,0,0,65.1099,65.1099,30.7769,30.7769,932.99,909.498,694.95,3024.32,3109.09,1705.19,1705.19,1040.48,606.587,606.587,1968.07,15.7652,1361.49
1359,2016-09-21,00:00:00.00,60.7527,2809.77,65.1099,30.7769,0,0,872.237,37.2605,0,0,0,84.7791,0,0,65.1099,65.1099,30.7769,30.7769,932.99,909.498,694.95,3024.32,3109.09,1707.74,1707.74,1040.48,606.587,606.587,1968.07,15.7652,1361.49
1360,2016-09-22,00:00:00.00,60.7527,2809.77,65.1099,30.7769,0,0,872.237,37.2605,0,0,0,84.7791,0,0,65.1099,65.1099,30.7769,30.7769,932.99,909.498,694.95,3024.32,3109.09,1709.78,1709.78,1040.48,606.587,606.587,1968.07,15.7652,1361.49
1361,2016-09-23,00:00:00.00,60.7527,2809.77,65.1099,30.7769,0,0,872.237,37.2605,0,0,0,84.7791,0,0,65.1099,65.1099,30.7769,30.7769,932.99,909.498,694.95,3024.32,3109.09,1711.94,1711.94,1040.48,606.587,606.587,1968.07,15.7652,1361.49
1362,2016-09-24,00:00:00.00,60.7527,2809.77,65.1099,30.7769,0,0,872.237,37.2605,0,0,0,84.7791,0,0,65.1099,65.1099,30.7769,30.7769,932.99,909.498,694.95,3024.32,3109.09,1712.56,1712.56,1040.48,606.587,606.587,1968.07,15.7652,1361.49
1363,2016-09-25,00:00:00.00,60.7527,2809.77,65.1099,30.7769,0,0,872.237,37.2605,0,0,0,84.7791,0,0,65.1099,65.1099,30.7769,30.7769,932.99,909.498,694.95,3024.32,3109.09,1712.56,1712.56,1040.48,606.587,606.587,1968.07,15.7652,1361.49
1364,2016-09-26,00:00:00.00,60.7527,2809.77,65.1099,30.7769,0,0,872.237,37.2605,0,0,0,84.7791,0,0,65.1099,65.1099,30.7769,30.7769,932.99,909.498,694.95,3024.32,3109.09,1712.56,1712.56,1040.48,606.587,606.587,1968.07,15.7652,1361.49
1365,2016-09-27,00:00:00.00,60.7527,2817.43,65.3148,30.7769,0,0,872.237,37.2605,0,0,0,84.9538,0,0,65.3148,65.3148,30.7769,30.7769,932.99,909.498,698.967,3027.96,3112.91,1712.56,1712.56,1044.12,606.587,606.587,1968.07,15.7652,1361.49
1366,2016-09-28,00:00:00.00,60.7527,2817.43,65.3148,30.7769,0,0,872.237,37.2605,0,0,0,84.9538,0,0,65.3148,65.3148,30.7769,30.7769,932.99,909.498,698.967,3027.96,3112.91,1712.56,1712.56,1044.12,606.587,606.587,1968.07,15.7652,1361.49
1367,2016-09-29,00:00:00.00,60.7527,2817.43,65.3148,30.7769,0,0,872.237,37.2605,0,0,0,84.9538,0,0,65.3148,65.3148,30.7769,30.7769,932.99,909.498,698.967,3027.96,3112.91,1713.05,1713.05,1044.12,606.587,606.587,1968.07,15.7652,1361.49
1368,2016-09-30,00:00:00.00,60.7527,2818.19,65.3353,30.7769,0,0,872.237,37.2605,0,0,0,84.9713,0,0,65.3353,65.3353,30.7769,30.7769,932.99,909.498,699.315,3028.37,3113.35,1713.05,1713.05,1044.54,606.587,606.587,1968.07,15.7652,1361.49
1369,2016-10-01,00:00:00.00,60.7527,2820.3,65.3917,30.7769,0,0,872.237,37.2605,0,0,0,85.0194,0,0,65.3917,65.3917,30.7769,30.7769,932.99,909.498,700.258,3029.54,3114.56,1713.86,1713.86,1045.7,606.587,606.587,1968.07,15.7652,1361.49
1370,2016-10-02,00:00:00.00,60.7527,2823.74,65.4839,30.7769,0,0,872.237,37.2605,0,0,0,85.098,0,0,65.4839,65.4839,30.7769,30.7769,932.99,909.498,701.762,3031.48,3116.58,1715.2,1715.2,1047.64,606.587,606.587,1968.07,15.7652,1361.49
1371,2016-10-03,00:00:00.00,60.7527,2829.1,65.6274,30.7769,0,0,872.237,37.2605,0,0,0,85.2203,0,0,65.6274,65.6274,30.7769,30.7769,932.99,909.498,704.003,3034.6,3119.82,1716.63,1716.63,1050.76,606.587,606.587,1968.07,15.7652,1361.49
1372,2016-10-04,00:00:00.00,60.7527,2829.1,65.6274,30.7769,0,0,872.237,37.2605,0,0,0,85.2203,0,0,65.6274,65.6274,30.7769,30.7769,932.99,909.498,704.003,3034.6,3119.82,1718.22,1718.22,1050.76,606.587,606.587,1968.07,15.7652,1361.49
1373,2016-10-05,00:00:00.00,60.7527,2829.1,65.6274,30.7769,0,0,872.237,37.2605,0,0,0,85.2203,0,0,65.6274,65.6274,30.7769,30.7769,932.99,909.498,704.003,3034.6,3119.82,1719.74,1719.74,1050.76,606.587,606.587,1968.07,15.7652,1361.49
1374,2016-10-06,00:00:00.00,60.7527,2829.49,65.6376,30.7769,0,0,872.237,37.2605,0,0,0,85.229,0,0,65.6376,65.6376,30.7769,30.7769,932.99,909.498,704.161,3034.82,3120.05,1721.2,1721.2,1050.99,606.587,606.587,1968.07,15.7652,1361.49
1375,2016-10-07,00:00:00.00,60.7527,2829.49,65.6376,30.7769,0,0,872.237,37.2605,0,0,0,85.229,0,0,65.6376,65.6376,30.7769,30.7769,932.99,909.498,704.161,3034.82,3120.05,1722.61,1722.61,1050.99,606.587,606.587,1968.07,15.7652,1361.49
1376,2016-10-08,00:00:00.00,60.7527,2835.81,65.8067,30.7769,0,0,872.237,37.2605,0,0,0,85.3732,0,0,65.8067,65.8067,30.7769,30.7769,932.99,909.498,706.893,3038.41,3123.78,1723.98,1723.98,1054.57,606.587,606.587,1968.07,15.7652,1361.49
1377,2016-10-09,00:00:00.00,60.7527,2835.81,65.8067,30.7769,0,0,872.237,37.2605,0,0,0,85.3732,0,0,65.8067,65.8067,30.7769,30.7769,932.99,909.498,706.893,3038.41,3123.78,1725.54,1725.54,1054.57,606.587,606.587,1968.07,15.7652,1361.49
1378,2016-10-10,00:00:00.00,60.7527,2836,65.8118,30.7769,0,0,872.237,37.2605,0,0,0,85.3776,0,0,65.8118,65.8118,30.7769,30.7769,932.99,909.498,706.97,3038.52,3123.9,1726.03,1726.03,1054.69,606.587,606.587,1968.07,15.7652,1361.49
1379,2016-10-11,00:00:00.00,60.7527,2836,65.8118,30.7769,0,0,872.237,37.2605,0,0,0,85.3776,0,0,65.8118,65.8118,30.7769,30.7769,932.99,909.498,706.97,3038.52,3123.9,1726.03,1726.03,1054.69,606.587,606.587,1968.07,15.7652,1361.49
1380,2016-10-12,00:00:00.00,60.7527,2836,65.8118,30.7769,0,0,872.237,37.2605,0,0,0,85.3776,0,0,65.8118,65.8118,30.7769,30.7769,932.99,909.498,706.97,3038.52,3123.9,1726.7,1726.7,1054.69,606.587,606.587,1968.07,15.7652,1361.49
1381,2016-10-13,00:00:00.00,60.7527,2841.55,65.9604,30.7769,0,0,872.237,37.2605,0,0,0,85.5043,0,0,65.9604,65.9604,30.7769,30.7769,932.99,909.498,709.256,3041.79,3127.3,1728.16,1728.16,1057.95,606.587,606.587,1968.07,15.7652,1361.49
1382,2016-10-14,00:00:00.00,60.7527,2841.55,65.9604,30.7769,0,0,872.237,37.2605,0,0,0,85.5043,0,0,65.9604,65.9604,30.7769,30.7769,932.99,909.498,709.256,3041.79,3127.3,1728.79,1728.79,1057.95,606.587,606.587,1968.07,15.7652,1361.49
1383,2016-10-15,00:00:00.00,60.7527,2841.55,65.9604,30.7769,0,0,872.237,37.2605,0,0,0,85.5043,0,0,65.9604,65.9604,30.7769,30.7769,932.99,909.498,709.256,3041.79,3127.3,1728.82,1728.82,1057.95,606.587,606.587,1968.07,15.7652,1361.49
1384,2016-10-16,00:00:00.00,60.7527,2854.19,66.2986,30.7769,0,0,872.237,37.2605,0,0,0,85.7926,0,0,66.2986,66.2986,30.7769,30.7769,932.99,909.498,714.098,3049.58,3135.38,1730.37,1730.37,1065.75,606.587,606.587,1968.07,15.7652,1361.49
1385,2016-10-17,00:00:00.00,60.7527,2856.87,66.3703,30.7769,0,0,872.237,37.2605,0,0,0,85.8537,0,0,66.3703,66.3703,30.7769,30.7769,932.99,909.498,714.9,3051.46,3137.32,1732.4,1732.4,1067.63,606.587,606.587,1968.07,15.7652,1361.49
1386,2016-10-18,00:00:00.00,60.7527,2856.87,66.3703,30.7769,0,0,872.237,37.2605,0,0,0,85.8537,0,0,66.3703,66.3703,30.7769,30.7769,932.99,909.498,714.9,3051.46,3137.32,1734.49,1734.49,1067.63,606.587,606.587,1968.07,15.7652,1361.49
1387,2016-10-19,00:00:00.00,60.7527,2860.7,66.4728,30.7769,0,0,872.237,37.2605,0,0,0,85.9411,0,0,66.4728,66.4728,30.7769,30.7769,932.99,909.498,716.084,3054.11,3140.05,1736.45,1736.45,1070.27,606.587,606.587,1968.07,15.7652,1361.49
1388,2016-10-20,00:00:00.00,60.7527,2864.52,66.5752,30.7769,0,0,872.237,37.2605,0,0,0,86.0285,0,0,66.5752,66.5752,30.7769,30.7769,932.99,909.498,717.217,3056.8,3142.83,1738.48,1738.48,1072.97,606.587,606.587,1968.07,15.7652,1361.49
1389,2016-10-21,00:00:00.00,60.7527,2877.26,66.916,30.7769,0,0,872.237,37.2605,0,0,0,86.319,0,0,66.916,66.916,30.7769,30.7769,932.99,909.498,720.823,3065.93,3152.25,1740.44,1740.44,1081.44,606.587,606.587,1968.73,15.7652,1361.56
1390,2016-10-22,00:00:00.00,60.7527,2879.36,66.9723,30.7769,0,0,872.237,37.2605,0,0,0,86.367,0,0,66.9723,66.9723,30.7769,30.7769,932.99,909.498,721.277,3067.58,3153.95,1740.71,1740.71,1083.09,606.862,606.862,1968.73,15.7652,1361.59
1391,2016-10-23,00:00:00.00,60.7527,2879.36,66.9723,30.7769,0,0,872.237,37.2605,0,0,0,86.367,0,0,66.9723,66.9723,30.7769,30.7769,932.99,909.498,721.277,3067.58,3153.95,1740.71,1740.71,1083.09,606.862,606.862,1968.73,15.7652,1361.62
1392,2016-10-24,00:00:00.00,60.7527,2879.36,66.9723,30.7769,0,0,872.237,37.2605,0,0,0,86.367,0,0,66.9723,66.9723,30.7769,30.7769,932.99,909.498,721.277,3067.58,3153.95,1740.71,1740.71,1083.09,606.862,606.862,1968.73,15.7652,1361.64
1393,2016-10-25,00:00:00.00,60.7527,2879.36,66.9723,30.7769,0,0,872.237,37.2605,0,0,0,86.367,0,0,66.9723,66.9723,30.7769,30.7769,932.99,909.498,721.277,3067.58,3153.95,1740.71,1740.71,1083.09,606.862,606.862,1968.73,15.7652,1361.67
1394,2016-10-26,00:00:00.00,60.7527,2879.36,66.9723,30.7769,0,0,872.237,37.2605,0,0,0,86.367,0,0,66.9723,66.9723,30.7769,30.7769,932.99,909.498,721.277,3067.58,3153.95,1740.71,1740.71,1083.09,606.862,606.862,1968.73,15.7652,1361.69
1395,2016-10-27,00:00:00.00,60.7527,2879.36,66.9723,30.7769,0,0,872.237,37.2605,0,0,0,86.367,0,0,66.9723,66.9723,30.7769,30.7769,932.99,909.498,721.277,3067.58,3153.95,1740.71,1740.71,1083.09,606.862,606.862,1968.73,15.7652,1361.71
1396,2016-10-28,00:00:00.00,60.7527,2882.62,67.0594,30.7769,0,0,872.237,37.2605,0,0,0,86.4413,0,0,67.0594,67.0594,30.7769,30.7769,932.99,909.498,721.939,3070.18,3156.62,1740.71,1740.71,1085.68,606.862,606.862,1968.73,15.7652,1361.72
1397,2016-10-29,00:00:00.00,60.7527,2883.1,67.0722,30.7769,0,0,872.237,37.2605,0,0,0,86.4522,0,0,67.0722,67.0722,30.7769,30.7769,932.99,909.498,722.027,3070.57,3157.02,1740.71,1740.71,1086.07,606.862,606.862,1968.73,15.7652,1361.74
1398,2016-10-30,00:00:00.00,60.7527,2883.1,67.0722,30.7769,0,0,872.237,37.2605,0,0,0,86.4522,0,0,67.0722,67.0722,30.7769,30.7769,932.99,909.498,722.027,3070.57,3157.02,1743.02,1743.02,1086.07,606.987,606.987,1968.73,15.7652,1361.74
1399,2016-10-31,00:00:00.00,60.7527,2883.77,67.0902,30.7769,0,0,872.237,37.2605,0,0,0,86.4675,0,0,67.0902,67.0902,30.7769,30.7769,932.99,909.498,722.158,3071.11,3157.57,1743.02,1743.02,1086.61,606.987,606.987,1968.73,15.7652,1361.74
1400,2016-11-01,00:00:00.00,60.7527,2883.77,67.0902,30.7769,0,0,872.237,37.2605,0,0,0,86.4675,0,0,67.0902,67.0902,30.7769,30.7769,932.99,909.498,722.158,3071.11,3157.57,1743.02,1743.02,1086.61,606.987,606.987,1968.73,15.7652,1361.74
1401,2016-11-02,00:00:00.00,60.7527,2883.77,67.0902,30.7769,0,0,872.237,37.2605,0,0,0,86.4675,0,0,67.0902,67.0902,30.7769,30.7769,932.99,909.498,722.158,3071.11,3157.57,1743.82,1743.82,1086.61,606.987,606.987,1968.73,15.7652,1361.74
1402,2016-11-03,00:00:00.00,60.7527,2904.29,67.596,30.7769,0,0,872.237,37.2605,0,0,0,86.9349,0,0,67.596,67.596,30.7769,30.7769,932.99,909.498,726.169,3087.62,3174.56,1744.44,1744.44,1092.43,606.987,606.987,1979.43,15.7652,1362.88
1403,2016-11-04,00:00:00.00,60.7527,2904.68,67.6062,30.7769,0,0,872.237,37.2605,0,0,0,86.9436,0,0,67.6062,67.6062,30.7769,30.7769,932.99,909.498,726.222,3087.95,3174.9,1745.23,1745.23,1092.76,607.792,607.792,1979.43,15.7652,1363.81
1404,2016-11-05,00:00:00.00,60.7527,2904.68,67.6062,30.7769,0,0,872.237,37.2605,0,0,0,86.9436,0,0,67.6062,67.6062,30.7769,30.7769,932.99,909.498,726.222,3087.95,3174.9,1746.04,1746.04,1092.76,608.597,608.597,1979.43,15.7652,1364.56
1405,2016-11-06,00:00:00.00,60.7527,2904.68,67.6062,30.7769,0,0,872.237,37.2605,0,0,0,86.9436,0,0,67.6062,67.6062,30.7769,30.7769,932.99,909.498,726.222,3087.95,3174.9,1746.84,1746.84,1092.76,609.401,609.401,1979.43,15.7652,1365.14
1406,2016-11-07,00:00:00.00,60.7527,2904.68,67.6062,30.7769,0,0,872.237,37.2605,0,0,0,86.9436,0,0,67.6062,67.6062,30.7769,30.7769,932.99,909.498,726.222,3087.95,3174.9,1747.65,1747.65,1092.76,610.206,610.206,1979.43,15.7652,1365.58
1407,2016-11-08,00:00:00.00,60.7527,2904.68,67.6062,30.7769,0,0,872.237,37.2605,0,0,0,86.9436,0,0,67.6062,67.6062,30.7769,30.7769,932.99,909.498,726.222,3087.95,3174.9,1748.45,1748.45,1092.76,611.01,611.01,1979.43,15.7652,1365.88
1408,2016-11-09,00:00:00.00,60.7527,2905.25,67.6216,30.7769,0,0,872.237,37.2605,0,0,0,86.9567,0,0,67.6216,67.6216,30.7769,30.7769,932.99,909.498,726.315,3088.43,3175.39,1749.24,1749.24,1093.24,611.815,611.815,1979.43,15.7652,1366.06
1409,2016-11-10,00:00:00.00,60.7527,2905.44,67.6267,30.7769,0,0,872.237,37.2605,0,0,0,86.9611,0,0,67.6267,67.6267,30.7769,30.7769,932.99,909.498,726.346,3088.59,3175.56,1750.04,1750.04,1093.4,612.565,612.565,1979.43,15.7652,1366.15
1410,2016-11-11,00:00:00.00,60.7527,2905.63,67.6318,30.7769,0,0,872.237,37.2605,0,0,0,86.9655,0,0,67.6318,67.6318,30.7769,30.7769,932.99,909.498,726.378,3088.75,3175.72,1750.84,1750.84,1093.56,613.235,613.235,1979.43,15.7652,1366.15
1411,2016-11-12,00:00:00.00,60.7527,2905.63,67.6318,30.7769,0,0,872.237,37.2605,0,0,0,86.9655,0,0,67.6318,67.6318,30.7769,30.7769,932.99,909.498,726.378,3088.75,3175.72,1751.44,1751.44,1093.56,613.273,613.273,1979.43,15.7652,1366.15
1412,2016-11-13,00:00:00.00,60.7527,2905.63,67.6318,30.7769,0,0,872.237,37.2605,0,0,0,86.9655,0,0,67.6318,67.6318,30.7769,30.7769,932.99,909.498,726.378,3088.75,3175.72,1751.73,1751.73,1093.56,613.273,613.273,1979.43,15.7652,1366.15
1413,2016-11-14,00:00:00.00,60.7527,2905.63,67.6318,30.7769,0,0,872.237,37.2605,0,0,0,86.9655,0,0,67.6318,67.6318,30.7769,30.7769,932.99,909.498,726.378,3088.75,3175.72,1752.54,1752.54,1093.56,613.273,613.273,1979.43,15.7652,1366.15
1414,2016-11-15,00:00:00.00,60.7527,2905.63,67.6318,30.7769,0,0,872.237,37.2605,0,0,0,86.9655,0,0,67.6318,67.6318,30.7769,30.7769,932.99,909.498,726.378,3088.75,3175.72,1753.34,1753.34,1093.56,613.273,613.273,1979.43,15.7652,1366.15
1415,2016-11-16,00:00:00.00,60.7527,2906.21,67.6472,30.7769,0,0,872.237,37.2605,0,0,0,86.9786,0,0,67.6472,67.6472,30.7769,30.7769,932.99,909.498,726.484,3089.22,3176.2,1754.13,1754.13,1094.03,613.273,613.273,1979.43,15.7652,1366.15
1416,2016-11-17,00:00:00.00,60.7527,2906.59,67.6575,30.7769,0,0,872.237,37.2605,0,0,0,86.9873,0,0,67.6575,67.6575,30.7769,30.7769,932.99,909.498,726.555,3089.53,3176.52,1754.93,1754.93,1094.34,613.273,613.273,1979.43,15.7652,1366.15
1417,2016-11-18,00:00:00.00,60.7527,2906.59,67.6575,30.7769,0,0,872.237,37.2605,0,0,0,86.9873,0,0,67.6575,67.6575,30.7769,30.7769,932.99,909.498,726.555,3089.53,3176.52,1755.73,1755.73,1094.34,613.273,613.273,1979.43,15.7652,1366.15
1418,2016-11-19,00:00:00.00,60.7527,2906.97,67.6677,30.7769,0,0,872.237,37.2605,0,0,0,86.9961,0,0,67.6677,67.6677,30.7769,30.7769,932.99,909.498,726.63,3089.84,3176.84,1756.52,1756.52,1094.65,613.273,613.273,1979.43,15.7652,1366.15
1419,2016-11-20,00:00:00.00,60.7527,2919.99,68.0161,30.8107,0,0,873.186,37.2605,0,0,0,87.3149,0,0,68.0161,68.0161,30.8107,30.8107,933.939,910.447,729.376,3101.06,3188.38,1757.16,1757.16,1100.74,613.273,613.273,1984.55,15.7652,1366.7
1420,2016-11-21,00:00:00.00,60.7527,2919.99,68.0161,30.8107,0,0,873.186,37.2605,0,0,0,87.3149,0,0,68.0161,68.0161,30.8107,30.8107,933.939,910.447,729.376,3101.06,3188.38,1757.16,1757.16,1100.74,613.273,613.273,1984.55,15.7652,1367.19
1421,2016-11-22,00:00:00.00,60.7527,2919.99,68.0161,30.8107,0,0,873.186,37.2605,0,0,0,87.3149,0,0,68.0161,68.0161,30.8107,30.8107,933.939,910.447,729.376,3101.06,3188.38,1757.16,1757.16,1100.74,613.273,613.273,1984.55,15.7652,1367.62
1422,2016-11-23,00:00:00.00,60.7527,2919.99,68.0161,30.8107,0,0,873.186,37.2605,0,0,0,87.3149,0,0,68.0161,68.0161,30.8107,30.8107,933.939,910.447,729.376,3101.06,3188.38,1757.16,1757.16,1100.74,613.273,613.273,1984.55,15.7652,1368.01
1423,2016-11-24,00:00:00.00,60.7527,2919.99,68.0161,31.014,0,0,878.88,37.2605,0,0,0,87.446,0,0,68.0161,68.0161,31.014,31.014,933.939,910.447,729.376,3101.06,3188.51,1757.16,1757.16,1100.74,613.273,613.273,1984.55,15.7652,1368.36
1424,2016-11-25,00:00:00.00,60.7527,2921.81,68.0701,31.0442,0,0,879.726,37.4583,0,0,0,87.5115,0,0,68.0701,68.0701,31.0442,31.0442,935.352,911.88,729.853,3103.84,3191.35,1757.16,1757.16,1103.52,613.366,613.366,1984.55,15.7652,1368.66
1425,2016-11-26,00:00:00.00,60.7527,2922.2,68.0804,31.0713,0,0,880.485,37.4583,0,0,0,87.5377,0,0,68.0804,68.0804,31.0713,31.0713,940.807,917.497,730.612,3109.08,3196.62,1757.62,1757.62,1107.52,613.862,613.862,1985.79,15.7652,1369.01
1426,2016-11-27,00:00:00.00,60.7527,2922.58,68.0906,31.0849,0,0,880.865,37.4583,0,0,0,87.5552,0,0,68.0906,68.0906,31.0849,31.0849,941.501,918.203,730.73,3110.05,3197.61,1758.04,1758.04,1108.49,614.307,614.307,1985.79,15.7652,1369.28
1427,2016-11-28,00:00:00.00,60.7527,2922.58,68.0906,31.0849,0,0,880.865,37.4583,0,0,0,87.5552,0,0,68.0906,68.0906,31.0849,31.0849,941.618,918.323,730.743,3110.16,3197.72,1758.49,1758.49,1108.6,614.752,614.752,1985.79,15.7652,1369.46
1428,2016-11-29,00:00:00.00,60.7527,2929.09,68.2648,31.0849,0,0,880.865,37.4583,0,0,0,87.7037,0,0,68.2648,68.2648,31.0849,31.0849,941.618,918.323,731.399,3116.01,3203.72,1759.06,1759.06,1112.08,615.356,615.356,1988.17,15.7652,1369.82
1429,2016-11-30,00:00:00.00,60.7527,2929.47,68.2751,31.0849,0,0,880.865,37.4583,0,0,0,87.7125,0,0,68.2751,68.2751,31.0849,31.0849,941.618,918.323,731.43,3116.37,3204.08,1759.85,1759.85,1112.43,616.161,616.161,1988.17,15.7652,1370.05
1430,2016-12-01,00:00:00.00,60.7527,2939.62,68.5466,31.0849,0,0,880.865,37.4583,0,0,0,87.944,0,0,68.5466,68.5466,31.0849,31.0849,941.618,918.323,732.274,3125.67,3213.61,1760.5,1760.5,1115.3,616.927,616.927,1994.61,15.7652,1370.87
1431,2016-12-02,00:00:00.00,60.7527,2942.11,68.6133,31.0849,0,0,880.865,37.4583,0,0,0,88.0008,0,0,68.6133,68.6133,31.0849,31.0849,941.618,918.323,732.439,3127.99,3215.99,1760.76,1760.76,1117.61,617.242,617.242,1994.62,15.7652,1371.56
1432,2016-12-03,00:00:00.00,60.7527,2943.2,68.6426,31.0868,0,0,880.919,37.4583,0,0,0,88.027,0,0,68.6426,68.6426,31.0868,31.0868,941.671,918.377,732.501,3129.08,3217.11,1761.04,1761.04,1118.7,617.557,617.557,1994.62,15.7652,1372.15
1433,2016-12-04,00:00:00.00,60.7527,2943.2,68.6426,31.0868,0,0,880.919,37.4583,0,0,0,88.027,0,0,68.6426,68.6426,31.0868,31.0868,941.671,918.377,732.501,3129.08,3217.11,1761.35,1761.35,1118.7,617.872,617.872,1994.62,15.7652,1372.64
1434,2016-12-05,00:00:00.00,60.7527,2943.2,68.6426,31.3917,0,0,889.46,37.4583,0,0,0,88.2236,0,0,68.6426,68.6426,31.3917,31.3917,942.997,919.452,732.557,3130.1,3218.32,1761.37,1761.37,1119.72,618.187,618.187,1994.62,15.7652,1373.04
1435,2016-12-06,00:00:00.00,60.7527,2943.2,68.6426,31.3917,0,0,889.46,37.4583,0,0,0,88.2236,0,0,68.6426,68.6426,31.3917,31.3917,949.635,926.321,732.868,3136.66,3224.88,1761.68,1761.68,1121.34,618.502,618.502,1999.55,15.7652,1373.89
1436,2016-12-07,00:00:00.00,60.7727,2943.2,68.6426,31.3917,0,0,889.46,37.4583,0,0,0,88.2236,0,0,68.6426,68.6426,31.3917,31.3917,949.635,926.321,732.868,3136.66,3224.88,1762,1762,1121.34,618.817,618.817,1999.55,15.7652,1374.62
1437,2016-12-08,00:00:00.00,60.7727,2943.2,68.6426,31.3917,0,0,889.46,37.4583,0,0,0,88.2236,0,0,68.6426,68.6426,31.3917,31.3917,949.668,926.334,732.868,3136.67,3224.89,1762.31,1762.31,1121.35,619.132,619.132,1999.55,15.7652,1375.24
1438,2016-12-09,00:00:00.00,60.7923,2943.2,68.6426,31.4595,0,0,891.358,37.4583,0,0,0,88.2672,0,0,68.6426,68.6426,31.4595,31.4595,949.668,926.334,732.868,3136.67,3224.94,1762.32,1762.32,1121.35,619.277,619.277,1999.55,15.7652,1375.78
1439,2016-12-10,00:00:00.00,60.7923,2943.2,68.6426,31.4933,0,0,892.307,37.4583,0,0,0,88.2891,0,0,68.6426,68.6426,31.4933,31.4933,949.668,926.334,732.868,3136.67,3224.96,1762.32,1762.32,1121.35,619.277,619.277,1999.55,15.7652,1376.26
1440,2016-12-11,00:00:00.00,60.7923,2943.2,68.6426,31.5543,0,0,894.015,37.4583,0,0,0,88.3284,0,0,68.6426,68.6426,31.5543,31.5543,949.668,926.334,732.868,3136.67,3225,1762.32,1762.32,1121.35,619.277,619.277,1999.55,15.7652,1376.69
1441,2016-12-12,00:00:00.00,60.7923,2943.2,68.6426,32.0964,0,0,909.2,37.4583,0,0,0,88.6779,0,0,68.6426,68.6426,32.0964,32.0964,949.668,926.334,732.868,3136.67,3225.35,1762.32,1762.32,1121.35,619.277,619.277,1999.55,15.7652,1377.07
1442,2016-12-13,00:00:00.00,60.7923,2943.2,68.6426,32.1303,0,0,910.149,37.4583,0,0,0,88.6997,0,0,68.6426,68.6426,32.1303,32.1303,949.668,926.334,732.868,3136.67,3225.37,1762.34,1762.34,1121.35,619.539,619.539,1999.55,15.7652,1377.38
1443,2016-12-14,00:00:00.00,60.7923,2943.2,68.6426,32.2319,0,0,912.996,37.4583,0,0,0,88.7652,0,0,68.6426,68.6426,32.2319,32.2319,949.668,926.334,732.868,3136.67,3225.44,1762.34,1762.34,1121.35,619.539,619.539,1999.55,15.7652,1377.66
1444,2016-12-15,00:00:00.00,60.7923,2943.2,68.6426,32.7062,0,0,926.282,37.4583,0,0,0,89.071,0,0,68.6426,68.6426,32.7062,32.7062,949.668,926.334,732.868,3136.67,3225.74,1762.34,1762.34,1121.35,619.539,619.539,1999.55,15.7652,1377.91
1445,2016-12-16,00:00:00.00,60.7923,2943.2,68.6426,33.3806,0,0,953.129,37.4583,0,0,0,89.6826,0,0,68.6426,68.6426,33.3806,33.3806,949.668,926.334,732.868,3136.67,3226.35,1762.34,1762.34,1121.35,619.539,619.539,1999.55,15.7652,1378.14
1446,2016-12-17,00:00:00.00,60.7923,2943.2,68.6426,33.8685,0,0,966.795,37.4583,0,0,0,89.9971,0,0,68.6426,68.6426,33.8685,33.8685,949.668,926.334,732.868,3136.67,3226.67,1762.34,1762.34,1121.35,619.539,619.539,1999.55,15.7652,1378.34
1447,2016-12-18,00:00:00.00,60.7923,2943.2,68.6426,33.9024,0,0,967.744,37.4583,0,0,0,90.019,0,0,68.6426,68.6426,33.9024,33.9024,949.668,926.334,732.868,3136.67,3226.69,1762.34,1762.34,1121.35,619.539,619.539,1999.55,15.7652,1378.52
1448,2016-12-19,00:00:00.00,60.7923,2943.2,68.6426,33.9227,0,0,968.314,37.4583,0,0,0,90.0321,0,0,68.6426,68.6426,33.9227,33.9227,949.668,926.334,732.868,3136.67,3226.7,1762.34,1762.34,1121.35,619.539,619.539,1999.55,15.7652,1378.68
1449,2016-12-20,00:00:00.00,60.7923,2943.2,68.6426,33.9227,0,0,968.314,37.4583,0,0,0,90.0321,0,0,68.6426,68.6426,33.9227,33.9227,949.668,926.334,732.868,3136.67,3226.7,1762.34,1762.34,1121.35,619.539,619.539,1999.55,15.7652,1378.82
1450,2016-12-21,00:00:00.00,60.7923,2943.2,68.6426,33.9227,0,0,968.314,37.4583,0,0,0,90.0321,0,0,68.6426,68.6426,33.9227,33.9227,949.668,926.334,732.868,3136.67,3226.7,1762.34,1762.34,1121.35,619.539,619.539,1999.55,15.7652,1378.95
1451,2016-12-22,00:00:00.00,60.7923,2943.2,68.6426,33.9837,0,0,970.022,37.4583,0,0,0,90.0714,0,0,68.6426,68.6426,33.9837,33.9837,949.668,926.334,732.868,3136.67,3226.74,1762.34,1762.34,1121.35,619.539,619.539,1999.55,15.7652,1379.06
1452,2016-12-23,00:00:00.00,60.7923,2943.2,68.6426,33.9837,0,0,970.022,37.4583,0,0,0,90.0714,0,0,68.6426,68.6426,33.9837,33.9837,949.668,926.334,732.868,3136.67,3226.74,1762.38,1762.38,1121.35,619.773,619.773,1999.55,15.7652,1379.14
1453,2016-12-24,00:00:00.00,60.7923,2943.2,68.6426,34.0853,0,0,972.869,37.4583,0,0,0,90.1369,0,0,68.6426,68.6426,34.0853,34.0853,949.668,926.334,732.868,3136.67,3226.81,1762.39,1762.39,1121.35,619.896,619.896,1999.55,15.7652,1379.19
1454,2016-12-25,00:00:00.00,60.7923,2943.2,68.6442,34.0899,0,0,972.996,37.5211,0,0,0,90.1413,0,0,68.6442,68.6442,34.0899,34.0899,949.668,926.334,732.868,3136.67,3226.81,1762.45,1762.45,1121.35,620.163,620.163,1999.55,15.7652,1379.21
1455,2016-12-26,00:00:00.00,60.8551,2943.2,68.6442,34.1915,0,0,975.843,37.5211,0,0,0,90.2068,0,0,68.6442,68.6442,34.1915,34.1915,949.668,926.334,732.868,3136.67,3226.88,1762.46,1762.46,1121.35,620.341,620.341,1999.55,15.7652,1379.21
1456,2016-12-27,00:00:00.00,60.8551,2966.21,69.15,34.1915,0,0,975.843,40.5443,0,0,0,90.7965,0,0,69.15,69.15,34.1915,34.1915,953.662,930.467,733.978,3162.7,3253.5,1762.47,1762.47,1122.61,620.341,620.341,2024.33,15.7652,1381.85
1457,2016-12-28,00:00:00.00,63.7395,2966.21,69.15,34.1983,0,0,976.033,40.5443,0,0,0,90.8009,0,0,69.15,69.15,34.1983,34.1983,953.662,930.467,733.978,3162.7,3253.5,1762.5,1762.5,1122.61,620.564,620.564,2024.33,15.7652,1384.19
1458,2016-12-29,00:00:00.00,63.7395,2966.21,69.15,34.5507,0,0,985.903,40.5443,0,0,0,91.0281,0,0,69.15,69.15,34.5507,34.5507,953.662,930.467,733.978,3162.7,3253.73,1762.51,1762.51,1122.61,620.689,620.689,2024.33,15.7652,1386.26
1459,2016-12-30,00:00:00.00,63.7395,2966.21,69.15,35.0927,0,0,1001.09,40.5443,0,0,0,91.3775,0,0,69.15,69.15,35.0927,35.0927,953.662,930.467,733.978,3162.7,3254.08,1762.51,1762.51,1122.61,620.951,620.951,2024.33,15.7652,1388.08
1460,2016-12-31,00:00:00.00,63.7395,2966.21,69.15,35.3502,0,0,1008.3,40.5443,0,0,0,91.5435,0,0,69.15,69.15,35.3502,35.3502,953.662,930.467,733.978,3162.7,3254.25,1762.51,1762.51,1122.61,620.951,620.951,2024.33,15.7652,1389.71
1461,2017-01-01,00:00:00.00,63.7395,2966.21,69.15,35.5874,0,0,1014.94,40.5443,0,0,0,91.6964,0,0,69.15,69.15,35.5874,35.5874,953.662,930.467,733.978,3162.7,3254.4,1762.52,1762.52,1122.61,621.116,621.116,2024.33,15.7652,1391.15
1462,2017-01-02,00:00:00.00,63.7395,2966.21,69.15,35.5874,0,0,1014.94,40.5443,0,0,0,91.6964,0,0,69.15,69.15,35.5874,35.5874,953.662,930.467,733.978,3162.7,3254.4,1762.55,1762.55,1122.61,621.281,621.281,2024.33,15.7652,1392.42
1463,2017-01-03,00:00:00.00,63.7395,2966.21,69.15,35.9262,0,0,1024.43,40.5443,0,0,0,91.9148,0,0,69.15,69.15,35.9262,35.9262,953.662,930.467,733.978,3162.7,3254.62,1762.56,1762.56,1122.61,621.446,621.446,2024.33,15.7652,1393.53
1464,2017-01-04,00:00:00.00,63.7395,2968.62,69.3396,35.9262,0,0,1024.43,45.2167,0,0,0,92.0765,0,0,69.3396,69.3396,35.9262,35.9262,959.83,936.849,734.228,3171.25,3263.32,1762.56,1762.56,1123.61,621.611,621.611,2031.88,15.7652,1395.32
1465,2017-01-05,00:00:00.00,68.1978,2968.62,69.3396,35.9601,0,0,1025.38,45.2167,0,0,0,92.0983,0,0,69.3396,69.3396,35.9601,35.9601,959.83,936.849,734.228,3171.25,3263.34,1762.57,1762.57,1123.61,621.776,621.776,2031.88,15.7652,1396.89
1466,2017-01-06,00:00:00.00,68.1978,2968.62,69.3396,35.9939,0,0,1026.33,45.2167,0,0,0,92.1201,0,0,69.3396,69.3396,35.9939,35.9939,959.83,936.849,734.228,3171.25,3263.37,1762.57,1762.57,1123.61,621.776,621.776,2031.88,15.7652,1398.3
1467,2017-01-07,00:00:00.00,68.1978,2968.62,69.3396,35.9939,0,0,1026.33,45.2167,0,0,0,92.1201,0,0,69.3396,69.3396,35.9939,35.9939,959.83,936.849,734.228,3171.25,3263.37,1762.57,1762.57,1123.61,621.776,621.776,2031.88,15.7652,1399.56
1468,2017-01-08,00:00:00.00,68.1978,2968.62,69.3396,36.0549,0,0,1028.04,45.2167,0,0,0,92.1595,0,0,69.3396,69.3396,36.0549,36.0549,959.83,936.849,734.228,3171.25,3263.41,1762.57,1762.57,1123.61,621.776,621.776,2031.88,15.7652,1400.68
1469,2017-01-09,00:00:00.00,68.1978,2968.62,69.3396,36.0753,0,0,1028.61,45.2167,0,0,0,92.1726,0,0,69.3396,69.3396,36.0753,36.0753,959.83,936.849,734.228,3171.25,3263.42,1762.57,1762.57,1123.61,621.776,621.776,2031.88,15.7652,1401.68
1470,2017-01-10,00:00:00.00,68.1978,2968.62,69.3396,36.2311,0,0,1032.97,45.2167,0,0,0,92.273,0,0,69.3396,69.3396,36.2311,36.2311,959.83,936.849,734.228,3171.25,3263.52,1762.57,1762.57,1123.61,621.776,621.776,2031.88,15.7652,1402.58
1471,2017-01-11,00:00:00.00,68.1978,2968.62,69.3396,36.9055,0,0,1053.14,45.2167,0,0,0,92.7361,0,0,69.3396,69.3396,36.9055,36.9055,959.83,936.849,734.228,3171.25,3263.98,1762.57,1762.57,1123.61,621.941,621.941,2031.88,15.7652,1403.36
1472,2017-01-12,00:00:00.00,68.1978,2985.51,69.8454,36.9055,0,0,1053.14,50.8269,0,0,0,93.2472,0,0,69.8454,69.8454,36.9055,36.9055,966.249,943.491,734.754,3194.25,3287.49,1762.58,1762.58,1124.32,622.106,622.106,2054.16,15.7652,1406.42
1473,2017-01-13,00:00:00.00,68.1978,2987.23,69.8915,36.9055,0,0,1053.14,50.8269,0,0,0,93.2865,0,0,69.8915,69.8915,36.9055,36.9055,969.792,947.157,734.839,3199.55,3292.84,1762.58,1762.58,1124.89,622.271,622.271,2058.9,15.7652,1409.64
1474,2017-01-14,00:00:00.00,73.4619,2987.23,69.8915,36.9055,0,0,1053.14,50.8269,0,0,0,93.2865,0,0,69.8915,69.8915,36.9055,36.9055,969.792,947.157,734.839,3199.55,3292.84,1762.6,1762.6,1124.89,622.361,622.361,2058.9,15.7652,1412.5
1475,2017-01-15,00:00:00.00,73.4619,2987.23,69.8915,36.9055,0,0,1053.14,50.8269,0,0,0,93.2865,0,0,69.8915,69.8915,36.9055,36.9055,969.792,947.157,734.839,3199.55,3292.84,1762.6,1762.6,1124.89,622.361,622.361,2058.9,15.7652,1415.07
1476,2017-01-16,00:00:00.00,73.4619,2987.23,69.8915,36.9055,0,0,1053.14,50.8269,0,0,0,93.2865,0,0,69.8915,69.8915,36.9055,36.9055,969.792,947.157,734.839,3199.55,3292.84,1762.63,1762.63,1124.89,622.503,622.503,2058.9,15.7652,1417.34
1477,2017-01-17,00:00:00.00,73.4619,2987.23,69.8915,37.0207,0,0,1056.36,50.8269,0,0,0,93.3608,0,0,69.8915,69.8915,37.0207,37.0207,969.792,947.157,734.839,3199.55,3292.91,1762.63,1762.63,1124.89,622.635,622.635,2058.9,15.7652,1419.35
1478,2017-01-18,00:00:00.00,73.4619,2987.23,69.8915,37.3595,0,0,1065.86,50.8269,0,0,0,93.5792,0,0,69.8915,69.8915,37.3595,37.3595,969.792,947.157,734.839,3199.55,3293.13,1762.64,1762.64,1124.89,622.8,622.8,2058.9,15.7652,1421.14
1479,2017-01-19,00:00:00.00,73.4619,2987.23,69.9274,37.3595,0,0,1065.86,52.1672,0,0,0,93.6098,0,0,69.9274,69.9274,37.3595,37.3595,974.245,947.607,734.845,3199.99,3293.6,1762.64,1762.64,1125.25,622.965,622.965,2058.97,15.7652,1422.72
1480,2017-01-20,00:00:00.00,73.4619,2987.35,69.931,37.3615,0,0,1065.91,52.1849,0,0,0,93.6141,0,0,69.931,69.931,37.3615,37.3615,975.671,949,734.86,3201.49,3295.1,1762.67,1762.67,1125.56,623.13,623.13,2060.16,15.7652,1424.25
1481,2017-01-21,00:00:00.00,73.4619,2988.1,69.954,37.3615,0,0,1065.91,52.2986,0,0,0,93.6338,0,0,69.954,69.954,37.3615,37.3615,979.422,952.703,734.897,3205.9,3299.54,1762.68,1762.68,1125.84,623.295,623.295,2064.3,15.7652,1426.03
1482,2017-01-22,00:00:00.00,73.4619,2988.1,69.954,37.3615,0,0,1065.91,52.2986,0,0,0,93.6338,0,0,69.954,69.954,37.3615,37.3615,990.981,964.663,734.981,3217.78,3311.41,1762.72,1762.72,1126.12,623.46,623.46,2075.89,15.7652,1428.84
1483,2017-01-23,00:00:00.00,73.4619,2989.05,69.9796,37.3615,0,0,1065.91,52.2986,0,0,0,93.6556,0,0,69.9796,69.9796,37.3615,37.3615,1001.07,975.099,735.044,3229.11,3322.77,1762.72,1762.72,1126.34,623.625,623.625,2087,15.7652,1432.52
1484,2017-01-24,00:00:00.00,73.4619,2989.05,69.9796,37.3615,0,0,1065.91,52.2986,0,0,0,93.6556,0,0,69.9796,69.9796,37.3615,37.3615,1012.03,986.442,735.092,3240.4,3334.06,1762.76,1762.76,1126.52,623.79,623.79,2098.12,15.7652,1436.98
1485,2017-01-25,00:00:00.00,73.4619,2989.05,69.9796,37.3615,0,0,1065.91,52.2986,0,0,0,93.6556,0,0,69.9796,69.9796,37.3615,37.3615,1012.72,987.153,735.094,3241.11,3334.77,1762.79,1762.79,1126.65,623.956,623.956,2098.7,15.7652,1441
1486,2017-01-26,00:00:00.00,73.4619,2990.78,70.0258,37.3751,0,0,1066.29,52.2986,0,0,0,93.7037,0,0,70.0258,70.0258,37.3751,37.3751,1016.63,991.188,735.111,3246.85,3340.56,1762.8,1762.8,1126.77,624.121,624.121,2104.31,15.7652,1445.18
1487,2017-01-27,00:00:00.00,73.4619,2992.05,70.0597,37.486,0,0,1069.4,52.2986,0,0,0,93.8042,0,0,70.0597,70.0597,37.486,37.486,1018.95,993.484,735.119,3250.41,3344.21,1762.8,1762.8,1126.87,624.286,624.286,2107.77,15.7652,1449.26
1488,2017-01-28,00:00:00.00,77.4451,2992.05,70.0597,37.6419,0,0,1073.76,52.2986,0,0,0,93.9046,0,0,70.0597,70.0597,37.6419,37.6419,1018.95,993.484,735.119,3250.41,3344.31,1762.81,1762.81,1126.87,624.451,624.451,2107.77,15.7652,1452.89
1489,2017-01-29,00:00:00.00,77.7662,2992.05,70.0597,37.8451,0,0,1079.46,52.2986,0,0,0,94.0357,0,0,70.0597,70.0597,37.8451,37.8451,1018.95,993.484,735.119,3250.41,3344.44,1762.81,1762.81,1126.87,624.616,624.616,2107.77,15.7652,1456.11
1490,2017-01-30,00:00:00.00,77.7662,2992.05,70.0597,37.8451,0,0,1079.46,52.2986,0,0,0,94.0357,0,0,70.0597,70.0597,37.8451,37.8451,1018.95,993.484,735.119,3250.41,3344.44,1762.83,1762.83,1126.87,624.716,624.716,2107.77,15.7652,1458.98
1491,2017-01-31,00:00:00.00,77.7662,2992.05,70.0597,37.879,0,0,1080.41,52.2986,0,0,0,94.0575,0,0,70.0597,70.0597,37.879,37.879,1018.95,993.484,735.119,3250.41,3344.47,1762.83,1762.83,1126.87,624.716,624.716,2107.77,15.7652,1461.55
1492,2017-02-01,00:00:00.00,77.7662,2992.05,70.0597,37.9671,0,0,1082.88,52.2986,0,0,0,94.1143,0,0,70.0597,70.0597,37.9671,37.9671,1018.95,993.484,735.119,3250.41,3344.52,1762.83,1762.83,1126.87,624.776,624.776,2107.77,15.7652,1463.83
1493,2017-02-02,00:00:00.00,77.7662,2992.05,70.0597,38.0688,0,0,1085.72,52.2986,0,0,0,94.1798,0,0,70.0597,70.0597,38.0688,38.0688,1018.95,993.484,735.119,3250.41,3344.59,1762.85,1762.85,1126.87,625.03,625.03,2107.77,15.7652,1465.85
1494,2017-02-03,00:00:00.00,77.7662,2992.05,70.0597,38.0688,0,0,1085.72,52.2986,0,0,0,94.1798,0,0,70.0597,70.0597,38.0688,38.0688,1018.95,993.484,735.119,3250.41,3344.59,1762.87,1762.87,1126.87,625.176,625.176,2107.77,15.7652,1467.63
1495,2017-02-04,00:00:00.00,77.7662,2992.05,70.0597,38.1704,0,0,1088.57,52.2986,0,0,0,94.2454,0,0,70.0597,70.0597,38.1704,38.1704,1018.95,993.484,735.119,3250.41,3344.65,1762.87,1762.87,1126.87,625.176,625.176,2107.77,15.7652,1469.23
1496,2017-02-05,00:00:00.00,77.7662,2992.05,70.0597,38.1839,0,0,1088.95,52.2986,0,0,0,94.2541,0,0,70.0597,70.0597,38.1839,38.1839,1018.95,993.484,735.119,3250.41,3344.66,1762.88,1762.88,1126.87,625.259,625.259,2107.77,15.7652,1470.64
1497,2017-02-06,00:00:00.00,77.7662,2992.05,70.0597,38.2314,0,0,1090.28,52.2986,0,0,0,94.2847,0,0,70.0597,70.0597,38.2314,38.2314,1018.95,993.484,735.119,3250.41,3344.69,1762.89,1762.89,1126.87,625.513,625.513,2107.77,15.7652,1471.88
1498,2017-02-07,00:00:00.00,77.7662,2992.05,70.0597,38.2314,0,0,1090.28,52.2986,0,0,0,94.2847,0,0,70.0597,70.0597,38.2314,38.2314,1018.95,993.484,735.119,3250.41,3344.69,1762.94,1762.94,1126.87,625.767,625.767,2107.77,15.7652,1472.96
1499,2017-02-08,00:00:00.00,77.7662,2994.4,70.2614,38.3441,0,0,1093.44,57.4777,0,0,0,94.5293,0,0,70.2614,70.2614,38.3441,38.3441,1020.65,995.129,735.129,3254.4,3348.93,1762.95,1762.95,1126.98,626.022,626.022,2111.66,15.7652,1474.31
1500,2017-02-09,00:00:00.00,82.996,2994.4,70.2614,38.3441,0,0,1093.44,57.4777,0,0,0,94.5293,0,0,70.2614,70.2614,38.3441,38.3441,1020.65,995.129,735.129,3254.4,3348.93,1763,1763,1126.98,626.276,626.276,2111.66,15.7652,1475.49
1501,2017-02-10,00:00:00.00,82.996,2994.4,70.2614,38.3441,0,0,1093.44,57.4777,0,0,0,94.5293,0,0,70.2614,70.2614,38.3441,38.3441,1020.65,995.129,735.129,3254.4,3348.93,1763,1763,1126.98,626.276,626.276,2111.66,15.7652,1476.54
1502,2017-02-11,00:00:00.00,82.996,2994.4,70.2614,38.5135,0,0,1098.18,57.4777,0,0,0,94.6385,0,0,70.2614,70.2614,38.5135,38.5135,1020.65,995.129,735.129,3254.4,3349.04,1763,1763,1126.98,626.406,626.406,2111.66,15.7652,1477.47
1503,2017-02-12,00:00:00.00,82.996,2994.4,70.2614,38.8184,0,0,1106.72,57.4777,0,0,0,94.8351,0,0,70.2614,70.2614,38.8184,38.8184,1020.65,995.129,735.129,3254.4,3349.24,1763.01,1763.01,1126.98,626.66,626.66,2111.66,15.7652,1478.27
1504,2017-02-13,00:00:00.00,82.996,2994.4,70.2614,39.2927,0,0,1120.01,57.4777,0,0,0,95.1409,0,0,70.2614,70.2614,39.2927,39.2927,1020.65,995.129,735.129,3254.4,3349.54,1763.02,1763.02,1126.98,626.915,626.915,2111.66,15.7652,1478.96
1505,2017-02-14,00:00:00.00,82.996,2994.4,70.2614,39.2927,0,0,1120.01,57.4777,0,0,0,95.1409,0,0,70.2614,70.2614,39.2927,39.2927,1020.65,995.129,735.129,3254.4,3349.54,1763.07,1763.07,1126.98,627.169,627.169,2111.66,15.7652,1479.55
1506,2017-02-15,00:00:00.00,82.996,2994.4,70.2614,39.2927,0,0,1120.01,57.4777,0,0,0,95.1409,0,0,70.2614,70.2614,39.2927,39.2927,1020.65,995.129,735.129,3254.4,3349.54,1763.11,1763.11,1126.98,627.423,627.423,2111.66,15.7652,1480.05
1507,2017-02-16,00:00:00.00,82.996,2994.4,70.2614,39.2927,0,0,1120.01,57.4777,0,0,0,95.1409,0,0,70.2614,70.2614,39.2927,39.2927,1020.65,995.129,735.129,3254.4,3349.54,1763.16,1763.16,1126.98,627.677,627.677,2111.66,15.7652,1480.47
1508,2017-02-17,00:00:00.00,82.996,2994.4,70.2614,39.2927,0,0,1120.01,57.4777,0,0,0,95.1409,0,0,70.2614,70.2614,39.2927,39.2927,1020.65,995.129,735.129,3254.4,3349.54,1763.16,1763.16,1126.98,627.681,627.681,2111.66,15.7652,1480.84
1509,2017-02-18,00:00:00.00,82.996,2994.4,70.2614,39.2927,0,0,1120.01,57.4777,0,0,0,95.1409,0,0,70.2614,70.2614,39.2927,39.2927,1020.65,995.129,735.129,3254.4,3349.54,1763.2,1763.2,1126.98,627.843,627.843,2111.66,15.7652,1481.16
1510,2017-02-19,00:00:00.00,82.996,2994.4,70.2614,39.2927,0,0,1120.01,57.4777,0,0,0,95.1409,0,0,70.2614,70.2614,39.2927,39.2927,1030.71,999.649,735.138,3258.91,3354.05,1763.25,1763.25,1127.04,628.064,628.064,2116.11,15.7652,1481.89
1511,2017-02-20,00:00:00.00,82.996,2994.4,70.2614,39.2927,0,0,1120.01,57.4777,0,0,0,95.1409,0,0,70.2614,70.2614,39.2927,39.2927,1046.03,1015.06,735.168,3274.29,3369.43,1763.29,1763.29,1127.17,628.28,628.28,2131.35,15.7652,1484.15
1512,2017-02-21,00:00:00.00,82.996,2994.4,70.2614,39.2927,0,0,1120.01,57.4777,0,0,0,95.1409,0,0,70.2614,70.2614,39.2927,39.2927,1050.05,1019.22,735.176,3278.44,3373.58,1763.34,1763.34,1127.29,628.534,628.534,2135.39,15.7652,1486.57
1513,2017-02-22,00:00:00.00,82.996,3001.1,70.4408,39.2927,0,0,1120.01,57.4777,0,0,0,95.2938,0,0,70.4408,70.4408,39.2927,39.2927,1059.38,1028.87,735.208,3294.76,3390.06,1763.35,1763.35,1127.38,628.789,628.789,2151.62,15.7652,1490.43
1514,2017-02-23,00:00:00.00,82.996,3003.02,70.492,39.2927,0,0,1120.01,57.4777,0,0,0,95.3374,0,0,70.492,70.492,39.2927,39.2927,1087.95,1058.43,735.249,3326.2,3421.54,1763.36,1763.36,1127.45,629.043,629.043,2182.99,15.7652,1497.2
1515,2017-02-24,00:00:00.00,82.996,3006.08,70.574,39.2927,0,0,1120.01,57.4777,0,0,0,95.4073,0,0,70.574,70.574,39.2927,39.2927,1134.01,1106.09,735.298,3376.88,3472.28,1763.37,1763.37,1127.49,629.297,629.297,2226.41,22.9724,1507.85
1516,2017-02-25,00:00:00.00,82.996,3018.72,70.9121,39.2927,0,0,1120.01,57.4777,0,0,0,95.6957,0,0,70.9121,70.9121,39.2927,39.2927,1161.01,1134.03,735.329,3417.42,3513.12,1763.38,1763.38,1127.53,629.552,629.552,2266.92,22.9724,1521.65
1517,2017-02-26,00:00:00.00,82.996,3018.72,70.9121,39.3266,0,0,1120.96,57.4777,0,0,0,95.7175,0,0,70.9121,70.9121,39.3266,39.3266,1168.54,1141.79,735.333,3425.17,3520.89,1763.4,1763.4,1127.56,629.806,629.806,2274.64,22.9724,1534.77
1518,2017-02-27,00:00:00.00,84.1649,3018.72,70.9121,39.3266,0,0,1120.96,57.4777,0,0,0,95.7175,0,0,70.9121,70.9121,39.3266,39.3266,1168.54,1141.79,735.333,3425.17,3520.89,1763.45,1763.45,1127.56,630.06,630.06,2274.64,22.9724,1546.47
1519,2017-02-28,00:00:00.00,84.1649,3018.72,70.9121,39.3266,0,0,1120.96,57.4777,0,0,0,95.7175,0,0,70.9121,70.9121,39.3266,39.3266,1176.23,1148.8,735.335,3432.18,3527.9,1763.5,1763.5,1127.57,630.314,630.314,2281.64,22.9724,1557.64
1520,2017-03-01,00:00:00.00,84.1649,3046.75,71.4179,39.3266,0,0,1120.96,57.7428,0,0,0,96.3575,0,0,71.4179,71.4179,39.3266,39.3266,1184.33,1157.18,735.372,3468.56,3564.91,1763.65,1763.65,1127.63,630.569,630.569,2317.95,22.9724,1571.47
1521,2017-03-02,00:00:00.00,84.1649,3047.32,71.4333,39.3266,0,0,1120.96,57.7428,0,0,0,96.3706,0,0,71.4333,71.4333,39.3266,39.3266,1186.79,1159.73,735.382,3471.67,3568.04,1764.51,1764.51,1127.84,631.447,631.447,2320.85,22.9724,1584.03
1522,2017-03-03,00:00:00.00,84.8017,3047.32,71.4333,39.4079,0,0,1123.24,57.7428,0,0,0,96.423,0,0,71.4333,71.4333,39.4079,39.4079,1186.79,1159.73,735.382,3471.67,3568.09,1764.51,1764.51,1127.84,631.447,631.447,2320.85,22.9724,1595.26
1523,2017-03-04,00:00:00.00,84.8017,3047.32,71.4333,39.4418,0,0,1124.18,57.7428,0,0,0,96.4448,0,0,71.4333,71.4333,39.4418,39.4418,1186.79,1159.73,735.382,3471.67,3568.11,1764.51,1764.51,1127.84,631.447,631.447,2320.85,22.9724,1605.29
1524,2017-03-05,00:00:00.00,84.8017,3047.32,71.4333,39.4418,0,0,1124.18,57.7428,0,0,0,96.4448,0,0,71.4333,71.4333,39.4418,39.4418,1186.79,1159.73,735.382,3471.67,3568.11,1764.51,1764.51,1127.84,631.447,631.447,2320.85,22.9724,1614.26
1525,2017-03-06,00:00:00.00,84.8017,3047.32,71.4333,39.4418,0,0,1124.18,57.7428,0,0,0,96.4448,0,0,71.4333,71.4333,39.4418,39.4418,1186.79,1159.73,735.382,3471.67,3568.11,1764.51,1764.51,1127.84,631.447,631.447,2320.85,22.9724,1622.26
1526,2017-03-07,00:00:00.00,84.8017,3059.76,71.7868,39.4418,0,0,1124.18,58.5138,0,0,0,96.7462,0,0,71.7868,71.7868,39.4418,39.4418,1190.13,1163.19,735.455,3487.49,3584.24,1765.21,1765.21,1128.13,632.326,632.326,2336.39,22.9724,1630.98
1527,2017-03-08,00:00:00.00,84.8017,3060.81,71.815,39.4418,0,0,1124.18,58.5138,0,0,0,96.7703,0,0,71.815,71.815,39.4418,39.4418,1192.51,1165.65,735.474,3490.99,3587.76,1766.06,1766.06,1128.52,633.205,633.205,2339.5,22.9724,1639
1528,2017-03-09,00:00:00.00,84.8017,3060.81,71.815,39.4418,0,0,1124.18,58.5138,0,0,0,96.7703,0,0,71.815,71.815,39.4418,39.4418,1193.51,1166.69,735.48,3492.02,3588.79,1766.94,1766.94,1128.58,634.083,634.083,2340.47,22.9724,1646.18
1529,2017-03-10,00:00:00.00,85.3272,3060.81,71.815,39.4418,0,0,1124.18,58.5138,0,0,0,96.7703,0,0,71.815,71.815,39.4418,39.4418,1193.51,1166.69,735.48,3492.02,3588.79,1767.38,1767.38,1128.58,634.528,634.528,2340.47,22.9724,1652.55
1530,2017-03-11,00:00:00.00,85.3393,3060.81,71.815,39.5638,0,0,1127.6,58.5138,0,0,0,96.8489,0,0,71.815,71.815,39.5638,39.5638,1193.51,1166.69,735.48,3492.02,3588.87,1767.38,1767.38,1128.58,634.528,634.528,2340.47,22.9724,1658.24
1531,2017-03-12,00:00:00.00,85.3393,3060.81,71.815,39.5976,0,0,1128.55,58.5138,0,0,0,96.8707,0,0,71.815,71.815,39.5976,39.5976,1193.51,1166.69,735.48,3492.02,3588.89,1767.38,1767.38,1128.58,634.528,634.528,2340.47,22.9724,1663.32
1532,2017-03-13,00:00:00.00,85.3393,3060.81,71.815,39.5976,0,0,1128.55,58.5138,0,0,0,96.8707,0,0,71.815,71.815,39.5976,39.5976,1193.51,1166.69,735.48,3492.02,3588.89,1767.38,1767.38,1128.58,634.528,634.528,2340.47,22.9724,1667.86
1533,2017-03-14,00:00:00.00,85.3393,3060.81,71.815,39.6789,0,0,1130.83,58.5138,0,0,0,96.9232,0,0,71.815,71.815,39.6789,39.6789,1193.51,1166.69,735.48,3492.02,3588.94,1767.38,1767.38,1128.58,634.528,634.528,2340.47,22.9724,1671.92
1534,2017-03-15,00:00:00.00,85.3393,3060.81,71.815,39.6789,0,0,1130.83,58.5138,0,0,0,96.9232,0,0,71.815,71.815,39.6789,39.6789,1193.51,1166.69,735.48,3492.02,3588.94,1767.38,1767.38,1128.58,634.528,634.528,2340.47,22.9724,1675.55
1535,2017-03-16,00:00:00.00,85.3393,3060.81,71.815,39.6789,0,0,1130.83,58.5138,0,0,0,96.9232,0,0,71.815,71.815,39.6789,39.6789,1193.51,1166.69,735.48,3492.02,3588.94,1767.38,1767.38,1128.58,634.528,634.528,2340.47,22.9724,1678.78
1536,2017-03-17,00:00:00.00,85.3393,3060.81,71.815,39.6789,0,0,1130.83,58.5138,0,0,0,96.9232,0,0,71.815,71.815,39.6789,39.6789,1193.51,1166.69,735.48,3492.02,3588.94,1767.38,1767.38,1128.58,634.528,634.528,2340.47,22.9724,1681.68
1537,2017-03-18,00:00:00.00,85.3393,3060.81,71.815,39.7467,0,0,1132.73,58.5138,0,0,0,96.9669,0,0,71.815,71.815,39.7467,39.7467,1193.51,1166.69,735.48,3492.02,3588.99,1767.4,1767.4,1128.58,634.808,634.808,2340.47,22.9724,1684.23
1538,2017-03-19,00:00:00.00,85.3393,3060.81,71.815,39.7467,0,0,1132.73,58.5138,0,0,0,96.9669,0,0,71.815,71.815,39.7467,39.7467,1193.51,1166.69,735.48,3492.02,3588.99,1767.52,1767.52,1128.58,635.472,635.472,2340.47,22.9724,1686.45
1539,2017-03-20,00:00:00.00,85.3393,3060.81,71.815,39.7467,0,0,1132.73,58.5138,0,0,0,96.9669,0,0,71.815,71.815,39.7467,39.7467,1201.57,1174.17,735.601,3499.38,3596.35,1768.4,1768.4,1129.2,636.351,636.351,2347.21,22.9724,1689.05
1540,2017-03-21,00:00:00.00,85.3393,3062.72,71.8662,39.7467,0,0,1132.73,58.5171,0,0,0,97.0105,0,0,71.8662,71.8662,39.7467,39.7467,1202.16,1174.79,735.645,3501.86,3598.87,1769.23,1769.23,1129.95,637.229,637.229,2348.94,22.9724,1691.46
1541,2017-03-22,00:00:00.00,85.3393,3062.72,71.8662,39.7467,0,0,1132.73,58.5171,0,0,0,97.0105,0,0,71.8662,71.8662,39.7467,39.7467,1203.44,1176.11,735.668,3503.17,3600.18,1770.11,1770.11,1130.06,638.108,638.108,2350.13,22.9724,1693.65
1542,2017-03-23,00:00:00.00,85.8473,3062.72,71.8662,39.7467,0,0,1132.73,58.5171,0,0,0,97.0105,0,0,71.8662,71.8662,39.7467,39.7467,1203.44,1176.11,735.668,3503.17,3600.18,1770.11,1770.11,1130.06,638.108,638.108,2350.13,22.9724,1695.61
1543,2017-03-24,00:00:00.00,85.8473,3062.72,71.8662,40.0008,0,0,1139.84,58.5171,0,0,0,97.1743,0,0,71.8662,71.8662,40.0008,40.0008,1203.44,1176.11,735.668,3503.17,3600.34,1770.11,1770.11,1130.06,638.108,638.108,2350.13,22.9724,1697.36
1544,2017-03-25,00:00:00.00,85.8473,3066.74,71.9943,40.0008,0,0,1139.84,59.2901,0,0,0,97.2836,0,0,71.9943,71.9943,40.0008,40.0008,1211.37,1184.31,735.921,3515.13,3612.41,1770.86,1770.86,1130.9,638.986,638.986,2361.26,22.9724,1700.01
1545,2017-03-26,00:00:00.00,85.8473,3071.48,72.1213,40.0091,0,0,1140.08,59.2901,0,0,0,97.3971,0,0,72.1213,72.1213,40.0091,40.0091,1211.88,1184.83,736.019,3520.29,3617.69,1771.6,1771.6,1131.7,639.865,639.865,2365.62,22.9724,1702.76
1546,2017-03-27,00:00:00.00,85.8473,3078.95,72.3211,40.0091,0,0,1140.08,59.2901,0,0,0,97.5675,0,0,72.3211,72.3211,40.0091,40.0091,1212.66,1185.64,736.165,3528.42,3625.99,1772.32,1772.32,1132.46,640.744,640.744,2372.99,22.9724,1705.9
1547,2017-03-28,00:00:00.00,85.8473,3079.33,72.3314,40.0091,0,0,1140.08,59.2901,0,0,0,97.5762,0,0,72.3314,72.3314,40.0091,40.0091,1214.73,1187.78,736.19,3530.92,3628.5,1773.19,1773.19,1132.85,641.622,641.622,2375.1,22.9724,1708.84
1548,2017-03-29,00:00:00.00,85.8473,3079.33,72.3314,40.0091,0,0,1140.08,59.2901,0,0,0,97.5762,0,0,72.3314,72.3314,40.0091,40.0091,1215.52,1188.6,736.198,3531.74,3629.31,1774.07,1774.07,1132.93,642.501,642.501,2375.83,22.9724,1711.45
1549,2017-03-30,00:00:00.00,85.8473,3079.33,72.3314,40.0091,0,0,1140.08,59.2901,0,0,0,97.5762,0,0,72.3314,72.3314,40.0091,40.0091,1216.81,1189.94,736.214,3533.06,3630.63,1774.95,1774.95,1133.01,643.38,643.38,2377.07,22.9724,1713.82
1550,2017-03-31,00:00:00.00,85.8473,3081.35,72.3854,40.0393,0,0,1140.92,59.2901,0,0,0,97.6418,0,0,72.3854,72.3854,40.0393,40.0393,1217.71,1190.84,736.295,3535.89,3633.53,1775.74,1775.74,1134.14,644.258,644.258,2378.78,22.9724,1716.02
1551,2017-04-01,00:00:00.00,85.8473,3082.35,72.4121,40.065,0,0,1141.64,59.2901,0,0,0,97.6811,0,0,72.4121,72.4121,40.065,40.065,1218.41,1191.54,736.339,3537.54,3635.22,1776.57,1776.57,1135.2,645.137,645.137,2379.37,22.9724,1717.96
1552,2017-04-02,00:00:00.00,85.8473,3082.35,72.4121,40.065,0,0,1141.64,59.2901,0,0,0,97.6811,0,0,72.4121,72.4121,40.065,40.065,1219.98,1193.16,736.359,3539.15,3636.83,1777.69,1777.69,1135.3,646.256,646.256,2380.88,22.9724,1719.74
1553,2017-04-03,00:00:00.00,85.8473,3083.3,72.4377,40.065,0,0,1141.64,59.2901,0,0,0,97.7029,0,0,72.4377,72.4377,40.065,40.065,1222.24,1195.5,736.42,3542.38,3640.09,1780.11,1780.11,1136.24,648.702,648.702,2383.18,22.9724,1721.31
1554,2017-04-04,00:00:00.00,85.8473,3101.3,72.9188,40.065,0,0,1141.64,59.2901,0,0,0,98.1135,0,0,72.9188,72.9188,40.065,40.065,1224.93,1198.29,737.147,3562.44,3660.55,1782.3,1782.3,1137.82,651.355,651.355,2401.64,22.9724,1724.4
1555,2017-04-05,00:00:00.00,85.8473,3110.11,73.1545,40.065,0,0,1141.64,59.2901,0,0,0,98.3145,0,0,73.1545,73.1545,40.065,40.065,1227.1,1200.53,737.501,3573.14,3671.45,1784.72,1784.72,1139.5,654.008,654.008,2410.66,22.9724,1727.83
1556,2017-04-06,00:00:00.00,85.8473,3112.02,73.2058,40.065,0,0,1141.64,59.2901,0,0,0,98.3582,0,0,73.2058,73.2058,40.065,40.065,1227.49,1200.93,737.581,3575.37,3673.73,1787.11,1787.11,1141.23,656.454,656.454,2411.17,22.9724,1730.7
1557,2017-04-07,00:00:00.00,85.8473,3133.93,73.7115,40.1666,0,0,1144.49,59.2901,0,0,0,98.9217,0,0,73.7115,73.7115,40.1666,40.1666,1230.34,1203.78,738.615,3599.09,3698.01,1787.56,1787.56,1142.6,657.077,657.077,2433.52,22.9724,1735.57
1558,2017-04-08,00:00:00.00,85.8473,3133.93,73.7115,40.1666,0,0,1144.49,59.2901,0,0,0,98.9217,0,0,73.7115,73.7115,40.1666,40.1666,1230.34,1203.78,738.615,3599.09,3698.01,1787.56,1787.56,1142.6,657.077,657.077,2433.52,22.9724,1739.93
1559,2017-04-09,00:00:00.00,85.8473,3133.93,73.7115,40.1666,0,0,1144.49,59.2901,0,0,0,98.9217,0,0,73.7115,73.7115,40.1666,40.1666,1230.34,1203.78,738.615,3599.09,3698.01,1788.85,1788.85,1142.6,658.362,658.362,2433.52,22.9724,1743.68
1560,2017-04-10,00:00:00.00,85.8473,3133.93,73.7115,40.1666,0,0,1144.49,59.2901,0,0,0,98.9217,0,0,73.7115,73.7115,40.1666,40.1666,1230.34,1203.78,738.615,3599.09,3698.01,1791.5,1791.5,1142.6,661.015,661.015,2433.52,22.9724,1746.75
1561,2017-04-11,00:00:00.00,85.8473,3142.16,73.9319,40.1666,0,0,1144.49,59.2901,0,0,0,99.1095,0,0,73.9319,73.9319,40.1666,40.1666,1230.34,1203.78,739.046,3606.89,3706,1793.94,1793.94,1144.82,663.668,663.668,2439.1,22.9724,1749.81
1562,2017-04-12,00:00:00.00,85.8473,3142.16,73.9319,40.1666,0,0,1144.49,59.2901,0,0,0,99.1095,0,0,73.9319,73.9319,40.1666,40.1666,1230.34,1203.78,739.046,3606.89,3706,1796.59,1796.59,1144.82,666.321,666.321,2439.1,22.9724,1752.26
1563,2017-04-13,00:00:00.00,85.8473,3142.16,73.9319,40.1666,0,0,1144.49,59.2901,0,0,0,99.1095,0,0,73.9319,73.9319,40.1666,40.1666,1230.34,1203.78,739.046,3606.89,3706,1796.88,1796.88,1144.82,666.611,666.611,2439.1,22.9724,1754.41
1564,2017-04-14,00:00:00.00,85.8473,3142.16,73.9319,40.1666,0,0,1144.49,59.2901,0,0,0,99.1095,0,0,73.9319,73.9319,40.1666,40.1666,1230.34,1203.78,739.046,3606.89,3706,1798.66,1798.66,1144.82,668.394,668.394,2439.1,22.9724,1756.15
1565,2017-04-15,00:00:00.00,85.8473,3142.16,73.9319,40.1666,0,0,1144.49,59.2901,0,0,0,99.1095,0,0,73.9319,73.9319,40.1666,40.1666,1230.34,1203.78,739.046,3606.89,3706,1801.31,1801.31,1144.82,671.047,671.047,2439.1,22.9724,1757.42
1566,2017-04-16,00:00:00.00,85.8473,3146.18,74.0395,40.1666,0,0,1144.49,59.2901,0,0,0,99.2013,0,0,74.0395,74.0395,40.1666,40.1666,1230.34,1203.78,739.414,3610.54,3709.75,1803.86,1803.86,1148.39,673.7,673.7,2439.18,22.9724,1758.28
1567,2017-04-17,00:00:00.00,85.8473,3147.9,74.0856,40.1666,0,0,1144.49,59.2901,0,0,0,99.2406,0,0,74.0856,74.0856,40.1666,40.1666,1230.34,1203.78,739.559,3612.12,3711.36,1806.47,1806.47,1149.97,676.353,676.353,2439.18,22.9724,1758.76
1568,2017-04-18,00:00:00.00,85.8473,3147.9,74.0856,40.1666,0,0,1144.49,59.2901,0,0,0,99.2406,0,0,74.0856,74.0856,40.1666,40.1666,1230.34,1203.78,739.559,3612.12,3711.36,1808.91,1808.91,1149.97,678.2,678.2,2439.18,22.9724,1759
1569,2017-04-19,00:00:00.00,85.8473,3148.09,74.0907,40.1666,0,0,1144.49,59.2901,0,0,0,99.245,0,0,74.0907,74.0907,40.1666,40.1666,1230.34,1203.78,739.579,3612.3,3711.54,1809.86,1809.86,1150.14,678.344,678.344,2439.18,22.9724,1759.19
1570,2017-04-20,00:00:00.00,85.8473,3149.82,74.1368,40.1666,0,0,1144.49,59.2901,0,0,0,99.2843,0,0,74.1368,74.1368,40.1666,40.1666,1230.34,1203.78,739.763,3613.83,3713.12,1812.47,1812.47,1151.68,678.746,678.746,2439.18,22.9724,1759.33
1571,2017-04-21,00:00:00.00,85.8473,3170.15,74.6426,40.1666,0,0,1144.49,59.2901,0,0,0,99.7473,0,0,74.6426,74.6426,40.1666,40.1666,1230.34,1203.78,742.038,3631.89,3731.64,1813.78,1813.78,1155.34,678.99,678.99,2453.58,22.9724,1760.95
1572,2017-04-22,00:00:00.00,85.8473,3170.15,74.6426,40.1666,0,0,1144.49,59.2901,0,0,0,99.7473,0,0,74.6426,74.6426,40.1666,40.1666,1230.34,1203.78,742.038,3631.89,3731.64,1816.22,1816.22,1155.34,681.436,681.436,2453.58,22.9724,1762.14
1573,2017-04-23,00:00:00.00,85.8473,3170.15,74.6426,40.1666,0,0,1144.49,59.2901,0,0,0,99.7473,0,0,74.6426,74.6426,40.1666,40.1666,1230.34,1203.78,742.038,3631.89,3731.64,1818.88,1818.88,1155.34,684.089,684.089,2453.58,22.9724,1762.93
1574,2017-04-24,00:00:00.00,85.8473,3170.15,74.6426,40.1666,0,0,1144.49,59.2901,0,0,0,99.7473,0,0,74.6426,74.6426,40.1666,40.1666,1230.34,1203.78,742.038,3631.89,3731.64,1821.53,1821.53,1155.34,686.742,686.742,2453.58,22.9724,1763.34
1575,2017-04-25,00:00:00.00,85.8473,3170.53,74.6529,40.1666,0,0,1144.49,59.2901,0,0,0,99.7561,0,0,74.6529,74.6529,40.1666,40.1666,1230.34,1203.78,742.088,3632.22,3731.98,1824.17,1824.17,1155.68,689.393,689.393,2453.58,22.9724,1763.43
1576,2017-04-26,00:00:00.00,85.8473,3174.36,74.7553,40.1666,0,0,1144.49,59.2901,0,0,0,99.8434,0,0,74.7553,74.7553,40.1666,40.1666,1230.34,1203.78,742.636,3635.5,3735.35,1826.52,1826.52,1158.96,690.069,690.069,2453.58,22.9724,1763.44
1577,2017-04-27,00:00:00.00,85.8473,3174.36,74.7553,40.1666,0,0,1144.49,59.2901,0,0,0,99.8434,0,0,74.7553,74.7553,40.1666,40.1666,1230.34,1203.78,742.636,3635.5,3735.35,1829.17,1829.17,1158.96,690.136,690.136,2453.58,22.9724,1763.44
1578,2017-04-28,00:00:00.00,85.8473,3179.15,74.8834,40.1666,0,0,1144.49,59.2901,0,0,0,99.9526,0,0,74.8834,74.8834,40.1666,40.1666,1230.34,1203.78,743.355,3639.57,3739.52,1831.69,1831.69,1163.02,690.136,690.136,2453.58,22.9724,1763.44
1579,2017-04-29,00:00:00.00,85.8473,3179.15,74.8834,40.1666,0,0,1144.49,59.2901,0,0,0,99.9526,0,0,74.8834,74.8834,40.1666,40.1666,1230.34,1203.78,743.355,3639.57,3739.52,1834.35,1834.35,1163.02,690.136,690.136,2453.58,22.9724,1763.44
1580,2017-04-30,00:00:00.00,85.8473,3181.06,74.9347,40.1666,0,0,1144.49,59.2901,0,0,0,99.9963,0,0,74.9347,74.9347,40.1666,40.1666,1230.34,1203.78,743.648,3641.19,3741.19,1836.95,1836.95,1164.65,690.136,690.136,2453.58,22.9724,1763.44
1581,2017-05-01,00:00:00.00,85.8473,3191.78,75.2216,40.1666,0,0,1144.49,59.2901,0,0,0,100.241,0,0,75.2216,75.2216,40.1666,40.1666,1230.34,1203.78,745.327,3650.24,3750.48,1837.44,1837.44,1169.68,690.136,690.136,2457.58,22.9724,1763.87
1582,2017-05-02,00:00:00.00,85.8473,3202.7,75.5136,40.1666,0,0,1144.49,59.2901,0,0,0,100.49,0,0,75.5136,75.5136,40.1666,40.1666,1230.34,1203.78,746.636,3659.84,3760.33,1837.44,1837.44,1173.54,690.136,690.136,2463.32,22.9724,1764.86
1583,2017-05-03,00:00:00.00,85.8473,3209.01,75.6827,40.1666,0,0,1144.49,59.2901,0,0,0,100.634,0,0,75.6827,75.6827,40.1666,40.1666,1230.34,1203.78,747.208,3665.59,3766.22,1837.44,1837.44,1176.58,690.136,690.136,2466.04,22.9724,1766.04
1584,2017-05-04,00:00:00.00,85.8473,3209.01,75.6827,40.1666,0,0,1144.49,59.2901,0,0,0,100.634,0,0,75.6827,75.6827,40.1666,40.1666,1230.34,1203.78,747.208,3665.59,3766.22,1837.44,1837.44,1176.58,690.136,690.136,2466.04,22.9724,1767.09
1585,2017-05-05,00:00:00.00,85.8473,3239.18,76.1885,40.1666,0,0,1144.49,59.2901,0,0,0,101.316,0,0,76.1885,76.1885,40.1666,40.1666,1230.34,1203.78,749.331,3693.62,3794.94,1837.44,1837.44,1178.65,690.136,690.136,2492,22.9724,1770.79
1586,2017-05-06,00:00:00.00,85.8473,3253.15,76.5625,40.1666,0,0,1144.49,59.2901,0,0,0,101.634,0,0,76.5625,76.5625,40.1666,40.1666,1230.34,1203.78,749.996,3706.94,3808.57,1837.44,1837.44,1180.22,690.136,690.136,2503.74,22.9724,1775.36
1587,2017-05-07,00:00:00.00,85.8473,3258.51,76.706,40.1666,0,0,1144.49,59.2901,0,0,0,101.757,0,0,76.706,76.706,40.1666,40.1666,1230.34,1203.78,750.188,3712.1,3813.86,1837.44,1837.44,1181.46,690.136,690.136,2507.68,22.9724,1779.85
1588,2017-05-08,00:00:00.00,85.8473,3258.51,76.706,40.1666,0,0,1144.49,59.2901,0,0,0,101.757,0,0,76.706,76.706,40.1666,40.1666,1230.34,1203.78,750.188,3712.1,3813.86,1837.44,1837.44,1181.46,690.136,690.136,2507.68,22.9724,1783.87
1589,2017-05-09,00:00:00.00,85.8473,3258.51,76.706,40.1666,0,0,1144.49,59.2901,0,0,0,101.757,0,0,76.706,76.706,40.1666,40.1666,1230.34,1203.78,750.188,3712.1,3813.86,1837.44,1837.44,1181.46,690.136,690.136,2507.68,22.9724,1787.45
1590,2017-05-10,00:00:00.00,85.8473,3258.51,76.706,40.1666,0,0,1144.49,59.2901,0,0,0,101.757,0,0,76.706,76.706,40.1666,40.1666,1230.34,1203.78,750.188,3712.1,3813.86,1837.44,1837.44,1181.46,690.136,690.136,2507.68,22.9724,1790.66
1591,2017-05-11,00:00:00.00,85.8473,3258.51,76.706,40.1666,0,0,1144.49,59.2901,0,0,0,101.757,0,0,76.706,76.706,40.1666,40.1666,1230.34,1203.78,750.188,3712.1,3813.86,1837.44,1837.44,1181.46,690.136,690.136,2507.68,22.9724,1793.52
1592,2017-05-12,00:00:00.00,85.8473,3258.51,76.706,40.1666,0,0,1144.49,59.2901,0,0,0,101.757,0,0,76.706,76.706,40.1666,40.1666,1230.34,1203.78,750.188,3712.1,3813.86,1837.44,1837.44,1181.46,690.136,690.136,2507.68,22.9724,1796.08
1593,2017-05-13,00:00:00.00,85.8473,3258.51,76.706,40.1666,0,0,1144.49,59.2901,0,0,0,101.757,0,0,76.706,76.706,40.1666,40.1666,1230.34,1203.78,750.188,3712.1,3813.86,1837.44,1837.44,1181.46,690.136,690.136,2507.68,22.9724,1798.37
1594,2017-05-14,00:00:00.00,85.8473,3258.51,76.706,40.1666,0,0,1144.49,59.2901,0,0,0,101.757,0,0,76.706,76.706,40.1666,40.1666,1230.34,1203.78,750.188,3712.1,3813.86,1838.86,1838.86,1181.46,691.558,691.558,2507.68,22.9724,1800.26
1595,2017-05-15,00:00:00.00,85.8473,3258.7,76.7111,40.1666,0,0,1144.49,59.2901,0,0,0,101.761,0,0,76.7111,76.7111,40.1666,40.1666,1230.34,1203.78,750.195,3712.29,3814.05,1838.86,1838.86,1181.64,691.558,691.558,2507.68,22.9724,1801.95
1596,2017-05-16,00:00:00.00,85.8473,3258.7,76.7111,40.1666,0,0,1144.49,59.2901,0,0,0,101.761,0,0,76.7111,76.7111,40.1666,40.1666,1230.34,1203.78,750.195,3712.29,3814.05,1839.59,1839.59,1181.64,692.282,692.282,2507.68,22.9724,1803.38
1597,2017-05-17,00:00:00.00,85.8473,3259.09,76.7214,40.1666,0,0,1144.49,59.2901,0,0,0,101.77,0,0,76.7214,76.7214,40.1666,40.1666,1230.34,1203.78,750.209,3712.66,3814.43,1841.7,1841.7,1182.01,694.401,694.401,2507.68,22.9724,1804.44
1598,2017-05-18,00:00:00.00,85.8473,3259.09,76.7214,40.1666,0,0,1144.49,59.2901,0,0,0,101.77,0,0,76.7214,76.7214,40.1666,40.1666,1230.34,1203.78,750.209,3712.66,3814.43,1847.28,1847.28,1182.01,699.982,699.982,2507.68,22.9724,1804.78
1599,2017-05-19,00:00:00.00,85.8473,3259.47,76.7316,40.1666,0,0,1144.49,59.2901,0,0,0,101.779,0,0,76.7316,76.7316,40.1666,40.1666,1230.34,1203.78,750.239,3713.01,3814.79,1852.85,1852.85,1182.36,702.892,702.892,2507.68,22.9724,1804.78
1600,2017-05-20,00:00:00.00,85.8473,3259.47,76.7316,40.1666,0,0,1144.49,59.2901,0,0,0,101.779,0,0,76.7316,76.7316,40.1666,40.1666,1230.34,1203.78,750.239,3713.01,3814.79,1852.85,1852.85,1182.36,702.892,702.892,2507.68,22.9724,1804.78
1601,2017-05-21,00:00:00.00,85.8473,3263.49,76.8392,40.1666,0,0,1144.49,59.2901,0,0,0,101.87,0,0,76.8392,76.8392,40.1666,40.1666,1230.34,1203.78,750.67,3716.6,3818.47,1852.85,1852.85,1185.91,702.892,702.892,2507.72,22.9724,1804.79
1602,2017-05-22,00:00:00.00,85.8473,3280.72,77.3003,40.1666,0,0,1144.49,59.2901,0,0,0,102.263,0,0,77.3003,77.3003,40.1666,40.1666,1230.34,1203.78,752.13,3732.37,3834.64,1852.85,1852.85,1188.6,702.892,702.892,2520.8,22.9724,1806.19
1603,2017-05-23,00:00:00.00,85.8473,3280.91,77.3055,40.1666,0,0,1144.49,59.2901,0,0,0,102.268,0,0,77.3055,77.3055,40.1666,40.1666,1230.34,1203.78,752.141,3732.55,3834.82,1854.61,1854.61,1188.78,704.663,704.663,2520.8,22.9724,1807.25
1604,2017-05-24,00:00:00.00,85.8473,3280.91,77.3055,40.1666,0,0,1144.49,59.2901,0,0,0,102.268,0,0,77.3055,77.3055,40.1666,40.1666,1230.34,1203.78,752.141,3732.55,3834.82,1857.78,1857.78,1188.78,707.829,707.829,2520.8,22.9724,1807.86
1605,2017-05-25,00:00:00.00,85.8473,3289.15,77.5258,40.1666,0,0,1144.49,59.2901,0,0,0,102.456,0,0,77.5258,77.5258,40.1666,40.1666,1230.34,1203.78,752.866,3740.06,3842.52,1863.14,1863.14,1192.7,712.942,712.942,2524.38,22.9724,1808.24
1606,2017-05-26,00:00:00.00,85.8473,3304.27,77.9305,40.1666,0,0,1144.49,59.2901,0,0,0,102.801,0,0,77.9305,77.9305,40.1666,40.1666,1230.34,1203.78,754.259,3753.79,3856.59,1863.41,1863.41,1195.69,713.317,713.317,2535.13,22.9724,1809.68
1607,2017-05-27,00:00:00.00,85.8473,3305.04,77.951,40.1666,0,0,1144.49,59.2901,0,0,0,102.818,0,0,77.951,77.951,40.1666,40.1666,1230.34,1203.78,754.312,3754.51,3857.32,1867.6,1867.6,1196.41,717.529,717.529,2535.13,22.9724,1810.53
1608,2017-05-28,00:00:00.00,85.8473,3305.04,77.951,40.1666,0,0,1144.49,59.2901,0,0,0,102.818,0,0,77.951,77.951,40.1666,40.1666,1230.34,1203.78,754.312,3754.51,3857.32,1873.18,1873.18,1196.41,723.054,723.054,2535.13,22.9724,1810.69
1609,2017-05-29,00:00:00.00,85.8473,3305.42,77.9613,40.1666,0,0,1144.49,59.2901,0,0,0,102.827,0,0,77.9613,77.9613,40.1666,40.1666,1230.34,1203.78,754.357,3754.84,3857.67,1878.75,1878.75,1196.74,724.435,724.435,2535.13,22.9724,1810.69
1610,2017-05-30,00:00:00.00,85.8473,3317.1,78.2738,40.1666,0,0,1144.49,59.2901,0,0,0,103.093,0,0,78.2738,78.2738,40.1666,40.1666,1230.34,1203.78,756.113,3764.77,3867.86,1884.02,1884.02,1202.47,724.435,724.435,2539.32,22.9724,1811.14
1611,2017-05-31,00:00:00.00,85.8473,3322.08,78.407,40.1666,0,0,1144.49,59.2901,0,0,0,103.207,0,0,78.407,78.407,40.1666,40.1666,1230.34,1203.78,756.797,3769.06,3872.27,1889.47,1889.47,1206.76,728.184,728.184,2539.32,22.9724,1811.14
1612,2017-06-01,00:00:00.00,85.8473,3322.08,78.407,40.1666,0,0,1144.49,59.2901,0,0,0,103.207,0,0,78.407,78.407,40.1666,40.1666,1230.34,1203.78,756.797,3769.06,3872.27,1893.68,1893.68,1206.76,728.184,728.184,2539.32,22.9724,1811.14
1613,2017-06-02,00:00:00.00,85.8473,3322.08,78.407,40.1666,0,0,1144.49,59.2901,0,0,0,103.207,0,0,78.407,78.407,40.1666,40.1666,1230.34,1203.78,756.797,3769.06,3872.27,1893.68,1893.68,1206.76,728.184,728.184,2539.32,22.9724,1811.14
1614,2017-06-03,00:00:00.00,85.8473,3322.08,78.407,40.1666,0,0,1144.49,59.2901,0,0,0,103.207,0,0,78.407,78.407,40.1666,40.1666,1230.34,1203.78,756.797,3769.06,3872.27,1893.68,1893.68,1206.76,728.184,728.184,2539.32,22.9724,1811.14
1615,2017-06-04,00:00:00.00,85.8473,3329.16,78.5966,40.1666,0,0,1144.49,59.2901,0,0,0,103.369,0,0,78.5966,78.5966,40.1666,40.1666,1230.34,1203.78,757.968,3774.97,3878.34,1893.68,1893.68,1212.08,728.184,728.184,2539.92,22.9724,1811.2
1616,2017-06-05,00:00:00.00,85.8473,3331.27,78.653,40.1666,0,0,1144.49,59.2901,0,0,0,103.417,0,0,78.653,78.653,40.1666,40.1666,1230.34,1203.78,758.235,3776.81,3880.23,1897.23,1897.23,1213.92,728.72,728.72,2539.92,22.9724,1811.2
1617,2017-06-06,00:00:00.00,85.8473,3332.03,78.6735,40.1666,0,0,1144.49,59.2901,0,0,0,103.434,0,0,78.6735,78.6735,40.1666,40.1666,1230.34,1203.78,758.338,3777.47,3880.91,1897.23,1897.23,1214.58,728.72,728.72,2539.92,22.9724,1811.2
1618,2017-06-07,00:00:00.00,85.8473,3332.03,78.6735,40.1666,0,0,1144.49,59.2901,0,0,0,103.434,0,0,78.6735,78.6735,40.1666,40.1666,1230.34,1203.78,758.338,3777.47,3880.91,1897.23,1897.23,1214.58,728.72,728.72,2539.92,22.9724,1811.2
1619,2017-06-08,00:00:00.00,85.8473,3332.03,78.6735,40.1666,0,0,1144.49,59.2901,0,0,0,103.434,0,0,78.6735,78.6735,40.1666,40.1666,1230.34,1203.78,758.338,3777.47,3880.91,1897.23,1897.23,1214.58,728.72,728.72,2539.92,22.9724,1811.2
1620,2017-06-09,00:00:00.00,85.8473,3332.03,78.6735,40.1666,0,0,1144.49,59.2901,0,0,0,103.434,0,0,78.6735,78.6735,40.1666,40.1666,1230.34,1203.78,758.338,3777.47,3880.91,1897.23,1897.23,1214.58,728.72,728.72,2539.92,22.9724,1811.2
1621,2017-06-10,00:00:00.00,85.8473,3332.03,78.6735,40.1666,0,0,1144.49,59.2901,0,0,0,103.434,0,0,78.6735,78.6735,40.1666,40.1666,1230.34,1203.78,758.338,3777.47,3880.91,1900.37,1900.37,1214.58,728.72,728.72,2539.92,22.9724,1811.2
1622,2017-06-11,00:00:00.00,85.8473,3332.03,78.6735,40.1666,0,0,1144.49,59.2901,0,0,0,103.434,0,0,78.6735,78.6735,40.1666,40.1666,1230.34,1203.78,758.338,3777.47,3880.91,1907.7,1907.7,1214.58,728.72,728.72,2539.92,22.9724,1811.2
1623,2017-06-12,00:00:00.00,85.8473,3332.03,78.6735,40.1666,0,0,1144.49,59.2901,0,0,0,103.434,0,0,78.6735,78.6735,40.1666,40.1666,1230.34,1203.78,758.338,3777.47,3880.91,1915.15,1915.15,1214.58,728.72,728.72,2539.92,22.9724,1811.2
1624,2017-06-13,00:00:00.00,85.8473,3332.03,78.6735,40.1666,0,0,1144.49,59.2901,0,0,0,103.434,0,0,78.6735,78.6735,40.1666,40.1666,1230.34,1203.78,758.338,3777.47,3880.91,1922.61,1922.61,1214.58,728.72,728.72,2539.92,22.9724,1811.2
1625,2017-06-14,00:00:00.00,85.8473,3332.8,78.694,40.1666,0,0,1144.49,59.2901,0,0,0,103.452,0,0,78.694,78.694,40.1666,40.1666,1230.34,1203.78,758.563,3778.02,3881.47,1929.4,1929.4,1215.12,728.72,728.72,2539.92,22.9724,1811.2
1626,2017-06-15,00:00:00.00,85.8473,3332.8,78.694,40.1666,0,0,1144.49,59.2901,0,0,0,103.452,0,0,78.694,78.694,40.1666,40.1666,1230.34,1203.78,758.563,3778.02,3881.47,1933.04,1933.04,1215.12,728.72,728.72,2539.92,22.9724,1811.2
1627,2017-06-16,00:00:00.00,85.8473,3350.22,79.1602,40.1666,0,0,1144.49,59.2901,0,0,0,103.849,0,0,79.1602,79.1602,40.1666,40.1666,1230.34,1203.78,764.931,3789.07,3892.92,1933.04,1933.04,1224.88,728.72,728.72,2541.22,22.9724,1811.34
1628,2017-06-17,00:00:00.00,85.8473,3351.56,79.1961,40.1666,0,0,1144.49,59.2901,0,0,0,103.88,0,0,79.1961,79.1961,40.1666,40.1666,1230.34,1203.78,765.264,3790.08,3893.96,1940.45,1940.45,1225.88,729.878,729.878,2541.22,22.9724,1811.34
1629,2017-06-18,00:00:00.00,85.8473,3366.88,79.606,40.1666,0,0,1144.49,59.2901,0,0,0,104.229,0,0,79.606,79.606,40.1666,40.1666,1230.34,1203.78,769.713,3800.94,3905.17,1947.47,1947.47,1235.46,729.878,729.878,2542.52,22.9724,1811.48
1630,2017-06-19,00:00:00.00,85.8473,3373.77,79.7904,40.1666,0,0,1144.49,59.2901,0,0,0,104.387,0,0,79.7904,79.7904,40.1666,40.1666,1230.34,1203.78,771.385,3806.17,3910.55,1954.74,1954.74,1240.68,731.036,731.036,2542.52,22.9724,1811.48
1631,2017-06-20,00:00:00.00,85.8473,3378.56,79.9185,40.1666,0,0,1144.49,59.2901,0,0,0,104.496,0,0,79.9185,79.9185,40.1666,40.1666,1230.34,1203.78,772.558,3809.78,3914.27,1960.54,1960.54,1244.29,731.036,731.036,2542.52,22.9724,1811.48
1632,2017-06-21,00:00:00.00,85.8473,3393.3,80.313,40.1666,0,0,1144.49,59.2901,0,0,0,104.832,0,0,80.313,80.313,40.1666,40.1666,1230.34,1203.78,776.271,3820.81,3925.64,1963.29,1963.29,1252.17,731.036,731.036,2545.67,22.9724,1811.82
1633,2017-06-22,00:00:00.00,85.8473,3393.3,80.313,40.1666,0,0,1144.49,59.2901,0,0,0,104.832,0,0,80.313,80.313,40.1666,40.1666,1230.34,1203.78,776.271,3820.81,3925.64,1964.1,1964.1,1252.17,731.846,731.846,2545.67,22.9724,1812.03
1634,2017-06-23,00:00:00.00,85.8473,3471.43,80.8188,40.1666,0,0,1144.49,59.2901,0,0,0,106.579,0,0,80.8188,80.8188,40.1666,40.1666,1230.34,1203.78,791.857,3883.35,3989.93,1966.73,1966.73,1256.32,733.638,733.638,2593.35,33.6816,1817.11
1635,2017-06-24,00:00:00.00,85.8473,3472.38,80.8445,40.1666,0,0,1144.49,59.2901,0,0,0,106.601,0,0,80.8445,80.8445,40.1666,40.1666,1230.34,1203.78,791.951,3884.21,3990.81,1974.16,1974.16,1257.19,741.092,741.092,2593.35,33.6816,1820.85
1636,2017-06-25,00:00:00.00,85.8473,3472.38,80.8445,40.1666,0,0,1144.49,59.2901,0,0,0,106.601,0,0,80.8445,80.8445,40.1666,40.1666,1230.34,1203.78,791.951,3884.21,3990.81,1977.3,1977.3,1257.19,744.232,744.232,2593.35,33.6816,1823.86
1637,2017-06-26,00:00:00.00,85.8473,3474.49,80.9008,40.1666,0,0,1144.49,59.2901,0,0,0,106.649,0,0,80.9008,80.9008,40.1666,40.1666,1230.34,1203.78,792.274,3885.99,3992.64,1977.3,1977.3,1258.97,744.232,744.232,2593.35,33.6816,1826.56
1638,2017-06-27,00:00:00.00,85.8473,3474.68,80.9059,40.1666,0,0,1144.49,59.2901,0,0,0,106.654,0,0,80.9059,80.9059,40.1666,40.1666,1230.34,1203.78,792.301,3886.16,3992.81,1977.3,1977.3,1259.13,744.232,744.232,2593.35,33.6816,1828.96
1639,2017-06-28,00:00:00.00,85.8473,3476.02,80.9418,40.1666,0,0,1144.49,59.2901,0,0,0,106.684,0,0,80.9418,80.9418,40.1666,40.1666,1230.34,1203.78,792.489,3887.31,3994,1977.3,1977.3,1260.29,744.232,744.232,2593.35,33.6816,1831.11
1640,2017-06-29,00:00:00.00,85.8473,3478.51,81.0084,40.1666,0,0,1144.49,59.2901,0,0,0,106.741,0,0,81.0084,81.0084,40.1666,40.1666,1230.34,1203.78,792.817,3889.47,3996.21,1977.58,1977.58,1262.45,744.577,744.577,2593.35,33.6816,1832.99
1641,2017-06-30,00:00:00.00,85.8473,3490.57,81.3312,40.1666,0,0,1144.49,59.2901,0,0,0,107.016,0,0,81.3312,81.3312,40.1666,40.1666,1230.34,1203.78,794.255,3900.1,4007.11,1983.66,1983.66,1267.39,750.978,750.978,2599.02,33.6816,1834.59
1642,2017-07-01,00:00:00.00,85.8473,3491.91,81.3671,40.1666,0,0,1144.49,59.2901,0,0,0,107.047,0,0,81.3671,81.3671,40.1666,40.1666,1230.34,1203.78,794.412,3901.28,4008.33,1991.08,1991.08,1268.57,758.432,758.432,2599.02,33.6816,1835.23
1643,2017-07-02,00:00:00.00,85.8473,3492.87,81.3927,40.1666,0,0,1144.49,59.2901,0,0,0,107.069,0,0,81.3927,81.3927,40.1666,40.1666,1230.34,1203.78,794.559,3902.09,4009.16,1994.52,1994.52,1269.38,761.893,761.893,2599.02,33.6816,1835.43
1644,2017-07-03,00:00:00.00,85.8473,3492.87,81.3927,40.1666,0,0,1144.49,59.2901,0,0,0,107.069,0,0,81.3927,81.3927,40.1666,40.1666,1230.34,1203.78,794.559,3902.09,4009.16,1994.52,1994.52,1269.38,761.893,761.893,2599.02,33.6816,1835.61
1645,2017-07-04,00:00:00.00,85.8473,3492.87,81.3927,40.1666,0,0,1144.49,59.2901,0,0,0,107.069,0,0,81.3927,81.3927,40.1666,40.1666,1230.34,1203.78,794.559,3902.09,4009.16,1994.99,1994.99,1269.38,762.361,762.361,2599.02,33.6816,1835.73
1646,2017-07-05,00:00:00.00,85.8473,3492.87,81.3927,40.1666,0,0,1144.49,59.2901,0,0,0,107.069,0,0,81.3927,81.3927,40.1666,40.1666,1230.34,1203.78,794.559,3902.09,4009.16,1994.99,1994.99,1269.38,762.361,762.361,2599.02,33.6816,1835.83
1647,2017-07-06,00:00:00.00,85.8473,3492.87,81.3927,40.1666,0,0,1144.49,59.2901,0,0,0,107.069,0,0,81.3927,81.3927,40.1666,40.1666,1230.34,1203.78,794.559,3902.09,4009.16,1995.95,1995.95,1269.38,763.174,763.174,2599.02,33.6816,1835.83
1648,2017-07-07,00:00:00.00,85.8473,3492.87,81.3927,40.1666,0,0,1144.49,59.2901,0,0,0,107.069,0,0,81.3927,81.3927,40.1666,40.1666,1230.34,1203.78,794.559,3902.09,4009.16,2001.41,2001.41,1269.38,763.195,763.195,2599.02,33.6816,1835.83
1649,2017-07-08,00:00:00.00,85.8473,3492.87,81.3927,40.1666,0,0,1144.49,59.2901,0,0,0,107.069,0,0,81.3927,81.3927,40.1666,40.1666,1230.34,1203.78,794.559,3902.09,4009.16,2004.87,2004.87,1269.38,763.195,763.195,2599.02,33.6816,1835.83
1650,2017-07-09,00:00:00.00,85.8473,3492.87,81.3927,40.1666,0,0,1144.49,59.2901,0,0,0,107.069,0,0,81.3927,81.3927,40.1666,40.1666,1230.34,1203.78,794.559,3902.09,4009.16,2005.84,2005.84,1269.38,763.195,763.195,2599.02,33.6816,1835.83
1651,2017-07-10,00:00:00.00,85.8473,3497.85,81.5259,40.1666,0,0,1144.49,59.2901,0,0,0,107.182,0,0,81.5259,81.5259,40.1666,40.1666,1230.34,1203.78,795.754,3905.87,4013.06,2006.67,2006.67,1273.17,763.195,763.195,2599.02,33.6816,1835.83
1652,2017-07-11,00:00:00.00,85.8473,3497.85,81.5259,40.1666,0,0,1144.49,59.2901,0,0,0,107.182,0,0,81.5259,81.5259,40.1666,40.1666,1230.34,1203.78,795.754,3905.87,4013.06,2007.14,2007.14,1273.17,763.195,763.195,2599.02,33.6816,1835.83
1653,2017-07-12,00:00:00.00,85.8473,3497.85,81.5259,40.1666,0,0,1144.49,59.2901,0,0,0,107.182,0,0,81.5259,81.5259,40.1666,40.1666,1230.34,1203.78,795.754,3905.87,4013.06,2012.1,2012.1,1273.17,763.195,763.195,2599.02,33.6816,1835.83
1654,2017-07-13,00:00:00.00,85.8473,3509.53,81.8384,40.1666,0,0,1144.49,59.2901,0,0,0,107.449,0,0,81.8384,81.8384,40.1666,40.1666,1230.34,1203.78,798.658,3914.65,4022.1,2017.74,2017.74,1281.63,763.195,763.195,2599.34,33.6816,1835.86
1655,2017-07-14,00:00:00.00,85.8473,3518.72,82.0844,40.1666,0,0,1144.49,59.2901,0,0,0,107.658,0,0,82.0844,82.0844,40.1666,40.1666,1230.34,1203.78,800.598,3921.9,4029.56,2017.74,2017.74,1288.16,763.195,763.195,2600.05,33.6816,1835.97
1656,2017-07-15,00:00:00.00,85.8473,3519.1,82.0946,40.1666,0,0,1144.49,59.2901,0,0,0,107.667,0,0,82.0946,82.0946,40.1666,40.1666,1230.34,1203.78,800.659,3922.22,4029.89,2021.69,2021.69,1288.48,764.086,764.086,2600.05,33.6816,1835.97
1657,2017-07-16,00:00:00.00,85.8473,3519.1,82.0946,40.1666,0,0,1144.49,59.2901,0,0,0,107.667,0,0,82.0946,82.0946,40.1666,40.1666,1230.34,1203.78,800.659,3922.22,4029.89,2025.15,2025.15,1288.48,764.086,764.086,2600.05,33.6816,1835.97
1658,2017-07-17,00:00:00.00,85.8473,3522.35,82.1817,40.1666,0,0,1144.49,59.2901,0,0,0,107.741,0,0,82.1817,82.1817,40.1666,40.1666,1230.34,1203.78,801.316,3924.82,4032.56,2026.03,2026.03,1291.08,764.086,764.086,2600.05,33.6816,1835.97
1659,2017-07-18,00:00:00.00,85.8473,3522.35,82.1817,40.1666,0,0,1144.49,59.2901,0,0,0,107.741,0,0,82.1817,82.1817,40.1666,40.1666,1230.34,1203.78,801.316,3924.82,4032.56,2030.99,2030.99,1291.08,764.086,764.086,2600.05,33.6816,1835.97
1660,2017-07-19,00:00:00.00,85.8473,3522.35,82.1817,40.1666,0,0,1144.49,59.2901,0,0,0,107.741,0,0,82.1817,82.1817,40.1666,40.1666,1230.34,1203.78,801.316,3924.82,4032.56,2035.45,2035.45,1291.08,764.086,764.086,2600.05,33.6816,1835.97
1661,2017-07-20,00:00:00.00,85.8473,3522.35,82.1817,40.1666,0,0,1144.49,59.2901,0,0,0,107.741,0,0,82.1817,82.1817,40.1666,40.1666,1230.34,1203.78,801.316,3924.82,4032.56,2043.4,2043.4,1291.08,764.086,764.086,2600.05,33.6816,1835.97
1662,2017-07-21,00:00:00.00,85.8473,3530.01,82.3867,40.1666,0,0,1144.49,59.2901,0,0,0,107.916,0,0,82.3867,82.3867,40.1666,40.1666,1230.34,1203.78,803.636,3930.16,4038.07,2045.49,2045.49,1296.42,764.086,764.086,2600.05,33.6816,1835.97
1663,2017-07-22,00:00:00.00,85.8473,3530.01,82.3867,40.1666,0,0,1144.49,59.2901,0,0,0,107.916,0,0,82.3867,82.3867,40.1666,40.1666,1230.34,1203.78,803.636,3930.16,4038.07,2052.33,2052.33,1296.42,764.086,764.086,2600.05,33.6816,1835.97
1664,2017-07-23,00:00:00.00,85.8473,3531.16,82.4174,40.1666,0,0,1144.49,59.2901,0,0,0,107.942,0,0,82.4174,82.4174,40.1666,40.1666,1230.34,1203.78,803.994,3930.95,4038.89,2055.31,2055.31,1297.21,764.086,764.086,2600.05,33.6816,1835.97
1665,2017-07-24,00:00:00.00,85.8473,3548.97,82.8939,40.1666,0,0,1144.49,59.2901,0,0,0,108.349,0,0,82.8939,82.8939,40.1666,40.1666,1230.34,1203.78,809.791,3942.95,4051.3,2058.1,2058.1,1306.64,764.086,764.086,2602.63,33.6816,1836.24
1666,2017-07-25,00:00:00.00,85.8473,3551.84,82.9708,40.1666,0,0,1144.49,59.2901,0,0,0,108.414,0,0,82.9708,82.9708,40.1666,40.1666,1230.34,1203.78,810.476,3945.14,4053.56,2058.1,2058.1,1308.83,764.086,764.086,2602.63,33.6816,1836.49
1667,2017-07-26,00:00:00.00,85.8473,3551.84,82.9708,40.1666,0,0,1144.49,59.2901,0,0,0,108.414,0,0,82.9708,82.9708,40.1666,40.1666,1230.34,1203.78,810.476,3945.14,4053.56,2058.1,2058.1,1308.83,764.086,764.086,2602.63,33.6816,1836.71
1668,2017-07-27,00:00:00.00,85.8473,3554.71,83.0476,40.1666,0,0,1144.49,59.2901,0,0,0,108.48,0,0,83.0476,83.0476,40.1666,40.1666,1230.34,1203.78,811.107,3947.38,4055.86,2058.1,2058.1,1311.07,764.086,764.086,2602.63,33.6816,1836.9
1669,2017-07-28,00:00:00.00,85.8473,3556.82,83.104,40.1666,0,0,1144.49,59.2901,0,0,0,108.528,0,0,83.104,83.104,40.1666,40.1666,1230.34,1203.78,811.53,3949.07,4057.59,2064,2064,1312.75,765.727,765.727,2602.63,33.6816,1836.9
1670,2017-07-29,00:00:00.00,85.8473,3556.82,83.104,40.1666,0,0,1144.49,59.2901,0,0,0,108.528,0,0,83.104,83.104,40.1666,40.1666,1230.34,1203.78,811.53,3949.07,4057.59,2064,2064,1312.75,765.727,765.727,2602.63,33.6816,1836.9
1671,2017-07-30,00:00:00.00,85.8473,3556.82,83.104,40.1666,0,0,1144.49,59.2901,0,0,0,108.528,0,0,83.104,83.104,40.1666,40.1666,1230.34,1203.78,811.53,3949.07,4057.59,2065.46,2065.46,1312.75,765.727,765.727,2602.63,33.6816,1836.9
1672,2017-07-31,00:00:00.00,85.8473,3556.82,83.104,40.1666,0,0,1144.49,59.2901,0,0,0,108.528,0,0,83.104,83.104,40.1666,40.1666,1230.34,1203.78,811.53,3949.07,4057.59,2070.92,2070.92,1312.75,765.727,765.727,2602.63,33.6816,1836.9
1673,2017-08-01,00:00:00.00,85.8473,3556.82,83.104,40.1666,0,0,1144.49,59.2901,0,0,0,108.528,0,0,83.104,83.104,40.1666,40.1666,1230.34,1203.78,811.53,3949.07,4057.59,2076.18,2076.18,1312.75,765.727,765.727,2602.63,33.6816,1836.9
1674,2017-08-02,00:00:00.00,85.8473,3556.82,83.104,40.1666,0,0,1144.49,59.2901,0,0,0,108.528,0,0,83.104,83.104,40.1666,40.1666,1230.34,1203.78,811.53,3949.07,4057.59,2082.12,2082.12,1312.75,765.727,765.727,2602.63,33.6816,1836.9
1675,2017-08-03,00:00:00.00,85.8473,3556.82,83.104,40.1666,0,0,1144.49,59.2901,0,0,0,108.528,0,0,83.104,83.104,40.1666,40.1666,1230.34,1203.78,811.53,3949.07,4057.59,2087.29,2087.29,1312.75,765.727,765.727,2602.63,33.6816,1836.9
1676,2017-08-04,00:00:00.00,85.8473,3559.3,83.1706,40.1666,0,0,1144.49,59.2901,0,0,0,108.585,0,0,83.1706,83.1706,40.1666,40.1666,1230.34,1203.78,812.514,3950.57,4059.16,2091.9,2091.9,1314.26,765.727,765.727,2602.63,33.6816,1836.9
1677,2017-08-05,00:00:00.00,85.8473,3560.45,83.2013,40.1666,0,0,1144.49,59.2901,0,0,0,108.611,0,0,83.2013,83.2013,40.1666,40.1666,1230.34,1203.78,812.988,3951.25,4059.86,2095.13,2095.13,1314.93,765.727,765.727,2602.63,33.6816,1836.9
1678,2017-08-06,00:00:00.00,85.8473,3560.84,83.2116,40.1666,0,0,1144.49,59.2901,0,0,0,108.619,0,0,83.2116,83.2116,40.1666,40.1666,1230.34,1203.78,813.153,3951.46,4060.08,2095.13,2095.13,1315.15,765.727,765.727,2602.63,33.6816,1836.9
1679,2017-08-07,00:00:00.00,85.8473,3562.94,83.268,40.1666,0,0,1144.49,59.2901,0,0,0,108.668,0,0,83.268,83.268,40.1666,40.1666,1230.34,1203.78,814.052,3952.67,4061.34,2095.13,2095.13,1316.36,765.727,765.727,2602.63,33.6816,1836.9
1680,2017-08-08,00:00:00.00,85.8473,3563.9,83.2936,40.1666,0,0,1144.49,59.2901,0,0,0,108.689,0,0,83.2936,83.2936,40.1666,40.1666,1230.34,1203.78,814.444,3953.24,4061.93,2095.13,2095.13,1316.92,765.727,765.727,2602.63,33.6816,1836.9
1681,2017-08-09,00:00:00.00,85.8473,3564.47,83.3089,40.1666,0,0,1144.49,59.2901,0,0,0,108.702,0,0,83.3089,83.3089,40.1666,40.1666,1230.34,1203.78,814.674,3953.58,4062.28,2095.13,2095.13,1317.27,765.727,765.727,2602.63,33.6816,1836.9
1682,2017-08-10,00:00:00.00,85.8473,3564.47,83.3089,40.1666,0,0,1144.49,59.2901,0,0,0,108.702,0,0,83.3089,83.3089,40.1666,40.1666,1230.34,1203.78,814.674,3953.58,4062.28,2097.66,2097.66,1317.27,765.727,765.727,2602.63,33.6816,1836.9
1683,2017-08-11,00:00:00.00,85.8473,3564.47,83.3089,40.1666,0,0,1144.49,59.2901,0,0,0,108.702,0,0,83.3089,83.3089,40.1666,40.1666,1230.34,1203.78,814.674,3953.58,4062.28,2100.28,2100.28,1317.27,765.727,765.727,2602.63,33.6816,1836.9
1684,2017-08-12,00:00:00.00,85.8473,3568.11,83.4063,40.1666,0,0,1144.49,59.2901,0,0,0,108.785,0,0,83.4063,83.4063,40.1666,40.1666,1230.34,1203.78,816.276,3955.62,4064.4,2102.5,2102.5,1319.3,765.727,765.727,2602.63,33.6816,1836.9
1685,2017-08-13,00:00:00.00,85.8473,3568.3,83.4114,40.1666,0,0,1144.49,59.2901,0,0,0,108.79,0,0,83.4114,83.4114,40.1666,40.1666,1230.34,1203.78,816.358,3955.72,4064.51,2103.5,2103.5,1319.41,765.727,765.727,2602.63,33.6816,1836.9
1686,2017-08-14,00:00:00.00,85.8473,3568.3,83.4114,40.1666,0,0,1144.49,59.2901,0,0,0,108.79,0,0,83.4114,83.4114,40.1666,40.1666,1230.34,1203.78,816.358,3955.72,4064.51,2104.47,2104.47,1319.41,765.727,765.727,2602.63,33.6816,1836.9
1687,2017-08-15,00:00:00.00,85.8473,3570.22,83.4627,40.1666,0,0,1144.49,59.2901,0,0,0,108.834,0,0,83.4627,83.4627,40.1666,40.1666,1230.34,1203.78,817.208,3956.79,4065.62,2105.91,2105.91,1320.48,765.727,765.727,2602.63,33.6816,1836.9
1688,2017-08-16,00:00:00.00,85.8473,3570.22,83.4627,40.1666,0,0,1144.49,59.2901,0,0,0,108.834,0,0,83.4627,83.4627,40.1666,40.1666,1230.34,1203.78,817.208,3956.79,4065.62,2107.6,2107.6,1320.48,765.727,765.727,2602.63,33.6816,1836.9
1689,2017-08-17,00:00:00.00,85.8473,3570.22,83.4627,40.1666,0,0,1144.49,59.2901,0,0,0,108.834,0,0,83.4627,83.4627,40.1666,40.1666,1230.34,1203.78,817.208,3956.79,4065.62,2109.44,2109.44,1320.48,765.727,765.727,2602.63,33.6816,1836.9
1690,2017-08-18,00:00:00.00,85.8473,3578.64,83.6881,40.1666,0,0,1144.49,59.2901,0,0,0,109.026,0,0,83.6881,83.6881,40.1666,40.1666,1230.34,1203.78,821.179,3961.24,4070.27,2110.28,2110.28,1324.93,765.727,765.727,2602.63,33.6816,1836.9
1691,2017-08-19,00:00:00.00,85.8473,3579.41,83.7086,40.1666,0,0,1144.49,59.2901,0,0,0,109.043,0,0,83.7086,83.7086,40.1666,40.1666,1230.34,1203.78,821.489,3961.7,4070.74,2112.75,2112.75,1325.39,765.727,765.727,2602.63,33.6816,1836.9
1692,2017-08-20,00:00:00.00,85.8473,3579.79,83.7188,40.1666,0,0,1144.49,59.2901,0,0,0,109.052,0,0,83.7188,83.7188,40.1666,40.1666,1230.34,1203.78,821.65,3961.92,4070.97,2112.75,2112.75,1325.61,765.727,765.727,2602.63,33.6816,1836.9
1693,2017-08-21,00:00:00.00,85.8473,3579.79,83.7188,40.1666,0,0,1144.49,59.2901,0,0,0,109.052,0,0,83.7188,83.7188,40.1666,40.1666,1230.34,1203.78,821.65,3961.92,4070.97,2114.59,2114.59,1325.61,765.727,765.727,2602.63,33.6816,1836.9
1694,2017-08-22,00:00:00.00,85.8473,3579.98,83.724,40.1666,0,0,1144.49,59.2901,0,0,0,109.056,0,0,83.724,83.724,40.1666,40.1666,1230.34,1203.78,821.732,3962.03,4071.09,2117.85,2117.85,1325.72,765.727,765.727,2602.63,33.6816,1836.9
1695,2017-08-23,00:00:00.00,85.8473,3598.36,84.214,40.1666,0,0,1144.49,59.2901,0,0,0,109.476,0,0,84.214,84.214,40.1666,40.1666,1230.34,1203.78,830.167,3971.98,4081.45,2121.89,2121.89,1335.66,765.727,765.727,2602.64,33.6816,1836.9
1696,2017-08-24,00:00:00.00,85.8473,3598.36,84.214,40.1666,0,0,1144.49,59.2901,0,0,0,109.476,0,0,84.214,84.214,40.1666,40.1666,1230.34,1203.78,830.167,3971.98,4081.45,2121.89,2121.89,1335.66,765.727,765.727,2602.64,33.6816,1836.9
1697,2017-08-25,00:00:00.00,85.8473,3598.36,84.214,40.1666,0,0,1144.49,59.2901,0,0,0,109.476,0,0,84.214,84.214,40.1666,40.1666,1230.34,1203.78,830.167,3971.98,4081.45,2121.89,2121.89,1335.66,765.727,765.727,2602.64,33.6816,1836.9
1698,2017-08-26,00:00:00.00,85.8473,3598.36,84.214,40.1666,0,0,1144.49,59.2901,0,0,0,109.476,0,0,84.214,84.214,40.1666,40.1666,1230.34,1203.78,830.167,3971.98,4081.45,2121.89,2121.89,1335.66,765.727,765.727,2602.64,33.6816,1836.91
1699,2017-08-27,00:00:00.00,85.8473,3598.36,84.214,40.1666,0,0,1144.49,59.2901,0,0,0,109.476,0,0,84.214,84.214,40.1666,40.1666,1230.34,1203.78,830.167,3971.98,4081.45,2121.89,2121.89,1335.66,765.727,765.727,2602.64,33.6816,1836.91
1700,2017-08-28,00:00:00.00,85.8473,3598.36,84.214,40.1666,0,0,1144.49,59.2901,0,0,0,109.476,0,0,84.214,84.214,40.1666,40.1666,1230.34,1203.78,830.167,3971.98,4081.45,2121.89,2121.89,1335.66,765.727,765.727,2602.64,33.6816,1836.91
1701,2017-08-29,00:00:00.00,85.8473,3598.36,84.214,40.1666,0,0,1144.49,59.2901,0,0,0,109.476,0,0,84.214,84.214,40.1666,40.1666,1230.34,1203.78,830.167,3971.98,4081.45,2121.89,2121.89,1335.66,765.727,765.727,2602.64,33.6816,1836.91
1702,2017-08-30,00:00:00.00,85.8473,3598.36,84.214,40.1666,0,0,1144.49,59.2901,0,0,0,109.476,0,0,84.214,84.214,40.1666,40.1666,1230.34,1203.78,830.167,3971.98,4081.45,2121.89,2121.89,1335.66,765.727,765.727,2602.64,33.6816,1836.91
1703,2017-08-31,00:00:00.00,85.8473,3603.05,84.3396,40.1666,0,0,1144.49,59.2901,0,0,0,109.583,0,0,84.3396,84.3396,40.1666,40.1666,1230.34,1203.78,831.761,3975.07,4084.66,2121.89,2121.89,1338.76,765.727,765.727,2602.64,33.6816,1836.91
1704,2017-09-01,00:00:00.00,85.8473,3603.05,84.3396,40.1666,0,0,1144.49,59.2901,0,0,0,109.583,0,0,84.3396,84.3396,40.1666,40.1666,1230.34,1203.78,831.761,3975.07,4084.66,2121.89,2121.89,1338.76,765.727,765.727,2602.64,33.6816,1836.91
1705,2017-09-02,00:00:00.00,85.8473,3603.05,84.3396,40.1666,0,0,1144.49,59.2901,0,0,0,109.583,0,0,84.3396,84.3396,40.1666,40.1666,1230.34,1203.78,831.761,3975.07,4084.66,2121.89,2121.89,1338.76,765.727,765.727,2602.64,33.6816,1836.91
1706,2017-09-03,00:00:00.00,85.8473,3616.84,84.7085,40.1666,0,0,1144.49,59.2901,0,0,0,109.897,0,0,84.7085,84.7085,40.1666,40.1666,1230.34,1203.78,835.966,3984.65,4094.55,2121.89,2121.89,1347.32,765.727,765.727,2603.65,33.6816,1837.02
1707,2017-09-04,00:00:00.00,85.8473,3616.84,84.7085,40.1666,0,0,1144.49,59.2901,0,0,0,109.897,0,0,84.7085,84.7085,40.1666,40.1666,1230.34,1203.78,835.966,3984.65,4094.55,2123.64,2123.64,1347.32,766.636,766.636,2603.65,33.6816,1837.02
1708,2017-09-05,00:00:00.00,85.8473,3624.5,84.9134,40.1666,0,0,1144.49,59.2901,0,0,0,110.072,0,0,84.9134,84.9134,40.1666,40.1666,1230.34,1203.78,837.723,3990.56,4100.63,2128.1,2128.1,1353.22,766.638,766.638,2603.65,33.6816,1837.02
1709,2017-09-06,00:00:00.00,85.8473,3637.13,85.2516,40.1666,0,0,1144.49,59.2901,0,0,0,110.36,0,0,85.2516,85.2516,40.1666,40.1666,1230.34,1203.78,840.359,4000.55,4110.92,2129.54,2129.54,1359.84,766.638,766.638,2607.03,33.6816,1837.38
1710,2017-09-07,00:00:00.00,85.8473,3637.13,85.2516,40.1666,0,0,1144.49,59.2901,0,0,0,110.36,0,0,85.2516,85.2516,40.1666,40.1666,1230.34,1203.78,840.359,4000.55,4110.92,2129.54,2129.54,1359.84,766.638,766.638,2607.03,33.6816,1837.7
1711,2017-09-08,00:00:00.00,85.8473,3641.54,85.3694,40.1666,0,0,1144.49,59.2901,0,0,0,110.461,0,0,85.3694,85.3694,40.1666,40.1666,1230.34,1203.78,841.065,4004.25,4114.71,2129.54,2129.54,1363.54,766.638,766.638,2607.03,33.6816,1837.99
1712,2017-09-09,00:00:00.00,85.8473,3641.54,85.3694,40.1666,0,0,1144.49,59.2901,0,0,0,110.461,0,0,85.3694,85.3694,40.1666,40.1666,1230.34,1203.78,841.065,4004.25,4114.71,2129.54,2129.54,1363.54,766.638,766.638,2607.03,33.6816,1838.24
1713,2017-09-10,00:00:00.00,85.8473,3641.54,85.3694,40.1666,0,0,1144.49,59.2901,0,0,0,110.461,0,0,85.3694,85.3694,40.1666,40.1666,1230.34,1203.78,841.065,4004.25,4114.71,2129.54,2129.54,1363.54,766.638,766.638,2607.03,33.6816,1838.47
1714,2017-09-11,00:00:00.00,85.8473,3641.54,85.3694,40.1666,0,0,1144.49,59.2901,0,0,0,110.461,0,0,85.3694,85.3694,40.1666,40.1666,1230.34,1203.78,841.065,4004.25,4114.71,2129.54,2129.54,1363.54,766.638,766.638,2607.03,33.6816,1838.68
1715,2017-09-12,00:00:00.00,85.8473,3641.54,85.3694,40.1666,0,0,1144.49,59.2901,0,0,0,110.461,0,0,85.3694,85.3694,40.1666,40.1666,1230.34,1203.78,841.065,4004.25,4114.71,2129.55,2129.55,1363.54,766.644,766.644,2607.03,33.6816,1838.86
1716,2017-09-13,00:00:00.00,85.8473,3641.54,85.3694,40.1666,0,0,1144.49,59.2901,0,0,0,110.461,0,0,85.3694,85.3694,40.1666,40.1666,1230.34,1203.78,841.065,4004.25,4114.71,2132.18,2132.18,1363.54,768.175,768.175,2607.03,33.6816,1838.86
1717,2017-09-14,00:00:00.00,85.8473,3641.54,85.3694,40.1666,0,0,1144.49,59.2901,0,0,0,110.461,0,0,85.3694,85.3694,40.1666,40.1666,1230.34,1203.78,841.065,4004.25,4114.71,2135.97,2135.97,1363.54,768.175,768.175,2607.03,33.6816,1838.86
1718,2017-09-15,00:00:00.00,85.8473,3641.54,85.3694,40.1666,0,0,1144.49,59.2901,0,0,0,110.461,0,0,85.3694,85.3694,40.1666,40.1666,1230.34,1203.78,841.065,4004.25,4114.71,2140.63,2140.63,1363.54,768.175,768.175,2607.03,33.6816,1838.86
1719,2017-09-16,00:00:00.00,85.8473,3641.54,85.3694,40.1666,0,0,1144.49,59.2901,0,0,0,110.461,0,0,85.3694,85.3694,40.1666,40.1666,1230.34,1203.78,841.065,4004.25,4114.71,2145.29,2145.29,1363.54,768.175,768.175,2607.03,33.6816,1838.86
1720,2017-09-17,00:00:00.00,85.8473,3641.54,85.3694,40.1666,0,0,1144.49,59.2901,0,0,0,110.461,0,0,85.3694,85.3694,40.1666,40.1666,1230.34,1203.78,841.065,4004.25,4114.71,2149.95,2149.95,1363.54,768.175,768.175,2607.03,33.6816,1838.86
1721,2017-09-18,00:00:00.00,85.8473,3641.54,85.3694,40.1666,0,0,1144.49,59.2901,0,0,0,110.461,0,0,85.3694,85.3694,40.1666,40.1666,1230.34,1203.78,841.065,4004.25,4114.71,2154.56,2154.56,1363.54,768.175,768.175,2607.03,33.6816,1838.86
1722,2017-09-19,00:00:00.00,85.8473,3642.11,85.3848,40.1666,0,0,1144.49,59.2901,0,0,0,110.474,0,0,85.3848,85.3848,40.1666,40.1666,1230.34,1203.78,841.234,4004.66,4115.13,2158.77,2158.77,1363.94,768.175,768.175,2607.03,33.6816,1838.86
1723,2017-09-20,00:00:00.00,85.8473,3646.9,85.5129,40.1666,0,0,1144.49,59.2901,0,0,0,110.583,0,0,85.5129,85.5129,40.1666,40.1666,1230.34,1203.78,842.773,4007.91,4118.49,2162.71,2162.71,1367.19,768.175,768.175,2607.03,33.6816,1838.86
1724,2017-09-21,00:00:00.00,85.8473,3646.9,85.5129,40.1666,0,0,1144.49,59.2901,0,0,0,110.583,0,0,85.5129,85.5129,40.1666,40.1666,1230.34,1203.78,842.773,4007.91,4118.49,2166.69,2166.69,1367.19,768.175,768.175,2607.03,33.6816,1838.86
1725,2017-09-22,00:00:00.00,85.8473,3646.9,85.5129,40.1666,0,0,1144.49,59.2901,0,0,0,110.583,0,0,85.5129,85.5129,40.1666,40.1666,1230.34,1203.78,842.773,4007.91,4118.49,2170.34,2170.34,1367.19,768.175,768.175,2607.03,33.6816,1838.86
1726,2017-09-23,00:00:00.00,85.8473,3646.9,85.5129,40.1666,0,0,1144.49,59.2901,0,0,0,110.583,0,0,85.5129,85.5129,40.1666,40.1666,1230.34,1203.78,842.773,4007.91,4118.49,2173.68,2173.68,1367.19,768.175,768.175,2607.03,33.6816,1838.86
1727,2017-09-24,00:00:00.00,85.8473,3646.9,85.5129,40.1666,0,0,1144.49,59.2901,0,0,0,110.583,0,0,85.5129,85.5129,40.1666,40.1666,1230.34,1203.78,842.773,4007.91,4118.49,2176.74,2176.74,1367.19,768.175,768.175,2607.03,33.6816,1838.86
1728,2017-09-25,00:00:00.00,85.8473,3646.9,85.5129,40.1666,0,0,1144.49,59.2901,0,0,0,110.583,0,0,85.5129,85.5129,40.1666,40.1666,1230.34,1203.78,842.773,4007.91,4118.49,2179.54,2179.54,1367.19,768.175,768.175,2607.03,33.6816,1838.86
1729,2017-09-26,00:00:00.00,85.8473,3646.9,85.5129,40.1666,0,0,1144.49,59.2901,0,0,0,110.583,0,0,85.5129,85.5129,40.1666,40.1666,1230.34,1203.78,842.773,4007.91,4118.49,2182.1,2182.1,1367.19,768.175,768.175,2607.03,33.6816,1838.86
1730,2017-09-27,00:00:00.00,85.8473,3649.96,85.5949,40.1666,0,0,1144.49,59.2901,0,0,0,110.653,0,0,85.5949,85.5949,40.1666,40.1666,1230.34,1203.78,844.228,4009.51,4120.17,2184.53,2184.53,1368.8,768.175,768.175,2607.03,33.6816,1838.86
1731,2017-09-28,00:00:00.00,85.8473,3649.96,85.5949,40.1666,0,0,1144.49,59.2901,0,0,0,110.653,0,0,85.5949,85.5949,40.1666,40.1666,1230.34,1203.78,844.228,4009.51,4120.17,2186.93,2186.93,1368.8,768.175,768.175,2607.03,33.6816,1838.86
1732,2017-09-29,00:00:00.00,85.8473,3650.15,85.6,40.1666,0,0,1144.49,59.2901,0,0,0,110.657,0,0,85.6,85.6,40.1666,40.1666,1230.34,1203.78,844.322,4009.61,4120.27,2186.93,2186.93,1368.9,768.175,768.175,2607.03,33.6816,1838.86
1733,2017-09-30,00:00:00.00,85.8473,3654.75,85.723,40.1666,0,0,1144.49,59.2901,0,0,0,110.762,0,0,85.723,85.723,40.1666,40.1666,1230.34,1203.78,846.574,4011.95,4122.72,2186.93,2186.93,1371.24,768.175,768.175,2607.03,33.6816,1838.86
1734,2017-10-01,00:00:00.00,85.8473,3654.75,85.723,40.1666,0,0,1144.49,59.2901,0,0,0,110.762,0,0,85.723,85.723,40.1666,40.1666,1230.34,1203.78,846.574,4011.95,4122.72,2186.93,2186.93,1371.24,768.175,768.175,2607.03,33.6816,1838.86
1735,2017-10-02,00:00:00.00,85.8473,3654.75,85.723,40.1666,0,0,1144.49,59.2901,0,0,0,110.762,0,0,85.723,85.723,40.1666,40.1666,1230.34,1203.78,846.574,4011.95,4122.72,2187.6,2187.6,1371.24,768.175,768.175,2607.03,33.6816,1838.86
1736,2017-10-03,00:00:00.00,85.8473,3654.75,85.723,40.1666,0,0,1144.49,59.2901,0,0,0,110.762,0,0,85.723,85.723,40.1666,40.1666,1230.34,1203.78,846.574,4011.95,4122.72,2188.85,2188.85,1371.24,768.175,768.175,2607.03,33.6816,1838.86
1737,2017-10-04,00:00:00.00,85.8473,3654.75,85.723,40.1666,0,0,1144.49,59.2901,0,0,0,110.762,0,0,85.723,85.723,40.1666,40.1666,1230.34,1203.78,846.574,4011.95,4122.72,2190.06,2190.06,1371.24,768.175,768.175,2607.03,33.6816,1838.86
1738,2017-10-05,00:00:00.00,85.8473,3659.34,85.8459,40.1666,0,0,1144.49,59.2901,0,0,0,110.867,0,0,85.8459,85.8459,40.1666,40.1666,1230.34,1203.78,848.761,4014.36,4125.23,2191.24,2191.24,1373.65,768.175,768.175,2607.03,33.6816,1838.86
1739,2017-10-06,00:00:00.00,85.8473,3659.92,85.8613,40.1666,0,0,1144.49,59.2901,0,0,0,110.88,0,0,85.8613,85.8613,40.1666,40.1666,1230.34,1203.78,849.016,4014.68,4125.56,2192.55,2192.55,1373.97,768.175,768.175,2607.03,33.6816,1838.86
1740,2017-10-07,00:00:00.00,85.8473,3662.79,85.9381,40.1666,0,0,1144.49,59.2901,0,0,0,110.946,0,0,85.9381,85.9381,40.1666,40.1666,1230.34,1203.78,850.312,4016.26,4127.2,2193.83,2193.83,1375.54,768.175,768.175,2607.03,33.6816,1838.86
1741,2017-10-08,00:00:00.00,85.8473,3670.45,86.1431,40.1666,0,0,1144.49,59.2901,0,0,0,111.12,0,0,86.1431,86.1431,40.1666,40.1666,1230.34,1203.78,853.658,4020.57,4131.69,2195.17,2195.17,1379.85,768.175,768.175,2607.03,33.6816,1838.86
1742,2017-10-09,00:00:00.00,85.8473,3679.25,86.3788,40.1666,0,0,1144.49,59.2901,0,0,0,111.321,0,0,86.3788,86.3788,40.1666,40.1666,1230.34,1203.78,857.036,4026,4137.32,2196.74,2196.74,1385.28,768.175,768.175,2607.03,33.6816,1838.86
1743,2017-10-10,00:00:00.00,85.8473,3679.25,86.3788,40.1666,0,0,1144.49,59.2901,0,0,0,111.321,0,0,86.3788,86.3788,40.1666,40.1666,1230.34,1203.78,857.036,4026,4137.32,2198.64,2198.64,1385.28,768.175,768.175,2607.03,33.6816,1838.86
1744,2017-10-11,00:00:00.00,85.8473,3680.02,86.3993,40.1666,0,0,1144.49,59.2901,0,0,0,111.339,0,0,86.3993,86.3993,40.1666,40.1666,1230.34,1203.78,857.298,4026.5,4137.84,2200.46,2200.46,1385.79,768.175,768.175,2607.03,33.6816,1838.86
1745,2017-10-12,00:00:00.00,85.8473,3690.74,86.6862,40.1666,0,0,1144.49,59.2901,0,0,0,111.583,0,0,86.6862,86.6862,40.1666,40.1666,1230.34,1203.78,861.048,4033.47,4145.06,2200.46,2200.46,1392.76,768.175,768.175,2607.03,33.6816,1838.86
1746,2017-10-13,00:00:00.00,85.8473,3691.03,86.6939,40.1666,0,0,1144.49,59.2901,0,0,0,111.59,0,0,86.6939,86.6939,40.1666,40.1666,1230.34,1203.78,861.126,4033.68,4145.27,2201.18,2201.18,1392.97,768.175,768.175,2607.03,33.6816,1838.86
1747,2017-10-14,00:00:00.00,85.8473,3692.37,86.7298,40.1666,0,0,1144.49,59.2901,0,0,0,111.621,0,0,86.7298,86.7298,40.1666,40.1666,1230.34,1203.78,861.494,4034.66,4146.28,2203.37,2203.37,1393.94,768.175,768.175,2607.03,33.6816,1838.86
1748,2017-10-15,00:00:00.00,85.8473,3709.22,87.1806,40.1666,0,0,1144.49,59.2901,0,0,0,112.005,0,0,87.1806,87.1806,40.1666,40.1666,1230.34,1203.78,866.22,4046.78,4158.78,2205.26,2205.26,1402.26,768.175,768.175,2610.84,33.6816,1839.26
1749,2017-10-16,00:00:00.00,85.8473,3718.22,87.4215,40.1666,0,0,1144.49,59.2901,0,0,0,112.21,0,0,87.4215,87.4215,40.1666,40.1666,1230.34,1203.78,868.077,4053.92,4166.13,2207.33,2207.33,1408.96,770.343,770.343,2611.27,33.6816,1839.44
1750,2017-10-17,00:00:00.00,85.8473,3718.22,87.4215,40.1666,0,0,1144.49,59.2901,0,0,0,112.21,0,0,87.4215,87.4215,40.1666,40.1666,1230.34,1203.78,868.077,4053.92,4166.13,2207.33,2207.33,1408.96,770.343,770.343,2611.27,33.6816,1839.6
1751,2017-10-18,00:00:00.00,85.8473,3718.22,87.4215,40.1666,0,0,1144.49,59.2901,0,0,0,112.21,0,0,87.4215,87.4215,40.1666,40.1666,1230.34,1203.78,868.077,4053.92,4166.13,2208.08,2208.08,1408.96,770.985,770.985,2611.27,33.6816,1839.67
1752,2017-10-19,00:00:00.00,85.8473,3718.22,87.4215,40.1666,0,0,1144.49,59.2901,0,0,0,112.21,0,0,87.4215,87.4215,40.1666,40.1666,1230.34,1203.78,868.077,4053.92,4166.13,2209.85,2209.85,1408.96,771.599,771.599,2611.27,33.6816,1839.67
1753,2017-10-20,00:00:00.00,85.8473,3718.22,87.4215,40.1666,0,0,1144.49,59.2901,0,0,0,112.21,0,0,87.4215,87.4215,40.1666,40.1666,1230.34,1203.78,868.077,4053.92,4166.13,2212.15,2212.15,1408.96,771.6,771.6,2611.27,33.6816,1839.67
1754,2017-10-21,00:00:00.00,85.8473,3718.22,87.4215,40.1666,0,0,1144.49,59.2901,0,0,0,112.21,0,0,87.4215,87.4215,40.1666,40.1666,1230.34,1203.78,868.077,4053.92,4166.13,2214.45,2214.45,1408.96,771.6,771.6,2611.27,33.6816,1839.67
1755,2017-10-22,00:00:00.00,85.8473,3718.22,87.4215,40.1666,0,0,1144.49,59.2901,0,0,0,112.21,0,0,87.4215,87.4215,40.1666,40.1666,1230.34,1203.78,868.077,4053.92,4166.13,2216.76,2216.76,1408.96,771.6,771.6,2611.27,33.6816,1839.67
1756,2017-10-23,00:00:00.00,85.8473,3718.22,87.4215,40.1666,0,0,1144.49,59.2901,0,0,0,112.21,0,0,87.4215,87.4215,40.1666,40.1666,1230.34,1203.78,868.077,4053.92,4166.13,2219.06,2219.06,1408.96,771.6,771.6,2611.27,33.6816,1839.67
1757,2017-10-24,00:00:00.00,85.8473,3731.24,87.7699,40.1666,0,0,1144.49,59.2901,0,0,0,112.507,0,0,87.7699,87.7699,40.1666,40.1666,1230.34,1203.78,871.208,4063.81,4176.31,2221.02,2221.02,1416.49,771.6,771.6,2613.64,33.6816,1839.93
1758,2017-10-25,00:00:00.00,85.8473,3732.96,87.816,40.1666,0,0,1144.49,59.2901,0,0,0,112.547,0,0,87.816,87.816,40.1666,40.1666,1230.34,1203.78,871.526,4065.21,4177.76,2222.74,2222.74,1417.9,773.247,773.247,2613.64,33.6816,1839.98
1759,2017-10-26,00:00:00.00,85.8473,3732.96,87.816,40.1666,0,0,1144.49,59.2901,0,0,0,112.547,0,0,87.816,87.816,40.1666,40.1666,1230.34,1203.78,871.526,4065.21,4177.76,2222.74,2222.74,1417.9,773.247,773.247,2613.64,33.6816,1840.02
1760,2017-10-27,00:00:00.00,85.8473,3732.96,87.816,40.1666,0,0,1144.49,59.2901,0,0,0,112.547,0,0,87.816,87.816,40.1666,40.1666,1230.34,1203.78,871.526,4065.21,4177.76,2222.74,2222.74,1417.9,773.247,773.247,2613.64,33.6816,1840.06
1761,2017-10-28,00:00:00.00,85.8473,3735.45,87.8826,40.1666,0,0,1144.49,59.2901,0,0,0,112.603,0,0,87.8826,87.8826,40.1666,40.1666,1230.34,1203.78,871.986,4067.24,4179.84,2222.76,2222.76,1419.92,773.278,773.278,2613.64,33.6816,1840.09
1762,2017-10-29,00:00:00.00,85.8473,3738.51,87.9646,40.1666,0,0,1144.49,59.2901,0,0,0,112.673,0,0,87.9646,87.9646,40.1666,40.1666,1230.34,1203.78,872.506,4069.78,4182.46,2222.76,2222.76,1422.47,773.278,773.278,2613.64,33.6816,1840.12
1763,2017-10-30,00:00:00.00,85.8473,3738.7,87.9697,40.1666,0,0,1144.49,59.2901,0,0,0,112.678,0,0,87.9697,87.9697,40.1666,40.1666,1230.34,1203.78,872.535,4069.95,4182.63,2222.76,2222.76,1422.63,773.278,773.278,2613.64,33.6816,1840.14
1764,2017-10-31,00:00:00.00,85.8473,3739.85,88.0004,40.1666,0,0,1144.49,59.2901,0,0,0,112.704,0,0,88.0004,88.0004,40.1666,40.1666,1230.34,1203.78,872.707,4070.92,4183.63,2222.76,2222.76,1423.61,773.278,773.278,2613.64,33.6816,1840.17
1765,2017-11-01,00:00:00.00,85.8473,3740.62,88.0209,40.1666,0,0,1144.49,59.2901,0,0,0,112.721,0,0,88.0209,88.0209,40.1666,40.1666,1230.34,1203.78,872.816,4071.58,4184.3,2222.76,2222.76,1424.26,773.278,773.278,2613.64,33.6816,1840.19
1766,2017-11-02,00:00:00.00,85.8473,3748.85,88.2412,40.1666,0,0,1144.49,59.2901,0,0,0,112.909,0,0,88.2412,88.2412,40.1666,40.1666,1230.34,1203.78,873.957,4078.67,4191.58,2223.23,2223.23,1428.85,773.448,773.448,2616.14,33.6816,1840.45
1767,2017-11-03,00:00:00.00,85.8473,3772.92,88.747,40.1666,0,0,1144.49,59.2901,0,0,0,113.455,0,0,88.747,88.747,40.1666,40.1666,1230.34,1203.78,876.56,4100.14,4213.59,2223.86,2223.86,1432.21,774.253,774.253,2634.25,33.6816,1842.54
1768,2017-11-04,00:00:00.00,85.8473,3772.92,88.747,40.1666,0,0,1144.49,59.2901,0,0,0,113.455,0,0,88.747,88.747,40.1666,40.1666,1230.34,1203.78,876.56,4100.14,4213.59,2224.66,2224.66,1432.21,775.057,775.057,2634.25,33.6816,1844.31
1769,2017-11-05,00:00:00.00,85.8473,3778.28,88.8905,40.1666,0,0,1144.49,59.2901,0,0,0,113.578,0,0,88.8905,88.8905,40.1666,40.1666,1230.34,1203.78,877.003,4105.05,4218.63,2225.19,2225.19,1435.11,775.704,775.704,2636.26,33.6816,1846.04
1770,2017-11-06,00:00:00.00,85.8473,3781.53,88.9776,40.1666,0,0,1144.49,59.2901,0,0,0,113.652,0,0,88.9776,88.9776,40.1666,40.1666,1230.34,1203.78,877.222,4108.09,4221.74,2225.91,2225.91,1437.57,776.509,776.509,2636.84,33.6816,1847.56
1771,2017-11-07,00:00:00.00,85.8473,3781.53,88.9776,40.1666,0,0,1144.49,59.2901,0,0,0,113.652,0,0,88.9776,88.9776,40.1666,40.1666,1230.34,1203.78,877.222,4108.09,4221.74,2226.71,2226.71,1437.57,777.313,777.313,2636.84,33.6816,1848.84
1772,2017-11-08,00:00:00.00,85.8473,3781.53,88.9776,40.1666,0,0,1144.49,59.2901,0,0,0,113.652,0,0,88.9776,88.9776,40.1666,40.1666,1230.34,1203.78,877.222,4108.09,4221.74,2227.46,2227.46,1437.57,778.06,778.06,2636.84,33.6816,1849.9
1773,2017-11-09,00:00:00.00,85.8473,3781.53,88.9776,40.1666,0,0,1144.49,59.2901,0,0,0,113.652,0,0,88.9776,88.9776,40.1666,40.1666,1230.34,1203.78,877.222,4108.09,4221.74,2227.65,2227.65,1437.57,778.254,778.254,2636.84,33.6816,1850.82
1774,2017-11-10,00:00:00.00,85.8473,3781.53,88.9776,40.2344,0,0,1146.39,59.2901,0,0,0,113.696,0,0,88.9776,88.9776,40.2344,40.2344,1232.24,1205.68,877.347,4109.86,4223.56,2227.89,2227.89,1439.34,778.549,778.549,2636.84,33.6816,1851.62
1775,2017-11-11,00:00:00.00,85.8473,3781.53,88.9776,40.2344,0,0,1146.39,59.2901,0,0,0,113.696,0,0,88.9776,88.9776,40.2344,40.2344,1232.24,1205.68,877.347,4109.86,4223.56,2227.89,2227.89,1439.34,778.549,778.549,2636.84,33.6816,1852.33
1776,2017-11-12,00:00:00.00,85.8473,3781.53,88.9776,40.2344,0,0,1146.39,59.2901,0,0,0,113.696,0,0,88.9776,88.9776,40.2344,40.2344,1232.24,1205.68,877.347,4109.86,4223.56,2227.89,2227.89,1439.34,778.549,778.549,2636.84,33.6816,1852.97
1777,2017-11-13,00:00:00.00,85.8473,3781.53,88.9776,40.2886,0,0,1147.91,59.2901,0,0,0,113.73,0,0,88.9776,88.9776,40.2886,40.2886,1232.24,1205.68,877.347,4109.86,4223.59,2227.89,2227.89,1439.34,778.549,778.549,2636.84,33.6816,1853.53
1778,2017-11-14,00:00:00.00,85.8473,3781.67,88.9827,40.2886,0,0,1147.91,59.3428,0,0,0,113.735,0,0,88.9827,88.9827,40.2886,40.2886,1233.75,1207.25,877.445,4111.48,4225.21,2228.18,2228.18,1440.95,778.843,778.843,2636.84,33.6816,1854.01
1779,2017-11-15,00:00:00.00,85.8473,3781.67,88.9827,40.2886,0,0,1147.91,59.3428,0,0,0,113.735,0,0,88.9827,88.9827,40.2886,40.2886,1233.75,1207.25,877.445,4111.48,4225.21,2228.83,2228.83,1440.95,779.49,779.49,2636.84,33.6816,1854.37
1780,2017-11-16,00:00:00.00,85.8473,3792.2,89.2645,40.2886,0,0,1147.91,59.3428,0,0,0,113.975,0,0,89.2645,89.2645,40.2886,40.2886,1233.75,1207.25,878.001,4121.45,4235.42,2229.34,2229.34,1442.81,780.136,780.136,2644.95,33.6816,1855.48
1781,2017-11-17,00:00:00.00,85.8473,3793.35,89.2953,40.2886,0,0,1147.91,59.3428,0,0,0,114.001,0,0,89.2953,89.2953,40.2886,40.2886,1233.75,1207.25,878.05,4122.55,4236.55,2229.96,2229.96,1443.91,780.783,780.783,2644.95,33.6816,1856.41
1782,2017-11-18,00:00:00.00,85.8473,3793.35,89.2953,40.4716,0,0,1153.03,59.3428,0,0,0,114.119,0,0,89.2953,89.2953,40.4716,40.4716,1233.75,1207.25,878.05,4122.55,4236.67,2229.96,2229.96,1443.91,780.783,780.783,2644.95,33.6816,1857.23
1783,2017-11-19,00:00:00.00,85.8473,3809.83,89.741,40.4716,0,0,1153.03,59.5208,0,0,0,114.499,0,0,89.741,89.741,40.4716,40.4716,1238.58,1212.24,878.906,4143.16,4257.66,2230.24,2230.24,1445.22,781.178,781.178,2664.26,33.6816,1859.99
1784,2017-11-20,00:00:00.00,85.8577,3810.17,89.7504,40.5879,0,0,1156.29,59.5316,0,0,0,114.582,0,0,89.7504,89.7504,40.5879,40.5879,1238.58,1212.24,878.916,4143.49,4258.08,2230.24,2230.24,1445.55,781.178,781.178,2664.26,33.6816,1862.45
1785,2017-11-21,00:00:00.00,85.8673,3810.17,89.7504,40.5879,0,0,1156.29,59.5316,0,0,0,114.582,0,0,89.7504,89.7504,40.5879,40.5879,1238.58,1212.24,878.916,4143.49,4258.08,2230.24,2230.24,1445.55,781.178,781.178,2664.26,33.6816,1864.65
1786,2017-11-22,00:00:00.00,85.8673,3813.11,89.8324,40.5879,0,0,1156.29,59.6546,0,0,0,114.652,0,0,89.8324,89.8324,40.5879,40.5879,1242.16,1215.95,879.101,4149.95,4264.6,2230.96,2230.96,1446.66,781.982,781.982,2669.61,33.6816,1867.1
1787,2017-11-23,00:00:00.00,85.8673,3813.11,89.8324,40.5879,0,0,1156.29,59.6546,0,0,0,114.652,0,0,89.8324,89.8324,40.5879,40.5879,1242.16,1215.95,879.101,4149.95,4264.6,2230.96,2230.96,1446.66,781.982,781.982,2669.61,33.6816,1869.28
1788,2017-11-24,00:00:00.00,85.8673,3813.11,89.8324,40.5879,0,0,1156.29,59.6546,0,0,0,114.652,0,0,89.8324,89.8324,40.5879,40.5879,1242.16,1215.95,879.101,4149.95,4264.6,2230.96,2230.96,1446.66,781.982,781.982,2669.61,33.6816,1871.24
1789,2017-11-25,00:00:00.00,85.8673,3813.68,89.8477,40.5879,0,0,1156.29,59.6546,0,0,0,114.665,0,0,89.8477,89.8477,40.5879,40.5879,1242.16,1215.95,879.116,4150.51,4265.18,2231.59,2231.59,1447.22,782.629,782.629,2669.61,33.6816,1872.92
1790,2017-11-26,00:00:00.00,85.8673,3813.68,89.8477,40.5879,0,0,1156.29,59.6546,0,0,0,114.665,0,0,89.8477,89.8477,40.5879,40.5879,1242.16,1215.95,879.116,4150.51,4265.18,2232.39,2232.39,1447.22,783.434,783.434,2669.61,33.6816,1874.33
1791,2017-11-27,00:00:00.00,85.8673,3813.68,89.8477,40.5879,0,0,1156.29,59.6546,0,0,0,114.665,0,0,89.8477,89.8477,40.5879,40.5879,1242.16,1215.95,879.116,4150.51,4265.18,2232.39,2232.39,1447.22,783.434,783.434,2669.61,33.6816,1875.59
1792,2017-11-28,00:00:00.00,85.8673,3813.68,89.8477,40.5879,0,0,1156.29,59.6546,0,0,0,114.665,0,0,89.8477,89.8477,40.5879,40.5879,1242.16,1215.95,879.116,4150.51,4265.18,2232.44,2232.44,1447.22,783.477,783.477,2669.61,33.6816,1876.72
1793,2017-11-29,00:00:00.00,85.8673,3813.68,89.8477,40.5879,0,0,1156.29,59.6546,0,0,0,114.665,0,0,89.8477,89.8477,40.5879,40.5879,1242.16,1215.95,879.116,4150.51,4265.18,2233.24,2233.24,1447.22,784.281,784.281,2669.61,33.6816,1877.63
1794,2017-11-30,00:00:00.00,85.8673,3813.68,89.8477,40.5879,0,0,1156.29,59.6546,0,0,0,114.665,0,0,89.8477,89.8477,40.5879,40.5879,1242.16,1215.95,879.116,4150.51,4265.18,2233.69,2233.69,1447.22,784.727,784.727,2669.61,33.6816,1878.41
1795,2017-12-01,00:00:00.00,85.8673,3815.16,89.8872,40.6509,0,0,1158.06,59.6546,0,0,0,114.74,0,0,89.8872,89.8872,40.6509,40.6509,1242.16,1215.95,879.169,4151.93,4266.67,2233.69,2233.69,1448.5,784.727,784.727,2669.75,33.6816,1879.11
1796,2017-12-02,00:00:00.00,85.8673,3815.16,89.8872,40.6509,0,0,1158.06,59.6546,0,0,0,114.74,0,0,89.8872,89.8872,40.6509,40.6509,1243.92,1217.71,879.221,4153.65,4268.39,2234,2234,1449.6,785.042,785.042,2670.36,33.6816,1879.77
1797,2017-12-03,00:00:00.00,85.8673,3815.16,89.8872,40.6509,0,0,1158.06,59.6546,0,0,0,114.74,0,0,89.8872,89.8872,40.6509,40.6509,1243.92,1217.71,879.221,4153.65,4268.39,2234.32,2234.32,1449.6,785.357,785.357,2670.36,33.6816,1880.33
1798,2017-12-04,00:00:00.00,85.8673,3815.16,89.8872,40.6509,0,0,1158.06,59.6546,0,0,0,114.74,0,0,89.8872,89.8872,40.6509,40.6509,1243.92,1217.71,879.221,4153.65,4268.39,2234.63,2234.63,1449.6,785.672,785.672,2670.36,33.6816,1880.8
1799,2017-12-05,00:00:00.00,85.8673,3822.05,90.0717,40.6509,0,0,1158.06,59.6546,0,0,0,114.897,0,0,90.0717,90.0717,40.6509,40.6509,1243.92,1217.71,879.416,4160.34,4275.24,2234.88,2234.88,1450.62,785.987,785.987,2676.04,33.6816,1881.78
1800,2017-12-06,00:00:00.00,85.8673,3822.05,90.0717,40.6509,0,0,1158.06,59.6546,0,0,0,114.897,0,0,90.0717,90.0717,40.6509,40.6509,1243.92,1217.71,879.416,4160.34,4275.24,2235.19,2235.19,1450.62,786.302,786.302,2676.04,33.6816,1882.63
1801,2017-12-07,00:00:00.00,85.8673,3822.05,90.0717,40.6848,0,0,1159.01,59.6546,0,0,0,114.919,0,0,90.0717,90.0717,40.6848,40.6848,1243.92,1217.71,879.416,4160.34,4275.26,2235.2,2235.2,1450.62,786.466,786.466,2676.04,33.6816,1883.37
1802,2017-12-08,00:00:00.00,85.8673,3822.05,90.0717,40.6848,0,0,1159.01,59.6546,0,0,0,114.919,0,0,90.0717,90.0717,40.6848,40.6848,1243.92,1217.71,879.416,4160.34,4275.26,2235.2,2235.2,1450.62,786.492,786.492,2676.04,33.6816,1884.03
1803,2017-12-09,00:00:00.00,85.8673,3822.05,90.0717,40.6848,0,0,1159.01,59.6546,0,0,0,114.919,0,0,90.0717,90.0717,40.6848,40.6848,1243.92,1217.71,879.416,4160.34,4275.26,2235.21,2235.21,1450.62,786.519,786.519,2676.04,33.6816,1884.61
1804,2017-12-10,00:00:00.00,85.8673,3822.05,90.0717,40.7526,0,0,1160.9,59.6546,0,0,0,114.962,0,0,90.0717,90.0717,40.7526,40.7526,1243.92,1217.71,879.416,4160.34,4275.31,2235.21,2235.21,1450.62,786.565,786.565,2676.04,33.6816,1885.13
1805,2017-12-11,00:00:00.00,85.8673,3822.05,90.0717,40.9762,0,0,1167.17,59.6546,0,0,0,115.106,0,0,90.0717,90.0717,40.9762,40.9762,1243.92,1217.71,879.416,4160.34,4275.45,2235.21,2235.21,1450.62,786.565,786.565,2676.04,33.6816,1885.59
1806,2017-12-12,00:00:00.00,85.8673,3822.05,90.0717,41.2133,0,0,1173.81,59.6546,0,0,0,115.259,0,0,90.0717,90.0717,41.2133,41.2133,1243.92,1217.71,879.416,4160.34,4275.6,2235.21,2235.21,1450.62,786.565,786.565,2676.04,33.6816,1886.01
1807,2017-12-13,00:00:00.00,85.8673,3822.05,90.0717,41.2133,0,0,1173.81,59.6546,0,0,0,115.259,0,0,90.0717,90.0717,41.2133,41.2133,1243.92,1217.71,879.416,4160.34,4275.6,2235.21,2235.21,1450.62,786.565,786.565,2676.04,33.6816,1886.38
1808,2017-12-14,00:00:00.00,85.8673,3822.05,90.0717,41.2675,0,0,1175.33,59.6546,0,0,0,115.294,0,0,90.0717,90.0717,41.2675,41.2675,1243.92,1217.71,879.416,4160.34,4275.64,2235.21,2235.21,1450.62,786.565,786.565,2676.04,33.6816,1886.71
1809,2017-12-15,00:00:00.00,85.8673,3822.05,90.0717,41.2811,0,0,1175.71,59.6546,0,0,0,115.303,0,0,90.0717,90.0717,41.2811,41.2811,1243.92,1217.71,879.416,4160.34,4275.65,2235.21,2235.21,1450.62,786.565,786.565,2676.04,33.6816,1887
1810,2017-12-16,00:00:00.00,85.8673,3822.05,90.0717,41.376,0,0,1178.37,59.6546,0,0,0,115.364,0,0,90.0717,90.0717,41.376,41.376,1243.92,1217.71,879.416,4160.34,4275.71,2235.21,2235.21,1450.62,786.565,786.565,2676.04,33.6816,1887.27
1811,2017-12-17,00:00:00.00,85.8673,3822.05,90.0717,41.3895,0,0,1178.74,59.6546,0,0,0,115.373,0,0,90.0717,90.0717,41.3895,41.3895,1243.92,1217.71,879.416,4160.34,4275.72,2235.21,2235.21,1450.62,786.565,786.565,2676.04,33.6816,1887.5
1812,2017-12-18,00:00:00.00,85.8673,3822.05,90.0717,41.4234,0,0,1179.69,59.6546,0,0,0,115.395,0,0,90.0717,90.0717,41.4234,41.4234,1243.92,1217.71,879.416,4160.34,4275.74,2235.21,2235.21,1450.62,786.565,786.565,2676.04,33.6816,1887.71
1813,2017-12-19,00:00:00.00,85.8673,3822.05,90.0717,41.4641,0,0,1180.83,59.6546,0,0,0,115.421,0,0,90.0717,90.0717,41.4641,41.4641,1243.92,1217.71,879.416,4160.34,4275.76,2235.21,2235.21,1450.62,786.63,786.63,2676.04,33.6816,1887.89
1814,2017-12-20,00:00:00.00,85.8673,3822.05,90.0717,41.4641,0,0,1180.83,59.6546,0,0,0,115.421,0,0,90.0717,90.0717,41.4641,41.4641,1246.55,1219.64,879.464,4162.22,4277.64,2235.27,2235.27,1451.44,786.945,786.945,2677.1,33.6816,1888.13
1815,2017-12-21,00:00:00.00,86.5673,3822.05,90.0717,41.4979,0,0,1181.78,59.6546,0,0,0,115.443,0,0,90.0717,90.0717,41.4979,41.4979,1246.55,1219.64,879.464,4162.22,4277.66,2235.28,2235.28,1451.44,787.011,787.011,2677.1,33.6816,1888.34
1816,2017-12-22,00:00:00.00,86.5673,3822.05,90.0717,41.7351,0,0,1188.42,59.6546,0,0,0,115.596,0,0,90.0717,90.0717,41.7351,41.7351,1246.55,1219.64,879.464,4162.22,4277.82,2235.28,2235.28,1451.44,787.011,787.011,2677.1,33.6816,1888.53
1817,2017-12-23,00:00:00.00,86.5673,3822.05,90.0717,41.8029,0,0,1190.32,59.6546,0,0,0,115.639,0,0,90.0717,90.0717,41.8029,41.8029,1246.55,1219.64,879.464,4162.22,4277.86,2235.28,2235.28,1451.44,787.011,787.011,2677.1,33.6816,1888.69
1818,2017-12-24,00:00:00.00,86.5673,3822.05,90.0717,41.8706,0,0,1192.22,59.6546,0,0,0,115.683,0,0,90.0717,90.0717,41.8706,41.8706,1246.55,1219.64,879.464,4162.22,4277.9,2235.28,2235.28,1451.44,787.057,787.057,2677.1,33.6816,1888.84
1819,2017-12-25,00:00:00.00,86.5673,3822.05,90.0717,42.0942,0,0,1198.48,59.6546,0,0,0,115.827,0,0,90.0717,90.0717,42.0942,42.0942,1246.55,1219.64,879.464,4162.22,4278.05,2235.28,2235.28,1451.44,787.057,787.057,2677.1,33.6816,1888.97
1820,2017-12-26,00:00:00.00,86.5673,3822.05,90.0717,42.1417,0,0,1199.81,59.6546,0,0,0,115.858,0,0,90.0717,90.0717,42.1417,42.1417,1246.55,1219.64,879.464,4162.22,4278.08,2235.28,2235.28,1451.44,787.057,787.057,2677.1,33.6816,1889.08
1821,2017-12-27,00:00:00.00,86.5673,3822.05,90.0717,42.1417,0,0,1199.81,59.6546,0,0,0,115.858,0,0,90.0717,90.0717,42.1417,42.1417,1246.55,1219.64,879.464,4162.22,4278.08,2235.28,2235.28,1451.44,787.057,787.057,2677.1,33.6816,1889.18
1822,2017-12-28,00:00:00.00,86.5673,3822.05,90.0717,42.1417,0,0,1199.81,59.6546,0,0,0,115.858,0,0,90.0717,90.0717,42.1417,42.1417,1246.55,1219.64,879.464,4162.22,4278.08,2235.28,2235.28,1451.44,787.057,787.057,2677.1,33.6816,1889.28
1823,2017-12-29,00:00:00.00,86.5673,3822.05,90.0717,42.1552,0,0,1200.19,59.6546,0,0,0,115.867,0,0,90.0717,90.0717,42.1552,42.1552,1246.55,1219.64,879.464,4162.22,4278.09,2235.28,2235.28,1451.44,787.057,787.057,2677.1,33.6816,1889.36
1824,2017-12-30,00:00:00.00,86.5673,3822.05,90.0717,42.2433,0,0,1202.66,59.6546,0,0,0,115.923,0,0,90.0717,90.0717,42.2433,42.2433,1246.55,1219.64,879.464,4162.22,4278.14,2235.28,2235.28,1451.44,787.057,787.057,2677.1,33.6816,1889.43
1825,2017-12-31,00:00:00.00,86.5673,3822.05,90.0717,42.2569,0,0,1203.04,59.6546,0,0,0,115.932,0,0,90.0717,90.0717,42.2569,42.2569,1246.55,1219.64,879.464,4162.22,4278.15,2235.28,2235.28,1451.44,787.057,787.057,2677.1,33.6816,1889.5
1826,2018-01-01,00:00:00.00,86.5673,3822.05,90.0717,42.2569,0,0,1203.04,59.6546,0,0,0,115.932,0,0,90.0717,90.0717,42.2569,42.2569,1246.55,1219.64,879.464,4162.22,4278.15,2235.28,2235.28,1451.44,787.057,787.057,2677.1,33.6816,1889.56
1827,2018-01-02,00:00:00.00,86.5673,3822.05,90.0717,42.4059,0,0,1207.22,59.6546,0,0,0,116.028,0,0,90.0717,90.0717,42.4059,42.4059,1246.55,1219.64,879.464,4162.22,4278.25,2235.28,2235.28,1451.44,787.057,787.057,2677.1,33.6816,1889.61
1828,2018-01-03,00:00:00.00,86.5673,3822.05,90.0717,42.4059,0,0,1207.22,59.6546,0,0,0,116.028,0,0,90.0717,90.0717,42.4059,42.4059,1246.55,1219.64,879.464,4162.22,4278.25,2235.28,2235.28,1451.44,787.057,787.057,2677.1,33.6816,1889.65
1829,2018-01-04,00:00:00.00,86.5673,3822.05,90.0717,42.433,0,0,1207.97,59.6546,0,0,0,116.046,0,0,90.0717,90.0717,42.433,42.433,1246.55,1219.64,879.464,4162.22,4278.27,2235.28,2235.28,1451.44,787.057,787.057,2677.1,33.6816,1889.7
1830,2018-01-05,00:00:00.00,86.5673,3822.05,90.0717,42.433,0,0,1207.97,59.6546,0,0,0,116.046,0,0,90.0717,90.0717,42.433,42.433,1246.55,1219.64,879.464,4162.22,4278.27,2235.28,2235.28,1451.44,787.057,787.057,2677.1,33.6816,1889.73
1831,2018-01-06,00:00:00.00,86.5673,3822.05,90.0717,42.433,0,0,1207.97,59.6546,0,0,0,116.046,0,0,90.0717,90.0717,42.433,42.433,1246.55,1219.64,879.464,4162.22,4278.27,2235.28,2235.28,1451.44,787.057,787.057,2677.1,33.6816,1889.77
1832,2018-01-07,00:00:00.00,86.5673,3822.05,90.0717,42.433,0,0,1207.97,59.6546,0,0,0,116.046,0,0,90.0717,90.0717,42.433,42.433,1246.55,1219.64,879.464,4162.22,4278.27,2235.28,2235.28,1451.44,787.057,787.057,2677.1,33.6816,1889.8
1833,2018-01-08,00:00:00.00,86.5673,3822.05,90.0717,42.6702,0,0,1214.62,59.6546,0,0,0,116.199,0,0,90.0717,90.0717,42.6702,42.6702,1246.55,1219.64,879.464,4162.22,4278.42,2235.28,2235.28,1451.44,787.057,787.057,2677.1,33.6816,1889.82
1834,2018-01-09,00:00:00.00,86.5673,3822.05,90.0717,42.738,0,0,1216.52,59.6546,0,0,0,116.242,0,0,90.0717,90.0717,42.738,42.738,1246.55,1219.64,879.464,4162.22,4278.46,2235.28,2235.28,1451.44,787.181,787.181,2677.1,33.6816,1889.83
1835,2018-01-10,00:00:00.00,86.5673,3822.05,90.0717,42.738,0,0,1216.52,59.6546,0,0,0,116.242,0,0,90.0717,90.0717,42.738,42.738,1246.55,1219.64,879.464,4162.22,4278.46,2235.31,2235.31,1451.44,787.269,787.269,2677.1,33.6816,1889.83
1836,2018-01-11,00:00:00.00,86.5673,3822.05,90.0717,42.9548,0,0,1222.59,59.6546,0,0,0,116.382,0,0,90.0717,90.0717,42.9548,42.9548,1246.55,1219.64,879.464,4162.22,4278.6,2235.32,2235.32,1451.44,787.269,787.269,2677.1,33.6816,1889.83
1837,2018-01-12,00:00:00.00,86.5673,3839.42,90.5774,42.9548,0,0,1222.59,61.8294,0,0,0,116.828,0,0,90.5774,90.5774,42.9548,42.9548,1260.21,1233.77,880.119,4193.07,4309.9,2235.32,2235.32,1452.07,787.269,787.269,2707.32,33.6816,1893.05
1838,2018-01-13,00:00:00.00,88.2676,3839.42,90.5774,43.1581,0,0,1228.28,61.8294,0,0,0,116.959,0,0,90.5774,90.5774,43.1581,43.1581,1260.21,1233.77,880.119,4193.07,4310.03,2235.33,2235.33,1452.07,787.434,787.434,2707.32,33.6816,1895.91
1839,2018-01-14,00:00:00.00,88.2676,3839.42,90.5774,43.1581,0,0,1228.28,61.8294,0,0,0,116.959,0,0,90.5774,90.5774,43.1581,43.1581,1260.21,1233.77,880.119,4193.07,4310.03,2235.33,2235.33,1452.07,787.434,787.434,2707.32,33.6816,1898.47
1840,2018-01-15,00:00:00.00,88.2676,3839.42,90.5774,43.1581,0,0,1228.28,61.8294,0,0,0,116.959,0,0,90.5774,90.5774,43.1581,43.1581,1260.21,1233.77,880.119,4193.07,4310.03,2235.33,2235.33,1452.07,787.434,787.434,2707.32,33.6816,1900.75
1841,2018-01-16,00:00:00.00,88.2676,3839.42,90.5774,43.3275,0,0,1233.03,61.8294,0,0,0,117.068,0,0,90.5774,90.5774,43.3275,43.3275,1260.21,1233.77,880.119,4193.07,4310.14,2235.33,2235.33,1452.07,787.434,787.434,2707.32,33.6816,1902.79
1842,2018-01-17,00:00:00.00,88.2676,3839.42,90.5774,43.5443,0,0,1239.1,61.8294,0,0,0,117.208,0,0,90.5774,90.5774,43.5443,43.5443,1260.21,1233.77,880.119,4193.07,4310.28,2235.33,2235.33,1452.07,787.483,787.483,2707.32,33.6816,1904.61
1843,2018-01-18,00:00:00.00,88.2676,3839.42,90.5774,43.5443,0,0,1239.1,61.8294,0,0,0,117.208,0,0,90.5774,90.5774,43.5443,43.5443,1260.21,1233.77,880.119,4193.07,4310.28,2235.33,2235.33,1452.07,787.483,787.483,2707.32,33.6816,1906.23
1844,2018-01-19,00:00:00.00,88.2676,3839.42,90.5774,43.5443,0,0,1239.1,61.8294,0,0,0,117.208,0,0,90.5774,90.5774,43.5443,43.5443,1260.21,1233.77,880.119,4193.07,4310.28,2235.33,2235.33,1452.07,787.491,787.491,2707.32,33.6816,1907.68
1845,2018-01-20,00:00:00.00,88.2676,3839.42,90.5774,43.5443,0,0,1239.1,61.8294,0,0,0,117.208,0,0,90.5774,90.5774,43.5443,43.5443,1260.21,1233.77,880.119,4193.07,4310.28,2235.36,2235.36,1452.07,787.656,787.656,2707.32,33.6816,1908.96
1846,2018-01-21,00:00:00.00,88.2676,3839.42,90.5774,43.5443,0,0,1239.1,61.8294,0,0,0,117.208,0,0,90.5774,90.5774,43.5443,43.5443,1260.21,1233.77,880.119,4193.07,4310.28,2235.4,2235.4,1452.07,787.821,787.821,2707.32,33.6816,1910.08
1847,2018-01-22,00:00:00.00,88.2677,3839.42,90.5976,43.5989,0,0,1240.63,62.5828,0,0,0,117.26,0,0,90.5976,90.5976,43.5989,43.5989,1260.21,1233.77,880.119,4193.07,4310.33,2235.4,2235.4,1452.07,787.986,787.986,2707.32,33.6816,1911.07
1848,2018-01-23,00:00:00.00,88.2677,3866.37,91.1034,43.5989,0,0,1240.63,64.2155,0,0,0,117.907,0,0,91.1034,91.1034,43.5989,43.5989,1264.02,1237.72,880.568,4223.52,4341.43,2235.41,2235.41,1452.51,788.151,788.151,2737.33,33.6816,1915.13
1849,2018-01-24,00:00:00.00,88.2677,3867.33,91.129,43.6532,0,0,1242.15,64.2155,0,0,0,117.963,0,0,91.129,91.129,43.6532,43.6532,1269.45,1243.28,880.631,4229.98,4347.94,2235.41,2235.41,1452.87,788.317,788.317,2743.43,33.6816,1919.39
1850,2018-01-25,00:00:00.00,90.3856,3867.33,91.129,43.6532,0,0,1242.15,64.2155,0,0,0,117.963,0,0,91.129,91.129,43.6532,43.6532,1269.45,1243.28,880.631,4229.98,4347.94,2235.41,2235.41,1452.87,788.317,788.317,2743.43,33.6816,1923.19
1851,2018-01-26,00:00:00.00,90.3856,3867.33,91.129,43.7209,0,0,1244.05,64.2155,0,0,0,118.007,0,0,91.129,91.129,43.7209,43.7209,1269.45,1243.28,880.631,4229.98,4347.99,2235.41,2235.41,1452.87,788.317,788.317,2743.43,33.6816,1926.59
1852,2018-01-27,00:00:00.00,90.3856,3867.33,91.129,43.7209,0,0,1244.05,64.2155,0,0,0,118.007,0,0,91.129,91.129,43.7209,43.7209,1269.45,1243.28,880.631,4229.98,4347.99,2235.44,2235.44,1452.87,788.482,788.482,2743.43,33.6816,1929.62
1853,2018-01-28,00:00:00.00,90.3856,3867.33,91.1341,43.7209,0,0,1244.05,64.407,0,0,0,118.011,0,0,91.1341,91.1341,43.7209,43.7209,1276.71,1248.72,880.673,4235.38,4353.39,2235.47,2235.47,1453.16,788.647,788.647,2748.54,33.6816,1932.84
1854,2018-01-29,00:00:00.00,90.9423,3867.33,91.1341,43.7209,0,0,1244.05,64.407,0,0,0,118.011,0,0,91.1341,91.1341,43.7209,43.7209,1276.71,1248.72,880.673,4235.38,4353.39,2235.5,2235.5,1453.16,788.812,788.812,2748.54,33.6816,1935.71
1855,2018-01-30,00:00:00.00,92.3909,3867.33,91.1341,44.0597,0,0,1253.54,64.407,0,0,0,118.23,0,0,91.1341,91.1341,44.0597,44.0597,1276.71,1248.72,880.673,4235.38,4353.61,2235.51,2235.51,1453.16,788.974,788.974,2748.54,33.6816,1938.25
1856,2018-01-31,00:00:00.00,92.3909,3867.33,91.1341,44.0733,0,0,1253.92,64.407,0,0,0,118.239,0,0,91.1341,91.1341,44.0733,44.0733,1276.71,1248.72,880.673,4235.38,4353.62,2235.51,2235.51,1453.16,788.974,788.974,2748.54,33.6816,1940.52
1857,2018-02-01,00:00:00.00,92.3909,3867.33,91.1341,44.0733,0,0,1253.92,64.407,0,0,0,118.239,0,0,91.1341,91.1341,44.0733,44.0733,1276.71,1248.72,880.673,4235.38,4353.62,2235.51,2235.51,1453.16,788.974,788.974,2748.54,33.6816,1942.55
1858,2018-02-02,00:00:00.00,92.3909,3867.33,91.1341,44.0733,0,0,1253.92,64.407,0,0,0,118.239,0,0,91.1341,91.1341,44.0733,44.0733,1276.71,1248.72,880.673,4235.38,4353.62,2235.56,2235.56,1453.16,789.229,789.229,2748.54,33.6816,1944.34
1859,2018-02-03,00:00:00.00,92.3909,3867.33,91.1341,44.0733,0,0,1253.92,64.407,0,0,0,118.239,0,0,91.1341,91.1341,44.0733,44.0733,1276.71,1248.72,880.673,4235.38,4353.62,2235.56,2235.56,1453.16,789.229,789.229,2748.54,33.6816,1945.93
1860,2018-02-04,00:00:00.00,92.3909,3867.33,91.1341,44.3104,0,0,1260.56,64.407,0,0,0,118.392,0,0,91.1341,91.1341,44.3104,44.3104,1276.71,1248.72,880.673,4235.38,4353.77,2235.56,2235.56,1453.16,789.263,789.263,2748.54,33.6816,1947.36
1861,2018-02-05,00:00:00.00,92.3909,3867.33,91.1341,44.4121,0,0,1263.41,64.407,0,0,0,118.457,0,0,91.1341,91.1341,44.4121,44.4121,1276.71,1248.72,880.673,4235.38,4353.84,2235.57,2235.57,1453.16,789.518,789.518,2748.54,33.6816,1948.6
1862,2018-02-06,00:00:00.00,92.3909,3867.33,91.1341,44.4121,0,0,1263.41,64.407,0,0,0,118.457,0,0,91.1341,91.1341,44.4121,44.4121,1276.71,1248.72,880.673,4235.38,4353.84,2235.57,2235.57,1453.16,789.518,789.518,2748.54,33.6816,1949.71
1863,2018-02-07,00:00:00.00,92.3909,3867.33,91.1341,44.5137,0,0,1266.26,64.407,0,0,0,118.523,0,0,91.1341,91.1341,44.5137,44.5137,1276.71,1248.72,880.673,4235.38,4353.9,2235.57,2235.57,1453.16,789.521,789.521,2748.54,33.6816,1950.7
1864,2018-02-08,00:00:00.00,92.3909,3867.33,91.1341,44.6492,0,0,1270.05,64.407,0,0,0,118.61,0,0,91.1341,91.1341,44.6492,44.6492,1276.71,1248.72,880.673,4235.38,4353.99,2235.57,2235.57,1453.16,789.524,789.524,2748.54,33.6816,1951.59
1865,2018-02-09,00:00:00.00,92.3909,3867.33,91.1341,44.6831,0,0,1271,64.407,0,0,0,118.632,0,0,91.1341,91.1341,44.6831,44.6831,1276.71,1248.72,880.673,4235.38,4354.01,2235.57,2235.57,1453.16,789.524,789.524,2748.54,33.6816,1952.38
1866,2018-02-10,00:00:00.00,92.3909,3867.33,91.1341,44.9271,0,0,1277.84,64.407,0,0,0,118.789,0,0,91.1341,91.1341,44.9271,44.9271,1276.71,1248.72,880.673,4235.38,4354.17,2235.57,2235.57,1453.16,789.524,789.524,2748.54,33.6816,1953.09
1867,2018-02-11,00:00:00.00,92.3909,3867.33,91.1341,45.2184,0,0,1286,64.407,0,0,0,118.977,0,0,91.1341,91.1341,45.2184,45.2184,1276.71,1248.72,880.673,4235.38,4354.36,2235.57,2235.57,1453.16,789.622,789.622,2748.54,33.6816,1953.71
1868,2018-02-12,00:00:00.00,92.3909,3867.33,91.1341,45.2523,0,0,1286.95,64.407,0,0,0,118.999,0,0,91.1341,91.1341,45.2523,45.2523,1276.71,1248.72,880.673,4235.38,4354.38,2235.58,2235.58,1453.16,789.784,789.784,2748.54,33.6816,1954.25
1869,2018-02-13,00:00:00.00,92.3909,3867.33,91.1341,45.2523,0,0,1286.95,64.407,0,0,0,118.999,0,0,91.1341,91.1341,45.2523,45.2523,1276.71,1248.72,880.673,4235.38,4354.38,2235.59,2235.59,1453.16,789.835,789.835,2748.54,33.6816,1954.72
1870,2018-02-14,00:00:00.00,92.3909,3867.33,91.1341,45.2523,0,0,1286.95,64.407,0,0,0,118.999,0,0,91.1341,91.1341,45.2523,45.2523,1276.71,1248.72,880.673,4235.38,4354.38,2235.59,2235.59,1453.16,789.835,789.835,2748.54,33.6816,1955.15
1871,2018-02-15,00:00:00.00,92.3909,3867.33,91.1341,45.5301,0,0,1294.73,64.407,0,0,0,119.178,0,0,91.1341,91.1341,45.5301,45.5301,1276.71,1248.72,880.673,4235.38,4354.56,2235.6,2235.6,1453.16,790.089,790.089,2748.54,33.6816,1955.5
1872,2018-02-16,00:00:00.00,92.3909,3867.33,91.1444,45.5301,0,0,1294.73,64.7899,0,0,0,119.187,0,0,91.1444,91.1444,45.5301,45.5301,1288.43,1257.4,880.728,4244.01,4363.2,2235.64,2235.64,1453.41,790.344,790.344,2756.91,33.6816,1956.68
1873,2018-02-17,00:00:00.00,95.819,3867.33,91.1444,45.5301,0,0,1294.73,64.7899,0,0,0,119.187,0,0,91.1444,91.1444,45.5301,45.5301,1288.43,1257.4,880.728,4244.01,4363.2,2235.69,2235.69,1453.41,790.598,790.598,2756.91,33.6816,1957.71
1874,2018-02-18,00:00:00.00,95.819,3867.33,91.1444,45.5301,0,0,1294.73,64.7899,0,0,0,119.187,0,0,91.1444,91.1444,45.5301,45.5301,1288.43,1257.4,880.728,4244.01,4363.2,2235.7,2235.7,1453.41,790.696,790.696,2756.91,33.6816,1958.61
1875,2018-02-19,00:00:00.00,95.819,3867.33,91.1444,45.5301,0,0,1294.73,64.7899,0,0,0,119.187,0,0,91.1444,91.1444,45.5301,45.5301,1288.43,1257.4,880.728,4244.01,4363.2,2235.75,2235.75,1453.41,790.951,790.951,2756.91,33.6816,1959.4
1876,2018-02-20,00:00:00.00,95.819,3883.33,91.6502,45.5301,0,0,1294.73,68.337,0,0,0,119.632,0,0,91.6502,91.6502,45.5301,45.5301,1298.6,1267.92,880.885,4270.37,4390,2235.76,2235.76,1453.62,791.205,791.205,2783.07,33.6816,1962.86
1877,2018-02-21,00:00:00.00,95.819,3899.99,92.0959,45.5301,0,0,1294.73,68.337,0,0,0,120.012,0,0,92.0959,92.0959,45.5301,45.5301,1328.66,1299.03,881.081,4317.94,4437.95,2235.77,2235.77,1453.75,791.459,791.459,2827.35,36.8422,1970.64
1878,2018-02-22,00:00:00.00,96.8652,3899.99,92.1053,45.5787,0,0,1296.09,68.6866,0,0,0,120.051,0,0,92.1053,92.1053,45.5787,45.5787,1328.66,1299.03,881.081,4317.94,4437.99,2235.78,2235.78,1453.75,791.713,791.713,2827.35,36.8422,1977.56
1879,2018-02-23,00:00:00.00,98.3183,3899.99,92.1053,45.5787,0,0,1296.09,68.6866,0,0,0,120.051,0,0,92.1053,92.1053,45.5787,45.5787,1328.66,1299.03,881.081,4317.94,4437.99,2235.83,2235.83,1453.75,791.968,791.968,2827.35,36.8422,1983.72
1880,2018-02-24,00:00:00.00,98.3183,3900.79,92.1845,45.623,0,0,1297.33,70.8487,0,0,0,120.148,0,0,92.1845,92.1845,45.623,45.623,1330.66,1300.95,881.087,4320.65,4440.8,2235.84,2235.84,1453.82,792.222,792.222,2829.99,36.8422,1989.48
1881,2018-02-25,00:00:00.00,98.3183,3902.67,92.2355,45.637,0,0,1297.72,70.8635,0,0,0,120.2,0,0,92.2355,92.2355,45.637,45.637,1333.77,1304.15,881.099,4325.73,4445.93,2235.85,2235.85,1453.92,792.476,792.476,2834.96,36.8422,1995.13
1882,2018-02-26,00:00:00.00,98.3183,3902.67,92.2355,45.637,0,0,1297.72,70.8635,0,0,0,120.2,0,0,92.2355,92.2355,45.637,45.637,1347.89,1318.76,881.126,4340.3,4460.5,2235.9,2235.9,1454.01,792.731,792.731,2849.45,36.8422,2001.69
1883,2018-02-27,00:00:00.00,98.3183,3902.67,92.2355,45.637,0,0,1297.72,70.8635,0,0,0,120.2,0,0,92.2355,92.2355,45.637,45.637,1353.28,1324.34,881.134,4345.87,4466.07,2235.95,2235.95,1454.09,792.985,792.985,2854.94,36.8422,2008.11
1884,2018-02-28,00:00:00.00,98.3183,3902.67,92.2355,45.637,0,0,1297.72,70.8635,0,0,0,120.2,0,0,92.2355,92.2355,45.637,45.637,1371.05,1342.72,881.158,4364.24,4484.44,2236,2236,1454.16,793.239,793.239,2873.23,36.8422,2015.77
1885,2018-03-01,00:00:00.00,98.3183,3902.67,92.2355,45.637,0,0,1297.72,70.8635,0,0,0,120.2,0,0,92.2355,92.2355,45.637,45.637,1384.93,1357.09,881.178,4378.58,4498.78,2236.25,2236.25,1454.26,793.493,793.493,2887.48,36.8422,2024.11
1886,2018-03-02,00:00:00.00,98.3284,3902.67,92.2355,45.637,0,0,1297.72,70.8635,0,0,0,120.2,0,0,92.2355,92.2355,45.637,45.637,1384.93,1357.09,881.178,4378.58,4498.78,2237.08,2237.08,1454.26,794.322,794.322,2887.48,36.8422,2031.46
1887,2018-03-03,00:00:00.00,98.3284,3902.67,92.2355,45.637,0,0,1297.72,70.8635,0,0,0,120.2,0,0,92.2355,92.2355,45.637,45.637,1384.98,1357.13,881.178,4378.63,4498.83,2237.96,2237.96,1454.31,795.201,795.201,2887.48,36.8422,2037.94
1888,2018-03-04,00:00:00.00,98.7129,3902.67,92.2355,45.637,0,0,1297.72,70.8635,0,0,0,120.2,0,0,92.2355,92.2355,45.637,45.637,1384.98,1357.13,881.178,4378.63,4498.83,2238.46,2238.46,1454.31,795.701,795.701,2887.48,36.8422,2043.68
1889,2018-03-05,00:00:00.00,98.7129,3902.67,92.2355,45.637,0,0,1297.72,70.8635,0,0,0,120.2,0,0,92.2355,92.2355,45.637,45.637,1384.98,1357.13,881.178,4378.63,4498.83,2238.74,2238.74,1454.31,795.98,795.98,2887.48,36.8422,2048.77
1890,2018-03-06,00:00:00.00,98.7129,3902.67,92.2355,45.637,0,0,1297.72,70.8635,0,0,0,120.2,0,0,92.2355,92.2355,45.637,45.637,1384.98,1357.13,881.178,4378.63,4498.83,2239.24,2239.24,1454.31,796.48,796.48,2887.48,36.8422,2053.27
1891,2018-03-07,00:00:00.00,98.7129,3902.67,92.2355,45.6505,0,0,1298.1,70.8635,0,0,0,120.209,0,0,92.2355,92.2355,45.6505,45.6505,1384.98,1357.13,881.178,4378.63,4498.84,2239.24,2239.24,1454.31,796.485,796.485,2887.48,36.8422,2057.29
1892,2018-03-08,00:00:00.00,98.7129,3902.67,92.2355,45.6844,0,0,1299.05,70.8635,0,0,0,120.231,0,0,92.2355,92.2355,45.6844,45.6844,1384.98,1357.13,881.178,4378.63,4498.86,2239.33,2239.33,1454.31,797.095,797.095,2887.48,36.8422,2060.82
1893,2018-03-09,00:00:00.00,98.7129,3902.67,92.2355,45.6844,0,0,1299.05,70.8635,0,0,0,120.231,0,0,92.2355,92.2355,45.6844,45.6844,1384.98,1357.13,881.178,4378.63,4498.86,2239.33,2239.33,1454.31,797.1,797.1,2887.48,36.8422,2063.97
1894,2018-03-10,00:00:00.00,98.7129,3902.67,92.2355,45.7386,0,0,1300.57,70.8635,0,0,0,120.266,0,0,92.2355,92.2355,45.7386,45.7386,1384.98,1357.13,881.178,4378.63,4498.89,2239.34,2239.34,1454.31,797.435,797.435,2887.48,36.8422,2066.75
1895,2018-03-11,00:00:00.00,98.7129,3902.67,92.2355,45.7386,0,0,1300.57,70.8635,0,0,0,120.266,0,0,92.2355,92.2355,45.7386,45.7386,1384.98,1357.13,881.178,4378.63,4498.89,2239.39,2239.39,1454.31,797.66,797.66,2887.48,36.8422,2069.2
1896,2018-03-12,00:00:00.00,98.7129,3902.67,92.2355,45.7386,0,0,1300.57,70.8635,0,0,0,120.266,0,0,92.2355,92.2355,45.7386,45.7386,1384.98,1357.13,881.178,4378.63,4498.89,2239.39,2239.39,1454.31,797.665,797.665,2887.48,36.8422,2071.4
1897,2018-03-13,00:00:00.00,98.7129,3902.67,92.2355,45.7589,0,0,1301.14,70.8635,0,0,0,120.279,0,0,92.2355,92.2355,45.7589,45.7589,1384.98,1357.13,881.178,4378.63,4498.91,2239.4,2239.4,1454.31,797.835,797.835,2887.48,36.8422,2073.34
1898,2018-03-14,00:00:00.00,98.7129,3902.67,92.2355,45.7725,0,0,1301.52,70.8635,0,0,0,120.287,0,0,92.2355,92.2355,45.7725,45.7725,1384.98,1357.13,881.178,4378.63,4498.91,2239.4,2239.4,1454.31,797.84,797.84,2887.48,36.8422,2075.08
1899,2018-03-15,00:00:00.00,98.7129,3902.67,92.2355,45.7725,0,0,1301.52,70.8635,0,0,0,120.287,0,0,92.2355,92.2355,45.7725,45.7725,1384.98,1357.13,881.178,4378.63,4498.91,2239.4,2239.4,1454.31,797.845,797.845,2887.48,36.8422,2076.63
1900,2018-03-16,00:00:00.00,98.7129,3902.67,92.2355,45.786,0,0,1301.9,70.8635,0,0,0,120.296,0,0,92.2355,92.2355,45.786,45.786,1384.98,1357.13,881.178,4378.63,4498.92,2239.43,2239.43,1454.31,798.015,798.015,2887.48,36.8422,2078
1901,2018-03-17,00:00:00.00,98.7129,3902.67,92.2355,45.786,0,0,1301.9,70.8635,0,0,0,120.296,0,0,92.2355,92.2355,45.786,45.786,1384.98,1357.13,881.178,4378.63,4498.92,2239.43,2239.43,1454.31,798.015,798.015,2887.48,36.8422,2079.22
1902,2018-03-18,00:00:00.00,98.7129,3902.67,92.2355,45.786,0,0,1301.9,70.8635,0,0,0,120.296,0,0,92.2355,92.2355,45.786,45.786,1384.98,1357.13,881.178,4378.63,4498.92,2239.51,2239.51,1454.31,798.46,798.46,2887.48,36.8422,2080.26
1903,2018-03-19,00:00:00.00,98.7129,3902.67,92.2355,45.786,0,0,1301.9,70.8635,0,0,0,120.296,0,0,92.2355,92.2355,45.786,45.786,1384.98,1357.13,881.178,4378.63,4498.92,2239.67,2239.67,1454.31,799.289,799.289,2887.48,36.8422,2081.11
1904,2018-03-20,00:00:00.00,98.7131,3902.67,92.2355,45.786,0,0,1301.9,70.8635,0,0,0,120.296,0,0,92.2355,92.2355,45.786,45.786,1384.98,1357.13,881.178,4378.63,4498.92,2239.67,2239.67,1454.31,799.289,799.289,2887.48,36.8422,2081.86
1905,2018-03-21,00:00:00.00,98.7131,3902.67,92.2355,45.786,0,0,1301.9,70.8635,0,0,0,120.296,0,0,92.2355,92.2355,45.786,45.786,1384.98,1357.13,881.178,4378.63,4498.92,2239.74,2239.74,1454.31,799.624,799.624,2887.48,36.8422,2082.5
1906,2018-03-22,00:00:00.00,98.7131,3902.67,92.2355,45.786,0,0,1301.9,70.8635,0,0,0,120.296,0,0,92.2355,92.2355,45.786,45.786,1384.98,1357.13,881.178,4378.63,4498.92,2239.82,2239.82,1454.31,800.068,800.068,2887.48,36.8422,2083.02
1907,2018-03-23,00:00:00.00,98.7131,3902.67,92.2355,45.786,0,0,1301.9,70.8635,0,0,0,120.296,0,0,92.2355,92.2355,45.786,45.786,1384.98,1357.13,881.178,4378.63,4498.92,2239.9,2239.9,1454.31,800.458,800.458,2887.48,36.8422,2083.45
1908,2018-03-24,00:00:00.00,98.7131,3902.67,92.2355,45.786,0,0,1301.9,70.8635,0,0,0,120.296,0,0,92.2355,92.2355,45.786,45.786,1384.98,1357.13,881.178,4378.63,4498.92,2239.96,2239.96,1454.31,800.793,800.793,2887.48,36.8422,2083.79
1909,2018-03-25,00:00:00.00,98.7131,3902.67,92.2355,45.786,0,0,1301.9,70.8635,0,0,0,120.296,0,0,92.2355,92.2355,45.786,45.786,1384.98,1357.13,881.178,4378.63,4498.92,2239.99,2239.99,1454.31,800.907,800.907,2887.48,36.8422,2084.09
1910,2018-03-26,00:00:00.00,98.7131,3902.67,92.2355,45.786,0,0,1301.9,70.8635,0,0,0,120.296,0,0,92.2355,92.2355,45.786,45.786,1384.98,1357.13,881.178,4378.63,4498.92,2240,2240,1454.31,800.962,800.962,2887.48,36.8422,2084.35
1911,2018-03-27,00:00:00.00,98.7131,3903.04,92.2508,45.786,0,0,1301.9,71.0662,0,0,0,120.309,0,0,92.2508,92.2508,45.786,45.786,1389.34,1361.3,881.269,4383.08,4503.39,2240.86,2240.86,1455.22,801.708,801.708,2891.01,36.8422,2084.88
1912,2018-03-28,00:00:00.00,98.7131,3908.41,92.3943,45.786,0,0,1301.9,71.0662,0,0,0,120.432,0,0,92.3943,92.3943,45.786,45.786,1390.29,1362.29,881.413,4389.28,4509.71,2241.6,2241.6,1456.07,802.574,802.574,2896.36,36.8422,2085.83
1913,2018-03-29,00:00:00.00,98.7131,3908.41,92.3943,45.786,0,0,1301.9,71.0662,0,0,0,120.432,0,0,92.3943,92.3943,45.786,45.786,1391.57,1363.61,881.45,4390.57,4511,2242.47,2242.47,1456.24,803.453,803.453,2897.49,36.8422,2086.7
1914,2018-03-30,00:00:00.00,98.7131,3919.51,92.6915,45.786,0,0,1301.9,71.0662,0,0,0,120.685,0,0,92.6915,92.6915,45.786,45.786,1392.54,1364.61,881.728,4402.39,4523.08,2243.18,2243.18,1457.14,804.331,804.331,2908.41,36.8422,2088.55
1915,2018-03-31,00:00:00.00,98.7131,3919.51,92.6915,45.786,0,0,1301.9,71.0662,0,0,0,120.685,0,0,92.6915,92.6915,45.786,45.786,1392.85,1364.94,881.734,4402.71,4523.4,2244.06,2244.06,1457.26,805.21,805.21,2908.61,36.8422,2090.13
1916,2018-04-01,00:00:00.00,98.7131,3932.15,93.0296,45.786,0,0,1301.9,71.0662,0,0,0,120.973,0,0,93.0296,93.0296,45.786,45.786,1393.26,1365.36,882.05,4415.45,4536.42,2244.76,2244.76,1458.21,806.089,806.089,2920.4,36.8422,2092.71
1917,2018-04-02,00:00:00.00,98.9685,3932.15,93.0296,45.786,0,0,1301.9,71.0662,0,0,0,120.973,0,0,93.0296,93.0296,45.786,45.786,1393.26,1365.36,882.05,4415.45,4536.42,2244.76,2244.76,1458.21,806.089,806.089,2920.4,36.8422,2095.01
1918,2018-04-03,00:00:00.00,98.9685,3932.15,93.0296,45.786,0,0,1301.9,71.0662,0,0,0,120.973,0,0,93.0296,93.0296,45.786,45.786,1393.26,1365.36,882.05,4415.45,4536.42,2244.76,2244.76,1458.21,806.089,806.089,2920.4,36.8422,2097.07
1919,2018-04-04,00:00:00.00,98.9685,3955.95,93.5354,45.786,0,0,1301.9,71.3306,0,0,0,121.519,0,0,93.5354,93.5354,45.786,45.786,1393.75,1365.87,882.571,4439.25,4560.77,2244.76,2244.76,1458.88,806.089,806.089,2943.53,36.8422,2101.37
1920,2018-04-05,00:00:00.00,99.2156,3955.95,93.5354,45.8538,0,0,1303.8,71.3306,0,0,0,121.563,0,0,93.5354,93.5354,45.8538,45.8538,1393.75,1365.87,882.571,4439.25,4560.81,2244.76,2244.76,1458.88,806.089,806.089,2943.53,36.8422,2105.21
1921,2018-04-06,00:00:00.00,99.2156,3955.95,93.5354,45.8538,0,0,1303.8,71.3306,0,0,0,121.563,0,0,93.5354,93.5354,45.8538,45.8538,1393.75,1365.87,882.571,4439.25,4560.81,2244.76,2244.76,1458.88,806.089,806.089,2943.53,36.8422,2108.65
1922,2018-04-07,00:00:00.00,99.2156,3955.95,93.5354,46.091,0,0,1310.44,71.3306,0,0,0,121.716,0,0,93.5354,93.5354,46.091,46.091,1393.75,1365.87,882.571,4439.25,4560.96,2244.76,2244.76,1458.88,806.089,806.089,2943.53,36.8422,2111.72
1923,2018-04-08,00:00:00.00,99.2156,3955.95,93.5354,46.1045,0,0,1310.82,71.3306,0,0,0,121.725,0,0,93.5354,93.5354,46.1045,46.1045,1393.75,1365.87,882.571,4439.25,4560.97,2244.76,2244.76,1458.88,806.089,806.089,2943.53,36.8422,2114.46
1924,2018-04-09,00:00:00.00,99.2156,3955.95,93.5354,46.1316,0,0,1311.58,71.3306,0,0,0,121.742,0,0,93.5354,93.5354,46.1316,46.1316,1393.75,1365.87,882.571,4439.25,4560.99,2244.76,2244.76,1458.88,806.089,806.089,2943.53,36.8422,2116.91
1925,2018-04-10,00:00:00.00,99.2156,3955.95,93.5354,46.1994,0,0,1313.48,71.3306,0,0,0,121.786,0,0,93.5354,93.5354,46.1994,46.1994,1393.75,1365.87,882.571,4439.25,4561.03,2244.76,2244.76,1458.88,806.089,806.089,2943.53,36.8422,2119.09
1926,2018-04-11,00:00:00.00,99.2156,3955.95,93.5354,46.1994,0,0,1313.48,71.3306,0,0,0,121.786,0,0,93.5354,93.5354,46.1994,46.1994,1393.75,1365.87,882.571,4439.25,4561.03,2244.76,2244.76,1458.88,806.089,806.089,2943.53,36.8422,2121.05
1927,2018-04-12,00:00:00.00,99.2156,3955.95,93.5354,46.2807,0,0,1315.75,71.3306,0,0,0,121.838,0,0,93.5354,93.5354,46.2807,46.2807,1393.75,1365.87,882.571,4439.25,4561.09,2244.76,2244.76,1458.88,806.089,806.089,2943.53,36.8422,2122.79
1928,2018-04-13,00:00:00.00,99.2156,3957.02,93.5815,46.2807,0,0,1315.75,71.9789,0,0,0,121.877,0,0,93.5815,93.5815,46.2807,46.2807,1408.04,1380.56,882.811,4454.77,4576.65,2246.66,2246.66,1459.73,808.037,808.037,2958.2,36.8422,2125.71
1929,2018-04-14,00:00:00.00,99.2156,3966.41,93.8326,46.2807,0,0,1315.75,71.9789,0,0,0,122.092,0,0,93.8326,93.8326,46.2807,46.2807,1408.85,1381.4,883.006,4464.8,4586.89,2246.66,2246.66,1460.39,808.037,808.037,2967.56,36.8422,2129.31
1930,2018-04-15,00:00:00.00,99.4282,3966.41,93.8326,46.5517,0,0,1323.35,71.9789,0,0,0,122.266,0,0,93.8326,93.8326,46.5517,46.5517,1408.85,1381.4,883.006,4464.8,4587.07,2246.66,2246.66,1460.39,808.037,808.037,2967.56,36.8422,2132.53
1931,2018-04-16,00:00:00.00,99.4282,3966.41,93.8326,47.2261,0,0,1352.36,71.9789,0,0,0,122.926,0,0,93.8326,93.8326,47.2261,47.2261,1408.85,1381.4,883.006,4464.8,4587.73,2246.66,2246.66,1460.39,808.037,808.037,2967.56,36.8422,2135.41
1932,2018-04-17,00:00:00.00,99.4282,3966.41,93.8326,47.2261,0,0,1352.36,71.9789,0,0,0,122.926,0,0,93.8326,93.8326,47.2261,47.2261,1408.85,1381.4,883.006,4464.8,4587.73,2246.66,2246.66,1460.39,808.037,808.037,2967.56,36.8422,2137.98
1933,2018-04-18,00:00:00.00,99.4282,3966.41,93.8326,47.2939,0,0,1354.25,71.9789,0,0,0,122.97,0,0,93.8326,93.8326,47.2939,47.2939,1408.85,1381.4,883.006,4464.8,4587.77,2246.66,2246.66,1460.39,808.037,808.037,2967.56,36.8422,2140.27
1934,2018-04-19,00:00:00.00,99.4282,3966.41,93.8326,47.2939,0,0,1354.25,71.9789,0,0,0,122.97,0,0,93.8326,93.8326,47.2939,47.2939,1408.85,1381.4,883.006,4464.8,4587.77,2246.66,2246.66,1460.39,808.037,808.037,2967.56,36.8422,2142.33
1935,2018-04-20,00:00:00.00,99.4284,3966.41,93.8326,47.2939,0,0,1354.25,71.9789,0,0,0,122.97,0,0,93.8326,93.8326,47.2939,47.2939,1408.85,1381.4,883.006,4464.8,4587.77,2246.66,2246.66,1460.39,808.037,808.037,2967.56,36.8422,2144.16
1936,2018-04-21,00:00:00.00,99.4284,3966.41,93.8326,47.2939,0,0,1354.25,71.9789,0,0,0,122.97,0,0,93.8326,93.8326,47.2939,47.2939,1410.36,1381.72,883.011,4465.11,4588.08,2246.66,2246.66,1460.71,808.037,808.037,2967.56,36.8422,2145.8
1937,2018-04-22,00:00:00.00,99.4284,3966.41,93.8326,47.2939,0,0,1354.25,71.9789,0,0,0,122.97,0,0,93.8326,93.8326,47.2939,47.2939,1433.06,1404.89,883.324,4487.97,4610.94,2246.69,2246.69,1461.13,808.162,808.162,2990,36.8422,2149.64
1938,2018-04-23,00:00:00.00,99.4284,3966.41,93.8326,47.2939,0,0,1354.25,71.9789,0,0,0,122.97,0,0,93.8326,93.8326,47.2939,47.2939,1446.68,1418.98,883.459,4501.93,4624.9,2249.34,2249.34,1461.95,810.815,810.815,3003.14,36.8422,2154.18
1939,2018-04-24,00:00:00.00,99.4284,3966.41,93.8326,47.2939,0,0,1354.25,71.9789,0,0,0,122.97,0,0,93.8326,93.8326,47.2939,47.2939,1451.05,1423.51,883.541,4506.38,4629.35,2251.99,2251.99,1462.1,813.468,813.468,3007.43,36.8422,2158.42
1940,2018-04-25,00:00:00.00,99.4284,3974.45,94.0478,47.2939,0,0,1354.25,71.9789,0,0,0,123.153,0,0,94.0478,94.0478,47.2939,47.2939,1453.68,1426.23,883.856,4516.82,4639.98,2254.43,2254.43,1463.61,816.121,816.121,3016.37,36.8422,2162.88
1941,2018-04-26,00:00:00.00,99.4284,3981.53,94.2374,47.2939,0,0,1354.25,71.9789,0,0,0,123.315,0,0,94.2374,94.2374,47.2939,47.2939,1453.68,1426.23,884.101,4523.66,4646.98,2256.9,2256.9,1465.25,818.774,818.774,3021.57,36.8422,2167.13
1942,2018-04-27,00:00:00.00,99.4284,3981.53,94.2374,47.2939,0,0,1354.25,71.9789,0,0,0,123.315,0,0,94.2374,94.2374,47.2939,47.2939,1453.68,1426.23,884.101,4523.66,4646.98,2259.18,2259.18,1465.25,821.054,821.054,3021.57,36.8422,2170.69
1943,2018-04-28,00:00:00.00,99.4284,3982.87,94.2732,47.2939,0,0,1354.25,71.9789,0,0,0,123.345,0,0,94.2732,94.2732,47.2939,47.2939,1453.68,1426.23,884.168,4524.93,4648.28,2261.79,2261.79,1466.52,823.707,823.707,3021.57,36.8422,2173.59
1944,2018-04-29,00:00:00.00,99.4284,3982.87,94.2732,47.2939,0,0,1354.25,71.9789,0,0,0,123.345,0,0,94.2732,94.2732,47.2939,47.2939,1453.68,1426.23,884.168,4524.93,4648.28,2261.79,2261.79,1466.52,823.707,823.707,3021.57,36.8422,2176.17
1945,2018-04-30,00:00:00.00,99.4284,3982.87,94.2732,47.2939,0,0,1354.25,71.9789,0,0,0,123.345,0,0,94.2732,94.2732,47.2939,47.2939,1453.68,1426.23,884.168,4524.93,4648.28,2262.41,2262.41,1466.52,824.329,824.329,3021.57,36.8422,2178.42
1946,2018-05-01,00:00:00.00,99.4284,3982.87,94.2732,47.2939,0,0,1354.25,71.9789,0,0,0,123.345,0,0,94.2732,94.2732,47.2939,47.2939,1453.68,1426.23,884.168,4524.93,4648.28,2265.07,2265.07,1466.52,826.982,826.982,3021.57,36.8422,2180.14
1947,2018-05-02,00:00:00.00,99.4284,3982.87,94.2732,47.2939,0,0,1354.25,71.9789,0,0,0,123.345,0,0,94.2732,94.2732,47.2939,47.2939,1453.68,1426.23,884.168,4524.93,4648.28,2270.65,2270.65,1466.52,832.563,832.563,3021.57,36.8422,2181.09
1948,2018-05-03,00:00:00.00,99.4284,3987.66,94.4013,47.2939,0,0,1354.25,71.9789,0,0,0,123.454,0,0,94.4013,94.4013,47.2939,47.2939,1453.68,1426.23,884.674,4529.22,4652.67,2276.1,2276.1,1470.8,838.111,838.111,3021.57,36.8422,2181.34
1949,2018-05-04,00:00:00.00,99.4284,3999.24,94.7113,47.2939,0,0,1354.25,71.9789,0,0,0,123.719,0,0,94.7113,94.7113,47.2939,47.2939,1453.68,1426.23,885.944,4539.53,4663.25,2281.37,2281.37,1475.31,839.063,839.063,3027.37,36.8422,2182.08
1950,2018-05-05,00:00:00.00,99.4284,3999.62,94.7216,47.2939,0,0,1354.25,71.9789,0,0,0,123.727,0,0,94.7216,94.7216,47.2939,47.2939,1453.68,1426.23,885.985,4539.87,4663.6,2286.94,2286.94,1475.65,844.376,844.376,3027.37,36.8422,2182.18
1951,2018-05-06,00:00:00.00,99.4284,4001.92,94.783,47.2939,0,0,1354.25,71.9789,0,0,0,123.78,0,0,94.783,94.783,47.2939,47.2939,1453.68,1426.23,886.299,4541.85,4665.63,2290.75,2290.75,1477.64,844.947,844.947,3027.37,36.8422,2182.21
1952,2018-05-07,00:00:00.00,99.4284,4004.03,94.8394,47.2939,0,0,1354.25,71.9789,0,0,0,123.828,0,0,94.8394,94.8394,47.2939,47.2939,1453.68,1426.23,886.606,4543.65,4667.48,2294.9,2294.9,1479.44,845.168,845.168,3027.37,36.8422,2182.21
1953,2018-05-08,00:00:00.00,99.4284,4004.03,94.8394,47.2939,0,0,1354.25,71.9789,0,0,0,123.828,0,0,94.8394,94.8394,47.2939,47.2939,1453.68,1426.23,886.606,4543.65,4667.48,2297.72,2297.72,1479.44,845.168,845.168,3027.37,36.8422,2182.21
1954,2018-05-09,00:00:00.00,99.4284,4004.03,94.8394,47.2939,0,0,1354.25,71.9789,0,0,0,123.828,0,0,94.8394,94.8394,47.2939,47.2939,1453.68,1426.23,886.606,4543.65,4667.48,2301.23,2301.23,1479.44,845.168,845.168,3027.37,36.8422,2182.21
1955,2018-05-10,00:00:00.00,99.4284,4005.94,94.8906,47.2939,0,0,1354.25,71.9789,0,0,0,123.872,0,0,94.8906,94.8906,47.2939,47.2939,1453.68,1426.23,886.983,4545.19,4669.06,2306.76,2306.76,1480.97,845.168,845.168,3027.37,36.8422,2182.21
1956,2018-05-11,00:00:00.00,99.4284,4005.94,94.8906,47.2939,0,0,1354.25,71.9789,0,0,0,123.872,0,0,94.8906,94.8906,47.2939,47.2939,1453.68,1426.23,886.983,4545.19,4669.06,2311.67,2311.67,1480.97,845.168,845.168,3027.37,36.8422,2182.21
1957,2018-05-12,00:00:00.00,99.4284,4005.94,94.8906,47.2939,0,0,1354.25,71.9789,0,0,0,123.872,0,0,94.8906,94.8906,47.2939,47.2939,1453.68,1426.23,886.983,4545.19,4669.06,2311.67,2311.67,1480.97,845.168,845.168,3027.37,36.8422,2182.21
1958,2018-05-13,00:00:00.00,99.4284,4005.94,94.8906,47.2939,0,0,1354.25,71.9789,0,0,0,123.872,0,0,94.8906,94.8906,47.2939,47.2939,1453.68,1426.23,886.983,4545.19,4669.06,2311.67,2311.67,1480.97,845.168,845.168,3027.37,36.8422,2182.21
1959,2018-05-14,00:00:00.00,99.4284,4005.94,94.8906,47.2939,0,0,1354.25,71.9789,0,0,0,123.872,0,0,94.8906,94.8906,47.2939,47.2939,1453.68,1426.23,886.983,4545.19,4669.06,2314.14,2314.14,1480.97,845.168,845.168,3027.37,36.8422,2182.21
1960,2018-05-15,00:00:00.00,99.4284,4016.09,95.1622,47.2939,0,0,1354.25,71.9789,0,0,0,124.103,0,0,95.1622,95.1622,47.2939,47.2939,1453.68,1426.23,889.714,4552.61,4676.71,2318.78,2318.78,1488.39,845.168,845.168,3027.37,36.8422,2182.21
1961,2018-05-16,00:00:00.00,99.4284,4019.73,95.2595,47.2939,0,0,1354.25,71.9789,0,0,0,124.186,0,0,95.2595,95.2595,47.2939,47.2939,1453.68,1426.23,890.558,4555.4,4679.59,2324.26,2324.26,1491.18,845.168,845.168,3027.37,36.8422,2182.21
1962,2018-05-17,00:00:00.00,99.4284,4019.73,95.2595,47.2939,0,0,1354.25,71.9789,0,0,0,124.186,0,0,95.2595,95.2595,47.2939,47.2939,1453.68,1426.23,890.558,4555.4,4679.59,2329.17,2329.17,1491.18,845.168,845.168,3027.37,36.8422,2182.21
1963,2018-05-18,00:00:00.00,99.4284,4019.73,95.2595,47.2939,0,0,1354.25,71.9789,0,0,0,124.186,0,0,95.2595,95.2595,47.2939,47.2939,1453.68,1426.23,890.558,4555.4,4679.59,2334.47,2334.47,1491.18,845.168,845.168,3027.37,36.8422,2182.21
1964,2018-05-19,00:00:00.00,99.4284,4021.64,95.3108,47.2939,0,0,1354.25,71.9789,0,0,0,124.23,0,0,95.3108,95.3108,47.2939,47.2939,1453.68,1426.23,891.163,4556.71,4680.94,2335.96,2335.96,1492.49,845.168,845.168,3027.37,36.8422,2182.21
1965,2018-05-20,00:00:00.00,99.4284,4029.11,95.5106,47.2939,0,0,1354.25,71.9789,0,0,0,124.4,0,0,95.5106,95.5106,47.2939,47.2939,1453.68,1426.23,893.496,4561.84,4686.24,2339.26,2339.26,1497.63,845.168,845.168,3027.37,36.8422,2182.21
1966,2018-05-21,00:00:00.00,99.4284,4029.11,95.5106,47.2939,0,0,1354.25,71.9789,0,0,0,124.4,0,0,95.5106,95.5106,47.2939,47.2939,1453.68,1426.23,893.496,4561.84,4686.24,2343.54,2343.54,1497.63,845.168,845.168,3027.37,36.8422,2182.21
1967,2018-05-22,00:00:00.00,99.4284,4034.28,95.6489,47.2939,0,0,1354.25,71.9789,0,0,0,124.518,0,0,95.6489,95.6489,47.2939,47.2939,1453.68,1426.23,895.115,4565.39,4689.91,2346.54,2346.54,1501.18,845.168,845.168,3027.37,36.8422,2182.21
1968,2018-05-23,00:00:00.00,99.4284,4034.66,95.6592,47.2939,0,0,1354.25,71.9789,0,0,0,124.527,0,0,95.6592,95.6592,47.2939,47.2939,1453.68,1426.23,895.229,4565.66,4690.19,2349.07,2349.07,1501.45,845.168,845.168,3027.37,36.8422,2182.21
1969,2018-05-24,00:00:00.00,99.4284,4034.66,95.6592,47.2939,0,0,1354.25,71.9789,0,0,0,124.527,0,0,95.6592,95.6592,47.2939,47.2939,1453.68,1426.23,895.229,4565.66,4690.19,2353.88,2353.88,1501.45,845.168,845.168,3027.37,36.8422,2182.21
1970,2018-05-25,00:00:00.00,99.4284,4034.66,95.6592,47.2939,0,0,1354.25,71.9789,0,0,0,124.527,0,0,95.6592,95.6592,47.2939,47.2939,1453.68,1426.23,895.229,4565.66,4690.19,2358.2,2358.2,1501.45,845.168,845.168,3027.37,36.8422,2182.21
1971,2018-05-26,00:00:00.00,99.4284,4034.66,95.6592,47.2939,0,0,1354.25,71.9789,0,0,0,124.527,0,0,95.6592,95.6592,47.2939,47.2939,1453.68,1426.23,895.229,4565.66,4690.19,2362.08,2362.08,1501.45,845.168,845.168,3027.37,36.8422,2182.21
1972,2018-05-27,00:00:00.00,99.4284,4034.66,95.6592,47.2939,0,0,1354.25,71.9789,0,0,0,124.527,0,0,95.6592,95.6592,47.2939,47.2939,1453.68,1426.23,895.229,4565.66,4690.19,2365.57,2365.57,1501.45,845.168,845.168,3027.37,36.8422,2182.21
1973,2018-05-28,00:00:00.00,99.4284,4034.66,95.6592,47.2939,0,0,1354.25,71.9789,0,0,0,124.527,0,0,95.6592,95.6592,47.2939,47.2939,1453.68,1426.23,895.229,4565.66,4690.19,2368.71,2368.71,1501.45,845.168,845.168,3027.37,36.8422,2182.21
1974,2018-05-29,00:00:00.00,99.4284,4034.66,95.6592,47.2939,0,0,1354.25,71.9789,0,0,0,124.527,0,0,95.6592,95.6592,47.2939,47.2939,1453.68,1426.23,895.229,4565.66,4690.19,2371.54,2371.54,1501.45,845.168,845.168,3027.37,36.8422,2182.21
1975,2018-05-30,00:00:00.00,99.4284,4034.66,95.6592,47.2939,0,0,1354.25,71.9789,0,0,0,124.527,0,0,95.6592,95.6592,47.2939,47.2939,1453.68,1426.23,895.229,4565.66,4690.19,2374.07,2374.07,1501.45,845.168,845.168,3027.37,36.8422,2182.21
1976,2018-05-31,00:00:00.00,99.4284,4036,95.6951,47.2939,0,0,1354.25,71.9789,0,0,0,124.557,0,0,95.6951,95.6951,47.2939,47.2939,1453.68,1426.23,895.936,4566.3,4690.85,2376.41,2376.41,1502.08,845.168,845.168,3027.37,36.8422,2182.21
1977,2018-06-01,00:00:00.00,99.4284,4038.87,95.7719,47.2939,0,0,1354.25,71.9789,0,0,0,124.623,0,0,95.7719,95.7719,47.2939,47.2939,1453.68,1426.23,897.481,4567.62,4692.25,2378.71,2378.71,1503.41,845.168,845.168,3027.37,36.8422,2182.21
1978,2018-06-02,00:00:00.00,99.4284,4038.87,95.7719,47.2939,0,0,1354.25,71.9789,0,0,0,124.623,0,0,95.7719,95.7719,47.2939,47.2939,1453.68,1426.23,897.481,4567.62,4692.25,2381.7,2381.7,1503.41,845.168,845.168,3027.37,36.8422,2182.21
1979,2018-06-03,00:00:00.00,99.4284,4038.87,95.7719,47.2939,0,0,1354.25,71.9789,0,0,0,124.623,0,0,95.7719,95.7719,47.2939,47.2939,1453.68,1426.23,897.481,4567.62,4692.25,2382.15,2382.15,1503.41,845.168,845.168,3027.37,36.8422,2182.21
1980,2018-06-04,00:00:00.00,99.4284,4054.95,96.2023,47.2939,0,0,1354.25,71.9789,0,0,0,124.99,0,0,96.2023,96.2023,47.2939,47.2939,1453.68,1426.23,906.639,4574.55,4699.54,2382.87,2382.87,1510.33,845.168,845.168,3027.37,36.8422,2182.21
1981,2018-06-05,00:00:00.00,99.4284,4056.87,96.2535,47.2939,0,0,1354.25,71.9789,0,0,0,125.034,0,0,96.2535,96.2535,47.2939,47.2939,1453.68,1426.23,907.442,4575.66,4700.69,2382.87,2382.87,1511.44,845.168,845.168,3027.37,36.8422,2182.21
1982,2018-06-06,00:00:00.00,99.4284,4056.87,96.2535,47.2939,0,0,1354.25,71.9789,0,0,0,125.034,0,0,96.2535,96.2535,47.2939,47.2939,1453.68,1426.23,907.442,4575.66,4700.69,2382.87,2382.87,1511.44,845.168,845.168,3027.37,36.8422,2182.21
1983,2018-06-07,00:00:00.00,99.4284,4056.87,96.2535,47.2939,0,0,1354.25,71.9789,0,0,0,125.034,0,0,96.2535,96.2535,47.2939,47.2939,1453.68,1426.23,907.442,4575.66,4700.69,2382.87,2382.87,1511.44,845.168,845.168,3027.37,36.8422,2182.21
1984,2018-06-08,00:00:00.00,99.4284,4056.87,96.2535,47.2939,0,0,1354.25,71.9789,0,0,0,125.034,0,0,96.2535,96.2535,47.2939,47.2939,1453.68,1426.23,907.442,4575.66,4700.69,2383.09,2383.09,1511.44,845.168,845.168,3027.37,36.8422,2182.21
1985,2018-06-09,00:00:00.00,99.4284,4056.87,96.2535,47.2939,0,0,1354.25,71.9789,0,0,0,125.034,0,0,96.2535,96.2535,47.2939,47.2939,1453.68,1426.23,907.442,4575.66,4700.69,2384.52,2384.52,1511.44,845.168,845.168,3027.37,36.8422,2182.21
1986,2018-06-10,00:00:00.00,99.4284,4056.87,96.2535,47.2939,0,0,1354.25,71.9789,0,0,0,125.034,0,0,96.2535,96.2535,47.2939,47.2939,1453.68,1426.23,907.442,4575.66,4700.69,2384.74,2384.74,1511.44,845.168,845.168,3027.37,36.8422,2182.21
1987,2018-06-11,00:00:00.00,99.4284,4056.87,96.2535,47.2939,0,0,1354.25,71.9789,0,0,0,125.034,0,0,96.2535,96.2535,47.2939,47.2939,1453.68,1426.23,907.442,4575.66,4700.69,2387.25,2387.25,1511.44,845.168,845.168,3027.37,36.8422,2182.21
1988,2018-06-12,00:00:00.00,99.4284,4056.87,96.2535,47.2939,0,0,1354.25,71.9789,0,0,0,125.034,0,0,96.2535,96.2535,47.2939,47.2939,1453.68,1426.23,907.442,4575.66,4700.69,2387.25,2387.25,1511.44,845.168,845.168,3027.37,36.8422,2182.21
1989,2018-06-13,00:00:00.00,99.4284,4057.44,96.2689,47.2939,0,0,1354.25,71.9789,0,0,0,125.047,0,0,96.2689,96.2689,47.2939,47.2939,1453.68,1426.23,907.695,4575.98,4701.03,2389.05,2389.05,1511.76,845.168,845.168,3027.37,36.8422,2182.21
1990,2018-06-14,00:00:00.00,99.4284,4059.55,96.3253,47.2939,0,0,1354.25,71.9789,0,0,0,125.095,0,0,96.3253,96.3253,47.2939,47.2939,1453.68,1426.23,908.645,4577.14,4702.23,2393.25,2393.25,1512.92,845.168,845.168,3027.37,36.8422,2182.21
1991,2018-06-15,00:00:00.00,99.4284,4059.55,96.3253,47.2939,0,0,1354.25,71.9789,0,0,0,125.095,0,0,96.3253,96.3253,47.2939,47.2939,1453.68,1426.23,908.645,4577.14,4702.23,2394.38,2394.38,1512.92,845.168,845.168,3027.37,36.8422,2182.21
1992,2018-06-16,00:00:00.00,99.4284,4059.55,96.3253,47.2939,0,0,1354.25,71.9789,0,0,0,125.095,0,0,96.3253,96.3253,47.2939,47.2939,1453.68,1426.23,908.645,4577.14,4702.23,2396.15,2396.15,1512.92,845.168,845.168,3027.37,36.8422,2182.21
1993,2018-06-17,00:00:00.00,99.4284,4059.55,96.3253,47.2939,0,0,1354.25,71.9789,0,0,0,125.095,0,0,96.3253,96.3253,47.2939,47.2939,1453.68,1426.23,908.645,4577.14,4702.23,2398.67,2398.67,1512.92,845.168,845.168,3027.37,36.8422,2182.21
1994,2018-06-18,00:00:00.00,99.4284,4059.55,96.3253,47.2939,0,0,1354.25,71.9789,0,0,0,125.095,0,0,96.3253,96.3253,47.2939,47.2939,1453.68,1426.23,908.645,4577.14,4702.23,2401.75,2401.75,1512.92,845.168,845.168,3027.37,36.8422,2182.21
1995,2018-06-19,00:00:00.00,99.4284,4060.89,96.3611,47.2939,0,0,1354.25,71.9789,0,0,0,125.125,0,0,96.3611,96.3611,47.2939,47.2939,1453.68,1426.23,909.392,4577.73,4702.86,2404.51,2404.51,1513.51,845.168,845.168,3027.37,36.8422,2182.21
1996,2018-06-20,00:00:00.00,99.4284,4060.89,96.3611,47.2939,0,0,1354.25,71.9789,0,0,0,125.125,0,0,96.3611,96.3611,47.2939,47.2939,1453.68,1426.23,909.392,4577.73,4702.86,2406.33,2406.33,1513.51,845.168,845.168,3027.37,36.8422,2182.21
1997,2018-06-21,00:00:00.00,99.4284,4060.89,96.3611,47.2939,0,0,1354.25,71.9789,0,0,0,125.125,0,0,96.3611,96.3611,47.2939,47.2939,1453.68,1426.23,909.392,4577.73,4702.86,2408.25,2408.25,1513.51,845.168,845.168,3027.37,36.8422,2182.21
1998,2018-06-22,00:00:00.00,99.4284,4060.89,96.3611,47.2939,0,0,1354.25,71.9789,0,0,0,125.125,0,0,96.3611,96.3611,47.2939,47.2939,1453.68,1426.23,909.392,4577.73,4702.86,2409.58,2409.58,1513.51,845.168,845.168,3027.37,36.8422,2182.21
1999,2018-06-23,00:00:00.00,99.4284,4066.35,96.5072,47.2939,0,0,1354.25,71.9789,0,0,0,125.25,0,0,96.5072,96.5072,47.2939,47.2939,1453.68,1426.23,912.863,4579.72,4704.97,2409.66,2409.66,1515.5,845.168,845.168,3027.37,36.8422,2182.21
2000,2018-06-24,00:00:00.00,99.4284,4068.45,96.5635,47.2939,0,0,1354.25,71.9789,0,0,0,125.298,0,0,96.5635,96.5635,47.2939,47.2939,1453.68,1426.23,914.063,4580.62,4705.92,2409.76,2409.76,1516.41,845.168,845.168,3027.37,36.8422,2182.21
2001,2018-06-25,00:00:00.00,99.4284,4083,96.9529,47.2939,0,0,1354.25,71.9789,0,0,0,125.63,0,0,96.9529,96.9529,47.2939,47.2939,1453.68,1426.23,922.026,4587.21,4712.84,2411.2,2411.2,1522.99,845.168,845.168,3027.37,36.8422,2182.21
2002,2018-06-26,00:00:00.00,99.4284,4083,96.9529,47.2939,0,0,1354.25,71.9789,0,0,0,125.63,0,0,96.9529,96.9529,47.2939,47.2939,1453.68,1426.23,922.026,4587.21,4712.84,2411.41,2411.41,1522.99,845.168,845.168,3027.37,36.8422,2182.21
2003,2018-06-27,00:00:00.00,99.4284,4086.83,97.0554,47.2939,0,0,1354.25,71.9789,0,0,0,125.717,0,0,97.0554,97.0554,47.2939,47.2939,1453.68,1426.23,923.647,4589.42,4715.14,2411.87,2411.87,1525.2,845.168,845.168,3027.37,36.8422,2182.21
2004,2018-06-28,00:00:00.00,99.4284,4088.75,97.1066,47.2939,0,0,1354.25,71.9789,0,0,0,125.761,0,0,97.1066,97.1066,47.2939,47.2939,1453.68,1426.23,924.402,4590.58,4716.34,2414.61,2414.61,1526.36,845.168,845.168,3027.37,36.8422,2182.21
2005,2018-06-29,00:00:00.00,99.4284,4088.75,97.1066,47.2939,0,0,1354.25,71.9789,0,0,0,125.761,0,0,97.1066,97.1066,47.2939,47.2939,1453.68,1426.23,924.402,4590.58,4716.34,2419.49,2419.49,1526.36,845.168,845.168,3027.37,36.8422,2182.21
2006,2018-06-30,00:00:00.00,99.4284,4088.75,97.1066,47.2939,0,0,1354.25,71.9789,0,0,0,125.761,0,0,97.1066,97.1066,47.2939,47.2939,1453.68,1426.23,924.402,4590.58,4716.34,2423.7,2423.7,1526.36,845.168,845.168,3027.37,36.8422,2182.21
2007,2018-07-01,00:00:00.00,99.4284,4088.75,97.1066,47.2939,0,0,1354.25,71.9789,0,0,0,125.761,0,0,97.1066,97.1066,47.2939,47.2939,1453.68,1426.23,924.402,4590.58,4716.34,2427.35,2427.35,1526.36,845.168,845.168,3027.37,36.8422,2182.21
2008,2018-07-02,00:00:00.00,99.4284,4088.75,97.1066,47.2939,0,0,1354.25,71.9789,0,0,0,125.761,0,0,97.1066,97.1066,47.2939,47.2939,1453.68,1426.23,924.402,4590.58,4716.34,2430.73,2430.73,1526.36,845.168,845.168,3027.37,36.8422,2182.21
2009,2018-07-03,00:00:00.00,99.4284,4088.75,97.1066,47.2939,0,0,1354.25,71.9789,0,0,0,125.761,0,0,97.1066,97.1066,47.2939,47.2939,1453.68,1426.23,924.402,4590.58,4716.34,2433.62,2433.62,1526.36,845.168,845.168,3027.37,36.8422,2182.21
2010,2018-07-04,00:00:00.00,99.4284,4088.75,97.1066,47.2939,0,0,1354.25,71.9789,0,0,0,125.761,0,0,97.1066,97.1066,47.2939,47.2939,1453.68,1426.23,924.402,4590.58,4716.34,2436.1,2436.1,1526.36,845.168,845.168,3027.37,36.8422,2182.21
2011,2018-07-05,00:00:00.00,99.4284,4088.75,97.1066,47.2939,0,0,1354.25,71.9789,0,0,0,125.761,0,0,97.1066,97.1066,47.2939,47.2939,1453.68,1426.23,924.402,4590.58,4716.34,2437.94,2437.94,1526.36,845.168,845.168,3027.37,36.8422,2182.21
2012,2018-07-06,00:00:00.00,99.4284,4106.36,97.578,47.2939,0,0,1354.25,71.9789,0,0,0,126.163,0,0,97.578,97.578,47.2939,47.2939,1453.68,1426.23,935.727,4596.87,4723.03,2441.23,2441.23,1532.65,845.168,845.168,3027.37,36.8422,2182.21
2013,2018-07-07,00:00:00.00,99.4284,4106.36,97.578,47.2939,0,0,1354.25,71.9789,0,0,0,126.163,0,0,97.578,97.578,47.2939,47.2939,1453.68,1426.23,935.727,4596.87,4723.03,2441.23,2441.23,1532.65,845.168,845.168,3027.37,36.8422,2182.21
2014,2018-07-08,00:00:00.00,99.4284,4106.36,97.578,47.2939,0,0,1354.25,71.9789,0,0,0,126.163,0,0,97.578,97.578,47.2939,47.2939,1453.68,1426.23,935.727,4596.87,4723.03,2441.23,2441.23,1532.65,845.168,845.168,3027.37,36.8422,2182.21
2015,2018-07-09,00:00:00.00,99.4284,4106.36,97.578,47.2939,0,0,1354.25,71.9789,0,0,0,126.163,0,0,97.578,97.578,47.2939,47.2939,1453.68,1426.23,935.727,4596.87,4723.03,2442.93,2442.93,1532.65,845.168,845.168,3027.37,36.8422,2182.21
2016,2018-07-10,00:00:00.00,99.4284,4106.36,97.578,47.2939,0,0,1354.25,71.9789,0,0,0,126.163,0,0,97.578,97.578,47.2939,47.2939,1453.68,1426.23,935.727,4596.87,4723.03,2445.9,2445.9,1532.65,845.168,845.168,3027.37,36.8422,2182.21
2017,2018-07-11,00:00:00.00,99.4284,4106.36,97.578,47.2939,0,0,1354.25,71.9789,0,0,0,126.163,0,0,97.578,97.578,47.2939,47.2939,1453.68,1426.23,935.727,4596.87,4723.03,2448.53,2448.53,1532.65,845.168,845.168,3027.37,36.8422,2182.21
2018,2018-07-12,00:00:00.00,99.4284,4106.36,97.578,47.2939,0,0,1354.25,71.9789,0,0,0,126.163,0,0,97.578,97.578,47.2939,47.2939,1453.68,1426.23,935.727,4596.87,4723.03,2449.41,2449.41,1532.65,845.168,845.168,3027.37,36.8422,2182.21
2019,2018-07-13,00:00:00.00,99.4284,4106.36,97.578,47.2939,0,0,1354.25,71.9789,0,0,0,126.163,0,0,97.578,97.578,47.2939,47.2939,1453.68,1426.23,935.727,4596.87,4723.03,2451.28,2451.28,1532.65,845.168,845.168,3027.37,36.8422,2182.21
2020,2018-07-14,00:00:00.00,99.4284,4106.36,97.578,47.2939,0,0,1354.25,71.9789,0,0,0,126.163,0,0,97.578,97.578,47.2939,47.2939,1453.68,1426.23,935.727,4596.87,4723.03,2453.59,2453.59,1532.65,845.168,845.168,3027.37,36.8422,2182.21
2021,2018-07-15,00:00:00.00,99.4284,4108.08,97.6241,47.2939,0,0,1354.25,71.9789,0,0,0,126.202,0,0,97.6241,97.6241,47.2939,47.2939,1453.68,1426.23,936.79,4597.53,4723.73,2455.57,2455.57,1533.31,845.168,845.168,3027.37,36.8422,2182.21
2022,2018-07-16,00:00:00.00,99.4284,4108.08,97.6241,47.2939,0,0,1354.25,71.9789,0,0,0,126.202,0,0,97.6241,97.6241,47.2939,47.2939,1453.68,1426.23,936.79,4597.53,4723.73,2457.67,2457.67,1533.31,845.168,845.168,3027.37,36.8422,2182.21
2023,2018-07-17,00:00:00.00,99.4284,4127.43,98.1299,47.2939,0,0,1354.25,71.9789,0,0,0,126.643,0,0,98.1299,98.1299,47.2939,47.2939,1453.68,1426.23,949.334,4604.33,4730.97,2461.06,2461.06,1540.11,845.168,845.168,3027.37,36.8422,2182.21
2024,2018-07-18,00:00:00.00,99.4284,4127.43,98.1299,47.2939,0,0,1354.25,71.9789,0,0,0,126.643,0,0,98.1299,98.1299,47.2939,47.2939,1453.68,1426.23,949.334,4604.33,4730.97,2463.09,2463.09,1540.11,845.168,845.168,3027.37,36.8422,2182.21
2025,2018-07-19,00:00:00.00,99.4284,4127.43,98.1299,47.2939,0,0,1354.25,71.9789,0,0,0,126.643,0,0,98.1299,98.1299,47.2939,47.2939,1453.68,1426.23,949.334,4604.33,4730.97,2463.09,2463.09,1540.11,845.168,845.168,3027.37,36.8422,2182.21
2026,2018-07-20,00:00:00.00,99.4284,4127.43,98.1299,47.2939,0,0,1354.25,71.9789,0,0,0,126.643,0,0,98.1299,98.1299,47.2939,47.2939,1453.68,1426.23,949.334,4604.33,4730.97,2463.09,2463.09,1540.11,845.168,845.168,3027.37,36.8422,2182.21
2027,2018-07-21,00:00:00.00,99.4284,4130.21,98.2042,47.2939,0,0,1354.25,71.9789,0,0,0,126.707,0,0,98.2042,98.2042,47.2939,47.2939,1453.68,1426.23,950.692,4605.75,4732.46,2466.04,2466.04,1541.53,845.168,845.168,3027.37,36.8422,2182.21
2028,2018-07-22,00:00:00.00,99.4284,4133.46,98.2913,47.2939,0,0,1354.25,71.9789,0,0,0,126.781,0,0,98.2913,98.2913,47.2939,47.2939,1453.68,1426.23,952.29,4607.41,4734.19,2469,2469,1543.19,845.168,845.168,3027.37,36.8422,2182.21
2029,2018-07-23,00:00:00.00,99.4284,4140.36,98.4758,47.2939,0,0,1354.25,71.9789,0,0,0,126.938,0,0,98.4758,98.4758,47.2939,47.2939,1453.68,1426.23,955.654,4610.93,4737.87,2469,2469,1546.72,845.168,845.168,3027.37,36.8422,2182.21
2030,2018-07-24,00:00:00.00,99.4284,4141.7,98.5116,47.2939,0,0,1354.25,71.9789,0,0,0,126.969,0,0,98.5116,98.5116,47.2939,47.2939,1453.68,1426.23,956.224,4611.71,4738.67,2473.24,2473.24,1547.49,845.168,845.168,3027.37,36.8422,2182.21
2031,2018-07-25,00:00:00.00,99.4284,4142.08,98.5219,47.2939,0,0,1354.25,71.9789,0,0,0,126.978,0,0,98.5219,98.5219,47.2939,47.2939,1453.68,1426.23,956.396,4611.92,4738.89,2477.65,2477.65,1547.7,845.168,845.168,3027.37,36.8422,2182.21
2032,2018-07-26,00:00:00.00,99.4284,4142.08,98.5219,47.2939,0,0,1354.25,71.9789,0,0,0,126.978,0,0,98.5219,98.5219,47.2939,47.2939,1453.68,1426.23,956.396,4611.92,4738.89,2481.46,2481.46,1547.7,845.168,845.168,3027.37,36.8422,2182.21
2033,2018-07-27,00:00:00.00,99.4284,4143.23,98.5526,47.2939,0,0,1354.25,71.9789,0,0,0,127.004,0,0,98.5526,98.5526,47.2939,47.2939,1453.68,1426.23,957.001,4612.46,4739.46,2483.12,2483.12,1548.24,845.168,845.168,3027.37,36.8422,2182.21
2034,2018-07-28,00:00:00.00,99.4284,4144.38,98.5833,47.2939,0,0,1354.25,71.9789,0,0,0,127.03,0,0,98.5833,98.5833,47.2939,47.2939,1453.68,1426.23,957.613,4613,4740.03,2484.32,2484.32,1548.78,845.168,845.168,3027.37,36.8422,2182.21
2035,2018-07-29,00:00:00.00,99.4284,4145.14,98.6038,47.2939,0,0,1354.25,71.9789,0,0,0,127.047,0,0,98.6038,98.6038,47.2939,47.2939,1453.68,1426.23,958.02,4613.35,4740.4,2484.32,2484.32,1549.14,845.168,845.168,3027.37,36.8422,2182.21
2036,2018-07-30,00:00:00.00,99.4284,4145.14,98.6038,47.2939,0,0,1354.25,71.9789,0,0,0,127.047,0,0,98.6038,98.6038,47.2939,47.2939,1453.68,1426.23,958.02,4613.35,4740.4,2484.32,2484.32,1549.14,845.168,845.168,3027.37,36.8422,2182.21
2037,2018-07-31,00:00:00.00,99.4284,4145.14,98.6038,47.2939,0,0,1354.25,71.9789,0,0,0,127.047,0,0,98.6038,98.6038,47.2939,47.2939,1453.68,1426.23,958.02,4613.35,4740.4,2485.75,2485.75,1549.14,845.168,845.168,3027.37,36.8422,2182.21
2038,2018-08-01,00:00:00.00,99.4284,4145.14,98.6038,47.2939,0,0,1354.25,71.9789,0,0,0,127.047,0,0,98.6038,98.6038,47.2939,47.2939,1453.68,1426.23,958.02,4613.35,4740.4,2486.9,2486.9,1549.14,845.168,845.168,3027.37,36.8422,2182.21
2039,2018-08-02,00:00:00.00,99.4284,4145.14,98.6038,47.2939,0,0,1354.25,71.9789,0,0,0,127.047,0,0,98.6038,98.6038,47.2939,47.2939,1453.68,1426.23,958.02,4613.35,4740.4,2489.4,2489.4,1549.14,845.168,845.168,3027.37,36.8422,2182.21
2040,2018-08-03,00:00:00.00,99.4284,4145.14,98.6038,47.2939,0,0,1354.25,71.9789,0,0,0,127.047,0,0,98.6038,98.6038,47.2939,47.2939,1453.68,1426.23,958.02,4613.35,4740.4,2491.44,2491.44,1549.14,845.168,845.168,3027.37,36.8422,2182.21
2041,2018-08-04,00:00:00.00,99.4284,4145.14,98.6038,47.2939,0,0,1354.25,71.9789,0,0,0,127.047,0,0,98.6038,98.6038,47.2939,47.2939,1453.68,1426.23,958.02,4613.35,4740.4,2493.38,2493.38,1549.14,845.168,845.168,3027.37,36.8422,2182.21
2042,2018-08-05,00:00:00.00,99.4284,4145.14,98.6038,47.2939,0,0,1354.25,71.9789,0,0,0,127.047,0,0,98.6038,98.6038,47.2939,47.2939,1453.68,1426.23,958.02,4613.35,4740.4,2495.08,2495.08,1549.14,845.168,845.168,3027.37,36.8422,2182.21
2043,2018-08-06,00:00:00.00,99.4284,4145.14,98.6038,47.2939,0,0,1354.25,71.9789,0,0,0,127.047,0,0,98.6038,98.6038,47.2939,47.2939,1453.68,1426.23,958.02,4613.35,4740.4,2496.57,2496.57,1549.14,845.168,845.168,3027.37,36.8422,2182.21
2044,2018-08-07,00:00:00.00,99.4284,4151.08,98.7627,47.2939,0,0,1354.25,71.9789,0,0,0,127.183,0,0,98.7627,98.7627,47.2939,47.2939,1453.68,1426.23,962.026,4615.28,4742.47,2498.33,2498.33,1551.07,845.168,845.168,3027.37,36.8422,2182.21
2045,2018-08-08,00:00:00.00,99.4284,4152.03,98.7883,47.2939,0,0,1354.25,71.9789,0,0,0,127.205,0,0,98.7883,98.7883,47.2939,47.2939,1453.68,1426.23,962.617,4615.65,4742.86,2500.22,2500.22,1551.43,845.168,845.168,3027.37,36.8422,2182.21
2046,2018-08-09,00:00:00.00,99.4284,4154.33,98.8498,47.2939,0,0,1354.25,71.9789,0,0,0,127.257,0,0,98.8498,98.8498,47.2939,47.2939,1453.68,1426.23,964.063,4616.5,4743.76,2502.09,2502.09,1552.29,845.168,845.168,3027.37,36.8422,2182.21
2047,2018-08-10,00:00:00.00,99.4284,4161.99,99.0547,47.2939,0,0,1354.25,71.9789,0,0,0,127.432,0,0,99.0547,99.0547,47.2939,47.2939,1453.68,1426.23,968.839,4619.38,4746.82,2504.06,2504.06,1555.17,845.168,845.168,3027.37,36.8422,2182.21
2048,2018-08-11,00:00:00.00,99.4284,4161.99,99.0547,47.2939,0,0,1354.25,71.9789,0,0,0,127.432,0,0,99.0547,99.0547,47.2939,47.2939,1453.68,1426.23,968.839,4619.38,4746.82,2505.28,2505.28,1555.17,845.168,845.168,3027.37,36.8422,2182.21
2049,2018-08-12,00:00:00.00,99.4284,4161.99,99.0547,47.2939,0,0,1354.25,71.9789,0,0,0,127.432,0,0,99.0547,99.0547,47.2939,47.2939,1453.68,1426.23,968.839,4619.38,4746.82,2506.71,2506.71,1555.17,845.168,845.168,3027.37,36.8422,2182.21
2050,2018-08-13,00:00:00.00,99.4284,4161.99,99.0547,47.2939,0,0,1354.25,71.9789,0,0,0,127.432,0,0,99.0547,99.0547,47.2939,47.2939,1453.68,1426.23,968.839,4619.38,4746.82,2508.7,2508.7,1555.17,845.168,845.168,3027.37,36.8422,2182.21
2051,2018-08-14,00:00:00.00,99.4284,4161.99,99.0547,47.2939,0,0,1354.25,71.9789,0,0,0,127.432,0,0,99.0547,99.0547,47.2939,47.2939,1453.68,1426.23,968.839,4619.38,4746.82,2510.58,2510.58,1555.17,845.168,845.168,3027.37,36.8422,2182.21
2052,2018-08-15,00:00:00.00,99.4284,4161.99,99.0547,47.2939,0,0,1354.25,71.9789,0,0,0,127.432,0,0,99.0547,99.0547,47.2939,47.2939,1453.68,1426.23,968.839,4619.38,4746.82,2512.23,2512.23,1555.17,845.168,845.168,3027.37,36.8422,2182.21
2053,2018-08-16,00:00:00.00,99.4284,4161.99,99.0547,47.2939,0,0,1354.25,71.9789,0,0,0,127.432,0,0,99.0547,99.0547,47.2939,47.2939,1453.68,1426.23,968.839,4619.38,4746.82,2513.69,2513.69,1555.17,845.168,845.168,3027.37,36.8422,2182.21
2054,2018-08-17,00:00:00.00,99.4284,4177.5,99.4697,47.2939,0,0,1354.25,71.9789,0,0,0,127.786,0,0,99.4697,99.4697,47.2939,47.2939,1453.68,1426.23,979.368,4624.36,4752.15,2516.11,2516.11,1560.15,845.168,845.168,3027.37,36.8422,2182.21
2055,2018-08-18,00:00:00.00,99.4284,4186.11,99.7003,47.2939,0,0,1354.25,71.9789,0,0,0,127.982,0,0,99.7003,99.7003,47.2939,47.2939,1453.68,1426.23,983.837,4628.51,4756.49,2519.44,2519.44,1564.29,845.168,845.168,3027.37,36.8422,2182.21
2056,2018-08-19,00:00:00.00,99.4284,4186.11,99.7003,47.2939,0,0,1354.25,71.9789,0,0,0,127.982,0,0,99.7003,99.7003,47.2939,47.2939,1453.68,1426.23,983.837,4628.51,4756.49,2522.08,2522.08,1564.29,845.168,845.168,3027.37,36.8422,2182.21
2057,2018-08-20,00:00:00.00,99.4284,4186.11,99.7003,47.2939,0,0,1354.25,71.9789,0,0,0,127.982,0,0,99.7003,99.7003,47.2939,47.2939,1453.68,1426.23,983.837,4628.51,4756.49,2524.07,2524.07,1564.29,845.168,845.168,3027.37,36.8422,2182.21
2058,2018-08-21,00:00:00.00,99.4284,4186.11,99.7003,47.2939,0,0,1354.25,71.9789,0,0,0,127.982,0,0,99.7003,99.7003,47.2939,47.2939,1453.68,1426.23,983.837,4628.51,4756.49,2525.72,2525.72,1564.29,845.168,845.168,3027.37,36.8422,2182.21
2059,2018-08-22,00:00:00.00,99.4284,4212.74,100.206,47.2939,0,0,1354.25,71.9789,0,0,0,128.585,0,0,100.206,100.206,47.2939,47.2939,1453.68,1426.23,997.926,4641.04,4769.63,2528.76,2528.76,1576.33,845.168,845.168,3027.87,36.8422,2182.26
2060,2018-08-23,00:00:00.00,99.4284,4212.93,100.211,47.2939,0,0,1354.25,71.9789,0,0,0,128.589,0,0,100.211,100.211,47.2939,47.2939,1453.68,1426.23,997.989,4641.17,4769.76,2528.76,2528.76,1576.46,845.168,845.168,3027.87,36.8422,2182.31
2061,2018-08-24,00:00:00.00,99.4284,4212.93,100.211,47.2939,0,0,1354.25,71.9789,0,0,0,128.589,0,0,100.211,100.211,47.2939,47.2939,1453.68,1426.23,997.989,4641.17,4769.76,2530.14,2530.14,1576.46,845.55,845.55,3027.87,36.8422,2182.31
2062,2018-08-25,00:00:00.00,99.4284,4212.93,100.211,47.2939,0,0,1354.25,71.9789,0,0,0,128.589,0,0,100.211,100.211,47.2939,47.2939,1453.68,1426.23,997.989,4641.17,4769.76,2531.13,2531.13,1576.46,845.553,845.553,3027.87,36.8422,2182.31
2063,2018-08-26,00:00:00.00,99.4284,4223.65,100.498,47.2939,0,0,1354.25,71.9789,0,0,0,128.834,0,0,100.498,100.498,47.2939,47.2939,1453.68,1426.23,1001.68,4648.2,4777.04,2532.68,2532.68,1583.49,845.558,845.558,3027.87,36.8422,2182.31
2064,2018-08-27,00:00:00.00,99.4284,4224.32,100.516,47.2939,0,0,1354.25,71.9789,0,0,0,128.849,0,0,100.516,100.516,47.2939,47.2939,1453.68,1426.23,1001.87,4648.69,4777.53,2539.16,2539.16,1583.98,845.56,845.56,3027.87,36.8422,2182.31
2065,2018-08-28,00:00:00.00,99.4284,4224.32,100.516,47.2939,0,0,1354.25,71.9789,0,0,0,128.849,0,0,100.516,100.516,47.2939,47.2939,1453.68,1426.23,1001.87,4648.69,4777.53,2544.92,2544.92,1583.98,845.56,845.56,3027.87,36.8422,2182.31
2066,2018-08-29,00:00:00.00,99.4284,4228.34,100.624,47.2939,0,0,1354.25,71.9789,0,0,0,128.941,0,0,100.624,100.624,47.2939,47.2939,1453.68,1426.23,1003.33,4651.25,4780.19,2550.07,2550.07,1586.54,845.56,845.56,3027.87,36.8422,2182.31
2067,2018-08-30,00:00:00.00,99.4284,4228.92,100.639,47.2939,0,0,1354.25,71.9789,0,0,0,128.954,0,0,100.639,100.639,47.2939,47.2939,1453.68,1426.23,1003.54,4651.61,4780.56,2554.99,2554.99,1586.9,845.56,845.56,3027.87,36.8422,2182.31
2068,2018-08-31,00:00:00.00,99.4284,4228.92,100.639,47.2939,0,0,1354.25,71.9789,0,0,0,128.954,0,0,100.639,100.639,47.2939,47.2939,1453.68,1426.23,1003.54,4651.61,4780.56,2554.99,2554.99,1586.9,845.56,845.56,3027.87,36.8422,2182.31
2069,2018-09-01,00:00:00.00,99.4284,4228.92,100.639,47.2939,0,0,1354.25,71.9789,0,0,0,128.954,0,0,100.639,100.639,47.2939,47.2939,1453.68,1426.23,1003.54,4651.61,4780.56,2554.99,2554.99,1586.9,845.56,845.56,3027.87,36.8422,2182.31
2070,2018-09-02,00:00:00.00,99.4284,4228.92,100.639,47.2939,0,0,1354.25,71.9789,0,0,0,128.954,0,0,100.639,100.639,47.2939,47.2939,1453.68,1426.23,1003.54,4651.61,4780.56,2557.98,2557.98,1586.9,845.56,845.56,3027.87,36.8422,2182.31
2071,2018-09-03,00:00:00.00,99.4284,4229.11,100.644,47.2939,0,0,1354.25,71.9789,0,0,0,128.959,0,0,100.644,100.644,47.2939,47.2939,1453.68,1426.23,1003.62,4651.72,4780.67,2560.72,2560.72,1587.01,845.56,845.56,3027.87,36.8422,2182.31
2072,2018-09-04,00:00:00.00,99.4284,4229.11,100.644,47.2939,0,0,1354.25,71.9789,0,0,0,128.959,0,0,100.644,100.644,47.2939,47.2939,1453.68,1426.23,1003.62,4651.72,4780.67,2563.24,2563.24,1587.01,845.56,845.56,3027.87,36.8422,2182.31
2073,2018-09-05,00:00:00.00,99.4284,4229.11,100.644,47.2939,0,0,1354.25,71.9789,0,0,0,128.959,0,0,100.644,100.644,47.2939,47.2939,1453.68,1426.23,1003.62,4651.72,4780.67,2565.55,2565.55,1587.01,845.56,845.56,3027.87,36.8422,2182.31
2074,2018-09-06,00:00:00.00,99.4284,4230.64,100.685,47.2939,0,0,1354.25,71.9789,0,0,0,128.994,0,0,100.685,100.685,47.2939,47.2939,1453.68,1426.23,1004.39,4652.48,4781.47,2567.71,2567.71,1587.77,845.56,845.56,3027.87,36.8422,2182.31
2075,2018-09-07,00:00:00.00,99.4284,4230.64,100.685,47.2939,0,0,1354.25,71.9789,0,0,0,128.994,0,0,100.685,100.685,47.2939,47.2939,1453.68,1426.23,1004.39,4652.48,4781.47,2569.77,2569.77,1587.77,845.56,845.56,3027.87,36.8422,2182.31
2076,2018-09-08,00:00:00.00,99.4284,4230.64,100.685,47.2939,0,0,1354.25,71.9789,0,0,0,128.994,0,0,100.685,100.685,47.2939,47.2939,1453.68,1426.23,1004.39,4652.48,4781.47,2571.19,2571.19,1587.77,845.56,845.56,3027.87,36.8422,2182.31
2077,2018-09-09,00:00:00.00,99.4284,4230.64,100.685,47.2939,0,0,1354.25,71.9789,0,0,0,128.994,0,0,100.685,100.685,47.2939,47.2939,1453.68,1426.23,1004.39,4652.48,4781.47,2571.19,2571.19,1587.77,845.56,845.56,3027.87,36.8422,2182.31
2078,2018-09-10,00:00:00.00,99.4284,4236.57,100.844,47.2939,0,0,1354.25,71.9789,0,0,0,129.129,0,0,100.844,100.844,47.2939,47.2939,1453.68,1426.23,1007.62,4655.18,4784.31,2571.19,2571.19,1590.47,845.56,845.56,3027.87,36.8422,2182.31
2079,2018-09-11,00:00:00.00,99.4284,4241.74,100.982,47.2939,0,0,1354.25,71.9789,0,0,0,129.247,0,0,100.982,100.982,47.2939,47.2939,1453.68,1426.23,1010.12,4657.85,4787.1,2571.19,2571.19,1593.14,845.56,845.56,3027.87,36.8422,2182.31
2080,2018-09-12,00:00:00.00,99.4284,4241.74,100.982,47.2939,0,0,1354.25,71.9789,0,0,0,129.247,0,0,100.982,100.982,47.2939,47.2939,1453.68,1426.23,1010.12,4657.85,4787.1,2573.05,2573.05,1593.14,845.56,845.56,3027.87,36.8422,2182.31
2081,2018-09-13,00:00:00.00,99.4284,4241.74,100.982,47.2939,0,0,1354.25,71.9789,0,0,0,129.247,0,0,100.982,100.982,47.2939,47.2939,1453.68,1426.23,1010.12,4657.85,4787.1,2574.65,2574.65,1593.14,845.56,845.56,3027.87,36.8422,2182.31
2082,2018-09-14,00:00:00.00,99.4284,4241.74,100.982,47.2939,0,0,1354.25,71.9789,0,0,0,129.247,0,0,100.982,100.982,47.2939,47.2939,1453.68,1426.23,1010.12,4657.85,4787.1,2577.06,2577.06,1593.14,845.56,845.56,3027.87,36.8422,2182.31
2083,2018-09-15,00:00:00.00,99.4284,4241.74,100.982,47.2939,0,0,1354.25,71.9789,0,0,0,129.247,0,0,100.982,100.982,47.2939,47.2939,1453.68,1426.23,1010.12,4657.85,4787.1,2579.27,2579.27,1593.14,845.56,845.56,3027.87,36.8422,2182.31
2084,2018-09-16,00:00:00.00,99.4284,4241.74,100.982,47.2939,0,0,1354.25,71.9789,0,0,0,129.247,0,0,100.982,100.982,47.2939,47.2939,1453.68,1426.23,1010.12,4657.85,4787.1,2581.29,2581.29,1593.14,845.56,845.56,3027.87,36.8422,2182.31
2085,2018-09-17,00:00:00.00,99.4284,4241.74,100.982,47.2939,0,0,1354.25,71.9789,0,0,0,129.247,0,0,100.982,100.982,47.2939,47.2939,1453.68,1426.23,1010.12,4657.85,4787.1,2583.14,2583.14,1593.14,845.56,845.56,3027.87,36.8422,2182.31
2086,2018-09-18,00:00:00.00,99.4284,4241.74,100.982,47.2939,0,0,1354.25,71.9789,0,0,0,129.247,0,0,100.982,100.982,47.2939,47.2939,1453.68,1426.23,1010.12,4657.85,4787.1,2584.84,2584.84,1593.14,845.56,845.56,3027.87,36.8422,2182.31
2087,2018-09-19,00:00:00.00,99.4284,4241.74,100.982,47.2939,0,0,1354.25,71.9789,0,0,0,129.247,0,0,100.982,100.982,47.2939,47.2939,1453.68,1426.23,1010.12,4657.85,4787.1,2586.39,2586.39,1593.14,845.56,845.56,3027.87,36.8422,2182.31
2088,2018-09-20,00:00:00.00,99.4284,4241.74,100.982,47.2939,0,0,1354.25,71.9789,0,0,0,129.247,0,0,100.982,100.982,47.2939,47.2939,1453.68,1426.23,1010.12,4657.85,4787.1,2587.37,2587.37,1593.14,845.56,845.56,3027.87,36.8422,2182.31
2089,2018-09-21,00:00:00.00,99.4284,4241.74,100.982,47.2939,0,0,1354.25,71.9789,0,0,0,129.247,0,0,100.982,100.982,47.2939,47.2939,1453.68,1426.23,1010.12,4657.85,4787.1,2588.13,2588.13,1593.14,845.56,845.56,3027.87,36.8422,2182.31
2090,2018-09-22,00:00:00.00,99.4284,4245.57,101.085,47.2939,0,0,1354.25,71.9789,0,0,0,129.334,0,0,101.085,101.085,47.2939,47.2939,1453.68,1426.23,1012.47,4659.33,4788.67,2589.57,2589.57,1594.62,845.56,845.56,3027.87,36.8422,2182.31
2091,2018-09-23,00:00:00.00,99.4284,4245.57,101.085,47.2939,0,0,1354.25,71.9789,0,0,0,129.334,0,0,101.085,101.085,47.2939,47.2939,1453.68,1426.23,1012.47,4659.33,4788.67,2589.57,2589.57,1594.62,845.56,845.56,3027.87,36.8422,2182.31
2092,2018-09-24,00:00:00.00,99.4284,4245.57,101.085,47.2939,0,0,1354.25,71.9789,0,0,0,129.334,0,0,101.085,101.085,47.2939,47.2939,1453.68,1426.23,1012.47,4659.33,4788.67,2589.57,2589.57,1594.62,845.56,845.56,3027.87,36.8422,2182.31
2093,2018-09-25,00:00:00.00,99.4284,4253.04,101.285,47.2939,0,0,1354.25,71.9789,0,0,0,129.505,0,0,101.285,101.285,47.2939,47.2939,1453.68,1426.23,1016.82,4662.45,4791.95,2589.57,2589.57,1597.74,845.56,845.56,3027.87,36.8422,2182.31
2094,2018-09-26,00:00:00.00,99.4284,4261.65,101.515,47.2939,0,0,1354.25,71.9789,0,0,0,129.701,0,0,101.515,101.515,47.2939,47.2939,1453.68,1426.23,1021.16,4666.73,4796.43,2591.62,2591.62,1602.02,845.56,845.56,3027.87,36.8422,2182.31
2095,2018-09-27,00:00:00.00,99.4284,4261.65,101.515,47.2939,0,0,1354.25,71.9789,0,0,0,129.701,0,0,101.515,101.515,47.2939,47.2939,1453.68,1426.23,1021.16,4666.73,4796.43,2593.12,2593.12,1602.02,845.56,845.56,3027.87,36.8422,2182.31
2096,2018-09-28,00:00:00.00,99.4284,4261.65,101.515,47.2939,0,0,1354.25,71.9789,0,0,0,129.701,0,0,101.515,101.515,47.2939,47.2939,1453.68,1426.23,1021.16,4666.73,4796.43,2593.12,2593.12,1602.02,845.56,845.56,3027.87,36.8422,2182.31
2097,2018-09-29,00:00:00.00,99.4284,4265.48,101.618,47.2939,0,0,1354.25,71.9789,0,0,0,129.789,0,0,101.618,101.618,47.2939,47.2939,1453.68,1426.23,1022.9,4668.82,4798.61,2593.12,2593.12,1604.11,845.56,845.56,3027.87,36.8422,2182.31
2098,2018-09-30,00:00:00.00,99.4284,4265.67,101.623,47.2939,0,0,1354.25,71.9789,0,0,0,129.793,0,0,101.623,101.623,47.2939,47.2939,1453.68,1426.23,1022.98,4668.93,4798.72,2593.12,2593.12,1604.22,845.56,845.56,3027.87,36.8422,2182.31
2099,2018-10-01,00:00:00.00,99.4284,4283.48,102.099,47.2939,0,0,1354.25,71.9789,0,0,0,130.199,0,0,102.099,102.099,47.2939,47.2939,1453.68,1426.23,1030.44,4679.28,4809.48,2593.12,2593.12,1614.54,845.56,845.56,3027.9,36.8422,2182.31
2100,2018-10-02,00:00:00.00,99.4284,4293.44,102.366,47.2939,0,0,1354.25,71.9789,0,0,0,130.426,0,0,102.366,102.366,47.2939,47.2939,1453.68,1426.23,1033.24,4686.43,4816.85,2593.12,2593.12,1621.69,845.569,845.569,3027.9,36.8422,2182.31
2101,2018-10-03,00:00:00.00,99.4284,4296.12,102.437,47.2939,0,0,1354.25,71.9789,0,0,0,130.488,0,0,102.437,102.437,47.2939,47.2939,1453.68,1426.23,1033.82,4688.53,4819.02,2594.96,2594.96,1623.79,845.581,845.581,3027.9,36.8422,2182.31
2102,2018-10-04,00:00:00.00,99.4284,4302.63,102.612,47.2939,0,0,1354.25,71.9789,0,0,0,130.636,0,0,102.612,102.612,47.2939,47.2939,1453.68,1426.23,1035.18,4693.68,4824.31,2597.09,2597.09,1628.94,845.583,845.583,3027.9,36.8422,2182.31
2103,2018-10-05,00:00:00.00,99.4284,4302.63,102.612,47.2939,0,0,1354.25,71.9789,0,0,0,130.636,0,0,102.612,102.612,47.2939,47.2939,1453.68,1426.23,1035.18,4693.68,4824.31,2599.39,2599.39,1628.94,845.583,845.583,3027.9,36.8422,2182.31
2104,2018-10-06,00:00:00.00,99.4284,4305.88,102.699,47.2939,0,0,1354.25,71.9789,0,0,0,130.71,0,0,102.699,102.699,47.2939,47.2939,1453.68,1426.23,1035.82,4696.29,4827,2599.39,2599.39,1631.56,845.583,845.583,3027.9,36.8422,2182.31
2105,2018-10-07,00:00:00.00,99.4284,4309.14,102.786,47.2939,0,0,1354.25,71.9789,0,0,0,130.785,0,0,102.786,102.786,47.2939,47.2939,1453.68,1426.23,1036.39,4698.98,4829.76,2601.61,2601.61,1634.24,845.583,845.583,3027.9,36.8422,2182.31
2106,2018-10-08,00:00:00.00,99.4284,4316.41,102.981,47.2939,0,0,1354.25,71.9789,0,0,0,130.951,0,0,102.981,102.981,47.2939,47.2939,1453.68,1426.23,1037.63,4705.02,4835.97,2603.72,2603.72,1639.79,845.583,845.583,3028.38,36.8422,2182.36
2107,2018-10-09,00:00:00.00,99.4284,4320.24,103.083,47.2939,0,0,1354.25,71.9789,0,0,0,131.038,0,0,103.083,103.083,47.2939,47.2939,1453.68,1426.23,1038.17,4708.3,4839.34,2605.92,2605.92,1643.08,846.017,846.017,3028.38,36.8422,2182.36
2108,2018-10-10,00:00:00.00,99.4284,4320.24,103.083,47.2939,0,0,1354.25,71.9789,0,0,0,131.038,0,0,103.083,103.083,47.2939,47.2939,1453.68,1426.23,1038.17,4708.3,4839.34,2608.22,2608.22,1643.08,846.017,846.017,3028.38,36.8422,2182.36
2109,2018-10-11,00:00:00.00,99.4284,4321.58,103.119,47.2939,0,0,1354.25,71.9789,0,0,0,131.069,0,0,103.119,103.119,47.2939,47.2939,1453.68,1426.23,1038.36,4709.45,4840.52,2610.49,2610.49,1644.22,846.017,846.017,3028.38,36.8422,2182.36
2110,2018-10-12,00:00:00.00,99.4284,4321.77,103.124,47.2939,0,0,1354.25,71.9789,0,0,0,131.073,0,0,103.124,103.124,47.2939,47.2939,1453.68,1426.23,1038.39,4709.61,4840.68,2612.79,2612.79,1644.39,846.017,846.017,3028.38,36.8422,2182.36
2111,2018-10-13,00:00:00.00,99.4284,4322.92,103.155,47.2939,0,0,1354.25,71.9789,0,0,0,131.099,0,0,103.155,103.155,47.2939,47.2939,1453.68,1426.23,1038.58,4710.57,4841.67,2612.79,2612.79,1645.35,846.017,846.017,3028.38,36.8422,2182.36
2112,2018-10-14,00:00:00.00,99.4284,4323.11,103.16,47.2939,0,0,1354.25,71.9789,0,0,0,131.103,0,0,103.16,103.16,47.2939,47.2939,1453.68,1426.23,1038.61,4710.73,4841.84,2612.79,2612.79,1645.51,846.017,846.017,3028.38,36.8422,2182.36
2113,2018-10-15,00:00:00.00,99.4284,4323.3,103.165,47.2939,0,0,1354.25,71.9789,0,0,0,131.108,0,0,103.165,103.165,47.2939,47.2939,1453.68,1426.23,1038.64,4710.9,4842,2612.79,2612.79,1645.67,846.017,846.017,3028.38,36.8422,2182.36
2114,2018-10-16,00:00:00.00,99.4284,4326.94,103.262,47.2939,0,0,1354.25,71.9789,0,0,0,131.191,0,0,103.262,103.262,47.2939,47.2939,1453.68,1426.23,1039.2,4713.97,4845.16,2612.79,2612.79,1648.75,846.017,846.017,3028.38,36.8422,2182.36
2115,2018-10-17,00:00:00.00,99.4284,4327.13,103.268,47.2939,0,0,1354.25,71.9789,0,0,0,131.195,0,0,103.268,103.268,47.2939,47.2939,1453.68,1426.23,1039.23,4714.14,4845.33,2612.79,2612.79,1648.91,846.017,846.017,3028.38,36.8422,2182.36
2116,2018-10-18,00:00:00.00,99.4284,4327.71,103.283,47.3616,0,0,1356.15,71.9789,0,0,0,131.252,0,0,103.283,103.283,47.3616,47.3616,1455.58,1428.13,1039.55,4716.28,4847.54,2612.79,2612.79,1651.06,846.017,846.017,3028.38,36.8422,2182.36
2117,2018-10-19,00:00:00.00,99.4284,4327.71,103.283,47.3616,0,0,1356.15,71.9789,0,0,0,131.252,0,0,103.283,103.283,47.3616,47.3616,1455.58,1428.13,1039.55,4716.28,4847.54,2612.79,2612.79,1651.06,846.017,846.017,3028.38,36.8422,2182.36
2118,2018-10-20,00:00:00.00,99.4284,4329.62,103.334,47.3616,0,0,1356.15,71.9789,0,0,0,131.296,0,0,103.334,103.334,47.3616,47.3616,1455.58,1428.13,1039.78,4717.97,4849.27,2612.81,2612.81,1652.75,846.017,846.017,3028.38,36.8422,2182.36
2119,2018-10-21,00:00:00.00,99.4284,4329.62,103.334,47.3616,0,0,1356.15,71.9789,0,0,0,131.296,0,0,103.334,103.334,47.3616,47.3616,1455.58,1428.13,1039.78,4717.97,4849.27,2613.14,2613.14,1652.75,846.017,846.017,3028.38,36.8422,2182.36
2120,2018-10-22,00:00:00.00,99.4284,4329.62,103.334,47.3616,0,0,1356.15,71.9789,0,0,0,131.296,0,0,103.334,103.334,47.3616,47.3616,1455.58,1428.13,1039.78,4717.97,4849.27,2613.14,2613.14,1652.75,846.017,846.017,3028.38,36.8422,2182.36
2121,2018-10-23,00:00:00.00,99.4284,4329.62,103.334,47.3616,0,0,1356.15,71.9789,0,0,0,131.296,0,0,103.334,103.334,47.3616,47.3616,1455.58,1428.13,1039.78,4717.97,4849.27,2613.14,2613.14,1652.75,846.017,846.017,3028.38,36.8422,2182.36
2122,2018-10-24,00:00:00.00,99.4284,4333.26,103.431,47.3616,0,0,1356.15,71.9789,0,0,0,131.379,0,0,103.431,103.431,47.3616,47.3616,1455.58,1428.13,1040.17,4721.22,4852.59,2613.14,2613.14,1655.99,846.017,846.017,3028.39,36.8422,2182.36
2123,2018-10-25,00:00:00.00,99.4284,4333.26,103.431,47.3616,0,0,1356.15,71.9789,0,0,0,131.379,0,0,103.431,103.431,47.3616,47.3616,1455.58,1428.13,1040.17,4721.22,4852.59,2613.14,2613.14,1655.99,846.017,846.017,3028.39,36.8422,2182.37
2124,2018-10-26,00:00:00.00,99.4284,4333.26,103.431,47.3616,0,0,1356.15,71.9789,0,0,0,131.379,0,0,103.431,103.431,47.3616,47.3616,1455.58,1428.13,1040.17,4721.22,4852.59,2613.14,2613.14,1655.99,846.017,846.017,3028.39,36.8422,2182.37
2125,2018-10-27,00:00:00.00,99.4284,4333.26,103.431,47.3955,0,0,1357.1,71.9789,0,0,0,131.401,0,0,103.431,103.431,47.3955,47.3955,1456.53,1429.08,1040.26,4722.08,4853.48,2613.14,2613.14,1656.85,846.017,846.017,3028.39,36.8422,2182.37
2126,2018-10-28,00:00:00.00,99.4284,4340.15,103.616,47.4023,0,0,1357.29,71.9789,0,0,0,131.562,0,0,103.616,103.616,47.4023,47.4023,1456.72,1429.27,1040.84,4728.58,4860.14,2613.14,2613.14,1659.66,846.017,846.017,3032.08,36.8422,2182.76
2127,2018-10-29,00:00:00.00,99.4284,4341.88,103.662,47.4023,0,0,1357.29,71.9789,0,0,0,131.601,0,0,103.662,103.662,47.4023,47.4023,1456.72,1429.27,1040.95,4730.19,4861.79,2613.14,2613.14,1661.27,846.017,846.017,3032.08,36.8422,2183.11
2128,2018-10-30,00:00:00.00,99.4284,4341.88,103.662,47.4023,0,0,1357.29,71.9789,0,0,0,131.601,0,0,103.662,103.662,47.4023,47.4023,1456.72,1429.27,1040.95,4730.19,4861.79,2613.14,2613.14,1661.27,846.017,846.017,3032.08,36.8422,2183.43
2129,2018-10-31,00:00:00.00,99.4284,4356.04,104.041,47.4023,0,0,1357.29,71.9789,0,0,0,131.925,0,0,104.041,104.041,47.4023,47.4023,1456.72,1429.27,1041.73,4743.58,4875.51,2613.14,2613.14,1663.09,846.017,846.017,3043.66,36.8422,2184.94
2130,2018-11-01,00:00:00.00,99.4284,4363.7,104.246,47.4023,0,0,1357.29,71.9789,0,0,0,132.099,0,0,104.246,104.246,47.4023,47.4023,1456.72,1429.27,1042.04,4750.93,4883.03,2613.63,2613.63,1664.6,846.629,846.629,3049.49,36.8422,2186.85
2131,2018-11-02,00:00:00.00,99.4284,4389.54,104.752,47.4023,0,0,1357.29,71.9789,0,0,0,132.685,0,0,104.752,104.752,47.4023,47.4023,1456.72,1429.27,1042.92,4775.88,4908.57,2614.25,2614.25,1665.78,847.434,847.434,3073.26,36.8422,2191
2132,2018-11-03,00:00:00.00,99.4284,4390.69,104.783,47.4023,0,0,1357.29,71.9789,0,0,0,132.711,0,0,104.783,104.783,47.4023,47.4023,1456.72,1429.27,1042.96,4777,4909.71,2614.77,2614.77,1666.76,847.98,847.98,3073.4,36.8422,2194.67
2133,2018-11-04,00:00:00.00,99.4284,4390.69,104.783,47.4023,0,0,1357.29,71.9789,0,0,0,132.711,0,0,104.783,104.783,47.4023,47.4023,1456.72,1429.27,1042.96,4777,4909.71,2615.36,2615.36,1666.76,848.576,848.576,3073.4,36.8422,2197.88
2134,2018-11-05,00:00:00.00,99.4284,4393.56,104.86,47.4023,0,0,1357.29,71.9789,0,0,0,132.777,0,0,104.86,104.86,47.4023,47.4023,1456.72,1429.27,1043.03,4779.79,4912.57,2615.69,2615.69,1667.79,848.971,848.971,3075.16,36.8422,2200.9
2135,2018-11-06,00:00:00.00,99.4284,4397,104.952,47.4023,0,0,1357.29,71.9789,0,0,0,132.855,0,0,104.952,104.952,47.4023,47.4023,1456.72,1429.27,1043.11,4783.16,4916.02,2616.4,2616.4,1668.74,849.776,849.776,3077.58,36.8422,2203.77
2136,2018-11-07,00:00:00.00,99.4284,4409.26,105.28,47.4023,0,0,1357.29,71.9789,0,0,0,133.135,0,0,105.28,105.28,47.4023,47.4023,1456.72,1429.27,1043.38,4795.15,4928.29,2617.04,2617.04,1669.59,850.581,850.581,3088.72,36.8422,2207.43
2137,2018-11-08,00:00:00.00,99.4284,4409.93,105.298,47.4023,0,0,1357.29,71.9789,0,0,0,133.15,0,0,105.298,105.298,47.4023,47.4023,1456.72,1429.27,1043.39,4795.81,4928.96,2617.62,2617.62,1670.24,851.177,851.177,3088.72,36.8422,2210.64
2138,2018-11-09,00:00:00.00,99.4284,4410.5,105.313,47.4023,0,0,1357.29,71.9789,0,0,0,133.163,0,0,105.313,105.313,47.4023,47.4023,1456.72,1429.27,1043.4,4796.37,4929.53,2617.95,2617.95,1670.81,851.522,851.522,3088.72,36.8422,2213.47
2139,2018-11-10,00:00:00.00,99.4284,4410.5,105.313,47.4701,0,0,1359.19,71.9789,0,0,0,133.207,0,0,105.313,105.313,47.4701,47.4701,1456.72,1429.27,1043.4,4796.37,4929.58,2617.95,2617.95,1670.81,851.522,851.522,3088.72,36.8422,2216
2140,2018-11-11,00:00:00.00,99.4286,4410.5,105.313,47.4701,0,0,1359.19,71.9789,0,0,0,133.207,0,0,105.313,105.313,47.4701,47.4701,1456.72,1429.27,1043.4,4796.37,4929.58,2617.95,2617.95,1670.81,851.522,851.522,3088.72,36.8422,2218.25
2141,2018-11-12,00:00:00.00,99.4286,4410.5,105.313,47.4701,0,0,1359.19,71.9789,0,0,0,133.207,0,0,105.313,105.313,47.4701,47.4701,1456.72,1429.27,1043.4,4796.37,4929.58,2617.95,2617.95,1670.81,851.522,851.522,3088.72,36.8422,2220.27
2142,2018-11-13,00:00:00.00,99.4286,4410.5,105.313,47.6395,0,0,1363.93,71.9789,0,0,0,133.316,0,0,105.313,105.313,47.6395,47.6395,1459.97,1432.4,1043.45,4799.45,4932.77,2617.96,2617.96,1671.43,851.715,851.715,3091.18,36.8422,2222.32
2143,2018-11-14,00:00:00.00,99.5464,4410.5,105.313,47.7072,0,0,1365.83,71.9789,0,0,0,133.36,0,0,105.313,105.313,47.7072,47.7072,1459.97,1432.4,1043.45,4799.45,4932.81,2617.96,2617.96,1671.43,851.715,851.715,3091.18,36.8422,2224.15
2144,2018-11-15,00:00:00.00,99.5464,4410.5,105.313,48.3171,0,0,1382.91,71.9789,0,0,0,133.753,0,0,105.313,105.313,48.3171,48.3171,1459.97,1432.4,1043.45,4799.45,4933.2,2617.96,2617.96,1671.43,851.715,851.715,3091.18,36.8422,2225.78
2145,2018-11-16,00:00:00.00,99.5464,4410.5,105.313,48.9269,0,0,1400,71.9789,0,0,0,134.146,0,0,105.313,105.313,48.9269,48.9269,1459.97,1432.4,1043.45,4799.45,4933.6,2617.96,2617.96,1671.43,851.715,851.715,3091.18,36.8422,2227.24
2146,2018-11-17,00:00:00.00,99.5464,4410.5,105.313,48.9676,0,0,1401.14,71.9789,0,0,0,134.172,0,0,105.313,105.313,48.9676,48.9676,1459.97,1432.4,1043.45,4799.45,4933.62,2617.96,2617.96,1671.43,851.715,851.715,3091.18,36.8422,2228.54
2147,2018-11-18,00:00:00.00,99.5464,4410.5,105.313,48.9811,0,0,1401.52,71.9789,0,0,0,134.181,0,0,105.313,105.313,48.9811,48.9811,1459.97,1432.4,1043.45,4799.45,4933.63,2617.96,2617.96,1671.43,851.715,851.715,3091.18,36.8422,2229.7
2148,2018-11-19,00:00:00.00,99.5464,4410.5,105.313,48.9811,0,0,1401.52,71.9789,0,0,0,134.181,0,0,105.313,105.313,48.9811,48.9811,1459.97,1432.4,1043.45,4799.45,4933.63,2617.96,2617.96,1671.43,851.715,851.715,3091.18,36.8422,2230.74
2149,2018-11-20,00:00:00.00,99.5464,4410.5,105.313,49.0489,0,0,1403.41,71.9789,0,0,0,134.225,0,0,105.313,105.313,49.0489,49.0489,1459.97,1432.4,1043.45,4799.45,4933.68,2617.96,2617.96,1671.43,851.715,851.715,3091.18,36.8422,2231.67
2150,2018-11-21,00:00:00.00,99.5464,4410.5,105.313,49.0489,0,0,1403.41,71.9789,0,0,0,134.225,0,0,105.313,105.313,49.0489,49.0489,1459.97,1432.4,1043.45,4799.45,4933.68,2617.96,2617.96,1671.43,851.715,851.715,3091.18,36.8422,2232.5
2151,2018-11-22,00:00:00.00,99.5464,4410.5,105.313,49.0489,0,0,1403.41,71.9789,0,0,0,134.225,0,0,105.313,105.313,49.0489,49.0489,1459.97,1432.4,1043.45,4799.45,4933.68,2617.96,2617.96,1671.43,851.715,851.715,3091.18,36.8422,2233.25
2152,2018-11-23,00:00:00.00,99.5464,4410.5,105.313,49.0489,0,0,1403.41,71.9789,0,0,0,134.225,0,0,105.313,105.313,49.0489,49.0489,1459.97,1432.4,1043.45,4799.45,4933.68,2617.96,2617.96,1671.43,851.715,851.715,3091.18,36.8422,2233.91
2153,2018-11-24,00:00:00.00,99.5464,4410.5,105.313,49.0489,0,0,1403.41,71.9789,0,0,0,134.225,0,0,105.313,105.313,49.0489,49.0489,1459.97,1432.4,1043.45,4799.45,4933.68,2617.96,2617.96,1671.43,851.715,851.715,3091.18,36.8422,2234.5
2154,2018-11-25,00:00:00.00,99.5464,4414.08,105.449,49.0862,0,0,1404.46,73.4722,0,0,0,134.364,0,0,105.449,105.449,49.0862,49.0862,1462.15,1434.62,1043.53,4805.16,4939.53,2617.96,2617.96,1671.91,851.859,851.859,3096.41,36.8422,2235.57
2155,2018-11-26,00:00:00.00,99.5464,4414.08,105.449,49.0997,0,0,1404.84,73.4722,0,0,0,134.373,0,0,105.449,105.449,49.0997,49.0997,1468.07,1440.74,1043.6,4811.22,4945.59,2618.03,2618.03,1672.31,852.254,852.254,3102.06,36.8422,2237.09
2156,2018-11-27,00:00:00.00,99.5464,4419.55,105.595,49.2109,0,0,1407.95,73.4722,0,0,0,134.57,0,0,105.595,105.595,49.2109,49.2109,1470.96,1443.62,1043.67,4819.5,4954.07,2618.03,2618.03,1672.62,852.448,852.448,3110.04,36.8422,2239.27
2157,2018-11-28,00:00:00.00,100.815,4419.55,105.595,49.2448,0,0,1408.9,73.4722,0,0,0,134.592,0,0,105.595,105.595,49.2448,49.2448,1470.96,1443.62,1043.67,4819.5,4954.09,2618.03,2618.03,1672.62,852.448,852.448,3110.04,36.8422,2241.22
2158,2018-11-29,00:00:00.00,100.815,4419.55,105.595,49.3125,0,0,1410.8,73.4722,0,0,0,134.635,0,0,105.595,105.595,49.3125,49.3125,1470.96,1443.62,1043.67,4819.5,4954.14,2618.03,2618.03,1672.62,852.448,852.448,3110.04,36.8422,2242.97
2159,2018-11-30,00:00:00.00,100.815,4419.55,105.595,49.3125,0,0,1410.8,73.4722,0,0,0,134.635,0,0,105.595,105.595,49.3125,49.3125,1470.96,1443.62,1043.67,4819.5,4954.14,2618.03,2618.03,1672.62,852.448,852.448,3110.04,36.8422,2244.53
2160,2018-12-01,00:00:00.00,100.815,4419.55,105.595,49.3125,0,0,1410.8,73.4722,0,0,0,134.635,0,0,105.595,105.595,49.3125,49.3125,1470.96,1443.62,1043.67,4819.5,4954.14,2618.03,2618.03,1672.62,852.448,852.448,3110.04,36.8422,2245.92
2161,2018-12-02,00:00:00.00,100.815,4424.56,105.767,49.4784,0,0,1415.45,74.8843,0,0,0,134.889,0,0,105.767,105.767,49.4784,49.4784,1471.59,1444.11,1043.71,4824.95,4959.84,2618.04,2618.04,1672.87,852.763,852.763,3115.24,36.8422,2247.68
2162,2018-12-03,00:00:00.00,100.815,4431.45,105.951,49.4784,0,0,1415.45,74.8843,0,0,0,135.046,0,0,105.951,105.951,49.4784,49.4784,1486.61,1459.65,1043.84,4847.26,4982.31,2618.06,2618.06,1673.05,853.078,853.078,3137.37,36.8422,2251.58
2163,2018-12-04,00:00:00.00,101.846,4431.45,105.951,49.5122,0,0,1416.4,74.8843,0,0,0,135.068,0,0,105.951,105.951,49.5122,49.5122,1486.61,1459.65,1043.84,4847.26,4982.33,2618.08,2618.08,1673.05,853.36,853.36,3137.37,36.8422,2255.04
2164,2018-12-05,00:00:00.00,101.846,4431.45,105.951,49.5122,0,0,1416.4,74.8843,0,0,0,135.068,0,0,105.951,105.951,49.5122,49.5122,1486.61,1459.65,1043.84,4847.26,4982.33,2618.09,2618.09,1673.05,853.387,853.387,3137.37,36.8422,2258.12
2165,2018-12-06,00:00:00.00,101.846,4431.45,105.951,49.5461,0,0,1417.35,74.8843,0,0,0,135.09,0,0,105.951,105.951,49.5461,49.5461,1486.61,1459.65,1043.84,4847.26,4982.35,2618.09,2618.09,1673.05,853.387,853.387,3137.37,36.8422,2260.88
2166,2018-12-07,00:00:00.00,101.846,4431.45,105.951,49.6139,0,0,1419.24,74.8843,0,0,0,135.133,0,0,105.951,105.951,49.6139,49.6139,1486.61,1459.65,1043.84,4847.26,4982.4,2618.09,2618.09,1673.05,853.492,853.492,3137.37,36.8422,2263.33
2167,2018-12-08,00:00:00.00,101.846,4431.45,105.951,49.6681,0,0,1420.76,74.8843,0,0,0,135.168,0,0,105.951,105.951,49.6681,49.6681,1486.61,1459.65,1043.84,4847.26,4982.43,2618.09,2618.09,1673.05,853.492,853.492,3137.37,36.8422,2265.52
2168,2018-12-09,00:00:00.00,101.846,4431.45,105.951,49.6681,0,0,1420.76,74.8843,0,0,0,135.168,0,0,105.951,105.951,49.6681,49.6681,1486.61,1459.65,1043.84,4847.26,4982.43,2618.09,2618.09,1673.05,853.492,853.492,3137.37,36.8422,2267.47
2169,2018-12-10,00:00:00.00,101.846,4431.45,105.951,49.6681,0,0,1420.76,74.8843,0,0,0,135.168,0,0,105.951,105.951,49.6681,49.6681,1486.61,1459.65,1043.84,4847.26,4982.43,2618.09,2618.09,1673.05,853.492,853.492,3137.37,36.8422,2269.22
2170,2018-12-11,00:00:00.00,101.846,4431.45,105.951,49.6681,0,0,1420.76,74.8843,0,0,0,135.168,0,0,105.951,105.951,49.6681,49.6681,1486.61,1459.65,1043.84,4847.26,4982.43,2618.11,2618.11,1673.05,853.597,853.597,3137.37,36.8422,2270.77
2171,2018-12-12,00:00:00.00,101.846,4431.45,105.951,49.702,0,0,1421.71,74.8843,0,0,0,135.19,0,0,105.951,105.951,49.702,49.702,1486.61,1459.65,1043.84,4847.26,4982.45,2618.11,2618.11,1673.05,853.604,853.604,3137.37,36.8422,2272.16
2172,2018-12-13,00:00:00.00,101.846,4431.45,105.951,49.8239,0,0,1425.13,74.8843,0,0,0,135.269,0,0,105.951,105.951,49.8239,49.8239,1486.61,1459.65,1043.84,4847.26,4982.53,2618.12,2618.12,1673.05,853.788,853.788,3137.37,36.8422,2273.37
2173,2018-12-14,00:00:00.00,101.846,4431.45,105.951,49.9324,0,0,1428.16,74.8843,0,0,0,135.339,0,0,105.951,105.951,49.9324,49.9324,1486.61,1459.65,1043.84,4847.26,4982.6,2618.13,2618.13,1673.05,854.031,854.031,3137.37,36.8422,2274.44
2174,2018-12-15,00:00:00.00,101.846,4432.77,106.027,49.9746,0,0,1429.35,76.3919,0,0,0,135.43,0,0,106.027,106.027,49.9746,49.9746,1487.89,1460.93,1043.85,4849.85,4985.28,2618.14,2618.14,1673.21,854.346,854.346,3139.79,36.8422,2275.61
2175,2018-12-16,00:00:00.00,102.892,4432.77,106.027,49.9746,0,0,1429.35,76.3919,0,0,0,135.43,0,0,106.027,106.027,49.9746,49.9746,1487.89,1460.93,1043.85,4849.85,4985.28,2618.2,2618.2,1673.21,854.648,854.648,3139.79,36.8422,2276.63
2176,2018-12-17,00:00:00.00,103.35,4432.77,106.027,49.9746,0,0,1429.35,76.3919,0,0,0,135.43,0,0,106.027,106.027,49.9746,49.9746,1487.89,1460.93,1043.85,4849.85,4985.28,2618.24,2618.24,1673.21,854.891,854.891,3139.79,36.8422,2277.51
2177,2018-12-18,00:00:00.00,103.35,4432.77,106.027,49.9746,0,0,1429.35,76.3919,0,0,0,135.43,0,0,106.027,106.027,49.9746,49.9746,1487.89,1460.93,1043.85,4849.85,4985.28,2618.3,2618.3,1673.21,855.173,855.173,3139.79,36.8422,2278.27
2178,2018-12-19,00:00:00.00,103.35,4432.77,106.027,49.9746,0,0,1429.35,76.3919,0,0,0,135.43,0,0,106.027,106.027,49.9746,49.9746,1487.89,1460.93,1043.85,4849.85,4985.28,2618.31,2618.31,1673.21,855.239,855.239,3139.79,36.8422,2278.94
2179,2018-12-20,00:00:00.00,103.35,4432.77,106.027,49.9746,0,0,1429.35,76.3919,0,0,0,135.43,0,0,106.027,106.027,49.9746,49.9746,1487.89,1460.93,1043.85,4849.85,4985.28,2618.34,2618.34,1673.21,855.403,855.403,3139.79,36.8422,2279.52
2180,2018-12-21,00:00:00.00,103.35,4448.36,106.486,50.0045,0,0,1430.19,77.9486,0,0,0,135.841,0,0,106.486,106.486,50.0045,50.0045,1490.51,1463.61,1043.93,4868.05,5003.89,2618.35,2618.35,1673.37,855.718,855.718,3157.84,36.8422,2281.93
2181,2018-12-22,00:00:00.00,103.35,4449.13,106.507,50.0045,0,0,1430.19,77.9486,0,0,0,135.858,0,0,106.507,106.507,50.0045,50.0045,1493.81,1467.03,1043.94,4872.22,5008.08,2618.4,2618.4,1673.5,856.033,856.033,3161.87,36.8422,2284.47
2182,2018-12-23,00:00:00.00,104.73,4449.13,106.507,50.0045,0,0,1430.19,77.9486,0,0,0,135.858,0,0,106.507,106.507,50.0045,50.0045,1493.81,1467.03,1043.94,4872.22,5008.08,2618.41,2618.41,1673.5,856.079,856.079,3161.87,36.8422,2286.75
2183,2018-12-24,00:00:00.00,104.73,4449.13,106.508,50.0768,0,0,1432.21,78.0114,0,0,0,135.906,0,0,106.508,106.508,50.0768,50.0768,1493.81,1467.03,1043.94,4872.22,5008.12,2618.42,2618.42,1673.5,856.394,856.394,3161.87,36.8422,2288.74
2184,2018-12-25,00:00:00.00,104.793,4449.13,106.508,50.1785,0,0,1435.06,78.0114,0,0,0,135.972,0,0,106.508,106.508,50.1785,50.1785,1493.81,1467.03,1043.94,4872.22,5008.19,2618.43,2618.43,1673.5,856.578,856.578,3161.87,36.8422,2290.51
2185,2018-12-26,00:00:00.00,104.793,4449.13,106.508,50.2462,0,0,1436.96,78.0114,0,0,0,136.016,0,0,106.508,106.508,50.2462,50.2462,1493.81,1467.03,1043.94,4872.22,5008.23,2618.43,2618.43,1673.5,856.644,856.644,3161.87,36.8422,2292.07
2186,2018-12-27,00:00:00.00,104.793,4449.13,106.508,50.2462,0,0,1436.96,78.0114,0,0,0,136.016,0,0,106.508,106.508,50.2462,50.2462,1493.81,1467.03,1043.94,4872.22,5008.23,2618.46,2618.46,1673.5,856.788,856.788,3161.87,36.8422,2293.46
2187,2018-12-28,00:00:00.00,104.793,4449.13,106.508,50.7951,0,0,1452.33,78.0114,0,0,0,136.37,0,0,106.508,106.508,50.7951,50.7951,1493.81,1467.03,1043.94,4872.22,5008.59,2618.46,2618.46,1673.5,856.992,856.992,3161.87,36.8422,2294.68
2188,2018-12-29,00:00:00.00,104.793,4449.13,106.524,50.8019,0,0,1452.52,78.5857,0,0,0,136.387,0,0,106.524,106.524,50.8019,50.8019,1501.92,1473.79,1043.96,4878.96,5015.35,2618.5,2618.5,1673.63,857.307,857.307,3168.49,36.8422,2296.44
2189,2018-12-30,00:00:00.00,106.717,4449.13,106.524,50.8561,0,0,1454.04,78.5857,0,0,0,136.422,0,0,106.524,106.524,50.8561,50.8561,1501.92,1473.79,1043.96,4878.96,5015.38,2618.5,2618.5,1673.63,857.307,857.307,3168.49,36.8422,2298.01
2190,2018-12-31,00:00:00.00,106.717,4449.13,106.524,50.8561,0,0,1454.04,78.5857,0,0,0,136.422,0,0,106.524,106.524,50.8561,50.8561,1501.92,1473.79,1043.96,4878.96,5015.38,2618.5,2618.5,1673.63,857.307,857.307,3168.49,36.8422,2299.41
2191,2019-01-01,00:00:00.00,106.717,4449.13,106.554,51.3309,0,0,1467.34,79.7193,0,0,0,136.754,0,0,106.554,106.554,51.3309,51.3309,1501.92,1473.79,1043.96,4878.96,5015.72,2618.51,2618.51,1673.63,857.589,857.589,3168.49,36.8422,2300.64
2192,2019-01-02,00:00:00.00,107.85,4449.13,106.554,51.3309,0,0,1467.34,79.7193,0,0,0,136.754,0,0,106.554,106.554,51.3309,51.3309,1501.92,1473.79,1043.96,4878.96,5015.72,2618.54,2618.54,1673.63,857.754,857.754,3168.49,36.8422,2301.71
2193,2019-01-03,00:00:00.00,107.85,4449.13,106.554,51.5341,0,0,1473.04,79.7193,0,0,0,136.885,0,0,106.554,106.554,51.5341,51.5341,1501.92,1473.79,1043.96,4878.96,5015.85,2618.54,2618.54,1673.63,857.803,857.803,3168.49,36.8422,2302.67
2194,2019-01-04,00:00:00.00,107.85,4449.13,106.554,51.5341,0,0,1473.04,79.7193,0,0,0,136.885,0,0,106.554,106.554,51.5341,51.5341,1501.92,1473.79,1043.96,4878.96,5015.85,2618.58,2618.58,1673.63,857.968,857.968,3168.49,36.8422,2303.51
2195,2019-01-05,00:00:00.00,107.85,4449.13,106.554,51.5341,0,0,1473.04,79.7193,0,0,0,136.885,0,0,106.554,106.554,51.5341,51.5341,1502.52,1473.79,1043.96,4878.96,5015.85,2618.61,2618.61,1673.63,858.133,858.133,3168.49,36.8422,2304.24
2196,2019-01-06,00:00:00.00,108.453,4449.13,106.554,51.5341,0,0,1473.04,79.7193,0,0,0,136.885,0,0,106.554,106.554,51.5341,51.5341,1502.52,1473.79,1043.96,4878.96,5015.85,2618.64,2618.64,1673.63,858.298,858.298,3168.49,36.8422,2304.87
2197,2019-01-07,00:00:00.00,108.453,4449.13,106.554,51.5341,0,0,1473.04,79.7193,0,0,0,136.885,0,0,106.554,106.554,51.5341,51.5341,1502.52,1473.79,1043.96,4878.96,5015.85,2618.67,2618.67,1673.63,858.464,858.464,3168.49,36.8422,2305.42
2198,2019-01-08,00:00:00.00,108.453,4449.13,106.554,51.7984,0,0,1480.44,79.7193,0,0,0,137.055,0,0,106.554,106.554,51.7984,51.7984,1502.52,1473.79,1043.96,4878.96,5016.02,2618.68,2618.68,1673.63,858.629,858.629,3168.49,36.8422,2305.89
2199,2019-01-09,00:00:00.00,108.453,4449.13,106.555,51.8038,0,0,1480.59,79.7581,0,0,0,137.06,0,0,106.555,106.555,51.8038,51.8038,1502.52,1473.79,1043.96,4878.96,5016.02,2618.7,2618.7,1673.63,858.794,858.794,3168.49,36.8422,2306.3
2200,2019-01-10,00:00:00.00,108.492,4449.13,106.555,51.8377,0,0,1481.54,79.7581,0,0,0,137.082,0,0,106.555,106.555,51.8377,51.8377,1502.52,1473.79,1043.96,4878.96,5016.04,2618.71,2618.71,1673.63,858.959,858.959,3168.49,36.8422,2306.64
2201,2019-01-11,00:00:00.00,108.492,4449.13,106.555,51.8716,0,0,1482.49,79.7581,0,0,0,137.103,0,0,106.555,106.555,51.8716,51.8716,1502.52,1473.79,1043.96,4878.96,5016.06,2618.71,2618.71,1673.63,858.959,858.959,3168.49,36.8422,2306.95
2202,2019-01-12,00:00:00.00,108.492,4449.13,106.555,51.8716,0,0,1482.49,79.7581,0,0,0,137.103,0,0,106.555,106.555,51.8716,51.8716,1502.52,1473.79,1043.96,4878.96,5016.06,2618.71,2618.71,1673.63,858.959,858.959,3168.49,36.8422,2307.23
2203,2019-01-13,00:00:00.00,108.492,4449.13,106.555,51.8716,0,0,1482.49,79.7581,0,0,0,137.103,0,0,106.555,106.555,51.8716,51.8716,1502.52,1473.79,1043.96,4878.96,5016.06,2618.72,2618.72,1673.63,858.987,858.987,3168.49,36.8422,2307.47
2204,2019-01-14,00:00:00.00,108.492,4449.13,106.555,51.8716,0,0,1482.49,79.7581,0,0,0,137.103,0,0,106.555,106.555,51.8716,51.8716,1502.52,1473.79,1043.96,4878.96,5016.06,2618.72,2618.72,1673.63,858.987,858.987,3168.49,36.8422,2307.69
2205,2019-01-15,00:00:00.00,108.492,4449.13,106.555,51.8716,0,0,1482.49,79.7581,0,0,0,137.103,0,0,106.555,106.555,51.8716,51.8716,1502.52,1473.79,1043.96,4878.96,5016.06,2618.72,2618.72,1673.63,858.987,858.987,3168.49,36.8422,2307.88
2206,2019-01-16,00:00:00.00,108.492,4449.13,106.555,51.9055,0,0,1483.44,79.7581,0,0,0,137.125,0,0,106.555,106.555,51.9055,51.9055,1502.52,1473.79,1043.96,4878.96,5016.09,2618.72,2618.72,1673.63,859.098,859.098,3168.49,36.8422,2308.04
2207,2019-01-17,00:00:00.00,108.492,4449.13,106.555,51.919,0,0,1483.82,79.7581,0,0,0,137.134,0,0,106.555,106.555,51.919,51.919,1502.52,1473.79,1043.96,4878.96,5016.1,2618.73,2618.73,1673.63,859.23,859.23,3168.49,36.8422,2308.17
2208,2019-01-18,00:00:00.00,108.492,4449.13,106.555,51.9868,0,0,1485.72,79.7581,0,0,0,137.178,0,0,106.555,106.555,51.9868,51.9868,1502.52,1473.79,1043.96,4878.96,5016.14,2618.73,2618.73,1673.63,859.23,859.23,3168.49,36.8422,2308.29
2209,2019-01-19,00:00:00.00,108.492,4449.13,106.555,52.0071,0,0,1486.29,79.7581,0,0,0,137.191,0,0,106.555,106.555,52.0071,52.0071,1502.52,1473.79,1043.96,4878.96,5016.15,2618.74,2618.74,1673.63,859.337,859.337,3168.49,36.8422,2308.38
2210,2019-01-20,00:00:00.00,108.492,4449.13,106.555,52.1426,0,0,1490.08,79.7581,0,0,0,137.278,0,0,106.555,106.555,52.1426,52.1426,1502.52,1473.79,1043.96,4878.96,5016.24,2618.74,2618.74,1673.63,859.337,859.337,3168.49,36.8422,2308.46
2211,2019-01-21,00:00:00.00,108.492,4449.13,106.555,52.1562,0,0,1490.46,79.7581,0,0,0,137.287,0,0,106.555,106.555,52.1562,52.1562,1502.52,1473.79,1043.96,4878.96,5016.25,2618.74,2618.74,1673.63,859.337,859.337,3168.49,36.8422,2308.54
2212,2019-01-22,00:00:00.00,108.492,4449.13,106.555,52.1562,0,0,1490.46,79.7581,0,0,0,137.287,0,0,106.555,106.555,52.1562,52.1562,1502.52,1473.79,1043.96,4878.96,5016.25,2618.74,2618.74,1673.63,859.337,859.337,3168.49,36.8422,2308.6
2213,2019-01-23,00:00:00.00,108.492,4449.13,106.555,52.5966,0,0,1502.8,79.7581,0,0,0,137.571,0,0,106.555,106.555,52.5966,52.5966,1502.52,1473.79,1043.96,4878.96,5016.53,2618.74,2618.74,1673.63,859.337,859.337,3168.49,36.8422,2308.66
2214,2019-01-24,00:00:00.00,108.492,4449.13,106.555,52.9964,0,0,1514,79.7581,0,0,0,137.829,0,0,106.555,106.555,52.9964,52.9964,1502.52,1473.79,1043.96,4878.96,5016.79,2618.74,2618.74,1673.63,859.477,859.477,3168.49,36.8422,2308.7
2215,2019-01-25,00:00:00.00,108.492,4449.13,106.555,53.098,0,0,1516.84,79.7581,0,0,0,137.894,0,0,106.555,106.555,53.098,53.098,1502.52,1473.79,1043.96,4878.96,5016.86,2618.75,2618.75,1673.63,859.617,859.617,3168.49,36.8422,2308.72
2216,2019-01-26,00:00:00.00,108.492,4449.13,106.555,53.3352,0,0,1523.49,79.7581,0,0,0,138.047,0,0,106.555,106.555,53.3352,53.3352,1502.52,1473.79,1043.96,4878.96,5017.01,2618.75,2618.75,1673.63,859.617,859.617,3168.49,36.8422,2308.73
2217,2019-01-27,00:00:00.00,108.492,4449.13,106.555,53.5046,0,0,1528.23,79.7581,0,0,0,138.156,0,0,106.555,106.555,53.5046,53.5046,1502.52,1473.79,1043.96,4878.96,5017.12,2618.75,2618.75,1673.63,859.617,859.617,3168.49,36.8422,2308.75
2218,2019-01-28,00:00:00.00,108.492,4449.13,106.555,53.5724,0,0,1530.13,79.7581,0,0,0,138.2,0,0,106.555,106.555,53.5724,53.5724,1502.52,1473.79,1043.96,4878.96,5017.16,2618.75,2618.75,1673.63,859.617,859.617,3168.49,36.8422,2308.76
2219,2019-01-29,00:00:00.00,108.492,4449.13,106.555,53.9789,0,0,1541.52,79.7581,0,0,0,138.462,0,0,106.555,106.555,53.9789,53.9789,1502.52,1473.79,1043.96,4878.96,5017.42,2618.75,2618.75,1673.63,859.617,859.617,3168.49,36.8422,2308.77
2220,2019-01-30,00:00:00.00,108.492,4449.13,106.555,54.1009,0,0,1544.94,79.7581,0,0,0,138.541,0,0,106.555,106.555,54.1009,54.1009,1502.52,1473.79,1043.96,4878.96,5017.5,2618.75,2618.75,1673.63,859.617,859.617,3168.49,36.8422,2308.78
2221,2019-01-31,00:00:00.00,108.492,4449.13,106.555,54.1144,0,0,1545.31,79.7581,0,0,0,138.549,0,0,106.555,106.555,54.1144,54.1144,1502.52,1473.79,1043.96,4878.96,5017.51,2618.75,2618.75,1673.63,859.617,859.617,3168.49,36.8422,2308.79
2222,2019-02-01,00:00:00.00,108.492,4449.13,106.555,54.1144,0,0,1545.31,79.7581,0,0,0,138.549,0,0,106.555,106.555,54.1144,54.1144,1502.52,1473.79,1043.96,4878.96,5017.51,2618.75,2618.75,1673.63,859.617,859.617,3168.49,36.8422,2308.8
2223,2019-02-02,00:00:00.00,108.492,4449.13,106.555,54.1144,0,0,1545.31,79.7581,0,0,0,138.549,0,0,106.555,106.555,54.1144,54.1144,1502.52,1473.79,1043.96,4878.96,5017.51,2618.75,2618.75,1673.63,859.617,859.617,3168.49,36.8422,2308.81
2224,2019-02-03,00:00:00.00,108.492,4449.13,106.555,54.1144,0,0,1545.31,79.7581,0,0,0,138.549,0,0,106.555,106.555,54.1144,54.1144,1502.52,1473.79,1043.96,4878.96,5017.51,2618.75,2618.75,1673.63,859.617,859.617,3168.49,36.8422,2308.82
2225,2019-02-04,00:00:00.00,108.492,4449.13,106.604,54.1176,0,0,1545.4,81.5825,0,0,0,138.593,0,0,106.604,106.604,54.1176,54.1176,1505.9,1474.21,1043.96,4879.38,5017.97,2618.76,2618.76,1673.71,859.674,859.674,3168.83,36.8422,2308.85
2226,2019-02-05,00:00:00.00,108.492,4461.6,106.947,54.1176,0,0,1545.4,81.9353,0,0,0,138.886,0,0,106.947,106.947,54.1176,54.1176,1526.99,1496.02,1044.06,4913.57,5052.46,2618.77,2618.77,1673.82,859.883,859.883,3202.9,36.8422,2312.49
2227,2019-02-06,00:00:00.00,112.9,4461.6,106.947,54.1515,0,0,1546.35,81.9353,0,0,0,138.908,0,0,106.947,106.947,54.1515,54.1515,1526.99,1496.02,1044.06,4913.57,5052.48,2618.79,2618.79,1673.82,860.138,860.138,3202.9,36.8422,2315.72
2228,2019-02-07,00:00:00.00,112.9,4461.6,106.947,54.2531,0,0,1549.2,81.9353,0,0,0,138.973,0,0,106.947,106.947,54.2531,54.2531,1526.99,1496.02,1044.06,4913.57,5052.54,2618.8,2618.8,1673.82,860.392,860.392,3202.9,36.8422,2318.57
2229,2019-02-08,00:00:00.00,112.9,4461.6,106.973,54.2601,0,0,1549.4,82.8863,0,0,0,138.999,0,0,106.973,106.973,54.2601,54.2601,1529.6,1496.02,1044.06,4913.57,5052.57,2618.82,2618.82,1673.82,860.646,860.646,3202.9,36.8422,2321.1
2230,2019-02-09,00:00:00.00,116.458,4461.6,106.973,54.4092,0,0,1553.57,82.8863,0,0,0,139.095,0,0,106.973,106.973,54.4092,54.4092,1529.6,1496.02,1044.06,4913.57,5052.66,2618.82,2618.82,1673.82,860.745,860.745,3202.9,36.8422,2323.34
2231,2019-02-10,00:00:00.00,116.458,4461.6,106.973,54.4431,0,0,1554.52,82.8863,0,0,0,139.117,0,0,106.973,106.973,54.4431,54.4431,1529.6,1496.02,1044.06,4913.57,5052.69,2618.82,2618.82,1673.82,860.745,860.745,3202.9,36.8422,2325.35
2232,2019-02-11,00:00:00.00,116.458,4461.6,106.973,54.5786,0,0,1558.32,82.8863,0,0,0,139.205,0,0,106.973,106.973,54.5786,54.5786,1529.6,1496.02,1044.06,4913.57,5052.77,2618.82,2618.82,1673.82,860.745,860.745,3202.9,36.8422,2327.14
2233,2019-02-12,00:00:00.00,116.458,4461.6,106.973,54.5786,0,0,1558.32,82.8863,0,0,0,139.205,0,0,106.973,106.973,54.5786,54.5786,1529.6,1496.02,1044.06,4913.57,5052.77,2618.85,2618.85,1673.82,860.907,860.907,3202.9,36.8422,2328.72
2234,2019-02-13,00:00:00.00,116.458,4461.6,106.973,55.0529,0,0,1571.6,82.8863,0,0,0,139.51,0,0,106.973,106.973,55.0529,55.0529,1529.6,1496.02,1044.06,4913.57,5053.08,2618.86,2618.86,1673.82,861.132,861.132,3202.9,36.8422,2330.11
2235,2019-02-14,00:00:00.00,116.458,4461.6,106.973,55.2562,0,0,1577.3,82.8863,0,0,0,139.641,0,0,106.973,106.973,55.2562,55.2562,1529.6,1496.02,1044.06,4913.57,5053.21,2618.87,2618.87,1673.82,861.31,861.31,3202.9,36.8422,2331.33
2236,2019-02-15,00:00:00.00,116.458,4461.6,106.973,55.2562,0,0,1577.3,82.8863,0,0,0,139.641,0,0,106.973,106.973,55.2562,55.2562,1529.6,1496.02,1044.06,4913.57,5053.21,2618.92,2618.92,1673.82,861.564,861.564,3202.9,36.8422,2332.4
2237,2019-02-16,00:00:00.00,116.458,4461.6,106.973,55.2901,0,0,1578.25,82.8863,0,0,0,139.663,0,0,106.973,106.973,55.2901,55.2901,1529.6,1496.02,1044.06,4913.57,5053.23,2618.94,2618.94,1673.82,861.819,861.819,3202.9,36.8422,2333.33
2238,2019-02-17,00:00:00.00,116.458,4461.6,106.973,55.2901,0,0,1578.25,82.8863,0,0,0,139.663,0,0,106.973,106.973,55.2901,55.2901,1529.6,1496.02,1044.06,4913.57,5053.23,2618.95,2618.95,1673.82,861.869,861.869,3202.9,36.8422,2334.15
2239,2019-02-18,00:00:00.00,116.458,4461.6,106.973,55.5137,0,0,1584.51,82.8863,0,0,0,139.807,0,0,106.973,106.973,55.5137,55.5137,1529.6,1496.02,1044.06,4913.57,5053.38,2618.95,2618.95,1673.82,861.869,861.869,3202.9,36.8422,2334.88
2240,2019-02-19,00:00:00.00,116.458,4461.6,106.973,55.5476,0,0,1585.46,82.8863,0,0,0,139.829,0,0,106.973,106.973,55.5476,55.5476,1529.6,1496.02,1044.06,4913.57,5053.4,2618.95,2618.95,1673.82,861.872,861.872,3202.9,36.8422,2335.54
2241,2019-02-20,00:00:00.00,116.458,4461.6,106.973,55.5476,0,0,1585.46,82.8863,0,0,0,139.829,0,0,106.973,106.973,55.5476,55.5476,1529.6,1496.02,1044.06,4913.57,5053.4,2618.95,2618.95,1673.82,861.872,861.872,3202.9,36.8422,2336.12
2242,2019-02-21,00:00:00.00,116.458,4461.6,106.973,55.5611,0,0,1585.84,82.8863,0,0,0,139.838,0,0,106.973,106.973,55.5611,55.5611,1529.6,1496.02,1044.06,4913.57,5053.41,2618.95,2618.95,1673.82,861.875,861.875,3202.9,36.8422,2336.64
2243,2019-02-22,00:00:00.00,116.458,4461.6,106.973,55.5611,0,0,1585.84,82.8863,0,0,0,139.838,0,0,106.973,106.973,55.5611,55.5611,1529.6,1496.02,1044.06,4913.57,5053.41,2619,2619,1673.82,862.13,862.13,3202.9,36.8422,2337.08
2244,2019-02-23,00:00:00.00,116.458,4461.6,106.973,55.5611,0,0,1585.84,82.8863,0,0,0,139.838,0,0,106.973,106.973,55.5611,55.5611,1529.6,1496.02,1044.06,4913.57,5053.41,2619.04,2619.04,1673.82,862.384,862.384,3202.9,36.8422,2337.45
2245,2019-02-24,00:00:00.00,116.458,4461.6,106.973,55.7847,0,0,1592.1,82.8863,0,0,0,139.982,0,0,106.973,106.973,55.7847,55.7847,1529.6,1496.02,1044.06,4913.57,5053.55,2619.05,2619.05,1673.82,862.638,862.638,3202.9,36.8422,2337.75
2246,2019-02-25,00:00:00.00,116.458,4461.6,107.05,56.4591,0,0,1611.48,85.7582,0,0,0,140.493,0,0,107.05,107.05,56.4591,56.4591,1537.05,1499.97,1044.07,4917.51,5058,2619.06,2619.06,1673.89,862.893,862.893,3206.78,36.8422,2338.4
2247,2019-02-26,00:00:00.00,122.833,4461.6,107.05,56.493,0,0,1612.43,85.7582,0,0,0,140.515,0,0,107.05,107.05,56.493,56.493,1537.05,1499.97,1044.07,4917.51,5058.03,2619.06,2619.06,1673.89,862.943,862.943,3206.78,36.8422,2338.98
2248,2019-02-27,00:00:00.00,122.833,4461.6,107.05,56.5811,0,0,1614.9,85.7582,0,0,0,140.572,0,0,107.05,107.05,56.5811,56.5811,1537.05,1499.97,1044.07,4917.51,5058.08,2619.06,2619.06,1673.89,862.943,862.943,3206.78,36.8422,2339.5
2249,2019-02-28,00:00:00.00,122.833,4461.6,107.05,56.9199,0,0,1624.39,85.7582,0,0,0,140.79,0,0,107.05,107.05,56.9199,56.9199,1537.05,1499.97,1044.07,4917.51,5058.3,2619.06,2619.06,1673.89,862.943,862.943,3206.78,36.8422,2339.96
2250,2019-03-01,00:00:00.00,122.833,4461.6,107.05,56.9199,0,0,1624.39,85.7582,0,0,0,140.79,0,0,107.05,107.05,56.9199,56.9199,1537.05,1499.97,1044.07,4917.51,5058.3,2619.06,2619.06,1673.89,862.943,862.943,3206.78,36.8422,2340.38
2251,2019-03-02,00:00:00.00,122.833,4461.6,107.05,56.9199,0,0,1624.39,85.7582,0,0,0,140.79,0,0,107.05,107.05,56.9199,56.9199,1537.05,1499.97,1044.07,4917.51,5058.3,2619.06,2619.06,1673.89,862.943,862.943,3206.78,36.8422,2340.74
2252,2019-03-03,00:00:00.00,122.833,4461.6,107.05,57.0893,0,0,1629.13,85.7582,0,0,0,140.9,0,0,107.05,107.05,57.0893,57.0893,1537.05,1499.97,1044.07,4917.51,5058.41,2619.06,2619.06,1673.89,862.943,862.943,3206.78,36.8422,2341.07
2253,2019-03-04,00:00:00.00,122.833,4461.6,107.05,57.1029,0,0,1629.51,85.7582,0,0,0,140.908,0,0,107.05,107.05,57.1029,57.1029,1537.05,1499.97,1044.07,4917.51,5058.42,2619.06,2619.06,1673.89,862.943,862.943,3206.78,36.8422,2341.37
2254,2019-03-05,00:00:00.00,122.833,4461.6,107.05,57.1164,0,0,1629.89,85.7582,0,0,0,140.917,0,0,107.05,107.05,57.1164,57.1164,1537.05,1499.97,1044.07,4917.51,5058.43,2619.06,2619.06,1673.89,862.943,862.943,3206.78,36.8422,2341.63
2255,2019-03-06,00:00:00.00,122.833,4461.6,107.05,57.1571,0,0,1631.03,85.7582,0,0,0,140.943,0,0,107.05,107.05,57.1571,57.1571,1537.05,1499.97,1044.07,4917.51,5058.45,2619.06,2619.06,1673.89,862.943,862.943,3206.78,36.8422,2341.87
2256,2019-03-07,00:00:00.00,122.833,4461.6,107.05,57.1774,0,0,1631.6,85.7582,0,0,0,140.956,0,0,107.05,107.05,57.1774,57.1774,1537.05,1499.97,1044.07,4917.51,5058.47,2619.06,2619.06,1673.89,862.943,862.943,3206.78,36.8422,2342.08
2257,2019-03-08,00:00:00.00,122.833,4461.6,107.05,57.1774,0,0,1631.6,85.7582,0,0,0,140.956,0,0,107.05,107.05,57.1774,57.1774,1537.05,1499.97,1044.07,4917.51,5058.47,2619.06,2619.06,1673.89,862.943,862.943,3206.78,36.8422,2342.26
2258,2019-03-09,00:00:00.00,122.833,4461.6,107.05,57.1774,0,0,1631.6,85.7582,0,0,0,140.956,0,0,107.05,107.05,57.1774,57.1774,1537.05,1499.97,1044.07,4917.51,5058.47,2619.06,2619.06,1673.89,862.943,862.943,3206.78,36.8422,2342.43
2259,2019-03-10,00:00:00.00,122.833,4461.6,107.05,57.1774,0,0,1631.6,85.7582,0,0,0,140.956,0,0,107.05,107.05,57.1774,57.1774,1561.67,1517.9,1044.1,4935.4,5076.36,2619.23,2619.23,1674.05,863.7,863.7,3224.51,36.8422,2344.39
2260,2019-03-11,00:00:00.00,122.833,4462.56,107.075,57.1774,0,0,1631.6,85.7582,0,0,0,140.978,0,0,107.075,107.075,57.1774,57.1774,1586.53,1543.63,1044.16,4962.03,5103.01,2619.38,2619.38,1674.2,864.552,864.552,3250.99,36.8422,2348.87
2261,2019-03-12,00:00:00.00,125.837,4462.56,107.075,57.1774,0,0,1631.6,85.7582,0,0,0,140.978,0,0,107.075,107.075,57.1774,57.1774,1586.53,1543.63,1044.16,4962.03,5103.01,2619.48,2619.48,1674.2,865.051,865.051,3250.99,36.8422,2352.82
2262,2019-03-13,00:00:00.00,128.584,4462.56,107.075,57.1774,0,0,1631.6,85.7582,0,0,0,140.978,0,0,107.075,107.075,57.1774,57.1774,1586.53,1543.63,1044.16,4962.03,5103.01,2619.56,2619.56,1674.2,865.496,865.496,3250.99,36.8422,2356.3
2263,2019-03-14,00:00:00.00,128.665,4462.56,107.075,57.1774,0,0,1631.6,85.7582,0,0,0,140.978,0,0,107.075,107.075,57.1774,57.1774,1586.53,1543.63,1044.16,4962.03,5103.01,2619.67,2619.67,1674.2,866.05,866.05,3250.99,36.8422,2359.35
2264,2019-03-15,00:00:00.00,128.665,4473.18,107.521,57.1774,0,0,1631.6,91.793,0,0,0,141.358,0,0,107.521,107.521,57.1774,57.1774,1604.58,1562.3,1044.25,4991.22,5132.58,2619.7,2619.7,1674.36,866.929,866.929,3280.02,36.8422,2365.08
2265,2019-03-16,00:00:00.00,128.665,4473.18,107.521,57.2113,0,0,1632.55,91.793,0,0,0,141.38,0,0,107.521,107.521,57.2113,57.2113,1620.16,1578.39,1044.29,5007.28,5148.67,2619.85,2619.85,1674.51,867.808,867.808,3295.93,36.8422,2371.79
2266,2019-03-17,00:00:00.00,133.274,4473.18,107.521,57.2452,0,0,1633.5,91.793,0,0,0,141.402,0,0,107.521,107.521,57.2452,57.2452,1620.16,1578.39,1044.29,5007.28,5148.69,2619.87,2619.87,1674.51,868.087,868.087,3295.93,36.8422,2377.77
2267,2019-03-18,00:00:00.00,133.565,4473.18,107.521,57.2452,0,0,1633.5,91.793,0,0,0,141.402,0,0,107.521,107.521,57.2452,57.2452,1620.16,1578.39,1044.29,5007.28,5148.69,2619.87,2619.87,1674.51,868.093,868.093,3295.93,36.8422,2383.1
2268,2019-03-19,00:00:00.00,133.565,4473.18,107.521,57.2858,0,0,1634.64,91.793,0,0,0,141.428,0,0,107.521,107.521,57.2858,57.2858,1620.16,1578.39,1044.29,5007.28,5148.71,2619.87,2619.87,1674.51,868.153,868.153,3295.93,36.8422,2387.86
2269,2019-03-20,00:00:00.00,133.565,4473.18,107.521,57.2858,0,0,1634.64,91.793,0,0,0,141.428,0,0,107.521,107.521,57.2858,57.2858,1620.16,1578.39,1044.29,5007.28,5148.71,2619.93,2619.93,1674.51,868.433,868.433,3295.93,36.8422,2392.08
2270,2019-03-21,00:00:00.00,133.565,4473.18,107.533,57.4936,0,0,1640.46,92.2404,0,0,0,141.572,0,0,107.533,107.533,57.4936,57.4936,1620.16,1578.39,1044.29,5007.28,5148.86,2619.95,2619.95,1674.51,869.097,869.097,3295.93,36.8422,2395.79
2271,2019-03-22,00:00:00.00,133.565,4473.18,107.548,57.4936,0,0,1640.46,92.8148,0,0,0,141.585,0,0,107.548,107.548,57.4936,57.4936,1628.31,1583.01,1044.29,5011.9,5153.48,2620.11,2620.11,1674.56,869.976,869.976,3300.49,36.8422,2399.49
2272,2019-03-23,00:00:00.00,133.565,4473.18,107.548,57.4936,0,0,1640.46,92.8148,0,0,0,141.585,0,0,107.548,107.548,57.4936,57.4936,1629.52,1584.19,1044.3,5013.08,5154.66,2620.28,2620.28,1674.61,870.854,870.854,3301.63,36.8422,2402.82
2273,2019-03-24,00:00:00.00,138.138,4473.18,107.548,57.4936,0,0,1640.46,92.8148,0,0,0,141.585,0,0,107.548,107.548,57.4936,57.4936,1629.52,1584.19,1044.3,5013.08,5154.66,2620.29,2620.29,1674.61,870.914,870.914,3301.63,36.8422,2405.79
2274,2019-03-25,00:00:00.00,138.138,4473.18,107.548,57.4936,0,0,1640.46,92.8148,0,0,0,141.585,0,0,107.548,107.548,57.4936,57.4936,1629.52,1584.19,1044.3,5013.08,5154.66,2620.41,2620.41,1674.61,871.524,871.524,3301.63,36.8422,2408.38
2275,2019-03-26,00:00:00.00,138.138,4473.18,107.548,57.4936,0,0,1640.46,92.8148,0,0,0,141.585,0,0,107.548,107.548,57.4936,57.4936,1629.52,1584.19,1044.3,5013.08,5154.66,2620.5,2620.5,1674.61,871.968,871.968,3301.63,36.8422,2410.65
2276,2019-03-27,00:00:00.00,138.138,4473.18,107.548,57.4936,0,0,1640.46,92.8148,0,0,0,141.585,0,0,107.548,107.548,57.4936,57.4936,1629.52,1584.19,1044.3,5013.08,5154.66,2620.58,2620.58,1674.61,872.413,872.413,3301.63,36.8422,2412.63
2277,2019-03-28,00:00:00.00,138.138,4473.18,107.573,57.4951,0,0,1640.5,93.727,0,0,0,141.607,0,0,107.573,107.573,57.4951,57.4951,1635.17,1586.45,1044.3,5015.34,5156.94,2620.73,2620.73,1674.67,873.292,873.292,3303.83,36.8422,2414.54
2278,2019-03-29,00:00:00.00,138.138,4473.52,107.583,57.4951,0,0,1640.5,93.7776,0,0,0,141.616,0,0,107.583,107.583,57.4951,57.4951,1648.27,1599.38,1044.32,5028.57,5170.18,2620.89,2620.89,1674.83,874.17,874.17,3316.9,36.8422,2417.54
2279,2019-03-30,00:00:00.00,138.138,4488.83,107.993,57.4951,0,0,1640.5,93.7776,0,0,0,141.965,0,0,107.993,107.993,57.4951,57.4951,1679.35,1631.54,1044.53,5075.84,5217.8,2620.93,2620.93,1675.05,874.96,874.96,3360.81,39.9837,2424.82
2280,2019-03-31,00:00:00.00,138.138,4501.85,108.341,57.8001,0,0,1649.04,93.7776,0,0,0,142.459,0,0,108.341,108.341,57.8001,57.8001,1686.65,1638.8,1044.61,5096.04,5238.5,2620.96,2620.96,1675.22,875.839,875.839,3380.84,39.9837,2433.36
2281,2019-04-01,00:00:00.00,141.112,4501.85,108.341,57.8001,0,0,1649.04,93.7776,0,0,0,142.459,0,0,108.341,108.341,57.8001,57.8001,1686.65,1638.8,1044.61,5096.04,5238.5,2621.04,2621.04,1675.22,876.283,876.283,3380.84,39.9837,2440.95
2282,2019-04-02,00:00:00.00,141.63,4501.85,108.341,57.8136,0,0,1649.42,93.7776,0,0,0,142.468,0,0,108.341,108.341,57.8136,57.8136,1686.65,1638.8,1044.61,5096.04,5238.51,2621.04,2621.04,1675.22,876.283,876.283,3380.84,39.9837,2447.72
2283,2019-04-03,00:00:00.00,141.63,4501.85,108.341,57.8136,0,0,1649.42,93.7776,0,0,0,142.468,0,0,108.341,108.341,57.8136,57.8136,1687.98,1638.8,1044.61,5096.04,5238.51,2621.04,2621.04,1675.22,876.283,876.283,3380.84,39.9837,2453.78
2284,2019-04-04,00:00:00.00,141.63,4501.85,108.341,57.8136,0,0,1649.42,93.7776,0,0,0,142.468,0,0,108.341,108.341,57.8136,57.8136,1698.63,1647.98,1044.62,5105.21,5247.68,2621.04,2621.04,1675.25,876.283,876.283,3389.98,39.9837,2460.16
2285,2019-04-05,00:00:00.00,142.186,4501.85,108.343,57.8182,0,0,1649.55,93.8404,0,0,0,142.472,0,0,108.343,108.343,57.8182,57.8182,1698.63,1647.98,1044.62,5105.21,5247.68,2621.04,2621.04,1675.25,876.283,876.283,3389.98,39.9837,2465.87
2286,2019-04-06,00:00:00.00,142.254,4501.85,108.357,57.8404,0,0,1650.17,94.3579,0,0,0,142.498,0,0,108.357,108.357,57.8404,57.8404,1698.63,1647.98,1044.62,5105.21,5247.71,2621.04,2621.04,1675.25,876.283,876.283,3389.98,39.9837,2470.96
2287,2019-04-07,00:00:00.00,142.254,4501.85,108.357,57.8404,0,0,1650.17,94.3579,0,0,0,142.498,0,0,108.357,108.357,57.8404,57.8404,1733.38,1683.43,1044.68,5140.6,5283.1,2621.36,2621.36,1675.45,877.9,877.9,3425.17,39.9837,2479.09
2288,2019-04-08,00:00:00.00,142.254,4513.53,108.669,57.8404,0,0,1650.17,94.3579,0,0,0,142.765,0,0,108.669,108.669,57.8404,57.8404,1766.14,1717.33,1044.82,5186.04,5328.81,2623.64,2623.64,1676,880.553,880.553,3468.61,41.4114,2490.7
2289,2019-04-09,00:00:00.00,142.254,4514.11,108.685,57.8404,0,0,1650.17,94.3579,0,0,0,142.778,0,0,108.685,108.685,57.8404,57.8404,1769.23,1720.52,1044.89,5189.74,5332.52,2626.28,2626.28,1676.68,883.206,883.206,3471.64,41.4114,2501.12
2290,2019-04-10,00:00:00.00,142.254,4514.11,108.685,57.8404,0,0,1650.17,94.3579,0,0,0,142.778,0,0,108.685,108.685,57.8404,57.8404,1770.81,1722.17,1044.94,5191.34,5334.12,2627.23,2627.23,1676.84,884.16,884.16,3473.09,41.4114,2510.47
2291,2019-04-11,00:00:00.00,142.254,4514.11,108.685,57.8404,0,0,1650.17,94.3579,0,0,0,142.778,0,0,108.685,108.685,57.8404,57.8404,1771.52,1722.9,1044.95,5192.05,5334.83,2627.23,2627.23,1676.97,884.16,884.16,3473.67,41.4114,2518.9
2292,2019-04-12,00:00:00.00,142.254,4514.11,108.685,57.8404,0,0,1650.17,94.3579,0,0,0,142.778,0,0,108.685,108.685,57.8404,57.8404,1771.78,1723.16,1044.96,5192.31,5335.09,2627.23,2627.23,1677.07,884.16,884.16,3473.83,41.4114,2526.44
2293,2019-04-13,00:00:00.00,142.254,4516.98,108.762,57.8404,0,0,1650.17,94.3579,0,0,0,142.843,0,0,108.762,108.762,57.8404,57.8404,1774.04,1725.5,1045.07,5197.41,5340.26,2629.27,2629.27,1678.33,886.275,886.275,3477.67,41.4114,2533.36
2294,2019-04-14,00:00:00.00,142.254,4518.13,108.792,57.8404,0,0,1650.17,94.3579,0,0,0,142.87,0,0,108.792,108.792,57.8404,57.8404,1775.85,1727.38,1045.14,5200.37,5343.24,2630.52,2630.52,1679.41,887.56,887.56,3479.55,41.4114,2539.61
2295,2019-04-15,00:00:00.00,142.254,4532.36,109.173,57.8652,0,0,1650.87,94.3579,0,0,0,143.21,0,0,109.173,109.173,57.8652,57.8652,1776.82,1728.35,1045.58,5215.13,5358.34,2630.52,2630.52,1680.37,887.56,887.56,3493.35,41.4114,2546.66
2296,2019-04-16,00:00:00.00,142.254,4532.36,109.173,57.8652,0,0,1650.87,94.3579,0,0,0,143.21,0,0,109.173,109.173,57.8652,57.8652,1778.01,1729.59,1045.6,5216.35,5359.56,2630.65,2630.65,1680.45,887.685,887.685,3494.49,41.4114,2553.07
2297,2019-04-17,00:00:00.00,142.254,4534.38,109.227,57.8954,0,0,1651.71,94.3579,0,0,0,143.276,0,0,109.227,109.227,57.8954,57.8954,1778.92,1730.5,1045.66,5219.22,5362.5,2630.65,2630.65,1681.22,887.685,887.685,3496.59,41.4114,2559.02
2298,2019-04-18,00:00:00.00,142.254,4534.76,109.237,57.8954,0,0,1651.71,94.3579,0,0,0,143.285,0,0,109.237,109.237,57.8954,57.8954,1780.88,1732.53,1045.69,5221.61,5364.89,2632.09,2632.09,1681.63,889.136,889.136,3498.56,41.4114,2564.39
2299,2019-04-19,00:00:00.00,142.254,4545.48,109.524,57.8954,0,0,1651.71,94.3579,0,0,0,143.529,0,0,109.524,109.524,57.8954,57.8954,1785.03,1736.82,1045.99,5236.32,5379.85,2634.45,2634.45,1682.84,891.789,891.789,3512.07,41.4114,2570.34
2300,2019-04-20,00:00:00.00,142.254,4560.03,109.914,57.8954,0,0,1651.71,94.3579,0,0,0,143.861,0,0,109.914,109.914,57.8954,57.8954,1788.06,1739.96,1046.43,5253.56,5397.42,2636.72,2636.72,1684.15,894.442,894.442,3528,41.4114,2577.08
2301,2019-04-21,00:00:00.00,142.254,4571.9,110.231,57.8954,0,0,1651.71,94.3579,0,0,0,144.132,0,0,110.231,110.231,57.8954,57.8954,1789.87,1741.83,1046.81,5266.92,5411.05,2637.63,2637.63,1685.32,895.561,895.561,3540.19,41.4114,2584.27
2302,2019-04-22,00:00:00.00,142.254,4572.09,110.237,57.8954,0,0,1651.71,94.3579,0,0,0,144.136,0,0,110.237,110.237,57.8954,57.8954,1793.03,1745.1,1046.84,5270.35,5414.49,2640.27,2640.27,1685.59,898.214,898.214,3543.35,41.4114,2590.76
2303,2019-04-23,00:00:00.00,142.254,4572.09,110.237,57.8954,0,0,1651.71,94.3579,0,0,0,144.136,0,0,110.237,110.237,57.8954,57.8954,1793.97,1746.07,1046.85,5271.31,5415.45,2642.93,2642.93,1685.7,900.867,900.867,3544.2,41.4114,2596.36
2304,2019-04-24,00:00:00.00,142.254,4579.18,110.426,57.8954,0,0,1651.71,94.3579,0,0,0,144.298,0,0,110.426,110.426,57.8954,57.8954,1793.97,1746.07,1047.23,5278.02,5422.32,2645.39,2645.39,1687.95,903.52,903.52,3548.66,41.4114,2601.56
2305,2019-04-25,00:00:00.00,142.254,4579.18,110.426,57.8954,0,0,1651.71,94.3579,0,0,0,144.298,0,0,110.426,110.426,57.8954,57.8954,1793.97,1746.07,1047.23,5278.02,5422.32,2647.67,2647.67,1687.95,905.8,905.8,3548.66,41.4114,2605.96
2306,2019-04-26,00:00:00.00,142.254,4598.33,110.932,57.8954,0,0,1651.71,94.3579,0,0,0,144.735,0,0,110.932,110.932,57.8954,57.8954,1793.97,1746.07,1048.46,5295.94,5440.67,2649.86,2649.86,1690.38,908.453,908.453,3564.14,41.4114,2611.26
2307,2019-04-27,00:00:00.00,142.254,4601.97,111.029,57.8954,0,0,1651.71,94.3579,0,0,0,144.818,0,0,111.029,111.029,57.8954,57.8954,1793.97,1746.07,1048.67,5299.37,5444.19,2652.04,2652.04,1692.73,910.734,910.734,3565.23,41.4114,2615.86
2308,2019-04-28,00:00:00.00,142.254,4602.54,111.045,57.8954,0,0,1651.71,94.3579,0,0,0,144.831,0,0,111.045,111.045,57.8954,57.8954,1793.97,1746.07,1048.7,5299.91,5444.75,2652.04,2652.04,1693.27,910.734,910.734,3565.23,41.4114,2619.98
2309,2019-04-29,00:00:00.00,142.254,4602.54,111.045,57.8954,0,0,1651.71,94.3579,0,0,0,144.831,0,0,111.045,111.045,57.8954,57.8954,1793.97,1746.07,1048.7,5299.91,5444.75,2652.67,2652.67,1693.27,911.356,911.356,3565.23,41.4114,2623.59
2310,2019-04-30,00:00:00.00,142.254,4607.52,111.178,57.8954,0,0,1651.71,94.3579,0,0,0,144.945,0,0,111.178,111.178,57.8954,57.8954,1793.97,1746.07,1048.97,5304.62,5449.56,2652.67,2652.67,1695.14,911.356,911.356,3568.07,41.4114,2627.12
2311,2019-05-01,00:00:00.00,142.254,4619.01,111.485,57.8954,0,0,1651.71,94.3579,0,0,0,145.207,0,0,111.485,111.485,57.8954,57.8954,1793.97,1746.07,1049.47,5315.61,5460.82,2653.29,2653.29,1696.69,912.144,912.144,3577.51,41.4114,2631.2
2312,2019-05-02,00:00:00.00,142.254,4622.74,111.585,57.8954,0,0,1651.71,94.3579,0,0,0,145.292,0,0,111.585,111.585,57.8954,57.8954,1793.97,1746.07,1049.6,5319.21,5464.5,2653.29,2653.29,1697.92,912.144,912.144,3579.88,41.4114,2635.09
2313,2019-05-03,00:00:00.00,142.254,4634.32,111.895,57.8954,0,0,1651.71,94.3579,0,0,0,145.556,0,0,111.895,111.895,57.8954,57.8954,1793.97,1746.07,1049.93,5330.47,5476.02,2653.29,2653.29,1698.86,912.144,912.144,3590.19,41.4114,2639.67
2314,2019-05-04,00:00:00.00,142.254,4645.81,112.203,57.8954,0,0,1651.71,94.3579,0,0,0,145.818,0,0,112.203,112.203,57.8954,57.8954,1793.97,1746.07,1050.18,5341.71,5487.53,2653.29,2653.29,1699.59,912.144,912.144,3600.71,41.4114,2644.88
2315,2019-05-05,00:00:00.00,142.254,4645.81,112.203,57.8954,0,0,1651.71,94.3579,0,0,0,145.818,0,0,112.203,112.203,57.8954,57.8954,1793.97,1746.07,1050.18,5341.71,5487.53,2653.29,2653.29,1699.59,912.144,912.144,3600.71,41.4114,2649.53
2316,2019-05-06,00:00:00.00,142.254,4645.81,112.203,57.8954,0,0,1651.71,94.3579,0,0,0,145.818,0,0,112.203,112.203,57.8954,57.8954,1793.97,1746.07,1050.18,5341.71,5487.53,2654.02,2654.02,1699.59,912.868,912.868,3600.71,41.4114,2653.61
2317,2019-05-07,00:00:00.00,142.254,4646.19,112.213,57.8954,0,0,1651.71,94.3579,0,0,0,145.827,0,0,112.213,112.213,57.8954,57.8954,1793.97,1746.07,1050.18,5342.08,5487.91,2655.43,2655.43,1699.96,914.29,914.29,3600.71,41.4114,2657.11
2318,2019-05-08,00:00:00.00,142.254,4646.19,112.213,57.8954,0,0,1651.71,94.3579,0,0,0,145.827,0,0,112.213,112.213,57.8954,57.8954,1793.97,1746.07,1050.18,5342.08,5487.91,2655.43,2655.43,1699.96,914.29,914.29,3600.71,41.4114,2660.23
2319,2019-05-09,00:00:00.00,142.254,4646.19,112.213,57.8954,0,0,1651.71,94.3579,0,0,0,145.827,0,0,112.213,112.213,57.8954,57.8954,1793.97,1746.07,1050.18,5342.08,5487.91,2655.43,2655.43,1699.96,914.29,914.29,3600.71,41.4114,2663.02
2320,2019-05-10,00:00:00.00,142.254,4657.97,112.528,57.8954,0,0,1651.71,94.3579,0,0,0,146.096,0,0,112.528,112.528,57.8954,57.8954,1793.97,1746.07,1050.49,5353.56,5499.65,2655.43,2655.43,1700.82,914.316,914.316,3611.33,41.4114,2666.64
2321,2019-05-11,00:00:00.00,142.254,4657.97,112.528,57.8954,0,0,1651.71,94.3579,0,0,0,146.096,0,0,112.528,112.528,57.8954,57.8954,1793.97,1746.07,1050.49,5353.56,5499.65,2655.43,2655.43,1700.82,914.316,914.316,3611.33,41.4114,2669.88
2322,2019-05-12,00:00:00.00,142.254,4658.74,112.548,57.8954,0,0,1651.71,94.3579,0,0,0,146.113,0,0,112.548,112.548,57.8954,57.8954,1793.97,1746.07,1050.5,5354.31,5500.42,2655.43,2655.43,1701.51,914.316,914.316,3611.38,41.4114,2672.78
2323,2019-05-13,00:00:00.00,142.254,4666.87,112.766,57.8954,0,0,1651.71,94.3579,0,0,0,146.299,0,0,112.766,112.766,57.8954,57.8954,1793.97,1746.07,1050.63,5362.32,5508.62,2655.43,2655.43,1702.06,914.316,914.316,3618.85,41.4114,2676.16
2324,2019-05-14,00:00:00.00,142.254,4674.53,112.971,57.8954,0,0,1651.71,94.3579,0,0,0,146.474,0,0,112.971,112.971,57.8954,57.8954,1793.97,1746.07,1050.72,5369.88,5516.35,2655.43,2655.43,1702.48,914.316,914.316,3625.99,41.4114,2679.94
2325,2019-05-15,00:00:00.00,142.254,4674.72,112.976,57.8954,0,0,1651.71,94.3579,0,0,0,146.478,0,0,112.976,112.976,57.8954,57.8954,1793.97,1746.07,1050.72,5370.07,5516.55,2655.43,2655.43,1702.67,914.316,914.316,3625.99,41.4114,2683.33
2326,2019-05-16,00:00:00.00,142.254,4674.72,112.976,57.8954,0,0,1651.71,94.3579,0,0,0,146.478,0,0,112.976,112.976,57.8954,57.8954,1793.97,1746.07,1050.72,5370.07,5516.55,2655.43,2655.43,1702.67,914.316,914.316,3625.99,41.4114,2686.35
2327,2019-05-17,00:00:00.00,142.254,4676.64,113.028,57.8954,0,0,1651.71,94.3579,0,0,0,146.522,0,0,113.028,113.028,57.8954,57.8954,1793.97,1746.07,1050.74,5371.97,5518.49,2655.45,2655.45,1702.98,914.343,914.343,3627.58,41.4114,2689.21
2328,2019-05-18,00:00:00.00,142.254,4676.64,113.028,57.8954,0,0,1651.71,94.3579,0,0,0,146.522,0,0,113.028,113.028,57.8954,57.8954,1793.97,1746.07,1050.74,5371.97,5518.49,2655.47,2655.47,1702.98,914.369,914.369,3627.58,41.4114,2691.77
2329,2019-05-19,00:00:00.00,142.254,4676.64,113.028,57.8954,0,0,1651.71,94.3579,0,0,0,146.522,0,0,113.028,113.028,57.8954,57.8954,1793.97,1746.07,1050.74,5371.97,5518.49,2655.47,2655.47,1702.98,914.369,914.369,3627.58,41.4114,2694.05
2330,2019-05-20,00:00:00.00,142.254,4681.81,113.166,57.8954,0,0,1651.71,94.3579,0,0,0,146.64,0,0,113.166,113.166,57.8954,57.8954,1793.97,1746.07,1050.78,5377.1,5523.74,2660.92,2660.92,1704.24,919.95,919.95,3631.45,41.4114,2695.91
2331,2019-05-21,00:00:00.00,142.254,4681.81,113.166,57.8954,0,0,1651.71,94.3579,0,0,0,146.64,0,0,113.166,113.166,57.8954,57.8954,1793.97,1746.07,1050.78,5377.1,5523.74,2663.38,2663.38,1704.24,922.419,922.419,3631.45,41.4114,2697.31
2332,2019-05-22,00:00:00.00,142.254,4681.81,113.166,57.8954,0,0,1651.71,94.3579,0,0,0,146.64,0,0,113.166,113.166,57.8954,57.8954,1793.97,1746.07,1050.78,5377.1,5523.74,2663.38,2663.38,1704.24,922.419,922.419,3631.45,41.4114,2698.56
2333,2019-05-23,00:00:00.00,142.254,4682.19,113.176,57.8954,0,0,1651.71,94.3579,0,0,0,146.648,0,0,113.176,113.176,57.8954,57.8954,1793.97,1746.07,1050.79,5377.47,5524.12,2663.38,2663.38,1704.61,922.419,922.419,3631.45,41.4114,2699.67
2334,2019-05-24,00:00:00.00,142.254,4685.25,113.258,57.8954,0,0,1651.71,94.3579,0,0,0,146.718,0,0,113.258,113.258,57.8954,57.8954,1793.97,1746.07,1050.92,5380.41,5527.13,2668.56,2668.56,1706.96,927.677,927.677,3632.03,41.4114,2700.17
2335,2019-05-25,00:00:00.00,142.254,4692.53,113.453,57.8954,0,0,1651.71,94.3579,0,0,0,146.884,0,0,113.453,113.453,57.8954,57.8954,1793.97,1746.07,1051.31,5387.29,5534.17,2671.88,2671.88,1709.42,931.188,931.188,3636.45,41.4114,2700.72
2336,2019-05-26,00:00:00.00,142.254,4704.97,113.786,57.8954,0,0,1651.71,94.3579,0,0,0,147.168,0,0,113.786,113.786,57.8954,57.8954,1793.97,1746.07,1052.02,5399.03,5546.2,2677.13,2677.13,1712.27,935.739,935.739,3645.34,41.4114,2701.66
2337,2019-05-27,00:00:00.00,142.254,4704.97,113.786,57.8954,0,0,1651.71,94.3579,0,0,0,147.168,0,0,113.786,113.786,57.8954,57.8954,1793.97,1746.07,1052.02,5399.03,5546.2,2682.71,2682.71,1712.27,941.32,941.32,3645.34,41.4114,2701.91
2338,2019-05-28,00:00:00.00,142.254,4710.14,113.924,57.8954,0,0,1651.71,94.3579,0,0,0,147.286,0,0,113.924,113.924,57.8954,57.8954,1793.97,1746.07,1052.52,5403.7,5550.98,2688.15,2688.15,1716.55,943.429,943.429,3645.74,41.4114,2701.96
2339,2019-05-29,00:00:00.00,142.254,4712.82,113.996,57.8954,0,0,1651.71,94.3579,0,0,0,147.347,0,0,113.996,113.996,57.8954,57.8954,1793.97,1746.07,1052.79,5406.11,5553.45,2688.15,2688.15,1718.96,943.429,943.429,3645.74,41.4114,2701.99
2340,2019-05-30,00:00:00.00,142.254,4713.4,114.011,57.8954,0,0,1651.71,94.3579,0,0,0,147.36,0,0,114.011,114.011,57.8954,57.8954,1793.97,1746.07,1052.84,5406.63,5553.99,2689.21,2689.21,1719.48,943.743,943.743,3645.74,41.4114,2701.99
2341,2019-05-31,00:00:00.00,142.254,4713.4,114.011,57.8954,0,0,1651.71,94.3579,0,0,0,147.36,0,0,114.011,114.011,57.8954,57.8954,1793.97,1746.07,1052.84,5406.63,5553.99,2694.12,2694.12,1719.48,943.743,943.743,3645.74,41.4114,2701.99
2342,2019-06-01,00:00:00.00,142.254,4713.4,114.011,57.8954,0,0,1651.71,94.3579,0,0,0,147.36,0,0,114.011,114.011,57.8954,57.8954,1793.97,1746.07,1052.84,5406.63,5553.99,2697.29,2697.29,1719.48,943.743,943.743,3645.74,41.4114,2701.99
2343,2019-06-02,00:00:00.00,142.254,4715.5,114.068,57.8954,0,0,1651.71,94.3579,0,0,0,147.408,0,0,114.068,114.068,57.8954,57.8954,1793.97,1746.07,1053.12,5408.45,5555.86,2697.57,2697.57,1721.31,943.743,943.743,3645.74,41.4114,2701.99
2344,2019-06-03,00:00:00.00,142.254,4715.5,114.068,57.8954,0,0,1651.71,94.3579,0,0,0,147.408,0,0,114.068,114.068,57.8954,57.8954,1793.97,1746.07,1053.12,5408.45,5555.86,2697.57,2697.57,1721.31,943.743,943.743,3645.74,41.4114,2701.99
2345,2019-06-04,00:00:00.00,142.254,4715.5,114.068,57.8954,0,0,1651.71,94.3579,0,0,0,147.408,0,0,114.068,114.068,57.8954,57.8954,1793.97,1746.07,1053.12,5408.45,5555.86,2697.57,2697.57,1721.31,943.743,943.743,3645.74,41.4114,2701.99
2346,2019-06-05,00:00:00.00,142.254,4715.69,114.073,57.8954,0,0,1651.71,94.3579,0,0,0,147.413,0,0,114.073,114.073,57.8954,57.8954,1793.97,1746.07,1053.15,5408.62,5556.03,2697.57,2697.57,1721.47,943.743,943.743,3645.74,41.4114,2701.99
2347,2019-06-06,00:00:00.00,142.254,4719.33,114.17,57.8954,0,0,1651.71,94.3579,0,0,0,147.496,0,0,114.17,114.17,57.8954,57.8954,1793.97,1746.07,1053.59,5411.81,5559.31,2697.57,2697.57,1724.66,943.743,943.743,3645.74,41.4114,2701.99
2348,2019-06-07,00:00:00.00,142.254,4719.33,114.17,57.8954,0,0,1651.71,94.3579,0,0,0,147.496,0,0,114.17,114.17,57.8954,57.8954,1793.97,1746.07,1053.59,5411.81,5559.31,2702.11,2702.11,1724.66,943.743,943.743,3645.74,41.4114,2701.99
2349,2019-06-08,00:00:00.00,142.254,4719.33,114.17,57.8954,0,0,1651.71,94.3579,0,0,0,147.496,0,0,114.17,114.17,57.8954,57.8954,1793.97,1746.07,1053.59,5411.81,5559.31,2704.79,2704.79,1724.66,943.743,943.743,3645.74,41.4114,2701.99
2350,2019-06-09,00:00:00.00,142.254,4719.33,114.17,57.8954,0,0,1651.71,94.3579,0,0,0,147.496,0,0,114.17,114.17,57.8954,57.8954,1793.97,1746.07,1053.59,5411.81,5559.31,2708.86,2708.86,1724.66,943.743,943.743,3645.74,41.4114,2701.99
2351,2019-06-10,00:00:00.00,142.254,4719.81,114.183,57.8954,0,0,1651.71,94.3579,0,0,0,147.507,0,0,114.183,114.183,57.8954,57.8954,1793.97,1746.07,1053.67,5412.21,5559.72,2714.31,2714.31,1725.06,943.743,943.743,3645.74,41.4114,2701.99
2352,2019-06-11,00:00:00.00,142.254,4728.04,114.403,57.8954,0,0,1651.71,94.3579,0,0,0,147.695,0,0,114.403,114.403,57.8954,57.8954,1793.97,1746.07,1055.31,5418.8,5566.5,2716.3,2716.3,1731.6,943.743,943.743,3645.79,41.4114,2702
2353,2019-06-12,00:00:00.00,142.254,4728.04,114.403,57.8954,0,0,1651.71,94.3579,0,0,0,147.695,0,0,114.403,114.403,57.8954,57.8954,1793.97,1746.07,1055.31,5418.8,5566.5,2716.3,2716.3,1731.6,943.743,943.743,3645.79,41.4114,2702
2354,2019-06-13,00:00:00.00,142.254,4736.08,114.618,57.8954,0,0,1651.71,94.3579,0,0,0,147.878,0,0,114.618,114.618,57.8954,57.8954,1793.97,1746.07,1056.61,5425.55,5573.43,2716.3,2716.3,1736.76,943.743,943.743,3647.38,41.4114,2702.18
2355,2019-06-14,00:00:00.00,142.254,4742.59,114.793,57.8954,0,0,1651.71,94.3579,0,0,0,148.027,0,0,114.793,114.793,57.8954,57.8954,1793.97,1746.07,1057.41,5431.26,5579.29,2716.3,2716.3,1740.81,943.743,943.743,3649.04,41.4114,2702.51
2356,2019-06-15,00:00:00.00,142.254,4743.36,114.813,57.8954,0,0,1651.71,94.3579,0,0,0,148.044,0,0,114.813,114.813,57.8954,57.8954,1793.97,1746.07,1057.48,5431.95,5580,2716.3,2716.3,1741.5,943.743,943.743,3649.04,41.4114,2702.81
2357,2019-06-16,00:00:00.00,142.254,4743.74,114.823,57.8954,0,0,1651.71,94.3579,0,0,0,148.053,0,0,114.823,114.823,57.8954,57.8954,1793.97,1746.07,1057.51,5432.3,5580.35,2716.3,2716.3,1741.85,943.743,943.743,3649.04,41.4114,2703.07
2358,2019-06-17,00:00:00.00,142.254,4743.74,114.823,57.8954,0,0,1651.71,94.3579,0,0,0,148.053,0,0,114.823,114.823,57.8954,57.8954,1793.97,1746.07,1057.51,5432.3,5580.35,2716.3,2716.3,1741.85,943.743,943.743,3649.04,41.4114,2703.31
2359,2019-06-18,00:00:00.00,142.254,4743.74,114.823,57.8954,0,0,1651.71,94.3579,0,0,0,148.053,0,0,114.823,114.823,57.8954,57.8954,1793.97,1746.07,1057.51,5432.3,5580.35,2717.11,2717.11,1741.85,944.553,944.553,3649.04,41.4114,2703.44
2360,2019-06-19,00:00:00.00,142.254,4743.74,114.823,57.8954,0,0,1651.71,94.3579,0,0,0,148.053,0,0,114.823,114.823,57.8954,57.8954,1793.97,1746.07,1057.51,5432.3,5580.35,2723.05,2723.05,1741.85,945.607,945.607,3649.04,41.4114,2703.44
2361,2019-06-20,00:00:00.00,142.254,4744.51,114.844,57.8954,0,0,1651.71,94.3579,0,0,0,148.07,0,0,114.844,114.844,57.8954,57.8954,1793.97,1746.07,1057.61,5432.97,5581.04,2729.9,2729.9,1742.51,945.607,945.607,3649.04,41.4114,2703.44
2362,2019-06-21,00:00:00.00,142.254,4751.4,115.028,57.8954,0,0,1651.71,94.3579,0,0,0,148.227,0,0,115.028,115.028,57.8954,57.8954,1793.97,1746.07,1058.73,5438.74,5586.97,2733.78,2733.78,1748.28,945.607,945.607,3649.05,41.4114,2703.44
2363,2019-06-22,00:00:00.00,142.254,4751.4,115.028,57.8954,0,0,1651.71,94.3579,0,0,0,148.227,0,0,115.028,115.028,57.8954,57.8954,1793.97,1746.07,1058.73,5438.74,5586.97,2734.59,2734.59,1748.28,945.608,945.608,3649.05,41.4114,2703.44
2364,2019-06-23,00:00:00.00,142.254,4751.4,115.028,57.8954,0,0,1651.71,94.3579,0,0,0,148.227,0,0,115.028,115.028,57.8954,57.8954,1793.97,1746.07,1058.73,5438.74,5586.97,2736.34,2736.34,1748.28,945.608,945.608,3649.05,41.4114,2703.44
2365,2019-06-24,00:00:00.00,142.254,4751.4,115.028,57.8954,0,0,1651.71,94.3579,0,0,0,148.227,0,0,115.028,115.028,57.8954,57.8954,1793.97,1746.07,1058.73,5438.74,5586.97,2740.87,2740.87,1748.28,945.608,945.608,3649.05,41.4114,2703.44
2366,2019-06-25,00:00:00.00,142.254,4761.74,115.305,57.8954,0,0,1651.71,94.3579,0,0,0,148.463,0,0,115.305,115.305,57.8954,57.8954,1793.97,1746.07,1060.68,5447.13,5595.6,2747.46,2747.46,1755.37,945.608,945.608,3650.35,41.4114,2703.58
2367,2019-06-26,00:00:00.00,142.254,4761.74,115.305,57.8954,0,0,1651.71,94.3579,0,0,0,148.463,0,0,115.305,115.305,57.8954,57.8954,1793.97,1746.07,1060.68,5447.13,5595.6,2754.8,2754.8,1755.37,946.771,946.771,3650.35,41.4114,2703.58
2368,2019-06-27,00:00:00.00,142.254,4761.74,115.305,57.8954,0,0,1651.71,94.3579,0,0,0,148.463,0,0,115.305,115.305,57.8954,57.8954,1793.97,1746.07,1060.68,5447.13,5595.6,2762.25,2762.25,1755.37,946.771,946.771,3650.35,41.4114,2703.58
2369,2019-06-28,00:00:00.00,142.254,4761.74,115.305,57.8954,0,0,1651.71,94.3579,0,0,0,148.463,0,0,115.305,115.305,57.8954,57.8954,1793.97,1746.07,1060.68,5447.13,5595.6,2769.5,2769.5,1755.37,946.771,946.771,3650.35,41.4114,2703.58
2370,2019-06-29,00:00:00.00,142.254,4771.89,115.577,57.8954,0,0,1651.71,94.3579,0,0,0,148.695,0,0,115.577,115.577,57.8954,57.8954,1793.97,1746.07,1063.93,5454.03,5602.72,2775.97,2775.97,1762.27,946.771,946.771,3650.35,41.4114,2703.58
2371,2019-06-30,00:00:00.00,142.254,4771.89,115.577,57.8954,0,0,1651.71,94.3579,0,0,0,148.695,0,0,115.577,115.577,57.8954,57.8954,1793.97,1746.07,1063.93,5454.03,5602.72,2782.74,2782.74,1762.27,946.771,946.771,3650.35,41.4114,2703.58
2372,2019-07-01,00:00:00.00,142.254,4771.89,115.577,57.8954,0,0,1651.71,94.3579,0,0,0,148.695,0,0,115.577,115.577,57.8954,57.8954,1793.97,1746.07,1063.93,5454.03,5602.72,2787.04,2787.04,1762.27,946.771,946.771,3650.35,41.4114,2703.58
2373,2019-07-02,00:00:00.00,142.254,4771.89,115.577,57.8954,0,0,1651.71,94.3579,0,0,0,148.695,0,0,115.577,115.577,57.8954,57.8954,1793.97,1746.07,1063.93,5454.03,5602.72,2788.43,2788.43,1762.27,946.771,946.771,3650.35,41.4114,2703.58
2374,2019-07-03,00:00:00.00,142.254,4774.38,115.643,57.8954,0,0,1651.71,94.3579,0,0,0,148.752,0,0,115.643,115.643,57.8954,57.8954,1793.97,1746.07,1064.9,5455.55,5604.3,2790.11,2790.11,1763.79,946.771,946.771,3650.35,41.4114,2703.58
2375,2019-07-04,00:00:00.00,142.254,4774.38,115.643,57.8954,0,0,1651.71,94.3579,0,0,0,148.752,0,0,115.643,115.643,57.8954,57.8954,1793.97,1746.07,1064.9,5455.55,5604.3,2795.68,2795.68,1763.79,946.771,946.771,3650.35,41.4114,2703.58
2376,2019-07-05,00:00:00.00,142.254,4774.38,115.643,57.8954,0,0,1651.71,94.3579,0,0,0,148.752,0,0,115.643,115.643,57.8954,57.8954,1793.97,1746.07,1064.9,5455.55,5604.3,2800.44,2800.44,1763.79,946.771,946.771,3650.35,41.4114,2703.58
2377,2019-07-06,00:00:00.00,142.254,4774.38,115.643,57.8954,0,0,1651.71,94.3579,0,0,0,148.752,0,0,115.643,115.643,57.8954,57.8954,1793.97,1746.07,1064.9,5455.55,5604.3,2804.52,2804.52,1763.79,946.771,946.771,3650.35,41.4114,2703.58
2378,2019-07-07,00:00:00.00,142.254,4774.38,115.643,57.8954,0,0,1651.71,94.3579,0,0,0,148.752,0,0,115.643,115.643,57.8954,57.8954,1793.97,1746.07,1064.9,5455.55,5604.3,2808.01,2808.01,1763.79,946.771,946.771,3650.35,41.4114,2703.58
2379,2019-07-08,00:00:00.00,142.254,4774.38,115.643,57.8954,0,0,1651.71,94.3579,0,0,0,148.752,0,0,115.643,115.643,57.8954,57.8954,1793.97,1746.07,1064.9,5455.55,5604.3,2809.68,2809.68,1763.79,946.771,946.771,3650.35,41.4114,2703.58
2380,2019-07-09,00:00:00.00,142.254,4774.38,115.643,57.8954,0,0,1651.71,94.3579,0,0,0,148.752,0,0,115.643,115.643,57.8954,57.8954,1793.97,1746.07,1064.9,5455.55,5604.3,2810.53,2810.53,1763.79,946.771,946.771,3650.35,41.4114,2703.58
2381,2019-07-10,00:00:00.00,142.254,4774.38,115.643,57.8954,0,0,1651.71,94.3579,0,0,0,148.752,0,0,115.643,115.643,57.8954,57.8954,1793.97,1746.07,1064.9,5455.55,5604.3,2811.5,2811.5,1763.79,946.771,946.771,3650.35,41.4114,2703.58
2382,2019-07-11,00:00:00.00,142.254,4778.2,115.746,57.8954,0,0,1651.71,94.3579,0,0,0,148.839,0,0,115.746,115.746,57.8954,57.8954,1793.97,1746.07,1067.15,5457.13,5605.97,2814.26,2814.26,1765.37,946.771,946.771,3650.35,41.4114,2703.58
2383,2019-07-12,00:00:00.00,142.254,4778.2,115.746,57.8954,0,0,1651.71,94.3579,0,0,0,148.839,0,0,115.746,115.746,57.8954,57.8954,1793.97,1746.07,1067.15,5457.13,5605.97,2816.88,2816.88,1765.37,946.771,946.771,3650.35,41.4114,2703.58
2384,2019-07-13,00:00:00.00,142.254,4778.2,115.746,57.8954,0,0,1651.71,94.3579,0,0,0,148.839,0,0,115.746,115.746,57.8954,57.8954,1793.97,1746.07,1067.15,5457.13,5605.97,2816.88,2816.88,1765.37,946.771,946.771,3650.35,41.4114,2703.58
2385,2019-07-14,00:00:00.00,142.254,4778.2,115.746,57.8954,0,0,1651.71,94.3579,0,0,0,148.839,0,0,115.746,115.746,57.8954,57.8954,1793.97,1746.07,1067.15,5457.13,5605.97,2818,2818,1765.37,946.771,946.771,3650.35,41.4114,2703.58
2386,2019-07-15,00:00:00.00,142.254,4778.2,115.746,57.8954,0,0,1651.71,94.3579,0,0,0,148.839,0,0,115.746,115.746,57.8954,57.8954,1793.97,1746.07,1067.15,5457.13,5605.97,2818.39,2818.39,1765.37,946.771,946.771,3650.35,41.4114,2703.58
2387,2019-07-16,00:00:00.00,142.254,4779.74,115.787,57.8954,0,0,1651.71,94.3579,0,0,0,148.874,0,0,115.787,115.787,57.8954,57.8954,1793.97,1746.07,1068.11,5457.7,5606.57,2818.91,2818.91,1765.94,946.771,946.771,3650.35,41.4114,2703.58
2388,2019-07-17,00:00:00.00,142.254,4784.14,115.905,57.8954,0,0,1651.71,94.3579,0,0,0,148.974,0,0,115.905,115.905,57.8954,57.8954,1793.97,1746.07,1070.81,5459.41,5608.38,2821.28,2821.28,1767.65,946.771,946.771,3650.35,41.4114,2703.58
2389,2019-07-18,00:00:00.00,142.254,4786.05,115.956,57.8954,0,0,1651.71,94.3579,0,0,0,149.018,0,0,115.956,115.956,57.8954,57.8954,1793.97,1746.07,1071.93,5460.2,5609.21,2823.91,2823.91,1768.44,946.771,946.771,3650.35,41.4114,2703.58
2390,2019-07-19,00:00:00.00,142.254,4786.05,115.956,57.8954,0,0,1651.71,94.3579,0,0,0,149.018,0,0,115.956,115.956,57.8954,57.8954,1793.97,1746.07,1071.93,5460.2,5609.21,2826.28,2826.28,1768.44,946.771,946.771,3650.35,41.4114,2703.58
2391,2019-07-20,00:00:00.00,142.254,4786.05,115.956,57.8954,0,0,1651.71,94.3579,0,0,0,149.018,0,0,115.956,115.956,57.8954,57.8954,1793.97,1746.07,1071.93,5460.2,5609.21,2828.32,2828.32,1768.44,946.771,946.771,3650.35,41.4114,2703.58
2392,2019-07-21,00:00:00.00,142.254,4793.71,116.161,57.8954,0,0,1651.71,94.3579,0,0,0,149.193,0,0,116.161,116.161,57.8954,57.8954,1793.97,1746.07,1076.94,5462.85,5612.04,2830.72,2830.72,1771.09,946.771,946.771,3650.35,41.4114,2703.58
2393,2019-07-22,00:00:00.00,142.254,4793.71,116.161,57.8954,0,0,1651.71,94.3579,0,0,0,149.193,0,0,116.161,116.161,57.8954,57.8954,1793.97,1746.07,1076.94,5462.85,5612.04,2833.22,2833.22,1771.09,946.771,946.771,3650.35,41.4114,2703.58
2394,2019-07-23,00:00:00.00,142.254,4794.86,116.191,57.8954,0,0,1651.71,94.3579,0,0,0,149.219,0,0,116.191,116.191,57.8954,57.8954,1793.97,1746.07,1077.65,5463.29,5612.51,2834.04,2834.04,1771.53,946.771,946.771,3650.35,41.4114,2703.58
2395,2019-07-24,00:00:00.00,142.254,4794.86,116.191,57.8954,0,0,1651.71,94.3579,0,0,0,149.219,0,0,116.191,116.191,57.8954,57.8954,1793.97,1746.07,1077.65,5463.29,5612.51,2834.04,2834.04,1771.53,946.771,946.771,3650.35,41.4114,2703.58
2396,2019-07-25,00:00:00.00,142.254,4794.86,116.191,57.8954,0,0,1651.71,94.3579,0,0,0,149.219,0,0,116.191,116.191,57.8954,57.8954,1793.97,1746.07,1077.65,5463.29,5612.51,2834.3,2834.3,1771.53,946.771,946.771,3650.35,41.4114,2703.58
2397,2019-07-26,00:00:00.00,142.254,4794.86,116.191,57.8954,0,0,1651.71,94.3579,0,0,0,149.219,0,0,116.191,116.191,57.8954,57.8954,1793.97,1746.07,1077.65,5463.29,5612.51,2835.1,2835.1,1771.53,946.771,946.771,3650.35,41.4114,2703.58
2398,2019-07-27,00:00:00.00,142.254,4794.86,116.191,57.8954,0,0,1651.71,94.3579,0,0,0,149.219,0,0,116.191,116.191,57.8954,57.8954,1793.97,1746.07,1077.65,5463.29,5612.51,2836.62,2836.62,1771.53,946.771,946.771,3650.35,41.4114,2703.58
2399,2019-07-28,00:00:00.00,142.254,4794.86,116.191,57.8954,0,0,1651.71,94.3579,0,0,0,149.219,0,0,116.191,116.191,57.8954,57.8954,1793.97,1746.07,1077.65,5463.29,5612.51,2837.97,2837.97,1771.53,946.771,946.771,3650.35,41.4114,2703.58
2400,2019-07-29,00:00:00.00,142.254,4794.86,116.191,57.8954,0,0,1651.71,94.3579,0,0,0,149.219,0,0,116.191,116.191,57.8954,57.8954,1793.97,1746.07,1077.65,5463.29,5612.51,2839.59,2839.59,1771.53,946.771,946.771,3650.35,41.4114,2703.58
2401,2019-07-30,00:00:00.00,142.254,4806.35,116.499,57.8954,0,0,1651.71,94.3579,0,0,0,149.481,0,0,116.499,116.499,57.8954,57.8954,1793.97,1746.07,1085.58,5466.85,5616.33,2842.03,2842.03,1775.09,946.771,946.771,3650.35,41.4114,2703.58
2402,2019-07-31,00:00:00.00,142.254,4806.35,116.499,57.8954,0,0,1651.71,94.3579,0,0,0,149.481,0,0,116.499,116.499,57.8954,57.8954,1793.97,1746.07,1085.58,5466.85,5616.33,2844.72,2844.72,1775.09,946.771,946.771,3650.35,41.4114,2703.58
2403,2019-08-01,00:00:00.00,142.254,4806.35,116.499,57.8954,0,0,1651.71,94.3579,0,0,0,149.481,0,0,116.499,116.499,57.8954,57.8954,1793.97,1746.07,1085.58,5466.85,5616.33,2845,2845,1775.09,946.771,946.771,3650.35,41.4114,2703.58
2404,2019-08-02,00:00:00.00,142.254,4806.35,116.499,57.8954,0,0,1651.71,94.3579,0,0,0,149.481,0,0,116.499,116.499,57.8954,57.8954,1793.97,1746.07,1085.58,5466.85,5616.33,2845.47,2845.47,1775.09,946.771,946.771,3650.35,41.4114,2703.58
2405,2019-08-03,00:00:00.00,142.254,4806.35,116.499,57.8954,0,0,1651.71,94.3579,0,0,0,149.481,0,0,116.499,116.499,57.8954,57.8954,1793.97,1746.07,1085.58,5466.85,5616.33,2846.63,2846.63,1775.09,946.771,946.771,3650.35,41.4114,2703.58
2406,2019-08-04,00:00:00.00,142.254,4806.35,116.499,57.8954,0,0,1651.71,94.3579,0,0,0,149.481,0,0,116.499,116.499,57.8954,57.8954,1793.97,1746.07,1085.58,5466.85,5616.33,2848.03,2848.03,1775.09,946.771,946.771,3650.35,41.4114,2703.58
2407,2019-08-05,00:00:00.00,142.254,4806.35,116.499,57.8954,0,0,1651.71,94.3579,0,0,0,149.481,0,0,116.499,116.499,57.8954,57.8954,1793.97,1746.07,1085.58,5466.85,5616.33,2849.38,2849.38,1775.09,946.771,946.771,3650.35,41.4114,2703.58
2408,2019-08-06,00:00:00.00,142.254,4808.84,116.565,57.8954,0,0,1651.71,94.3579,0,0,0,149.538,0,0,116.565,116.565,57.8954,57.8954,1793.97,1746.07,1087.23,5467.68,5617.22,2850.75,2850.75,1775.92,946.771,946.771,3650.35,41.4114,2703.58
2409,2019-08-07,00:00:00.00,142.254,4815.35,116.74,57.8954,0,0,1651.71,94.3579,0,0,0,149.687,0,0,116.74,116.74,57.8954,57.8954,1793.97,1746.07,1091.45,5469.97,5619.65,2852.1,2852.1,1778.21,946.771,946.771,3650.35,41.4114,2703.58
2410,2019-08-08,00:00:00.00,142.254,4815.35,116.74,57.8954,0,0,1651.71,94.3579,0,0,0,149.687,0,0,116.74,116.74,57.8954,57.8954,1793.97,1746.07,1091.45,5469.97,5619.65,2854.12,2854.12,1778.21,946.771,946.771,3650.35,41.4114,2703.58
2411,2019-08-09,00:00:00.00,142.254,4824.92,116.996,57.8954,0,0,1651.71,94.3579,0,0,0,149.905,0,0,116.996,116.996,57.8954,57.8954,1793.97,1746.07,1097.27,5473.73,5623.63,2854.84,2854.84,1781.97,946.771,946.771,3650.35,41.4114,2703.58
2412,2019-08-10,00:00:00.00,142.254,4824.92,116.996,57.8954,0,0,1651.71,94.3579,0,0,0,149.905,0,0,116.996,116.996,57.8954,57.8954,1793.97,1746.07,1097.27,5473.73,5623.63,2855.01,2855.01,1781.97,946.771,946.771,3650.35,41.4114,2703.58
2413,2019-08-11,00:00:00.00,142.254,4824.92,116.996,57.8954,0,0,1651.71,94.3579,0,0,0,149.905,0,0,116.996,116.996,57.8954,57.8954,1793.97,1746.07,1097.27,5473.73,5623.63,2855.01,2855.01,1781.97,946.771,946.771,3650.35,41.4114,2703.58
2414,2019-08-12,00:00:00.00,142.254,4826.83,117.047,57.8954,0,0,1651.71,94.3579,0,0,0,149.949,0,0,117.047,117.047,57.8954,57.8954,1793.97,1746.07,1098.24,5474.66,5624.61,2855.17,2855.17,1782.9,946.771,946.771,3650.35,41.4114,2703.58
2415,2019-08-13,00:00:00.00,142.254,4826.83,117.047,57.8954,0,0,1651.71,94.3579,0,0,0,149.949,0,0,117.047,117.047,57.8954,57.8954,1793.97,1746.07,1098.24,5474.66,5624.61,2856.55,2856.55,1782.9,946.771,946.771,3650.35,41.4114,2703.58
2416,2019-08-14,00:00:00.00,142.254,4826.83,117.047,57.8954,0,0,1651.71,94.3579,0,0,0,149.949,0,0,117.047,117.047,57.8954,57.8954,1793.97,1746.07,1098.24,5474.66,5624.61,2859.19,2859.19,1782.9,946.771,946.771,3650.35,41.4114,2703.58
2417,2019-08-15,00:00:00.00,142.254,4826.83,117.047,57.8954,0,0,1651.71,94.3579,0,0,0,149.949,0,0,117.047,117.047,57.8954,57.8954,1793.97,1746.07,1098.24,5474.66,5624.61,2860.36,2860.36,1782.9,946.771,946.771,3650.35,41.4114,2703.58
2418,2019-08-16,00:00:00.00,142.254,4826.83,117.047,57.8954,0,0,1651.71,94.3579,0,0,0,149.949,0,0,117.047,117.047,57.8954,57.8954,1793.97,1746.07,1098.24,5474.66,5624.61,2860.36,2860.36,1782.9,946.771,946.771,3650.35,41.4114,2703.58
2419,2019-08-17,00:00:00.00,142.254,4845.99,117.553,57.8954,0,0,1651.71,94.3579,0,0,0,150.385,0,0,117.553,117.553,57.8954,57.8954,1793.97,1746.07,1108.71,5483.35,5633.74,2860.36,2860.36,1791.59,946.771,946.771,3650.35,41.4114,2703.58
2420,2019-08-18,00:00:00.00,142.254,4848.09,117.609,57.8954,0,0,1651.71,94.3579,0,0,0,150.433,0,0,117.609,117.609,57.8954,57.8954,1793.97,1746.07,1109.49,5484.68,5635.11,2865.34,2865.34,1792.91,946.776,946.776,3650.35,41.4114,2703.58
2421,2019-08-19,00:00:00.00,142.254,4891.62,118.115,57.8954,0,0,1651.71,94.3579,0,0,0,151.412,0,0,118.115,118.115,57.8954,57.8954,1793.97,1746.07,1126.65,5511.04,5662.45,2871.56,2871.56,1802.51,946.776,946.776,3667.12,41.4114,2705.36
2422,2019-08-20,00:00:00.00,142.254,4891.62,118.115,57.8954,0,0,1651.71,94.3579,0,0,0,151.412,0,0,118.115,118.115,57.8954,57.8954,1793.97,1746.07,1126.65,5511.04,5662.45,2878.34,2878.34,1802.51,953.559,953.559,3667.12,41.4114,2706.24
2423,2019-08-21,00:00:00.00,142.254,4893.54,118.166,57.8954,0,0,1651.71,94.3579,0,0,0,151.456,0,0,118.166,118.166,57.8954,57.8954,1793.97,1746.07,1127.21,5512.4,5663.86,2882.22,2882.22,1803.87,957.783,957.783,3667.12,41.4114,2706.57
2424,2019-08-22,00:00:00.00,142.254,4894.3,118.187,57.8954,0,0,1651.71,94.3579,0,0,0,151.473,0,0,118.187,118.187,57.8954,57.8954,1793.97,1746.07,1127.44,5512.94,5664.41,2888.22,2888.22,1804.41,960.544,960.544,3667.12,41.4114,2706.57
2425,2019-08-23,00:00:00.00,142.254,4894.3,118.187,57.8954,0,0,1651.71,94.3579,0,0,0,151.473,0,0,118.187,118.187,57.8954,57.8954,1793.97,1746.07,1127.44,5512.94,5664.41,2888.53,2888.53,1804.41,960.545,960.545,3667.12,41.4114,2706.57
2426,2019-08-24,00:00:00.00,142.254,4894.3,118.187,57.8954,0,0,1651.71,94.3579,0,0,0,151.473,0,0,118.187,118.187,57.8954,57.8954,1793.97,1746.07,1127.44,5512.94,5664.41,2888.53,2888.53,1804.41,960.545,960.545,3667.12,41.4114,2706.57
2427,2019-08-25,00:00:00.00,142.254,4894.3,118.187,57.8954,0,0,1651.71,94.3579,0,0,0,151.473,0,0,118.187,118.187,57.8954,57.8954,1793.97,1746.07,1127.44,5512.94,5664.41,2888.53,2888.53,1804.41,960.545,960.545,3667.12,41.4114,2706.57
2428,2019-08-26,00:00:00.00,142.254,4894.3,118.187,57.8954,0,0,1651.71,94.3579,0,0,0,151.473,0,0,118.187,118.187,57.8954,57.8954,1793.97,1746.07,1127.44,5512.94,5664.41,2888.53,2888.53,1804.41,960.545,960.545,3667.12,41.4114,2706.57
2429,2019-08-27,00:00:00.00,142.254,4896.98,118.259,57.8954,0,0,1651.71,94.3579,0,0,0,151.534,0,0,118.259,118.259,57.8954,57.8954,1793.97,1746.07,1128.36,5514.69,5666.23,2888.79,2888.79,1806.16,960.546,960.546,3667.12,41.4114,2706.57
2430,2019-08-28,00:00:00.00,142.254,4928.52,118.764,57.8954,0,0,1651.71,94.3579,0,0,0,152.246,0,0,118.764,118.764,57.8954,57.8954,1793.97,1746.07,1138.66,5535.93,5688.18,2888.79,2888.79,1814.27,960.546,960.546,3680.25,41.4114,2707.97
2431,2019-08-29,00:00:00.00,142.254,4928.52,118.764,57.8954,0,0,1651.71,94.3579,0,0,0,152.246,0,0,118.764,118.764,57.8954,57.8954,1793.97,1746.07,1138.66,5535.93,5688.18,2890.46,2890.46,1814.27,962.214,962.214,3680.25,41.4114,2709.04
2432,2019-08-30,00:00:00.00,142.254,4929.09,118.78,57.8954,0,0,1651.71,94.3579,0,0,0,152.259,0,0,118.78,118.78,57.8954,57.8954,1793.97,1746.07,1138.78,5536.39,5688.65,2890.46,2890.46,1814.73,962.214,962.214,3680.25,41.4114,2710
2433,2019-08-31,00:00:00.00,142.254,4929.09,118.78,57.8954,0,0,1651.71,94.3579,0,0,0,152.259,0,0,118.78,118.78,57.8954,57.8954,1793.97,1746.07,1138.78,5536.39,5688.65,2890.46,2890.46,1814.73,962.214,962.214,3680.25,41.4114,2710.86
2434,2019-09-01,00:00:00.00,142.254,4929.09,118.78,57.8954,0,0,1651.71,94.3579,0,0,0,152.259,0,0,118.78,118.78,57.8954,57.8954,1793.97,1746.07,1138.78,5536.39,5688.65,2890.46,2890.46,1814.73,962.214,962.214,3680.25,41.4114,2711.62
2435,2019-09-02,00:00:00.00,142.254,4931.01,118.831,57.8954,0,0,1651.71,94.3579,0,0,0,152.303,0,0,118.831,118.831,57.8954,57.8954,1793.97,1746.07,1139.18,5537.9,5690.21,2890.46,2890.46,1816.24,962.214,962.214,3680.25,41.4114,2712.3
2436,2019-09-03,00:00:00.00,142.254,4931.01,118.831,57.8954,0,0,1651.71,94.3579,0,0,0,152.303,0,0,118.831,118.831,57.8954,57.8954,1793.97,1746.07,1139.18,5537.9,5690.21,2894.25,2894.25,1816.24,966.006,966.006,3680.25,41.4114,2712.51
2437,2019-09-04,00:00:00.00,142.254,4932.35,118.867,57.8954,0,0,1651.71,94.3579,0,0,0,152.334,0,0,118.867,118.867,57.8954,57.8954,1793.97,1746.07,1139.47,5538.95,5691.28,2896.84,2896.84,1817.29,967.737,967.737,3680.25,41.4114,2712.51
2438,2019-09-05,00:00:00.00,142.254,4932.35,118.867,57.8954,0,0,1651.71,94.3579,0,0,0,152.334,0,0,118.867,118.867,57.8954,57.8954,1793.97,1746.07,1139.47,5538.95,5691.28,2897.72,2897.72,1817.29,967.739,967.739,3680.25,41.4114,2712.51
2439,2019-09-06,00:00:00.00,142.254,4932.35,118.867,57.8954,0,0,1651.71,94.3579,0,0,0,152.334,0,0,118.867,118.867,57.8954,57.8954,1793.97,1746.07,1139.47,5538.95,5691.28,2898.31,2898.31,1817.29,967.739,967.739,3680.25,41.4114,2712.51
2440,2019-09-07,00:00:00.00,142.254,4933.78,118.905,57.8954,0,0,1651.71,94.3579,0,0,0,152.366,0,0,118.905,118.905,57.8954,57.8954,1793.97,1746.07,1139.81,5540.05,5692.41,2898.31,2898.31,1818.38,967.739,967.739,3680.25,41.4114,2712.51
2441,2019-09-08,00:00:00.00,142.254,4935.7,118.956,57.8954,0,0,1651.71,94.3579,0,0,0,152.41,0,0,118.956,118.956,57.8954,57.8954,1793.97,1746.07,1140.25,5541.52,5693.93,2900.59,2900.59,1819.86,967.739,967.739,3680.25,41.4114,2712.51
2442,2019-09-09,00:00:00.00,142.254,4935.7,118.956,57.8954,0,0,1651.71,94.3579,0,0,0,152.41,0,0,118.956,118.956,57.8954,57.8954,1793.97,1746.07,1140.25,5541.52,5693.93,2900.59,2900.59,1819.86,967.739,967.739,3680.25,41.4114,2712.51
2443,2019-09-10,00:00:00.00,142.254,4935.7,118.956,57.8954,0,0,1651.71,94.3579,0,0,0,152.41,0,0,118.956,118.956,57.8954,57.8954,1793.97,1746.07,1140.25,5541.52,5693.93,2900.59,2900.59,1819.86,967.739,967.739,3680.25,41.4114,2712.51
2444,2019-09-11,00:00:00.00,142.254,4960.75,119.462,57.8954,0,0,1651.71,94.3579,0,0,0,152.978,0,0,119.462,119.462,57.8954,57.8954,1793.97,1746.07,1146.02,5560.81,5713.78,2902.02,2902.02,1826.51,967.739,967.739,3692.88,41.4114,2713.86
2445,2019-09-12,00:00:00.00,142.254,4965.54,119.59,57.8954,0,0,1651.71,94.3579,0,0,0,153.087,0,0,119.59,119.59,57.8954,57.8954,1793.97,1746.07,1146.79,5564.82,5717.91,2906.55,2906.55,1830.53,972.4,972.4,3692.88,41.4114,2714.56
2446,2019-09-13,00:00:00.00,142.254,4965.73,119.595,57.8954,0,0,1651.71,94.3579,0,0,0,153.092,0,0,119.595,119.595,57.8954,57.8954,1793.97,1746.07,1146.82,5564.98,5718.07,2908.01,2908.01,1830.69,973.862,973.862,3692.88,41.4114,2715.04
2447,2019-09-14,00:00:00.00,142.254,4976.07,119.872,57.8954,0,0,1651.71,94.3579,0,0,0,153.328,0,0,119.872,119.872,57.8954,57.8954,1793.97,1746.07,1148.55,5573.59,5726.92,2908.22,2908.22,1836.01,974.159,974.159,3696.17,41.4114,2715.78
2448,2019-09-15,00:00:00.00,142.254,4976.07,119.872,57.8954,0,0,1651.71,94.3579,0,0,0,153.328,0,0,119.872,119.872,57.8954,57.8954,1793.97,1746.07,1148.55,5573.59,5726.92,2910.27,2910.27,1836.01,976.204,976.204,3696.17,41.4114,2716.23
2449,2019-09-16,00:00:00.00,142.254,4985.06,120.113,57.8954,0,0,1651.71,94.3579,0,0,0,153.533,0,0,120.113,120.113,57.8954,57.8954,1793.97,1746.07,1149.8,5581.34,5734.87,2910.27,2910.27,1840.49,976.204,976.204,3699.44,41.4114,2716.97
2450,2019-09-17,00:00:00.00,142.254,4988.51,120.205,57.8954,0,0,1651.71,94.3579,0,0,0,153.611,0,0,120.205,120.205,57.8954,57.8954,1793.97,1746.07,1150.16,5584.42,5738.03,2910.27,2910.27,1843.57,976.21,976.21,3699.44,41.4114,2717.64
2451,2019-09-18,00:00:00.00,142.254,4988.51,120.205,57.8954,0,0,1651.71,94.3579,0,0,0,153.611,0,0,120.205,120.205,57.8954,57.8954,1793.97,1746.07,1150.16,5584.42,5738.03,2912.9,2912.9,1843.57,978.836,978.836,3699.44,41.4114,2717.95
2452,2019-09-19,00:00:00.00,142.254,4988.51,120.205,57.8954,0,0,1651.71,94.3579,0,0,0,153.611,0,0,120.205,120.205,57.8954,57.8954,1793.97,1746.07,1150.16,5584.42,5738.03,2915.52,2915.52,1843.57,981.113,981.113,3699.44,41.4114,2717.99
2453,2019-09-20,00:00:00.00,142.254,4988.51,120.205,57.8954,0,0,1651.71,94.3579,0,0,0,153.611,0,0,120.205,120.205,57.8954,57.8954,1793.97,1746.07,1150.16,5584.42,5738.03,2918.73,2918.73,1843.57,981.444,981.444,3699.44,41.4114,2717.99
2454,2019-09-21,00:00:00.00,142.254,4988.51,120.205,57.8954,0,0,1651.71,94.3579,0,0,0,153.611,0,0,120.205,120.205,57.8954,57.8954,1793.97,1746.07,1150.16,5584.42,5738.03,2923.39,2923.39,1843.57,981.444,981.444,3699.44,41.4114,2717.99
2455,2019-09-22,00:00:00.00,142.254,4990.62,120.262,57.8954,0,0,1651.71,94.3579,0,0,0,153.66,0,0,120.262,120.262,57.8954,57.8954,1793.97,1746.07,1150.5,5586.19,5739.85,2928,2928,1845.34,981.444,981.444,3699.44,41.4114,2717.99
2456,2019-09-23,00:00:00.00,142.254,4992.15,120.303,57.8954,0,0,1651.71,94.3579,0,0,0,153.694,0,0,120.303,120.303,57.8954,57.8954,1793.97,1746.07,1150.77,5587.45,5741.14,2932.62,2932.62,1846.6,981.444,981.444,3699.44,41.4114,2717.99
2457,2019-09-24,00:00:00.00,142.254,4993.68,120.344,57.8954,0,0,1651.71,94.3579,0,0,0,153.729,0,0,120.344,120.344,57.8954,57.8954,1793.97,1746.07,1151.07,5588.68,5742.41,2937.24,2937.24,1847.83,981.444,981.444,3699.44,41.4114,2717.99
2458,2019-09-25,00:00:00.00,142.254,4993.68,120.344,57.8954,0,0,1651.71,94.3579,0,0,0,153.729,0,0,120.344,120.344,57.8954,57.8954,1793.97,1746.07,1151.07,5588.68,5742.41,2938.12,2938.12,1847.83,981.444,981.444,3699.44,41.4114,2717.99
2459,2019-09-26,00:00:00.00,142.254,4995.21,120.384,57.8954,0,0,1651.71,94.3579,0,0,0,153.764,0,0,120.384,120.384,57.8954,57.8954,1793.97,1746.07,1151.41,5589.87,5743.63,2940.7,2940.7,1849.02,981.444,981.444,3699.44,41.4114,2717.99
2460,2019-09-27,00:00:00.00,142.254,4995.21,120.384,57.8954,0,0,1651.71,94.3579,0,0,0,153.764,0,0,120.384,120.384,57.8954,57.8954,1793.97,1746.07,1151.41,5589.87,5743.63,2942.16,2942.16,1849.02,981.444,981.444,3699.44,41.4114,2717.99
2461,2019-09-28,00:00:00.00,142.254,4998.85,120.482,57.8954,0,0,1651.71,94.3579,0,0,0,153.847,0,0,120.482,120.482,57.8954,57.8954,1793.97,1746.07,1152.28,5592.64,5746.49,2942.16,2942.16,1851.79,981.444,981.444,3699.44,41.4114,2717.99
2462,2019-09-29,00:00:00.00,142.254,5001.72,120.559,57.8954,0,0,1651.71,94.3579,0,0,0,153.913,0,0,120.559,120.559,57.8954,57.8954,1793.97,1746.07,1152.9,5594.89,5748.81,2942.16,2942.16,1854.04,981.444,981.444,3699.44,41.4114,2717.99
2463,2019-09-30,00:00:00.00,142.254,5001.91,120.564,57.8954,0,0,1651.71,94.3579,0,0,0,153.917,0,0,120.564,120.564,57.8954,57.8954,1793.97,1746.07,1152.94,5595.05,5748.97,2942.16,2942.16,1854.2,981.444,981.444,3699.44,41.4114,2717.99
2464,2019-10-01,00:00:00.00,142.254,5001.91,120.564,57.8954,0,0,1651.71,94.3579,0,0,0,153.917,0,0,120.564,120.564,57.8954,57.8954,1793.97,1746.07,1152.94,5595.05,5748.97,2942.16,2942.16,1854.2,981.444,981.444,3699.44,41.4114,2717.99
2465,2019-10-02,00:00:00.00,142.254,5014.84,120.91,57.8954,0,0,1651.71,94.3579,0,0,0,154.212,0,0,120.91,120.91,57.8954,57.8954,1793.97,1746.07,1155.46,5605.45,5759.66,2944.12,2944.12,1860.54,981.444,981.444,3703.5,41.4114,2718.43
2466,2019-10-03,00:00:00.00,142.254,5017.13,120.971,57.8954,0,0,1651.71,94.3579,0,0,0,154.265,0,0,120.971,120.971,57.8954,57.8954,1793.97,1746.07,1155.81,5607.39,5761.66,2946.37,2946.37,1862.48,983.741,983.741,3703.5,41.4114,2718.57
2467,2019-10-04,00:00:00.00,142.254,5019.43,121.033,57.8954,0,0,1651.71,94.3579,0,0,0,154.317,0,0,121.033,121.033,57.8954,57.8954,1793.97,1746.07,1156.16,5609.34,5763.66,2946.39,2946.39,1864.43,983.775,983.775,3703.5,41.4114,2718.69
2468,2019-10-05,00:00:00.00,142.254,5019.43,121.033,57.8954,0,0,1651.71,94.3579,0,0,0,154.317,0,0,121.033,121.033,57.8954,57.8954,1793.97,1746.07,1156.16,5609.34,5763.66,2946.42,2946.42,1864.43,983.807,983.807,3703.5,41.4114,2718.8
2469,2019-10-06,00:00:00.00,142.254,5020.58,121.063,57.8954,0,0,1651.71,94.3579,0,0,0,154.343,0,0,121.063,121.063,57.8954,57.8954,1793.97,1746.07,1156.32,5610.33,5764.67,2946.42,2946.42,1865.42,983.807,983.807,3703.5,41.4114,2718.89
2470,2019-10-07,00:00:00.00,142.254,5020.58,121.063,57.8954,0,0,1651.71,94.3579,0,0,0,154.343,0,0,121.063,121.063,57.8954,57.8954,1793.97,1746.07,1156.32,5610.33,5764.67,2948.62,2948.62,1865.42,984.605,984.605,3703.5,41.4114,2718.89
2471,2019-10-08,00:00:00.00,142.254,5020.58,121.063,57.8954,0,0,1651.71,94.3579,0,0,0,154.343,0,0,121.063,121.063,57.8954,57.8954,1793.97,1746.07,1156.32,5610.33,5764.67,2950.92,2950.92,1865.42,984.605,984.605,3703.5,41.4114,2718.89
2472,2019-10-09,00:00:00.00,142.254,5020.58,121.063,57.8954,0,0,1651.71,94.3579,0,0,0,154.343,0,0,121.063,121.063,57.8954,57.8954,1793.97,1746.07,1156.32,5610.33,5764.67,2952.83,2952.83,1865.42,984.605,984.605,3703.5,41.4114,2718.89
2473,2019-10-10,00:00:00.00,142.254,5020.58,121.063,57.8954,0,0,1651.71,94.3579,0,0,0,154.343,0,0,121.063,121.063,57.8954,57.8954,1793.97,1746.07,1156.32,5610.33,5764.67,2954.88,2954.88,1865.42,984.605,984.605,3703.5,41.4114,2718.89
2474,2019-10-11,00:00:00.00,142.254,5020.58,121.063,57.8954,0,0,1651.71,94.3579,0,0,0,154.343,0,0,121.063,121.063,57.8954,57.8954,1793.97,1746.07,1156.32,5610.33,5764.67,2956.94,2956.94,1865.42,984.605,984.605,3703.5,41.4114,2718.89
2475,2019-10-12,00:00:00.00,142.254,5025.94,121.207,57.8954,0,0,1651.71,94.3579,0,0,0,154.465,0,0,121.207,121.207,57.8954,57.8954,1793.97,1746.07,1157.38,5614.64,5769.1,2959.1,2959.1,1869.73,984.605,984.605,3703.5,41.4114,2718.89
2476,2019-10-13,00:00:00.00,142.254,5025.94,121.207,57.8954,0,0,1651.71,94.3579,0,0,0,154.465,0,0,121.207,121.207,57.8954,57.8954,1793.97,1746.07,1157.38,5614.64,5769.1,2959.71,2959.71,1869.73,984.605,984.605,3703.5,41.4114,2718.89
2477,2019-10-14,00:00:00.00,142.254,5025.94,121.207,57.8954,0,0,1651.71,94.3579,0,0,0,154.465,0,0,121.207,121.207,57.8954,57.8954,1793.97,1746.07,1157.38,5614.64,5769.1,2959.89,2959.89,1869.73,984.605,984.605,3703.5,41.4114,2718.89
2478,2019-10-15,00:00:00.00,142.254,5025.94,121.207,57.8954,0,0,1651.71,94.3579,0,0,0,154.465,0,0,121.207,121.207,57.8954,57.8954,1793.97,1746.07,1157.38,5614.64,5769.1,2959.89,2959.89,1869.73,984.605,984.605,3703.5,41.4114,2718.89
2479,2019-10-16,00:00:00.00,142.254,5033.79,121.417,57.8954,0,0,1651.71,94.3579,0,0,0,154.645,0,0,121.417,121.417,57.8954,57.8954,1793.97,1746.07,1158.8,5621.06,5775.71,2960.26,2960.26,1875.51,984.605,984.605,3704.14,41.4114,2718.96
2480,2019-10-17,00:00:00.00,142.254,5042.41,121.647,57.8954,0,0,1651.71,94.3579,0,0,0,154.841,0,0,121.647,121.647,57.8954,57.8954,1793.97,1746.07,1160.01,5628.47,5783.31,2960.26,2960.26,1880.05,984.605,984.605,3707.02,41.4114,2719.33
2481,2019-10-18,00:00:00.00,142.254,5042.79,121.658,57.8954,0,0,1651.71,94.3579,0,0,0,154.85,0,0,121.658,121.658,57.8954,57.8954,1793.97,1746.07,1160.05,5628.81,5783.66,2960.26,2960.26,1880.39,984.605,984.605,3707.02,41.4114,2719.66
2482,2019-10-19,00:00:00.00,142.254,5042.79,121.658,57.8954,0,0,1651.71,94.3579,0,0,0,154.85,0,0,121.658,121.658,57.8954,57.8954,1793.97,1746.07,1160.05,5628.81,5783.66,2960.26,2960.26,1880.39,984.605,984.605,3707.02,41.4114,2719.95
2483,2019-10-20,00:00:00.00,142.254,5042.79,121.658,57.8954,0,0,1651.71,94.3579,0,0,0,154.85,0,0,121.658,121.658,57.8954,57.8954,1793.97,1746.07,1160.05,5628.81,5783.66,2960.26,2960.26,1880.39,984.605,984.605,3707.02,41.4114,2720.21
2484,2019-10-21,00:00:00.00,142.254,5042.79,121.658,57.8954,0,0,1651.71,94.3579,0,0,0,154.85,0,0,121.658,121.658,57.8954,57.8954,1793.97,1746.07,1160.05,5628.81,5783.66,2961.3,2961.3,1880.39,985.648,985.648,3707.02,41.4114,2720.34
2485,2019-10-22,00:00:00.00,142.254,5052.17,121.909,57.8954,0,0,1651.71,94.3579,0,0,0,155.064,0,0,121.909,121.909,57.8954,57.8954,1793.97,1746.07,1161.08,5637.16,5792.22,2962.67,2962.67,1884.26,986.68,986.68,3711.49,41.4114,2720.81
2486,2019-10-23,00:00:00.00,142.254,5053.13,121.934,57.8954,0,0,1651.71,94.3579,0,0,0,155.086,0,0,121.934,121.934,57.8954,57.8954,1793.97,1746.07,1161.17,5638.03,5793.12,2964.41,2964.41,1885.13,988.444,988.444,3711.49,41.4114,2721.05
2487,2019-10-24,00:00:00.00,142.254,5053.89,121.955,57.8954,0,0,1651.71,94.3579,0,0,0,155.103,0,0,121.955,121.955,57.8954,57.8954,1793.97,1746.07,1161.24,5638.72,5793.83,2964.57,2964.57,1885.83,988.624,988.624,3711.49,41.4114,2721.24
2488,2019-10-25,00:00:00.00,142.254,5053.89,121.955,57.8954,0,0,1651.71,94.3579,0,0,0,155.103,0,0,121.955,121.955,57.8954,57.8954,1793.97,1746.07,1161.24,5638.72,5793.83,2964.9,2964.9,1885.83,988.948,988.948,3711.49,41.4114,2721.38
2489,2019-10-26,00:00:00.00,142.254,5053.89,121.955,57.8954,0,0,1651.71,94.3579,0,0,0,155.103,0,0,121.955,121.955,57.8954,57.8954,1793.97,1746.07,1161.24,5638.72,5793.83,2964.9,2964.9,1885.83,988.948,988.948,3711.49,41.4114,2721.5
2490,2019-10-27,00:00:00.00,142.254,5083.86,122.461,57.8954,0,0,1651.71,94.3579,0,0,0,155.78,0,0,122.461,122.461,57.8954,57.8954,1793.97,1746.07,1164.04,5665.89,5821.67,2964.9,2964.9,1888.55,988.948,988.948,3735.92,41.4114,2724.22
2491,2019-10-28,00:00:00.00,142.254,5088.07,122.573,57.8954,0,0,1651.71,94.3579,0,0,0,155.876,0,0,122.573,122.573,57.8954,57.8954,1793.97,1746.07,1164.31,5669.83,5825.71,2964.9,2964.9,1890.72,988.948,988.948,3737.7,41.4114,2726.83
2492,2019-10-29,00:00:00.00,142.254,5088.07,122.573,57.8954,0,0,1651.71,94.3579,0,0,0,155.876,0,0,122.573,122.573,57.8954,57.8954,1793.97,1746.07,1164.31,5669.83,5825.71,2965.65,2965.65,1890.72,989.704,989.704,3737.7,41.4114,2729.09
2493,2019-10-30,00:00:00.00,142.254,5088.45,122.584,57.8954,0,0,1651.71,94.3579,0,0,0,155.885,0,0,122.584,122.584,57.8954,57.8954,1793.97,1746.07,1164.33,5670.2,5826.08,2965.82,2965.82,1891.08,989.885,989.885,3737.7,41.4114,2731.08
2494,2019-10-31,00:00:00.00,142.254,5109.96,123.089,57.8954,0,0,1651.71,94.3579,0,0,0,156.374,0,0,123.089,123.089,57.8954,57.8954,1793.97,1746.07,1165.46,5690.57,5846.95,2965.82,2965.82,1892.74,989.885,989.885,3756.42,41.4114,2734.86
2495,2019-11-01,00:00:00.00,142.254,5131.08,123.595,57.9293,0,0,1652.66,94.3579,0,0,0,156.877,0,0,123.595,123.595,57.9293,57.9293,1794.92,1747.02,1166.29,5711.81,5868.69,2965.82,2965.82,1893.93,989.885,989.885,3776.47,41.4114,2740.37
2496,2019-11-02,00:00:00.00,142.254,5131.08,123.595,57.9293,0,0,1652.66,94.3579,0,0,0,156.877,0,0,123.595,123.595,57.9293,57.9293,1794.92,1747.02,1166.29,5711.81,5868.69,2965.91,2965.91,1893.93,989.978,989.978,3776.47,41.4114,2745.29
2497,2019-11-03,00:00:00.00,142.254,5131.85,123.616,57.9971,0,0,1654.56,94.3579,0,0,0,156.938,0,0,123.616,123.616,57.9971,57.9971,1796.82,1748.92,1166.37,5714.4,5871.34,2966.2,2966.2,1894.96,990.323,990.323,3778.03,41.4114,2749.81
2498,2019-11-04,00:00:00.00,142.254,5134.91,123.698,57.9971,0,0,1654.56,94.3579,0,0,0,157.008,0,0,123.698,123.698,57.9971,57.9971,1796.82,1748.92,1166.44,5717.39,5874.4,2966.44,2966.44,1895.83,990.617,990.617,3780.15,41.4114,2754.04
2499,2019-11-05,00:00:00.00,142.254,5136.25,123.734,57.9971,0,0,1654.56,94.3579,0,0,0,157.038,0,0,123.734,123.734,57.9971,57.9971,1796.82,1748.92,1166.47,5718.71,5875.74,2967.15,2967.15,1896.66,991.364,991.364,3780.63,41.4114,2757.79
2500,2019-11-06,00:00:00.00,142.254,5136.25,123.734,57.9971,0,0,1654.56,94.3579,0,0,0,157.038,0,0,123.734,123.734,57.9971,57.9971,1796.82,1748.92,1166.47,5718.71,5875.74,2967.95,2967.95,1896.66,992.169,992.169,3780.63,41.4114,2761.06
2501,2019-11-07,00:00:00.00,142.254,5136.25,123.734,58.1732,0,0,1659.5,94.3579,0,0,0,157.152,0,0,123.734,123.734,58.1732,58.1732,1796.82,1748.92,1166.47,5718.71,5875.86,2967.95,2967.95,1896.66,992.169,992.169,3780.63,41.4114,2763.98
2502,2019-11-08,00:00:00.00,142.254,5136.25,123.734,58.1732,0,0,1659.5,94.3579,0,0,0,157.152,0,0,123.734,123.734,58.1732,58.1732,1796.82,1748.92,1166.47,5718.71,5875.86,2967.95,2967.95,1896.66,992.169,992.169,3780.63,41.4114,2766.59
2503,2019-11-09,00:00:00.00,142.254,5136.25,123.734,58.1732,0,0,1659.5,94.3579,0,0,0,157.152,0,0,123.734,123.734,58.1732,58.1732,1796.82,1748.92,1166.47,5718.71,5875.86,2967.95,2967.95,1896.66,992.169,992.169,3780.63,41.4114,2768.92
2504,2019-11-10,00:00:00.00,142.254,5136.25,123.734,58.1732,0,0,1659.5,94.3579,0,0,0,157.152,0,0,123.734,123.734,58.1732,58.1732,1796.82,1748.92,1166.47,5718.71,5875.86,2967.95,2967.95,1896.66,992.169,992.169,3780.63,41.4114,2771
2505,2019-11-11,00:00:00.00,142.254,5136.25,123.734,58.1993,0,0,1660.23,94.3877,0,0,0,157.17,0,0,123.734,123.734,58.1993,58.1993,1796.82,1748.92,1166.47,5718.71,5875.88,2967.95,2967.95,1896.66,992.169,992.169,3780.63,41.4114,2772.86
2506,2019-11-12,00:00:00.00,142.283,5136.25,123.734,58.6736,0,0,1673.51,94.3877,0,0,0,157.475,0,0,123.734,123.734,58.6736,58.6736,1796.82,1748.92,1166.47,5718.71,5876.18,2967.95,2967.95,1896.66,992.169,992.169,3780.63,41.4114,2774.53
2507,2019-11-13,00:00:00.00,142.283,5136.25,123.734,58.7414,0,0,1675.41,94.3877,0,0,0,157.519,0,0,123.734,123.734,58.7414,58.7414,1796.82,1748.92,1166.47,5718.71,5876.22,2967.95,2967.95,1896.66,992.169,992.169,3780.63,41.4114,2776.01
2508,2019-11-14,00:00:00.00,142.283,5136.25,123.734,58.8091,0,0,1677.31,94.3877,0,0,0,157.563,0,0,123.734,123.734,58.8091,58.8091,1796.82,1748.92,1166.47,5718.71,5876.27,2967.95,2967.95,1896.66,992.169,992.169,3780.63,41.4114,2777.34
2509,2019-11-15,00:00:00.00,142.283,5136.25,123.734,58.8091,0,0,1677.31,94.3877,0,0,0,157.563,0,0,123.734,123.734,58.8091,58.8091,1796.82,1748.92,1166.47,5718.71,5876.27,2967.95,2967.95,1896.66,992.169,992.169,3780.63,41.4114,2778.52
2510,2019-11-16,00:00:00.00,142.283,5136.25,123.734,58.8091,0,0,1677.31,94.3877,0,0,0,157.563,0,0,123.734,123.734,58.8091,58.8091,1796.82,1748.92,1166.47,5718.71,5876.27,2967.95,2967.95,1896.66,992.169,992.169,3780.63,41.4114,2779.58
2511,2019-11-17,00:00:00.00,142.283,5136.25,123.734,58.8091,0,0,1677.31,94.3877,0,0,0,157.563,0,0,123.734,123.734,58.8091,58.8091,1796.82,1748.92,1166.47,5718.71,5876.27,2967.95,2967.95,1896.66,992.169,992.169,3780.63,41.4114,2780.53
2512,2019-11-18,00:00:00.00,142.283,5136.25,123.734,58.843,0,0,1678.26,94.3877,0,0,0,157.585,0,0,123.734,123.734,58.843,58.843,1796.82,1748.92,1166.47,5718.71,5876.29,2967.95,2967.95,1896.66,992.169,992.169,3780.63,41.4114,2781.37
2513,2019-11-19,00:00:00.00,142.283,5136.25,123.734,59.1073,0,0,1685.66,94.3877,0,0,0,157.755,0,0,123.734,123.734,59.1073,59.1073,1796.82,1748.92,1166.47,5718.71,5876.46,2967.95,2967.95,1896.66,992.169,992.169,3780.63,41.4114,2782.13
2514,2019-11-20,00:00:00.00,142.283,5136.25,123.734,59.1073,0,0,1685.66,94.3877,0,0,0,157.755,0,0,123.734,123.734,59.1073,59.1073,1799.08,1750.19,1166.5,5719.94,5877.7,2967.98,2967.98,1897.37,992.313,992.313,3781.16,41.4114,2782.85
2515,2019-11-21,00:00:00.00,142.283,5136.25,123.734,59.1073,0,0,1685.66,94.3877,0,0,0,157.755,0,0,123.734,123.734,59.1073,59.1073,1807.6,1758.99,1166.66,5728.58,5886.34,2968.09,2968.09,1898.05,992.859,992.859,3789.12,41.4114,2784.28
2516,2019-11-22,00:00:00.00,142.283,5144.48,123.955,59.1073,0,0,1685.66,94.3877,0,0,0,157.943,0,0,123.955,123.955,59.1073,59.1073,1816.82,1768.54,1166.93,5746.09,5904.04,2968.11,2968.11,1898.57,993.455,993.455,3806.12,41.4114,2787.3
2517,2019-11-23,00:00:00.00,142.283,5144.82,123.964,59.1158,0,0,1685.9,94.3877,0,0,0,157.956,0,0,123.964,123.964,59.1158,59.1158,1817.49,1769.22,1166.94,5747.09,5905.05,2968.11,2968.11,1898.98,993.498,993.498,3806.7,41.4114,2790.06
2518,2019-11-24,00:00:00.00,142.655,5144.82,123.964,59.1158,0,0,1685.9,94.3877,0,0,0,157.956,0,0,123.964,123.964,59.1158,59.1158,1817.49,1769.22,1166.94,5747.09,5905.05,2968.11,2968.11,1898.98,993.498,993.498,3806.7,41.4114,2792.53
2519,2019-11-25,00:00:00.00,142.655,5144.82,123.964,59.1158,0,0,1685.9,94.3877,0,0,0,157.956,0,0,123.964,123.964,59.1158,59.1158,1817.49,1769.22,1166.94,5747.09,5905.05,2968.11,2968.11,1898.98,993.498,993.498,3806.7,41.4114,2794.73
2520,2019-11-26,00:00:00.00,142.655,5144.82,123.969,59.1158,0,0,1685.9,94.5792,0,0,0,157.96,0,0,123.969,123.969,59.1158,59.1158,1824.92,1776.72,1167.01,5754.53,5912.49,2968.2,2968.2,1899.32,993.994,993.994,3813.8,41.4114,2797.4
2521,2019-11-27,00:00:00.00,142.655,5148.17,124.058,59.1158,0,0,1685.9,94.5792,0,0,0,158.037,0,0,124.058,124.058,59.1158,59.1158,1826.92,1778.78,1167.05,5759.9,5917.93,2968.92,2968.92,1899.72,994.798,994.798,3818.76,41.4114,2800.23
2522,2019-11-28,00:00:00.00,142.655,5162.91,124.453,59.1158,0,0,1685.9,94.5792,0,0,0,158.373,0,0,124.453,124.453,59.1158,59.1158,1827.56,1779.45,1167.19,5775.16,5933.54,2969.54,2969.54,1900.14,995.596,995.596,3833.61,41.4114,2804.26
2523,2019-11-29,00:00:00.00,142.655,5162.91,124.453,59.1158,0,0,1685.9,94.5792,0,0,0,158.373,0,0,124.453,124.453,59.1158,59.1158,1827.64,1779.53,1167.2,5775.24,5933.61,2969.64,2969.64,1900.19,995.689,995.689,3833.64,41.4114,2807.85
2524,2019-11-30,00:00:00.00,142.687,5162.91,124.453,59.1158,0,0,1685.9,94.5792,0,0,0,158.373,0,0,124.453,124.453,59.1158,59.1158,1827.64,1779.53,1167.2,5775.24,5933.61,2969.64,2969.64,1900.19,995.689,995.689,3833.64,41.4114,2811.06
2525,2019-12-01,00:00:00.00,142.687,5162.91,124.453,59.1565,0,0,1687.04,94.5792,0,0,0,158.399,0,0,124.453,124.453,59.1565,59.1565,1827.64,1779.53,1167.2,5775.24,5933.64,2969.64,2969.64,1900.19,995.689,995.689,3833.64,41.4114,2813.92
2526,2019-12-02,00:00:00.00,142.687,5162.91,124.453,59.3801,0,0,1693.3,94.5792,0,0,0,158.543,0,0,124.453,124.453,59.3801,59.3801,1827.64,1779.53,1167.2,5775.24,5933.79,2969.64,2969.64,1900.19,995.689,995.689,3833.64,41.4114,2816.48
2527,2019-12-03,00:00:00.00,142.687,5162.91,124.453,59.3801,0,0,1693.3,94.5792,0,0,0,158.543,0,0,124.453,124.453,59.3801,59.3801,1827.64,1779.53,1167.2,5775.24,5933.79,2969.65,2969.65,1900.19,995.735,995.735,3833.64,41.4114,2818.77
2528,2019-12-04,00:00:00.00,142.687,5162.91,124.453,59.4479,0,0,1695.2,94.5792,0,0,0,158.587,0,0,124.453,124.453,59.4479,59.4479,1827.64,1779.53,1167.2,5775.24,5933.83,2969.65,2969.65,1900.19,995.735,995.735,3833.64,41.4114,2820.8
2529,2019-12-05,00:00:00.00,142.687,5162.91,124.453,59.5834,0,0,1699,94.5792,0,0,0,158.674,0,0,124.453,124.453,59.5834,59.5834,1827.64,1779.53,1167.2,5775.24,5933.92,2969.65,2969.65,1900.19,995.742,995.742,3833.64,41.4114,2822.63
2530,2019-12-06,00:00:00.00,142.687,5162.91,124.453,59.7528,0,0,1703.74,94.5792,0,0,0,158.784,0,0,124.453,124.453,59.7528,59.7528,1827.64,1779.53,1167.2,5775.24,5934.03,2969.65,2969.65,1900.19,995.866,995.866,3833.64,41.4114,2824.24
2531,2019-12-07,00:00:00.00,142.687,5162.91,124.453,59.8273,0,0,1705.83,94.5792,0,0,0,158.832,0,0,124.453,124.453,59.8273,59.8273,1827.64,1779.53,1167.2,5775.24,5934.07,2969.66,2969.66,1900.19,996.011,996.011,3833.64,41.4114,2825.67
2532,2019-12-08,00:00:00.00,142.687,5162.91,124.453,59.8273,0,0,1705.83,94.5792,0,0,0,158.832,0,0,124.453,124.453,59.8273,59.8273,1827.64,1779.53,1167.2,5775.24,5934.07,2969.66,2969.66,1900.19,996.011,996.011,3833.64,41.4114,2826.94
2533,2019-12-09,00:00:00.00,142.687,5162.91,124.453,60.1323,0,0,1714.37,94.5792,0,0,0,159.028,0,0,124.453,124.453,60.1323,60.1323,1827.64,1779.53,1167.2,5775.24,5934.27,2969.66,2969.66,1900.19,996.136,996.136,3833.64,41.4114,2828.07
2534,2019-12-10,00:00:00.00,142.687,5171.65,124.714,60.1323,0,0,1714.37,95.6012,0,0,0,159.251,0,0,124.714,124.714,60.1323,60.1323,1835.2,1787.35,1167.36,5791.64,5950.89,2969.67,2969.67,1900.51,996.451,996.451,3849.72,41.4114,2830.75
2535,2019-12-11,00:00:00.00,143.446,5171.65,124.714,60.1729,0,0,1715.51,95.6012,0,0,0,159.277,0,0,124.714,124.714,60.1729,60.1729,1835.2,1787.35,1167.36,5791.64,5950.92,2969.68,2969.68,1900.51,996.694,996.694,3849.72,41.4114,2833.13
2536,2019-12-12,00:00:00.00,143.446,5171.65,124.714,60.1729,0,0,1715.51,95.6012,0,0,0,159.277,0,0,124.714,124.714,60.1729,60.1729,1835.2,1787.35,1167.36,5791.64,5950.92,2969.68,2969.68,1900.51,996.694,996.694,3849.72,41.4114,2835.25
2537,2019-12-13,00:00:00.00,143.446,5171.65,124.714,60.1729,0,0,1715.51,95.6012,0,0,0,159.277,0,0,124.714,124.714,60.1729,60.1729,1835.2,1787.35,1167.36,5791.64,5950.92,2969.68,2969.68,1900.51,996.694,996.694,3849.72,41.4114,2837.14
2538,2019-12-14,00:00:00.00,143.446,5171.65,124.714,60.1797,0,0,1715.7,95.6012,0,0,0,159.282,0,0,124.714,124.714,60.1797,60.1797,1835.2,1787.35,1167.36,5791.64,5950.92,2969.68,2969.68,1900.51,996.74,996.74,3849.72,41.4114,2838.83
2539,2019-12-15,00:00:00.00,143.446,5171.65,124.714,60.4507,0,0,1723.29,95.6012,0,0,0,159.456,0,0,124.714,124.714,60.4507,60.4507,1835.2,1787.35,1167.36,5791.64,5951.1,2969.69,2969.69,1900.51,996.963,996.963,3849.72,41.4114,2840.31
2540,2019-12-16,00:00:00.00,143.446,5171.65,124.714,60.5185,0,0,1725.19,95.6012,0,0,0,159.5,0,0,124.714,124.714,60.5185,60.5185,1835.2,1787.35,1167.36,5791.64,5951.14,2969.69,2969.69,1900.51,997.029,997.029,3849.72,41.4114,2841.63
2541,2019-12-17,00:00:00.00,143.446,5171.65,124.714,60.5185,0,0,1725.19,95.6012,0,0,0,159.5,0,0,124.714,124.714,60.5185,60.5185,1835.2,1787.35,1167.36,5791.64,5951.14,2969.69,2969.69,1900.51,997.029,997.029,3849.72,41.4114,2842.81
2542,2019-12-18,00:00:00.00,143.446,5171.65,124.714,60.7218,0,0,1730.88,95.6012,0,0,0,159.631,0,0,124.714,124.714,60.7218,60.7218,1835.2,1787.35,1167.36,5791.64,5951.27,2969.69,2969.69,1900.51,997.029,997.029,3849.72,41.4114,2843.86
2543,2019-12-19,00:00:00.00,143.446,5171.65,124.714,60.7557,0,0,1731.83,95.6012,0,0,0,159.653,0,0,124.714,124.714,60.7557,60.7557,1835.2,1787.35,1167.36,5791.64,5951.29,2969.69,2969.69,1900.51,997.029,997.029,3849.72,41.4114,2844.8
2544,2019-12-20,00:00:00.00,143.446,5171.65,124.714,60.8234,0,0,1733.73,95.6012,0,0,0,159.697,0,0,124.714,124.714,60.8234,60.8234,1835.2,1787.35,1167.36,5791.64,5951.34,2969.69,2969.69,1900.51,997.029,997.029,3849.72,41.4114,2845.64
2545,2019-12-21,00:00:00.00,143.446,5171.65,124.714,60.8234,0,0,1733.73,95.6012,0,0,0,159.697,0,0,124.714,124.714,60.8234,60.8234,1835.2,1787.35,1167.36,5791.64,5951.34,2969.69,2969.69,1900.51,997.029,997.029,3849.72,41.4114,2846.39
2546,2019-12-22,00:00:00.00,143.446,5171.65,124.714,60.8234,0,0,1733.73,95.6012,0,0,0,159.697,0,0,124.714,124.714,60.8234,60.8234,1835.2,1787.35,1167.36,5791.64,5951.34,2969.69,2969.69,1900.51,997.029,997.029,3849.72,41.4114,2847.06
2547,2019-12-23,00:00:00.00,143.446,5171.65,124.714,60.8234,0,0,1733.73,95.6012,0,0,0,159.697,0,0,124.714,124.714,60.8234,60.8234,1835.2,1787.35,1167.36,5791.64,5951.34,2969.74,2969.74,1900.51,997.272,997.272,3849.72,41.4114,2847.64
2548,2019-12-24,00:00:00.00,143.446,5171.65,124.714,60.8234,0,0,1733.73,95.6012,0,0,0,159.697,0,0,124.714,124.714,60.8234,60.8234,1839.86,1790.72,1167.39,5794.98,5954.68,2969.8,2969.8,1900.78,997.587,997.587,3852.79,41.4114,2848.44
2549,2019-12-25,00:00:00.00,144.743,5171.65,124.714,60.8234,0,0,1733.73,95.6012,0,0,0,159.697,0,0,124.714,124.714,60.8234,60.8234,1839.86,1790.72,1167.39,5794.98,5954.68,2969.82,2969.82,1900.78,997.692,997.692,3852.79,41.4114,2849.15
2550,2019-12-26,00:00:00.00,144.743,5171.65,124.714,60.8234,0,0,1733.73,95.6012,0,0,0,159.697,0,0,124.714,124.714,60.8234,60.8234,1839.86,1790.72,1167.39,5794.98,5954.68,2969.86,2969.86,1900.78,997.896,997.896,3852.79,41.4114,2849.76
2551,2019-12-27,00:00:00.00,144.743,5171.65,124.724,60.8234,0,0,1733.73,95.9841,0,0,0,159.705,0,0,124.724,124.724,60.8234,60.8234,1845.9,1796.01,1167.42,5800.24,5959.94,2969.91,2969.91,1901.03,998.211,998.211,3857.79,41.4114,2850.81
2552,2019-12-28,00:00:00.00,144.743,5172.03,124.735,60.8234,0,0,1733.73,95.9841,0,0,0,159.714,0,0,124.735,124.735,60.8234,60.8234,1853.99,1804.38,1167.47,5808.95,5968.66,2969.97,2969.97,1901.24,998.526,998.526,3866.3,41.4114,2852.62
2553,2019-12-29,00:00:00.00,144.743,5172.03,124.735,60.8234,0,0,1733.73,95.9841,0,0,0,159.714,0,0,124.735,124.735,60.8234,60.8234,1855.26,1805.7,1167.47,5810.26,5969.97,2970.03,2970.03,1901.41,998.841,998.841,3867.44,41.4114,2854.32
2554,2019-12-30,00:00:00.00,145.549,5172.03,124.735,61.1419,0,0,1742.65,95.9841,0,0,0,159.919,0,0,124.735,124.735,61.1419,61.1419,1855.26,1805.7,1167.47,5810.26,5970.18,2970.04,2970.04,1901.41,999.084,999.084,3867.44,41.4114,2855.81
2555,2019-12-31,00:00:00.00,145.549,5172.03,124.735,61.2639,0,0,1746.07,95.9841,0,0,0,159.998,0,0,124.735,124.735,61.2639,61.2639,1862.04,1811.45,1167.49,5815.99,5975.99,2970.05,2970.05,1901.56,999.399,999.399,3873.02,41.4114,2857.71
2556,2020-01-01,00:00:00.00,146.576,5172.03,124.735,61.3316,0,0,1747.97,95.9841,0,0,0,160.042,0,0,124.735,124.735,61.3316,61.3316,1862.04,1811.45,1167.49,5815.99,5976.03,2970.06,2970.06,1901.56,999.622,999.622,3873.02,41.4114,2859.38
2557,2020-01-02,00:00:00.00,146.576,5172.03,124.735,61.3316,0,0,1747.97,95.9841,0,0,0,160.042,0,0,124.735,124.735,61.3316,61.3316,1862.04,1811.45,1167.49,5815.99,5976.03,2970.09,2970.09,1901.56,999.787,999.787,3873.02,41.4114,2860.86
2558,2020-01-03,00:00:00.00,146.576,5172.03,124.735,61.3316,0,0,1747.97,95.9841,0,0,0,160.042,0,0,124.735,124.735,61.3316,61.3316,1862.04,1811.45,1167.49,5815.99,5976.03,2970.12,2970.12,1901.56,999.952,999.952,3873.02,41.4114,2862.16
2559,2020-01-04,00:00:00.00,146.576,5172.03,124.735,61.3316,0,0,1747.97,95.9841,0,0,0,160.042,0,0,124.735,124.735,61.3316,61.3316,1867.51,1815.98,1167.51,5820.51,5980.55,2970.15,2970.15,1901.68,1000.12,1000.12,3877.41,41.4114,2863.77
2560,2020-01-05,00:00:00.00,147.418,5172.03,124.735,61.3655,0,0,1748.92,95.9841,0,0,0,160.064,0,0,124.735,124.735,61.3655,61.3655,1867.51,1815.98,1167.51,5820.51,5980.57,2970.16,2970.16,1901.68,1000.28,1000.28,3877.41,41.4114,2865.2
2561,2020-01-06,00:00:00.00,147.516,5172.03,124.735,61.6365,0,0,1756.51,95.9841,0,0,0,160.238,0,0,124.735,124.735,61.6365,61.6365,1867.51,1815.98,1167.51,5820.51,5980.75,2970.17,2970.17,1901.68,1000.45,1000.45,3877.41,41.4114,2866.45
2562,2020-01-07,00:00:00.00,147.516,5172.03,124.735,61.6365,0,0,1756.51,95.9841,0,0,0,160.238,0,0,124.735,124.735,61.6365,61.6365,1867.51,1815.98,1167.51,5820.51,5980.75,2970.2,2970.2,1901.68,1000.61,1000.61,3877.41,41.4114,2867.55
2563,2020-01-08,00:00:00.00,147.516,5172.03,124.735,61.8059,0,0,1761.25,95.9841,0,0,0,160.348,0,0,124.735,124.735,61.8059,61.8059,1867.51,1815.98,1167.51,5820.51,5980.86,2970.2,2970.2,1901.68,1000.78,1000.78,3877.41,41.4114,2868.52
2564,2020-01-09,00:00:00.00,147.516,5172.03,124.735,61.8737,0,0,1763.15,95.9841,0,0,0,160.391,0,0,124.735,124.735,61.8737,61.8737,1867.51,1815.98,1167.51,5820.51,5980.9,2970.21,2970.21,1901.68,1000.85,1000.85,3877.41,41.4114,2869.38
2565,2020-01-10,00:00:00.00,147.516,5172.03,124.735,61.8737,0,0,1763.15,95.9841,0,0,0,160.391,0,0,124.735,124.735,61.8737,61.8737,1867.51,1815.98,1167.51,5820.51,5980.9,2970.22,2970.22,1901.68,1000.93,1000.93,3877.41,41.4114,2870.14
2566,2020-01-11,00:00:00.00,147.516,5172.03,124.735,62.5481,0,0,1792.75,95.9841,0,0,0,161.064,0,0,124.735,124.735,62.5481,62.5481,1867.51,1815.98,1167.51,5820.51,5981.57,2970.22,2970.22,1901.68,1001.08,1001.08,3877.41,41.4114,2870.8
2567,2020-01-12,00:00:00.00,147.516,5224.63,125.24,62.6836,0,0,1796.55,98.5114,0,0,0,162.388,0,0,125.24,125.24,62.6836,62.6836,1879,1827.73,1167.72,5884.65,6047.04,2970.23,2970.23,1901.77,1001.22,1001.22,3925.09,57.7908,2876.45
2568,2020-01-13,00:00:00.00,149.776,5224.63,125.24,62.7175,0,0,1797.5,98.5114,0,0,0,162.409,0,0,125.24,125.24,62.7175,62.7175,1879,1827.73,1167.72,5884.65,6047.06,2970.23,2970.23,1901.77,1001.32,1001.32,3925.09,57.7908,2881.49
2569,2020-01-14,00:00:00.00,149.776,5224.63,125.24,62.7175,0,0,1797.5,98.5114,0,0,0,162.409,0,0,125.24,125.24,62.7175,62.7175,1879,1827.73,1167.72,5884.65,6047.06,2970.26,2970.26,1901.77,1001.48,1001.48,3925.09,57.7908,2885.98
2570,2020-01-15,00:00:00.00,149.776,5224.63,125.24,62.7175,0,0,1797.5,98.5114,0,0,0,162.409,0,0,125.24,125.24,62.7175,62.7175,1879,1827.73,1167.72,5884.65,6047.06,2970.29,2970.29,1901.77,1001.65,1001.65,3925.09,57.7908,2889.97
2571,2020-01-16,00:00:00.00,149.776,5224.63,125.24,62.8191,0,0,1800.34,98.5114,0,0,0,162.475,0,0,125.24,125.24,62.8191,62.8191,1879,1827.73,1167.72,5884.65,6047.12,2970.3,2970.3,1901.77,1001.81,1001.81,3925.09,57.7908,2893.52
2572,2020-01-17,00:00:00.00,149.776,5224.63,125.24,62.8869,0,0,1802.24,98.5114,0,0,0,162.519,0,0,125.24,125.24,62.8869,62.8869,1879,1827.73,1167.72,5884.65,6047.17,2970.31,2970.31,1901.77,1001.98,1001.98,3925.09,57.7908,2896.68
2573,2020-01-18,00:00:00.00,149.776,5224.63,125.24,62.9072,0,0,1802.81,98.5114,0,0,0,162.532,0,0,125.24,125.24,62.9072,62.9072,1879,1827.73,1167.72,5884.65,6047.18,2970.31,2970.31,1901.77,1001.98,1001.98,3925.09,57.7908,2899.49
2574,2020-01-19,00:00:00.00,149.776,5224.63,125.24,63.5816,0,0,1823.76,98.5114,0,0,0,163.012,0,0,125.24,125.24,63.5816,63.5816,1879,1827.73,1167.72,5884.65,6047.66,2970.31,2970.31,1901.77,1002,1002,3925.09,57.7908,2902.01
2575,2020-01-20,00:00:00.00,149.776,5224.63,125.24,63.5884,0,0,1823.95,98.5114,0,0,0,163.017,0,0,125.24,125.24,63.5884,63.5884,1879,1827.73,1167.72,5884.65,6047.67,2970.32,2970.32,1901.77,1002.07,1002.07,3925.09,57.7908,2904.25
2576,2020-01-21,00:00:00.00,149.776,5224.63,125.24,63.5884,0,0,1823.95,98.5114,0,0,0,163.017,0,0,125.24,125.24,63.5884,63.5884,1879,1827.73,1167.72,5884.65,6047.67,2970.32,2970.32,1901.77,1002.07,1002.07,3925.09,57.7908,2906.25
2577,2020-01-22,00:00:00.00,149.776,5224.63,125.24,63.5884,0,0,1823.95,98.5114,0,0,0,163.017,0,0,125.24,125.24,63.5884,63.5884,1879,1827.73,1167.72,5884.65,6047.67,2970.32,2970.32,1901.77,1002.07,1002.07,3925.09,57.7908,2908.03
2578,2020-01-23,00:00:00.00,149.776,5224.63,125.24,63.5884,0,0,1823.95,98.5114,0,0,0,163.017,0,0,125.24,125.24,63.5884,63.5884,1879,1827.73,1167.72,5884.65,6047.67,2970.33,2970.33,1901.77,1002.17,1002.17,3925.09,57.7908,2909.62
2579,2020-01-24,00:00:00.00,149.776,5224.63,125.24,63.5884,0,0,1823.95,98.5114,0,0,0,163.017,0,0,125.24,125.24,63.5884,63.5884,1879,1827.73,1167.72,5884.65,6047.67,2970.37,2970.37,1901.77,1002.34,1002.34,3925.09,57.7908,2911.02
2580,2020-01-25,00:00:00.00,149.776,5224.63,125.24,64.0491,0,0,1836.86,98.5114,0,0,0,163.314,0,0,125.24,125.24,64.0491,64.0491,1879,1827.73,1167.72,5884.65,6047.96,2970.37,2970.37,1901.77,1002.5,1002.5,3925.09,57.7908,2912.25
2581,2020-01-26,00:00:00.00,149.776,5224.63,125.254,64.0714,0,0,1837.48,99.0317,0,0,0,163.34,0,0,125.254,125.254,64.0714,64.0714,1879,1827.73,1167.72,5884.65,6047.99,2970.38,2970.38,1901.77,1002.67,1002.67,3925.09,57.7908,2913.34
2582,2020-01-27,00:00:00.00,150.294,5224.63,125.254,64.1391,0,0,1839.38,99.0317,0,0,0,163.384,0,0,125.254,125.254,64.1391,64.1391,1879,1827.73,1167.72,5884.65,6048.03,2970.38,2970.38,1901.77,1002.83,1002.83,3925.09,57.7908,2914.29
2583,2020-01-28,00:00:00.00,150.296,5224.63,125.254,64.1391,0,0,1839.38,99.0317,0,0,0,163.384,0,0,125.254,125.254,64.1391,64.1391,1879,1827.73,1167.72,5884.65,6048.03,2970.42,2970.42,1901.77,1003,1003,3925.09,57.7908,2915.12
2584,2020-01-29,00:00:00.00,150.296,5224.63,125.254,64.1391,0,0,1839.38,99.0317,0,0,0,163.384,0,0,125.254,125.254,64.1391,64.1391,1879,1827.73,1167.72,5884.65,6048.03,2970.45,2970.45,1901.77,1003.16,1003.16,3925.09,57.7908,2915.84
2585,2020-01-30,00:00:00.00,150.296,5224.63,125.254,64.1391,0,0,1839.38,99.0317,0,0,0,163.384,0,0,125.254,125.254,64.1391,64.1391,1879,1827.73,1167.72,5884.65,6048.03,2970.48,2970.48,1901.77,1003.31,1003.31,3925.09,57.7908,2916.48
2586,2020-01-31,00:00:00.00,150.296,5224.63,125.254,64.1391,0,0,1839.38,99.0317,0,0,0,163.384,0,0,125.254,125.254,64.1391,64.1391,1879,1827.73,1167.72,5884.65,6048.03,2970.49,2970.49,1901.77,1003.39,1003.39,3925.09,57.7908,2917.03
2587,2020-02-01,00:00:00.00,150.296,5224.63,125.254,64.1595,0,0,1839.95,99.0317,0,0,0,163.397,0,0,125.254,125.254,64.1595,64.1595,1879,1827.73,1167.72,5884.65,6048.05,2970.5,2970.5,1901.77,1003.5,1003.5,3925.09,57.7908,2917.52
2588,2020-02-02,00:00:00.00,150.296,5224.63,125.254,64.295,0,0,1843.74,99.0317,0,0,0,163.484,0,0,125.254,125.254,64.295,64.295,1879,1827.73,1167.72,5884.65,6048.13,2970.51,2970.51,1901.77,1003.75,1003.75,3925.09,57.7908,2917.93
2589,2020-02-03,00:00:00.00,150.296,5224.63,125.254,64.5322,0,0,1850.39,99.0317,0,0,0,163.637,0,0,125.254,125.254,64.5322,64.5322,1879,1827.73,1167.72,5884.65,6048.29,2970.52,2970.52,1901.77,1004.01,1004.01,3925.09,57.7908,2918.26
2590,2020-02-04,00:00:00.00,150.296,5224.63,125.254,64.5322,0,0,1850.39,99.0317,0,0,0,163.637,0,0,125.254,125.254,64.5322,64.5322,1879,1827.73,1167.72,5884.65,6048.29,2970.56,2970.56,1901.77,1004.26,1004.26,3925.09,57.7908,2918.54
2591,2020-02-05,00:00:00.00,150.296,5224.63,125.254,64.5322,0,0,1850.39,99.0317,0,0,0,163.637,0,0,125.254,125.254,64.5322,64.5322,1879,1827.73,1167.72,5884.65,6048.29,2970.61,2970.61,1901.77,1004.51,1004.51,3925.09,57.7908,2918.75
2592,2020-02-06,00:00:00.00,150.296,5224.63,125.254,64.6338,0,0,1853.23,99.0317,0,0,0,163.702,0,0,125.254,125.254,64.6338,64.6338,1879,1827.73,1167.72,5884.65,6048.35,2970.62,2970.62,1901.77,1004.58,1004.58,3925.09,57.7908,2918.94
2593,2020-02-07,00:00:00.00,150.296,5224.63,125.254,64.7693,0,0,1857.03,99.0317,0,0,0,163.79,0,0,125.254,125.254,64.7693,64.7693,1879,1827.73,1167.72,5884.65,6048.44,2970.62,2970.62,1901.77,1004.62,1004.62,3925.09,57.7908,2919.11
2594,2020-02-08,00:00:00.00,150.296,5224.63,125.254,64.7896,0,0,1857.6,99.0317,0,0,0,163.803,0,0,125.254,125.254,64.7896,64.7896,1879,1827.73,1167.72,5884.65,6048.45,2970.63,2970.63,1901.77,1004.78,1004.78,3925.09,57.7908,2919.23
2595,2020-02-09,00:00:00.00,150.296,5224.63,125.254,64.8913,0,0,1860.45,99.0317,0,0,0,163.868,0,0,125.254,125.254,64.8913,64.8913,1879,1827.73,1167.72,5884.65,6048.52,2970.63,2970.63,1901.77,1004.78,1004.78,3925.09,57.7908,2919.35
2596,2020-02-10,00:00:00.00,150.296,5224.63,125.254,65.2978,0,0,1871.83,99.0317,0,0,0,164.131,0,0,125.254,125.254,65.2978,65.2978,1879,1827.73,1167.72,5884.65,6048.78,2970.63,2970.63,1901.77,1004.78,1004.78,3925.09,57.7908,2919.45
2597,2020-02-11,00:00:00.00,150.296,5224.63,125.254,65.2978,0,0,1871.83,99.0317,0,0,0,164.131,0,0,125.254,125.254,65.2978,65.2978,1879,1827.73,1167.72,5884.65,6048.78,2970.68,2970.68,1901.77,1005.03,1005.03,3925.09,57.7908,2919.52
2598,2020-02-12,00:00:00.00,150.296,5224.63,125.254,65.2978,0,0,1871.83,99.0317,0,0,0,164.131,0,0,125.254,125.254,65.2978,65.2978,1879,1827.73,1167.72,5884.65,6048.78,2970.73,2970.73,1901.77,1005.29,1005.29,3925.09,57.7908,2919.55
2599,2020-02-13,00:00:00.00,150.296,5224.63,125.254,65.3995,0,0,1874.68,99.0317,0,0,0,164.196,0,0,125.254,125.254,65.3995,65.3995,1879,1827.73,1167.72,5884.65,6048.85,2970.74,2970.74,1901.77,1005.52,1005.52,3925.09,57.7908,2919.55
2600,2020-02-14,00:00:00.00,150.296,5224.63,125.254,65.4672,0,0,1876.58,99.0317,0,0,0,164.24,0,0,125.254,125.254,65.4672,65.4672,1879,1827.73,1167.72,5884.65,6048.89,2970.75,2970.75,1901.77,1005.54,1005.54,3925.09,57.7908,2919.55
2601,2020-02-15,00:00:00.00,150.296,5224.63,125.254,65.4672,0,0,1876.58,99.0317,0,0,0,164.24,0,0,125.254,125.254,65.4672,65.4672,1879,1827.73,1167.72,5884.65,6048.89,2970.75,2970.75,1901.77,1005.54,1005.54,3925.09,57.7908,2919.55
2602,2020-02-16,00:00:00.00,150.296,5224.63,125.254,65.5689,0,0,1879.43,99.0317,0,0,0,164.305,0,0,125.254,125.254,65.5689,65.5689,1879,1827.73,1167.72,5884.65,6048.96,2970.75,2970.75,1901.77,1005.54,1005.54,3925.09,57.7908,2919.55
2603,2020-02-17,00:00:00.00,150.296,5224.63,125.254,65.5689,0,0,1879.43,99.0317,0,0,0,164.305,0,0,125.254,125.254,65.5689,65.5689,1879,1827.73,1167.72,5884.65,6048.96,2970.77,2970.77,1901.77,1005.54,1005.54,3925.09,57.7908,2919.55
2604,2020-02-18,00:00:00.00,150.296,5224.63,125.254,65.7383,0,0,1884.17,99.0317,0,0,0,164.414,0,0,125.254,125.254,65.7383,65.7383,1879,1827.73,1167.72,5884.65,6049.06,2970.78,2970.78,1901.77,1005.54,1005.54,3925.09,57.7908,2919.55
2605,2020-02-19,00:00:00.00,150.296,5224.63,125.254,65.7383,0,0,1884.17,99.0317,0,0,0,164.414,0,0,125.254,125.254,65.7383,65.7383,1879,1827.73,1167.72,5884.65,6049.06,2970.83,2970.83,1901.77,1005.54,1005.54,3925.09,57.7908,2919.55
2606,2020-02-20,00:00:00.00,150.296,5224.63,125.254,65.7586,0,0,1884.74,99.0317,0,0,0,164.428,0,0,125.254,125.254,65.7586,65.7586,1879,1827.73,1167.72,5884.65,6049.08,2970.84,2970.84,1901.77,1005.54,1005.54,3925.09,57.7908,2919.55
2607,2020-02-21,00:00:00.00,150.296,5224.63,125.254,65.7586,0,0,1884.74,99.0317,0,0,0,164.428,0,0,125.254,125.254,65.7586,65.7586,1879,1827.73,1167.72,5884.65,6049.08,2970.84,2970.84,1901.77,1005.54,1005.54,3925.09,57.7908,2919.55
2608,2020-02-22,00:00:00.00,150.296,5224.63,125.254,65.7586,0,0,1884.74,99.0317,0,0,0,164.428,0,0,125.254,125.254,65.7586,65.7586,1879,1827.73,1167.72,5884.65,6049.08,2970.84,2970.84,1901.77,1005.54,1005.54,3925.09,57.7908,2919.55
2609,2020-02-23,00:00:00.00,150.296,5224.63,125.254,65.7586,0,0,1884.74,99.0317,0,0,0,164.428,0,0,125.254,125.254,65.7586,65.7586,1879,1827.73,1167.72,5884.65,6049.08,2970.88,2970.88,1901.77,1005.54,1005.54,3925.09,57.7908,2919.55
2610,2020-02-24,00:00:00.00,150.296,5224.63,125.254,65.7586,0,0,1884.74,99.0317,0,0,0,164.428,0,0,125.254,125.254,65.7586,65.7586,1879,1827.73,1167.72,5884.65,6049.08,2970.93,2970.93,1901.77,1005.54,1005.54,3925.09,57.7908,2919.55
2611,2020-02-25,00:00:00.00,150.296,5224.63,125.254,66.1313,0,0,1895.18,99.0317,0,0,0,164.668,0,0,125.254,125.254,66.1313,66.1313,1885.35,1829.08,1167.72,5885.99,6050.66,2970.94,2970.94,1901.85,1005.54,1005.54,3926.35,57.7908,2919.68
2612,2020-02-26,00:00:00.00,150.296,5224.63,125.254,66.2329,0,0,1898.03,99.0317,0,0,0,164.733,0,0,125.254,125.254,66.2329,66.2329,1887.39,1830.99,1167.72,5887.9,6052.63,2970.95,2970.95,1901.92,1005.76,1005.76,3928.19,57.7908,2919.98
2613,2020-02-27,00:00:00.00,154.967,5224.63,125.254,66.4701,0,0,1904.67,99.0317,0,0,0,164.886,0,0,125.254,125.254,66.4701,66.4701,1887.39,1830.99,1167.72,5887.9,6052.79,2970.96,2970.96,1901.92,1005.97,1005.97,3928.19,57.7908,2920.22
2614,2020-02-28,00:00:00.00,155.435,5224.63,125.254,66.5717,0,0,1907.52,99.0317,0,0,0,164.952,0,0,125.254,125.254,66.5717,66.5717,1887.39,1830.99,1167.72,5887.9,6052.85,2970.96,2970.96,1901.92,1006.07,1006.07,3928.19,57.7908,2920.42
2615,2020-02-29,00:00:00.00,155.435,5224.63,125.254,66.7411,0,0,1912.26,99.0317,0,0,0,165.061,0,0,125.254,125.254,66.7411,66.7411,1887.39,1830.99,1167.72,5887.9,6052.96,2970.96,2970.96,1901.92,1006.13,1006.13,3928.19,57.7908,2920.59
2616,2020-03-01,00:00:00.00,155.435,5224.63,125.254,66.7411,0,0,1912.26,99.0317,0,0,0,165.061,0,0,125.254,125.254,66.7411,66.7411,1887.39,1830.99,1167.72,5887.9,6052.96,2970.96,2970.96,1901.92,1006.13,1006.13,3928.19,57.7908,2920.75
2617,2020-03-02,00:00:00.00,155.435,5224.63,125.254,66.7411,0,0,1912.26,99.0317,0,0,0,165.061,0,0,125.254,125.254,66.7411,66.7411,1887.39,1830.99,1167.72,5887.9,6052.96,2970.96,2970.96,1901.92,1006.13,1006.13,3928.19,57.7908,2920.89
2618,2020-03-03,00:00:00.00,155.435,5224.63,125.254,66.7411,0,0,1912.26,99.0317,0,0,0,165.061,0,0,125.254,125.254,66.7411,66.7411,1887.39,1830.99,1167.72,5887.9,6052.96,2971.08,2971.08,1901.92,1006.64,1006.64,3928.19,57.7908,2920.96
2619,2020-03-04,00:00:00.00,155.435,5224.63,125.284,66.7697,0,0,1913.06,100.138,0,0,0,165.105,0,0,125.284,125.284,66.7697,66.7697,1888.41,1830.99,1167.72,5887.9,6053,2971.2,2971.2,1901.92,1007.23,1007.23,3928.19,57.7908,2920.96
2620,2020-03-05,00:00:00.00,155.435,5224.63,125.284,66.7697,0,0,1913.06,100.138,0,0,0,165.105,0,0,125.284,125.284,66.7697,66.7697,1889.43,1830.99,1167.72,5887.9,6053,2971.37,2971.37,1901.92,1007.23,1007.23,3928.19,57.7908,2920.96
2621,2020-03-06,00:00:00.00,158.57,5224.63,125.284,66.8714,0,0,1915.91,100.138,0,0,0,165.17,0,0,125.284,125.284,66.8714,66.8714,1889.43,1830.99,1167.72,5887.9,6053.07,2971.39,2971.39,1901.92,1007.23,1007.23,3928.19,57.7908,2920.96
2622,2020-03-07,00:00:00.00,158.582,5224.63,125.284,66.8714,0,0,1915.91,100.138,0,0,0,165.17,0,0,125.284,125.284,66.8714,66.8714,1889.43,1830.99,1167.72,5887.9,6053.07,2971.44,2971.44,1901.92,1007.23,1007.23,3928.19,57.7908,2920.96
2623,2020-03-08,00:00:00.00,158.582,5224.63,125.284,66.8714,0,0,1915.91,100.138,0,0,0,165.17,0,0,125.284,125.284,66.8714,66.8714,1889.43,1830.99,1167.72,5887.9,6053.07,2971.44,2971.44,1901.92,1007.23,1007.23,3928.19,57.7908,2920.96
2624,2020-03-09,00:00:00.00,158.582,5224.63,125.284,66.8714,0,0,1915.91,100.138,0,0,0,165.17,0,0,125.284,125.284,66.8714,66.8714,1889.43,1830.99,1167.72,5887.9,6053.07,2971.52,2971.52,1901.92,1007.23,1007.23,3928.19,57.7908,2920.96
2625,2020-03-10,00:00:00.00,158.582,5232.95,125.679,66.8714,0,0,1915.91,106.566,0,0,0,165.507,0,0,125.679,125.679,66.8714,66.8714,1916.75,1859.26,1167.91,5924.29,6089.8,2971.55,2971.55,1902.17,1007.23,1007.23,3964.33,57.7908,2924.81
2626,2020-03-11,00:00:00.00,158.582,5236.97,125.786,66.8714,0,0,1915.91,106.566,0,0,0,165.598,0,0,125.786,125.786,66.8714,66.8714,1941.82,1885.19,1168.02,5954.14,6119.74,2971.63,2971.63,1902.37,1008.11,1008.11,3993.98,57.7908,2931.32
2627,2020-03-12,00:00:00.00,160.607,5236.97,125.786,66.8714,0,0,1915.91,106.566,0,0,0,165.598,0,0,125.786,125.786,66.8714,66.8714,1941.82,1885.19,1168.02,5954.14,6119.74,2971.75,2971.75,1902.37,1008.72,1008.72,3993.98,57.7908,2937.06
2628,2020-03-13,00:00:00.00,160.607,5238.89,125.894,66.8714,0,0,1915.91,108.662,0,0,0,165.69,0,0,125.894,125.894,66.8714,66.8714,1948.07,1891.67,1168.05,5962.51,6128.2,2971.82,2971.82,1902.56,1009.59,1009.59,4002.16,57.7908,2942.98
2629,2020-03-14,00:00:00.00,160.607,5238.89,125.894,66.8714,0,0,1915.91,108.662,0,0,0,165.69,0,0,125.894,125.894,66.8714,66.8714,1950.49,1894.17,1168.05,5965.01,6130.7,2971.99,2971.99,1902.75,1010.47,1010.47,4004.47,57.7908,2948.41
2630,2020-03-15,00:00:00.00,163.611,5238.89,125.894,66.8714,0,0,1915.91,108.662,0,0,0,165.69,0,0,125.894,125.894,66.8714,66.8714,1950.49,1894.17,1168.05,5965.01,6130.7,2972.09,2972.09,1902.75,1010.97,1010.97,4004.47,57.7908,2953.22
2631,2020-03-16,00:00:00.00,164.985,5238.89,125.894,66.8714,0,0,1915.91,108.662,0,0,0,165.69,0,0,125.894,125.894,66.8714,66.8714,1950.49,1894.17,1168.05,5965.01,6130.7,2972.18,2972.18,1902.75,1011.42,1011.42,4004.47,57.7908,2957.46
2632,2020-03-17,00:00:00.00,164.985,5238.89,125.894,66.9053,0,0,1916.86,108.662,0,0,0,165.712,0,0,125.894,125.894,66.9053,66.9053,1950.49,1894.17,1168.05,5965.01,6130.72,2972.22,2972.22,1902.75,1011.81,1011.81,4004.47,57.7908,2961.21
2633,2020-03-18,00:00:00.00,164.985,5238.89,125.894,66.9053,0,0,1916.86,108.662,0,0,0,165.712,0,0,125.894,125.894,66.9053,66.9053,1950.49,1894.17,1168.05,5965.01,6130.72,2972.37,2972.37,1902.75,1012.58,1012.58,4004.47,57.7908,2964.48
2634,2020-03-19,00:00:00.00,164.985,5238.89,125.894,66.912,0,0,1917.05,108.662,0,0,0,165.716,0,0,125.894,125.894,66.912,66.912,1950.49,1894.17,1168.05,5965.01,6130.73,2972.46,2972.46,1902.75,1013.08,1013.08,4004.47,57.7908,2967.35
2635,2020-03-20,00:00:00.00,164.985,5239.42,126.022,66.912,0,0,1917.05,112.923,0,0,0,165.825,0,0,126.022,126.022,66.912,66.912,1979.16,1923.52,1168.15,5994.78,6160.61,2972.52,2972.52,1902.98,1013.96,1013.96,4034.01,57.7908,2972.96
2636,2020-03-21,00:00:00.00,164.985,5242.86,126.114,66.912,0,0,1917.05,112.923,0,0,0,165.904,0,0,126.114,126.114,66.912,66.912,2024.72,1970.67,1168.31,6045.22,6211.13,2972.61,2972.61,1903.16,1014.84,1014.84,4077.3,64.7707,2982.5
2637,2020-03-22,00:00:00.00,166.976,5242.86,126.114,66.912,0,0,1917.05,112.923,0,0,0,165.904,0,0,126.114,126.114,66.912,66.912,2024.72,1970.67,1168.31,6045.22,6211.13,2972.61,2972.61,1903.16,1014.84,1014.84,4077.3,64.7707,2991.02
2638,2020-03-23,00:00:00.00,166.976,5242.86,126.114,67.0814,0,0,1921.8,112.923,0,0,0,166.013,0,0,126.114,126.114,67.0814,67.0814,2024.72,1970.67,1168.31,6045.22,6211.24,2972.61,2972.61,1903.16,1014.84,1014.84,4077.3,64.7707,2998.63
2639,2020-03-24,00:00:00.00,166.976,5242.86,126.114,67.2305,0,0,1925.97,112.923,0,0,0,166.109,0,0,126.114,126.114,67.2305,67.2305,2024.72,1970.67,1168.31,6045.22,6211.33,2972.62,2972.62,1903.16,1015.06,1015.06,4077.3,64.7707,3005.41
2640,2020-03-25,00:00:00.00,166.976,5242.86,126.114,67.2305,0,0,1925.97,112.923,0,0,0,166.109,0,0,126.114,126.114,67.2305,67.2305,2038.89,1983.02,1168.32,6057.57,6223.68,2972.79,2972.79,1903.2,1015.94,1015.94,4089.6,64.7707,3012.68
2641,2020-03-26,00:00:00.00,166.976,5242.86,126.114,67.2305,0,0,1925.97,112.923,0,0,0,166.109,0,0,126.114,126.114,67.2305,67.2305,2064.78,2009.75,1168.38,6084.23,6250.34,2972.96,2972.96,1903.38,1016.82,1016.82,4116.07,64.7707,3021.9
2642,2020-03-27,00:00:00.00,166.976,5242.86,126.114,67.2305,0,0,1925.97,112.923,0,0,0,166.109,0,0,126.114,126.114,67.2305,67.2305,2071.33,2016.52,1168.42,6090.97,6257.08,2973.82,2973.82,1903.69,1017.7,1017.7,4122.51,64.7707,3030.74
2643,2020-03-28,00:00:00.00,166.976,5242.86,126.114,67.2305,0,0,1925.97,112.923,0,0,0,166.109,0,0,126.114,126.114,67.2305,67.2305,2072.91,2018.16,1168.45,6092.58,6258.68,2974.7,2974.7,1903.83,1018.58,1018.58,4123.98,64.7707,3038.69
2644,2020-03-29,00:00:00.00,166.976,5257.22,126.498,67.2305,0,0,1925.97,112.923,0,0,0,166.437,0,0,126.498,126.498,67.2305,67.2305,2074.77,2020.09,1168.64,6108.67,6275.11,2975.39,2975.39,1904.3,1019.46,1019.46,4139.6,64.7707,3047.37
2645,2020-03-30,00:00:00.00,166.976,5271.1,126.87,67.2305,0,0,1925.97,112.923,0,0,0,166.754,0,0,126.87,126.87,67.2305,67.2305,2077.71,2023.13,1168.83,6125.4,6292.16,2976.09,2976.09,1904.78,1020.33,1020.33,4155.85,64.7707,3056.76
2646,2020-03-31,00:00:00.00,166.976,5271.3,126.875,67.2305,0,0,1925.97,112.923,0,0,0,166.758,0,0,126.875,126.875,67.2305,67.2305,2079.02,2024.48,1168.85,6126.93,6293.69,2976.96,2976.96,1905.02,1021.21,1021.21,4157.14,64.7707,3065.2
2647,2020-04-01,00:00:00.00,166.976,5272.44,126.906,67.2305,0,0,1925.97,112.923,0,0,0,166.784,0,0,126.906,126.906,67.2305,67.2305,2080.26,2025.77,1168.88,6129.33,6296.12,2977.81,2977.81,1905.68,1022.09,1022.09,4158.88,64.7707,3072.83
2648,2020-04-02,00:00:00.00,166.976,5272.44,126.906,67.2305,0,0,1925.97,112.923,0,0,0,166.784,0,0,126.906,126.906,67.2305,67.2305,2081.76,2027.32,1168.89,6130.87,6297.65,2978.76,2978.76,1905.77,1023.05,1023.05,4160.33,64.7707,3079.69
2649,2020-04-03,00:00:00.00,166.976,5272.44,126.906,67.2305,0,0,1925.97,112.923,0,0,0,166.784,0,0,126.906,126.906,67.2305,67.2305,2083.61,2029.23,1168.92,6132.76,6299.54,2980.38,2980.38,1905.88,1024.66,1024.66,4162.11,64.7707,3085.85
2650,2020-04-04,00:00:00.00,166.976,5272.44,126.906,67.2305,0,0,1925.97,112.923,0,0,0,166.784,0,0,126.906,126.906,67.2305,67.2305,2085.39,2031.07,1168.95,6134.56,6301.35,2981.83,2981.83,1906,1026.11,1026.11,4163.79,64.7707,3091.37
2651,2020-04-05,00:00:00.00,166.976,5272.44,126.906,67.2305,0,0,1925.97,112.923,0,0,0,166.784,0,0,126.906,126.906,67.2305,67.2305,2087.44,2033.19,1168.99,6136.65,6303.43,2983.78,2983.78,1906.15,1028.06,1028.06,4165.72,64.7707,3096.3
2652,2020-04-06,00:00:00.00,166.976,5272.44,126.906,67.2305,0,0,1925.97,112.923,0,0,0,166.784,0,0,126.906,126.906,67.2305,67.2305,2089.33,2035.15,1169.04,6138.56,6305.34,2985.4,2985.4,1906.31,1029.68,1029.68,4167.48,64.7707,3100.72
2653,2020-04-07,00:00:00.00,166.976,5272.44,126.906,67.2305,0,0,1925.97,112.923,0,0,0,166.784,0,0,126.906,126.906,67.2305,67.2305,2091.12,2037,1169.08,6140.37,6307.15,2986.85,2986.85,1906.47,1031.13,1031.13,4169.12,64.7707,3104.7
2654,2020-04-08,00:00:00.00,166.976,5277.04,127.029,67.2305,0,0,1925.97,112.923,0,0,0,166.889,0,0,127.029,127.029,67.2305,67.2305,2092.86,2038.8,1169.39,6146.45,6313.34,2988.84,2988.84,1908.82,1033.24,1033.24,4172.86,64.7707,3108.42
2655,2020-04-09,00:00:00.00,166.976,5285.27,127.249,67.2305,0,0,1925.97,112.923,0,0,0,167.077,0,0,127.249,127.249,67.2305,67.2305,2092.95,2038.89,1169.84,6154.32,6321.4,2990.73,2990.73,1910.99,1035.36,1035.36,4178.56,64.7707,3112.12
2656,2020-04-10,00:00:00.00,166.976,5285.27,127.249,67.2576,0,0,1926.73,112.923,0,0,0,167.094,0,0,127.249,127.249,67.2576,67.2576,2093.71,2039.65,1169.88,6155.04,6322.14,2991,2991,1911.71,1035.65,1035.65,4178.56,64.7707,3115.4
2657,2020-04-11,00:00:00.00,166.976,5285.27,127.249,67.2576,0,0,1926.73,112.923,0,0,0,167.094,0,0,127.249,127.249,67.2576,67.2576,2093.71,2039.65,1169.88,6155.04,6322.14,2991,2991,1911.71,1035.65,1035.65,4178.56,64.7707,3118.33
2658,2020-04-12,00:00:00.00,166.976,5285.27,127.249,67.2576,0,0,1926.73,112.923,0,0,0,167.094,0,0,127.249,127.249,67.2576,67.2576,2093.71,2039.65,1169.88,6155.04,6322.14,2991,2991,1911.71,1035.65,1035.65,4178.56,64.7707,3120.95
2659,2020-04-13,00:00:00.00,166.976,5290.82,127.398,67.2576,0,0,1926.73,112.923,0,0,0,167.221,0,0,127.398,127.398,67.2576,67.2576,2093.71,2039.65,1170.15,6160.33,6327.55,2993.5,2993.5,1913.81,1038.3,1038.3,4181.75,64.7707,3123.35
2660,2020-04-14,00:00:00.00,166.976,5290.82,127.398,67.2576,0,0,1926.73,112.923,0,0,0,167.221,0,0,127.398,127.398,67.2576,67.2576,2093.71,2039.65,1170.15,6160.33,6327.55,2996.15,2996.15,1913.81,1040.96,1040.96,4181.75,64.7707,3125.21
2661,2020-04-15,00:00:00.00,166.976,5290.82,127.398,67.2576,0,0,1926.73,112.923,0,0,0,167.221,0,0,127.398,127.398,67.2576,67.2576,2093.71,2039.65,1170.15,6160.33,6327.55,2996.15,2996.15,1913.81,1040.96,1040.96,4181.75,64.7707,3126.87
2662,2020-04-16,00:00:00.00,166.976,5290.82,127.398,67.2576,0,0,1926.73,112.923,0,0,0,167.221,0,0,127.398,127.398,67.2576,67.2576,2093.71,2039.65,1170.15,6160.33,6327.55,2996.15,2996.15,1913.81,1040.96,1040.96,4181.75,64.7707,3128.35
2663,2020-04-17,00:00:00.00,166.976,5290.82,127.398,67.2576,0,0,1926.73,112.923,0,0,0,167.221,0,0,127.398,127.398,67.2576,67.2576,2093.71,2039.65,1170.15,6160.33,6327.55,2996.15,2996.15,1913.81,1040.96,1040.96,4181.75,64.7707,3129.68
2664,2020-04-18,00:00:00.00,166.976,5290.82,127.398,67.2576,0,0,1926.73,112.923,0,0,0,167.221,0,0,127.398,127.398,67.2576,67.2576,2093.71,2039.65,1170.15,6160.33,6327.55,2996.15,2996.15,1913.81,1040.96,1040.96,4181.75,64.7707,3130.86
2665,2020-04-19,00:00:00.00,166.976,5290.82,127.398,67.2576,0,0,1926.73,112.923,0,0,0,167.221,0,0,127.398,127.398,67.2576,67.2576,2093.71,2039.65,1170.15,6160.33,6327.55,2996.15,2996.15,1913.81,1040.96,1040.96,4181.75,64.7707,3131.92
2666,2020-04-20,00:00:00.00,166.976,5293.12,127.459,67.2576,0,0,1926.73,112.923,0,0,0,167.274,0,0,127.459,127.459,67.2576,67.2576,2093.71,2039.65,1170.29,6162.48,6329.76,2998.75,2998.75,1915.93,1043.61,1043.61,4181.78,64.7707,3132.59
2667,2020-04-21,00:00:00.00,166.976,5294.37,127.492,67.2576,0,0,1926.73,112.923,0,0,0,167.302,0,0,127.492,127.492,67.2576,67.2576,2093.71,2039.65,1170.37,6163.65,6330.95,2998.75,2998.75,1917.1,1043.61,1043.61,4181.78,64.7707,3133.18
2668,2020-04-22,00:00:00.00,166.976,5294.37,127.492,67.2915,0,0,1927.68,112.923,0,0,0,167.324,0,0,127.492,127.492,67.2915,67.2915,2093.71,2039.65,1170.37,6163.65,6330.97,2998.75,2998.75,1917.1,1043.61,1043.61,4181.78,64.7707,3133.71
2669,2020-04-23,00:00:00.00,166.976,5294.37,127.492,67.2915,0,0,1927.68,112.923,0,0,0,167.324,0,0,127.492,127.492,67.2915,67.2915,2093.71,2039.65,1170.37,6163.65,6330.97,2998.75,2998.75,1917.1,1043.61,1043.61,4181.78,64.7707,3134.19
2670,2020-04-24,00:00:00.00,166.976,5294.37,127.492,67.2915,0,0,1927.68,112.923,0,0,0,167.324,0,0,127.492,127.492,67.2915,67.2915,2094.66,2040.6,1170.43,6164.54,6331.86,2998.75,2998.75,1917.99,1043.61,1043.61,4181.78,64.7707,3134.61
2671,2020-04-25,00:00:00.00,166.976,5294.37,127.492,67.2915,0,0,1927.68,112.923,0,0,0,167.324,0,0,127.492,127.492,67.2915,67.2915,2094.66,2040.6,1170.43,6164.54,6331.86,2999.04,2999.04,1917.99,1043.9,1043.9,4181.78,64.7707,3134.96
2672,2020-04-26,00:00:00.00,166.976,5294.37,127.492,67.2915,0,0,1927.68,112.923,0,0,0,167.324,0,0,127.492,127.492,67.2915,67.2915,2094.66,2040.6,1170.43,6164.54,6331.86,3001.15,3001.15,1917.99,1045.6,1045.6,4181.78,64.7707,3135.09
2673,2020-04-27,00:00:00.00,166.976,5294.37,127.492,67.2915,0,0,1927.68,112.923,0,0,0,167.324,0,0,127.492,127.492,67.2915,67.2915,2094.66,2040.6,1170.43,6164.54,6331.86,3003.1,3003.1,1917.99,1045.89,1045.89,4181.78,64.7707,3135.17
2674,2020-04-28,00:00:00.00,166.976,5294.94,127.508,67.2915,0,0,1927.68,112.923,0,0,0,167.337,0,0,127.508,127.508,67.2915,67.2915,2094.66,2040.6,1170.47,6165.07,6332.41,3005.74,3005.74,1918.52,1046.3,1046.3,4181.78,64.7707,3135.21
2675,2020-04-29,00:00:00.00,166.976,5295.13,127.513,67.2915,0,0,1927.68,112.923,0,0,0,167.341,0,0,127.513,127.513,67.2915,67.2915,2094.66,2040.6,1170.49,6165.25,6332.59,3008.39,3008.39,1918.7,1046.57,1046.57,4181.78,64.7707,3135.21
2676,2020-04-30,00:00:00.00,166.976,5303.17,127.728,67.2915,0,0,1927.68,112.923,0,0,0,167.525,0,0,127.728,127.728,67.2915,67.2915,2094.66,2040.6,1171.31,6172.47,6339.99,3010.82,3010.82,1922.5,1046.57,1046.57,4185.2,64.7707,3135.57
2677,2020-05-01,00:00:00.00,166.976,5316.58,128.087,67.2915,0,0,1927.68,112.923,0,0,0,167.831,0,0,128.087,128.087,67.2915,67.2915,2094.66,2040.6,1172.51,6184.67,6352.5,3013.12,3013.12,1925.8,1049.22,1049.22,4194.1,64.7707,3136.56
2678,2020-05-02,00:00:00.00,166.976,5316.58,128.087,67.2915,0,0,1927.68,112.923,0,0,0,167.831,0,0,128.087,128.087,67.2915,67.2915,2094.66,2040.6,1172.51,6184.67,6352.5,3013.12,3013.12,1925.8,1049.22,1049.22,4194.1,64.7707,3137.45
2679,2020-05-03,00:00:00.00,166.976,5318.11,128.128,67.2915,0,0,1927.68,112.923,0,0,0,167.865,0,0,128.128,128.128,67.2915,67.2915,2094.66,2040.6,1172.62,6186.09,6353.95,3013.12,3013.12,1927.21,1049.22,1049.22,4194.1,64.7707,3138.24
2680,2020-05-04,00:00:00.00,166.976,5318.11,128.128,67.2915,0,0,1927.68,112.923,0,0,0,167.865,0,0,128.128,128.128,67.2915,67.2915,2094.66,2040.6,1172.62,6186.09,6353.95,3013.49,3013.49,1927.21,1049.6,1049.6,4194.1,64.7707,3138.91
2681,2020-05-05,00:00:00.00,166.976,5318.11,128.128,67.2915,0,0,1927.68,112.923,0,0,0,167.865,0,0,128.128,128.128,67.2915,67.2915,2094.66,2040.6,1172.62,6186.09,6353.95,3013.49,3013.49,1927.21,1049.6,1049.6,4194.1,64.7707,3139.51
2682,2020-05-06,00:00:00.00,166.976,5318.11,128.128,67.2915,0,0,1927.68,112.923,0,0,0,167.865,0,0,128.128,128.128,67.2915,67.2915,2094.66,2040.6,1172.62,6186.09,6353.95,3013.49,3013.49,1927.21,1049.6,1049.6,4194.1,64.7707,3140.04
2683,2020-05-07,00:00:00.00,166.976,5318.11,128.128,67.2915,0,0,1927.68,112.923,0,0,0,167.865,0,0,128.128,128.128,67.2915,67.2915,2094.66,2040.6,1172.62,6186.09,6353.95,3013.49,3013.49,1927.21,1049.6,1049.6,4194.1,64.7707,3140.51
2684,2020-05-08,00:00:00.00,166.976,5318.11,128.128,67.2915,0,0,1927.68,112.923,0,0,0,167.865,0,0,128.128,128.128,67.2915,67.2915,2094.66,2040.6,1172.62,6186.09,6353.95,3013.49,3013.49,1927.21,1049.6,1049.6,4194.1,64.7707,3140.94
2685,2020-05-09,00:00:00.00,166.976,5318.11,128.128,67.4609,0,0,1932.42,112.923,0,0,0,167.975,0,0,128.128,128.128,67.4609,67.4609,2099.32,2045.27,1172.96,6190.42,6358.39,3013.49,3013.49,1929.62,1049.6,1049.6,4196.02,64.7707,3141.52
2686,2020-05-10,00:00:00.00,166.979,5318.11,128.128,67.5287,0,0,1934.32,112.923,0,0,0,168.018,0,0,128.128,128.128,67.5287,67.5287,2099.32,2045.27,1172.96,6190.42,6358.43,3013.49,3013.49,1929.62,1049.6,1049.6,4196.02,64.7707,3142.05
2687,2020-05-11,00:00:00.00,166.979,5320.53,128.194,67.6981,0,0,1939.07,112.992,0,0,0,168.184,0,0,128.194,128.194,67.6981,67.6981,2106.05,2052.06,1173.47,6199.12,6367.3,3013.49,3013.49,1931.49,1049.6,1049.6,4202.86,64.7707,3143.24
2688,2020-05-12,00:00:00.00,166.979,5320.53,128.194,67.6981,0,0,1939.07,112.992,0,0,0,168.184,0,0,128.194,128.194,67.6981,67.6981,2106.05,2052.06,1173.47,6199.12,6367.3,3013.49,3013.49,1931.49,1049.6,1049.6,4202.86,64.7707,3144.31
2689,2020-05-13,00:00:00.00,166.979,5320.53,128.194,67.6981,0,0,1939.07,112.992,0,0,0,168.184,0,0,128.194,128.194,67.6981,67.6981,2106.05,2052.06,1173.47,6199.12,6367.3,3013.49,3013.49,1931.49,1049.6,1049.6,4202.86,64.7707,3145.26
2690,2020-05-14,00:00:00.00,166.979,5320.53,128.194,67.6981,0,0,1939.07,112.992,0,0,0,168.184,0,0,128.194,128.194,67.6981,67.6981,2106.05,2052.06,1173.47,6199.12,6367.3,3013.49,3013.49,1931.49,1049.6,1049.6,4202.86,64.7707,3146.11
2691,2020-05-15,00:00:00.00,166.979,5323.97,128.287,67.6981,0,0,1939.07,112.992,0,0,0,168.263,0,0,128.287,128.287,67.6981,67.6981,2106.05,2052.06,1173.62,6202.42,6370.68,3013.49,3013.49,1932.98,1049.6,1049.6,4204.67,64.7707,3147.07
2692,2020-05-16,00:00:00.00,166.979,5327.32,128.376,67.6981,0,0,1939.07,112.992,0,0,0,168.339,0,0,128.376,128.376,67.6981,67.6981,2106.05,2052.06,1173.73,6205.65,6373.99,3013.49,3013.49,1934.17,1049.6,1049.6,4206.71,64.7707,3148.14
2693,2020-05-17,00:00:00.00,166.979,5327.32,128.376,67.6981,0,0,1939.07,112.992,0,0,0,168.339,0,0,128.376,128.376,67.6981,67.6981,2106.05,2052.06,1173.73,6205.65,6373.99,3014.91,3014.91,1934.17,1051.02,1051.02,4206.71,64.7707,3148.94
2694,2020-05-18,00:00:00.00,166.979,5344.75,128.842,67.6981,0,0,1939.07,112.992,0,0,0,168.737,0,0,128.842,128.842,67.6981,67.6981,2106.05,2052.06,1174.34,6222.47,6391.21,3014.91,3014.91,1935.29,1051.02,1051.02,4222.41,64.7707,3151.33
2695,2020-05-19,00:00:00.00,166.979,5353.94,129.088,67.6981,0,0,1939.07,112.992,0,0,0,168.947,0,0,129.088,129.088,67.6981,67.6981,2106.05,2052.06,1174.57,6231.42,6400.37,3014.91,3014.91,1936.16,1051.02,1051.02,4230.49,64.7707,3154.33
2696,2020-05-20,00:00:00.00,166.979,5353.94,129.088,67.6981,0,0,1939.07,112.992,0,0,0,168.947,0,0,129.088,129.088,67.6981,67.6981,2106.05,2052.06,1174.57,6231.42,6400.37,3018.08,3018.08,1936.16,1054.19,1054.19,4230.49,64.7707,3156.67
2697,2020-05-21,00:00:00.00,166.979,5353.94,129.088,67.6981,0,0,1939.07,112.992,0,0,0,168.947,0,0,129.088,129.088,67.6981,67.6981,2106.05,2052.06,1174.57,6231.42,6400.37,3020.55,3020.55,1936.16,1056.65,1056.65,4230.49,64.7707,3158.5
2698,2020-05-22,00:00:00.00,166.979,5353.94,129.088,67.6981,0,0,1939.07,112.992,0,0,0,168.947,0,0,129.088,129.088,67.6981,67.6981,2106.05,2052.06,1174.57,6231.42,6400.37,3024.06,3024.06,1936.16,1060.17,1060.17,4230.49,64.7707,3159.76
2699,2020-05-23,00:00:00.00,166.979,5353.94,129.088,67.6981,0,0,1939.07,112.992,0,0,0,168.947,0,0,129.088,129.088,67.6981,67.6981,2106.05,2052.06,1174.57,6231.42,6400.37,3029.64,3029.64,1936.16,1065.75,1065.75,4230.49,64.7707,3160.29
2700,2020-05-24,00:00:00.00,166.979,5353.94,129.088,67.6981,0,0,1939.07,112.992,0,0,0,168.947,0,0,129.088,129.088,67.6981,67.6981,2106.05,2052.06,1174.57,6231.42,6400.37,3035.23,3035.23,1936.16,1070.2,1070.2,4230.49,64.7707,3160.29
2701,2020-05-25,00:00:00.00,166.979,5353.94,129.088,67.6981,0,0,1939.07,112.992,0,0,0,168.947,0,0,129.088,129.088,67.6981,67.6981,2106.05,2052.06,1174.57,6231.42,6400.37,3040.81,3040.81,1936.16,1070.2,1070.2,4230.49,64.7707,3160.29
2702,2020-05-26,00:00:00.00,166.979,5354.13,129.093,67.6981,0,0,1939.07,112.992,0,0,0,168.951,0,0,129.093,129.093,67.6981,67.6981,2106.05,2052.06,1174.6,6231.58,6400.54,3046.38,3046.38,1936.32,1070.2,1070.2,4230.49,64.7707,3160.29
2703,2020-05-27,00:00:00.00,166.979,5354.13,129.093,67.6981,0,0,1939.07,112.992,0,0,0,168.951,0,0,129.093,129.093,67.6981,67.6981,2106.05,2052.06,1174.6,6231.58,6400.54,3051.96,3051.96,1936.32,1070.2,1070.2,4230.49,64.7707,3160.29
2704,2020-05-28,00:00:00.00,166.979,5354.13,129.093,67.6981,0,0,1939.07,112.992,0,0,0,168.951,0,0,129.093,129.093,67.6981,67.6981,2106.05,2052.06,1174.6,6231.58,6400.54,3057.55,3057.55,1936.32,1070.2,1070.2,4230.49,64.7707,3160.29
2705,2020-05-29,00:00:00.00,166.979,5360.54,129.265,67.6981,0,0,1939.07,112.992,0,0,0,169.097,0,0,129.265,129.265,67.6981,67.6981,2106.05,2052.06,1176.35,6236.25,6405.35,3062.93,3062.93,1940.99,1070.2,1070.2,4230.49,64.7707,3160.29
2706,2020-05-30,00:00:00.00,166.979,5369.25,129.498,67.6981,0,0,1939.07,112.992,0,0,0,169.296,0,0,129.498,129.498,67.6981,67.6981,2106.05,2052.06,1178.65,6242.66,6411.96,3068.27,3068.27,1947.4,1070.2,1070.2,4230.49,64.7707,3160.29
2707,2020-05-31,00:00:00.00,166.979,5369.25,129.498,67.6981,0,0,1939.07,112.992,0,0,0,169.296,0,0,129.498,129.498,67.6981,67.6981,2106.05,2052.06,1178.65,6242.66,6411.96,3069.35,3069.35,1947.4,1070.2,1070.2,4230.49,64.7707,3160.29
2708,2020-06-01,00:00:00.00,166.979,5369.25,129.498,67.6981,0,0,1939.07,112.992,0,0,0,169.296,0,0,129.498,129.498,67.6981,67.6981,2106.05,2052.06,1178.65,6242.66,6411.96,3069.35,3069.35,1947.4,1070.2,1070.2,4230.49,64.7707,3160.29
2709,2020-06-02,00:00:00.00,166.979,5370.21,129.524,67.6981,0,0,1939.07,112.992,0,0,0,169.318,0,0,129.524,129.524,67.6981,67.6981,2106.05,2052.06,1178.89,6243.38,6412.7,3069.35,3069.35,1948.12,1070.2,1070.2,4230.49,64.7707,3160.29
2710,2020-06-03,00:00:00.00,166.979,5374.04,129.626,67.6981,0,0,1939.07,112.992,0,0,0,169.405,0,0,129.626,129.626,67.6981,67.6981,2106.05,2052.06,1179.82,6246.28,6415.68,3073.32,3073.32,1951.02,1070.2,1070.2,4230.49,64.7707,3160.29
2711,2020-06-04,00:00:00.00,166.979,5374.04,129.626,67.6981,0,0,1939.07,112.992,0,0,0,169.405,0,0,129.626,129.626,67.6981,67.6981,2106.05,2052.06,1179.82,6246.28,6415.68,3077.85,3077.85,1951.02,1070.2,1070.2,4230.49,64.7707,3160.29
2712,2020-06-05,00:00:00.00,166.979,5374.04,129.626,67.6981,0,0,1939.07,112.992,0,0,0,169.405,0,0,129.626,129.626,67.6981,67.6981,2106.05,2052.06,1179.82,6246.28,6415.68,3085,3085,1951.02,1070.2,1070.2,4230.49,64.7707,3160.29
2713,2020-06-06,00:00:00.00,166.979,5374.04,129.626,67.6981,0,0,1939.07,112.992,0,0,0,169.405,0,0,129.626,129.626,67.6981,67.6981,2106.05,2052.06,1179.82,6246.28,6415.68,3091.18,3091.18,1951.02,1070.2,1070.2,4230.49,64.7707,3160.29
2714,2020-06-07,00:00:00.00,166.979,5374.04,129.626,67.6981,0,0,1939.07,112.992,0,0,0,169.405,0,0,129.626,129.626,67.6981,67.6981,2106.05,2052.06,1179.82,6246.28,6415.68,3095.1,3095.1,1951.02,1070.2,1070.2,4230.49,64.7707,3160.29
2715,2020-06-08,00:00:00.00,166.979,5374.04,129.626,67.6981,0,0,1939.07,112.992,0,0,0,169.405,0,0,129.626,129.626,67.6981,67.6981,2106.05,2052.06,1179.82,6246.28,6415.68,3095.1,3095.1,1951.02,1070.2,1070.2,4230.49,64.7707,3160.29
2716,2020-06-09,00:00:00.00,166.979,5374.04,129.626,67.6981,0,0,1939.07,112.992,0,0,0,169.405,0,0,129.626,129.626,67.6981,67.6981,2106.05,2052.06,1179.82,6246.28,6415.68,3096.53,3096.53,1951.02,1070.2,1070.2,4230.49,64.7707,3160.29
2717,2020-06-10,00:00:00.00,166.979,5384.95,129.918,67.6981,0,0,1939.07,112.992,0,0,0,169.654,0,0,129.918,129.918,67.6981,67.6981,2106.05,2052.06,1184.38,6252.64,6422.29,3101.56,3101.56,1957.37,1070.2,1070.2,4230.49,64.7707,3160.29
2718,2020-06-11,00:00:00.00,166.979,5403.14,130.404,67.6981,0,0,1939.07,112.992,0,0,0,170.069,0,0,130.404,130.404,67.6981,67.6981,2106.05,2052.06,1191.09,6264.11,6434.18,3107.48,3107.48,1968.16,1070.2,1070.2,4231.18,64.7707,3160.37
2719,2020-06-12,00:00:00.00,166.979,5403.14,130.404,67.6981,0,0,1939.07,112.992,0,0,0,170.069,0,0,130.404,130.404,67.6981,67.6981,2106.05,2052.06,1191.09,6264.11,6434.18,3108.24,3108.24,1968.16,1070.79,1070.79,4231.18,64.7707,3160.37
2720,2020-06-13,00:00:00.00,166.979,5403.14,130.404,67.6981,0,0,1939.07,112.992,0,0,0,170.069,0,0,130.404,130.404,67.6981,67.6981,2106.05,2052.06,1191.09,6264.11,6434.18,3108.24,3108.24,1968.16,1070.79,1070.79,4231.18,64.7707,3160.37
2721,2020-06-14,00:00:00.00,166.979,5403.14,130.404,67.6981,0,0,1939.07,112.992,0,0,0,170.069,0,0,130.404,130.404,67.6981,67.6981,2106.05,2052.06,1191.09,6264.11,6434.18,3108.24,3108.24,1968.16,1070.79,1070.79,4231.18,64.7707,3160.37
2722,2020-06-15,00:00:00.00,166.979,5403.14,130.404,67.6981,0,0,1939.07,112.992,0,0,0,170.069,0,0,130.404,130.404,67.6981,67.6981,2106.05,2052.06,1191.09,6264.11,6434.18,3108.24,3108.24,1968.16,1070.79,1070.79,4231.18,64.7707,3160.37
2723,2020-06-16,00:00:00.00,166.979,5403.14,130.404,67.6981,0,0,1939.07,112.992,0,0,0,170.069,0,0,130.404,130.404,67.6981,67.6981,2106.05,2052.06,1191.09,6264.11,6434.18,3108.24,3108.24,1968.16,1070.79,1070.79,4231.18,64.7707,3160.38
2724,2020-06-17,00:00:00.00,166.979,5403.14,130.404,67.6981,0,0,1939.07,112.992,0,0,0,170.069,0,0,130.404,130.404,67.6981,67.6981,2106.05,2052.06,1191.09,6264.11,6434.18,3108.24,3108.24,1968.16,1070.79,1070.79,4231.18,64.7707,3160.38
2725,2020-06-18,00:00:00.00,166.979,5403.14,130.404,67.6981,0,0,1939.07,112.992,0,0,0,170.069,0,0,130.404,130.404,67.6981,67.6981,2106.05,2052.06,1191.09,6264.11,6434.18,3112.42,3112.42,1968.16,1070.8,1070.8,4231.18,64.7707,3160.38
2726,2020-06-19,00:00:00.00,166.979,5403.14,130.404,67.6981,0,0,1939.07,112.992,0,0,0,170.069,0,0,130.404,130.404,67.6981,67.6981,2106.05,2052.06,1191.09,6264.11,6434.18,3118.74,3118.74,1968.16,1070.8,1070.8,4231.18,64.7707,3160.38
2727,2020-06-20,00:00:00.00,166.979,5424.65,130.91,67.6981,0,0,1939.07,112.992,0,0,0,170.559,0,0,130.91,130.91,67.6981,67.6981,2106.05,2052.06,1198.97,6277.74,6448.3,3124.82,3124.82,1978.82,1070.8,1070.8,4234.14,64.7707,3160.69
2728,2020-06-21,00:00:00.00,166.979,5427.24,130.979,67.6981,0,0,1939.07,112.992,0,0,0,170.618,0,0,130.979,130.979,67.6981,67.6981,2106.05,2052.06,1199.68,6279.61,6450.23,3131.99,3131.99,1980.7,1073.45,1073.45,4234.14,64.7707,3160.69
2729,2020-06-22,00:00:00.00,166.979,5427.62,130.989,67.6981,0,0,1939.07,112.992,0,0,0,170.626,0,0,130.989,130.989,67.6981,67.6981,2106.05,2052.06,1199.8,6279.88,6450.51,3138.52,3138.52,1980.96,1073.45,1073.45,4234.14,64.7707,3160.69
2730,2020-06-23,00:00:00.00,166.979,5427.81,130.994,67.6981,0,0,1939.07,112.992,0,0,0,170.631,0,0,130.994,130.994,67.6981,67.6981,2106.05,2052.06,1199.87,6280,6450.63,3144.22,3144.22,1981.09,1073.45,1073.45,4234.14,64.7707,3160.69
2731,2020-06-24,00:00:00.00,166.979,5447.56,131.5,67.6981,0,0,1939.07,112.992,0,0,0,171.081,0,0,131.5,131.5,67.6981,67.6981,2106.05,2052.06,1207.71,6291.91,6462.99,3149.82,3149.82,1992.29,1073.45,1073.45,4234.84,64.7707,3160.77
2732,2020-06-25,00:00:00.00,166.979,5447.75,131.505,67.6981,0,0,1939.07,112.992,0,0,0,171.085,0,0,131.505,131.505,67.6981,67.6981,2106.05,2052.06,1207.77,6292.04,6463.13,3149.82,3149.82,1992.43,1073.45,1073.45,4234.84,64.7707,3160.83
2733,2020-06-26,00:00:00.00,166.979,5447.75,131.505,67.6981,0,0,1939.07,112.992,0,0,0,171.085,0,0,131.505,131.505,67.6981,67.6981,2106.05,2052.06,1207.77,6292.04,6463.13,3150.99,3150.99,1992.43,1074,1074,4234.84,64.7707,3160.83
2734,2020-06-27,00:00:00.00,166.979,5448.51,131.526,67.6981,0,0,1939.07,112.992,0,0,0,171.102,0,0,131.526,131.526,67.6981,67.6981,2106.05,2052.06,1208,6292.58,6463.68,3155.86,3155.86,1992.96,1074.01,1074.01,4234.84,64.7707,3160.83
2735,2020-06-28,00:00:00.00,166.979,5465.94,131.992,67.6981,0,0,1939.07,112.992,0,0,0,171.5,0,0,131.992,131.992,67.6981,67.6981,2106.05,2052.06,1213.77,6304.23,6475.73,3162.29,3162.29,2003.23,1074.01,1074.01,4236.23,64.7707,3160.98
2736,2020-06-29,00:00:00.00,166.979,5465.94,131.992,67.6981,0,0,1939.07,112.992,0,0,0,171.5,0,0,131.992,131.992,67.6981,67.6981,2106.05,2052.06,1213.77,6304.23,6475.73,3166.3,3166.3,2003.23,1075.25,1075.25,4236.23,64.7707,3160.98
2737,2020-06-30,00:00:00.00,166.979,5465.94,131.992,67.6981,0,0,1939.07,112.992,0,0,0,171.5,0,0,131.992,131.992,67.6981,67.6981,2106.05,2052.06,1213.77,6304.23,6475.73,3173.14,3173.14,2003.23,1075.25,1075.25,4236.23,64.7707,3160.98
2738,2020-07-01,00:00:00.00,166.979,5465.94,131.992,67.6981,0,0,1939.07,112.992,0,0,0,171.5,0,0,131.992,131.992,67.6981,67.6981,2106.05,2052.06,1213.77,6304.23,6475.73,3179.05,3179.05,2003.23,1075.25,1075.25,4236.23,64.7707,3160.98
2739,2020-07-02,00:00:00.00,166.979,5465.94,131.992,67.6981,0,0,1939.07,112.992,0,0,0,171.5,0,0,131.992,131.992,67.6981,67.6981,2106.05,2052.06,1213.77,6304.23,6475.73,3184.51,3184.51,2003.23,1075.25,1075.25,4236.23,64.7707,3160.98
2740,2020-07-03,00:00:00.00,166.979,5465.94,131.992,67.6981,0,0,1939.07,112.992,0,0,0,171.5,0,0,131.992,131.992,67.6981,67.6981,2106.05,2052.06,1213.77,6304.23,6475.73,3189.2,3189.2,2003.23,1075.25,1075.25,4236.23,64.7707,3160.98
2741,2020-07-04,00:00:00.00,166.979,5465.94,131.992,67.6981,0,0,1939.07,112.992,0,0,0,171.5,0,0,131.992,131.992,67.6981,67.6981,2106.05,2052.06,1213.77,6304.23,6475.73,3193.21,3193.21,2003.23,1075.25,1075.25,4236.23,64.7707,3160.98
2742,2020-07-05,00:00:00.00,166.979,5465.94,131.992,67.6981,0,0,1939.07,112.992,0,0,0,171.5,0,0,131.992,131.992,67.6981,67.6981,2106.05,2052.06,1213.77,6304.23,6475.73,3196.64,3196.64,2003.23,1075.25,1075.25,4236.23,64.7707,3160.98
2743,2020-07-06,00:00:00.00,166.979,5465.94,131.992,67.6981,0,0,1939.07,112.992,0,0,0,171.5,0,0,131.992,131.992,67.6981,67.6981,2106.05,2052.06,1213.77,6304.23,6475.73,3199.58,3199.58,2003.23,1075.25,1075.25,4236.23,64.7707,3160.98
2744,2020-07-07,00:00:00.00,166.979,5465.94,131.992,67.6981,0,0,1939.07,112.992,0,0,0,171.5,0,0,131.992,131.992,67.6981,67.6981,2106.05,2052.06,1213.77,6304.23,6475.73,3202.09,3202.09,2003.23,1075.25,1075.25,4236.23,64.7707,3160.98
2745,2020-07-08,00:00:00.00,166.979,5465.94,131.992,67.6981,0,0,1939.07,112.992,0,0,0,171.5,0,0,131.992,131.992,67.6981,67.6981,2106.05,2052.06,1213.77,6304.23,6475.73,3204.24,3204.24,2003.23,1075.25,1075.25,4236.23,64.7707,3160.98
2746,2020-07-09,00:00:00.00,166.979,5465.94,131.992,67.6981,0,0,1939.07,112.992,0,0,0,171.5,0,0,131.992,131.992,67.6981,67.6981,2106.05,2052.06,1213.77,6304.23,6475.73,3206.09,3206.09,2003.23,1075.25,1075.25,4236.23,64.7707,3160.98
2747,2020-07-10,00:00:00.00,166.979,5465.94,131.992,67.6981,0,0,1939.07,112.992,0,0,0,171.5,0,0,131.992,131.992,67.6981,67.6981,2106.05,2052.06,1213.77,6304.23,6475.73,3207.66,3207.66,2003.23,1075.25,1075.25,4236.23,64.7707,3160.98
2748,2020-07-11,00:00:00.00,166.979,5473.21,132.187,67.6981,0,0,1939.07,112.992,0,0,0,171.666,0,0,132.187,132.187,67.6981,67.6981,2106.05,2052.06,1218.82,6306.45,6478.11,3209.69,3209.69,2005.45,1075.25,1075.25,4236.23,64.7707,3160.98
2749,2020-07-12,00:00:00.00,166.979,5482.21,132.428,67.6981,0,0,1939.07,112.992,0,0,0,171.871,0,0,132.428,132.428,67.6981,67.6981,2106.05,2052.06,1224.4,6309.87,6481.74,3212.14,3212.14,2008.87,1075.25,1075.25,4236.23,64.7707,3160.98
2750,2020-07-13,00:00:00.00,166.979,5482.21,132.428,67.6981,0,0,1939.07,112.992,0,0,0,171.871,0,0,132.428,132.428,67.6981,67.6981,2106.05,2052.06,1224.4,6309.87,6481.74,3213.46,3213.46,2008.87,1075.25,1075.25,4236.23,64.7707,3160.98
2751,2020-07-14,00:00:00.00,166.979,5482.21,132.428,67.6981,0,0,1939.07,112.992,0,0,0,171.871,0,0,132.428,132.428,67.6981,67.6981,2106.05,2052.06,1224.4,6309.87,6481.74,3214.16,3214.16,2008.87,1075.25,1075.25,4236.23,64.7707,3160.98
2752,2020-07-15,00:00:00.00,166.979,5482.21,132.428,67.6981,0,0,1939.07,112.992,0,0,0,171.871,0,0,132.428,132.428,67.6981,67.6981,2106.05,2052.06,1224.4,6309.87,6481.74,3215.53,3215.53,2008.87,1075.25,1075.25,4236.23,64.7707,3160.98
2753,2020-07-16,00:00:00.00,166.979,5482.21,132.428,67.6981,0,0,1939.07,112.992,0,0,0,171.871,0,0,132.428,132.428,67.6981,67.6981,2106.05,2052.06,1224.4,6309.87,6481.74,3217.76,3217.76,2008.87,1075.25,1075.25,4236.23,64.7707,3160.98
2754,2020-07-17,00:00:00.00,166.979,5485.46,132.515,67.6981,0,0,1939.07,112.992,0,0,0,171.946,0,0,132.515,132.515,67.6981,67.6981,2106.05,2052.06,1226.38,6311.15,6483.09,3219.78,3219.78,2010.15,1075.25,1075.25,4236.23,64.7707,3160.98
2755,2020-07-18,00:00:00.00,166.979,5485.46,132.515,67.6981,0,0,1939.07,112.992,0,0,0,171.946,0,0,132.515,132.515,67.6981,67.6981,2106.05,2052.06,1226.38,6311.15,6483.09,3222.04,3222.04,2010.15,1075.25,1075.25,4236.23,64.7707,3160.98
2756,2020-07-19,00:00:00.00,166.979,5485.46,132.515,67.6981,0,0,1939.07,112.992,0,0,0,171.946,0,0,132.515,132.515,67.6981,67.6981,2106.05,2052.06,1226.38,6311.15,6483.09,3224.13,3224.13,2010.15,1075.25,1075.25,4236.23,64.7707,3160.98
2757,2020-07-20,00:00:00.00,166.979,5497.91,132.848,67.6981,0,0,1939.07,112.992,0,0,0,172.229,0,0,132.848,132.848,67.6981,67.6981,2106.05,2052.06,1234.45,6315.52,6487.75,3226.97,3226.97,2014.52,1075.25,1075.25,4236.23,64.7707,3160.98
2758,2020-07-21,00:00:00.00,166.979,5497.91,132.848,67.6981,0,0,1939.07,112.992,0,0,0,172.229,0,0,132.848,132.848,67.6981,67.6981,2106.05,2052.06,1234.45,6315.52,6487.75,3230.13,3230.13,2014.52,1075.25,1075.25,4236.23,64.7707,3160.98
2759,2020-07-22,00:00:00.00,166.979,5498.29,132.858,67.6981,0,0,1939.07,112.992,0,0,0,172.238,0,0,132.858,132.858,67.6981,67.6981,2106.05,2052.06,1234.67,6315.68,6487.92,3230.63,3230.63,2014.68,1075.25,1075.25,4236.23,64.7707,3160.98
2760,2020-07-23,00:00:00.00,166.979,5506.62,133.081,67.6981,0,0,1939.07,112.992,0,0,0,172.428,0,0,133.081,133.081,67.6981,67.6981,2106.05,2052.06,1239.41,6319.27,6491.7,3232.22,3232.22,2018.27,1075.25,1075.25,4236.23,64.7707,3160.98
2761,2020-07-24,00:00:00.00,166.979,5506.62,133.081,67.6981,0,0,1939.07,112.992,0,0,0,172.428,0,0,133.081,133.081,67.6981,67.6981,2106.05,2052.06,1239.41,6319.27,6491.7,3235.2,3235.2,2018.27,1075.25,1075.25,4236.23,64.7707,3160.98
2762,2020-07-25,00:00:00.00,166.979,5506.62,133.081,67.6981,0,0,1939.07,112.992,0,0,0,172.428,0,0,133.081,133.081,67.6981,67.6981,2106.05,2052.06,1239.41,6319.27,6491.7,3236.4,3236.4,2018.27,1075.25,1075.25,4236.23,64.7707,3160.98
2763,2020-07-26,00:00:00.00,166.979,5506.62,133.081,67.6981,0,0,1939.07,112.992,0,0,0,172.428,0,0,133.081,133.081,67.6981,67.6981,2106.05,2052.06,1239.41,6319.27,6491.7,3237.16,3237.16,2018.27,1075.25,1075.25,4236.23,64.7707,3160.98
2764,2020-07-27,00:00:00.00,166.979,5506.62,133.081,67.6981,0,0,1939.07,112.992,0,0,0,172.428,0,0,133.081,133.081,67.6981,67.6981,2106.05,2052.06,1239.41,6319.27,6491.7,3240.12,3240.12,2018.27,1075.25,1075.25,4236.23,64.7707,3160.98
2765,2020-07-28,00:00:00.00,166.979,5507,133.091,67.6981,0,0,1939.07,112.992,0,0,0,172.437,0,0,133.091,133.091,67.6981,67.6981,2106.05,2052.06,1239.63,6319.43,6491.86,3242.68,3242.68,2018.43,1075.25,1075.25,4236.23,64.7707,3160.98
2766,2020-07-29,00:00:00.00,166.979,5507.77,133.112,67.6981,0,0,1939.07,112.992,0,0,0,172.454,0,0,133.112,133.112,67.6981,67.6981,2106.05,2052.06,1240.1,6319.73,6492.18,3244.67,3244.67,2018.73,1075.25,1075.25,4236.23,64.7707,3160.98
2767,2020-07-30,00:00:00.00,166.979,5507.77,133.112,67.6981,0,0,1939.07,112.992,0,0,0,172.454,0,0,133.112,133.112,67.6981,67.6981,2106.05,2052.06,1240.1,6319.73,6492.18,3246.58,3246.58,2018.73,1075.25,1075.25,4236.23,64.7707,3160.98
2768,2020-07-31,00:00:00.00,166.979,5507.77,133.112,67.6981,0,0,1939.07,112.992,0,0,0,172.454,0,0,133.112,133.112,67.6981,67.6981,2106.05,2052.06,1240.1,6319.73,6492.18,3247.68,3247.68,2018.73,1075.25,1075.25,4236.23,64.7707,3160.98
2769,2020-08-01,00:00:00.00,166.979,5507.77,133.112,67.6981,0,0,1939.07,112.992,0,0,0,172.454,0,0,133.112,133.112,67.6981,67.6981,2106.05,2052.06,1240.1,6319.73,6492.18,3248.88,3248.88,2018.73,1075.25,1075.25,4236.23,64.7707,3160.98
2770,2020-08-02,00:00:00.00,166.979,5531.64,133.617,67.6981,0,0,1939.07,112.992,0,0,0,172.996,0,0,133.617,133.617,67.6981,67.6981,2106.05,2052.06,1256.45,6327.25,6500.25,3251.9,3251.9,2026.24,1075.25,1075.25,4236.24,64.7707,3160.98
2771,2020-08-03,00:00:00.00,166.979,5553.94,134.123,67.6981,0,0,1939.07,112.992,0,0,0,173.503,0,0,134.123,134.123,67.6981,67.6981,2106.05,2052.06,1266.44,6339.56,6513.06,3256.57,3256.57,2037.84,1075.25,1075.25,4236.95,64.7707,3161.06
2772,2020-08-04,00:00:00.00,166.979,5566.38,134.456,67.6981,0,0,1939.07,112.992,0,0,0,173.787,0,0,134.456,134.456,67.6981,67.6981,2106.05,2052.06,1270.32,6348.13,6521.91,3259.02,3259.02,2046.4,1075.89,1075.89,4236.95,64.7707,3161.06
2773,2020-08-05,00:00:00.00,166.979,5578.83,134.789,67.6981,0,0,1939.07,112.992,0,0,0,174.071,0,0,134.789,134.789,67.6981,67.6981,2106.05,2052.06,1273.33,6357.56,6531.63,3263.34,3263.34,2054.44,1075.89,1075.89,4238.35,64.7707,3161.21
2774,2020-08-06,00:00:00.00,166.979,5578.83,134.789,67.6981,0,0,1939.07,112.992,0,0,0,174.071,0,0,134.789,134.789,67.6981,67.6981,2106.05,2052.06,1273.33,6357.56,6531.63,3264.58,3264.58,2054.44,1076.95,1076.95,4238.35,64.7707,3161.23
2775,2020-08-07,00:00:00.00,166.979,5578.83,134.789,67.6981,0,0,1939.07,112.992,0,0,0,174.071,0,0,134.789,134.789,67.6981,67.6981,2106.05,2052.06,1273.33,6357.56,6531.63,3264.58,3264.58,2054.44,1076.95,1076.95,4238.35,64.7707,3161.25
2776,2020-08-08,00:00:00.00,166.979,5578.83,134.789,67.6981,0,0,1939.07,112.992,0,0,0,174.071,0,0,134.789,134.789,67.6981,67.6981,2106.05,2052.06,1273.33,6357.56,6531.63,3267.1,3267.1,2054.44,1077.1,1077.1,4238.35,64.7707,3161.25
2777,2020-08-09,00:00:00.00,166.979,5578.83,134.789,67.6981,0,0,1939.07,112.992,0,0,0,174.071,0,0,134.789,134.789,67.6981,67.6981,2106.05,2052.06,1273.33,6357.56,6531.63,3271.75,3271.75,2054.44,1077.1,1077.1,4238.35,64.7707,3161.25
2778,2020-08-10,00:00:00.00,166.979,5578.83,134.789,67.6981,0,0,1939.07,112.992,0,0,0,174.071,0,0,134.789,134.789,67.6981,67.6981,2106.05,2052.06,1273.33,6357.56,6531.63,3278.57,3278.57,2054.44,1077.1,1077.1,4238.35,64.7707,3161.25
2779,2020-08-11,00:00:00.00,166.979,5578.83,134.789,67.6981,0,0,1939.07,112.992,0,0,0,174.071,0,0,134.789,134.789,67.6981,67.6981,2106.05,2052.06,1273.33,6357.56,6531.63,3284.64,3284.64,2054.44,1077.1,1077.1,4238.35,64.7707,3161.25
2780,2020-08-12,00:00:00.00,166.979,5578.83,134.789,67.6981,0,0,1939.07,112.992,0,0,0,174.071,0,0,134.789,134.789,67.6981,67.6981,2106.05,2052.06,1273.33,6357.56,6531.63,3289.96,3289.96,2054.44,1077.1,1077.1,4238.35,64.7707,3161.25
2781,2020-08-13,00:00:00.00,166.979,5578.83,134.789,67.6981,0,0,1939.07,112.992,0,0,0,174.071,0,0,134.789,134.789,67.6981,67.6981,2106.05,2052.06,1273.33,6357.56,6531.63,3292.85,3292.85,2054.44,1077.1,1077.1,4238.35,64.7707,3161.25
2782,2020-08-14,00:00:00.00,166.979,5578.83,134.789,67.6981,0,0,1939.07,112.992,0,0,0,174.071,0,0,134.789,134.789,67.6981,67.6981,2106.05,2052.06,1273.33,6357.56,6531.63,3296.32,3296.32,2054.44,1077.1,1077.1,4238.35,64.7707,3161.25
2783,2020-08-15,00:00:00.00,166.979,5578.83,134.789,67.6981,0,0,1939.07,112.992,0,0,0,174.071,0,0,134.789,134.789,67.6981,67.6981,2106.05,2052.06,1273.33,6357.56,6531.63,3300.2,3300.2,2054.44,1077.1,1077.1,4238.35,64.7707,3161.25
2784,2020-08-16,00:00:00.00,166.979,5578.83,134.789,67.6981,0,0,1939.07,112.992,0,0,0,174.071,0,0,134.789,134.789,67.6981,67.6981,2106.05,2052.06,1273.33,6357.56,6531.63,3302.73,3302.73,2054.44,1077.1,1077.1,4238.35,64.7707,3161.25
2785,2020-08-17,00:00:00.00,166.979,5580.74,134.84,67.6981,0,0,1939.07,112.992,0,0,0,174.114,0,0,134.84,134.84,67.6981,67.6981,2106.05,2052.06,1274.29,6358.51,6532.62,3303.69,3303.69,2055.39,1077.1,1077.1,4238.35,64.7707,3161.25
2786,2020-08-18,00:00:00.00,166.979,5584.38,134.938,67.6981,0,0,1939.07,112.992,0,0,0,174.197,0,0,134.938,134.938,67.6981,67.6981,2106.05,2052.06,1276.09,6360.35,6534.55,3305.77,3305.77,2057.23,1077.1,1077.1,4238.35,64.7707,3161.25
2787,2020-08-19,00:00:00.00,166.979,5584.38,134.938,67.6981,0,0,1939.07,112.992,0,0,0,174.197,0,0,134.938,134.938,67.6981,67.6981,2106.05,2052.06,1276.09,6360.35,6534.55,3305.77,3305.77,2057.23,1077.1,1077.1,4238.35,64.7707,3161.25
2788,2020-08-20,00:00:00.00,166.979,5584.38,134.938,67.6981,0,0,1939.07,112.992,0,0,0,174.197,0,0,134.938,134.938,67.6981,67.6981,2106.05,2052.06,1276.09,6360.35,6534.55,3305.77,3305.77,2057.23,1077.1,1077.1,4238.35,64.7707,3161.25
2789,2020-08-21,00:00:00.00,166.979,5584.38,134.938,67.6981,0,0,1939.07,112.992,0,0,0,174.197,0,0,134.938,134.938,67.6981,67.6981,2106.05,2052.06,1276.09,6360.35,6534.55,3305.77,3305.77,2057.23,1077.1,1077.1,4238.35,64.7707,3161.25
2790,2020-08-22,00:00:00.00,166.979,5584.38,134.938,67.6981,0,0,1939.07,112.992,0,0,0,174.197,0,0,134.938,134.938,67.6981,67.6981,2106.05,2052.06,1276.09,6360.35,6534.55,3308.72,3308.72,2057.23,1077.1,1077.1,4238.35,64.7707,3161.25
2791,2020-08-23,00:00:00.00,166.979,5584.38,134.938,67.6981,0,0,1939.07,112.992,0,0,0,174.197,0,0,134.938,134.938,67.6981,67.6981,2106.05,2052.06,1276.09,6360.35,6534.55,3311.76,3311.76,2057.23,1077.1,1077.1,4238.35,64.7707,3161.25
2792,2020-08-24,00:00:00.00,166.979,5584.38,134.938,67.6981,0,0,1939.07,112.992,0,0,0,174.197,0,0,134.938,134.938,67.6981,67.6981,2106.05,2052.06,1276.09,6360.35,6534.55,3314.41,3314.41,2057.23,1077.1,1077.1,4238.35,64.7707,3161.25
2793,2020-08-25,00:00:00.00,166.979,5584.38,134.938,67.6981,0,0,1939.07,112.992,0,0,0,174.197,0,0,134.938,134.938,67.6981,67.6981,2106.05,2052.06,1276.09,6360.35,6534.55,3316.75,3316.75,2057.23,1077.1,1077.1,4238.35,64.7707,3161.25
2794,2020-08-26,00:00:00.00,166.979,5584.38,134.938,67.6981,0,0,1939.07,112.992,0,0,0,174.197,0,0,134.938,134.938,67.6981,67.6981,2106.05,2052.06,1276.09,6360.35,6534.55,3318.79,3318.79,2057.23,1077.1,1077.1,4238.35,64.7707,3161.25
2795,2020-08-27,00:00:00.00,166.979,5603.73,135.444,67.6981,0,0,1939.07,112.992,0,0,0,174.639,0,0,135.444,135.444,67.6981,67.6981,2106.05,2052.06,1288.09,6367.7,6542.34,3318.79,3318.79,2064.58,1077.1,1077.1,4238.35,64.7707,3161.25
2796,2020-08-28,00:00:00.00,166.979,5603.73,135.444,67.6981,0,0,1939.07,112.992,0,0,0,174.639,0,0,135.444,135.444,67.6981,67.6981,2106.05,2052.06,1288.09,6367.7,6542.34,3321.38,3321.38,2064.58,1077.1,1077.1,4238.35,64.7707,3161.25
2797,2020-08-29,00:00:00.00,166.979,5605.83,135.5,67.6981,0,0,1939.07,112.992,0,0,0,174.687,0,0,135.5,135.5,67.6981,67.6981,2106.05,2052.06,1289.02,6368.87,6543.56,3322.57,3322.57,2065.75,1077.1,1077.1,4238.35,64.7707,3161.25
2798,2020-08-30,00:00:00.00,166.979,5606.79,135.526,67.6981,0,0,1939.07,112.992,0,0,0,174.709,0,0,135.526,135.526,67.6981,67.6981,2106.05,2052.06,1289.44,6369.41,6544.12,3323.54,3323.54,2066.29,1077.1,1077.1,4238.35,64.7707,3161.25
2799,2020-08-31,00:00:00.00,166.979,5606.79,135.526,67.6981,0,0,1939.07,112.992,0,0,0,174.709,0,0,135.526,135.526,67.6981,67.6981,2106.05,2052.06,1289.44,6369.41,6544.12,3323.54,3323.54,2066.29,1077.1,1077.1,4238.35,64.7707,3161.25
2800,2020-09-01,00:00:00.00,166.979,5606.79,135.526,67.6981,0,0,1939.07,112.992,0,0,0,174.709,0,0,135.526,135.526,67.6981,67.6981,2106.05,2052.06,1289.44,6369.41,6544.12,3324.76,3324.76,2066.29,1077.1,1077.1,4238.35,64.7707,3161.25
2801,2020-09-02,00:00:00.00,166.979,5625.36,136.02,67.6981,0,0,1939.07,112.992,0,0,0,175.132,0,0,136.02,136.02,67.6981,67.6981,2106.05,2052.06,1297.73,6379.7,6554.83,3327.74,3327.74,2076.57,1077.1,1077.1,4238.36,64.7707,3161.25
2802,2020-09-03,00:00:00.00,166.979,5631.4,136.181,67.6981,0,0,1939.07,112.992,0,0,0,175.27,0,0,136.181,136.181,67.6981,67.6981,2106.05,2052.06,1299.66,6383.8,6559.07,3331.69,3331.69,2080.67,1077.11,1077.11,4238.36,64.7707,3161.25
2803,2020-09-04,00:00:00.00,166.979,5635.8,136.299,67.6981,0,0,1939.07,112.992,0,0,0,175.37,0,0,136.299,136.299,67.6981,67.6981,2106.05,2052.06,1301,6386.86,6562.23,3335.8,3335.8,2083.73,1077.11,1077.11,4238.36,64.7707,3161.25
2804,2020-09-05,00:00:00.00,166.979,5637.33,136.34,67.6981,0,0,1939.07,112.992,0,0,0,175.405,0,0,136.34,136.34,67.6981,67.6981,2106.05,2052.06,1301.46,6387.93,6563.33,3336.55,3336.55,2084.8,1077.11,1077.11,4238.36,64.7707,3161.25
2805,2020-09-06,00:00:00.00,166.979,5637.33,136.34,67.6981,0,0,1939.07,112.992,0,0,0,175.405,0,0,136.34,136.34,67.6981,67.6981,2106.05,2052.06,1301.46,6387.93,6563.33,3336.55,3336.55,2084.8,1077.11,1077.11,4238.36,64.7707,3161.25
2806,2020-09-07,00:00:00.00,166.979,5648.82,136.648,67.6981,0,0,1939.07,112.992,0,0,0,175.667,0,0,136.648,136.648,67.6981,67.6981,2106.05,2052.06,1304.88,6396,6571.67,3336.55,3336.55,2092.87,1077.11,1077.11,4238.36,64.7707,3161.25
2807,2020-09-08,00:00:00.00,166.979,5649.39,136.663,67.6981,0,0,1939.07,112.992,0,0,0,175.68,0,0,136.663,136.663,67.6981,67.6981,2106.05,2052.06,1305,6396.45,6572.13,3338.58,3338.58,2093.32,1077.11,1077.11,4238.36,64.7707,3161.25
2808,2020-09-09,00:00:00.00,166.979,5654.37,136.796,67.6981,0,0,1939.07,112.992,0,0,0,175.794,0,0,136.796,136.796,67.6981,67.6981,2106.05,2052.06,1306.14,6400.29,6576.08,3338.58,3338.58,2097.16,1077.11,1077.11,4238.36,64.7707,3161.25
2809,2020-09-10,00:00:00.00,166.979,5654.75,136.807,67.6981,0,0,1939.07,112.992,0,0,0,175.803,0,0,136.807,136.807,67.6981,67.6981,2106.05,2052.06,1306.22,6400.6,6576.4,3338.58,3338.58,2097.47,1077.11,1077.11,4238.36,64.7707,3161.25
2810,2020-09-11,00:00:00.00,166.979,5654.75,136.807,67.6981,0,0,1939.07,112.992,0,0,0,175.803,0,0,136.807,136.807,67.6981,67.6981,2106.05,2052.06,1306.22,6400.6,6576.4,3340.05,3340.05,2097.47,1077.11,1077.11,4238.36,64.7707,3161.25
2811,2020-09-12,00:00:00.00,166.979,5654.75,136.807,67.6981,0,0,1939.07,112.992,0,0,0,175.803,0,0,136.807,136.807,67.6981,67.6981,2106.05,2052.06,1306.22,6400.6,6576.4,3340.05,3340.05,2097.47,1077.11,1077.11,4238.36,64.7707,3161.25
2812,2020-09-13,00:00:00.00,166.979,5660.02,136.947,67.6981,0,0,1939.07,112.992,0,0,0,175.923,0,0,136.947,136.947,67.6981,67.6981,2106.05,2052.06,1307.29,6404.79,6580.71,3340.05,3340.05,2101.66,1077.11,1077.11,4238.36,64.7707,3161.25
2813,2020-09-14,00:00:00.00,166.979,5661.93,136.999,67.6981,0,0,1939.07,112.992,0,0,0,175.967,0,0,136.999,136.999,67.6981,67.6981,2106.05,2052.06,1307.61,6406.38,6582.35,3342.04,3342.04,2103.25,1077.11,1077.11,4238.36,64.7707,3161.25
2814,2020-09-15,00:00:00.00,166.979,5661.93,136.999,67.6981,0,0,1939.07,112.992,0,0,0,175.967,0,0,136.999,136.999,67.6981,67.6981,2106.05,2052.06,1307.61,6406.38,6582.35,3342.04,3342.04,2103.25,1077.11,1077.11,4238.36,64.7707,3161.25
2815,2020-09-16,00:00:00.00,166.979,5661.93,136.999,67.6981,0,0,1939.07,112.992,0,0,0,175.967,0,0,136.999,136.999,67.6981,67.6981,2106.05,2052.06,1307.61,6406.38,6582.35,3342.04,3342.04,2103.25,1077.11,1077.11,4238.36,64.7707,3161.25
2816,2020-09-17,00:00:00.00,166.979,5661.93,136.999,67.6981,0,0,1939.07,112.992,0,0,0,175.967,0,0,136.999,136.999,67.6981,67.6981,2106.05,2052.06,1307.61,6406.38,6582.35,3342.04,3342.04,2103.25,1077.11,1077.11,4238.36,64.7707,3161.25
2817,2020-09-18,00:00:00.00,166.979,5661.93,136.999,67.6981,0,0,1939.07,112.992,0,0,0,175.967,0,0,136.999,136.999,67.6981,67.6981,2106.05,2052.06,1307.61,6406.38,6582.35,3342.04,3342.04,2103.25,1077.11,1077.11,4238.36,64.7707,3161.25
2818,2020-09-19,00:00:00.00,166.979,5661.93,136.999,67.6981,0,0,1939.07,112.992,0,0,0,175.967,0,0,136.999,136.999,67.6981,67.6981,2106.05,2052.06,1307.61,6406.38,6582.35,3342.04,3342.04,2103.25,1077.11,1077.11,4238.36,64.7707,3161.25
2819,2020-09-20,00:00:00.00,166.979,5661.93,136.999,67.6981,0,0,1939.07,112.992,0,0,0,175.967,0,0,136.999,136.999,67.6981,67.6981,2106.05,2052.06,1307.61,6406.38,6582.35,3342.04,3342.04,2103.25,1077.11,1077.11,4238.36,64.7707,3161.25
2820,2020-09-21,00:00:00.00,166.979,5661.93,136.999,67.6981,0,0,1939.07,112.992,0,0,0,175.967,0,0,136.999,136.999,67.6981,67.6981,2106.05,2052.06,1307.61,6406.38,6582.35,3342.04,3342.04,2103.25,1077.11,1077.11,4238.36,64.7707,3161.25
2821,2020-09-22,00:00:00.00,166.979,5661.93,136.999,67.6981,0,0,1939.07,112.992,0,0,0,175.967,0,0,136.999,136.999,67.6981,67.6981,2106.05,2052.06,1307.61,6406.38,6582.35,3342.04,3342.04,2103.25,1077.11,1077.11,4238.36,64.7707,3161.25
2822,2020-09-23,00:00:00.00,166.979,5661.93,136.999,67.6981,0,0,1939.07,112.992,0,0,0,175.967,0,0,136.999,136.999,67.6981,67.6981,2106.05,2052.06,1307.61,6406.38,6582.35,3342.04,3342.04,2103.25,1077.11,1077.11,4238.36,64.7707,3161.25
2823,2020-09-24,00:00:00.00,166.979,5661.93,136.999,67.6981,0,0,1939.07,112.992,0,0,0,175.967,0,0,136.999,136.999,67.6981,67.6981,2106.05,2052.06,1307.61,6406.38,6582.35,3343.21,3343.21,2103.25,1077.11,1077.11,4238.36,64.7707,3161.25
2824,2020-09-25,00:00:00.00,166.979,5661.93,136.999,67.6981,0,0,1939.07,112.992,0,0,0,175.967,0,0,136.999,136.999,67.6981,67.6981,2106.05,2052.06,1307.61,6406.38,6582.35,3347.59,3347.59,2103.25,1077.11,1077.11,4238.36,64.7707,3161.25
2825,2020-09-26,00:00:00.00,166.979,5661.93,136.999,67.6981,0,0,1939.07,112.992,0,0,0,175.967,0,0,136.999,136.999,67.6981,67.6981,2106.05,2052.06,1307.61,6406.38,6582.35,3351.38,3351.38,2103.25,1077.11,1077.11,4238.36,64.7707,3161.25
2826,2020-09-27,00:00:00.00,166.979,5661.93,136.999,67.6981,0,0,1939.07,112.992,0,0,0,175.967,0,0,136.999,136.999,67.6981,67.6981,2106.05,2052.06,1307.61,6406.38,6582.35,3355.45,3355.45,2103.25,1077.11,1077.11,4238.36,64.7707,3161.25
2827,2020-09-28,00:00:00.00,166.979,5661.93,136.999,67.6981,0,0,1939.07,112.992,0,0,0,175.967,0,0,136.999,136.999,67.6981,67.6981,2106.05,2052.06,1307.61,6406.38,6582.35,3360.04,3360.04,2103.25,1077.11,1077.11,4238.36,64.7707,3161.25
2828,2020-09-29,00:00:00.00,166.979,5687.77,137.504,67.6981,0,0,1939.07,112.992,0,0,0,176.552,0,0,137.504,137.504,67.6981,67.6981,2106.05,2052.06,1315.09,6424.74,6601.29,3364.18,3364.18,2111.71,1077.11,1077.11,4248.26,64.7707,3162.3
2829,2020-09-30,00:00:00.00,166.979,5687.77,137.504,67.6981,0,0,1939.07,112.992,0,0,0,176.552,0,0,137.504,137.504,67.6981,67.6981,2106.05,2052.06,1315.09,6424.74,6601.29,3364.18,3364.18,2111.71,1077.11,1077.11,4248.26,64.7707,3163.25
2830,2020-10-01,00:00:00.00,166.979,5693.7,137.663,67.6981,0,0,1939.07,112.992,0,0,0,176.687,0,0,137.663,137.663,67.6981,67.6981,2106.05,2052.06,1316.33,6429.43,6606.12,3364.18,3364.18,2116.39,1077.11,1077.11,4248.26,64.7707,3164.09
2831,2020-10-02,00:00:00.00,166.979,5695.81,137.72,67.6981,0,0,1939.07,112.992,0,0,0,176.735,0,0,137.72,137.72,67.6981,67.6981,2106.05,2052.06,1316.7,6431.17,6607.91,3366.32,3366.32,2118.14,1079.31,1079.31,4248.26,64.7707,3164.61
2832,2020-10-03,00:00:00.00,166.979,5695.81,137.72,67.6981,0,0,1939.07,112.992,0,0,0,176.735,0,0,137.72,137.72,67.6981,67.6981,2106.05,2052.06,1316.7,6431.17,6607.91,3367.22,3367.22,2118.14,1080.21,1080.21,4248.26,64.7707,3164.98
2833,2020-10-04,00:00:00.00,166.979,5695.81,137.72,67.6981,0,0,1939.07,112.992,0,0,0,176.735,0,0,137.72,137.72,67.6981,67.6981,2106.05,2052.06,1316.7,6431.17,6607.91,3367.22,3367.22,2118.14,1080.21,1080.21,4248.26,64.7707,3165.3
2834,2020-10-05,00:00:00.00,166.979,5702.7,137.904,67.6981,0,0,1939.07,112.992,0,0,0,176.893,0,0,137.904,137.904,67.6981,67.6981,2106.05,2052.06,1317.93,6436.83,6613.72,3367.22,3367.22,2123.64,1080.21,1080.21,4248.42,64.7707,3165.61
2835,2020-10-06,00:00:00.00,166.979,5702.7,137.904,67.6981,0,0,1939.07,112.992,0,0,0,176.893,0,0,137.904,137.904,67.6981,67.6981,2106.05,2052.06,1317.93,6436.83,6613.72,3368.12,3368.12,2123.64,1081.11,1081.11,4248.42,64.7707,3165.79
2836,2020-10-07,00:00:00.00,166.979,5706.72,138.012,67.6981,0,0,1939.07,112.992,0,0,0,176.984,0,0,138.012,138.012,67.6981,67.6981,2106.05,2052.06,1318.51,6440.28,6617.26,3370.07,3370.07,2127.09,1082.61,1082.61,4248.42,64.7707,3165.8
2837,2020-10-08,00:00:00.00,166.979,5709.21,138.078,67.6981,0,0,1939.07,112.992,0,0,0,177.041,0,0,138.078,138.078,67.6981,67.6981,2106.05,2052.06,1318.83,6442.44,6619.48,3372.2,3372.2,2129.25,1082.62,1082.62,4248.42,64.7707,3165.8
2838,2020-10-09,00:00:00.00,166.979,5710.55,138.114,67.6981,0,0,1939.07,112.992,0,0,0,177.072,0,0,138.114,138.114,67.6981,67.6981,2106.05,2052.06,1319.01,6443.61,6620.68,3372.77,3372.77,2130.42,1082.62,1082.62,4248.42,64.7707,3165.8
2839,2020-10-10,00:00:00.00,166.979,5710.55,138.114,67.6981,0,0,1939.07,112.992,0,0,0,177.072,0,0,138.114,138.114,67.6981,67.6981,2106.05,2052.06,1319.01,6443.61,6620.68,3374.25,3374.25,2130.42,1082.62,1082.62,4248.42,64.7707,3165.8
2840,2020-10-11,00:00:00.00,166.979,5710.55,138.114,67.6981,0,0,1939.07,112.992,0,0,0,177.072,0,0,138.114,138.114,67.6981,67.6981,2106.05,2052.06,1319.01,6443.61,6620.68,3376.55,3376.55,2130.42,1082.62,1082.62,4248.42,64.7707,3165.8
2841,2020-10-12,00:00:00.00,166.979,5710.55,138.114,67.6981,0,0,1939.07,112.992,0,0,0,177.072,0,0,138.114,138.114,67.6981,67.6981,2106.05,2052.06,1319.01,6443.61,6620.68,3376.55,3376.55,2130.42,1082.62,1082.62,4248.42,64.7707,3165.8
2842,2020-10-13,00:00:00.00,166.979,5723,138.447,67.6981,0,0,1939.07,112.992,0,0,0,177.356,0,0,138.447,138.447,67.6981,67.6981,2106.05,2052.06,1320.83,6454.22,6631.58,3377.15,3377.15,2135.17,1082.62,1082.62,4254.29,64.7707,3166.42
2843,2020-10-14,00:00:00.00,166.979,5723,138.447,67.6981,0,0,1939.07,112.992,0,0,0,177.356,0,0,138.447,138.447,67.6981,67.6981,2106.05,2052.06,1320.83,6454.22,6631.58,3379.46,3379.46,2135.17,1084.92,1084.92,4254.29,64.7707,3166.73
2844,2020-10-15,00:00:00.00,166.979,5724.43,138.486,67.6981,0,0,1939.07,112.992,0,0,0,177.389,0,0,138.486,138.486,67.6981,67.6981,2106.05,2052.06,1321.01,6455.48,6632.87,3380.46,3380.46,2136.42,1085.95,1085.95,4254.29,64.7707,3166.9
2845,2020-10-16,00:00:00.00,166.979,5733.05,138.716,67.6981,0,0,1939.07,112.992,0,0,0,177.585,0,0,138.716,138.716,67.6981,67.6981,2106.05,2052.06,1322.07,6463.04,6640.62,3380.59,3380.59,2140.46,1086.11,1086.11,4257.8,64.7707,3167.42
2846,2020-10-17,00:00:00.00,166.979,5733.05,138.716,67.6981,0,0,1939.07,112.992,0,0,0,177.585,0,0,138.716,138.716,67.6981,67.6981,2106.05,2052.06,1322.07,6463.04,6640.62,3380.59,3380.59,2140.46,1086.11,1086.11,4257.8,64.7707,3167.87
2847,2020-10-18,00:00:00.00,166.979,5734.01,138.742,67.6981,0,0,1939.07,112.992,0,0,0,177.607,0,0,138.742,138.742,67.6981,67.6981,2106.05,2052.06,1322.16,6463.9,6641.51,3380.59,3380.59,2141.33,1086.11,1086.11,4257.8,64.7707,3168.28
2848,2020-10-19,00:00:00.00,166.979,5739.75,138.896,67.6981,0,0,1939.07,112.992,0,0,0,177.738,0,0,138.896,138.896,67.6981,67.6981,2106.05,2052.06,1322.67,6469.14,6646.87,3380.59,3380.59,2144.34,1086.11,1086.11,4260.02,64.7707,3168.88
2849,2020-10-20,00:00:00.00,166.979,5745.68,139.054,67.6981,0,0,1939.07,112.992,0,0,0,177.873,0,0,139.054,139.054,67.6981,67.6981,2106.05,2052.06,1323.09,6474.66,6652.53,3380.59,3380.59,2146.72,1086.11,1086.11,4263.17,64.7707,3169.75
2850,2020-10-21,00:00:00.00,166.979,5755.64,139.321,67.6981,0,0,1939.07,112.992,0,0,0,178.101,0,0,139.321,139.321,67.6981,67.6981,2106.05,2052.06,1323.63,6484.07,6662.17,3380.7,3380.7,2148.58,1086.29,1086.29,4270.72,64.7707,3171.32
2851,2020-10-22,00:00:00.00,166.979,5758.99,139.41,67.6981,0,0,1939.07,112.992,0,0,0,178.177,0,0,139.41,139.41,67.6981,67.6981,2106.05,2052.06,1323.77,6487.28,6665.46,3381.09,3381.09,2150.13,1086.76,1086.76,4272.37,64.7707,3172.84
2852,2020-10-23,00:00:00.00,166.979,5759.57,139.426,67.6981,0,0,1939.07,112.992,0,0,0,178.19,0,0,139.426,139.426,67.6981,67.6981,2106.05,2052.06,1323.79,6487.83,6666.02,3381.09,3381.09,2150.69,1086.76,1086.76,4272.37,64.7707,3174.2
2853,2020-10-24,00:00:00.00,166.979,5760.91,139.462,67.6981,0,0,1939.07,112.992,0,0,0,178.221,0,0,139.462,139.462,67.6981,67.6981,2106.05,2052.06,1323.83,6489.13,6667.35,3383.36,3383.36,2151.99,1089.06,1089.06,4272.37,64.7707,3175.17
2854,2020-10-25,00:00:00.00,166.979,5760.91,139.462,67.6981,0,0,1939.07,112.992,0,0,0,178.221,0,0,139.462,139.462,67.6981,67.6981,2106.05,2052.06,1323.83,6489.13,6667.35,3383.36,3383.36,2151.99,1089.06,1089.06,4272.37,64.7707,3176.04
2855,2020-10-26,00:00:00.00,166.979,5761.67,139.482,67.6981,0,0,1939.07,112.992,0,0,0,178.238,0,0,139.482,139.482,67.6981,67.6981,2106.05,2052.06,1323.86,6489.87,6668.11,3383.36,3383.36,2152.72,1089.06,1089.06,4272.37,64.7707,3176.82
2856,2020-10-27,00:00:00.00,166.979,5761.67,139.482,67.6981,0,0,1939.07,112.992,0,0,0,178.238,0,0,139.482,139.482,67.6981,67.6981,2106.05,2052.06,1323.86,6489.87,6668.11,3383.36,3383.36,2152.72,1089.06,1089.06,4272.37,64.7707,3177.51
2857,2020-10-28,00:00:00.00,166.979,5766.27,139.605,67.6981,0,0,1939.07,112.992,0,0,0,178.343,0,0,139.605,139.605,67.6981,67.6981,2106.05,2052.06,1324.02,6494.31,6672.65,3383.36,3383.36,2153.88,1089.06,1089.06,4275.66,64.7707,3178.48
2858,2020-10-29,00:00:00.00,166.979,5766.27,139.605,67.6981,0,0,1939.07,112.992,0,0,0,178.343,0,0,139.605,139.605,67.6981,67.6981,2106.05,2052.06,1324.02,6494.31,6672.65,3383.36,3383.36,2153.88,1089.06,1089.06,4275.66,64.7707,3179.34
2859,2020-10-30,00:00:00.00,166.979,5766.27,139.605,67.6981,0,0,1939.07,112.992,0,0,0,178.343,0,0,139.605,139.605,67.6981,67.6981,2106.05,2052.06,1324.02,6494.31,6672.65,3383.36,3383.36,2153.88,1089.06,1089.06,4275.66,64.7707,3180.11
2860,2020-10-31,00:00:00.00,166.979,5766.27,139.605,67.6981,0,0,1939.07,112.992,0,0,0,178.343,0,0,139.605,139.605,67.6981,67.6981,2106.05,2052.06,1324.02,6494.31,6672.65,3383.36,3383.36,2153.88,1089.06,1089.06,4275.66,64.7707,3180.81
2861,2020-11-01,00:00:00.00,166.979,5767.35,139.634,67.7444,0,0,1940.37,112.992,0,0,0,178.398,0,0,139.634,139.634,67.7444,67.7444,2106.05,2052.06,1324.04,6495.37,6673.76,3383.36,3383.36,2154.81,1089.06,1089.06,4275.79,64.7707,3181.44
2862,2020-11-02,00:00:00.00,166.979,5769.52,139.693,67.9506,0,0,1946.14,113.037,0,0,0,178.581,0,0,139.693,139.693,67.9506,67.9506,2106.85,2052.69,1324.1,6498.11,6676.69,3383.36,3383.36,2155.57,1089.1,1089.1,4277.77,64.7707,3182.21
2863,2020-11-03,00:00:00.00,167.046,5769.52,139.693,67.9506,0,0,1946.14,113.037,0,0,0,178.581,0,0,139.693,139.693,67.9506,67.9506,2106.85,2052.69,1324.1,6498.11,6676.69,3383.36,3383.36,2155.57,1089.1,1089.1,4277.77,64.7707,3182.9
2864,2020-11-04,00:00:00.00,167.046,5769.52,139.693,67.9506,0,0,1946.14,113.037,0,0,0,178.581,0,0,139.693,139.693,67.9506,67.9506,2111.32,2057.25,1324.18,6502.58,6681.17,3383.41,3383.41,2156.18,1089.35,1089.35,4281.64,64.7707,3183.9
2865,2020-11-05,00:00:00.00,167.046,5769.52,139.693,67.9506,0,0,1946.14,113.037,0,0,0,178.581,0,0,139.693,139.693,67.9506,67.9506,2113.19,2059.18,1324.21,6504.49,6683.07,3384.21,3384.21,2156.82,1090.15,1090.15,4282.9,64.7707,3184.84
2866,2020-11-06,00:00:00.00,167.046,5769.52,139.693,67.9506,0,0,1946.14,113.037,0,0,0,178.581,0,0,139.693,139.693,67.9506,67.9506,2113.19,2059.18,1324.21,6504.49,6683.07,3385.01,3385.01,2156.82,1090.96,1090.96,4282.9,64.7707,3185.6
2867,2020-11-07,00:00:00.00,167.046,5769.52,139.693,67.9506,0,0,1946.14,113.037,0,0,0,178.581,0,0,139.693,139.693,67.9506,67.9506,2113.19,2059.18,1324.21,6504.49,6683.07,3385.82,3385.82,2156.82,1091.76,1091.76,4282.9,64.7707,3186.19
2868,2020-11-08,00:00:00.00,167.046,5769.52,139.693,67.9506,0,0,1946.14,113.037,0,0,0,178.581,0,0,139.693,139.693,67.9506,67.9506,2113.19,2059.18,1324.21,6504.49,6683.07,3386.62,3386.62,2156.82,1092.56,1092.56,4282.9,64.7707,3186.63
2869,2020-11-09,00:00:00.00,167.046,5769.52,139.693,67.9506,0,0,1946.14,113.037,0,0,0,178.581,0,0,139.693,139.693,67.9506,67.9506,2113.19,2059.18,1324.21,6504.49,6683.07,3387.43,3387.43,2156.82,1093.37,1093.37,4282.9,64.7707,3186.94
2870,2020-11-10,00:00:00.00,167.046,5769.52,139.693,67.9506,0,0,1946.14,113.037,0,0,0,178.581,0,0,139.693,139.693,67.9506,67.9506,2113.19,2059.18,1324.21,6504.49,6683.07,3388.23,3388.23,2156.82,1094.17,1094.17,4282.9,64.7707,3187.13
2871,2020-11-11,00:00:00.00,167.046,5773.73,139.806,67.9506,0,0,1946.14,113.037,0,0,0,178.677,0,0,139.806,139.806,67.9506,67.9506,2113.19,2059.18,1324.36,6508.55,6687.23,3388.92,3388.92,2158.19,1094.9,1094.9,4285.59,64.7707,3187.51
2872,2020-11-12,00:00:00.00,167.046,5773.73,139.806,67.9506,0,0,1946.14,113.037,0,0,0,178.677,0,0,139.806,139.806,67.9506,67.9506,2113.19,2059.18,1324.36,6508.55,6687.23,3389.73,3389.73,2158.19,1095.7,1095.7,4285.59,64.7707,3187.76
2873,2020-11-13,00:00:00.00,167.046,5773.73,139.806,67.9506,0,0,1946.14,113.037,0,0,0,178.677,0,0,139.806,139.806,67.9506,67.9506,2113.19,2059.18,1324.36,6508.55,6687.23,3390.53,3390.53,2158.19,1096.5,1096.5,4285.59,64.7707,3187.9
2874,2020-11-14,00:00:00.00,167.046,5773.73,139.806,67.9506,0,0,1946.14,113.037,0,0,0,178.677,0,0,139.806,139.806,67.9506,67.9506,2113.19,2059.18,1324.36,6508.55,6687.23,3391.07,3391.07,2158.19,1097,1097,4285.59,64.7707,3187.98
2875,2020-11-15,00:00:00.00,167.046,5779.28,139.955,67.9506,0,0,1946.14,113.037,0,0,0,178.804,0,0,139.955,139.955,67.9506,67.9506,2113.19,2059.18,1324.59,6513.87,6692.67,3391.39,3391.39,2159.72,1097.33,1097.33,4289.38,64.7707,3188.41
2876,2020-11-16,00:00:00.00,167.046,5797.09,140.431,67.9506,0,0,1946.14,113.037,0,0,0,179.21,0,0,140.431,140.431,67.9506,67.9506,2113.19,2059.18,1325.22,6531.05,6710.26,3392.01,3392.01,2160.97,1098.13,1098.13,4305.31,64.7707,3190.41
2877,2020-11-17,00:00:00.00,167.046,5797.09,140.431,68.0184,0,0,1948.04,113.037,0,0,0,179.254,0,0,140.431,140.431,68.0184,68.0184,2114.98,2060.96,1325.27,6532.79,6712.04,3392.12,3392.12,2161.98,1098.28,1098.28,4306.03,64.7707,3192.26
2878,2020-11-18,00:00:00.00,167.05,5797.09,140.431,68.0184,0,0,1948.04,113.037,0,0,0,179.254,0,0,140.431,140.431,68.0184,68.0184,2114.98,2060.96,1325.27,6532.79,6712.04,3392.12,3392.12,2161.98,1098.28,1098.28,4306.03,64.7707,3193.91
2879,2020-11-19,00:00:00.00,167.05,5797.09,140.431,68.0184,0,0,1948.04,113.037,0,0,0,179.254,0,0,140.431,140.431,68.0184,68.0184,2114.98,2060.96,1325.27,6532.79,6712.04,3392.12,3392.12,2161.98,1098.28,1098.28,4306.03,64.7707,3195.39
2880,2020-11-20,00:00:00.00,167.05,5797.09,140.431,68.0184,0,0,1948.04,113.037,0,0,0,179.254,0,0,140.431,140.431,68.0184,68.0184,2115.09,2061.08,1325.27,6532.9,6712.15,3392.77,3392.77,2162.09,1098.92,1098.92,4306.03,64.7707,3196.64
2881,2020-11-21,00:00:00.00,167.05,5797.09,140.431,68.0184,0,0,1948.04,113.037,0,0,0,179.254,0,0,140.431,140.431,68.0184,68.0184,2115.09,2061.08,1325.27,6532.9,6712.15,3393.57,3393.57,2162.09,1099.73,1099.73,4306.03,64.7707,3197.67
2882,2020-11-22,00:00:00.00,167.05,5797.09,140.431,68.0184,0,0,1948.04,113.037,0,0,0,179.254,0,0,140.431,140.431,68.0184,68.0184,2115.09,2061.08,1325.27,6532.9,6712.15,3393.92,3393.92,2162.09,1100.07,1100.07,4306.03,64.7707,3198.55
2883,2020-11-23,00:00:00.00,167.05,5797.09,140.431,68.5944,0,0,1964.17,113.037,0,0,0,179.625,0,0,140.431,140.431,68.5944,68.5944,2115.09,2061.08,1325.27,6532.9,6712.52,3393.92,3393.92,2162.09,1100.07,1100.07,4306.03,64.7707,3199.34
2884,2020-11-24,00:00:00.00,167.05,5797.09,140.431,68.5944,0,0,1964.17,113.037,0,0,0,179.625,0,0,140.431,140.431,68.5944,68.5944,2115.09,2061.08,1325.27,6532.9,6712.52,3393.92,3393.92,2162.09,1100.07,1100.07,4306.03,64.7707,3200.05
2885,2020-11-25,00:00:00.00,167.05,5797.09,140.431,68.6486,0,0,1965.69,113.037,0,0,0,179.66,0,0,140.431,140.431,68.6486,68.6486,2115.09,2061.08,1325.27,6532.9,6712.56,3393.92,3393.92,2162.09,1100.07,1100.07,4306.03,64.7707,3200.68
2886,2020-11-26,00:00:00.00,167.05,5807.42,140.724,68.6677,0,0,1966.23,113.65,0,0,0,179.922,0,0,140.724,140.724,68.6677,68.6677,2118,2064.07,1325.7,6545.79,6725.71,3393.93,3393.93,2163.16,1100.27,1100.27,4317.86,64.7707,3202.48
2887,2020-11-27,00:00:00.00,167.05,5807.42,140.724,68.6677,0,0,1966.23,113.65,0,0,0,179.922,0,0,140.724,140.724,68.6677,68.6677,2129.87,2076.35,1326,6557.77,6737.69,3394.08,3394.08,2164.01,1101.06,1101.06,4328.99,64.7707,3205.19
2888,2020-11-28,00:00:00.00,167.05,5809.34,140.775,68.6677,0,0,1966.23,113.65,0,0,0,179.966,0,0,140.775,140.775,68.6677,68.6677,2132.53,2079.11,1326.09,6562.35,6742.32,3394.83,3394.83,2164.82,1101.87,1101.87,4332.76,64.7707,3207.93
2889,2020-11-29,00:00:00.00,167.05,5809.34,140.775,68.6677,0,0,1966.23,113.65,0,0,0,179.966,0,0,140.775,140.775,68.6677,68.6677,2132.85,2079.43,1326.1,6562.67,6742.64,3395.23,3395.23,2164.92,1102.26,1102.26,4332.98,64.7707,3210.36
2890,2020-11-30,00:00:00.00,167.05,5809.34,140.775,68.6677,0,0,1966.23,113.65,0,0,0,179.966,0,0,140.775,140.775,68.6677,68.6677,2133.28,2079.88,1326.11,6563.11,6743.08,3395.82,3395.82,2165.02,1102.86,1102.86,4333.32,64.7707,3212.5
2891,2020-12-01,00:00:00.00,167.05,5815.27,140.934,68.8371,0,0,1970.97,113.65,0,0,0,180.21,0,0,140.934,140.934,68.8371,68.8371,2137.55,2084.13,1326.34,6573.07,6753.28,3395.84,3395.84,2165.79,1103.15,1103.15,4342.51,64.7707,3215.36
2892,2020-12-02,00:00:00.00,167.066,5815.27,140.934,68.9048,0,0,1972.87,113.65,0,0,0,180.254,0,0,140.934,140.934,68.9048,68.9048,2137.55,2084.13,1326.34,6573.07,6753.32,3395.84,3395.84,2165.79,1103.34,1103.34,4342.51,64.7707,3217.9
2893,2020-12-03,00:00:00.00,167.066,5815.27,140.934,68.9048,0,0,1972.87,113.65,0,0,0,180.254,0,0,140.934,140.934,68.9048,68.9048,2137.55,2084.13,1326.34,6573.07,6753.32,3395.89,3395.89,2165.79,1103.6,1103.6,4342.51,64.7707,3220.14
2894,2020-12-04,00:00:00.00,167.066,5815.27,140.934,69.0742,0,0,1977.62,113.65,0,0,0,180.363,0,0,140.934,140.934,69.0742,69.0742,2137.55,2084.13,1326.34,6573.07,6753.43,3395.9,3395.9,2165.79,1103.76,1103.76,4342.51,64.7707,3222.12
2895,2020-12-05,00:00:00.00,167.066,5815.27,140.934,69.1759,0,0,1980.47,113.65,0,0,0,180.429,0,0,140.934,140.934,69.1759,69.1759,2137.55,2084.13,1326.34,6573.07,6753.49,3395.91,3395.91,2165.79,1104.03,1104.03,4342.51,64.7707,3223.86
2896,2020-12-06,00:00:00.00,167.066,5815.27,140.934,69.1759,0,0,1980.47,113.65,0,0,0,180.429,0,0,140.934,140.934,69.1759,69.1759,2137.55,2084.13,1326.34,6573.07,6753.49,3395.95,3395.95,2165.79,1104.23,1104.23,4342.51,64.7707,3225.4
2897,2020-12-07,00:00:00.00,167.066,5815.27,140.934,69.1759,0,0,1980.47,113.65,0,0,0,180.429,0,0,140.934,140.934,69.1759,69.1759,2137.55,2084.13,1326.34,6573.07,6753.49,3395.95,3395.95,2165.79,1104.24,1104.24,4342.51,64.7707,3226.77
2898,2020-12-08,00:00:00.00,167.066,5815.27,140.934,69.1759,0,0,1980.47,113.65,0,0,0,180.429,0,0,140.934,140.934,69.1759,69.1759,2137.55,2084.13,1326.34,6573.07,6753.49,3395.96,3395.96,2165.79,1104.26,1104.26,4342.51,64.7707,3227.99
2899,2020-12-09,00:00:00.00,167.066,5815.27,140.934,69.2775,0,0,1983.31,113.65,0,0,0,180.494,0,0,140.934,140.934,69.2775,69.2775,2137.55,2084.13,1326.34,6573.07,6753.56,3395.96,3395.96,2165.79,1104.26,1104.26,4342.51,64.7707,3229.09
2900,2020-12-10,00:00:00.00,167.066,5815.27,140.934,69.2775,0,0,1983.31,113.65,0,0,0,180.494,0,0,140.934,140.934,69.2775,69.2775,2137.55,2084.13,1326.34,6573.07,6753.56,3395.99,3395.99,2165.79,1104.43,1104.43,4342.51,64.7707,3230.04
2901,2020-12-11,00:00:00.00,167.066,5815.27,140.934,69.2775,0,0,1983.31,113.65,0,0,0,180.494,0,0,140.934,140.934,69.2775,69.2775,2141.61,2087.89,1326.41,6576.76,6757.25,3396.05,3396.05,2166.43,1104.74,1104.74,4345.55,64.7707,3231.19
2902,2020-12-12,00:00:00.00,167.066,5815.85,140.95,69.2775,0,0,1983.31,113.65,0,0,0,180.508,0,0,140.95,140.95,69.2775,69.2775,2149.03,2095.57,1326.53,6584.88,6765.39,3396.27,3396.27,2166.98,1105.06,1105.06,4353.13,64.7707,3232.99
2903,2020-12-13,00:00:00.00,167.066,5825.42,141.206,69.2775,0,0,1983.31,113.65,0,0,0,180.726,0,0,141.206,141.206,69.2775,69.2775,2149.61,2096.17,1326.65,6594.94,6775.66,3396.5,3396.5,2167.44,1105.37,1105.37,4362.72,64.7707,3235.59
2904,2020-12-14,00:00:00.00,167.093,5825.42,141.206,69.2775,0,0,1983.31,113.65,0,0,0,180.726,0,0,141.206,141.206,69.2775,69.2775,2149.61,2096.17,1326.65,6594.94,6775.66,3396.68,3396.68,2167.44,1105.56,1105.56,4362.72,64.7707,3237.88
2905,2020-12-15,00:00:00.00,167.093,5825.42,141.206,69.3791,0,0,1986.16,113.65,0,0,0,180.791,0,0,141.206,141.206,69.3791,69.3791,2149.61,2096.17,1326.65,6594.94,6775.73,3396.69,3396.69,2167.44,1105.72,1105.72,4362.72,64.7707,3239.92
2906,2020-12-16,00:00:00.00,167.093,5825.42,141.206,69.3791,0,0,1986.16,113.65,0,0,0,180.791,0,0,141.206,141.206,69.3791,69.3791,2149.61,2096.17,1326.65,6594.94,6775.73,3396.69,3396.69,2167.44,1105.72,1105.72,4362.72,64.7707,3241.74
2907,2020-12-17,00:00:00.00,167.093,5825.42,141.206,69.413,0,0,1987.11,113.65,0,0,0,180.813,0,0,141.206,141.206,69.413,69.413,2149.61,2096.17,1326.65,6594.94,6775.75,3396.69,3396.69,2167.44,1105.72,1105.72,4362.72,64.7707,3243.37
2908,2020-12-18,00:00:00.00,167.093,5825.42,141.206,69.413,0,0,1987.11,113.65,0,0,0,180.813,0,0,141.206,141.206,69.413,69.413,2149.61,2096.17,1326.65,6594.94,6775.75,3396.69,3396.69,2167.44,1105.72,1105.72,4362.72,64.7707,3244.82
2909,2020-12-19,00:00:00.00,167.093,5825.42,141.206,69.413,0,0,1987.11,113.65,0,0,0,180.813,0,0,141.206,141.206,69.413,69.413,2149.61,2096.17,1326.65,6594.94,6775.75,3396.69,3396.69,2167.44,1105.72,1105.72,4362.72,64.7707,3246.12
2910,2020-12-20,00:00:00.00,167.093,5825.42,141.206,69.5824,0,0,1991.85,113.65,0,0,0,180.923,0,0,141.206,141.206,69.5824,69.5824,2149.61,2096.17,1326.65,6594.94,6775.86,3396.69,3396.69,2167.44,1105.72,1105.72,4362.72,64.7707,3247.28
2911,2020-12-21,00:00:00.00,167.093,5825.42,141.206,69.5824,0,0,1991.85,113.65,0,0,0,180.923,0,0,141.206,141.206,69.5824,69.5824,2149.61,2096.17,1326.65,6594.94,6775.86,3396.75,3396.75,2167.44,1106,1106,4362.72,64.7707,3248.28
2912,2020-12-22,00:00:00.00,167.093,5825.42,141.206,69.6163,0,0,1992.8,113.65,0,0,0,180.944,0,0,141.206,141.206,69.6163,69.6163,2149.61,2096.17,1326.65,6594.94,6775.88,3396.76,3396.76,2167.44,1106.23,1106.23,4362.72,64.7707,3249.16
2913,2020-12-23,00:00:00.00,167.093,5825.42,141.206,69.6163,0,0,1992.8,113.65,0,0,0,180.944,0,0,141.206,141.206,69.6163,69.6163,2149.61,2096.17,1326.65,6594.94,6775.88,3396.79,3396.79,2167.44,1106.41,1106.41,4362.72,64.7707,3249.92
2914,2020-12-24,00:00:00.00,167.093,5827.55,141.272,69.6163,0,0,1992.8,114.007,0,0,0,181.001,0,0,141.272,141.272,69.6163,69.6163,2154.27,2100.99,1326.74,6601.81,6782.81,3396.81,3396.81,2167.86,1106.73,1106.73,4369.17,64.7707,3251.25
2915,2020-12-25,00:00:00.00,167.093,5829.85,141.334,69.8874,0,0,2000.39,114.007,0,0,0,181.228,0,0,141.334,141.334,69.8874,69.8874,2162.34,2109.07,1326.83,6612.09,6793.32,3396.82,3396.82,2168.19,1107.04,1107.04,4379.13,64.7707,3253.47
2916,2020-12-26,00:00:00.00,167.272,5829.85,141.334,70.1245,0,0,2007.04,114.007,0,0,0,181.381,0,0,141.334,141.334,70.1245,70.1245,2162.34,2109.07,1326.83,6612.09,6793.47,3396.82,3396.82,2168.19,1107.21,1107.21,4379.13,64.7707,3255.44
2917,2020-12-27,00:00:00.00,167.272,5829.85,141.334,70.4294,0,0,2015.58,114.007,0,0,0,181.578,0,0,141.334,141.334,70.4294,70.4294,2162.34,2109.07,1326.83,6612.09,6793.67,3396.82,3396.82,2168.19,1107.21,1107.21,4379.13,64.7707,3257.2
2918,2020-12-28,00:00:00.00,167.272,5829.85,141.334,71.0054,0,0,2031.71,114.007,0,0,0,181.949,0,0,141.334,141.334,71.0054,71.0054,2162.34,2109.07,1326.83,6612.09,6794.04,3396.83,3396.83,2168.19,1107.37,1107.37,4379.13,64.7707,3258.75
2919,2020-12-29,00:00:00.00,167.272,5829.85,141.334,71.0054,0,0,2031.71,114.007,0,0,0,181.949,0,0,141.334,141.334,71.0054,71.0054,2162.34,2109.07,1326.83,6612.09,6794.04,3396.85,3396.85,2168.19,1107.47,1107.47,4379.13,64.7707,3260.12
2920,2020-12-30,00:00:00.00,167.272,5829.85,141.334,71.1884,0,0,2036.84,114.007,0,0,0,182.067,0,0,141.334,141.334,71.1884,71.1884,2162.34,2109.07,1326.83,6612.09,6794.16,3396.85,3396.85,2168.19,1107.47,1107.47,4379.13,64.7707,3261.35
2921,2020-12-31,00:00:00.00,167.272,5829.85,141.334,71.4662,0,0,2044.62,114.007,0,0,0,182.246,0,0,141.334,141.334,71.4662,71.4662,2162.34,2109.07,1326.83,6612.09,6794.33,3396.85,3396.85,2168.19,1107.54,1107.54,4379.13,64.7707,3262.44
2922,2021-01-01,00:00:00.00,167.272,5829.85,141.334,71.4662,0,0,2044.62,114.007,0,0,0,182.246,0,0,141.334,141.334,71.4662,71.4662,2162.34,2109.07,1326.83,6612.09,6794.33,3396.88,3396.88,2168.19,1107.7,1107.7,4379.13,64.7707,3263.4
2923,2021-01-02,00:00:00.00,167.272,5829.85,141.334,71.7711,0,0,2053.16,114.007,0,0,0,182.443,0,0,141.334,141.334,71.7711,71.7711,2162.34,2109.07,1326.83,6612.09,6794.53,3396.89,3396.89,2168.19,1107.85,1107.85,4379.13,64.7707,3264.24
2924,2021-01-03,00:00:00.00,167.272,5829.85,141.334,71.7711,0,0,2053.16,114.007,0,0,0,182.443,0,0,141.334,141.334,71.7711,71.7711,2162.34,2109.07,1326.83,6612.09,6794.53,3396.92,3396.92,2168.19,1108.01,1108.01,4379.13,64.7707,3264.97
2925,2021-01-04,00:00:00.00,167.272,5829.85,141.334,72.0083,0,0,2059.8,114.007,0,0,0,182.596,0,0,141.334,141.334,72.0083,72.0083,2162.34,2109.07,1326.83,6612.09,6794.68,3396.92,3396.92,2168.19,1108.18,1108.18,4379.13,64.7707,3265.61
2926,2021-01-05,00:00:00.00,167.272,5829.85,141.334,72.0083,0,0,2059.8,114.007,0,0,0,182.596,0,0,141.334,141.334,72.0083,72.0083,2162.34,2109.07,1326.83,6612.09,6794.68,3396.95,3396.95,2168.19,1108.34,1108.34,4379.13,64.7707,3266.16
2927,2021-01-06,00:00:00.00,167.272,5829.85,141.334,72.0083,0,0,2059.8,114.007,0,0,0,182.596,0,0,141.334,141.334,72.0083,72.0083,2162.34,2109.07,1326.83,6612.09,6794.68,3396.99,3396.99,2168.19,1108.51,1108.51,4379.13,64.7707,3266.64
2928,2021-01-07,00:00:00.00,167.272,5829.85,141.334,72.0083,0,0,2059.8,114.007,0,0,0,182.596,0,0,141.334,141.334,72.0083,72.0083,2162.34,2109.07,1326.83,6612.09,6794.68,3397.02,3397.02,2168.19,1108.67,1108.67,4379.13,64.7707,3267.04
2929,2021-01-08,00:00:00.00,167.272,5829.85,141.334,72.0083,0,0,2059.8,114.007,0,0,0,182.596,0,0,141.334,141.334,72.0083,72.0083,2162.34,2109.07,1326.83,6612.09,6794.68,3397.05,3397.05,2168.19,1108.84,1108.84,4379.13,64.7707,3267.39
2930,2021-01-09,00:00:00.00,167.272,5829.85,141.334,72.0083,0,0,2059.8,114.007,0,0,0,182.596,0,0,141.334,141.334,72.0083,72.0083,2162.34,2109.07,1326.83,6612.09,6794.68,3397.06,3397.06,2168.19,1108.9,1108.9,4379.13,64.7707,3267.69
2931,2021-01-10,00:00:00.00,167.272,5829.85,141.334,72.0083,0,0,2059.8,114.007,0,0,0,182.596,0,0,141.334,141.334,72.0083,72.0083,2162.34,2109.07,1326.83,6612.09,6794.68,3397.09,3397.09,2168.19,1109.06,1109.06,4379.13,64.7707,3267.95
2932,2021-01-11,00:00:00.00,167.272,5829.85,141.334,72.0083,0,0,2059.8,114.007,0,0,0,182.596,0,0,141.334,141.334,72.0083,72.0083,2162.34,2109.07,1326.83,6612.09,6794.68,3397.13,3397.13,2168.19,1109.23,1109.23,4379.13,64.7707,3268.16
2933,2021-01-12,00:00:00.00,167.272,5829.85,141.334,72.0083,0,0,2059.8,114.007,0,0,0,182.596,0,0,141.334,141.334,72.0083,72.0083,2162.34,2109.07,1326.83,6612.09,6794.68,3397.16,3397.16,2168.19,1109.39,1109.39,4379.13,64.7707,3268.32
2934,2021-01-13,00:00:00.00,167.272,5829.85,141.334,72.0083,0,0,2059.8,114.007,0,0,0,182.596,0,0,141.334,141.334,72.0083,72.0083,2162.34,2109.07,1326.83,6612.09,6794.68,3397.19,3397.19,2168.19,1109.55,1109.55,4379.13,64.7707,3268.46
2935,2021-01-14,00:00:00.00,167.272,5829.85,141.334,72.0083,0,0,2059.8,114.007,0,0,0,182.596,0,0,141.334,141.334,72.0083,72.0083,2162.34,2109.07,1326.83,6612.09,6794.68,3397.22,3397.22,2168.19,1109.7,1109.7,4379.13,64.7707,3268.56
2936,2021-01-15,00:00:00.00,167.272,5829.85,141.334,72.0083,0,0,2059.8,114.007,0,0,0,182.596,0,0,141.334,141.334,72.0083,72.0083,2162.34,2109.07,1326.83,6612.09,6794.68,3397.25,3397.25,2168.19,1109.84,1109.84,4379.13,64.7707,3268.64
2937,2021-01-16,00:00:00.00,167.272,5829.85,141.349,72.0218,0,0,2060.18,114.581,0,0,0,182.617,0,0,141.349,141.349,72.0218,72.0218,2165.95,2111.19,1326.85,6614.18,6796.8,3397.26,3397.26,2168.43,1109.98,1109.98,4380.98,64.7707,3268.89
2938,2021-01-17,00:00:00.00,169.348,5829.85,141.349,72.0286,0,0,2060.37,114.581,0,0,0,182.622,0,0,141.349,141.349,72.0286,72.0286,2165.95,2111.19,1326.85,6614.18,6796.81,3397.29,3397.29,2168.43,1110.12,1110.12,4380.98,64.7707,3269.1
2939,2021-01-18,00:00:00.00,169.348,5829.85,141.349,72.0625,0,0,2061.32,114.581,0,0,0,182.644,0,0,141.349,141.349,72.0625,72.0625,2165.95,2111.19,1326.85,6614.18,6796.83,3397.29,3397.29,2168.43,1110.26,1110.26,4380.98,64.7707,3269.27
2940,2021-01-19,00:00:00.00,169.348,5829.85,141.349,72.1302,0,0,2063.22,114.581,0,0,0,182.687,0,0,141.349,141.349,72.1302,72.1302,2165.95,2111.19,1326.85,6614.18,6796.87,3397.3,3397.3,2168.43,1110.4,1110.4,4380.98,64.7707,3269.41
2941,2021-01-20,00:00:00.00,169.348,5829.85,141.349,72.1641,0,0,2064.17,114.581,0,0,0,182.709,0,0,141.349,141.349,72.1641,72.1641,2165.95,2111.19,1326.85,6614.18,6796.89,3397.31,3397.31,2168.43,1110.54,1110.54,4380.98,64.7707,3269.52
2942,2021-01-21,00:00:00.00,169.348,5829.85,141.349,72.1641,0,0,2064.17,114.581,0,0,0,182.709,0,0,141.349,141.349,72.1641,72.1641,2165.95,2111.19,1326.85,6614.18,6796.89,3397.32,3397.32,2168.43,1110.6,1110.6,4380.98,64.7707,3269.62
2943,2021-01-22,00:00:00.00,169.348,5829.85,141.349,72.2657,0,0,2067.02,114.581,0,0,0,182.775,0,0,141.349,141.349,72.2657,72.2657,2165.95,2111.19,1326.85,6614.18,6796.96,3397.32,3397.32,2168.43,1110.7,1110.7,4380.98,64.7707,3269.69
2944,2021-01-23,00:00:00.00,169.348,5829.85,141.349,72.2996,0,0,2067.97,114.581,0,0,0,182.797,0,0,141.349,141.349,72.2996,72.2996,2165.95,2111.19,1326.85,6614.18,6796.98,3397.33,3397.33,2168.43,1110.84,1110.84,4380.98,64.7707,3269.74
2945,2021-01-24,00:00:00.00,169.348,5829.85,141.349,72.2996,0,0,2067.97,114.581,0,0,0,182.797,0,0,141.349,141.349,72.2996,72.2996,2165.95,2111.19,1326.85,6614.18,6796.98,3397.33,3397.33,2168.43,1110.84,1110.84,4380.98,64.7707,3269.78
2946,2021-01-25,00:00:00.00,169.348,5829.85,141.349,72.2996,0,0,2067.97,114.581,0,0,0,182.797,0,0,141.349,141.349,72.2996,72.2996,2165.95,2111.19,1326.85,6614.18,6796.98,3397.33,3397.33,2168.43,1110.84,1110.84,4380.98,64.7707,3269.82
2947,2021-01-26,00:00:00.00,169.348,5829.85,141.349,72.2996,0,0,2067.97,114.581,0,0,0,182.797,0,0,141.349,141.349,72.2996,72.2996,2165.95,2111.19,1326.85,6614.18,6796.98,3397.36,3397.36,2168.43,1110.95,1110.95,4380.98,64.7707,3269.84
2948,2021-01-27,00:00:00.00,169.348,5829.85,141.349,72.6384,0,0,2077.46,114.581,0,0,0,183.015,0,0,141.349,141.349,72.6384,72.6384,2165.95,2111.19,1326.85,6614.18,6797.2,3397.36,3397.36,2168.43,1111.09,1111.09,4380.98,64.7707,3269.85
2949,2021-01-28,00:00:00.00,169.348,5829.85,141.349,72.6384,0,0,2077.46,114.581,0,0,0,183.015,0,0,141.349,141.349,72.6384,72.6384,2165.95,2111.19,1326.85,6614.18,6797.2,3397.38,3397.38,2168.43,1111.14,1111.14,4380.98,64.7707,3269.85
2950,2021-01-29,00:00:00.00,169.348,5829.85,141.349,72.6384,0,0,2077.46,114.581,0,0,0,183.015,0,0,141.349,141.349,72.6384,72.6384,2165.95,2111.19,1326.85,6614.18,6797.2,3397.38,3397.38,2168.43,1111.14,1111.14,4380.98,64.7707,3269.85
2951,2021-01-30,00:00:00.00,169.348,5829.85,141.349,72.652,0,0,2077.84,114.581,0,0,0,183.024,0,0,141.349,141.349,72.652,72.652,2165.95,2111.19,1326.85,6614.18,6797.21,3397.38,3397.38,2168.43,1111.14,1111.14,4380.98,64.7707,3269.85
2952,2021-01-31,00:00:00.00,169.348,5829.85,141.349,72.652,0,0,2077.84,114.581,0,0,0,183.024,0,0,141.349,141.349,72.652,72.652,2165.95,2111.19,1326.85,6614.18,6797.21,3397.38,3397.38,2168.43,1111.14,1111.14,4380.98,64.7707,3269.85
2953,2021-02-01,00:00:00.00,169.348,5829.85,141.349,72.652,0,0,2077.84,114.581,0,0,0,183.024,0,0,141.349,141.349,72.652,72.652,2165.95,2111.19,1326.85,6614.18,6797.21,3397.38,3397.38,2168.43,1111.14,1111.14,4380.98,64.7707,3269.85
2954,2021-02-02,00:00:00.00,169.348,5829.85,141.349,72.652,0,0,2077.84,114.581,0,0,0,183.024,0,0,141.349,141.349,72.652,72.652,2165.95,2111.19,1326.85,6614.18,6797.21,3397.39,3397.39,2168.43,1111.14,1111.14,4380.98,64.7707,3269.85
2955,2021-02-03,00:00:00.00,169.348,5829.85,141.349,72.652,0,0,2077.84,114.581,0,0,0,183.024,0,0,141.349,141.349,72.652,72.652,2165.95,2111.19,1326.85,6614.18,6797.21,3397.42,3397.42,2168.43,1111.14,1111.14,4380.98,64.7707,3269.85
2956,2021-02-04,00:00:00.00,169.348,5829.85,141.349,72.652,0,0,2077.84,114.581,0,0,0,183.024,0,0,141.349,141.349,72.652,72.652,2165.95,2111.19,1326.85,6614.18,6797.21,3397.46,3397.46,2168.43,1111.14,1111.14,4380.98,64.7707,3269.85
2957,2021-02-05,00:00:00.00,169.348,5829.85,141.349,72.8891,0,0,2084.48,114.581,0,0,0,183.177,0,0,141.349,141.349,72.8891,72.8891,2165.95,2111.19,1326.85,6614.18,6797.36,3397.46,3397.46,2168.43,1111.14,1111.14,4380.98,64.7707,3269.85
2958,2021-02-06,00:00:00.00,169.348,5829.85,141.349,72.9908,0,0,2087.33,114.581,0,0,0,183.242,0,0,141.349,141.349,72.9908,72.9908,2165.95,2111.19,1326.85,6614.18,6797.43,3397.46,3397.46,2168.43,1111.14,1111.14,4380.98,64.7707,3269.85
2959,2021-02-07,00:00:00.00,169.348,5829.85,141.349,73.1263,0,0,2091.12,114.581,0,0,0,183.329,0,0,141.349,141.349,73.1263,73.1263,2165.95,2111.19,1326.85,6614.18,6797.51,3397.46,3397.46,2168.43,1111.14,1111.14,4380.98,64.7707,3269.85
2960,2021-02-08,00:00:00.00,169.348,5829.85,141.349,73.1331,0,0,2091.31,114.581,0,0,0,183.334,0,0,141.349,141.349,73.1331,73.1331,2165.95,2111.19,1326.85,6614.18,6797.52,3397.46,3397.46,2168.43,1111.14,1111.14,4380.98,64.7707,3269.85
2961,2021-02-09,00:00:00.00,169.348,5829.85,141.349,73.1534,0,0,2091.88,114.581,0,0,0,183.347,0,0,141.349,141.349,73.1534,73.1534,2165.95,2111.19,1326.85,6614.18,6797.53,3397.46,3397.46,2168.43,1111.14,1111.14,4380.98,64.7707,3269.85
2962,2021-02-10,00:00:00.00,169.348,5829.85,141.349,73.1534,0,0,2091.88,114.581,0,0,0,183.347,0,0,141.349,141.349,73.1534,73.1534,2165.95,2111.19,1326.85,6614.18,6797.53,3397.46,3397.46,2168.43,1111.14,1111.14,4380.98,64.7707,3269.85
2963,2021-02-11,00:00:00.00,169.348,5829.85,141.349,73.1534,0,0,2091.88,114.581,0,0,0,183.347,0,0,141.349,141.349,73.1534,73.1534,2165.95,2111.19,1326.85,6614.18,6797.53,3397.46,3397.46,2168.43,1111.14,1111.14,4380.98,64.7707,3269.85
2964,2021-02-12,00:00:00.00,169.348,5829.85,141.349,73.1873,0,0,2092.83,114.581,0,0,0,183.369,0,0,141.349,141.349,73.1873,73.1873,2165.95,2111.19,1326.85,6614.18,6797.55,3397.46,3397.46,2168.43,1111.14,1111.14,4380.98,64.7707,3269.85
2965,2021-02-13,00:00:00.00,169.348,5829.85,141.349,73.1873,0,0,2092.83,114.581,0,0,0,183.369,0,0,141.349,141.349,73.1873,73.1873,2165.95,2111.19,1326.85,6614.18,6797.55,3397.46,3397.46,2168.43,1111.14,1111.14,4380.98,64.7707,3269.85
2966,2021-02-14,00:00:00.00,169.348,5829.85,141.349,73.3567,0,0,2097.58,114.581,0,0,0,183.478,0,0,141.349,141.349,73.3567,73.3567,2165.95,2111.19,1326.85,6614.18,6797.66,3397.46,3397.46,2168.43,1111.14,1111.14,4380.98,64.7707,3269.85
2967,2021-02-15,00:00:00.00,169.348,5829.85,141.349,73.4245,0,0,2099.47,114.581,0,0,0,183.522,0,0,141.349,141.349,73.4245,73.4245,2165.95,2111.19,1326.85,6614.18,6797.71,3397.46,3397.46,2168.43,1111.14,1111.14,4380.98,64.7707,3269.85
2968,2021-02-16,00:00:00.00,169.348,5829.85,141.349,73.8649,0,0,2111.81,114.581,0,0,0,183.806,0,0,141.349,141.349,73.8649,73.8649,2165.95,2111.19,1326.85,6614.18,6797.99,3397.46,3397.46,2168.43,1111.14,1111.14,4380.98,64.7707,3269.85
2969,2021-02-17,00:00:00.00,169.348,5829.85,141.349,73.9327,0,0,2113.71,114.581,0,0,0,183.849,0,0,141.349,141.349,73.9327,73.9327,2165.95,2111.19,1326.85,6614.18,6798.03,3397.46,3397.46,2168.43,1111.14,1111.14,4380.98,64.7707,3269.85
2970,2021-02-18,00:00:00.00,169.348,5829.85,141.349,73.9327,0,0,2113.71,114.581,0,0,0,183.849,0,0,141.349,141.349,73.9327,73.9327,2165.95,2111.19,1326.85,6614.18,6798.03,3397.46,3397.46,2168.43,1111.14,1111.14,4380.98,64.7707,3269.85
2971,2021-02-19,00:00:00.00,169.348,5829.85,141.349,74.1359,0,0,2119.4,114.581,0,0,0,183.98,0,0,141.349,141.349,74.1359,74.1359,2165.95,2111.19,1326.85,6614.18,6798.16,3397.46,3397.46,2168.43,1111.14,1111.14,4380.98,64.7707,3269.85
2972,2021-02-20,00:00:00.00,169.348,5829.85,141.349,74.2376,0,0,2122.25,114.581,0,0,0,184.046,0,0,141.349,141.349,74.2376,74.2376,2165.95,2111.19,1326.85,6614.18,6798.23,3397.47,3397.47,2168.43,1111.14,1111.14,4380.98,64.7707,3269.85
2973,2021-02-21,00:00:00.00,169.348,5829.85,141.349,74.2376,0,0,2122.25,114.581,0,0,0,184.046,0,0,141.349,141.349,74.2376,74.2376,2165.95,2111.19,1326.85,6614.18,6798.23,3397.5,3397.5,2168.43,1111.14,1111.14,4380.98,64.7707,3269.85
2974,2021-02-22,00:00:00.00,169.348,5829.85,141.349,74.5086,0,0,2129.84,114.581,0,0,0,184.221,0,0,141.349,141.349,74.5086,74.5086,2165.95,2111.19,1326.85,6614.18,6798.41,3397.5,3397.5,2168.43,1111.14,1111.14,4380.98,64.7707,3269.85
2975,2021-02-23,00:00:00.00,169.348,5829.85,141.349,74.5764,0,0,2131.74,114.581,0,0,0,184.264,0,0,141.349,141.349,74.5764,74.5764,2165.95,2111.19,1326.85,6614.18,6798.45,3397.5,3397.5,2168.43,1111.14,1111.14,4380.98,64.7707,3269.85
2976,2021-02-24,00:00:00.00,169.348,5829.85,141.349,74.6103,0,0,2132.69,114.581,0,0,0,184.286,0,0,141.349,141.349,74.6103,74.6103,2166.88,2111.19,1326.85,6614.18,6798.47,3397.52,3397.52,2168.43,1111.14,1111.14,4380.98,64.7707,3269.85
2977,2021-02-25,00:00:00.00,169.348,5829.85,141.349,74.6103,0,0,2132.69,114.581,0,0,0,184.286,0,0,141.349,141.349,74.6103,74.6103,2173.25,2114.25,1326.87,6617.23,6801.51,3397.56,3397.56,2168.64,1111.14,1111.14,4383.82,64.7707,3270.15
2978,2021-02-26,00:00:00.00,173.575,5829.85,141.349,74.6441,0,0,2133.64,114.581,0,0,0,184.308,0,0,141.349,141.349,74.6441,74.6441,2173.25,2114.25,1326.87,6617.23,6801.54,3397.58,3397.58,2168.64,1111.36,1111.36,4383.82,64.7707,3270.39
2979,2021-02-27,00:00:00.00,173.575,5829.85,141.349,74.7797,0,0,2137.43,114.581,0,0,0,184.395,0,0,141.349,141.349,74.7797,74.7797,2173.25,2114.25,1326.87,6617.23,6801.62,3397.59,3397.59,2168.64,1111.51,1111.51,4383.82,64.7707,3270.6
2980,2021-02-28,00:00:00.00,173.575,5829.85,141.349,74.7797,0,0,2137.43,114.581,0,0,0,184.395,0,0,141.349,141.349,74.7797,74.7797,2173.25,2114.25,1326.87,6617.23,6801.62,3397.63,3397.63,2168.64,1111.66,1111.66,4383.82,64.7707,3270.76
2981,2021-03-01,00:00:00.00,173.575,5829.85,141.349,74.7797,0,0,2137.43,114.581,0,0,0,184.395,0,0,141.349,141.349,74.7797,74.7797,2173.25,2114.25,1326.87,6617.23,6801.62,3397.67,3397.67,2168.64,1111.87,1111.87,4383.82,64.7707,3270.89
2982,2021-03-02,00:00:00.00,173.575,5829.85,141.349,74.8813,0,0,2140.28,114.581,0,0,0,184.461,0,0,141.349,141.349,74.8813,74.8813,2173.25,2114.25,1326.87,6617.23,6801.69,3397.69,3397.69,2168.64,1112.11,1112.11,4383.82,64.7707,3270.98
2983,2021-03-03,00:00:00.00,173.575,5829.85,141.349,74.8813,0,0,2140.28,114.581,0,0,0,184.461,0,0,141.349,141.349,74.8813,74.8813,2173.25,2114.25,1326.87,6617.23,6801.69,3397.69,3397.69,2168.64,1112.11,1112.11,4383.82,64.7707,3271.05
2984,2021-03-04,00:00:00.00,173.575,5829.85,141.349,74.8813,0,0,2140.28,114.581,0,0,0,184.461,0,0,141.349,141.349,74.8813,74.8813,2173.25,2114.25,1326.87,6617.23,6801.69,3397.69,3397.69,2168.64,1112.11,1112.11,4383.82,64.7707,3271.12
2985,2021-03-05,00:00:00.00,173.575,5829.85,141.349,74.8813,0,0,2140.28,114.581,0,0,0,184.461,0,0,141.349,141.349,74.8813,74.8813,2173.25,2114.25,1326.87,6617.23,6801.69,3397.69,3397.69,2168.64,1112.11,1112.11,4383.82,64.7707,3271.19
2986,2021-03-06,00:00:00.00,173.575,5829.85,141.349,74.9152,0,0,2141.23,114.581,0,0,0,184.483,0,0,141.349,141.349,74.9152,74.9152,2173.25,2114.25,1326.87,6617.23,6801.71,3397.69,3397.69,2168.64,1112.11,1112.11,4383.82,64.7707,3271.24
2987,2021-03-07,00:00:00.00,173.575,5829.85,141.349,74.9152,0,0,2141.23,114.581,0,0,0,184.483,0,0,141.349,141.349,74.9152,74.9152,2173.25,2114.25,1326.87,6617.23,6801.71,3397.69,3397.69,2168.64,1112.11,1112.11,4383.82,64.7707,3271.29
2988,2021-03-08,00:00:00.00,173.575,5829.85,141.349,74.9152,0,0,2141.23,114.581,0,0,0,184.483,0,0,141.349,141.349,74.9152,74.9152,2173.25,2114.25,1326.87,6617.23,6801.71,3397.69,3397.69,2168.64,1112.11,1112.11,4383.82,64.7707,3271.34
2989,2021-03-09,00:00:00.00,173.575,5829.85,141.349,74.9152,0,0,2141.23,114.581,0,0,0,184.483,0,0,141.349,141.349,74.9152,74.9152,2173.25,2114.25,1326.87,6617.23,6801.71,3397.69,3397.69,2168.64,1112.11,1112.11,4383.82,64.7707,3271.37
2990,2021-03-10,00:00:00.00,173.575,5829.85,141.349,74.9152,0,0,2141.23,114.581,0,0,0,184.483,0,0,141.349,141.349,74.9152,74.9152,2178.03,2114.71,1326.87,6617.69,6802.17,3397.86,3397.86,2168.83,1112.44,1112.44,4384.09,64.7707,3271.4
2991,2021-03-11,00:00:00.00,173.575,5829.85,141.349,74.9152,0,0,2141.23,114.581,0,0,0,184.483,0,0,141.349,141.349,74.9152,74.9152,2206.65,2143.9,1327.05,6646.7,6831.18,3398.03,3398.03,2169.16,1112.69,1112.69,4412.77,64.7707,3274.46
2992,2021-03-12,00:00:00.00,173.575,5830.04,141.354,74.9152,0,0,2141.23,114.581,0,0,0,184.487,0,0,141.354,141.354,74.9152,74.9152,2249.46,2188.2,1327.28,6690.96,6875.45,3398.19,3398.19,2169.41,1113.57,1113.57,4455.4,66.1289,3281.64
2993,2021-03-13,00:00:00.00,173.575,5830.04,141.354,74.9152,0,0,2141.23,114.581,0,0,0,184.487,0,0,141.354,141.354,74.9152,74.9152,2262.05,2201.23,1327.32,6703.94,6888.43,3398.36,3398.36,2169.65,1114.44,1114.44,4468.17,66.1289,3289.32
2994,2021-03-14,00:00:00.00,175.408,5830.04,141.354,74.9152,0,0,2141.23,114.581,0,0,0,184.487,0,0,141.354,141.354,74.9152,74.9152,2262.05,2201.23,1327.32,6703.94,6888.43,3398.42,3398.42,2169.65,1114.72,1114.72,4468.17,66.1289,3296.15
2995,2021-03-15,00:00:00.00,175.408,5830.04,141.354,74.9152,0,0,2141.23,114.581,0,0,0,184.487,0,0,141.354,141.354,74.9152,74.9152,2262.05,2201.23,1327.32,6703.94,6888.43,3398.44,3398.44,2169.65,1114.84,1114.84,4468.17,66.1289,3302.24
2996,2021-03-16,00:00:00.00,175.408,5830.04,141.354,74.9152,0,0,2141.23,114.581,0,0,0,184.487,0,0,141.354,141.354,74.9152,74.9152,2262.05,2201.23,1327.32,6703.94,6888.43,3398.44,3398.44,2169.65,1114.84,1114.84,4468.17,66.1289,3307.69
2997,2021-03-17,00:00:00.00,175.408,5830.04,141.354,74.9152,0,0,2141.23,114.581,0,0,0,184.487,0,0,141.354,141.354,74.9152,74.9152,2262.05,2201.23,1327.32,6703.94,6888.43,3398.44,3398.44,2169.65,1114.84,1114.84,4468.17,66.1289,3312.55
2998,2021-03-18,00:00:00.00,175.408,5830.04,141.354,74.9152,0,0,2141.23,114.581,0,0,0,184.487,0,0,141.354,141.354,74.9152,74.9152,2277.94,2215.77,1327.36,6718.44,6902.93,3398.61,3398.61,2169.88,1115.72,1115.72,4482.44,66.1289,3318.32
2999,2021-03-19,00:00:00.00,175.408,5830.04,141.354,74.9152,0,0,2141.23,114.581,0,0,0,184.487,0,0,141.354,141.354,74.9152,74.9152,2288.56,2226.76,1327.39,6729.41,6913.89,3398.78,3398.78,2170.09,1116.6,1116.6,4493.19,66.1289,3324.53
3000,2021-03-20,00:00:00.00,176.194,5830.04,141.354,74.9152,0,0,2141.23,114.581,0,0,0,184.487,0,0,141.354,141.354,74.9152,74.9152,2288.56,2226.76,1327.39,6729.41,6913.89,3398.9,3398.9,2170.09,1117.21,1117.21,4493.19,66.1289,3330.01
3001,2021-03-21,00:00:00.00,176.194,5830.04,141.354,74.9152,0,0,2141.23,114.581,0,0,0,184.487,0,0,141.354,141.354,74.9152,74.9152,2302.12,2239.98,1327.43,6742.59,6927.08,3399.11,3399.11,2170.31,1118.09,1118.09,4506.15,66.1289,3336.2
3002,2021-03-22,00:00:00.00,176.194,5830.04,141.354,74.9152,0,0,2141.23,114.581,0,0,0,184.487,0,0,141.354,141.354,74.9152,74.9152,2305.25,2243.22,1327.47,6745.78,6930.27,3399.99,3399.99,2170.64,1118.97,1118.97,4509.02,66.1289,3341.93
3003,2021-03-23,00:00:00.00,176.194,5830.04,141.354,74.9152,0,0,2141.23,114.581,0,0,0,184.487,0,0,141.354,141.354,74.9152,74.9152,2307.08,2245.11,1327.52,6747.63,6932.12,3400.86,3400.86,2170.78,1119.85,1119.85,4510.73,66.1289,3347.15
3004,2021-03-24,00:00:00.00,176.194,5830.04,141.354,74.9152,0,0,2141.23,114.581,0,0,0,184.487,0,0,141.354,141.354,74.9152,74.9152,2309.85,2247.98,1327.58,6750.44,6934.93,3401.74,3401.74,2170.91,1120.73,1120.73,4513.4,66.1289,3352
3005,2021-03-25,00:00:00.00,176.194,5830.04,141.354,74.9152,0,0,2141.23,114.581,0,0,0,184.487,0,0,141.354,141.354,74.9152,74.9152,2312.8,2251.03,1327.64,6753.43,6937.92,3402.62,3402.62,2171.02,1121.6,1121.6,4516.28,66.1289,3356.55
3006,2021-03-26,00:00:00.00,176.194,5855.48,141.86,74.9152,0,0,2141.23,114.581,0,0,0,185.064,0,0,141.86,141.86,74.9152,74.9152,2316.92,2255.29,1328.18,6782.59,6967.65,3403.31,3403.31,2171.72,1122.48,1122.48,4544.4,66.468,3363.51
3007,2021-03-27,00:00:00.00,176.194,5858.93,141.952,74.9152,0,0,2141.23,114.581,0,0,0,185.142,0,0,141.952,141.952,74.9152,74.9152,2317.42,2255.81,1328.24,6786.5,6971.64,3404.09,3404.09,2172.41,1123.36,1123.36,4547.61,66.468,3369.98
3008,2021-03-28,00:00:00.00,176.194,5860.08,141.983,74.9152,0,0,2141.23,114.581,0,0,0,185.169,0,0,141.983,141.983,74.9152,74.9152,2317.42,2255.81,1328.26,6787.63,6972.79,3404.94,3404.94,2173.14,1124.24,1124.24,4548.02,66.468,3375.72
3009,2021-03-29,00:00:00.00,176.194,5860.08,141.983,74.9491,0,0,2142.18,114.581,0,0,0,185.19,0,0,141.983,141.983,74.9491,74.9491,2318.37,2256.76,1328.28,6788.56,6973.75,3405.78,3405.78,2173.88,1125.12,1125.12,4548.21,66.468,3380.76
3010,2021-03-30,00:00:00.00,176.194,5860.08,141.983,74.9491,0,0,2142.18,114.581,0,0,0,185.19,0,0,141.983,141.983,74.9491,74.9491,2318.37,2256.76,1328.28,6788.56,6973.75,3406.66,3406.66,2173.88,1126,1126,4548.21,66.468,3385.18
3011,2021-03-31,00:00:00.00,176.194,5860.27,141.988,74.9491,0,0,2142.18,114.581,0,0,0,185.195,0,0,141.988,141.988,74.9491,74.9491,2318.37,2256.76,1328.28,6788.75,6973.94,3407.54,3407.54,2174.07,1126.88,1126.88,4548.21,66.468,3389.03
3012,2021-04-01,00:00:00.00,176.194,5860.27,141.988,74.9491,0,0,2142.18,114.581,0,0,0,185.195,0,0,141.988,141.988,74.9491,74.9491,2318.37,2256.76,1328.28,6788.75,6973.94,3408.41,3408.41,2174.07,1127.75,1127.75,4548.21,66.468,3392.38
3013,2021-04-02,00:00:00.00,176.194,5860.27,141.988,74.9491,0,0,2142.18,114.581,0,0,0,185.195,0,0,141.988,141.988,74.9491,74.9491,2318.37,2256.76,1328.28,6788.75,6973.94,3408.41,3408.41,2174.07,1127.75,1127.75,4548.21,66.468,3395.37
3014,2021-04-03,00:00:00.00,176.194,5860.27,141.988,74.9491,0,0,2142.18,114.581,0,0,0,185.195,0,0,141.988,141.988,74.9491,74.9491,2318.37,2256.76,1328.28,6788.75,6973.94,3408.41,3408.41,2174.07,1127.75,1127.75,4548.21,66.468,3398.05
3015,2021-04-04,00:00:00.00,176.194,5860.27,141.988,74.9491,0,0,2142.18,114.581,0,0,0,185.195,0,0,141.988,141.988,74.9491,74.9491,2318.37,2256.76,1328.28,6788.75,6973.94,3408.41,3408.41,2174.07,1127.75,1127.75,4548.21,66.468,3400.43
3016,2021-04-05,00:00:00.00,176.194,5860.27,141.988,74.9491,0,0,2142.18,114.581,0,0,0,185.195,0,0,141.988,141.988,74.9491,74.9491,2318.37,2256.76,1328.28,6788.75,6973.94,3410.2,3410.2,2174.07,1129.54,1129.54,4548.21,66.468,3402.38
3017,2021-04-06,00:00:00.00,176.194,5860.46,141.993,74.9491,0,0,2142.18,114.581,0,0,0,185.199,0,0,141.993,141.993,74.9491,74.9491,2318.37,2256.76,1328.29,6788.93,6974.13,3412.31,3412.31,2174.25,1131.65,1131.65,4548.21,66.468,3403.89
3018,2021-04-07,00:00:00.00,176.194,5860.46,141.993,74.9491,0,0,2142.18,114.581,0,0,0,185.199,0,0,141.993,141.993,74.9491,74.9491,2318.37,2256.76,1328.29,6788.93,6974.13,3414.96,3414.96,2174.25,1134.3,1134.3,4548.21,66.468,3404.95
3019,2021-04-08,00:00:00.00,176.194,5860.46,141.993,74.9491,0,0,2142.18,114.581,0,0,0,185.199,0,0,141.993,141.993,74.9491,74.9491,2318.37,2256.76,1328.29,6788.93,6974.13,3417.61,3417.61,2174.25,1136.96,1136.96,4548.21,66.468,3405.63
3020,2021-04-09,00:00:00.00,176.194,5860.84,142.004,74.9491,0,0,2142.18,114.581,0,0,0,185.208,0,0,142.004,142.004,74.9491,74.9491,2318.37,2256.76,1328.32,6789.28,6974.49,3420.26,3420.26,2174.61,1139.61,1139.61,4548.21,66.468,3405.94
3021,2021-04-10,00:00:00.00,176.194,5860.84,142.004,74.9491,0,0,2142.18,114.581,0,0,0,185.208,0,0,142.004,142.004,74.9491,74.9491,2318.37,2256.76,1328.32,6789.28,6974.49,3422.91,3422.91,2174.61,1141.34,1141.34,4548.21,66.468,3406.04
3022,2021-04-11,00:00:00.00,176.194,5865.06,142.116,74.9491,0,0,2142.18,114.581,0,0,0,185.304,0,0,142.116,142.116,74.9491,74.9491,2318.37,2256.76,1328.77,6793.05,6978.35,3425.45,3425.45,2178.37,1141.74,1141.74,4548.21,66.468,3406.09
3023,2021-04-12,00:00:00.00,176.194,5894.92,142.622,74.9491,0,0,2142.18,114.581,0,0,0,185.979,0,0,142.622,142.622,74.9491,74.9491,2318.37,2256.76,1331.64,6820.04,7006.02,3427.64,3427.64,2181.58,1142.11,1142.11,4571.99,66.468,3408.62
3024,2021-04-13,00:00:00.00,176.194,5898.75,142.725,74.9491,0,0,2142.18,114.581,0,0,0,186.066,0,0,142.725,142.725,74.9491,74.9491,2318.37,2256.76,1331.93,6823.58,7009.65,3430.19,3430.19,2184.61,1144.77,1144.77,4572.5,66.468,3410.66
3025,2021-04-14,00:00:00.00,176.194,5898.75,142.725,74.9491,0,0,2142.18,114.581,0,0,0,186.066,0,0,142.725,142.725,74.9491,74.9491,2318.37,2256.76,1331.93,6823.58,7009.65,3432.84,3432.84,2184.61,1147.42,1147.42,4572.5,66.468,3412.2
3026,2021-04-15,00:00:00.00,176.194,5898.75,142.725,74.9491,0,0,2142.18,114.581,0,0,0,186.066,0,0,142.725,142.725,74.9491,74.9491,2318.37,2256.76,1331.93,6823.58,7009.65,3435.5,3435.5,2184.61,1150.07,1150.07,4572.5,66.468,3413.29
3027,2021-04-16,00:00:00.00,176.194,5898.94,142.73,74.9491,0,0,2142.18,114.581,0,0,0,186.071,0,0,142.73,142.73,74.9491,74.9491,2318.37,2256.76,1331.95,6823.76,7009.83,3435.95,3435.95,2184.79,1150.53,1150.53,4572.5,66.468,3414.21
3028,2021-04-17,00:00:00.00,176.194,5898.94,142.73,74.9491,0,0,2142.18,114.581,0,0,0,186.071,0,0,142.73,142.73,74.9491,74.9491,2318.37,2256.76,1331.95,6823.76,7009.83,3436.24,3436.24,2184.79,1150.82,1150.82,4572.5,66.468,3415.01
3029,2021-04-18,00:00:00.00,176.194,5898.94,142.73,74.9491,0,0,2142.18,114.581,0,0,0,186.071,0,0,142.73,142.73,74.9491,74.9491,2318.37,2256.76,1331.95,6823.76,7009.83,3438.52,3438.52,2184.79,1153.1,1153.1,4572.5,66.468,3415.48
3030,2021-04-19,00:00:00.00,176.194,5898.94,142.73,74.9491,0,0,2142.18,114.581,0,0,0,186.071,0,0,142.73,142.73,74.9491,74.9491,2318.37,2256.76,1331.95,6823.76,7009.83,3441.17,3441.17,2184.79,1155.75,1155.75,4572.5,66.468,3415.61
3031,2021-04-20,00:00:00.00,176.194,5903.15,142.843,74.9491,0,0,2142.18,114.581,0,0,0,186.167,0,0,142.843,142.843,74.9491,74.9491,2318.37,2256.76,1332.5,6827.41,7013.58,3443.71,3443.71,2188.44,1156.89,1156.89,4572.5,66.468,3415.61
3032,2021-04-21,00:00:00.00,176.194,5903.15,142.843,74.9829,0,0,2143.13,114.581,0,0,0,186.189,0,0,142.843,142.843,74.9829,74.9829,2319.32,2257.71,1332.62,6828.25,7014.44,3443.71,3443.71,2189.28,1156.89,1156.89,4572.5,66.468,3415.61
3033,2021-04-22,00:00:00.00,176.194,5903.15,142.843,74.9829,0,0,2143.13,114.581,0,0,0,186.189,0,0,142.843,142.843,74.9829,74.9829,2319.32,2257.71,1332.62,6828.25,7014.44,3443.71,3443.71,2189.28,1156.89,1156.89,4572.5,66.468,3415.61
3034,2021-04-23,00:00:00.00,176.194,5903.15,142.843,74.9829,0,0,2143.13,114.581,0,0,0,186.189,0,0,142.843,142.843,74.9829,74.9829,2319.32,2257.71,1332.62,6828.25,7014.44,3443.71,3443.71,2189.28,1156.89,1156.89,4572.5,66.468,3415.61
3035,2021-04-24,00:00:00.00,176.194,5903.15,142.843,74.9829,0,0,2143.13,114.581,0,0,0,186.189,0,0,142.843,142.843,74.9829,74.9829,2319.32,2257.71,1332.62,6828.25,7014.44,3444.5,3444.5,2189.28,1156.89,1156.89,4572.5,66.468,3415.61
3036,2021-04-25,00:00:00.00,176.194,5904.3,142.873,74.9829,0,0,2143.13,114.581,0,0,0,186.215,0,0,142.873,142.873,74.9829,74.9829,2319.32,2257.71,1332.75,6829.26,7015.47,3447.12,3447.12,2190.29,1156.89,1156.89,4572.5,66.468,3415.61
3037,2021-04-26,00:00:00.00,176.194,5904.3,142.873,74.9829,0,0,2143.13,114.581,0,0,0,186.215,0,0,142.873,142.873,74.9829,74.9829,2319.32,2257.71,1332.75,6829.26,7015.47,3448.74,3448.74,2190.29,1156.89,1156.89,4572.5,66.468,3415.61
3038,2021-04-27,00:00:00.00,176.194,5904.3,142.873,74.9829,0,0,2143.13,114.581,0,0,0,186.215,0,0,142.873,142.873,74.9829,74.9829,2319.32,2257.71,1332.75,6829.26,7015.47,3449.03,3449.03,2190.29,1156.89,1156.89,4572.5,66.468,3415.61
3039,2021-04-28,00:00:00.00,176.194,5904.88,142.889,74.9829,0,0,2143.13,114.581,0,0,0,186.228,0,0,142.889,142.889,74.9829,74.9829,2319.32,2257.71,1332.84,6829.75,7015.98,3451.67,3451.67,2190.78,1156.89,1156.89,4572.5,66.468,3415.61
3040,2021-04-29,00:00:00.00,176.194,5906.03,142.919,74.9829,0,0,2143.13,114.581,0,0,0,186.254,0,0,142.919,142.919,74.9829,74.9829,2319.32,2257.71,1333.01,6830.72,7016.98,3454.29,3454.29,2191.75,1156.89,1156.89,4572.5,66.468,3415.61
3041,2021-04-30,00:00:00.00,176.194,5911.77,143.073,74.9829,0,0,2143.13,114.581,0,0,0,186.385,0,0,143.073,143.073,74.9829,74.9829,2319.32,2257.71,1333.94,6835.54,7021.92,3456.79,3456.79,2196.57,1156.89,1156.89,4572.5,66.468,3415.61
3042,2021-05-01,00:00:00.00,176.194,5911.77,143.073,74.9829,0,0,2143.13,114.581,0,0,0,186.385,0,0,143.073,143.073,74.9829,74.9829,2319.32,2257.71,1333.94,6835.54,7021.92,3457.74,3457.74,2196.57,1156.89,1156.89,4572.5,66.468,3415.61
3043,2021-05-02,00:00:00.00,176.194,5912.73,143.099,74.9829,0,0,2143.13,114.581,0,0,0,186.407,0,0,143.099,143.099,74.9829,74.9829,2319.32,2257.71,1334.08,6836.35,7022.76,3457.74,3457.74,2197.38,1156.89,1156.89,4572.5,66.468,3415.61
3044,2021-05-03,00:00:00.00,176.194,5912.73,143.099,74.9829,0,0,2143.13,114.581,0,0,0,186.407,0,0,143.099,143.099,74.9829,74.9829,2319.32,2257.71,1334.08,6836.35,7022.76,3457.74,3457.74,2197.38,1156.89,1156.89,4572.5,66.468,3415.61
3045,2021-05-04,00:00:00.00,176.194,5919.62,143.283,74.9829,0,0,2143.13,114.581,0,0,0,186.564,0,0,143.283,143.283,74.9829,74.9829,2319.32,2257.71,1335.06,6842.27,7028.83,3458.04,3458.04,2202.07,1156.89,1156.89,4573.72,66.468,3415.74
3046,2021-05-05,00:00:00.00,176.194,5921.92,143.345,74.9829,0,0,2143.13,114.581,0,0,0,186.617,0,0,143.345,143.345,74.9829,74.9829,2319.32,2257.71,1335.32,6844.31,7030.92,3458.04,3458.04,2204.12,1156.89,1156.89,4573.72,66.468,3415.86
3047,2021-05-06,00:00:00.00,176.194,5922.11,143.35,74.9829,0,0,2143.13,114.581,0,0,0,186.621,0,0,143.35,143.35,74.9829,74.9829,2319.32,2257.71,1335.34,6844.48,7031.1,3458.04,3458.04,2204.29,1156.89,1156.89,4573.72,66.468,3415.96
3048,2021-05-07,00:00:00.00,176.194,5922.11,143.35,74.9829,0,0,2143.13,114.581,0,0,0,186.621,0,0,143.35,143.35,74.9829,74.9829,2319.32,2257.71,1335.34,6844.48,7031.1,3458.04,3458.04,2204.29,1156.89,1156.89,4573.72,66.468,3416.06
3049,2021-05-08,00:00:00.00,176.194,5922.11,143.35,74.9829,0,0,2143.13,114.581,0,0,0,186.621,0,0,143.35,143.35,74.9829,74.9829,2319.32,2257.71,1335.34,6844.48,7031.1,3458.04,3458.04,2204.29,1156.89,1156.89,4573.72,66.468,3416.14
3050,2021-05-09,00:00:00.00,176.194,5922.11,143.35,74.9829,0,0,2143.13,114.581,0,0,0,186.621,0,0,143.35,143.35,74.9829,74.9829,2319.32,2257.71,1335.34,6844.48,7031.1,3458.04,3458.04,2204.29,1156.89,1156.89,4573.72,66.468,3416.21
3051,2021-05-10,00:00:00.00,176.194,5922.11,143.35,74.9829,0,0,2143.13,114.581,0,0,0,186.621,0,0,143.35,143.35,74.9829,74.9829,2319.32,2257.71,1335.34,6844.48,7031.1,3458.04,3458.04,2204.29,1156.89,1156.89,4573.72,66.468,3416.28
3052,2021-05-11,00:00:00.00,176.194,5922.11,143.35,74.9829,0,0,2143.13,114.581,0,0,0,186.621,0,0,143.35,143.35,74.9829,74.9829,2319.32,2257.71,1335.34,6844.48,7031.1,3458.04,3458.04,2204.29,1156.89,1156.89,4573.72,66.468,3416.34
3053,2021-05-12,00:00:00.00,176.194,5922.3,143.355,74.9829,0,0,2143.13,114.581,0,0,0,186.625,0,0,143.355,143.355,74.9829,74.9829,2319.32,2257.71,1335.36,6844.65,7031.28,3458.04,3458.04,2204.46,1156.89,1156.89,4573.72,66.468,3416.39
3054,2021-05-13,00:00:00.00,176.194,5922.3,143.355,74.9829,0,0,2143.13,114.581,0,0,0,186.625,0,0,143.355,143.355,74.9829,74.9829,2319.32,2257.71,1335.36,6844.65,7031.28,3458.04,3458.04,2204.46,1156.89,1156.89,4573.72,66.468,3416.44
3055,2021-05-14,00:00:00.00,176.194,5922.3,143.355,74.9829,0,0,2143.13,114.581,0,0,0,186.625,0,0,143.355,143.355,74.9829,74.9829,2319.32,2257.71,1335.36,6844.65,7031.28,3458.04,3458.04,2204.46,1156.89,1156.89,4573.72,66.468,3416.48
3056,2021-05-15,00:00:00.00,176.194,5922.3,143.355,74.9829,0,0,2143.13,114.581,0,0,0,186.625,0,0,143.355,143.355,74.9829,74.9829,2319.32,2257.71,1335.36,6844.65,7031.28,3458.76,3458.76,2204.46,1157.24,1157.24,4573.72,66.468,3416.48
3057,2021-05-16,00:00:00.00,176.194,5922.3,143.355,74.9829,0,0,2143.13,114.581,0,0,0,186.625,0,0,143.355,143.355,74.9829,74.9829,2319.32,2257.71,1335.36,6844.65,7031.28,3460.88,3460.88,2204.46,1157.24,1157.24,4573.72,66.468,3416.48
3058,2021-05-17,00:00:00.00,176.194,5922.3,143.355,74.9829,0,0,2143.13,114.581,0,0,0,186.625,0,0,143.355,143.355,74.9829,74.9829,2319.32,2257.71,1335.36,6844.65,7031.28,3464.74,3464.74,2204.46,1157.24,1157.24,4573.72,66.468,3416.48
3059,2021-05-18,00:00:00.00,176.194,5922.3,143.355,74.9829,0,0,2143.13,114.581,0,0,0,186.625,0,0,143.355,143.355,74.9829,74.9829,2319.32,2257.71,1335.36,6844.65,7031.28,3469.65,3469.65,2204.46,1157.24,1157.24,4573.72,66.468,3416.48
3060,2021-05-19,00:00:00.00,176.194,5922.3,143.355,74.9829,0,0,2143.13,114.581,0,0,0,186.625,0,0,143.355,143.355,74.9829,74.9829,2319.32,2257.71,1335.36,6844.65,7031.28,3475.23,3475.23,2204.46,1157.24,1157.24,4573.72,66.468,3416.48
3061,2021-05-20,00:00:00.00,176.194,5922.3,143.355,74.9829,0,0,2143.13,114.581,0,0,0,186.625,0,0,143.355,143.355,74.9829,74.9829,2319.32,2257.71,1335.36,6844.65,7031.28,3480.81,3480.81,2204.46,1157.24,1157.24,4573.72,66.468,3416.48
3062,2021-05-21,00:00:00.00,176.194,5922.3,143.355,74.9829,0,0,2143.13,114.581,0,0,0,186.625,0,0,143.355,143.355,74.9829,74.9829,2319.32,2257.71,1335.36,6844.65,7031.28,3486.4,3486.4,2204.46,1157.24,1157.24,4573.72,66.468,3416.48
3063,2021-05-22,00:00:00.00,176.194,5922.3,143.355,74.9829,0,0,2143.13,114.581,0,0,0,186.625,0,0,143.355,143.355,74.9829,74.9829,2319.32,2257.71,1335.36,6844.65,7031.28,3491.79,3491.79,2204.46,1157.24,1157.24,4573.72,66.468,3416.48
3064,2021-05-23,00:00:00.00,176.194,5922.3,143.355,74.9829,0,0,2143.13,114.581,0,0,0,186.625,0,0,143.355,143.355,74.9829,74.9829,2319.32,2257.71,1335.36,6844.65,7031.28,3496.64,3496.64,2204.46,1157.24,1157.24,4573.72,66.468,3416.48
3065,2021-05-24,00:00:00.00,176.194,5922.3,143.355,74.9829,0,0,2143.13,114.581,0,0,0,186.625,0,0,143.355,143.355,74.9829,74.9829,2319.32,2257.71,1335.36,6844.65,7031.28,3500.99,3500.99,2204.46,1157.24,1157.24,4573.72,66.468,3416.48
3066,2021-05-25,00:00:00.00,176.194,5922.3,143.355,74.9829,0,0,2143.13,114.581,0,0,0,186.625,0,0,143.355,143.355,74.9829,74.9829,2319.32,2257.71,1335.36,6844.65,7031.28,3504.91,3504.91,2204.46,1157.24,1157.24,4573.72,66.468,3416.48
3067,2021-05-26,00:00:00.00,176.194,5922.87,143.37,74.9829,0,0,2143.13,114.581,0,0,0,186.639,0,0,143.37,143.37,74.9829,74.9829,2319.32,2257.71,1335.59,6844.99,7031.63,3508.45,3508.45,2204.8,1157.24,1157.24,4573.72,66.468,3416.48
3068,2021-05-27,00:00:00.00,176.194,5926.7,143.473,74.9829,0,0,2143.13,114.581,0,0,0,186.726,0,0,143.473,143.473,74.9829,74.9829,2319.32,2257.71,1337.27,6847.14,7033.87,3511.78,3511.78,2206.95,1157.24,1157.24,4573.72,66.468,3416.48
3069,2021-05-28,00:00:00.00,176.194,5927.85,143.503,74.9829,0,0,2143.13,114.581,0,0,0,186.752,0,0,143.503,143.503,74.9829,74.9829,2319.32,2257.71,1337.77,6847.79,7034.55,3511.78,3511.78,2207.6,1157.24,1157.24,4573.72,66.468,3416.48
3070,2021-05-29,00:00:00.00,176.194,5935.89,143.719,74.9829,0,0,2143.13,114.581,0,0,0,186.936,0,0,143.719,143.719,74.9829,74.9829,2319.32,2257.71,1341.17,6852.43,7039.36,3511.78,3511.78,2212.24,1157.24,1157.24,4573.72,66.468,3416.48
3071,2021-05-30,00:00:00.00,176.194,5935.89,143.719,74.9829,0,0,2143.13,114.581,0,0,0,186.936,0,0,143.719,143.719,74.9829,74.9829,2319.32,2257.71,1341.17,6852.43,7039.36,3511.78,3511.78,2212.24,1157.24,1157.24,4573.72,66.468,3416.48
3072,2021-05-31,00:00:00.00,176.194,5935.89,143.719,74.9829,0,0,2143.13,114.581,0,0,0,186.936,0,0,143.719,143.719,74.9829,74.9829,2319.32,2257.71,1341.17,6852.43,7039.36,3511.8,3511.8,2212.24,1157.24,1157.24,4573.72,66.468,3416.48
3073,2021-06-01,00:00:00.00,176.194,5935.89,143.719,74.9829,0,0,2143.13,114.581,0,0,0,186.936,0,0,143.719,143.719,74.9829,74.9829,2319.32,2257.71,1341.17,6852.43,7039.36,3514.71,3514.71,2212.24,1157.24,1157.24,4573.72,66.468,3416.48
3074,2021-06-02,00:00:00.00,176.194,5935.89,143.719,74.9829,0,0,2143.13,114.581,0,0,0,186.936,0,0,143.719,143.719,74.9829,74.9829,2319.32,2257.71,1341.17,6852.43,7039.36,3515.27,3515.27,2212.24,1157.24,1157.24,4573.72,66.468,3416.48
3075,2021-06-03,00:00:00.00,176.194,5945.08,143.965,74.9829,0,0,2143.13,114.581,0,0,0,187.145,0,0,143.965,143.965,74.9829,74.9829,2319.32,2257.71,1344.72,6858.08,7045.22,3516.07,3516.07,2217.88,1157.24,1157.24,4573.72,66.468,3416.48
3076,2021-06-04,00:00:00.00,176.194,5945.08,143.965,74.9829,0,0,2143.13,114.581,0,0,0,187.145,0,0,143.965,143.965,74.9829,74.9829,2319.32,2257.71,1344.72,6858.08,7045.22,3519.89,3519.89,2217.88,1157.24,1157.24,4573.72,66.468,3416.48
3077,2021-06-05,00:00:00.00,176.194,5945.08,143.965,74.9829,0,0,2143.13,114.581,0,0,0,187.145,0,0,143.965,143.965,74.9829,74.9829,2319.32,2257.71,1344.72,6858.08,7045.22,3525.65,3525.65,2217.88,1157.24,1157.24,4573.72,66.468,3416.48
3078,2021-06-06,00:00:00.00,176.194,5945.08,143.965,74.9829,0,0,2143.13,114.581,0,0,0,187.145,0,0,143.965,143.965,74.9829,74.9829,2319.32,2257.71,1344.72,6858.08,7045.22,3530.63,3530.63,2217.88,1157.24,1157.24,4573.72,66.468,3416.48
3079,2021-06-07,00:00:00.00,176.194,5945.08,143.965,74.9829,0,0,2143.13,114.581,0,0,0,187.145,0,0,143.965,143.965,74.9829,74.9829,2319.32,2257.71,1344.72,6858.08,7045.22,3534.94,3534.94,2217.88,1157.24,1157.24,4573.72,66.468,3416.48
3080,2021-06-08,00:00:00.00,176.194,5970.72,144.47,74.9829,0,0,2143.13,114.581,0,0,0,187.726,0,0,144.47,144.47,74.9829,74.9829,2319.32,2257.71,1356.95,6871.49,7059.21,3539.96,3539.96,2229.9,1157.24,1157.24,4575.12,66.468,3416.63
3081,2021-06-09,00:00:00.00,176.194,5974.36,144.568,74.9829,0,0,2143.13,114.581,0,0,0,187.809,0,0,144.568,144.568,74.9829,74.9829,2319.32,2257.71,1358.1,6873.97,7061.78,3546.36,3546.36,2232.38,1158.49,1158.49,4575.12,66.468,3416.63
3082,2021-06-10,00:00:00.00,176.194,5974.36,144.568,74.9829,0,0,2143.13,114.581,0,0,0,187.809,0,0,144.568,144.568,74.9829,74.9829,2319.32,2257.71,1358.1,6873.97,7061.78,3552.3,3552.3,2232.38,1158.49,1158.49,4575.12,66.468,3416.63
3083,2021-06-11,00:00:00.00,176.194,5974.36,144.568,74.9829,0,0,2143.13,114.581,0,0,0,187.809,0,0,144.568,144.568,74.9829,74.9829,2319.32,2257.71,1358.1,6873.97,7061.78,3557.45,3557.45,2232.38,1158.49,1158.49,4575.12,66.468,3416.63
3084,2021-06-12,00:00:00.00,176.194,5974.36,144.568,74.9829,0,0,2143.13,114.581,0,0,0,187.809,0,0,144.568,144.568,74.9829,74.9829,2319.32,2257.71,1358.1,6873.97,7061.78,3561.91,3561.91,2232.38,1158.49,1158.49,4575.12,66.468,3416.63
3085,2021-06-13,00:00:00.00,176.194,5974.36,144.568,74.9829,0,0,2143.13,114.581,0,0,0,187.809,0,0,144.568,144.568,74.9829,74.9829,2319.32,2257.71,1358.1,6873.97,7061.78,3564.73,3564.73,2232.38,1158.49,1158.49,4575.12,66.468,3416.63
3086,2021-06-14,00:00:00.00,176.194,5977.81,144.66,74.9829,0,0,2143.13,114.581,0,0,0,187.888,0,0,144.66,144.66,74.9829,74.9829,2319.32,2257.71,1359.81,6875.71,7063.59,3568.39,3568.39,2234.12,1158.49,1158.49,4575.12,66.468,3416.63
3087,2021-06-15,00:00:00.00,176.194,5979.72,144.711,74.9829,0,0,2143.13,114.581,0,0,0,187.932,0,0,144.711,144.711,74.9829,74.9829,2319.32,2257.71,1360.76,6876.67,7064.6,3570.09,3570.09,2235.08,1158.49,1158.49,4575.12,66.468,3416.63
3088,2021-06-16,00:00:00.00,176.194,5979.72,144.711,74.9829,0,0,2143.13,114.581,0,0,0,187.932,0,0,144.711,144.711,74.9829,74.9829,2319.32,2257.71,1360.76,6876.67,7064.6,3570.25,3570.25,2235.08,1158.49,1158.49,4575.12,66.468,3416.63
3089,2021-06-17,00:00:00.00,176.194,5979.72,144.711,74.9829,0,0,2143.13,114.581,0,0,0,187.932,0,0,144.711,144.711,74.9829,74.9829,2319.32,2257.71,1360.76,6876.67,7064.6,3570.25,3570.25,2235.08,1158.49,1158.49,4575.12,66.468,3416.63
3090,2021-06-18,00:00:00.00,176.194,5980.3,144.727,74.9829,0,0,2143.13,114.581,0,0,0,187.945,0,0,144.727,144.727,74.9829,74.9829,2319.32,2257.71,1361.05,6876.96,7064.9,3570.41,3570.41,2235.37,1158.49,1158.49,4575.12,66.468,3416.63
3091,2021-06-19,00:00:00.00,176.194,5984.12,144.829,74.9829,0,0,2143.13,114.581,0,0,0,188.032,0,0,144.829,144.829,74.9829,74.9829,2319.32,2257.71,1362.94,6878.9,7066.93,3571,3571,2237.31,1158.49,1158.49,4575.12,66.468,3416.63
3092,2021-06-20,00:00:00.00,176.194,5984.12,144.829,74.9829,0,0,2143.13,114.581,0,0,0,188.032,0,0,144.829,144.829,74.9829,74.9829,2319.32,2257.71,1362.94,6878.9,7066.93,3574.94,3574.94,2237.31,1158.49,1158.49,4575.12,66.468,3416.63
3093,2021-06-21,00:00:00.00,176.194,5989.68,144.978,74.9829,0,0,2143.13,114.581,0,0,0,188.159,0,0,144.978,144.978,74.9829,74.9829,2319.32,2257.71,1365.71,6881.68,7069.83,3578.12,3578.12,2240.09,1158.49,1158.49,4575.12,66.468,3416.63
3094,2021-06-22,00:00:00.00,176.194,5989.87,144.983,74.9829,0,0,2143.13,114.581,0,0,0,188.163,0,0,144.983,144.983,74.9829,74.9829,2319.32,2257.71,1365.8,6881.78,7069.94,3581.86,3581.86,2240.19,1158.49,1158.49,4575.12,66.468,3416.63
3095,2021-06-23,00:00:00.00,176.194,5989.87,144.983,74.9829,0,0,2143.13,114.581,0,0,0,188.163,0,0,144.983,144.983,74.9829,74.9829,2319.32,2257.71,1365.8,6881.78,7069.94,3581.86,3581.86,2240.19,1158.49,1158.49,4575.12,66.468,3416.63
3096,2021-06-24,00:00:00.00,176.194,5989.87,144.983,74.9829,0,0,2143.13,114.581,0,0,0,188.163,0,0,144.983,144.983,74.9829,74.9829,2319.32,2257.71,1365.8,6881.78,7069.94,3581.86,3581.86,2240.19,1158.49,1158.49,4575.12,66.468,3416.63
3097,2021-06-25,00:00:00.00,176.194,5989.87,144.983,74.9829,0,0,2143.13,114.581,0,0,0,188.163,0,0,144.983,144.983,74.9829,74.9829,2319.32,2257.71,1365.8,6881.78,7069.94,3583.84,3583.84,2240.19,1158.49,1158.49,4575.12,66.468,3416.63
3098,2021-06-26,00:00:00.00,176.194,6032.81,145.489,74.9829,0,0,2143.13,114.581,0,0,0,189.128,0,0,145.489,145.489,74.9829,74.9829,2319.32,2257.71,1388.65,6901.87,7091,3589.51,3589.51,2251.41,1158.49,1158.49,4583.99,66.468,3417.57
3099,2021-06-27,00:00:00.00,176.194,6033.57,145.509,74.9829,0,0,2143.13,114.581,0,0,0,189.146,0,0,145.509,145.509,74.9829,74.9829,2319.32,2257.71,1388.87,6902.41,7091.56,3596.33,3596.33,2251.95,1165.79,1165.79,4583.99,66.468,3417.64
3100,2021-06-28,00:00:00.00,176.194,6034.53,145.535,74.9829,0,0,2143.13,114.581,0,0,0,189.168,0,0,145.535,145.535,74.9829,74.9829,2319.32,2257.71,1389.19,6903.05,7092.21,3602.35,3602.35,2252.58,1166.35,1166.35,4583.99,66.468,3417.64
3101,2021-06-29,00:00:00.00,176.194,6034.72,145.54,74.9829,0,0,2143.13,114.581,0,0,0,189.172,0,0,145.54,145.54,74.9829,74.9829,2319.32,2257.71,1389.27,6903.16,7092.34,3607.67,3607.67,2252.7,1166.35,1166.35,4583.99,66.468,3417.64
3102,2021-06-30,00:00:00.00,176.194,6037.02,145.601,74.9829,0,0,2143.13,114.581,0,0,0,189.225,0,0,145.601,145.601,74.9829,74.9829,2319.32,2257.71,1390.23,6904.5,7093.73,3612.39,3612.39,2254.04,1166.35,1166.35,4583.99,66.468,3417.64
3103,2021-07-01,00:00:00.00,176.194,6037.59,145.617,74.9829,0,0,2143.13,114.581,0,0,0,189.238,0,0,145.617,145.617,74.9829,74.9829,2319.32,2257.71,1390.48,6904.83,7094.06,3616.71,3616.71,2254.36,1166.35,1166.35,4583.99,66.468,3417.64
3104,2021-07-02,00:00:00.00,176.194,6038.55,145.642,74.9829,0,0,2143.13,114.581,0,0,0,189.26,0,0,145.642,145.642,74.9829,74.9829,2319.32,2257.71,1390.93,6905.33,7094.59,3618.23,3618.23,2254.87,1166.35,1166.35,4583.99,66.468,3417.64
3105,2021-07-03,00:00:00.00,176.194,6038.55,145.642,74.9829,0,0,2143.13,114.581,0,0,0,189.26,0,0,145.642,145.642,74.9829,74.9829,2319.32,2257.71,1390.93,6905.33,7094.59,3618.23,3618.23,2254.87,1166.35,1166.35,4583.99,66.468,3417.64
3106,2021-07-04,00:00:00.00,176.194,6038.55,145.642,74.9829,0,0,2143.13,114.581,0,0,0,189.26,0,0,145.642,145.642,74.9829,74.9829,2319.32,2257.71,1390.93,6905.33,7094.59,3618.23,3618.23,2254.87,1166.35,1166.35,4583.99,66.468,3417.64
3107,2021-07-05,00:00:00.00,176.194,6038.55,145.642,74.9829,0,0,2143.13,114.581,0,0,0,189.26,0,0,145.642,145.642,74.9829,74.9829,2319.32,2257.71,1390.93,6905.33,7094.59,3619.21,3619.21,2254.87,1166.35,1166.35,4583.99,66.468,3417.64
3108,2021-07-06,00:00:00.00,176.194,6038.55,145.642,74.9829,0,0,2143.13,114.581,0,0,0,189.26,0,0,145.642,145.642,74.9829,74.9829,2319.32,2257.71,1390.93,6905.33,7094.59,3623.03,3623.03,2254.87,1166.35,1166.35,4583.99,66.468,3417.64
3109,2021-07-07,00:00:00.00,176.194,6048.89,145.919,74.9829,0,0,2143.13,114.581,0,0,0,189.495,0,0,145.919,145.919,74.9829,74.9829,2319.32,2257.71,1396.36,6910.24,7099.73,3626.96,3626.96,2259.77,1166.35,1166.35,4583.99,66.468,3417.64
3110,2021-07-08,00:00:00.00,176.194,6052.91,146.027,74.9829,0,0,2143.13,114.581,0,0,0,189.587,0,0,146.027,146.027,74.9829,74.9829,2319.32,2257.71,1398.22,6912.4,7101.98,3628.85,3628.85,2261.93,1166.35,1166.35,4583.99,66.468,3417.64
3111,2021-07-09,00:00:00.00,176.194,6058.46,146.175,74.9829,0,0,2143.13,114.581,0,0,0,189.714,0,0,146.175,146.175,74.9829,74.9829,2319.32,2257.71,1400.69,6915.49,7105.2,3628.85,3628.85,2265.02,1166.35,1166.35,4583.99,66.468,3417.64
3112,2021-07-10,00:00:00.00,176.194,6058.85,146.185,74.9829,0,0,2143.13,114.581,0,0,0,189.723,0,0,146.185,146.185,74.9829,74.9829,2319.32,2257.71,1400.84,6915.72,7105.44,3628.85,3628.85,2265.26,1166.35,1166.35,4583.99,66.468,3417.64
3113,2021-07-11,00:00:00.00,176.194,6058.85,146.185,74.9829,0,0,2143.13,114.581,0,0,0,189.723,0,0,146.185,146.185,74.9829,74.9829,2319.32,2257.71,1400.84,6915.72,7105.44,3628.85,3628.85,2265.26,1166.35,1166.35,4583.99,66.468,3417.64
3114,2021-07-12,00:00:00.00,176.194,6058.85,146.185,74.9829,0,0,2143.13,114.581,0,0,0,189.723,0,0,146.185,146.185,74.9829,74.9829,2319.32,2257.71,1400.84,6915.72,7105.44,3628.85,3628.85,2265.26,1166.35,1166.35,4583.99,66.468,3417.64
3115,2021-07-13,00:00:00.00,176.194,6058.85,146.185,74.9829,0,0,2143.13,114.581,0,0,0,189.723,0,0,146.185,146.185,74.9829,74.9829,2319.32,2257.71,1400.84,6915.72,7105.44,3630.84,3630.84,2265.26,1166.35,1166.35,4583.99,66.468,3417.64
3116,2021-07-14,00:00:00.00,176.194,6064.88,146.347,74.9829,0,0,2143.13,114.581,0,0,0,189.86,0,0,146.347,146.347,74.9829,74.9829,2319.32,2257.71,1403.3,6919.28,7109.14,3636.16,3636.16,2268.82,1166.35,1166.35,4583.99,66.468,3417.64
3117,2021-07-15,00:00:00.00,176.194,6064.88,146.347,74.9829,0,0,2143.13,114.581,0,0,0,189.86,0,0,146.347,146.347,74.9829,74.9829,2319.32,2257.71,1403.3,6919.28,7109.14,3641.01,3641.01,2268.82,1166.35,1166.35,4583.99,66.468,3417.64
3118,2021-07-16,00:00:00.00,176.194,6067.94,146.429,74.9829,0,0,2143.13,114.581,0,0,0,189.93,0,0,146.429,146.429,74.9829,74.9829,2319.32,2257.71,1404.67,6920.98,7110.91,3645.34,3645.34,2270.52,1166.35,1166.35,4583.99,66.468,3417.64
3119,2021-07-17,00:00:00.00,176.194,6068.13,146.434,74.9829,0,0,2143.13,114.581,0,0,0,189.934,0,0,146.434,146.434,74.9829,74.9829,2319.32,2257.71,1404.76,6921.08,7111.02,3646.13,3646.13,2270.62,1166.35,1166.35,4583.99,66.468,3417.64
3120,2021-07-18,00:00:00.00,176.194,6068.13,146.434,74.9829,0,0,2143.13,114.581,0,0,0,189.934,0,0,146.434,146.434,74.9829,74.9829,2319.32,2257.71,1404.76,6921.08,7111.02,3646.64,3646.64,2270.62,1166.35,1166.35,4583.99,66.468,3417.64
3121,2021-07-19,00:00:00.00,176.194,6068.13,146.434,74.9829,0,0,2143.13,114.581,0,0,0,189.934,0,0,146.434,146.434,74.9829,74.9829,2319.32,2257.71,1404.76,6921.08,7111.02,3650.52,3650.52,2270.62,1166.35,1166.35,4583.99,66.468,3417.64
3122,2021-07-20,00:00:00.00,176.194,6068.13,146.434,74.9829,0,0,2143.13,114.581,0,0,0,189.934,0,0,146.434,146.434,74.9829,74.9829,2319.32,2257.71,1404.76,6921.08,7111.02,3653.64,3653.64,2270.62,1166.35,1166.35,4583.99,66.468,3417.64
3123,2021-07-21,00:00:00.00,176.194,6080,146.752,74.9829,0,0,2143.13,114.581,0,0,0,190.205,0,0,146.752,146.752,74.9829,74.9829,2319.32,2257.71,1411.12,6926.59,7116.79,3657.02,3657.02,2276.13,1166.35,1166.35,4583.99,66.468,3417.64
3124,2021-07-22,00:00:00.00,176.194,6080,146.752,74.9829,0,0,2143.13,114.581,0,0,0,190.205,0,0,146.752,146.752,74.9829,74.9829,2319.32,2257.71,1411.12,6926.59,7116.79,3657.02,3657.02,2276.13,1166.35,1166.35,4583.99,66.468,3417.64
3125,2021-07-23,00:00:00.00,176.194,6080,146.752,74.9829,0,0,2143.13,114.581,0,0,0,190.205,0,0,146.752,146.752,74.9829,74.9829,2319.32,2257.71,1411.12,6926.59,7116.79,3657.28,3657.28,2276.13,1166.35,1166.35,4583.99,66.468,3417.64
3126,2021-07-24,00:00:00.00,176.194,6080,146.752,74.9829,0,0,2143.13,114.581,0,0,0,190.205,0,0,146.752,146.752,74.9829,74.9829,2319.32,2257.71,1411.12,6926.59,7116.79,3657.53,3657.53,2276.13,1166.35,1166.35,4583.99,66.468,3417.64
3127,2021-07-25,00:00:00.00,176.194,6102.3,147.257,74.9829,0,0,2143.13,114.581,0,0,0,190.712,0,0,147.257,147.257,74.9829,74.9829,2319.32,2257.71,1421.33,6938.68,7129.39,3657.53,3657.53,2287.05,1166.35,1166.35,4585.16,66.468,3417.77
3128,2021-07-26,00:00:00.00,176.194,6102.3,147.257,74.9829,0,0,2143.13,114.581,0,0,0,190.712,0,0,147.257,147.257,74.9829,74.9829,2319.32,2257.71,1421.33,6938.68,7129.39,3664.39,3664.39,2287.05,1167.39,1167.39,4585.16,66.468,3417.77
3129,2021-07-27,00:00:00.00,176.194,6102.87,147.273,74.9829,0,0,2143.13,114.581,0,0,0,190.725,0,0,147.273,147.273,74.9829,74.9829,2319.32,2257.71,1421.52,6939.06,7129.78,3669.93,3669.93,2287.43,1167.39,1167.39,4585.16,66.468,3417.77
3130,2021-07-28,00:00:00.00,176.194,6107.09,147.385,74.9829,0,0,2143.13,114.581,0,0,0,190.821,0,0,147.385,147.385,74.9829,74.9829,2319.32,2257.71,1423.12,6941.68,7132.5,3672.4,3672.4,2290.05,1167.39,1167.39,4585.16,66.468,3417.77
3131,2021-07-29,00:00:00.00,176.194,6114.74,147.59,74.9829,0,0,2143.13,114.581,0,0,0,190.996,0,0,147.59,147.59,74.9829,74.9829,2319.32,2257.71,1425.9,6946.55,7137.54,3673.79,3673.79,2294.92,1167.39,1167.39,4585.16,66.468,3417.77
3132,2021-07-30,00:00:00.00,176.194,6121.83,147.78,74.9829,0,0,2143.13,114.581,0,0,0,191.158,0,0,147.78,147.78,74.9829,74.9829,2319.32,2257.71,1428.15,6951.39,7142.55,3676.27,3676.27,2299.76,1167.39,1167.39,4585.16,66.468,3417.77
3133,2021-07-31,00:00:00.00,176.194,6121.83,147.78,74.9829,0,0,2143.13,114.581,0,0,0,191.158,0,0,147.78,147.78,74.9829,74.9829,2319.32,2257.71,1428.15,6951.39,7142.55,3676.27,3676.27,2299.76,1167.39,1167.39,4585.16,66.468,3417.77
3134,2021-08-01,00:00:00.00,176.194,6126.42,147.903,74.9829,0,0,2143.13,114.581,0,0,0,191.262,0,0,147.903,147.903,74.9829,74.9829,2319.32,2257.71,1429.45,6954.68,7145.94,3676.27,3676.27,2303.06,1167.39,1167.39,4585.16,66.468,3417.77
3135,2021-08-02,00:00:00.00,176.194,6133.7,148.098,74.9829,0,0,2143.13,114.581,0,0,0,191.428,0,0,148.098,148.098,74.9829,74.9829,2319.32,2257.71,1431.28,6960.12,7151.55,3676.27,3676.27,2308.5,1167.39,1167.39,4585.16,66.468,3417.77
3136,2021-08-03,00:00:00.00,176.194,6133.7,148.098,74.9829,0,0,2143.13,114.581,0,0,0,191.428,0,0,148.098,148.098,74.9829,74.9829,2319.32,2257.71,1431.28,6960.12,7151.55,3676.27,3676.27,2308.5,1167.39,1167.39,4585.16,66.468,3417.77
3137,2021-08-04,00:00:00.00,176.194,6133.7,148.098,74.9829,0,0,2143.13,114.581,0,0,0,191.428,0,0,148.098,148.098,74.9829,74.9829,2319.32,2257.71,1431.28,6960.12,7151.55,3676.66,3676.66,2308.5,1167.39,1167.39,4585.16,66.468,3417.77
3138,2021-08-05,00:00:00.00,176.194,6133.7,148.098,74.9829,0,0,2143.13,114.581,0,0,0,191.428,0,0,148.098,148.098,74.9829,74.9829,2319.32,2257.71,1431.28,6960.12,7151.55,3680.89,3680.89,2308.5,1167.39,1167.39,4585.16,66.468,3417.77
3139,2021-08-06,00:00:00.00,176.194,6133.7,148.098,74.9829,0,0,2143.13,114.581,0,0,0,191.428,0,0,148.098,148.098,74.9829,74.9829,2319.32,2257.71,1431.28,6960.12,7151.55,3685.11,3685.11,2308.5,1167.39,1167.39,4585.16,66.468,3417.77
3140,2021-08-07,00:00:00.00,176.194,6134.27,148.113,74.9829,0,0,2143.13,114.581,0,0,0,191.442,0,0,148.113,148.113,74.9829,74.9829,2319.32,2257.71,1431.43,6960.55,7151.99,3689.69,3689.69,2308.92,1167.39,1167.39,4585.16,66.468,3417.77
3141,2021-08-08,00:00:00.00,176.194,6151.31,148.569,74.9829,0,0,2143.13,114.581,0,0,0,191.83,0,0,148.569,148.569,74.9829,74.9829,2319.32,2257.71,1436.38,6972.64,7164.47,3695.97,3695.97,2318.28,1167.39,1167.39,4587.9,66.468,3418.06
3142,2021-08-09,00:00:00.00,176.194,6151.69,148.579,74.9829,0,0,2143.13,114.581,0,0,0,191.839,0,0,148.579,148.579,74.9829,74.9829,2319.32,2257.71,1436.47,6972.94,7164.77,3701.04,3701.04,2318.57,1169.84,1169.84,4587.9,66.468,3418.06
3143,2021-08-10,00:00:00.00,176.194,6151.89,148.584,74.9829,0,0,2143.13,114.581,0,0,0,191.843,0,0,148.584,148.584,74.9829,74.9829,2319.32,2257.71,1436.52,6973.08,7164.92,3707.7,3707.7,2318.71,1169.84,1169.84,4587.9,66.468,3418.06
3144,2021-08-11,00:00:00.00,176.194,6163.37,148.892,74.9829,0,0,2143.13,114.581,0,0,0,192.106,0,0,148.892,148.892,74.9829,74.9829,2319.32,2257.71,1440.12,6980.97,7173.07,3713.73,3713.73,2326.6,1169.84,1169.84,4587.9,66.468,3418.06
3145,2021-08-12,00:00:00.00,176.194,6164.52,148.923,74.9829,0,0,2143.13,114.581,0,0,0,192.132,0,0,148.923,148.923,74.9829,74.9829,2319.32,2257.71,1440.43,6981.8,7173.93,3720.28,3720.28,2327.43,1169.84,1169.84,4587.9,66.468,3418.06
3146,2021-08-13,00:00:00.00,176.194,6164.52,148.923,74.9829,0,0,2143.13,114.581,0,0,0,192.132,0,0,148.923,148.923,74.9829,74.9829,2319.32,2257.71,1440.43,6981.8,7173.93,3726.15,3726.15,2327.43,1169.84,1169.84,4587.9,66.468,3418.06
3147,2021-08-14,00:00:00.00,176.194,6164.52,148.923,74.9829,0,0,2143.13,114.581,0,0,0,192.132,0,0,148.923,148.923,74.9829,74.9829,2319.32,2257.71,1440.43,6981.8,7173.93,3731.29,3731.29,2327.43,1169.84,1169.84,4587.9,66.468,3418.06
3148,2021-08-15,00:00:00.00,176.194,6164.52,148.923,74.9829,0,0,2143.13,114.581,0,0,0,192.132,0,0,148.923,148.923,74.9829,74.9829,2319.32,2257.71,1440.43,6981.8,7173.93,3731.55,3731.55,2327.43,1169.84,1169.84,4587.9,66.468,3418.06
3149,2021-08-16,00:00:00.00,176.194,6164.52,148.923,74.9829,0,0,2143.13,114.581,0,0,0,192.132,0,0,148.923,148.923,74.9829,74.9829,2319.32,2257.71,1440.43,6981.8,7173.93,3731.55,3731.55,2327.43,1169.84,1169.84,4587.9,66.468,3418.06
3150,2021-08-17,00:00:00.00,176.194,6165.86,148.958,74.9829,0,0,2143.13,114.581,0,0,0,192.162,0,0,148.958,148.958,74.9829,74.9829,2319.32,2257.71,1440.97,6982.6,7174.77,3732.64,3732.64,2328.24,1169.84,1169.84,4587.9,66.468,3418.06
3151,2021-08-18,00:00:00.00,176.194,6165.86,148.958,74.9829,0,0,2143.13,114.581,0,0,0,192.162,0,0,148.958,148.958,74.9829,74.9829,2319.32,2257.71,1440.97,6982.6,7174.77,3735.15,3735.15,2328.24,1169.84,1169.84,4587.9,66.468,3418.06
3152,2021-08-19,00:00:00.00,176.194,6165.86,148.958,74.9829,0,0,2143.13,114.581,0,0,0,192.162,0,0,148.958,148.958,74.9829,74.9829,2319.32,2257.71,1440.97,6982.6,7174.77,3739.35,3739.35,2328.24,1169.84,1169.84,4587.9,66.468,3418.06
3153,2021-08-20,00:00:00.00,176.194,6165.86,148.958,74.9829,0,0,2143.13,114.581,0,0,0,192.162,0,0,148.958,148.958,74.9829,74.9829,2319.32,2257.71,1440.97,6982.6,7174.77,3743.03,3743.03,2328.24,1169.84,1169.84,4587.9,66.468,3418.06
3154,2021-08-21,00:00:00.00,176.194,6165.86,148.958,74.9829,0,0,2143.13,114.581,0,0,0,192.162,0,0,148.958,148.958,74.9829,74.9829,2319.32,2257.71,1440.97,6982.6,7174.77,3746.26,3746.26,2328.24,1169.84,1169.84,4587.9,66.468,3418.06
3155,2021-08-22,00:00:00.00,176.194,6165.86,148.958,74.9829,0,0,2143.13,114.581,0,0,0,192.162,0,0,148.958,148.958,74.9829,74.9829,2319.32,2257.71,1440.97,6982.6,7174.77,3749.09,3749.09,2328.24,1169.84,1169.84,4587.9,66.468,3418.06
3156,2021-08-23,00:00:00.00,176.194,6165.86,148.958,74.9829,0,0,2143.13,114.581,0,0,0,192.162,0,0,148.958,148.958,74.9829,74.9829,2319.32,2257.71,1440.97,6982.6,7174.77,3751.57,3751.57,2328.24,1169.84,1169.84,4587.9,66.468,3418.06
3157,2021-08-24,00:00:00.00,176.194,6165.86,148.958,74.9829,0,0,2143.13,114.581,0,0,0,192.162,0,0,148.958,148.958,74.9829,74.9829,2319.32,2257.71,1440.97,6982.6,7174.77,3753.75,3753.75,2328.24,1169.84,1169.84,4587.9,66.468,3418.06
3158,2021-08-25,00:00:00.00,176.194,6165.86,148.958,74.9829,0,0,2143.13,114.581,0,0,0,192.162,0,0,148.958,148.958,74.9829,74.9829,2319.32,2257.71,1440.97,6982.6,7174.77,3755.66,3755.66,2328.24,1169.84,1169.84,4587.9,66.468,3418.06
3159,2021-08-26,00:00:00.00,176.194,6165.86,148.958,74.9829,0,0,2143.13,114.581,0,0,0,192.162,0,0,148.958,148.958,74.9829,74.9829,2319.32,2257.71,1440.97,6982.6,7174.77,3757.33,3757.33,2328.24,1169.84,1169.84,4587.9,66.468,3418.06
3160,2021-08-27,00:00:00.00,176.194,6165.86,148.958,74.9829,0,0,2143.13,114.581,0,0,0,192.162,0,0,148.958,148.958,74.9829,74.9829,2319.32,2257.71,1440.97,6982.6,7174.77,3758.79,3758.79,2328.24,1169.84,1169.84,4587.9,66.468,3418.06
3161,2021-08-28,00:00:00.00,176.194,6165.86,148.958,74.9829,0,0,2143.13,114.581,0,0,0,192.162,0,0,148.958,148.958,74.9829,74.9829,2319.32,2257.71,1440.97,6982.6,7174.77,3760.07,3760.07,2328.24,1169.84,1169.84,4587.9,66.468,3418.06
3162,2021-08-29,00:00:00.00,176.194,6170.07,149.071,74.9829,0,0,2143.13,114.581,0,0,0,192.258,0,0,149.071,149.071,74.9829,74.9829,2319.32,2257.71,1443.91,6983.88,7176.14,3761.54,3761.54,2329.51,1169.84,1169.84,4587.9,66.468,3418.06
3163,2021-08-30,00:00:00.00,176.194,6178.69,149.302,74.9829,0,0,2143.13,114.581,0,0,0,192.455,0,0,149.302,149.302,74.9829,74.9829,2319.32,2257.71,1449.56,6986.84,7179.3,3763.63,3763.63,2332.48,1169.84,1169.84,4587.9,66.468,3418.06
3164,2021-08-31,00:00:00.00,176.194,6178.69,149.302,74.9829,0,0,2143.13,114.581,0,0,0,192.455,0,0,149.302,149.302,74.9829,74.9829,2319.32,2257.71,1449.56,6986.84,7179.3,3765.9,3765.9,2332.48,1169.84,1169.84,4587.9,66.468,3418.06
3165,2021-09-01,00:00:00.00,176.194,6178.69,149.302,74.9829,0,0,2143.13,114.581,0,0,0,192.455,0,0,149.302,149.302,74.9829,74.9829,2319.32,2257.71,1449.56,6986.84,7179.3,3766.26,3766.26,2332.48,1169.84,1169.84,4587.9,66.468,3418.06
3166,2021-09-02,00:00:00.00,176.194,6178.69,149.302,74.9829,0,0,2143.13,114.581,0,0,0,192.455,0,0,149.302,149.302,74.9829,74.9829,2319.32,2257.71,1449.56,6986.84,7179.3,3767.43,3767.43,2332.48,1169.84,1169.84,4587.9,66.468,3418.06
3167,2021-09-03,00:00:00.00,176.194,6178.69,149.302,74.9829,0,0,2143.13,114.581,0,0,0,192.455,0,0,149.302,149.302,74.9829,74.9829,2319.32,2257.71,1449.56,6986.84,7179.3,3767.66,3767.66,2332.48,1169.84,1169.84,4587.9,66.468,3418.06
3168,2021-09-04,00:00:00.00,176.194,6178.69,149.302,74.9829,0,0,2143.13,114.581,0,0,0,192.455,0,0,149.302,149.302,74.9829,74.9829,2319.32,2257.71,1449.56,6986.84,7179.3,3767.89,3767.89,2332.48,1169.84,1169.84,4587.9,66.468,3418.06
3169,2021-09-05,00:00:00.00,176.194,6183.48,149.43,74.9829,0,0,2143.13,114.581,0,0,0,192.564,0,0,149.43,149.43,74.9829,74.9829,2319.32,2257.71,1452.55,6988.63,7181.2,3769.12,3769.12,2334.27,1169.84,1169.84,4587.9,66.468,3418.06
3170,2021-09-06,00:00:00.00,176.194,6190.75,149.625,74.9829,0,0,2143.13,114.581,0,0,0,192.73,0,0,149.625,149.625,74.9829,74.9829,2319.32,2257.71,1456.78,6991.68,7184.41,3770.89,3770.89,2337.32,1169.84,1169.84,4587.9,66.468,3418.06
3171,2021-09-07,00:00:00.00,176.194,6190.75,149.625,74.9829,0,0,2143.13,114.581,0,0,0,192.73,0,0,149.625,149.625,74.9829,74.9829,2319.32,2257.71,1456.78,6991.68,7184.41,3771.63,3771.63,2337.32,1169.84,1169.84,4587.9,66.468,3418.06
3172,2021-09-08,00:00:00.00,176.194,6231.33,150.13,74.9829,0,0,2143.13,114.581,0,0,0,193.643,0,0,150.13,150.13,74.9829,74.9829,2319.32,2257.71,1478.24,7010.8,7204.45,3773.79,3773.79,2348.08,1169.84,1169.84,4596.26,66.468,3418.95
3173,2021-09-09,00:00:00.00,176.194,6232.67,150.166,74.9829,0,0,2143.13,114.581,0,0,0,193.674,0,0,150.166,150.166,74.9829,74.9829,2319.32,2257.71,1478.61,7011.77,7205.45,3775.99,3775.99,2349.05,1172.17,1172.17,4596.26,66.468,3419.5
3174,2021-09-10,00:00:00.00,176.194,6233.73,150.194,74.9829,0,0,2143.13,114.581,0,0,0,193.698,0,0,150.194,150.194,74.9829,74.9829,2319.32,2257.71,1478.91,7012.53,7206.22,3776.79,3776.79,2349.8,1173.05,1173.05,4596.26,66.468,3419.89
3175,2021-09-11,00:00:00.00,176.194,6233.73,150.194,74.9829,0,0,2143.13,114.581,0,0,0,193.698,0,0,150.194,150.194,74.9829,74.9829,2319.32,2257.71,1478.91,7012.53,7206.22,3778.44,3778.44,2349.8,1174.8,1174.8,4596.26,66.468,3420.06
3176,2021-09-12,00:00:00.00,176.194,6233.73,150.194,74.9829,0,0,2143.13,114.581,0,0,0,193.698,0,0,150.194,150.194,74.9829,74.9829,2319.32,2257.71,1478.91,7012.53,7206.22,3781.36,3781.36,2349.8,1176.19,1176.19,4596.26,66.468,3420.06
3177,2021-09-13,00:00:00.00,176.194,6236.79,150.276,74.9829,0,0,2143.13,114.581,0,0,0,193.768,0,0,150.276,150.276,74.9829,74.9829,2319.32,2257.71,1479.87,7014.63,7208.39,3785.36,3785.36,2351.9,1176.2,1176.2,4596.26,66.468,3420.06
3178,2021-09-14,00:00:00.00,176.194,6239.28,150.343,74.9829,0,0,2143.13,114.581,0,0,0,193.824,0,0,150.343,150.343,74.9829,74.9829,2319.32,2257.71,1480.67,7016.32,7210.14,3786.55,3786.55,2353.59,1176.2,1176.2,4596.26,66.468,3420.06
3179,2021-09-15,00:00:00.00,176.194,6248.08,150.579,74.9829,0,0,2143.13,114.581,0,0,0,194.025,0,0,150.579,150.579,74.9829,74.9829,2319.32,2257.71,1483.42,7022.38,7216.4,3790.59,3790.59,2359.65,1176.2,1176.2,4596.26,66.468,3420.06
3180,2021-09-16,00:00:00.00,176.194,6248.28,150.584,74.9829,0,0,2143.13,114.581,0,0,0,194.03,0,0,150.584,150.584,74.9829,74.9829,2319.32,2257.71,1483.47,7022.51,7216.54,3794.47,3794.47,2359.79,1176.2,1176.2,4596.26,66.468,3420.06
3181,2021-09-17,00:00:00.00,176.194,6248.28,150.584,74.9829,0,0,2143.13,114.581,0,0,0,194.03,0,0,150.584,150.584,74.9829,74.9829,2319.32,2257.71,1483.47,7022.51,7216.54,3796.53,3796.53,2359.79,1176.2,1176.2,4596.26,66.468,3420.06
3182,2021-09-18,00:00:00.00,176.194,6248.28,150.584,74.9829,0,0,2143.13,114.581,0,0,0,194.03,0,0,150.584,150.584,74.9829,74.9829,2319.32,2257.71,1483.47,7022.51,7216.54,3800.47,3800.47,2359.79,1176.2,1176.2,4596.26,66.468,3420.06
3183,2021-09-19,00:00:00.00,176.194,6248.28,150.584,74.9829,0,0,2143.13,114.581,0,0,0,194.03,0,0,150.584,150.584,74.9829,74.9829,2319.32,2257.71,1483.47,7022.51,7216.54,3804.07,3804.07,2359.79,1176.2,1176.2,4596.26,66.468,3420.06
3184,2021-09-20,00:00:00.00,176.194,6248.28,150.584,74.9829,0,0,2143.13,114.581,0,0,0,194.03,0,0,150.584,150.584,74.9829,74.9829,2319.32,2257.71,1483.47,7022.51,7216.54,3804.49,3804.49,2359.79,1176.2,1176.2,4596.26,66.468,3420.06
3185,2021-09-21,00:00:00.00,176.194,6249.04,150.604,74.9829,0,0,2143.13,114.581,0,0,0,194.047,0,0,150.604,150.604,74.9829,74.9829,2319.32,2257.71,1483.76,7022.99,7217.04,3806.95,3806.95,2360.26,1176.2,1176.2,4596.26,66.468,3420.06
3186,2021-09-22,00:00:00.00,176.194,6286.08,151.11,74.9829,0,0,2143.13,114.581,0,0,0,194.882,0,0,151.11,151.11,74.9829,74.9829,2319.32,2257.71,1498.36,7045.43,7240.31,3809.21,3809.21,2369.6,1176.2,1176.2,4609.36,66.468,3421.46
3187,2021-09-23,00:00:00.00,176.194,6326.66,151.616,74.9829,0,0,2143.13,114.581,0,0,0,195.795,0,0,151.616,151.616,74.9829,74.9829,2319.32,2257.71,1507.92,7076.45,7272.25,3809.21,3809.21,2375.43,1176.2,1176.2,4634.56,66.468,3425.39
3188,2021-09-24,00:00:00.00,176.194,6328.39,151.662,74.9829,0,0,2143.13,114.581,0,0,0,195.834,0,0,151.662,151.662,74.9829,74.9829,2319.32,2257.71,1508.16,7077.93,7273.77,3809.21,3809.21,2376.91,1176.2,1176.2,4634.56,66.468,3428.9
3189,2021-09-25,00:00:00.00,176.194,6328.77,151.672,74.9829,0,0,2143.13,114.581,0,0,0,195.843,0,0,151.672,151.672,74.9829,74.9829,2319.32,2257.71,1508.21,7078.27,7274.11,3809.21,3809.21,2377.24,1176.2,1176.2,4634.56,66.468,3432.04
3190,2021-09-26,00:00:00.00,176.194,6333.94,151.811,74.9829,0,0,2143.13,114.581,0,0,0,195.961,0,0,151.811,151.811,74.9829,74.9829,2319.32,2257.71,1508.87,7082.78,7278.74,3809.21,3809.21,2381.42,1176.2,1176.2,4634.89,66.468,3434.88
3191,2021-09-27,00:00:00.00,176.194,6335.85,151.862,74.9829,0,0,2143.13,114.581,0,0,0,196.004,0,0,151.862,151.862,74.9829,74.9829,2319.32,2257.71,1509.06,7084.5,7280.51,3809.21,3809.21,2383.15,1176.2,1176.2,4634.89,66.468,3437.42
3192,2021-09-28,00:00:00.00,176.194,6335.85,151.862,74.9829,0,0,2143.13,114.581,0,0,0,196.004,0,0,151.862,151.862,74.9829,74.9829,2319.32,2257.71,1509.06,7084.5,7280.51,3809.51,3809.51,2383.15,1176.5,1176.5,4634.89,66.468,3439.65
3193,2021-09-29,00:00:00.00,176.194,6335.85,151.862,74.9829,0,0,2143.13,114.581,0,0,0,196.004,0,0,151.862,151.862,74.9829,74.9829,2319.32,2257.71,1509.06,7084.5,7280.51,3809.51,3809.51,2383.15,1176.5,1176.5,4634.89,66.468,3441.65
3194,2021-09-30,00:00:00.00,176.194,6335.85,151.862,74.9829,0,0,2143.13,114.581,0,0,0,196.004,0,0,151.862,151.862,74.9829,74.9829,2319.32,2257.71,1509.06,7084.5,7280.51,3809.51,3809.51,2383.15,1176.5,1176.5,4634.89,66.468,3443.43
3195,2021-10-01,00:00:00.00,176.194,6335.85,151.862,74.9829,0,0,2143.13,114.581,0,0,0,196.004,0,0,151.862,151.862,74.9829,74.9829,2319.32,2257.71,1509.06,7084.5,7280.51,3809.51,3809.51,2383.15,1176.5,1176.5,4634.89,66.468,3445.03
3196,2021-10-02,00:00:00.00,176.194,6335.85,151.862,74.9829,0,0,2143.13,114.581,0,0,0,196.004,0,0,151.862,151.862,74.9829,74.9829,2319.32,2257.71,1509.06,7084.5,7280.51,3811.81,3811.81,2383.15,1178.8,1178.8,4634.89,66.468,3446.21
3197,2021-10-03,00:00:00.00,176.194,6357.17,152.368,74.9829,0,0,2143.13,114.581,0,0,0,196.489,0,0,152.368,152.368,74.9829,74.9829,2319.32,2257.71,1511.26,7103.61,7300.1,3813.71,3813.71,2386.67,1181.1,1181.1,4650.48,66.468,3448.67
3198,2021-10-04,00:00:00.00,176.194,6367.51,152.644,74.9829,0,0,2143.13,114.581,0,0,0,196.725,0,0,152.644,152.644,74.9829,74.9829,2319.32,2257.71,1512.11,7113.1,7309.83,3815.74,3815.74,2389.75,1183.41,1183.41,4656.89,66.468,3451.32
3199,2021-10-05,00:00:00.00,176.194,6367.51,152.644,74.9829,0,0,2143.13,114.581,0,0,0,196.725,0,0,152.644,152.644,74.9829,74.9829,2319.32,2257.71,1512.11,7113.1,7309.83,3818.04,3818.04,2389.75,1185.71,1185.71,4656.89,66.468,3453.43
3200,2021-10-06,00:00:00.00,176.194,6367.51,152.644,74.9829,0,0,2143.13,114.581,0,0,0,196.725,0,0,152.644,152.644,74.9829,74.9829,2319.32,2257.71,1512.11,7113.1,7309.83,3820.34,3820.34,2389.75,1188.01,1188.01,4656.89,66.468,3455.08
3201,2021-10-07,00:00:00.00,176.194,6367.51,152.644,74.9829,0,0,2143.13,114.581,0,0,0,196.725,0,0,152.644,152.644,74.9829,74.9829,2319.32,2257.71,1512.11,7113.1,7309.83,3822.65,3822.65,2389.75,1190.32,1190.32,4656.89,66.468,3456.3
3202,2021-10-08,00:00:00.00,176.194,6367.51,152.644,74.9829,0,0,2143.13,114.581,0,0,0,196.725,0,0,152.644,152.644,74.9829,74.9829,2319.32,2257.71,1512.11,7113.1,7309.83,3824.95,3824.95,2389.75,1192.62,1192.62,4656.89,66.468,3457.15
3203,2021-10-09,00:00:00.00,176.194,6374.21,152.824,74.9829,0,0,2143.13,114.581,0,0,0,196.878,0,0,152.824,152.824,74.9829,74.9829,2319.32,2257.71,1512.94,7118.98,7315.86,3827.07,3827.07,2394.22,1194.93,1194.93,4658.29,66.468,3457.81
3204,2021-10-10,00:00:00.00,176.194,6374.4,152.829,74.9829,0,0,2143.13,114.581,0,0,0,196.882,0,0,152.829,152.829,74.9829,74.9829,2319.32,2257.71,1512.96,7119.15,7316.03,3829.37,3829.37,2394.39,1197.23,1197.23,4658.29,66.468,3458.16
3205,2021-10-11,00:00:00.00,176.194,6374.4,152.829,74.9829,0,0,2143.13,114.581,0,0,0,196.882,0,0,152.829,152.829,74.9829,74.9829,2319.32,2257.71,1512.96,7119.15,7316.03,3831.68,3831.68,2394.39,1199.35,1199.35,4658.29,66.468,3458.24
3206,2021-10-12,00:00:00.00,176.194,6374.4,152.829,74.9829,0,0,2143.13,114.581,0,0,0,196.882,0,0,152.829,152.829,74.9829,74.9829,2319.32,2257.71,1512.96,7119.15,7316.03,3833.98,3833.98,2394.39,1200.05,1200.05,4658.29,66.468,3458.24
3207,2021-10-13,00:00:00.00,176.194,6374.4,152.829,74.9829,0,0,2143.13,114.581,0,0,0,196.882,0,0,152.829,152.829,74.9829,74.9829,2319.32,2257.71,1512.96,7119.15,7316.03,3836.28,3836.28,2394.39,1200.05,1200.05,4658.29,66.468,3458.24
3208,2021-10-14,00:00:00.00,176.194,6374.4,152.829,74.9829,0,0,2143.13,114.581,0,0,0,196.882,0,0,152.829,152.829,74.9829,74.9829,2319.32,2257.71,1512.96,7119.15,7316.03,3838.59,3838.59,2394.39,1200.05,1200.05,4658.29,66.468,3458.24
3209,2021-10-15,00:00:00.00,176.194,6375.16,152.849,74.9829,0,0,2143.13,114.581,0,0,0,196.9,0,0,152.849,152.849,74.9829,74.9829,2319.32,2257.71,1513.09,7119.78,7316.68,3840.87,3840.87,2395.02,1200.05,1200.05,4658.29,66.468,3458.24
3210,2021-10-16,00:00:00.00,176.194,6382.06,153.034,74.9829,0,0,2143.13,114.581,0,0,0,197.057,0,0,153.034,153.034,74.9829,74.9829,2319.32,2257.71,1514.34,7125.42,7322.48,3842.99,3842.99,2400.66,1200.05,1200.05,4658.29,66.468,3458.24
3211,2021-10-17,00:00:00.00,176.194,6384.93,153.11,74.9829,0,0,2143.13,114.581,0,0,0,197.123,0,0,153.11,153.11,74.9829,74.9829,2319.32,2257.71,1514.78,7127.86,7324.98,3845.22,3845.22,2403.1,1200.05,1200.05,4658.29,66.468,3458.24
3212,2021-10-18,00:00:00.00,176.194,6388.76,153.213,74.9829,0,0,2143.13,114.581,0,0,0,197.21,0,0,153.213,153.213,74.9829,74.9829,2319.32,2257.71,1515.35,7131.12,7328.33,3846.3,3846.3,2406.36,1200.05,1200.05,4658.29,66.468,3458.24
3213,2021-10-19,00:00:00.00,176.194,6388.76,153.213,74.9829,0,0,2143.13,114.581,0,0,0,197.21,0,0,153.213,153.213,74.9829,74.9829,2319.32,2257.71,1515.35,7131.12,7328.33,3846.77,3846.77,2406.36,1200.05,1200.05,4658.29,66.468,3458.24
3214,2021-10-20,00:00:00.00,176.194,6388.76,153.213,74.9829,0,0,2143.13,114.581,0,0,0,197.21,0,0,153.213,153.213,74.9829,74.9829,2319.32,2257.71,1515.35,7131.12,7328.33,3849.08,3849.08,2406.36,1200.05,1200.05,4658.29,66.468,3458.24
3215,2021-10-21,00:00:00.00,176.194,6389.24,153.226,74.9829,0,0,2143.13,114.581,0,0,0,197.221,0,0,153.226,153.226,74.9829,74.9829,2319.32,2257.71,1515.42,7131.53,7328.75,3851.37,3851.37,2406.76,1200.05,1200.05,4658.29,66.468,3458.24
3216,2021-10-22,00:00:00.00,176.194,6393.26,153.333,74.9829,0,0,2143.13,114.581,0,0,0,197.313,0,0,153.333,153.333,74.9829,74.9829,2319.32,2257.71,1516.06,7134.9,7332.22,3853.56,3853.56,2410.14,1200.05,1200.05,4658.29,66.468,3458.24
3217,2021-10-23,00:00:00.00,176.194,6393.26,153.333,74.9829,0,0,2143.13,114.581,0,0,0,197.313,0,0,153.333,153.333,74.9829,74.9829,2319.32,2257.71,1516.06,7134.9,7332.22,3853.56,3853.56,2410.14,1200.05,1200.05,4658.29,66.468,3458.24
3218,2021-10-24,00:00:00.00,176.194,6393.26,153.333,74.9829,0,0,2143.13,114.581,0,0,0,197.313,0,0,153.333,153.333,74.9829,74.9829,2319.32,2257.71,1516.06,7134.9,7332.22,3853.56,3853.56,2410.14,1200.05,1200.05,4658.29,66.468,3458.24
3219,2021-10-25,00:00:00.00,176.194,6401.11,153.543,74.9829,0,0,2143.13,114.581,0,0,0,197.492,0,0,153.543,153.543,74.9829,74.9829,2319.32,2257.71,1517.23,7141.59,7339.08,3853.56,3853.56,2414.94,1200.05,1200.05,4660.17,66.468,3458.44
3220,2021-10-26,00:00:00.00,176.194,6422.81,154.049,74.9829,0,0,2143.13,114.581,0,0,0,197.985,0,0,154.049,154.049,74.9829,74.9829,2319.32,2257.71,1519.7,7160.83,7358.81,3853.56,3853.56,2418.39,1200.05,1200.05,4675.96,66.468,3460.31
3221,2021-10-27,00:00:00.00,176.194,6423.58,154.07,74.9829,0,0,2143.13,114.581,0,0,0,198.003,0,0,154.07,154.07,74.9829,74.9829,2319.32,2257.71,1519.76,7161.53,7359.53,3853.56,3853.56,2419.1,1200.05,1200.05,4675.96,66.468,3461.97
3222,2021-10-28,00:00:00.00,176.194,6423.58,154.07,74.9829,0,0,2143.13,114.581,0,0,0,198.003,0,0,154.07,154.07,74.9829,74.9829,2319.32,2257.71,1519.76,7161.53,7359.53,3854.75,3854.75,2419.1,1201.24,1201.24,4675.96,66.468,3463.33
3223,2021-10-29,00:00:00.00,176.194,6423.58,154.07,74.9829,0,0,2143.13,114.581,0,0,0,198.003,0,0,154.07,154.07,74.9829,74.9829,2319.32,2257.71,1519.76,7161.53,7359.53,3854.75,3854.75,2419.1,1201.24,1201.24,4675.96,66.468,3464.54
3224,2021-10-30,00:00:00.00,176.194,6429.71,154.234,74.9829,0,0,2143.13,114.581,0,0,0,198.143,0,0,154.234,154.234,74.9829,74.9829,2319.32,2257.71,1520.27,7167.15,7365.29,3854.88,3854.88,2421.91,1201.42,1201.42,4678.77,66.468,3465.91
3225,2021-10-31,00:00:00.00,176.194,6431.24,154.275,74.9829,0,0,2143.13,114.581,0,0,0,198.178,0,0,154.275,154.275,74.9829,74.9829,2319.32,2257.71,1520.37,7168.58,7366.76,3854.88,3854.88,2423.35,1201.42,1201.42,4678.77,66.468,3467.13
3226,2021-11-01,00:00:00.00,176.194,6432.2,154.3,74.9829,0,0,2143.13,114.581,0,0,0,198.199,0,0,154.3,154.3,74.9829,74.9829,2319.32,2257.71,1520.42,7169.48,7367.68,3856.05,3856.05,2424.25,1202.61,1202.61,4678.77,66.468,3468.09
3227,2021-11-02,00:00:00.00,176.194,6432.2,154.3,74.9829,0,0,2143.13,114.581,0,0,0,198.199,0,0,154.3,154.3,74.9829,74.9829,2319.32,2257.71,1520.42,7169.48,7367.68,3856.85,3856.85,2424.25,1203.41,1203.41,4678.77,66.468,3468.86
3228,2021-11-03,00:00:00.00,176.194,6432.2,154.3,74.9829,0,0,2143.13,114.581,0,0,0,198.199,0,0,154.3,154.3,74.9829,74.9829,2319.32,2257.71,1520.42,7169.48,7367.68,3857.4,3857.4,2424.25,1203.96,1203.96,4678.77,66.468,3469.5
3229,2021-11-04,00:00:00.00,176.194,6432.2,154.3,74.9829,0,0,2143.13,114.581,0,0,0,198.199,0,0,154.3,154.3,74.9829,74.9829,2319.32,2257.71,1520.42,7169.48,7367.68,3857.84,3857.84,2424.25,1204.4,1204.4,4678.77,66.468,3470.02
3230,2021-11-05,00:00:00.00,176.194,6432.2,154.3,74.9829,0,0,2143.13,114.581,0,0,0,198.199,0,0,154.3,154.3,74.9829,74.9829,2319.32,2257.71,1520.42,7169.48,7367.68,3858.14,3858.14,2424.25,1204.7,1204.7,4678.77,66.468,3470.45
3231,2021-11-06,00:00:00.00,176.194,6432.2,154.3,74.9829,0,0,2143.13,114.581,0,0,0,198.199,0,0,154.3,154.3,74.9829,74.9829,2319.32,2257.71,1520.42,7169.48,7367.68,3858.63,3858.63,2424.25,1205.19,1205.19,4678.77,66.468,3470.78
3232,2021-11-07,00:00:00.00,176.194,6432.2,154.3,74.9829,0,0,2143.13,114.581,0,0,0,198.199,0,0,154.3,154.3,74.9829,74.9829,2319.32,2257.71,1520.42,7169.48,7367.68,3859.28,3859.28,2424.25,1205.84,1205.84,4678.77,66.468,3471.01
3233,2021-11-08,00:00:00.00,176.194,6432.2,154.3,74.9829,0,0,2143.13,114.581,0,0,0,198.199,0,0,154.3,154.3,74.9829,74.9829,2319.32,2257.71,1520.42,7169.48,7367.68,3860.08,3860.08,2424.25,1206.64,1206.64,4678.77,66.468,3471.13
3234,2021-11-09,00:00:00.00,176.194,6432.2,154.3,74.9829,0,0,2143.13,114.581,0,0,0,198.199,0,0,154.3,154.3,74.9829,74.9829,2319.32,2257.71,1520.42,7169.48,7367.68,3860.89,3860.89,2424.25,1207.38,1207.38,4678.77,66.468,3471.16
3235,2021-11-10,00:00:00.00,176.194,6437.37,154.439,74.9829,0,0,2143.13,114.581,0,0,0,198.317,0,0,154.439,154.439,74.9829,74.9829,2319.32,2257.71,1520.86,7174.22,7372.53,3861.55,3861.55,2427.24,1207.61,1207.61,4680.51,66.468,3471.34
3236,2021-11-11,00:00:00.00,176.194,6437.37,154.439,74.9829,0,0,2143.13,114.581,0,0,0,198.317,0,0,154.439,154.439,74.9829,74.9829,2319.32,2257.71,1520.86,7174.22,7372.53,3862.36,3862.36,2427.24,1208.42,1208.42,4680.51,66.468,3471.42
3237,2021-11-12,00:00:00.00,176.194,6444.07,154.618,74.9829,0,0,2143.13,114.581,0,0,0,198.47,0,0,154.618,154.618,74.9829,74.9829,2319.32,2257.71,1521.35,7180.42,7378.89,3863.02,3863.02,2429.85,1209.09,1209.09,4684.1,66.468,3471.8
3238,2021-11-13,00:00:00.00,176.194,6444.83,154.638,74.9829,0,0,2143.13,114.581,0,0,0,198.488,0,0,154.638,154.638,74.9829,74.9829,2319.32,2257.71,1521.4,7181.14,7379.63,3863.8,3863.8,2430.57,1209.89,1209.89,4684.1,66.468,3472.06
3239,2021-11-14,00:00:00.00,176.194,6446.75,154.69,74.9829,0,0,2143.13,114.581,0,0,0,198.531,0,0,154.69,154.69,74.9829,74.9829,2319.32,2257.71,1521.51,7182.94,7381.47,3864.15,3864.15,2432.37,1210.29,1210.29,4684.1,66.468,3472.25
3240,2021-11-15,00:00:00.00,176.194,6446.75,154.69,75.0507,0,0,2145.03,114.581,0,0,0,198.575,0,0,154.69,154.69,75.0507,75.0507,2321.11,2259.5,1521.61,7184.63,7383.21,3864.26,3864.26,2434.06,1210.43,1210.43,4684.11,66.468,3472.4
3241,2021-11-16,00:00:00.00,176.194,6446.75,154.69,75.0507,0,0,2145.03,114.581,0,0,0,198.575,0,0,154.69,154.69,75.0507,75.0507,2321.22,2259.61,1521.61,7184.74,7383.32,3864.5,3864.5,2434.17,1210.67,1210.67,4684.11,66.468,3472.51
3242,2021-11-17,00:00:00.00,176.194,6447.29,154.704,75.0517,0,0,2145.05,114.581,0,0,0,198.588,0,0,154.704,154.704,75.0517,75.0517,2321.25,2259.63,1521.64,7185.29,7383.88,3864.68,3864.68,2434.72,1210.87,1210.87,4684.11,66.468,3472.59
3243,2021-11-18,00:00:00.00,176.194,6453.42,154.868,75.0517,0,0,2145.05,114.581,0,0,0,198.728,0,0,154.868,154.868,75.0517,75.0517,2321.25,2259.63,1521.89,7191.16,7389.89,3865.34,3865.34,2436.27,1211.52,1211.52,4688.42,66.468,3473.05
3244,2021-11-19,00:00:00.00,176.194,6453.42,154.868,75.1533,0,0,2147.9,114.581,0,0,0,198.794,0,0,154.868,154.868,75.1533,75.1533,2324.09,2262.48,1521.99,7193.91,7392.7,3865.89,3865.89,2437.62,1212.17,1212.17,4689.82,66.468,3473.54
3245,2021-11-20,00:00:00.00,176.194,6453.42,154.868,75.1533,0,0,2147.9,114.581,0,0,0,198.794,0,0,154.868,154.868,75.1533,75.1533,2324.09,2262.48,1521.99,7193.91,7392.7,3866.03,3866.03,2437.62,1212.31,1212.31,4689.82,66.468,3473.96
3246,2021-11-21,00:00:00.00,176.194,6453.97,154.883,75.1543,0,0,2147.93,114.581,0,0,0,198.807,0,0,154.883,154.883,75.1543,75.1543,2324.12,2262.51,1522.01,7194.47,7393.27,3866.21,3866.21,2438.18,1212.5,1212.5,4689.82,66.468,3474.32
3247,2021-11-22,00:00:00.00,176.194,6459.52,155.032,75.1543,0,0,2147.93,114.581,0,0,0,198.933,0,0,155.032,155.032,75.1543,75.1543,2324.12,2262.51,1522.18,7199.85,7398.79,3866.44,3866.44,2439.24,1212.8,1212.8,4694.15,66.468,3475.07
3248,2021-11-23,00:00:00.00,176.194,6459.52,155.032,75.2898,0,0,2151.72,114.581,0,0,0,199.021,0,0,155.032,155.032,75.2898,75.2898,2324.12,2262.51,1522.18,7199.85,7398.87,3866.44,3866.44,2439.24,1212.8,1212.8,4694.15,66.468,3475.74
3249,2021-11-24,00:00:00.00,176.194,6459.52,155.032,75.2898,0,0,2151.72,114.581,0,0,0,199.021,0,0,155.032,155.032,75.2898,75.2898,2324.12,2262.51,1522.18,7199.85,7398.87,3866.44,3866.44,2439.24,1212.8,1212.8,4694.15,66.468,3476.34
3250,2021-11-25,00:00:00.00,176.194,6460.43,155.059,75.3343,0,0,2152.97,114.713,0,0,0,199.073,0,0,155.059,155.059,75.3343,75.3343,2324.12,2262.51,1522.2,7200.74,7399.81,3866.44,3866.44,2440.1,1212.8,1212.8,4694.17,66.468,3476.87
3251,2021-11-26,00:00:00.00,176.194,6462.3,155.111,75.3343,0,0,2152.97,114.756,0,0,0,199.117,0,0,155.111,155.111,75.3343,75.3343,2327.79,2266.3,1522.31,7206.29,7405.41,3866.45,3866.45,2440.78,1213.04,1213.04,4699.04,66.468,3477.85
3252,2021-11-27,00:00:00.00,176.241,6462.3,155.111,75.3343,0,0,2152.97,114.756,0,0,0,199.117,0,0,155.111,155.111,75.3343,75.3343,2327.79,2266.3,1522.31,7206.29,7405.41,3866.45,3866.45,2440.78,1213.04,1213.04,4699.04,66.468,3478.72
3253,2021-11-28,00:00:00.00,176.241,6462.3,155.111,75.4698,0,0,2156.77,114.756,0,0,0,199.204,0,0,155.111,155.111,75.4698,75.4698,2327.79,2266.3,1522.31,7206.29,7405.5,3866.45,3866.45,2440.78,1213.04,1213.04,4699.04,66.468,3479.49
3254,2021-11-29,00:00:00.00,176.241,6462.3,155.111,75.6392,0,0,2161.51,114.756,0,0,0,199.313,0,0,155.111,155.111,75.6392,75.6392,2327.79,2266.3,1522.31,7206.29,7405.61,3866.45,3866.45,2440.78,1213.04,1213.04,4699.04,66.468,3480.19
3255,2021-11-30,00:00:00.00,176.241,6462.3,155.111,75.7273,0,0,2163.98,114.756,0,0,0,199.37,0,0,155.111,155.111,75.7273,75.7273,2327.79,2266.3,1522.31,7206.29,7405.66,3866.45,3866.45,2440.78,1213.04,1213.04,4699.04,66.468,3480.81
3256,2021-12-01,00:00:00.00,176.241,6462.3,155.111,75.7611,0,0,2164.93,114.756,0,0,0,199.392,0,0,155.111,155.111,75.7611,75.7611,2327.79,2266.3,1522.31,7206.29,7405.68,3866.45,3866.45,2440.78,1213.04,1213.04,4699.04,66.468,3481.36
3257,2021-12-02,00:00:00.00,176.241,6466.55,155.237,75.8316,0,0,2166.9,115.221,0,0,0,199.545,0,0,155.237,155.237,75.8316,75.8316,2329.14,2267.63,1522.4,7211.78,7411.32,3866.46,3866.46,2441.32,1213.36,1213.36,4703.99,66.468,3482.35
3258,2021-12-03,00:00:00.00,176.241,6466.55,155.237,75.8316,0,0,2166.9,115.221,0,0,0,199.545,0,0,155.237,155.237,75.8316,75.8316,2334.8,2273.49,1522.47,7217.56,7417.11,3866.52,3866.52,2441.76,1213.67,1213.67,4709.33,66.468,3483.77
3259,2021-12-04,00:00:00.00,176.531,6466.55,155.237,75.8316,0,0,2166.9,115.221,0,0,0,199.545,0,0,155.237,155.237,75.8316,75.8316,2334.8,2273.49,1522.47,7217.56,7417.11,3866.58,3866.58,2441.76,1213.95,1213.95,4709.33,66.468,3485
3260,2021-12-05,00:00:00.00,176.531,6466.55,155.237,75.8316,0,0,2166.9,115.221,0,0,0,199.545,0,0,155.237,155.237,75.8316,75.8316,2335.41,2273.85,1522.47,7217.92,7417.47,3866.64,3866.64,2442.07,1214.27,1214.27,4709.38,66.468,3486.08
3261,2021-12-06,00:00:00.00,176.531,6489.8,155.742,75.8316,0,0,2166.9,115.251,0,0,0,200.073,0,0,155.742,155.742,75.8316,75.8316,2339.56,2278.15,1522.71,7245.23,7445.31,3866.65,3866.65,2442.35,1214.58,1214.58,4736.41,66.468,3489.89
3262,2021-12-07,00:00:00.00,176.531,6490.27,155.755,75.9367,0,0,2169.85,115.251,0,0,0,200.152,0,0,155.755,155.755,75.9367,75.9367,2341.58,2280.14,1522.73,7247.68,7447.83,3866.66,3866.66,2442.58,1214.9,1214.9,4738.63,66.468,3493.5
3263,2021-12-08,00:00:00.00,176.698,6490.27,155.755,75.9367,0,0,2169.85,115.251,0,0,0,200.152,0,0,155.755,155.755,75.9367,75.9367,2341.58,2280.14,1522.73,7247.68,7447.83,3866.66,3866.66,2442.58,1214.9,1214.9,4738.63,66.468,3496.72
3264,2021-12-09,00:00:00.00,176.698,6490.27,155.755,76.0248,0,0,2172.31,115.251,0,0,0,200.209,0,0,155.755,155.755,76.0248,76.0248,2341.58,2280.14,1522.73,7247.68,7447.89,3866.66,3866.66,2442.58,1214.9,1214.9,4738.63,66.468,3499.6
3265,2021-12-10,00:00:00.00,176.698,6490.27,155.755,76.1264,0,0,2175.16,115.251,0,0,0,200.274,0,0,155.755,155.755,76.1264,76.1264,2341.58,2280.14,1522.73,7247.68,7447.95,3866.66,3866.66,2442.58,1214.9,1214.9,4738.63,66.468,3502.17
3266,2021-12-11,00:00:00.00,176.698,6508.62,156.253,76.159,0,0,2176.08,115.608,0,0,0,200.722,0,0,156.253,156.253,76.159,76.159,2344.26,2282.87,1522.83,7268.66,7469.38,3866.67,3866.67,2442.74,1215.21,1215.21,4759.45,66.468,3506.65
3267,2021-12-12,00:00:00.00,176.765,6508.72,156.257,76.1868,0,0,2176.85,115.678,0,0,0,200.744,0,0,156.257,156.257,76.1868,76.1868,2344.26,2282.87,1522.83,7268.76,7469.51,3866.71,3866.71,2442.84,1215.53,1215.53,4759.45,66.468,3510.62
3268,2021-12-13,00:00:00.00,176.765,6508.72,156.257,76.1868,0,0,2176.85,115.678,0,0,0,200.744,0,0,156.257,156.257,76.1868,76.1868,2348.3,2287.03,1522.85,7272.9,7473.65,3866.77,3866.77,2442.97,1215.84,1215.84,4763.46,66.468,3514.56
3269,2021-12-14,00:00:00.00,176.765,6508.72,156.257,76.1868,0,0,2176.85,115.678,0,0,0,200.744,0,0,156.257,156.257,76.1868,76.1868,2351.5,2290.33,1522.86,7276.2,7476.94,3867.08,3867.08,2443.14,1216.16,1216.16,4766.59,66.468,3518.39
3270,2021-12-15,00:00:00.00,176.765,6509.1,156.268,76.1868,0,0,2176.85,115.678,0,0,0,200.753,0,0,156.268,156.268,76.1868,76.1868,2351.72,2290.56,1522.86,7276.81,7477.56,3867.39,3867.39,2443.33,1216.47,1216.47,4767.01,66.468,3521.81
3271,2021-12-16,00:00:00.00,176.765,6509.68,156.283,76.1868,0,0,2176.85,115.678,0,0,0,200.766,0,0,156.283,156.283,76.1868,76.1868,2352.42,2291.29,1522.87,7278.1,7478.87,3867.69,3867.69,2443.54,1216.79,1216.79,4768.1,66.468,3524.95
3272,2021-12-17,00:00:00.00,176.765,6509.68,156.283,76.1868,0,0,2176.85,115.678,0,0,0,200.766,0,0,156.283,156.283,76.1868,76.1868,2353.49,2292.4,1522.87,7279.2,7479.97,3868,3868,2443.57,1217.1,1217.1,4769.16,66.468,3527.84
3273,2021-12-18,00:00:00.00,176.765,6509.68,156.283,76.1868,0,0,2176.85,115.678,0,0,0,200.766,0,0,156.283,156.283,76.1868,76.1868,2353.57,2292.48,1522.87,7279.29,7480.05,3868.32,3868.32,2443.61,1217.42,1217.42,4769.21,66.468,3530.39
3274,2021-12-19,00:00:00.00,176.767,6509.68,156.283,76.3901,0,0,2182.55,115.678,0,0,0,200.897,0,0,156.283,156.283,76.3901,76.3901,2353.57,2292.48,1522.87,7279.29,7480.18,3868.32,3868.32,2443.61,1217.58,1217.58,4769.21,66.468,3532.66
3275,2021-12-20,00:00:00.00,176.767,6509.68,156.283,76.3901,0,0,2182.55,115.678,0,0,0,200.897,0,0,156.283,156.283,76.3901,76.3901,2353.57,2292.48,1522.87,7279.29,7480.18,3868.32,3868.32,2443.61,1217.58,1217.58,4769.21,66.468,3534.68
3276,2021-12-21,00:00:00.00,176.767,6509.68,156.283,76.3901,0,0,2182.55,115.678,0,0,0,200.897,0,0,156.283,156.283,76.3901,76.3901,2353.57,2292.48,1522.87,7279.29,7480.18,3868.32,3868.32,2443.61,1217.58,1217.58,4769.21,66.468,3536.48
3277,2021-12-22,00:00:00.00,176.767,6509.68,156.283,76.4239,0,0,2183.5,115.678,0,0,0,200.919,0,0,156.283,156.283,76.4239,76.4239,2353.57,2292.48,1522.87,7279.29,7480.21,3868.33,3868.33,2443.61,1217.79,1217.79,4769.21,66.468,3538.08
3278,2021-12-23,00:00:00.00,176.767,6509.68,156.283,76.4578,0,0,2184.45,115.678,0,0,0,200.941,0,0,156.283,156.283,76.4578,76.4578,2353.57,2292.48,1522.87,7279.29,7480.23,3868.33,3868.33,2443.61,1217.79,1217.79,4769.21,66.468,3539.5
3279,2021-12-24,00:00:00.00,176.767,6509.68,156.283,76.695,0,0,2191.09,115.678,0,0,0,201.093,0,0,156.283,156.283,76.695,76.695,2353.57,2292.48,1522.87,7279.29,7480.38,3868.33,3868.33,2443.61,1217.79,1217.79,4769.21,66.468,3540.77
3280,2021-12-25,00:00:00.00,176.767,6509.68,156.283,77.0473,0,0,2200.96,115.678,0,0,0,201.321,0,0,156.283,156.283,77.0473,77.0473,2353.57,2292.48,1522.87,7279.29,7480.61,3868.33,3868.33,2443.61,1217.89,1217.89,4769.21,66.468,3541.89
3281,2021-12-26,00:00:00.00,176.767,6509.68,156.296,77.0473,0,0,2200.96,116.157,0,0,0,201.332,0,0,156.296,156.296,77.0473,77.0473,2357.56,2296.25,1522.9,7283.03,7484.36,3868.38,3868.38,2443.89,1218.21,1218.21,4772.67,66.468,3543.23
3282,2021-12-27,00:00:00.00,177.324,6509.68,156.296,77.0473,0,0,2200.96,116.157,0,0,0,201.332,0,0,156.296,156.296,77.0473,77.0473,2357.56,2296.25,1522.9,7283.03,7484.36,3868.44,3868.44,2443.89,1218.52,1218.52,4772.67,66.468,3544.4
3283,2021-12-28,00:00:00.00,177.467,6509.68,156.296,77.0812,0,0,2201.91,116.157,0,0,0,201.353,0,0,156.296,156.296,77.0812,77.0812,2357.56,2296.25,1522.9,7283.03,7484.38,3868.45,3868.45,2443.89,1218.61,1218.61,4772.67,66.468,3545.43
3284,2021-12-29,00:00:00.00,177.467,6509.68,156.296,77.149,0,0,2203.81,116.157,0,0,0,201.397,0,0,156.296,156.296,77.149,77.149,2357.56,2296.25,1522.9,7283.03,7484.42,3868.45,3868.45,2443.89,1218.69,1218.69,4772.67,66.468,3546.34
3285,2021-12-30,00:00:00.00,177.467,6509.68,156.296,77.149,0,0,2203.81,116.157,0,0,0,201.397,0,0,156.296,156.296,77.149,77.149,2357.56,2296.25,1522.9,7283.03,7484.42,3868.5,3868.5,2443.89,1218.94,1218.94,4772.67,66.468,3547.12
3286,2021-12-31,00:00:00.00,177.467,6509.68,156.296,77.149,0,0,2203.81,116.157,0,0,0,201.397,0,0,156.296,156.296,77.149,77.149,2357.56,2296.25,1522.9,7283.03,7484.42,3868.56,3868.56,2443.89,1219.24,1219.24,4772.67,66.468,3547.8
3287,2022-01-01,00:00:00.00,177.467,6510.76,156.347,77.163,0,0,2204.2,116.98,0,0,0,201.449,0,0,156.347,156.347,77.163,77.163,2359.53,2298.28,1522.92,7286.11,7487.56,3868.57,3868.57,2444.15,1219.55,1219.55,4775.5,66.468,3548.66
3288,2022-01-02,00:00:00.00,177.467,6510.76,156.347,77.3324,0,0,2208.94,116.98,0,0,0,201.559,0,0,156.347,156.347,77.3324,77.3324,2362.2,2300.87,1522.94,7288.69,7490.25,3868.58,3868.58,2444.35,1219.72,1219.72,4777.87,66.468,3549.68
3289,2022-01-03,00:00:00.00,178.308,6510.76,156.347,77.4001,0,0,2210.84,116.98,0,0,0,201.602,0,0,156.347,156.347,77.4001,77.4001,2362.2,2300.87,1522.94,7288.69,7490.29,3868.58,3868.58,2444.35,1219.76,1219.76,4777.87,66.468,3550.57
3290,2022-01-04,00:00:00.00,178.308,6510.76,156.347,77.4001,0,0,2210.84,116.98,0,0,0,201.602,0,0,156.347,156.347,77.4001,77.4001,2362.2,2300.87,1522.94,7288.69,7490.29,3868.58,3868.58,2444.35,1219.76,1219.76,4777.87,66.468,3551.38
3291,2022-01-05,00:00:00.00,178.308,6510.76,156.347,77.4001,0,0,2210.84,116.98,0,0,0,201.602,0,0,156.347,156.347,77.4001,77.4001,2362.2,2300.87,1522.94,7288.69,7490.29,3868.59,3868.59,2444.35,1219.85,1219.85,4777.87,66.468,3552.09
3292,2022-01-06,00:00:00.00,178.308,6510.76,156.347,77.4679,0,0,2212.74,116.98,0,0,0,201.646,0,0,156.347,156.347,77.4679,77.4679,2362.2,2300.87,1522.94,7288.69,7490.34,3868.6,3868.6,2444.35,1220.01,1220.01,4777.87,66.468,3552.7
3293,2022-01-07,00:00:00.00,178.308,6510.76,156.347,77.5018,0,0,2213.69,116.98,0,0,0,201.668,0,0,156.347,156.347,77.5018,77.5018,2362.2,2300.87,1522.94,7288.69,7490.36,3868.6,3868.6,2444.35,1220.04,1220.04,4777.87,66.468,3553.25
3294,2022-01-08,00:00:00.00,178.308,6510.76,156.347,77.5018,0,0,2213.69,116.98,0,0,0,201.668,0,0,156.347,156.347,77.5018,77.5018,2362.2,2300.87,1522.94,7288.69,7490.36,3868.6,3868.6,2444.35,1220.04,1220.04,4777.87,66.468,3553.74
3295,2022-01-09,00:00:00.00,178.308,6510.76,156.347,77.5018,0,0,2213.69,116.98,0,0,0,201.668,0,0,156.347,156.347,77.5018,77.5018,2362.2,2300.87,1522.94,7288.69,7490.36,3868.6,3868.6,2444.35,1220.04,1220.04,4777.87,66.468,3554.17
3296,2022-01-10,00:00:00.00,178.308,6510.76,156.347,77.5695,0,0,2215.59,116.98,0,0,0,201.712,0,0,156.347,156.347,77.5695,77.5695,2362.2,2300.87,1522.94,7288.69,7490.4,3868.6,3868.6,2444.35,1220.04,1220.04,4777.87,66.468,3554.56
3297,2022-01-11,00:00:00.00,178.308,6510.76,156.347,77.6034,0,0,2216.54,116.98,0,0,0,201.733,0,0,156.347,156.347,77.6034,77.6034,2362.2,2300.87,1522.94,7288.69,7490.43,3868.6,3868.6,2444.35,1220.04,1220.04,4777.87,66.468,3554.91
3298,2022-01-12,00:00:00.00,178.308,6510.76,156.347,77.6034,0,0,2216.54,116.98,0,0,0,201.733,0,0,156.347,156.347,77.6034,77.6034,2362.2,2300.87,1522.94,7288.69,7490.43,3868.6,3868.6,2444.35,1220.04,1220.04,4777.87,66.468,3555.22
3299,2022-01-13,00:00:00.00,178.308,6510.76,156.347,77.6034,0,0,2216.54,116.98,0,0,0,201.733,0,0,156.347,156.347,77.6034,77.6034,2362.2,2300.87,1522.94,7288.69,7490.43,3868.6,3868.6,2444.35,1220.04,1220.04,4777.87,66.468,3555.5
3300,2022-01-14,00:00:00.00,178.308,6510.76,156.347,77.6034,0,0,2216.54,116.98,0,0,0,201.733,0,0,156.347,156.347,77.6034,77.6034,2362.2,2300.87,1522.94,7288.69,7490.43,3868.63,3868.63,2444.35,1220.21,1220.21,4777.87,66.468,3555.73
3301,2022-01-15,00:00:00.00,178.308,6510.76,156.347,77.6034,0,0,2216.54,116.98,0,0,0,201.733,0,0,156.347,156.347,77.6034,77.6034,2362.2,2300.87,1522.94,7288.69,7490.43,3868.63,3868.63,2444.35,1220.21,1220.21,4777.87,66.468,3555.94
3302,2022-01-16,00:00:00.00,178.308,6510.76,156.347,77.6034,0,0,2216.54,116.98,0,0,0,201.733,0,0,156.347,156.347,77.6034,77.6034,2362.2,2300.87,1522.94,7288.69,7490.43,3868.63,3868.63,2444.35,1220.21,1220.21,4777.87,66.468,3556.12
3303,2022-01-17,00:00:00.00,178.308,6510.76,156.347,78.01,0,0,2227.92,116.98,0,0,0,201.996,0,0,156.347,156.347,78.01,78.01,2362.2,2300.87,1522.94,7288.69,7490.69,3868.63,3868.63,2444.35,1220.21,1220.21,4777.87,66.468,3556.28
3304,2022-01-18,00:00:00.00,178.308,6510.76,156.347,78.1455,0,0,2231.72,116.98,0,0,0,202.083,0,0,156.347,156.347,78.1455,78.1455,2362.2,2300.87,1522.94,7288.69,7490.77,3868.63,3868.63,2444.35,1220.21,1220.21,4777.87,66.468,3556.43
3305,2022-01-19,00:00:00.00,178.308,6510.76,156.347,78.281,0,0,2235.52,116.98,0,0,0,202.17,0,0,156.347,156.347,78.281,78.281,2362.2,2300.87,1522.94,7288.69,7490.86,3868.64,3868.64,2444.35,1220.36,1220.36,4777.87,66.468,3556.54
3306,2022-01-20,00:00:00.00,178.308,6510.76,156.347,78.281,0,0,2235.52,116.98,0,0,0,202.17,0,0,156.347,156.347,78.281,78.281,2362.2,2300.87,1522.94,7288.69,7490.86,3868.66,3868.66,2444.35,1220.49,1220.49,4777.87,66.468,3556.63
3307,2022-01-21,00:00:00.00,178.308,6510.76,156.347,78.281,0,0,2235.52,116.98,0,0,0,202.17,0,0,156.347,156.347,78.281,78.281,2362.2,2300.87,1522.94,7288.69,7490.86,3868.66,3868.66,2444.35,1220.49,1220.49,4777.87,66.468,3556.71
3308,2022-01-22,00:00:00.00,178.308,6510.76,156.347,78.281,0,0,2235.52,116.98,0,0,0,202.17,0,0,156.347,156.347,78.281,78.281,2362.2,2300.87,1522.94,7288.69,7490.86,3868.66,3868.66,2444.35,1220.49,1220.49,4777.87,66.468,3556.78
3309,2022-01-23,00:00:00.00,178.308,6510.76,156.347,78.3488,0,0,2237.41,116.98,0,0,0,202.214,0,0,156.347,156.347,78.3488,78.3488,2362.2,2300.87,1522.94,7288.69,7490.91,3868.66,3868.66,2444.35,1220.49,1220.49,4777.87,66.468,3556.85
3310,2022-01-24,00:00:00.00,178.308,6510.76,156.347,78.3488,0,0,2237.41,116.98,0,0,0,202.214,0,0,156.347,156.347,78.3488,78.3488,2362.2,2300.87,1522.94,7288.69,7490.91,3868.66,3868.66,2444.35,1220.49,1220.49,4777.87,66.468,3556.91
3311,2022-01-25,00:00:00.00,178.308,6510.76,156.347,78.5182,0,0,2242.16,116.98,0,0,0,202.323,0,0,156.347,156.347,78.5182,78.5182,2362.2,2300.87,1522.94,7288.69,7491.02,3868.66,3868.66,2444.35,1220.49,1220.49,4777.87,66.468,3556.96
3312,2022-01-26,00:00:00.00,178.308,6510.76,156.347,78.5521,0,0,2243.11,116.98,0,0,0,202.345,0,0,156.347,156.347,78.5521,78.5521,2362.2,2300.87,1522.94,7288.69,7491.04,3868.66,3868.66,2444.35,1220.49,1220.49,4777.87,66.468,3557
3313,2022-01-27,00:00:00.00,178.308,6510.76,156.347,78.5521,0,0,2243.11,116.98,0,0,0,202.345,0,0,156.347,156.347,78.5521,78.5521,2362.2,2300.87,1522.94,7288.69,7491.04,3868.66,3868.66,2444.35,1220.49,1220.49,4777.87,66.468,3557.04
3314,2022-01-28,00:00:00.00,178.308,6510.76,156.347,78.6402,0,0,2245.58,116.98,0,0,0,202.402,0,0,156.347,156.347,78.6402,78.6402,2362.2,2300.87,1522.94,7288.69,7491.09,3868.66,3868.66,2444.35,1220.49,1220.49,4777.87,66.468,3557.08
3315,2022-01-29,00:00:00.00,178.308,6510.76,156.347,78.6402,0,0,2245.58,116.98,0,0,0,202.402,0,0,156.347,156.347,78.6402,78.6402,2362.2,2300.87,1522.94,7288.69,7491.09,3868.66,3868.66,2444.35,1220.49,1220.49,4777.87,66.468,3557.11
3316,2022-01-30,00:00:00.00,178.308,6510.76,156.347,78.6402,0,0,2245.58,116.98,0,0,0,202.402,0,0,156.347,156.347,78.6402,78.6402,2362.2,2300.87,1522.94,7288.69,7491.09,3868.66,3868.66,2444.35,1220.49,1220.49,4777.87,66.468,3557.14
3317,2022-01-31,00:00:00.00,178.308,6510.76,156.347,78.6402,0,0,2245.58,116.98,0,0,0,202.402,0,0,156.347,156.347,78.6402,78.6402,2362.2,2300.87,1522.94,7288.69,7491.09,3868.66,3868.66,2444.35,1220.49,1220.49,4777.87,66.468,3557.17
3318,2022-02-01,00:00:00.00,178.308,6510.76,156.347,78.6402,0,0,2245.58,116.98,0,0,0,202.402,0,0,156.347,156.347,78.6402,78.6402,2362.2,2300.87,1522.94,7288.69,7491.09,3868.67,3868.67,2444.35,1220.54,1220.54,4777.87,66.468,3557.18
3319,2022-02-02,00:00:00.00,178.308,6510.76,156.347,78.6469,0,0,2245.77,116.98,0,0,0,202.406,0,0,156.347,156.347,78.6469,78.6469,2362.2,2300.87,1522.94,7288.69,7491.1,3868.72,3868.72,2444.35,1220.69,1220.69,4777.87,66.468,3557.18
3320,2022-02-03,00:00:00.00,178.308,6510.76,156.347,79.2093,0,0,2261.52,116.98,0,0,0,202.769,0,0,156.347,156.347,79.2093,79.2093,2362.2,2300.87,1522.94,7288.69,7491.46,3868.72,3868.72,2444.35,1220.69,1220.69,4777.87,66.468,3557.18
3321,2022-02-04,00:00:00.00,178.308,6510.76,156.347,79.2432,0,0,2262.47,116.98,0,0,0,202.791,0,0,156.347,156.347,79.2432,79.2432,2362.2,2300.87,1522.94,7288.69,7491.48,3868.73,3868.73,2444.35,1220.69,1220.69,4777.87,66.468,3557.18
3322,2022-02-05,00:00:00.00,178.308,6510.76,156.347,79.2432,0,0,2262.47,116.98,0,0,0,202.791,0,0,156.347,156.347,79.2432,79.2432,2362.2,2300.87,1522.94,7288.69,7491.48,3868.73,3868.73,2444.35,1220.69,1220.69,4777.87,66.468,3557.18
3323,2022-02-06,00:00:00.00,178.308,6510.76,156.347,79.2432,0,0,2262.47,116.98,0,0,0,202.791,0,0,156.347,156.347,79.2432,79.2432,2362.2,2300.87,1522.94,7288.69,7491.48,3868.73,3868.73,2444.35,1220.69,1220.69,4777.87,66.468,3557.18
3324,2022-02-07,00:00:00.00,178.308,6510.76,156.347,79.2432,0,0,2262.47,116.98,0,0,0,202.791,0,0,156.347,156.347,79.2432,79.2432,2362.2,2300.87,1522.94,7288.69,7491.48,3868.73,3868.73,2444.35,1220.69,1220.69,4777.87,66.468,3557.18
3325,2022-02-08,00:00:00.00,178.308,6510.76,156.347,79.311,0,0,2264.37,116.98,0,0,0,202.834,0,0,156.347,156.347,79.311,79.311,2362.2,2300.87,1522.94,7288.69,7491.53,3868.74,3868.74,2444.35,1220.69,1220.69,4777.87,66.468,3557.18
3326,2022-02-09,00:00:00.00,178.308,6510.76,156.347,79.3449,0,0,2265.32,116.98,0,0,0,202.856,0,0,156.347,156.347,79.3449,79.3449,2362.2,2300.87,1522.94,7288.69,7491.55,3868.75,3868.75,2444.35,1220.69,1220.69,4777.87,66.468,3557.18
3327,2022-02-10,00:00:00.00,178.308,6510.76,156.347,79.4465,0,0,2268.16,116.98,0,0,0,202.922,0,0,156.347,156.347,79.4465,79.4465,2362.2,2300.87,1522.94,7288.69,7491.61,3868.76,3868.76,2444.35,1220.69,1220.69,4777.87,66.468,3557.18
3328,2022-02-11,00:00:00.00,178.308,6510.76,156.347,79.5143,0,0,2270.06,116.98,0,0,0,202.965,0,0,156.347,156.347,79.5143,79.5143,2362.2,2300.87,1522.94,7288.69,7491.66,3868.77,3868.77,2444.35,1220.69,1220.69,4777.87,66.468,3557.18
3329,2022-02-12,00:00:00.00,178.308,6510.76,156.347,79.8531,0,0,2279.55,116.98,0,0,0,203.184,0,0,156.347,156.347,79.8531,79.8531,2362.2,2300.87,1522.94,7288.69,7491.88,3868.78,3868.78,2444.35,1220.69,1220.69,4777.87,66.468,3557.18
3330,2022-02-13,00:00:00.00,178.308,6510.76,156.347,79.8869,0,0,2280.5,116.98,0,0,0,203.206,0,0,156.347,156.347,79.8869,79.8869,2362.2,2300.87,1522.94,7288.69,7491.9,3868.78,3868.78,2444.35,1220.69,1220.69,4777.87,66.468,3557.18
3331,2022-02-14,00:00:00.00,178.308,6510.76,156.347,79.9208,0,0,2281.45,116.98,0,0,0,203.227,0,0,156.347,156.347,79.9208,79.9208,2362.2,2300.87,1522.94,7288.69,7491.92,3868.78,3868.78,2444.35,1220.69,1220.69,4777.87,66.468,3557.18
3332,2022-02-15,00:00:00.00,178.308,6510.76,156.347,79.9886,0,0,2283.35,116.98,0,0,0,203.271,0,0,156.347,156.347,79.9886,79.9886,2362.2,2300.87,1522.94,7288.69,7491.96,3868.78,3868.78,2444.35,1220.69,1220.69,4777.87,66.468,3557.18
3333,2022-02-16,00:00:00.00,178.308,6510.76,156.347,79.9886,0,0,2283.35,116.98,0,0,0,203.271,0,0,156.347,156.347,79.9886,79.9886,2362.2,2300.87,1522.94,7288.69,7491.96,3868.78,3868.78,2444.35,1220.69,1220.69,4777.87,66.468,3557.18
3334,2022-02-17,00:00:00.00,178.308,6510.76,156.347,80.663,0,0,2323.56,116.98,0,0,0,204.18,0,0,156.347,156.347,80.663,80.663,2362.2,2300.87,1522.94,7288.69,7492.87,3868.79,3868.79,2444.35,1220.69,1220.69,4777.87,66.468,3557.18
3335,2022-02-18,00:00:00.00,178.308,6510.76,156.364,81.1151,0,0,2336.23,117.608,0,0,0,204.485,0,0,156.364,156.364,81.1151,81.1151,2362.2,2300.87,1522.94,7288.69,7493.18,3868.79,3868.79,2444.35,1220.69,1220.69,4777.87,66.468,3557.18
3336,2022-02-19,00:00:00.00,178.936,6510.76,156.364,81.4877,0,0,2346.66,117.608,0,0,0,204.726,0,0,156.364,156.364,81.4877,81.4877,2362.2,2300.87,1522.94,7288.69,7493.42,3868.79,3868.79,2444.35,1220.69,1220.69,4777.87,66.468,3557.18
3337,2022-02-20,00:00:00.00,178.936,6510.76,156.364,81.5555,0,0,2348.56,117.608,0,0,0,204.769,0,0,156.364,156.364,81.5555,81.5555,2362.2,2300.87,1522.94,7288.69,7493.46,3868.79,3868.79,2444.35,1220.69,1220.69,4777.87,66.468,3557.18
3338,2022-02-21,00:00:00.00,178.936,6510.76,156.364,81.5555,0,0,2348.56,117.608,0,0,0,204.769,0,0,156.364,156.364,81.5555,81.5555,2362.2,2300.87,1522.94,7288.69,7493.46,3868.84,3868.84,2444.35,1220.69,1220.69,4777.87,66.468,3557.18
3339,2022-02-22,00:00:00.00,178.936,6510.76,156.364,81.5555,0,0,2348.56,117.608,0,0,0,204.769,0,0,156.364,156.364,81.5555,81.5555,2362.2,2300.87,1522.94,7288.69,7493.46,3868.89,3868.89,2444.35,1220.69,1220.69,4777.87,66.468,3557.18
3340,2022-02-23,00:00:00.00,178.936,6516.5,156.671,81.5555,0,0,2348.56,123.35,0,0,0,205.032,0,0,156.671,156.671,81.5555,81.5555,2370.56,2309.52,1523.02,7303.01,7508.04,3868.9,3868.9,2444.57,1220.69,1220.69,4791.97,66.468,3558.69
3341,2022-02-24,00:00:00.00,184.388,6516.5,156.671,81.5555,0,0,2348.56,123.35,0,0,0,205.032,0,0,156.671,156.671,81.5555,81.5555,2370.56,2309.52,1523.02,7303.01,7508.04,3868.93,3868.93,2444.57,1220.82,1220.82,4791.97,66.468,3560.02
3342,2022-02-25,00:00:00.00,184.388,6516.5,156.671,81.6233,0,0,2350.46,123.35,0,0,0,205.075,0,0,156.671,156.671,81.6233,81.6233,2370.56,2309.52,1523.02,7303.01,7508.08,3868.93,3868.93,2444.57,1220.82,1220.82,4791.97,66.468,3561.2
3343,2022-02-26,00:00:00.00,184.388,6516.5,156.671,81.7249,0,0,2353.31,123.35,0,0,0,205.141,0,0,156.671,156.671,81.7249,81.7249,2370.56,2309.52,1523.02,7303.01,7508.15,3868.93,3868.93,2444.57,1220.82,1220.82,4791.97,66.468,3562.26
3344,2022-02-27,00:00:00.00,184.388,6516.5,156.671,81.7249,0,0,2353.31,123.35,0,0,0,205.141,0,0,156.671,156.671,81.7249,81.7249,2370.56,2309.52,1523.02,7303.01,7508.15,3868.93,3868.93,2444.57,1220.82,1220.82,4791.97,66.468,3563.21
3345,2022-02-28,00:00:00.00,184.388,6516.5,156.671,81.7249,0,0,2353.31,123.35,0,0,0,205.141,0,0,156.671,156.671,81.7249,81.7249,2370.56,2309.52,1523.02,7303.01,7508.15,3868.96,3868.96,2444.57,1220.98,1220.98,4791.97,66.468,3564.04
3346,2022-03-01,00:00:00.00,184.388,6516.5,156.671,81.7249,0,0,2353.31,123.35,0,0,0,205.141,0,0,156.671,156.671,81.7249,81.7249,2370.56,2309.52,1523.02,7303.01,7508.15,3868.96,3868.96,2444.57,1220.98,1220.98,4791.97,66.468,3564.78
3347,2022-03-02,00:00:00.00,184.388,6516.5,156.671,81.7249,0,0,2353.31,123.35,0,0,0,205.141,0,0,156.671,156.671,81.7249,81.7249,2370.56,2309.52,1523.02,7303.01,7508.15,3868.96,3868.96,2444.57,1220.98,1220.98,4791.97,66.468,3565.44
3348,2022-03-03,00:00:00.00,184.388,6516.5,156.671,81.8265,0,0,2356.15,123.35,0,0,0,205.206,0,0,156.671,156.671,81.8265,81.8265,2370.56,2309.52,1523.02,7303.01,7508.21,3868.97,3868.97,2444.57,1221.26,1221.26,4791.97,66.468,3566
3349,2022-03-04,00:00:00.00,184.388,6516.5,156.671,81.8265,0,0,2356.15,123.35,0,0,0,205.206,0,0,156.671,156.671,81.8265,81.8265,2370.56,2309.52,1523.02,7303.01,7508.21,3868.97,3868.97,2444.57,1221.26,1221.26,4791.97,66.468,3566.5
3350,2022-03-05,00:00:00.00,184.388,6516.5,156.671,81.8265,0,0,2356.15,123.35,0,0,0,205.206,0,0,156.671,156.671,81.8265,81.8265,2370.56,2309.52,1523.02,7303.01,7508.21,3868.97,3868.97,2444.57,1221.26,1221.26,4791.97,66.468,3566.95
3351,2022-03-06,00:00:00.00,184.388,6516.5,156.671,81.9553,0,0,2359.76,123.35,0,0,0,205.289,0,0,156.671,156.671,81.9553,81.9553,2370.56,2309.52,1523.02,7303.01,7508.3,3868.99,3868.99,2444.57,1221.76,1221.76,4791.97,66.468,3567.3
3352,2022-03-07,00:00:00.00,184.388,6516.5,156.671,81.9553,0,0,2359.76,123.35,0,0,0,205.289,0,0,156.671,156.671,81.9553,81.9553,2387.24,2320.75,1523.07,7314.19,7519.48,3869.16,3869.16,2444.78,1222.64,1222.64,4802.94,66.468,3568.69
3353,2022-03-08,00:00:00.00,184.945,6517.06,156.701,82.105,0,0,2363.96,123.926,0,0,0,205.412,0,0,156.701,156.701,82.105,82.105,2387.24,2320.75,1523.07,7314.74,7520.15,3869.19,3869.19,2444.95,1223.37,1223.37,4803.32,66.468,3569.89
3354,2022-03-09,00:00:00.00,190.414,6517.06,156.701,82.105,0,0,2363.96,123.926,0,0,0,205.412,0,0,156.701,156.701,82.105,82.105,2387.24,2320.75,1523.07,7314.74,7520.15,3869.2,3869.2,2444.95,1223.42,1223.42,4803.32,66.468,3570.95
3355,2022-03-10,00:00:00.00,190.414,6517.06,156.701,82.105,0,0,2363.96,123.926,0,0,0,205.412,0,0,156.701,156.701,82.105,82.105,2387.24,2320.75,1523.07,7314.74,7520.15,3869.27,3869.27,2444.95,1223.7,1223.7,4803.32,66.468,3571.88
3356,2022-03-11,00:00:00.00,190.414,6517.06,156.701,82.2405,0,0,2367.75,123.926,0,0,0,205.499,0,0,156.701,156.701,82.2405,82.2405,2387.24,2320.75,1523.07,7314.74,7520.24,3869.28,3869.28,2444.95,1223.89,1223.89,4803.32,66.468,3572.68
3357,2022-03-12,00:00:00.00,190.414,6517.06,156.701,82.4438,0,0,2373.45,123.926,0,0,0,205.63,0,0,156.701,156.701,82.4438,82.4438,2387.24,2320.75,1523.07,7314.74,7520.37,3869.28,3869.28,2444.95,1223.99,1223.99,4803.32,66.468,3573.39
3358,2022-03-13,00:00:00.00,190.414,6517.06,156.701,82.6471,0,0,2379.14,123.926,0,0,0,205.761,0,0,156.701,156.701,82.6471,82.6471,2387.24,2320.75,1523.07,7314.74,7520.5,3869.28,3869.28,2444.95,1223.99,1223.99,4803.32,66.468,3574.02
3359,2022-03-14,00:00:00.00,190.414,6517.06,156.701,82.681,0,0,2380.09,123.926,0,0,0,205.783,0,0,156.701,156.701,82.681,82.681,2387.24,2320.75,1523.07,7314.74,7520.52,3869.28,3869.28,2444.95,1223.99,1223.99,4803.32,66.468,3574.59
3360,2022-03-15,00:00:00.00,190.414,6517.06,156.701,82.7352,0,0,2381.61,123.926,0,0,0,205.818,0,0,156.701,156.701,82.7352,82.7352,2387.24,2320.75,1523.07,7314.74,7520.56,3869.28,3869.28,2444.95,1224.04,1224.04,4803.32,66.468,3575.09
3361,2022-03-16,00:00:00.00,190.414,6517.06,156.701,82.9046,0,0,2386.35,123.926,0,0,0,205.927,0,0,156.701,156.701,82.9046,82.9046,2387.24,2320.75,1523.07,7314.74,7520.66,3869.28,3869.28,2444.95,1224.04,1224.04,4803.32,66.468,3575.53
3362,2022-03-17,00:00:00.00,190.414,6517.06,156.701,82.9046,0,0,2386.35,123.926,0,0,0,205.927,0,0,156.701,156.701,82.9046,82.9046,2401.65,2329.2,1523.1,7323.16,7529.09,3869.45,3869.45,2445.05,1224.79,1224.79,4811.64,66.468,3576.74
3363,2022-03-18,00:00:00.00,190.414,6519.14,156.76,82.9046,0,0,2386.35,124.048,0,0,0,205.977,0,0,156.76,156.76,82.9046,82.9046,2438.95,2367.8,1523.24,7363.7,7569.68,3869.57,3869.57,2445.22,1225.53,1225.53,4852.02,66.468,3582.04
3364,2022-03-19,00:00:00.00,190.414,6519.33,156.765,82.9046,0,0,2386.35,124.048,0,0,0,205.982,0,0,156.765,156.765,82.9046,82.9046,2482.02,2412.36,1523.35,7408.34,7614.32,3869.74,3869.74,2445.37,1226.41,1226.41,4894.77,68.1808,3591.24
3365,2022-03-20,00:00:00.00,190.414,6526.03,156.945,82.9046,0,0,2386.35,124.048,0,0,0,206.135,0,0,156.945,156.945,82.9046,82.9046,2514.57,2446.04,1523.44,7448.63,7654.76,3869.77,3869.77,2445.48,1227.29,1227.29,4934.97,68.1808,3603.64
3366,2022-03-21,00:00:00.00,190.414,6526.03,156.945,82.9046,0,0,2386.35,124.048,0,0,0,206.135,0,0,156.945,156.945,82.9046,82.9046,2535.03,2467.21,1523.47,7469.77,7675.9,3869.94,3869.94,2445.59,1228.17,1228.17,4955.99,68.1808,3616.87
3367,2022-03-22,00:00:00.00,190.414,6526.03,156.945,82.9046,0,0,2386.35,124.048,0,0,0,206.135,0,0,156.945,156.945,82.9046,82.9046,2558.04,2491.02,1523.51,7493.55,7699.68,3870.51,3870.51,2445.79,1229.05,1229.05,4979.58,68.1808,3631.12
3368,2022-03-23,00:00:00.00,190.414,6528.41,157.008,82.9221,0,0,2386.84,124.048,0,0,0,206.2,0,0,157.008,157.008,82.9221,82.9221,2559.37,2492.38,1523.52,7497.27,7703.47,3871.22,3871.22,2446.07,1229.93,1229.93,4983.02,68.1808,3644.11
3369,2022-03-24,00:00:00.00,190.414,6541.36,157.355,82.9446,0,0,2387.48,124.048,0,0,0,206.51,0,0,157.355,157.355,82.9446,82.9446,2560.49,2493.52,1523.61,7511.27,7717.78,3871.89,3871.89,2446.41,1230.81,1230.81,4996.68,68.1808,3657.09
3370,2022-03-25,00:00:00.00,190.414,6543.85,157.422,82.9446,0,0,2387.48,124.048,0,0,0,206.567,0,0,157.422,157.422,82.9446,82.9446,2561.83,2494.91,1523.64,7515.11,7721.68,3872.7,3872.7,2446.84,1231.68,1231.68,5000.1,68.1808,3668.95
3371,2022-03-26,00:00:00.00,190.414,6544.23,157.432,82.9446,0,0,2387.48,124.048,0,0,0,206.576,0,0,157.432,157.432,82.9446,82.9446,2562.29,2495.38,1523.65,7515.97,7722.54,3873.57,3873.57,2447.23,1232.56,1232.56,5000.55,68.1808,3679.5
3372,2022-03-27,00:00:00.00,190.414,6544.23,157.432,83.0124,0,0,2389.38,124.048,0,0,0,206.619,0,0,157.432,157.432,83.0124,83.0124,2564.42,2497.52,1523.67,7518.08,7724.7,3874.38,3874.38,2447.81,1233.44,1233.44,5002.09,68.1808,3689
3373,2022-03-28,00:00:00.00,190.948,6544.23,157.432,83.114,0,0,2392.22,124.048,0,0,0,206.685,0,0,157.432,157.432,83.114,83.114,2564.42,2497.52,1523.67,7518.08,7724.76,3874.38,3874.38,2447.81,1233.44,1233.44,5002.09,68.1808,3697.48
3374,2022-03-29,00:00:00.00,190.948,6544.23,157.432,83.1276,0,0,2392.6,124.048,0,0,0,206.694,0,0,157.432,157.432,83.1276,83.1276,2564.42,2497.52,1523.67,7518.08,7724.77,3874.38,3874.38,2447.81,1233.44,1233.44,5002.09,68.1808,3705.07
3375,2022-03-30,00:00:00.00,190.948,6544.23,157.432,83.1276,0,0,2392.6,124.048,0,0,0,206.694,0,0,157.432,157.432,83.1276,83.1276,2564.42,2497.52,1523.67,7518.08,7724.77,3874.38,3874.38,2447.81,1233.44,1233.44,5002.09,68.1808,3711.84
3376,2022-03-31,00:00:00.00,190.948,6545.89,157.486,83.1917,0,0,2394.4,124.412,0,0,0,206.781,0,0,157.486,157.486,83.1917,83.1917,2567.22,2500.2,1523.73,7522.36,7729.14,3874.44,3874.44,2448.22,1234.32,1234.32,5005.96,68.1808,3718.21
3377,2022-04-01,00:00:00.00,190.948,6545.89,157.486,83.1917,0,0,2394.4,124.412,0,0,0,206.781,0,0,157.486,157.486,83.1917,83.1917,2570.69,2503.65,1523.77,7525.76,7732.55,3875.32,3875.32,2448.77,1235.2,1235.2,5008.82,68.1808,3724.12
3378,2022-04-02,00:00:00.00,191.032,6545.89,157.486,83.1917,0,0,2394.4,124.412,0,0,0,206.781,0,0,157.486,157.486,83.1917,83.1917,2570.69,2503.65,1523.77,7525.76,7732.55,3875.32,3875.32,2448.77,1235.2,1235.2,5008.82,68.1808,3729.39
3379,2022-04-03,00:00:00.00,191.191,6545.89,157.486,83.2594,0,0,2396.29,124.412,0,0,0,206.825,0,0,157.486,157.486,83.2594,83.2594,2570.69,2503.65,1523.77,7525.76,7732.59,3875.32,3875.32,2448.77,1235.2,1235.2,5008.82,68.1808,3734.1
3380,2022-04-04,00:00:00.00,191.457,6545.89,157.486,83.2594,0,0,2396.29,124.412,0,0,0,206.825,0,0,157.486,157.486,83.2594,83.2594,2570.69,2503.65,1523.77,7525.76,7732.59,3875.32,3875.32,2448.77,1235.2,1235.2,5008.82,68.1808,3738.31
3381,2022-04-05,00:00:00.00,191.457,6547.66,157.542,83.2594,0,0,2396.29,124.748,0,0,0,206.873,0,0,157.542,157.542,83.2594,83.2594,2572.77,2505.54,1523.82,7529.38,7736.25,3875.32,3875.32,2449.21,1235.2,1235.2,5011.99,68.1808,3742.41
3382,2022-04-06,00:00:00.00,191.457,6547.66,157.542,83.2594,0,0,2396.29,124.748,0,0,0,206.873,0,0,157.542,157.542,83.2594,83.2594,2574.39,2507.22,1523.83,7531.05,7737.92,3876.44,3876.44,2449.29,1236.32,1236.32,5013.57,68.1808,3746.12
3383,2022-04-07,00:00:00.00,191.457,6554.84,157.734,83.2594,0,0,2396.29,124.748,0,0,0,207.037,0,0,157.734,157.734,83.2594,83.2594,2576.9,2509.81,1523.98,7540.67,7747.71,3878.9,3878.9,2450.27,1238.97,1238.97,5022.22,68.1808,3750.08
3384,2022-04-08,00:00:00.00,191.457,6555.99,157.765,83.2594,0,0,2396.29,124.748,0,0,0,207.063,0,0,157.765,157.765,83.2594,83.2594,2579.25,2512.24,1524.04,7544.19,7751.25,3881.32,3881.32,2451.39,1241.42,1241.42,5024.62,68.1808,3753.61
3385,2022-04-09,00:00:00.00,191.457,6560.39,157.883,83.2594,0,0,2396.29,124.748,0,0,0,207.163,0,0,157.883,157.883,83.2594,83.2594,2580.12,2513.14,1524.19,7549.35,7756.51,3881.32,3881.32,2452.38,1241.42,1241.42,5028.78,68.1808,3757.21
3386,2022-04-10,00:00:00.00,191.457,6560.39,157.883,83.2594,0,0,2396.29,124.748,0,0,0,207.163,0,0,157.883,157.883,83.2594,83.2594,2580.64,2513.68,1524.19,7549.88,7757.04,3881.32,3881.32,2452.47,1241.42,1241.42,5029.22,68.1808,3760.47
3387,2022-04-11,00:00:00.00,191.457,6560.39,157.883,83.2594,0,0,2396.29,124.748,0,0,0,207.163,0,0,157.883,157.883,83.2594,83.2594,2581.7,2514.78,1524.21,7550.96,7758.12,3881.32,3881.32,2452.54,1241.42,1241.42,5030.24,68.1808,3763.49
3388,2022-04-12,00:00:00.00,191.457,6561.35,157.909,83.2594,0,0,2396.29,124.748,0,0,0,207.185,0,0,157.909,157.909,83.2594,83.2594,2583.67,2516.82,1524.25,7553.91,7761.1,3882.91,3882.91,2453.44,1243.03,1243.03,5032.29,68.1808,3766.23
3389,2022-04-13,00:00:00.00,191.457,6561.35,157.909,83.2594,0,0,2396.29,124.748,0,0,0,207.185,0,0,157.909,157.909,83.2594,83.2594,2586.69,2519.95,1524.29,7557,7764.18,3885.56,3885.56,2453.58,1245.69,1245.69,5035.23,68.1808,3768.72
3390,2022-04-14,00:00:00.00,191.457,6563.64,157.97,83.2594,0,0,2396.29,124.748,0,0,0,207.238,0,0,157.97,157.97,83.2594,83.2594,2587.75,2521.04,1524.41,7560.28,7767.52,3888.15,3888.15,2455.41,1248.34,1248.34,5036.69,68.1808,3770.81
3391,2022-04-15,00:00:00.00,191.457,6564.03,157.98,83.2594,0,0,2396.29,124.748,0,0,0,207.246,0,0,157.98,157.98,83.2594,83.2594,2587.75,2521.04,1524.42,7560.65,7767.89,3890.8,3890.8,2455.77,1250.99,1250.99,5036.69,68.1808,3772.4
3392,2022-04-16,00:00:00.00,191.457,6564.98,158.006,83.2594,0,0,2396.29,124.748,0,0,0,207.268,0,0,158.006,158.006,83.2594,83.2594,2587.75,2521.04,1524.47,7561.55,7768.82,3893.38,3893.38,2456.68,1253.61,1253.61,5036.69,68.1808,3773.54
3393,2022-04-17,00:00:00.00,191.457,6564.98,158.006,83.2594,0,0,2396.29,124.748,0,0,0,207.268,0,0,158.006,158.006,83.2594,83.2594,2587.75,2521.04,1524.47,7561.55,7768.82,3893.38,3893.38,2456.68,1253.61,1253.61,5036.69,68.1808,3774.55
3394,2022-04-18,00:00:00.00,191.457,6564.98,158.006,83.2594,0,0,2396.29,124.748,0,0,0,207.268,0,0,158.006,158.006,83.2594,83.2594,2587.75,2521.04,1524.47,7561.55,7768.82,3893.38,3893.38,2456.68,1253.61,1253.61,5036.69,68.1808,3775.46
3395,2022-04-19,00:00:00.00,191.457,6564.98,158.006,83.4627,0,0,2401.99,124.748,0,0,0,207.399,0,0,158.006,158.006,83.4627,83.4627,2593.19,2526.47,1524.82,7566.64,7774.04,3893.38,3893.38,2458.82,1253.61,1253.61,5039.64,68.1808,3776.59
3396,2022-04-20,00:00:00.00,191.457,6564.98,158.006,83.4627,0,0,2401.99,124.748,0,0,0,207.399,0,0,158.006,158.006,83.4627,83.4627,2593.37,2526.66,1524.83,7566.81,7774.21,3893.38,3893.38,2459,1253.61,1253.61,5039.64,68.1808,3777.59
3397,2022-04-21,00:00:00.00,191.457,6570.73,158.16,83.4627,0,0,2401.99,124.748,0,0,0,207.53,0,0,158.16,158.16,83.4627,83.4627,2593.45,2526.74,1525.11,7572.36,7779.89,3894.18,3894.18,2460.8,1254.56,1254.56,5043.37,68.1808,3778.79
3398,2022-04-22,00:00:00.00,191.457,6580.49,158.421,83.4627,0,0,2401.99,124.748,0,0,0,207.753,0,0,158.421,158.421,83.4627,83.4627,2593.45,2526.74,1525.51,7581.71,7789.47,3896.2,3896.2,2462.57,1256.84,1256.84,5050.96,68.1808,3780.42
3399,2022-04-23,00:00:00.00,191.457,6580.49,158.421,83.4627,0,0,2401.99,124.748,0,0,0,207.753,0,0,158.421,158.421,83.4627,83.4627,2593.45,2526.74,1525.51,7581.71,7789.47,3898.65,3898.65,2462.57,1259.29,1259.29,5050.96,68.1808,3781.62
3400,2022-04-24,00:00:00.00,191.457,6581.07,158.436,83.4627,0,0,2401.99,124.748,0,0,0,207.766,0,0,158.436,158.436,83.4627,83.4627,2593.45,2526.74,1525.55,7582.26,7790.02,3901.28,3901.28,2463.11,1261.94,1261.94,5050.96,68.1808,3782.41
3401,2022-04-25,00:00:00.00,191.457,6582.98,158.488,83.4627,0,0,2401.99,124.748,0,0,0,207.81,0,0,158.488,158.488,83.4627,83.4627,2593.45,2526.74,1525.67,7584.05,7791.86,3903.89,3903.89,2464.9,1264.59,1264.59,5050.96,68.1808,3782.83
3402,2022-04-26,00:00:00.00,191.457,6588.72,158.641,83.4627,0,0,2401.99,124.748,0,0,0,207.941,0,0,158.641,158.641,83.4627,83.4627,2593.45,2526.74,1526.07,7589.4,7797.34,3906.39,3906.39,2467.7,1266.15,1266.15,5053.51,68.1808,3783.32
3403,2022-04-27,00:00:00.00,191.457,6589.68,158.667,83.4966,0,0,2402.94,124.748,0,0,0,207.985,0,0,158.667,158.667,83.4966,83.4966,2594.4,2527.69,1526.19,7591.18,7799.16,3907.94,3907.94,2469.48,1267.77,1267.77,5053.51,68.1808,3783.58
3404,2022-04-28,00:00:00.00,191.457,6589.68,158.667,83.4966,0,0,2402.94,124.748,0,0,0,207.985,0,0,158.667,158.667,83.4966,83.4966,2594.4,2527.69,1526.19,7591.18,7799.16,3907.94,3907.94,2469.48,1267.77,1267.77,5053.51,68.1808,3783.81
3405,2022-04-29,00:00:00.00,191.457,6589.68,158.667,83.4966,0,0,2402.94,124.748,0,0,0,207.985,0,0,158.667,158.667,83.4966,83.4966,2594.4,2527.69,1526.19,7591.18,7799.16,3907.94,3907.94,2469.48,1267.77,1267.77,5053.51,68.1808,3784.01
3406,2022-04-30,00:00:00.00,191.457,6589.68,158.667,83.4966,0,0,2402.94,124.748,0,0,0,207.985,0,0,158.667,158.667,83.4966,83.4966,2594.4,2527.69,1526.19,7591.18,7799.16,3909.89,3909.89,2469.48,1268.45,1268.45,5053.51,68.1808,3784.13
3407,2022-05-01,00:00:00.00,191.457,6589.68,158.667,83.4966,0,0,2402.94,124.748,0,0,0,207.985,0,0,158.667,158.667,83.4966,83.4966,2594.4,2527.69,1526.19,7591.18,7799.16,3912.55,3912.55,2469.48,1268.85,1268.85,5053.51,68.1808,3784.18
3408,2022-05-02,00:00:00.00,191.457,6592.17,158.734,83.4966,0,0,2402.94,124.748,0,0,0,208.041,0,0,158.734,158.734,83.4966,83.4966,2594.4,2527.69,1526.41,7593.45,7801.49,3912.55,3912.55,2471.75,1268.85,1268.85,5053.51,68.1808,3784.23
3409,2022-05-03,00:00:00.00,191.457,6592.17,158.734,83.4966,0,0,2402.94,124.748,0,0,0,208.041,0,0,158.734,158.734,83.4966,83.4966,2594.4,2527.69,1526.41,7593.45,7801.49,3912.55,3912.55,2471.75,1268.85,1268.85,5053.51,68.1808,3784.28
3410,2022-05-04,00:00:00.00,191.457,6609.78,159.205,83.4966,0,0,2402.94,124.748,0,0,0,208.443,0,0,159.205,159.205,83.4966,83.4966,2594.4,2527.69,1527.72,7609.75,7818.19,3912.55,3912.55,2474.11,1268.85,1268.85,5067.45,68.1808,3785.81
3411,2022-05-05,00:00:00.00,191.457,6609.78,159.205,83.4966,0,0,2402.94,124.748,0,0,0,208.443,0,0,159.205,159.205,83.4966,83.4966,2594.4,2527.69,1527.72,7609.75,7818.19,3912.55,3912.55,2474.11,1268.85,1268.85,5067.45,68.1808,3787.17
3412,2022-05-06,00:00:00.00,191.457,6609.78,159.205,83.4966,0,0,2402.94,124.748,0,0,0,208.443,0,0,159.205,159.205,83.4966,83.4966,2594.4,2527.69,1527.72,7609.75,7818.19,3912.55,3912.55,2474.11,1268.85,1268.85,5067.45,68.1808,3788.39
3413,2022-05-07,00:00:00.00,191.457,6609.78,159.205,83.4966,0,0,2402.94,124.748,0,0,0,208.443,0,0,159.205,159.205,83.4966,83.4966,2594.4,2527.69,1527.72,7609.75,7818.19,3913.27,3913.27,2474.11,1269.57,1269.57,5067.45,68.1808,3789.4
3414,2022-05-08,00:00:00.00,191.457,6609.78,159.205,83.4966,0,0,2402.94,124.748,0,0,0,208.443,0,0,159.205,159.205,83.4966,83.4966,2594.4,2527.69,1527.72,7609.75,7818.19,3913.27,3913.27,2474.11,1269.57,1269.57,5067.45,68.1808,3790.3
3415,2022-05-09,00:00:00.00,191.457,6609.78,159.205,83.4966,0,0,2402.94,124.748,0,0,0,208.443,0,0,159.205,159.205,83.4966,83.4966,2594.4,2527.69,1527.72,7609.75,7818.19,3913.27,3913.27,2474.11,1269.57,1269.57,5067.45,68.1808,3791.11
3416,2022-05-10,00:00:00.00,191.457,6609.78,159.205,83.4966,0,0,2402.94,124.748,0,0,0,208.443,0,0,159.205,159.205,83.4966,83.4966,2594.4,2527.69,1527.72,7609.75,7818.19,3914.69,3914.69,2474.11,1271,1271,5067.45,68.1808,3791.68
3417,2022-05-11,00:00:00.00,191.457,6609.78,159.205,83.4966,0,0,2402.94,124.748,0,0,0,208.443,0,0,159.205,159.205,83.4966,83.4966,2594.4,2527.69,1527.72,7609.75,7818.19,3920.27,3920.27,2474.11,1275.77,1275.77,5067.45,68.1808,3791.68
3418,2022-05-12,00:00:00.00,191.457,6609.78,159.205,83.4966,0,0,2402.94,124.748,0,0,0,208.443,0,0,159.205,159.205,83.4966,83.4966,2594.4,2527.69,1527.72,7609.75,7818.19,3925.85,3925.85,2474.11,1275.77,1275.77,5067.45,68.1808,3791.68
3419,2022-05-13,00:00:00.00,191.457,6609.78,159.205,83.4966,0,0,2402.94,124.748,0,0,0,208.443,0,0,159.205,159.205,83.4966,83.4966,2594.4,2527.69,1527.72,7609.75,7818.19,3931.43,3931.43,2474.11,1275.77,1275.77,5067.45,68.1808,3791.68
3420,2022-05-14,00:00:00.00,191.457,6609.78,159.205,83.4966,0,0,2402.94,124.748,0,0,0,208.443,0,0,159.205,159.205,83.4966,83.4966,2594.4,2527.69,1527.72,7609.75,7818.19,3937.02,3937.02,2474.11,1275.77,1275.77,5067.45,68.1808,3791.68
3421,2022-05-15,00:00:00.00,191.457,6609.78,159.205,83.4966,0,0,2402.94,124.748,0,0,0,208.443,0,0,159.205,159.205,83.4966,83.4966,2594.4,2527.69,1527.72,7609.75,7818.19,3942.6,3942.6,2474.11,1275.77,1275.77,5067.45,68.1808,3791.68
3422,2022-05-16,00:00:00.00,191.457,6612.47,159.277,83.4966,0,0,2402.94,124.748,0,0,0,208.504,0,0,159.277,159.277,83.4966,83.4966,2594.4,2527.69,1528.35,7611.8,7820.31,3948.11,3948.11,2476.17,1275.77,1275.77,5067.45,68.1808,3791.68
3423,2022-05-17,00:00:00.00,191.457,6616.87,159.394,83.4966,0,0,2402.94,124.748,0,0,0,208.605,0,0,159.394,159.394,83.4966,83.4966,2594.4,2527.69,1529.46,7615.1,7823.7,3952.2,3952.2,2479.47,1275.77,1275.77,5067.45,68.1808,3791.68
3424,2022-05-18,00:00:00.00,191.457,6616.87,159.394,83.4966,0,0,2402.94,124.748,0,0,0,208.605,0,0,159.394,159.394,83.4966,83.4966,2594.4,2527.69,1529.46,7615.1,7823.7,3952.2,3952.2,2479.47,1275.77,1275.77,5067.45,68.1808,3791.68
3425,2022-05-19,00:00:00.00,191.457,6617.83,159.42,83.4966,0,0,2402.94,124.748,0,0,0,208.627,0,0,159.42,159.42,83.4966,83.4966,2594.4,2527.69,1529.69,7615.82,7824.45,3952.2,3952.2,2480.19,1275.77,1275.77,5067.45,68.1808,3791.68
3426,2022-05-20,00:00:00.00,191.457,6617.83,159.42,83.4966,0,0,2402.94,124.748,0,0,0,208.627,0,0,159.42,159.42,83.4966,83.4966,2594.4,2527.69,1529.69,7615.82,7824.45,3954.67,3954.67,2480.19,1275.77,1275.77,5067.45,68.1808,3791.68
3427,2022-05-21,00:00:00.00,191.457,6617.83,159.42,83.4966,0,0,2402.94,124.748,0,0,0,208.627,0,0,159.42,159.42,83.4966,83.4966,2594.4,2527.69,1529.69,7615.82,7824.45,3960.21,3960.21,2480.19,1275.77,1275.77,5067.45,68.1808,3791.68
3428,2022-05-22,00:00:00.00,191.457,6632.09,159.802,83.4966,0,0,2402.94,124.748,0,0,0,208.952,0,0,159.802,159.802,83.4966,83.4966,2594.4,2527.69,1533.95,7625.83,7834.78,3965.27,3965.27,2489.61,1275.77,1275.77,5068.03,68.1808,3791.74
3429,2022-05-23,00:00:00.00,191.457,6632.57,159.815,83.4966,0,0,2402.94,124.748,0,0,0,208.963,0,0,159.815,159.815,83.4966,83.4966,2594.4,2527.69,1534.06,7626.19,7835.16,3969.12,3969.12,2489.98,1276.29,1276.29,5068.03,68.1808,3791.74
3430,2022-05-24,00:00:00.00,191.457,6632.57,159.815,83.4966,0,0,2402.94,124.748,0,0,0,208.963,0,0,159.815,159.815,83.4966,83.4966,2594.4,2527.69,1534.06,7626.19,7835.16,3969.12,3969.12,2489.98,1276.29,1276.29,5068.03,68.1808,3791.74
3431,2022-05-25,00:00:00.00,191.457,6632.57,159.815,83.4966,0,0,2402.94,124.748,0,0,0,208.963,0,0,159.815,159.815,83.4966,83.4966,2594.4,2527.69,1534.06,7626.19,7835.16,3969.84,3969.84,2489.98,1276.29,1276.29,5068.03,68.1808,3791.74
3432,2022-05-26,00:00:00.00,191.457,6633.72,159.845,83.4966,0,0,2402.94,124.748,0,0,0,208.989,0,0,159.845,159.845,83.4966,83.4966,2594.4,2527.69,1534.37,7627.04,7836.03,3971.2,3971.2,2490.82,1276.29,1276.29,5068.03,68.1808,3791.74
3433,2022-05-27,00:00:00.00,191.457,6634.67,159.871,83.4966,0,0,2402.94,124.748,0,0,0,209.011,0,0,159.871,159.871,83.4966,83.4966,2594.4,2527.69,1534.62,7627.74,7836.75,3976.63,3976.63,2491.52,1276.29,1276.29,5068.03,68.1808,3791.74
3434,2022-05-28,00:00:00.00,191.457,6649.8,160.276,83.4966,0,0,2402.94,124.748,0,0,0,209.356,0,0,160.276,160.276,83.4966,83.4966,2594.4,2527.69,1539.15,7638.34,7847.69,3981.68,3981.68,2500.94,1276.29,1276.29,5069.22,68.1808,3791.87
3435,2022-05-29,00:00:00.00,191.457,6649.8,160.276,83.4966,0,0,2402.94,124.748,0,0,0,209.356,0,0,160.276,160.276,83.4966,83.4966,2594.4,2527.69,1539.15,7638.34,7847.69,3987.26,3987.26,2500.94,1277.35,1277.35,5069.22,68.1808,3791.87
3436,2022-05-30,00:00:00.00,191.457,6649.8,160.276,83.4966,0,0,2402.94,124.748,0,0,0,209.356,0,0,160.276,160.276,83.4966,83.4966,2594.4,2527.69,1539.15,7638.34,7847.69,3992.59,3992.59,2500.94,1277.35,1277.35,5069.22,68.1808,3791.87
3437,2022-05-31,00:00:00.00,191.457,6649.8,160.276,83.4966,0,0,2402.94,124.748,0,0,0,209.356,0,0,160.276,160.276,83.4966,83.4966,2594.4,2527.69,1539.15,7638.34,7847.69,3997.38,3997.38,2500.94,1277.35,1277.35,5069.22,68.1808,3791.87
3438,2022-06-01,00:00:00.00,191.457,6649.8,160.276,83.4966,0,0,2402.94,124.748,0,0,0,209.356,0,0,160.276,160.276,83.4966,83.4966,2594.4,2527.69,1539.15,7638.34,7847.69,4001.69,4001.69,2500.94,1277.35,1277.35,5069.22,68.1808,3791.87
3439,2022-06-02,00:00:00.00,191.457,6651.14,160.312,83.4966,0,0,2402.94,124.748,0,0,0,209.387,0,0,160.312,160.312,83.4966,83.4966,2594.4,2527.69,1539.66,7639.16,7848.55,4006.91,4006.91,2501.77,1277.35,1277.35,5069.22,68.1808,3791.87
3440,2022-06-03,00:00:00.00,191.457,6651.14,160.312,83.4966,0,0,2402.94,124.748,0,0,0,209.387,0,0,160.312,160.312,83.4966,83.4966,2594.4,2527.69,1539.66,7639.16,7848.55,4006.91,4006.91,2501.77,1277.35,1277.35,5069.22,68.1808,3791.87
3441,2022-06-04,00:00:00.00,191.457,6651.14,160.312,83.4966,0,0,2402.94,124.748,0,0,0,209.387,0,0,160.312,160.312,83.4966,83.4966,2594.4,2527.69,1539.66,7639.16,7848.55,4006.91,4006.91,2501.77,1277.35,1277.35,5069.22,68.1808,3791.87
3442,2022-06-05,00:00:00.00,191.457,6651.14,160.312,83.4966,0,0,2402.94,124.748,0,0,0,209.387,0,0,160.312,160.312,83.4966,83.4966,2594.4,2527.69,1539.66,7639.16,7848.55,4006.91,4006.91,2501.77,1277.35,1277.35,5069.22,68.1808,3791.87
3443,2022-06-06,00:00:00.00,191.457,6655.35,160.424,83.4966,0,0,2402.94,124.748,0,0,0,209.483,0,0,160.424,160.424,83.4966,83.4966,2594.4,2527.69,1541.41,7641.62,7851.11,4006.91,4006.91,2504.23,1277.35,1277.35,5069.22,68.1808,3791.87
3444,2022-06-07,00:00:00.00,191.457,6674.5,160.93,83.4966,0,0,2402.94,124.748,0,0,0,209.92,0,0,160.93,160.93,83.4966,83.4966,2594.4,2527.69,1548.71,7653.48,7863.4,4006.91,4006.91,2514.19,1277.35,1277.35,5071.11,68.1808,3792.07
3445,2022-06-08,00:00:00.00,191.457,6682.35,161.14,83.4966,0,0,2402.94,124.748,0,0,0,210.099,0,0,161.14,161.14,83.4966,83.4966,2594.4,2527.69,1550.7,7659.34,7869.44,4006.91,4006.91,2520.05,1277.35,1277.35,5071.11,68.1808,3792.25
3446,2022-06-09,00:00:00.00,191.457,6692.88,161.422,83.4966,0,0,2402.94,124.748,0,0,0,210.339,0,0,161.422,161.422,83.4966,83.4966,2594.4,2527.69,1552.83,7667.74,7878.07,4006.91,4006.91,2526.31,1277.35,1277.35,5073.24,68.1808,3792.64
3447,2022-06-10,00:00:00.00,191.457,6693.84,161.448,83.4966,0,0,2402.94,124.748,0,0,0,210.361,0,0,161.448,161.448,83.4966,83.4966,2594.4,2527.69,1552.98,7668.55,7878.91,4006.91,4006.91,2527.12,1277.35,1277.35,5073.24,68.1808,3792.98
3448,2022-06-11,00:00:00.00,191.457,6694.8,161.473,83.4966,0,0,2402.94,124.748,0,0,0,210.383,0,0,161.473,161.473,83.4966,83.4966,2594.4,2527.69,1553.12,7669.37,7879.75,4006.91,4006.91,2527.94,1277.35,1277.35,5073.24,68.1808,3793.29
3449,2022-06-12,00:00:00.00,191.457,6703.03,161.694,83.4966,0,0,2402.94,124.748,0,0,0,210.571,0,0,161.694,161.694,83.4966,83.4966,2594.4,2527.69,1554.27,7676.45,7887.02,4009.37,4009.37,2532.92,1279.74,1279.74,5075.35,68.1808,3793.54
3450,2022-06-13,00:00:00.00,191.457,6703.03,161.694,83.4966,0,0,2402.94,124.748,0,0,0,210.571,0,0,161.694,161.694,83.4966,83.4966,2594.4,2527.69,1554.27,7676.45,7887.02,4013.44,4013.44,2532.92,1281.81,1281.81,5075.35,68.1808,3793.54
3451,2022-06-14,00:00:00.00,191.457,6703.03,161.694,83.4966,0,0,2402.94,124.748,0,0,0,210.571,0,0,161.694,161.694,83.4966,83.4966,2594.4,2527.69,1554.27,7676.45,7887.02,4014.71,4014.71,2532.92,1281.81,1281.81,5075.35,68.1808,3793.54
3452,2022-06-15,00:00:00.00,191.457,6703.03,161.694,83.4966,0,0,2402.94,124.748,0,0,0,210.571,0,0,161.694,161.694,83.4966,83.4966,2594.4,2527.69,1554.27,7676.45,7887.02,4020.65,4020.65,2532.92,1281.81,1281.81,5075.35,68.1808,3793.54
3453,2022-06-16,00:00:00.00,191.457,6703.03,161.694,83.4966,0,0,2402.94,124.748,0,0,0,210.571,0,0,161.694,161.694,83.4966,83.4966,2594.4,2527.69,1554.27,7676.45,7887.02,4028.1,4028.1,2532.92,1281.81,1281.81,5075.35,68.1808,3793.54
3454,2022-06-17,00:00:00.00,191.457,6703.03,161.694,83.4966,0,0,2402.94,124.748,0,0,0,210.571,0,0,161.694,161.694,83.4966,83.4966,2594.4,2527.69,1554.27,7676.45,7887.02,4035.56,4035.56,2532.92,1281.81,1281.81,5075.35,68.1808,3793.54
3455,2022-06-18,00:00:00.00,191.457,6703.03,161.694,83.4966,0,0,2402.94,124.748,0,0,0,210.571,0,0,161.694,161.694,83.4966,83.4966,2594.4,2527.69,1554.27,7676.45,7887.02,4042.41,4042.41,2532.92,1281.81,1281.81,5075.35,68.1808,3793.54
3456,2022-06-19,00:00:00.00,191.457,6703.03,161.694,83.4966,0,0,2402.94,124.748,0,0,0,210.571,0,0,161.694,161.694,83.4966,83.4966,2594.4,2527.69,1554.27,7676.45,7887.02,4042.41,4042.41,2532.92,1281.81,1281.81,5075.35,68.1808,3793.54
3457,2022-06-20,00:00:00.00,191.457,6703.03,161.694,83.4966,0,0,2402.94,124.748,0,0,0,210.571,0,0,161.694,161.694,83.4966,83.4966,2594.4,2527.69,1554.27,7676.45,7887.02,4042.41,4042.41,2532.92,1281.81,1281.81,5075.35,68.1808,3793.54
3458,2022-06-21,00:00:00.00,191.457,6703.22,161.699,83.4966,0,0,2402.94,124.748,0,0,0,210.575,0,0,161.699,161.699,83.4966,83.4966,2594.4,2527.69,1554.33,7676.58,7887.15,4042.41,4042.41,2533.05,1281.81,1281.81,5075.35,68.1808,3793.54
3459,2022-06-22,00:00:00.00,191.457,6703.22,161.699,83.4966,0,0,2402.94,124.748,0,0,0,210.575,0,0,161.699,161.699,83.4966,83.4966,2594.4,2527.69,1554.33,7676.58,7887.15,4048.47,4048.47,2533.05,1281.81,1281.81,5075.35,68.1808,3793.54
3460,2022-06-23,00:00:00.00,191.457,6703.22,161.699,83.4966,0,0,2402.94,124.748,0,0,0,210.575,0,0,161.699,161.699,83.4966,83.4966,2594.4,2527.69,1554.33,7676.58,7887.15,4053.71,4053.71,2533.05,1281.81,1281.81,5075.35,68.1808,3793.54
3461,2022-06-24,00:00:00.00,191.457,6703.22,161.699,83.4966,0,0,2402.94,124.748,0,0,0,210.575,0,0,161.699,161.699,83.4966,83.4966,2594.4,2527.69,1554.33,7676.58,7887.15,4056.19,4056.19,2533.05,1281.81,1281.81,5075.35,68.1808,3793.54
3462,2022-06-25,00:00:00.00,191.457,6703.22,161.699,83.4966,0,0,2402.94,124.748,0,0,0,210.575,0,0,161.699,161.699,83.4966,83.4966,2594.4,2527.69,1554.33,7676.58,7887.15,4060.07,4060.07,2533.05,1281.81,1281.81,5075.35,68.1808,3793.54
3463,2022-06-26,00:00:00.00,191.457,6703.22,161.699,83.4966,0,0,2402.94,124.748,0,0,0,210.575,0,0,161.699,161.699,83.4966,83.4966,2594.4,2527.69,1554.33,7676.58,7887.15,4063.75,4063.75,2533.05,1281.81,1281.81,5075.35,68.1808,3793.54
3464,2022-06-27,00:00:00.00,191.457,6703.22,161.699,83.4966,0,0,2402.94,124.748,0,0,0,210.575,0,0,161.699,161.699,83.4966,83.4966,2594.4,2527.69,1554.33,7676.58,7887.15,4066.93,4066.93,2533.05,1281.81,1281.81,5075.35,68.1808,3793.54
3465,2022-06-28,00:00:00.00,191.457,6703.22,161.699,83.4966,0,0,2402.94,124.748,0,0,0,210.575,0,0,161.699,161.699,83.4966,83.4966,2594.4,2527.69,1554.33,7676.58,7887.15,4066.93,4066.93,2533.05,1281.81,1281.81,5075.35,68.1808,3793.54
3466,2022-06-29,00:00:00.00,191.457,6703.22,161.699,83.4966,0,0,2402.94,124.748,0,0,0,210.575,0,0,161.699,161.699,83.4966,83.4966,2594.4,2527.69,1554.33,7676.58,7887.15,4067.06,4067.06,2533.05,1281.81,1281.81,5075.35,68.1808,3793.54
3467,2022-06-30,00:00:00.00,191.457,6706.67,161.791,83.4966,0,0,2402.94,124.748,0,0,0,210.654,0,0,161.791,161.791,83.4966,83.4966,2594.4,2527.69,1556.23,7678.12,7888.78,4069.78,4069.78,2534.6,1281.81,1281.81,5075.35,68.1808,3793.54
3468,2022-07-01,00:00:00.00,191.457,6706.67,161.791,83.4966,0,0,2402.94,124.748,0,0,0,210.654,0,0,161.791,161.791,83.4966,83.4966,2594.4,2527.69,1556.23,7678.12,7888.78,4072.62,4072.62,2534.6,1281.81,1281.81,5075.35,68.1808,3793.54
3469,2022-07-02,00:00:00.00,191.457,6707.05,161.801,83.4966,0,0,2402.94,124.748,0,0,0,210.662,0,0,161.801,161.801,83.4966,83.4966,2594.4,2527.69,1556.45,7678.29,7888.95,4074.27,4074.27,2534.76,1281.81,1281.81,5075.35,68.1808,3793.54
3470,2022-07-03,00:00:00.00,191.457,6707.05,161.801,83.4966,0,0,2402.94,124.748,0,0,0,210.662,0,0,161.801,161.801,83.4966,83.4966,2594.4,2527.69,1556.45,7678.29,7888.95,4074.27,4074.27,2534.76,1281.81,1281.81,5075.35,68.1808,3793.54
3471,2022-07-04,00:00:00.00,191.457,6707.05,161.801,83.4966,0,0,2402.94,124.748,0,0,0,210.662,0,0,161.801,161.801,83.4966,83.4966,2594.4,2527.69,1556.45,7678.29,7888.95,4074.27,4074.27,2534.76,1281.81,1281.81,5075.35,68.1808,3793.54
3472,2022-07-05,00:00:00.00,191.457,6709.92,161.878,83.4966,0,0,2402.94,124.748,0,0,0,210.728,0,0,161.878,161.878,83.4966,83.4966,2594.4,2527.69,1558.15,7679.46,7890.19,4075.08,4075.08,2535.93,1281.81,1281.81,5075.35,68.1808,3793.54
3473,2022-07-06,00:00:00.00,191.457,6721.22,162.18,83.4966,0,0,2402.94,124.748,0,0,0,210.986,0,0,162.18,162.18,83.4966,83.4966,2594.4,2527.69,1564.54,7684.36,7895.35,4076.07,4076.07,2540.83,1281.81,1281.81,5075.35,68.1808,3793.54
3474,2022-07-07,00:00:00.00,191.457,6721.22,162.18,83.4966,0,0,2402.94,124.748,0,0,0,210.986,0,0,162.18,162.18,83.4966,83.4966,2594.4,2527.69,1564.54,7684.36,7895.35,4076.59,4076.59,2540.83,1281.81,1281.81,5075.35,68.1808,3793.54
3475,2022-07-08,00:00:00.00,191.457,6721.22,162.18,83.4966,0,0,2402.94,124.748,0,0,0,210.986,0,0,162.18,162.18,83.4966,83.4966,2594.4,2527.69,1564.54,7684.36,7895.35,4077.09,4077.09,2540.83,1281.81,1281.81,5075.35,68.1808,3793.54
3476,2022-07-09,00:00:00.00,191.457,6721.22,162.18,83.4966,0,0,2402.94,124.748,0,0,0,210.986,0,0,162.18,162.18,83.4966,83.4966,2594.4,2527.69,1564.54,7684.36,7895.35,4077.84,4077.84,2540.83,1281.81,1281.81,5075.35,68.1808,3793.54
3477,2022-07-10,00:00:00.00,191.457,6721.22,162.18,83.4966,0,0,2402.94,124.748,0,0,0,210.986,0,0,162.18,162.18,83.4966,83.4966,2594.4,2527.69,1564.54,7684.36,7895.35,4077.84,4077.84,2540.83,1281.81,1281.81,5075.35,68.1808,3793.54
3478,2022-07-11,00:00:00.00,191.457,6721.22,162.18,83.4966,0,0,2402.94,124.748,0,0,0,210.986,0,0,162.18,162.18,83.4966,83.4966,2594.4,2527.69,1564.54,7684.36,7895.35,4078.82,4078.82,2540.83,1281.81,1281.81,5075.35,68.1808,3793.54
3479,2022-07-12,00:00:00.00,191.457,6724.47,162.267,83.4966,0,0,2402.94,124.748,0,0,0,211.06,0,0,162.267,162.267,83.4966,83.4966,2594.4,2527.69,1566.13,7686.03,7897.09,4080.54,4080.54,2542.5,1281.81,1281.81,5075.35,68.1808,3793.54
3480,2022-07-13,00:00:00.00,191.457,6728.3,162.37,83.4966,0,0,2402.94,124.748,0,0,0,211.147,0,0,162.37,162.37,83.4966,83.4966,2594.4,2527.69,1567.94,7688.05,7899.2,4082.09,4082.09,2544.52,1281.81,1281.81,5075.35,68.1808,3793.54
3481,2022-07-14,00:00:00.00,191.457,6729.17,162.393,83.4966,0,0,2402.94,124.748,0,0,0,211.167,0,0,162.393,162.393,83.4966,83.4966,2594.4,2527.69,1568.33,7688.52,7899.69,4082.09,4082.09,2544.99,1281.81,1281.81,5075.35,68.1808,3793.54
3482,2022-07-15,00:00:00.00,191.457,6729.17,162.393,83.4966,0,0,2402.94,124.748,0,0,0,211.167,0,0,162.393,162.393,83.4966,83.4966,2594.4,2527.69,1568.33,7688.52,7899.69,4082.09,4082.09,2544.99,1281.81,1281.81,5075.35,68.1808,3793.54
3483,2022-07-16,00:00:00.00,191.457,6729.17,162.393,83.4966,0,0,2402.94,124.748,0,0,0,211.167,0,0,162.393,162.393,83.4966,83.4966,2594.4,2527.69,1568.33,7688.52,7899.69,4082.09,4082.09,2544.99,1281.81,1281.81,5075.35,68.1808,3793.54
3484,2022-07-17,00:00:00.00,191.457,6729.17,162.393,83.4966,0,0,2402.94,124.748,0,0,0,211.167,0,0,162.393,162.393,83.4966,83.4966,2594.4,2527.69,1568.33,7688.52,7899.69,4085.17,4085.17,2544.99,1281.81,1281.81,5075.35,68.1808,3793.54
3485,2022-07-18,00:00:00.00,191.457,6734.72,162.542,83.4966,0,0,2402.94,124.748,0,0,0,211.294,0,0,162.542,162.542,83.4966,83.4966,2594.4,2527.69,1570.95,7691.45,7902.75,4088.41,4088.41,2547.92,1281.81,1281.81,5075.35,68.1808,3793.54
3486,2022-07-19,00:00:00.00,191.457,6735.29,162.557,83.4966,0,0,2402.94,124.748,0,0,0,211.307,0,0,162.557,162.557,83.4966,83.4966,2594.4,2527.69,1571.21,7691.77,7903.07,4092.54,4092.54,2548.24,1281.81,1281.81,5075.35,68.1808,3793.54
3487,2022-07-20,00:00:00.00,191.457,6735.29,162.557,83.4966,0,0,2402.94,124.748,0,0,0,211.307,0,0,162.557,162.557,83.4966,83.4966,2594.4,2527.69,1571.21,7691.77,7903.07,4096.43,4096.43,2548.24,1281.81,1281.81,5075.35,68.1808,3793.54
3488,2022-07-21,00:00:00.00,191.457,6735.67,162.567,83.4966,0,0,2402.94,124.748,0,0,0,211.315,0,0,162.567,162.567,83.4966,83.4966,2594.4,2527.69,1571.41,7691.95,7903.27,4099.77,4099.77,2548.42,1281.81,1281.81,5075.35,68.1808,3793.54
3489,2022-07-22,00:00:00.00,191.457,6735.67,162.567,83.4966,0,0,2402.94,124.748,0,0,0,211.315,0,0,162.567,162.567,83.4966,83.4966,2594.4,2527.69,1571.41,7691.95,7903.27,4102.67,4102.67,2548.42,1281.81,1281.81,5075.35,68.1808,3793.54
3490,2022-07-23,00:00:00.00,191.457,6735.67,162.567,83.4966,0,0,2402.94,124.748,0,0,0,211.315,0,0,162.567,162.567,83.4966,83.4966,2594.4,2527.69,1571.41,7691.95,7903.27,4105.15,4105.15,2548.42,1281.81,1281.81,5075.35,68.1808,3793.54
3491,2022-07-24,00:00:00.00,191.457,6735.87,162.572,83.4966,0,0,2402.94,124.748,0,0,0,211.32,0,0,162.572,162.572,83.4966,83.4966,2594.4,2527.69,1571.53,7692.02,7903.34,4107.28,4107.28,2548.5,1281.81,1281.81,5075.35,68.1808,3793.54
3492,2022-07-25,00:00:00.00,191.457,6748.41,162.908,83.4966,0,0,2402.94,124.748,0,0,0,211.606,0,0,162.908,162.908,83.4966,83.4966,2594.4,2527.69,1579.61,7696.49,7908.09,4110.17,4110.17,2552.96,1281.81,1281.81,5075.35,68.1808,3793.54
3493,2022-07-26,00:00:00.00,191.457,6748.41,162.908,83.4966,0,0,2402.94,124.748,0,0,0,211.606,0,0,162.908,162.908,83.4966,83.4966,2594.4,2527.69,1579.61,7696.49,7908.09,4110.17,4110.17,2552.96,1281.81,1281.81,5075.35,68.1808,3793.54
3494,2022-07-27,00:00:00.00,191.457,6748.41,162.908,83.4966,0,0,2402.94,124.748,0,0,0,211.606,0,0,162.908,162.908,83.4966,83.4966,2594.4,2527.69,1579.61,7696.49,7908.09,4110.17,4110.17,2552.96,1281.81,1281.81,5075.35,68.1808,3793.54
3495,2022-07-28,00:00:00.00,191.457,6748.41,162.908,83.4966,0,0,2402.94,124.748,0,0,0,211.606,0,0,162.908,162.908,83.4966,83.4966,2594.4,2527.69,1579.61,7696.49,7908.09,4110.36,4110.36,2552.96,1281.81,1281.81,5075.35,68.1808,3793.54
3496,2022-07-29,00:00:00.00,191.457,6751.18,162.982,83.4966,0,0,2402.94,124.748,0,0,0,211.669,0,0,162.982,162.982,83.4966,83.4966,2594.4,2527.69,1581.08,7697.79,7909.46,4112.24,4112.24,2554.26,1281.81,1281.81,5075.35,68.1808,3793.54
3497,2022-07-30,00:00:00.00,191.457,6751.18,162.982,83.4966,0,0,2402.94,124.748,0,0,0,211.669,0,0,162.982,162.982,83.4966,83.4966,2594.4,2527.69,1581.08,7697.79,7909.46,4112.43,4112.43,2554.26,1281.81,1281.81,5075.35,68.1808,3793.54
3498,2022-07-31,00:00:00.00,191.457,6751.18,162.982,83.4966,0,0,2402.94,124.748,0,0,0,211.669,0,0,162.982,162.982,83.4966,83.4966,2594.4,2527.69,1581.08,7697.79,7909.46,4112.63,4112.63,2554.26,1281.81,1281.81,5075.35,68.1808,3793.54
3499,2022-08-01,00:00:00.00,191.457,6751.18,162.982,83.4966,0,0,2402.94,124.748,0,0,0,211.669,0,0,162.982,162.982,83.4966,83.4966,2594.4,2527.69,1581.08,7697.79,7909.46,4114.46,4114.46,2554.26,1281.81,1281.81,5075.35,68.1808,3793.54
3500,2022-08-02,00:00:00.00,191.457,6751.76,162.998,83.4966,0,0,2402.94,124.748,0,0,0,211.682,0,0,162.998,162.998,83.4966,83.4966,2594.4,2527.69,1581.39,7698.05,7909.73,4116.24,4116.24,2554.52,1281.81,1281.81,5075.35,68.1808,3793.54
3501,2022-08-03,00:00:00.00,191.457,6751.76,162.998,83.4966,0,0,2402.94,124.748,0,0,0,211.682,0,0,162.998,162.998,83.4966,83.4966,2594.4,2527.69,1581.39,7698.05,7909.73,4117.59,4117.59,2554.52,1281.81,1281.81,5075.35,68.1808,3793.54
3502,2022-08-04,00:00:00.00,191.457,6776.81,163.503,83.4966,0,0,2402.94,124.748,0,0,0,212.25,0,0,163.503,163.503,83.4966,83.4966,2594.4,2527.69,1595.77,7708.72,7920.97,4119.3,4119.3,2565.18,1281.81,1281.81,5075.36,68.1808,3793.54
3503,2022-08-05,00:00:00.00,191.457,6787.34,163.785,83.4966,0,0,2402.94,124.748,0,0,0,212.491,0,0,163.785,163.785,83.4966,83.4966,2594.4,2527.69,1599.54,7715.49,7927.98,4121.85,4121.85,2571.94,1281.81,1281.81,5075.36,68.1808,3793.54
3504,2022-08-06,00:00:00.00,191.457,6787.34,163.785,83.4966,0,0,2402.94,124.748,0,0,0,212.491,0,0,163.785,163.785,83.4966,83.4966,2594.4,2527.69,1599.54,7715.49,7927.98,4127.97,4127.97,2571.94,1281.82,1281.82,5075.36,68.1808,3793.54
3505,2022-08-07,00:00:00.00,191.457,6787.34,163.785,83.4966,0,0,2402.94,124.748,0,0,0,212.491,0,0,163.785,163.785,83.4966,83.4966,2594.4,2527.69,1599.54,7715.49,7927.98,4133.34,4133.34,2571.94,1281.82,1281.82,5075.36,68.1808,3793.54
3506,2022-08-08,00:00:00.00,191.457,6792.31,163.918,83.4966,0,0,2402.94,124.748,0,0,0,212.604,0,0,163.918,163.918,83.4966,83.4966,2594.4,2527.69,1601.45,7718.55,7931.15,4138.19,4138.19,2575,1281.82,1281.82,5075.36,68.1808,3793.54
3507,2022-08-09,00:00:00.00,191.457,6795.38,164,83.4966,0,0,2402.94,124.748,0,0,0,212.674,0,0,164,164,83.4966,83.4966,2594.4,2527.69,1602.63,7720.43,7933.11,4143,4143,2576.89,1281.82,1281.82,5075.36,68.1808,3793.54
3508,2022-08-10,00:00:00.00,191.457,6795.38,164,83.4966,0,0,2402.94,124.748,0,0,0,212.674,0,0,164,164,83.4966,83.4966,2594.4,2527.69,1602.63,7720.43,7933.11,4143.54,4143.54,2576.89,1281.82,1281.82,5075.36,68.1808,3793.54
3509,2022-08-11,00:00:00.00,191.457,6795.38,164,83.4966,0,0,2402.94,124.748,0,0,0,212.674,0,0,164,164,83.4966,83.4966,2594.4,2527.69,1602.63,7720.43,7933.11,4144.62,4144.62,2576.89,1281.82,1281.82,5075.36,68.1808,3793.54
3510,2022-08-12,00:00:00.00,191.457,6795.38,164,83.4966,0,0,2402.94,124.748,0,0,0,212.674,0,0,164,164,83.4966,83.4966,2594.4,2527.69,1602.63,7720.43,7933.11,4145.14,4145.14,2576.89,1281.82,1281.82,5075.36,68.1808,3793.54
3511,2022-08-13,00:00:00.00,191.457,6795.38,164,83.4966,0,0,2402.94,124.748,0,0,0,212.674,0,0,164,164,83.4966,83.4966,2594.4,2527.69,1602.63,7720.43,7933.11,4145.14,4145.14,2576.89,1281.82,1281.82,5075.36,68.1808,3793.54
3512,2022-08-14,00:00:00.00,191.457,6795.38,164,83.4966,0,0,2402.94,124.748,0,0,0,212.674,0,0,164,164,83.4966,83.4966,2594.4,2527.69,1602.63,7720.43,7933.11,4145.14,4145.14,2576.89,1281.82,1281.82,5075.36,68.1808,3793.54
3513,2022-08-15,00:00:00.00,191.457,6795.38,164,83.4966,0,0,2402.94,124.748,0,0,0,212.674,0,0,164,164,83.4966,83.4966,2594.4,2527.69,1602.63,7720.43,7933.11,4145.14,4145.14,2576.89,1281.82,1281.82,5075.36,68.1808,3793.54
3514,2022-08-16,00:00:00.00,191.457,6795.38,164,83.4966,0,0,2402.94,124.748,0,0,0,212.674,0,0,164,164,83.4966,83.4966,2594.4,2527.69,1602.63,7720.43,7933.11,4148.03,4148.03,2576.89,1281.82,1281.82,5075.36,68.1808,3793.54
3515,2022-08-17,00:00:00.00,191.457,6795.38,164,83.4966,0,0,2402.94,124.748,0,0,0,212.674,0,0,164,164,83.4966,83.4966,2594.4,2527.69,1602.63,7720.43,7933.11,4150.68,4150.68,2576.89,1281.82,1281.82,5075.36,68.1808,3793.54
3516,2022-08-18,00:00:00.00,191.457,6795.57,164.005,83.4966,0,0,2402.94,124.748,0,0,0,212.678,0,0,164.005,164.005,83.4966,83.4966,2594.4,2527.69,1602.72,7720.54,7933.22,4152.89,4152.89,2576.99,1281.82,1281.82,5075.36,68.1808,3793.54
3517,2022-08-19,00:00:00.00,191.457,6795.57,164.005,83.4966,0,0,2402.94,124.748,0,0,0,212.678,0,0,164.005,164.005,83.4966,83.4966,2594.4,2527.69,1602.72,7720.54,7933.22,4155.14,4155.14,2576.99,1281.82,1281.82,5075.36,68.1808,3793.54
3518,2022-08-20,00:00:00.00,191.457,6795.57,164.005,83.4966,0,0,2402.94,124.748,0,0,0,212.678,0,0,164.005,164.005,83.4966,83.4966,2594.4,2527.69,1602.72,7720.54,7933.22,4157.4,4157.4,2576.99,1281.82,1281.82,5075.36,68.1808,3793.54
3519,2022-08-21,00:00:00.00,191.457,6795.76,164.011,83.4966,0,0,2402.94,124.748,0,0,0,212.683,0,0,164.011,164.011,83.4966,83.4966,2594.4,2527.69,1602.82,7720.63,7933.31,4159.97,4159.97,2577.08,1281.82,1281.82,5075.36,68.1808,3793.54
3520,2022-08-22,00:00:00.00,191.457,6795.76,164.011,83.4966,0,0,2402.94,124.748,0,0,0,212.683,0,0,164.011,164.011,83.4966,83.4966,2594.4,2527.69,1602.82,7720.63,7933.31,4160.73,4160.73,2577.08,1281.82,1281.82,5075.36,68.1808,3793.54
3521,2022-08-23,00:00:00.00,191.457,6806.2,164.29,83.4966,0,0,2402.94,124.748,0,0,0,212.921,0,0,164.29,164.29,83.4966,83.4966,2594.4,2527.69,1608.71,7725.17,7938.09,4162.72,4162.72,2581.63,1281.82,1281.82,5075.36,68.1808,3793.54
3522,2022-08-24,00:00:00.00,191.457,6806.2,164.29,83.4966,0,0,2402.94,124.748,0,0,0,212.921,0,0,164.29,164.29,83.4966,83.4966,2594.4,2527.69,1608.71,7725.17,7938.09,4165.89,4165.89,2581.63,1281.82,1281.82,5075.36,68.1808,3793.54
3523,2022-08-25,00:00:00.00,191.457,6808.88,164.362,83.4966,0,0,2402.94,124.748,0,0,0,212.982,0,0,164.362,164.362,83.4966,83.4966,2594.4,2527.69,1610.07,7726.49,7939.47,4168.23,4168.23,2582.95,1281.82,1281.82,5075.36,68.1808,3793.54
3524,2022-08-26,00:00:00.00,191.457,6842.38,164.867,83.4966,0,0,2402.94,124.748,0,0,0,213.738,0,0,164.867,164.867,83.4966,83.4966,2594.4,2527.69,1626.99,7743.08,7956.81,4171.37,4171.37,2594.3,1281.82,1281.82,5080.59,68.1808,3794.1
3525,2022-08-27,00:00:00.00,191.457,6842.38,164.867,83.4966,0,0,2402.94,124.748,0,0,0,213.738,0,0,164.867,164.867,83.4966,83.4966,2594.4,2527.69,1626.99,7743.08,7956.81,4175.57,4175.57,2594.3,1286.2,1286.2,5080.59,68.1808,3794.13
3526,2022-08-28,00:00:00.00,191.457,6842.38,164.867,83.4966,0,0,2402.94,124.748,0,0,0,213.738,0,0,164.867,164.867,83.4966,83.4966,2594.4,2527.69,1626.99,7743.08,7956.81,4175.57,4175.57,2594.3,1286.2,1286.2,5080.59,68.1808,3794.16
3527,2022-08-29,00:00:00.00,191.457,6842.38,164.867,83.4966,0,0,2402.94,124.748,0,0,0,213.738,0,0,164.867,164.867,83.4966,83.4966,2594.4,2527.69,1626.99,7743.08,7956.81,4178.01,4178.01,2594.3,1286.42,1286.42,5080.59,68.1808,3794.16
3528,2022-08-30,00:00:00.00,191.457,6860.57,165.353,83.4966,0,0,2402.94,124.748,0,0,0,214.153,0,0,165.353,165.353,83.4966,83.4966,2594.4,2527.69,1633.26,7754.99,7969.15,4183.28,4183.28,2604.6,1286.43,1286.43,5082.22,68.1808,3794.33
3529,2022-08-31,00:00:00.00,191.457,6865.74,165.491,83.4966,0,0,2402.94,124.748,0,0,0,214.271,0,0,165.491,165.491,83.4966,83.4966,2594.4,2527.69,1634.62,7758.8,7973.07,4189.06,4189.06,2608.4,1287.88,1287.88,5082.22,68.1808,3794.33
3530,2022-09-01,00:00:00.00,191.457,6865.74,165.491,83.4966,0,0,2402.94,124.748,0,0,0,214.271,0,0,165.491,165.491,83.4966,83.4966,2594.4,2527.69,1634.62,7758.8,7973.07,4190.28,4190.28,2608.4,1287.88,1287.88,5082.22,68.1808,3794.33
3531,2022-09-02,00:00:00.00,191.457,6865.74,165.491,83.4966,0,0,2402.94,124.748,0,0,0,214.271,0,0,165.491,165.491,83.4966,83.4966,2594.4,2527.69,1634.62,7758.8,7973.07,4191.67,4191.67,2608.4,1287.88,1287.88,5082.22,68.1808,3794.33
3532,2022-09-03,00:00:00.00,191.457,6865.74,165.491,83.4966,0,0,2402.94,124.748,0,0,0,214.271,0,0,165.491,165.491,83.4966,83.4966,2594.4,2527.69,1634.62,7758.8,7973.07,4196,4196,2608.4,1287.88,1287.88,5082.22,68.1808,3794.33
3533,2022-09-04,00:00:00.00,191.457,6866.12,165.502,83.4966,0,0,2402.94,124.748,0,0,0,214.279,0,0,165.502,165.502,83.4966,83.4966,2594.4,2527.69,1634.75,7759.06,7973.34,4199.97,4199.97,2608.66,1287.88,1287.88,5082.22,68.1808,3794.33
3534,2022-09-05,00:00:00.00,191.457,6866.12,165.502,83.4966,0,0,2402.94,124.748,0,0,0,214.279,0,0,165.502,165.502,83.4966,83.4966,2594.4,2527.69,1634.75,7759.06,7973.34,4202.26,4202.26,2608.66,1287.88,1287.88,5082.22,68.1808,3794.33
3535,2022-09-06,00:00:00.00,191.457,6866.12,165.502,83.4966,0,0,2402.94,124.748,0,0,0,214.279,0,0,165.502,165.502,83.4966,83.4966,2594.4,2527.69,1634.75,7759.06,7973.34,4204.87,4204.87,2608.66,1287.88,1287.88,5082.22,68.1808,3794.33
3536,2022-09-07,00:00:00.00,191.457,6866.12,165.502,83.4966,0,0,2402.94,124.748,0,0,0,214.279,0,0,165.502,165.502,83.4966,83.4966,2594.4,2527.69,1634.75,7759.06,7973.34,4207.92,4207.92,2608.66,1287.88,1287.88,5082.22,68.1808,3794.33
3537,2022-09-08,00:00:00.00,191.457,6866.12,165.502,83.4966,0,0,2402.94,124.748,0,0,0,214.279,0,0,165.502,165.502,83.4966,83.4966,2594.4,2527.69,1634.75,7759.06,7973.34,4210.91,4210.91,2608.66,1287.88,1287.88,5082.22,68.1808,3794.33
3538,2022-09-09,00:00:00.00,191.457,6866.12,165.502,83.4966,0,0,2402.94,124.748,0,0,0,214.279,0,0,165.502,165.502,83.4966,83.4966,2594.4,2527.69,1634.75,7759.06,7973.34,4213.65,4213.65,2608.66,1287.88,1287.88,5082.22,68.1808,3794.33
3539,2022-09-10,00:00:00.00,191.457,6866.12,165.502,83.4966,0,0,2402.94,124.748,0,0,0,214.279,0,0,165.502,165.502,83.4966,83.4966,2594.4,2527.69,1634.75,7759.06,7973.34,4216.16,4216.16,2608.66,1287.88,1287.88,5082.22,68.1808,3794.33
3540,2022-09-11,00:00:00.00,191.457,6866.12,165.502,83.4966,0,0,2402.94,124.748,0,0,0,214.279,0,0,165.502,165.502,83.4966,83.4966,2594.4,2527.69,1634.75,7759.06,7973.34,4218.45,4218.45,2608.66,1287.88,1287.88,5082.22,68.1808,3794.33
3541,2022-09-12,00:00:00.00,191.457,6866.7,165.517,83.4966,0,0,2402.94,124.748,0,0,0,214.292,0,0,165.517,165.517,83.4966,83.4966,2594.4,2527.69,1635.04,7759.35,7973.64,4220.57,4220.57,2608.95,1287.88,1287.88,5082.22,68.1808,3794.33
3542,2022-09-13,00:00:00.00,191.457,6869.38,165.589,83.4966,0,0,2402.94,124.748,0,0,0,214.354,0,0,165.589,165.589,83.4966,83.4966,2594.4,2527.69,1636.43,7760.64,7974.99,4222.63,4222.63,2610.24,1287.88,1287.88,5082.22,68.1808,3794.33
3543,2022-09-14,00:00:00.00,191.457,6870.33,165.614,83.4966,0,0,2402.94,124.748,0,0,0,214.375,0,0,165.614,165.614,83.4966,83.4966,2594.4,2527.69,1636.92,7761.1,7975.48,4222.88,4222.88,2610.71,1287.88,1287.88,5082.22,68.1808,3794.33
3544,2022-09-15,00:00:00.00,191.457,6870.33,165.614,83.4966,0,0,2402.94,124.748,0,0,0,214.375,0,0,165.614,165.614,83.4966,83.4966,2594.4,2527.69,1636.92,7761.1,7975.48,4223.8,4223.8,2610.71,1287.88,1287.88,5082.22,68.1808,3794.33
3545,2022-09-16,00:00:00.00,191.457,6870.33,165.614,83.4966,0,0,2402.94,124.748,0,0,0,214.375,0,0,165.614,165.614,83.4966,83.4966,2594.4,2527.69,1636.92,7761.1,7975.48,4223.8,4223.8,2610.71,1287.88,1287.88,5082.22,68.1808,3794.33
3546,2022-09-17,00:00:00.00,191.457,6870.33,165.614,83.4966,0,0,2402.94,124.748,0,0,0,214.375,0,0,165.614,165.614,83.4966,83.4966,2594.4,2527.69,1636.92,7761.1,7975.48,4224.3,4224.3,2610.71,1287.88,1287.88,5082.22,68.1808,3794.33
3547,2022-09-18,00:00:00.00,191.457,6871.29,165.64,83.4966,0,0,2402.94,124.748,0,0,0,214.397,0,0,165.64,165.64,83.4966,83.4966,2594.4,2527.69,1637.41,7761.56,7975.96,4226.3,4226.3,2611.17,1287.88,1287.88,5082.22,68.1808,3794.33
3548,2022-09-19,00:00:00.00,191.457,6871.48,165.645,83.4966,0,0,2402.94,124.748,0,0,0,214.402,0,0,165.645,165.645,83.4966,83.4966,2594.4,2527.69,1637.52,7761.65,7976.05,4228.18,4228.18,2611.26,1287.88,1287.88,5082.22,68.1808,3794.33
3549,2022-09-20,00:00:00.00,191.457,6872.25,165.665,83.4966,0,0,2402.94,124.748,0,0,0,214.419,0,0,165.665,165.665,83.4966,83.4966,2594.4,2527.69,1637.94,7762,7976.42,4229.95,4229.95,2611.6,1287.88,1287.88,5082.22,68.1808,3794.33
3550,2022-09-21,00:00:00.00,191.457,6872.25,165.665,83.4966,0,0,2402.94,124.748,0,0,0,214.419,0,0,165.665,165.665,83.4966,83.4966,2594.4,2527.69,1637.94,7762,7976.42,4231.6,4231.6,2611.6,1287.88,1287.88,5082.22,68.1808,3794.33
3551,2022-09-22,00:00:00.00,191.457,6873.97,165.712,83.4966,0,0,2402.94,124.748,0,0,0,214.458,0,0,165.712,165.712,83.4966,83.4966,2594.4,2527.69,1638.93,7762.72,7977.18,4233.18,4233.18,2612.33,1287.88,1287.88,5082.22,68.1808,3794.33
3552,2022-09-23,00:00:00.00,191.457,6873.97,165.712,83.4966,0,0,2402.94,124.748,0,0,0,214.458,0,0,165.712,165.712,83.4966,83.4966,2594.4,2527.69,1638.93,7762.72,7977.18,4233.18,4233.18,2612.33,1287.88,1287.88,5082.22,68.1808,3794.33
3553,2022-09-24,00:00:00.00,191.457,6873.97,165.712,83.4966,0,0,2402.94,124.748,0,0,0,214.458,0,0,165.712,165.712,83.4966,83.4966,2594.4,2527.69,1638.93,7762.72,7977.18,4233.18,4233.18,2612.33,1287.88,1287.88,5082.22,68.1808,3794.33
3554,2022-09-25,00:00:00.00,191.457,6876.84,165.788,83.4966,0,0,2402.94,124.748,0,0,0,214.524,0,0,165.788,165.788,83.4966,83.4966,2594.4,2527.69,1640.59,7763.94,7978.46,4233.18,4233.18,2613.54,1287.88,1287.88,5082.22,68.1808,3794.33
3555,2022-09-26,00:00:00.00,191.457,6880.86,165.896,83.4966,0,0,2402.94,124.748,0,0,0,214.616,0,0,165.896,165.896,83.4966,83.4966,2594.4,2527.69,1642.78,7765.77,7980.38,4233.18,4233.18,2615.37,1287.88,1287.88,5082.22,68.1808,3794.33
3556,2022-09-27,00:00:00.00,191.457,6889.48,166.127,83.4966,0,0,2402.94,124.748,0,0,0,214.812,0,0,166.127,166.127,83.4966,83.4966,2594.4,2527.69,1647.11,7770.05,7984.86,4233.18,4233.18,2619.65,1287.88,1287.88,5082.22,68.1808,3794.33
3557,2022-09-28,00:00:00.00,191.457,6899.34,166.39,83.4966,0,0,2402.94,124.748,0,0,0,215.037,0,0,166.39,166.39,83.4966,83.4966,2594.4,2527.69,1651.29,7775.74,7990.78,4233.18,4233.18,2625.34,1287.88,1287.88,5082.22,68.1808,3794.33
3558,2022-09-29,00:00:00.00,191.457,6899.34,166.39,83.4966,0,0,2402.94,124.748,0,0,0,215.037,0,0,166.39,166.39,83.4966,83.4966,2594.4,2527.69,1651.29,7775.74,7990.78,4233.18,4233.18,2625.34,1287.88,1287.88,5082.22,68.1808,3794.33
3559,2022-09-30,00:00:00.00,191.457,6899.34,166.39,83.4966,0,0,2402.94,124.748,0,0,0,215.037,0,0,166.39,166.39,83.4966,83.4966,2594.4,2527.69,1651.29,7775.74,7990.78,4233.18,4233.18,2625.34,1287.88,1287.88,5082.22,68.1808,3794.33
3560,2022-10-01,00:00:00.00,191.457,6899.34,166.39,83.4966,0,0,2402.94,124.748,0,0,0,215.037,0,0,166.39,166.39,83.4966,83.4966,2594.4,2527.69,1651.29,7775.74,7990.78,4233.18,4233.18,2625.34,1287.88,1287.88,5082.22,68.1808,3794.33
3561,2022-10-02,00:00:00.00,191.457,6899.34,166.39,83.4966,0,0,2402.94,124.748,0,0,0,215.037,0,0,166.39,166.39,83.4966,83.4966,2594.4,2527.69,1651.29,7775.74,7990.78,4234.79,4234.79,2625.34,1287.88,1287.88,5082.22,68.1808,3794.33
3562,2022-10-03,00:00:00.00,191.457,6899.34,166.39,83.4966,0,0,2402.94,124.748,0,0,0,215.037,0,0,166.39,166.39,83.4966,83.4966,2594.4,2527.69,1651.29,7775.74,7990.78,4235.47,4235.47,2625.34,1287.88,1287.88,5082.22,68.1808,3794.33
3563,2022-10-04,00:00:00.00,191.457,6899.34,166.39,83.4966,0,0,2402.94,124.748,0,0,0,215.037,0,0,166.39,166.39,83.4966,83.4966,2594.4,2527.69,1651.29,7775.74,7990.78,4235.82,4235.82,2625.34,1287.88,1287.88,5082.22,68.1808,3794.33
3564,2022-10-05,00:00:00.00,191.457,6899.34,166.39,83.4966,0,0,2402.94,124.748,0,0,0,215.037,0,0,166.39,166.39,83.4966,83.4966,2594.4,2527.69,1651.29,7775.74,7990.78,4237.33,4237.33,2625.34,1287.88,1287.88,5082.22,68.1808,3794.33
3565,2022-10-06,00:00:00.00,191.457,6899.34,166.39,83.4966,0,0,2402.94,124.748,0,0,0,215.037,0,0,166.39,166.39,83.4966,83.4966,2594.4,2527.69,1651.29,7775.74,7990.78,4238.97,4238.97,2625.34,1287.88,1287.88,5082.22,68.1808,3794.33
3566,2022-10-07,00:00:00.00,191.457,6899.34,166.39,83.4966,0,0,2402.94,124.748,0,0,0,215.037,0,0,166.39,166.39,83.4966,83.4966,2594.4,2527.69,1651.29,7775.74,7990.78,4240.54,4240.54,2625.34,1287.88,1287.88,5082.22,68.1808,3794.33
3567,2022-10-08,00:00:00.00,191.457,6899.82,166.403,83.4966,0,0,2402.94,124.748,0,0,0,215.048,0,0,166.403,166.403,83.4966,83.4966,2594.4,2527.69,1651.48,7776.02,7991.07,4240.54,4240.54,2625.63,1287.88,1287.88,5082.22,68.1808,3794.33
3568,2022-10-09,00:00:00.00,191.457,6899.82,166.403,83.4966,0,0,2402.94,124.748,0,0,0,215.048,0,0,166.403,166.403,83.4966,83.4966,2594.4,2527.69,1651.48,7776.02,7991.07,4240.54,4240.54,2625.63,1287.88,1287.88,5082.22,68.1808,3794.33
3569,2022-10-10,00:00:00.00,191.457,6899.82,166.403,83.4966,0,0,2402.94,124.748,0,0,0,215.048,0,0,166.403,166.403,83.4966,83.4966,2594.4,2527.69,1651.48,7776.02,7991.07,4240.56,4240.56,2625.63,1287.88,1287.88,5082.22,68.1808,3794.33
3570,2022-10-11,00:00:00.00,191.457,6899.82,166.403,83.4966,0,0,2402.94,124.748,0,0,0,215.048,0,0,166.403,166.403,83.4966,83.4966,2594.4,2527.69,1651.48,7776.02,7991.07,4241.06,4241.06,2625.63,1287.88,1287.88,5082.22,68.1808,3794.33
3571,2022-10-12,00:00:00.00,191.457,6901.54,166.449,83.4966,0,0,2402.94,124.748,0,0,0,215.088,0,0,166.449,166.449,83.4966,83.4966,2594.4,2527.69,1652.17,7777.05,7992.14,4242.57,4242.57,2626.66,1287.88,1287.88,5082.22,68.1808,3794.33
3572,2022-10-13,00:00:00.00,191.457,6915.52,166.823,83.4966,0,0,2402.94,124.748,0,0,0,215.406,0,0,166.823,166.823,83.4966,83.4966,2594.4,2527.69,1657.77,7785.43,8000.84,4243.87,4243.87,2635.04,1287.88,1287.88,5082.22,68.1808,3794.33
3573,2022-10-14,00:00:00.00,191.457,6916.09,166.839,83.4966,0,0,2402.94,124.748,0,0,0,215.42,0,0,166.839,166.839,83.4966,83.4966,2594.4,2527.69,1657.94,7785.83,8001.25,4245.42,4245.42,2635.44,1287.88,1287.88,5082.22,68.1808,3794.33
3574,2022-10-15,00:00:00.00,191.457,6917.62,166.88,83.4966,0,0,2402.94,124.748,0,0,0,215.454,0,0,166.88,166.88,83.4966,83.4966,2594.4,2527.69,1658.42,7786.89,8002.35,4245.42,4245.42,2636.49,1287.88,1287.88,5082.22,68.1808,3794.33
3575,2022-10-16,00:00:00.00,191.457,6919.92,166.941,83.4966,0,0,2402.94,124.748,0,0,0,215.507,0,0,166.941,166.941,83.4966,83.4966,2594.4,2527.69,1659.1,7788.5,8004.01,4245.42,4245.42,2638.11,1287.88,1287.88,5082.22,68.1808,3794.33
3576,2022-10-17,00:00:00.00,191.457,6919.92,166.941,83.4966,0,0,2402.94,124.748,0,0,0,215.507,0,0,166.941,166.941,83.4966,83.4966,2594.4,2527.69,1659.1,7788.5,8004.01,4245.45,4245.45,2638.11,1287.88,1287.88,5082.22,68.1808,3794.33
3577,2022-10-18,00:00:00.00,191.457,6922.6,167.013,83.4966,0,0,2402.94,124.748,0,0,0,215.568,0,0,167.013,167.013,83.4966,83.4966,2594.4,2527.69,1659.86,7790.43,8005.99,4245.45,4245.45,2640.03,1287.88,1287.88,5082.22,68.1808,3794.33
3578,2022-10-19,00:00:00.00,191.457,6927.2,167.136,83.4966,0,0,2402.94,124.748,0,0,0,215.673,0,0,167.136,167.136,83.4966,83.4966,2594.4,2527.69,1661.07,7793.81,8009.48,4245.45,4245.45,2643.41,1287.88,1287.88,5082.22,68.1808,3794.33
3579,2022-10-20,00:00:00.00,191.457,6930.64,167.228,83.4966,0,0,2402.94,124.748,0,0,0,215.752,0,0,167.228,167.228,83.4966,83.4966,2594.4,2527.69,1661.88,7796.45,8012.2,4245.45,4245.45,2646.05,1287.88,1287.88,5082.22,68.1808,3794.33
3580,2022-10-21,00:00:00.00,191.457,6931.22,167.244,83.4966,0,0,2402.94,124.748,0,0,0,215.765,0,0,167.244,167.244,83.4966,83.4966,2594.4,2527.69,1662,7796.9,8012.67,4245.45,4245.45,2646.51,1287.88,1287.88,5082.22,68.1808,3794.33
3581,2022-10-22,00:00:00.00,191.457,6931.22,167.244,83.4966,0,0,2402.94,124.748,0,0,0,215.765,0,0,167.244,167.244,83.4966,83.4966,2594.4,2527.69,1662,7796.9,8012.67,4245.45,4245.45,2646.51,1287.88,1287.88,5082.22,68.1808,3794.33
3582,2022-10-23,00:00:00.00,191.457,6931.22,167.244,83.4966,0,0,2402.94,124.748,0,0,0,215.765,0,0,167.244,167.244,83.4966,83.4966,2594.4,2527.69,1662,7796.9,8012.67,4246.93,4246.93,2646.51,1287.88,1287.88,5082.22,68.1808,3794.33
3583,2022-10-24,00:00:00.00,191.457,6931.22,167.244,83.4966,0,0,2402.94,124.748,0,0,0,215.765,0,0,167.244,167.244,83.4966,83.4966,2594.4,2527.69,1662,7796.9,8012.67,4249.23,4249.23,2646.51,1287.88,1287.88,5082.22,68.1808,3794.33
3584,2022-10-25,00:00:00.00,191.457,6931.22,167.244,83.4966,0,0,2402.94,124.748,0,0,0,215.765,0,0,167.244,167.244,83.4966,83.4966,2594.4,2527.69,1662,7796.9,8012.67,4251.53,4251.53,2646.51,1287.88,1287.88,5082.22,68.1808,3794.33
3585,2022-10-26,00:00:00.00,191.457,6931.22,167.244,83.4966,0,0,2402.94,124.748,0,0,0,215.765,0,0,167.244,167.244,83.4966,83.4966,2594.4,2527.69,1662,7796.9,8012.67,4253.81,4253.81,2646.51,1287.88,1287.88,5082.22,68.1808,3794.33
3586,2022-10-27,00:00:00.00,191.457,6936.48,167.384,83.4966,0,0,2402.94,124.748,0,0,0,215.885,0,0,167.384,167.384,83.4966,83.4966,2594.4,2527.69,1663.38,7800.79,8016.67,4255.28,4255.28,2650.39,1287.88,1287.88,5082.22,68.1808,3794.33
3587,2022-10-28,00:00:00.00,191.457,6936.48,167.384,83.4966,0,0,2402.94,124.748,0,0,0,215.885,0,0,167.384,167.384,83.4966,83.4966,2594.4,2527.69,1663.38,7800.79,8016.67,4255.28,4255.28,2650.39,1287.88,1287.88,5082.22,68.1808,3794.33
3588,2022-10-29,00:00:00.00,191.457,6936.48,167.384,83.4966,0,0,2402.94,124.748,0,0,0,215.885,0,0,167.384,167.384,83.4966,83.4966,2594.4,2527.69,1663.38,7800.79,8016.67,4255.28,4255.28,2650.39,1287.88,1287.88,5082.22,68.1808,3794.33
3589,2022-10-30,00:00:00.00,191.457,6936.48,167.384,83.4966,0,0,2402.94,124.748,0,0,0,215.885,0,0,167.384,167.384,83.4966,83.4966,2594.4,2527.69,1663.38,7800.79,8016.67,4255.28,4255.28,2650.39,1287.88,1287.88,5082.22,68.1808,3794.33
3590,2022-10-31,00:00:00.00,191.457,6936.48,167.384,83.4966,0,0,2402.94,124.748,0,0,0,215.885,0,0,167.384,167.384,83.4966,83.4966,2594.4,2527.69,1663.38,7800.79,8016.67,4255.61,4255.61,2650.39,1287.88,1287.88,5082.22,68.1808,3794.33
3591,2022-11-01,00:00:00.00,191.457,6940.69,167.497,83.4966,0,0,2402.94,124.748,0,0,0,215.981,0,0,167.497,167.497,83.4966,83.4966,2594.4,2527.69,1664.39,7803.99,8019.97,4255.61,4255.61,2653.6,1287.88,1287.88,5082.22,68.1808,3794.33
3592,2022-11-02,00:00:00.00,191.457,6940.69,167.497,83.4966,0,0,2402.94,124.748,0,0,0,215.981,0,0,167.497,167.497,83.4966,83.4966,2594.4,2527.69,1664.39,7803.99,8019.97,4256.41,4256.41,2653.6,1287.88,1287.88,5082.22,68.1808,3794.33
3593,2022-11-03,00:00:00.00,191.457,6940.69,167.497,83.4966,0,0,2402.94,124.748,0,0,0,215.981,0,0,167.497,167.497,83.4966,83.4966,2594.4,2527.69,1664.39,7803.99,8019.97,4257.21,4257.21,2653.6,1287.88,1287.88,5082.22,68.1808,3794.33
3594,2022-11-04,00:00:00.00,191.457,6940.69,167.497,83.4966,0,0,2402.94,124.748,0,0,0,215.981,0,0,167.497,167.497,83.4966,83.4966,2594.4,2527.69,1664.39,7803.99,8019.97,4258.02,4258.02,2653.6,1287.88,1287.88,5082.22,68.1808,3794.33
3595,2022-11-05,00:00:00.00,191.457,6940.69,167.497,83.4966,0,0,2402.94,124.748,0,0,0,215.981,0,0,167.497,167.497,83.4966,83.4966,2594.4,2527.69,1664.39,7803.99,8019.97,4258.82,4258.82,2653.6,1287.88,1287.88,5082.22,68.1808,3794.33
3596,2022-11-06,00:00:00.00,191.457,6943.37,167.569,83.4966,0,0,2402.94,124.748,0,0,0,216.042,0,0,167.569,167.569,83.4966,83.4966,2594.4,2527.69,1665.01,7806.05,8022.09,4259.55,4259.55,2655.65,1287.88,1287.88,5082.22,68.1808,3794.33
3597,2022-11-07,00:00:00.00,191.457,6943.37,167.569,83.4966,0,0,2402.94,124.748,0,0,0,216.042,0,0,167.569,167.569,83.4966,83.4966,2594.4,2527.69,1665.01,7806.05,8022.09,4260.36,4260.36,2655.65,1287.88,1287.88,5082.22,68.1808,3794.33
3598,2022-11-08,00:00:00.00,191.457,6943.37,167.569,83.4966,0,0,2402.94,124.748,0,0,0,216.042,0,0,167.569,167.569,83.4966,83.4966,2594.4,2527.69,1665.01,7806.05,8022.09,4261.16,4261.16,2655.65,1287.88,1287.88,5082.22,68.1808,3794.33
3599,2022-11-09,00:00:00.00,191.457,6943.37,167.569,83.4966,0,0,2402.94,124.748,0,0,0,216.042,0,0,167.569,167.569,83.4966,83.4966,2594.4,2527.69,1665.01,7806.05,8022.09,4261.96,4261.96,2655.65,1287.88,1287.88,5082.22,68.1808,3794.33
3600,2022-11-10,00:00:00.00,191.457,6943.37,167.569,83.4966,0,0,2402.94,124.748,0,0,0,216.042,0,0,167.569,167.569,83.4966,83.4966,2594.4,2527.69,1665.01,7806.05,8022.09,4262.76,4262.76,2655.65,1287.88,1287.88,5082.22,68.1808,3794.33
3601,2022-11-11,00:00:00.00,191.457,6943.37,167.569,83.4966,0,0,2402.94,124.748,0,0,0,216.042,0,0,167.569,167.569,83.4966,83.4966,2594.4,2527.69,1665.01,7806.05,8022.09,4263.56,4263.56,2655.65,1287.88,1287.88,5082.22,68.1808,3794.33
3602,2022-11-12,00:00:00.00,191.457,6947.39,167.677,83.4966,0,0,2402.94,124.748,0,0,0,216.134,0,0,167.677,167.677,83.4966,83.4966,2594.4,2527.69,1666,7809.08,8025.22,4264.26,4264.26,2658.69,1287.88,1287.88,5082.22,68.1808,3794.33
3603,2022-11-13,00:00:00.00,191.457,6947.39,167.677,83.5982,0,0,2405.79,124.748,0,0,0,216.199,0,0,167.677,167.677,83.5982,83.5982,2597.24,2530.53,1666.63,7811.29,8027.49,4264.95,4264.95,2660.9,1287.88,1287.88,5082.22,68.1808,3794.33
3604,2022-11-14,00:00:00.00,191.457,6948.34,167.702,83.6462,0,0,2407.13,124.748,0,0,0,216.252,0,0,167.702,167.702,83.6462,83.6462,2598.5,2531.79,1667.09,7813.04,8029.29,4265.02,4265.02,2662.64,1287.88,1287.88,5082.22,68.1808,3794.33
3605,2022-11-15,00:00:00.00,191.46,6948.34,167.702,83.6462,0,0,2407.13,124.748,0,0,0,216.252,0,0,167.702,167.702,83.6462,83.6462,2598.5,2531.79,1667.09,7813.04,8029.29,4265.02,4265.02,2662.64,1287.88,1287.88,5082.22,68.1808,3794.33
3606,2022-11-16,00:00:00.00,191.46,6948.34,167.702,83.9511,0,0,2415.67,124.748,0,0,0,216.448,0,0,167.702,167.702,83.9511,83.9511,2598.5,2531.79,1667.09,7813.04,8029.48,4265.02,4265.02,2662.64,1287.88,1287.88,5082.22,68.1808,3794.33
3607,2022-11-17,00:00:00.00,191.46,6948.34,167.702,83.985,0,0,2416.62,124.748,0,0,0,216.47,0,0,167.702,167.702,83.985,83.985,2598.5,2531.79,1667.09,7813.04,8029.51,4265.02,4265.02,2662.64,1287.88,1287.88,5082.22,68.1808,3794.33
3608,2022-11-18,00:00:00.00,191.46,6948.34,167.702,84.2222,0,0,2423.26,124.748,0,0,0,216.623,0,0,167.702,167.702,84.2222,84.2222,2598.5,2531.79,1667.09,7813.04,8029.66,4265.02,4265.02,2662.64,1287.88,1287.88,5082.22,68.1808,3794.33
3609,2022-11-19,00:00:00.00,191.46,6948.34,167.702,84.2764,0,0,2424.78,124.748,0,0,0,216.658,0,0,167.702,167.702,84.2764,84.2764,2598.5,2531.79,1667.09,7813.04,8029.69,4265.02,4265.02,2662.64,1287.88,1287.88,5082.22,68.1808,3794.33
3610,2022-11-20,00:00:00.00,191.46,6948.34,167.702,84.5135,0,0,2431.42,124.748,0,0,0,216.811,0,0,167.702,167.702,84.5135,84.5135,2598.5,2531.79,1667.09,7813.04,8029.85,4265.02,4265.02,2662.64,1287.88,1287.88,5082.22,68.1808,3794.33
3611,2022-11-21,00:00:00.00,191.46,6948.34,167.702,84.5813,0,0,2433.32,124.748,0,0,0,216.855,0,0,167.702,167.702,84.5813,84.5813,2598.5,2531.79,1667.09,7813.04,8029.89,4265.02,4265.02,2662.64,1287.88,1287.88,5082.22,68.1808,3794.33
3612,2022-11-22,00:00:00.00,191.46,6948.34,167.702,84.5813,0,0,2433.32,124.748,0,0,0,216.855,0,0,167.702,167.702,84.5813,84.5813,2598.5,2531.79,1667.09,7813.04,8029.89,4265.02,4265.02,2662.64,1287.88,1287.88,5082.22,68.1808,3794.33
3613,2022-11-23,00:00:00.00,191.46,6948.34,167.702,84.5813,0,0,2433.32,124.748,0,0,0,216.855,0,0,167.702,167.702,84.5813,84.5813,2598.5,2531.79,1667.09,7813.04,8029.89,4265.02,4265.02,2662.64,1287.88,1287.88,5082.22,68.1808,3794.33
3614,2022-11-24,00:00:00.00,191.46,6948.34,167.702,84.5813,0,0,2433.32,124.748,0,0,0,216.855,0,0,167.702,167.702,84.5813,84.5813,2598.5,2531.79,1667.09,7813.04,8029.89,4265.02,4265.02,2662.64,1287.88,1287.88,5082.22,68.1808,3794.33
3615,2022-11-25,00:00:00.00,191.46,6948.38,167.727,84.5813,0,0,2433.32,125.661,0,0,0,216.876,0,0,167.727,167.727,84.5813,84.5813,2602.96,2536.4,1667.99,7816.79,8033.67,4265.06,4265.06,2666.39,1287.88,1287.88,5082.22,68.1808,3794.33
3616,2022-11-26,00:00:00.00,191.527,6948.57,167.734,84.5924,0,0,2433.63,125.731,0,0,0,216.889,0,0,167.734,167.734,84.5924,84.5924,2602.96,2536.4,1668.02,7816.95,8033.84,4265.06,4265.06,2666.55,1287.88,1287.88,5082.22,68.1808,3794.33
3617,2022-11-27,00:00:00.00,191.527,6948.57,167.734,84.5924,0,0,2433.63,125.731,0,0,0,216.889,0,0,167.734,167.734,84.5924,84.5924,2614.83,2548.67,1670,7827.25,8044.14,4265.21,4265.21,2671.23,1287.88,1287.88,5087.84,68.1808,3794.93
3618,2022-11-28,00:00:00.00,191.527,6957.38,167.97,84.5924,0,0,2433.63,125.731,0,0,0,217.09,0,0,167.97,167.97,84.5924,84.5924,2619.19,2553.18,1671.67,7838.9,8055.99,4265.22,4265.22,2675.32,1288.13,1288.13,5095.4,68.1808,3796.25
3619,2022-11-29,00:00:00.00,191.735,6957.38,167.97,84.5924,0,0,2433.63,125.731,0,0,0,217.09,0,0,167.97,167.97,84.5924,84.5924,2619.19,2553.18,1671.67,7838.9,8055.99,4265.22,4265.22,2675.32,1288.13,1288.13,5095.4,68.1808,3797.42
3620,2022-11-30,00:00:00.00,191.735,6960.61,168.062,84.5924,0,0,2433.63,125.945,0,0,0,217.169,0,0,168.062,168.062,84.5924,84.5924,2623.26,2557.39,1672.35,7845.65,8062.82,4265.5,4265.5,2678.36,1288.48,1288.48,5099.11,68.1808,3798.83
3621,2022-12-01,00:00:00.00,191.735,6968.27,168.267,84.6263,0,0,2434.58,125.945,0,0,0,217.366,0,0,168.267,168.267,84.6263,84.6263,2624.62,2558.77,1673.06,7853.98,8071.35,4266.02,4266.02,2681.01,1289.1,1289.1,5104.79,68.1808,3800.62
3622,2022-12-02,00:00:00.00,191.794,6968.27,168.267,84.6263,0,0,2434.58,125.945,0,0,0,217.366,0,0,168.267,168.267,84.6263,84.6263,2624.62,2558.77,1673.06,7853.98,8071.35,4266.12,4266.12,2681.01,1289.21,1289.21,5104.79,68.1808,3802.22
3623,2022-12-03,00:00:00.00,191.794,6969.82,168.31,84.6504,0,0,2435.26,126.006,0,0,0,217.418,0,0,168.31,168.31,84.6504,84.6504,2625.28,2559.44,1673.19,7856.07,8073.49,4266.38,4266.38,2682.91,1289.52,1289.52,5104.98,68.1808,3803.63
3624,2022-12-04,00:00:00.00,191.794,6976.52,168.49,84.6504,0,0,2435.26,126.006,0,0,0,217.571,0,0,168.49,168.49,84.6504,84.6504,2625.79,2559.96,1673.58,7862.9,8080.47,4266.62,4266.62,2684.73,1289.84,1289.84,5109.99,68.1808,3805.39
3625,2022-12-05,00:00:00.00,191.838,6976.52,168.49,84.6504,0,0,2435.26,126.006,0,0,0,217.571,0,0,168.49,168.49,84.6504,84.6504,2625.79,2559.96,1673.58,7862.9,8080.47,4266.77,4266.77,2684.73,1289.98,1289.98,5109.99,68.1808,3806.95
3626,2022-12-06,00:00:00.00,191.838,6976.52,168.49,84.6504,0,0,2435.26,126.006,0,0,0,217.571,0,0,168.49,168.49,84.6504,84.6504,2625.79,2559.96,1673.58,7862.9,8080.47,4267.05,4267.05,2684.73,1290.26,1290.26,5109.99,68.1808,3808.31
3627,2022-12-07,00:00:00.00,191.838,6976.52,168.49,84.6504,0,0,2435.26,126.006,0,0,0,217.571,0,0,168.49,168.49,84.6504,84.6504,2625.97,2560.1,1673.59,7863.04,8080.61,4267.37,4267.37,2684.86,1290.58,1290.58,5109.99,68.1808,3809.49
3628,2022-12-08,00:00:00.00,191.838,6976.71,168.495,84.6504,0,0,2435.26,126.006,0,0,0,217.575,0,0,168.495,168.495,84.6504,84.6504,2626.54,2560.69,1673.64,7863.77,8081.35,4267.68,4267.68,2685.37,1290.89,1290.89,5110.22,68.1808,3810.54
3629,2022-12-09,00:00:00.00,191.838,6976.71,168.495,84.6504,0,0,2435.26,126.006,0,0,0,217.575,0,0,168.495,168.495,84.6504,84.6504,2626.88,2561.04,1673.66,7864.1,8081.67,4267.99,4267.99,2685.66,1291.21,1291.21,5110.26,68.1808,3811.45
3630,2022-12-10,00:00:00.00,191.846,6976.71,168.495,84.6504,0,0,2435.26,126.006,0,0,0,217.575,0,0,168.495,168.495,84.6504,84.6504,2626.88,2561.04,1673.66,7864.1,8081.67,4268.13,4268.13,2685.66,1291.35,1291.35,5110.26,68.1808,3812.24
3631,2022-12-11,00:00:00.00,191.846,6976.71,168.495,84.7521,0,0,2438.11,126.006,0,0,0,217.641,0,0,168.495,168.495,84.7521,84.7521,2626.88,2561.04,1673.66,7864.1,8081.74,4268.13,4268.13,2685.66,1291.36,1291.36,5110.26,68.1808,3812.95
3632,2022-12-12,00:00:00.00,191.846,6976.71,168.495,84.8198,0,0,2440,126.006,0,0,0,217.685,0,0,168.495,168.495,84.8198,84.8198,2626.88,2561.04,1673.66,7864.1,8081.78,4268.14,4268.14,2685.66,1291.47,1291.47,5110.26,68.1808,3813.57
3633,2022-12-13,00:00:00.00,191.846,6976.71,168.495,84.8198,0,0,2440,126.006,0,0,0,217.685,0,0,168.495,168.495,84.8198,84.8198,2626.88,2561.04,1673.66,7864.1,8081.78,4268.14,4268.14,2685.66,1291.47,1291.47,5110.26,68.1808,3814.13
3634,2022-12-14,00:00:00.00,191.846,6976.71,168.495,84.8198,0,0,2440,126.006,0,0,0,217.685,0,0,168.495,168.495,84.8198,84.8198,2626.88,2561.04,1673.66,7864.1,8081.78,4268.14,4268.14,2685.66,1291.47,1291.47,5110.26,68.1808,3814.63
3635,2022-12-15,00:00:00.00,191.846,6976.71,168.495,84.8198,0,0,2440,126.006,0,0,0,217.685,0,0,168.495,168.495,84.8198,84.8198,2626.88,2561.04,1673.66,7864.1,8081.78,4268.14,4268.14,2685.66,1291.47,1291.47,5110.26,68.1808,3815.07
3636,2022-12-16,00:00:00.00,191.846,6976.71,168.495,85.1248,0,0,2448.55,126.006,0,0,0,217.881,0,0,168.495,168.495,85.1248,85.1248,2626.88,2561.04,1673.66,7864.1,8081.98,4268.14,4268.14,2685.66,1291.49,1291.49,5110.26,68.1808,3815.46
3637,2022-12-17,00:00:00.00,191.846,6976.71,168.495,85.2264,0,0,2451.39,126.006,0,0,0,217.947,0,0,168.495,168.495,85.2264,85.2264,2628.15,2561.79,1673.69,7864.82,8082.77,4268.15,4268.15,2686.38,1291.81,1291.81,5110.26,68.1808,3815.78
3638,2022-12-18,00:00:00.00,192.363,6976.71,168.495,85.2603,0,0,2452.34,126.006,0,0,0,217.968,0,0,168.495,168.495,85.2603,85.2603,2628.15,2561.79,1673.69,7864.82,8082.79,4268.16,4268.16,2686.38,1291.97,1291.97,5110.26,68.1808,3816.05
3639,2022-12-19,00:00:00.00,192.363,6976.71,168.495,85.3958,0,0,2456.14,126.006,0,0,0,218.056,0,0,168.495,168.495,85.3958,85.3958,2628.15,2561.79,1673.69,7864.82,8082.87,4268.16,4268.16,2686.38,1292.06,1292.06,5110.26,68.1808,3816.28
3640,2022-12-20,00:00:00.00,192.363,6976.71,168.495,85.4974,0,0,2458.99,126.006,0,0,0,218.121,0,0,168.495,168.495,85.4974,85.4974,2628.15,2561.79,1673.69,7864.82,8082.94,4268.17,4268.17,2686.38,1292.16,1292.16,5110.26,68.1808,3816.47
3641,2022-12-21,00:00:00.00,192.363,6976.71,168.495,85.4974,0,0,2458.99,126.006,0,0,0,218.121,0,0,168.495,168.495,85.4974,85.4974,2628.15,2561.79,1673.69,7864.82,8082.94,4268.17,4268.17,2686.38,1292.19,1292.19,5110.26,68.1808,3816.64
3642,2022-12-22,00:00:00.00,192.363,6976.71,168.495,85.4974,0,0,2458.99,126.006,0,0,0,218.121,0,0,168.495,168.495,85.4974,85.4974,2628.15,2561.79,1673.69,7864.82,8082.94,4268.17,4268.17,2686.38,1292.19,1292.19,5110.26,68.1808,3816.79
3643,2022-12-23,00:00:00.00,192.363,6976.71,168.495,85.7007,0,0,2464.68,126.006,0,0,0,218.252,0,0,168.495,168.495,85.7007,85.7007,2628.15,2561.79,1673.69,7864.82,8083.07,4268.17,4268.17,2686.38,1292.25,1292.25,5110.26,68.1808,3816.92
3644,2022-12-24,00:00:00.00,192.363,6976.71,168.495,85.7007,0,0,2464.68,126.006,0,0,0,218.252,0,0,168.495,168.495,85.7007,85.7007,2628.15,2561.79,1673.69,7864.82,8083.07,4268.18,4268.18,2686.38,1292.32,1292.32,5110.26,68.1808,3817.03
3645,2022-12-25,00:00:00.00,192.363,6976.71,168.495,85.904,0,0,2470.37,126.006,0,0,0,218.383,0,0,168.495,168.495,85.904,85.904,2628.15,2561.79,1673.69,7864.82,8083.2,4268.18,4268.18,2686.38,1292.32,1292.32,5110.26,68.1808,3817.13
3646,2022-12-26,00:00:00.00,192.363,6976.71,168.495,85.9718,0,0,2472.27,126.006,0,0,0,218.427,0,0,168.495,168.495,85.9718,85.9718,2628.15,2561.79,1673.69,7864.82,8083.25,4268.18,4268.18,2686.38,1292.32,1292.32,5110.26,68.1808,3817.21
3647,2022-12-27,00:00:00.00,192.363,6976.71,168.495,86.0056,0,0,2473.22,126.006,0,0,0,218.449,0,0,168.495,168.495,86.0056,86.0056,2628.15,2561.79,1673.69,7864.82,8083.27,4268.18,4268.18,2686.38,1292.32,1292.32,5110.26,68.1808,3817.29
3648,2022-12-28,00:00:00.00,192.363,6976.71,168.495,86.0734,0,0,2475.12,126.006,0,0,0,218.493,0,0,168.495,168.495,86.0734,86.0734,2628.15,2561.79,1673.69,7864.82,8083.31,4268.18,4268.18,2686.38,1292.32,1292.32,5110.26,68.1808,3817.36
3649,2022-12-29,00:00:00.00,192.363,6976.71,168.495,86.0734,0,0,2475.12,126.006,0,0,0,218.493,0,0,168.495,168.495,86.0734,86.0734,2628.15,2561.79,1673.69,7864.82,8083.31,4268.2,4268.2,2686.38,1292.42,1292.42,5110.26,68.1808,3817.41
3650,2022-12-30,00:00:00.00,192.363,6977.17,168.544,86.0734,0,0,2475.12,127.373,0,0,0,218.534,0,0,168.544,168.544,86.0734,86.0734,2635.59,2569.49,1674.01,7872.65,8091.18,4268.22,4268.22,2687.77,1292.71,1292.71,5116.7,68.1808,3818.11
3651,2022-12-31,00:00:00.00,192.363,6995.55,169.034,86.0734,0,0,2475.12,127.373,0,0,0,218.954,0,0,169.034,169.034,86.0734,86.0734,2650.61,2585.03,1675.07,7905.51,8124.46,4268.23,4268.23,2688.7,1293.02,1293.02,5148.63,68.1808,3822.11
3652,2023-01-01,00:00:00.00,192.363,7001.68,169.198,86.0734,0,0,2475.12,127.373,0,0,0,219.093,0,0,169.198,169.198,86.0734,86.0734,2664.46,2599.37,1675.5,7925.55,8144.64,4268.48,4268.48,2689.43,1293.34,1293.34,5167.94,68.1808,3827.7
3653,2023-01-02,00:00:00.00,192.363,7004.74,169.28,86.0734,0,0,2475.12,127.373,0,0,0,219.163,0,0,169.28,169.28,86.0734,86.0734,2664.65,2599.56,1675.55,7928.75,8147.91,4268.61,4268.61,2690.03,1293.5,1293.5,5170.53,68.1808,3832.95
3654,2023-01-03,00:00:00.00,192.363,7004.74,169.28,86.0734,0,0,2475.12,127.373,0,0,0,219.163,0,0,169.28,169.28,86.0734,86.0734,2664.83,2599.75,1675.55,7928.93,8148.1,4268.77,4268.77,2690.13,1293.67,1293.67,5170.63,68.1808,3837.64
3655,2023-01-04,00:00:00.00,192.363,7009.05,169.395,86.1378,0,0,2476.92,127.373,0,0,0,219.303,0,0,169.395,169.395,86.1378,86.1378,2666.13,2601.03,1675.63,7934.44,8153.74,4268.78,4268.78,2690.62,1293.83,1293.83,5175.64,68.1808,3842.35
3656,2023-01-05,00:00:00.00,192.363,7015.68,169.573,86.3094,0,0,2481.73,127.373,0,0,0,219.565,0,0,169.573,169.573,86.3094,86.3094,2666.73,2601.48,1675.71,7941.46,8161.02,4268.78,4268.78,2691.01,1294,1294,5182.27,68.1808,3847.24
3657,2023-01-06,00:00:00.00,192.363,7016.32,169.589,86.314,0,0,2481.86,127.373,0,0,0,219.583,0,0,169.589,169.589,86.314,86.314,2668.74,2603.56,1675.73,7944.14,8163.72,4268.8,4268.8,2691.32,1294.16,1294.16,5184.64,68.1808,3851.85
3658,2023-01-07,00:00:00.00,192.363,7016.87,169.604,86.315,0,0,2481.89,127.373,0,0,0,219.596,0,0,169.604,169.604,86.315,86.315,2671.11,2606.01,1675.75,7947.12,8166.72,4268.94,4268.94,2691.6,1294.33,1294.33,5187.34,68.1808,3856.23
3659,2023-01-08,00:00:00.00,192.472,7016.87,169.604,86.315,0,0,2481.89,127.373,0,0,0,219.596,0,0,169.604,169.604,86.315,86.315,2671.11,2606.01,1675.75,7947.12,8166.72,4269.1,4269.1,2691.6,1294.49,1294.49,5187.34,68.1808,3860.14
3660,2023-01-09,00:00:00.00,192.472,7016.87,169.604,86.315,0,0,2481.89,127.373,0,0,0,219.596,0,0,169.604,169.604,86.315,86.315,2671.11,2606.01,1675.75,7947.12,8166.72,4269.23,4269.23,2691.6,1294.63,1294.63,5187.34,68.1808,3863.61
3661,2023-01-10,00:00:00.00,192.472,7016.87,169.604,86.315,0,0,2481.89,127.373,0,0,0,219.596,0,0,169.604,169.604,86.315,86.315,2671.11,2606.01,1675.75,7947.12,8166.72,4269.39,4269.39,2691.6,1294.79,1294.79,5187.34,68.1808,3866.69
3662,2023-01-11,00:00:00.00,192.472,7016.87,169.604,86.315,0,0,2481.89,127.373,0,0,0,219.596,0,0,169.604,169.604,86.315,86.315,2671.11,2606.01,1675.75,7947.12,8166.72,4269.56,4269.56,2691.6,1294.96,1294.96,5187.34,68.1808,3869.43
3663,2023-01-12,00:00:00.00,192.472,7016.87,169.604,86.3421,0,0,2482.65,127.373,0,0,0,219.613,0,0,169.604,169.604,86.3421,86.3421,2671.11,2606.01,1675.75,7947.12,8166.73,4269.56,4269.56,2691.6,1295.12,1295.12,5187.34,68.1808,3871.86
3664,2023-01-13,00:00:00.00,192.472,7016.87,169.604,86.4437,0,0,2485.49,127.373,0,0,0,219.679,0,0,169.604,169.604,86.4437,86.4437,2671.11,2606.01,1675.75,7947.12,8166.8,4269.57,4269.57,2691.6,1295.29,1295.29,5187.34,68.1808,3874.01
3665,2023-01-14,00:00:00.00,192.472,7016.87,169.604,86.4437,0,0,2485.49,127.373,0,0,0,219.679,0,0,169.604,169.604,86.4437,86.4437,2671.11,2606.01,1675.75,7947.12,8166.8,4269.6,4269.6,2691.6,1295.45,1295.45,5187.34,68.1808,3875.91
3666,2023-01-15,00:00:00.00,192.472,7016.87,169.604,86.4437,0,0,2485.49,127.373,0,0,0,219.679,0,0,169.604,169.604,86.4437,86.4437,2671.11,2606.01,1675.75,7947.12,8166.8,4269.61,4269.61,2691.6,1295.48,1295.48,5187.34,68.1808,3877.61
3667,2023-01-16,00:00:00.00,192.472,7016.87,169.604,86.4437,0,0,2485.49,127.373,0,0,0,219.679,0,0,169.604,169.604,86.4437,86.4437,2671.11,2606.01,1675.75,7947.12,8166.8,4269.63,4269.63,2691.6,1295.58,1295.58,5187.34,68.1808,3879.12
3668,2023-01-17,00:00:00.00,192.472,7016.87,169.604,86.4979,0,0,2487.01,127.373,0,0,0,219.714,0,0,169.604,169.604,86.4979,86.4979,2671.11,2606.01,1675.75,7947.12,8166.83,4269.63,4269.63,2691.6,1295.75,1295.75,5187.34,68.1808,3880.45
3669,2023-01-18,00:00:00.00,192.472,7016.87,169.604,86.6334,0,0,2490.81,127.373,0,0,0,219.801,0,0,169.604,169.604,86.6334,86.6334,2671.11,2606.01,1675.75,7947.12,8166.92,4269.64,4269.64,2691.6,1295.91,1295.91,5187.34,68.1808,3881.62
3670,2023-01-19,00:00:00.00,192.472,7016.87,169.604,86.6334,0,0,2490.81,127.373,0,0,0,219.801,0,0,169.604,169.604,86.6334,86.6334,2674.04,2608.62,1675.78,7949.71,8169.51,4269.67,4269.67,2691.91,1296.08,1296.08,5189.62,68.1808,3882.89
3671,2023-01-20,00:00:00.00,192.793,7016.87,169.604,86.7012,0,0,2492.71,127.373,0,0,0,219.845,0,0,169.604,169.604,86.7012,86.7012,2674.04,2608.62,1675.78,7949.71,8169.55,4269.68,4269.68,2691.91,1296.24,1296.24,5189.62,68.1808,3884.01
3672,2023-01-21,00:00:00.00,192.793,7016.87,169.604,86.7012,0,0,2492.71,127.373,0,0,0,219.845,0,0,169.604,169.604,86.7012,86.7012,2674.04,2608.62,1675.78,7949.71,8169.55,4269.71,4269.71,2691.91,1296.41,1296.41,5189.62,68.1808,3884.99
3673,2023-01-22,00:00:00.00,192.793,7016.87,169.604,86.7012,0,0,2492.71,127.373,0,0,0,219.845,0,0,169.604,169.604,86.7012,86.7012,2674.04,2608.62,1675.78,7949.71,8169.55,4269.74,4269.74,2691.91,1296.57,1296.57,5189.62,68.1808,3885.85
3674,2023-01-23,00:00:00.00,192.793,7016.87,169.604,86.8028,0,0,2495.55,127.373,0,0,0,219.91,0,0,169.604,169.604,86.8028,86.8028,2674.04,2608.62,1675.78,7949.71,8169.62,4269.75,4269.75,2691.91,1296.74,1296.74,5189.62,68.1808,3886.6
3675,2023-01-24,00:00:00.00,192.793,7016.87,169.604,86.8503,0,0,2496.88,127.373,0,0,0,219.941,0,0,169.604,169.604,86.8503,86.8503,2674.04,2608.62,1675.78,7949.71,8169.65,4269.76,4269.76,2691.91,1296.9,1296.9,5189.62,68.1808,3887.25
3676,2023-01-25,00:00:00.00,192.793,7016.87,169.604,86.8503,0,0,2496.88,127.373,0,0,0,219.941,0,0,169.604,169.604,86.8503,86.8503,2674.04,2608.62,1675.78,7949.71,8169.65,4269.79,4269.79,2691.91,1297.07,1297.07,5189.62,68.1808,3887.82
3677,2023-01-26,00:00:00.00,192.793,7016.87,169.604,87.4262,0,0,2513.02,127.373,0,0,0,220.312,0,0,169.604,169.604,87.4262,87.4262,2674.04,2608.62,1675.78,7949.71,8170.02,4269.79,4269.79,2691.91,1297.23,1297.23,5189.62,68.1808,3888.3
3678,2023-01-27,00:00:00.00,192.793,7016.87,169.604,87.494,0,0,2514.91,127.373,0,0,0,220.356,0,0,169.604,169.604,87.494,87.494,2674.04,2608.62,1675.78,7949.71,8170.06,4269.8,4269.8,2691.91,1297.4,1297.4,5189.62,68.1808,3888.72
3679,2023-01-28,00:00:00.00,192.793,7016.87,169.604,87.5956,0,0,2517.76,127.373,0,0,0,220.421,0,0,169.604,169.604,87.5956,87.5956,2674.04,2608.62,1675.78,7949.71,8170.13,4269.8,4269.8,2691.91,1297.56,1297.56,5189.62,68.1808,3889.08
3680,2023-01-29,00:00:00.00,192.793,7016.87,169.604,87.8667,0,0,2525.35,127.373,0,0,0,220.596,0,0,169.604,169.604,87.8667,87.8667,2674.04,2608.62,1675.78,7949.71,8170.3,4269.81,4269.81,2691.91,1297.73,1297.73,5189.62,68.1808,3889.38
3681,2023-01-30,00:00:00.00,192.793,7016.87,169.604,88.1038,0,0,2532,127.373,0,0,0,220.749,0,0,169.604,169.604,88.1038,88.1038,2674.04,2608.62,1675.78,7949.71,8170.46,4269.82,4269.82,2691.91,1297.89,1297.89,5189.62,68.1808,3889.63
3682,2023-01-31,00:00:00.00,192.793,7016.87,169.604,88.1377,0,0,2532.95,127.373,0,0,0,220.771,0,0,169.604,169.604,88.1377,88.1377,2674.04,2608.62,1675.78,7949.71,8170.48,4269.82,4269.82,2691.91,1297.9,1297.9,5189.62,68.1808,3889.85
3683,2023-02-01,00:00:00.00,192.793,7016.87,169.604,88.1377,0,0,2532.95,127.373,0,0,0,220.771,0,0,169.604,169.604,88.1377,88.1377,2674.04,2608.62,1675.78,7949.71,8170.48,4269.82,4269.82,2691.91,1297.9,1297.9,5189.62,68.1808,3890.05
3684,2023-02-02,00:00:00.00,192.793,7016.87,169.604,88.1377,0,0,2532.95,127.373,0,0,0,220.771,0,0,169.604,169.604,88.1377,88.1377,2674.04,2608.62,1675.78,7949.71,8170.48,4269.82,4269.82,2691.91,1297.9,1297.9,5189.62,68.1808,3890.23
3685,2023-02-03,00:00:00.00,192.793,7016.87,169.604,88.2055,0,0,2534.84,127.373,0,0,0,220.814,0,0,169.604,169.604,88.2055,88.2055,2674.04,2608.62,1675.78,7949.71,8170.52,4269.82,4269.82,2691.91,1298.03,1298.03,5189.62,68.1808,3890.37
3686,2023-02-04,00:00:00.00,192.793,7016.87,169.604,88.2055,0,0,2534.84,127.373,0,0,0,220.814,0,0,169.604,169.604,88.2055,88.2055,2674.04,2608.62,1675.78,7949.71,8170.52,4269.82,4269.82,2691.91,1298.03,1298.03,5189.62,68.1808,3890.5
3687,2023-02-05,00:00:00.00,192.793,7016.87,169.604,88.2055,0,0,2534.84,127.373,0,0,0,220.814,0,0,169.604,169.604,88.2055,88.2055,2674.04,2608.62,1675.78,7949.71,8170.52,4269.82,4269.82,2691.91,1298.03,1298.03,5189.62,68.1808,3890.62
3688,2023-02-06,00:00:00.00,192.793,7016.87,169.604,88.2055,0,0,2534.84,127.373,0,0,0,220.814,0,0,169.604,169.604,88.2055,88.2055,2674.04,2608.62,1675.78,7949.71,8170.52,4269.83,4269.83,2691.91,1298.08,1298.08,5189.62,68.1808,3890.72
3689,2023-02-07,00:00:00.00,192.793,7016.87,169.604,88.2055,0,0,2534.84,127.373,0,0,0,220.814,0,0,169.604,169.604,88.2055,88.2055,2674.04,2608.62,1675.78,7949.71,8170.52,4269.88,4269.88,2691.91,1298.31,1298.31,5189.62,68.1808,3890.78
3690,2023-02-08,00:00:00.00,192.793,7016.87,169.604,88.28,0,0,2536.93,127.373,0,0,0,220.863,0,0,169.604,169.604,88.28,88.28,2674.04,2608.62,1675.78,7949.71,8170.57,4269.89,4269.89,2691.91,1298.52,1298.52,5189.62,68.1808,3890.81
3691,2023-02-09,00:00:00.00,192.793,7016.87,169.637,88.3115,0,0,2537.81,128.59,0,0,0,220.911,0,0,169.637,169.637,88.3115,88.3115,2674.84,2608.85,1675.78,7949.93,8170.84,4269.9,4269.9,2692.12,1298.74,1298.74,5189.62,68.1808,3890.82
3692,2023-02-10,00:00:00.00,192.793,7053.02,170.143,88.4417,0,0,2541.47,128.74,0,0,0,221.813,0,0,170.143,170.143,88.4417,88.4417,2678.43,2612.43,1676.11,7989.34,8211.16,4269.91,4269.91,2692.37,1298.8,1298.8,5228.8,68.1808,3895
3693,2023-02-11,00:00:00.00,192.86,7053.02,170.143,88.4417,0,0,2541.47,128.74,0,0,0,221.813,0,0,170.143,170.143,88.4417,88.4417,2678.43,2612.43,1676.11,7989.34,8211.16,4269.96,4269.96,2692.37,1299.06,1299.06,5228.8,68.1808,3898.7
3694,2023-02-12,00:00:00.00,194.733,7053.02,170.143,88.4417,0,0,2541.47,128.74,0,0,0,221.813,0,0,170.143,170.143,88.4417,88.4417,2678.43,2612.43,1676.11,7989.34,8211.16,4270.01,4270.01,2692.37,1299.31,1299.31,5228.8,68.1808,3901.98
3695,2023-02-13,00:00:00.00,194.733,7053.02,170.143,88.4417,0,0,2541.47,128.74,0,0,0,221.813,0,0,170.143,170.143,88.4417,88.4417,2678.43,2612.43,1676.11,7989.34,8211.16,4270.05,4270.05,2692.37,1299.57,1299.57,5228.8,68.1808,3904.88
3696,2023-02-14,00:00:00.00,194.733,7053.02,170.143,88.4417,0,0,2541.47,128.74,0,0,0,221.813,0,0,170.143,170.143,88.4417,88.4417,2678.43,2612.43,1676.11,7989.34,8211.16,4270.1,4270.1,2692.37,1299.82,1299.82,5228.8,68.1808,3907.45
3697,2023-02-15,00:00:00.00,194.733,7053.02,170.155,88.4417,0,0,2541.47,129.218,0,0,0,221.824,0,0,170.155,170.155,88.4417,88.4417,2683.18,2615.87,1676.12,7992.77,8214.59,4270.14,4270.14,2692.51,1300.07,1300.07,5232.07,68.1808,3910.07
3698,2023-02-16,00:00:00.00,194.733,7054.89,170.207,88.4417,0,0,2541.47,129.262,0,0,0,221.867,0,0,170.207,170.207,88.4417,88.4417,2693.92,2626.98,1676.18,8005.69,8227.55,4270.15,4270.15,2692.72,1300.33,1300.33,5244.79,68.1808,3913.73
3699,2023-02-17,00:00:00.00,196.161,7054.89,170.207,88.4756,0,0,2542.42,129.262,0,0,0,221.889,0,0,170.207,170.207,88.4756,88.4756,2693.92,2626.98,1676.18,8005.69,8227.58,4270.17,4270.17,2692.72,1300.58,1300.58,5244.79,68.1808,3916.98
3700,2023-02-18,00:00:00.00,196.201,7054.89,170.207,88.5095,0,0,2543.37,129.262,0,0,0,221.911,0,0,170.207,170.207,88.5095,88.5095,2693.92,2626.98,1676.18,8005.69,8227.6,4270.18,4270.18,2692.72,1300.7,1300.7,5244.79,68.1808,3919.87
3701,2023-02-19,00:00:00.00,196.201,7054.89,170.207,88.5095,0,0,2543.37,129.262,0,0,0,221.911,0,0,170.207,170.207,88.5095,88.5095,2693.92,2626.98,1676.18,8005.69,8227.6,4270.22,4270.22,2692.72,1300.91,1300.91,5244.79,68.1808,3922.43
3702,2023-02-20,00:00:00.00,196.201,7054.89,170.207,88.5095,0,0,2543.37,129.262,0,0,0,221.911,0,0,170.207,170.207,88.5095,88.5095,2693.92,2626.98,1676.18,8005.69,8227.6,4270.27,4270.27,2692.72,1301.16,1301.16,5244.79,68.1808,3924.69
3703,2023-02-21,00:00:00.00,196.201,7054.89,170.207,88.5095,0,0,2543.37,129.262,0,0,0,221.911,0,0,170.207,170.207,88.5095,88.5095,2694.82,2626.98,1676.18,8005.69,8227.6,4270.32,4270.32,2692.72,1301.41,1301.41,5244.79,68.1808,3926.68
3704,2023-02-22,00:00:00.00,197.1,7054.89,170.207,88.5298,0,0,2543.93,129.262,0,0,0,221.924,0,0,170.207,170.207,88.5298,88.5298,2694.82,2626.98,1676.18,8005.69,8227.61,4270.35,4270.35,2692.72,1301.67,1301.67,5244.79,68.1808,3928.43
3705,2023-02-23,00:00:00.00,197.1,7054.89,170.207,88.9025,0,0,2554.37,129.262,0,0,0,222.164,0,0,170.207,170.207,88.9025,88.9025,2694.82,2626.98,1676.18,8005.69,8227.85,4270.36,4270.36,2692.72,1301.92,1301.92,5244.79,68.1808,3929.97
3706,2023-02-24,00:00:00.00,197.1,7054.89,170.207,88.9025,0,0,2554.37,129.262,0,0,0,222.164,0,0,170.207,170.207,88.9025,88.9025,2694.82,2626.98,1676.18,8005.69,8227.85,4270.4,4270.4,2692.72,1302.15,1302.15,5244.79,68.1808,3931.32
3707,2023-02-25,00:00:00.00,197.1,7054.89,170.207,88.9703,0,0,2556.27,129.262,0,0,0,222.208,0,0,170.207,170.207,88.9703,88.9703,2694.82,2626.98,1676.18,8005.69,8227.89,4270.4,4270.4,2692.72,1302.15,1302.15,5244.79,68.1808,3932.52
3708,2023-02-26,00:00:00.00,197.1,7054.89,170.207,89.0042,0,0,2557.22,129.262,0,0,0,222.23,0,0,170.207,170.207,89.0042,89.0042,2694.82,2626.98,1676.18,8005.69,8227.92,4270.4,4270.4,2692.72,1302.22,1302.22,5244.79,68.1808,3933.59
3709,2023-02-27,00:00:00.00,197.1,7054.89,170.207,89.0042,0,0,2557.22,129.262,0,0,0,222.23,0,0,170.207,170.207,89.0042,89.0042,2694.82,2626.98,1676.18,8005.69,8227.92,4270.45,4270.45,2692.72,1302.47,1302.47,5244.79,68.1808,3934.52
3710,2023-02-28,00:00:00.00,197.1,7054.89,170.207,89.2413,0,0,2563.86,129.262,0,0,0,222.383,0,0,170.207,170.207,89.2413,89.2413,2694.82,2626.98,1676.18,8005.69,8228.07,4270.46,4270.46,2692.72,1302.72,1302.72,5244.79,68.1808,3935.33
3711,2023-03-01,00:00:00.00,197.1,7054.89,170.207,89.2413,0,0,2563.86,129.262,0,0,0,222.383,0,0,170.207,170.207,89.2413,89.2413,2694.82,2626.98,1676.18,8005.69,8228.07,4270.5,4270.5,2692.72,1302.95,1302.95,5244.79,68.1808,3936.02
3712,2023-03-02,00:00:00.00,197.1,7054.89,170.207,89.2413,0,0,2563.86,129.262,0,0,0,222.383,0,0,170.207,170.207,89.2413,89.2413,2694.82,2626.98,1676.18,8005.69,8228.07,4270.57,4270.57,2692.72,1303.28,1303.28,5244.79,68.1808,3936.61
3713,2023-03-03,00:00:00.00,197.1,7054.89,170.207,89.2413,0,0,2563.86,129.262,0,0,0,222.383,0,0,170.207,170.207,89.2413,89.2413,2694.82,2626.98,1676.18,8005.69,8228.07,4270.72,4270.72,2692.72,1304.06,1304.06,5244.79,68.1808,3937.05
3714,2023-03-04,00:00:00.00,197.1,7054.89,170.207,89.9157,0,0,2584.81,129.262,0,0,0,222.863,0,0,170.207,170.207,89.9157,89.9157,2694.82,2626.98,1676.18,8005.69,8228.55,4270.72,4270.72,2692.72,1304.06,1304.06,5244.79,68.1808,3937.44
3715,2023-03-05,00:00:00.00,197.1,7054.89,170.207,90.0173,0,0,2587.66,129.262,0,0,0,222.929,0,0,170.207,170.207,90.0173,90.0173,2694.82,2626.98,1676.18,8005.69,8228.62,4270.78,4270.78,2692.72,1304.83,1304.83,5244.79,68.1808,3937.71
3716,2023-03-06,00:00:00.00,197.1,7054.89,170.207,90.0173,0,0,2587.66,129.262,0,0,0,222.929,0,0,170.207,170.207,90.0173,90.0173,2697.04,2626.98,1676.18,8005.69,8228.62,4270.95,4270.95,2692.72,1305.64,1305.64,5244.79,68.1808,3937.86
3717,2023-03-07,00:00:00.00,199.318,7054.89,170.207,90.0173,0,0,2587.66,129.262,0,0,0,222.929,0,0,170.207,170.207,90.0173,90.0173,2697.04,2626.98,1676.18,8005.69,8228.62,4271.01,4271.01,2692.72,1305.92,1305.92,5244.79,68.1808,3937.97
3718,2023-03-08,00:00:00.00,199.318,7054.89,170.207,90.0173,0,0,2587.66,129.262,0,0,0,222.929,0,0,170.207,170.207,90.0173,90.0173,2697.04,2626.98,1676.18,8005.69,8228.62,4271.07,4271.07,2692.72,1306.16,1306.16,5244.79,68.1808,3938.04
3719,2023-03-09,00:00:00.00,199.318,7054.89,170.207,90.0173,0,0,2587.66,129.262,0,0,0,222.929,0,0,170.207,170.207,90.0173,90.0173,2697.04,2626.98,1676.18,8005.69,8228.62,4271.11,4271.11,2692.72,1306.35,1306.35,5244.79,68.1808,3938.08
3720,2023-03-10,00:00:00.00,199.318,7054.89,170.207,90.0173,0,0,2587.66,129.262,0,0,0,222.929,0,0,170.207,170.207,90.0173,90.0173,2697.04,2626.98,1676.18,8005.69,8228.62,4271.21,4271.21,2692.72,1306.71,1306.71,5244.79,68.1808,3938.08
3721,2023-03-11,00:00:00.00,199.318,7054.89,170.207,90.2884,0,0,2595.25,129.262,0,0,0,223.103,0,0,170.207,170.207,90.2884,90.2884,2697.04,2626.98,1676.18,8005.69,8228.79,4271.21,4271.21,2692.72,1306.71,1306.71,5244.79,68.1808,3938.08
3722,2023-03-12,00:00:00.00,199.318,7054.89,170.207,90.2884,0,0,2595.25,129.262,0,0,0,223.103,0,0,170.207,170.207,90.2884,90.2884,2697.04,2626.98,1676.18,8005.69,8228.79,4271.21,4271.21,2692.72,1306.71,1306.71,5244.79,68.1808,3938.08
3723,2023-03-13,00:00:00.00,199.318,7054.89,170.207,90.39,0,0,2598.1,129.262,0,0,0,223.169,0,0,170.207,170.207,90.39,90.39,2697.04,2626.98,1676.18,8005.69,8228.86,4271.21,4271.21,2692.72,1306.71,1306.71,5244.79,68.1808,3938.08
3724,2023-03-14,00:00:00.00,199.318,7054.89,170.207,90.4578,0,0,2600,129.262,0,0,0,223.213,0,0,170.207,170.207,90.4578,90.4578,2697.04,2626.98,1676.18,8005.69,8228.9,4271.22,4271.22,2692.72,1306.71,1306.71,5244.79,68.1808,3938.08
3725,2023-03-15,00:00:00.00,199.318,7054.89,170.207,90.4578,0,0,2600,129.262,0,0,0,223.213,0,0,170.207,170.207,90.4578,90.4578,2697.04,2626.98,1676.18,8005.69,8228.9,4271.22,4271.22,2692.72,1306.71,1306.71,5244.79,68.1808,3938.08
3726,2023-03-16,00:00:00.00,199.318,7054.89,170.207,90.4578,0,0,2600,129.262,0,0,0,223.213,0,0,170.207,170.207,90.4578,90.4578,2697.04,2626.98,1676.18,8005.69,8228.9,4271.22,4271.22,2692.72,1306.71,1306.71,5244.79,68.1808,3938.08
3727,2023-03-17,00:00:00.00,199.318,7054.89,170.207,90.7288,0,0,2607.59,129.262,0,0,0,223.387,0,0,170.207,170.207,90.7288,90.7288,2697.04,2626.98,1676.18,8005.69,8229.07,4271.24,4271.24,2692.72,1306.71,1306.71,5244.79,68.1808,3938.08
3728,2023-03-18,00:00:00.00,199.318,7057.2,170.371,90.7627,0,0,2608.54,133.079,0,0,0,223.549,0,0,170.371,170.371,90.7627,90.7627,2703.55,2633.69,1676.25,8014.64,8238.19,4271.28,4271.28,2693.08,1306.71,1306.71,5253.38,68.1808,3939
3729,2023-03-19,00:00:00.00,202.941,7057.2,170.371,90.8982,0,0,2612.34,133.079,0,0,0,223.636,0,0,170.371,170.371,90.8982,90.8982,2703.55,2633.69,1676.25,8014.64,8238.27,4271.28,4271.28,2693.08,1306.82,1306.82,5253.38,68.1808,3939.8
3730,2023-03-20,00:00:00.00,202.941,7057.2,170.371,90.8982,0,0,2612.34,133.079,0,0,0,223.636,0,0,170.371,170.371,90.8982,90.8982,2703.55,2633.69,1676.25,8014.64,8238.27,4271.28,4271.28,2693.08,1306.82,1306.82,5253.38,68.1808,3940.52
3731,2023-03-21,00:00:00.00,202.941,7057.2,170.371,90.8982,0,0,2612.34,133.079,0,0,0,223.636,0,0,170.371,170.371,90.8982,90.8982,2703.55,2633.69,1676.25,8014.64,8238.27,4271.37,4271.37,2693.08,1307.27,1307.27,5253.38,68.1808,3941.12
3732,2023-03-22,00:00:00.00,202.941,7057.2,170.371,90.8982,0,0,2612.34,133.079,0,0,0,223.636,0,0,170.371,170.371,90.8982,90.8982,2708.91,2635.73,1676.26,8016.68,8240.31,4271.54,4271.54,2693.21,1308.13,1308.13,5255.29,68.1808,3941.76
3733,2023-03-23,00:00:00.00,202.941,7058.86,170.422,90.8982,0,0,2612.34,133.331,0,0,0,223.68,0,0,170.422,170.422,90.8982,90.8982,2722.74,2649.92,1676.33,8032.44,8256.12,4271.66,4271.66,2693.53,1308.87,1308.87,5270.73,68.1808,3943.9
3734,2023-03-24,00:00:00.00,202.941,7061.35,170.488,90.8982,0,0,2612.34,133.331,0,0,0,223.737,0,0,170.488,170.488,90.8982,90.8982,2736.69,2664.35,1676.42,8049.28,8273.02,4271.77,4271.77,2693.8,1309.75,1309.75,5287.3,68.1808,3947.49
3735,2023-03-25,00:00:00.00,202.941,7061.89,170.503,90.9063,0,0,2612.56,133.331,0,0,0,223.754,0,0,170.503,170.503,90.9063,90.9063,2739.35,2667.09,1676.43,8052.55,8276.31,4271.92,4271.92,2694.05,1310.63,1310.63,5290.32,68.1808,3950.92
3736,2023-03-26,00:00:00.00,202.941,7076.06,170.882,90.9402,0,0,2613.51,133.331,0,0,0,224.099,0,0,170.882,170.882,90.9402,90.9402,2752.11,2680.26,1676.54,8079.77,8303.87,4271.96,4271.96,2694.23,1311.51,1311.51,5317.36,68.1808,3956.77
3737,2023-03-27,00:00:00.00,202.941,7076.06,170.882,91.0418,0,0,2616.36,133.331,0,0,0,224.165,0,0,170.882,170.882,91.0418,91.0418,2769.33,2697.99,1676.59,8097.46,8321.62,4272.04,4272.04,2694.39,1312.39,1312.39,5334.89,68.1808,3963.77
3738,2023-03-28,00:00:00.00,202.941,7076.06,170.882,91.1096,0,0,2618.26,133.331,0,0,0,224.209,0,0,170.882,170.882,91.1096,91.1096,2772.06,2700.74,1676.59,8100.21,8324.42,4272.15,4272.15,2694.54,1313.27,1313.27,5337.49,68.1808,3970.21
3739,2023-03-29,00:00:00.00,202.941,7076.06,170.882,91.1096,0,0,2618.26,133.331,0,0,0,224.209,0,0,170.882,170.882,91.1096,91.1096,2783.68,2712.76,1676.62,8112.2,8336.41,4272.32,4272.32,2694.68,1314.15,1314.15,5349.34,68.1808,3977.14
3740,2023-03-30,00:00:00.00,203.009,7076.06,170.882,91.3467,0,0,2624.9,133.331,0,0,0,224.362,0,0,170.882,170.882,91.3467,91.3467,2783.68,2712.76,1676.62,8112.2,8336.56,4272.35,4272.35,2694.68,1314.97,1314.97,5349.34,68.1808,3983.24
3741,2023-03-31,00:00:00.00,204.245,7076.06,170.882,91.489,0,0,2628.88,133.331,0,0,0,224.453,0,0,170.882,170.882,91.489,91.489,2783.68,2712.76,1676.62,8112.2,8336.66,4272.35,4272.35,2694.68,1314.97,1314.97,5349.34,68.1808,3988.68
3742,2023-04-01,00:00:00.00,204.245,7080.46,171.046,92.1634,0,0,2654.85,135.049,0,0,0,225.185,0,0,171.046,171.046,92.1634,92.1634,2783.68,2712.76,1676.63,8116.59,8341.78,4272.38,4272.38,2694.81,1315.69,1315.69,5353.6,68.1808,3993.93
3743,2023-04-02,00:00:00.00,204.245,7080.46,171.051,92.1634,0,0,2654.85,135.241,0,0,0,225.189,0,0,171.051,171.051,92.1634,92.1634,2809.43,2738.7,1676.67,8142.49,8367.68,4272.53,4272.53,2694.94,1316.48,1316.48,5379.37,68.1808,4001.28
3744,2023-04-03,00:00:00.00,205.662,7080.46,171.051,92.1634,0,0,2654.85,135.241,0,0,0,225.189,0,0,171.051,171.051,92.1634,92.1634,2809.43,2738.7,1676.67,8142.49,8367.68,4272.53,4272.53,2694.94,1316.48,1316.48,5379.37,68.1808,4007.84
3745,2023-04-04,00:00:00.00,205.662,7080.46,171.066,92.1634,0,0,2654.85,135.815,0,0,0,225.202,0,0,171.066,171.066,92.1634,92.1634,2818.53,2747.23,1676.68,8151,8376.2,4272.53,4272.53,2695.04,1316.48,1316.48,5387.78,68.1808,4014.6
3746,2023-04-05,00:00:00.00,205.662,7084.67,171.179,92.1634,0,0,2654.85,135.815,0,0,0,225.299,0,0,171.179,171.179,92.1634,92.1634,2843.03,2772.57,1676.73,8180.51,8405.8,4274.69,4274.69,2695.51,1318.76,1318.76,5416.82,68.1808,4023.49
3747,2023-04-06,00:00:00.00,205.662,7093.28,171.41,92.1634,0,0,2654.85,135.815,0,0,0,225.495,0,0,171.41,171.41,92.1634,92.1634,2845.78,2775.42,1676.87,8191.83,8417.33,4277.11,4277.11,2696.32,1321.42,1321.42,5427.33,68.1811,4032.28
3748,2023-04-07,00:00:00.00,205.662,7093.28,171.41,92.1634,0,0,2654.85,135.815,0,0,0,225.495,0,0,171.41,171.41,92.1634,92.1634,2848.37,2778.1,1676.91,8194.47,8419.97,4279.77,4279.77,2696.47,1324.07,1324.07,5429.82,68.1811,4040.1
3749,2023-04-08,00:00:00.00,205.662,7093.28,171.41,92.1634,0,0,2654.85,135.815,0,0,0,225.495,0,0,171.41,171.41,92.1634,92.1634,2848.53,2778.27,1676.91,8194.64,8420.13,4279.77,4279.77,2696.6,1324.07,1324.07,5429.86,68.1811,4047.1
3750,2023-04-09,00:00:00.00,205.662,7093.28,171.41,92.1634,0,0,2654.85,135.815,0,0,0,225.495,0,0,171.41,171.41,92.1634,92.1634,2848.61,2778.35,1676.92,8194.72,8420.21,4279.77,4279.77,2696.68,1324.07,1324.07,5429.86,68.1811,4053.36
3751,2023-04-10,00:00:00.00,205.662,7093.28,171.41,92.1634,0,0,2654.85,135.815,0,0,0,225.495,0,0,171.41,171.41,92.1634,92.1634,2849.66,2779.44,1676.93,8195.79,8421.28,4279.77,4279.77,2696.76,1324.07,1324.07,5430.85,68.1811,4059.05
3752,2023-04-11,00:00:00.00,205.662,7093.28,171.41,92.1634,0,0,2654.85,135.815,0,0,0,225.495,0,0,171.41,171.41,92.1634,92.1634,2852.15,2782.02,1676.97,8198.33,8423.83,4282.38,4282.38,2696.89,1326.68,1326.68,5433.26,68.1811,4064.11
3753,2023-04-12,00:00:00.00,205.662,7093.28,171.41,92.1634,0,0,2654.85,135.815,0,0,0,225.495,0,0,171.41,171.41,92.1634,92.1634,2855.92,2785.92,1677.05,8202.16,8427.65,4285.03,4285.03,2697.06,1329.33,1329.33,5436.91,68.1811,4068.74
3754,2023-04-13,00:00:00.00,205.662,7093.28,171.41,92.1634,0,0,2654.85,135.815,0,0,0,225.495,0,0,171.41,171.41,92.1634,92.1634,2860.52,2790.67,1677.17,8206.79,8432.28,4287.69,4287.69,2697.25,1331.99,1331.99,5441.35,68.1811,4073.07
3755,2023-04-14,00:00:00.00,205.662,7093.28,171.41,92.1634,0,0,2654.85,135.815,0,0,0,225.495,0,0,171.41,171.41,92.1634,92.1634,2860.52,2790.67,1677.17,8206.79,8432.28,4290.34,4290.34,2697.25,1334.64,1334.64,5441.35,68.1811,4076.66
3756,2023-04-15,00:00:00.00,205.662,7093.28,171.41,92.1634,0,0,2654.85,135.815,0,0,0,225.495,0,0,171.41,171.41,92.1634,92.1634,2860.52,2790.67,1677.17,8206.79,8432.28,4292.99,4292.99,2697.25,1337.29,1337.29,5441.35,68.1811,4079.58
3757,2023-04-16,00:00:00.00,205.662,7093.28,171.41,92.1634,0,0,2654.85,135.815,0,0,0,225.495,0,0,171.41,171.41,92.1634,92.1634,2860.52,2790.67,1677.17,8206.79,8432.28,4295.64,4295.64,2697.25,1339.94,1339.94,5441.35,68.1811,4081.9
3758,2023-04-17,00:00:00.00,205.662,7104.77,171.717,92.1634,0,0,2654.85,135.815,0,0,0,225.757,0,0,171.717,171.717,92.1634,92.1634,2860.52,2790.67,1678.48,8216.97,8442.72,4297.99,4297.99,2701.32,1342.6,1342.6,5447.46,68.1811,4084.35
3759,2023-04-18,00:00:00.00,205.662,7107.26,171.784,92.1634,0,0,2654.85,135.815,0,0,0,225.814,0,0,171.784,171.784,92.1634,92.1634,2860.52,2790.67,1678.72,8219.22,8445.03,4298.71,4298.71,2703.57,1343.39,1343.39,5447.46,68.1811,4086.45
3760,2023-04-19,00:00:00.00,205.662,7108.17,171.808,92.165,0,0,2654.9,135.815,0,0,0,225.836,0,0,171.808,171.808,92.165,92.165,2860.56,2790.71,1678.8,8220.09,8445.93,4298.71,4298.71,2704.45,1343.39,1343.39,5447.46,68.1811,4088.33
3761,2023-04-20,00:00:00.00,205.662,7108.75,171.823,92.165,0,0,2654.9,135.815,0,0,0,225.849,0,0,171.823,171.823,92.165,92.165,2860.56,2790.71,1678.84,8220.62,8446.47,4298.71,4298.71,2704.97,1343.39,1343.39,5447.46,68.1811,4090.01
3762,2023-04-21,00:00:00.00,205.662,7108.75,171.823,92.165,0,0,2654.9,135.815,0,0,0,225.849,0,0,171.823,171.823,92.165,92.165,2860.56,2790.71,1678.84,8220.62,8446.47,4300,4300,2704.97,1344.67,1344.67,5447.46,68.1811,4091.37
3763,2023-04-22,00:00:00.00,205.662,7122.15,172.182,92.165,0,0,2654.9,135.815,0,0,0,226.155,0,0,172.182,172.182,92.165,92.165,2860.56,2790.71,1679.98,8232.88,8459.03,4302.29,4302.29,2708.13,1347.32,1347.32,5456.57,68.1811,4093.27
3764,2023-04-23,00:00:00.00,205.662,7138.42,172.618,92.165,0,0,2654.9,135.815,0,0,0,226.526,0,0,172.618,172.618,92.165,92.165,2860.56,2790.71,1681.19,8247.95,8474.48,4304.51,4304.51,2710.88,1349.98,1349.98,5468.88,68.1811,4096.01
3765,2023-04-24,00:00:00.00,205.662,7138.62,172.623,92.165,0,0,2654.9,135.815,0,0,0,226.53,0,0,172.623,172.623,92.165,92.165,2860.56,2790.71,1681.2,8248.13,8474.66,4305.29,4305.29,2711.06,1350.77,1350.77,5468.88,68.1811,4098.36
3766,2023-04-25,00:00:00.00,205.662,7138.62,172.623,92.165,0,0,2654.9,135.815,0,0,0,226.53,0,0,172.623,172.623,92.165,92.165,2860.56,2790.71,1681.2,8248.13,8474.66,4305.91,4305.91,2711.06,1351.39,1351.39,5468.88,68.1811,4100.4
3767,2023-04-26,00:00:00.00,205.662,7138.62,172.623,92.165,0,0,2654.9,135.815,0,0,0,226.53,0,0,172.623,172.623,92.165,92.165,2860.56,2790.71,1681.2,8248.13,8474.66,4306.37,4306.37,2711.06,1351.84,1351.84,5468.88,68.1811,4102.17
3768,2023-04-27,00:00:00.00,205.662,7138.62,172.623,92.165,0,0,2654.9,135.815,0,0,0,226.53,0,0,172.623,172.623,92.165,92.165,2860.56,2790.71,1681.2,8248.13,8474.66,4306.37,4306.37,2711.06,1351.84,1351.84,5468.88,68.1811,4103.76
3769,2023-04-28,00:00:00.00,205.662,7138.62,172.623,92.165,0,0,2654.9,135.815,0,0,0,226.53,0,0,172.623,172.623,92.165,92.165,2860.56,2790.71,1681.2,8248.13,8474.66,4308.15,4308.15,2711.06,1353.63,1353.63,5468.88,68.1811,4104.98
3770,2023-04-29,00:00:00.00,205.662,7145.32,172.802,92.165,0,0,2654.9,135.815,0,0,0,226.683,0,0,172.802,172.802,92.165,92.165,2860.56,2790.71,1681.76,8254.27,8480.95,4310.09,4310.09,2714.21,1355.74,1355.74,5471.89,68.1811,4106.17
3771,2023-04-30,00:00:00.00,205.662,7148.57,172.889,92.165,0,0,2654.9,135.815,0,0,0,226.758,0,0,172.889,172.889,92.165,92.165,2860.56,2790.71,1682,8257.29,8484.04,4312.65,4312.65,2717.1,1358.39,1358.39,5472.01,68.1811,4106.97
3772,2023-05-01,00:00:00.00,205.662,7155.46,173.074,92.165,0,0,2654.9,135.815,0,0,0,226.915,0,0,173.074,173.074,92.165,92.165,2860.56,2790.71,1682.48,8263.69,8490.61,4315.12,4315.12,2719.92,1361.05,1361.05,5475.6,68.1811,4107.77
3773,2023-05-02,00:00:00.00,205.662,7157.95,173.14,92.165,0,0,2654.9,135.815,0,0,0,226.972,0,0,173.14,173.14,92.165,92.165,2860.56,2790.71,1682.65,8266.02,8492.99,4315.12,4315.12,2722.15,1361.05,1361.05,5475.69,68.1811,4108.51
3774,2023-05-03,00:00:00.00,205.662,7159.87,173.191,92.165,0,0,2654.9,135.815,0,0,0,227.015,0,0,173.191,173.191,92.165,92.165,2860.56,2790.71,1682.75,8267.83,8494.85,4315.12,4315.12,2723.89,1361.05,1361.05,5475.76,68.1811,4109.17
3775,2023-05-04,00:00:00.00,205.662,7161.78,173.243,92.165,0,0,2654.9,135.815,0,0,0,227.059,0,0,173.243,173.243,92.165,92.165,2860.56,2790.71,1682.83,8269.67,8496.73,4315.12,4315.12,2725.38,1361.05,1361.05,5476.1,68.1811,4109.79
3776,2023-05-05,00:00:00.00,205.662,7166.57,173.371,92.165,0,0,2654.9,135.815,0,0,0,227.168,0,0,173.371,173.371,92.165,92.165,2860.56,2790.71,1682.99,8274.29,8501.46,4315.12,4315.12,2726.57,1361.05,1361.05,5479.54,68.1811,4110.72
3777,2023-05-06,00:00:00.00,205.662,7166.57,173.371,92.165,0,0,2654.9,135.815,0,0,0,227.168,0,0,173.371,173.371,92.165,92.165,2860.56,2790.71,1682.99,8274.29,8501.46,4315.12,4315.12,2726.57,1361.05,1361.05,5479.54,68.1811,4111.55
3778,2023-05-07,00:00:00.00,205.662,7166.57,173.371,92.165,0,0,2654.9,135.815,0,0,0,227.168,0,0,173.371,173.371,92.165,92.165,2860.56,2790.71,1682.99,8274.29,8501.46,4315.12,4315.12,2726.57,1361.05,1361.05,5479.54,68.1811,4112.29
3779,2023-05-08,00:00:00.00,205.662,7178.06,173.678,92.165,0,0,2654.9,135.815,0,0,0,227.43,0,0,173.678,173.678,92.165,92.165,2860.56,2790.71,1683.3,8285.47,8512.9,4315.12,4315.12,2727.48,1361.05,1361.05,5489.81,68.1811,4114.04
3780,2023-05-09,00:00:00.00,205.662,7178.06,173.678,92.165,0,0,2654.9,135.815,0,0,0,227.43,0,0,173.678,173.678,92.165,92.165,2860.56,2790.71,1683.3,8285.47,8512.9,4315.85,4315.85,2727.48,1361.77,1361.77,5489.81,68.1811,4115.54
3781,2023-05-10,00:00:00.00,205.662,7178.06,173.678,92.165,0,0,2654.9,135.815,0,0,0,227.43,0,0,173.678,173.678,92.165,92.165,2860.56,2790.71,1683.3,8285.47,8512.9,4315.85,4315.85,2727.48,1361.77,1361.77,5489.81,68.1811,4116.87
3782,2023-05-11,00:00:00.00,205.662,7178.06,173.678,92.165,0,0,2654.9,135.815,0,0,0,227.43,0,0,173.678,173.678,92.165,92.165,2860.56,2790.71,1683.3,8285.47,8512.9,4317.27,4317.27,2727.48,1363.19,1363.19,5489.81,68.1811,4117.91
3783,2023-05-12,00:00:00.00,205.662,7178.06,173.678,92.165,0,0,2654.9,135.815,0,0,0,227.43,0,0,173.678,173.678,92.165,92.165,2860.56,2790.71,1683.3,8285.47,8512.9,4322.85,4322.85,2727.48,1368.77,1368.77,5489.81,68.1811,4118.24
3784,2023-05-13,00:00:00.00,205.662,7178.06,173.678,92.165,0,0,2654.9,135.815,0,0,0,227.43,0,0,173.678,173.678,92.165,92.165,2860.56,2790.71,1683.3,8285.47,8512.9,4328.43,4328.43,2727.48,1371.57,1371.57,5489.81,68.1811,4118.24
3785,2023-05-14,00:00:00.00,205.662,7178.06,173.678,92.165,0,0,2654.9,135.815,0,0,0,227.43,0,0,173.678,173.678,92.165,92.165,2860.56,2790.71,1683.3,8285.47,8512.9,4334.01,4334.01,2727.48,1371.57,1371.57,5489.81,68.1811,4118.24
3786,2023-05-15,00:00:00.00,205.662,7178.06,173.678,92.165,0,0,2654.9,135.815,0,0,0,227.43,0,0,173.678,173.678,92.165,92.165,2860.56,2790.71,1683.3,8285.47,8512.9,4337.53,4337.53,2727.48,1371.57,1371.57,5489.81,68.1811,4118.24
3787,2023-05-16,00:00:00.00,205.662,7178.06,173.678,92.165,0,0,2654.9,135.815,0,0,0,227.43,0,0,173.678,173.678,92.165,92.165,2860.56,2790.71,1683.3,8285.47,8512.9,4341.04,4341.04,2727.48,1371.57,1371.57,5489.81,68.1811,4118.24
3788,2023-05-17,00:00:00.00,205.662,7178.06,173.678,92.165,0,0,2654.9,135.815,0,0,0,227.43,0,0,173.678,173.678,92.165,92.165,2860.56,2790.71,1683.3,8285.47,8512.9,4345.95,4345.95,2727.48,1371.57,1371.57,5489.81,68.1811,4118.24
3789,2023-05-18,00:00:00.00,205.662,7178.06,173.678,92.165,0,0,2654.9,135.815,0,0,0,227.43,0,0,173.678,173.678,92.165,92.165,2860.56,2790.71,1683.3,8285.47,8512.9,4345.95,4345.95,2727.48,1371.57,1371.57,5489.81,68.1811,4118.24
3790,2023-05-19,00:00:00.00,205.662,7178.06,173.678,92.165,0,0,2654.9,135.815,0,0,0,227.43,0,0,173.678,173.678,92.165,92.165,2860.56,2790.71,1683.3,8285.47,8512.9,4345.95,4345.95,2727.48,1371.57,1371.57,5489.81,68.1811,4118.24
3791,2023-05-20,00:00:00.00,205.662,7191.84,174.047,92.165,0,0,2654.9,135.815,0,0,0,227.745,0,0,174.047,174.047,92.165,92.165,2860.56,2790.71,1686.01,8296.54,8524.29,4348.4,4348.4,2733.9,1371.57,1371.57,5494.46,68.1811,4118.74
3792,2023-05-21,00:00:00.00,205.662,7192.03,174.052,92.165,0,0,2654.9,135.815,0,0,0,227.749,0,0,174.052,174.052,92.165,92.165,2860.56,2790.71,1686.04,8296.7,8524.45,4348.4,4348.4,2734.06,1371.57,1371.57,5494.46,68.1811,4119.18
3793,2023-05-22,00:00:00.00,205.662,7192.03,174.052,92.165,0,0,2654.9,135.815,0,0,0,227.749,0,0,174.052,174.052,92.165,92.165,2860.56,2790.71,1686.04,8296.7,8524.45,4352.96,4352.96,2734.06,1375.28,1375.28,5494.46,68.1811,4119.18
3794,2023-05-23,00:00:00.00,205.662,7192.03,174.052,92.165,0,0,2654.9,135.815,0,0,0,227.749,0,0,174.052,174.052,92.165,92.165,2860.56,2790.71,1686.04,8296.7,8524.45,4355.08,4355.08,2734.06,1375.28,1375.28,5494.46,68.1811,4119.18
3795,2023-05-24,00:00:00.00,205.662,7192.03,174.052,92.165,0,0,2654.9,135.815,0,0,0,227.749,0,0,174.052,174.052,92.165,92.165,2860.56,2790.71,1686.04,8296.7,8524.45,4360.34,4360.34,2734.06,1375.28,1375.28,5494.46,68.1811,4119.18
3796,2023-05-25,00:00:00.00,205.662,7192.03,174.052,92.165,0,0,2654.9,135.815,0,0,0,227.749,0,0,174.052,174.052,92.165,92.165,2860.56,2790.71,1686.04,8296.7,8524.45,4362.11,4362.11,2734.06,1375.28,1375.28,5494.46,68.1811,4119.18
3797,2023-05-26,00:00:00.00,205.662,7192.03,174.052,92.165,0,0,2654.9,135.815,0,0,0,227.749,0,0,174.052,174.052,92.165,92.165,2860.56,2790.71,1686.04,8296.7,8524.45,4362.11,4362.11,2734.06,1375.28,1375.28,5494.46,68.1811,4119.18
3798,2023-05-27,00:00:00.00,205.662,7192.03,174.052,92.165,0,0,2654.9,135.815,0,0,0,227.749,0,0,174.052,174.052,92.165,92.165,2860.56,2790.71,1686.04,8296.7,8524.45,4364.93,4364.93,2734.06,1375.28,1375.28,5494.46,68.1811,4119.18
3799,2023-05-28,00:00:00.00,205.662,7192.03,174.052,92.165,0,0,2654.9,135.815,0,0,0,227.749,0,0,174.052,174.052,92.165,92.165,2860.56,2790.71,1686.04,8296.7,8524.45,4370.46,4370.46,2734.06,1375.28,1375.28,5494.46,68.1811,4119.18
3800,2023-05-29,00:00:00.00,205.662,7192.03,174.052,92.165,0,0,2654.9,135.815,0,0,0,227.749,0,0,174.052,174.052,92.165,92.165,2860.56,2790.71,1686.04,8296.7,8524.45,4375.47,4375.47,2734.06,1375.28,1375.28,5494.46,68.1811,4119.18
3801,2023-05-30,00:00:00.00,205.662,7192.03,174.052,92.165,0,0,2654.9,135.815,0,0,0,227.749,0,0,174.052,174.052,92.165,92.165,2860.56,2790.71,1686.04,8296.7,8524.45,4379.98,4379.98,2734.06,1375.28,1375.28,5494.46,68.1811,4119.18
3802,2023-05-31,00:00:00.00,205.662,7192.03,174.052,92.165,0,0,2654.9,135.815,0,0,0,227.749,0,0,174.052,174.052,92.165,92.165,2860.56,2790.71,1686.04,8296.7,8524.45,4384.03,4384.03,2734.06,1375.28,1375.28,5494.46,68.1811,4119.18
3803,2023-06-01,00:00:00.00,205.662,7192.03,174.052,92.165,0,0,2654.9,135.815,0,0,0,227.749,0,0,174.052,174.052,92.165,92.165,2860.56,2790.71,1686.04,8296.7,8524.45,4387.67,4387.67,2734.06,1375.28,1375.28,5494.46,68.1811,4119.18
3804,2023-06-02,00:00:00.00,205.662,7192.03,174.052,92.165,0,0,2654.9,135.815,0,0,0,227.749,0,0,174.052,174.052,92.165,92.165,2860.56,2790.71,1686.04,8296.7,8524.45,4392.04,4392.04,2734.06,1375.28,1375.28,5494.46,68.1811,4119.18
3805,2023-06-03,00:00:00.00,205.662,7192.03,174.052,92.165,0,0,2654.9,135.815,0,0,0,227.749,0,0,174.052,174.052,92.165,92.165,2860.56,2790.71,1686.04,8296.7,8524.45,4395.82,4395.82,2734.06,1375.28,1375.28,5494.46,68.1811,4119.18
3806,2023-06-04,00:00:00.00,205.662,7192.03,174.052,92.165,0,0,2654.9,135.815,0,0,0,227.749,0,0,174.052,174.052,92.165,92.165,2860.56,2790.71,1686.04,8296.7,8524.45,4399.1,4399.1,2734.06,1375.28,1375.28,5494.46,68.1811,4119.18
3807,2023-06-05,00:00:00.00,205.662,7192.03,174.052,92.165,0,0,2654.9,135.815,0,0,0,227.749,0,0,174.052,174.052,92.165,92.165,2860.56,2790.71,1686.04,8296.7,8524.45,4399.1,4399.1,2734.06,1375.28,1375.28,5494.46,68.1811,4119.18
3808,2023-06-06,00:00:00.00,205.662,7192.03,174.052,92.165,0,0,2654.9,135.815,0,0,0,227.749,0,0,174.052,174.052,92.165,92.165,2860.56,2790.71,1686.04,8296.7,8524.45,4399.76,4399.76,2734.06,1375.28,1375.28,5494.46,68.1811,4119.18
3809,2023-06-07,00:00:00.00,205.662,7192.03,174.052,92.165,0,0,2654.9,135.815,0,0,0,227.749,0,0,174.052,174.052,92.165,92.165,2860.56,2790.71,1686.04,8296.7,8524.45,4400.23,4400.23,2734.06,1375.28,1375.28,5494.46,68.1811,4119.18
3810,2023-06-08,00:00:00.00,205.662,7192.03,174.052,92.165,0,0,2654.9,135.815,0,0,0,227.749,0,0,174.052,174.052,92.165,92.165,2860.56,2790.71,1686.04,8296.7,8524.45,4400.23,4400.23,2734.06,1375.28,1375.28,5494.46,68.1811,4119.18
3811,2023-06-09,00:00:00.00,205.662,7192.61,174.068,92.165,0,0,2654.9,135.815,0,0,0,227.762,0,0,174.068,174.068,92.165,92.165,2860.56,2790.71,1686.36,8296.96,8524.72,4400.23,4400.23,2734.32,1375.28,1375.28,5494.46,68.1811,4119.18
3812,2023-06-10,00:00:00.00,205.662,7195.29,174.139,92.165,0,0,2654.9,135.815,0,0,0,227.824,0,0,174.139,174.139,92.165,92.165,2860.56,2790.71,1687.84,8298.16,8525.99,4400.23,4400.23,2735.52,1375.28,1375.28,5494.46,68.1811,4119.18
3813,2023-06-11,00:00:00.00,205.662,7195.29,174.139,92.165,0,0,2654.9,135.815,0,0,0,227.824,0,0,174.139,174.139,92.165,92.165,2860.56,2790.71,1687.84,8298.16,8525.99,4400.76,4400.76,2735.52,1375.28,1375.28,5494.46,68.1811,4119.18
3814,2023-06-12,00:00:00.00,205.662,7224.07,174.645,92.165,0,0,2654.9,135.815,0,0,0,228.474,0,0,174.645,174.645,92.165,92.165,2860.56,2790.71,1703.02,8311.76,8540.24,4402.28,4402.28,2747.3,1375.28,1375.28,5496.28,68.1811,4119.37
3815,2023-06-13,00:00:00.00,205.662,7234.41,174.922,92.165,0,0,2654.9,135.815,0,0,0,228.71,0,0,174.922,174.922,92.165,92.165,2860.56,2790.71,1706.22,8318.9,8547.61,4402.28,4402.28,2754.44,1375.28,1375.28,5496.28,68.1811,4119.54
3816,2023-06-14,00:00:00.00,205.662,7236.13,174.968,92.165,0,0,2654.9,135.815,0,0,0,228.75,0,0,174.968,174.968,92.165,92.165,2860.56,2790.71,1706.63,8320.22,8548.96,4402.28,4402.28,2755.76,1375.28,1375.28,5496.28,68.1811,4119.7
3817,2023-06-15,00:00:00.00,205.662,7236.32,174.973,92.165,0,0,2654.9,135.815,0,0,0,228.754,0,0,174.973,174.973,92.165,92.165,2860.56,2790.71,1706.68,8320.36,8549.12,4402.28,4402.28,2755.9,1375.28,1375.28,5496.28,68.1811,4119.84
3818,2023-06-16,00:00:00.00,205.662,7239.68,175.063,92.165,0,0,2654.9,135.815,0,0,0,228.83,0,0,175.063,175.063,92.165,92.165,2860.56,2790.71,1707.43,8322.96,8551.79,4402.28,4402.28,2758.5,1375.28,1375.28,5496.28,68.1811,4119.96
3819,2023-06-17,00:00:00.00,205.662,7239.68,175.063,92.165,0,0,2654.9,135.815,0,0,0,228.83,0,0,175.063,175.063,92.165,92.165,2860.56,2790.71,1707.43,8322.96,8551.79,4402.28,4402.28,2758.5,1375.28,1375.28,5496.28,68.1811,4120.07
3820,2023-06-18,00:00:00.00,205.662,7239.68,175.063,92.165,0,0,2654.9,135.815,0,0,0,228.83,0,0,175.063,175.063,92.165,92.165,2860.56,2790.71,1707.43,8322.96,8551.79,4404.49,4404.49,2758.5,1376.2,1376.2,5496.28,68.1811,4120.07
3821,2023-06-19,00:00:00.00,205.662,7239.68,175.063,92.165,0,0,2654.9,135.815,0,0,0,228.83,0,0,175.063,175.063,92.165,92.165,2860.56,2790.71,1707.43,8322.96,8551.79,4409.02,4409.02,2758.5,1376.21,1376.21,5496.28,68.1811,4120.07
3822,2023-06-20,00:00:00.00,205.662,7239.68,175.063,92.165,0,0,2654.9,135.815,0,0,0,228.83,0,0,175.063,175.063,92.165,92.165,2860.56,2790.71,1707.43,8322.96,8551.79,4413.09,4413.09,2758.5,1376.21,1376.21,5496.28,68.1811,4120.07
3823,2023-06-21,00:00:00.00,205.662,7239.68,175.063,92.165,0,0,2654.9,135.815,0,0,0,228.83,0,0,175.063,175.063,92.165,92.165,2860.56,2790.71,1707.43,8322.96,8551.79,4420.22,4420.22,2758.5,1376.21,1376.21,5496.28,68.1811,4120.07
3824,2023-06-22,00:00:00.00,205.662,7239.68,175.063,92.165,0,0,2654.9,135.815,0,0,0,228.83,0,0,175.063,175.063,92.165,92.165,2860.56,2790.71,1707.43,8322.96,8551.79,4426.38,4426.38,2758.5,1376.21,1376.21,5496.28,68.1811,4120.07
3825,2023-06-23,00:00:00.00,205.662,7239.68,175.063,92.165,0,0,2654.9,135.815,0,0,0,228.83,0,0,175.063,175.063,92.165,92.165,2860.56,2790.71,1707.43,8322.96,8551.79,4430.62,4430.62,2758.5,1376.21,1376.21,5496.28,68.1811,4120.07
3826,2023-06-24,00:00:00.00,205.662,7242.93,175.15,92.165,0,0,2654.9,135.815,0,0,0,228.905,0,0,175.15,175.15,92.165,92.165,2860.56,2790.71,1708.76,8324.88,8553.79,4434.81,4434.81,2760.43,1376.21,1376.21,5496.28,68.1811,4120.07
3827,2023-06-25,00:00:00.00,205.662,7244.27,175.186,92.165,0,0,2654.9,135.815,0,0,0,228.935,0,0,175.186,175.186,92.165,92.165,2860.56,2790.71,1709.32,8325.67,8554.6,4439.5,4439.5,2761.21,1376.21,1376.21,5496.28,68.1811,4120.07
3828,2023-06-26,00:00:00.00,205.662,7250.21,175.344,92.165,0,0,2654.9,135.815,0,0,0,229.071,0,0,175.344,175.344,92.165,92.165,2860.56,2790.71,1711.96,8328.96,8558.03,4443.94,4443.94,2764.5,1376.21,1376.21,5496.28,68.1811,4120.07
3829,2023-06-27,00:00:00.00,205.662,7278.79,175.85,92.165,0,0,2654.9,135.815,0,0,0,229.717,0,0,175.85,175.85,92.165,92.165,2860.56,2790.71,1724.34,8345.17,8574.89,4449.6,4449.6,2775.73,1376.21,1376.21,5501.26,68.1811,4120.6
3830,2023-06-28,00:00:00.00,205.662,7286.64,176.06,92.165,0,0,2654.9,135.815,0,0,0,229.896,0,0,176.06,176.06,92.165,92.165,2860.56,2790.71,1726.63,8350.73,8580.62,4455.95,4455.95,2781.28,1380.65,1380.65,5501.26,68.1811,4120.6
3831,2023-06-29,00:00:00.00,205.662,7286.64,176.06,92.165,0,0,2654.9,135.815,0,0,0,229.896,0,0,176.06,176.06,92.165,92.165,2860.56,2790.71,1726.63,8350.73,8580.62,4462.95,4462.95,2781.28,1380.66,1380.66,5501.26,68.1811,4120.6
3832,2023-06-30,00:00:00.00,205.662,7286.83,176.065,92.165,0,0,2654.9,135.815,0,0,0,229.901,0,0,176.065,176.065,92.165,92.165,2860.56,2790.71,1726.69,8350.86,8580.76,4469.02,4469.02,2781.41,1380.66,1380.66,5501.26,68.1811,4120.6
3833,2023-07-01,00:00:00.00,205.662,7286.83,176.065,92.165,0,0,2654.9,135.815,0,0,0,229.901,0,0,176.065,176.065,92.165,92.165,2860.56,2790.71,1726.69,8350.86,8580.76,4474.29,4474.29,2781.41,1380.66,1380.66,5501.26,68.1811,4120.6
3834,2023-07-02,00:00:00.00,205.662,7287.03,176.071,92.165,0,0,2654.9,135.815,0,0,0,229.905,0,0,176.071,176.071,92.165,92.165,2860.56,2790.71,1726.77,8350.97,8580.87,4479.18,4479.18,2781.52,1380.66,1380.66,5501.26,68.1811,4120.6
3835,2023-07-03,00:00:00.00,205.662,7288.37,176.106,92.165,0,0,2654.9,135.815,0,0,0,229.936,0,0,176.106,176.106,92.165,92.165,2860.56,2790.71,1727.4,8351.69,8581.62,4481.83,4481.83,2782.24,1380.66,1380.66,5501.26,68.1811,4120.6
3836,2023-07-04,00:00:00.00,205.662,7288.37,176.106,92.165,0,0,2654.9,135.815,0,0,0,229.936,0,0,176.106,176.106,92.165,92.165,2860.56,2790.71,1727.4,8351.69,8581.62,4485.83,4485.83,2782.24,1380.66,1380.66,5501.26,68.1811,4120.6
3837,2023-07-05,00:00:00.00,205.662,7288.37,176.106,92.165,0,0,2654.9,135.815,0,0,0,229.936,0,0,176.106,176.106,92.165,92.165,2860.56,2790.71,1727.4,8351.69,8581.62,4489.26,4489.26,2782.24,1380.66,1380.66,5501.26,68.1811,4120.6
3838,2023-07-06,00:00:00.00,205.662,7288.37,176.106,92.165,0,0,2654.9,135.815,0,0,0,229.936,0,0,176.106,176.106,92.165,92.165,2860.56,2790.71,1727.4,8351.69,8581.62,4492.2,4492.2,2782.24,1380.66,1380.66,5501.26,68.1811,4120.6
3839,2023-07-07,00:00:00.00,205.662,7311.84,176.612,92.165,0,0,2654.9,135.815,0,0,0,230.469,0,0,176.612,176.612,92.165,92.165,2860.56,2790.71,1741.12,8361.44,8591.91,4496.43,4496.43,2791.98,1380.66,1380.66,5501.27,68.1811,4120.6
3840,2023-07-08,00:00:00.00,205.662,7311.84,176.612,92.165,0,0,2654.9,135.815,0,0,0,230.469,0,0,176.612,176.612,92.165,92.165,2860.56,2790.71,1741.12,8361.44,8591.91,4497.4,4497.4,2791.98,1380.66,1380.66,5501.27,68.1811,4120.6
3841,2023-07-09,00:00:00.00,205.662,7316.06,176.725,92.165,0,0,2654.9,135.815,0,0,0,230.565,0,0,176.725,176.725,92.165,92.165,2860.56,2790.71,1742.83,8363.94,8594.51,4497.4,4497.4,2794.49,1380.66,1380.66,5501.27,68.1811,4120.61
3842,2023-07-10,00:00:00.00,205.662,7316.25,176.73,92.165,0,0,2654.9,135.815,0,0,0,230.569,0,0,176.73,176.73,92.165,92.165,2860.56,2790.71,1742.9,8364.06,8594.63,4497.4,4497.4,2794.61,1380.66,1380.66,5501.27,68.1811,4120.61
3843,2023-07-11,00:00:00.00,205.662,7316.25,176.73,92.165,0,0,2654.9,135.815,0,0,0,230.569,0,0,176.73,176.73,92.165,92.165,2860.56,2790.71,1742.9,8364.06,8594.63,4497.74,4497.74,2794.61,1380.66,1380.66,5501.27,68.1811,4120.61
3844,2023-07-12,00:00:00.00,205.662,7317.59,176.766,92.165,0,0,2654.9,135.815,0,0,0,230.6,0,0,176.766,176.766,92.165,92.165,2860.56,2790.71,1743.4,8364.9,8595.5,4501.33,4501.33,2795.45,1380.67,1380.67,5501.27,68.1811,4120.61
3845,2023-07-13,00:00:00.00,205.662,7349.12,177.272,92.165,0,0,2654.9,135.815,0,0,0,231.312,0,0,177.272,177.272,92.165,92.165,2860.56,2790.71,1755.71,8384.13,8615.44,4501.33,4501.33,2804.71,1380.67,1380.67,5511.24,68.1811,4121.67
3846,2023-07-14,00:00:00.00,205.662,7349.12,177.272,92.165,0,0,2654.9,135.815,0,0,0,231.312,0,0,177.272,177.272,92.165,92.165,2860.56,2790.71,1755.71,8384.13,8615.44,4501.33,4501.33,2804.71,1380.67,1380.67,5511.24,68.1811,4122.62
3847,2023-07-15,00:00:00.00,205.662,7349.12,177.272,92.165,0,0,2654.9,135.815,0,0,0,231.312,0,0,177.272,177.272,92.165,92.165,2860.56,2790.71,1755.71,8384.13,8615.44,4501.33,4501.33,2804.71,1380.67,1380.67,5511.24,68.1811,4123.46
3848,2023-07-16,00:00:00.00,205.662,7360.23,177.569,92.165,0,0,2654.9,135.815,0,0,0,231.565,0,0,177.569,177.569,92.165,92.165,2860.56,2790.71,1758.3,8392.65,8624.21,4501.33,4501.33,2811.76,1380.67,1380.67,5512.71,68.1811,4124.38
3849,2023-07-17,00:00:00.00,205.662,7360.23,177.569,92.165,0,0,2654.9,135.815,0,0,0,231.565,0,0,177.569,177.569,92.165,92.165,2860.56,2790.71,1758.3,8392.65,8624.21,4506.28,4506.28,2811.76,1385.61,1385.61,5512.71,68.1811,4124.67
3850,2023-07-18,00:00:00.00,205.662,7360.23,177.569,92.165,0,0,2654.9,135.815,0,0,0,231.565,0,0,177.569,177.569,92.165,92.165,2860.56,2790.71,1758.3,8392.65,8624.21,4507.75,4507.75,2811.76,1386.85,1386.85,5512.71,68.1811,4124.79
3851,2023-07-19,00:00:00.00,205.662,7360.23,177.569,92.165,0,0,2654.9,135.815,0,0,0,231.565,0,0,177.569,177.569,92.165,92.165,2860.56,2790.71,1758.3,8392.65,8624.21,4508.72,4508.72,2811.76,1387.67,1387.67,5512.71,68.1811,4124.82
3852,2023-07-20,00:00:00.00,205.662,7362.24,177.623,92.165,0,0,2654.9,135.815,0,0,0,231.611,0,0,177.623,177.623,92.165,92.165,2860.56,2790.71,1758.74,8394.22,8625.83,4508.72,4508.72,2813.33,1387.67,1387.67,5512.71,68.1811,4124.84
3853,2023-07-21,00:00:00.00,205.662,7370.66,177.848,92.165,0,0,2654.9,135.815,0,0,0,231.803,0,0,177.848,177.848,92.165,92.165,2860.56,2790.71,1760.47,8400.91,8632.71,4512.95,4512.95,2820.02,1387.86,1387.86,5512.71,68.1811,4124.84
3854,2023-07-22,00:00:00.00,205.662,7370.66,177.848,92.165,0,0,2654.9,135.815,0,0,0,231.803,0,0,177.848,177.848,92.165,92.165,2860.56,2790.71,1760.47,8400.91,8632.71,4515.42,4515.42,2820.02,1387.86,1387.86,5512.71,68.1811,4124.84
3855,2023-07-23,00:00:00.00,205.662,7370.66,177.848,92.165,0,0,2654.9,135.815,0,0,0,231.803,0,0,177.848,177.848,92.165,92.165,2860.56,2790.71,1760.47,8400.91,8632.71,4517.88,4517.88,2820.02,1387.86,1387.86,5512.71,68.1811,4124.84
3856,2023-07-24,00:00:00.00,205.662,7376.6,178.007,92.165,0,0,2654.9,135.815,0,0,0,231.939,0,0,178.007,178.007,92.165,92.165,2860.56,2790.71,1761.71,8405.6,8637.54,4520.69,4520.69,2824.71,1387.86,1387.86,5512.71,68.1811,4124.84
3857,2023-07-25,00:00:00.00,205.662,7376.6,178.007,92.165,0,0,2654.9,135.815,0,0,0,231.939,0,0,178.007,178.007,92.165,92.165,2860.56,2790.71,1761.71,8405.6,8637.54,4525.64,4525.64,2824.71,1387.86,1387.86,5512.71,68.1811,4124.84
3858,2023-07-26,00:00:00.00,205.662,7382.53,178.166,92.165,0,0,2654.9,135.815,0,0,0,232.074,0,0,178.166,178.166,92.165,92.165,2860.56,2790.71,1763.03,8410.22,8642.29,4531.44,4531.44,2829.33,1387.86,1387.86,5512.71,68.1811,4124.84
3859,2023-07-27,00:00:00.00,205.662,7405.03,178.672,92.165,0,0,2654.9,135.815,0,0,0,232.585,0,0,178.672,178.672,92.165,92.165,2860.56,2790.71,1768.01,8427.74,8660.32,4538.89,4538.89,2836.99,1387.86,1387.86,5522.57,68.1811,4125.89
3860,2023-07-28,00:00:00.00,205.662,7405.03,178.672,92.165,0,0,2654.9,135.815,0,0,0,232.585,0,0,178.672,178.672,92.165,92.165,2860.56,2790.71,1768.01,8427.74,8660.32,4546.87,4546.87,2836.99,1395.69,1395.69,5522.57,68.1811,4126
3861,2023-07-29,00:00:00.00,205.662,7406.75,178.718,92.165,0,0,2654.9,135.815,0,0,0,232.624,0,0,178.718,178.718,92.165,92.165,2860.56,2790.71,1768.42,8429.05,8661.67,4554.8,4554.8,2838.3,1396.57,1396.57,5522.57,68.1811,4126
3862,2023-07-30,00:00:00.00,205.662,7422.45,179.138,92.165,0,0,2654.9,135.815,0,0,0,232.983,0,0,179.138,179.138,92.165,92.165,2860.56,2790.71,1772.84,8440.32,8673.3,4558.34,4558.34,2847.01,1396.57,1396.57,5525.13,68.1811,4126.27
3863,2023-07-31,00:00:00.00,205.662,7422.45,179.138,92.165,0,0,2654.9,135.815,0,0,0,232.983,0,0,179.138,179.138,92.165,92.165,2860.56,2790.71,1772.84,8440.32,8673.3,4558.34,4558.34,2847.01,1396.57,1396.57,5525.13,68.1811,4126.52
3864,2023-08-01,00:00:00.00,205.662,7422.45,179.138,92.165,0,0,2654.9,135.815,0,0,0,232.983,0,0,179.138,179.138,92.165,92.165,2860.56,2790.71,1772.84,8440.32,8673.3,4558.34,4558.34,2847.01,1396.57,1396.57,5525.13,68.1811,4126.74
3865,2023-08-02,00:00:00.00,205.662,7422.45,179.138,92.165,0,0,2654.9,135.815,0,0,0,232.983,0,0,179.138,179.138,92.165,92.165,2860.56,2790.71,1772.84,8440.32,8673.3,4558.34,4558.34,2847.01,1396.57,1396.57,5525.13,68.1811,4126.93
3866,2023-08-03,00:00:00.00,205.662,7429.73,179.333,92.165,0,0,2654.9,135.815,0,0,0,233.149,0,0,179.333,179.333,92.165,92.165,2860.56,2790.71,1774.43,8446.01,8679.16,4559.38,4559.38,2852.7,1397.76,1397.76,5525.13,68.1811,4126.98
3867,2023-08-04,00:00:00.00,205.662,7453.79,179.838,92.165,0,0,2654.9,135.815,0,0,0,233.695,0,0,179.838,179.838,92.165,92.165,2860.56,2790.71,1778.72,8465.79,8699.48,4563.53,4563.53,2858.6,1398.16,1398.16,5539.01,68.1811,4128.46
3868,2023-08-05,00:00:00.00,205.662,7453.79,179.838,92.165,0,0,2654.9,135.815,0,0,0,233.695,0,0,179.838,179.838,92.165,92.165,2860.56,2790.71,1778.72,8465.79,8699.48,4568.18,4568.18,2858.6,1402.81,1402.81,5539.01,68.1811,4129.28
3869,2023-08-06,00:00:00.00,205.662,7453.79,179.838,92.165,0,0,2654.9,135.815,0,0,0,233.695,0,0,179.838,179.838,92.165,92.165,2860.56,2790.71,1778.72,8465.79,8699.48,4569.85,4569.85,2858.6,1404.48,1404.48,5539.01,68.1811,4129.84
3870,2023-08-07,00:00:00.00,205.662,7465.28,180.146,92.165,0,0,2654.9,135.815,0,0,0,233.957,0,0,180.146,180.146,92.165,92.165,2860.56,2790.71,1780.79,8475.21,8709.16,4570.86,4570.86,2864.38,1405.72,1405.72,5542.64,68.1811,4130.59
3871,2023-08-08,00:00:00.00,205.662,7465.66,180.156,92.165,0,0,2654.9,135.815,0,0,0,233.965,0,0,180.156,180.156,92.165,92.165,2860.56,2790.71,1780.84,8475.54,8709.5,4571.67,4571.67,2864.71,1406.53,1406.53,5542.64,68.1811,4131.18
3872,2023-08-09,00:00:00.00,205.662,7465.66,180.156,92.165,0,0,2654.9,135.815,0,0,0,233.965,0,0,180.156,180.156,92.165,92.165,2860.56,2790.71,1780.84,8475.54,8709.5,4574.61,4574.61,2864.71,1409.48,1409.48,5542.64,68.1811,4131.39
3873,2023-08-10,00:00:00.00,205.662,7465.66,180.156,92.165,0,0,2654.9,135.815,0,0,0,233.965,0,0,180.156,180.156,92.165,92.165,2860.56,2790.71,1780.84,8475.54,8709.5,4580.12,4580.12,2864.71,1411.25,1411.25,5542.64,68.1811,4131.39
3874,2023-08-11,00:00:00.00,205.662,7469.68,180.264,92.165,0,0,2654.9,135.815,0,0,0,234.057,0,0,180.264,180.264,92.165,92.165,2860.56,2790.71,1781.62,8478.78,8712.84,4582.53,4582.53,2867.96,1411.25,1411.25,5542.64,68.1811,4131.39
3875,2023-08-12,00:00:00.00,205.662,7469.88,180.269,92.165,0,0,2654.9,135.815,0,0,0,234.062,0,0,180.269,180.269,92.165,92.165,2860.56,2790.71,1781.65,8478.94,8713,4583.77,4583.77,2868.12,1411.25,1411.25,5542.64,68.1811,4131.39
3876,2023-08-13,00:00:00.00,205.662,7470.07,180.274,92.165,0,0,2654.9,135.815,0,0,0,234.066,0,0,180.274,180.274,92.165,92.165,2860.56,2790.71,1781.69,8479.09,8713.16,4586.71,4586.71,2868.27,1411.25,1411.25,5542.64,68.1811,4131.39
3877,2023-08-14,00:00:00.00,205.662,7470.07,180.274,92.165,0,0,2654.9,135.815,0,0,0,234.066,0,0,180.274,180.274,92.165,92.165,2860.56,2790.71,1781.69,8479.09,8713.16,4590.08,4590.08,2868.27,1411.25,1411.25,5542.64,68.1811,4131.39
3878,2023-08-15,00:00:00.00,205.662,7471.6,180.315,92.165,0,0,2654.9,135.815,0,0,0,234.101,0,0,180.315,180.315,92.165,92.165,2860.56,2790.71,1782.04,8480.27,8714.38,4591.28,4591.28,2869.45,1411.25,1411.25,5542.64,68.1811,4131.39
3879,2023-08-16,00:00:00.00,205.662,7471.98,180.325,92.165,0,0,2654.9,135.815,0,0,0,234.11,0,0,180.325,180.325,92.165,92.165,2860.56,2790.71,1782.13,8480.57,8714.68,4591.28,4591.28,2869.75,1411.25,1411.25,5542.64,68.1811,4131.39
3880,2023-08-17,00:00:00.00,205.662,7471.98,180.325,92.165,0,0,2654.9,135.815,0,0,0,234.11,0,0,180.325,180.325,92.165,92.165,2860.56,2790.71,1782.13,8480.57,8714.68,4595.08,4595.08,2869.75,1411.25,1411.25,5542.64,68.1811,4131.39
3881,2023-08-18,00:00:00.00,205.662,7488.26,180.761,92.165,0,0,2654.9,135.815,0,0,0,234.481,0,0,180.761,180.761,92.165,92.165,2860.56,2790.71,1786.17,8492.8,8727.28,4597.16,4597.16,2877.35,1411.25,1411.25,5547.26,68.1811,4131.89
3882,2023-08-19,00:00:00.00,205.662,7490.17,180.812,92.165,0,0,2654.9,135.815,0,0,0,234.525,0,0,180.812,180.812,92.165,92.165,2860.56,2790.71,1786.53,8494.35,8728.88,4597.16,4597.16,2878.91,1411.25,1411.25,5547.26,68.1811,4132.33
3883,2023-08-20,00:00:00.00,205.662,7490.17,180.812,92.165,0,0,2654.9,135.815,0,0,0,234.525,0,0,180.812,180.812,92.165,92.165,2860.56,2790.71,1786.53,8494.35,8728.88,4597.16,4597.16,2878.91,1411.25,1411.25,5547.26,68.1811,4132.72
3884,2023-08-21,00:00:00.00,205.662,7490.17,180.812,92.165,0,0,2654.9,135.815,0,0,0,234.525,0,0,180.812,180.812,92.165,92.165,2860.56,2790.71,1786.53,8494.35,8728.88,4600.11,4600.11,2878.91,1414.18,1414.18,5547.26,68.1811,4132.76
3885,2023-08-22,00:00:00.00,205.662,7490.17,180.812,92.165,0,0,2654.9,135.815,0,0,0,234.525,0,0,180.812,180.812,92.165,92.165,2860.56,2790.71,1786.53,8494.35,8728.88,4603.91,4603.91,2878.91,1414.51,1414.51,5547.26,68.1811,4132.76
3886,2023-08-23,00:00:00.00,205.662,7495.91,180.966,92.165,0,0,2654.9,135.815,0,0,0,234.656,0,0,180.966,180.966,92.165,92.165,2860.56,2790.71,1787.78,8498.85,8733.5,4603.91,4603.91,2883.4,1414.51,1414.51,5547.26,68.1811,4132.76
3887,2023-08-24,00:00:00.00,205.662,7501.66,181.119,92.165,0,0,2654.9,135.815,0,0,0,234.787,0,0,181.119,181.119,92.165,92.165,2860.56,2790.71,1788.82,8503.55,8738.33,4603.91,4603.91,2888.1,1414.51,1414.51,5547.26,68.1811,4132.76
3888,2023-08-25,00:00:00.00,205.662,7521.79,181.625,92.165,0,0,2654.9,135.815,0,0,0,235.245,0,0,181.625,181.625,92.165,92.165,2860.56,2790.71,1791.77,8520.73,8755.98,4604.9,4604.9,2892.69,1414.51,1414.51,5559.87,68.1811,4134.1
3889,2023-08-26,00:00:00.00,205.662,7521.79,181.625,92.165,0,0,2654.9,135.815,0,0,0,235.245,0,0,181.625,181.625,92.165,92.165,2860.56,2790.71,1791.77,8520.73,8755.98,4606.99,4606.99,2892.69,1416.6,1416.6,5559.87,68.1811,4135.08
3890,2023-08-27,00:00:00.00,205.662,7521.79,181.625,92.165,0,0,2654.9,135.815,0,0,0,235.245,0,0,181.625,181.625,92.165,92.165,2860.56,2790.71,1791.77,8520.73,8755.98,4609.09,4609.09,2892.69,1418.69,1418.69,5559.87,68.1811,4135.73
3891,2023-08-28,00:00:00.00,205.662,7521.79,181.625,92.165,0,0,2654.9,135.815,0,0,0,235.245,0,0,181.625,181.625,92.165,92.165,2860.56,2790.71,1791.77,8520.73,8755.98,4609.09,4609.09,2892.69,1418.69,1418.69,5559.87,68.1811,4136.31
3892,2023-08-29,00:00:00.00,205.662,7521.79,181.625,92.165,0,0,2654.9,135.815,0,0,0,235.245,0,0,181.625,181.625,92.165,92.165,2860.56,2790.71,1791.77,8520.73,8755.98,4609.09,4609.09,2892.69,1418.69,1418.69,5559.87,68.1811,4136.83
3893,2023-08-30,00:00:00.00,205.662,7526.39,181.748,92.165,0,0,2654.9,135.815,0,0,0,235.35,0,0,181.748,181.748,92.165,92.165,2860.56,2790.71,1792.38,8524.72,8760.07,4609.09,4609.09,2896.67,1418.69,1418.69,5559.87,68.1811,4137.29
3894,2023-08-31,00:00:00.00,205.662,7526.39,181.748,92.165,0,0,2654.9,135.815,0,0,0,235.35,0,0,181.748,181.748,92.165,92.165,2860.56,2790.71,1792.38,8524.72,8760.07,4609.09,4609.09,2896.67,1418.69,1418.69,5559.87,68.1811,4137.7
3895,2023-09-01,00:00:00.00,205.662,7526.39,181.748,92.165,0,0,2654.9,135.815,0,0,0,235.35,0,0,181.748,181.748,92.165,92.165,2860.56,2790.71,1792.38,8524.72,8760.07,4609.09,4609.09,2896.67,1418.69,1418.69,5559.87,68.1811,4138.07
3896,2023-09-02,00:00:00.00,205.662,7526.39,181.748,92.165,0,0,2654.9,135.815,0,0,0,235.35,0,0,181.748,181.748,92.165,92.165,2860.56,2790.71,1792.38,8524.72,8760.07,4611.42,4611.42,2896.67,1421.03,1421.03,5559.87,68.1811,4138.15
3897,2023-09-03,00:00:00.00,205.662,7526.58,181.753,92.165,0,0,2654.9,135.815,0,0,0,235.355,0,0,181.753,181.753,92.165,92.165,2860.56,2790.71,1792.4,8524.89,8760.24,4614.34,4614.34,2896.84,1421.71,1421.71,5559.87,68.1811,4138.15
3898,2023-09-04,00:00:00.00,205.662,7526.58,181.753,92.165,0,0,2654.9,135.815,0,0,0,235.355,0,0,181.753,181.753,92.165,92.165,2860.56,2790.71,1792.4,8524.89,8760.24,4619,4619,2896.84,1421.71,1421.71,5559.87,68.1811,4138.15
3899,2023-09-05,00:00:00.00,205.662,7526.58,181.753,92.165,0,0,2654.9,135.815,0,0,0,235.355,0,0,181.753,181.753,92.165,92.165,2860.56,2790.71,1792.4,8524.89,8760.24,4623.66,4623.66,2896.84,1421.71,1421.71,5559.87,68.1811,4138.15
3900,2023-09-06,00:00:00.00,205.662,7526.58,181.753,92.165,0,0,2654.9,135.815,0,0,0,235.355,0,0,181.753,181.753,92.165,92.165,2860.56,2790.71,1792.4,8524.89,8760.24,4628.32,4628.32,2896.84,1421.71,1421.71,5559.87,68.1811,4138.15
3901,2023-09-07,00:00:00.00,205.662,7527.34,181.774,92.165,0,0,2654.9,135.815,0,0,0,235.372,0,0,181.774,181.774,92.165,92.165,2860.56,2790.71,1792.57,8525.49,8760.86,4632.96,4632.96,2897.44,1421.71,1421.71,5559.87,68.1811,4138.15
3902,2023-09-08,00:00:00.00,205.662,7530.22,181.85,92.165,0,0,2654.9,135.815,0,0,0,235.438,0,0,181.85,181.85,92.165,92.165,2860.56,2790.71,1793.28,8527.65,8763.09,4637.54,4637.54,2899.6,1421.71,1421.71,5559.87,68.1811,4138.15
3903,2023-09-09,00:00:00.00,205.662,7530.22,181.85,92.165,0,0,2654.9,135.815,0,0,0,235.438,0,0,181.85,181.85,92.165,92.165,2860.56,2790.71,1793.28,8527.65,8763.09,4638.13,4638.13,2899.6,1421.71,1421.71,5559.87,68.1811,4138.15
3904,2023-09-10,00:00:00.00,205.662,7530.22,181.85,92.165,0,0,2654.9,135.815,0,0,0,235.438,0,0,181.85,181.85,92.165,92.165,2860.56,2790.71,1793.28,8527.65,8763.09,4639.57,4639.57,2899.6,1421.71,1421.71,5559.87,68.1811,4138.15
3905,2023-09-11,00:00:00.00,205.662,7530.22,181.85,92.165,0,0,2654.9,135.815,0,0,0,235.438,0,0,181.85,181.85,92.165,92.165,2860.56,2790.71,1793.28,8527.65,8763.09,4642.95,4642.95,2899.6,1421.71,1421.71,5559.87,68.1811,4138.15
3906,2023-09-12,00:00:00.00,205.662,7543.04,182.194,92.165,0,0,2654.9,135.815,0,0,0,235.73,0,0,182.194,182.194,92.165,92.165,2860.56,2790.71,1797.08,8536.68,8772.41,4646.86,4646.86,2908.61,1421.71,1421.71,5559.89,68.1811,4138.16
3907,2023-09-13,00:00:00.00,205.662,7545.34,182.255,92.165,0,0,2654.9,135.815,0,0,0,235.783,0,0,182.255,182.255,92.165,92.165,2860.56,2790.71,1797.62,8538.44,8774.22,4650.3,4650.3,2910.37,1421.73,1421.73,5559.89,68.1811,4138.16
3908,2023-09-14,00:00:00.00,205.662,7545.34,182.255,92.165,0,0,2654.9,135.815,0,0,0,235.783,0,0,182.255,182.255,92.165,92.165,2860.56,2790.71,1797.62,8538.44,8774.22,4650.3,4650.3,2910.37,1421.73,1421.73,5559.89,68.1811,4138.16
3909,2023-09-15,00:00:00.00,205.662,7545.34,182.255,92.165,0,0,2654.9,135.815,0,0,0,235.783,0,0,182.255,182.255,92.165,92.165,2860.56,2790.71,1797.62,8538.44,8774.22,4650.3,4650.3,2910.37,1421.73,1421.73,5559.89,68.1811,4138.16
3910,2023-09-16,00:00:00.00,205.662,7545.34,182.255,92.165,0,0,2654.9,135.815,0,0,0,235.783,0,0,182.255,182.255,92.165,92.165,2860.56,2790.71,1797.62,8538.44,8774.22,4650.3,4650.3,2910.37,1421.73,1421.73,5559.89,68.1811,4138.16
3911,2023-09-17,00:00:00.00,205.662,7545.34,182.255,92.165,0,0,2654.9,135.815,0,0,0,235.783,0,0,182.255,182.255,92.165,92.165,2860.56,2790.71,1797.62,8538.44,8774.22,4650.3,4650.3,2910.37,1421.73,1421.73,5559.89,68.1811,4138.16
3912,2023-09-18,00:00:00.00,205.662,7545.34,182.255,92.165,0,0,2654.9,135.815,0,0,0,235.783,0,0,182.255,182.255,92.165,92.165,2860.56,2790.71,1797.62,8538.44,8774.22,4651.18,4651.18,2910.37,1421.73,1421.73,5559.89,68.1811,4138.16
3913,2023-09-19,00:00:00.00,205.662,7545.53,182.26,92.165,0,0,2654.9,135.815,0,0,0,235.787,0,0,182.26,182.26,92.165,92.165,2860.56,2790.71,1797.67,8538.58,8774.37,4651.18,4651.18,2910.51,1421.73,1421.73,5559.89,68.1811,4138.16
3914,2023-09-20,00:00:00.00,205.662,7545.53,182.26,92.165,0,0,2654.9,135.815,0,0,0,235.787,0,0,182.26,182.26,92.165,92.165,2860.56,2790.71,1797.67,8538.58,8774.37,4651.18,4651.18,2910.51,1421.73,1421.73,5559.89,68.1811,4138.16
3915,2023-09-21,00:00:00.00,205.662,7545.53,182.26,92.165,0,0,2654.9,135.815,0,0,0,235.787,0,0,182.26,182.26,92.165,92.165,2860.56,2790.71,1797.67,8538.58,8774.37,4651.18,4651.18,2910.51,1421.73,1421.73,5559.89,68.1811,4138.16
3916,2023-09-22,00:00:00.00,205.662,7545.53,182.26,92.165,0,0,2654.9,135.815,0,0,0,235.787,0,0,182.26,182.26,92.165,92.165,2860.56,2790.71,1797.67,8538.58,8774.37,4651.19,4651.19,2910.51,1421.73,1421.73,5559.89,68.1811,4138.16
3917,2023-09-23,00:00:00.00,205.662,7545.53,182.26,92.165,0,0,2654.9,135.815,0,0,0,235.787,0,0,182.26,182.26,92.165,92.165,2860.56,2790.71,1797.67,8538.58,8774.37,4654.4,4654.4,2910.51,1421.73,1421.73,5559.89,68.1811,4138.16
3918,2023-09-24,00:00:00.00,205.662,7545.53,182.26,92.165,0,0,2654.9,135.815,0,0,0,235.787,0,0,182.26,182.26,92.165,92.165,2860.56,2790.71,1797.67,8538.58,8774.37,4655.54,4655.54,2910.51,1421.73,1421.73,5559.89,68.1811,4138.16
3919,2023-09-25,00:00:00.00,205.662,7545.53,182.26,92.165,0,0,2654.9,135.815,0,0,0,235.787,0,0,182.26,182.26,92.165,92.165,2860.56,2790.71,1797.67,8538.58,8774.37,4657.76,4657.76,2910.51,1421.73,1421.73,5559.89,68.1811,4138.16
3920,2023-09-26,00:00:00.00,205.662,7545.53,182.26,92.165,0,0,2654.9,135.815,0,0,0,235.787,0,0,182.26,182.26,92.165,92.165,2860.56,2790.71,1797.67,8538.58,8774.37,4660.42,4660.42,2910.51,1421.73,1421.73,5559.89,68.1811,4138.16
3921,2023-09-27,00:00:00.00,205.662,7545.53,182.26,92.165,0,0,2654.9,135.815,0,0,0,235.787,0,0,182.26,182.26,92.165,92.165,2860.56,2790.71,1797.67,8538.58,8774.37,4661.43,4661.43,2910.51,1421.73,1421.73,5559.89,68.1811,4138.16
3922,2023-09-28,00:00:00.00,205.662,7545.53,182.26,92.165,0,0,2654.9,135.815,0,0,0,235.787,0,0,182.26,182.26,92.165,92.165,2860.56,2790.71,1797.67,8538.58,8774.37,4662.67,4662.67,2910.51,1421.73,1421.73,5559.89,68.1811,4138.16
3923,2023-09-29,00:00:00.00,205.662,7545.53,182.26,92.165,0,0,2654.9,135.815,0,0,0,235.787,0,0,182.26,182.26,92.165,92.165,2860.56,2790.71,1797.67,8538.58,8774.37,4662.67,4662.67,2910.51,1421.73,1421.73,5559.89,68.1811,4138.16
3924,2023-09-30,00:00:00.00,205.662,7545.53,182.26,92.165,0,0,2654.9,135.815,0,0,0,235.787,0,0,182.26,182.26,92.165,92.165,2860.56,2790.71,1797.67,8538.58,8774.37,4663.39,4663.39,2910.51,1421.73,1421.73,5559.89,68.1811,4138.16
3925,2023-10-01,00:00:00.00,205.662,7545.53,182.26,92.165,0,0,2654.9,135.815,0,0,0,235.787,0,0,182.26,182.26,92.165,92.165,2860.56,2790.71,1797.67,8538.58,8774.37,4666.23,4666.23,2910.51,1421.73,1421.73,5559.89,68.1811,4138.16
3926,2023-10-02,00:00:00.00,205.662,7545.53,182.26,92.165,0,0,2654.9,135.815,0,0,0,235.787,0,0,182.26,182.26,92.165,92.165,2860.56,2790.71,1797.67,8538.58,8774.37,4667.98,4667.98,2910.51,1421.73,1421.73,5559.89,68.1811,4138.16
3927,2023-10-03,00:00:00.00,205.662,7545.53,182.26,92.165,0,0,2654.9,135.815,0,0,0,235.787,0,0,182.26,182.26,92.165,92.165,2860.56,2790.71,1797.67,8538.58,8774.37,4669.65,4669.65,2910.51,1421.73,1421.73,5559.89,68.1811,4138.16
3928,2023-10-04,00:00:00.00,205.662,7545.53,182.26,92.165,0,0,2654.9,135.815,0,0,0,235.787,0,0,182.26,182.26,92.165,92.165,2860.56,2790.71,1797.67,8538.58,8774.37,4671.26,4671.26,2910.51,1421.73,1421.73,5559.89,68.1811,4138.16
3929,2023-10-05,00:00:00.00,205.662,7545.53,182.26,92.165,0,0,2654.9,135.815,0,0,0,235.787,0,0,182.26,182.26,92.165,92.165,2860.56,2790.71,1797.67,8538.58,8774.37,4672.8,4672.8,2910.51,1421.73,1421.73,5559.89,68.1811,4138.16
3930,2023-10-06,00:00:00.00,205.662,7569.6,182.766,92.165,0,0,2654.9,135.815,0,0,0,236.333,0,0,182.766,182.766,92.165,92.165,2860.56,2790.71,1807.49,8552.82,8789.15,4674.35,4674.35,2920.92,1421.73,1421.73,5563.72,68.1811,4138.56
3931,2023-10-07,00:00:00.00,205.662,7570.17,182.782,92.165,0,0,2654.9,135.815,0,0,0,236.346,0,0,182.782,182.782,92.165,92.165,2860.56,2790.71,1807.65,8553.24,8789.59,4676.59,4676.59,2921.34,1424.02,1424.02,5563.72,68.1811,4138.69
3932,2023-10-08,00:00:00.00,205.662,7572.09,182.833,92.165,0,0,2654.9,135.815,0,0,0,236.39,0,0,182.833,182.833,92.165,92.165,2860.56,2790.71,1808.18,8554.62,8791.01,4677.68,4677.68,2922.72,1424.98,1424.98,5563.72,68.1811,4138.69
3933,2023-10-09,00:00:00.00,205.662,7574.77,182.905,92.165,0,0,2654.9,135.815,0,0,0,236.451,0,0,182.905,182.905,92.165,92.165,2860.56,2790.71,1808.91,8556.57,8793.02,4677.68,4677.68,2924.67,1424.98,1424.98,5563.72,68.1811,4138.7
3934,2023-10-10,00:00:00.00,205.662,7576.11,182.94,92.165,0,0,2654.9,135.815,0,0,0,236.482,0,0,182.94,182.94,92.165,92.165,2860.56,2790.71,1809.25,8557.57,8794.05,4677.68,4677.68,2925.67,1424.98,1424.98,5563.72,68.1811,4138.7
3935,2023-10-11,00:00:00.00,205.662,7578.22,182.997,92.165,0,0,2654.9,135.815,0,0,0,236.53,0,0,182.997,182.997,92.165,92.165,2860.56,2790.71,1809.77,8559.16,8795.69,4677.68,4677.68,2927.26,1424.98,1424.98,5563.72,68.1811,4138.71
3936,2023-10-12,00:00:00.00,205.662,7578.22,182.997,92.165,0,0,2654.9,135.815,0,0,0,236.53,0,0,182.997,182.997,92.165,92.165,2860.56,2790.71,1809.77,8559.16,8795.69,4678,4678,2927.26,1425.01,1425.01,5563.72,68.1811,4138.71
3937,2023-10-13,00:00:00.00,205.662,7578.22,182.997,92.165,0,0,2654.9,135.815,0,0,0,236.53,0,0,182.997,182.997,92.165,92.165,2860.56,2790.71,1809.77,8559.16,8795.69,4678.9,4678.9,2927.26,1425.01,1425.01,5563.72,68.1811,4138.71
3938,2023-10-14,00:00:00.00,205.662,7578.98,183.017,92.165,0,0,2654.9,135.815,0,0,0,236.547,0,0,183.017,183.017,92.165,92.165,2860.56,2790.71,1809.95,8559.74,8796.29,4678.93,4678.93,2927.84,1425.01,1425.01,5563.72,68.1811,4138.71
3939,2023-10-15,00:00:00.00,205.662,7579.17,183.022,92.165,0,0,2654.9,135.815,0,0,0,236.551,0,0,183.022,183.022,92.165,92.165,2860.56,2790.71,1810,8559.89,8796.44,4679.11,4679.11,2927.99,1425.01,1425.01,5563.72,68.1811,4138.71
3940,2023-10-16,00:00:00.00,205.662,7579.75,183.038,92.165,0,0,2654.9,135.815,0,0,0,236.565,0,0,183.038,183.038,92.165,92.165,2860.56,2790.71,1810.13,8560.33,8796.89,4679.11,4679.11,2928.43,1425.01,1425.01,5563.72,68.1811,4138.71
3941,2023-10-17,00:00:00.00,205.662,7579.75,183.038,92.165,0,0,2654.9,135.815,0,0,0,236.565,0,0,183.038,183.038,92.165,92.165,2860.56,2790.71,1810.13,8560.33,8796.89,4679.29,4679.29,2928.43,1425.01,1425.01,5563.72,68.1811,4138.71
3942,2023-10-18,00:00:00.00,205.662,7579.75,183.038,92.165,0,0,2654.9,135.815,0,0,0,236.565,0,0,183.038,183.038,92.165,92.165,2860.56,2790.71,1810.13,8560.33,8796.89,4681.05,4681.05,2928.43,1425.01,1425.01,5563.72,68.1811,4138.71
3943,2023-10-19,00:00:00.00,205.662,7579.75,183.038,92.165,0,0,2654.9,135.815,0,0,0,236.565,0,0,183.038,183.038,92.165,92.165,2860.56,2790.71,1810.13,8560.33,8796.89,4682.52,4682.52,2928.43,1425.01,1425.01,5563.72,68.1811,4138.71
3944,2023-10-20,00:00:00.00,205.662,7599.88,183.544,92.165,0,0,2654.9,135.815,0,0,0,237.023,0,0,183.544,183.544,92.165,92.165,2860.56,2790.71,1815.24,8575.36,8812.38,4683.72,4683.72,2935.81,1425.01,1425.01,5571.37,68.1811,4139.52
3945,2023-10-21,00:00:00.00,205.662,7606.58,183.723,92.165,0,0,2654.9,135.815,0,0,0,237.176,0,0,183.723,183.723,92.165,92.165,2860.56,2790.71,1816.45,8580.85,8818.02,4684.58,4684.58,2941.3,1426.05,1426.05,5571.37,68.1811,4140.14
3946,2023-10-22,00:00:00.00,205.662,7607.16,183.738,92.165,0,0,2654.9,135.815,0,0,0,237.189,0,0,183.738,183.738,92.165,92.165,2860.56,2790.71,1816.53,8581.34,8818.53,4685.03,4685.03,2941.79,1426.52,1426.52,5571.37,68.1811,4140.64
3947,2023-10-23,00:00:00.00,205.662,7607.16,183.738,92.165,0,0,2654.9,135.815,0,0,0,237.189,0,0,183.738,183.738,92.165,92.165,2860.56,2790.71,1816.53,8581.34,8818.53,4685.03,4685.03,2941.79,1426.52,1426.52,5571.37,68.1811,4141.09
3948,2023-10-24,00:00:00.00,205.662,7607.16,183.738,92.165,0,0,2654.9,135.815,0,0,0,237.189,0,0,183.738,183.738,92.165,92.165,2860.56,2790.71,1816.53,8581.34,8818.53,4685.03,4685.03,2941.79,1426.52,1426.52,5571.37,68.1811,4141.49
3949,2023-10-25,00:00:00.00,205.662,7607.92,183.759,92.165,0,0,2654.9,135.815,0,0,0,237.207,0,0,183.759,183.759,92.165,92.165,2860.56,2790.71,1816.64,8581.99,8819.2,4685.91,4685.91,2942.44,1427.42,1427.42,5571.37,68.1811,4141.75
3950,2023-10-26,00:00:00.00,205.662,7610.03,183.815,92.165,0,0,2654.9,135.815,0,0,0,237.255,0,0,183.815,183.815,92.165,92.165,2860.56,2790.71,1816.95,8583.79,8821.05,4688.16,4688.16,2944.24,1429.56,1429.56,5571.37,68.1811,4141.76
3951,2023-10-27,00:00:00.00,205.662,7614.62,183.938,92.165,0,0,2654.9,135.815,0,0,0,237.36,0,0,183.938,183.938,92.165,92.165,2860.56,2790.71,1817.62,8587.72,8825.08,4690.34,4690.34,2948.17,1429.61,1429.61,5571.37,68.1811,4141.76
3952,2023-10-28,00:00:00.00,205.662,7615.77,183.969,92.165,0,0,2654.9,135.815,0,0,0,237.386,0,0,183.969,183.969,92.165,92.165,2860.56,2790.71,1817.77,8588.71,8826.1,4692.61,4692.61,2949.16,1429.61,1429.61,5571.37,68.1811,4141.76
3953,2023-10-29,00:00:00.00,205.662,7615.97,183.974,92.165,0,0,2654.9,135.815,0,0,0,237.39,0,0,183.974,183.974,92.165,92.165,2860.56,2790.71,1817.8,8588.88,8826.27,4693.51,4693.51,2949.33,1429.61,1429.61,5571.37,68.1811,4141.76
3954,2023-10-30,00:00:00.00,205.662,7619.6,184.071,92.165,0,0,2654.9,135.815,0,0,0,237.473,0,0,184.071,184.071,92.165,92.165,2860.56,2790.71,1818.32,8592,8829.47,4693.51,4693.51,2952.45,1429.61,1429.61,5571.37,68.1811,4141.76
3955,2023-10-31,00:00:00.00,205.662,7620.18,184.087,92.165,0,0,2654.9,135.815,0,0,0,237.486,0,0,184.087,184.087,92.165,92.165,2860.56,2790.71,1818.39,8592.5,8829.99,4693.51,4693.51,2952.95,1429.61,1429.61,5571.37,68.1811,4141.76
3956,2023-11-01,00:00:00.00,205.662,7620.18,184.087,92.165,0,0,2654.9,135.815,0,0,0,237.486,0,0,184.087,184.087,92.165,92.165,2860.56,2790.71,1818.39,8592.5,8829.99,4693.51,4693.51,2952.95,1429.61,1429.61,5571.37,68.1811,4141.76
3957,2023-11-02,00:00:00.00,205.662,7620.18,184.087,92.165,0,0,2654.9,135.815,0,0,0,237.486,0,0,184.087,184.087,92.165,92.165,2860.56,2790.71,1818.39,8592.5,8829.99,4693.65,4693.65,2952.95,1429.61,1429.61,5571.37,68.1811,4141.76
3958,2023-11-03,00:00:00.00,205.662,7620.18,184.087,92.165,0,0,2654.9,135.815,0,0,0,237.486,0,0,184.087,184.087,92.165,92.165,2860.56,2790.71,1818.39,8592.5,8829.99,4694.05,4694.05,2952.95,1429.61,1429.61,5571.37,68.1811,4141.76
3959,2023-11-04,00:00:00.00,205.662,7622.09,184.138,92.165,0,0,2654.9,135.815,0,0,0,237.53,0,0,184.138,184.138,92.165,92.165,2860.56,2790.71,1818.62,8594.18,8831.71,4694.8,4694.8,2954.64,1429.61,1429.61,5571.37,68.1811,4141.76
3960,2023-11-05,00:00:00.00,205.662,7622.09,184.138,92.165,0,0,2654.9,135.815,0,0,0,237.53,0,0,184.138,184.138,92.165,92.165,2860.56,2790.71,1818.62,8594.18,8831.71,4695.61,4695.61,2954.64,1429.61,1429.61,5571.37,68.1811,4141.76
3961,2023-11-06,00:00:00.00,205.662,7622.09,184.138,92.165,0,0,2654.9,135.815,0,0,0,237.53,0,0,184.138,184.138,92.165,92.165,2860.56,2790.71,1818.62,8594.18,8831.71,4696.3,4696.3,2954.64,1429.61,1429.61,5571.37,68.1811,4141.76
3962,2023-11-07,00:00:00.00,205.662,7630.13,184.353,92.165,0,0,2654.9,135.815,0,0,0,237.713,0,0,184.353,184.353,92.165,92.165,2860.56,2790.71,1819.61,8601.24,8838.95,4696.96,4696.96,2958.79,1429.61,1429.61,5574.27,68.1811,4142.07
3963,2023-11-08,00:00:00.00,205.662,7630.13,184.353,92.165,0,0,2654.9,135.815,0,0,0,237.713,0,0,184.353,184.353,92.165,92.165,2860.56,2790.71,1819.61,8601.24,8838.95,4697.76,4697.76,2958.79,1430.42,1430.42,5574.27,68.1811,4142.26
3964,2023-11-09,00:00:00.00,205.662,7630.13,184.353,92.8394,0,0,2679.98,135.815,0,0,0,238.286,0,0,184.353,184.353,92.8394,92.8394,2860.56,2790.71,1819.61,8601.24,8839.52,4697.76,4697.76,2958.79,1430.42,1430.42,5574.27,68.1811,4142.43
3965,2023-11-10,00:00:00.00,205.662,7630.13,184.353,92.8394,0,0,2679.98,135.815,0,0,0,238.286,0,0,184.353,184.353,92.8394,92.8394,2868.24,2797.79,1820.33,8607.59,8845.87,4697.85,4697.85,2961.96,1430.86,1430.86,5577.44,68.1811,4142.87
3966,2023-11-11,00:00:00.00,205.662,7630.13,184.353,92.8394,0,0,2679.98,135.815,0,0,0,238.286,0,0,184.353,184.353,92.8394,92.8394,2883.49,2813.57,1821.59,8622.11,8860.4,4698.4,4698.4,2964.65,1431.6,1431.6,5589.28,68.1811,4144.45
3967,2023-11-12,00:00:00.00,205.662,7630.13,184.353,92.8394,0,0,2679.98,135.815,0,0,0,238.286,0,0,184.353,184.353,92.8394,92.8394,2883.77,2813.86,1821.61,8622.38,8860.67,4698.59,4698.59,2964.92,1431.79,1431.79,5589.28,68.1811,4145.84
3968,2023-11-13,00:00:00.00,205.662,7630.13,184.353,92.8394,0,0,2679.98,135.815,0,0,0,238.286,0,0,184.353,184.353,92.8394,92.8394,2884.14,2814.24,1821.64,8622.73,8861.02,4698.98,4698.98,2965.27,1432.19,1432.19,5589.28,68.1811,4147.04
3969,2023-11-14,00:00:00.00,205.662,7630.13,184.353,92.8394,0,0,2679.98,135.815,0,0,0,238.286,0,0,184.353,184.353,92.8394,92.8394,2885.04,2815.17,1821.69,8623.62,8861.9,4699.79,4699.79,2965.59,1432.99,1432.99,5589.84,68.1811,4148.08
3970,2023-11-15,00:00:00.00,205.662,7630.13,184.353,92.8394,0,0,2679.98,135.815,0,0,0,238.286,0,0,184.353,184.353,92.8394,92.8394,2885.64,2815.79,1821.72,8624.2,8862.49,4700.59,4700.59,2965.87,1433.8,1433.8,5590.16,68.1811,4148.96
3971,2023-11-16,00:00:00.00,205.662,7630.13,184.353,92.8394,0,0,2679.98,135.815,0,0,0,238.286,0,0,184.353,184.353,92.8394,92.8394,2885.64,2815.79,1821.72,8624.2,8862.49,4701.4,4701.4,2965.87,1434.6,1434.6,5590.16,68.1811,4149.67
3972,2023-11-17,00:00:00.00,205.662,7630.32,184.358,92.8394,0,0,2679.98,135.815,0,0,0,238.29,0,0,184.358,184.358,92.8394,92.8394,2885.64,2815.79,1821.73,8624.38,8862.67,4702.2,4702.2,2966.04,1435.41,1435.41,5590.16,68.1811,4150.21
3973,2023-11-18,00:00:00.00,205.662,7632.05,184.404,92.8394,0,0,2679.98,135.815,0,0,0,238.329,0,0,184.404,184.404,92.8394,92.8394,2885.64,2815.79,1821.86,8625.98,8864.31,4702.96,4702.96,2967.64,1436.21,1436.21,5590.16,68.1811,4150.61
3974,2023-11-19,00:00:00.00,205.662,7632.05,184.404,92.8394,0,0,2679.98,135.815,0,0,0,238.329,0,0,184.404,184.404,92.8394,92.8394,2885.64,2815.79,1821.86,8625.98,8864.31,4702.96,4702.96,2967.64,1436.21,1436.21,5590.16,68.1811,4150.96
3975,2023-11-20,00:00:00.00,205.662,7632.05,184.404,92.8394,0,0,2679.98,135.815,0,0,0,238.329,0,0,184.404,184.404,92.8394,92.8394,2885.64,2815.79,1821.86,8625.98,8864.31,4703,4703,2967.64,1436.25,1436.25,5590.16,68.1811,4151.28
3976,2023-11-21,00:00:00.00,205.662,7632.05,184.404,92.8394,0,0,2679.98,135.815,0,0,0,238.329,0,0,184.404,184.404,92.8394,92.8394,2885.64,2815.79,1821.86,8625.98,8864.31,4703,4703,2967.64,1436.25,1436.25,5590.16,68.1811,4151.56
3977,2023-11-22,00:00:00.00,205.662,7632.05,184.404,93.2527,0,0,2691.56,135.815,0,0,0,238.596,0,0,184.404,184.404,93.2527,93.2527,2885.64,2815.79,1821.86,8625.98,8864.57,4703,4703,2967.64,1436.25,1436.25,5590.16,68.1811,4151.81
3978,2023-11-23,00:00:00.00,205.662,7632.05,184.404,93.2527,0,0,2691.56,135.815,0,0,0,238.596,0,0,184.404,184.404,93.2527,93.2527,2890.16,2820.07,1822.17,8629.94,8868.54,4703.06,4703.06,2969.98,1436.55,1436.55,5591.78,68.1811,4152.17
3979,2023-11-24,00:00:00.00,205.662,7632.05,184.404,93.2527,0,0,2691.56,135.815,0,0,0,238.596,0,0,184.404,184.404,93.2527,93.2527,2895.42,2825.51,1822.48,8635.07,8873.67,4703.12,4703.12,2971.9,1436.88,1436.88,5594.99,68.1811,4152.8
3980,2023-11-25,00:00:00.00,205.725,7632.05,184.404,93.2527,0,0,2691.56,135.815,0,0,0,238.596,0,0,184.404,184.404,93.2527,93.2527,2895.42,2825.51,1822.48,8635.07,8873.67,4703.12,4703.12,2971.9,1436.88,1436.88,5594.99,68.1811,4153.37
3981,2023-11-26,00:00:00.00,205.725,7632.05,184.404,93.2527,0,0,2691.56,135.815,0,0,0,238.596,0,0,184.404,184.404,93.2527,93.2527,2895.42,2825.51,1822.48,8635.07,8873.67,4703.12,4703.12,2971.9,1436.88,1436.88,5594.99,68.1811,4153.87
3982,2023-11-27,00:00:00.00,205.725,7633.4,184.442,93.5246,0,0,2699.17,135.88,0,0,0,238.803,0,0,184.442,184.442,93.5246,93.5246,2895.42,2825.51,1822.54,8636.36,8875.16,4703.12,4703.12,2973.18,1436.88,1436.88,5594.99,68.1811,4154.33
3983,2023-11-28,00:00:00.00,205.789,7633.4,184.442,93.694,0,0,2703.92,135.88,0,0,0,238.913,0,0,184.442,184.442,93.694,93.694,2895.42,2825.51,1822.54,8636.36,8875.27,4703.12,4703.12,2973.18,1436.88,1436.88,5594.99,68.1811,4154.73
3984,2023-11-29,00:00:00.00,205.789,7633.4,184.442,93.8634,0,0,2708.66,135.88,0,0,0,239.022,0,0,184.442,184.442,93.8634,93.8634,2895.42,2825.51,1822.54,8636.36,8875.38,4703.12,4703.12,2973.18,1436.88,1436.88,5594.99,68.1811,4155.09
3985,2023-11-30,00:00:00.00,205.789,7633.4,184.442,93.8973,0,0,2709.61,135.88,0,0,0,239.044,0,0,184.442,184.442,93.8973,93.8973,2895.42,2825.51,1822.54,8636.36,8875.4,4703.12,4703.12,2973.18,1436.88,1436.88,5594.99,68.1811,4155.41
3986,2023-12-01,00:00:00.00,205.789,7633.4,184.442,93.8973,0,0,2709.61,135.88,0,0,0,239.044,0,0,184.442,184.442,93.8973,93.8973,2895.42,2825.51,1822.54,8636.36,8875.4,4703.12,4703.12,2973.18,1436.88,1436.88,5594.99,68.1811,4155.7
3987,2023-12-02,00:00:00.00,205.789,7633.4,184.442,93.9989,0,0,2712.46,135.88,0,0,0,239.109,0,0,184.442,184.442,93.9989,93.9989,2902.56,2832.1,1822.79,8642.71,8881.82,4703.14,4703.14,2974.45,1437.18,1437.18,5600.08,68.1811,4156.47
3988,2023-12-03,00:00:00.00,205.789,7635.31,184.493,93.9989,0,0,2712.46,135.88,0,0,0,239.153,0,0,184.493,184.493,93.9989,93.9989,2906.06,2835.73,1822.95,8648.08,8887.23,4703.15,4703.15,2975.45,1437.5,1437.5,5604.45,68.1811,4157.58
3989,2023-12-04,00:00:00.00,205.857,7636.11,184.517,94.0529,0,0,2713.97,135.949,0,0,0,239.207,0,0,184.517,184.517,94.0529,94.0529,2906.06,2835.73,1822.97,8648.86,8888.07,4703.16,4703.16,2976.22,1437.81,1437.81,5604.47,68.1811,4158.55
3990,2023-12-05,00:00:00.00,206.261,7636.11,184.517,94.0529,0,0,2713.97,135.949,0,0,0,239.207,0,0,184.517,184.517,94.0529,94.0529,2906.06,2835.73,1822.97,8648.86,8888.07,4703.23,4703.23,2976.22,1438.13,1438.13,5604.47,68.1811,4159.38
3991,2023-12-06,00:00:00.00,206.283,7636.11,184.517,94.0529,0,0,2713.97,135.949,0,0,0,239.207,0,0,184.517,184.517,94.0529,94.0529,2906.06,2835.73,1822.97,8648.86,8888.07,4703.28,4703.28,2976.22,1438.39,1438.39,5604.47,68.1811,4160.09
3992,2023-12-07,00:00:00.00,206.283,7636.11,184.517,94.2223,0,0,2718.72,135.949,0,0,0,239.317,0,0,184.517,184.517,94.2223,94.2223,2906.06,2835.73,1822.97,8648.86,8888.18,4703.28,4703.28,2976.22,1438.55,1438.55,5604.47,68.1811,4160.71
3993,2023-12-08,00:00:00.00,206.283,7636.11,184.517,94.2223,0,0,2718.72,135.949,0,0,0,239.317,0,0,184.517,184.517,94.2223,94.2223,2906.06,2835.73,1822.97,8648.86,8888.18,4703.32,4703.32,2976.22,1438.76,1438.76,5604.47,68.1811,4161.24
3994,2023-12-09,00:00:00.00,206.283,7636.11,184.517,94.2223,0,0,2718.72,135.949,0,0,0,239.317,0,0,184.517,184.517,94.2223,94.2223,2917.84,2847.26,1823.2,8660.17,8899.49,4703.38,4703.38,2976.88,1439.07,1439.07,5615.11,68.1811,4162.82
3995,2023-12-10,00:00:00.00,206.283,7641.85,184.67,94.2223,0,0,2718.72,135.949,0,0,0,239.448,0,0,184.67,184.67,94.2223,94.2223,2922.67,2852.25,1823.36,8670.75,8910.2,4703.63,4703.63,2977.44,1439.39,1439.39,5625.12,68.1811,4165.26
3996,2023-12-11,00:00:00.00,206.283,7641.85,184.67,94.2223,0,0,2718.72,135.949,0,0,0,239.448,0,0,184.67,184.67,94.2223,94.2223,2923.04,2852.64,1823.36,8671.13,8910.58,4703.95,4703.95,2977.52,1439.7,1439.7,5625.43,68.1811,4167.44
3997,2023-12-12,00:00:00.00,206.35,7641.85,184.67,94.2223,0,0,2718.72,135.949,0,0,0,239.448,0,0,184.67,184.67,94.2223,94.2223,2923.04,2852.64,1823.36,8671.13,8910.58,4704.21,4704.21,2977.52,1439.97,1439.97,5625.43,68.1811,4169.36
3998,2023-12-13,00:00:00.00,206.35,7641.85,184.67,94.2223,0,0,2718.72,135.949,0,0,0,239.448,0,0,184.67,184.67,94.2223,94.2223,2923.04,2852.64,1823.36,8671.13,8910.58,4704.52,4704.52,2977.52,1440.28,1440.28,5625.43,68.1811,4171.04
3999,2023-12-14,00:00:00.00,206.35,7641.85,184.67,94.2223,0,0,2718.72,135.949,0,0,0,239.448,0,0,184.67,184.67,94.2223,94.2223,2923.04,2852.64,1823.36,8671.13,8910.58,4704.77,4704.77,2977.52,1440.52,1440.52,5625.43,68.1811,4172.52
4000,2023-12-15,00:00:00.00,206.35,7641.85,184.67,94.2223,0,0,2718.72,135.949,0,0,0,239.448,0,0,184.67,184.67,94.2223,94.2223,2923.04,2852.64,1823.36,8671.13,8910.58,4705.03,4705.03,2977.52,1440.79,1440.79,5625.43,68.1811,4173.81
4001,2023-12-16,00:00:00.00,206.35,7642.18,184.681,94.2223,0,0,2718.72,136,0,0,0,239.456,0,0,184.681,184.681,94.2223,94.2223,2923.41,2853,1823.38,8671.81,8911.27,4705.33,4705.33,2977.94,1441.1,1441.1,5625.69,68.1811,4174.96
4002,2023-12-17,00:00:00.00,206.35,7643.14,184.706,94.2223,0,0,2718.72,136,0,0,0,239.478,0,0,184.706,184.706,94.2223,94.2223,2923.74,2853.34,1823.4,8673.09,8912.56,4705.62,4705.62,2978.67,1441.42,1441.42,5626.24,68.1811,4176.01
4003,2023-12-18,00:00:00.00,206.35,7650.22,184.896,94.2223,0,0,2718.72,136,0,0,0,239.64,0,0,184.896,184.896,94.2223,94.2223,2924.29,2853.92,1823.52,8680.62,8920.26,4705.87,4705.87,2979.28,1441.73,1441.73,5633.16,68.1811,4177.65
4004,2023-12-19,00:00:00.00,206.35,7652.52,184.957,94.2562,0,0,2719.66,136,0,0,0,239.714,0,0,184.957,184.957,94.2562,94.2562,2925.6,2855.24,1823.57,8684.19,8923.9,4706.12,4706.12,2979.82,1442.05,1442.05,5636.19,68.1811,4179.41
4005,2023-12-20,00:00:00.00,206.365,7652.52,184.957,94.2562,0,0,2719.66,136,0,0,0,239.714,0,0,184.957,184.957,94.2562,94.2562,2925.6,2855.24,1823.57,8684.19,8923.9,4706.13,4706.13,2979.82,1442.05,1442.05,5636.19,68.1811,4180.98
4006,2023-12-21,00:00:00.00,206.365,7652.52,184.957,94.2562,0,0,2719.66,136,0,0,0,239.714,0,0,184.957,184.957,94.2562,94.2562,2925.6,2855.24,1823.57,8684.19,8923.9,4706.41,4706.41,2979.82,1442.34,1442.34,5636.19,68.1811,4182.35
4007,2023-12-22,00:00:00.00,206.365,7652.52,184.957,94.2562,0,0,2719.66,136,0,0,0,239.714,0,0,184.957,184.957,94.2562,94.2562,2925.6,2855.24,1823.57,8684.19,8923.9,4706.65,4706.65,2979.82,1442.58,1442.58,5636.19,68.1811,4183.55
4008,2023-12-23,00:00:00.00,206.365,7652.52,184.957,94.3578,0,0,2722.51,136,0,0,0,239.78,0,0,184.957,184.957,94.3578,94.3578,2925.6,2855.24,1823.57,8684.19,8923.97,4706.66,4706.66,2979.82,1442.66,1442.66,5636.19,68.1811,4184.61
4009,2023-12-24,00:00:00.00,206.365,7652.52,184.957,94.6018,0,0,2729.34,136,0,0,0,239.937,0,0,184.957,184.957,94.6018,94.6018,2925.6,2855.24,1823.57,8684.19,8924.12,4706.66,4706.66,2979.82,1442.85,1442.85,5636.19,68.1811,4185.54
4010,2023-12-25,00:00:00.00,206.365,7652.52,184.962,94.6018,0,0,2729.34,136.191,0,0,0,239.941,0,0,184.962,184.962,94.6018,94.6018,2928.91,2858.5,1823.62,8687.4,8927.34,4706.72,4706.72,2980.36,1443.16,1443.16,5638.86,68.1811,4186.62
4011,2023-12-26,00:00:00.00,206.365,7652.52,184.962,94.6018,0,0,2729.34,136.191,0,0,0,239.941,0,0,184.962,184.962,94.6018,94.6018,2934.73,2864.52,1823.7,8693.35,8933.29,4707.03,4707.03,2980.84,1443.48,1443.48,5644.32,68.1811,4188.14
4012,2023-12-27,00:00:00.00,206.365,7661.71,185.208,94.6018,0,0,2729.34,136.191,0,0,0,240.151,0,0,185.208,185.208,94.6018,94.6018,2935.46,2865.28,1823.8,8703.18,8943.34,4707.27,4707.27,2981.26,1443.79,1443.79,5653.74,68.1811,4190.46
4013,2023-12-28,00:00:00.00,206.365,7667.65,185.367,94.6018,0,0,2729.34,136.191,0,0,0,240.286,0,0,185.367,185.367,94.6018,94.6018,2935.71,2865.54,1823.86,8709.32,8949.61,4707.52,4707.52,2981.64,1444.11,1444.11,5659.5,68.1811,4193.12
4014,2023-12-29,00:00:00.00,206.365,7670.52,185.444,94.6018,0,0,2729.34,136.191,0,0,0,240.352,0,0,185.444,185.444,94.6018,94.6018,2935.71,2865.54,1823.89,8712.17,8952.52,4707.77,4707.77,2981.99,1444.42,1444.42,5662,68.1811,4195.73
4015,2023-12-30,00:00:00.00,206.365,7674.92,185.562,94.6018,0,0,2729.34,136.191,0,0,0,240.452,0,0,185.562,185.562,94.6018,94.6018,2935.71,2865.54,1823.92,8716.54,8956.99,4708.03,4708.03,2982.31,1444.74,1444.74,5666.04,68.1811,4198.45
4016,2023-12-31,00:00:00.00,206.365,7674.92,185.562,94.6018,0,0,2729.34,136.191,0,0,0,240.452,0,0,185.562,185.562,94.6018,94.6018,2935.71,2865.54,1823.92,8716.54,8956.99,4708.23,4708.23,2982.31,1444.94,1444.94,5666.04,68.1811,4200.86
4017,2024-01-01,00:00:00.00,206.365,7674.92,185.562,94.7712,0,0,2734.09,136.191,0,0,0,240.562,0,0,185.562,185.562,94.7712,94.7712,2935.71,2865.54,1823.92,8716.54,8957.1,4708.24,4708.24,2982.31,1445.16,1445.16,5666.04,68.1811,4203
