time [d],date,hour,rainfall [mm/day],snowfall [mm/d SWE],Channel Storage [mm],Reservoir Storage [mm],Rivulet Storage [mm],Surface Water [mm],Cum. Losses to Atmosphere [mm],Ponded Water [mm],Soil Water[0] [mm],Soil Water[1] [mm],Soil Water[2] [mm],Snow Melt (Liquid) [mm],Snow [mm],Canopy [mm],Canopy Snow [mm], Total [mm], Cum. Inputs [mm], Cum. Outflow [mm], MB Error [mm]
0,2013-01-01,00:00:00.00,---,---,0,107.636,0.958248,0,0,0,0,0,0,0,0,0,0,109.102,0,0,0
1,2013-01-02,00:00:00.00,0,0,9.95713e-18,108.078,0.479124,0,0,0,0,0,0,0,0,0,0,108.557,0,0.0663402,-0.479124
2,2013-01-03,00:00:00.00,0,0.20095,9.95713e-18,107.967,0.479124,0,0.00677607,0,0,0.00436837,0,0,0.189805,0,0,108.647,0.20095,0.177267,-0.479124
3,2013-01-04,00:00:00.00,0,0.602849,9.95713e-18,107.889,0.479124,0,0.0271043,0,0,0.0174735,0,0,0.759221,0,0,109.172,0.803799,0.255463,-0.479124
4,2013-01-05,00:00:00.00,0,0,9.95713e-18,107.828,0.479124,0,0.0271043,0,0,0.0174735,0,0,0.759221,0,0,109.111,0.803799,0.316399,-0.479124
5,2013-01-06,00:00:00.00,0,2.61235,9.95713e-18,107.781,0.479124,0,0.115193,0,0,0.0742623,0,0,3.22669,0,0,111.677,3.41614,0.362854,-0.479124
6,2013-01-07,00:00:00.00,0,2.0095,9.95713e-18,107.746,0.479124,0,0.182954,0,0,0.117946,0,0,5.12474,0,0,113.651,5.42564,0.398436,-0.479124
7,2013-01-08,00:00:00.00,0,0,9.95713e-18,107.721,0.479124,0,0.182954,0,0,0.117946,0,0,5.12474,0,0,113.626,5.42564,0.422884,-0.479124
8,2013-01-09,00:00:00.00,0,0,9.95713e-18,107.7,0.479124,0,0.182954,0,0,0.117946,0,0,5.12474,0,0,113.605,5.42564,0.444389,-0.479124
9,2013-01-10,00:00:00.00,0,0,9.95713e-18,107.683,0.479124,0,0.182954,0,0,0.117946,0,0,5.12474,0,0,113.588,5.42564,0.46122,-0.479124
10,2013-01-11,00:00:00.00,4.78812,0.23562,9.95713e-18,107.67,0.479124,0,0.313823,-1.425e-16,7.25182,0.227155,0,0.0891837,2.5674,0,0,118.598,10.4494,0.474525,-0.479124
11,2013-01-12,00:00:00.00,5.02374,0,9.95713e-18,107.659,0.479124,0,0.47095,-1.11358e-16,14.5336,0.336364,0,0.00443961,0.127807,0,0,123.611,15.4731,0.485165,-0.479124
12,2013-01-13,00:00:00.00,17.8845,0,9.95713e-18,107.65,0.479124,0,0.964528,2.35805e-16,31.668,0.725149,0,0,0,0,0,141.487,33.3576,0.493784,-0.479124
13,2013-01-14,00:00:00.00,4.82279,0,9.95713e-18,107.643,0.479124,0,1.16485,0,36.1856,0.82999,0,0,0,0,0,146.303,38.1804,0.500871,-0.479123
14,2013-01-15,00:00:00.00,0,0.20095,9.95713e-18,107.637,0.479124,0,1.18712,0,36.1701,0.834358,0,0,0.189805,0,0,146.498,38.3814,0.506805,-0.479123
15,2013-01-16,00:00:00.00,0,0,9.95713e-18,107.632,0.479124,0,1.20599,0,36.1512,0.834358,0,0,0.189805,0,0,146.493,38.3814,0.511873,-0.479123
16,2013-01-17,00:00:00.00,0,0,9.95713e-18,107.628,0.479124,0,1.22482,0,36.1324,0.834358,0,0,0.189805,0,0,146.488,38.3814,0.516294,-0.479122
17,2013-01-18,00:00:00.00,0,7.03324,9.95713e-18,107.627,0.479124,0,1.46199,0,36.1324,0.987251,0,0,6.83299,0,0,153.521,45.4146,0.517039,-0.479121
18,2013-01-19,00:00:00.00,0,0,9.95713e-18,107.625,0.479124,0,1.4746,0,36.1198,0.987251,0,0,6.83299,0,0,153.518,45.4146,0.519683,-0.47912
19,2013-01-20,00:00:00.00,0,3.61709,9.95713e-18,107.621,0.479124,0,1.60076,0,36.1156,1.06588,0,0,10.2495,0,0,157.132,49.0317,0.52342,-0.479103
20,2013-01-21,00:00:00.00,0,1.40665,9.95713e-18,107.62,0.479124,0,1.64909,0,36.1147,1.09646,0,0,11.5781,0,0,158.537,50.4384,0.524294,-0.479072
21,2013-01-22,00:00:00.00,0,0.401899,9.95713e-18,107.62,0.479124,0,1.66264,0,36.1147,1.1052,0,0,11.9577,0,0,158.939,50.8403,0.524294,-0.479072
22,2013-01-23,00:00:00.00,0,0.803799,9.95713e-18,107.62,0.479124,0,1.68975,0,36.1147,1.12267,0,0,12.717,0,0,159.743,51.6441,0.524294,-0.479072
23,2013-01-24,00:00:00.00,0,0.20095,9.95713e-18,107.62,0.479124,0,1.69652,0,36.1147,1.12704,0,0,12.9068,0,0,159.944,51.845,0.524294,-0.479072
24,2013-01-25,00:00:00.00,0,0,9.95713e-18,107.62,0.479124,0,1.69652,0,36.1147,1.12704,0,0,12.9068,0,0,159.944,51.845,0.524294,-0.479072
25,2013-01-26,00:00:00.00,0,1.00475,9.95713e-18,107.62,0.479124,0,1.7304,0,36.1147,1.14888,0,0,13.8558,0,0,160.949,52.8498,0.524294,-0.479072
26,2013-01-27,00:00:00.00,0,0,9.95713e-18,107.62,0.479124,0,1.7304,0,36.1147,1.14888,0,0,13.8558,0,0,160.949,52.8498,0.524294,-0.479072
27,2013-01-28,00:00:00.00,0,7.03324,9.95713e-18,107.62,0.479124,0,1.96757,0,36.1147,1.30177,0,0,20.499,0,0,167.982,59.883,0.524294,-0.479072
28,2013-01-29,00:00:00.00,0,3.21519,9.95713e-18,107.616,0.479124,0,2.08023,0,36.1105,1.37167,0,0,23.5359,0,0,171.194,63.0982,0.528031,-0.479062
29,2013-01-30,00:00:00.00,17.6836,0,1.93301e-17,108.17,1.13611,0,2.53494,0,59.5374,1.75608,11.018,0.155142,4.46619,0,0,188.774,80.7818,0.631544,-0.479062
30,2013-01-31,00:00:00.00,7.03324,0,-2.83917e-17,108.988,1.11706,0,2.99618,0,68.9265,1.90898,10.6985,0.0233328,0.6717,0,0,195.33,87.815,1.10832,-0.479062
31,2013-02-01,00:00:00.00,0,12.2579,3.54009e-16,109.312,1.04538,0,3.47953,0,68.9261,2.17545,9.49636,0,12.2732,0,0,206.708,100.073,1.98794,-0.479062
32,2013-02-02,00:00:00.00,0,2.61235,5.28973e-16,109.363,0.985045,0,3.56761,0,68.9261,2.23224,8.48452,0,14.7406,0,0,208.299,102.685,3.00991,-0.479062
33,2013-02-03,00:00:00.00,0,1.00475,1.66276e-16,109.316,0.931139,0,3.6015,0,68.9261,2.25408,7.58049,0,15.6896,0,0,208.299,103.69,4.01417,-0.479062
34,2013-02-04,00:00:00.00,0,1.2057,1.9091e-17,109.24,0.882976,0,3.64215,0,68.9261,2.28029,6.77279,0,16.8285,0,0,208.573,104.896,4.94607,-0.479062
35,2013-02-05,00:00:00.00,0,0.401899,2.96283e-17,109.158,0.839946,0,3.6557,0,68.9261,2.28902,6.05115,0,17.2081,0,0,208.128,105.298,5.79278,-0.479062
36,2013-02-06,00:00:00.00,0,1.2057,1.87175e-17,109.076,0.8015,0,3.69636,0,68.9261,2.31524,5.40639,0,18.3469,0,0,208.568,106.503,6.55865,-0.479062
37,2013-02-07,00:00:00.00,0,0,-6.5082e-17,108.995,0.767151,0,3.69636,0,68.9261,2.31524,4.83034,0,18.3469,0,0,207.877,106.503,7.25014,-0.479062
38,2013-02-08,00:00:00.00,0,17.0807,-5.19007e-17,108.919,0.736461,0,4.27232,0,68.9261,2.68655,4.31567,0,34.4804,0,0,224.336,123.584,7.87151,-0.479062
39,2013-02-09,00:00:00.00,0,12.8608,-1.70261e-16,108.848,0.709042,0,4.70598,0,68.9261,2.96612,3.85583,0,46.6279,0,0,236.639,136.445,8.42887,-0.479057
40,2013-02-10,00:00:00.00,0,0,-2.71978e-16,108.781,0.684544,0,4.70598,0,68.9261,2.96612,3.44499,0,46.6279,0,0,236.137,136.445,8.93146,-0.479057
41,2013-02-11,00:00:00.00,0,4.82279,-3.29263e-16,108.715,0.662656,0,4.86861,0,68.9261,3.07096,3.07792,0,51.1832,0,0,240.505,141.268,9.38611,-0.479057
42,2013-02-12,00:00:00.00,0.989012,2.02523,-2.83242e-16,108.638,0.629554,0,5.22662,0,69.8693,3.13649,2.52277,1.75513,51.33,0,0,243.108,144.282,9.7974,-0.479057
43,2013-02-13,00:00:00.00,0,0,-2.80979e-16,108.552,0.599978,0,5.53016,0,69.82,3.13649,2.02678,0,53.0851,0,0,242.75,144.282,10.1551,-0.479057
44,2013-02-14,00:00:00.00,0,0,-2.35278e-16,108.464,0.575207,0,5.80266,0,69.7708,3.13649,1.61136,0,53.0851,0,0,242.446,144.282,10.4593,-0.479057
45,2013-02-15,00:00:00.00,0,0,-2.50834e-16,108.377,0.553471,0,6.06774,0,69.7215,3.13649,1.24683,0,53.0851,0,0,242.189,144.282,10.7167,-0.479057
46,2013-02-16,00:00:00.00,0,1.00475,-2.19946e-16,108.292,0.534631,0,6.32339,0,69.7047,3.15833,0.930884,0,54.0341,0,0,242.978,145.287,10.9319,-0.479057
47,2013-02-17,00:00:00.00,0,1.40665,-2.25753e-16,108.225,0.528717,0,6.37082,0,69.7047,3.18891,0.831697,0,55.3627,0,0,244.213,146.693,11.1041,-0.479057
48,2013-02-18,00:00:00.00,0,0,-2.32296e-16,108.176,0.523433,0,6.37082,0,69.7047,3.18891,0.74308,0,55.3627,0,0,244.069,146.693,11.2473,-0.479057
49,2013-02-19,00:00:00.00,0,4.01899,-2.50099e-16,108.138,0.518712,0,6.50634,0,69.7047,3.27628,0.663904,0,59.1589,0,0,247.966,150.712,11.3693,-0.479057
50,2013-02-20,00:00:00.00,0,3.01425,-2.4267e-16,108.091,0.502995,0,6.83398,0,69.6945,3.3418,0.400329,0,62.0059,0,0,250.87,153.727,11.4797,-0.479057
51,2013-02-21,00:00:00.00,0,1.00475,-2.43949e-16,108.045,0.500451,0,6.86786,0,69.6945,3.36364,0.357674,0,62.955,0,0,251.785,154.731,11.5702,-0.479057
52,2013-02-22,00:00:00.00,0,0,-2.21769e-16,108.006,0.498179,0,6.86786,0,69.6945,3.36364,0.319563,0,62.955,0,0,251.705,154.731,11.6495,-0.479057
53,2013-02-23,00:00:00.00,0,0.803799,-2.23092e-16,107.964,0.489543,0,7.025,0,69.6885,3.38112,0.174729,0,63.7142,0,0,252.437,155.535,11.7218,-0.479057
54,2013-02-24,00:00:00.00,0,4.42089,-2.23045e-16,107.911,0.479172,0,7.35776,0,69.6786,3.47722,0.000813974,0,67.8899,0,0,256.795,159.956,11.7846,-0.479057
55,2013-02-25,00:00:00.00,0,0,-2.22907e-16,107.861,0.479134,0,7.40763,0,69.6293,3.47722,0.000176877,0,67.8899,0,0,256.744,159.956,11.8349,-0.479057
56,2013-02-26,00:00:00.00,0,0.20095,-2.23086e-16,107.822,0.479124,0,7.45785,0,69.5861,3.48159,0,0,68.0797,0,0,256.906,160.157,11.8743,-0.479057
57,2013-02-27,00:00:00.00,0,14.2674,-2.23086e-16,107.79,0.479124,0,7.94678,0,69.5782,3.79174,0,0,81.5559,0,0,271.142,174.424,11.9055,-0.479057
58,2013-02-28,00:00:00.00,0.348506,11.7085,-2.23086e-16,107.765,0.479124,0,8.35879,0,69.5699,4.05385,0,1.29804,91.649,0,0,283.174,186.481,11.9306,-0.479057
59,2013-03-01,00:00:00.00,0,0,-2.23086e-16,107.745,0.479124,0,8.40803,0,69.5207,4.05385,0,0.31323,92.6338,0,0,283.154,186.481,11.9509,-0.479057
60,2013-03-02,00:00:00.00,0,0,-2.23086e-16,107.734,0.479124,0,8.40803,0,69.5207,4.05385,0,0,92.9471,0,0,283.142,186.481,11.9622,-0.479057
61,2013-03-03,00:00:00.00,0,0,-2.23086e-16,107.725,0.479124,0,8.40803,0,69.5207,4.05385,0,0,92.9471,0,0,283.133,186.481,11.9713,-0.479057
62,2013-03-04,00:00:00.00,0,0,-2.23086e-16,107.717,0.479124,0,8.40803,0,69.5207,4.05385,0,0,92.9471,0,0,283.126,186.481,11.9786,-0.479057
63,2013-03-05,00:00:00.00,0,0,-2.23086e-16,107.711,0.479124,0,8.40803,0,69.5207,4.05385,0,0,92.9471,0,0,283.12,186.481,11.9845,-0.479057
64,2013-03-06,00:00:00.00,0,0,-2.23086e-16,107.706,0.479124,0,8.40803,0,69.5207,4.05385,0,0,92.9471,0,0,283.115,186.481,11.9895,-0.479057
65,2013-03-07,00:00:00.00,0,1.80855,-2.23086e-16,107.689,0.479124,0,8.53316,0,69.4565,4.09316,0,0,94.6553,0,0,284.906,188.29,12.007,-0.479057
66,2013-03-08,00:00:00.00,0,0.602849,-2.23086e-16,107.667,0.479124,0,8.7057,0,73.4053,4.10627,0,3.02304,88.1007,0,0,285.488,188.893,12.0285,-0.479057
67,2013-03-09,00:00:00.00,0,0,-2.22558e-16,107.763,0.611174,0,8.87587,0,78.1646,4.10627,2.21455,2.8104,80.9053,0,0,285.452,188.893,12.0646,-0.479057
68,2013-03-10,00:00:00.00,0,0,-2.36161e-16,107.917,0.569555,0,9.51098,0,78.0465,4.10627,1.51658,0.785223,82.9305,0,0,285.383,188.893,12.1331,-0.479057
69,2013-03-11,00:00:00.00,2.61235,0,-1.09135e-16,108.854,1.70188,0,10.435,0,84.4673,4.16305,20.5061,1.93003,55.5614,0,0,287.619,191.505,12.5096,-0.479057
70,2013-03-12,00:00:00.00,22.1045,0,3.19319e-16,111.386,3.79471,0,11.8536,0,90.2342,4.64358,55.6039,1.01387,29.187,0,0,307.717,213.61,14.5164,-0.479057
71,2013-03-13,00:00:00.00,0,0.602849,-1.62454e-16,113.112,3.44982,0,12.9047,0,91.4864,4.65668,49.8199,0.951059,27.3789,0,0,303.76,214.212,19.0763,-0.479057
72,2013-03-14,00:00:00.00,0,0.602849,3.0396e-16,113.102,3.12716,0,13.0449,0,91.4816,4.66979,44.4087,0,28.8994,0,0,298.733,214.815,24.7054,-0.479057
73,2013-03-15,00:00:00.00,0,0,6.84005e-17,112.875,2.84501,0,13.0449,0,91.4816,4.66979,39.6769,0,28.8994,0,0,293.492,214.815,29.9462,-0.479057
74,2013-03-16,00:00:00.00,0,0.803799,-2.83666e-16,112.628,2.58094,0,13.3166,0,91.462,4.68726,35.2484,0,29.6586,0,0,289.581,215.619,34.661,-0.479057
75,2013-03-17,00:00:00.00,0,1.2057,-4.07212e-16,112.392,2.35699,0,13.3572,0,91.462,4.71347,31.4927,0,30.7974,0,0,286.572,216.825,38.8766,-0.479057
76,2013-03-18,00:00:00.00,0,0,5.13695e-16,112.171,2.1569,0,13.3572,0,91.462,4.71347,28.1371,0,30.7974,0,0,282.795,216.825,42.6534,-0.479057
77,2013-03-19,00:00:00.00,0,3.21519,9.5179e-16,111.959,1.97813,0,13.4657,0,91.462,4.78336,25.1391,0,33.8343,0,0,282.622,220.04,46.0414,-0.479057
78,2013-03-20,00:00:00.00,0,1.40665,2.19484e-16,111.747,1.80936,0,13.69,0,91.4551,4.81394,22.3086,0,35.163,0,0,280.987,221.447,49.0834,-0.479057
79,2013-03-21,00:00:00.00,0,0.401899,3.20268e-16,111.543,1.66762,0,13.7036,0,91.4551,4.82268,19.9316,0,35.5426,0,0,278.667,221.848,51.8053,-0.479057
80,2013-03-22,00:00:00.00,0,1.6076,2.80521e-16,111.354,1.54098,0,13.7578,0,91.4551,4.85763,17.8079,0,37.061,0,0,277.834,223.456,54.245,-0.479056
81,2013-03-23,00:00:00.00,0,0.20095,1.79799e-16,111.17,1.42464,0,13.8304,0,91.4494,4.86199,15.8567,0,37.2508,0,0,275.844,223.657,56.4367,-0.479056
82,2013-03-24,00:00:00.00,0,0,4.4213e-16,110.96,1.29143,0,14.5578,0,91.3314,4.86199,13.6227,0,37.2508,0,0,273.876,223.657,58.404,-0.479056
83,2013-03-25,00:00:00.00,0,0,3.83198e-16,110.752,1.18704,0,14.9574,0,91.2666,4.86199,11.8721,0,37.2508,0,0,272.148,223.657,60.1329,-0.479056
84,2013-03-26,00:00:00.00,0,0,1.27968e-16,110.598,1.17374,0,16.0062,0,92.1579,4.86199,11.6491,1.01453,33.1299,0,0,270.591,223.657,61.689,-0.479056
85,2013-03-27,00:00:00.00,0,0,-2.97313e-16,110.901,1.74193,0,17.0549,0,93.7386,4.86199,21.1778,0.65331,18.8074,0,0,268.937,223.657,63.3431,-0.479056
86,2013-03-28,00:00:00.00,0.348506,1.05814,1.29181e-17,111.257,1.6077,0,18.0983,0,94.3381,4.89257,18.9268,0.644149,18.5436,0,0,268.308,225.064,65.3787,-0.479056
87,2013-03-29,00:00:00.00,0,0,1.55785e-16,111.418,1.8597,0,19.2874,0,95.0321,4.89257,23.1528,0.346367,9.97116,0,0,265.96,225.064,67.727,-0.479056
88,2013-03-30,00:00:00.00,0,0,3.99862e-16,111.523,1.71769,0,20.9115,0,94.9297,4.89257,20.7714,0.292066,8.40793,0,0,263.445,225.064,70.2416,-0.479056
89,2013-03-31,00:00:00.00,0,0,1.02616e-15,111.36,1.5518,0,22.6687,0,94.479,4.89257,17.9892,0.269589,7.76087,0,0,260.971,225.064,72.7157,-0.479056
90,2013-04-01,00:00:00.00,2.4114,0.401899,1.53563e-15,111.203,1.52041,0,24.4259,0,94.8858,4.95373,17.4628,0.23709,6.82529,0,0,261.514,227.877,74.9861,-0.479056
91,2013-04-02,00:00:00.00,0,7.63609,1.23231e-15,111.099,1.40946,0,24.6834,0,94.8858,5.11973,15.6021,0,14.275,0,0,267.075,235.513,77.0616,-0.479056
92,2013-04-03,00:00:00.00,0,1.6076,1.61191e-15,110.955,1.31033,0,24.7376,0,94.8858,5.15467,13.9397,0,15.7934,0,0,266.776,237.121,78.9678,-0.479056
93,2013-04-04,00:00:00.00,0,0,1.86076e-15,110.804,1.22177,0,24.7376,0,94.8858,5.15467,12.4544,0,15.7934,0,0,265.052,237.121,80.6925,-0.479056
94,2013-04-05,00:00:00.00,0,0,1.76667e-15,110.657,1.14264,0,24.7376,0,94.8858,5.15467,11.1274,0,15.7934,0,0,263.498,237.121,82.2459,-0.479056
95,2013-04-06,00:00:00.00,0,0,1.42021e-15,110.583,1.1749,0,24.7376,0,95.5605,5.15467,11.6685,0.329395,12.8566,0,0,262.065,237.121,83.6787,-0.479056
96,2013-04-07,00:00:00.00,0.0816252,0.320274,1.35506e-15,110.532,1.10076,0,24.7505,0,95.5605,5.16341,10.4252,0.0813278,13.485,0,0,261.098,237.523,85.0475,-0.479056
97,2013-04-08,00:00:00.00,0,0,1.63731e-15,110.53,1.24968,0,28.6477,0,94.8756,5.16341,12.9226,0.212019,6.10355,0,0,259.704,237.523,86.4417,-0.479056
98,2013-04-09,00:00:00.00,10.4494,0,1.75367e-15,110.923,1.66556,0,30.6428,0,95.3841,5.39057,19.897,0.157343,4.52956,0,0,268.59,247.972,88.0054,-0.479056
99,2013-04-10,00:00:00.00,24.7168,0,1.49418e-15,111.988,2.71367,0,35.6086,0,95.0188,5.92788,37.4743,0.074511,2.14501,0,0,290.95,272.689,90.3618,-0.479056
100,2013-04-11,00:00:00.00,13.4636,0,4.53045e-16,113.263,3.14333,0,36.7509,0,95.8698,6.22056,44.6799,0.0289785,0.834226,0,0,300.791,286.152,93.9852,-0.479056
101,2013-04-12,00:00:00.00,0,16.6788,7.07834e-16,113.756,2.85946,0,37.3133,0,95.8698,6.58313,39.9193,0,16.617,0,0,312.918,302.831,98.5367,-0.479056
102,2013-04-13,00:00:00.00,4.02181,8.23612,5.24779e-17,113.774,2.73911,0,37.6936,0,96.6203,6.8496,37.901,0.577225,24.3987,0,0,320.553,315.089,103.159,-0.479056
103,2013-04-14,00:00:00.00,2.0095,0.401899,1.56326e-15,114.112,3.1791,0,37.7584,0,97.3537,6.90202,45.2798,0.461866,13.2961,0,0,318.343,317.501,107.781,-0.479056
104,2013-04-15,00:00:00.00,0,0,1.67557e-15,114.702,3.45779,0,37.7584,0,97.8846,6.90202,49.9536,0.087146,2.50874,0,0,313.254,317.501,112.87,-0.479056
105,2013-04-16,00:00:00.00,1.00475,0,2.27457e-15,114.84,3.14385,0,43.0643,0,96.093,6.92386,44.6887,0,0,0,0,308.754,318.505,118.375,-0.479056
106,2013-04-17,00:00:00.00,1.40665,0,2.70774e-15,114.541,2.72797,0,48.3703,0,94.6399,6.95444,37.7142,0,0,0,0,304.948,319.912,123.588,-0.479056
107,2013-04-18,00:00:00.00,14.6693,0,3.26743e-15,114.537,3.04813,0,52.2982,0,94.5552,7.27333,43.0834,0,0,0,0,314.796,334.581,128.409,-0.479056
108,2013-04-19,00:00:00.00,14.6693,0,3.39308e-15,114.913,3.28879,0,57.6042,0,93.9444,7.59222,47.1193,0,0,0,0,324.462,349.251,133.412,-0.479056
109,2013-04-20,00:00:00.00,3.81804,0.803799,5.78167e-15,114.995,2.99528,0,62.9101,0,93.0498,7.6927,42.1971,0,0,0,0,323.84,353.872,138.656,-0.479056
110,2013-04-21,00:00:00.00,0,0.20095,5.92769e-15,114.786,2.72718,0,62.9169,0,93.0498,7.69706,37.701,0,0.189805,0,0,319.067,354.073,143.629,-0.479056
111,2013-04-22,00:00:00.00,0,0,6.92326e-15,114.523,2.48765,0,62.9169,0,93.2396,7.69706,33.6839,0,0,0,0,314.548,354.073,148.149,-0.479056
112,2013-04-23,00:00:00.00,0,0,6.14706e-15,114.167,2.1875,0,66.1508,0,91.6226,7.69706,28.6502,0,0,0,0,310.476,354.073,152.221,-0.479056
113,2013-04-24,00:00:00.00,0.602849,0,6.31287e-15,113.704,1.86413,0,71.4568,0,89.5594,7.71017,23.2272,0,0,0,0,307.521,354.676,155.778,-0.479056
114,2013-04-25,00:00:00.00,9.04274,0,6.09677e-15,113.424,1.92464,0,75.6856,0,90.2709,7.90675,24.2419,0,0,0,0,313.454,363.719,158.888,-0.479056
115,2013-04-26,00:00:00.00,2.4114,0,5.38179e-15,113.317,1.78778,0,75.9696,0,92.0237,7.95917,21.9468,0,0,0,0,313.004,366.13,161.75,-0.479056
116,2013-04-27,00:00:00.00,0,0,5.2046e-15,113.018,1.5622,0,79.2036,0,90.4067,7.95917,18.1637,0,0,0,0,310.314,366.13,164.44,-0.479056
117,2013-04-28,00:00:00.00,0,0,5.39947e-15,112.576,1.30546,0,84.5096,0,87.7537,7.95917,13.858,0,0,0,0,307.962,366.13,166.792,-0.479056
118,2013-04-29,00:00:00.00,7.23419,0,5.7174e-15,112.216,1.28237,0,89.8155,0,88.3054,8.11643,13.4709,0,0,0,0,313.207,373.365,168.781,-0.479056
119,2013-04-30,00:00:00.00,0,0,6.26301e-15,111.884,1.05545,0,95.1215,0,85.6524,8.11643,9.66524,0,0,0,0,311.495,373.365,170.493,-0.479056
120,2013-05-01,00:00:00.00,0,0,6.45019e-15,111.424,0.852704,0,100.427,0,82.9994,8.11643,6.2651,0,0,0,0,310.086,373.365,171.902,-0.479056
121,2013-05-02,00:00:00.00,0,0,6.38556e-15,110.758,0.516545,0,111.571,0,77.4183,8.11643,0.627562,0,0,0,0,309.008,373.365,172.98,-0.479056
122,2013-05-03,00:00:00.00,0,0,6.32746e-15,110.114,0.479124,0,117.78,0,71.8372,8.11643,0,0,0,0,0,308.327,373.365,173.661,-0.479056
123,2013-05-04,00:00:00.00,0,0,6.32746e-15,109.686,0.479124,0,123.361,0,66.2561,8.11643,0,0,0,0,0,307.899,373.365,174.089,-0.479056
124,2013-05-05,00:00:00.00,0,0,6.32746e-15,109.379,0.479124,0,128.942,0,60.675,8.11643,0,0,0,0,0,307.592,373.365,174.396,-0.479056
125,2013-05-06,00:00:00.00,0,0,6.32746e-15,109.135,0.479124,0,134.523,0,55.0939,8.11643,0,0,0,0,0,307.348,373.365,174.64,-0.479056
126,2013-05-07,00:00:00.00,0,0,6.32746e-15,108.925,0.479124,0,140.049,0,49.5681,8.11643,0,0,0,0,0,307.138,373.365,174.85,-0.479056
127,2013-05-08,00:00:00.00,0,0,6.32746e-15,108.736,0.479124,0,145.052,0,44.5647,8.11643,0,0,0,0,0,306.948,373.365,175.04,-0.479056
128,2013-05-09,00:00:00.00,0.803799,0,6.32746e-15,108.563,0.479124,0,149.58,0,40.8235,8.1339,0,0,0,0,0,307.579,374.168,175.212,-0.479056
129,2013-05-10,00:00:00.00,0.20095,0,6.32746e-15,108.405,0.479124,0,153.709,0,36.8912,8.13827,0,0,0,0,0,307.622,374.369,175.371,-0.479056
130,2013-05-11,00:00:00.00,23.1092,0,6.34268e-15,108.467,0.63885,0,155.888,0,54.3204,8.64063,2.67868,0,0,0,0,330.634,397.478,175.468,-0.479056
131,2013-05-12,00:00:00.00,0.20095,0,6.32524e-15,108.672,0.621831,0,155.893,0,54.5119,8.645,2.39326,0,0,0,0,330.737,397.679,175.565,-0.479056
132,2013-05-13,00:00:00.00,0,2.61235,6.26001e-15,108.776,0.606625,0,155.982,0,56.9793,8.70179,2.13826,0,0,0,0,333.183,400.292,175.732,-0.479056
133,2013-05-14,00:00:00.00,0,0,6.24679e-15,108.809,0.59304,0,155.982,0,56.9793,8.70179,1.91043,0,0,0,0,332.975,400.292,175.94,-0.479056
134,2013-05-15,00:00:00.00,0.803799,0,6.24441e-15,108.802,0.580902,0,156.002,0,57.7452,8.71926,1.70687,0,0,0,0,333.556,401.096,176.163,-0.479056
135,2013-05-16,00:00:00.00,0,0,6.26331e-15,108.636,0.479262,0,160.872,0,54.5799,8.71926,0.00232062,0,0,0,0,333.288,401.096,176.431,-0.479056
136,2013-05-17,00:00:00.00,0,0,6.26334e-15,108.437,0.479124,0,163.65,0,51.8041,8.71926,0,0,0,0,0,333.09,401.096,176.629,-0.479056
137,2013-05-18,00:00:00.00,0,0,6.26334e-15,108.349,0.479124,0,163.65,0,51.8041,8.71926,0,0,0,0,0,333.001,401.096,176.718,-0.479056
138,2013-05-19,00:00:00.00,0,0,6.26334e-15,108.202,0.479124,0,166.943,0,48.511,8.71926,0,0,0,0,0,332.854,401.096,176.865,-0.479056
139,2013-05-20,00:00:00.00,0,0,6.26334e-15,108.031,0.479124,0,171.839,0,43.6143,8.71926,0,0,0,0,0,332.683,401.096,177.036,-0.479056
140,2013-05-21,00:00:00.00,12.057,0,6.26334e-15,107.879,0.479124,0,176.679,0,50.5692,8.98136,0,0,0,0,0,344.588,413.153,177.188,-0.479056
141,2013-05-22,00:00:00.00,32.9557,0,6.25489e-15,108.378,1.23222,0,182.259,0,63.093,9.69778,12.6298,0,0,0,0,377.29,446.108,177.442,-0.479056
142,2013-05-23,00:00:00.00,2.21045,0,6.48349e-15,108.938,0.854644,0,193.421,0,59.6745,9.74583,6.29764,0,0,0,0,378.931,448.319,178.011,-0.479056
143,2013-05-24,00:00:00.00,2.8133,0,6.47465e-15,108.844,0.683136,0,198.357,0,59.9589,9.80699,3.42137,0,0,0,0,381.071,451.132,178.684,-0.479056
144,2013-05-25,00:00:00.00,0.20095,0,6.46286e-15,108.701,0.661398,0,198.362,0,60.1504,9.81135,3.05682,0,0,0,0,380.743,451.333,179.213,-0.479056
145,2013-05-26,00:00:00.00,0,0,6.56797e-15,108.608,0.641977,0,198.362,0,60.1504,9.81135,2.73112,0,0,0,0,380.305,451.333,179.651,-0.479056
146,2013-05-27,00:00:00.00,0,0,6.55263e-15,108.54,0.624625,0,198.362,0,60.1504,9.81135,2.44012,0,0,0,0,379.929,451.333,180.028,-0.479056
147,2013-05-28,00:00:00.00,3.01425,0,6.5402e-15,108.354,0.498789,0,202.552,0,60.98,9.87688,0.329799,0,0,0,0,382.592,454.347,180.379,-0.479056
148,2013-05-29,00:00:00.00,17.2817,0,6.44535e-15,108.369,0.795296,0,205.36,0,69.4731,10.2526,5.30236,0,0,0,0,399.553,471.629,180.7,-0.479056
149,2013-05-30,00:00:00.00,1.2057,0,6.39367e-15,108.286,0.479632,0,216.234,0,65.0715,10.2788,0.00851304,0,0,0,0,400.359,472.835,181.099,-0.479056
150,2013-05-31,00:00:00.00,1.00475,0,6.39371e-15,107.955,0.479124,0,221.824,0,60.4732,10.3006,0,0,0,0,0,401.032,473.839,181.431,-0.479056
151,2013-06-01,00:00:00.00,5.62659,0,6.39371e-15,107.719,0.479124,0,227.404,0,60.3974,10.4229,0,0,0,0,0,406.422,479.466,181.667,-0.479056
152,2013-06-02,00:00:00.00,13.2627,0,6.40516e-15,107.571,0.571007,0,234.736,0,64.3152,10.7112,1.54092,0,0,0,0,419.446,492.729,181.906,-0.479056
153,2013-06-03,00:00:00.00,2.0095,0,6.4166e-15,107.505,0.479124,0,240.349,0,62.2092,10.7549,0,0,0,0,0,421.297,494.738,182.065,-0.479056
154,2013-06-04,00:00:00.00,0,0,6.4166e-15,107.448,0.479124,0,240.349,0,62.2092,10.7549,0,0,0,0,0,421.24,494.738,182.122,-0.479056
155,2013-06-05,00:00:00.00,0,0,6.4166e-15,107.405,0.479124,0,240.349,0,62.2092,10.7549,0,0,0,0,0,421.197,494.738,182.165,-0.479056
156,2013-06-06,00:00:00.00,0,0,6.4166e-15,107.373,0.479124,0,240.349,0,62.2092,10.7549,0,0,0,0,0,421.165,494.738,182.197,-0.479056
157,2013-06-07,00:00:00.00,5.22469,0,6.4166e-15,107.349,0.479124,0,240.482,0,67.1871,10.8685,0,0,0,0,0,426.366,499.963,182.221,-0.479056
158,2013-06-08,00:00:00.00,0.20095,0,6.4166e-15,107.331,0.479124,0,240.487,0,67.3785,10.8729,0,0,0,0,0,426.549,500.164,182.239,-0.479056
159,2013-06-09,00:00:00.00,0,0,6.4166e-15,107.318,0.479124,0,240.487,0,67.3785,10.8729,0,0,0,0,0,426.535,500.164,182.252,-0.479056
160,2013-06-10,00:00:00.00,4.82279,0,6.4166e-15,107.3,0.479124,0,240.886,0,71.6969,10.9777,0,0,0,0,0,431.34,504.987,182.269,-0.479056
161,2013-06-11,00:00:00.00,17.4826,0,6.48237e-15,107.725,0.978241,0,241.332,0,78.985,11.3578,8.37043,0,0,0,0,448.748,522.469,182.344,-0.479056
162,2013-06-12,00:00:00.00,0,0,6.64054e-15,108.073,0.683313,0,250.408,0,74.4473,11.3578,3.42435,0,0,0,0,448.394,522.469,182.699,-0.479056
163,2013-06-13,00:00:00.00,2.21045,0,6.57952e-15,107.871,0.479124,0,257.904,0,72.5379,11.4058,0,0,0,0,0,450.197,524.68,183.106,-0.479056
164,2013-06-14,00:00:00.00,2.21045,0,6.57952e-15,107.593,0.479124,0,261.044,0,71.5602,11.4539,0,0,0,0,0,452.13,526.89,183.384,-0.479056
165,2013-06-15,00:00:00.00,0,0,6.57952e-15,107.416,0.479124,0,263.718,0,68.8861,11.4539,0,0,0,0,0,451.953,526.89,183.561,-0.479056
166,2013-06-16,00:00:00.00,5.02374,0,6.57952e-15,107.339,0.479124,0,263.846,0,73.6725,11.5631,0,0,0,0,0,456.9,531.914,183.637,-0.479056
167,2013-06-17,00:00:00.00,16.4779,0,6.61602e-15,107.625,0.943332,0,266.086,0,78.8389,11.9213,7.78498,0,0,0,0,473.2,548.392,183.815,-0.479056
168,2013-06-18,00:00:00.00,0.401899,0,6.53907e-15,107.966,0.726583,0,272.366,0,76.092,11.93,4.15001,0,0,0,0,473.231,548.794,184.186,-0.479056
169,2013-06-19,00:00:00.00,0,0,6.71294e-15,108.017,0.700217,0,272.366,0,76.092,11.93,3.70783,0,0,0,0,472.813,548.794,184.604,-0.479056
170,2013-06-20,00:00:00.00,0,0,6.63548e-15,108.013,0.676659,0,272.366,0,76.092,11.93,3.31276,0,0,0,0,472.391,548.794,185.026,-0.479056
171,2013-06-21,00:00:00.00,0,0,6.58627e-15,107.965,0.637245,0,273.056,0,75.7473,11.93,2.65176,0,0,0,0,471.987,548.794,185.431,-0.479056
172,2013-06-22,00:00:00.00,0,0,6.579e-15,107.685,0.479124,0,281.177,0,70.2778,11.93,0,0,0,0,0,471.549,548.794,185.868,-0.479056
173,2013-06-23,00:00:00.00,12.6598,0,6.56544e-15,107.487,0.675044,0,288.631,0,71.5308,12.2052,3.28568,0,0,0,0,483.814,561.453,186.262,-0.479056
174,2013-06-24,00:00:00.00,0,0,6.55189e-15,107.327,0.479124,0,299.371,0,64.0766,12.2052,0,0,0,0,0,483.459,561.453,186.618,-0.479056
175,2013-06-25,00:00:00.00,12.2579,0,6.53591e-15,107.112,0.576326,0,306.825,0,66.7894,12.4717,1.63012,0,0,0,0,495.404,573.711,186.93,-0.479056
176,2013-06-26,00:00:00.00,0.401899,0,6.51993e-15,106.937,0.479124,0,315.909,0,59.7285,12.4804,0,0,0,0,0,495.534,574.113,187.202,-0.479056
177,2013-06-27,00:00:00.00,0,0,6.51993e-15,106.696,0.479124,0,323.362,0,52.2759,12.4804,0,0,0,0,0,495.293,574.113,187.443,-0.479056
178,2013-06-28,00:00:00.00,10.4494,0,6.51993e-15,106.488,0.479124,0,330.739,0,55.1206,12.7076,0,0,0,0,0,505.534,584.563,187.652,-0.479056
179,2013-06-29,00:00:00.00,11.2532,0,6.51993e-15,106.346,0.479124,0,336.207,0,60.6614,12.9522,0,0,0,0,0,516.646,595.816,187.793,-0.479056
180,2013-06-30,00:00:00.00,0.401899,0,6.51993e-15,106.207,0.479124,0,342.142,0,55.1197,12.9609,0,0,0,0,0,516.909,596.218,187.932,-0.479056
181,2013-07-01,00:00:00.00,0,0,6.51993e-15,106.094,0.479124,0,347.091,0,50.1706,12.9609,0,0,0,0,0,516.796,596.218,188.045,-0.479056
182,2013-07-02,00:00:00.00,0,0,6.51993e-15,106.094,0.479124,0,347.091,0,50.1706,12.9609,0,0,0,0,0,516.796,596.218,188.045,-0.479056
183,2013-07-03,00:00:00.00,0,0,6.51993e-15,106.083,0.479124,0,347.516,0,49.7451,12.9609,0,0,0,0,0,516.785,596.218,188.056,-0.479056
184,2013-07-04,00:00:00.00,32.1519,0,6.76371e-15,106.58,1.18523,0,352.972,0,62.4888,13.6599,11.8418,0,0,0,0,548.728,628.37,188.265,-0.479056
185,2013-07-05,00:00:00.00,2.0095,0,6.9358e-15,106.992,0.686365,0,368.874,0,56.5038,13.7036,3.47552,0,0,0,0,550.236,630.379,188.767,-0.479056
186,2013-07-06,00:00:00.00,15.6741,0,6.86912e-15,106.774,0.624994,0,378.803,0,62.646,14.0443,2.44631,0,0,0,0,565.339,646.053,189.338,-0.479056
187,2013-07-07,00:00:00.00,5.22469,0,6.87707e-15,106.431,0.479124,0,389.2,0,59.806,14.1579,0,0,0,0,0,570.075,651.278,189.826,-0.479056
188,2013-07-08,00:00:00.00,7.83704,0,6.87707e-15,106.075,0.479124,0,397.18,0,59.4926,14.3282,0,0,0,0,0,577.555,659.115,190.183,-0.479056
189,2013-07-09,00:00:00.00,19.0902,0,6.87078e-15,106.068,0.793972,0,405.161,0,64.2775,14.7432,5.28014,0,0,0,0,596.324,678.205,190.504,-0.479056
190,2013-07-10,00:00:00.00,2.61235,0,6.86506e-15,106.099,0.498017,0,415.045,0,61.8746,14.8,0.316839,0,0,0,0,598.633,680.818,190.808,-0.479056
191,2013-07-11,00:00:00.00,0,0,6.86509e-15,105.776,0.479124,0,423.342,0,53.8941,14.8,0,0,0,0,0,598.291,680.818,191.15,-0.479056
192,2013-07-12,00:00:00.00,0,0,6.86509e-15,105.682,0.479124,0,423.342,0,53.8941,14.8,0,0,0,0,0,598.198,680.818,191.243,-0.479056
193,2013-07-13,00:00:00.00,0,0,6.86509e-15,105.56,0.479124,0,425.726,0,51.5105,14.8,0,0,0,0,0,598.076,680.818,191.365,-0.479056
194,2013-07-14,00:00:00.00,0,0,6.86509e-15,105.438,0.479124,0,428.947,0,48.289,14.8,0,0,0,0,0,597.953,680.818,191.488,-0.479056
195,2013-07-15,00:00:00.00,0,0,6.86509e-15,105.235,0.479124,0,435.918,0,41.3184,14.8,0,0,0,0,0,597.75,680.818,191.691,-0.479056
196,2013-07-16,00:00:00.00,0,0,6.86509e-15,105.049,0.479124,0,441.882,0,35.3541,14.8,0,0,0,0,0,597.565,680.818,191.876,-0.479056
197,2013-07-17,00:00:00.00,0,0,6.86509e-15,104.868,0.479124,0,446.986,0,30.2508,14.8,0,0,0,0,0,597.384,680.818,192.057,-0.479056
198,2013-07-18,00:00:00.00,0,0,6.86509e-15,104.688,0.479124,0,451.352,0,25.8841,14.8,0,0,0,0,0,597.203,680.818,192.238,-0.479056
199,2013-07-19,00:00:00.00,0,0,6.86509e-15,104.507,0.479124,0,455.089,0,22.1479,14.8,0,0,0,0,0,597.023,680.818,192.418,-0.479056
200,2013-07-20,00:00:00.00,11.2532,0,6.86509e-15,104.326,0.479124,0,459.248,0,28.9972,15.0447,0,0,0,0,0,608.095,692.071,192.599,-0.479056
201,2013-07-21,00:00:00.00,0,0,6.86509e-15,104.169,0.479124,0,462.895,0,25.3503,15.0447,0,0,0,0,0,607.938,692.071,192.756,-0.479056
202,2013-07-22,00:00:00.00,0,0,6.86509e-15,104.169,0.479124,0,462.895,0,25.3503,15.0447,0,0,0,0,0,607.938,692.071,192.756,-0.479056
203,2013-07-23,00:00:00.00,0,0,6.86509e-15,104.158,0.479124,0,463.11,0,25.1354,15.0447,0,0,0,0,0,607.927,692.071,192.767,-0.479056
204,2013-07-24,00:00:00.00,0,0,6.86509e-15,104.103,0.479124,0,464.23,0,24.0151,15.0447,0,0,0,0,0,607.871,692.071,192.823,-0.479056
205,2013-07-25,00:00:00.00,0,0,6.86509e-15,104.103,0.479124,0,464.23,0,24.0151,15.0447,0,0,0,0,0,607.871,692.071,192.823,-0.479056
206,2013-07-26,00:00:00.00,0,0,6.86509e-15,104.103,0.479124,0,464.23,0,24.0151,15.0447,0,0,0,0,0,607.871,692.071,192.823,-0.479056
207,2013-07-27,00:00:00.00,0,0,6.86509e-15,104.103,0.479124,0,464.23,0,24.0151,15.0447,0,0,0,0,0,607.871,692.071,192.823,-0.479056
208,2013-07-28,00:00:00.00,35.97,0,6.8743e-15,104.43,0.806164,0,464.736,-3.75031e-17,52.5587,15.8266,5.48461,0,0,0,0,643.841,728.041,192.823,-0.479056
209,2013-07-29,00:00:00.00,0,0,6.99139e-15,104.965,0.771318,0,464.736,0,52.5587,15.8266,4.90022,0,0,0,0,643.758,728.041,192.906,-0.479056
210,2013-07-30,00:00:00.00,1.80855,0,6.97982e-15,105.273,0.740184,0,464.782,0,54.2818,15.8659,4.3781,0,0,0,0,645.321,729.849,193.152,-0.479056
211,2013-07-31,00:00:00.00,0,0,6.93295e-15,105.404,0.712368,0,464.782,0,54.2818,15.8659,3.91161,0,0,0,0,644.958,729.849,193.515,-0.479056
212,2013-08-01,00:00:00.00,48.7303,0,6.81568e-15,106.527,2.20793,0,465.288,0,72.9081,16.9252,28.9929,0,0,0,0,692.848,778.58,194.355,-0.479056
213,2013-08-02,00:00:00.00,0,0,7.40047e-15,107.761,1.93489,0,468.623,0,71.2405,16.9252,24.4138,0,0,0,0,690.898,778.58,196.305,-0.479056
214,2013-08-03,00:00:00.00,4.21994,0,7.82122e-15,107.935,1.77978,0,468.73,0,75.2611,17.017,21.8125,0,0,0,0,692.536,782.799,198.887,-0.479056
215,2013-08-04,00:00:00.00,0,0,7.6329e-15,107.882,1.64119,0,468.73,0,75.2611,17.017,19.4884,0,0,0,0,690.02,782.799,201.403,-0.479056
216,2013-08-05,00:00:00.00,0,0,7.32804e-15,107.784,1.51737,0,468.73,0,75.2611,17.017,17.4119,0,0,0,0,687.722,782.799,203.701,-0.479056
217,2013-08-06,00:00:00.00,0.401899,0,6.86504e-15,107.681,1.40675,0,468.74,0,75.644,17.0257,15.5567,0,0,0,0,686.054,783.201,205.77,-0.479056
218,2013-08-07,00:00:00.00,3.61709,0,6.98763e-15,107.51,1.24178,0,471.223,0,77.9412,17.1043,12.7901,0,0,0,0,687.811,786.818,207.631,-0.479056
219,2013-08-08,00:00:00.00,4.82279,0,7.02282e-15,107.1,0.91271,0,480.526,0,78.0077,17.2092,7.27144,0,0,0,0,691.027,791.641,209.238,-0.479056
220,2013-08-09,00:00:00.00,0,0,7.1546e-15,106.495,0.595995,0,490.681,0,72.93,17.2092,1.95998,0,0,0,0,689.872,791.641,210.393,-0.479056
221,2013-08-10,00:00:00.00,0,0,7.1791e-15,105.961,0.479457,0,495.155,0,70.4099,17.2092,0.00558903,0,0,0,0,689.22,791.641,211.045,-0.479056
222,2013-08-11,00:00:00.00,0,0,7.17917e-15,105.651,0.479422,0,495.155,0,70.4099,17.2092,0.00499351,0,0,0,0,688.909,791.641,211.355,-0.479056
223,2013-08-12,00:00:00.00,0,0,7.1791e-15,105.48,0.47939,0,495.155,0,70.4099,17.2092,0.00446145,0,0,0,0,688.738,791.641,211.527,-0.479056
224,2013-08-13,00:00:00.00,0.401899,0,7.17903e-15,105.375,0.479362,0,495.165,0,70.7928,17.2179,0.00398608,0,0,0,0,689.034,792.043,211.632,-0.479056
225,2013-08-14,00:00:00.00,0,0,7.17895e-15,105.3,0.479336,0,495.165,0,70.7928,17.2179,0.00356136,0,0,0,0,688.96,792.043,211.707,-0.479056
226,2013-08-15,00:00:00.00,0,0,7.17888e-15,105.245,0.479314,0,495.165,0,70.7928,17.2179,0.0031819,0,0,0,0,688.904,792.043,211.763,-0.479056
227,2013-08-16,00:00:00.00,0,0,7.17881e-15,105.203,0.479293,0,495.165,0,70.7928,17.2179,0.00284287,0,0,0,0,688.862,792.043,211.805,-0.479056
228,2013-08-17,00:00:00.00,0,0,7.17881e-15,105.172,0.479275,0,495.165,0,70.7928,17.2179,0.00253996,0,0,0,0,688.83,792.043,211.837,-0.479056
229,2013-08-18,00:00:00.00,0,0,7.17881e-15,105.131,0.479154,0,495.982,0,69.9778,17.2179,0.000505343,0,0,0,0,688.789,792.043,211.878,-0.479056
230,2013-08-19,00:00:00.00,0,0,7.1788e-15,105.06,0.479124,0,498.503,0,67.4579,17.2179,0,0,0,0,0,688.718,792.043,211.949,-0.479056
231,2013-08-20,00:00:00.00,0,0,7.1788e-15,104.988,0.479124,0,501.449,0,64.5121,17.2179,0,0,0,0,0,688.646,792.043,212.021,-0.479056
232,2013-08-21,00:00:00.00,0,0,7.1788e-15,104.872,0.479124,0,506.525,0,59.4359,17.2179,0,0,0,0,0,688.53,792.043,212.137,-0.479056
233,2013-08-22,00:00:00.00,0,0,7.1788e-15,104.719,0.479124,0,513.304,0,52.6566,17.2179,0,0,0,0,0,688.376,792.043,212.29,-0.479056
234,2013-08-23,00:00:00.00,0,0,7.1788e-15,104.564,0.479124,0,519.799,0,46.1614,17.2179,0,0,0,0,0,688.222,792.043,212.445,-0.479056
235,2013-08-24,00:00:00.00,0,0,7.1788e-15,104.564,0.479124,0,519.799,0,46.1614,17.2179,0,0,0,0,0,688.222,792.043,212.445,-0.479056
236,2013-08-25,00:00:00.00,0,0,7.1788e-15,104.564,0.479124,0,519.799,0,46.1614,17.2179,0,0,0,0,0,688.222,792.043,212.445,-0.479056
237,2013-08-26,00:00:00.00,3.61709,0,7.1788e-15,104.536,0.479124,0,520.876,0,48.6235,17.2966,0,0,0,0,0,691.811,795.66,212.473,-0.479056
238,2013-08-27,00:00:00.00,6.22944,0,7.1788e-15,104.383,0.479124,0,527.08,0,48.5136,17.432,0,0,0,0,0,697.887,801.89,212.626,-0.479056
239,2013-08-28,00:00:00.00,4.01899,0,7.1788e-15,104.228,0.479124,0,533.221,0,46.3044,17.5193,0,0,0,0,0,701.752,805.909,212.781,-0.479056
240,2013-08-29,00:00:00.00,0,0,7.1788e-15,104.074,0.479124,0,538.932,0,40.5928,17.5193,0,0,0,0,0,701.597,805.909,212.935,-0.479056
241,2013-08-30,00:00:00.00,0,0,7.1788e-15,103.92,0.479124,0,543.939,0,35.5857,17.5193,0,0,0,0,0,701.443,805.909,213.089,-0.479056
242,2013-08-31,00:00:00.00,7.83704,0,7.1788e-15,103.765,0.479124,0,548.766,0,38.4252,17.6897,0,0,0,0,0,709.126,813.746,213.244,-0.479056
243,2013-09-01,00:00:00.00,0.401899,0,7.1788e-15,103.611,0.479124,0,553.527,0,34.0574,17.6984,0,0,0,0,0,709.373,814.148,213.398,-0.479056
244,2013-09-02,00:00:00.00,14.6693,0,7.1788e-15,103.505,0.479124,0,557.004,0,44.9311,18.0173,0,0,0,0,0,723.937,828.817,213.504,-0.479056
245,2013-09-03,00:00:00.00,1.00475,0,7.1788e-15,103.4,0.479124,0,560.823,0,42.0947,18.0392,0,0,0,0,0,724.836,829.822,213.609,-0.479056
246,2013-09-04,00:00:00.00,0,0,7.1788e-15,103.36,0.479124,0,562.158,0,40.7596,18.0392,0,0,0,0,0,724.796,829.822,213.649,-0.479056
247,2013-09-05,00:00:00.00,0,0,7.1788e-15,103.287,0.479124,0,564.525,0,38.3933,18.0392,0,0,0,0,0,724.724,829.822,213.721,-0.479056
248,2013-09-06,00:00:00.00,0,0,7.1788e-15,103.287,0.479124,0,564.525,0,38.3933,18.0392,0,0,0,0,0,724.724,829.822,213.721,-0.479056
249,2013-09-07,00:00:00.00,0,0,7.1788e-15,103.287,0.479124,0,564.525,0,38.3933,18.0392,0,0,0,0,0,724.724,829.822,213.721,-0.479056
250,2013-09-08,00:00:00.00,0,0,7.1788e-15,103.287,0.479124,0,564.525,0,38.3933,18.0392,0,0,0,0,0,724.724,829.822,213.721,-0.479056
251,2013-09-09,00:00:00.00,0,0,7.1788e-15,103.261,0.479124,0,565.338,0,37.5802,18.0392,0,0,0,0,0,724.697,829.822,213.748,-0.479056
252,2013-09-10,00:00:00.00,0.20095,0,7.1788e-15,103.254,0.479124,0,565.542,0,37.5727,18.0435,0,0,0,0,0,724.891,830.023,213.755,-0.479056
253,2013-09-11,00:00:00.00,0,0,7.1788e-15,103.149,0.479124,0,568.709,0,34.4057,18.0435,0,0,0,0,0,724.786,830.023,213.86,-0.479056
254,2013-09-12,00:00:00.00,12.2579,0,7.1788e-15,103.043,0.479124,0,572.116,0,42.9898,18.31,0,0,0,0,0,736.938,842.281,213.966,-0.479056
255,2013-09-13,00:00:00.00,0,0,7.1788e-15,102.938,0.479124,0,575.74,0,39.366,18.31,0,0,0,0,0,736.833,842.281,214.071,-0.479056
256,2013-09-14,00:00:00.00,0,0,7.1788e-15,102.938,0.479124,0,575.74,0,39.366,18.31,0,0,0,0,0,736.833,842.281,214.071,-0.479056
257,2013-09-15,00:00:00.00,0,0,7.1788e-15,102.938,0.479124,0,575.74,0,39.366,18.31,0,0,0,0,0,736.833,842.281,214.071,-0.479056
258,2013-09-16,00:00:00.00,1.00475,0,7.1788e-15,102.938,0.479124,0,575.766,0,40.3233,18.3319,0,0,0,0,0,737.838,843.285,214.071,-0.479056
259,2013-09-17,00:00:00.00,0,0,7.1788e-15,102.938,0.479124,0,575.766,0,40.3233,18.3319,0,0,0,0,0,737.838,843.285,214.071,-0.479056
260,2013-09-18,00:00:00.00,0,0,7.1788e-15,102.938,0.479124,0,575.766,0,40.3233,18.3319,0,0,0,0,0,737.838,843.285,214.071,-0.479056
261,2013-09-19,00:00:00.00,0,0,7.1788e-15,102.938,0.479124,0,575.766,0,40.3233,18.3319,0,0,0,0,0,737.838,843.285,214.071,-0.479056
262,2013-09-20,00:00:00.00,0,0,7.1788e-15,102.898,0.479124,0,577.045,0,39.0445,18.3319,0,0,0,0,0,737.798,843.285,214.111,-0.479056
263,2013-09-21,00:00:00.00,52.8498,0,7.22341e-15,103.976,1.72544,0,581.703,0,62.6935,19.4807,20.9012,0,0,0,0,790.48,896.135,214.279,-0.479056
264,2013-09-22,00:00:00.00,20.4969,0,7.34367e-15,105.955,2.09006,0,582.208,0,72.9022,19.9263,27.0161,0,0,0,0,810.098,916.632,215.157,-0.479056
265,2013-09-23,00:00:00.00,0,0,6.38785e-15,106.897,1.91841,0,582.208,0,72.9022,19.9263,24.1375,0,0,0,0,807.99,916.632,217.266,-0.479056
266,2013-09-24,00:00:00.00,0,0,6.09994e-15,107.028,1.76506,0,582.208,0,72.9022,19.9263,21.5657,0,0,0,0,805.395,916.632,219.86,-0.479056
267,2013-09-25,00:00:00.00,0,0,6.07912e-15,106.964,1.62804,0,582.208,0,72.9022,19.9263,19.2678,0,0,0,0,802.897,916.632,222.359,-0.479056
268,2013-09-26,00:00:00.00,0,0,5.57091e-15,106.863,1.50562,0,582.208,0,72.9022,19.9263,17.2148,0,0,0,0,800.621,916.632,224.635,-0.479056
269,2013-09-27,00:00:00.00,0,0,5.23094e-15,106.71,1.34938,0,583.968,0,72.0225,19.9263,14.5946,0,0,0,0,798.571,916.632,226.684,-0.479056
270,2013-09-28,00:00:00.00,0,0,4.76265e-15,106.572,1.25634,0,583.979,0,72.0167,19.9263,13.0344,0,0,0,0,796.786,916.632,228.47,-0.479056
271,2013-09-29,00:00:00.00,0,0,4.74343e-15,106.432,1.14218,0,585.156,0,71.4283,19.9263,11.1198,0,0,0,0,795.205,916.632,230.05,-0.479056
272,2013-09-30,00:00:00.00,0.602849,0,4.61878e-15,106.246,1.00915,0,587.498,0,70.847,19.9394,8.88876,0,0,0,0,794.429,917.235,231.43,-0.479056
273,2013-10-01,00:00:00.00,1.80855,0,4.64685e-15,105.88,0.750619,0,595.084,0,68.8236,19.9787,4.5531,0,0,0,0,795.07,919.043,232.597,-0.479056
274,2013-10-02,00:00:00.00,0,0,4.64374e-15,105.463,0.598956,0,599.691,0,66.5198,19.9787,2.00964,0,0,0,0,794.262,919.043,233.405,-0.479056
275,2013-10-03,00:00:00.00,0,0,4.61728e-15,105.07,0.480325,0,603.982,0,64.2161,19.9787,0.0201485,0,0,0,0,793.747,919.043,233.92,-0.479056
276,2013-10-04,00:00:00.00,7.03324,0,4.61722e-15,104.761,0.479124,0,606.306,0,68.793,20.1316,0,0,0,0,0,800.47,926.077,234.23,-0.479056
277,2013-10-05,00:00:00.00,1.40665,0,4.61722e-15,104.568,0.479124,0,608.609,0,67.8653,20.1622,0,0,0,0,0,801.684,927.483,234.422,-0.479056
278,2013-10-06,00:00:00.00,3.01425,0,4.61722e-15,104.431,0.479124,0,610.913,0,68.5102,20.2277,0,0,0,0,0,804.561,930.498,234.56,-0.479056
279,2013-10-07,00:00:00.00,43.6061,0,4.49743e-15,105.568,2.08064,0,613.312,0,78.7081,21.1757,26.8582,0,0,0,0,847.703,974.104,235.024,-0.479056
280,2013-10-08,00:00:00.00,4.62184,0,4.5078e-15,107.008,1.80067,0,617.416,0,81.1773,21.2761,22.163,0,0,0,0,850.842,978.725,236.507,-0.479056
281,2013-10-09,00:00:00.00,0,0,4.6906e-15,107.202,1.57355,0,620.657,0,79.5572,21.2761,18.354,0,0,0,0,848.62,978.725,238.729,-0.479056
282,2013-10-10,00:00:00.00,0,0,4.35679e-15,106.999,1.3342,0,625.264,0,77.2534,21.2761,14.34,0,0,0,0,846.468,978.725,240.881,-0.479056
283,2013-10-11,00:00:00.00,0,0,3.98534e-15,106.685,1.12036,0,629.872,0,74.9496,21.2761,10.7538,0,0,0,0,844.657,978.725,242.692,-0.479056
284,2013-10-12,00:00:00.00,0,0,4.15172e-15,106.34,0.929297,0,634.48,0,72.6458,21.2761,7.54962,0,0,0,0,843.221,978.725,244.128,-0.479056
285,2013-10-13,00:00:00.00,5.02374,0,4.12682e-15,105.982,0.758596,0,639.087,0,75.2565,21.3853,4.68688,0,0,0,0,847.156,983.749,245.217,-0.479056
286,2013-10-14,00:00:00.00,0.803799,0,4.11224e-15,105.61,0.606083,0,643.695,0,73.739,21.4028,2.12916,0,0,0,0,847.181,984.553,245.995,-0.479056
287,2013-10-15,00:00:00.00,0,0,4.11611e-15,105.247,0.495136,0,647.431,0,71.8309,21.4028,0.268538,0,0,0,0,846.676,984.553,246.5,-0.479056
288,2013-10-16,00:00:00.00,8.84179,0,4.10513e-15,105.037,0.581225,0,649.464,0,76.7999,21.595,1.71229,0,0,0,0,855.19,993.395,246.828,-0.479056
289,2013-10-17,00:00:00.00,0.803799,0,4.10987e-15,104.886,0.479124,0,653.48,0,75.2824,21.6125,0,0,0,0,0,855.74,994.199,247.081,-0.479056
290,2013-10-18,00:00:00.00,14.2674,0,4.08981e-15,105.015,0.865498,0,655.676,0,79.7912,21.9227,6.47967,0,0,0,0,869.751,1008.47,247.339,-0.479056
291,2013-10-19,00:00:00.00,0,0,4.08537e-15,105.353,0.791713,0,656.901,0,79.1789,21.9227,5.24226,0,0,0,0,869.39,1008.47,247.7,-0.479056
292,2013-10-20,00:00:00.00,10.0475,0,3.94018e-15,105.658,1.01986,0,657.157,0,83.8442,22.1411,9.06842,0,0,0,0,878.888,1018.51,248.249,-0.479056
293,2013-10-21,00:00:00.00,3.41614,0,3.74472e-15,105.941,0.967647,0,657.244,0,86.9976,22.2153,8.19276,0,0,0,0,881.558,1021.93,248.995,-0.479056
294,2013-10-22,00:00:00.00,7.23419,0,3.76418e-15,106.162,1.13567,0,657.472,0,89.7159,22.3726,11.0107,0,0,0,0,887.868,1029.16,249.919,-0.479056
295,2013-10-23,00:00:00.00,0.602849,0,3.37158e-15,106.344,1.06572,0,657.487,0,90.2903,22.3857,9.83747,0,0,0,0,887.41,1029.77,250.98,-0.479056
296,2013-10-24,00:00:00.00,0,0.803799,3.46083e-15,106.353,1.00322,0,657.514,0,91.0495,22.4032,8.78928,0,0,0,0,887.112,1030.57,252.081,-0.479056
297,2013-10-25,00:00:00.00,1.2057,0,3.73296e-15,106.303,0.947375,0,657.545,0,92.1983,22.4294,7.85278,0,0,0,0,887.276,1031.78,253.124,-0.479056
298,2013-10-26,00:00:00.00,1.80855,3.01425,3.72444e-15,106.351,1.05967,0,657.693,0,93.7242,22.5342,9.73596,0,0,0,0,891.098,1036.6,254.125,-0.479056
299,2013-10-27,00:00:00.00,3.41614,5.02374,3.58741e-15,106.67,1.34302,0,657.949,0,95.0168,22.7177,14.4879,0.00764054,0.219954,0,0,898.412,1045.04,255.251,-0.479056
300,2013-10-28,00:00:00.00,0.602849,0,4.11907e-15,106.955,1.26062,0,657.964,0,95.6376,22.7308,13.1061,0,0,0,0,897.655,1045.64,256.61,-0.479056
301,2013-10-29,00:00:00.00,0,0,4.33639e-15,106.983,1.17735,0,657.964,0,95.6376,22.7308,11.7096,0,0,0,0,896.203,1045.64,258.062,-0.479056
302,2013-10-30,00:00:00.00,0.332812,0.069087,4.30475e-15,106.927,1.10296,0,657.975,0,96.0199,22.7395,10.4619,0,0,0,0,895.226,1046.04,259.441,-0.479056
303,2013-10-31,00:00:00.00,13.6646,0,4.18201e-15,107.286,1.68381,0,658.324,0,96.8885,23.0366,20.2032,0,0,0,0,907.422,1059.71,260.91,-0.479056
304,2013-11-01,00:00:00.00,0,0,3.91752e-15,107.714,1.52284,0,659.548,0,96.2762,23.0366,17.5035,0,0,0,0,905.601,1059.71,262.73,-0.479056
305,2013-11-02,00:00:00.00,0,0,3.80477e-15,107.688,1.36876,0,661.157,0,95.4716,23.0366,14.9196,0,0,0,0,903.642,1059.71,264.69,-0.479054
306,2013-11-03,00:00:00.00,1.40665,0,3.77756e-15,107.553,1.25251,0,662.767,0,95.6412,23.0672,12.9701,0,0,0,0,903.251,1061.11,266.487,-0.479054
307,2013-11-04,00:00:00.00,0,0,3.573e-15,107.439,1.17011,0,662.767,0,95.6412,23.0672,11.5881,0,0,0,0,901.672,1061.11,268.066,-0.479054
308,2013-11-05,00:00:00.00,0,0,3.9863e-15,107.342,1.09648,0,662.767,0,95.6412,23.0672,10.3534,0,0,0,0,900.266,1061.11,269.472,-0.479054
309,2013-11-06,00:00:00.00,0,0,4.1279e-15,107.206,0.987837,0,664.376,0,94.8366,23.0672,8.53135,0,0,0,0,899.005,1061.11,270.733,-0.479054
310,2013-11-07,00:00:00.00,13.8655,0,3.94742e-15,107.477,1.52656,0,666.171,0,95.4761,23.3686,17.566,0,0,0,0,911.585,1074.98,272.018,-0.479054
311,2013-11-08,00:00:00.00,0.401899,2.4114,4.17407e-15,107.931,1.47631,0,667.363,0,95.884,23.4297,16.7233,0,0,0,0,912.808,1077.79,273.61,-0.479054
312,2013-11-09,00:00:00.00,0.832031,0.172718,4.35926e-15,108.03,1.37431,0,667.653,0,96.4981,23.4516,15.0126,0,0,0,0,912.019,1078.8,275.403,-0.479054
313,2013-11-10,00:00:00.00,1.6076,0,4.16833e-15,107.97,1.27847,0,669.247,0,96.4846,23.4865,13.4053,0,0,0,0,911.872,1080.41,277.157,-0.479054
314,2013-11-11,00:00:00.00,2.21045,0.401899,4.6909e-15,107.918,1.25267,0,670.54,0,96.6327,23.5433,12.9727,0,0,0,0,912.86,1083.02,278.782,-0.479054
315,2013-11-12,00:00:00.00,2.32969,0.684559,4.7345e-15,107.956,1.28259,0,670.878,0,97.1353,23.6088,13.4744,0,0,0,0,914.335,1086.03,280.321,-0.479054
316,2013-11-13,00:00:00.00,0,0,4.50277e-15,107.979,1.19698,0,670.878,0,97.1353,23.6088,12.0387,0,0,0,0,912.836,1086.03,281.82,-0.479054
317,2013-11-14,00:00:00.00,0,0,4.63144e-15,107.92,1.12049,0,670.878,0,97.1353,23.6088,10.756,0,0,0,0,911.419,1086.03,283.237,-0.479054
318,2013-11-15,00:00:00.00,0,0,4.53193e-15,107.817,1.02843,0,671.769,0,96.69,23.6088,9.21205,0,0,0,0,910.124,1086.03,284.532,-0.479054
319,2013-11-16,00:00:00.00,0,0,4.41728e-15,107.67,0.927031,0,673.378,0,95.8853,23.6088,7.51161,0,0,0,0,908.981,1086.03,285.675,-0.479054
320,2013-11-17,00:00:00.00,5.62659,0,4.43711e-15,107.668,1.07387,0,674.99,0,96.1252,23.7312,9.9741,0,0,0,0,913.563,1091.66,286.72,-0.479054
321,2013-11-18,00:00:00.00,9.64558,0,4.34232e-15,108.02,1.40882,0,676.692,0,96.3828,23.9408,15.5915,0,0,0,0,922.036,1101.3,287.892,-0.479054
322,2013-11-19,00:00:00.00,0.401899,0.602849,4.48025e-15,108.32,1.28394,0,678.085,0,96.4569,23.9627,13.4971,0,0,0,0,921.606,1102.31,289.327,-0.479054
323,2013-11-20,00:00:00.00,0,0,4.66731e-15,108.333,1.19818,0,678.085,0,96.4569,23.9627,12.0589,0,0,0,0,920.095,1102.31,290.838,-0.479054
324,2013-11-21,00:00:00.00,0,0,4.74077e-15,108.273,1.12157,0,678.085,0,96.4569,23.9627,10.7741,0,0,0,0,918.673,1102.31,292.26,-0.479054
325,2013-11-22,00:00:00.00,5.02374,0,4.64855e-15,108.328,1.25838,0,678.648,0,96.9556,24.0719,13.0684,0,0,0,0,922.331,1107.33,293.626,-0.479054
326,2013-11-23,00:00:00.00,3.01425,0,4.51041e-15,108.462,1.25007,0,680.257,0,96.8926,24.1374,12.9291,0,0,0,0,923.928,1110.35,295.043,-0.479054
327,2013-11-24,00:00:00.00,0,3.01425,4.31978e-15,108.498,1.16792,0,680.359,0,96.8926,24.2029,11.5515,0,2.84708,0,0,925.519,1113.36,296.467,-0.479054
328,2013-11-25,00:00:00.00,0,0,4.25182e-15,108.447,1.09453,0,680.359,0,96.8926,24.2029,10.3207,0,2.84708,0,0,924.163,1113.36,297.822,-0.479054
329,2013-11-26,00:00:00.00,0,0,4.2784e-15,108.374,1.02896,0,680.359,0,96.8926,24.2029,9.221,0,2.84708,0,0,922.925,1113.36,299.06,-0.479054
330,2013-11-27,00:00:00.00,0,0,4.11591e-15,108.297,0.970375,0,680.359,0,96.8926,24.2029,8.2385,0,2.84708,0,0,921.807,1113.36,300.178,-0.479054
331,2013-11-28,00:00:00.00,0,0,4.06539e-15,108.22,0.918032,0,680.359,0,96.8926,24.2029,7.36069,0,2.84708,0,0,920.8,1113.36,301.185,-0.479054
332,2013-11-29,00:00:00.00,0,0.20095,4.11473e-15,108.147,0.871266,0,680.366,0,96.8926,24.2073,6.5764,0,3.03688,0,0,920.098,1113.56,302.088,-0.479054
333,2013-11-30,00:00:00.00,0,0,4.1493e-15,108.079,0.829483,0,680.366,0,96.8926,24.2073,5.87568,0,3.03688,0,0,919.287,1113.56,302.9,-0.479054
334,2013-12-01,00:00:00.00,0,0,4.13833e-15,108.012,0.792152,0,680.366,0,96.8926,24.2073,5.24963,0,3.03688,0,0,918.557,1113.56,303.629,-0.479054
335,2013-12-02,00:00:00.00,0.0659313,1.74262,4.09709e-15,107.931,0.742016,0,680.754,0,96.8796,24.2466,4.40883,0.0627793,4.68289,0,0,919.708,1115.37,304.287,-0.479054
336,2013-12-03,00:00:00.00,0,0,4.03874e-15,107.839,0.697915,0,681.115,0,96.8211,24.2466,3.66922,0,4.74567,0,0,919.134,1115.37,304.86,-0.479054
337,2013-12-04,00:00:00.00,0,2.21045,3.9955e-15,107.758,0.671099,0,681.257,0,96.8188,24.2947,3.21951,0,6.83353,0,0,920.853,1117.58,305.352,-0.479054
338,2013-12-05,00:00:00.00,2.61235,0,3.90414e-15,108.009,1.08537,0,681.898,0,97.2401,24.3515,10.167,0.00561991,0.161785,0,0,922.918,1120.19,305.899,-0.479054
339,2013-12-06,00:00:00.00,0,0,3.90635e-15,108.379,1.01029,0,682.528,0,96.9743,24.3515,8.90787,0,0,0,0,922.151,1120.19,306.666,-0.479054
340,2013-12-07,00:00:00.00,0,0,3.72515e-15,108.463,0.94914,0,682.699,0,96.8888,24.3515,7.88239,0,0,0,0,921.233,1120.19,307.584,-0.479054
341,2013-12-08,00:00:00.00,0,0.20095,3.67261e-15,108.443,0.89906,0,682.706,0,96.8888,24.3558,7.04252,0,0.189805,0,0,920.525,1120.39,308.494,-0.479054
342,2013-12-09,00:00:00.00,0,3.21519,3.64051e-15,108.392,0.854315,0,682.814,0,96.8888,24.4257,6.29213,0,3.22669,0,0,922.894,1123.61,309.34,-0.479054
343,2013-12-10,00:00:00.00,0,0.803799,3.6478e-15,108.331,0.813982,0,682.848,0,96.8887,24.4432,5.61572,0,3.98591,0,0,922.926,1124.41,310.111,-0.479054
344,2013-12-11,00:00:00.00,0,1.00475,3.70865e-15,108.267,0.778303,0,682.882,0,96.8887,24.465,5.01737,0,4.93494,0,0,923.233,1125.42,310.809,-0.479054
345,2013-12-12,00:00:00.00,0,0.803799,3.83661e-15,108.206,0.746425,0,682.909,0,96.8887,24.4825,4.48276,0,5.69416,0,0,923.409,1126.22,311.437,-0.479054
346,2013-12-13,00:00:00.00,0,3.01425,3.80445e-15,108.149,0.717944,0,683.01,0,96.8887,24.548,4.00512,0,8.54124,0,0,925.861,1129.24,311.999,-0.479054
347,2013-12-14,00:00:00.00,0,0.20095,3.83957e-15,108.095,0.692498,0,683.017,0,96.8887,24.5524,3.57838,0,8.73104,0,0,925.556,1129.44,312.506,-0.479054
348,2013-12-15,00:00:00.00,0,8.23894,3.81969e-15,108.042,0.669763,0,683.295,0,96.8887,24.7315,3.1971,0,16.5131,0,0,933.337,1137.68,312.963,-0.479054
349,2013-12-16,00:00:00.00,0,11.2532,3.81014e-15,107.991,0.64945,0,683.675,0,96.8887,24.9761,2.85645,0,27.1422,0,0,944.179,1148.93,313.374,-0.479054
350,2013-12-17,00:00:00.00,0,2.61235,3.83362e-15,107.945,0.631302,0,683.763,0,96.8887,25.0329,2.55209,0,29.6096,0,0,946.422,1151.54,313.743,-0.479054
351,2013-12-18,00:00:00.00,0,2.61235,3.78442e-15,107.903,0.615087,0,683.851,0,96.8887,25.0897,2.28016,0,32.0771,0,0,948.705,1154.15,314.073,-0.479054
352,2013-12-19,00:00:00.00,0,0.401899,3.75156e-15,107.865,0.6006,0,683.864,0,96.8887,25.0985,2.03721,0,32.4567,0,0,948.811,1154.56,314.369,-0.479054
353,2013-12-20,00:00:00.00,0,1.00475,3.81424e-15,107.825,0.586251,0,683.925,0,96.8878,25.1203,1.79657,0,33.4057,0,0,949.547,1155.56,314.638,-0.479054
354,2013-12-21,00:00:00.00,0,11.6551,3.84747e-15,107.769,0.560844,0,684.59,0,96.8791,25.3737,1.37049,0,44.4144,0,0,960.957,1167.22,314.883,-0.479054
355,2013-12-22,00:00:00.00,7.64803,15.6621,3.72594e-15,107.915,0.810259,0,685.637,0,97.4497,25.8804,5.55329,1.54282,59.2123,0,0,984.001,1190.53,315.149,-0.479054
356,2013-12-23,00:00:00.00,0,2.61235,3.89014e-15,108.155,0.762033,0,685.978,0,97.4399,25.9372,4.74451,0,63.2226,0,0,986.239,1193.14,315.523,-0.479054
357,2013-12-24,00:00:00.00,0,0,3.90387e-15,108.231,0.731889,0,685.978,0,97.4399,25.9372,4.23898,0,63.2226,0,0,985.78,1193.14,315.983,-0.479054
358,2013-12-25,00:00:00.00,0,0,3.84572e-15,108.237,0.704957,0,685.978,0,97.4399,25.9372,3.78732,0,63.2226,0,0,985.307,1193.14,316.455,-0.479054
359,2013-12-26,00:00:00.00,0,8.64084,3.80621e-15,108.212,0.680894,0,686.269,0,97.4399,26.125,3.38378,0,71.3842,0,0,993.495,1201.78,316.908,-0.479054
360,2013-12-27,00:00:00.00,0,0.803799,3.86524e-15,108.175,0.659395,0,686.296,0,97.4399,26.1425,3.02324,0,72.1435,0,0,993.88,1202.58,317.327,-0.479054
361,2013-12-28,00:00:00.00,0,0,3.94471e-15,108.134,0.639831,0,686.304,0,97.4386,26.1425,2.69513,0,72.1435,0,0,993.498,1202.58,317.709,-0.479054
362,2013-12-29,00:00:00.00,0,0,3.97967e-15,108.086,0.616057,0,686.453,0,97.4145,26.1425,2.29644,0,72.1435,0,0,993.152,1202.58,318.055,-0.479054
363,2013-12-30,00:00:00.00,0,0,4.02751e-15,108.021,0.584684,0,686.829,0,97.3535,26.1425,1.7703,0.0001039,72.1434,0,0,992.845,1202.58,318.362,-0.479054
364,2013-12-31,00:00:00.00,0,0.602849,4.04069e-15,107.961,0.573437,0,686.849,0,97.3535,26.1556,1.58167,0,72.7129,0,0,993.188,1203.19,318.622,-0.479054
365,2014-01-01,00:00:00.00,0,1.00475,4.0308e-15,107.912,0.563388,0,686.883,0,97.3535,26.1774,1.41314,0,73.6619,0,0,993.965,1204.19,318.849,-0.479054
366,2014-01-02,00:00:00.00,0,0,4.00334e-15,107.872,0.554409,0,686.883,0,97.3535,26.1774,1.26257,0,73.6619,0,0,993.765,1204.19,319.049,-0.479054
367,2014-01-03,00:00:00.00,0,0,3.92678e-15,107.838,0.546388,0,686.883,0,97.3535,26.1774,1.12805,0,73.6619,0,0,993.588,1204.19,319.226,-0.479054
368,2014-01-04,00:00:00.00,0,0,3.93098e-15,107.808,0.539221,0,686.883,0,97.3535,26.1774,1.00785,0,73.6619,0,0,993.431,1204.19,319.383,-0.479054
369,2014-01-05,00:00:00.00,0,4.82279,3.91625e-15,107.782,0.532817,0,687.046,0,97.3535,26.2823,0.900465,0,78.2172,0,0,998.114,1209.01,319.523,-0.479054
370,2014-01-06,00:00:00.00,0,19.894,3.89778e-15,107.749,0.518301,0,687.885,0,97.3506,26.7148,0.657012,0,97.008,0,0,1017.88,1228.91,319.649,-0.479054
371,2014-01-07,00:00:00.00,0,3.01425,3.91935e-15,107.717,0.514126,0,687.986,0,97.3506,26.7803,0.587007,0,99.855,0,0,1020.79,1231.92,319.755,-0.479054
372,2014-01-08,00:00:00.00,0,1.40665,3.92282e-15,107.689,0.510397,0,688.034,0,97.3506,26.8109,0.524461,0,101.184,0,0,1022.1,1233.33,319.849,-0.479054
373,2014-01-09,00:00:00.00,0,0.602849,3.91069e-15,107.663,0.507065,0,688.054,0,97.3506,26.824,0.46858,0,101.753,0,0,1022.62,1233.93,319.934,-0.479054
374,2014-01-10,00:00:00.00,0,1.80855,3.90837e-15,107.639,0.504088,0,688.115,0,97.3506,26.8633,0.418652,0,103.461,0,0,1024.35,1235.74,320.012,-0.479054
375,2014-01-11,00:00:00.00,0,14.8703,3.91084e-15,107.605,0.493322,0,688.772,0,97.3472,27.1865,0.238116,0,117.507,0,0,1039.15,1250.61,320.084,-0.479054
376,2014-01-12,00:00:00.00,9.04274,0.20095,3.76545e-15,107.999,1.01004,0,689.18,0,97.8682,27.3875,8.90378,3.89063,112.003,0,0,1048.24,1259.85,320.235,-0.479054
377,2014-01-13,00:00:00.00,0,0,3.86388e-15,108.579,0.944679,0,689.377,0,97.8363,27.3875,7.80757,2.84443,113.049,0,0,1047.82,1259.85,320.653,-0.479054
378,2014-01-14,00:00:00.00,0,0,3.96489e-15,108.895,1.04616,0,689.574,0,98.1693,27.3875,9.50939,3.77763,108.75,0,0,1047.11,1259.85,321.368,-0.479054
379,2014-01-15,00:00:00.00,0,0.401899,3.8083e-15,109.065,0.976943,0,689.773,0,98.1493,27.3962,8.34865,3.71045,109.196,0,0,1046.62,1260.26,322.264,-0.479054
380,2014-01-16,00:00:00.00,0,1.2057,3.55477e-15,109.055,0.915795,0,689.972,0,98.1431,27.4224,7.32317,0,114.046,0,0,1046.88,1261.46,323.208,-0.479054
381,2014-01-17,00:00:00.00,0,7.23419,3.60663e-15,108.989,0.863361,0,690.33,0,98.1399,27.5797,6.44383,0,120.879,0,0,1053.22,1268.7,324.095,-0.479054
382,2014-01-18,00:00:00.00,0,4.01899,3.69059e-15,108.903,0.813625,0,690.637,0,98.1337,27.6671,5.60973,0,124.675,0,0,1056.44,1272.71,324.899,-0.479054
383,2014-01-19,00:00:00.00,0,1.00475,3.86355e-15,108.82,0.777984,0,690.671,0,98.1337,27.6889,5.01201,0,125.624,0,0,1056.73,1273.72,325.616,-0.479054
384,2014-01-20,00:00:00.00,0,1.00475,3.7852e-15,108.743,0.743532,0,690.755,0,98.1318,27.7107,4.43425,0,126.573,0,0,1057.09,1274.72,326.256,-0.479054
385,2014-01-21,00:00:00.00,0,0,3.72846e-15,108.675,0.715359,0,690.755,0,98.1318,27.7107,3.96178,0,126.573,0,0,1056.52,1274.72,326.825,-0.479054
386,2014-01-22,00:00:00.00,0,0,3.85835e-15,108.613,0.690188,0,690.755,0,98.1318,27.7107,3.53965,0,126.573,0,0,1056.01,1274.72,327.335,-0.479054
387,2014-01-23,00:00:00.00,0,1.00475,3.88524e-15,108.553,0.667699,0,690.789,0,98.1318,27.7326,3.1625,0,127.522,0,0,1056.56,1275.73,327.794,-0.479054
388,2014-01-24,00:00:00.00,0,0,3.90134e-15,108.497,0.647606,0,690.789,0,98.1318,27.7326,2.82553,0,127.522,0,0,1056.15,1275.73,328.207,-0.479055
389,2014-01-25,00:00:00.00,0,13.4636,3.8629e-15,108.445,0.629655,0,691.243,0,98.1318,28.0253,2.52447,0,140.239,0,0,1069.24,1289.19,328.578,-0.479055
390,2014-01-26,00:00:00.00,0,2.61235,3.92437e-15,108.399,0.613615,0,691.331,0,98.1318,28.0821,2.25549,0,142.706,0,0,1071.52,1291.81,328.909,-0.479055
391,2014-01-27,00:00:00.00,0,7.23419,3.93048e-15,108.356,0.599285,0,691.575,0,98.1318,28.2393,2.01516,0,149.539,0,0,1078.46,1299.04,329.206,-0.479055
392,2014-01-28,00:00:00.00,0,0.20095,3.89343e-15,108.314,0.586482,0,691.582,0,98.1318,28.2437,1.80045,0,149.729,0,0,1078.39,1299.24,329.476,-0.479055
393,2014-01-29,00:00:00.00,0,0,3.87741e-15,108.273,0.575043,0,691.582,0,98.1318,28.2437,1.60861,0,149.729,0,0,1078.14,1299.24,329.721,-0.479055
394,2014-01-30,00:00:00.00,0,0.401899,3.85399e-15,108.233,0.564823,0,691.595,0,98.1318,28.2524,1.43721,0,150.109,0,0,1078.32,1299.64,329.942,-0.479055
395,2014-01-31,00:00:00.00,0,1.80855,3.84701e-15,108.196,0.555692,0,691.656,0,98.1318,28.2917,1.28408,0,151.817,0,0,1079.93,1301.45,330.141,-0.479055
396,2014-02-01,00:00:00.00,0,2.21045,3.85539e-15,108.154,0.540527,0,691.868,0,98.1267,28.3398,1.02977,0,153.905,0,0,1081.96,1303.66,330.322,-0.479055
397,2014-02-02,00:00:00.00,0,14.6693,3.8543e-15,108.101,0.522815,0,692.578,0,98.1208,28.6587,0.732721,0,167.761,0,0,1096.47,1318.33,330.479,-0.479055
398,2014-02-03,00:00:00.00,0,0.20095,3.84877e-15,108.043,0.507855,0,692.813,0,98.0862,28.663,0.481826,0,167.95,0,0,1096.55,1318.53,330.609,-0.479055
399,2014-02-04,00:00:00.00,0,0,3.85624e-15,107.996,0.504793,0,692.813,0,98.0862,28.663,0.430487,0,167.95,0,0,1096.44,1318.53,330.712,-0.479055
400,2014-02-05,00:00:00.00,0,5.62659,3.86385e-15,107.956,0.502058,0,693.002,0,98.0862,28.7854,0.384619,0,173.265,0,0,1101.98,1324.16,330.799,-0.479055
401,2014-02-06,00:00:00.00,0,7.23419,3.86871e-15,107.922,0.499615,0,693.246,0,98.0862,28.9426,0.343637,0,180.098,0,0,1109.14,1331.39,330.877,-0.479055
402,2014-02-07,00:00:00.00,0,1.80855,3.85907e-15,107.893,0.497431,0,693.307,0,98.0862,28.9819,0.307023,0,181.806,0,0,1110.88,1333.2,330.945,-0.479055
403,2014-02-08,00:00:00.00,0,0,3.85663e-15,107.867,0.495481,0,693.307,0,98.0862,28.9819,0.274309,0,181.806,0,0,1110.82,1333.2,331.006,-0.479055
404,2014-02-09,00:00:00.00,0,0.602849,3.86241e-15,107.844,0.493738,0,693.328,0,98.0862,28.995,0.245082,0,182.376,0,0,1111.37,1333.8,331.06,-0.479055
405,2014-02-10,00:00:00.00,0,2.0095,3.86711e-15,107.824,0.492181,0,693.395,0,98.0862,29.0387,0.218968,0,184.274,0,0,1113.33,1335.81,331.108,-0.479055
406,2014-02-11,00:00:00.00,0,0,3.86441e-15,107.806,0.490789,0,693.395,0,98.0862,29.0387,0.195637,0,184.274,0,0,1113.29,1335.81,331.15,-0.479055
407,2014-02-12,00:00:00.00,0,0,3.86765e-15,107.79,0.489546,0,693.395,0,98.0862,29.0387,0.174792,0,184.274,0,0,1113.25,1335.81,331.188,-0.479055
408,2014-02-13,00:00:00.00,0,0,3.86919e-15,107.776,0.488436,0,693.395,0,98.0862,29.0387,0.156168,0,184.274,0,0,1113.21,1335.81,331.222,-0.479055
409,2014-02-14,00:00:00.00,0,0,3.86911e-15,107.763,0.487444,0,693.395,0,98.0862,29.0387,0.139528,0,184.274,0,0,1113.18,1335.81,331.252,-0.479055
410,2014-02-15,00:00:00.00,0,0,3.8721e-15,107.742,0.479124,0,693.569,0,98.0518,29.0387,0,0,184.274,0,0,1113.15,1335.81,331.282,-0.479055
411,2014-02-16,00:00:00.00,0,1.6076,3.8721e-15,107.721,0.479124,0,693.624,0,98.0518,29.0737,0,0,185.792,0,0,1114.74,1337.42,331.303,-0.479055
412,2014-02-17,00:00:00.00,0,0.803799,3.8721e-15,107.706,0.479124,0,693.651,0,98.0518,29.0911,0,0,186.551,0,0,1115.53,1338.22,331.318,-0.479055
413,2014-02-18,00:00:00.00,0,8.03799,3.8721e-15,107.694,0.479124,0,693.922,0,98.0518,29.2659,0,0,194.144,0,0,1123.56,1346.26,331.33,-0.479055
414,2014-02-19,00:00:00.00,0,0,3.8721e-15,107.681,0.479124,0,693.953,0,98.0204,29.2659,0,0,194.144,0,0,1123.54,1346.26,331.343,-0.479055
415,2014-02-20,00:00:00.00,0,0,3.8721e-15,107.669,0.479124,0,694.002,0,97.9711,29.2659,0,0,194.144,0,0,1123.53,1346.26,331.355,-0.479055
416,2014-02-21,00:00:00.00,0,13.0617,3.8721e-15,107.66,0.479124,0,694.448,0,97.9656,29.5498,0,0,206.481,0,0,1136.58,1359.32,331.364,-0.479055
417,2014-02-22,00:00:00.00,0,0.401899,3.8721e-15,107.651,0.479124,0,694.499,0,97.9283,29.5586,0,1.96021,204.9,0,0,1136.98,1359.73,331.373,-0.479055
418,2014-02-23,00:00:00.00,0,0,3.8721e-15,107.644,0.479124,0,694.548,0,97.8791,29.5586,0,0,206.86,0,0,1136.97,1359.73,331.38,-0.479055
419,2014-02-24,00:00:00.00,0,1.2057,3.8721e-15,107.64,0.479124,0,694.593,0,97.8752,29.5848,0,0,207.999,0,0,1138.17,1360.93,331.384,-0.479055
420,2014-02-25,00:00:00.00,0,1.80855,3.8721e-15,107.64,0.479124,0,694.654,0,97.8752,29.6241,0,0,209.708,0,0,1139.98,1362.74,331.384,-0.479055
421,2014-02-26,00:00:00.00,0,2.21045,3.8721e-15,107.639,0.479124,0,694.728,0,97.8752,29.6721,0,0,211.795,0,0,1142.19,1364.95,331.385,-0.479055
422,2014-02-27,00:00:00.00,0,0,3.8721e-15,107.639,0.479124,0,694.728,0,97.8752,29.6721,0,0,211.795,0,0,1142.19,1364.95,331.385,-0.479055
423,2014-02-28,00:00:00.00,0,1.6076,3.8721e-15,107.638,0.479124,0,694.783,0,97.8752,29.7071,0,0,213.314,0,0,1143.8,1366.56,331.386,-0.479055
424,2014-03-01,00:00:00.00,0,0,3.8721e-15,107.638,0.479124,0,694.783,0,97.8752,29.7071,0,0,213.314,0,0,1143.8,1366.56,331.386,-0.479055
425,2014-03-02,00:00:00.00,0,2.61235,3.8721e-15,107.638,0.479124,0,694.871,0,97.8752,29.7639,0,0,215.781,0,0,1146.41,1369.17,331.386,-0.479055
426,2014-03-03,00:00:00.00,0,0,3.8721e-15,107.638,0.479124,0,694.871,0,97.8752,29.7639,0,0,215.781,0,0,1146.41,1369.17,331.386,-0.479055
427,2014-03-04,00:00:00.00,0,0,3.8721e-15,107.637,0.479124,0,694.871,0,97.8752,29.7639,0,0,215.781,0,0,1146.41,1369.17,331.386,-0.479055
428,2014-03-05,00:00:00.00,0,3.61709,3.8721e-15,107.637,0.479124,0,694.993,0,97.8752,29.8425,0,0,219.198,0,0,1150.02,1372.79,331.387,-0.479055
429,2014-03-06,00:00:00.00,0,0.602849,3.8721e-15,107.637,0.479124,0,695.013,0,97.8752,29.8556,0,0,219.767,0,0,1150.63,1373.39,331.387,-0.479055
430,2014-03-07,00:00:00.00,0,0,3.8721e-15,107.637,0.479124,0,695.013,0,97.8752,29.8556,0,0,219.767,0,0,1150.63,1373.39,331.387,-0.479055
431,2014-03-08,00:00:00.00,0,0,3.8721e-15,107.637,0.479124,0,695.013,0,97.8752,29.8556,0,0,219.767,0,0,1150.63,1373.39,331.387,-0.479055
432,2014-03-09,00:00:00.00,0,0,3.8721e-15,107.633,0.479124,0,695.046,0,97.8422,29.8556,0,0,219.767,0,0,1150.62,1373.39,331.391,-0.479039
433,2014-03-10,00:00:00.00,0,0,3.8721e-15,107.633,0.479124,0,695.046,0,97.8422,29.8556,0,0,219.767,0,0,1150.62,1373.39,331.391,-0.479039
434,2014-03-11,00:00:00.00,0,0,3.8721e-15,107.615,0.479124,0,695.207,0,97.6817,29.8556,0,0.000189828,219.767,0,0,1150.6,1373.39,331.409,-0.479033
435,2014-03-12,00:00:00.00,0,1.6076,3.76578e-15,108.33,1.35725,0,695.383,0,98.0642,29.8906,14.7266,6.85844,197.44,0,0,1152.05,1375,331.572,-0.479031
436,2014-03-13,00:00:00.00,0,2.8133,3.83286e-15,109.328,1.26369,0,695.478,0,98.0642,29.9517,13.1575,0,206.955,0,0,1154.2,1377.81,332.236,-0.479031
437,2014-03-14,00:00:00.00,0,0,3.94036e-15,109.635,1.18009,0,695.478,0,98.0642,29.9517,11.7556,0,206.955,0,0,1153.02,1377.81,333.415,-0.479031
438,2014-03-15,00:00:00.00,0,0.602849,4.02202e-15,109.641,1.09635,0,695.683,0,98.0492,29.9648,10.3511,0,207.525,0,0,1152.31,1378.41,334.727,-0.479031
439,2014-03-16,00:00:00.00,0,0,4.08163e-15,109.55,1.02152,0,695.886,0,98.0163,29.9648,9.09629,0,207.525,0,0,1151.06,1378.41,335.978,-0.479031
440,2014-03-17,00:00:00.00,0,0,3.80677e-15,109.443,0.963731,0,695.886,0,98.0163,29.9648,8.12708,0,207.525,0,0,1149.93,1378.41,337.112,-0.479031
441,2014-03-18,00:00:00.00,0,0,3.67167e-15,109.338,0.912095,0,695.886,0,98.0163,29.9648,7.26113,0,207.525,0,0,1148.9,1378.41,338.134,-0.479031
442,2014-03-19,00:00:00.00,0,0,3.63442e-15,109.239,0.865681,0,695.892,0,98.0153,29.9648,6.48275,0,207.525,0,0,1147.99,1378.41,339.053,-0.479031
443,2014-03-20,00:00:00.00,3.95605,1.67054,3.38754e-15,109.098,0.781345,0,696.896,0,97.979,30.0871,5.06838,6.30859,206.563,0,0,1152.78,1384.04,339.883,-0.479031
444,2014-03-21,00:00:00.00,0,0,3.37013e-15,108.944,0.726556,0,697.417,0,97.8822,30.0871,4.14956,3.30444,209.567,0,0,1152.08,1384.04,340.587,-0.479031
445,2014-03-22,00:00:00.00,0,6.63134,3.34139e-15,108.82,0.692505,0,697.79,0,97.8764,30.2313,3.57849,0,219.135,0,0,1158.12,1390.67,341.172,-0.479031
446,2014-03-23,00:00:00.00,0,0,3.30746e-15,108.695,0.644699,0,698.368,0,97.769,30.2313,2.77677,0,219.135,0,0,1157.62,1390.67,341.675,-0.479031
447,2014-03-24,00:00:00.00,0,0,3.31826e-15,108.593,0.627057,0,698.368,0,97.769,30.2313,2.48091,0,219.135,0,0,1157.2,1390.67,342.091,-0.479031
448,2014-03-25,00:00:00.00,0,0,3.35743e-15,108.518,0.611295,0,698.368,0,97.769,30.2313,2.21657,0,219.135,0,0,1156.85,1390.67,342.446,-0.479031
449,2014-03-26,00:00:00.00,0,1.00475,3.35518e-15,108.459,0.597212,0,698.402,0,97.769,30.2531,1.98039,0,220.084,0,0,1157.54,1391.68,342.756,-0.479031
450,2014-03-27,00:00:00.00,0,0,3.36501e-15,108.407,0.58463,0,698.402,0,97.769,30.2531,1.76938,0,220.084,0,0,1157.27,1391.68,343.031,-0.479031
451,2014-03-28,00:00:00.00,0,11.4541,3.2732e-15,108.357,0.573388,0,698.788,0,97.769,30.5021,1.58085,0,230.903,0,0,1168.47,1403.13,343.281,-0.479031
452,2014-03-29,00:00:00.00,2.21045,0,3.24548e-15,108.511,0.843545,0,699.711,0,97.9065,30.5502,6.11151,7.45833,219.287,0,0,1170.38,1405.34,343.585,-0.479031
453,2014-03-30,00:00:00.00,0,0,3.29466e-15,108.741,0.772197,0,700.461,0,97.7672,30.5502,4.91497,6.41213,220.334,0,0,1169.95,1405.34,344.013,-0.479031
454,2014-03-31,00:00:00.00,0,0,3.42946e-15,108.748,0.709743,0,701.377,0,97.7858,30.5502,3.8676,7.35948,219.038,0,0,1169.44,1405.34,344.53,-0.479031
455,2014-04-01,00:00:00.00,0,0,3.71223e-15,109.221,1.43181,0,702.293,0,98.0658,30.5502,15.977,7.08971,204.097,0,0,1168.72,1405.34,345.24,-0.479031
456,2014-04-02,00:00:00.00,0,0,3.50779e-15,110.627,2.53554,0,702.837,0,98.3875,30.5502,34.4871,6.30115,181.396,0,0,1167.12,1405.34,346.843,-0.47903
457,2014-04-03,00:00:00.00,0,0,2.97922e-15,111.658,2.38086,0,702.837,0,98.5521,30.5502,31.893,6.25502,180.068,0,0,1164.19,1405.34,349.771,-0.47903
458,2014-04-04,00:00:00.00,0,0,3.33733e-15,111.718,2.17823,0,702.837,0,98.5521,30.5502,28.4948,3.25087,183.073,0,0,1160.65,1405.34,353.311,-0.47903
459,2014-04-05,00:00:00.00,12.2579,0.602849,3.84532e-15,112.176,3.0304,0,703.17,0,98.8185,30.8298,42.7861,6.0062,172.905,0,0,1169.72,1418.2,357.104,-0.47903
460,2014-04-06,00:00:00.00,0,0,3.5601e-15,112.668,2.75856,0,703.17,0,98.8185,30.8298,38.2272,2.51256,176.399,0,0,1165.38,1418.2,361.442,-0.47903
461,2014-04-07,00:00:00.00,0,0,4.90993e-15,112.576,2.58646,0,703.17,0,98.8711,30.8298,35.3409,5.68029,171.85,0,0,1160.9,1418.2,365.921,-0.47903
462,2014-04-08,00:00:00.00,6.63134,0.20095,4.95848e-15,113.148,3.6316,0,703.346,0,99.0592,30.9783,52.8684,5.37193,154.646,0,0,1163.05,1425.03,370.608,-0.47903
463,2014-04-09,00:00:00.00,0,1.80855,4.80748e-15,114.383,4.50261,0,703.71,0,99.1863,31.0176,67.4757,4.65433,133.988,0,0,1158.92,1426.84,376.549,-0.47903
464,2014-04-10,00:00:00.00,0,0,6.42086e-15,115.348,4.95237,0,703.71,0,99.2858,31.0176,75.0184,4.09744,117.956,0,0,1151.39,1426.84,384.082,-0.47903
465,2014-04-11,00:00:00.00,0,0,8.99596e-15,119.196,11.8962,0,706.876,0,98.9741,31.0176,103.318,2.28499,65.7799,0,0,1139.34,1426.84,396.123,-0.47903
466,2014-04-12,00:00:00.00,0,0,8.26741e-15,121.422,9.31411,0,711.922,0,97.2164,31.0274,128.297,0.742515,21.3754,0,0,1121.32,1426.84,414.15,-0.47903
467,2014-04-13,00:00:00.00,22.5064,0,9.72052e-15,120.053,8.44186,0,716.888,0,96.2911,31.5069,133.51,0.636727,18.33,0,0,1125.66,1449.35,432.316,-0.47903
468,2014-04-14,00:00:00.00,1.40665,0,8.46838e-15,119.818,7.68029,0,722.194,0,94.8546,31.5374,120.767,0.497304,14.3163,0,0,1111.66,1450.76,447.715,-0.47903
469,2014-04-15,00:00:00.00,4.42089,7.03324,8.3113e-15,119.786,7.51149,0,727.5,0,94.1688,31.7864,117.935,0.341266,9.8243,0,0,1108.85,1462.21,461.98,-0.47903
470,2014-04-16,00:00:00.00,0,2.0095,7.90768e-15,119.777,6.76215,0,727.567,0,94.1688,31.8301,105.369,0,12.0636,0,0,1097.54,1464.22,475.305,-0.47903
471,2014-04-17,00:00:00.00,0,0,8.19741e-15,119.436,6.09269,0,727.567,0,94.1688,31.8301,94.142,0,12.0636,0,0,1085.3,1464.22,487.543,-0.47903
472,2014-04-18,00:00:00.00,0.20095,0,8.22498e-15,119.107,5.56808,0,727.572,0,95.2376,31.8345,85.3442,0.329202,9.47702,0,0,1074.47,1464.42,498.574,-0.47903
473,2014-04-19,00:00:00.00,1.40665,0,9.31378e-15,118.749,5.06332,0,730.806,0,94.815,31.8651,76.8791,0.25741,7.41028,0,0,1065.85,1465.83,508.605,-0.47903
474,2014-04-20,00:00:00.00,0,0,7.92045e-15,118.39,4.60666,0,733.046,0,93.8363,31.8651,69.2206,0.195068,5.61557,0,0,1056.77,1465.83,517.676,-0.47903
475,2014-04-21,00:00:00.00,0,0,5.59007e-15,118.023,4.21293,0,738.351,0,91.4,31.8651,62.6176,0.0697071,2.00672,0,0,1048.55,1465.83,525.904,-0.47903
476,2014-04-22,00:00:00.00,4.42089,0,5.87393e-15,117.711,3.89205,0,743.657,0,91.0507,31.9612,57.2363,0,0,0,0,1045.51,1470.25,533.364,-0.47903
477,2014-04-23,00:00:00.00,1.2057,0,5.8307e-15,117.318,3.40692,0,748.218,0,89.95,31.9874,49.1005,0,0,0,0,1039.98,1471.45,540.097,-0.47903
478,2014-04-24,00:00:00.00,0,0,6.21408e-15,116.876,3.06182,0,749.462,0,89.3278,31.9874,43.313,0,0,0,0,1034.03,1471.45,546.05,-0.47903
479,2014-04-25,00:00:00.00,0,0,6.75905e-15,116.434,2.72699,0,751.701,0,88.2083,31.9874,37.6977,0,0,0,0,1028.76,1471.45,551.322,-0.47903
480,2014-04-26,00:00:00.00,7.23419,0,5.80585e-15,116.023,2.56023,0,756.925,0,88.6959,32.1446,34.9011,0,0,0,0,1031.25,1478.69,556.062,-0.47903
481,2014-04-27,00:00:00.00,0,0,6.11679e-15,115.711,2.33848,0,756.925,0,88.6959,32.1446,31.1823,0,0,0,0,1027,1478.69,560.315,-0.47903
482,2014-04-28,00:00:00.00,0,0,6.26856e-15,115.255,2.03656,0,760.822,0,86.7473,32.1446,26.1189,0,0,0,0,1023.12,1478.69,564.187,-0.47903
483,2014-04-29,00:00:00.00,1.00475,0,5.84082e-15,114.708,1.7403,0,765.714,0,85.2842,32.1665,21.1505,0,0,0,0,1020.76,1479.69,567.553,-0.47903
484,2014-04-30,00:00:00.00,28.133,0,6.03252e-15,114.904,2.69392,0,769.76,0,88.337,32.778,37.1432,0,0,0,0,1045.62,1507.83,570.833,-0.47903
485,2014-05-01,00:00:00.00,2.0095,0,5.44865e-15,115.214,2.33646,0,774.321,0,88.0226,32.8217,31.1483,0,0,0,0,1043.86,1509.84,574.595,-0.47903
486,2014-05-02,00:00:00.00,2.21045,0,5.17632e-15,114.917,2.14096,0,774.377,0,90.0836,32.8698,27.8697,0,0,0,0,1042.26,1512.05,578.411,-0.47903
487,2014-05-03,00:00:00.00,3.81804,0,4.37396e-15,114.647,2.05518,0,774.475,0,92.0077,32.9528,26.4312,0,0,0,0,1042.57,1515.86,581.919,-0.47903
488,2014-05-04,00:00:00.00,6.43039,0,3.35043e-15,114.533,2.12752,0,774.639,0,93.6244,33.0926,27.6444,0,0,0,0,1045.66,1522.29,585.257,-0.47903
489,2014-05-05,00:00:00.00,0,0,3.28851e-15,114.395,1.95188,0,774.639,0,93.6244,33.0926,24.6989,0,0,0,0,1042.4,1522.29,588.517,-0.47903
490,2014-05-06,00:00:00.00,0,0,3.4431e-15,114.109,1.79496,0,774.639,0,93.6244,33.0926,22.0672,0,0,0,0,1039.33,1522.29,591.592,-0.47903
491,2014-05-07,00:00:00.00,0,0,3.36219e-15,113.804,1.65476,0,774.639,0,93.6244,33.0926,19.7159,0,0,0,0,1036.53,1522.29,594.388,-0.47903
492,2014-05-08,00:00:00.00,0,0,3.09179e-15,113.505,1.52949,0,774.639,0,93.6244,33.0926,17.6152,0,0,0,0,1034.01,1522.29,596.913,-0.47903
493,2014-05-09,00:00:00.00,0,0,2.99179e-15,113.045,1.24891,0,780.97,0,90.4585,33.0926,12.9097,0,0,0,0,1031.73,1522.29,599.193,-0.47903
494,2014-05-10,00:00:00.00,6.02849,0,3.27997e-15,112.438,1.01892,0,792.133,0,87.9712,33.2236,9.05265,0,0,0,0,1035.84,1528.32,601.109,-0.47903
495,2014-05-11,00:00:00.00,0,0,3.59886e-15,111.828,0.755576,0,799.86,0,84.1076,33.2236,4.63623,0,0,0,0,1034.41,1528.32,602.535,-0.47903
496,2014-05-12,00:00:00.00,0,0,3.72667e-15,111.197,0.557658,0,806.188,0,80.9418,33.2236,1.31705,0,0,0,0,1033.43,1528.32,603.521,-0.47903
497,2014-05-13,00:00:00.00,15.6741,0,3.84167e-15,110.955,0.973066,0,813.086,0,81.4225,33.5644,8.28363,0,0,0,0,1048.28,1544,604.336,-0.47903
498,2014-05-14,00:00:00.00,10.0475,0,3.93483e-15,110.965,0.859267,0,824.248,0,81.2375,33.7828,6.37517,0,0,0,0,1057.47,1554.04,605.2,-0.47903
499,2014-05-15,00:00:00.00,12.057,0,4.06024e-15,110.811,0.870133,0,834.762,0,81.5538,34.0449,6.5574,0,0,0,0,1068.6,1566.1,606.126,-0.47903
500,2014-05-16,00:00:00.00,10.2484,0,4.27703e-15,110.798,0.975005,0,839.699,0,83.8924,34.2677,8.31615,0,0,0,0,1077.95,1576.35,607.025,-0.47903
501,2014-05-17,00:00:00.00,0,0,3.71413e-15,110.823,0.922169,0,839.699,0,83.8924,34.2677,7.43006,0,0,0,0,1077.03,1576.35,607.939,-0.47903
502,2014-05-18,00:00:00.00,0,0,3.62998e-15,110.732,0.874962,0,839.699,0,83.8924,34.2677,6.63839,0,0,0,0,1076.1,1576.35,608.869,-0.47903
503,2014-05-19,00:00:00.00,0,0,3.72435e-15,110.606,0.832785,0,839.699,0,83.8924,34.2677,5.93106,0,0,0,0,1075.23,1576.35,609.744,-0.47903
504,2014-05-20,00:00:00.00,0,0,3.6128e-15,110.305,0.645023,0,845.333,0,81.0754,34.2677,2.7822,0,0,0,0,1074.41,1576.35,610.565,-0.47903
505,2014-05-21,00:00:00.00,12.6598,0,3.64483e-15,110.15,0.866624,0,850.824,0,83.4778,34.5429,6.49856,0,0,0,0,1086.36,1589.01,611.274,-0.47903
506,2014-05-22,00:00:00.00,1.00475,0,3.76465e-15,109.893,0.528001,0,861.986,0,78.8796,34.5647,0.819698,0,0,0,0,1086.67,1590.01,611.967,-0.47903
507,2014-05-23,00:00:00.00,0.401899,0,3.74772e-15,109.501,0.479124,0,864.227,0,77.851,34.5734,0,0,0,0,0,1086.63,1590.42,612.407,-0.47903
508,2014-05-24,00:00:00.00,0,0,3.74772e-15,109.254,0.479124,0,864.227,0,77.851,34.5734,0,0,0,0,0,1086.38,1590.42,612.655,-0.47903
509,2014-05-25,00:00:00.00,0,0,3.74772e-15,108.987,0.479124,0,869.137,0,72.941,34.5734,0,0,0,0,0,1086.12,1590.42,612.922,-0.47903
510,2014-05-26,00:00:00.00,0,0,3.74772e-15,108.762,0.479124,0,874.719,0,67.3599,34.5734,0,0,0,0,0,1085.89,1590.42,613.147,-0.47903
511,2014-05-27,00:00:00.00,0,0,3.74772e-15,108.567,0.479124,0,880.3,0,61.7788,34.5734,0,0,0,0,0,1085.7,1590.42,613.342,-0.479029
512,2014-05-28,00:00:00.00,0,0,3.74772e-15,108.393,0.479124,0,885.881,0,56.1977,34.5734,0,0,0,0,0,1085.52,1590.42,613.516,-0.479029
513,2014-05-29,00:00:00.00,0,0,3.74772e-15,108.236,0.479124,0,891.456,0,50.6226,34.5734,0,0,0,0,0,1085.37,1590.42,613.673,-0.479029
514,2014-05-30,00:00:00.00,0,0,3.74772e-15,108.114,0.479124,0,895.632,0,46.4468,34.5734,0,0,0,0,0,1085.25,1590.42,613.794,-0.479029
515,2014-05-31,00:00:00.00,0,0,3.74772e-15,107.98,0.479124,0,900.32,0,41.7585,34.5734,0,0,0,0,0,1085.11,1590.42,613.928,-0.479029
516,2014-06-01,00:00:00.00,0,0,3.74772e-15,107.853,0.479124,0,904.535,0,37.5434,34.5734,0,0,0,0,0,1084.98,1590.42,614.056,-0.479029
517,2014-06-02,00:00:00.00,0,0,3.74772e-15,107.792,0.479124,0,906.351,0,35.7276,34.5734,0,0,0,0,0,1084.92,1590.42,614.116,-0.479029
518,2014-06-03,00:00:00.00,3.81804,0,3.74772e-15,107.624,0.479124,0,911.394,0,34.419,34.6564,0,0,0,0,0,1088.57,1594.23,614.285,-0.479029
519,2014-06-04,00:00:00.00,0,0,3.74772e-15,107.455,0.479124,0,916.035,0,29.7789,34.6564,0,0,0,0,0,1088.4,1594.23,614.454,-0.479029
520,2014-06-05,00:00:00.00,0,0,3.74772e-15,107.455,0.479124,0,916.035,0,29.7789,34.6564,0,0,0,0,0,1088.4,1594.23,614.454,-0.479029
521,2014-06-06,00:00:00.00,0,0,3.74772e-15,107.455,0.479124,0,916.035,0,29.7789,34.6564,0,0,0,0,0,1088.4,1594.23,614.454,-0.479029
522,2014-06-07,00:00:00.00,0,0,3.74772e-15,107.455,0.479124,0,916.035,0,29.7789,34.6564,0,0,0,0,0,1088.4,1594.23,614.454,-0.479029
523,2014-06-08,00:00:00.00,0,0,3.74772e-15,107.394,0.479124,0,917.475,0,28.3387,34.6564,0,0,0,0,0,1088.34,1594.23,614.514,-0.479029
524,2014-06-09,00:00:00.00,4.21994,0,3.74772e-15,107.394,0.479124,0,917.582,0,32.3593,34.7482,0,0,0,0,0,1092.56,1598.45,614.514,-0.479029
525,2014-06-10,00:00:00.00,0,0,3.74772e-15,107.313,0.479124,0,919.693,0,30.249,34.7482,0,0,0,0,0,1092.48,1598.45,614.596,-0.479029
526,2014-06-11,00:00:00.00,2.61235,0,3.74772e-15,107.157,0.479124,0,923.617,0,28.88,34.805,0,0,0,0,0,1094.94,1601.07,614.751,-0.479029
527,2014-06-12,00:00:00.00,8.43989,0,3.74772e-15,107.023,0.479124,0,927.206,0,33.5478,34.9884,0,0,0,0,0,1103.24,1609.51,614.886,-0.479029
528,2014-06-13,00:00:00.00,7.03324,0,3.74772e-15,106.868,0.479124,0,931.786,0,35.848,35.1413,0,0,0,0,0,1110.12,1616.54,615.041,-0.479029
529,2014-06-14,00:00:00.00,0,0,3.74772e-15,106.786,0.479124,0,934.124,0,33.5102,35.1413,0,0,0,0,0,1110.04,1616.54,615.123,-0.479029
530,2014-06-15,00:00:00.00,0,0,3.74772e-15,106.786,0.479124,0,934.124,0,33.5102,35.1413,0,0,0,0,0,1110.04,1616.54,615.123,-0.479029
531,2014-06-16,00:00:00.00,2.61235,0,3.74772e-15,106.786,0.479124,0,934.19,0,35.9991,35.1981,0,0,0,0,0,1112.65,1619.15,615.123,-0.479029
532,2014-06-17,00:00:00.00,0,0,3.74772e-15,106.63,0.479124,0,938.661,0,31.5281,35.1981,0,0,0,0,0,1112.5,1619.15,615.278,-0.479029
533,2014-06-18,00:00:00.00,10.6503,0,3.74772e-15,106.462,0.479124,0,943.613,0,36.9954,35.4296,0,0,0,0,0,1122.98,1629.8,615.447,-0.479029
534,2014-06-19,00:00:00.00,1.40665,0,3.74772e-15,106.327,0.479124,0,947.653,0,34.3315,35.4602,0,0,0,0,0,1124.25,1631.21,615.581,-0.479029
535,2014-06-20,00:00:00.00,0,0,3.74772e-15,106.183,0.479124,0,951.627,0,30.3569,35.4602,0,0,0,0,0,1124.11,1631.21,615.726,-0.479029
536,2014-06-21,00:00:00.00,0,0,3.74772e-15,106.183,0.479124,0,951.627,0,30.3569,35.4602,0,0,0,0,0,1124.11,1631.21,615.726,-0.479029
537,2014-06-22,00:00:00.00,0,0,3.74772e-15,106.09,0.479124,0,953.863,0,28.1214,35.4602,0,0,0,0,0,1124.01,1631.21,615.818,-0.479029
538,2014-06-23,00:00:00.00,0,0,3.74772e-15,105.988,0.479124,0,956.171,0,25.8136,35.4602,0,0,0,0,0,1123.91,1631.21,615.921,-0.479029
539,2014-06-24,00:00:00.00,3.61709,0,3.74772e-15,105.874,0.479124,0,958.708,0,26.8148,35.5389,0,0,0,0,0,1127.42,1634.83,616.034,-0.479029
540,2014-06-25,00:00:00.00,12.6598,0,3.74772e-15,105.706,0.479124,0,963.25,0,34.658,35.8141,0,0,0,0,0,1139.91,1647.49,616.203,-0.479029
541,2014-06-26,00:00:00.00,0,0,3.74772e-15,105.561,0.479124,0,967.262,0,30.6456,35.8141,0,0,0,0,0,1139.76,1647.49,616.348,-0.479029
542,2014-06-27,00:00:00.00,0,0,3.74772e-15,105.395,0.479124,0,971.326,0,26.5813,35.8141,0,0,0,0,0,1139.6,1647.49,616.514,-0.479029
543,2014-06-28,00:00:00.00,0,0,3.74772e-15,105.226,0.479124,0,974.91,0,22.9979,35.8141,0,0,0,0,0,1139.43,1647.49,616.683,-0.479029
544,2014-06-29,00:00:00.00,0,0,3.74772e-15,105.057,0.479124,0,978.01,0,19.8975,35.8141,0,0,0,0,0,1139.26,1647.49,616.851,-0.479029
545,2014-06-30,00:00:00.00,9.24369,0,3.74772e-15,104.889,0.479124,0,981.487,-9.40772e-18,25.4635,36.015,0,0,0,0,0,1148.33,1656.73,617.02,-0.479029
546,2014-07-01,00:00:00.00,0.20095,0,3.74772e-15,104.72,0.479124,0,984.935,0,22.2116,36.0194,0,0,0,0,0,1148.37,1656.93,617.189,-0.479029
547,2014-07-02,00:00:00.00,4.42089,0,3.74772e-15,104.539,0.479124,0,988.529,-5.19349e-19,22.9422,36.1155,0,0,0,0,0,1152.61,1661.35,617.369,-0.479029
548,2014-07-03,00:00:00.00,0.803799,0,3.74772e-15,104.393,0.479124,0,991.267,0,20.9911,36.133,0,0,0,0,0,1153.26,1662.16,617.516,-0.479029
549,2014-07-04,00:00:00.00,0,0,3.74772e-15,104.393,0.479124,0,991.267,0,20.9911,36.133,0,0,0,0,0,1153.26,1662.16,617.516,-0.479029
550,2014-07-05,00:00:00.00,0,0,3.74772e-15,104.393,0.479124,0,991.267,0,20.9911,36.133,0,0,0,0,0,1153.26,1662.16,617.516,-0.479029
551,2014-07-06,00:00:00.00,0,0,3.74772e-15,104.393,0.479124,0,991.267,0,20.9911,36.133,0,0,0,0,0,1153.26,1662.16,617.516,-0.479029
552,2014-07-07,00:00:00.00,27.3292,0,3.75e-15,104.368,0.487155,0,992.534,0,46.3082,36.7271,0.134687,0,0,0,0,1180.56,1689.48,617.549,-0.479029
553,2014-07-08,00:00:00.00,1.00475,0,3.75228e-15,104.219,0.479144,0,998.536,0,41.4231,36.7489,0.000332881,0,0,0,0,1181.41,1690.49,617.706,-0.479029
554,2014-07-09,00:00:00.00,27.5301,0,3.8646e-15,104.579,0.883914,0,1000.53,0,58.7588,37.3474,6.78852,0,0,0,0,1208.89,1718.02,617.751,-0.479029
555,2014-07-10,00:00:00.00,0.20095,0,4.10957e-15,105.345,0.840784,0,1000.54,0,58.9503,37.3517,6.0652,0,0,0,0,1209.09,1718.22,617.751,-0.479029
556,2014-07-11,00:00:00.00,0.20095,0,4.28408e-15,105.948,0.802249,0,1000.54,0,59.1418,37.3561,5.41895,0,0,0,0,1209.21,1718.42,617.833,-0.479029
557,2014-07-12,00:00:00.00,24.114,0,4.41411e-15,106.745,1.36346,0,1001.05,0,71.0453,37.8803,14.8307,0,0,0,0,1232.92,1742.54,618.243,-0.479029
558,2014-07-13,00:00:00.00,12.2579,0,4.78955e-15,107.302,1.18653,0,1011.97,0,73.6741,38.1468,11.8636,0,0,0,0,1244.14,1754.79,619.278,-0.479029
559,2014-07-14,00:00:00.00,2.8133,0,4.72317e-15,107.036,0.740814,0,1025.87,0,69.4722,38.2079,4.38866,0,0,0,0,1245.72,1757.61,620.513,-0.479029
560,2014-07-15,00:00:00.00,10.0475,0,4.77524e-15,106.796,0.854573,0,1026.13,0,76.3864,38.4263,6.29646,0,0,0,0,1254.89,1767.65,621.39,-0.479029
561,2014-07-16,00:00:00.00,0.401899,0,4.47785e-15,106.763,0.814569,0,1026.14,0,76.7693,38.4351,5.62557,0,0,0,0,1254.54,1768.06,622.134,-0.479029
562,2014-07-17,00:00:00.00,1.00475,0,4.46056e-15,106.704,0.778827,0,1026.16,0,77.7266,38.4569,5.02616,0,0,0,0,1254.86,1769.06,622.828,-0.479029
563,2014-07-18,00:00:00.00,0,0,4.53139e-15,106.64,0.746894,0,1026.16,0,77.7266,38.4569,4.49062,0,0,0,0,1254.22,1769.06,623.46,-0.479029
564,2014-07-19,00:00:00.00,0,0,4.55471e-15,106.576,0.718363,0,1026.16,0,77.7266,38.4569,4.01215,0,0,0,0,1253.65,1769.06,624.03,-0.479029
565,2014-07-20,00:00:00.00,3.01425,0,4.68548e-15,106.515,0.692872,0,1026.24,0,80.5984,38.5225,3.58465,0,0,0,0,1256.15,1772.07,624.545,-0.479029
566,2014-07-21,00:00:00.00,0,0,4.67884e-15,106.259,0.504801,0,1032.8,0,77.1364,38.5225,0.430625,0,0,0,0,1255.66,1772.07,625.041,-0.479029
567,2014-07-22,00:00:00.00,0,0,4.67841e-15,105.884,0.479124,0,1039.19,0,71.1801,38.5225,0,0,0,0,0,1255.26,1772.07,625.44,-0.479029
568,2014-07-23,00:00:00.00,0.602849,0,4.67841e-15,105.589,0.479124,0,1046.15,0,64.8158,38.5356,0,0,0,0,0,1255.57,1772.68,625.736,-0.479029
569,2014-07-24,00:00:00.00,0,0,4.67841e-15,105.509,0.479124,0,1046.15,0,64.8158,38.5356,0,0,0,0,0,1255.48,1772.68,625.816,-0.479029
570,2014-07-25,00:00:00.00,0,0,4.67841e-15,105.448,0.479124,0,1046.15,0,64.8158,38.5356,0,0,0,0,0,1255.42,1772.68,625.877,-0.479029
571,2014-07-26,00:00:00.00,0,0,4.67841e-15,105.403,0.479124,0,1046.15,0,64.8158,38.5356,0,0,0,0,0,1255.38,1772.68,625.922,-0.479029
572,2014-07-27,00:00:00.00,0,0,4.67841e-15,105.359,0.479124,0,1046.61,0,64.3468,38.5356,0,0,0,0,0,1255.34,1772.68,625.966,-0.479029
573,2014-07-28,00:00:00.00,27.3292,0,4.67127e-15,105.821,1.23633,0,1053.57,0,69.9148,39.1297,12.6987,0,0,0,0,1282.37,1800.01,626.261,-0.479029
574,2014-07-29,00:00:00.00,0.401899,0,4.66299e-15,106.708,1.15565,0,1053.58,0,70.2977,39.1384,11.3456,0,0,0,0,1282.22,1800.41,626.808,-0.479029
575,2014-07-30,00:00:00.00,0.602849,0,4.52082e-15,107.022,1.08356,0,1053.59,0,70.8721,39.1515,10.1367,0,0,0,0,1281.86,1801.01,627.775,-0.479029
576,2014-07-31,00:00:00.00,13.2627,0,4.92197e-15,107.284,1.32019,0,1053.93,0,77.8577,39.4398,14.1051,0,0,0,0,1293.94,1814.27,628.958,-0.479029
577,2014-08-01,00:00:00.00,0,0,5.21688e-15,107.513,1.23058,0,1053.93,0,77.8577,39.4398,12.6022,0,0,0,0,1292.58,1814.27,630.322,-0.479029
578,2014-08-02,00:00:00.00,0,0,4.90448e-15,107.4,1.03896,0,1058.12,0,75.7639,39.4398,9.38873,0,0,0,0,1291.15,1814.27,631.746,-0.479029
579,2014-08-03,00:00:00.00,8.43989,0,4.87464e-15,107.162,0.941848,0,1064.01,0,78.8307,39.6233,7.7601,0,0,0,0,1298.33,1822.71,633.006,-0.479029
580,2014-08-04,00:00:00.00,0.20095,0,4.82877e-15,106.763,0.644738,0,1073.32,0,74.3759,39.6277,2.77743,0,0,0,0,1297.5,1822.92,634.034,-0.479029
581,2014-08-05,00:00:00.00,4.82279,0,4.82464e-15,106.242,0.479124,0,1080.32,0,74.8686,39.7325,0,0,0,0,0,1301.64,1827.74,634.72,-0.479029
582,2014-08-06,00:00:00.00,3.61709,0,4.82464e-15,105.863,0.479124,0,1083.26,0,75.4607,39.8111,0,0,0,0,0,1304.88,1831.35,635.1,-0.479029
583,2014-08-07,00:00:00.00,0,0,4.82464e-15,105.678,0.479124,0,1084.08,0,74.6457,39.8111,0,0,0,0,0,1304.69,1831.35,635.284,-0.479029
584,2014-08-08,00:00:00.00,0,0,4.82464e-15,105.559,0.479124,0,1084.89,0,73.8307,39.8111,0,0,0,0,0,1304.57,1831.35,635.404,-0.479029
585,2014-08-09,00:00:00.00,0,0,4.82464e-15,105.488,0.479124,0,1084.89,0,73.8307,39.8111,0,0,0,0,0,1304.5,1831.35,635.475,-0.479029
586,2014-08-10,00:00:00.00,0,0,4.82464e-15,105.407,0.479124,0,1086.14,0,72.5894,39.8111,0,0,0,0,0,1304.42,1831.35,635.555,-0.479029
587,2014-08-11,00:00:00.00,0,0,4.82464e-15,105.315,0.479124,0,1088.66,0,70.0693,39.8111,0,0,0,0,0,1304.33,1831.35,635.648,-0.479029
588,2014-08-12,00:00:00.00,27.1282,0,4.74968e-15,105.914,1.34685,0,1093.31,0,75.6687,40.4009,14.5522,0,0,0,0,1331.19,1858.48,635.916,-0.479029
589,2014-08-13,00:00:00.00,2.21045,0,5.15668e-15,106.681,1.05201,0,1100.91,0,74.0322,40.4489,9.60749,0,0,0,0,1332.73,1860.69,636.59,-0.479029
590,2014-08-14,00:00:00.00,0.20095,0,5.35971e-15,106.839,0.990965,0,1100.91,0,74.2236,40.4533,8.58381,0,0,0,0,1332,1860.89,637.517,-0.479029
591,2014-08-15,00:00:00.00,0,0,5.50864e-15,106.846,0.936428,0,1100.91,0,74.2236,40.4533,7.6692,0,0,0,0,1331.04,1860.89,638.479,-0.479029
592,2014-08-16,00:00:00.00,0,0,5.34249e-15,106.803,0.887702,0,1100.91,0,74.2236,40.4533,6.85205,0,0,0,0,1330.13,1860.89,639.388,-0.479029
593,2014-08-17,00:00:00.00,4.62184,0,5.24903e-15,106.744,0.844168,0,1101.03,0,78.6272,40.5537,6.12196,0,0,0,0,1333.92,1865.52,640.22,-0.479029
594,2014-08-18,00:00:00.00,0,0,5.3526e-15,106.681,0.805272,0,1101.03,0,78.6272,40.5537,5.46966,0,0,0,0,1333.17,1865.52,640.975,-0.479029
595,2014-08-19,00:00:00.00,0,0,5.38818e-15,106.618,0.770521,0,1101.03,0,78.6272,40.5537,4.88687,0,0,0,0,1332.48,1865.52,641.656,-0.479029
596,2014-08-20,00:00:00.00,0,0,5.3243e-15,106.558,0.739473,0,1101.03,0,78.6272,40.5537,4.36617,0,0,0,0,1331.87,1865.52,642.267,-0.479029
597,2014-08-21,00:00:00.00,11.856,0,5.32315e-15,106.527,0.839638,0,1107.77,0,81.0793,40.8115,6.04599,0,0,0,0,1343.08,1877.37,642.918,-0.479029
598,2014-08-22,00:00:00.00,0.401899,0,5.28587e-15,106.309,0.531249,0,1117.92,0,76.3948,40.8202,0.874169,0,0,0,0,1342.85,1877.77,643.549,-0.479029
599,2014-08-23,00:00:00.00,0,0,5.2871e-15,105.922,0.479124,0,1122.59,0,72.5959,40.8202,0,0,0,0,0,1342.41,1877.77,643.988,-0.479029
600,2014-08-24,00:00:00.00,0,0,5.2871e-15,105.646,0.479124,0,1126.39,0,68.797,40.8202,0,0,0,0,0,1342.13,1877.77,644.264,-0.479029
601,2014-08-25,00:00:00.00,0,0,5.2871e-15,105.454,0.479124,0,1130.19,0,64.9981,40.8202,0,0,0,0,0,1341.94,1877.77,644.456,-0.479029
602,2014-08-26,00:00:00.00,0,0,5.2871e-15,105.302,0.479124,0,1133.99,0,61.1992,40.8202,0,0,0,0,0,1341.79,1877.77,644.608,-0.479029
603,2014-08-27,00:00:00.00,0,0,5.2871e-15,105.108,0.479124,0,1140.81,0,54.3801,40.8202,0,0,0,0,0,1341.6,1877.77,644.802,-0.479029
604,2014-08-28,00:00:00.00,0,0,5.2871e-15,105.085,0.479124,0,1140.81,0,54.3801,40.8202,0,0,0,0,0,1341.57,1877.77,644.825,-0.479029
605,2014-08-29,00:00:00.00,0,0,5.2871e-15,105.068,0.479124,0,1140.81,0,54.3801,40.8202,0,0,0,0,0,1341.55,1877.77,644.843,-0.479029
606,2014-08-30,00:00:00.00,0,0,5.2871e-15,105.055,0.479124,0,1140.81,0,54.3801,40.8202,0,0,0,0,0,1341.54,1877.77,644.856,-0.479029
607,2014-08-31,00:00:00.00,0,0,5.2871e-15,104.895,0.479124,0,1147.48,0,47.7038,40.8202,0,0,0,0,0,1341.38,1877.77,645.016,-0.479029
608,2014-09-01,00:00:00.00,1.80855,0,5.2871e-15,104.74,0.479124,0,1153.44,0,43.5182,40.8595,0,0,0,0,0,1343.04,1879.58,645.17,-0.479029
609,2014-09-02,00:00:00.00,9.64558,0,5.2871e-15,104.635,0.479124,0,1157.41,0,48.9878,41.0692,0,0,0,0,0,1352.58,1889.23,645.276,-0.479029
610,2014-09-03,00:00:00.00,9.64558,0,5.2871e-15,104.529,0.479124,0,1161.78,0,54.0495,41.2789,0,0,0,0,0,1362.12,1898.87,645.381,-0.479029
611,2014-09-04,00:00:00.00,0,0,5.2871e-15,104.424,0.479124,0,1166.33,0,49.5002,41.2789,0,0,0,0,0,1362.01,1898.87,645.487,-0.479029
612,2014-09-05,00:00:00.00,0,0,5.2871e-15,104.318,0.479124,0,1170.5,0,45.3277,41.2789,0,0,0,0,0,1361.91,1898.87,645.592,-0.479029
613,2014-09-06,00:00:00.00,76.7628,0,4.76325e-15,106.094,2.81583,0,1175.16,0,72.0612,42.9476,39.0279,0,0,0,0,1438.11,1975.64,646.153,-0.479029
614,2014-09-07,00:00:00.00,0.20095,0,4.78191e-15,108.241,2.40284,0,1181,0,69.3391,42.952,32.2617,0,0,0,0,1436.19,1975.84,648.266,-0.479029
615,2014-09-08,00:00:00.00,0,0,4.47812e-15,108.536,2.151,0,1182.76,0,68.4595,42.952,28.0382,0,0,0,0,1432.89,1975.84,651.567,-0.479029
616,2014-09-09,00:00:00.00,0,0,4.65488e-15,108.345,1.8484,0,1187.43,0,66.1238,42.952,22.9634,0,0,0,0,1429.66,1975.84,654.8,-0.479029
617,2014-09-10,00:00:00.00,0,0,4.68783e-15,107.923,1.46941,0,1196.18,0,61.7498,42.952,16.6076,0,0,0,0,1426.88,1975.84,657.581,-0.479029
618,2014-09-11,00:00:00.00,63.2992,0,4.12536e-15,108.837,3.41401,0,1204.93,0,76.4418,44.328,49.2193,0,0,0,0,1487.17,2039.14,660.592,-0.479029
619,2014-09-12,00:00:00.00,0.803799,0,3.53117e-15,110.163,3.10129,0,1204.95,0,77.2076,44.3455,43.975,0,0,0,0,1483.74,2039.94,664.823,-0.479029
620,2014-09-13,00:00:00.00,0.602849,0,3.24783e-15,110.229,2.8219,0,1204.96,0,77.782,44.3586,39.2894,0,0,0,0,1479.45,2040.54,669.722,-0.479029
621,2014-09-14,00:00:00.00,4.62184,0,4.73466e-15,110.127,2.57231,0,1205.08,0,82.1848,44.4591,35.1038,0,0,0,0,1479.53,2045.17,674.26,-0.479029
622,2014-09-15,00:00:00.00,0,0,6.23841e-15,110.007,2.34928,0,1205.08,0,82.1848,44.4591,31.3634,0,0,0,0,1475.45,2045.17,678.344,-0.479029
623,2014-09-16,00:00:00.00,2.0095,0,6.17205e-15,109.886,2.15002,0,1205.13,0,84.0994,44.5027,28.0217,0,0,0,0,1473.79,2047.17,682.005,-0.479029
624,2014-09-17,00:00:00.00,0,0,6.04041e-15,109.769,1.97198,0,1205.13,0,84.0994,44.5027,25.0359,0,0,0,0,1470.51,2047.17,685.286,-0.479029
625,2014-09-18,00:00:00.00,0,0,6.14381e-15,109.656,1.81292,0,1205.13,0,84.0994,44.5027,22.3683,0,0,0,0,1467.57,2047.17,688.226,-0.479029
626,2014-09-19,00:00:00.00,0,0,6.15167e-15,109.545,1.6708,0,1205.13,0,84.0994,44.5027,19.985,0,0,0,0,1464.94,2047.17,690.862,-0.479029
627,2014-09-20,00:00:00.00,0,0,5.72027e-15,109.438,1.54383,0,1205.13,0,84.0994,44.5027,17.8556,0,0,0,0,1462.57,2047.17,693.226,-0.479029
628,2014-09-21,00:00:00.00,18.2864,0,5.28829e-15,109.757,2.1065,0,1206.63,0,87.8038,44.9003,27.2919,0,0,0,0,1478.49,2065.46,695.599,-0.479029
629,2014-09-22,00:00:00.00,5.22469,0,5.52007e-15,109.983,1.77468,0,1215.95,0,86.5671,45.0138,21.7271,0,0,0,0,1481.01,2070.69,698.296,-0.479029
630,2014-09-23,00:00:00.00,0,0,5.85825e-15,109.876,1.63664,0,1215.95,0,86.5671,45.0138,19.4121,0,0,0,0,1478.45,2070.69,700.856,-0.479029
631,2014-09-24,00:00:00.00,0,0,6.5658e-15,109.767,1.51331,0,1215.95,0,86.5671,45.0138,17.3437,0,0,0,0,1476.15,2070.69,703.157,-0.479029
632,2014-09-25,00:00:00.00,0,0,6.54216e-15,109.614,1.35625,0,1217.71,0,85.6874,45.0138,14.7097,0,0,0,0,1474.09,2070.69,705.22,-0.479029
633,2014-09-26,00:00:00.00,0,0,6.92014e-15,109.398,1.18488,0,1220.63,0,84.2251,45.0138,11.8359,0,0,0,0,1472.29,2070.69,707.02,-0.479029
634,2014-09-27,00:00:00.00,0,0,7.28523e-15,109.067,0.954186,0,1226.47,0,81.3063,45.0138,7.96701,0,0,0,0,1470.78,2070.69,708.532,-0.479029
635,2014-09-28,00:00:00.00,0,0,7.36332e-15,108.576,0.670475,0,1235.22,0,76.931,45.0138,3.20905,0,0,0,0,1469.62,2070.69,709.689,-0.479029
636,2014-09-29,00:00:00.00,0,0,7.31424e-15,108.019,0.479124,0,1242.8,0,72.5557,45.0138,0,0,0,0,0,1468.87,2070.69,710.438,-0.479029
637,2014-09-30,00:00:00.00,7.43514,0,7.31269e-15,107.624,0.509881,0,1246.31,0,75.7506,45.1755,0.515811,0,0,0,0,1475.88,2078.12,710.863,-0.479029
638,2014-10-01,00:00:00.00,2.0095,0,7.31115e-15,107.436,0.479124,0,1247.99,0,76.5454,45.2192,0,0,0,0,0,1477.67,2080.13,711.081,-0.479029
639,2014-10-02,00:00:00.00,0.20095,0,7.31115e-15,107.267,0.479124,0,1250.3,0,74.4381,45.2235,0,0,0,0,0,1477.7,2080.33,711.251,-0.479029
640,2014-10-03,00:00:00.00,0,0,7.31115e-15,107.14,0.479124,0,1252.6,0,72.1343,45.2235,0,0,0,0,0,1477.58,2080.33,711.378,-0.479029
641,2014-10-04,00:00:00.00,21.7026,0,7.24322e-15,107.598,1.15575,0,1255,0,78.2655,45.6953,11.3474,0,0,0,0,1499.06,2102.03,711.597,-0.479029
642,2014-10-05,00:00:00.00,1.6076,0,7.4107e-15,108.351,1.08172,0,1255.1,0,79.7716,45.7303,10.1059,0,0,0,0,1500.14,2103.64,712.122,-0.479029
643,2014-10-06,00:00:00.00,0.803799,0,7.76649e-15,108.617,1.01752,0,1255.12,0,80.5375,45.7477,9.02909,0,0,0,0,1500.07,2104.45,712.997,-0.479029
644,2014-10-07,00:00:00.00,10.8513,0,7.75237e-15,108.764,1.15786,0,1258.94,0,83.6255,45.9836,11.3827,0,0,0,0,1509.85,2115.3,714.068,-0.479029
645,2014-10-08,00:00:00.00,0.803799,0,7.55433e-15,108.794,0.968543,0,1263.33,0,82.2158,46.0011,8.20779,0,0,0,0,1509.52,2116.1,715.206,-0.479029
646,2014-10-09,00:00:00.00,0.602849,0,7.6531e-15,108.639,0.868436,0,1265.13,0,81.9053,46.0142,6.52895,0,0,0,0,1509.09,2116.7,716.24,-0.479029
647,2014-10-10,00:00:00.00,0,0,7.6534e-15,108.514,0.826955,0,1265.13,0,81.9053,46.0142,5.83329,0,0,0,0,1508.23,2116.7,717.102,-0.479029
648,2014-10-11,00:00:00.00,0,0,7.48569e-15,108.426,0.789894,0,1265.13,0,81.9053,46.0142,5.21175,0,0,0,0,1507.48,2116.7,717.848,-0.479029
649,2014-10-12,00:00:00.00,0,0,7.39605e-15,108.354,0.756781,0,1265.13,0,81.9053,46.0142,4.65644,0,0,0,0,1506.82,2116.7,718.509,-0.479029
650,2014-10-13,00:00:00.00,0,0,7.38048e-15,108.292,0.727196,0,1265.13,0,81.9053,46.0142,4.16029,0,0,0,0,1506.23,2116.7,719.097,-0.479029
651,2014-10-14,00:00:00.00,0.20095,0,7.43915e-15,108.163,0.637463,0,1267.51,0,80.9137,46.0186,2.65543,0,0,0,0,1505.9,2116.9,719.632,-0.479029
652,2014-10-15,00:00:00.00,14.2674,0,7.59125e-15,108.253,0.959583,0,1272.09,0,83.9303,46.3287,8.05753,0,0,0,0,1519.61,2131.17,720.181,-0.479029
653,2014-10-16,00:00:00.00,0.803799,0,7.56791e-15,108.399,0.785655,0,1276.69,0,82.4128,46.3462,5.14067,0,0,0,0,1519.78,2131.98,720.822,-0.479029
654,2014-10-17,00:00:00.00,1.00475,0,7.51159e-15,108.221,0.630259,0,1281.3,0,81.0919,46.368,2.5346,0,0,0,0,1520.15,2132.98,721.458,-0.479029
655,2014-10-18,00:00:00.00,2.21045,0,7.53097e-15,107.912,0.495597,0,1285.83,0,80.9505,46.4161,0.276263,0,0,0,0,1521.88,2135.19,721.934,-0.479029
656,2014-10-19,00:00:00.00,0.401899,0,7.53894e-15,107.679,0.493842,0,1285.84,0,81.3334,46.4248,0.246827,0,0,0,0,1522.02,2135.59,722.198,-0.479029
657,2014-10-20,00:00:00.00,3.01425,0,7.5438e-15,107.545,0.492274,0,1285.92,0,84.2053,46.4904,0.220528,0,0,0,0,1524.87,2138.61,722.36,-0.479029
658,2014-10-21,00:00:00.00,12.8608,0,7.50742e-15,107.829,0.947084,0,1286.24,0,87.8953,46.7699,7.8479,0,0,0,0,1537.53,2151.47,722.557,-0.479029
659,2014-10-22,00:00:00.00,3.01425,0,7.59058e-15,108.324,0.926386,0,1286.32,0,90.2198,46.8355,7.50079,0,0,0,0,1540.13,2154.48,722.977,-0.479029
660,2014-10-23,00:00:00.00,0,0,7.63336e-15,108.528,0.87873,0,1286.32,0,90.2198,46.8355,6.70158,0,0,0,0,1539.49,2154.48,723.62,-0.479029
661,2014-10-24,00:00:00.00,0,0,7.48832e-15,108.518,0.788193,0,1288.12,0,89.3195,46.8355,5.18323,0,0,0,0,1538.77,2154.48,724.339,-0.479029
662,2014-10-25,00:00:00.00,0,0,7.51209e-15,108.424,0.730316,0,1289.06,0,88.8513,46.8355,4.2126,0,0,0,0,1538.11,2154.48,724.993,-0.479029
663,2014-10-26,00:00:00.00,0,0,7.565e-15,108.207,0.586554,0,1293.45,0,86.6552,46.8355,1.80165,0,0,0,0,1537.54,2154.48,725.569,-0.479029
664,2014-10-27,00:00:00.00,0,0,7.54539e-15,108.023,0.575107,0,1293.45,0,86.6552,46.8355,1.60968,0,0,0,0,1537.15,2154.48,725.956,-0.479029
665,2014-10-28,00:00:00.00,1.40665,0,7.5496e-15,107.916,0.56488,0,1293.49,0,87.9954,46.866,1.43817,0,0,0,0,1538.27,2155.89,726.245,-0.479029
666,2014-10-29,00:00:00.00,1.2057,0,7.55751e-15,107.734,0.479124,0,1297.23,0,86.8711,46.8922,0,0,0,0,0,1539.2,2157.09,726.513,-0.479029
667,2014-10-30,00:00:00.00,1.6076,0,7.55751e-15,107.594,0.479124,0,1297.27,0,88.4028,46.9272,0,0,0,0,0,1540.67,2158.7,726.653,-0.479029
668,2014-10-31,00:00:00.00,1.6076,0,7.55751e-15,107.504,0.479124,0,1297.31,0,89.9344,46.9621,0,0,0,0,0,1542.19,2160.31,726.742,-0.479029
669,2014-11-01,00:00:00.00,6.43039,2.0095,7.62212e-15,107.703,0.792887,0,1297.54,0,92.0696,47.1456,5.26195,0,0,0,0,1550.52,2168.75,726.857,-0.479029
670,2014-11-02,00:00:00.00,0,0,7.72155e-15,108.054,0.759455,0,1297.54,0,92.0696,47.1456,4.70128,0,0,0,0,1550.27,2168.75,727.101,-0.479029
671,2014-11-03,00:00:00.00,0,0,7.92418e-15,108.185,0.711217,0,1298.23,0,91.7249,47.1456,3.89232,0,0,0,0,1549.89,2168.75,727.482,-0.479029
672,2014-11-04,00:00:00.00,0,0,7.90555e-15,108.161,0.643621,0,1299.84,0,90.9202,47.1456,2.7587,0,0,0,0,1549.47,2168.75,727.903,-0.479029
673,2014-11-05,00:00:00.00,8.23894,0,7.74344e-15,108.289,0.893139,0,1301.51,0,92.2972,47.3247,6.94323,0,0,0,0,1557.26,2176.99,728.353,-0.479029
674,2014-11-06,00:00:00.00,0,0,7.87842e-15,108.477,0.806159,0,1303.12,0,91.4926,47.3247,5.48454,0,0,0,0,1556.71,2176.99,728.906,-0.479029
675,2014-11-07,00:00:00.00,2.61235,0,7.96155e-15,108.482,0.768581,0,1304.73,0,92.4902,47.3815,4.85433,0,0,0,0,1558.71,2179.6,729.518,-0.479029
676,2014-11-08,00:00:00.00,0,0,7.97116e-15,108.453,0.732767,0,1304.92,0,92.3968,47.3815,4.25371,0,0,0,0,1558.13,2179.6,730.09,-0.479029
677,2014-11-09,00:00:00.00,4.62184,0,7.84183e-15,108.503,0.843472,0,1305.56,0,93.686,47.482,6.11028,0,0,0,0,1562.19,2184.22,730.658,-0.479029
678,2014-11-10,00:00:00.00,0.803799,0,8.00132e-15,108.58,0.79164,0,1306.05,0,94.2281,47.4995,5.24104,0,0,0,0,1562.39,2185.03,731.258,-0.479029
679,2014-11-11,00:00:00.00,0.401899,0,8.0843e-15,108.523,0.715475,0,1307.66,0,93.8166,47.5082,3.96372,0,0,0,0,1562.19,2185.43,731.864,-0.479029
680,2014-11-12,00:00:00.00,0.602849,0,8.25211e-15,108.395,0.647426,0,1309.27,0,93.6018,47.5213,2.8225,0,0,0,0,1562.26,2186.03,732.396,-0.479029
681,2014-11-13,00:00:00.00,0.0659313,0.938817,8.29712e-15,108.288,0.629493,0,1309.3,0,93.6645,47.5431,2.52176,0,0.886789,0,0,1562.84,2187.04,732.822,-0.479029
682,2014-11-14,00:00:00.00,0,3.01425,8.30122e-15,108.216,0.613471,0,1309.41,0,93.6645,47.6087,2.25306,0,3.73387,0,0,1565.49,2190.05,733.179,-0.479029
683,2014-11-15,00:00:00.00,0,0.803799,8.3203e-15,108.163,0.599156,0,1309.43,0,93.6645,47.6261,2.013,0,4.49309,0,0,1565.99,2190.85,733.486,-0.479021
684,2014-11-16,00:00:00.00,0,1.00475,8.29595e-15,108.118,0.586367,0,1309.47,0,93.6645,47.648,1.79851,0,5.44212,0,0,1566.72,2191.86,733.759,-0.479021
685,2014-11-17,00:00:00.00,0,2.61235,8.26274e-15,108.076,0.57494,0,1309.55,0,93.6645,47.7048,1.60688,0,7.90958,0,0,1569.09,2194.47,734.004,-0.479021
686,2014-11-18,00:00:00.00,0,12.2579,8.26288e-15,108.037,0.564731,0,1309.97,0,93.6645,47.9712,1.43567,0,19.4877,0,0,1581.13,2206.73,734.224,-0.479021
687,2014-11-19,00:00:00.00,0,1.80855,8.24216e-15,108.002,0.555609,0,1310.03,0,93.6645,48.0105,1.2827,0,21.196,0,0,1582.74,2208.54,734.421,-0.479021
688,2014-11-20,00:00:00.00,0,5.82754,8.23995e-15,107.97,0.54746,0,1310.23,0,93.6645,48.1372,1.14602,0,26.7003,0,0,1588.39,2214.37,734.597,-0.479021
689,2014-11-21,00:00:00.00,0,2.8133,8.24534e-15,107.942,0.540179,0,1310.32,0,93.6645,48.1984,1.02391,0,29.3576,0,0,1591.05,2217.18,734.755,-0.479021
690,2014-11-22,00:00:00.00,0,0,8.28704e-15,107.916,0.533673,0,1310.32,0,93.6645,48.1984,0.914816,0,29.3576,0,0,1590.91,2217.18,734.896,-0.479021
691,2014-11-23,00:00:00.00,0,1.80855,8.28624e-15,107.893,0.527861,0,1310.38,0,93.6645,48.2377,0.817342,0,31.0658,0,0,1592.59,2218.99,735.023,-0.479021
692,2014-11-24,00:00:00.00,26.7263,0,8.37424e-15,109.53,2.80178,0,1311.69,0,95.9151,48.8187,38.9519,0.36486,10.5035,0,0,1618.58,2245.71,735.758,-0.479021
693,2014-11-25,00:00:00.00,10.2484,0,7.76336e-15,112.046,3.47853,0,1313.41,0,96.3777,49.0415,50.3014,0.0459351,1.32237,0,0,1626.02,2255.96,738.563,-0.479021
694,2014-11-26,00:00:00.00,0,0,8.49246e-15,112.94,3.15894,0,1313.41,0,96.3777,49.0415,44.9418,0,1.36831,0,0,1621.24,2255.96,743.348,-0.479021
695,2014-11-27,00:00:00.00,0,0,9.40087e-15,112.889,2.87341,0,1313.41,0,96.3777,49.0415,40.1532,0,1.36831,0,0,1616.11,2255.96,748.474,-0.479021
696,2014-11-28,00:00:00.00,0,6.22944,9.85609e-15,112.728,2.61829,0,1313.62,0,96.3777,49.1769,35.8749,0,7.25227,0,0,1617.65,2262.19,753.168,-0.479021
697,2014-11-29,00:00:00.00,0,0,1.00781e-14,112.556,2.39036,0,1313.62,0,96.3777,49.1769,32.0524,0,7.25227,0,0,1613.42,2262.19,757.391,-0.479021
698,2014-11-30,00:00:00.00,0,0,1.06773e-14,112.379,2.18443,0,1313.67,0,96.8092,49.1769,28.5987,0.192634,6.61981,0,0,1609.63,2262.19,761.184,-0.479021
699,2014-12-01,00:00:00.00,0.20095,0,1.02555e-14,112.325,2.22951,0,1315.28,0,96.7509,49.1813,29.3547,0.0403277,1.16095,0,0,1606.32,2262.39,764.694,-0.479021
700,2014-12-02,00:00:00.00,0,0.401899,1.01216e-14,112.307,2.03635,0,1315.43,0,96.7387,49.19,26.1154,0,1.58088,0,0,1603.4,2262.79,768.019,-0.479021
701,2014-12-03,00:00:00.00,0,1.80855,9.63026e-15,112.154,1.87043,0,1315.49,0,96.7387,49.2293,23.3328,0,3.28913,0,0,1602.1,2264.6,771.121,-0.479021
702,2014-12-04,00:00:00.00,0,3.21519,9.47686e-15,111.976,1.71763,0,1315.69,0,96.7357,49.2992,20.7704,0,6.32602,0,0,1602.51,2267.82,773.929,-0.479021
703,2014-12-05,00:00:00.00,0,0,9.22079e-15,111.793,1.58007,0,1315.81,0,96.7154,49.2992,18.4633,0,6.32602,0,0,1599.99,2267.82,776.451,-0.479021
704,2014-12-06,00:00:00.00,0,0,9.81825e-15,111.613,1.46031,0,1315.87,0,96.7064,49.2992,16.4549,0,6.32602,0,0,1597.73,2267.82,778.714,-0.479021
705,2014-12-07,00:00:00.00,0,0,1.06613e-14,111.492,1.44619,0,1316.24,0,97.231,49.2992,16.2181,0.125156,3.60295,0,0,1595.66,2267.82,780.782,-0.479021
706,2014-12-08,00:00:00.00,0,0,1.05495e-14,111.398,1.34315,0,1316.24,0,97.231,49.2992,14.49,0,3.72811,0,0,1593.73,2267.82,782.708,-0.479021
707,2014-12-09,00:00:00.00,0,0,1.09724e-14,111.241,1.24338,0,1316.42,0,97.203,49.2992,12.817,0,3.72811,0,0,1591.95,2267.82,784.493,-0.479021
708,2014-12-10,00:00:00.00,0.09105,0.1099,1.10314e-14,111.059,1.14517,0,1316.79,0,97.1541,49.3036,11.1699,0.0800904,3.83184,0,0,1590.54,2268.02,786.105,-0.479021
709,2014-12-11,00:00:00.00,0,0.602849,1.12092e-14,110.888,1.07385,0,1316.82,0,97.1539,49.3167,9.97376,0,4.48135,0,0,1589.71,2268.62,787.537,-0.479021
710,2014-12-12,00:00:00.00,0,3.81804,1.10792e-14,110.729,1.00802,0,1317,0,97.1527,49.3997,8.86989,0,8.08765,0,0,1592.24,2272.44,788.819,-0.479021
711,2014-12-13,00:00:00.00,0,0,1.10518e-14,110.568,0.938725,0,1317.29,0,97.1057,49.3997,7.70773,0,8.08765,0,0,1591.09,2272.44,789.97,-0.479021
712,2014-12-14,00:00:00.00,0.244876,0.960822,1.10662e-14,110.399,0.873664,0,1317.65,0,97.084,49.4259,6.61663,0.230383,8.99541,0,0,1591.28,2273.65,790.992,-0.479021
713,2014-12-15,00:00:00.00,0.847725,0.357973,1.12025e-14,110.288,0.896579,0,1318.03,0,97.5524,49.4521,7.00091,0.279897,8.05763,0,0,1591.56,2274.85,791.915,-0.479021
714,2014-12-16,00:00:00.00,1.80855,0,1.12109e-14,110.428,1.16204,0,1318.41,0,97.977,49.4914,11.4528,0.116921,3.3659,0,0,1592.41,2276.66,792.876,-0.479021
715,2014-12-17,00:00:00.00,4.62184,0,1.14824e-14,110.786,1.3662,0,1319.1,0,98.1193,49.5919,14.8767,0.0664337,1.91248,0,0,1595.82,2281.28,794.088,-0.479021
716,2014-12-18,00:00:00.00,0.263725,1.74577,1.16026e-14,110.967,1.2549,0,1319.49,0,98.3243,49.6356,13.0101,0.033157,3.62802,0,0,1596.34,2283.29,795.569,-0.479021
717,2014-12-19,00:00:00.00,0,0,1.16396e-14,110.899,1.16874,0,1319.57,0,98.3116,49.6356,11.5651,0,3.66117,0,0,1594.81,2283.29,797.103,-0.479019
718,2014-12-20,00:00:00.00,0,0,1.2111e-14,110.771,1.09526,0,1319.57,0,98.3116,49.6356,10.3329,0,3.66117,0,0,1593.38,2283.29,798.537,-0.479019
719,2014-12-21,00:00:00.00,0,0,1.19202e-14,110.63,1.02961,0,1319.57,0,98.3116,49.6356,9.23188,0,3.66117,0,0,1592.07,2283.29,799.844,-0.479019
720,2014-12-22,00:00:00.00,0,0,1.17162e-14,110.491,0.969549,0,1319.6,0,98.3065,49.6356,8.22465,0,3.66117,0,0,1590.89,2283.29,801.024,-0.479019
721,2014-12-23,00:00:00.00,0,0,1.16987e-14,110.353,0.914839,0,1319.66,0,98.2975,49.6356,7.30715,0,3.66117,0,0,1589.83,2283.29,802.088,-0.479019
722,2014-12-24,00:00:00.00,8.33596,3.52007,1.21737e-14,110.526,1.31555,0,1320.31,0,98.5848,49.8933,14.0272,0.1988,5.72301,0,0,1600.58,2295.15,803.188,-0.479019
723,2014-12-25,00:00:00.00,11.6551,0,1.175e-14,111.308,2.00389,0,1321.16,0,98.6588,50.1467,25.5711,0.0609358,1.75421,0,0,1610.66,2306.8,804.766,-0.479019
724,2014-12-26,00:00:00.00,0,0.602849,1.14435e-14,111.905,1.84835,0,1321.79,0,98.6019,50.1598,22.9625,0.057135,1.64479,0,0,1608.96,2307.4,807.063,-0.479019
725,2014-12-27,00:00:00.00,0,0,1.14988e-14,111.906,1.69966,0,1322.42,0,98.3271,50.1598,20.4689,0.0469718,1.35221,0,0,1606.38,2307.4,809.652,-0.479019
726,2014-12-28,00:00:00.00,1.80855,0,1.12089e-14,111.83,1.66101,0,1323.05,0,98.3623,50.1991,19.8208,0.0264379,0.76109,0,0,1605.71,2309.21,812.131,-0.479019
727,2014-12-29,00:00:00.00,0,0,1.04509e-14,111.737,1.52109,0,1323.57,0,98.0997,50.1991,17.4742,0,0.787528,0,0,1603.39,2309.21,814.448,-0.479019
728,2014-12-30,00:00:00.00,0,0,1.04392e-14,111.585,1.40761,0,1323.66,0,98.0536,50.1991,15.5711,0,0.787528,0,0,1601.27,2309.21,816.57,-0.479019
729,2014-12-31,00:00:00.00,0,0.803799,1.03426e-14,111.43,1.30868,0,1323.69,0,98.0536,50.2166,13.912,0,1.54675,0,0,1600.16,2310.02,818.483,-0.479019
730,2015-01-01,00:00:00.00,0,1.00475,1.03697e-14,111.277,1.22029,0,1323.72,0,98.0536,50.2384,12.4297,0,2.49578,0,0,1599.44,2311.02,820.207,-0.479019
731,2015-01-02,00:00:00.00,0,1.40665,1.07396e-14,111.124,1.13871,0,1323.82,0,98.0518,50.269,11.0616,0,3.82441,0,0,1599.29,2312.43,821.76,-0.479019
732,2015-01-03,00:00:00.00,0,0,1.07461e-14,110.97,1.06308,0,1323.94,0,98.0323,50.269,9.79313,0,3.82441,0,0,1597.89,2312.43,823.158,-0.479019
733,2015-01-04,00:00:00.00,0,13.0617,1.09801e-14,110.814,0.993849,0,1324.52,0,98.0295,50.5529,8.63218,0,16.1618,0,0,1609.7,2325.49,824.413,-0.479019
734,2015-01-05,00:00:00.00,2.32632,11.3383,1.11648e-14,110.709,1.0018,0,1325.13,0,98.3343,50.85,8.76551,0.56141,26.8734,0,0,1622.22,2339.15,825.555,-0.479019
735,2015-01-06,00:00:00.00,0,1.00475,1.10773e-14,110.63,0.946108,0,1325.16,0,98.3343,50.8718,7.83154,0,28.3838,0,0,1622.16,2340.16,826.624,-0.479019
736,2015-01-07,00:00:00.00,0,2.0095,1.08398e-14,110.516,0.896351,0,1325.23,0,98.3343,50.9155,6.99709,0,30.2818,0,0,1623.17,2342.17,827.622,-0.479019
737,2015-01-08,00:00:00.00,0,1.2057,1.06404e-14,110.394,0.851895,0,1325.27,0,98.3343,50.9417,6.25155,0,31.4207,0,0,1623.46,2343.37,828.534,-0.479019
738,2015-01-09,00:00:00.00,0,2.0095,1.06451e-14,110.274,0.812176,0,1325.34,0,98.3343,50.9854,5.58544,0,33.3187,0,0,1624.65,2345.38,829.36,-0.479019
739,2015-01-10,00:00:00.00,0,7.43514,1.07148e-14,110.155,0.776689,0,1325.59,0,98.3343,51.147,4.99031,0,40.3415,0,0,1631.33,2352.82,830.109,-0.479019
740,2015-01-11,00:00:00.00,0,0.401899,1.07917e-14,110.04,0.744984,0,1325.6,0,98.3343,51.1558,4.45859,0,40.7211,0,0,1631.06,2353.22,830.788,-0.479019
741,2015-01-12,00:00:00.00,0,1.2057,1.09403e-14,109.931,0.716656,0,1325.64,0,98.3343,51.182,3.98353,0,41.86,0,0,1631.65,2354.43,831.4,-0.479019
742,2015-01-13,00:00:00.00,0,0,1.08984e-14,109.818,0.682551,0,1325.84,0,98.3023,51.182,3.41157,0,41.86,0,0,1631.1,2354.43,831.955,-0.479019
743,2015-01-14,00:00:00.00,0,0,1.09431e-14,109.709,0.660876,0,1325.84,0,98.3023,51.182,3.04807,0,41.86,0,0,1630.6,2354.43,832.448,-0.479019
744,2015-01-15,00:00:00.00,0,0,1.09857e-14,109.609,0.64151,0,1325.84,0,98.3023,51.182,2.7233,0,41.86,0,0,1630.16,2354.43,832.893,-0.479019
745,2015-01-16,00:00:00.00,0,3.01425,1.09227e-14,109.516,0.624208,0,1325.94,0,98.3023,51.2475,2.43313,0,44.707,0,0,1632.77,2357.44,833.293,-0.479019
746,2015-01-17,00:00:00.00,0,0,1.09451e-14,109.429,0.608749,0,1325.94,0,98.3023,51.2475,2.17388,0,44.707,0,0,1632.41,2357.44,833.654,-0.479019
747,2015-01-18,00:00:00.00,0,2.0095,1.09105e-14,109.349,0.594938,0,1326.01,0,98.3023,51.2912,1.94225,0,46.6051,0,0,1634.09,2359.45,833.98,-0.479019
748,2015-01-19,00:00:00.00,0,4.01899,1.08764e-14,109.263,0.573802,0,1326.32,0,98.2961,51.3786,1.58779,0,50.4012,0,0,1637.82,2363.47,834.276,-0.479019
749,2015-01-20,00:00:00.00,0,0,1.08937e-14,109.171,0.555609,0,1326.5,0,98.2667,51.3786,1.28269,0,50.4012,0,0,1637.55,2363.47,834.54,-0.479019
750,2015-01-21,00:00:00.00,0,0,1.09382e-14,109.085,0.547459,0,1326.5,0,98.2667,51.3786,1.14601,0,50.4012,0,0,1637.32,2363.47,834.77,-0.479019
751,2015-01-22,00:00:00.00,0,0,1.09732e-14,109.011,0.540178,0,1326.5,0,98.2667,51.3786,1.02391,0,50.4012,0,0,1637.12,2363.47,834.974,-0.479019
752,2015-01-23,00:00:00.00,0,0,1.09658e-14,108.935,0.524877,0,1326.69,0,98.2347,51.3786,0.767301,0,50.4012,0,0,1636.94,2363.47,835.157,-0.479019
753,2015-01-24,00:00:00.00,0,0,1.09552e-14,108.855,0.511206,0,1326.89,0,98.2027,51.3786,0.538037,0,50.4012,0,0,1636.78,2363.47,835.314,-0.479019
754,2015-01-25,00:00:00.00,0,0.401899,1.0964e-14,108.776,0.498992,0,1327.09,0,98.1827,51.3873,0.333201,0,50.7808,0,0,1637.05,2363.87,835.446,-0.479019
755,2015-01-26,00:00:00.00,0,0,1.09445e-14,108.708,0.496875,0,1327.09,0,98.1827,51.3873,0.297698,0,50.7808,0,0,1636.94,2363.87,835.551,-0.479019
756,2015-01-27,00:00:00.00,0,0,1.09625e-14,108.65,0.494984,0,1327.09,0,98.1827,51.3873,0.265979,0,50.7808,0,0,1636.85,2363.87,835.643,-0.479019
757,2015-01-28,00:00:00.00,0,0,1.09625e-14,108.598,0.493294,0,1327.09,0,98.1827,51.3873,0.237638,0,50.7808,0,0,1636.77,2363.87,835.725,-0.479019
758,2015-01-29,00:00:00.00,0,0,1.09568e-14,108.55,0.491784,0,1327.09,0,98.1827,51.3873,0.212318,0,50.7808,0,0,1636.7,2363.87,835.8,-0.479019
759,2015-01-30,00:00:00.00,0,3.81804,1.09498e-14,108.502,0.487827,0,1327.27,0,98.1814,51.4703,0.145959,0,54.3871,0,0,1640.44,2367.69,835.869,-0.479019
760,2015-01-31,00:00:00.00,0,0,1.09612e-14,108.458,0.4869,0,1327.27,0,98.1814,51.4703,0.130407,0,54.3871,0,0,1640.38,2367.69,835.93,-0.479019
761,2015-02-01,00:00:00.00,0,0,1.09693e-14,108.418,0.486071,0,1327.27,0,98.1814,51.4703,0.116512,0,54.3871,0,0,1640.33,2367.69,835.984,-0.479019
762,2015-02-02,00:00:00.00,0,18.0855,1.09822e-14,108.381,0.485331,0,1327.88,0,98.1814,51.8634,0.104098,0,71.4696,0,0,1658.36,2385.78,836.034,-0.479019
763,2015-02-03,00:00:00.00,0,0,1.09812e-14,108.348,0.48467,0,1327.88,0,98.1814,51.8634,0.0930062,0,71.4696,0,0,1658.32,2385.78,836.08,-0.479019
764,2015-02-04,00:00:00.00,0,2.0095,1.09848e-14,108.316,0.484079,0,1327.95,0,98.1814,51.9071,0.0830964,0,73.3676,0,0,1660.29,2387.78,836.121,-0.479019
765,2015-02-05,00:00:00.00,0,1.2057,1.09841e-14,108.281,0.479126,0,1328.07,0,98.1775,51.9333,3.61962e-05,0,74.5065,0,0,1661.45,2388.99,836.161,-0.479019
766,2015-02-06,00:00:00.00,0,1.40665,1.0985e-14,108.248,0.479126,0,1328.12,0,98.1775,51.9639,3.23395e-05,0,75.8351,0,0,1662.83,2390.4,836.195,-0.479019
767,2015-02-07,00:00:00.00,0,4.01899,1.0984e-14,108.218,0.479126,0,1328.26,0,98.1775,52.0513,2.88937e-05,0,79.6312,0,0,1666.82,2394.42,836.224,-0.479019
768,2015-02-08,00:00:00.00,0,2.61235,1.09858e-14,108.187,0.479124,0,1328.35,0,98.1691,52.1081,0,0,82.0987,0,0,1669.4,2397.03,836.255,-0.479019
769,2015-02-09,00:00:00.00,0,0.803799,1.09858e-14,108.164,0.479124,0,1328.38,0,98.1691,52.1256,0,0,82.8579,0,0,1670.18,2397.83,836.279,-0.479019
770,2015-02-10,00:00:00.00,0,0,1.09858e-14,108.142,0.479124,0,1328.38,0,98.1691,52.1256,0,0,82.8579,0,0,1670.15,2397.83,836.301,-0.479019
771,2015-02-11,00:00:00.00,0,0,1.09858e-14,108.121,0.479124,0,1328.39,0,98.1593,52.1256,0,0,82.8579,0,0,1670.13,2397.83,836.322,-0.479019
772,2015-02-12,00:00:00.00,0,2.4114,1.09858e-14,108.101,0.479124,0,1328.47,0,98.1583,52.178,0,0,85.1356,0,0,1672.53,2400.24,836.342,-0.479019
773,2015-02-13,00:00:00.00,0,0,1.09858e-14,108.084,0.479124,0,1328.47,0,98.1583,52.178,0,0,85.1356,0,0,1672.51,2400.24,836.359,-0.479019
774,2015-02-14,00:00:00.00,0,9.44464,1.09858e-14,108.067,0.479124,0,1328.79,0,98.1583,52.3833,0,0,94.0564,0,0,1681.94,2409.69,836.376,-0.479019
775,2015-02-15,00:00:00.00,0,0.401899,1.09858e-14,108.051,0.479124,0,1328.81,0,98.1583,52.392,0,0,94.436,0,0,1682.32,2410.09,836.392,-0.479019
776,2015-02-16,00:00:00.00,0,0,1.09858e-14,108.036,0.479124,0,1328.81,0,98.1583,52.392,0,0,94.436,0,0,1682.31,2410.09,836.407,-0.479019
777,2015-02-17,00:00:00.00,0,0,1.09858e-14,108.022,0.479124,0,1328.81,0,98.1583,52.392,0,0,94.436,0,0,1682.29,2410.09,836.421,-0.479019
778,2015-02-18,00:00:00.00,0,2.0095,1.09858e-14,108.008,0.479124,0,1328.87,0,98.1583,52.4357,0,0,96.3341,0,0,1684.29,2412.1,836.435,-0.479019
779,2015-02-19,00:00:00.00,0,0.20095,1.09858e-14,107.995,0.479124,0,1328.88,0,98.1583,52.4401,0,0,96.5239,0,0,1684.48,2412.3,836.448,-0.479019
780,2015-02-20,00:00:00.00,0,0,1.09858e-14,107.982,0.479124,0,1328.88,0,98.1583,52.4401,0,0,96.5239,0,0,1684.46,2412.3,836.461,-0.479019
781,2015-02-21,00:00:00.00,0,4.01899,1.09858e-14,107.97,0.479124,0,1329.02,0,98.1583,52.5274,0,0,100.32,0,0,1688.47,2416.32,836.473,-0.479019
782,2015-02-22,00:00:00.00,0,1.2057,1.09858e-14,107.958,0.479124,0,1329.06,0,98.1583,52.5537,0,0,101.459,0,0,1689.66,2417.53,836.485,-0.479019
783,2015-02-23,00:00:00.00,0,0,1.09858e-14,107.947,0.479124,0,1329.06,0,98.1583,52.5537,0,0,101.459,0,0,1689.65,2417.53,836.496,-0.479019
784,2015-02-24,00:00:00.00,0,0,1.09858e-14,107.936,0.479124,0,1329.06,0,98.1583,52.5537,0,0,101.459,0,0,1689.64,2417.53,836.507,-0.479019
785,2015-02-25,00:00:00.00,0,3.21519,1.09858e-14,107.925,0.479124,0,1329.16,0,98.1583,52.6235,0,0,104.496,0,0,1692.85,2420.74,836.518,-0.479019
786,2015-02-26,00:00:00.00,0,0,1.09858e-14,107.915,0.479124,0,1329.16,0,98.1583,52.6235,0,0,104.496,0,0,1692.84,2420.74,836.528,-0.479019
787,2015-02-27,00:00:00.00,0,0,1.09858e-14,107.905,0.479124,0,1329.16,0,98.1583,52.6235,0,0,104.496,0,0,1692.83,2420.74,836.537,-0.479019
788,2015-02-28,00:00:00.00,0,0,1.09858e-14,107.896,0.479124,0,1329.16,0,98.1583,52.6235,0,0,104.496,0,0,1692.82,2420.74,836.547,-0.479019
789,2015-03-01,00:00:00.00,0,0,1.09858e-14,107.887,0.479124,0,1329.16,0,98.1583,52.6235,0,0,104.496,0,0,1692.81,2420.74,836.556,-0.479019
790,2015-03-02,00:00:00.00,0,0,1.09858e-14,107.878,0.479124,0,1329.16,0,98.1583,52.6235,0,0,104.496,0,0,1692.8,2420.74,836.565,-0.479019
791,2015-03-03,00:00:00.00,0,5.02374,1.09858e-14,107.869,0.479124,0,1329.33,0,98.1583,52.7328,0,0,109.241,0,0,1697.81,2425.76,836.573,-0.479019
792,2015-03-04,00:00:00.00,0,5.02374,1.09858e-14,107.861,0.479124,0,1329.5,0,98.1583,52.842,0,0,113.986,0,0,1702.83,2430.79,836.581,-0.479019
793,2015-03-05,00:00:00.00,0,0,1.09858e-14,107.853,0.479124,0,1329.5,0,98.1583,52.842,0,0,113.986,0,0,1702.82,2430.79,836.589,-0.479019
794,2015-03-06,00:00:00.00,0,0,1.09858e-14,107.846,0.479124,0,1329.5,0,98.1583,52.842,0,0,113.986,0,0,1702.81,2430.79,836.597,-0.479019
795,2015-03-07,00:00:00.00,0,0,1.09858e-14,107.838,0.479124,0,1329.5,0,98.1583,52.842,0,0,113.986,0,0,1702.81,2430.79,836.604,-0.479019
796,2015-03-08,00:00:00.00,0,0.401899,1.09858e-14,107.831,0.479124,0,1329.52,0,98.1583,52.8507,0,0,114.366,0,0,1703.2,2431.19,836.611,-0.479019
797,2015-03-09,00:00:00.00,0,0,1.09858e-14,107.825,0.479124,0,1329.52,0,98.1583,52.8507,0,0,114.366,0,0,1703.2,2431.19,836.618,-0.479019
798,2015-03-10,00:00:00.00,0,0,1.09858e-14,107.802,0.479124,0,1329.66,0,98.0191,52.8507,0,0,114.366,0,0,1703.17,2431.19,836.64,-0.479019
799,2015-03-11,00:00:00.00,0,0,1.09858e-14,107.781,0.479124,0,1329.81,0,97.8691,52.8507,0,0,114.366,0,0,1703.15,2431.19,836.662,-0.479019
800,2015-03-12,00:00:00.00,0,0,1.09849e-14,108.152,0.932683,0,1329.98,0,98.114,52.8507,7.6064,3.53961,101.897,0,0,1703.07,2431.19,836.745,-0.479019
801,2015-03-13,00:00:00.00,0,0,1.08647e-14,108.706,0.869476,0,1330.31,0,98.0598,52.8507,6.54638,0,105.437,0,0,1702.78,2431.19,837.034,-0.479019
802,2015-03-14,00:00:00.00,0.832031,0.172718,1.06682e-14,108.913,0.837958,0,1331.24,0,98.1131,52.8725,6.01782,3.3365,101.911,0,0,1703.24,2432.19,837.577,-0.479019
803,2015-03-15,00:00:00.00,0.166406,0.0345435,1.07029e-14,109.062,0.951839,0,1332.16,0,98.1551,52.8769,7.92765,3.4118,98.2182,0,0,1702.76,2432.4,838.259,-0.479019
804,2015-03-16,00:00:00.00,0,0,1.08535e-14,109.177,0.913261,0,1333.07,0,98.1904,52.8769,7.28068,3.37244,97.0851,0,0,1701.97,2432.4,839.05,-0.479019
805,2015-03-17,00:00:00.00,2.21045,0,1.12412e-14,109.796,1.78724,0,1334,0,98.4377,52.925,21.9377,2.82587,81.3507,0,0,1703.06,2434.61,840.174,-0.479019
806,2015-03-18,00:00:00.00,0,0,1.04379e-14,110.486,1.61832,0,1334.66,0,98.3303,52.925,19.1049,0.311205,83.8653,0,0,1701.3,2434.61,841.932,-0.479019
807,2015-03-19,00:00:00.00,0,0,1.07102e-14,110.537,1.49694,0,1334.66,0,98.3303,52.925,17.0692,0,84.1765,0,0,1699.19,2434.61,844.038,-0.479019
808,2015-03-20,00:00:00.00,0,0,1.10525e-14,110.435,1.38849,0,1334.66,0,98.3303,52.925,15.2505,0,84.1765,0,0,1697.16,2434.61,846.066,-0.479019
809,2015-03-21,00:00:00.00,3.01425,0,1.12554e-14,110.481,1.59597,0,1335.72,0,98.5099,52.9905,18.73,2.69151,77.4827,0,0,1698.2,2437.62,848.047,-0.479019
810,2015-03-22,00:00:00.00,0.803799,0,1.11169e-14,110.789,1.82946,0,1336.77,0,98.6182,53.008,22.6457,2.45686,70.7276,0,0,1696.84,2438.42,850.206,-0.479019
811,2015-03-23,00:00:00.00,0,0,1.10115e-14,110.962,1.68558,0,1336.77,0,98.6182,53.008,20.2328,0,73.1845,0,0,1694.46,2438.42,852.59,-0.479019
812,2015-03-24,00:00:00.00,0,0,1.14269e-14,110.864,1.55703,0,1336.77,0,98.6182,53.008,18.077,0,73.1845,0,0,1692.08,2438.42,854.972,-0.479019
813,2015-03-25,00:00:00.00,0,0,1.16535e-14,110.713,1.44218,0,1336.77,0,98.6182,53.008,16.1509,0,73.1845,0,0,1689.88,2438.42,857.164,-0.479019
814,2015-03-26,00:00:00.00,0,3.21519,1.20158e-14,110.523,1.3071,0,1337.51,0,98.593,53.0779,13.8856,0,76.2214,0,0,1691.12,2441.64,859.145,-0.479019
815,2015-03-27,00:00:00.00,0.20095,0,1.15984e-14,110.614,1.65768,0,1338.56,0,98.6708,53.0822,19.7649,2.25107,64.8033,0,0,1689.4,2441.84,861.06,-0.479019
816,2015-03-28,00:00:00.00,0,0,1.16542e-14,110.806,1.5321,0,1338.56,0,98.6708,53.0822,17.6589,0,67.0543,0,0,1687.36,2441.84,863.101,-0.479019
817,2015-03-29,00:00:00.00,0,0,1.15027e-14,110.721,1.41991,0,1338.56,0,98.6708,53.0822,15.7774,0,67.0543,0,0,1685.29,2441.84,865.178,-0.479019
818,2015-03-30,00:00:00.00,0,1.40665,1.09056e-14,110.577,1.31967,0,1338.61,0,98.6708,53.1128,14.0963,0,68.383,0,0,1684.77,2443.25,867.104,-0.479019
819,2015-03-31,00:00:00.00,0,2.0095,1.05577e-14,110.453,1.30125,0,1339.64,0,98.6305,53.1565,13.7875,2.03552,65.9804,0,0,1684.99,2445.26,868.891,-0.479019
820,2015-04-01,00:00:00.00,0,0,1.04707e-14,110.327,1.18082,0,1340.4,0,98.4912,53.1565,11.7678,0.989316,67.0266,0,0,1683.34,2445.26,870.541,-0.479019
821,2015-04-02,00:00:00.00,0,0,1.03843e-14,110.236,1.20204,0,1340.4,0,98.5532,53.1565,12.1236,1.97038,64.1819,0,0,1681.82,2445.26,872.057,-0.479019
822,2015-04-03,00:00:00.00,3.61709,0,1.00756e-14,112.356,4.72127,0,1342.96,0,98.5465,53.2406,47.1586,0.792654,22.8188,0,0,1682.6,2448.87,874.901,-0.479019
823,2015-04-04,00:00:00.00,4.01899,0,1.09391e-14,114.304,3.79611,0,1345.53,0,97.8559,53.3225,55.6274,0.35471,10.2113,0,0,1681,2452.89,880.512,-0.479019
824,2015-04-05,00:00:00.00,0,4.01899,1.24072e-14,113.967,3.44268,0,1345.67,0,97.8559,53.4099,49.7002,0.048488,14.3137,0,0,1678.4,2456.91,887.13,-0.479019
825,2015-04-06,00:00:00.00,0,0.602849,1.24514e-14,113.712,3.12691,0,1345.69,0,97.8559,53.423,44.4047,0,14.9316,0,0,1673.14,2457.51,892.996,-0.479019
826,2015-04-07,00:00:00.00,0,0,1.16828e-14,113.569,3.04465,0,1346.93,0,97.72,53.423,43.0251,0.33812,9.73373,0,0,1667.79,2457.51,898.352,-0.479019
827,2015-04-08,00:00:00.00,0,0,1.07732e-14,113.483,2.81474,0,1347.51,0,97.5795,53.423,39.1693,0.295958,8.51998,0,0,1662.8,2457.51,903.34,-0.479019
828,2015-04-09,00:00:00.00,12.2576,0.603187,8.90559e-15,113.676,3.20721,0,1347.85,0,98.0681,53.7025,45.7512,0.286611,8.2509,0,0,1670.79,2470.37,908.211,-0.479019
829,2015-04-10,00:00:00.00,17.6836,0,6.93625e-15,114.332,3.77794,0,1352.45,0,96.966,54.0869,55.3227,0.206857,5.95497,0,0,1683.1,2488.06,913.581,-0.479019
830,2015-04-11,00:00:00.00,0,0,6.73306e-15,114.695,3.45868,0,1357.76,0,94.466,54.0869,49.9685,0.0923504,2.65857,0,0,1677.19,2488.06,919.497,-0.479019
831,2015-04-12,00:00:00.00,0,0,6.43277e-15,114.612,3.17361,0,1359.33,0,93.821,54.0869,45.1877,0.0406838,1.1712,0,0,1671.43,2488.06,925.254,-0.479019
832,2015-04-13,00:00:00.00,0,0,5.23523e-15,114.384,2.80021,0,1364.64,0,91.3468,54.0869,38.9257,0,0,0,0,1666.18,2488.06,930.497,-0.479019
833,2015-04-14,00:00:00.00,7.63609,0,4.38104e-15,114.197,2.67898,0,1369.95,0,91.1443,54.2529,36.8926,0,0,0,0,1669.11,2495.69,935.205,-0.479019
834,2015-04-15,00:00:00.00,0,0,4.45151e-15,113.969,2.30325,0,1375.25,0,88.4913,54.2529,30.5914,0,0,0,0,1664.86,2495.69,939.457,-0.479019
835,2015-04-16,00:00:00.00,0,0,3.42238e-15,113.563,1.96755,0,1380.56,0,85.8383,54.2529,24.9616,0,0,0,0,1661.14,2495.69,943.176,-0.479019
836,2015-04-17,00:00:00.00,0.803799,0,3.29831e-15,113.122,1.66762,0,1385.86,0,83.9717,54.2704,19.9316,0,0,0,0,1658.83,2496.5,946.294,-0.479019
837,2015-04-18,00:00:00.00,0,0,3.33045e-15,112.665,1.39965,0,1391.17,0,81.3187,54.2704,15.4376,0,0,0,0,1656.26,2496.5,948.86,-0.479019
838,2015-04-19,00:00:00.00,0,0,3.56446e-15,112.197,1.16023,0,1396.48,0,78.6657,54.2704,11.4224,0,0,0,0,1654.19,2496.5,950.929,-0.479019
839,2015-04-20,00:00:00.00,20.8988,0,3.46498e-15,112.234,1.70379,0,1401.14,0,82.8858,54.7247,20.5382,0,0,0,0,1673.22,2517.4,952.798,-0.479019
840,2015-04-21,00:00:00.00,6.02849,0,3.67026e-15,112.442,1.52492,0,1406.44,0,84.3854,54.8558,17.5385,0,0,0,0,1677.19,2523.43,954.861,-0.479019
841,2015-04-22,00:00:00.00,3.21519,0,4.29952e-15,112.287,1.36495,0,1408.35,0,86.5343,54.9257,14.8557,0,0,0,0,1678.32,2526.64,956.948,-0.479019
842,2015-04-23,00:00:00.00,0,2.0095,4.46934e-15,112.081,1.27057,0,1408.42,0,88.4324,54.9694,13.2728,0,0,0,0,1678.44,2528.65,958.831,-0.479019
843,2015-04-24,00:00:00.00,0,0,3.92912e-15,111.889,1.18624,0,1408.42,0,88.4324,54.9694,11.8586,0,0,0,0,1676.75,2528.65,960.521,-0.479019
844,2015-04-25,00:00:00.00,0,0,3.64187e-15,111.705,1.11089,0,1408.42,0,88.4324,54.9694,10.5951,0,0,0,0,1675.23,2528.65,962.044,-0.479019
845,2015-04-26,00:00:00.00,0,0,3.62785e-15,111.525,1.04358,0,1408.42,0,88.4324,54.9694,9.46617,0,0,0,0,1673.85,2528.65,963.42,-0.479019
846,2015-04-27,00:00:00.00,0,0,3.84734e-15,111.279,0.914958,0,1410.99,0,87.147,54.9694,7.30913,0,0,0,0,1672.61,2528.65,964.667,-0.479019
847,2015-04-28,00:00:00.00,0,0,3.86148e-15,110.951,0.77354,0,1414.55,0,85.3642,54.9694,4.9375,0,0,0,0,1671.55,2528.65,965.725,-0.479019
848,2015-04-29,00:00:00.00,0,0,3.91774e-15,110.533,0.600833,0,1419.86,0,82.7112,54.9694,2.04111,0,0,0,0,1670.71,2528.65,966.559,-0.479019
849,2015-04-30,00:00:00.00,0,0,3.89831e-15,110.095,0.504044,0,1424.09,0,80.0583,54.9694,0.417919,0,0,0,0,1670.13,2528.65,967.143,-0.479019
850,2015-05-01,00:00:00.00,0,0,3.90093e-15,109.735,0.481191,0,1427.12,0,77.4053,54.9694,0.0346677,0,0,0,0,1669.74,2528.65,967.53,-0.479019
851,2015-05-02,00:00:00.00,0,0,3.88485e-15,109.495,0.479124,0,1428.57,0,75.9835,54.9694,0,0,0,0,0,1669.5,2528.65,967.773,-0.479019
852,2015-05-03,00:00:00.00,0,0,3.88485e-15,109.287,0.479124,0,1431.39,0,73.1664,54.9694,0,0,0,0,0,1669.29,2528.65,967.981,-0.479019
853,2015-05-04,00:00:00.00,0,0,3.88485e-15,109.059,0.479124,0,1436.97,0,67.5853,54.9694,0,0,0,0,0,1669.06,2528.65,968.209,-0.479019
854,2015-05-05,00:00:00.00,0.602849,0,3.88485e-15,108.857,0.479124,0,1442.55,0,62.594,54.9825,0,0,0,0,0,1669.47,2529.25,968.411,-0.479019
855,2015-05-06,00:00:00.00,0,0,3.88485e-15,108.786,0.479124,0,1442.93,0,62.2186,54.9825,0,0,0,0,0,1669.4,2529.25,968.481,-0.479019
856,2015-05-07,00:00:00.00,0,0,3.88485e-15,108.647,0.479124,0,1446.79,0,58.3551,54.9825,0,0,0,0,0,1669.26,2529.25,968.621,-0.479019
857,2015-05-08,00:00:00.00,0,0,3.88485e-15,108.482,0.479124,0,1452.37,0,52.7742,54.9825,0,0,0,0,0,1669.09,2529.25,968.786,-0.479019
858,2015-05-09,00:00:00.00,0,0,3.88485e-15,108.33,0.479124,0,1457.69,0,47.4558,54.9825,0,0,0,0,0,1668.94,2529.25,968.937,-0.479019
859,2015-05-10,00:00:00.00,0,0,3.88485e-15,108.19,0.479124,0,1462.48,0,42.6656,54.9825,0,0,0,0,0,1668.8,2529.25,969.077,-0.479019
860,2015-05-11,00:00:00.00,2.61235,0,3.88485e-15,108.06,0.479124,0,1466.89,0,40.8148,55.0393,0,0,0,0,0,1671.28,2531.87,969.208,-0.479019
861,2015-05-12,00:00:00.00,0,0,3.88485e-15,107.933,0.479124,0,1471.01,0,36.6951,55.0393,0,0,0,0,0,1671.15,2531.87,969.335,-0.479019
862,2015-05-13,00:00:00.00,1.00475,0,3.88485e-15,107.933,0.479124,0,1471.05,0,37.6396,55.0611,0,0,0,0,0,1672.16,2532.87,969.335,-0.479019
863,2015-05-14,00:00:00.00,0,0,3.88485e-15,107.933,0.479124,0,1471.05,0,37.6396,55.0611,0,0,0,0,0,1672.16,2532.87,969.335,-0.479019
864,2015-05-15,00:00:00.00,0,0,3.88485e-15,107.932,0.479124,0,1471.05,0,37.6396,55.0611,0,0,0,0,0,1672.16,2532.87,969.336,-0.479019
865,2015-05-16,00:00:00.00,0.20095,0,3.88485e-15,107.891,0.479124,0,1472.26,0,36.627,55.0655,0,0,0,0,0,1672.32,2533.07,969.376,-0.479012
866,2015-05-17,00:00:00.00,0,0,3.88485e-15,107.765,0.479124,0,1475.95,0,32.93,55.0655,0,0,0,0,0,1672.19,2533.07,969.503,-0.479012
867,2015-05-18,00:00:00.00,0,0,3.88485e-15,107.639,0.479124,0,1479.28,0,29.6061,55.0655,0,0,0,0,0,1672.07,2533.07,969.629,-0.479012
868,2015-05-19,00:00:00.00,3.01425,0,3.88485e-15,107.512,0.479124,0,1482.43,0,29.401,55.131,0,0,0,0,0,1674.95,2536.09,969.755,-0.479011
869,2015-05-20,00:00:00.00,0,0,3.88485e-15,107.512,0.479124,0,1482.43,0,29.401,55.131,0,0,0,0,0,1674.95,2536.09,969.755,-0.479011
870,2015-05-21,00:00:00.00,0,0,3.88485e-15,107.512,0.479124,0,1482.43,0,29.401,55.131,0,0,0,0,0,1674.95,2536.09,969.755,-0.479011
871,2015-05-22,00:00:00.00,0,0,3.88485e-15,107.496,0.479124,0,1482.82,0,29.016,55.131,0,0,0,0,0,1674.94,2536.09,969.772,-0.479011
872,2015-05-23,00:00:00.00,0,0,3.88485e-15,107.496,0.479124,0,1482.82,0,29.016,55.131,0,0,0,0,0,1674.94,2536.09,969.772,-0.479011
873,2015-05-24,00:00:00.00,0,0,3.88485e-15,107.496,0.479124,0,1482.82,0,29.016,55.131,0,0,0,0,0,1674.94,2536.09,969.772,-0.479011
874,2015-05-25,00:00:00.00,0,0,3.88485e-15,107.37,0.479124,0,1485.74,0,26.0872,55.131,0,0,0,0,0,1674.81,2536.09,969.898,-0.479011
875,2015-05-26,00:00:00.00,8.84179,0,3.88485e-15,107.243,0.479124,0,1488.9,0,31.5845,55.3232,0,0,0,0,0,1683.53,2544.93,970.024,-0.479011
876,2015-05-27,00:00:00.00,1.00475,0,3.88485e-15,107.117,0.479124,0,1492.14,0,29.3262,55.345,0,0,0,0,0,1684.4,2545.93,970.151,-0.479011
877,2015-05-28,00:00:00.00,0.401899,0,3.88485e-15,106.991,0.479124,0,1495.12,0,26.7367,55.3538,0,0,0,0,0,1684.68,2546.33,970.277,-0.479011
878,2015-05-29,00:00:00.00,0,0,3.88485e-15,106.864,0.479124,0,1497.82,0,24.038,55.3538,0,0,0,0,0,1684.55,2546.33,970.403,-0.479011
879,2015-05-30,00:00:00.00,0,0,3.88485e-15,106.738,0.479124,0,1500.25,0,21.6117,55.3538,0,0,0,0,0,1684.43,2546.33,970.53,-0.479011
880,2015-05-31,00:00:00.00,21.3007,0,3.88478e-15,106.612,0.479453,0,1503.75,0,38.9429,55.8168,0.00552112,0,0,0,0,1705.6,2567.63,970.656,-0.479011
881,2015-06-01,00:00:00.00,12.6598,0,3.88463e-15,106.613,0.479418,0,1504.07,0,51.0047,56.092,0.00493284,0,0,0,0,1718.26,2580.29,970.656,-0.479011
882,2015-06-02,00:00:00.00,0,0,3.88463e-15,106.613,0.479387,0,1504.07,0,51.0047,56.092,0.00440725,0,0,0,0,1718.26,2580.29,970.656,-0.479011
883,2015-06-03,00:00:00.00,0,0,3.8847e-15,106.614,0.479359,0,1504.07,0,51.0047,56.092,0.00393765,0,0,0,0,1718.26,2580.29,970.656,-0.479011
884,2015-06-04,00:00:00.00,0,0,3.8847e-15,106.614,0.479334,0,1504.07,0,51.0047,56.092,0.00351809,0,0,0,0,1718.26,2580.29,970.656,-0.479011
885,2015-06-05,00:00:00.00,4.62184,0,3.8847e-15,106.615,0.479311,0,1504.19,0,55.4083,56.1925,0.00314324,0,0,0,0,1722.88,2584.92,970.656,-0.479011
886,2015-06-06,00:00:00.00,4.62184,0,3.8847e-15,106.491,0.479124,0,1509.64,0,54.4812,56.293,0,0,0,0,0,1727.38,2589.54,970.78,-0.479011
887,2015-06-07,00:00:00.00,0,0,3.8847e-15,106.491,0.479124,0,1509.64,0,54.4812,56.293,0,0,0,0,0,1727.38,2589.54,970.78,-0.479011
888,2015-06-08,00:00:00.00,42.1994,0,3.54855e-15,107.627,1.73709,0,1510.14,0,71.6449,57.2103,21.0967,0,0,0,0,1769.46,2631.74,970.902,-0.479011
889,2015-06-09,00:00:00.00,9.44464,0,3.28277e-15,108.863,1.34294,0,1522.95,0,72.9641,57.4156,14.4867,0,0,0,0,1778.02,2641.18,971.788,-0.479011
890,2015-06-10,00:00:00.00,0,0,3.0066e-15,108.946,1.0588,0,1530.16,0,69.3582,57.4156,9.72138,0,0,0,0,1776.66,2641.18,973.148,-0.479011
891,2015-06-11,00:00:00.00,10.6503,0,2.75107e-15,108.606,0.850252,0,1540.16,0,72.5249,57.6472,6.22399,0,0,0,0,1786.02,2651.83,974.439,-0.479011
892,2015-06-12,00:00:00.00,5.22469,0,2.50686e-15,108.281,0.71809,0,1543.65,0,75.8936,57.7607,4.00757,0,0,0,0,1790.31,2657.06,975.374,-0.479011
893,2015-06-13,00:00:00.00,16.076,0,2.54947e-15,108.424,1.18753,0,1544.06,0,81.9207,58.1102,11.8803,0,0,0,0,1805.58,2673.13,976.178,-0.479011
894,2015-06-14,00:00:00.00,2.21045,0,2.23145e-15,108.593,0.944764,0,1550.34,0,80.943,58.1583,7.809,0,0,0,0,1806.78,2675.34,977.183,-0.479011
895,2015-06-15,00:00:00.00,9.04274,0,2.49979e-15,108.474,0.935514,0,1556.61,0,82.7533,58.3548,7.65388,0,0,0,0,1814.79,2684.39,978.224,-0.479011
896,2015-06-16,00:00:00.00,22.9083,0,2.58442e-15,108.628,1.36904,0,1570.88,0,81.8447,58.8528,14.9244,0,0,0,0,1836.5,2707.29,979.417,-0.479011
897,2015-06-17,00:00:00.00,0,0,2.6378e-15,108.606,0.877102,0,1585.79,0,74.3906,58.8528,6.67428,0,0,0,0,1835.19,2707.29,980.726,-0.479011
898,2015-06-18,00:00:00.00,0,0,2.48227e-15,108.263,0.766691,0,1588.34,0,73.114,58.8528,4.82262,0,0,0,0,1834.16,2707.29,981.755,-0.479011
899,2015-06-19,00:00:00.00,0,0,2.41437e-15,107.849,0.548081,0,1595.48,0,69.5081,58.8528,1.15644,0,0,0,0,1833.39,2707.29,982.525,-0.479011
900,2015-06-20,00:00:00.00,0,0,2.4088e-15,107.444,0.479124,0,1599.31,0,66.8339,58.8528,0,0,0,0,0,1832.92,2707.29,983,-0.47901
901,2015-06-21,00:00:00.00,0,0,2.4088e-15,107.188,0.479124,0,1600.59,0,65.5574,58.8528,0,0,0,0,0,1832.66,2707.29,983.255,-0.47901
902,2015-06-22,00:00:00.00,0,0,2.4088e-15,106.895,0.479124,0,1608.04,0,58.1033,58.8528,0,0,0,0,0,1832.37,2707.29,983.548,-0.47901
903,2015-06-23,00:00:00.00,21.0997,0,2.29668e-15,106.987,0.863141,0,1615.37,0,64.2041,59.3115,6.44014,0,0,0,0,1853.18,2728.39,983.84,-0.47901
904,2015-06-24,00:00:00.00,0,0,2.25281e-15,107.034,0.487974,0,1628.05,0,57.8029,59.3115,0.148429,0,0,0,0,1852.83,2728.39,984.186,-0.47901
905,2015-06-25,00:00:00.00,0,0,2.25466e-15,106.809,0.479124,0,1630.4,0,55.5952,59.3115,0,0,0,0,0,1852.6,2728.39,984.42,-0.47901
906,2015-06-26,00:00:00.00,0,0,2.25466e-15,106.58,0.479124,0,1635.84,0,50.1538,59.3115,0,0,0,0,0,1852.37,2728.39,984.649,-0.47901
907,2015-06-27,00:00:00.00,0,0,2.25466e-15,106.394,0.479124,0,1640.81,0,45.1925,59.3115,0,0,0,0,0,1852.18,2728.39,984.835,-0.47901
908,2015-06-28,00:00:00.00,24.9178,0,2.33034e-15,106.687,0.868908,0,1641.31,0,61.7464,59.8532,6.53686,0,0,0,0,1877,2753.31,984.932,-0.47901
909,2015-06-29,00:00:00.00,17.784,0,2.04407e-15,107.427,1.19595,0,1641.76,0,71.7721,60.2398,12.0215,0,0,0,0,1894.42,2771.1,985.299,-0.47901
910,2015-06-30,00:00:00.00,0.20095,0,1.8788e-15,107.831,0.977106,0,1647.11,0,69.2945,60.2442,8.35138,0,0,0,0,1893.81,2771.3,986.109,-0.47901
911,2015-07-01,00:00:00.00,8.23894,0,2.01391e-15,107.904,0.984262,0,1647.32,0,76.014,60.4233,8.4714,0,0,0,0,1901.12,2779.54,987.04,-0.47901
912,2015-07-02,00:00:00.00,0,0,2.19951e-15,107.923,0.930439,0,1647.32,0,76.014,60.4233,7.56877,0,0,0,0,1900.18,2779.54,987.978,-0.47901
913,2015-07-03,00:00:00.00,0,0,2.21016e-15,107.881,0.882351,0,1647.32,0,76.014,60.4233,6.76231,0,0,0,0,1899.29,2779.54,988.873,-0.47901
914,2015-07-04,00:00:00.00,0,0,2.29704e-15,107.821,0.839387,0,1647.32,0,76.014,60.4233,6.04178,0,0,0,0,1898.46,2779.54,989.697,-0.47901
915,2015-07-05,00:00:00.00,0,0,2.35256e-15,107.755,0.801001,0,1647.32,0,76.014,60.4233,5.39803,0,0,0,0,1897.71,2779.54,990.445,-0.47901
916,2015-07-06,00:00:00.00,0,0,2.29769e-15,107.514,0.60884,0,1653.25,0,73.0508,60.4233,2.17539,0,0,0,0,1897.02,2779.54,991.138,-0.47901
917,2015-07-07,00:00:00.00,0,0,2.30283e-15,107.085,0.479124,0,1661.38,0,67.0945,60.4233,0,0,0,0,0,1896.46,2779.54,991.696,-0.47901
918,2015-07-08,00:00:00.00,18.6883,0,2.25061e-15,107.185,0.952957,0,1663.04,0,74.823,60.8295,7.9464,0,0,0,0,1914.78,2798.22,992.07,-0.47901
919,2015-07-09,00:00:00.00,0,0,2.08447e-15,107.577,0.90247,0,1663.04,0,74.823,60.8295,7.09971,0,0,0,0,1914.27,2798.22,992.575,-0.47901
920,2015-07-10,00:00:00.00,0,0,2.12587e-15,107.707,0.857362,0,1663.04,0,74.823,60.8295,6.34323,0,0,0,0,1913.6,2798.22,993.247,-0.47901
921,2015-07-11,00:00:00.00,0,0,2.17456e-15,107.632,0.738926,0,1665.97,0,73.3564,60.8295,4.35699,0,0,0,0,1912.89,2798.22,993.96,-0.47901
922,2015-07-12,00:00:00.00,0,0,2.19329e-15,107.262,0.48346,0,1674.71,0,68.8966,60.8295,0.0727207,0,0,0,0,1912.25,2798.22,994.594,-0.47901
923,2015-07-13,00:00:00.00,0,0,2.19405e-15,106.832,0.479124,0,1680.24,0,63.4392,60.8295,0,0,0,0,0,1911.82,2798.22,995.029,-0.47901
924,2015-07-14,00:00:00.00,0,0,2.19405e-15,106.575,0.479124,0,1684.7,0,58.9797,60.8295,0,0,0,0,0,1911.56,2798.22,995.285,-0.47901
925,2015-07-15,00:00:00.00,8.84179,0,2.19405e-15,106.408,0.479124,0,1688.16,0,64.168,61.0217,0,0,0,0,0,1920.24,2807.07,995.452,-0.47901
926,2015-07-16,00:00:00.00,0,0,2.19405e-15,106.346,0.479124,0,1688.16,0,64.168,61.0217,0,0,0,0,0,1920.18,2807.07,995.514,-0.47901
927,2015-07-17,00:00:00.00,0.401899,0,2.19405e-15,106.299,0.479124,0,1688.17,0,64.5509,61.0305,0,0,0,0,0,1920.53,2807.47,995.561,-0.47901
928,2015-07-18,00:00:00.00,8.94226,0,2.19384e-15,106.294,0.513107,0,1688.4,0,72.4329,61.2249,0.569912,0,0,0,0,1929.43,2816.41,995.6,-0.47901
929,2015-07-19,00:00:00.00,0,0,2.19362e-15,106.117,0.479124,0,1696.95,0,64.4512,61.2249,0,0,0,0,0,1929.22,2816.41,995.811,-0.47901
930,2015-07-20,00:00:00.00,0,0,2.19362e-15,105.925,0.479124,0,1704.93,0,56.4695,61.2249,0,0,0,0,0,1929.03,2816.41,996.003,-0.47901
931,2015-07-21,00:00:00.00,1.00475,0,2.19362e-15,105.88,0.479124,0,1706.9,0,55.4878,61.2467,0,0,0,0,0,1929.99,2817.42,996.048,-0.47901
932,2015-07-22,00:00:00.00,0,0,2.19362e-15,105.847,0.479124,0,1708.36,0,54.0239,61.2467,0,0,0,0,0,1929.96,2817.42,996.082,-0.47901
933,2015-07-23,00:00:00.00,0,0,2.19362e-15,105.847,0.479124,0,1708.36,0,54.0239,61.2467,0,0,0,0,0,1929.96,2817.42,996.082,-0.47901
934,2015-07-24,00:00:00.00,0,0,2.19362e-15,105.847,0.479124,0,1708.36,0,54.0239,61.2467,0,0,0,0,0,1929.96,2817.42,996.082,-0.47901
935,2015-07-25,00:00:00.00,0,0,2.19362e-15,105.814,0.479124,0,1709.79,0,52.591,61.2467,0,0,0,0,0,1929.92,2817.42,996.115,-0.47901
936,2015-07-26,00:00:00.00,0,0,2.19362e-15,105.634,0.479124,0,1717.36,0,45.0277,61.2467,0,0,0,0,0,1929.74,2817.42,996.295,-0.47901
937,2015-07-27,00:00:00.00,0,0,2.19362e-15,105.476,0.479124,0,1723.02,0,39.3646,61.2467,0,0,0,0,0,1929.59,2817.42,996.452,-0.47901
938,2015-07-28,00:00:00.00,0,0,2.19362e-15,105.296,0.479124,0,1728.7,0,33.6823,61.2467,0,0,0,0,0,1929.41,2817.42,996.633,-0.47901
939,2015-07-29,00:00:00.00,0,0,2.19362e-15,105.115,0.479124,0,1733.56,0,28.8202,61.2467,0,0,0,0,0,1929.22,2817.42,996.814,-0.47901
940,2015-07-30,00:00:00.00,0,0,2.19362e-15,104.934,0.479124,0,1737.72,0,24.66,61.2467,0,0,0,0,0,1929.04,2817.42,996.994,-0.47901
941,2015-07-31,00:00:00.00,0,0,2.19362e-15,104.8,0.479124,0,1740.38,0,22.0037,61.2467,0,0,0,0,0,1928.91,2817.42,997.129,-0.47901
942,2015-08-01,00:00:00.00,3.81804,0,2.19362e-15,104.732,0.479124,0,1741.72,1.61117e-17,24.4003,61.3297,0,0,0,0,0,1932.66,2821.23,997.196,-0.47901
943,2015-08-02,00:00:00.00,0,0,2.19362e-15,104.685,0.479124,0,1742.64,-1.20603e-33,23.4764,61.3297,0,0,0,0,0,1932.61,2821.23,997.244,-0.47901
944,2015-08-03,00:00:00.00,21.0997,0,2.19366e-15,104.609,0.47944,0,1744.92,0,41.8386,61.7884,0.00529682,0,0,0,0,1953.64,2842.33,997.32,-0.47901
945,2015-08-04,00:00:00.00,0,0,2.1937e-15,104.552,0.479124,0,1746.83,0,39.9317,61.7884,0,0,0,0,0,1953.58,2842.33,997.377,-0.47901
946,2015-08-05,00:00:00.00,4.62184,0,2.1937e-15,104.505,0.479124,0,1748.43,0,42.8479,61.8889,0,0,0,0,0,1958.15,2846.95,997.424,-0.47901
947,2015-08-06,00:00:00.00,0,0,2.1937e-15,104.505,0.479124,0,1748.43,0,42.8479,61.8889,0,0,0,0,0,1958.15,2846.95,997.424,-0.47901
948,2015-08-07,00:00:00.00,0,0,2.1937e-15,104.505,0.479124,0,1748.43,0,42.8479,61.8889,0,0,0,0,0,1958.15,2846.95,997.424,-0.47901
949,2015-08-08,00:00:00.00,0,0,2.1937e-15,104.486,0.479124,0,1749.06,0,42.2163,61.8889,0,0,0,0,0,1958.14,2846.95,997.443,-0.47901
950,2015-08-09,00:00:00.00,0,0,2.1937e-15,104.486,0.479124,0,1749.06,0,42.2163,61.8889,0,0,0,0,0,1958.14,2846.95,997.443,-0.47901
951,2015-08-10,00:00:00.00,0,0,2.1937e-15,104.458,0.479124,0,1750.01,0,41.2685,61.8889,0,0,0,0,0,1958.11,2846.95,997.471,-0.47901
952,2015-08-11,00:00:00.00,16.2769,0,2.19209e-15,104.477,0.498032,0,1750.43,0,56.4217,62.2427,0.317098,0,0,0,0,1974.38,2863.23,997.471,-0.47901
953,2015-08-12,00:00:00.00,0,0,2.18812e-15,104.468,0.479237,0,1751.98,0,55.1858,62.2427,0.00190312,0,0,0,0,1974.36,2863.23,997.499,-0.47901
954,2015-08-13,00:00:00.00,0.20095,0,2.18816e-15,104.468,0.479225,0,1751.98,0,55.3773,62.2471,0.00170034,0,0,0,0,1974.56,2863.43,997.499,-0.47901
955,2015-08-14,00:00:00.00,10.2484,0,2.18816e-15,104.469,0.479214,0,1752.24,0,65.1416,62.4698,0.00151917,0,0,0,0,1984.81,2873.68,997.499,-0.47901
956,2015-08-15,00:00:00.00,1.40665,0,2.18816e-15,104.315,0.479124,0,1759.03,0,59.7349,62.5004,0,0,0,0,0,1986.06,2875.09,997.652,-0.47901
957,2015-08-16,00:00:00.00,0,0,2.18816e-15,104.161,0.479124,0,1765.85,0,52.9163,62.5004,0,0,0,0,0,1985.9,2875.09,997.807,-0.47901
958,2015-08-17,00:00:00.00,0,0,2.18816e-15,104.006,0.479124,0,1772.37,0,46.389,62.5004,0,0,0,0,0,1985.75,2875.09,997.961,-0.47901
959,2015-08-18,00:00:00.00,0,0,2.18816e-15,103.852,0.479124,0,1778.1,0,40.667,62.5004,0,0,0,0,0,1985.6,2875.09,998.116,-0.47901
960,2015-08-19,00:00:00.00,0,0,2.18816e-15,103.698,0.479124,0,1783.11,0,35.6508,62.5004,0,0,0,0,0,1985.44,2875.09,998.27,-0.47901
961,2015-08-20,00:00:00.00,6.43039,0,2.18816e-15,103.543,0.479124,0,1787.87,0,37.1796,62.6402,0,0,0,0,0,1991.72,2881.52,998.424,-0.47901
962,2015-08-21,00:00:00.00,6.63134,0,2.18816e-15,103.438,0.479124,0,1791.27,0,40.2755,62.7844,0,0,0,0,0,1998.24,2888.15,998.53,-0.47901
963,2015-08-22,00:00:00.00,0,0,2.18816e-15,103.438,0.479124,0,1791.27,0,40.2755,62.7844,0,0,0,0,0,1998.24,2888.15,998.53,-0.47901
964,2015-08-23,00:00:00.00,0,0,2.18816e-15,103.438,0.479124,0,1791.27,0,40.2755,62.7844,0,0,0,0,0,1998.24,2888.15,998.53,-0.47901
965,2015-08-24,00:00:00.00,1.6076,0,2.18816e-15,103.4,0.479124,0,1792.51,0,40.6041,62.8193,0,0,0,0,0,1999.81,2889.76,998.567,-0.47901
966,2015-08-25,00:00:00.00,1.6076,0,2.18816e-15,103.4,0.479124,0,1792.55,0,42.1358,62.8543,0,0,0,0,0,2001.42,2891.36,998.567,-0.47901
967,2015-08-26,00:00:00.00,0,0,2.18816e-15,103.4,0.479124,0,1792.55,0,42.1358,62.8543,0,0,0,0,0,2001.42,2891.36,998.567,-0.47901
968,2015-08-27,00:00:00.00,0,0,2.18816e-15,103.4,0.479124,0,1792.55,0,42.1358,62.8543,0,0,0,0,0,2001.42,2891.36,998.567,-0.47901
969,2015-08-28,00:00:00.00,0,0,2.18816e-15,103.4,0.479124,0,1792.55,0,42.1358,62.8543,0,0,0,0,0,2001.42,2891.36,998.567,-0.47901
970,2015-08-29,00:00:00.00,0,0,2.18816e-15,103.4,0.479124,0,1792.55,0,42.1358,62.8543,0,0,0,0,0,2001.42,2891.36,998.567,-0.47901
971,2015-08-30,00:00:00.00,0,0,2.18816e-15,103.4,0.479124,0,1792.55,0,42.1358,62.8543,0,0,0,0,0,2001.42,2891.36,998.567,-0.47901
972,2015-08-31,00:00:00.00,0.401899,0,2.18816e-15,103.285,0.479124,0,1796.44,0,38.6442,62.863,0,0,0,0,0,2001.71,2891.77,998.682,-0.47901
973,2015-09-01,00:00:00.00,0,0,2.18816e-15,103.131,0.479124,0,1801.2,0,33.8775,62.863,0,0,0,0,0,2001.55,2891.77,998.837,-0.47901
974,2015-09-02,00:00:00.00,0,0,2.18816e-15,103.025,0.479124,0,1804.06,0,31.0219,62.863,0,0,0,0,0,2001.45,2891.77,998.942,-0.47901
975,2015-09-03,00:00:00.00,0,0,2.18816e-15,102.92,0.479124,0,1806.67,0,28.4071,62.863,0,0,0,0,0,2001.34,2891.77,999.048,-0.47901
976,2015-09-04,00:00:00.00,4.62184,0,2.18816e-15,102.815,0.479124,0,1809.3,0,30.3031,62.9635,0,0,0,0,0,2005.86,2896.39,999.153,-0.47901
977,2015-09-05,00:00:00.00,0,0,2.18816e-15,102.709,0.479124,0,1811.85,0,27.7488,62.9635,0,0,0,0,0,2005.75,2896.39,999.259,-0.47901
978,2015-09-06,00:00:00.00,0,0,2.18816e-15,102.604,0.479124,0,1814.19,0,25.4099,62.9635,0,0,0,0,0,2005.65,2896.39,999.364,-0.47901
979,2015-09-07,00:00:00.00,0,0,2.18816e-15,102.498,0.479124,0,1816.33,0,23.2681,62.9635,0,0,0,0,0,2005.54,2896.39,999.47,-0.47901
980,2015-09-08,00:00:00.00,1.00475,0,2.18816e-15,102.393,0.479124,0,1818.35,2.80005e-17,22.2326,62.9853,0,0,0,0,0,2006.44,2897.39,999.575,-0.47901
981,2015-09-09,00:00:00.00,5.42564,0,2.18816e-15,102.287,0.479124,0,1820.54,0,25.3555,63.1033,0,0,0,0,0,2011.76,2902.82,999.681,-0.47901
982,2015-09-10,00:00:00.00,0,0,2.18816e-15,102.182,0.479124,0,1822.67,0,23.2183,63.1033,0,0,0,0,0,2011.66,2902.82,999.786,-0.47901
983,2015-09-11,00:00:00.00,0,0,2.18816e-15,102.115,0.479124,0,1823.9,0,21.9927,63.1033,0,0,0,0,0,2011.59,2902.82,999.852,-0.47901
984,2015-09-12,00:00:00.00,4.62184,0,2.18816e-15,102.056,0.479124,0,1825.13,-7.7216e-18,25.2884,63.2037,0,0,0,0,0,2016.15,2907.44,999.912,-0.47901
985,2015-09-13,00:00:00.00,0,0,2.18816e-15,102.056,0.479124,0,1825.13,-6.82705e-35,25.2884,63.2037,0,0,0,0,0,2016.15,2907.44,999.912,-0.47901
986,2015-09-14,00:00:00.00,0,0,2.18816e-15,102.056,0.479124,0,1825.13,5.78427e-52,25.2884,63.2037,0,0,0,0,0,2016.15,2907.44,999.912,-0.47901
987,2015-09-15,00:00:00.00,0,0,2.18816e-15,102.056,0.479124,0,1825.13,3.21092e-68,25.2884,63.2037,0,0,0,0,0,2016.15,2907.44,999.912,-0.47901
988,2015-09-16,00:00:00.00,0,0,2.18816e-15,101.951,0.479124,0,1827.26,1.78242e-84,23.1568,63.2037,0,0,0,0,0,2016.05,2907.44,1000.02,-0.47901
989,2015-09-17,00:00:00.00,0,0,2.18816e-15,101.845,0.479124,0,1829.21,-9.8944e-101,21.2049,63.2037,0,0,0,0,0,2015.94,2907.44,1000.12,-0.47901
990,2015-09-18,00:00:00.00,0,0,2.18816e-15,101.74,0.479124,0,1831,0,19.4176,63.2037,0,0,0,0,0,2015.84,2907.44,1000.23,-0.47901
991,2015-09-19,00:00:00.00,1.6076,0,2.18816e-15,101.634,0.479124,0,1832.73,0,19.2542,63.2387,0,0,0,0,0,2017.34,2909.05,1000.33,-0.47901
992,2015-09-20,00:00:00.00,5.22469,0,2.18816e-15,101.529,0.479124,0,1834.67,-4.22852e-18,22.4227,63.3523,0,0,0,0,0,2022.46,2914.27,1000.44,-0.47901
993,2015-09-21,00:00:00.00,0,0,2.18816e-15,101.529,0.479124,0,1834.67,-2.41187e-34,22.4227,63.3523,0,0,0,0,0,2022.46,2914.27,1000.44,-0.47901
994,2015-09-22,00:00:00.00,0,0,2.18816e-15,101.515,0.479124,0,1834.91,0,22.1841,63.3523,0,0,0,0,0,2022.44,2914.27,1000.45,-0.47901
995,2015-09-23,00:00:00.00,0,0,2.18816e-15,101.495,0.479124,0,1835.27,0,21.8312,63.3523,0,0,0,0,0,2022.42,2914.27,1000.47,-0.47901
996,2015-09-24,00:00:00.00,0,0,2.18816e-15,101.416,0.479124,0,1836.65,0,20.4487,63.3523,0,0,0,0,0,2022.34,2914.27,1000.55,-0.47901
997,2015-09-25,00:00:00.00,0,0,2.18816e-15,101.311,0.479124,0,1838.37,0,18.7251,63.3523,0,0,0,0,0,2022.24,2914.27,1000.66,-0.47901
998,2015-09-26,00:00:00.00,0,0,2.18816e-15,101.231,0.479124,0,1839.56,0,17.5394,63.3523,0,0,0,0,0,2022.16,2914.27,1000.74,-0.47901
999,2015-09-27,00:00:00.00,0,0,2.18816e-15,101.211,0.479124,0,1839.84,0,17.2603,63.3523,0,0,0,0,0,2022.14,2914.27,1000.76,-0.47901
1000,2015-09-28,00:00:00.00,0.803799,0,2.18816e-15,101.159,0.479124,0,1840.6,0,17.2841,63.3697,0,0,0,0,0,2022.89,2915.08,1000.81,-0.47901
1001,2015-09-29,00:00:00.00,0.803799,0,2.18816e-15,101.053,0.479124,0,1842.11,0,16.5614,63.3872,0,0,0,0,0,2023.59,2915.88,1000.91,-0.47901
1002,2015-09-30,00:00:00.00,2.8133,0,2.18816e-15,100.948,0.479124,0,1843.69,-4.49866e-18,17.7335,63.4484,0,0,0,0,0,2026.3,2918.69,1001.02,-0.47901
1003,2015-10-01,00:00:00.00,0,0,2.18816e-15,100.948,0.479124,0,1843.69,-1.1489e-35,17.7335,63.4484,0,0,0,0,0,2026.3,2918.69,1001.02,-0.47901
1004,2015-10-02,00:00:00.00,0,0,2.18816e-15,100.943,0.479124,0,1843.75,3.14828e-52,17.6757,63.4484,0,0,0,0,0,2026.29,2918.69,1001.02,-0.47901
1005,2015-10-03,00:00:00.00,0,0,2.18816e-15,100.939,0.479124,0,1843.8,0,17.6181,63.4484,0,0,0,0,0,2026.29,2918.69,1001.03,-0.47901
1006,2015-10-04,00:00:00.00,4.01899,0,2.18816e-15,100.939,0.479124,0,1843.91,-8.04716e-17,21.4472,63.5357,0,0,0,0,0,2030.31,2922.71,1001.03,-0.47901
1007,2015-10-05,00:00:00.00,2.0095,0,2.18816e-15,100.909,0.479124,0,1844.48,1.46931e-17,22.8396,63.5794,0,0,0,0,0,2032.29,2924.72,1001.06,-0.47901
1008,2015-10-06,00:00:00.00,0.904274,0,2.18816e-15,100.857,0.479124,0,1845.46,0,22.7397,63.5991,0,0,0,0,0,2033.14,2925.63,1001.11,-0.47901
1009,2015-10-07,00:00:00.00,0,0,2.18816e-15,100.805,0.479124,0,1846.41,0,21.7922,63.5991,0,0,0,0,0,2033.09,2925.63,1001.16,-0.47901
1010,2015-10-08,00:00:00.00,0,0,2.18816e-15,100.753,0.479124,0,1847.32,0,20.8842,63.5991,0,0,0,0,0,2033.04,2925.63,1001.21,-0.47901
1011,2015-10-09,00:00:00.00,23.913,0,2.18816e-15,100.723,0.479776,0,1848.48,0,43.1061,64.1189,0.0109336,0,0,0,0,2056.92,2949.54,1001.24,-0.47901
1012,2015-10-10,00:00:00.00,0.20095,0,2.18816e-15,100.675,0.479423,0,1850.2,0,41.5865,64.1233,0.00501555,0,0,0,0,2057.07,2949.74,1001.29,-0.47901
1013,2015-10-11,00:00:00.00,0,0,2.18816e-15,100.661,0.479312,0,1850.66,0,41.1261,64.1233,0.00315606,0,0,0,0,2057.06,2949.74,1001.31,-0.47901
1014,2015-10-12,00:00:00.00,0,0,2.18812e-15,100.609,0.479124,0,1852.38,0,39.4125,64.1233,0,0,0,0,0,2057,2949.74,1001.36,-0.47901
1015,2015-10-13,00:00:00.00,0.20095,0,2.18812e-15,100.557,0.479124,0,1854.03,0,37.9622,64.1276,0,0,0,0,0,2057.15,2949.94,1001.41,-0.47901
1016,2015-10-14,00:00:00.00,2.8133,0,2.18812e-15,100.52,0.479124,0,1855.19,0,39.547,64.1888,0,0,0,0,0,2059.93,2952.75,1001.45,-0.47901
1017,2015-10-15,00:00:00.00,0,0,2.18812e-15,100.507,0.479124,0,1855.63,0,39.1091,64.1888,0,0,0,0,0,2059.91,2952.75,1001.46,-0.47901
1018,2015-10-16,00:00:00.00,9.64558,0,2.18812e-15,100.486,0.479124,0,1856.45,0,47.7277,64.3985,0,0,0,0,0,2069.54,2962.4,1001.48,-0.47901
1019,2015-10-17,00:00:00.00,3.01425,0,2.18812e-15,100.486,0.479124,0,1856.53,0,50.5996,64.464,0,0,0,0,0,2072.55,2965.41,1001.48,-0.47901
1020,2015-10-18,00:00:00.00,0,0,2.18812e-15,100.486,0.479124,0,1856.53,0,50.5996,64.464,0,0,0,0,0,2072.55,2965.41,1001.48,-0.47901
1021,2015-10-19,00:00:00.00,0,0,2.18812e-15,100.486,0.479124,0,1856.53,0,50.5996,64.464,0,0,0,0,0,2072.55,2965.41,1001.48,-0.47901
1022,2015-10-20,00:00:00.00,1.6076,0,2.18812e-15,100.486,0.479124,0,1856.57,0,52.1312,64.499,0,0,0,0,0,2074.16,2967.02,1001.48,-0.47901
1023,2015-10-21,00:00:00.00,0.803799,0,2.18812e-15,100.434,0.479124,0,1858.75,0,50.734,64.5164,0,0,0,0,0,2074.91,2967.83,1001.54,-0.47901
1024,2015-10-22,00:00:00.00,6.43039,0,2.18812e-15,100.382,0.479124,0,1860.96,0,54.8182,64.6562,0,0,0,0,0,2081.29,2974.26,1001.59,-0.47901
1025,2015-10-23,00:00:00.00,0,0,2.18812e-15,100.33,0.479124,0,1863.23,0,52.5444,64.6562,0,0,0,0,0,2081.24,2974.26,1001.64,-0.47901
1026,2015-10-24,00:00:00.00,0.20095,0,2.18812e-15,100.33,0.479124,0,1863.24,0,52.7359,64.6606,0,0,0,0,0,2081.44,2974.46,1001.64,-0.47901
1027,2015-10-25,00:00:00.00,13.0617,0,2.18564e-15,100.362,0.532166,0,1864.29,0,63.4644,64.9445,0.889538,0,0,0,0,2094.48,2987.52,1001.66,-0.47901
1028,2015-10-26,00:00:00.00,0.20095,0,2.17612e-15,100.412,0.492387,0,1865.69,0,62.9048,64.9489,0.222421,0,0,0,0,2094.67,2987.72,1001.68,-0.47901
1029,2015-10-27,00:00:00.00,0,0,2.1776e-15,100.437,0.490973,0,1865.69,0,62.9048,64.9489,0.198722,0,0,0,0,2094.67,2987.72,1001.68,-0.47901
1030,2015-10-28,00:00:00.00,8.64084,0,2.17882e-15,100.473,0.504077,0,1865.91,0,70.8678,65.1367,0.418477,0,0,0,0,2103.31,2996.36,1001.68,-0.47901
1031,2015-10-29,00:00:00.00,25.7216,0,2.14624e-15,101.325,1.32974,0,1867.65,0,78.7337,65.6959,14.2653,0,0,0,0,2129,3022.08,1001.7,-0.47901
1032,2015-10-30,00:00:00.00,2.8133,0,2.66394e-15,102.823,1.23911,0,1867.73,0,81.4141,65.757,12.7453,0,0,0,0,2131.71,3024.9,1001.81,-0.47901
1033,2015-10-31,00:00:00.00,0,0,2.88513e-15,103.733,1.15813,0,1867.73,0,81.4141,65.757,11.3873,0,0,0,0,2131.18,3024.9,1002.34,-0.47901
1034,2015-11-01,00:00:00.00,11.6551,0,2.53509e-15,104.308,1.45003,0,1868.02,0,85.6816,66.0104,16.2826,0,0,0,0,2141.76,3036.55,1003.42,-0.47901
1035,2015-11-02,00:00:00.00,0,0,2.44327e-15,104.632,1.30372,0,1869.63,0,84.8769,66.0104,13.8288,0,0,0,0,2140.28,3036.55,1004.89,-0.47901
1036,2015-11-03,00:00:00.00,0,0,2.77398e-15,104.589,1.17299,0,1871.24,0,84.0723,66.0104,11.6364,0,0,0,0,2138.72,3036.55,1006.45,-0.479009
1037,2015-11-04,00:00:00.00,0,0,3.03807e-15,104.441,1.05619,0,1872.85,0,83.2677,66.0104,9.67769,0,0,0,0,2137.3,3036.55,1007.87,-0.479009
1038,2015-11-05,00:00:00.00,0,0,2.80741e-15,104.265,0.951838,0,1874.46,0,82.4631,66.0104,7.92764,0,0,0,0,2136.08,3036.55,1009.1,-0.479009
1039,2015-11-06,00:00:00.00,4.62184,0,2.98806e-15,104.113,0.900216,0,1876.07,0,85.3987,66.1109,7.06191,0,0,0,0,2139.65,3041.17,1010.14,-0.479009
1040,2015-11-07,00:00:00.00,6.63134,0,2.939e-15,104.088,0.980919,0,1877.7,0,87.8943,66.255,8.41533,0,0,0,0,2145.34,3047.8,1011.09,-0.479009
1041,2015-11-08,00:00:00.00,1.40665,0,2.87283e-15,104.079,0.884586,0,1879.31,0,88.4657,66.2856,6.79978,0,0,0,0,2145.83,3049.21,1012.01,-0.479009
1042,2015-11-09,00:00:00.00,0.401899,0,2.67709e-15,103.958,0.798517,0,1880.92,0,88.0543,66.2944,5.35637,0,0,0,0,2145.38,3049.61,1012.85,-0.479009
1043,2015-11-10,00:00:00.00,0,0,2.90073e-15,103.797,0.721619,0,1882.53,0,87.2496,66.2944,4.06676,0,0,0,0,2144.66,3049.61,1013.57,-0.479009
1044,2015-11-11,00:00:00.00,9.74606,0,2.98824e-15,103.871,0.99225,0,1884.24,0,89.5152,66.5062,8.60536,0,0,0,0,2153.73,3059.36,1014.26,-0.479009
1045,2015-11-12,00:00:00.00,1.80855,0,3.01323e-15,104.036,0.89471,0,1885.84,0,90.4798,66.5455,6.96956,0,0,0,0,2154.77,3061.17,1015.02,-0.479009
1046,2015-11-13,00:00:00.00,9.64558,0,3.32269e-15,104.247,1.181,0,1887.55,0,92.0092,66.7552,11.7708,0,0,0,0,2163.51,3070.81,1015.93,-0.479009
1047,2015-11-14,00:00:00.00,2.21045,0,3.68351e-15,104.49,1.09902,0,1888.84,0,93.0136,66.8033,10.396,0,0,0,0,2164.64,3073.02,1017,-0.479009
1048,2015-11-15,00:00:00.00,0.602849,0,3.67259e-15,104.495,1.01461,0,1889.53,0,93.2585,66.8164,8.98026,0,0,0,0,2164.09,3073.63,1018.16,-0.479009
1049,2015-11-16,00:00:00.00,0,0,3.74603e-15,104.383,0.914683,0,1891.14,0,92.4539,66.8164,7.30453,0,0,0,0,2163.01,3073.63,1019.24,-0.479009
1050,2015-11-17,00:00:00.00,0,0,3.46879e-15,104.223,0.825408,0,1892.75,0,91.6493,66.8164,5.80734,0,0,0,0,2162.07,3073.63,1020.18,-0.479009
1051,2015-11-18,00:00:00.00,0,0,3.40638e-15,104.048,0.745645,0,1894.36,0,90.8447,66.8164,4.46967,0,0,0,0,2161.28,3073.63,1020.97,-0.479009
1052,2015-11-19,00:00:00.00,6.22944,0,3.3494e-15,104.023,0.885161,0,1895.98,0,92.1611,66.9518,6.80943,0,0,0,0,2166.81,3079.86,1021.67,-0.479009
1053,2015-11-20,00:00:00.00,0.20095,0,3.15222e-15,104.057,0.799031,0,1897.59,0,91.5531,66.9562,5.36499,0,0,0,0,2166.32,3080.06,1022.36,-0.479009
1054,2015-11-21,00:00:00.00,0,0,3.10648e-15,103.989,0.746577,0,1898.28,0,91.2083,66.9562,4.48531,0,0,0,0,2165.67,3080.06,1023.01,-0.479009
1055,2015-11-22,00:00:00.00,0.653002,14.2173,3.0378e-15,103.916,0.71808,0,1898.78,0,91.8298,67.2794,4.0074,0,13.4294,0,0,2179.96,3094.93,1023.59,-0.479009
1056,2015-11-23,00:00:00.00,0,0.401899,3.01725e-15,103.854,0.692619,0,1898.79,0,91.8298,67.2882,3.58041,0,13.809,0,0,2179.84,3095.33,1024.11,-0.479009
1057,2015-11-24,00:00:00.00,0,2.0095,3.02635e-15,103.795,0.669871,0,1898.86,0,91.8298,67.3318,3.19891,0,15.7071,0,0,2181.39,3097.34,1024.57,-0.479009
1058,2015-11-25,00:00:00.00,0,0,3.00609e-15,103.734,0.644574,0,1898.97,0,92.73,67.3318,2.77468,0.496471,14.2923,0,0,2180.97,3097.34,1024.99,-0.479009
1059,2015-11-26,00:00:00.00,1.2057,0,3.03534e-15,103.832,0.838597,0,1899.33,0,94.1551,67.3581,6.02853,0.34293,9.8722,0,0,2181.75,3098.54,1025.41,-0.479009
1060,2015-11-27,00:00:00.00,4.32042,0,3.2453e-15,104.435,1.41697,0,1900.93,0,94.927,67.452,15.7281,0.016288,0.468896,0,0,2185.38,3102.86,1026.11,-0.479009
1061,2015-11-28,00:00:00.00,10.4494,0,4.24641e-15,105.329,1.76642,0,1902.65,0,95.4801,67.6791,21.5885,0,0,0,0,2194.5,3113.31,1027.44,-0.479009
1062,2015-11-29,00:00:00.00,0,0,4.64802e-15,105.822,1.62926,0,1902.65,0,95.4801,67.6791,19.2882,0,0,0,0,2192.55,3113.31,1029.38,-0.479009
1063,2015-11-30,00:00:00.00,0,0,4.55348e-15,105.861,1.50671,0,1902.65,0,95.4801,67.6791,17.2331,0,0,0,0,2190.41,3113.31,1031.52,-0.479009
1064,2015-12-01,00:00:00.00,0.131863,0.270037,4.30075e-15,105.79,1.39722,0,1902.67,0,95.6056,67.6879,15.3969,0,0.255136,0,0,2188.8,3113.72,1033.54,-0.479009
1065,2015-12-02,00:00:00.00,2.21045,0,4.2534e-15,105.731,1.36384,0,1903.3,0,96.182,67.7359,14.8372,0,0,0,0,2189.15,3115.93,1035.4,-0.479009
1066,2015-12-03,00:00:00.00,0.602849,0,4.36468e-15,105.67,1.25279,0,1903.93,0,96.4567,67.749,12.9748,0,0,0,0,2188.03,3116.53,1037.12,-0.479009
1067,2015-12-04,00:00:00.00,0.502374,0,4.55258e-15,105.558,1.15358,0,1904.56,0,96.6332,67.7599,11.3109,0,0,0,0,2186.97,3117.03,1038.68,-0.479009
1068,2015-12-05,00:00:00.00,0,0,4.62493e-15,105.436,1.06493,0,1905.19,0,96.3181,67.7599,9.82426,0,0,0,0,2185.59,3117.03,1040.06,-0.479009
1069,2015-12-06,00:00:00.00,0,0,4.43519e-15,105.313,0.98573,0,1905.82,0,96.0031,67.7599,8.49603,0,0,0,0,2184.38,3117.03,1041.28,-0.479009
1070,2015-12-07,00:00:00.00,0,0,4.35449e-15,105.192,0.914969,0,1906.45,0,95.6881,67.7599,7.30932,0,0,0,0,2183.31,3117.03,1042.34,-0.479009
1071,2015-12-08,00:00:00.00,0.20095,0,4.5393e-15,105.075,0.851747,0,1907.08,0,95.5697,67.7643,6.24906,0,0,0,0,2182.59,3117.23,1043.27,-0.479009
1072,2015-12-09,00:00:00.00,0,0,4.51322e-15,104.962,0.795261,0,1907.71,0,95.2547,67.7643,5.30177,0,0,0,0,2181.79,3117.23,1044.07,-0.479009
1073,2015-12-10,00:00:00.00,1.2057,0,4.39449e-15,104.861,0.758724,0,1908.34,0,95.8577,67.7905,4.68902,0,0,0,0,2182.3,3118.44,1044.77,-0.479009
1074,2015-12-11,00:00:00.00,0.401899,0,4.32326e-15,104.769,0.71215,0,1908.97,0,95.9358,67.7993,3.90795,0,0,0,0,2182.09,3118.84,1045.37,-0.479009
1075,2015-12-12,00:00:00.00,0,0,4.39535e-15,104.672,0.670538,0,1909.6,0,95.6208,67.7993,3.21011,0,0,0,0,2181.57,3118.84,1045.89,-0.479009
1076,2015-12-13,00:00:00.00,1.2057,0,4.43159e-15,104.585,0.65101,0,1910.23,0,96.154,67.8255,2.88261,0,0,0,0,2182.33,3120.05,1046.34,-0.479009
1077,2015-12-14,00:00:00.00,1.40665,0,4.41584e-15,104.531,0.649085,0,1910.86,0,96.5924,67.856,2.85032,0,0,0,0,2183.34,3121.45,1046.74,-0.479009
1078,2015-12-15,00:00:00.00,14.2674,0,4.30308e-15,104.99,1.29687,0,1911.76,0,97.1516,68.1662,13.714,0,0,0,0,2197.08,3135.72,1047.27,-0.479009
1079,2015-12-16,00:00:00.00,0.602849,0,4.29236e-15,105.599,1.19575,0,1912.39,0,97.3738,68.1793,12.0182,0,0,0,0,2196.75,3136.32,1048.19,-0.479009
1080,2015-12-17,00:00:00.00,2.0095,0,4.31873e-15,105.783,1.1787,0,1913.02,0,97.5964,68.223,11.7323,0,0,0,0,2197.53,3138.33,1049.42,-0.479009
1081,2015-12-18,00:00:00.00,0,0,4.21221e-15,105.808,1.08738,0,1913.65,0,97.2814,68.223,10.2007,0,0,0,0,2196.25,3138.33,1050.71,-0.479009
1082,2015-12-19,00:00:00.00,0,0.401899,4.21784e-15,105.733,1.00579,0,1914.02,0,97.2323,68.2317,8.83238,0,0.37961,0,0,2195.44,3138.73,1051.92,-0.479009
1083,2015-12-20,00:00:00.00,0,0.401899,4.16276e-15,105.646,0.949671,0,1914.04,0,97.2323,68.2405,7.89129,0,0.759221,0,0,2194.76,3139.14,1053,-0.479009
1084,2015-12-21,00:00:00.00,0,2.61235,3.94046e-15,105.551,0.885541,0,1914.4,0,97.2217,68.2973,6.81581,0,3.22669,0,0,2196.4,3141.75,1053.97,-0.479009
1085,2015-12-22,00:00:00.00,16.4779,0,3.82726e-15,106.121,1.7976,0,1915.35,0,97.6876,68.6555,22.1114,0,0,0,0,2211.72,3158.23,1055.13,-0.479009
1086,2015-12-23,00:00:00.00,0.602849,0,3.62709e-15,106.861,1.64849,0,1915.98,0,97.8091,68.6686,19.6109,0,0,0,0,2210.58,3158.83,1056.88,-0.479009
1087,2015-12-24,00:00:00.00,1.2057,0,3.39641e-15,106.981,1.54701,0,1916.61,0,97.9247,68.6948,17.909,0,0,0,0,2209.66,3160.03,1058.99,-0.479009
1088,2015-12-25,00:00:00.00,0.20095,0,3.61377e-15,106.93,1.41645,0,1917.24,0,97.8062,68.6991,15.7193,0,0,0,0,2207.81,3160.24,1061.05,-0.479009
1089,2015-12-26,00:00:00.00,0,0,3.49382e-15,106.814,1.29979,0,1917.87,0,97.4912,68.6991,13.763,0,0,0,0,2205.94,3160.24,1062.92,-0.479009
1090,2015-12-27,00:00:00.00,1.51007,5.92507,3.71146e-15,106.723,1.25087,0,1918.42,0,97.8922,68.8608,12.9425,0,5.59787,0,0,2211.69,3167.67,1064.61,-0.479009
1091,2015-12-28,00:00:00.00,0.141287,0.0596622,3.4837e-15,106.674,1.20037,0,1918.8,0,98.1786,68.8651,12.0957,0.152265,4.38337,0,0,2210.35,3167.87,1066.15,-0.479009
1092,2015-12-29,00:00:00.00,0,6.43039,3.28037e-15,106.619,1.12317,0,1919.02,0,98.1786,69.0049,10.8009,0,10.6094,0,0,2215.36,3174.3,1067.57,-0.479009
1093,2015-12-30,00:00:00.00,0,6.32992,2.89741e-15,106.527,1.04265,0,1919.46,0,98.1704,69.1425,9.45058,0,16.5883,0,0,2220.39,3180.63,1068.87,-0.479009
1094,2015-12-31,00:00:00.00,0,0,2.7476e-15,106.417,0.965823,0,1919.84,0,98.1881,69.1425,8.16216,0.513781,15.9958,0,0,2219.23,3180.63,1070.03,-0.479009
1095,2016-01-01,00:00:00.00,0,0.602849,2.98652e-15,106.301,0.897875,0,1920.2,0,98.1475,69.1556,7.02264,0,17.079,0,0,2218.81,3181.23,1071.05,-0.479009
1096,2016-01-02,00:00:00.00,0,4.62184,3.07226e-15,106.196,0.844461,0,1920.53,0,98.1415,69.2561,6.12687,0,21.4446,0,0,2222.54,3185.86,1071.94,-0.479009
1097,2016-01-03,00:00:00.00,0,0,3.04699e-15,106.1,0.796738,0,1920.73,0,98.1095,69.2561,5.32654,0,21.4446,0,0,2221.76,3185.86,1072.72,-0.479009
1098,2016-01-04,00:00:00.00,0,1.40665,3.12917e-15,106.009,0.754101,0,1920.95,0,98.1028,69.2867,4.61149,0,22.7732,0,0,2222.48,3187.26,1073.4,-0.479009
1099,2016-01-05,00:00:00.00,0,0,3.09099e-15,105.933,0.724802,0,1920.95,0,98.1028,69.2867,4.12013,0,22.7732,0,0,2221.89,3187.26,1074,-0.479009
1100,2016-01-06,00:00:00.00,0,0,2.9448e-15,105.871,0.698625,0,1920.95,0,98.1028,69.2867,3.68113,0,22.7732,0,0,2221.36,3187.26,1074.53,-0.479009
1101,2016-01-07,00:00:00.00,0,0,2.90435e-15,105.803,0.666582,0,1921.14,0,98.0713,69.2867,3.14376,0,22.7732,0,0,2220.89,3187.26,1075,-0.479009
1102,2016-01-08,00:00:00.00,0,0,3.00135e-15,105.731,0.637812,0,1921.34,0,98.0394,69.2867,2.66128,0,22.7732,0,0,2220.47,3187.26,1075.42,-0.479009
1103,2016-01-09,00:00:00.00,1.91201,3.91553,3.03938e-15,105.689,0.650802,0,1921.69,0,98.3367,69.4134,2.87912,0.791071,26.4727,0,0,2225.92,3193.09,1075.79,-0.479009
1104,2016-01-10,00:00:00.00,6.22944,0,2.95948e-15,106.113,1.22723,0,1922.02,0,98.6328,69.5488,12.5461,0.724074,20.8445,0,0,2231.66,3199.32,1076.29,-0.479009
1105,2016-01-11,00:00:00.00,2.82255,8.02873,2.96399e-15,106.755,1.26774,0,1922.53,0,98.8246,69.7847,13.2255,0.726521,28.4963,0,0,2241.61,3210.17,1077.18,-0.479009
1106,2016-01-12,00:00:00.00,0,3.51662,2.70985e-15,107.002,1.18372,0,1922.65,0,98.8246,69.8611,11.8163,0,32.5444,0,0,2243.88,3213.69,1078.43,-0.479009
1107,2016-01-13,00:00:00.00,0,9.94701,2.97146e-15,107.012,1.10864,0,1922.99,0,98.8246,70.0774,10.5573,0,41.9398,0,0,2252.51,3223.63,1079.75,-0.479009
1108,2016-01-14,00:00:00.00,0,7.53561,2.87679e-15,106.952,1.04157,0,1923.24,0,98.8246,70.2412,9.43242,0,49.0575,0,0,2258.79,3231.17,1081,-0.479009
1109,2016-01-15,00:00:00.00,0,0.401899,3.207e-15,106.868,0.977381,0,1923.34,0,98.8211,70.2499,8.356,0,49.4371,0,0,2258.05,3231.57,1082.15,-0.479009
1110,2016-01-16,00:00:00.00,0,6.93276,3.29294e-15,106.773,0.915496,0,1923.74,0,98.8155,70.4006,7.31815,0,55.9854,0,0,2263.95,3238.51,1083.18,-0.479009
1111,2016-01-17,00:00:00.00,0,2.0095,3.44436e-15,106.675,0.860204,0,1923.98,0,98.8089,70.4443,6.39089,0,57.8834,0,0,2265.04,3240.51,1084.09,-0.479009
1112,2016-01-18,00:00:00.00,0,5.62659,3.49502e-15,106.586,0.817542,0,1924.21,0,98.8084,70.5666,5.67542,0,63.198,0,0,2269.86,3246.14,1084.9,-0.479009
1113,2016-01-19,00:00:00.00,0,6.32992,3.52194e-15,106.508,0.781483,0,1924.42,0,98.8084,70.7042,5.07071,0,69.1769,0,0,2275.47,3252.47,1085.62,-0.479009
1114,2016-01-20,00:00:00.00,0,0,3.459e-15,106.439,0.749267,0,1924.42,0,98.8084,70.7042,4.53042,0,69.1769,0,0,2274.83,3252.47,1086.26,-0.479009
1115,2016-01-21,00:00:00.00,0,1.50712,3.34477e-15,106.372,0.716226,0,1924.56,0,98.8054,70.737,3.97631,0,70.6004,0,0,2275.76,3253.98,1086.84,-0.479009
1116,2016-01-22,00:00:00.00,0,0,3.28088e-15,106.31,0.690962,0,1924.56,0,98.8054,70.737,3.55263,0,70.6004,0,0,2275.25,3253.98,1087.35,-0.479009
1117,2016-01-23,00:00:00.00,0,0,3.0897e-15,106.251,0.668391,0,1924.56,0,98.8054,70.737,3.1741,0,70.6004,0,0,2274.79,3253.98,1087.81,-0.479009
1118,2016-01-24,00:00:00.00,0,0,3.00726e-15,106.198,0.648225,0,1924.56,0,98.8054,70.737,2.8359,0,70.6004,0,0,2274.38,3253.98,1088.22,-0.479009
1119,2016-01-25,00:00:00.00,0,0,2.92269e-15,106.147,0.628698,0,1924.59,0,98.7999,70.737,2.50843,0,70.6004,0,0,2274.01,3253.98,1088.59,-0.479009
1120,2016-01-26,00:00:00.00,0.560416,1.14766,2.98085e-15,106.091,0.603965,0,1924.82,0,98.7932,70.7741,2.09365,0.533624,71.6847,0,0,2275.39,3255.69,1088.92,-0.479009
1121,2016-01-27,00:00:00.00,1.00475,4.01899,2.97068e-15,106.21,0.819321,0,1925.15,0,98.9586,70.8833,5.70527,2.42862,69.9146,0,0,2280.07,3260.71,1089.27,-0.479009
1122,2016-01-28,00:00:00.00,0,0.502374,2.97606e-15,106.402,0.774277,0,1925.35,0,98.9416,70.8942,4.94986,0,72.8177,0,0,2280.13,3261.21,1089.71,-0.479009
1123,2016-01-29,00:00:00.00,0,8.64084,3.03615e-15,106.44,0.734033,0,1925.81,0,98.9364,71.0821,4.27494,0,80.9794,0,0,2288.26,3269.85,1090.22,-0.479009
1124,2016-01-30,00:00:00.00,0,0,3.00261e-15,106.416,0.706872,0,1925.81,0,98.9364,71.0821,3.81945,0,80.9794,0,0,2287.75,3269.85,1090.73,-0.479009
1125,2016-01-31,00:00:00.00,0,0,2.97642e-15,106.363,0.6745,0,1925.99,0,98.9069,71.0821,3.27655,0,80.9794,0,0,2287.27,3269.85,1091.2,-0.479009
1126,2016-02-01,00:00:00.00,6.63134,0,2.96644e-15,106.629,1.09757,0,1926.33,0,99.0608,71.2262,10.3717,2.64002,76.0005,0,0,2293.36,3276.48,1091.75,-0.479009
1127,2016-02-02,00:00:00.00,0,0,3.21211e-15,107.123,1.19419,0,1926.63,0,99.1336,71.2262,11.992,2.52499,72.6888,0,0,2292.52,3276.48,1092.59,-0.479009
1128,2016-02-03,00:00:00.00,4.37991,1.84953,3.16219e-15,107.545,1.40676,0,1927.07,0,99.2289,71.3617,15.5569,2.5297,72.8246,0,0,2297.53,3282.71,1093.81,-0.479009
1129,2016-02-04,00:00:00.00,2.0095,0,3.15814e-15,108.525,2.44414,0,1927.39,0,99.327,71.4053,32.9543,1.86582,53.7128,0,0,2297.62,3284.72,1095.72,-0.479009
1130,2016-02-05,00:00:00.00,0,0,3.61295e-15,109.344,2.22122,0,1927.69,0,99.2778,71.4053,29.2158,8.03264e-07,55.5786,0,0,2294.73,3284.72,1098.61,-0.479009
1131,2016-02-06,00:00:00.00,0,3.01425,2.97151e-15,109.342,2.02205,0,1928.06,0,99.2676,71.4709,25.8756,0,58.4257,0,0,2294.46,3287.74,1101.9,-0.479009
1132,2016-02-07,00:00:00.00,0,0,3.41297e-15,109.185,1.84411,0,1928.36,0,99.2183,71.4709,22.8914,0,58.4257,0,0,2291.4,3287.74,1104.96,-0.479009
1133,2016-02-08,00:00:00.00,0,0,3.13307e-15,109.009,1.68512,0,1928.66,0,99.1691,71.4709,20.2251,0.784461,57.6412,0,0,2288.65,3287.74,1107.71,-0.479009
1134,2016-02-09,00:00:00.00,0,1.50712,3.69911e-15,109.071,1.9193,0,1928.98,0,99.2553,71.5036,24.1524,1.76887,50.9218,0,0,2287.57,3289.24,1110.3,-0.479009
1135,2016-02-10,00:00:00.00,0,0.803799,3.62429e-15,109.179,1.7523,0,1929.29,0,99.23,71.5211,21.3517,0,53.4498,0,0,2285.77,3290.05,1112.9,-0.479009
1136,2016-02-11,00:00:00.00,0,1.80855,3.40716e-15,109.066,1.6114,0,1929.45,0,99.2262,71.5604,18.9888,0,55.1581,0,0,2285.06,3291.86,1115.42,-0.479009
1137,2016-02-12,00:00:00.00,0,1.00475,2.8766e-15,108.922,1.49075,0,1929.48,0,99.2262,71.5823,16.9655,0,56.1071,0,0,2283.78,3292.86,1117.71,-0.479009
1138,2016-02-13,00:00:00.00,0,2.4114,2.54124e-15,108.782,1.38297,0,1929.57,0,99.2262,71.6347,15.1578,0,58.3848,0,0,2284.13,3295.27,1119.76,-0.479009
1139,2016-02-14,00:00:00.00,0,0,2.33267e-15,108.649,1.28666,0,1929.57,0,99.2262,71.6347,13.5428,0,58.3848,0,0,2282.29,3295.27,1121.61,-0.479009
1140,2016-02-15,00:00:00.00,0,0,2.36549e-15,108.524,1.20062,0,1929.57,0,99.2262,71.6347,12.0998,0,58.3848,0,0,2280.64,3295.27,1123.26,-0.479009
1141,2016-02-16,00:00:00.00,0,1.80855,2.82449e-15,108.406,1.12374,0,1929.63,0,99.2262,71.674,10.8105,0,60.093,0,0,2280.96,3297.08,1124.75,-0.479009
1142,2016-02-17,00:00:00.00,0,4.82279,2.7757e-15,108.28,1.04151,0,1930.05,0,99.2164,71.7788,9.43147,0,64.6484,0,0,2284.45,3301.9,1126.08,-0.479009
1143,2016-02-18,00:00:00.00,0,0,2.59543e-15,108.15,0.96804,0,1930.36,0,99.1671,71.7788,8.19935,0,64.6484,0,0,2283.27,3301.9,1127.26,-0.479009
1144,2016-02-19,00:00:00.00,0,0,2.61338e-15,108.037,0.915946,0,1930.36,0,99.1671,71.7788,7.32571,0,64.6484,0,0,2282.23,3301.9,1128.3,-0.479009
1145,2016-02-20,00:00:00.00,0,9.24369,2.49128e-15,107.926,0.855855,0,1930.93,0,99.1582,71.9798,6.31795,0,73.3794,0,0,2290.55,3311.15,1129.22,-0.479009
1146,2016-02-21,00:00:00.00,0.20095,0,2.7412e-15,108.584,1.92334,0,1931.24,0,99.2392,71.9842,24.2202,1.75911,50.641,0,0,2289.59,3311.35,1130.39,-0.479009
1147,2016-02-22,00:00:00.00,0,0.20095,2.71748e-15,109.692,2.20626,0,1931.54,0,99.2862,71.9885,28.9649,1.47867,42.5678,0,0,2287.72,3311.55,1132.45,-0.479009
1148,2016-02-23,00:00:00.00,0,0,2.58691e-15,110.079,2.00869,0,1931.84,0,99.237,71.9885,25.6515,0,44.0464,0,0,2284.85,3311.55,1135.32,-0.479009
1149,2016-02-24,00:00:00.00,0,0,2.5695e-15,109.99,1.83216,0,1932.15,0,99.1877,71.9885,22.6911,0,44.0464,0,0,2281.88,3311.55,1138.29,-0.479009
1150,2016-02-25,00:00:00.00,0,12.4589,2.92931e-15,109.816,1.67445,0,1932.83,0,99.1795,72.2594,20.0462,0,55.8144,0,0,2291.62,3324.01,1141.01,-0.479009
1151,2016-02-26,00:00:00.00,0,2.0095,3.12591e-15,109.635,1.53354,0,1933.16,0,99.1691,72.303,17.683,0,57.7124,0,0,2291.2,3326.02,1143.44,-0.479009
1152,2016-02-27,00:00:00.00,0,0,3.11505e-15,109.47,1.41849,0,1933.22,0,99.1593,72.303,15.7536,0,57.7124,0,0,2289.04,3326.02,1145.6,-0.479009
1153,2016-02-28,00:00:00.00,0,0,3.25298e-15,109.309,1.30485,0,1933.53,0,99.11,72.303,13.8478,0,57.7124,0,0,2287.11,3326.02,1147.53,-0.479009
1154,2016-02-29,00:00:00.00,5.42564,0.20095,3.47591e-15,109.968,2.47714,0,1933.94,0,99.2331,72.4254,33.5077,1.31022,37.7183,0,0,2290.57,3331.65,1149.69,-0.479009
1155,2016-03-01,00:00:00.00,0,0,3.86297e-15,110.758,2.2507,0,1934.24,0,99.1838,72.4254,29.7102,0.12499,38.9036,0,0,2287.6,3331.65,1152.67,-0.479009
1156,2016-03-02,00:00:00.00,0,15.2722,3.78067e-15,110.745,2.06194,0,1934.75,0,99.1838,72.7574,26.5446,0,53.4538,0,0,2299.5,3346.92,1156.04,-0.479009
1157,2016-03-03,00:00:00.00,0,0,3.51063e-15,110.595,1.89329,0,1934.75,0,99.1838,72.7574,23.7162,0,53.4538,0,0,2296.35,3346.92,1159.19,-0.479009
1158,2016-03-04,00:00:00.00,0,0,3.36404e-15,110.43,1.74261,0,1934.75,0,99.1838,72.7574,21.1893,0,53.4538,0,0,2293.51,3346.92,1162.03,-0.479009
1159,2016-03-05,00:00:00.00,0,0,3.36164e-15,110.27,1.60799,0,1934.75,0,99.1838,72.7574,18.9315,0,53.4538,0,0,2290.96,3346.92,1164.58,-0.479009
1160,2016-03-06,00:00:00.00,0,2.61235,3.61821e-15,110.118,1.48771,0,1934.84,0,99.1838,72.8141,16.9144,0,55.9212,0,0,2291.28,3349.53,1166.87,-0.479009
1161,2016-03-07,00:00:00.00,0,0,3.28117e-15,109.975,1.38024,0,1934.84,0,99.1838,72.8141,15.1121,0,55.9212,0,0,2289.23,3349.53,1168.92,-0.479009
1162,2016-03-08,00:00:00.00,0,0,2.9028e-15,110.322,2.06325,0,1935.89,0,99.1435,72.8141,26.5665,1.35257,38.9376,0,0,2287.09,3349.53,1171.06,-0.479009
1163,2016-03-09,00:00:00.00,0,0,3.93668e-15,111.627,3.31975,0,1937.65,0,98.5578,72.8141,47.6385,0.41512,11.9504,0,0,2283.97,3349.53,1174.18,-0.479009
1164,2016-03-10,00:00:00.00,2.0095,0,2.76639e-15,112.636,3.20931,0,1939.41,0,98.1215,72.8578,45.7864,0.315636,9.08645,0,0,2281.42,3351.54,1178.74,-0.479009
1165,2016-03-11,00:00:00.00,4.62184,0,2.18622e-15,112.88,3.21347,0,1941.16,0,97.8331,72.9583,45.8562,0.232182,6.68401,0,0,2280.82,3356.16,1183.97,-0.479009
1166,2016-03-12,00:00:00.00,0,0,2.00507e-15,112.945,2.92415,0,1942.92,0,97.036,72.9583,41.0042,0.198671,5.71931,0,0,2275.7,3356.16,1189.08,-0.479009
1167,2016-03-13,00:00:00.00,0,0,-8.53504e-17,112.85,2.68861,0,1944.68,0,96.2539,72.9583,37.0541,0.150193,4.32372,0,0,2270.96,3356.16,1193.83,-0.479009
1168,2016-03-14,00:00:00.00,4.21994,0,2.18566e-16,112.858,2.63787,0,1946.43,0,96.3227,73.05,36.2032,0.111105,3.19847,0,0,2270.82,3360.38,1198.19,-0.479009
1169,2016-03-15,00:00:00.00,4.82279,0,1.19452e-15,113.025,2.66327,0,1948.19,0,96.4028,73.1549,36.6291,0.0468597,1.34899,0,0,2271.46,3365.2,1202.36,-0.479009
1170,2016-03-16,00:00:00.00,0.20095,0,9.83445e-16,113.125,2.45531,0,1949.95,0,95.7732,73.1592,33.1416,4.63155e-08,1.33332e-06,0,0,2267.6,3365.4,1206.43,-0.479009
1171,2016-03-17,00:00:00.00,9.24369,0,-2.90503e-16,113.279,2.61418,0,1951.78,0,96.0521,73.3602,35.8058,0,0,0,0,2272.89,3374.65,1210.38,-0.479009
1172,2016-03-18,00:00:00.00,1.2057,0,-5.83138e-17,113.393,2.35632,0,1953.54,0,96.0443,73.3864,31.4815,0,0,0,0,2270.2,3375.85,1214.28,-0.479009
1173,2016-03-19,00:00:00.00,0,0,6.25318e-16,113.232,2.1095,0,1955.29,0,95.1657,73.3864,27.3421,0,0,0,0,2266.53,3375.85,1217.95,-0.479009
1174,2016-03-20,00:00:00.00,0,0,1.04491e-15,113.042,1.9238,0,1955.74,0,94.9407,73.3864,24.2278,0,0,0,0,2263.26,3375.85,1221.21,-0.479009
1175,2016-03-21,00:00:00.00,0,0,7.95737e-16,112.841,1.74325,0,1956.74,0,94.4412,73.3864,21.2,0,0,0,0,2260.35,3375.85,1224.12,-0.479009
1176,2016-03-22,00:00:00.00,0,0,4.21537e-16,112.62,1.57902,0,1957.85,0,93.8868,73.3864,18.4458,0,0,0,0,2257.77,3375.85,1226.71,-0.479009
1177,2016-03-23,00:00:00.00,0.791176,1.62022,-6.62407e-16,112.378,1.42059,0,1958.78,0,94.5562,73.4388,15.7888,0,1.53082,0,0,2257.9,3378.27,1228.99,-0.479009
1178,2016-03-24,00:00:00.00,7.03324,3.01425,-1.0663e-16,112.455,1.79371,0,1960.65,0,95.16,73.6572,22.0462,0,0,0,0,2265.76,3388.31,1231.17,-0.479009
1179,2016-03-25,00:00:00.00,0,30.3434,6.91265e-17,112.616,1.62703,0,1961.84,0,95.1429,74.3169,19.2509,0,29.0094,0,0,2293.81,3418.66,1233.47,-0.479009
1180,2016-03-26,00:00:00.00,0,0,1.25359e-16,112.478,1.49273,0,1962.11,0,95.0994,74.3169,16.9987,0,29.0094,0,0,2291.51,3418.66,1235.77,-0.479009
1181,2016-03-27,00:00:00.00,0,0,1.31895e-16,112.261,1.3552,0,1962.77,0,94.992,74.3169,14.6922,0,29.0094,0,0,2289.4,3418.66,1237.88,-0.479009
1182,2016-03-28,00:00:00.00,18.6883,0,-1.24363e-15,113.44,3.50468,0,1964.81,0,96.1855,74.7231,50.74,0.0658036,1.89434,0,0,2305.37,3437.34,1240.6,-0.479009
1183,2016-03-29,00:00:00.00,4.82279,0,-2.39248e-15,114.923,3.41426,0,1966.57,0,96.2933,74.828,49.2236,0.0154145,0.44375,0,0,2305.71,3442.17,1245.08,-0.479009
1184,2016-03-30,00:00:00.00,0,0,-2.0483e-15,114.985,3.0741,0,1968.33,0,95.5001,74.828,43.519,0.000325984,0.00938438,0,0,2300.24,3442.17,1250.55,-0.479009
1185,2016-03-31,00:00:00.00,17.2817,0,-2.76525e-15,115.168,3.56542,0,1970.34,0,95.9959,75.2036,51.7586,0,0,0,0,2312.03,3459.45,1256.05,-0.479009
1186,2016-04-01,00:00:00.00,27.932,0,-2.38102e-15,116.103,4.55384,0,1972.4,0,96.527,75.8108,68.3348,0,0,0,0,2333.73,3487.38,1262.27,-0.479009
1187,2016-04-02,00:00:00.00,0,1.00475,-3.12242e-16,116.612,4.09988,0,1973.65,0,96.6373,75.8327,60.7217,0,0,0,0,2327.55,3488.39,1269.46,-0.479009
1188,2016-04-03,00:00:00.00,0,2.61235,-1.08647e-15,116.339,3.71408,0,1973.74,0,96.6373,75.8895,54.2517,0,2.46747,0,0,2323.03,3491,1276.59,-0.479009
1189,2016-04-04,00:00:00.00,0,14.6693,1.86843e-16,116.022,3.3694,0,1974.23,0,96.6373,76.2084,48.4712,0,16.3233,0,0,2331.26,3505.67,1283.03,-0.479009
1190,2016-04-05,00:00:00.00,0,0,-7.34927e-16,115.694,3.06144,0,1974.23,0,96.6373,76.2084,43.3066,0,16.3233,0,0,2325.46,3505.67,1288.83,-0.479009
1191,2016-04-06,00:00:00.00,0,2.0095,-1.21232e-15,115.362,2.78629,0,1974.3,0,96.6373,76.252,38.6922,0,18.2213,0,0,2322.25,3507.68,1294.05,-0.479009
1192,2016-04-07,00:00:00.00,3.75476,17.7469,-1.41416e-15,115.102,2.66553,0,1974.99,0,97.2307,76.7195,36.667,0.632952,34.9874,0,0,2339,3529.18,1298.8,-0.479009
1193,2016-04-08,00:00:00.00,0.602849,0.401899,-3.12825e-16,115.139,2.92254,0,1975.02,0,97.7801,76.7413,40.9772,0.900632,25.9272,0,0,2335.41,3530.18,1303.4,-0.479009
1194,2016-04-09,00:00:00.00,0,0,-1.59346e-16,115.131,2.66219,0,1975.02,0,97.7801,76.7413,36.6111,0,26.8279,0,0,2330.77,3530.18,1308.03,-0.479009
1195,2016-04-10,00:00:00.00,0,0,-1.94531e-17,114.827,2.42959,0,1975.02,0,97.7801,76.7413,32.7102,0,26.8279,0,0,2326.34,3530.18,1312.47,-0.479009
1196,2016-04-11,00:00:00.00,0,5.42564,7.50841e-16,114.495,2.22176,0,1975.2,0,97.7801,76.8593,29.2249,0,31.9526,0,0,2327.74,3535.61,1316.5,-0.479009
1197,2016-04-12,00:00:00.00,0.401899,0,1.972e-16,114.662,2.87345,0,1975.21,0,98.2564,76.868,40.1539,0.541886,15.5997,0,0,2324.17,3536.01,1320.46,-0.479009
1198,2016-04-13,00:00:00.00,0,0,1.77868e-15,115.186,3.14115,0,1975.21,0,98.5725,76.868,44.6434,0.201824,5.81007,0,0,2319.64,3536.01,1325,-0.479009
1199,2016-04-14,00:00:00.00,0,0,1.7114e-15,115.313,3.00008,0,1975.21,0,98.7818,76.868,42.2776,0.10496,3.02157,0,0,2314.58,3536.01,1330.05,-0.479009
1200,2016-04-15,00:00:00.00,0,0,7.4405e-16,115.117,2.79029,0,1975.46,0,98.6802,76.868,38.7593,0.0629351,1.81176,0,0,2309.55,3536.01,1335.08,-0.479009
1201,2016-04-16,00:00:00.00,0,0,6.1425e-16,114.752,2.49774,0,1980.77,0,96.118,76.868,33.8531,0,0,0,0,2304.86,3536.01,1339.78,-0.479009
1202,2016-04-17,00:00:00.00,0,0,-6.81555e-16,114.289,2.14132,0,1986.08,0,93.465,76.868,27.8757,0,0,0,0,2300.71,3536.01,1343.92,-0.479009
1203,2016-04-18,00:00:00.00,0,0,-6.01497e-16,113.765,1.82287,0,1991.38,0,90.812,76.868,22.5352,0,0,0,0,2297.18,3536.01,1347.45,-0.479009
1204,2016-04-19,00:00:00.00,0,0,-6.03829e-16,113.232,1.53836,0,1996.69,0,88.159,76.868,17.7638,0,0,0,0,2294.25,3536.01,1350.39,-0.479009
1205,2016-04-20,00:00:00.00,0,0,-2.55284e-16,112.701,1.28416,0,2001.99,0,85.5061,76.868,13.5008,0,0,0,0,2291.85,3536.01,1352.78,-0.479009
1206,2016-04-21,00:00:00.00,0,0,-2.02586e-16,112.172,1.05704,0,2007.3,0,82.8531,76.868,9.69196,0,0,0,0,2289.94,3536.01,1354.69,-0.479009
1207,2016-04-22,00:00:00.00,9.64558,0,-4.48774e-16,111.825,1.1179,0,2012.61,0,84.6849,77.0777,10.7125,0,0,0,0,2298.02,3545.66,1356.26,-0.479009
1208,2016-04-23,00:00:00.00,0.20095,0,-6.93356e-16,111.535,0.908499,0,2017.91,0,82.2285,77.082,7.20083,0,0,0,0,2296.87,3545.86,1357.62,-0.479009
1209,2016-04-24,00:00:00.00,0,0,-6.34141e-16,111.145,0.776604,0,2021.15,0,80.6115,77.082,4.98888,0,0,0,0,2295.75,3545.86,1358.73,-0.479009
1210,2016-04-25,00:00:00.00,1.00475,0,-6.98278e-16,110.717,0.623428,0,2025.71,0,79.3142,77.1039,2.42004,0,0,0,0,2295.88,3546.86,1359.6,-0.479009
1211,2016-04-26,00:00:00.00,20.4969,0,-7.04025e-16,110.777,1.20589,0,2030.76,0,83.0856,77.5495,12.1882,0,0,0,0,2315.57,3567.36,1360.41,-0.479009
1212,2016-04-27,00:00:00.00,2.0095,0,-6.64581e-16,111.149,1.12845,0,2030.82,0,85.0001,77.5931,10.8895,0,0,0,0,2316.58,3569.37,1361.42,-0.479009
1213,2016-04-28,00:00:00.00,0,0,-4.01611e-16,111.099,0.99962,0,2033.05,0,83.8806,77.5931,8.72897,0,0,0,0,2315.36,3569.37,1362.64,-0.479009
1214,2016-04-29,00:00:00.00,0,0,-3.32628e-16,110.906,0.911018,0,2034.3,0,83.2585,77.5931,7.24306,0,0,0,0,2314.21,3569.37,1363.78,-0.479009
1215,2016-04-30,00:00:00.00,0,0,-4.82343e-16,110.569,0.723662,0,2039.6,0,80.6055,77.5931,4.10101,0,0,0,0,2313.2,3569.37,1364.8,-0.479009
1216,2016-05-01,00:00:00.00,3.21519,0,-5.29725e-16,110.129,0.556268,0,2044.91,0,81.0978,77.663,1.29375,0,0,0,0,2315.65,3572.58,1365.56,-0.479009
1217,2016-05-02,00:00:00.00,0.602849,0,-5.85112e-16,109.803,0.548049,0,2044.93,0,81.6722,77.6761,1.1559,0,0,0,0,2315.78,3573.19,1366.03,-0.479009
1218,2016-05-03,00:00:00.00,0,0,-5.81741e-16,109.602,0.540705,0,2044.93,0,81.6722,77.6761,1.03274,0,0,0,0,2315.45,3573.19,1366.36,-0.479009
1219,2016-05-04,00:00:00.00,0,0,-5.84767e-16,109.457,0.534143,0,2044.93,0,81.6722,77.6761,0.922698,0,0,0,0,2315.19,3573.19,1366.62,-0.479009
1220,2016-05-05,00:00:00.00,0,0,-6.19473e-16,109.341,0.528281,0,2044.93,0,81.6722,77.6761,0.824384,0,0,0,0,2314.97,3573.19,1366.84,-0.479009
1221,2016-05-06,00:00:00.00,0,0,-6.24395e-16,109.243,0.523043,0,2044.93,0,81.6722,77.6761,0.736546,0,0,0,0,2314.78,3573.19,1367.03,-0.479009
1222,2016-05-07,00:00:00.00,0,0,-6.40754e-16,109.038,0.479124,0,2049.87,0,77.4599,77.6761,0,0,0,0,0,2314.53,3573.19,1367.28,-0.479009
1223,2016-05-08,00:00:00.00,0.401899,0,-6.40754e-16,108.903,0.479124,0,2050.95,0,76.78,77.6849,0,0,0,0,0,2314.79,3573.59,1367.42,-0.479009
1224,2016-05-09,00:00:00.00,0,0,-6.40754e-16,108.816,0.479124,0,2050.95,0,76.78,77.6849,0,0,0,0,0,2314.71,3573.59,1367.5,-0.479009
1225,2016-05-10,00:00:00.00,0,0,-6.40754e-16,108.741,0.479124,0,2050.95,0,76.78,77.6849,0,0,0,0,0,2314.63,3573.59,1367.58,-0.479009
1226,2016-05-11,00:00:00.00,0,0,-6.40754e-16,108.677,0.479124,0,2050.95,0,76.78,77.6849,0,0,0,0,0,2314.57,3573.59,1367.64,-0.479009
1227,2016-05-12,00:00:00.00,0,0,-6.40754e-16,108.605,0.479124,0,2051.67,0,76.0559,77.6849,0,0,0,0,0,2314.5,3573.59,1367.72,-0.479009
1228,2016-05-13,00:00:00.00,18.6883,0,-6.96997e-16,108.91,1.04419,0,2057.25,0,78.1502,78.0911,9.47649,0,0,0,0,2332.93,3592.28,1367.98,-0.479009
1229,2016-05-14,00:00:00.00,6.02849,0,-9.30376e-16,109.299,0.761457,0,2066.38,0,79.1023,78.2222,4.73485,0,0,0,0,2338.49,3598.31,1368.43,-0.479009
1230,2016-05-15,00:00:00.00,1.80855,0,-8.17535e-16,109.328,0.731374,0,2066.42,0,80.8254,78.2615,4.23035,0,0,0,0,2339.8,3600.11,1368.94,-0.479009
1231,2016-05-16,00:00:00.00,0,0.803799,-8.0046e-16,109.298,0.704497,0,2066.45,0,81.5846,78.279,3.77961,0,0,0,0,2340.09,3600.92,1369.45,-0.479009
1232,2016-05-17,00:00:00.00,3.01425,0,-6.33031e-16,109.244,0.680483,0,2066.53,0,84.4565,78.3445,3.37689,0,0,0,0,2342.63,3603.93,1369.93,-0.479009
1233,2016-05-18,00:00:00.00,0,0,-5.72785e-16,109.18,0.659028,0,2066.53,0,84.4565,78.3445,3.01708,0,0,0,0,2342.18,3603.93,1370.37,-0.479009
1234,2016-05-19,00:00:00.00,0,0,-5.88155e-16,109.115,0.639859,0,2066.53,0,84.4565,78.3445,2.69561,0,0,0,0,2341.78,3603.93,1370.78,-0.479009
1235,2016-05-20,00:00:00.00,0,0,-4.58365e-16,109.049,0.621321,0,2066.58,0,84.43,78.3445,2.3847,0,0,0,0,2341.41,3603.93,1371.15,-0.479009
1236,2016-05-21,00:00:00.00,0,0,-4.37725e-16,108.814,0.479124,0,2072.48,0,80.9153,78.3445,0,0,0,0,0,2341.03,3603.93,1371.52,-0.479009
1237,2016-05-22,00:00:00.00,0.20095,0,-4.37725e-16,108.497,0.479124,0,2078.06,0,75.5308,78.3489,0,0,0,0,0,2340.91,3604.13,1371.84,-0.479009
1238,2016-05-23,00:00:00.00,0,0,-4.37725e-16,108.263,0.479124,0,2083.64,0,69.9497,78.3489,0,0,0,0,0,2340.68,3604.13,1372.08,-0.479009
1239,2016-05-24,00:00:00.00,0,0,-4.37725e-16,108.07,0.479124,0,2089.22,0,64.3685,78.3489,0,0,0,0,0,2340.49,3604.13,1372.27,-0.479009
1240,2016-05-25,00:00:00.00,0,0,-4.37725e-16,107.903,0.479124,0,2094.8,0,58.7874,78.3489,0,0,0,0,0,2340.32,3604.13,1372.44,-0.479009
1241,2016-05-26,00:00:00.00,0,0,-4.37725e-16,107.754,0.479124,0,2100.38,0,53.2068,78.3489,0,0,0,0,0,2340.17,3604.13,1372.58,-0.479009
1242,2016-05-27,00:00:00.00,5.02374,0,-4.37725e-16,107.621,0.479124,0,2105.86,0,52.6417,78.4581,0,0,0,0,0,2345.06,3609.16,1372.72,-0.478992
1243,2016-05-28,00:00:00.00,0,0,-4.37725e-16,107.495,0.479124,0,2111.17,0,47.3294,78.4581,0,0,0,0,0,2344.94,3609.16,1372.84,-0.478992
1244,2016-05-29,00:00:00.00,0.602849,0,-4.37725e-16,107.369,0.479124,0,2115.97,0,43.1219,78.4712,0,0,0,0,0,2345.41,3609.76,1372.97,-0.478992
1245,2016-05-30,00:00:00.00,1.00475,0,-4.37725e-16,107.242,0.479124,0,2120.36,0,39.714,78.493,0,0,0,0,0,2346.29,3610.76,1373.1,-0.478992
1246,2016-05-31,00:00:00.00,0,0,-4.37725e-16,107.116,0.479124,0,2124.37,0,35.7054,78.493,0,0,0,0,0,2346.17,3610.76,1373.22,-0.478992
1247,2016-06-01,00:00:00.00,0,0,-4.37725e-16,106.99,0.479124,0,2127.98,0,32.1014,78.493,0,0,0,0,0,2346.04,3610.76,1373.35,-0.478992
1248,2016-06-02,00:00:00.00,1.00475,0,-4.37725e-16,106.971,0.479124,0,2128.46,0,32.5975,78.5149,0,0,0,0,0,2347.03,3611.77,1373.37,-0.478992
1249,2016-06-03,00:00:00.00,0,0,-4.37725e-16,106.816,0.479124,0,2132.51,0,28.5491,78.5149,0,0,0,0,0,2346.87,3611.77,1373.52,-0.478992
1250,2016-06-04,00:00:00.00,0,0,-4.37725e-16,106.724,0.479124,0,2134.61,0,26.4468,78.5149,0,0,0,0,0,2346.78,3611.77,1373.62,-0.478992
1251,2016-06-05,00:00:00.00,14.0665,0,-4.37725e-16,106.611,0.479124,0,2137.74,0,37.0781,78.8206,0,0,0,0,0,2360.73,3625.84,1373.73,-0.478992
1252,2016-06-06,00:00:00.00,1.40665,0,-4.37725e-16,106.55,0.479124,0,2139.57,0,36.6241,78.8512,0,0,0,0,0,2362.08,3627.24,1373.79,-0.478992
1253,2016-06-07,00:00:00.00,4.01899,0,-4.37725e-16,106.458,0.479124,0,2142.41,0,37.7149,78.9386,0,0,0,0,0,2366,3631.26,1373.88,-0.478992
1254,2016-06-08,00:00:00.00,0,0,-4.37725e-16,106.458,0.479124,0,2142.41,0,37.7149,78.9386,0,0,0,0,0,2366,3631.26,1373.88,-0.478992
1255,2016-06-09,00:00:00.00,0.401899,0,-4.37725e-16,106.458,0.479124,0,2142.42,0,38.0978,78.9473,0,0,0,0,0,2366.41,3631.66,1373.88,-0.478992
1256,2016-06-10,00:00:00.00,0,0,-4.37725e-16,106.458,0.479124,0,2142.42,0,38.0978,78.9473,0,0,0,0,0,2366.41,3631.66,1373.88,-0.478992
1257,2016-06-11,00:00:00.00,3.81804,0,-4.37725e-16,106.458,0.479124,0,2142.52,0,41.7355,79.0303,0,0,0,0,0,2370.22,3635.48,1373.88,-0.478992
1258,2016-06-12,00:00:00.00,0,0,-4.37725e-16,106.289,0.479124,0,2148.15,0,36.109,79.0303,0,0,0,0,0,2370.05,3635.48,1374.05,-0.478992
1259,2016-06-13,00:00:00.00,0,0,-4.37725e-16,106.289,0.479124,0,2148.15,0,36.109,79.0303,0,0,0,0,0,2370.05,3635.48,1374.05,-0.478992
1260,2016-06-14,00:00:00.00,0,0,-4.37725e-16,106.289,0.479124,0,2148.15,0,36.109,79.0303,0,0,0,0,0,2370.05,3635.48,1374.05,-0.478992
1261,2016-06-15,00:00:00.00,0,0,-4.37725e-16,106.289,0.479124,0,2148.15,0,36.109,79.0303,0,0,0,0,0,2370.05,3635.48,1374.05,-0.478992
1262,2016-06-16,00:00:00.00,2.61235,0,-4.37725e-16,106.25,0.479124,0,2149.34,0,37.4728,79.0871,0,0,0,0,0,2372.63,3638.09,1374.09,-0.478992
1263,2016-06-17,00:00:00.00,0,0,-4.37725e-16,106.158,0.479124,0,2152.1,0,34.7132,79.0871,0,0,0,0,0,2372.54,3638.09,1374.18,-0.478992
1264,2016-06-18,00:00:00.00,0,0,-4.37725e-16,105.989,0.479124,0,2156.78,0,30.0335,79.0871,0,0,0,0,0,2372.37,3638.09,1374.35,-0.478992
1265,2016-06-19,00:00:00.00,0,0,-4.37725e-16,105.82,0.479124,0,2160.83,0,25.9846,79.0871,0,0,0,0,0,2372.2,3638.09,1374.52,-0.478992
1266,2016-06-20,00:00:00.00,0,0,-4.37725e-16,105.651,0.479124,0,2164.33,0,22.4817,79.0871,0,0,0,0,0,2372.03,3638.09,1374.69,-0.478992
1267,2016-06-21,00:00:00.00,0,0,-4.37725e-16,105.483,0.479124,0,2167.36,0,19.451,79.0871,0,0,0,0,0,2371.86,3638.09,1374.86,-0.478992
1268,2016-06-22,00:00:00.00,0,0,-4.37725e-16,105.464,0.479124,0,2167.65,0,19.1658,79.0871,0,0,0,0,0,2371.84,3638.09,1374.87,-0.478992
1269,2016-06-23,00:00:00.00,0,0,-4.37725e-16,105.425,0.479124,0,2168.25,0,18.5619,79.0871,0,0,0,0,0,2371.8,3638.09,1374.91,-0.478992
1270,2016-06-24,00:00:00.00,0,0,-4.37725e-16,105.364,0.479124,0,2169.15,0,17.6642,79.0871,0,0,0,0,0,2371.74,3638.09,1374.97,-0.478992
1271,2016-06-25,00:00:00.00,0,0,-4.37725e-16,105.209,0.479124,0,2171.34,0,15.4705,79.0871,0,0,0,0,0,2371.59,3638.09,1375.13,-0.478992
1272,2016-06-26,00:00:00.00,0,0,-4.37725e-16,105.04,0.479124,0,2173.43,0,13.385,79.0871,0,0,0,0,0,2371.42,3638.09,1375.3,-0.478992
1273,2016-06-27,00:00:00.00,8.03799,0,-4.37725e-16,104.871,0.479124,0,2176.03,-6.30154e-17,18.6484,79.2619,0,0,0,0,0,2379.29,3646.13,1375.47,-0.478992
1274,2016-06-28,00:00:00.00,0,0,-4.37725e-16,104.703,0.479124,0,2178.54,-4.75917e-34,16.1344,79.2619,0,0,0,0,0,2379.12,3646.13,1375.64,-0.478992
1275,2016-06-29,00:00:00.00,0.20095,0,-4.37725e-16,104.703,0.479124,0,2178.55,0,16.3259,79.2662,0,0,0,0,0,2379.32,3646.33,1375.64,-0.478992
1276,2016-06-30,00:00:00.00,0,0,-4.37725e-16,104.642,0.479124,0,2179.34,0,15.5363,79.2662,0,0,0,0,0,2379.26,3646.33,1375.7,-0.478992
1277,2016-07-01,00:00:00.00,0,0,-4.37725e-16,104.561,0.479124,0,2180.35,0,14.5232,79.2662,0,0,0,0,0,2379.18,3646.33,1375.78,-0.478992
1278,2016-07-02,00:00:00.00,5.82754,0,-4.37725e-16,104.561,0.479124,0,2180.5,1.3719e-17,20.0754,79.3929,0,0,0,0,0,2385.01,3652.16,1375.78,-0.478992
1279,2016-07-03,00:00:00.00,0,0,-4.37725e-16,104.561,0.479124,0,2180.5,-1.35841e-34,20.0754,79.3929,0,0,0,0,0,2385.01,3652.16,1375.78,-0.478992
1280,2016-07-04,00:00:00.00,0,0,-4.37725e-16,104.561,0.479124,0,2180.5,0,20.0754,79.3929,0,0,0,0,0,2385.01,3652.16,1375.78,-0.478992
1281,2016-07-05,00:00:00.00,0,0,-4.37725e-16,104.516,0.479124,0,2181.21,0,19.3618,79.3929,0,0,0,0,0,2384.96,3652.16,1375.82,-0.478992
1282,2016-07-06,00:00:00.00,0,0,-4.37725e-16,104.381,0.479124,0,2183.3,0,17.2761,79.3929,0,0,0,0,0,2384.83,3652.16,1375.96,-0.478992
1283,2016-07-07,00:00:00.00,0,0,-4.37725e-16,104.201,0.479124,0,2185.79,0,14.7823,79.3929,0,0,0,0,0,2384.65,3652.16,1376.14,-0.478992
1284,2016-07-08,00:00:00.00,0,0,-4.37725e-16,104.02,0.479124,0,2187.92,0,12.6485,79.3929,0,0,0,0,0,2384.46,3652.16,1376.32,-0.478992
1285,2016-07-09,00:00:00.00,0.803799,0,-4.37725e-16,103.839,0.479124,0,2189.84,-3.62512e-18,11.5218,79.4104,0,0,0,0,0,2385.09,3652.96,1376.5,-0.478992
1286,2016-07-10,00:00:00.00,4.01899,0,-4.37725e-16,103.761,0.479124,0,2190.8,-3.41313e-17,14.4955,79.4977,0,0,0,0,0,2389.03,3656.98,1376.58,-0.478992
1287,2016-07-11,00:00:00.00,0,0,-4.37725e-16,103.671,0.479124,0,2191.83,1.02696e-33,13.4571,79.4977,0,0,0,0,0,2388.94,3656.98,1376.67,-0.478992
1288,2016-07-12,00:00:00.00,0,0,-4.37725e-16,103.536,0.479124,0,2193.28,2.46746e-50,12.0075,79.4977,0,0,0,0,0,2388.8,3656.98,1376.8,-0.478992
1289,2016-07-13,00:00:00.00,0,0,-4.37725e-16,103.356,0.479124,0,2195.02,-1.36971e-66,10.2742,79.4977,0,0,0,0,0,2388.62,3656.98,1376.98,-0.478992
1290,2016-07-14,00:00:00.00,17.2817,0,-4.37725e-16,103.175,0.479124,0,2198.4,1.4263e-18,23.7998,79.8734,0,0,0,0,0,2405.72,3674.26,1377.16,-0.478992
1291,2016-07-15,00:00:00.00,0,0,-4.37725e-16,102.994,0.479124,0,2201.83,3.5791e-33,20.3641,79.8734,0,0,0,0,0,2405.54,3674.26,1377.34,-0.478992
1292,2016-07-16,00:00:00.00,1.80855,0,-4.37725e-16,102.961,0.479124,0,2202.43,0,21.5385,79.9127,0,0,0,0,0,2407.32,3676.07,1377.38,-0.478992
1293,2016-07-17,00:00:00.00,0,0,-4.37725e-16,102.961,0.479124,0,2202.43,0,21.5385,79.9127,0,0,0,0,0,2407.32,3676.07,1377.38,-0.478992
1294,2016-07-18,00:00:00.00,0,0,-4.37725e-16,102.961,0.479124,0,2202.43,0,21.5385,79.9127,0,0,0,0,0,2407.32,3676.07,1377.38,-0.478992
1295,2016-07-19,00:00:00.00,0,0,-4.37725e-16,102.781,0.479124,0,2205.54,0,18.4293,79.9127,0,0,0,0,0,2407.14,3676.07,1377.56,-0.478992
1296,2016-07-20,00:00:00.00,0,0,-4.37725e-16,102.781,0.479124,0,2205.54,0,18.4293,79.9127,0,0,0,0,0,2407.14,3676.07,1377.56,-0.478992
1297,2016-07-21,00:00:00.00,0,0,-4.37725e-16,102.759,0.479124,0,2205.86,0,18.1067,79.9127,0,0,0,0,0,2407.12,3676.07,1377.58,-0.478992
1298,2016-07-22,00:00:00.00,0,0,-4.37725e-16,102.578,0.479124,0,2208.47,0,15.4929,79.9127,0,0,0,0,0,2406.94,3676.07,1377.76,-0.478992
1299,2016-07-23,00:00:00.00,0,0,-4.37725e-16,102.397,0.479124,0,2210.71,0,13.2565,79.9127,0,0,0,0,0,2406.76,3676.07,1377.94,-0.478992
1300,2016-07-24,00:00:00.00,0,0,-4.37725e-16,102.217,0.479124,0,2212.62,0,11.3429,79.9127,0,0,0,0,0,2406.57,3676.07,1378.12,-0.478992
1301,2016-07-25,00:00:00.00,16.4779,0,-4.37725e-16,102.048,0.479124,0,2215.82,-1.62203e-16,24.2623,80.2709,0,0,0,0,0,2422.88,3692.55,1378.29,-0.478992
1302,2016-07-26,00:00:00.00,0,0,-4.37725e-16,101.867,0.479124,0,2219.33,9.46263e-33,20.7599,80.2709,0,0,0,0,0,2422.7,3692.55,1378.47,-0.478992
1303,2016-07-27,00:00:00.00,0,0,-4.37725e-16,101.687,0.479124,0,2222.32,2.10163e-49,17.7631,80.2709,0,0,0,0,0,2422.52,3692.55,1378.65,-0.478992
1304,2016-07-28,00:00:00.00,0,0,-4.37725e-16,101.506,0.479124,0,2224.89,4.09147e-66,15.1989,80.2709,0,0,0,0,0,2422.34,3692.55,1378.83,-0.478992
1305,2016-07-29,00:00:00.00,0,0,-4.37725e-16,101.325,0.479124,0,2227.08,0,13.0049,80.2709,0,0,0,0,0,2422.16,3692.55,1379.01,-0.478992
1306,2016-07-30,00:00:00.00,1.2057,0,-4.37725e-16,101.157,0.479124,0,2228.96,1.08833e-17,12.3087,80.2972,0,0,0,0,0,2423.2,3693.76,1379.18,-0.478992
1307,2016-07-31,00:00:00.00,2.0095,0,-4.37725e-16,101.022,0.479124,0,2230.46,1.99495e-17,12.775,80.3408,0,0,0,0,0,2425.07,3695.77,1379.32,-0.478992
1308,2016-08-01,00:00:00.00,0,0,-4.37725e-16,100.91,0.479124,0,2231.6,1.67694e-33,11.6293,80.3408,0,0,0,0,0,2424.96,3695.77,1379.43,-0.478992
1309,2016-08-02,00:00:00.00,0,0,-4.37725e-16,100.755,0.479124,0,2233.04,-2.87299e-50,10.1949,80.3408,0,0,0,0,0,2424.81,3695.77,1379.58,-0.478992
1310,2016-08-03,00:00:00.00,0,0,-4.37725e-16,100.601,0.479124,0,2234.29,0,8.9374,80.3408,0,0,0,0,0,2424.65,3695.77,1379.74,-0.478992
1311,2016-08-04,00:00:00.00,0,0,-4.37725e-16,100.447,0.479124,0,2235.4,0,7.83502,80.3408,0,0,0,0,0,2424.5,3695.77,1379.89,-0.478992
1312,2016-08-05,00:00:00.00,0,0,-4.37725e-16,100.292,0.479124,0,2236.36,0,6.86862,80.3408,0,0,0,0,0,2424.34,3695.77,1380.05,-0.478992
1313,2016-08-06,00:00:00.00,4.01899,0,-4.37725e-16,100.138,0.479124,0,2237.64,-1.25013e-17,9.51929,80.4282,0,0,0,0,0,2428.21,3699.79,1380.2,-0.478992
1314,2016-08-07,00:00:00.00,0,0,-4.37725e-16,99.9939,0.479124,0,2238.74,-6.03632e-34,8.42495,80.4282,0,0,0,0,0,2428.06,3699.79,1380.35,-0.478992
1315,2016-08-08,00:00:00.00,0,0,-4.37725e-16,99.8395,0.479124,0,2239.78,1.88493e-51,7.38577,80.4282,0,0,0,0,0,2427.91,3699.79,1380.5,-0.478992
1316,2016-08-09,00:00:00.00,0,0,-4.37725e-16,99.7246,0.479124,0,2240.45,-1.04635e-67,6.70753,80.4282,0,0,0,0,0,2427.79,3699.79,1380.61,-0.478992
1317,2016-08-10,00:00:00.00,0,0,-4.37725e-16,99.5702,0.479124,0,2241.28,0,5.88019,80.4282,0,0,0,0,0,2427.64,3699.79,1380.77,-0.478992
1318,2016-08-11,00:00:00.00,0,0,-4.37725e-16,99.4158,0.479124,0,2242.01,0,5.15491,80.4282,0,0,0,0,0,2427.49,3699.79,1380.92,-0.478992
1319,2016-08-12,00:00:00.00,13.2627,0,-4.37725e-16,99.2615,0.479124,0,2244.1,1.20141e-16,16.038,80.7165,0,0,0,0,0,2440.59,3713.05,1381.08,-0.478992
1320,2016-08-13,00:00:00.00,5.82754,0,-4.37725e-16,99.1071,0.479124,0,2246.59,1.08914e-19,19.2482,80.8432,0,0,0,0,0,2446.27,3718.88,1381.23,-0.478992
1321,2016-08-14,00:00:00.00,65.3086,0,-7.06384e-16,99.9209,1.44726,0,2253.38,-9.07161e-16,58.1717,82.2629,16.2361,0,0,0,0,2511.42,3784.18,1381.39,-0.478992
1322,2016-08-15,00:00:00.00,0,0,-4.95333e-16,101.239,0.982753,0,2266.94,0,51.3933,82.2629,8.4461,0,0,0,0,2511.27,3784.18,1381.54,-0.478992
1323,2016-08-16,00:00:00.00,10.0475,0,-6.02838e-16,101.807,0.658575,0,2276.99,0,56.2487,82.4813,3.00948,0,0,0,0,2521.2,3794.23,1381.66,-0.478992
1324,2016-08-17,00:00:00.00,16.8798,0,-6.13054e-16,101.981,0.668293,0,2286.8,0,62.4191,82.8483,3.17246,0,0,0,0,2537.89,3811.11,1381.85,-0.478992
1325,2016-08-18,00:00:00.00,0.803799,0,-6.01405e-16,101.97,0.480018,0,2295.03,0,58.129,82.8658,0.0149976,0,0,0,0,2538.49,3811.92,1382.05,-0.478992
1326,2016-08-19,00:00:00.00,0,0,-6.01259e-16,101.74,0.479124,0,2301.86,0,51.3116,82.8658,3.99664e-07,0,0,0,0,2538.26,3811.92,1382.28,-0.478992
1327,2016-08-20,00:00:00.00,9.44464,0,-6.01259e-16,101.542,0.479124,0,2308.5,0,53.907,83.0711,0,0,0,0,0,2547.5,3821.36,1382.48,-0.478992
1328,2016-08-21,00:00:00.00,13.4636,0,-6.00769e-16,101.384,0.498106,0,2315.32,0,59.9044,83.3638,0.318337,0,0,0,0,2560.79,3834.82,1382.66,-0.478992
1329,2016-08-22,00:00:00.00,0.602849,0,-6.00278e-16,101.268,0.479124,0,2321.14,0,54.9913,83.3769,0,0,0,0,0,2561.26,3835.43,1382.79,-0.478992
1330,2016-08-23,00:00:00.00,0,0,-6.00278e-16,101.264,0.479124,0,2321.14,0,54.9913,83.3769,0,0,0,0,0,2561.25,3835.43,1382.8,-0.478992
1331,2016-08-24,00:00:00.00,0,0,-6.00278e-16,101.224,0.479124,0,2322.79,0,53.3413,83.3769,0,0,0,0,0,2561.21,3835.43,1382.84,-0.478977
1332,2016-08-25,00:00:00.00,4.82279,0,-6.00278e-16,101.119,0.479124,0,2327.37,0,53.4824,83.4817,0,0,0,0,0,2565.93,3840.25,1382.94,-0.478977
1333,2016-08-26,00:00:00.00,0.20095,0,-6.00278e-16,100.964,0.479124,0,2333.97,0,47.0826,83.4861,0,0,0,0,0,2565.98,3840.45,1383.1,-0.478977
1334,2016-08-27,00:00:00.00,0,0,-6.00278e-16,100.81,0.479124,0,2339.77,0,41.2749,83.4861,0,0,0,0,0,2565.82,3840.45,1383.25,-0.478977
1335,2016-08-28,00:00:00.00,0.20095,0,-6.00278e-16,100.724,0.479124,0,2342.62,0,38.6297,83.4904,0,0,0,0,0,2565.94,3840.65,1383.34,-0.478977
1336,2016-08-29,00:00:00.00,0,0,-6.00278e-16,100.57,0.479124,0,2347.38,0,33.8648,83.4904,0,0,0,0,0,2565.78,3840.65,1383.49,-0.478977
1337,2016-08-30,00:00:00.00,0,0,-6.00278e-16,100.455,0.479124,0,2350.49,0,30.7549,83.4904,0,0,0,0,0,2565.67,3840.65,1383.6,-0.478977
1338,2016-08-31,00:00:00.00,0,0,-6.00278e-16,100.349,0.479124,0,2353.08,0,28.1677,83.4904,0,0,0,0,0,2565.56,3840.65,1383.71,-0.478977
1339,2016-09-01,00:00:00.00,0,0,-6.00278e-16,100.195,0.479124,0,2356.55,0,24.6933,83.4904,0,0,0,0,0,2565.41,3840.65,1383.86,-0.478977
1340,2016-09-02,00:00:00.00,0,0,-6.00278e-16,100.109,0.479124,0,2358.25,0,22.9996,83.4904,0,0,0,0,0,2565.32,3840.65,1383.95,-0.478977
1341,2016-09-03,00:00:00.00,0,0,-6.00278e-16,100.07,0.479124,0,2358.98,0,22.2702,83.4904,0,0,0,0,0,2565.28,3840.65,1383.99,-0.478977
1342,2016-09-04,00:00:00.00,0,0,-6.00278e-16,100.01,0.479124,0,2360.03,0,21.2119,83.4904,0,0,0,0,0,2565.22,3840.65,1384.05,-0.478977
1343,2016-09-05,00:00:00.00,0,0,-6.00278e-16,99.911,0.479124,0,2361.71,0,19.5335,83.4904,0,0,0,0,0,2565.13,3840.65,1384.15,-0.478977
1344,2016-09-06,00:00:00.00,0,0,-6.00278e-16,99.8055,0.479124,0,2363.36,0,17.8871,83.4904,0,0,0,0,0,2565.02,3840.65,1384.25,-0.478977
1345,2016-09-07,00:00:00.00,0,0,-6.00278e-16,99.7,0.479124,0,2364.87,0,16.3794,83.4904,0,0,0,0,0,2564.91,3840.65,1384.36,-0.478977
1346,2016-09-08,00:00:00.00,50.6393,0,-6.88252e-16,100.078,0.962112,0,2368.81,0,52.9091,84.5913,8.09993,0,0,0,0,2615.45,3891.29,1384.46,-0.478977
1347,2016-09-09,00:00:00.00,0.20095,0,-5.95144e-16,100.564,0.662348,0,2377.93,0,48.6411,84.5956,3.07275,0,0,0,0,2615.47,3891.49,1384.64,-0.478977
1348,2016-09-10,00:00:00.00,0,0,-5.28209e-16,100.496,0.480479,0,2385.08,0,44.5409,84.5956,0.0227304,0,0,0,0,2615.22,3891.49,1384.9,-0.478977
1349,2016-09-11,00:00:00.00,1.2057,0,-5.28209e-16,100.277,0.479733,0,2388.89,0,41.928,84.6218,0.0102211,0,0,0,0,2616.2,3892.7,1385.12,-0.478977
1350,2016-09-12,00:00:00.00,0,0,-5.28063e-16,100.148,0.479329,0,2390.88,0,39.9355,84.6218,0.00344534,0,0,0,0,2616.07,3892.7,1385.25,-0.478977
1351,2016-09-13,00:00:00.00,0,0,-5.28063e-16,100.066,0.479124,0,2391.94,0,38.8793,84.6218,1.67375e-06,0,0,0,0,2615.99,3892.7,1385.33,-0.478977
1352,2016-09-14,00:00:00.00,0,0,-5.28063e-16,99.9352,0.479124,0,2395.02,0,35.8028,84.6218,0,0,0,0,0,2615.86,3892.7,1385.46,-0.478977
1353,2016-09-15,00:00:00.00,0,0,-5.28063e-16,99.8337,0.479124,0,2397.48,0,33.3469,84.6218,0,0,0,0,0,2615.76,3892.7,1385.56,-0.478977
1354,2016-09-16,00:00:00.00,0,0,-5.28063e-16,99.8127,0.479124,0,2397.83,0,32.992,84.6218,0,0,0,0,0,2615.74,3892.7,1385.58,-0.478977
1355,2016-09-17,00:00:00.00,2.4114,0,-5.28063e-16,99.7696,0.479124,0,2398.93,0,34.2502,84.6743,0,0,0,0,0,2618.11,3895.11,1385.63,-0.478977
1356,2016-09-18,00:00:00.00,4.82279,0,-5.28063e-16,99.67,0.479124,0,2401.84,0,36.0641,84.7791,0,0,0,0,0,2622.83,3899.93,1385.73,-0.478977
1357,2016-09-19,00:00:00.00,0,0,-5.28063e-16,99.5645,0.479124,0,2404.88,0,33.0241,84.7791,0,0,0,0,0,2622.72,3899.93,1385.83,-0.478977
1358,2016-09-20,00:00:00.00,0,0,-5.28063e-16,99.459,0.479124,0,2407.66,0,30.2404,84.7791,0,0,0,0,0,2622.62,3899.93,1385.94,-0.478977
1359,2016-09-21,00:00:00.00,0,0,-5.28063e-16,99.3535,0.479124,0,2410.21,0,27.6914,84.7791,0,0,0,0,0,2622.51,3899.93,1386.04,-0.478977
1360,2016-09-22,00:00:00.00,0,0,-5.28063e-16,99.2611,0.479124,0,2412.25,0,25.6461,84.7791,0,0,0,0,0,2622.42,3899.93,1386.14,-0.478977
1361,2016-09-23,00:00:00.00,0,0,-5.28063e-16,99.1556,0.479124,0,2414.42,0,23.4843,84.7791,0,0,0,0,0,2622.31,3899.93,1386.24,-0.478977
1362,2016-09-24,00:00:00.00,0,0,-5.28063e-16,99.1225,0.479124,0,2415.04,0,22.8632,84.7791,0,0,0,0,0,2622.28,3899.93,1386.27,-0.478977
1363,2016-09-25,00:00:00.00,0,0,-5.28063e-16,99.1225,0.479124,0,2415.04,0,22.8632,84.7791,0,0,0,0,0,2622.28,3899.93,1386.27,-0.478977
1364,2016-09-26,00:00:00.00,0,0,-5.28063e-16,99.1225,0.479124,0,2415.04,0,22.8632,84.7791,0,0,0,0,0,2622.28,3899.93,1386.27,-0.478977
1365,2016-09-27,00:00:00.00,8.03799,0,-5.28063e-16,99.1225,0.479124,0,2415.24,3.86297e-17,30.5215,84.9538,0,0,0,0,0,2630.32,3907.97,1386.27,-0.478977
1366,2016-09-28,00:00:00.00,0,0,-5.28063e-16,99.1225,0.479124,0,2415.24,0,30.5215,84.9538,0,0,0,0,0,2630.32,3907.97,1386.27,-0.478977
1367,2016-09-29,00:00:00.00,0,0,-5.28063e-16,99.1026,0.479124,0,2415.73,0,30.0359,84.9538,0,0,0,0,0,2630.3,3907.97,1386.29,-0.478977
1368,2016-09-30,00:00:00.00,0.803799,0,-5.28063e-16,99.1026,0.479124,0,2415.75,0,30.8018,84.9713,0,0,0,0,0,2631.1,3908.77,1386.29,-0.478977
1369,2016-10-01,00:00:00.00,2.21045,0,-5.28063e-16,99.0695,0.479124,0,2416.61,0,32.0998,85.0194,0,0,0,0,0,2633.28,3910.98,1386.33,-0.478977
1370,2016-10-02,00:00:00.00,3.61709,0,-5.28063e-16,99.0174,0.479124,0,2418.05,0,34.2004,85.098,0,0,0,0,0,2636.84,3914.6,1386.38,-0.478977
1371,2016-10-03,00:00:00.00,5.62659,0,-5.28063e-16,98.9652,0.479124,0,2419.62,0,38.1345,85.2203,0,0,0,0,0,2642.42,3920.23,1386.43,-0.478977
1372,2016-10-04,00:00:00.00,0,0,-5.28063e-16,98.9131,0.479124,0,2421.21,0,36.5456,85.2203,0,0,0,0,0,2642.37,3920.23,1386.48,-0.478977
1373,2016-10-05,00:00:00.00,0,0,-5.28063e-16,98.8609,0.479124,0,2422.73,0,35.0229,85.2203,0,0,0,0,0,2642.32,3920.23,1386.54,-0.478977
1374,2016-10-06,00:00:00.00,0.401899,0,-5.28063e-16,98.8088,0.479124,0,2424.2,0,33.9463,85.229,0,0,0,0,0,2642.66,3920.63,1386.59,-0.478977
1375,2016-10-07,00:00:00.00,0,0,-5.28063e-16,98.7566,0.479124,0,2425.62,0,32.5319,85.229,0,0,0,0,0,2642.61,3920.63,1386.64,-0.478977
1376,2016-10-08,00:00:00.00,6.63134,0,-5.28063e-16,98.7045,0.479124,0,2427.15,0,37.485,85.3732,0,0,0,0,0,2649.19,3927.26,1386.69,-0.478977
1377,2016-10-09,00:00:00.00,0,0,-5.28063e-16,98.6523,0.479124,0,2428.71,0,35.9231,85.3732,0,0,0,0,0,2649.14,3927.26,1386.74,-0.478977
1378,2016-10-10,00:00:00.00,0.20095,0,-5.28063e-16,98.6352,0.479124,0,2429.21,0,35.6255,85.3776,0,0,0,0,0,2649.32,3927.46,1386.76,-0.478977
1379,2016-10-11,00:00:00.00,0,0,-5.28063e-16,98.6352,0.479124,0,2429.21,0,35.6255,85.3776,0,0,0,0,0,2649.32,3927.46,1386.76,-0.478977
1380,2016-10-12,00:00:00.00,0,0,-5.28063e-16,98.6116,0.479124,0,2429.88,0,34.9527,85.3776,0,0,0,0,0,2649.3,3927.46,1386.78,-0.478977
1381,2016-10-13,00:00:00.00,5.82754,0,-5.28063e-16,98.5594,0.479124,0,2431.48,0,39.0501,85.5043,0,0,0,0,0,2655.08,3933.29,1386.84,-0.478977
1382,2016-10-14,00:00:00.00,0,0,-5.28063e-16,98.5391,0.479124,0,2432.12,0,38.4143,85.5043,0,0,0,0,0,2655.06,3933.29,1386.86,-0.478977
1383,2016-10-15,00:00:00.00,0,0,-5.28063e-16,98.5382,0.479124,0,2432.14,0,38.3891,85.5043,0,0,0,0,0,2655.05,3933.29,1386.86,-0.478977
1384,2016-10-16,00:00:00.00,13.2627,0,-5.28063e-16,98.4861,0.479124,0,2434.03,0,49.4789,85.7926,0,0,0,0,0,2668.26,3946.55,1386.91,-0.478977
1385,2016-10-17,00:00:00.00,2.8133,0,-5.28063e-16,98.434,0.479124,0,2436.13,0,50.1275,85.8537,0,0,0,0,0,2671.03,3949.36,1386.96,-0.478977
1386,2016-10-18,00:00:00.00,0,0,-5.28063e-16,98.3818,0.479124,0,2438.22,0,48.0388,85.8537,0,0,0,0,0,2670.97,3949.36,1387.01,-0.478977
1387,2016-10-19,00:00:00.00,4.01899,0,-5.28063e-16,98.3297,0.479124,0,2440.29,0,49.9055,85.9411,0,0,0,0,0,2674.94,3953.38,1387.07,-0.478977
1388,2016-10-20,00:00:00.00,4.01899,0,-5.28063e-16,98.2775,0.479124,0,2442.42,0,51.6999,86.0285,0,0,0,0,0,2678.91,3957.4,1387.12,-0.478977
1389,2016-10-21,00:00:00.00,13.3632,0,-5.26363e-16,98.2602,0.51393,0,2444.72,0,61.8187,86.319,0.583716,0,0,0,0,2692.22,3970.77,1387.17,-0.478977
1390,2016-10-22,00:00:00.00,2.21045,0,-5.17318e-16,98.3041,0.495571,0,2445.32,0,63.6566,86.367,0.275817,0,0,0,0,2694.42,3972.98,1387.18,-0.478977
1391,2016-10-23,00:00:00.00,0,0,-5.21324e-16,98.3352,0.493818,0,2445.32,0,63.6566,86.367,0.246429,0,0,0,0,2694.42,3972.98,1387.18,-0.478977
1392,2016-10-24,00:00:00.00,0,0,-5.23122e-16,98.3631,0.492252,0,2445.32,0,63.6566,86.367,0.220172,0,0,0,0,2694.42,3972.98,1387.18,-0.478977
1393,2016-10-25,00:00:00.00,0,0,-5.24077e-16,98.3879,0.490854,0,2445.32,0,63.6566,86.367,0.196712,0,0,0,0,2694.42,3972.98,1387.18,-0.478977
1394,2016-10-26,00:00:00.00,0,0,-5.26076e-16,98.4101,0.489604,0,2445.32,0,63.6566,86.367,0.175753,0,0,0,0,2694.42,3972.98,1387.18,-0.478977
1395,2016-10-27,00:00:00.00,0,0,-5.23755e-16,98.43,0.488487,0,2445.32,0,63.6566,86.367,0.157026,0,0,0,0,2694.42,3972.98,1387.18,-0.478977
1396,2016-10-28,00:00:00.00,3.41614,0,-5.24491e-16,98.4477,0.487489,0,2445.41,0,66.9114,86.4413,0.140295,0,0,0,0,2697.84,3976.39,1387.18,-0.478977
1397,2016-10-29,00:00:00.00,0.502374,0,-5.26708e-16,98.4635,0.486598,0,2445.42,0,67.3901,86.4522,0.125346,0,0,0,0,2698.34,3976.89,1387.18,-0.478977
1398,2016-10-30,00:00:00.00,0,0,-5.26054e-16,98.4189,0.479124,0,2447.85,0,65.0863,86.4522,0,0,0,0,0,2698.29,3976.89,1387.23,-0.478977
1399,2016-10-31,00:00:00.00,0.703324,0,-5.26054e-16,98.4189,0.479124,0,2447.87,0,65.7564,86.4675,0,0,0,0,0,2698.99,3977.6,1387.23,-0.478977
1400,2016-11-01,00:00:00.00,0,0,-5.26054e-16,98.4189,0.479124,0,2447.87,0,65.7564,86.4675,0,0,0,0,0,2698.99,3977.6,1387.23,-0.478977
1401,2016-11-02,00:00:00.00,0,0,-5.26054e-16,98.4006,0.479124,0,2448.67,0,64.9517,86.4675,0,0,0,0,0,2698.97,3977.6,1387.25,-0.478977
1402,2016-11-03,00:00:00.00,21.5016,0,-5.80304e-16,98.9209,1.0491,0,2449.8,0,74.1606,86.9349,9.55874,0,0,0,0,2720.42,3999.1,1387.3,-0.478977
1403,2016-11-04,00:00:00.00,0.401899,0,-3.24224e-16,99.6815,0.945502,0,2451.41,0,73.7492,86.9436,7.82137,0,0,0,0,2720.55,3999.5,1387.57,-0.478977
1404,2016-11-05,00:00:00.00,0,0,-4.2193e-16,99.9564,0.852942,0,2453.02,0,72.9446,86.9436,6.26911,0,0,0,0,2719.99,3999.5,1388.14,-0.478977
1405,2016-11-06,00:00:00.00,0,0,-3.57048e-16,99.9632,0.770246,0,2454.63,0,72.1399,86.9436,4.88224,0,0,0,0,2719.33,3999.5,1388.8,-0.478977
1406,2016-11-07,00:00:00.00,0,0,-2.5148e-16,99.8599,0.69636,0,2456.24,0,71.3353,86.9436,3.64315,0,0,0,0,2718.72,3999.5,1389.41,-0.478977
1407,2016-11-08,00:00:00.00,0,0,-3.36009e-16,99.7124,0.630347,0,2457.85,0,70.5307,86.9436,2.53608,0,0,0,0,2718.2,3999.5,1389.93,-0.478977
1408,2016-11-09,00:00:00.00,0.602849,0,-3.81967e-16,99.5462,0.571368,0,2459.46,0,70.3158,86.9567,1.54697,0,0,0,0,2718.39,4000.1,1390.33,-0.478977
1409,2016-11-10,00:00:00.00,0.20095,0,-3.46511e-16,99.3741,0.521568,0,2461.01,0,69.7078,86.9611,0.711812,0,0,0,0,2718.29,4000.31,1390.64,-0.478977
1410,2016-11-11,00:00:00.00,0.20095,0,-3.449e-16,99.2022,0.481357,0,2462.49,0,69.0997,86.9655,0.0374542,0,0,0,0,2718.27,4000.51,1390.86,-0.478977
1411,2016-11-12,00:00:00.00,0,0,-3.45338e-16,99.0654,0.479124,0,2463.12,0,68.5035,86.9655,0,0,0,0,0,2718.13,4000.51,1391,-0.478977
1412,2016-11-13,00:00:00.00,0,0,-3.45338e-16,98.9759,0.479124,0,2463.41,0,68.209,86.9655,0,0,0,0,0,2718.04,4000.51,1391.09,-0.478977
1413,2016-11-14,00:00:00.00,0,0,-3.45338e-16,98.8967,0.479124,0,2464.22,0,67.4044,86.9655,0,0,0,0,0,2717.96,4000.51,1391.17,-0.478977
1414,2016-11-15,00:00:00.00,0,0,-3.45338e-16,98.8343,0.479124,0,2465.02,0,66.5998,86.9655,0,0,0,0,0,2717.9,4000.51,1391.23,-0.478977
1415,2016-11-16,00:00:00.00,0.602849,0,-3.45338e-16,98.7846,0.479124,0,2465.83,0,66.3849,86.9786,0,0,0,0,0,2718.45,4001.11,1391.28,-0.478977
1416,2016-11-17,00:00:00.00,0.401899,0,-3.45338e-16,98.7443,0.479124,0,2466.63,0,65.9734,86.9873,0,0,0,0,0,2718.82,4001.51,1391.32,-0.478977
1417,2016-11-18,00:00:00.00,0,0,-3.45338e-16,98.7111,0.479124,0,2467.44,0,65.1688,86.9873,0,0,0,0,0,2718.78,4001.51,1391.35,-0.478977
1418,2016-11-19,00:00:00.00,0.401899,0,-3.45338e-16,98.6831,0.479124,0,2468.24,0,64.7574,86.9961,0,0,0,0,0,2719.16,4001.91,1391.38,-0.478977
1419,2016-11-20,00:00:00.00,13.6646,1.00475,-3.77914e-16,98.8994,0.752384,0,2469.26,0,72.9628,87.3149,4.5827,0,0,0,0,2733.77,4016.58,1391.44,-0.478977
1420,2016-11-21,00:00:00.00,0,0,-3.58771e-16,99.2681,0.723268,0,2469.26,0,72.9628,87.3149,4.09441,0,0,0,0,2733.62,4016.58,1391.59,-0.478977
1421,2016-11-22,00:00:00.00,0,0,-4.20855e-16,99.4546,0.697255,0,2469.26,0,72.9628,87.3149,3.65815,0,0,0,0,2733.34,4016.58,1391.86,-0.478977
1422,2016-11-23,00:00:00.00,0,0,-5.73552e-16,99.5245,0.674013,0,2469.26,0,72.9628,87.3149,3.26837,0,0,0,0,2733,4016.58,1392.2,-0.478977
1423,2016-11-24,00:00:00.00,0,6.02849,-5.95902e-16,99.5334,0.653247,0,2469.46,0,72.9628,87.446,2.92013,0,5.69416,0,0,2738.67,4022.61,1392.56,-0.478977
1424,2016-11-25,00:00:00.00,2.11931,0.894933,-6.54715e-16,99.5091,0.629722,0,2469.64,0,76.2136,87.5115,2.5256,0.178074,5.12637,0,0,2741.34,4025.63,1392.91,-0.478977
1425,2016-11-26,00:00:00.00,0.401899,0.803799,-6.30809e-16,99.4937,0.653297,0,2470.63,0,80.5164,87.5377,2.92096,0.0149798,0.431237,0,0,2742.2,4026.83,1393.25,-0.478977
1426,2016-11-27,00:00:00.00,0.401899,0.401899,-5.8058e-16,99.4739,0.611012,0,2471.52,0,81.1828,87.5552,2.21182,0.00405207,0.11665,0,0,2742.68,4027.63,1393.58,-0.478977
1427,2016-11-28,00:00:00.00,0,0,-5.51953e-16,99.4019,0.573269,0,2472.41,0,80.8582,87.5552,1.57886,0,0,0,0,2742.38,4027.63,1393.88,-0.478977
1428,2016-11-29,00:00:00.00,6.83229,0,-5.77458e-16,99.3929,0.657779,0,2473.76,0,84.4198,87.7037,2.99614,0,0,0,0,2748.93,4034.47,1394.16,-0.478977
1429,2016-11-30,00:00:00.00,0.401899,0,-5.60725e-16,99.4022,0.595877,0,2475.37,0,84.0084,87.7125,1.95801,0,0,0,0,2749.05,4034.87,1394.45,-0.478977
1430,2016-12-01,00:00:00.00,10.6503,0,-5.24026e-16,99.5798,0.885436,0,2477.06,0,87.073,87.944,6.81405,0,0,0,0,2759.35,4045.52,1394.79,-0.478977
1431,2016-12-02,00:00:00.00,2.61235,0,-5.66257e-16,99.855,0.825891,0,2477.7,0,89.2933,88.0008,5.81545,0,0,0,0,2761.49,4048.13,1395.27,-0.478977
1432,2016-12-03,00:00:00.00,1.14915,0.0565488,-6.86117e-16,99.9132,0.772161,0,2478.33,0,90.1577,88.027,4.91436,0,0,0,0,2762.11,4049.34,1395.85,-0.478977
1433,2016-12-04,00:00:00.00,0,0,-6.20619e-16,99.875,0.724155,0,2478.96,0,89.8427,88.027,4.10928,0,0,0,0,2761.53,4049.34,1396.43,-0.478977
1434,2016-12-05,00:00:00.00,0,9.04274,-6.54179e-16,99.7982,0.681264,0,2479.59,0,90.9062,88.2236,3.38998,0.250647,7.21557,0,0,2770.05,4058.38,1396.95,-0.478977
1435,2016-12-06,00:00:00.00,0,0,-6.9755e-16,99.9022,0.905853,0,2480.22,0,92.5249,88.2236,7.15645,0.0200631,0.577573,0,0,2769.53,4058.38,1397.48,-0.478977
1436,2016-12-07,00:00:00.00,0,0,-4.95753e-16,100.074,0.843602,0,2480.85,0,92.21,88.2236,6.11247,0,0.597636,0,0,2768.91,4058.38,1398.09,-0.478977
1437,2016-12-08,00:00:00.00,0,0,-3.86124e-16,100.071,0.787985,0,2481.48,0,91.9086,88.2236,5.17973,0.0196061,0.564416,0,0,2768.23,4058.38,1398.77,-0.478977
1438,2016-12-09,00:00:00.00,0,2.0095,-4.22428e-16,100.011,0.747376,0,2481.7,0,91.9029,88.2672,4.49872,0,2.48208,0,0,2769.61,4060.39,1399.41,-0.478977
1439,2016-12-10,00:00:00.00,0,1.00475,-4.61205e-16,99.9457,0.718794,0,2481.73,0,91.9029,88.2891,4.01938,0,3.4311,0,0,2770.04,4061.39,1399.98,-0.478977
1440,2016-12-11,00:00:00.00,0,1.80855,-4.22822e-16,99.8832,0.693257,0,2481.79,0,91.9029,88.3284,3.59111,0,5.13935,0,0,2771.33,4063.2,1400.5,-0.478977
1441,2016-12-12,00:00:00.00,0,16.076,-3.12165e-16,99.8223,0.670441,0,2482.33,0,91.9029,88.6779,3.20848,0,20.3238,0,0,2786.94,4079.28,1400.96,-0.478977
1442,2016-12-13,00:00:00.00,0,1.00475,-3.65072e-16,99.7487,0.636064,0,2482.65,0,91.882,88.6997,2.63195,0,21.2728,0,0,2787.52,4080.28,1401.39,-0.478977
1443,2016-12-14,00:00:00.00,0,3.01425,-3.44624e-16,99.6815,0.619342,0,2482.75,0,91.882,88.7652,2.35152,0,24.1199,0,0,2790.17,4083.3,1401.75,-0.478977
1444,2016-12-15,00:00:00.00,0,14.0665,-3.91387e-16,99.6279,0.604401,0,2483.23,0,91.882,89.071,2.10096,0,37.4063,0,0,2803.92,4097.36,1402.07,-0.478977
1445,2016-12-16,00:00:00.00,0,28.133,-3.52637e-16,99.5811,0.591053,0,2483.9,0,91.882,89.6826,1.8771,0,64.2533,0,0,2831.77,4125.5,1402.35,-0.478977
1446,2016-12-17,00:00:00.00,0,14.4684,-2.58188e-16,99.5367,0.579127,0,2484.39,0,91.882,89.9971,1.6771,0,77.9192,0,0,2845.98,4139.97,1402.61,-0.478977
1447,2016-12-18,00:00:00.00,0,1.00475,-2.4751e-16,99.4947,0.568472,0,2484.42,0,91.882,90.019,1.4984,0,78.8683,0,0,2846.75,4140.97,1402.84,-0.478977
1448,2016-12-19,00:00:00.00,0,0.602849,-2.39909e-16,99.4558,0.558952,0,2484.44,0,91.882,90.0321,1.33875,0,79.4377,0,0,2847.15,4141.57,1403.05,-0.478977
1449,2016-12-20,00:00:00.00,0,0,-2.63923e-16,99.4203,0.550446,0,2484.44,0,91.882,90.0321,1.1961,0,79.4377,0,0,2846.96,4141.57,1403.24,-0.478977
1450,2016-12-21,00:00:00.00,0,0,-2.54771e-16,99.3882,0.542846,0,2484.44,0,91.882,90.0321,1.06866,0,79.4377,0,0,2846.79,4141.57,1403.4,-0.478977
1451,2016-12-22,00:00:00.00,0,1.80855,-2.44592e-16,99.3592,0.536057,0,2484.5,0,91.882,90.0714,0.954791,0,81.1459,0,0,2848.45,4143.38,1403.55,-0.478977
1452,2016-12-23,00:00:00.00,0,0,-2.57524e-16,99.318,0.517548,0,2484.78,0,91.8349,90.0714,0.644384,0,81.1459,0,0,2848.32,4143.38,1403.69,-0.478977
1453,2016-12-24,00:00:00.00,0,3.01425,-2.61685e-16,99.2711,0.506919,0,2485.01,0,91.8294,90.1369,0.466136,0,83.993,0,0,2851.22,4146.4,1403.8,-0.478977
1454,2016-12-25,00:00:00.00,0.0659313,0.135018,-2.58319e-16,99.2112,0.489716,0,2485.34,0,91.7739,90.1413,0.177638,0.0627793,84.1206,0,0,2851.32,4146.6,1403.9,-0.478977
1455,2016-12-26,00:00:00.00,0,3.01425,-2.58941e-16,99.1421,0.479124,0,2485.63,0,91.7634,90.2068,0,0,87.0304,0,0,2854.25,4149.61,1403.98,-0.478977
1456,2016-12-27,00:00:00.00,27.1282,0,-1.72559e-16,100.122,1.799,0,2486.15,0,94.1208,90.7965,22.135,2.88443,83.0363,0,0,2881.04,4176.74,1404.32,-0.478977
1457,2016-12-28,00:00:00.00,0,0.20095,-4.88769e-16,101.428,1.64647,0,2486.42,0,94.0835,90.8009,19.577,4.3461e-06,86.1105,0,0,2880.06,4176.94,1405.5,-0.478977
1458,2016-12-29,00:00:00.00,0,10.4494,-2.6536e-17,101.747,1.51544,0,2486.9,0,94.0804,91.0281,17.3795,0,95.9804,0,0,2888.63,4187.39,1407.39,-0.478977
1459,2016-12-30,00:00:00.00,0,16.076,-2.49905e-16,101.731,1.39103,0,2487.71,0,94.0726,91.3775,15.2931,0,111.165,0,0,2902.74,4203.47,1409.35,-0.478977
1460,2016-12-31,00:00:00.00,0,7.63609,-1.55455e-17,101.641,1.29387,0,2487.97,0,94.0726,91.5435,13.6636,0,118.377,0,0,2908.56,4211.1,1411.17,-0.478977
1461,2017-01-01,00:00:00.00,0,7.03324,1.09711e-16,101.534,1.19831,0,2488.37,0,94.0671,91.6964,12.061,0,125.021,0,0,2913.95,4218.13,1412.81,-0.478977
1462,2017-01-02,00:00:00.00,0,0,-2.66441e-17,101.423,1.11288,0,2488.57,0,94.0351,91.6964,10.6284,0,125.021,0,0,2912.49,4218.13,1414.27,-0.478977
1463,2017-01-03,00:00:00.00,0,10.0475,-9.41504e-17,101.312,1.03656,0,2489.08,0,94.0302,91.9148,9.34845,0,134.511,0,0,2921.23,4228.18,1415.57,-0.478977
1464,2017-01-04,00:00:00.00,7.43514,0,-2.88988e-16,101.48,1.37047,0,2489.44,0,95.2706,92.0765,14.9483,4.45823,128.343,0,0,2927.39,4235.62,1416.85,-0.478977
1465,2017-01-05,00:00:00.00,0,1.00475,-6.83117e-16,101.723,1.2667,0,2489.65,0,95.2638,92.0983,13.2081,0,133.75,0,0,2926.96,4236.62,1418.29,-0.478977
1466,2017-01-06,00:00:00.00,0,1.00475,-8.23628e-16,101.717,1.18279,0,2489.68,0,95.2638,92.1201,11.8008,0,134.699,0,0,2926.46,4237.63,1419.79,-0.478977
1467,2017-01-07,00:00:00.00,0,0,-6.10669e-16,101.643,1.10781,0,2489.68,0,95.2638,92.1201,10.5434,0,134.699,0,0,2925.06,4237.63,1421.19,-0.478977
1468,2017-01-08,00:00:00.00,0,1.80855,-4.96386e-16,101.554,1.04082,0,2489.74,0,95.2638,92.1595,9.41998,0,136.407,0,0,2925.59,4239.44,1422.47,-0.478977
1469,2017-01-09,00:00:00.00,0,0.602849,-4.90816e-16,101.465,0.980975,0,2489.76,0,95.2638,92.1726,8.41628,0,136.977,0,0,2925.04,4240.04,1423.63,-0.478977
1470,2017-01-10,00:00:00.00,0,4.62184,-4.22759e-16,101.378,0.927503,0,2489.92,0,95.2638,92.273,7.51952,0,141.342,0,0,2928.62,4244.66,1424.66,-0.478977
1471,2017-01-11,00:00:00.00,0,21.3007,-1.68355e-16,101.287,0.870932,0,2490.76,0,95.2609,92.7361,6.5708,0,161.505,0,0,2948.99,4265.96,1425.59,-0.478977
1472,2017-01-12,00:00:00.00,23.5111,0,-2.99742e-16,102.012,2.0076,0,2491.43,0,96.4979,93.2472,25.6332,5.38725,155.087,0,0,2971.31,4289.47,1426.79,-0.478977
1473,2017-01-13,00:00:00.00,1.80855,0,-2.36528e-17,103.079,2.0883,0,2491.65,0,97.1437,93.2865,26.9866,5.26417,151.544,0,0,2971.04,4291.28,1428.86,-0.478977
1474,2017-01-14,00:00:00.00,0,0,8.09075e-16,103.374,1.91203,0,2491.76,0,97.1262,93.2865,24.0306,0,156.808,0,0,2968.3,4291.28,1431.61,-0.478977
1475,2017-01-15,00:00:00.00,0,0,2.99302e-16,103.32,1.75936,0,2491.76,0,97.1262,93.2865,21.4701,0,156.808,0,0,2965.53,4291.28,1434.37,-0.478977
1476,2017-01-16,00:00:00.00,0,0,8.59224e-16,103.196,1.61539,0,2491.93,0,97.0988,93.2865,19.0557,0,156.808,0,0,2962.99,4291.28,1436.92,-0.478977
1477,2017-01-17,00:00:00.00,0,3.41614,7.49265e-16,103.059,1.48732,0,2492.18,0,97.0939,93.3608,16.9079,0,160.035,0,0,2964.12,4294.7,1439.2,-0.478977
1478,2017-01-18,00:00:00.00,0,10.0475,8.31901e-16,102.924,1.3711,0,2492.69,0,97.089,93.5792,14.9588,0,169.525,0,0,2972.14,4304.74,1441.23,-0.478977
1479,2017-01-19,00:00:00.00,1.40665,0,6.05134e-16,102.794,1.27138,0,2492.9,0,97.4547,93.6098,13.2865,5.3436,165.072,0,0,2971.73,4306.15,1443.05,-0.478977
1480,2017-01-20,00:00:00.00,0.141287,0.0596622,2.69122e-16,102.712,1.24134,0,2493.09,0,97.7513,93.6141,12.7828,5.3944,163.702,0,0,2970.29,4306.35,1444.68,-0.478977
1481,2017-01-21,00:00:00.00,0.904274,0,5.01271e-16,102.788,1.37167,0,2493.29,0,98.0548,93.6338,14.9685,5.55621,159.951,0,0,2969.62,4307.26,1446.26,-0.478977
1482,2017-01-22,00:00:00.00,0,0,5.74401e-17,103.263,1.88541,0,2493.49,0,98.39,93.6338,23.584,5.15469,148.392,0,0,2967.79,4307.26,1448.09,-0.478977
1483,2017-01-23,00:00:00.00,1.00475,0,-4.6867e-16,104.03,2.31868,0,2493.69,0,98.6636,93.6556,30.8502,4.80434,138.306,0,0,2966.32,4308.26,1450.56,-0.478977
1484,2017-01-24,00:00:00.00,0,0,-3.47474e-16,104.766,2.7062,0,2493.89,0,98.8557,93.6556,37.3491,4.42357,127.345,0,0,2962.99,4308.26,1453.89,-0.478977
1485,2017-01-25,00:00:00.00,0,0,-2.04861e-15,105.09,2.49097,0,2494.09,0,98.9561,93.6556,33.7396,4.39968,126.657,0,0,2959.07,4308.26,1457.81,-0.478977
1486,2017-01-26,00:00:00.00,1.80855,0.401899,-2.64914e-15,105.153,2.56709,0,2494.32,0,99.0893,93.7037,35.0162,4.27698,123.125,0,0,2957.25,4310.47,1461.85,-0.478977
1487,2017-01-27,00:00:00.00,1.33125,3.29059,-2.87734e-15,105.272,2.51994,0,2494.63,0,99.1913,93.8042,34.2254,4.30426,123.91,0,0,2957.86,4315.09,1465.86,-0.478977
1488,2017-01-28,00:00:00.00,0,4.62184,-2.86353e-15,105.223,2.29369,0,2494.96,0,99.1853,93.9046,30.4312,0.321124,132.259,0,0,2958.58,4319.71,1469.76,-0.478977
1489,2017-01-29,00:00:00.00,0,6.02849,-2.34595e-15,105.046,2.09155,0,2495.33,0,99.1795,94.0357,27.0412,0,138.274,0,0,2961,4325.74,1473.36,-0.478977
1490,2017-01-30,00:00:00.00,0,0,-1.18631e-15,104.861,1.91439,0,2495.45,0,99.1601,94.0357,24.0701,0,138.274,0,0,2957.77,4325.74,1476.6,-0.478977
1491,2017-01-31,00:00:00.00,0,1.00475,-1.32277e-15,104.69,1.76146,0,2495.49,0,99.1601,94.0575,21.5054,0,139.223,0,0,2955.89,4326.75,1479.49,-0.478977
1492,2017-02-01,00:00:00.00,0,2.61235,-1.64367e-15,104.529,1.62167,0,2495.64,0,99.1581,94.1143,19.1611,0,141.691,0,0,2955.91,4329.36,1482.07,-0.478977
1493,2017-02-02,00:00:00.00,0,3.01425,-1.36955e-15,104.364,1.48639,0,2496,0,99.1479,94.1798,16.8923,0,144.538,0,0,2956.61,4332.37,1484.39,-0.478977
1494,2017-02-03,00:00:00.00,0,0,-1.67831e-15,104.206,1.37128,0,2496.18,0,99.1196,94.1798,14.9619,0,144.538,0,0,2954.55,4332.37,1486.44,-0.478977
1495,2017-02-04,00:00:00.00,0,3.01425,-2.33796e-15,104.066,1.27622,0,2496.28,0,99.1196,94.2454,13.3677,0,147.385,0,0,2955.74,4335.39,1488.27,-0.478977
1496,2017-02-05,00:00:00.00,0,0.401899,-2.47072e-15,103.936,1.18689,0,2496.38,0,99.1156,94.2541,11.8696,0,147.764,0,0,2954.51,4335.79,1489.91,-0.478977
1497,2017-02-06,00:00:00.00,0,1.40665,-2.50021e-15,103.801,1.09793,0,2496.69,0,99.1051,94.2847,10.3777,0,149.093,0,0,2954.45,4337.2,1491.37,-0.478977
1498,2017-02-07,00:00:00.00,0,0,-2.06184e-15,103.665,1.01845,0,2497,0,99.0559,94.2847,9.04475,0,149.093,0,0,2953.16,4337.2,1492.66,-0.478977
1499,2017-02-08,00:00:00.00,7.9121,3.34108,-2.12972e-15,103.676,1.15451,0,2497.57,0,99.1625,94.5293,11.3265,5.22982,150.555,0,0,2963.21,4348.45,1493.87,-0.478977
1500,2017-02-09,00:00:00.00,0,0,-2.40357e-15,103.731,1.069,0,2497.88,0,99.1132,94.5293,9.89248,0,155.785,0,0,2962,4348.45,1495.08,-0.478977
1501,2017-02-10,00:00:00.00,0,0,-2.42246e-15,103.673,1.00615,0,2497.88,0,99.1132,94.5293,8.83843,0,155.785,0,0,2960.82,4348.45,1496.25,-0.478977
1502,2017-02-11,00:00:00.00,0,5.02374,-2.65679e-15,103.581,0.943057,0,2498.18,0,99.1088,94.6385,7.78037,0,160.53,0,0,2964.76,4353.47,1497.34,-0.478977
1503,2017-02-12,00:00:00.00,0,9.04274,-2.81184e-15,103.471,0.880077,0,2498.75,0,99.0998,94.8351,6.72417,0,169.071,0,0,2972.83,4362.52,1498.31,-0.478977
1504,2017-02-13,00:00:00.00,0,14.0665,-2.92772e-15,103.356,0.823808,0,2499.49,0,99.092,95.1409,5.78051,0,182.358,0,0,2986.04,4376.58,1499.17,-0.478977
1505,2017-02-14,00:00:00.00,0,0,-2.79583e-15,103.242,0.773534,0,2499.79,0,99.0427,95.1409,4.9374,0,182.358,0,0,2985.28,4376.58,1499.92,-0.478977
1506,2017-02-15,00:00:00.00,0,0,-2.76452e-15,103.131,0.728617,0,2500.09,0,98.9935,95.1409,4.18412,0,182.358,0,0,2984.63,4376.58,1500.58,-0.478977
1507,2017-02-16,00:00:00.00,0,0,-2.7599e-15,103.025,0.688486,0,2500.4,0,98.9442,95.1409,3.51111,0,182.358,0,0,2984.06,4376.58,1501.14,-0.478977
1508,2017-02-17,00:00:00.00,0,0,-2.64329e-15,102.938,0.666016,0,2500.4,0,98.9436,95.1409,3.13427,0,182.358,0,0,2983.58,4376.58,1501.63,-0.478977
1509,2017-02-18,00:00:00.00,0,0,-2.61084e-15,102.857,0.637473,0,2500.59,0,98.9122,95.1409,2.65559,0,182.358,0,0,2983.15,4376.58,1502.05,-0.478977
1510,2017-02-19,00:00:00.00,0,0,-2.66792e-15,102.952,0.845801,0,2500.86,0,98.9343,95.1409,6.14934,5.53978,172.298,0,0,2982.72,4376.58,1502.48,-0.478977
1511,2017-02-20,00:00:00.00,0,0,-2.77918e-15,103.692,1.60731,0,2501.13,0,99.0481,95.1409,18.9203,5.45295,156.978,0,0,2981.97,4376.58,1503.24,-0.478977
1512,2017-02-21,00:00:00.00,0,0,-3.75867e-15,104.555,1.68876,0,2501.43,0,99.1222,95.1409,20.2861,5.3132,152.955,0,0,2980.49,4376.58,1504.71,-0.478977
1513,2017-02-22,00:00:00.00,7.03324,0,-4.59449e-15,105.353,2.41103,0,2501.88,0,99.2343,95.2938,32.399,4.98918,143.628,0,0,2985.18,4383.62,1507.06,-0.478977
1514,2017-02-23,00:00:00.00,2.0095,0,-3.89387e-15,106.884,3.86276,0,2502.19,0,99.3324,95.3374,56.7451,3.99678,115.058,0,0,2983.41,4385.63,1510.84,-0.478977
1515,2017-02-24,00:00:00.00,3.21519,0,-4.11807e-15,110.947,9.40566,0,2502.54,0,99.4189,95.4073,89.2679,2.39667,68.995,0,0,2978.38,4388.84,1519.09,-0.478977
1516,2017-02-25,00:00:00.00,13.2627,0,-8.33418e-15,113.114,7.37938,0,2503.14,0,99.4756,95.6957,115.72,1.45882,41.9962,0,0,2977.98,4402.1,1532.75,-0.478977
1517,2017-02-26,00:00:00.00,0,1.00475,-8.89936e-15,112.308,7.04209,0,2503.45,0,99.4911,95.7175,110.064,1.23022,35.4154,0,0,2964.71,4403.11,1547.02,-0.478977
1518,2017-02-27,00:00:00.00,0,0,-9.42386e-15,112.242,6.32926,0,2503.75,0,99.4419,95.7175,98.1094,0.0612921,36.5843,0,0,2952.24,4403.11,1559.5,-0.478977
1519,2017-02-28,00:00:00.00,0,0,-1.11046e-14,112.118,6.06505,0,2504.05,0,99.4074,95.7175,93.6785,0.738674,28.8969,0,0,2940.68,4403.11,1571.06,-0.478977
1520,2017-03-01,00:00:00.00,29.4391,0,-1.20565e-14,113.001,7.39086,0,2504.96,0,99.3584,96.3575,115.913,0.722393,20.7961,0,0,2958.5,4432.55,1582.67,-0.478977
1521,2017-03-02,00:00:00.00,0.602849,0,-1.22842e-14,113.737,6.76239,0,2506.72,0,98.7139,96.3706,105.373,0.636796,18.332,0,0,2946.64,4433.15,1595.13,-0.478977
1522,2017-03-03,00:00:00.00,0,2.4114,-1.33618e-14,113.546,6.09291,0,2506.8,0,98.7139,96.423,94.1457,0,21.2464,0,0,2936.97,4435.56,1607.22,-0.478977
1523,2017-03-04,00:00:00.00,0,1.00475,-1.32416e-14,113.347,5.49476,0,2506.83,0,98.7139,96.4448,84.1145,0,22.1955,0,0,2927.14,4436.57,1618.05,-0.478977
1524,2017-03-05,00:00:00.00,0,0,-1.47775e-14,113.15,4.96034,0,2506.83,0,98.7139,96.4448,75.152,0,22.1955,0,0,2917.45,4436.57,1627.74,-0.478977
1525,2017-03-06,00:00:00.00,0,0,-1.81892e-14,112.954,4.48286,0,2506.83,0,98.7139,96.4448,67.1446,0,22.1955,0,0,2908.77,4436.57,1636.42,-0.478977
1526,2017-03-07,00:00:00.00,13.8655,0,-1.83687e-14,113.167,4.83713,0,2508.77,0,98.3737,96.7462,73.0857,0.654992,18.8558,0,0,2914.49,4450.43,1644.57,-0.478977
1527,2017-03-08,00:00:00.00,1.10522,0,-2.11183e-14,113.473,4.49184,0,2510.52,0,97.93,96.7703,67.2952,0.57217,16.4715,0,0,2907.53,4451.54,1652.63,-0.478977
1528,2017-03-09,00:00:00.00,0,0,-2.1826e-14,113.388,4.06892,0,2512.28,0,97.1174,96.7703,60.2025,0.53754,15.4746,0,0,2899.84,4451.54,1660.32,-0.478977
1529,2017-03-10,00:00:00.00,0,0,-1.97427e-14,113.241,3.66274,0,2513.17,0,96.6728,96.7703,53.3906,0.0120807,16.0001,0,0,2892.92,4451.54,1667.24,-0.478977
1530,2017-03-11,00:00:00.00,0,3.61709,-2.09539e-14,113.097,3.32352,0,2513.29,0,96.6728,96.8489,47.7018,0,19.4286,0,0,2890.36,4455.15,1673.42,-0.478977
1531,2017-03-12,00:00:00.00,0,1.00475,-2.08917e-14,112.958,3.02045,0,2513.32,0,96.6728,96.8707,42.6192,0,20.3777,0,0,2885.84,4456.16,1678.94,-0.478977
1532,2017-03-13,00:00:00.00,0,0,-2.16406e-14,112.814,2.74967,0,2513.32,0,96.6728,96.8707,38.0781,0,20.3777,0,0,2880.89,4456.16,1683.9,-0.478977
1533,2017-03-14,00:00:00.00,0,2.4114,-2.16269e-14,112.666,2.50774,0,2513.41,0,96.6728,96.9232,34.0209,0,22.6553,0,0,2878.85,4458.57,1688.34,-0.478977
1534,2017-03-15,00:00:00.00,0,0,-2.13238e-14,112.512,2.29159,0,2513.41,0,96.6728,96.9232,30.3959,0,22.6553,0,0,2874.86,4458.57,1692.34,-0.478977
1535,2017-03-16,00:00:00.00,0,0,-2.18224e-14,112.353,2.09847,0,2513.41,0,96.6728,96.9232,27.1572,0,22.6553,0,0,2871.27,4458.57,1695.93,-0.478977
1536,2017-03-17,00:00:00.00,0,0,-2.23916e-14,112.19,1.92593,0,2513.41,0,96.6728,96.9232,24.2636,0,22.6553,0,0,2868.04,4458.57,1699.16,-0.478977
1537,2017-03-18,00:00:00.00,0,2.0095,-2.31594e-14,112.011,1.75686,0,2513.77,0,96.6613,96.9669,21.4283,0,24.5534,0,0,2867.14,4460.58,1702.06,-0.478977
1538,2017-03-19,00:00:00.00,0,0,-2.27335e-14,111.801,1.58533,0,2514.56,0,96.5327,96.9669,18.5516,0,24.5534,0,0,2864.55,4460.58,1704.66,-0.478977
1539,2017-03-20,00:00:00.00,0,0,-2.20972e-14,111.789,1.77964,0,2516.32,0,96.4033,96.9669,21.8102,0.569685,16.4963,0,0,2862.13,4460.58,1707.07,-0.478977
1540,2017-03-21,00:00:00.00,2.0095,0,-2.19301e-14,111.868,1.68665,0,2518.07,0,96.3646,97.0105,20.2508,0.552493,15.9051,0,0,2861.71,4462.59,1709.5,-0.478977
1541,2017-03-22,00:00:00.00,0,0,-2.14824e-14,111.781,1.57443,0,2519.83,0,95.6227,97.0105,18.3687,0.508051,14.6257,0,0,2859.32,4462.59,1711.89,-0.478977
1542,2017-03-23,00:00:00.00,0,0,-2.15477e-14,111.656,1.45772,0,2519.83,0,95.6227,97.0105,16.4115,0,15.1337,0,0,2857.12,4462.59,1714.09,-0.478977
1543,2017-03-24,00:00:00.00,0,7.53561,-2.1889e-14,111.512,1.35345,0,2520.08,0,95.6227,97.1743,14.6629,0,22.2514,0,0,2862.66,4470.13,1716.09,-0.478977
1544,2017-03-25,00:00:00.00,5.02374,0,-2.14342e-14,111.703,1.80636,0,2521.84,0,95.9624,97.2836,22.2584,0.497484,14.3215,0,0,2865.67,4475.15,1718.1,-0.478977
1545,2017-03-26,00:00:00.00,4.97965,0.245045,-2.05355e-14,112.092,1.85042,0,2523.6,0,96.1192,97.3971,22.9972,0.487938,14.0467,0,0,2868.59,4480.37,1720.41,-0.478977
1546,2017-03-27,00:00:00.00,7.83704,0,-2.0048e-14,112.381,2.05022,0,2525.4,0,96.3041,97.5675,26.348,0.460764,13.2644,0,0,2873.77,4488.21,1723.06,-0.478977
1547,2017-03-28,00:00:00.00,0.401899,0,-1.98827e-14,112.565,1.94826,0,2527.15,0,95.8525,97.5762,24.638,0.388896,11.1955,0,0,2871.32,4488.61,1725.92,-0.478977
1548,2017-03-29,00:00:00.00,0,0,-1.9835e-14,112.513,1.78426,0,2528.91,0,95.0587,97.5762,21.8878,0.361252,10.3996,0,0,2868.49,4488.61,1728.74,-0.478977
1549,2017-03-30,00:00:00.00,0,0,-2.02892e-14,112.395,1.66423,0,2530.67,0,94.2798,97.5762,19.8748,0.316415,9.1089,0,0,2865.88,4488.61,1731.35,-0.478977
1550,2017-03-31,00:00:00.00,2.11931,0.894933,-1.96396e-14,112.301,1.58198,0,2532.43,0,94.6937,97.6418,18.4954,0.31478,9.06184,0,0,2866.52,4491.63,1733.73,-0.478977
1551,2017-04-01,00:00:00.00,1.04552,0.763028,-1.99248e-14,112.188,1.4491,0,2534.18,0,94.9747,97.6811,16.2669,0.315433,9.08062,0,0,2866.14,4493.44,1735.92,-0.478977
1552,2017-04-02,00:00:00.00,0,0,-1.97948e-14,112.05,1.36685,0,2536.42,0,93.9676,97.6811,14.8875,0.260779,7.50726,0,0,2864.14,4493.44,1737.92,-0.478977
1553,2017-04-03,00:00:00.00,1.00475,0,-1.99104e-14,111.9,1.26422,0,2541.31,0,92.5465,97.7029,13.1665,0.182316,5.24849,0,0,2863.32,4494.44,1739.74,-0.478977
1554,2017-04-04,00:00:00.00,18.8893,0,-1.9744e-14,112.316,2.0231,0,2546.64,0,92.6728,98.1135,25.8932,0.0887849,2.55592,0,0,2880.3,4513.33,1741.65,-0.478977
1555,2017-04-05,00:00:00.00,9.24369,0,-2.06795e-14,113.092,2.19777,0,2551.94,0,92.2864,98.3145,28.8224,0.0134728,0.387851,0,0,2887.06,4522.57,1744.14,-0.478977
1556,2017-04-06,00:00:00.00,2.0095,0,-2.02033e-14,113.311,1.91116,0,2556.84,0,91.704,98.3582,24.0158,0,0,0,0,2886.14,4524.58,1747.07,-0.478977
1557,2017-04-07,00:00:00.00,22.9083,3.01425,-2.00261e-14,113.921,2.91625,0,2558.52,0,93.6499,98.9217,40.8717,0,0,0,0,2908.8,4550.51,1750.33,-0.478977
1558,2017-04-08,00:00:00.00,0,0,-2.01615e-14,114.605,2.65657,0,2558.52,0,93.6499,98.9217,36.5168,0,0,0,0,2904.87,4550.51,1754.26,-0.478977
1559,2017-04-09,00:00:00.00,0,0,-1.95114e-14,114.483,2.35609,0,2561.09,0,92.3645,98.9217,31.4775,0,0,0,0,2900.69,4550.51,1758.44,-0.478977
1560,2017-04-10,00:00:00.00,0,0,-1.90288e-14,114.122,2.01476,0,2566.4,0,89.7115,98.9217,25.7533,0,0,0,0,2896.92,4550.51,1762.21,-0.478977
1561,2017-04-11,00:00:00.00,8.64084,0,-1.91273e-14,113.863,2.00735,0,2571.7,0,89.9264,99.1095,25.6291,0,0,0,0,2902.24,4559.15,1765.53,-0.478977
1562,2017-04-12,00:00:00.00,0,0,-2.0035e-14,113.615,1.70318,0,2577.01,0,87.2734,99.1095,20.528,0,0,0,0,2899.24,4559.15,1768.53,-0.478977
1563,2017-04-13,00:00:00.00,0,0,-2.01221e-14,113.304,1.55728,0,2577.59,0,86.9829,99.1095,18.0812,0,0,0,0,2896.62,4559.15,1771.15,-0.478977
1564,2017-04-14,00:00:00.00,0,0,-1.99589e-14,112.96,1.34742,0,2581.15,0,85.2001,99.1095,14.5618,0,0,0,0,2894.33,4559.15,1773.44,-0.478977
1565,2017-04-15,00:00:00.00,0,0,-2.00191e-14,112.52,1.11357,0,2586.46,0,82.5471,99.1095,10.6399,0,0,0,0,2892.39,4559.15,1775.38,-0.478977
1566,2017-04-16,00:00:00.00,4.21994,0,-1.99919e-14,112.035,0.908695,0,2591.77,0,83.9461,99.2013,7.20411,0,0,0,0,2895.06,4563.37,1776.93,-0.478977
1567,2017-04-17,00:00:00.00,1.80855,0,-2.0204e-14,111.536,0.721587,0,2597.07,0,83.0623,99.2406,4.06621,0,0,0,0,2895.7,4565.17,1778.1,-0.478977
1568,2017-04-18,00:00:00.00,0,0,-2.04145e-14,111.058,0.59735,0,2601.36,0,80.6163,99.2406,1.9827,0,0,0,0,2894.86,4565.17,1778.94,-0.478977
1569,2017-04-19,00:00:00.00,0.20095,0,-2.04687e-14,110.709,0.577068,0,2602.46,0,79.8591,99.245,1.64257,0,0,0,0,2894.5,4565.38,1779.5,-0.478977
1570,2017-04-20,00:00:00.00,1.80855,0,-2.04748e-14,110.416,0.545256,0,2605.52,0,78.9754,99.2843,1.10906,0,0,0,0,2895.85,4567.18,1779.96,-0.478977
1571,2017-04-21,00:00:00.00,21.3007,0,-2.08786e-14,110.76,1.29209,0,2607.58,0,83.6017,99.7473,13.6337,0,0,0,0,2916.61,4588.49,1780.5,-0.478977
1572,2017-04-22,00:00:00.00,0,0,-2.09727e-14,111.227,1.07515,0,2612.47,0,81.1557,99.7473,9.99564,0,0,0,0,2915.67,4588.49,1781.44,-0.478977
1573,2017-04-23,00:00:00.00,0,0,-2.07967e-14,111.066,0.870306,0,2617.78,0,78.5027,99.7473,6.5603,0,0,0,0,2914.52,4588.49,1782.59,-0.478977
1574,2017-04-24,00:00:00.00,0,0,-2.07633e-14,110.68,0.687288,0,2623.08,0,75.8497,99.7473,3.491,0,0,0,0,2913.54,4588.49,1783.57,-0.478977
1575,2017-04-25,00:00:00.00,0.401899,0,-2.0719e-14,110.219,0.523867,0,2628.39,0,73.5899,99.7561,0.750365,0,0,0,0,2913.22,4588.89,1784.29,-0.478977
1576,2017-04-26,00:00:00.00,4.01899,0,-2.07093e-14,109.803,0.483106,0,2631.51,0,75.0755,99.8434,0.0667821,0,0,0,0,2916.78,4592.91,1784.75,-0.478977
1577,2017-04-27,00:00:00.00,0,0,-2.07068e-14,109.496,0.479124,0,2634.23,0,72.4225,99.8434,0,0,0,0,0,2916.47,4592.91,1785.06,-0.478977
1578,2017-04-28,00:00:00.00,5.02374,0,-2.07068e-14,109.272,0.479124,0,2636.88,0,74.6841,99.9526,0,0,0,0,0,2921.27,4597.93,1785.29,-0.478977
1579,2017-04-29,00:00:00.00,0,0,-2.07068e-14,109.098,0.479124,0,2639.53,0,72.0311,99.9526,0,0,0,0,0,2921.09,4597.93,1785.46,-0.478977
1580,2017-04-30,00:00:00.00,2.0095,0,-2.07068e-14,108.951,0.479124,0,2642.19,0,71.344,99.9963,0,0,0,0,0,2922.96,4599.94,1785.61,-0.478977
1581,2017-05-01,00:00:00.00,11.2532,0,-2.07298e-14,109.044,0.692372,0,2642.96,0,77.5721,100.241,3.57627,0,0,0,0,2934.09,4611.19,1785.73,-0.478977
1582,2017-05-02,00:00:00.00,11.4541,0,-2.05248e-14,109.489,0.975762,0,2643.26,0,82.7393,100.49,8.32884,0,0,0,0,2945.28,4622.65,1785.99,-0.478977
1583,2017-05-03,00:00:00.00,6.63134,0,-2.03347e-14,109.99,1.06733,0,2643.42,0,86.3455,100.634,9.8644,0,0,0,0,2951.33,4629.28,1786.58,-0.478977
1584,2017-05-04,00:00:00.00,0,0,-2.00737e-14,110.228,1.00465,0,2643.42,0,86.3455,100.634,8.81335,0,0,0,0,2950.45,4629.28,1787.45,-0.478977
1585,2017-05-05,00:00:00.00,31.3482,0,-1.96541e-14,111.173,2.33182,0,2643.93,0,90.5438,101.316,31.0705,0,0,0,0,2980.37,4660.63,1788.88,-0.478975
1586,2017-05-06,00:00:00.00,14.6693,0,-2.00581e-14,112.595,2.76014,0,2644.3,0,92.775,101.634,38.2537,0,0,0,0,2992.32,4675.3,1791.6,-0.478975
1587,2017-05-07,00:00:00.00,5.62659,0,-2.27537e-14,113.23,2.7265,0,2644.45,0,94.2052,101.757,37.6895,0,0,0,0,2994.06,4680.92,1795.49,-0.478975
1588,2017-05-08,00:00:00.00,0,0,-2.22095e-14,113.281,2.48704,0,2644.45,0,94.2052,101.757,33.6737,0,0,0,0,2989.85,4680.92,1799.69,-0.478975
1589,2017-05-09,00:00:00.00,0,0,-2.11817e-14,113.115,2.2731,0,2644.45,0,94.2052,101.757,30.0858,0,0,0,0,2985.88,4680.92,1803.66,-0.478975
1590,2017-05-10,00:00:00.00,0,0,-2.06256e-14,112.917,2.08195,0,2644.45,0,94.2052,101.757,26.8801,0,0,0,0,2982.29,4680.92,1807.26,-0.478975
1591,2017-05-11,00:00:00.00,0,0,-2.08917e-14,112.713,1.91117,0,2644.45,0,94.2052,101.757,24.016,0,0,0,0,2979.05,4680.92,1810.5,-0.478975
1592,2017-05-12,00:00:00.00,0,0,-2.07532e-14,112.51,1.75858,0,2644.45,0,94.2052,101.757,21.4571,0,0,0,0,2976.14,4680.92,1813.41,-0.478975
1593,2017-05-13,00:00:00.00,0,0,-2.06341e-14,112.307,1.62226,0,2644.45,0,94.2052,101.757,19.1708,0,0,0,0,2973.51,4680.92,1816.03,-0.478975
1594,2017-05-14,00:00:00.00,0,0,-2.09507e-14,112.031,1.42471,0,2647.29,0,92.7834,101.757,15.8579,0,0,0,0,2971.15,4680.92,1818.4,-0.478975
1595,2017-05-15,00:00:00.00,0.20095,0,-2.13433e-14,111.783,1.32396,0,2647.3,0,92.9749,101.761,14.1682,0,0,0,0,2969.31,4681.12,1820.44,-0.478975
1596,2017-05-16,00:00:00.00,0,0,-2.146e-14,111.543,1.19536,0,2648.75,0,92.2507,101.761,12.0116,0,0,0,0,2967.51,4681.12,1822.24,-0.478975
1597,2017-05-17,00:00:00.00,0.401899,0,-2.14382e-14,111.211,1.00613,0,2652.98,0,90.5245,101.77,8.83816,0,0,0,0,2966.33,4681.52,1823.81,-0.478975
1598,2017-05-18,00:00:00.00,0,0,-2.15244e-14,110.621,0.652644,0,2664.15,0,84.9434,101.77,2.91001,0,0,0,0,2965.04,4681.52,1825.11,-0.478975
1599,2017-05-19,00:00:00.00,0.401899,0,-2.14772e-14,109.944,0.479124,0,2672.64,0,79.7554,101.779,0,0,0,0,0,2964.59,4681.93,1825.96,-0.478975
1600,2017-05-20,00:00:00.00,0,0,-2.14772e-14,109.551,0.479124,0,2672.64,0,79.7554,101.779,0,0,0,0,0,2964.2,4681.93,1826.35,-0.478975
1601,2017-05-21,00:00:00.00,4.21994,0,-2.1492e-14,109.319,0.481332,0,2672.75,0,83.7346,101.87,0.0370335,0,0,0,0,2968.19,4686.15,1826.58,-0.478975
1602,2017-05-22,00:00:00.00,18.0855,0,-2.15015e-14,109.707,1.17833,0,2673.21,0,87.8784,102.263,11.726,0,0,0,0,2985.96,4704.23,1826.9,-0.478975
1603,2017-05-23,00:00:00.00,0.20095,0,-2.18259e-14,110.238,1.0095,0,2676.75,0,86.3044,102.268,8.8946,0,0,0,0,2985.46,4704.43,1827.59,-0.478975
1604,2017-05-24,00:00:00.00,0,0,-2.18097e-14,110.14,0.784322,0,2683.08,0,83.1385,102.268,5.11832,0,0,0,0,2984.53,4704.43,1828.53,-0.478975
1605,2017-05-25,00:00:00.00,8.64084,0,-2.17692e-14,109.77,0.670095,0,2693.77,0,82.4312,102.456,3.20268,0,0,0,0,2992.3,4713.07,1829.39,-0.478975
1606,2017-05-26,00:00:00.00,15.875,0,-2.17527e-14,109.963,1.20214,0,2694.82,0,86.5463,102.801,12.1254,0,0,0,0,3007.46,4728.95,1830.12,-0.478975
1607,2017-05-27,00:00:00.00,0.803799,0,-2.14841e-14,110.122,0.900691,0,2703.24,0,83.1203,102.818,7.06987,0,0,0,0,3007.28,4729.75,1831.1,-0.478975
1608,2017-05-28,00:00:00.00,0,0,-2.14165e-14,109.668,0.561459,0,2714.35,0,77.5392,102.818,1.3808,0,0,0,0,3006.32,4729.75,1832.06,-0.478975
1609,2017-05-29,00:00:00.00,0.401899,0,-2.14214e-14,109.109,0.479124,0,2721.31,0,72.3512,102.827,0,0,0,0,0,3006.08,4730.15,1832.7,-0.478975
1610,2017-05-30,00:00:00.00,12.2579,0,-2.14697e-14,108.893,0.702724,0,2726.89,0,74.5645,103.093,3.74987,0,0,0,0,3017.9,4742.41,1833.14,-0.478975
1611,2017-05-31,00:00:00.00,5.22469,0,-2.14971e-14,108.733,0.479124,0,2736.22,0,74.0945,103.207,0,0,0,0,0,3022.74,4747.64,1833.52,-0.478975
1612,2017-06-01,00:00:00.00,0,0,-2.14971e-14,108.451,0.479124,0,2740.44,0,69.8822,103.207,0,0,0,0,0,3022.46,4747.64,1833.81,-0.478975
1613,2017-06-02,00:00:00.00,0,0,-2.14971e-14,108.339,0.479124,0,2740.44,0,69.8822,103.207,0,0,0,0,0,3022.34,4747.64,1833.92,-0.478975
1614,2017-06-03,00:00:00.00,0,0,-2.14971e-14,108.258,0.479124,0,2740.44,0,69.8822,103.207,0,0,0,0,0,3022.26,4747.64,1834,-0.478975
1615,2017-06-04,00:00:00.00,7.43514,0,-2.149e-14,108.222,0.51107,0,2740.63,0,76.3664,103.369,0.535756,0,0,0,0,3029.63,4755.07,1834.07,-0.478975
1616,2017-06-05,00:00:00.00,2.21045,0,-2.1497e-14,108.113,0.479124,0,2744.77,0,74.9229,103.417,0,0,0,0,0,3031.7,4757.28,1834.21,-0.478975
1617,2017-06-06,00:00:00.00,0.803799,0,-2.1497e-14,108.066,0.479124,0,2744.79,0,75.6887,103.434,0,0,0,0,0,3032.46,4758.09,1834.25,-0.478975
1618,2017-06-07,00:00:00.00,0,0,-2.1497e-14,108.028,0.479124,0,2744.79,0,75.6887,103.434,0,0,0,0,0,3032.42,4758.09,1834.29,-0.478975
1619,2017-06-08,00:00:00.00,0,0,-2.1497e-14,107.997,0.479124,0,2744.79,0,75.6887,103.434,0,0,0,0,0,3032.39,4758.09,1834.32,-0.478975
1620,2017-06-09,00:00:00.00,0,0,-2.1497e-14,107.972,0.479124,0,2744.79,0,75.6887,103.434,0,0,0,0,0,3032.36,4758.09,1834.35,-0.478975
1621,2017-06-10,00:00:00.00,0,0,-2.1497e-14,107.883,0.479124,0,2747.93,0,72.5487,103.434,0,0,0,0,0,3032.27,4758.09,1834.44,-0.478975
1622,2017-06-11,00:00:00.00,0,0,-2.1497e-14,107.71,0.479124,0,2755.26,0,65.2157,103.434,0,0,0,0,0,3032.1,4758.09,1834.61,-0.478975
1623,2017-06-12,00:00:00.00,0,0,-2.1497e-14,107.541,0.479124,0,2762.71,0,57.7615,103.434,0,0,0,0,0,3031.93,4758.09,1834.78,-0.478975
1624,2017-06-13,00:00:00.00,0,0,-2.1497e-14,107.373,0.479124,0,2770.17,0,50.3084,103.434,0,0,0,0,0,3031.76,4758.09,1834.95,-0.478975
1625,2017-06-14,00:00:00.00,0.803799,0,-2.1497e-14,107.204,0.479124,0,2776.98,0,44.2808,103.452,0,0,0,0,0,3032.4,4758.89,1835.12,-0.478975
1626,2017-06-15,00:00:00.00,0,0,-2.1497e-14,107.101,0.479124,0,2780.62,0,40.6468,103.452,0,0,0,0,0,3032.29,4758.89,1835.22,-0.478975
1627,2017-06-16,00:00:00.00,18.2864,0,-2.14897e-14,107.17,0.548151,0,2781.08,0,56.7738,103.849,1.15762,0,0,0,0,3050.58,4777.18,1835.22,-0.478975
1628,2017-06-17,00:00:00.00,1.40665,0,-2.14824e-14,107.07,0.479124,0,2789.69,0,50.6977,103.88,0,0,0,0,0,3051.82,4778.58,1835.39,-0.478975
1629,2017-06-18,00:00:00.00,16.076,0,-2.14684e-14,106.971,0.548164,0,2797.12,0,57.7021,104.229,1.15784,0,0,0,0,3067.73,4794.66,1835.56,-0.478975
1630,2017-06-19,00:00:00.00,7.23419,0,-2.14545e-14,106.871,0.479124,0,2805.73,0,57.3262,104.387,0,0,0,0,0,3074.79,4801.89,1835.73,-0.478975
1631,2017-06-20,00:00:00.00,5.02374,0,-2.14545e-14,106.737,0.479124,0,2811.66,0,56.3066,104.496,0,0,0,0,0,3079.68,4806.92,1835.86,-0.478975
1632,2017-06-21,00:00:00.00,15.4731,0,-2.14194e-14,106.834,0.647051,0,2814.8,0,65.1518,104.832,2.81621,0,0,0,0,3095.08,4822.39,1835.93,-0.478975
1633,2017-06-22,00:00:00.00,0,0,-2.13953e-14,107.06,0.585971,0,2816.42,0,64.3412,104.832,1.79188,0,0,0,0,3095.03,4822.39,1835.98,-0.478975
1634,2017-06-23,00:00:00.00,80.3799,0,-2.22206e-14,112.22,8.37375,0,2821.36,0,81.4467,106.579,42.5976,0,0,0,0,3172.57,4902.77,1838.82,-0.478975
1635,2017-06-24,00:00:00.00,1.00475,0,-1.9432e-14,114.558,2.3514,0,2836.26,0,74.9755,106.601,31.399,0,0,0,0,3166.15,4903.78,1846.25,-0.478975
1636,2017-06-25,00:00:00.00,0,0,-1.93574e-14,111.494,1.98462,0,2842.54,0,71.8355,106.601,25.2479,0,0,0,0,3159.71,4903.78,1852.69,-0.478975
1637,2017-06-26,00:00:00.00,2.21045,0,-1.96465e-14,111.044,1.82421,0,2842.6,0,73.9415,106.649,22.5577,0,0,0,0,3158.62,4905.99,1855.99,-0.478975
1638,2017-06-27,00:00:00.00,0.20095,0,-1.94735e-14,110.872,1.68089,0,2842.61,0,74.133,106.654,20.1542,0,0,0,0,3156.1,4906.19,1858.71,-0.478975
1639,2017-06-28,00:00:00.00,1.40665,0,-1.90003e-14,110.748,1.55284,0,2842.64,0,75.4732,106.684,18.0068,0,0,0,0,3155.11,4907.59,1861.11,-0.478975
1640,2017-06-29,00:00:00.00,2.61235,0,-1.87862e-14,110.616,1.42007,0,2843.34,0,77.6781,106.741,15.7801,0,0,0,0,3155.57,4910.21,1863.26,-0.478975
1641,2017-06-30,00:00:00.00,12.6598,0,-1.87795e-14,110.339,1.28134,0,2856.14,0,77.9824,107.016,13.4536,0,0,0,0,3166.21,4922.87,1865.28,-0.478975
1642,2017-07-01,00:00:00.00,1.40665,0,-1.88516e-14,109.8,0.798745,0,2871.05,0,71.9043,107.047,5.3602,0,0,0,0,3165.96,4924.27,1866.94,-0.478975
1643,2017-07-02,00:00:00.00,1.00475,0,-1.8823e-14,109.164,0.580302,0,2877.97,0,69.4252,107.069,1.6968,0,0,0,0,3165.91,4925.28,1868,-0.478975
1644,2017-07-03,00:00:00.00,0,0,-1.88385e-14,108.786,0.569521,0,2877.97,0,69.4252,107.069,1.516,0,0,0,0,3165.34,4925.28,1868.56,-0.478975
1645,2017-07-04,00:00:00.00,0,0,-1.88699e-14,108.566,0.534984,0,2878.91,0,68.9563,107.069,0.936793,0,0,0,0,3164.97,4925.28,1868.93,-0.478971
1646,2017-07-05,00:00:00.00,0,0,-1.88833e-14,108.422,0.529032,0,2878.91,0,68.9563,107.069,0.836978,0,0,0,0,3164.72,4925.28,1869.18,-0.478971
1647,2017-07-06,00:00:00.00,0,0,-1.88747e-14,108.273,0.480374,0,2880.69,0,67.9885,107.069,0.0209647,0,0,0,0,3164.52,4925.28,1869.38,-0.478971
1648,2017-07-07,00:00:00.00,0,0,-1.88746e-14,108.037,0.479124,0,2886.17,0,62.5312,107.069,0,0,0,0,0,3164.28,4925.28,1869.62,-0.478971
1649,2017-07-08,00:00:00.00,0,0,-1.88746e-14,107.889,0.479124,0,2889.63,0,59.0701,107.069,0,0,0,0,0,3164.13,4925.28,1869.77,-0.478971
1650,2017-07-09,00:00:00.00,0,0,-1.88746e-14,107.818,0.479124,0,2890.59,0,58.1027,107.069,0,0,0,0,0,3164.06,4925.28,1869.84,-0.478971
1651,2017-07-10,00:00:00.00,5.22469,0,-1.88746e-14,107.761,0.479124,0,2891.56,0,62.2464,107.182,0,0,0,0,0,3169.23,4930.5,1869.89,-0.478971
1652,2017-07-11,00:00:00.00,0,0,-1.88746e-14,107.726,0.479124,0,2892.03,0,61.7776,107.182,0,0,0,0,0,3169.2,4930.5,1869.93,-0.478971
1653,2017-07-12,00:00:00.00,0,0,-1.88746e-14,107.6,0.479124,0,2896.99,0,56.8204,107.182,0,0,0,0,0,3169.07,4930.5,1870.05,-0.478971
1654,2017-07-13,00:00:00.00,12.2579,0,-1.88699e-14,107.479,0.495945,0,2902.94,0,62.5424,107.449,0.282099,0,0,0,0,3181.19,4942.76,1870.19,-0.478971
1655,2017-07-14,00:00:00.00,9.64558,0,-1.88628e-14,107.541,0.532208,0,2903.19,0,71.018,107.658,0.890253,0,0,0,0,3190.83,4952.4,1870.2,-0.478971
1656,2017-07-15,00:00:00.00,0.401899,0,-1.88567e-14,107.489,0.479124,0,2908.04,0,67.4502,107.667,0,0,0,0,0,3191.12,4952.81,1870.31,-0.478971
1657,2017-07-16,00:00:00.00,0,0,-1.88567e-14,107.399,0.479124,0,2911.5,0,63.9882,107.667,0,0,0,0,0,3191.04,4952.81,1870.4,-0.478971
1658,2017-07-17,00:00:00.00,3.41614,0,-1.88567e-14,107.373,0.479124,0,2912.47,0,66.3624,107.741,0,0,0,0,0,3194.43,4956.22,1870.42,-0.478971
1659,2017-07-18,00:00:00.00,0,0,-1.88567e-14,107.26,0.479124,0,2917.43,0,61.4037,107.741,0,0,0,0,0,3194.31,4956.22,1870.53,-0.478971
1660,2017-07-19,00:00:00.00,0,0,-1.88567e-14,107.159,0.479124,0,2921.89,0,56.9449,107.741,0,0,0,0,0,3194.21,4956.22,1870.64,-0.478971
1661,2017-07-20,00:00:00.00,0,0,-1.88567e-14,106.979,0.479124,0,2929.83,0,48.998,107.741,0,0,0,0,0,3194.03,4956.22,1870.82,-0.478971
1662,2017-07-21,00:00:00.00,8.03799,0,-1.88567e-14,106.923,0.479124,0,2932.13,0,54.5649,107.916,0,0,0,0,0,3202.01,4964.26,1870.87,-0.478971
1663,2017-07-22,00:00:00.00,0,0,-1.88567e-14,106.766,0.479124,0,2938.97,0,47.7274,107.916,0,0,0,0,0,3201.86,4964.26,1871.03,-0.478971
1664,2017-07-23,00:00:00.00,1.2057,0,-1.88567e-14,106.687,0.479124,0,2941.98,0,45.893,107.942,0,0,0,0,0,3202.98,4965.47,1871.11,-0.478971
1665,2017-07-24,00:00:00.00,18.6883,0,-1.88416e-14,106.746,0.616341,0,2945.24,0,58.3386,108.349,2.30119,0,0,0,0,3221.59,4984.16,1871.19,-0.478971
1666,2017-07-25,00:00:00.00,3.01425,0,-1.88366e-14,106.989,0.60172,0,2945.32,0,61.2105,108.414,2.05599,0,0,0,0,3224.59,4987.17,1871.2,-0.478971
1667,2017-07-26,00:00:00.00,0,0,-1.88156e-14,107.163,0.588657,0,2945.32,0,61.2105,108.414,1.83693,0,0,0,0,3224.53,4987.17,1871.26,-0.478971
1668,2017-07-27,00:00:00.00,3.01425,0,-1.88532e-14,107.271,0.576987,0,2945.4,0,64.0823,108.48,1.6412,0,0,0,0,3227.45,4990.18,1871.36,-0.478971
1669,2017-07-28,00:00:00.00,2.21045,0,-1.88497e-14,107.128,0.479124,0,2952.99,0,60.2884,108.528,0,0,0,0,0,3229.42,4992.39,1871.6,-0.478971
1670,2017-07-29,00:00:00.00,0,0,-1.88497e-14,107.046,0.479124,0,2952.99,0,60.2884,108.528,0,0,0,0,0,3229.33,4992.39,1871.68,-0.478971
1671,2017-07-30,00:00:00.00,0,0,-1.88497e-14,106.952,0.479124,0,2954.46,0,58.8221,108.528,0,0,0,0,0,3229.24,4992.39,1871.78,-0.478971
1672,2017-07-31,00:00:00.00,0,0,-1.88497e-14,106.79,0.479124,0,2959.92,0,53.366,108.528,0,0,0,0,0,3229.08,4992.39,1871.94,-0.478971
1673,2017-08-01,00:00:00.00,0,0,-1.88497e-14,106.648,0.479124,0,2965.18,0,48.1002,108.528,0,0,0,0,0,3228.94,4992.39,1872.08,-0.478971
1674,2017-08-02,00:00:00.00,0,0,-1.88497e-14,106.489,0.479124,0,2971.11,0,42.1671,108.528,0,0,0,0,0,3228.78,4992.39,1872.24,-0.478971
1675,2017-08-03,00:00:00.00,0,0,-1.88497e-14,106.335,0.479124,0,2976.29,0,36.9945,108.528,0,0,0,0,0,3228.62,4992.39,1872.39,-0.478971
1676,2017-08-04,00:00:00.00,2.61235,0,-1.88497e-14,106.181,0.479124,0,2980.97,0,34.8716,108.585,0,0,0,0,0,3231.08,4995.01,1872.55,-0.478971
1677,2017-08-05,00:00:00.00,1.2057,0,-1.88497e-14,106.067,0.479124,0,2984.22,0,32.7946,108.611,0,0,0,0,0,3232.17,4996.21,1872.66,-0.478971
1678,2017-08-06,00:00:00.00,0.401899,0,-1.88497e-14,106.067,0.479124,0,2984.23,0,33.1775,108.619,0,0,0,0,0,3232.57,4996.61,1872.66,-0.478971
1679,2017-08-07,00:00:00.00,2.21045,0,-1.88497e-14,106.067,0.479124,0,2984.29,0,35.2836,108.668,0,0,0,0,0,3234.79,4998.82,1872.66,-0.478971
1680,2017-08-08,00:00:00.00,1.00475,0,-1.88497e-14,106.067,0.479124,0,2984.31,0,36.2409,108.689,0,0,0,0,0,3235.79,4999.83,1872.66,-0.478971
1681,2017-08-09,00:00:00.00,0.602849,0,-1.88497e-14,106.067,0.479124,0,2984.33,0,36.8152,108.702,0,0,0,0,0,3236.39,5000.43,1872.66,-0.478971
1682,2017-08-10,00:00:00.00,0,0,-1.88497e-14,105.981,0.479124,0,2986.86,0,34.2859,108.702,0,0,0,0,0,3236.31,5000.43,1872.75,-0.478971
1683,2017-08-11,00:00:00.00,0,0,-1.88497e-14,105.885,0.479124,0,2989.48,0,31.666,108.702,0,0,0,0,0,3236.21,5000.43,1872.84,-0.478971
1684,2017-08-12,00:00:00.00,3.81804,0,-1.88497e-14,105.799,0.479124,0,2991.8,0,33.0767,108.785,0,0,0,0,0,3239.94,5004.25,1872.93,-0.478971
1685,2017-08-13,00:00:00.00,0.20095,0,-1.88497e-14,105.761,0.479124,0,2992.81,0,32.2713,108.79,0,0,0,0,0,3240.11,5004.45,1872.97,-0.478971
1686,2017-08-14,00:00:00.00,0,0,-1.88497e-14,105.723,0.479124,0,2993.78,0,31.298,108.79,0,0,0,0,0,3240.07,5004.45,1873.01,-0.478971
1687,2017-08-15,00:00:00.00,2.0095,0,-1.88497e-14,105.666,0.479124,0,2995.27,0,31.7772,108.834,0,0,0,0,0,3242.02,5006.46,1873.06,-0.478971
1688,2017-08-16,00:00:00.00,0,0,-1.88497e-14,105.6,0.479124,0,2996.96,0,30.0839,108.834,0,0,0,0,0,3241.95,5006.46,1873.13,-0.478971
1689,2017-08-17,00:00:00.00,0,0,-1.88497e-14,105.523,0.479124,0,2998.79,0,28.249,108.834,0,0,0,0,0,3241.88,5006.46,1873.21,-0.478971
1690,2017-08-18,00:00:00.00,8.84179,0,-1.88497e-14,105.486,0.479124,0,2999.86,0,35.8311,109.026,0,0,0,0,0,3250.68,5015.3,1873.24,-0.478971
1691,2017-08-19,00:00:00.00,0.803799,0,-1.88497e-14,105.4,0.479124,0,3002.35,0,34.1272,109.043,0,0,0,0,0,3251.4,5016.11,1873.33,-0.478971
1692,2017-08-20,00:00:00.00,0.401899,0,-1.88497e-14,105.4,0.479124,0,3002.36,0,34.5101,109.052,0,0,0,0,0,3251.8,5016.51,1873.33,-0.478971
1693,2017-08-21,00:00:00.00,0,0,-1.88497e-14,105.333,0.479124,0,3004.2,0,32.6711,109.052,0,0,0,0,0,3251.74,5016.51,1873.4,-0.478971
1694,2017-08-22,00:00:00.00,0.20095,0,-1.88497e-14,105.208,0.479124,0,3007.46,0,29.6052,109.056,0,0,0,0,0,3251.81,5016.71,1873.52,-0.478971
1695,2017-08-23,00:00:00.00,19.2912,0,-1.88497e-14,105.065,0.47941,0,3012,0,43.9358,109.476,0.00479023,0,0,0,0,3270.96,5036,1873.66,-0.478971
1696,2017-08-24,00:00:00.00,0,0,-1.88497e-14,105.065,0.479379,0,3012,0,43.9358,109.476,0.00427983,0,0,0,0,3270.96,5036,1873.66,-0.478971
1697,2017-08-25,00:00:00.00,0,0,-1.88496e-14,105.066,0.479352,0,3012,0,43.9358,109.476,0.00382381,0,0,0,0,3270.96,5036,1873.66,-0.478971
1698,2017-08-26,00:00:00.00,0,0,-1.88495e-14,105.066,0.479328,0,3012,0,43.9358,109.476,0.00341638,0,0,0,0,3270.96,5036,1873.66,-0.478971
1699,2017-08-27,00:00:00.00,0,0,-1.88495e-14,105.067,0.479306,0,3012,0,43.9358,109.476,0.00305237,0,0,0,0,3270.96,5036,1873.66,-0.478971
1700,2017-08-28,00:00:00.00,0,0,-1.88496e-14,105.067,0.479287,0,3012,0,43.9358,109.476,0.00272713,0,0,0,0,3270.96,5036,1873.66,-0.478971
1701,2017-08-29,00:00:00.00,0,0,-1.88496e-14,105.067,0.479269,0,3012,0,43.9358,109.476,0.00243656,0,0,0,0,3270.96,5036,1873.66,-0.478971
1702,2017-08-30,00:00:00.00,0,0,-1.88496e-14,105.068,0.479254,0,3012,0,43.9358,109.476,0.00217694,0,0,0,0,3270.96,5036,1873.66,-0.478971
1703,2017-08-31,00:00:00.00,4.92327,0,-1.88497e-14,105.068,0.47924,0,3012.12,0,48.6265,109.583,0.00194499,0,0,0,0,3275.88,5040.92,1873.66,-0.478971
1704,2017-09-01,00:00:00.00,0,0,-1.88497e-14,105.068,0.479228,0,3012.12,0,48.6265,109.583,0.00173775,0,0,0,0,3275.88,5040.92,1873.66,-0.478971
1705,2017-09-02,00:00:00.00,0,0,-1.88497e-14,105.068,0.479216,0,3012.12,0,48.6265,109.583,0.00155259,0,0,0,0,3275.88,5040.92,1873.66,-0.478971
1706,2017-09-03,00:00:00.00,14.4684,0,-1.88468e-14,105.123,0.533473,0,3012.49,0,61.3928,109.897,0.91146,0,0,0,0,3290.35,5055.39,1873.66,-0.478971
1707,2017-09-04,00:00:00.00,0,0,-1.88454e-14,105.137,0.479266,0,3015.16,0,59.6392,109.897,0.00238888,0,0,0,0,3290.31,5055.39,1873.7,-0.478971
1708,2017-09-05,00:00:00.00,8.03799,0,-1.88454e-14,105.032,0.479124,0,3019.82,0,62.8418,110.072,0,0,0,0,0,3298.24,5063.43,1873.81,-0.478971
1709,2017-09-06,00:00:00.00,13.2627,0,-1.8805e-14,105.172,0.6592,0,3021.6,0,70.6535,110.36,3.01996,0,0,0,0,3311.47,5076.69,1873.85,-0.478971
1710,2017-09-07,00:00:00.00,0,0,-1.88741e-14,105.506,0.640013,0,3021.6,0,70.6535,110.36,2.69818,0,0,0,0,3311.46,5076.69,1873.86,-0.478971
1711,2017-09-08,00:00:00.00,4.62184,0,-1.8924e-14,105.762,0.62287,0,3021.72,0,75.057,110.461,2.41069,0,0,0,0,3316.03,5081.31,1873.91,-0.478971
1712,2017-09-09,00:00:00.00,0,0,-1.89346e-14,105.918,0.607554,0,3021.72,0,75.057,110.461,2.15383,0,0,0,0,3315.92,5081.31,1874.02,-0.478971
1713,2017-09-10,00:00:00.00,0,0,-1.9018e-14,105.995,0.59387,0,3021.72,0,75.057,110.461,1.92434,0,0,0,0,3315.75,5081.31,1874.19,-0.478971
1714,2017-09-11,00:00:00.00,0,0,-1.89585e-14,106.023,0.581643,0,3021.72,0,75.057,110.461,1.7193,0,0,0,0,3315.56,5081.31,1874.38,-0.478971
1715,2017-09-12,00:00:00.00,0,0,-1.8953e-14,106.023,0.57041,0,3021.73,0,75.0512,110.461,1.5309,0,0,0,0,3315.37,5081.31,1874.57,-0.478971
1716,2017-09-13,00:00:00.00,0,0,-1.89771e-14,105.888,0.479124,0,3025.89,0,72.4237,110.461,0,0,0,0,0,3315.14,5081.31,1874.8,-0.478971
1717,2017-09-14,00:00:00.00,0,0,-1.89771e-14,105.69,0.479124,0,3029.68,0,68.631,110.461,0,0,0,0,0,3314.94,5081.31,1874.99,-0.478971
1718,2017-09-15,00:00:00.00,0,0,-1.89771e-14,105.517,0.479124,0,3034.34,0,63.9703,110.461,0,0,0,0,0,3314.77,5081.31,1875.17,-0.478971
1719,2017-09-16,00:00:00.00,0,0,-1.89771e-14,105.369,0.479124,0,3039,0,59.3096,110.461,0,0,0,0,0,3314.62,5081.31,1875.32,-0.478971
1720,2017-09-17,00:00:00.00,0,0,-1.89771e-14,105.241,0.479124,0,3043.66,0,54.6494,110.461,0,0,0,0,0,3314.49,5081.31,1875.44,-0.478971
1721,2017-09-18,00:00:00.00,0,0,-1.89771e-14,105.127,0.479124,0,3048.27,0,50.0459,110.461,0,0,0,0,0,3314.38,5081.31,1875.56,-0.478971
1722,2017-09-19,00:00:00.00,0.602849,0,-1.89771e-14,105.021,0.479124,0,3052.5,0,46.4012,110.474,0,0,0,0,0,3314.88,5081.92,1875.66,-0.478971
1723,2017-09-20,00:00:00.00,5.02374,0,-1.89771e-14,104.915,0.479124,0,3056.56,0,47.2551,110.583,0,0,0,0,0,3319.79,5086.94,1875.77,-0.478971
1724,2017-09-21,00:00:00.00,0,0,-1.89771e-14,104.81,0.479124,0,3060.55,0,43.2719,110.583,0,0,0,0,0,3319.69,5086.94,1875.88,-0.478971
1725,2017-09-22,00:00:00.00,0,0,-1.89771e-14,104.704,0.479124,0,3064.19,0,39.6244,110.583,0,0,0,0,0,3319.58,5086.94,1875.98,-0.478971
1726,2017-09-23,00:00:00.00,0,0,-1.89771e-14,104.599,0.479124,0,3067.53,0,36.2844,110.583,0,0,0,0,0,3319.48,5086.94,1876.09,-0.478971
1727,2017-09-24,00:00:00.00,0,0,-1.89771e-14,104.493,0.479124,0,3070.59,0,33.226,110.583,0,0,0,0,0,3319.37,5086.94,1876.19,-0.478971
1728,2017-09-25,00:00:00.00,0,0,-1.89771e-14,104.388,0.479124,0,3073.39,0,30.4254,110.583,0,0,0,0,0,3319.27,5086.94,1876.3,-0.478971
1729,2017-09-26,00:00:00.00,0,0,-1.89771e-14,104.282,0.479124,0,3075.96,0,27.8608,110.583,0,0,0,0,0,3319.16,5086.94,1876.4,-0.478971
1730,2017-09-27,00:00:00.00,3.21519,0,-1.89771e-14,104.177,0.479124,0,3078.47,0,28.4955,110.653,0,0,0,0,0,3322.27,5090.16,1876.51,-0.478971
1731,2017-09-28,00:00:00.00,0,0,-1.89771e-14,104.071,0.479124,0,3080.87,0,26.0936,110.653,0,0,0,0,0,3322.17,5090.16,1876.61,-0.478971
1732,2017-09-29,00:00:00.00,0.20095,0,-1.89771e-14,104.071,0.479124,0,3080.87,0,26.2851,110.657,0,0,0,0,0,3322.37,5090.36,1876.61,-0.478971
1733,2017-09-30,00:00:00.00,4.82279,0,-1.89771e-14,104.071,0.479124,0,3081,-4.30561e-19,30.8801,110.762,0,0,0,0,0,3327.19,5095.18,1876.61,-0.478971
1734,2017-10-01,00:00:00.00,0,0,-1.89771e-14,104.071,0.479124,0,3081,0,30.8801,110.762,0,0,0,0,0,3327.19,5095.18,1876.61,-0.478971
1735,2017-10-02,00:00:00.00,0,0,-1.89771e-14,104.044,0.479124,0,3081.66,0,30.2165,110.762,0,0,0,0,0,3327.16,5095.18,1876.64,-0.478971
1736,2017-10-03,00:00:00.00,0,0,-1.89771e-14,103.992,0.479124,0,3082.92,0,28.9575,110.762,0,0,0,0,0,3327.11,5095.18,1876.69,-0.478971
1737,2017-10-04,00:00:00.00,0,0,-1.89771e-14,103.94,0.479124,0,3084.13,0,27.751,110.762,0,0,0,0,0,3327.06,5095.18,1876.75,-0.478971
1738,2017-10-05,00:00:00.00,4.82279,0,-1.89771e-14,103.888,0.479124,0,3085.43,1.22339e-18,31.1625,110.867,0,0,0,0,0,3331.83,5100,1876.8,-0.478971
1739,2017-10-06,00:00:00.00,0.602849,0,-1.89771e-14,103.836,0.479124,0,3086.75,0,30.4363,110.88,0,0,0,0,0,3332.38,5100.61,1876.85,-0.478971
1740,2017-10-07,00:00:00.00,3.01425,0,-1.89771e-14,103.784,0.479124,0,3088.1,0,32.0283,110.946,0,0,0,0,0,3335.34,5103.62,1876.9,-0.478971
1741,2017-10-08,00:00:00.00,8.03799,0,-1.89771e-14,103.732,0.479124,0,3089.66,0,38.3382,111.12,0,0,0,0,0,3343.33,5111.66,1876.95,-0.478971
1742,2017-10-09,00:00:00.00,9.24369,0,-1.89771e-14,103.679,0.479124,0,3091.46,0,45.5773,111.321,0,0,0,0,0,3352.52,5120.9,1877.01,-0.478971
1743,2017-10-10,00:00:00.00,0,0,-1.89771e-14,103.627,0.479124,0,3093.36,0,43.6783,111.321,0,0,0,0,0,3352.47,5120.9,1877.06,-0.478971
1744,2017-10-11,00:00:00.00,0.803799,0,-1.89771e-14,103.575,0.479124,0,3095.2,0,42.629,111.339,0,0,0,0,0,3353.22,5121.71,1877.11,-0.478971
1745,2017-10-12,00:00:00.00,11.2532,0,-1.89771e-14,103.575,0.479124,0,3095.48,0,53.3506,111.583,0,0,0,0,0,3364.47,5132.96,1877.11,-0.478971
1746,2017-10-13,00:00:00.00,0.301425,0,-1.89771e-14,103.558,0.479124,0,3096.21,0,52.9141,111.59,0,0,0,0,0,3364.76,5133.26,1877.13,-0.478971
1747,2017-10-14,00:00:00.00,1.40665,0,-1.89771e-14,103.506,0.479124,0,3098.44,0,52.067,111.621,0,0,0,0,0,3366.11,5134.67,1877.18,-0.478971
1748,2017-10-15,00:00:00.00,17.6836,0,-1.90237e-14,103.656,0.681748,0,3100.79,0,63.2154,112.005,3.3981,0,0,0,0,3383.74,5152.35,1877.23,-0.478971
1749,2017-10-16,00:00:00.00,9.44464,0,-1.9026e-14,103.896,0.567918,0,3105.26,0,69.7142,112.21,1.48912,0,0,0,0,3393.13,5161.79,1877.28,-0.478971
1750,2017-10-17,00:00:00.00,0,0,-1.90247e-14,104.054,0.558457,0,3105.26,0,69.7142,112.21,1.33045,0,0,0,0,3393.13,5161.79,1877.29,-0.478971
1751,2017-10-18,00:00:00.00,0,0,-1.90104e-14,104.123,0.515809,0,3106.66,0,68.9579,112.21,0.615226,0,0,0,0,3393.08,5161.79,1877.34,-0.478971
1752,2017-10-19,00:00:00.00,0,0,-1.90073e-14,104.081,0.479159,0,3109.03,0,67.1938,112.21,0.000584292,0,0,0,0,3393,5161.79,1877.42,-0.478971
1753,2017-10-20,00:00:00.00,0,0,-1.90073e-14,103.999,0.479124,0,3111.34,0,64.89,112.21,0,0,0,0,0,3392.92,5161.79,1877.5,-0.478971
1754,2017-10-21,00:00:00.00,0,0,-1.90073e-14,103.929,0.479124,0,3113.64,0,62.5862,112.21,0,0,0,0,0,3392.85,5161.79,1877.57,-0.478971
1755,2017-10-22,00:00:00.00,0,0,-1.90073e-14,103.867,0.479124,0,3115.95,0,60.2824,112.21,0,0,0,0,0,3392.79,5161.79,1877.63,-0.478971
1756,2017-10-23,00:00:00.00,0,0,-1.90073e-14,103.813,0.479124,0,3118.25,0,57.9786,112.21,0,0,0,0,0,3392.73,5161.79,1877.69,-0.478951
1757,2017-10-24,00:00:00.00,13.6646,0,-1.8992e-14,103.873,0.604903,0,3120.55,0,66.6815,112.507,2.10937,0,0,0,0,3406.33,5175.46,1877.75,-0.478951
1758,2017-10-25,00:00:00.00,1.80855,0,-1.90124e-14,103.944,0.503738,0,3123.97,0,66.6866,112.547,0.412798,0,0,0,0,3408.06,5177.27,1877.83,-0.478951
1759,2017-10-26,00:00:00.00,0,0,-1.90159e-14,103.939,0.501116,0,3123.97,0,66.6866,112.547,0.368814,0,0,0,0,3408.01,5177.27,1877.88,-0.478951
1760,2017-10-27,00:00:00.00,0,0,-1.90065e-14,103.931,0.498773,0,3123.97,0,66.6866,112.547,0.329517,0,0,0,0,3407.96,5177.27,1877.93,-0.478951
1761,2017-10-28,00:00:00.00,2.61235,0,-1.89977e-14,103.919,0.495038,0,3124.08,0,69.1535,112.603,0.266891,0,0,0,0,3410.52,5179.88,1877.98,-0.478951
1762,2017-10-29,00:00:00.00,3.21519,0,-1.89992e-14,103.906,0.493343,0,3124.17,0,72.2168,112.673,0.238453,0,0,0,0,3413.69,5183.1,1878.02,-0.478951
1763,2017-10-30,00:00:00.00,0.20095,0,-1.90034e-14,103.893,0.491828,0,3124.17,0,72.4082,112.678,0.213046,0,0,0,0,3413.86,5183.3,1878.06,-0.478951
1764,2017-10-31,00:00:00.00,1.2057,0,-1.90102e-14,103.882,0.490474,0,3124.2,0,73.557,112.704,0.190346,0,0,0,0,3415.03,5184.5,1878.1,-0.478951
1765,2017-11-01,00:00:00.00,0.803799,0,-1.90125e-14,103.871,0.489265,0,3124.22,0,74.3228,112.721,0.170065,0,0,0,0,3415.8,5185.31,1878.13,-0.478951
1766,2017-11-02,00:00:00.00,8.64084,0,-1.90001e-14,103.957,0.61282,0,3125.09,0,79.5685,112.909,2.24215,0,0,0,0,3424.38,5193.95,1878.19,-0.478951
1767,2017-11-03,00:00:00.00,25.1187,0,-1.88649e-14,104.831,1.52009,0,3127.02,0,84.9127,113.455,17.4575,0,0,0,0,3449.2,5219.07,1878.49,-0.478951
1768,2017-11-04,00:00:00.00,0,0,-1.88455e-14,105.824,1.36631,0,3128.63,0,84.1081,113.455,14.8785,0,0,0,0,3448.26,5219.07,1879.43,-0.478951
1769,2017-11-05,00:00:00.00,5.62659,0,-1.86085e-14,106.118,1.3447,0,3129.95,0,86.9235,113.578,14.5161,0,0,0,0,3452.43,5224.69,1880.88,-0.478951
1770,2017-11-06,00:00:00.00,3.41614,0,-1.88131e-14,106.167,1.24057,0,3131.56,0,88.8796,113.652,12.7698,0,0,0,0,3454.27,5228.11,1882.46,-0.478951
1771,2017-11-07,00:00:00.00,0,0,-1.84868e-14,106.066,1.11657,0,3133.17,0,88.0749,113.652,10.6903,0,0,0,0,3452.77,5228.11,1883.96,-0.478951
1772,2017-11-08,00:00:00.00,0,0,-1.85354e-14,105.908,1.00885,0,3134.66,0,87.3278,113.652,8.88375,0,0,0,0,3451.44,5228.11,1885.29,-0.478951
1773,2017-11-09,00:00:00.00,0,0,-1.82979e-14,105.769,0.942076,0,3135.05,0,87.1339,113.652,7.76393,0,0,0,0,3450.31,5228.11,1886.42,-0.478951
1774,2017-11-10,00:00:00.00,0,2.0095,-1.83046e-14,105.648,0.87706,0,3135.66,0,88.7904,113.696,6.67356,0,0,0,0,3451.34,5230.12,1887.4,-0.478951
1775,2017-11-11,00:00:00.00,0,0,-1.82723e-14,105.551,0.834659,0,3135.66,0,88.7904,113.696,5.96249,0,0,0,0,3450.49,5230.12,1888.25,-0.478951
1776,2017-11-12,00:00:00.00,0,0,-1.8183e-14,105.472,0.796777,0,3135.66,0,88.7904,113.696,5.32719,0,0,0,0,3449.74,5230.12,1889,-0.478951
1777,2017-11-13,00:00:00.00,0,1.6076,-1.81722e-14,105.402,0.762931,0,3135.71,0,88.7904,113.73,4.75957,0,1.51844,0,0,3450.67,5231.73,1889.68,-0.478951
1778,2017-11-14,00:00:00.00,0.20095,0,-1.82264e-14,105.321,0.717002,0,3136.3,0,90.2109,113.735,3.98933,0,0,0,0,3450.27,5231.93,1890.28,-0.478951
1779,2017-11-15,00:00:00.00,0,0,-1.8243e-14,105.208,0.657213,0,3137.59,0,89.5644,113.735,2.98663,0,0,0,0,3449.74,5231.93,1890.81,-0.478951
1780,2017-11-16,00:00:00.00,11.0522,0,-1.83255e-14,105.395,1.03588,0,3139.03,0,91.4719,113.975,9.33709,0,0,0,0,3460.25,5242.98,1891.35,-0.478951
1781,2017-11-17,00:00:00.00,1.2057,0,-1.82197e-14,105.696,0.942116,0,3140.33,0,92.0049,114.001,7.76459,0,0,0,0,3460.73,5244.18,1892.07,-0.478951
1782,2017-11-18,00:00:00.00,0,5.42564,-1.81526e-14,105.751,0.892784,0,3140.51,0,92.0049,114.119,6.93727,0,5.12474,0,0,3465.34,5249.61,1892.89,-0.478951
1783,2017-11-19,00:00:00.00,17.4826,0,-1.83476e-14,106.417,1.85618,0,3141.63,0,93.8934,114.499,23.0939,0.010404,0.299508,0,0,3481.7,5267.09,1894.02,-0.478951
1784,2017-11-20,00:00:00.00,0.367314,3.45073,-1.91092e-14,107.228,1.70945,0,3141.75,0,94.2323,114.582,20.6332,0.0107654,3.56961,0,0,3483.72,5270.91,1895.82,-0.478951
1785,2017-11-21,00:00:00.00,0,0,-1.81791e-14,107.35,1.57836,0,3141.75,0,94.2323,114.582,18.4347,0.00134405,3.57903,0,0,3481.51,5270.91,1898.02,-0.478951
1786,2017-11-22,00:00:00.00,3.21519,0,-1.80482e-14,107.433,1.70366,0,3143.36,0,94.7984,114.652,20.536,0,0,0,0,3482.48,5274.13,1900.26,-0.478951
1787,2017-11-23,00:00:00.00,0,0,-1.7749e-14,107.53,1.57318,0,3143.36,0,94.7984,114.652,18.3479,0,0,0,0,3480.26,5274.13,1902.49,-0.478951
1788,2017-11-24,00:00:00.00,0,0,-1.76987e-14,107.469,1.45661,0,3143.36,0,94.7984,114.652,16.3929,0,0,0,0,3478.13,5274.13,1904.62,-0.478951
1789,2017-11-25,00:00:00.00,0.602849,0,-1.85043e-14,107.339,1.31802,0,3144.65,0,94.7416,114.665,14.0686,0,0,0,0,3476.79,5274.73,1906.56,-0.478951
1790,2017-11-26,00:00:00.00,0,0,-1.85409e-14,107.17,1.18577,0,3146.26,0,93.937,114.665,11.8507,0,0,0,0,3475.07,5274.73,1908.28,-0.478951
1791,2017-11-27,00:00:00.00,0,0,-1.86765e-14,107.034,1.11047,0,3146.26,0,93.937,114.665,10.588,0,0,0,0,3473.6,5274.73,1909.75,-0.478951
1792,2017-11-28,00:00:00.00,0,0,-1.84313e-14,106.93,1.04091,0,3146.35,0,93.8939,114.665,9.4214,0,0,0,0,3472.3,5274.73,1911.05,-0.478951
1793,2017-11-29,00:00:00.00,0,0,-1.8468e-14,106.794,0.938184,0,3147.96,0,93.0893,114.665,7.69866,0,0,0,0,3471.14,5274.73,1912.21,-0.478951
1794,2017-11-30,00:00:00.00,0,0,-1.84726e-14,106.649,0.865545,0,3148.85,0,92.644,114.665,6.48046,0,0,0,0,3470.15,5274.73,1913.2,-0.478951
1795,2017-12-01,00:00:00.00,1.54785,1.86829,-1.85749e-14,106.545,0.83143,0,3148.95,0,93.9856,114.74,5.90833,0.000110493,1.76521,0,0,3472.73,5278.14,1914.04,-0.478951
1796,2017-12-02,00:00:00.00,0,0,-1.86766e-14,106.475,0.809889,0,3149.58,0,94.8206,114.74,5.54708,0,0,0,0,3471.97,5278.14,1914.79,-0.478951
1797,2017-12-03,00:00:00.00,0,0,-1.88614e-14,106.405,0.757863,0,3150.21,0,94.5056,114.74,4.67458,0,0,0,0,3471.3,5278.14,1915.47,-0.478951
1798,2017-12-04,00:00:00.00,0,0,-1.89635e-14,106.315,0.711381,0,3150.84,0,94.1905,114.74,3.89505,0,0,0,0,3470.69,5278.14,1916.07,-0.478951
1799,2017-12-05,00:00:00.00,7.23419,0,-1.89152e-14,106.442,0.972329,0,3151.59,0,95.162,114.897,8.27127,0,0,0,0,3477.33,5285.38,1916.67,-0.478951
1800,2017-12-06,00:00:00.00,0,0,-1.8743e-14,106.649,0.902995,0,3152.22,0,94.8469,114.897,7.10851,0,0,0,0,3476.62,5285.38,1917.38,-0.478951
1801,2017-12-07,00:00:00.00,0,1.00475,-1.88658e-14,106.67,0.849083,0,3152.42,0,94.8402,114.919,6.20439,0,0.949026,0,0,3476.85,5286.38,1918.16,-0.478951
1802,2017-12-08,00:00:00.00,0,0,-1.89565e-14,106.63,0.808258,0,3152.45,0,94.8351,114.919,5.51974,0,0.949026,0,0,3476.11,5286.38,1918.89,-0.478951
1803,2017-12-09,00:00:00.00,0,0,-1.89386e-14,106.573,0.771783,0,3152.48,0,94.83,114.919,4.90804,0,0.949026,0,0,3475.43,5286.38,1919.57,-0.478951
1804,2017-12-10,00:00:00.00,0,2.0095,-1.8762e-14,106.512,0.738146,0,3152.6,0,94.8284,114.962,4.34392,0,2.84708,0,0,3476.83,5288.39,1920.19,-0.478951
1805,2017-12-11,00:00:00.00,0,6.63134,-1.86778e-14,106.454,0.710547,0,3152.82,0,94.8284,115.106,3.88107,0,9.11065,0,0,3482.91,5295.02,1920.73,-0.478951
1806,2017-12-12,00:00:00.00,0,7.03324,-1.85589e-14,106.399,0.685889,0,3153.06,0,94.8284,115.259,3.46754,0,15.7538,0,0,3489.45,5302.06,1921.23,-0.478951
1807,2017-12-13,00:00:00.00,0,0,-1.86178e-14,106.346,0.663858,0,3153.06,0,94.8284,115.259,3.09808,0,15.7538,0,0,3489.01,5302.06,1921.67,-0.478951
1808,2017-12-14,00:00:00.00,0,1.6076,-1.86277e-14,106.296,0.644174,0,3153.11,0,94.8284,115.294,2.76797,0,17.2723,0,0,3490.22,5303.67,1922.07,-0.478951
1809,2017-12-15,00:00:00.00,0,0.401899,-1.86728e-14,106.251,0.626588,0,3153.13,0,94.8284,115.303,2.47305,0,17.6519,0,0,3490.26,5304.07,1922.43,-0.478951
1810,2017-12-16,00:00:00.00,0,2.8133,-1.86328e-14,106.21,0.610876,0,3153.22,0,94.8284,115.364,2.20954,0,20.3092,0,0,3492.75,5306.88,1922.75,-0.478951
1811,2017-12-17,00:00:00.00,0,0.401899,-1.85958e-14,106.171,0.596838,0,3153.24,0,94.8284,115.373,1.97411,0,20.6888,0,0,3492.87,5307.28,1923.04,-0.478951
1812,2017-12-18,00:00:00.00,0,1.00475,-1.862e-14,106.133,0.584295,0,3153.27,0,94.8284,115.395,1.76377,0,21.6378,0,0,3493.61,5308.29,1923.3,-0.478951
1813,2017-12-19,00:00:00.00,0,1.2057,-1.86351e-14,106.091,0.569586,0,3153.38,0,94.8259,115.421,1.51709,0,22.7766,0,0,3494.58,5309.49,1923.54,-0.478951
1814,2017-12-20,00:00:00.00,0,0,-1.86372e-14,106.076,0.599771,0,3153.75,0,95.628,115.421,2.02331,0.699985,20.151,0,0,3494.35,5309.49,1923.76,-0.478951
1815,2017-12-21,00:00:00.00,0,1.00475,-1.85886e-14,106.084,0.583413,0,3153.86,0,95.6254,115.443,1.74897,0,21.8,0,0,3495.14,5310.5,1923.98,-0.478951
1816,2017-12-22,00:00:00.00,0,7.03324,-1.85609e-14,106.071,0.572301,0,3154.09,0,95.6254,115.596,1.56262,0,28.4432,0,0,3501.96,5317.53,1924.19,-0.478951
1817,2017-12-23,00:00:00.00,0,2.0095,-1.8542e-14,106.048,0.562373,0,3154.16,0,95.6254,115.639,1.39612,0,30.3413,0,0,3503.77,5319.54,1924.39,-0.478951
1818,2017-12-24,00:00:00.00,0,2.0095,-1.85419e-14,106.019,0.551048,0,3154.28,0,95.6239,115.683,1.2062,0,32.2393,0,0,3505.6,5321.55,1924.57,-0.478951
1819,2017-12-25,00:00:00.00,0,6.63134,-1.85375e-14,105.99,0.543384,0,3154.5,0,95.6239,115.827,1.07768,0,38.5029,0,0,3512.07,5328.18,1924.74,-0.478951
1820,2017-12-26,00:00:00.00,0,1.40665,-1.85344e-14,105.962,0.536537,0,3154.55,0,95.6239,115.858,0.962851,0,39.8315,0,0,3513.32,5329.59,1924.89,-0.478951
1821,2017-12-27,00:00:00.00,0,0,-1.85222e-14,105.937,0.53042,0,3154.55,0,95.6239,115.858,0.860259,0,39.8315,0,0,3513.19,5329.59,1925.02,-0.478951
1822,2017-12-28,00:00:00.00,0,0,-1.85112e-14,105.915,0.524954,0,3154.55,0,95.6239,115.858,0.768598,0,39.8315,0,0,3513.07,5329.59,1925.14,-0.478951
1823,2017-12-29,00:00:00.00,0,0.401899,-1.8507e-14,105.894,0.520071,0,3154.56,0,95.6239,115.867,0.686703,0,40.2111,0,0,3513.36,5329.99,1925.25,-0.478936
1824,2017-12-30,00:00:00.00,0,2.61235,-1.84962e-14,105.873,0.515708,0,3154.65,0,95.6239,115.923,0.613535,0,42.6786,0,0,3515.88,5332.6,1925.35,-0.478936
1825,2017-12-31,00:00:00.00,0,0.401899,-1.84903e-14,105.851,0.51181,0,3154.66,0,95.6239,115.932,0.548162,0,43.0582,0,0,3516.19,5333,1925.44,-0.478936
1826,2018-01-01,00:00:00.00,0,0,-1.8505e-14,105.828,0.508327,0,3154.66,0,95.6239,115.932,0.489756,0,43.0582,0,0,3516.1,5333,1925.52,-0.478936
1827,2018-01-02,00:00:00.00,0,4.42089,-1.85146e-14,105.806,0.505216,0,3154.81,0,95.6239,116.028,0.437572,0,47.2339,0,0,3520.45,5337.42,1925.6,-0.478936
1828,2018-01-03,00:00:00.00,0,0,-1.85213e-14,105.784,0.502436,0,3154.81,0,95.6239,116.028,0.390948,0,47.2339,0,0,3520.38,5337.42,1925.67,-0.478936
1829,2018-01-04,00:00:00.00,0,0.803799,-1.85213e-14,105.764,0.499952,0,3154.84,0,95.6239,116.046,0.349293,0,47.9932,0,0,3521.11,5338.23,1925.74,-0.478936
1830,2018-01-05,00:00:00.00,0,0,-1.85153e-14,105.745,0.497733,0,3154.84,0,95.6239,116.046,0.312075,0,47.9932,0,0,3521.06,5338.23,1925.8,-0.478936
1831,2018-01-06,00:00:00.00,0,0,-1.85239e-14,105.727,0.49575,0,3154.84,0,95.6239,116.046,0.278824,0,47.9932,0,0,3521,5338.23,1925.85,-0.478936
1832,2018-01-07,00:00:00.00,0,0,-1.85242e-14,105.711,0.493978,0,3154.84,0,95.6239,116.046,0.249115,0,47.9932,0,0,3520.96,5338.23,1925.9,-0.478936
1833,2018-01-08,00:00:00.00,0,7.03324,-1.85341e-14,105.696,0.492396,0,3155.08,0,95.6239,116.199,0.222572,0,54.6363,0,0,3527.95,5345.26,1925.94,-0.478936
1834,2018-01-09,00:00:00.00,0,2.0095,-1.85337e-14,105.673,0.484389,0,3155.27,0,95.6187,116.242,0.0883048,0,56.5344,0,0,3529.91,5347.27,1925.98,-0.478936
1835,2018-01-10,00:00:00.00,0,0,-1.85331e-14,105.644,0.479124,0,3155.39,0,95.5867,116.242,0,0,56.5344,0,0,3529.88,5347.27,1926.02,-0.478936
1836,2018-01-11,00:00:00.00,0,6.43039,-1.85331e-14,105.616,0.479124,0,3155.62,0,95.581,116.382,0,0,62.6082,0,0,3536.28,5353.7,1926.04,-0.478936
1837,2018-01-12,00:00:00.00,20.4969,0,-1.8095e-14,106.868,2.0891,0,3156.13,0,96.863,116.828,27,1.70029,48.9475,0,0,3556.42,5374.2,1926.4,-0.478936
1838,2018-01-13,00:00:00.00,0,6.02849,-1.80231e-14,108.459,1.90876,0,3156.5,0,96.8572,116.959,23.9757,0,56.342,0,0,3561,5380.23,1927.85,-0.478936
1839,2018-01-14,00:00:00.00,0,0,-1.83416e-14,108.811,1.75643,0,3156.5,0,96.8572,116.959,21.4211,0,56.342,0,0,3558.65,5380.23,1930.2,-0.478936
1840,2018-01-15,00:00:00.00,0,0,-1.85602e-14,108.787,1.62033,0,3156.5,0,96.8572,116.959,19.1386,0,56.342,0,0,3556.2,5380.23,1932.65,-0.478936
1841,2018-01-16,00:00:00.00,0,5.02374,-1.85104e-14,108.682,1.49874,0,3156.67,0,96.8572,117.068,17.0994,0,61.0871,0,0,3558.96,5385.25,1934.91,-0.478936
1842,2018-01-17,00:00:00.00,0,6.43039,-1.87054e-14,108.563,1.38749,0,3156.94,0,96.8565,117.208,15.2337,0,67.1609,0,0,3563.34,5391.68,1936.96,-0.478936
1843,2018-01-18,00:00:00.00,0,0,-1.89051e-14,108.446,1.2907,0,3156.94,0,96.8565,117.208,13.6106,0,67.1609,0,0,3561.51,5391.68,1938.8,-0.478936
1844,2018-01-19,00:00:00.00,0,0,-1.91277e-14,108.336,1.20382,0,3156.94,0,96.855,117.208,12.1535,0,67.1609,0,0,3559.86,5391.68,1940.44,-0.478936
1845,2018-01-20,00:00:00.00,0,0,-1.91522e-14,108.222,1.11781,0,3157.14,0,96.823,117.208,10.711,0,67.1609,0,0,3558.38,5391.68,1941.92,-0.478936
1846,2018-01-21,00:00:00.00,0,0,-1.93132e-14,108.107,1.04096,0,3157.34,0,96.791,117.208,9.42225,0.000116986,67.1608,0,0,3557.07,5391.68,1943.24,-0.478936
1847,2018-01-22,00:00:00.00,0.791176,1.62022,-1.9301e-14,107.995,0.9723,0,3157.59,0,96.7845,117.26,8.2708,0.753352,68.6917,0,0,3558.31,5394.09,1944.4,-0.478936
1848,2018-01-23,00:00:00.00,29.7406,0,-1.94337e-14,108.962,2.5095,0,3158.26,0,97.6759,117.907,34.0504,2.25369,64.8789,0,0,3586.5,5423.83,1945.96,-0.478936
1849,2018-01-24,00:00:00.00,1.00475,1.6076,-1.96036e-14,110.328,2.60954,0,3158.51,0,98.0852,117.963,35.728,2.11795,60.971,0,0,3586.32,5426.45,1948.75,-0.478936
1850,2018-01-25,00:00:00.00,0,0,-1.90387e-14,110.666,2.38254,0,3158.51,0,98.0852,117.963,31.9212,0,63.0889,0,0,3582.62,5426.45,1952.45,-0.478936
1851,2018-01-26,00:00:00.00,0,2.0095,-1.8914e-14,110.593,2.17973,0,3158.58,0,98.0852,118.007,28.52,0,64.987,0,0,3580.95,5428.45,1956.13,-0.478936
1852,2018-01-27,00:00:00.00,0,0,-1.84801e-14,110.453,1.98974,0,3158.78,0,98.0532,118.007,25.3337,0.00012307,64.9869,0,0,3577.6,5428.45,1959.48,-0.478936
1853,2018-01-28,00:00:00.00,0.20095,0,-1.91047e-14,110.469,2.09236,0,3158.97,0,98.3571,118.011,27.0547,2.00533,57.7291,0,0,3574.69,5428.66,1962.59,-0.478936
1854,2018-01-29,00:00:00.00,0,0,-1.90601e-14,110.51,1.91167,0,3159.17,0,98.3252,118.011,24.0245,1.44862,58.2858,0,0,3571.69,5428.66,1965.59,-0.478936
1855,2018-01-30,00:00:00.00,0,10.0475,-1.92114e-14,110.389,1.75038,0,3159.68,0,98.3203,118.23,21.3195,0,69.2247,0,0,3578.91,5438.7,1968.42,-0.478936
1856,2018-01-31,00:00:00.00,0,0.401899,-1.89167e-14,110.252,1.61493,0,3159.69,0,98.3203,118.239,19.0479,0,69.6043,0,0,3576.77,5439.11,1970.96,-0.478936
1857,2018-02-01,00:00:00.00,0,0,-1.88731e-14,110.12,1.49391,0,3159.69,0,98.3203,118.239,17.0184,0,69.6043,0,0,3574.49,5439.11,1973.24,-0.478936
1858,2018-02-02,00:00:00.00,0,0,-1.9224e-14,109.982,1.37223,0,3159.99,0,98.2711,118.239,14.9779,0,69.6043,0,0,3572.44,5439.11,1975.29,-0.478936
1859,2018-02-03,00:00:00.00,0,0,-1.98609e-14,109.854,1.27707,0,3159.99,0,98.2711,118.239,13.382,0,69.6043,0,0,3570.62,5439.11,1977.11,-0.478936
1860,2018-02-04,00:00:00.00,0,7.03324,-2.02649e-14,109.738,1.19019,0,3160.27,0,98.2711,118.392,11.925,0,76.2475,0,0,3576.03,5446.14,1978.73,-0.478936
1861,2018-02-05,00:00:00.00,0,3.01425,-2.06406e-14,109.616,1.10088,0,3160.63,0,98.2609,118.457,10.4272,0,79.0945,0,0,3577.59,5449.15,1980.19,-0.478936
1862,2018-02-06,00:00:00.00,0,0,-2.08057e-14,109.505,1.03463,0,3160.63,0,98.2609,118.457,9.31615,0,79.0945,0,0,3576.3,5449.15,1981.48,-0.478936
1863,2018-02-07,00:00:00.00,0,3.01425,-2.08945e-14,109.408,0.975281,0,3160.74,0,98.2609,118.523,8.32079,0,81.9416,0,0,3578.17,5452.17,1982.62,-0.478936
1864,2018-02-08,00:00:00.00,0,4.01899,-2.07687e-14,109.316,0.922253,0,3160.88,0,98.2609,118.61,7.43148,0,85.7377,0,0,3581.15,5456.19,1983.66,-0.478936
1865,2018-02-09,00:00:00.00,0,1.00475,-2.0806e-14,109.231,0.875037,0,3160.91,0,98.2609,118.632,6.63965,0,86.6868,0,0,3581.23,5457.19,1984.58,-0.478936
1866,2018-02-10,00:00:00.00,0,7.23419,-2.09351e-14,109.15,0.832853,0,3161.15,0,98.2609,118.789,5.93219,0,93.5197,0,0,3587.64,5464.42,1985.41,-0.478936
1867,2018-02-11,00:00:00.00,0,8.64084,-2.08846e-14,109.067,0.78992,0,3161.55,0,98.2585,118.977,5.21219,0,101.681,0,0,3595.53,5473.07,1986.16,-0.478936
1868,2018-02-12,00:00:00.00,0,1.00475,-2.07767e-14,108.978,0.748175,0,3161.75,0,98.2518,118.999,4.51211,0,102.63,0,0,3595.87,5474.07,1986.83,-0.478936
1869,2018-02-13,00:00:00.00,0,0,-2.0785e-14,108.896,0.716805,0,3161.81,0,98.242,118.999,3.98601,0,102.63,0,0,3595.28,5474.07,1987.42,-0.478936
1870,2018-02-14,00:00:00.00,0,0,-2.07652e-14,108.824,0.69148,0,3161.81,0,98.242,118.999,3.5613,0,102.63,0,0,3594.76,5474.07,1987.94,-0.478936
1871,2018-02-15,00:00:00.00,0,8.23894,-2.06764e-14,108.743,0.655306,0,3162.35,0,98.2329,119.178,2.95465,0,110.412,0,0,3602.53,5482.31,1988.41,-0.478936
1872,2018-02-16,00:00:00.00,0.401899,0,-2.04804e-14,108.983,1.06892,0,3162.65,0,98.5045,119.187,9.89112,3.42802,98.6851,0,0,3602.4,5482.71,1988.93,-0.478936
1873,2018-02-17,00:00:00.00,0,0,-2.06915e-14,109.335,0.992528,0,3162.96,0,98.4552,119.187,8.61002,0,102.113,0,0,3601.65,5482.71,1989.68,-0.478936
1874,2018-02-18,00:00:00.00,0,0,-2.09325e-14,109.392,0.932582,0,3163.08,0,98.4362,119.187,7.60469,0,102.113,0,0,3600.74,5482.71,1990.59,-0.478936
1875,2018-02-19,00:00:00.00,0,0,-2.08766e-14,109.332,0.870718,0,3163.38,0,98.3869,119.187,6.56722,0,102.113,0,0,3599.84,5482.71,1991.5,-0.478936
1876,2018-02-20,00:00:00.00,20.4969,0,-2.05703e-14,110.183,2.20898,0,3164.15,0,98.7391,119.632,29.0105,3.19397,91.9475,0,0,3619.06,5503.21,1992.77,-0.478936
1877,2018-02-21,00:00:00.00,17.4826,0,-2.04493e-14,113.51,5.95028,0,3164.86,0,99.0573,120.012,65.251,2.14971,61.8854,0,0,3632.67,5520.69,1996.64,-0.478936
1878,2018-02-22,00:00:00.00,0.367314,1.44123,-2.14138e-14,115.129,3.94184,0,3165.18,0,99.0469,120.051,58.0713,1.45313,64.2932,0,0,3627.16,5522.5,2003.96,-0.478936
1879,2018-02-23,00:00:00.00,0,0,-2.03498e-14,114.162,3.55934,0,3165.48,0,98.9977,120.051,51.6566,0,65.7464,0,0,3619.65,5522.5,2011.47,-0.478936
1880,2018-02-24,00:00:00.00,3.10832,1.31257,-2.02016e-14,113.952,3.35829,0,3165.87,0,99.0664,120.148,48.2849,2.24259,64.9855,0,0,3617.91,5526.92,2017.64,-0.478936
1881,2018-02-25,00:00:00.00,1.99687,0.414522,-2.02417e-14,113.922,3.30294,0,3166.2,0,99.1723,120.2,47.3567,2.16304,62.2691,0,0,3614.58,5529.33,2023.37,-0.478936
1882,2018-02-26,00:00:00.00,0,0,-1.87815e-14,114.257,3.76037,0,3166.5,0,99.2386,120.2,55.028,1.67278,48.1556,0,0,3608.81,5529.33,2029.14,-0.478936
1883,2018-02-27,00:00:00.00,0,0,-1.761e-14,114.616,3.68968,0,3166.81,0,99.2776,120.2,53.8426,1.48551,42.7646,0,0,3602.68,5529.33,2035.27,-0.478936
1884,2018-02-28,00:00:00.00,0,0,-1.8296e-14,115.058,4.30862,0,3167.11,0,99.3219,120.2,64.2224,0.86826,24.9953,0,0,3596.08,5529.33,2041.87,-0.478936
1885,2018-03-01,00:00:00.00,0,0,-1.70638e-14,115.728,4.64587,0,3167.62,0,99.1878,120.2,69.8783,0.386054,11.1137,0,0,3588.76,5529.33,2049.2,-0.478936
1886,2018-03-02,00:00:00.00,0,0,-1.67946e-14,115.818,4.15774,0,3169.28,0,98.359,120.2,61.6921,0.375983,11.1237,0,0,3581,5529.33,2056.95,-0.478936
1887,2018-03-03,00:00:00.00,0,0,-1.48476e-14,115.444,3.71899,0,3171.03,0,97.5266,120.2,54.334,0.384502,11.069,0,0,3573.71,5529.33,2064.25,-0.478936
1888,2018-03-04,00:00:00.00,0,0,-1.3644e-14,115.069,3.34717,0,3172.03,0,97.0272,120.2,48.0984,0,11.4535,0,0,3567.23,5529.33,2070.73,-0.478936
1889,2018-03-05,00:00:00.00,0,0,-1.34993e-14,114.716,3.02667,0,3172.59,0,96.7475,120.2,42.7235,0,11.4535,0,0,3561.46,5529.33,2076.5,-0.478936
1890,2018-03-06,00:00:00.00,0,0,-1.48227e-14,114.364,2.72861,0,3173.59,0,96.2481,120.2,37.725,0,11.4535,0,0,3556.31,5529.33,2081.65,-0.478936
1891,2018-03-07,00:00:00.00,0,0.401899,-1.65712e-14,114.036,2.48865,0,3173.61,0,96.2479,120.209,33.7006,0,11.8331,0,0,3552.12,5529.73,2086.23,-0.478936
1892,2018-03-08,00:00:00.00,0,1.00475,-1.56098e-14,113.7,2.24207,0,3174.34,0,96.1599,120.231,29.5654,0,12.7821,0,0,3549.02,5530.74,2090.34,-0.478936
1893,2018-03-09,00:00:00.00,0,0,-1.49756e-14,113.386,2.05395,0,3174.35,0,96.1588,120.231,26.4105,0,12.7821,0,0,3545.37,5530.74,2093.99,-0.478936
1894,2018-03-10,00:00:00.00,0,1.6076,-1.52016e-14,113.083,1.86831,0,3174.75,0,96.1419,120.266,23.2974,0,14.3005,0,0,3543.71,5532.35,2097.26,-0.478936
1895,2018-03-11,00:00:00.00,0,0,-1.45305e-14,112.788,1.70831,0,3175.02,0,96.0983,120.266,20.6141,0,14.3005,0,0,3540.8,5532.35,2100.17,-0.478936
1896,2018-03-12,00:00:00.00,0,0,-1.49696e-14,112.517,1.57706,0,3175.03,0,96.0973,120.266,18.4129,0,14.3005,0,0,3538.2,5532.35,2102.77,-0.478936
1897,2018-03-13,00:00:00.00,0,0.602849,-1.44597e-14,112.257,1.45102,0,3175.23,0,96.0823,120.279,16.2991,0,14.87,0,0,3536.47,5532.95,2105.1,-0.478936
1898,2018-03-14,00:00:00.00,0,0.401899,-1.44034e-14,112.014,1.34718,0,3175.25,0,96.0822,120.287,14.5577,0,15.2496,0,0,3534.79,5533.35,2107.18,-0.478936
1899,2018-03-15,00:00:00.00,0,0,-1.45307e-14,111.786,1.25441,0,3175.26,0,96.0812,120.287,13.0019,0,15.2496,0,0,3532.92,5533.35,2109.06,-0.478936
1900,2018-03-16,00:00:00.00,0,0.401899,-1.46525e-14,111.562,1.16274,0,3175.46,0,96.0602,120.296,11.4646,0,15.6292,0,0,3531.64,5533.75,2110.74,-0.478936
1901,2018-03-17,00:00:00.00,0,0,-1.46551e-14,111.353,1.0899,0,3175.46,0,96.0602,120.296,10.2431,0,15.6292,0,0,3530.13,5533.75,2112.24,-0.478936
1902,2018-03-18,00:00:00.00,0,0,-1.47448e-14,111.134,1.00114,0,3175.99,0,95.9741,120.296,8.75445,0,15.6292,0,0,3528.78,5533.75,2113.59,-0.478936
1903,2018-03-19,00:00:00.00,0,0,-1.49338e-14,110.885,0.901354,0,3176.98,0,95.8136,120.296,7.081,0.000204933,15.629,0,0,3527.59,5533.75,2114.79,-0.478936
1904,2018-03-20,00:00:00.00,0,0,-1.48679e-14,110.672,0.856365,0,3176.98,0,95.8136,120.296,6.32651,0,15.6292,0,0,3526.58,5533.75,2115.8,-0.478936
1905,2018-03-21,00:00:00.00,0,0,-1.49119e-14,110.48,0.798336,0,3177.38,0,95.7487,120.296,5.35333,0,15.6292,0,0,3525.69,5533.75,2116.69,-0.478936
1906,2018-03-22,00:00:00.00,0,0,-1.48413e-14,110.285,0.740638,0,3177.91,0,95.6626,120.296,4.38572,0,15.6292,0,0,3524.91,5533.75,2117.46,-0.478936
1907,2018-03-23,00:00:00.00,0,0,-1.47665e-14,110.093,0.692014,0,3178.38,0,95.5871,120.296,3.57026,0,15.6292,0,0,3524.25,5533.75,2118.13,-0.478936
1908,2018-03-24,00:00:00.00,0,0,-1.47751e-14,109.913,0.651496,0,3178.78,0,95.5223,120.296,2.89076,0,15.6292,0,0,3523.68,5533.75,2118.7,-0.478936
1909,2018-03-25,00:00:00.00,0,0,-1.48209e-14,109.756,0.627026,0,3178.91,0,95.5,120.296,2.48038,0,15.6292,0,0,3523.2,5533.75,2119.17,-0.478936
1910,2018-03-26,00:00:00.00,0,0,-1.4842e-14,109.621,0.608358,0,3178.98,0,95.4884,120.296,2.16732,0,15.6292,0,0,3522.79,5533.75,2119.58,-0.478936
1911,2018-03-27,00:00:00.00,0.602849,0,-1.48329e-14,109.601,0.743216,0,3180.61,0,95.6297,120.309,4.42894,0.391549,11.2719,0,0,3522.98,5534.36,2120,-0.478936
1912,2018-03-28,00:00:00.00,5.62659,0,-1.45758e-14,109.824,0.953816,0,3182.35,0,95.8923,120.432,7.96081,0.358505,10.3206,0,0,3528.09,5539.98,2120.51,-0.478936
1913,2018-03-29,00:00:00.00,0,0,-1.45779e-14,110.041,0.916447,0,3184.11,0,95.2136,120.432,7.3341,0.313975,9.03864,0,0,3527.4,5539.98,2121.21,-0.478936
1914,2018-03-30,00:00:00.00,11.6551,0,-1.43313e-14,110.451,1.40505,0,3185.99,0,95.6853,120.685,15.5282,0.280443,8.07333,0,0,3538.1,5551.64,2122.16,-0.478936
1915,2018-03-31,00:00:00.00,0,0,-1.3871e-14,110.865,1.2702,0,3187.75,0,94.9355,120.685,13.2667,0.269429,7.75628,0,0,3536.8,5551.64,2123.47,-0.478936
1916,2018-04-01,00:00:00.00,13.2627,0,-1.41236e-14,111.273,1.76732,0,3189.67,0,95.4942,120.973,21.6037,0.25545,7.35386,0,0,3548.39,5564.9,2125.14,-0.478936
1917,2018-04-02,00:00:00.00,0,0,-1.44032e-14,111.685,1.63006,0,3189.67,0,95.4942,120.973,19.3018,0,7.60931,0,0,3546.36,5564.9,2127.16,-0.478936
1918,2018-04-03,00:00:00.00,0,0,-1.39611e-14,111.687,1.50743,0,3189.67,0,95.4942,120.973,17.2452,0,7.60931,0,0,3544.18,5564.9,2129.34,-0.478936
1919,2018-04-04,00:00:00.00,25.1187,0,-1.31337e-14,112.368,2.62982,0,3190.17,0,96.6867,121.519,36.0682,0.247057,7.11223,0,0,3566.8,5590.02,2131.84,-0.478936
1920,2018-04-05,00:00:00.00,0,2.0095,-1.22725e-14,113.145,2.40066,0,3190.24,0,96.6867,121.563,32.2251,0,9.25734,0,0,3565.52,5592.03,2135.13,-0.478936
1921,2018-04-06,00:00:00.00,0,0,-1.19803e-14,113.13,2.19592,0,3190.24,0,96.6867,121.563,28.7915,0,9.25734,0,0,3561.86,5592.03,2138.79,-0.478936
1922,2018-04-07,00:00:00.00,0,7.03324,-1.2308e-14,112.972,2.013,0,3190.48,0,96.6867,121.716,25.7238,0,15.9005,0,0,3565.49,5599.06,2142.2,-0.478936
1923,2018-04-08,00:00:00.00,0,0.401899,-1.18224e-14,112.786,1.84956,0,3190.49,0,96.6867,121.725,22.9829,0,16.2801,0,0,3562.8,5599.46,2145.29,-0.478936
1924,2018-04-09,00:00:00.00,0,0.803799,-1.20542e-14,112.593,1.70354,0,3190.52,0,96.6867,121.742,20.5341,0,17.0394,0,0,3560.82,5600.27,2148.07,-0.478936
1925,2018-04-10,00:00:00.00,0,2.0095,-1.18669e-14,112.4,1.57308,0,3190.58,0,96.6867,121.786,18.3461,0,18.9374,0,0,3560.31,5602.28,2150.59,-0.478936
1926,2018-04-11,00:00:00.00,0,0,-1.08481e-14,112.206,1.45652,0,3190.58,0,96.6867,121.786,16.3914,0,18.9374,0,0,3558.05,5602.28,2152.85,-0.478936
1927,2018-04-12,00:00:00.00,0,2.4114,-1.04782e-14,112.016,1.35238,0,3190.67,0,96.6867,121.838,14.6448,0,21.2151,0,0,3558.42,5604.69,2154.89,-0.478936
1928,2018-04-13,00:00:00.00,1.80855,0,-1.02801e-14,112.23,1.93714,0,3194.56,0,95.8805,121.877,24.4515,0.240722,6.92986,0,0,3558.11,5606.5,2157.01,-0.478936
1929,2018-04-14,00:00:00.00,9.84653,0,-9.29881e-15,112.896,2.28066,0,3194.81,0,96.736,122.092,30.2125,0.212587,6.11992,0,0,3565.36,5616.34,2159.6,-0.478936
1930,2018-04-15,00:00:00.00,0,8.03799,-1.03777e-14,113.18,2.0887,0,3195.09,0,96.736,122.266,26.9934,0,13.9247,0,0,3570.28,5624.38,2162.73,-0.478936
1931,2018-04-16,00:00:00.00,0,30.3434,-1.07684e-14,113.061,1.9172,0,3195.76,0,96.736,122.926,24.1172,0,42.9341,0,0,3597.45,5654.72,2165.9,-0.478936
1932,2018-04-17,00:00:00.00,0,0,-1.0628e-14,112.867,1.76397,0,3195.76,0,96.736,122.926,21.5475,0,42.9341,0,0,3594.53,5654.72,2168.81,-0.478936
1933,2018-04-18,00:00:00.00,0,2.0095,-1.03526e-14,112.66,1.62707,0,3195.83,0,96.736,122.97,19.2516,0,44.8322,0,0,3593.9,5656.73,2171.45,-0.478936
1934,2018-04-19,00:00:00.00,0,0,-1.05542e-14,112.451,1.50476,0,3195.83,0,96.736,122.97,17.2004,0.00026248,44.8319,0,0,3591.52,5656.73,2173.84,-0.478936
1935,2018-04-20,00:00:00.00,0,0,-1.04442e-14,112.245,1.39548,0,3195.83,0,96.736,122.97,15.3676,0,44.8322,0,0,3589.37,5656.73,2175.98,-0.478936
1936,2018-04-21,00:00:00.00,0,0,-1.07265e-14,112.043,1.29788,0,3195.83,0,97.0536,122.97,13.7309,1.19382,43.3199,0,0,3587.44,5656.73,2177.92,-0.478936
1937,2018-04-22,00:00:00.00,0,0,-1.15163e-14,112.603,2.39928,0,3195.98,0,97.7677,122.97,32.2019,0.716384,20.6231,0,0,3585.26,5656.73,2180.1,-0.478936
1938,2018-04-23,00:00:00.00,0,0,-1.32145e-14,113.575,2.75349,0,3201.28,0,96.0635,122.97,38.1421,0.243352,7.00558,0,0,3582.04,5656.73,2183.32,-0.478936
1939,2018-04-24,00:00:00.00,0,0,-1.25141e-14,113.908,2.59838,0,3206.59,0,93.6487,122.97,35.5408,0.0913274,2.62911,0,0,3577.97,5656.73,2187.38,-0.478936
1940,2018-04-25,00:00:00.00,8.43989,0,-1.27993e-14,114.011,2.70747,0,3211.89,0,93.0334,123.153,37.3704,0,0,0,0,3582.17,5665.17,2191.63,-0.478936
1941,2018-04-26,00:00:00.00,7.43514,0,-1.33005e-14,114.127,2.60575,0,3217.2,0,92.4537,123.315,35.6644,0,0,0,0,3585.37,5672.61,2195.87,-0.478936
1942,2018-04-27,00:00:00.00,0,0,-1.34305e-14,113.97,2.25767,0,3221.76,0,90.1735,123.315,29.8271,0,0,0,0,3581.3,5672.61,2199.93,-0.478936
1943,2018-04-28,00:00:00.00,1.40665,0,-1.42899e-14,113.587,1.92683,0,3227.07,0,88.8965,123.345,24.2787,0,0,0,0,3579.1,5674.02,2203.54,-0.478936
1944,2018-04-29,00:00:00.00,0,0,-1.45714e-14,113.288,1.77258,0,3227.07,0,88.8965,123.345,21.6918,0,0,0,0,3576.06,5674.02,2206.58,-0.478936
1945,2018-04-30,00:00:00.00,0,0,-1.43695e-14,113.034,1.60162,0,3228.31,0,88.2744,123.345,18.8247,0,0,0,0,3573.39,5674.02,2209.25,-0.478936
1946,2018-05-01,00:00:00.00,0,0,-1.37259e-14,112.659,1.34068,0,3233.62,0,85.6215,123.345,14.4486,0,0,0,0,3571.03,5674.02,2211.61,-0.478936
1947,2018-05-02,00:00:00.00,0,0,-1.39195e-14,112.042,0.951542,0,3244.78,0,80.0403,123.345,7.92268,0,0,0,0,3569.08,5674.02,2213.56,-0.478936
1948,2018-05-03,00:00:00.00,5.02374,0,-1.38706e-14,111.272,0.605655,0,3255.91,0,79.3738,123.454,2.12198,0,0,0,0,3572.74,5679.04,2214.93,-0.478936
1949,2018-05-04,00:00:00.00,12.1575,0,-1.39833e-14,110.828,0.850606,0,3262.44,0,79.8831,123.719,6.22993,0,0,0,0,3583.95,5691.2,2215.87,-0.478936
1950,2018-05-05,00:00:00.00,0.401899,0,-1.40923e-14,110.5,0.527967,0,3273.33,0,74.6952,123.727,0.819113,0,0,0,0,3583.6,5691.6,2216.62,-0.478936
1951,2018-05-06,00:00:00.00,2.4114,0,-1.41022e-14,110.034,0.492325,0,3277.77,0,73.1906,123.78,0.221392,0,0,0,0,3585.49,5694.01,2217.15,-0.478936
1952,2018-05-07,00:00:00.00,2.21045,0,-1.41265e-14,109.682,0.479124,0,3282.2,0,71.1407,123.828,0,0,0,0,0,3587.33,5696.22,2217.51,-0.478936
1953,2018-05-08,00:00:00.00,0,0,-1.41265e-14,109.441,0.479124,0,3285.02,0,68.3236,123.828,0,0,0,0,0,3587.09,5696.22,2217.75,-0.478936
1954,2018-05-09,00:00:00.00,0,0,-1.41265e-14,109.239,0.479124,0,3288.54,0,64.8089,123.828,0,0,0,0,0,3586.89,5696.22,2217.95,-0.478918
1955,2018-05-10,00:00:00.00,2.0095,0,-1.41265e-14,109.023,0.479124,0,3294.12,0,61.1936,123.872,0,0,0,0,0,3588.68,5698.23,2218.17,-0.478918
1956,2018-05-11,00:00:00.00,0,0,-1.41265e-14,108.842,0.479124,0,3299.03,0,56.2836,123.872,0,0,0,0,0,3588.5,5698.23,2218.35,-0.478918
1957,2018-05-12,00:00:00.00,0,0,-1.41265e-14,108.783,0.479124,0,3299.03,0,56.2836,123.872,0,0,0,0,0,3588.44,5698.23,2218.41,-0.478918
1958,2018-05-13,00:00:00.00,0,0,-1.41265e-14,108.729,0.479124,0,3299.03,0,56.2836,123.872,0,0,0,0,0,3588.39,5698.23,2218.46,-0.478918
1959,2018-05-14,00:00:00.00,0,0,-1.41265e-14,108.626,0.479124,0,3301.49,0,53.8173,123.872,0,0,0,0,0,3588.29,5698.23,2218.57,-0.478918
1960,2018-05-15,00:00:00.00,10.6503,0,-1.41265e-14,108.478,0.479124,0,3306.4,0,59.3284,124.103,5.28295e-07,0,0,0,0,3598.79,5708.88,2218.71,-0.478918
1961,2018-05-16,00:00:00.00,3.81804,0,-1.41265e-14,108.327,0.479124,0,3311.98,0,57.4823,124.186,0,0,0,0,0,3602.46,5712.7,2218.87,-0.478918
1962,2018-05-17,00:00:00.00,0,0,-1.41265e-14,108.202,0.479124,0,3316.89,0,52.5734,124.186,0,0,0,0,0,3602.33,5712.7,2218.99,-0.478918
1963,2018-05-18,00:00:00.00,0,0,-1.41265e-14,108.07,0.479124,0,3322.19,0,47.2726,124.186,0,0,0,0,0,3602.2,5712.7,2219.12,-0.478918
1964,2018-05-19,00:00:00.00,2.0095,0,-1.41265e-14,108.03,0.479124,0,3323.73,0,47.7004,124.23,0,0,0,0,0,3604.17,5714.71,2219.16,-0.478918
1965,2018-05-20,00:00:00.00,7.83704,0,-1.41265e-14,107.942,0.479124,0,3327.24,0,51.8588,124.4,0,0,0,0,0,3611.92,5722.54,2219.25,-0.478918
1966,2018-05-21,00:00:00.00,0,0,-1.41265e-14,107.838,0.479124,0,3331.52,0,47.5813,124.4,0,0,0,0,0,3611.81,5722.54,2219.35,-0.478918
1967,2018-05-22,00:00:00.00,5.42564,0,-1.41265e-14,107.759,0.479124,0,3334.65,0,49.7504,124.518,0,0,0,0,0,3617.16,5727.97,2219.43,-0.478918
1968,2018-05-23,00:00:00.00,0.401899,0,-1.41265e-14,107.695,0.479124,0,3337.19,0,47.6023,124.527,0,0,0,0,0,3617.5,5728.37,2219.5,-0.478918
1969,2018-05-24,00:00:00.00,0,0,-1.41265e-14,107.569,0.479124,0,3342,0,42.7975,124.527,0,0,0,0,0,3617.37,5728.37,2219.62,-0.478918
1970,2018-05-25,00:00:00.00,0,0,-1.41265e-14,107.442,0.479124,0,3346.32,0,38.4777,124.527,0,0,0,0,0,3617.25,5728.37,2219.75,-0.478918
1971,2018-05-26,00:00:00.00,0,0,-1.41265e-14,107.316,0.479124,0,3350.2,0,34.5939,124.527,0,0,0,0,0,3617.12,5728.37,2219.88,-0.478918
1972,2018-05-27,00:00:00.00,0,0,-1.41265e-14,107.19,0.479124,0,3353.7,0,31.1022,124.527,0,0,0,0,0,3616.99,5728.37,2220,-0.478918
1973,2018-05-28,00:00:00.00,0,0,-1.41265e-14,107.063,0.479124,0,3356.83,0,27.9629,124.527,0,0,0,0,0,3616.87,5728.37,2220.13,-0.478918
1974,2018-05-29,00:00:00.00,0,0,-1.41265e-14,106.937,0.479124,0,3359.66,0,25.1405,124.527,0,0,0,0,0,3616.74,5728.37,2220.26,-0.478918
1975,2018-05-30,00:00:00.00,0,0,-1.41265e-14,106.811,0.479124,0,3362.19,0,22.603,124.527,0,0,0,0,0,3616.61,5728.37,2220.38,-0.478918
1976,2018-05-31,00:00:00.00,1.40665,0,-1.41265e-14,106.684,0.479124,0,3364.57,0,21.606,124.557,0,0,0,0,0,3617.89,5729.78,2220.51,-0.478918
1977,2018-06-01,00:00:00.00,3.01425,0,-1.41265e-14,106.558,0.479124,0,3366.95,0,22.174,124.623,0,0,0,0,0,3620.78,5732.79,2220.63,-0.478918
1978,2018-06-02,00:00:00.00,0,0,-1.41265e-14,106.389,0.479124,0,3369.94,0,19.1848,124.623,0,0,0,0,0,3620.61,5732.79,2220.8,-0.478918
1979,2018-06-03,00:00:00.00,0,0,-1.41265e-14,106.361,0.479124,0,3370.38,0,18.7419,124.623,0,0,0,0,0,3620.58,5732.79,2220.83,-0.478918
1980,2018-06-04,00:00:00.00,16.8798,0,-1.41265e-14,106.321,0.479124,0,3371.53,-1.72986e-16,34.1032,124.99,0,0,0,0,0,3637.42,5749.67,2220.87,-0.478918
1981,2018-06-05,00:00:00.00,2.0095,0,-1.41265e-14,106.321,0.479124,0,3371.58,0,36.0178,125.034,0,0,0,0,0,3639.43,5751.68,2220.87,-0.478918
1982,2018-06-06,00:00:00.00,0,0,-1.41265e-14,106.321,0.479124,0,3371.58,0,36.0178,125.034,0,0,0,0,0,3639.43,5751.68,2220.87,-0.478918
1983,2018-06-07,00:00:00.00,0,0,-1.41265e-14,106.321,0.479124,0,3371.58,0,36.0178,125.034,0,0,0,0,0,3639.43,5751.68,2220.87,-0.478918
1984,2018-06-08,00:00:00.00,0,0,-1.41265e-14,106.313,0.479124,0,3371.81,0,35.7932,125.034,0,0,0,0,0,3639.43,5751.68,2220.88,-0.478918
1985,2018-06-09,00:00:00.00,0,0,-1.41265e-14,106.263,0.479124,0,3373.24,0,34.3637,125.034,0,0,0,0,0,3639.38,5751.68,2220.93,-0.478918
1986,2018-06-10,00:00:00.00,0,0,-1.41265e-14,106.255,0.479124,0,3373.45,0,34.1494,125.034,0,0,0,0,0,3639.37,5751.68,2220.94,-0.478918
1987,2018-06-11,00:00:00.00,0,0,-1.41265e-14,106.163,0.479124,0,3375.97,0,31.6346,125.034,0,0,0,0,0,3639.28,5751.68,2221.03,-0.478918
1988,2018-06-12,00:00:00.00,0,0,-1.41265e-14,106.163,0.479124,0,3375.97,0,31.6346,125.034,0,0,0,0,0,3639.28,5751.68,2221.03,-0.478918
1989,2018-06-13,00:00:00.00,0.602849,0,-1.41265e-14,106.092,0.479124,0,3377.78,0,30.4067,125.047,0,0,0,0,0,3639.81,5752.29,2221.1,-0.478918
1990,2018-06-14,00:00:00.00,2.21045,0,-1.41265e-14,105.924,0.479124,0,3382.04,0,28.3164,125.095,0,0,0,0,0,3641.85,5754.5,2221.27,-0.478918
1991,2018-06-15,00:00:00.00,0,0,-1.41265e-14,105.874,0.479124,0,3383.17,0,27.1855,125.095,0,0,0,0,0,3641.8,5754.5,2221.32,-0.478918
1992,2018-06-16,00:00:00.00,0,0,-1.41265e-14,105.792,0.479124,0,3384.94,0,25.4126,125.095,0,0,0,0,0,3641.72,5754.5,2221.4,-0.478918
1993,2018-06-17,00:00:00.00,0,0,-1.41265e-14,105.668,0.479124,0,3387.45,0,22.8989,125.095,0,0,0,0,0,3641.59,5754.5,2221.52,-0.478918
1994,2018-06-18,00:00:00.00,0,0,-1.41265e-14,105.499,0.479124,0,3390.54,0,19.8119,125.095,0,0,0,0,0,3641.43,5754.5,2221.69,-0.478918
1995,2018-06-19,00:00:00.00,1.40665,0,-1.41265e-14,105.331,0.479124,0,3393.34,4.06592e-19,18.3935,125.125,0,0,0,0,0,3642.66,5755.9,2221.86,-0.478918
1996,2018-06-20,00:00:00.00,0,0,-1.41265e-14,105.207,0.479124,0,3395.15,0,16.5741,125.125,0,0,0,0,0,3642.54,5755.9,2221.99,-0.478918
1997,2018-06-21,00:00:00.00,0,0,-1.41265e-14,105.062,0.479124,0,3397.07,0,14.6554,125.125,0,0,0,0,0,3642.4,5755.9,2222.13,-0.478918
1998,2018-06-22,00:00:00.00,0,0,-1.41265e-14,104.949,0.479124,0,3398.4,0,13.3293,125.125,0,0,0,0,0,3642.28,5755.9,2222.24,-0.478918
1999,2018-06-23,00:00:00.00,5.72707,0,-1.41265e-14,104.941,0.479124,0,3398.63,7.24512e-18,18.7019,125.25,0,0,0,0,0,3648,5761.63,2222.25,-0.478918
2000,2018-06-24,00:00:00.00,2.21045,0,-1.41265e-14,104.933,0.479124,0,3398.79,-2.64659e-17,20.7031,125.298,0,0,0,0,0,3650.2,5763.84,2222.26,-0.478918
2001,2018-06-25,00:00:00.00,15.2722,0,-1.41265e-14,104.862,0.479124,0,3400.62,-1.82569e-16,33.816,125.63,0,0,0,0,0,3665.41,5779.11,2222.33,-0.478918
2002,2018-06-26,00:00:00.00,0,0,-1.41265e-14,104.854,0.479124,0,3400.83,0,33.6052,125.63,0,0,0,0,0,3665.4,5779.11,2222.34,-0.478918
2003,2018-06-27,00:00:00.00,4.01899,0,-1.41265e-14,104.836,0.479124,0,3401.39,0,36.9796,125.717,0,0,0,0,0,3669.4,5783.13,2222.36,-0.478918
2004,2018-06-28,00:00:00.00,2.0095,0,-1.41265e-14,104.744,0.479124,0,3404.18,0,36.1484,125.761,0,0,0,0,0,3671.32,5785.14,2222.45,-0.478918
2005,2018-06-29,00:00:00.00,0,0,-1.41265e-14,104.575,0.479124,0,3409.06,0,31.275,125.761,0,0,0,0,0,3671.15,5785.14,2222.62,-0.478918
2006,2018-06-30,00:00:00.00,0,0,-1.41265e-14,104.406,0.479124,0,3413.27,0,27.0587,125.761,0,0,0,0,0,3670.98,5785.14,2222.79,-0.478918
2007,2018-07-01,00:00:00.00,0,0,-1.41265e-14,104.238,0.479124,0,3416.92,0,23.4108,125.761,0,0,0,0,0,3670.81,5785.14,2222.95,-0.478918
2008,2018-07-02,00:00:00.00,0,0,-1.41265e-14,104.057,0.479124,0,3420.3,0,20.0314,125.761,0,0,0,0,0,3670.63,5785.14,2223.14,-0.478918
2009,2018-07-03,00:00:00.00,0,0,-1.41265e-14,103.876,0.479124,0,3423.19,0,17.1399,125.761,0,0,0,0,0,3670.45,5785.14,2223.32,-0.478918
2010,2018-07-04,00:00:00.00,0,0,-1.41265e-14,103.696,0.479124,0,3425.67,0,14.6657,125.761,0,0,0,0,0,3670.27,5785.14,2223.5,-0.478918
2011,2018-07-05,00:00:00.00,0,0,-1.41265e-14,103.538,0.479124,0,3427.51,0,12.8213,125.761,0,0,0,0,0,3670.11,5785.14,2223.65,-0.478918
2012,2018-07-06,00:00:00.00,18.4874,0,-1.41265e-14,103.358,0.479124,0,3431.27,-4.81036e-17,27.1423,126.163,0,0,0,0,0,3688.42,5803.63,2223.83,-0.478918
2013,2018-07-07,00:00:00.00,0,0,-1.41265e-14,103.358,0.479124,0,3431.27,7.08447e-35,27.1423,126.163,0,0,0,0,0,3688.42,5803.63,2223.83,-0.478918
2014,2018-07-08,00:00:00.00,0,0,-1.41265e-14,103.358,0.479124,0,3431.27,3.93267e-51,27.1423,126.163,0,0,0,0,0,3688.42,5803.63,2223.83,-0.478918
2015,2018-07-09,00:00:00.00,0,0,-1.41265e-14,103.279,0.479124,0,3432.97,2.18307e-67,25.4428,126.163,0,0,0,0,0,3688.34,5803.63,2223.91,-0.478918
2016,2018-07-10,00:00:00.00,0,0,-1.41265e-14,103.133,0.479124,0,3435.94,0,22.4724,126.163,0,0,0,0,0,3688.19,5803.63,2224.06,-0.478918
2017,2018-07-11,00:00:00.00,0,0,-1.41265e-14,102.987,0.479124,0,3438.57,0,19.8488,126.163,0,0,0,0,0,3688.05,5803.63,2224.21,-0.478918
2018,2018-07-12,00:00:00.00,0,0,-1.41265e-14,102.931,0.479124,0,3439.45,0,18.9642,126.163,0,0,0,0,0,3687.99,5803.63,2224.26,-0.478918
2019,2018-07-13,00:00:00.00,0,0,-1.41265e-14,102.808,0.479124,0,3441.32,0,17.0924,126.163,0,0,0,0,0,3687.87,5803.63,2224.38,-0.478918
2020,2018-07-14,00:00:00.00,0,0,-1.41265e-14,102.639,0.479124,0,3443.63,0,14.7885,126.163,0,0,0,0,0,3687.7,5803.63,2224.55,-0.478918
2021,2018-07-15,00:00:00.00,1.80855,0,-1.41265e-14,102.482,0.479124,0,3445.66,1.06712e-18,14.5305,126.202,0,0,0,0,0,3689.35,5805.44,2224.71,-0.478918
2022,2018-07-16,00:00:00.00,0,0,-1.41265e-14,102.301,0.479124,0,3447.75,-1.35994e-34,12.433,126.202,0,0,0,0,0,3689.17,5805.44,2224.89,-0.478918
2023,2018-07-17,00:00:00.00,20.2959,0,-1.41265e-14,102.12,0.479124,0,3451.65,-1.51709e-17,28.3891,126.643,2.20323e-07,0,0,0,0,3709.28,5825.73,2225.07,-0.478918
2024,2018-07-18,00:00:00.00,0,0,-1.41265e-14,102.031,0.479124,0,3453.69,0,26.3553,126.643,0,0,0,0,0,3709.19,5825.73,2225.16,-0.478918
2025,2018-07-19,00:00:00.00,0,0,-1.41265e-14,102.031,0.479124,0,3453.69,0,26.3553,126.643,0,0,0,0,0,3709.19,5825.73,2225.16,-0.478918
2026,2018-07-20,00:00:00.00,0,0,-1.41265e-14,102.031,0.479124,0,3453.69,0,26.3553,126.643,0,0,0,0,0,3709.19,5825.73,2225.16,-0.478918
2027,2018-07-21,00:00:00.00,2.91377,0,-1.41265e-14,101.896,0.479124,0,3456.71,0,26.181,126.707,0,0,0,0,0,3711.97,5828.65,2225.3,-0.478918
2028,2018-07-22,00:00:00.00,3.41614,0,-1.41265e-14,101.761,0.479124,0,3459.75,0,26.4843,126.781,0,0,0,0,0,3715.25,5832.06,2225.43,-0.478918
2029,2018-07-23,00:00:00.00,7.23419,0,-1.41265e-14,101.761,0.479124,0,3459.93,0,33.3768,126.938,0,0,0,0,0,3722.49,5839.3,2225.43,-0.478918
2030,2018-07-24,00:00:00.00,1.40665,0,-1.41265e-14,101.604,0.479124,0,3464.22,0,30.468,126.969,0,0,0,0,0,3723.74,5840.7,2225.59,-0.478918
2031,2018-07-25,00:00:00.00,0.401899,0,-1.41265e-14,101.424,0.479124,0,3468.63,0,26.4496,126.978,0,0,0,0,0,3723.96,5841.1,2225.77,-0.478918
2032,2018-07-26,00:00:00.00,0,0,-1.41265e-14,101.243,0.479124,0,3472.45,0,22.6315,126.978,0,0,0,0,0,3723.78,5841.1,2225.95,-0.478918
2033,2018-07-27,00:00:00.00,1.2057,0,-1.41265e-14,101.153,0.479124,0,3474.13,-2.41214e-19,22.1277,127.004,0,0,0,0,0,3724.89,5842.31,2226.04,-0.478918
2034,2018-07-28,00:00:00.00,1.2057,0,-1.41265e-14,101.086,0.479124,0,3475.37,1.9891e-18,22.0696,127.03,0,0,0,0,0,3726.03,5843.52,2226.11,-0.478918
2035,2018-07-29,00:00:00.00,0.803799,0,-1.41265e-14,101.086,0.479124,0,3475.39,0,22.8354,127.047,0,0,0,0,0,3726.84,5844.32,2226.11,-0.478918
2036,2018-07-30,00:00:00.00,0,0,-1.41265e-14,101.086,0.479124,0,3475.39,0,22.8354,127.047,0,0,0,0,0,3726.84,5844.32,2226.11,-0.478918
2037,2018-07-31,00:00:00.00,0,0,-1.41265e-14,101.008,0.479124,0,3476.82,0,21.4056,127.047,0,0,0,0,0,3726.76,5844.32,2226.18,-0.478918
2038,2018-08-01,00:00:00.00,0,0,-1.41265e-14,100.941,0.479124,0,3477.97,0,20.2585,127.047,0,0,0,0,0,3726.69,5844.32,2226.25,-0.478918
2039,2018-08-02,00:00:00.00,0,0,-1.41265e-14,100.786,0.479124,0,3480.47,0,17.7596,127.047,0,0,0,0,0,3726.54,5844.32,2226.41,-0.478918
2040,2018-08-03,00:00:00.00,0,0,-1.41265e-14,100.642,0.479124,0,3482.51,0,15.718,127.047,0,0,0,0,0,3726.39,5844.32,2226.55,-0.478918
2041,2018-08-04,00:00:00.00,0,0,-1.41265e-14,100.488,0.479124,0,3484.45,0,13.7792,127.047,0,0,0,0,0,3726.24,5844.32,2226.7,-0.478918
2042,2018-08-05,00:00:00.00,0,0,-1.41265e-14,100.334,0.479124,0,3486.15,0,12.0796,127.047,0,0,0,0,0,3726.08,5844.32,2226.86,-0.478918
2043,2018-08-06,00:00:00.00,0,0,-1.41265e-14,100.179,0.479124,0,3487.64,0,10.5897,127.047,0,0,0,0,0,3725.93,5844.32,2227.01,-0.478918
2044,2018-08-07,00:00:00.00,6.22944,0,-1.41265e-14,100.025,0.479124,0,3489.56,-3.23285e-17,14.7635,127.183,0,0,0,0,0,3732.01,5850.55,2227.17,-0.478918
2045,2018-08-08,00:00:00.00,1.00475,0,-1.41265e-14,99.8706,0.479124,0,3491.47,2.87553e-18,13.8334,127.205,0,0,0,0,0,3732.86,5851.55,2227.32,-0.478918
2046,2018-08-09,00:00:00.00,2.4114,0,-1.41265e-14,99.7163,0.479124,0,3493.4,3.83962e-17,14.262,127.257,0,0,0,0,0,3735.11,5853.97,2227.48,-0.478918
2047,2018-08-10,00:00:00.00,8.03799,0,-1.41265e-14,99.582,0.479124,0,3495.58,-4.94167e-17,19.9437,127.432,0,0,0,0,0,3743.02,5862,2227.61,-0.478918
2048,2018-08-11,00:00:00.00,0,0,-1.41265e-14,99.5057,0.479124,0,3496.8,3.10667e-33,18.7272,127.432,0,0,0,0,0,3742.94,5862,2227.69,-0.478918
2049,2018-08-12,00:00:00.00,0,0,-1.41265e-14,99.4101,0.479124,0,3498.23,-1.91463e-50,17.2962,127.432,0,0,0,0,0,3742.84,5862,2227.78,-0.478918
2050,2018-08-13,00:00:00.00,0,0,-1.41265e-14,99.2662,0.479124,0,3500.22,0,15.3077,127.432,0,0,0,0,0,3742.7,5862,2227.93,-0.478918
2051,2018-08-14,00:00:00.00,0,0,-1.41265e-14,99.1126,0.479124,0,3502.09,0,13.4299,127.432,0,0,0,0,0,3742.55,5862,2228.08,-0.478918
2052,2018-08-15,00:00:00.00,0,0,-1.41265e-14,98.9583,0.479124,0,3503.75,0,11.7734,127.432,0,0,0,0,0,3742.39,5862,2228.23,-0.478918
2053,2018-08-16,00:00:00.00,0,0,-1.41265e-14,98.8039,0.479124,0,3505.2,0,10.3212,127.432,0,0,0,0,0,3742.24,5862,2228.39,-0.478918
2054,2018-08-17,00:00:00.00,16.2769,0,-1.41265e-14,98.6495,0.479124,0,3508.04,6.2193e-17,23.402,127.786,0,0,0,0,0,3758.36,5878.28,2228.54,-0.478918
2055,2018-08-18,00:00:00.00,9.04274,0,-1.41265e-14,98.4952,0.479124,0,3511.61,3.16733e-17,28.6876,127.982,0,0,0,0,0,3767.25,5887.32,2228.7,-0.478918
2056,2018-08-19,00:00:00.00,0,0,-1.41265e-14,98.3802,0.479124,0,3514.24,2.084e-35,26.0531,127.982,0,0,0,0,0,3767.13,5887.32,2228.81,-0.478918
2057,2018-08-20,00:00:00.00,0,0,-1.41265e-14,98.2846,0.479124,0,3516.23,0,24.0622,127.982,0,0,0,0,0,3767.04,5887.32,2228.91,-0.478918
2058,2018-08-21,00:00:00.00,0,0,-1.41265e-14,98.1986,0.479124,0,3517.88,0,22.4089,127.982,0,0,0,0,0,3766.95,5887.32,2228.99,-0.478918
2059,2018-08-22,00:00:00.00,27.7311,0,-1.41305e-14,98.11,0.50541,0,3521.43,0,45.5016,128.585,0.440837,0,0,0,0,3794.57,5915.05,2229.11,-0.478918
2060,2018-08-23,00:00:00.00,0.20095,0,-1.41345e-14,98.1597,0.50261,0,3521.43,0,45.693,128.589,0.393866,0,0,0,0,3794.77,5915.26,2229.11,-0.478918
2061,2018-08-24,00:00:00.00,0,0,-1.41316e-14,98.1461,0.479784,0,3523.19,0,44.3149,128.589,0.0110699,0,0,0,0,3794.73,5915.26,2229.15,-0.478918
2062,2018-08-25,00:00:00.00,0,0,-1.41316e-14,98.1191,0.479553,0,3524.19,0,43.32,128.589,0.00720386,0,0,0,0,3794.7,5915.26,2229.17,-0.478918
2063,2018-08-26,00:00:00.00,11.2532,0,-1.41317e-14,98.0723,0.479237,0,3526.03,0,52.4956,128.834,0.00190455,0,0,0,0,3805.91,5926.51,2229.22,-0.478918
2064,2018-08-27,00:00:00.00,0.703324,0,-1.41317e-14,97.918,0.479124,0,3532.53,0,46.6837,128.849,0,0,0,0,0,3806.46,5927.21,2229.38,-0.478918
2065,2018-08-28,00:00:00.00,0,0,-1.41317e-14,97.7636,0.479124,0,3538.29,0,40.9251,128.849,0,0,0,0,0,3806.3,5927.21,2229.53,-0.478918
2066,2018-08-29,00:00:00.00,4.21994,0,-1.41317e-14,97.6093,0.479124,0,3543.54,0,39.797,128.941,0,0,0,0,0,3810.37,5931.43,2229.69,-0.478918
2067,2018-08-30,00:00:00.00,0.602849,0,-1.41317e-14,97.4549,0.479124,0,3548.48,0,35.4467,128.954,0,0,0,0,0,3810.82,5932.03,2229.84,-0.478918
2068,2018-08-31,00:00:00.00,0,0,-1.41317e-14,97.4549,0.479124,0,3548.48,0,35.4467,128.954,0,0,0,0,0,3810.82,5932.03,2229.84,-0.478918
2069,2018-09-01,00:00:00.00,0,0,-1.41317e-14,97.4549,0.479124,0,3548.48,0,35.4467,128.954,0,0,0,0,0,3810.82,5932.03,2229.84,-0.478918
2070,2018-09-02,00:00:00.00,0,0,-1.41317e-14,97.3494,0.479124,0,3551.47,0,32.4588,128.954,0,0,0,0,0,3810.71,5932.03,2229.95,-0.478918
2071,2018-09-03,00:00:00.00,0.20095,0,-1.41317e-14,97.2439,0.479124,0,3554.22,0,29.9101,128.959,0,0,0,0,0,3810.81,5932.24,2230.05,-0.478918
2072,2018-09-04,00:00:00.00,0,0,-1.41317e-14,97.1384,0.479124,0,3556.74,0,27.3889,128.959,0,0,0,0,0,3810.7,5932.24,2230.16,-0.478918
2073,2018-09-05,00:00:00.00,0,0,-1.41317e-14,97.0329,0.479124,0,3559.05,0,25.0802,128.959,0,0,0,0,0,3810.6,5932.24,2230.26,-0.478918
2074,2018-09-06,00:00:00.00,1.6076,0,-1.41317e-14,96.9274,0.479124,0,3561.25,0,24.4516,128.994,0,0,0,0,0,3812.1,5933.84,2230.37,-0.478918
2075,2018-09-07,00:00:00.00,0,0,-1.41317e-14,96.8219,0.479124,0,3563.31,0,22.3905,128.994,0,0,0,0,0,3811.99,5933.84,2230.47,-0.478918
2076,2018-09-08,00:00:00.00,0,0,-1.41317e-14,96.7427,0.479124,0,3564.73,0,20.9726,128.994,0,0,0,0,0,3811.92,5933.84,2230.55,-0.478918
2077,2018-09-09,00:00:00.00,0,0,-1.41317e-14,96.7427,0.479124,0,3564.73,0,20.9726,128.994,0,0,0,0,0,3811.92,5933.84,2230.55,-0.478918
2078,2018-09-10,00:00:00.00,6.22944,0,-1.41317e-14,96.7427,0.479124,0,3564.89,0,26.9078,129.129,0,0,0,0,0,3818.14,5940.07,2230.55,-0.478918
2079,2018-09-11,00:00:00.00,5.42564,0,-1.41317e-14,96.7427,0.479124,0,3565.02,0,32.0772,129.247,0,0,0,0,0,3823.57,5945.5,2230.55,-0.478918
2080,2018-09-12,00:00:00.00,0,0,-1.41317e-14,96.67,0.479124,0,3566.89,0,30.2149,129.247,0,0,0,0,0,3823.5,5945.5,2230.62,-0.478918
2081,2018-09-13,00:00:00.00,0,0,-1.41317e-14,96.604,0.479124,0,3568.48,0,28.6199,129.247,0,0,0,0,0,3823.43,5945.5,2230.69,-0.478918
2082,2018-09-14,00:00:00.00,0,0,-1.41317e-14,96.4985,0.479124,0,3570.89,0,26.2074,129.247,0,0,0,0,0,3823.33,5945.5,2230.8,-0.478918
2083,2018-09-15,00:00:00.00,0,0,-1.41317e-14,96.393,0.479124,0,3573.1,0,23.9984,129.247,0,0,0,0,0,3823.22,5945.5,2230.9,-0.478918
2084,2018-09-16,00:00:00.00,0,0,-1.41317e-14,96.2875,0.479124,0,3575.13,0,21.9755,129.247,0,0,0,0,0,3823.11,5945.5,2231.01,-0.478918
2085,2018-09-17,00:00:00.00,0,0,-1.41317e-14,96.182,0.479124,0,3576.98,0,20.1232,129.247,0,0,0,0,0,3823.01,5945.5,2231.11,-0.478918
2086,2018-09-18,00:00:00.00,0,0,-1.41317e-14,96.0765,0.479124,0,3578.67,0,18.427,129.247,0,0,0,0,0,3822.9,5945.5,2231.22,-0.478918
2087,2018-09-19,00:00:00.00,0,0,-1.41317e-14,95.971,0.479124,0,3580.23,0,16.8738,129.247,0,0,0,0,0,3822.8,5945.5,2231.32,-0.478918
2088,2018-09-20,00:00:00.00,0,0,-1.41317e-14,95.8983,0.479124,0,3581.21,0,15.8942,129.247,0,0,0,0,0,3822.73,5945.5,2231.4,-0.478918
2089,2018-09-21,00:00:00.00,0,0,-1.41317e-14,95.8389,0.479124,0,3581.96,0,15.1389,129.247,0,0,0,0,0,3822.67,5945.5,2231.46,-0.478918
2090,2018-09-22,00:00:00.00,4.01899,0,-1.41317e-14,95.7334,0.479124,0,3583.51,-3.37241e-18,17.5247,129.334,0,0,0,0,0,3826.58,5949.52,2231.56,-0.478918
2091,2018-09-23,00:00:00.00,0,0,-1.41317e-14,95.7334,0.479124,0,3583.51,7.0024e-34,17.5247,129.334,0,0,0,0,0,3826.58,5949.52,2231.56,-0.478918
2092,2018-09-24,00:00:00.00,0,0,-1.41317e-14,95.7334,0.479124,0,3583.51,3.88711e-50,17.5247,129.334,0,0,0,0,0,3826.58,5949.52,2231.56,-0.478918
2093,2018-09-25,00:00:00.00,7.83704,0,-1.41317e-14,95.7332,0.479124,0,3583.71,1.14175e-16,24.9916,129.505,0,0,0,0,0,3834.42,5957.35,2231.56,-0.478918
2094,2018-09-26,00:00:00.00,9.04274,0,-1.41317e-14,95.6408,0.479124,0,3585.99,-5.5159e-18,31.5546,129.701,0,0,0,0,0,3843.37,5966.4,2231.65,-0.478918
2095,2018-09-27,00:00:00.00,0,0,-1.41317e-14,95.5813,0.479124,0,3587.49,0,30.0551,129.701,0,0,0,0,0,3843.31,5966.4,2231.71,-0.478918
2096,2018-09-28,00:00:00.00,0,0,-1.41317e-14,95.5813,0.479124,0,3587.49,0,30.0551,129.701,0,0,0,0,0,3843.31,5966.4,2231.71,-0.478918
2097,2018-09-29,00:00:00.00,4.01899,0,-1.41317e-14,95.5813,0.479124,0,3587.59,0,33.8843,129.789,0,0,0,0,0,3847.33,5970.42,2231.71,-0.478918
2098,2018-09-30,00:00:00.00,0.20095,0,-1.41317e-14,95.5813,0.479124,0,3587.6,0,34.0757,129.793,0,0,0,0,0,3847.53,5970.62,2231.71,-0.478918
2099,2018-10-01,00:00:00.00,18.6883,0,-1.41316e-14,95.5828,0.48062,0,3588.07,0,51.8532,130.199,0.0250889,0,0,0,0,3866.22,5989.31,2231.71,-0.478918
2100,2018-10-02,00:00:00.00,10.4494,0,-1.41315e-14,95.5844,0.479997,0,3588.35,0,61.8089,130.426,0.0146398,0,0,0,0,3876.66,5999.75,2231.71,-0.478918
2101,2018-10-03,00:00:00.00,2.8133,0,-1.41314e-14,95.5422,0.479266,0,3590.27,0,62.653,130.488,0.00238052,0,0,0,0,3879.43,6002.57,2231.76,-0.478918
2102,2018-10-04,00:00:00.00,6.83229,0,-1.41314e-14,95.4902,0.479124,0,3592.58,0,67.033,130.636,0,0,0,0,0,3886.21,6009.4,2231.81,-0.478918
2103,2018-10-05,00:00:00.00,0,0,-1.41314e-14,95.4381,0.479124,0,3594.88,0,64.7292,130.636,0,0,0,0,0,3886.16,6009.4,2231.86,-0.478918
2104,2018-10-06,00:00:00.00,3.41614,0,-1.41314e-14,95.4381,0.479124,0,3594.97,0,67.984,130.71,0,0,0,0,0,3889.58,6012.82,2231.86,-0.478918
2105,2018-10-07,00:00:00.00,3.41614,0,-1.41314e-14,95.3859,0.479124,0,3597.27,0,69.0221,130.785,0,0,0,0,0,3892.94,6016.23,2231.91,-0.478918
2106,2018-10-08,00:00:00.00,7.63609,0,-1.41266e-14,95.3597,0.50502,0,3599.57,0,73.7023,130.951,0.434282,0,0,0,0,3900.53,6023.87,2231.97,-0.478918
2107,2018-10-09,00:00:00.00,4.01899,0,-1.41217e-14,95.3334,0.479124,0,3602.31,0,75.3301,131.038,0,0,0,0,0,3904.49,6027.89,2232.02,-0.478918
2108,2018-10-10,00:00:00.00,0,0,-1.41217e-14,95.2813,0.479124,0,3604.62,0,73.0263,131.038,0,0,0,0,0,3904.44,6027.89,2232.07,-0.478918
2109,2018-10-11,00:00:00.00,1.40665,0,-1.41217e-14,95.2291,0.479124,0,3606.92,0,72.0986,131.069,0,0,0,0,0,3905.8,6029.29,2232.12,-0.478918
2110,2018-10-12,00:00:00.00,0.20095,0,-1.41217e-14,95.177,0.479124,0,3609.22,0,69.9914,131.073,0,0,0,0,0,3905.94,6029.5,2232.17,-0.478918
2111,2018-10-13,00:00:00.00,1.2057,0,-1.41217e-14,95.177,0.479124,0,3609.25,0,71.1401,131.099,0,0,0,0,0,3907.15,6030.7,2232.17,-0.478918
2112,2018-10-14,00:00:00.00,0.20095,0,-1.41217e-14,95.177,0.479124,0,3609.26,0,71.3316,131.103,0,0,0,0,0,3907.35,6030.9,2232.17,-0.478918
2113,2018-10-15,00:00:00.00,0.20095,0,-1.41217e-14,95.177,0.479124,0,3609.27,0,71.523,131.108,0,0,0,0,0,3907.55,6031.1,2232.17,-0.478918
2114,2018-10-16,00:00:00.00,3.81804,0,-1.41217e-14,95.177,0.479124,0,3609.36,0,75.1607,131.191,0,0,0,0,0,3911.37,6034.92,2232.17,-0.478918
2115,2018-10-17,00:00:00.00,0.20095,0,-1.41217e-14,95.177,0.479124,0,3609.37,0,75.3522,131.195,0,0,0,0,0,3911.57,6035.12,2232.17,-0.478918
2116,2018-10-18,00:00:00.00,0.602849,2.0095,-1.41217e-14,95.177,0.479124,0,3609.45,0,77.8246,131.252,0,0,0,0,0,3914.18,6037.73,2232.17,-0.478918
2117,2018-10-19,00:00:00.00,0,0,-1.41217e-14,95.177,0.479124,0,3609.45,0,77.8246,131.252,0,0,0,0,0,3914.18,6037.73,2232.17,-0.478918
2118,2018-10-20,00:00:00.00,2.0095,0,-1.41217e-14,95.1762,0.479124,0,3609.53,0,79.715,131.296,0,0,0,0,0,3916.19,6039.74,2232.18,-0.478918
2119,2018-10-21,00:00:00.00,0,0,-1.41217e-14,95.1688,0.479124,0,3609.85,0,79.3908,131.296,0,0,0,0,0,3916.18,6039.74,2232.18,-0.478918
2120,2018-10-22,00:00:00.00,0,0,-1.41217e-14,95.1688,0.479124,0,3609.85,0,79.3908,131.296,0,0,0,0,0,3916.18,6039.74,2232.18,-0.478918
2121,2018-10-23,00:00:00.00,0,0,-1.41217e-14,95.1688,0.479124,0,3609.85,0,79.3908,131.296,0,0,0,0,0,3916.18,6039.74,2232.18,-0.478918
2122,2018-10-24,00:00:00.00,3.81804,0,-1.41217e-14,95.169,0.479298,0,3609.95,0,83.0252,131.379,0.00291273,0,0,0,0,3920,6043.56,2232.18,-0.478918
2123,2018-10-25,00:00:00.00,0,0,-1.41217e-14,95.1693,0.479279,0,3609.95,0,83.0252,131.379,0.00260238,0,0,0,0,3920,6043.56,2232.18,-0.478918
2124,2018-10-26,00:00:00.00,0,0,-1.41217e-14,95.1696,0.479263,0,3609.95,0,83.0252,131.379,0.0023251,0,0,0,0,3920,6043.56,2232.18,-0.478918
2125,2018-10-27,00:00:00.00,0,1.00475,-1.41217e-14,95.1699,0.479248,0,3609.98,0,83.9742,131.401,0.00207736,0,0,0,0,3921.01,6044.57,2232.18,-0.478918
2126,2018-10-28,00:00:00.00,7.23419,0.20095,-1.40838e-14,95.3669,0.676075,0,3610.17,0,87.3617,131.562,3.30296,0,0,0,0,3928.44,6052,2232.18,-0.478918
2127,2018-10-29,00:00:00.00,1.80855,0,-1.40253e-14,95.7399,0.655089,0,3610.22,0,89.0849,131.601,2.95102,0,0,0,0,3930.25,6053.81,2232.18,-0.478918
2128,2018-10-30,00:00:00.00,0,0,-1.39621e-14,96.073,0.63634,0,3610.22,0,89.0849,131.601,2.63659,0,0,0,0,3930.25,6053.81,2232.18,-0.478918
2129,2018-10-31,00:00:00.00,14.8703,0,-1.40726e-14,96.9874,1.23628,0,3610.6,0,91.6771,131.925,12.6979,0,0,0,0,3945.12,6068.68,2232.18,-0.478918
2130,2018-11-01,00:00:00.00,8.03799,0,-1.39048e-14,98.6853,1.43372,0,3611.91,0,93.0099,132.099,16.009,0,0,0,0,3953.15,6076.72,2232.2,-0.478918
2131,2018-11-02,00:00:00.00,26.9273,0,-1.45055e-14,101.186,2.55556,0,3613.84,0,94.4538,132.685,34.8228,0,0,0,0,3979.54,6103.65,2232.73,-0.478918
2132,2018-11-03,00:00:00.00,1.2057,0,-1.48552e-14,103.068,2.31259,0,3614.93,0,94.9493,132.711,30.748,0,0,0,0,3978.72,6104.85,2234.75,-0.478918
2133,2018-11-04,00:00:00.00,0,0,-1.47983e-14,103.372,2.08547,0,3616.12,0,94.3531,132.711,26.9391,0,0,0,0,3975.58,6104.85,2237.89,-0.478918
2134,2018-11-05,00:00:00.00,3.01425,0,-1.43391e-14,103.336,1.9874,0,3616.92,0,95.1326,132.777,25.2945,0,0,0,0,3975.45,6107.87,2241.04,-0.478918
2135,2018-11-06,00:00:00.00,3.61709,0,-1.41806e-14,103.306,1.91238,0,3618.53,0,95.4534,132.855,24.0364,0,0,0,0,3976.09,6111.48,2244.01,-0.478918
2136,2018-11-07,00:00:00.00,12.8608,0,-1.41659e-14,103.58,2.31048,0,3620.3,0,95.9228,133.135,30.7126,0,0,0,0,3985.96,6124.34,2247,-0.478918
2137,2018-11-08,00:00:00.00,0.703324,0,-1.40746e-14,103.838,2.08358,0,3621.5,0,96.0146,133.15,26.9075,0,0,0,0,3983.49,6125.05,2250.18,-0.478918
2138,2018-11-09,00:00:00.00,0.602849,0,-1.41134e-14,103.739,1.89426,0,3622.19,0,96.2596,133.163,23.7325,0,0,0,0,3980.97,6125.65,2253.3,-0.478918
2139,2018-11-10,00:00:00.00,0,2.0095,-1.38932e-14,103.604,1.74348,0,3622.25,0,96.2596,133.207,21.2038,0.000131387,1.89792,0,0,3980.17,6127.66,2256.11,-0.478918
2140,2018-11-11,00:00:00.00,0,0,-1.4049e-14,103.479,1.60876,0,3622.25,0,96.2596,133.207,18.9445,0,1.89805,0,0,3977.65,6127.66,2258.63,-0.478918
2141,2018-11-12,00:00:00.00,0,0,-1.4151e-14,103.358,1.48839,0,3622.25,0,96.2596,133.207,16.9259,0,1.89805,0,0,3975.39,6127.66,2260.89,-0.478918
2142,2018-11-13,00:00:00.00,0,5.02374,-1.44114e-14,103.317,1.50171,0,3622.62,0,96.9242,133.316,17.1492,0.117801,3.39123,0,0,3978.34,6132.68,2262.97,-0.478918
2143,2018-11-14,00:00:00.00,0,2.0095,-1.46903e-14,103.303,1.39275,0,3622.69,0,96.9242,133.36,15.322,0,5.40708,0,0,3978.4,6134.69,2264.92,-0.478918
2144,2018-11-15,00:00:00.00,0,18.0855,-1.4947e-14,103.216,1.29541,0,3623.3,0,96.9242,133.753,13.6894,0,22.4896,0,0,3994.67,6152.78,2266.73,-0.478918
2145,2018-11-16,00:00:00.00,0,18.0855,-1.51969e-14,103.114,1.20843,0,3623.91,0,96.9242,134.146,12.2308,0,39.572,0,0,4011.11,6170.86,2268.38,-0.478918
2146,2018-11-17,00:00:00.00,0,1.2057,-1.49412e-14,103.014,1.13072,0,3623.95,0,96.9242,134.172,10.9276,0,40.7109,0,0,4010.83,6172.07,2269.86,-0.478918
2147,2018-11-18,00:00:00.00,0,0.401899,-1.48641e-14,102.917,1.06129,0,3623.97,0,96.9242,134.181,9.76327,0,41.0905,0,0,4009.9,6172.47,2271.19,-0.478918
2148,2018-11-19,00:00:00.00,0,0,-1.50486e-14,102.826,0.999264,0,3623.97,0,96.9242,134.181,8.72299,0,41.0905,0,0,4008.71,6172.47,2272.39,-0.478918
2149,2018-11-20,00:00:00.00,0,2.0095,-1.51404e-14,102.739,0.943843,0,3624.03,0,96.9242,134.225,7.79355,0,42.9885,0,0,4009.65,6174.48,2273.46,-0.478918
2150,2018-11-21,00:00:00.00,0,0,-1.49696e-14,102.656,0.894327,0,3624.03,0,96.9242,134.225,6.96314,0,42.9885,0,0,4008.68,6174.48,2274.42,-0.478918
2151,2018-11-22,00:00:00.00,0,0,-1.5081e-14,102.58,0.850087,0,3624.03,0,96.9242,134.225,6.22122,0,42.9885,0,0,4007.82,6174.48,2275.28,-0.478915
2152,2018-11-23,00:00:00.00,0,0,-1.49909e-14,102.507,0.810561,0,3624.03,0,96.9242,134.225,5.55834,0,42.9885,0,0,4007.05,6174.48,2276.06,-0.478915
2153,2018-11-24,00:00:00.00,0,0,-1.49835e-14,102.437,0.775246,0,3624.03,0,96.9242,134.225,4.9661,0,42.9885,0,0,4006.35,6174.48,2276.76,-0.478915
2154,2018-11-25,00:00:00.00,5.325,1.10539,-1.49981e-14,102.565,1.01432,0,3624.35,0,97.4883,134.364,8.97552,1.45407,41.8595,0,0,4012.08,6180.91,2277.46,-0.478915
2155,2018-11-26,00:00:00.00,0,0.401899,-1.49639e-14,102.954,1.2376,0,3624.83,0,97.888,134.373,12.7201,1.26133,36.311,0,0,4011.57,6181.31,2278.36,-0.478915
2156,2018-11-27,00:00:00.00,5.74575,3.29699,-1.47629e-14,103.504,1.57115,0,3625.29,0,98.2663,134.57,18.3138,1.26912,36.5352,0,0,4019.31,6190.36,2279.66,-0.478915
2157,2018-11-28,00:00:00.00,0,1.00475,-1.45806e-14,103.868,1.45479,0,3625.32,0,98.2663,134.592,16.3624,0,38.7533,0,0,4018.62,6191.36,2281.37,-0.478915
2158,2018-11-29,00:00:00.00,0,2.0095,-1.45305e-14,103.878,1.35083,0,3625.39,0,98.2663,134.635,14.619,0,40.6514,0,0,4018.79,6193.37,2283.2,-0.478915
2159,2018-11-30,00:00:00.00,0,0,-1.47391e-14,103.796,1.25795,0,3625.39,0,98.2663,134.635,13.0613,0,40.6514,0,0,4017.06,6193.37,2284.94,-0.478915
2160,2018-12-01,00:00:00.00,0,0,-1.48152e-14,103.695,1.17497,0,3625.39,0,98.2663,134.635,11.6696,0,40.6514,0,0,4015.48,6193.37,2286.51,-0.478915
2161,2018-12-02,00:00:00.00,6.73779,4.91729,-1.48384e-14,103.763,1.36128,0,3626.05,0,98.5413,134.889,14.7942,1.55182,44.6735,0,0,4025.63,6205.02,2288.02,-0.478915
2162,2018-12-03,00:00:00.00,7.23419,0,-1.47545e-14,104.63,2.4295,0,3626.56,0,98.8333,135.046,32.7088,1.03006,29.6532,0,0,4030.89,6212.26,2289.99,-0.478915
2163,2018-12-04,00:00:00.00,0,1.00475,-1.44608e-14,105.443,2.20665,0,3626.9,0,98.8086,135.068,28.9714,2.94883e-07,31.6323,0,0,4029.03,6213.26,2292.85,-0.478915
2164,2018-12-05,00:00:00.00,0,0,-1.38219e-14,105.462,2.02117,0,3626.94,0,98.8034,135.068,25.8609,0,31.6323,0,0,4025.78,6213.26,2296.1,-0.478915
2165,2018-12-06,00:00:00.00,0,1.00475,-1.33714e-14,105.338,1.85687,0,3626.97,0,98.8034,135.09,23.1054,0,32.5813,0,0,4023.74,6214.27,2299.15,-0.478915
2166,2018-12-07,00:00:00.00,0,2.0095,-1.28576e-14,105.191,1.70447,0,3627.15,0,98.7994,135.133,20.5496,0,34.4794,0,0,4023,6216.28,2301.9,-0.478915
2167,2018-12-08,00:00:00.00,0,1.6076,-1.23142e-14,105.049,1.57391,0,3627.2,0,98.7994,135.168,18.36,0,35.9978,0,0,4022.15,6217.89,2304.36,-0.478915
2168,2018-12-09,00:00:00.00,0,0,-1.23972e-14,104.916,1.45726,0,3627.2,0,98.7994,135.168,16.4037,0,35.9978,0,0,4019.94,6217.89,2306.57,-0.478915
2169,2018-12-10,00:00:00.00,0,0,-1.20356e-14,104.79,1.35304,0,3627.2,0,98.7994,135.168,14.6559,0,35.9978,0,0,4017.97,6217.89,2308.54,-0.478915
2170,2018-12-11,00:00:00.00,0,0,-1.1957e-14,104.666,1.25432,0,3627.33,0,98.779,135.168,13.0004,0,35.9978,0,0,4016.19,6217.89,2310.32,-0.478915
2171,2018-12-12,00:00:00.00,0,1.00475,-1.17991e-14,104.549,1.17137,0,3627.37,0,98.779,135.19,11.6092,0,36.9469,0,0,4015.61,6218.89,2311.9,-0.478914
2172,2018-12-13,00:00:00.00,0,3.61709,-1.194e-14,104.431,1.08781,0,3627.68,0,98.7719,135.269,10.2079,0,40.3634,0,0,4017.81,6222.51,2313.32,-0.478914
2173,2018-12-14,00:00:00.00,0,3.21519,-1.17192e-14,104.309,1.01001,0,3628.04,0,98.7623,135.339,8.90322,0,43.4002,0,0,4019.76,6225.72,2314.58,-0.478914
2174,2018-12-15,00:00:00.00,2.96704,1.25291,-1.16751e-14,104.273,1.06588,0,3628.49,0,98.9219,135.43,9.84025,1.5044,43.3083,0,0,4022.83,6229.94,2315.74,-0.478914
2175,2018-12-16,00:00:00.00,0,0,-1.18561e-14,104.265,0.987275,0,3628.85,0,98.8634,135.43,8.52193,0.458199,44.3545,0,0,4021.73,6229.94,2316.84,-0.478914
2176,2018-12-17,00:00:00.00,0,0,-1.18329e-14,104.179,0.920188,0,3629.14,0,98.8164,135.43,7.39684,0,44.8127,0,0,4020.69,6229.94,2317.87,-0.478914
2177,2018-12-18,00:00:00.00,0,0,-1.19899e-14,104.072,0.858151,0,3629.47,0,98.7617,135.43,6.35646,0,44.8127,0,0,4019.77,6229.94,2318.8,-0.478914
2178,2018-12-19,00:00:00.00,0,0,-1.20938e-14,103.973,0.814262,0,3629.55,0,98.7489,135.43,5.62042,0,44.8127,0,0,4018.95,6229.94,2319.61,-0.478914
2179,2018-12-20,00:00:00.00,0,0,-1.21852e-14,103.878,0.769805,0,3629.75,0,98.7171,135.43,4.87485,0,44.8127,0,0,4018.23,6229.94,2320.34,-0.478914
2180,2018-12-21,00:00:00.00,18.0033,0.885932,-1.24102e-14,104.459,1.6832,0,3630.56,0,98.9443,135.841,20.193,1.4947,43.0291,0,0,4036.21,6248.83,2321.25,-0.478912
2181,2018-12-22,00:00:00.00,0.803799,0,-1.25162e-14,105.357,1.75321,0,3630.94,0,99.0468,135.858,21.367,1.37999,39.7269,0,0,4035.43,6249.64,2322.83,-0.478912
2182,2018-12-23,00:00:00.00,0,0,-1.16339e-14,105.64,1.615,0,3631,0,99.0379,135.858,19.0492,0,41.1069,0,0,4033.3,6249.64,2324.96,-0.478912
2183,2018-12-24,00:00:00.00,0.0659313,2.14452,-1.16451e-14,105.594,1.47719,0,3631.4,0,99.0249,135.906,16.738,0.0627793,43.1325,0,0,4033.33,6251.85,2327.14,-0.478912
2184,2018-12-25,00:00:00.00,0,3.01425,-1.16533e-14,105.473,1.36105,0,3631.69,0,99.0178,135.972,14.7903,0,46.0424,0,0,4034.35,6254.86,2329.14,-0.47891
2185,2018-12-26,00:00:00.00,0,2.0095,-1.13427e-14,105.349,1.26358,0,3631.83,0,99.0154,136.016,13.1556,0,47.9404,0,0,4034.57,6256.87,2330.93,-0.47891
2186,2018-12-27,00:00:00.00,0,0,-1.12498e-14,105.228,1.17229,0,3632,0,98.9874,136.016,11.6248,0,47.9404,0,0,4032.97,6256.87,2332.53,-0.47891
2187,2018-12-28,00:00:00.00,0,16.2769,-1.1575e-14,105.106,1.08759,0,3632.76,0,98.9821,136.37,10.2043,0,63.3146,0,0,4047.82,6273.15,2333.95,-0.47891
2188,2018-12-29,00:00:00.00,0.602849,0.20095,-1.20805e-14,105.216,1.35857,0,3633.14,0,99.0825,136.387,14.7487,1.92423,55.3943,0,0,4047.25,6273.95,2335.33,-0.47891
2189,2018-12-30,00:00:00.00,0,1.6076,-1.2243e-14,105.403,1.26487,0,3633.19,0,99.0825,136.422,13.1772,0,58.837,0,0,4047.38,6275.56,2336.81,-0.47891
2190,2018-12-31,00:00:00.00,0,0,-1.19631e-14,105.377,1.18114,0,3633.19,0,99.0825,136.422,11.7732,0,58.837,0,0,4045.86,6275.56,2338.32,-0.47891
2191,2019-01-01,00:00:00.00,1.19274,14.0794,-1.17838e-14,105.275,1.0913,0,3633.99,0,99.0736,136.754,10.2665,1.13353,72.1385,0,0,4059.72,6290.83,2339.74,-0.47891
2192,2019-01-02,00:00:00.00,0,0,-1.20936e-14,105.155,1.01728,0,3634.18,0,99.0416,136.754,9.0251,0,73.272,0,0,4058.45,6290.83,2341.01,-0.47891
2193,2019-01-03,00:00:00.00,0,6.02849,-1.22915e-14,105.045,0.95733,0,3634.44,0,99.0408,136.885,8.01974,0,78.9661,0,0,4063.35,6296.86,2342.13,-0.47891
2194,2019-01-04,00:00:00.00,0,0,-1.20875e-14,104.936,0.897581,0,3634.63,0,99.0088,136.885,7.01772,0,78.9661,0,0,4062.34,6296.86,2343.14,-0.47891
2195,2019-01-05,00:00:00.00,0,0,-1.21002e-14,104.831,0.844199,0,3634.83,0,98.9769,136.885,6.12247,0.602655,78.3635,0,0,4061.46,6296.86,2344.03,-0.47891
2196,2019-01-06,00:00:00.00,0,0,-1.19493e-14,104.729,0.796504,0,3635.03,0,98.9449,136.885,5.32261,0,78.9661,0,0,4060.67,6296.86,2344.81,-0.47891
2197,2019-01-07,00:00:00.00,0,0,-1.18598e-14,104.63,0.753892,0,3635.22,0,98.9129,136.885,4.60798,0,78.9661,0,0,4059.98,6296.86,2345.5,-0.47891
2198,2019-01-08,00:00:00.00,0,7.83704,-1.18072e-14,104.536,0.715819,0,3635.66,0,98.9075,137.055,3.96949,0,86.3686,0,0,4067.21,6304.7,2346.11,-0.47891
2199,2019-01-09,00:00:00.00,0.0408126,0.160137,-1.18154e-14,104.448,0.681804,0,3635.86,0,98.8812,137.06,3.39903,0.0388471,86.5198,0,0,4066.89,6304.9,2346.64,-0.47891
2200,2019-01-10,00:00:00.00,0,1.00475,-1.18766e-14,104.361,0.651412,0,3636.06,0,98.8744,137.082,2.88936,0,87.5077,0,0,4067.43,6305.9,2347.1,-0.47891
2201,2019-01-11,00:00:00.00,0,1.00475,-1.19929e-14,104.288,0.633055,0,3636.1,0,98.8744,137.103,2.58149,0,88.4567,0,0,4068.03,6306.91,2347.5,-0.47891
2202,2019-01-12,00:00:00.00,0,0,-1.20234e-14,104.23,0.616653,0,3636.1,0,98.8744,137.103,2.30643,0,88.4567,0,0,4067.68,6306.91,2347.85,-0.47891
2203,2019-01-13,00:00:00.00,0,0,-1.20242e-14,104.18,0.600491,0,3636.13,0,98.869,137.103,2.03539,0,88.4567,0,0,4067.38,6306.91,2348.15,-0.47891
2204,2019-01-14,00:00:00.00,0,0,-1.20258e-14,104.133,0.587559,0,3636.13,0,98.869,137.103,1.81851,0,88.4567,0,0,4067.1,6306.91,2348.43,-0.47891
2205,2019-01-15,00:00:00.00,0,0,-1.19744e-14,104.089,0.576006,0,3636.13,0,98.869,137.103,1.62475,0,88.4567,0,0,4066.85,6306.91,2348.68,-0.47891
2206,2019-01-16,00:00:00.00,0,1.00475,-1.19573e-14,104.04,0.559777,0,3636.28,0,98.8645,137.125,1.35258,0,89.4058,0,0,4067.63,6307.91,2348.91,-0.47891
2207,2019-01-17,00:00:00.00,0,0.401899,-1.19611e-14,103.987,0.544177,0,3636.44,0,98.851,137.134,1.09097,0,89.7854,0,0,4067.83,6308.31,2349.11,-0.47891
2208,2019-01-18,00:00:00.00,0,2.0095,-1.19637e-14,103.941,0.537246,0,3636.51,0,98.851,137.178,0.97473,0,91.6834,0,0,4069.67,6310.32,2349.28,-0.47891
2209,2019-01-19,00:00:00.00,0,0.602849,-1.19492e-14,103.897,0.525316,0,3636.64,0,98.8454,137.191,0.774662,0,92.2529,0,0,4070.13,6310.93,2349.42,-0.47891
2210,2019-01-20,00:00:00.00,0,4.01899,-1.19453e-14,103.861,0.520394,0,3636.78,0,98.8454,137.278,0.692121,0,96.049,0,0,4074.02,6314.94,2349.55,-0.47891
2211,2019-01-21,00:00:00.00,0,0.401899,-1.19316e-14,103.832,0.515997,0,3636.79,0,98.8454,137.287,0.618375,0,96.4286,0,0,4074.32,6315.35,2349.65,-0.478907
2212,2019-01-22,00:00:00.00,0,0,-1.19335e-14,103.806,0.512068,0,3636.79,0,98.8454,137.287,0.552487,0,96.4286,0,0,4074.22,6315.35,2349.75,-0.478907
2213,2019-01-23,00:00:00.00,0,13.0617,-1.1932e-14,103.78,0.508558,0,3637.23,0,98.8454,137.571,0.49362,0,108.766,0,0,4087.19,6328.41,2349.84,-0.478907
2214,2019-01-24,00:00:00.00,0,11.856,-1.19312e-14,103.745,0.497956,0,3637.77,0,98.8409,137.829,0.315825,0,119.964,0,0,4098.97,6340.26,2349.92,-0.478907
2215,2019-01-25,00:00:00.00,0,3.01425,-1.19348e-14,103.7,0.488484,0,3638.02,0,98.8345,137.894,0.156977,0,122.812,0,0,4101.91,6343.28,2349.99,-0.478907
2216,2019-01-26,00:00:00.00,0,7.03324,-1.19284e-14,103.661,0.487487,0,3638.26,0,98.8345,138.047,0.140251,0,129.455,0,0,4108.88,6350.31,2350.05,-0.478907
2217,2019-01-27,00:00:00.00,0,5.02374,-1.19283e-14,103.63,0.486596,0,3638.43,0,98.8345,138.156,0.125308,0,134.2,0,0,4113.86,6355.34,2350.1,-0.478907
2218,2019-01-28,00:00:00.00,0,2.0095,-1.19285e-14,103.605,0.4858,0,3638.5,0,98.8345,138.2,0.111956,0,136.098,0,0,4115.83,6357.34,2350.14,-0.478907
2219,2019-01-29,00:00:00.00,0,12.057,-1.19288e-14,103.586,0.485088,0,3638.9,0,98.8345,138.462,0.100027,0,147.486,0,0,4127.86,6369.4,2350.17,-0.478907
2220,2019-01-30,00:00:00.00,0,3.61709,-1.19272e-14,103.57,0.484453,0,3639.02,0,98.8345,138.541,0.0893691,0,150.903,0,0,4131.45,6373.02,2350.2,-0.478907
2221,2019-01-31,00:00:00.00,0,0.401899,-1.19256e-14,103.557,0.483885,0,3639.04,0,98.8345,138.549,0.0798468,0,151.282,0,0,4131.82,6373.42,2350.22,-0.478907
2222,2019-02-01,00:00:00.00,0,0,-1.1927e-14,103.546,0.483378,0,3639.04,0,98.8345,138.549,0.0713391,0,151.282,0,0,4131.81,6373.42,2350.24,-0.478907
2223,2019-02-02,00:00:00.00,0,0,-1.19289e-14,103.538,0.482924,0,3639.04,0,98.8345,138.549,0.0637379,0,151.282,0,0,4131.79,6373.42,2350.26,-0.478907
2224,2019-02-03,00:00:00.00,0,0,-1.19307e-14,103.53,0.48252,0,3639.04,0,98.8345,138.549,0.0569466,0,151.282,0,0,4131.77,6373.42,2350.27,-0.478907
2225,2019-02-04,00:00:00.00,1.91525,0.094248,-1.1935e-14,103.532,0.497011,0,3639.16,0,98.9042,138.593,0.299977,4.78806,147.992,0,0,4133.76,6375.43,2350.29,-0.478907
2226,2019-02-05,00:00:00.00,13.4636,0,-1.1294e-14,104.95,2.29937,0,3639.72,0,99.1127,138.886,30.5264,4.40835,126.907,0,0,4146.81,6388.89,2350.71,-0.478904
2227,2019-02-06,00:00:00.00,0,1.00475,-1.08925e-14,106.686,2.09187,0,3640.03,0,99.0934,138.908,27.0466,0,132.264,0,0,4146.12,6389.9,2352.41,-0.478904
2228,2019-02-07,00:00:00.00,0,3.01425,-9.94977e-15,107.005,1.90649,0,3640.39,0,99.0832,138.973,23.9375,0,135.111,0,0,4146.41,6392.91,2355.13,-0.478904
2229,2019-02-08,00:00:00.00,0.998437,0.207261,-9.36782e-15,106.926,1.74085,0,3640.7,0,99.0625,138.999,21.1598,3.55739,132.701,0,0,4144.85,6394.12,2357.9,-0.478904
2230,2019-02-09,00:00:00.00,0,4.42089,-9.09152e-15,106.782,1.60117,0,3640.95,0,99.0592,139.095,18.8173,0,140.434,0,0,4146.74,6398.54,2360.42,-0.478904
2231,2019-02-10,00:00:00.00,0,1.00475,-9.31733e-15,106.639,1.48162,0,3640.98,0,99.0592,139.117,16.8123,0,141.383,0,0,4145.48,6399.54,2362.69,-0.478904
2232,2019-02-11,00:00:00.00,0,4.01899,-9.24681e-15,106.507,1.3748,0,3641.12,0,99.0592,139.205,15.0209,0,145.179,0,0,4147.46,6403.56,2364.72,-0.478904
2233,2019-02-12,00:00:00.00,0,0,-9.18836e-15,106.372,1.27074,0,3641.31,0,99.0279,139.205,13.2757,0,145.179,0,0,4145.64,6403.56,2366.54,-0.478904
2234,2019-02-13,00:00:00.00,0,14.0665,-9.22558e-15,106.235,1.17437,0,3642.02,0,99.0212,139.51,11.6597,0,158.465,0,0,4158.09,6417.63,2368.17,-0.478904
2235,2019-02-14,00:00:00.00,0,6.02849,-9.38338e-15,106.103,1.09082,0,3642.41,0,99.0149,139.641,10.2584,0,164.16,0,0,4162.67,6423.66,2369.61,-0.478904
2236,2019-02-15,00:00:00.00,0,0,-9.39774e-15,105.973,1.0121,0,3642.71,0,98.9656,139.641,8.93817,0,164.16,0,0,4161.4,6423.66,2370.88,-0.478904
2237,2019-02-16,00:00:00.00,0,1.00475,-9.31068e-15,105.846,0.941759,0,3643.02,0,98.9463,139.663,7.75861,0,165.109,0,0,4161.28,6424.66,2372,-0.478904
2238,2019-02-17,00:00:00.00,0,0,-9.34986e-15,105.734,0.889763,0,3643.08,0,98.9365,139.663,6.8866,0,165.109,0,0,4160.3,6424.66,2372.99,-0.478904
2239,2019-02-18,00:00:00.00,0,6.63134,-9.46994e-15,105.642,0.846009,0,3643.3,0,98.9365,139.807,6.15283,0,171.372,0,0,4166.06,6431.29,2373.86,-0.478904
2240,2019-02-19,00:00:00.00,0,1.00475,-9.38876e-15,105.56,0.806755,0,3643.34,0,98.9365,139.829,5.49452,0,172.321,0,0,4166.29,6432.3,2374.64,-0.478904
2241,2019-02-20,00:00:00.00,0,0,-9.55003e-15,105.483,0.771845,0,3643.34,0,98.9365,139.829,4.90908,0,172.321,0,0,4165.59,6432.3,2375.33,-0.478904
2242,2019-02-21,00:00:00.00,0,0.401899,-9.54486e-15,105.412,0.740493,0,3643.36,0,98.9364,139.838,4.38329,0,172.701,0,0,4165.37,6432.7,2375.96,-0.478904
2243,2019-02-22,00:00:00.00,0,0,-9.5323e-15,105.333,0.699097,0,3643.66,0,98.8872,139.838,3.68905,0,172.701,0,0,4164.81,6432.7,2376.52,-0.478904
2244,2019-02-23,00:00:00.00,0,0,-9.56632e-15,105.243,0.662111,0,3643.96,0,98.838,139.838,3.06878,0,172.701,0,0,4164.31,6432.7,2377.01,-0.478904
2245,2019-02-24,00:00:00.00,0,6.63134,-9.54198e-15,105.149,0.629067,0,3644.45,0,98.8285,139.982,2.51461,0,178.964,0,0,4170.52,6439.33,2377.44,-0.478904
2246,2019-02-25,00:00:00.00,3.01425,20.4969,-9.60778e-15,105.213,0.806072,0,3645.46,0,98.8945,140.493,5.48306,6.37513,190.889,0,0,4193.62,6462.84,2377.85,-0.478904
2247,2019-02-26,00:00:00.00,0,1.00475,-9.69751e-15,105.355,0.768533,0,3645.55,0,98.8926,140.515,4.85352,0,198.213,0,0,4194.15,6463.85,2378.32,-0.478904
2248,2019-02-27,00:00:00.00,0,2.61235,-9.80739e-15,105.381,0.737696,0,3645.64,0,98.8926,140.572,4.33637,0,200.681,0,0,4196.24,6466.46,2378.85,-0.478904
2249,2019-02-28,00:00:00.00,0,10.0475,-9.72228e-15,105.354,0.710145,0,3645.98,0,98.8926,140.79,3.87433,0,210.171,0,0,4205.77,6476.51,2379.36,-0.478904
2250,2019-03-01,00:00:00.00,0,0,-9.62016e-15,105.306,0.68553,0,3645.98,0,98.8926,140.79,3.46152,0,210.171,0,0,4205.28,6476.51,2379.85,-0.478904
2251,2019-03-02,00:00:00.00,0,0,-9.62342e-15,105.251,0.663537,0,3645.98,0,98.8926,140.79,3.09269,0,210.171,0,0,4204.84,6476.51,2380.3,-0.478904
2252,2019-03-03,00:00:00.00,0,5.02374,-9.71968e-15,105.196,0.643888,0,3646.14,0,98.8926,140.9,2.76316,0,214.916,0,0,4209.46,6481.53,2380.7,-0.478904
2253,2019-03-04,00:00:00.00,0,0.401899,-9.83493e-15,105.144,0.626332,0,3646.16,0,98.8926,140.908,2.46875,0,215.296,0,0,4209.49,6481.93,2381.06,-0.478904
2254,2019-03-05,00:00:00.00,0,0.401899,-9.84728e-15,105.096,0.610647,0,3646.17,0,98.8926,140.917,2.2057,0,215.675,0,0,4209.57,6482.34,2381.39,-0.478904
2255,2019-03-06,00:00:00.00,0,1.2057,-9.90486e-15,105.052,0.596633,0,3646.21,0,98.8926,140.943,1.97068,0,216.814,0,0,4210.48,6483.54,2381.68,-0.478904
2256,2019-03-07,00:00:00.00,0,0.602849,-9.87156e-15,105.008,0.584112,0,3646.23,0,98.8926,140.956,1.76071,0,217.384,0,0,4210.82,6484.14,2381.95,-0.478904
2257,2019-03-08,00:00:00.00,0,0,-9.85868e-15,104.965,0.572926,0,3646.23,0,98.8926,140.956,1.5731,0,217.384,0,0,4210.58,6484.14,2382.19,-0.478904
2258,2019-03-09,00:00:00.00,0,0,-9.88356e-15,104.925,0.562931,0,3646.23,0,98.8926,140.956,1.40549,0,217.384,0,0,4210.36,6484.14,2382.41,-0.478904
2259,2019-03-10,00:00:00.00,0,0,-1.00734e-14,105.555,1.45826,0,3647.16,0,98.9182,140.956,16.4206,6.69597,192.762,0,0,4209.93,6484.14,2382.84,-0.478904
2260,2019-03-11,00:00:00.00,1.00475,0,-9.66413e-15,107.284,2.71913,0,3648.18,0,98.9793,140.978,37.566,5.83222,167.897,0,0,4209.44,6485.15,2384.33,-0.478904
2261,2019-03-12,00:00:00.00,0,0,-9.10658e-15,108.451,2.45385,0,3648.78,0,98.8826,140.978,33.117,2.82806,170.901,0,0,4206.39,6485.15,2387.38,-0.478904
2262,2019-03-13,00:00:00.00,0,0,-9.56675e-15,108.455,2.21976,0,3649.31,0,98.7965,140.978,29.1912,0.0806033,173.648,0,0,4202.68,6485.15,2391.09,-0.478904
2263,2019-03-14,00:00:00.00,0,0,-9.56389e-15,108.248,2.00475,0,3649.97,0,98.6891,140.978,25.5855,0,173.729,0,0,4199.21,6485.15,2394.56,-0.478904
2264,2019-03-15,00:00:00.00,17.4826,0,-9.51078e-15,108.927,3.34216,0,3651.33,0,98.9107,141.358,48.0144,5.40813,155.688,0,0,4212.98,6502.63,2398.27,-0.478904
2265,2019-03-16,00:00:00.00,0,1.00475,-1.00969e-14,110.166,3.83775,0,3652.38,0,98.9577,141.38,56.3258,4.89968,141.051,0,0,4209,6503.64,2403.26,-0.478904
2266,2019-03-17,00:00:00.00,0,1.00475,-1.03387e-14,110.52,3.46498,0,3652.72,0,98.9335,141.402,50.0742,0.29099,146.609,0,0,4204.02,6504.64,2409.25,-0.478904
2267,2019-03-18,00:00:00.00,0,0,-1.07326e-14,110.314,3.14656,0,3652.73,0,98.9324,141.402,44.7341,0,146.9,0,0,4198.16,6504.64,2415.11,-0.478904
2268,2019-03-19,00:00:00.00,0,1.2057,-1.17867e-14,110.079,2.85913,0,3652.83,0,98.9301,141.428,39.9139,0,148.039,0,0,4194.08,6505.85,2420.39,-0.478904
2269,2019-03-20,00:00:00.00,0,0,-1.15051e-14,109.842,2.59063,0,3653.17,0,98.8759,141.428,35.411,0,148.039,0,0,4189.35,6505.85,2425.12,-0.478904
2270,2019-03-21,00:00:00.00,0.470817,6.16052,-1.17278e-14,109.588,2.33026,0,3654.08,0,98.8491,141.572,31.0445,0.447447,153.859,0,0,4191.77,6512.48,2429.33,-0.478904
2271,2019-03-22,00:00:00.00,0.602849,0,-1.15404e-14,109.465,2.32937,0,3655.13,0,98.7479,141.585,31.0295,4.54646,145.714,0,0,4188.55,6513.08,2433.16,-0.478904
2272,2019-03-23,00:00:00.00,0,0,-1.19541e-14,109.396,2.14585,0,3656.18,0,98.6259,141.585,27.9518,4.57293,144.505,0,0,4184.96,6513.08,2436.74,-0.478904
2273,2019-03-24,00:00:00.00,0,0,-1.29208e-14,109.233,1.96506,0,3656.25,0,98.6142,141.585,24.9198,0,149.078,0,0,4181.64,6513.08,2440.06,-0.478904
2274,2019-03-25,00:00:00.00,0,0,-1.38933e-14,109.021,1.77427,0,3656.98,0,98.4962,141.585,21.7202,0,149.078,0,0,4178.65,6513.08,2443.05,-0.478904
2275,2019-03-26,00:00:00.00,0,0,-1.35655e-14,108.801,1.61258,0,3657.51,0,98.4101,141.585,19.0087,0,149.078,0,0,4176,6513.08,2445.7,-0.478904
2276,2019-03-27,00:00:00.00,0,0,-1.40307e-14,108.592,1.46813,0,3658.04,0,98.324,141.585,16.5861,0,149.078,0,0,4173.67,6513.08,2448.03,-0.478904
2277,2019-03-28,00:00:00.00,0.957624,0.047124,-1.44396e-14,108.445,1.43323,0,3659.09,0,98.2367,141.607,16.0008,4.3082,143.465,0,0,4172.59,6514.09,2450.12,-0.478904
2278,2019-03-29,00:00:00.00,0.401899,0,-1.45957e-14,108.749,1.98115,0,3660.14,0,98.2596,141.616,25.1896,4.52873,130.372,0,0,4170.84,6514.49,2452.28,-0.478904
2279,2019-03-30,00:00:00.00,16.076,0,-1.36955e-14,111.35,5.68889,0,3661.37,0,98.6565,141.965,61.0281,3.44899,99.2889,0,0,4182.8,6530.56,2456.39,-0.478904
2280,2019-03-31,00:00:00.00,13.6646,9.04274,-1.41009e-14,113.34,4.75083,0,3662.94,0,98.8726,142.459,71.6385,3.49192,100.525,0,0,4198.02,6553.27,2463.88,-0.478904
2281,2019-04-01,00:00:00.00,0,0,-1.31315e-14,112.93,4.27199,0,3663.47,0,98.7865,142.459,63.6082,0.517553,103.499,0,0,4189.54,6553.27,2472.35,-0.478904
2282,2019-04-02,00:00:00.00,0,0.401899,-1.39858e-14,112.665,3.86786,0,3663.48,0,98.7865,142.468,56.8307,0,104.396,0,0,4182.5,6553.67,2479.8,-0.478904
2283,2019-04-03,00:00:00.00,0,0,-1.48384e-14,112.423,3.50679,0,3663.48,0,98.7865,142.468,50.7754,1.32798,103.068,0,0,4175.84,6553.67,2486.46,-0.478904
2284,2019-04-04,00:00:00.00,0,0,-1.45311e-14,112.463,3.67099,0,3663.48,0,98.8234,142.468,53.5291,2.80544,92.4163,0,0,4169.66,6553.67,2492.64,-0.478904
2285,2019-04-05,00:00:00.00,0.0659313,0.135018,-1.37598e-14,112.523,3.3309,0,3663.49,0,98.8234,142.472,47.8256,2.31151,93.1005,0,0,4163.88,6553.87,2498.62,-0.478904
2286,2019-04-06,00:00:00.00,0.5463,0.659398,-1.61283e-14,112.312,3.02712,0,3663.53,0,98.8246,142.498,42.7311,2.76197,93.7906,0,0,4159.47,6555.08,2504.23,-0.478904
2287,2019-04-07,00:00:00.00,0,0,-1.63373e-14,113.065,4.54451,0,3665.46,0,98.7689,142.498,68.1784,2.05118,59.049,0,0,4153.61,6555.08,2510.09,-0.478904
2288,2019-04-08,00:00:00.00,12.2579,0,-1.78083e-14,115.398,6.99817,0,3670.7,0,97.1878,142.779,97.3558,0.913009,26.2835,0,0,4157.62,6567.34,2518.34,-0.478904
2289,2019-04-09,00:00:00.00,0.602849,0,-2.02578e-14,116.393,5.68592,0,3676.01,0,95.2989,142.778,87.3204,0.80587,23.1992,0,0,4147.49,6567.94,2529.07,-0.478904
2290,2019-04-10,00:00:00.00,0,0,-2.20101e-14,115.835,5.15711,0,3677.92,0,94.5479,142.778,78.4519,0.750686,21.6106,0,0,4137.05,6567.94,2539.52,-0.478904
2291,2019-04-11,00:00:00.00,0,0,-2.33589e-14,115.638,4.68983,0,3677.92,0,94.692,142.778,70.6154,0.726212,20.9061,0,0,4127.96,6567.94,2548.6,-0.478904
2292,2019-04-12,00:00:00.00,0,0,-2.19909e-14,115.425,4.24972,0,3677.92,0,94.7991,142.778,63.2346,0.717233,20.6476,0,0,4119.77,6567.94,2556.8,-0.478904
2293,2019-04-13,00:00:00.00,3.01425,0,-2.1379e-14,115.207,3.94005,0,3682.14,0,94.1268,142.843,58.0414,0.638795,18.3895,0,0,4115.33,6570.95,2564.25,-0.478904
2294,2019-04-14,00:00:00.00,1.2057,0,-1.93944e-14,115.044,3.6025,0,3684.72,0,94.0279,142.87,52.3804,0.575747,16.5745,0,0,4109.79,6572.16,2570.99,-0.478904
2295,2019-04-15,00:00:00.00,14.9389,0.735135,-2.00392e-14,115.28,4.00511,0,3685.12,0,95.4294,143.21,59.1325,0.566418,16.3059,0,0,4119.05,6587.83,2577.41,-0.478904
2296,2019-04-16,00:00:00.00,0,0,-2.07435e-14,115.542,3.68351,0,3685.37,0,95.3979,143.21,53.7391,0.525017,15.1141,0,0,4112.58,6587.83,2583.88,-0.478904
2297,2019-04-17,00:00:00.00,2.11931,0.894933,-2.1509e-14,115.448,3.45375,0,3685.45,0,96.2367,143.276,49.8859,0.522655,15.0461,0,0,4109.32,6590.85,2590.15,-0.478904
2298,2019-04-18,00:00:00.00,0.401899,0,-2.32448e-14,115.281,3.16464,0,3688.36,0,95.2324,143.285,45.0373,0.454595,13.0868,0,0,4103.9,6591.25,2595.98,-0.478904
2299,2019-04-19,00:00:00.00,11.2532,0,-2.48598e-14,115.38,3.45687,0,3693.66,0,94.3691,143.529,49.9381,0.310564,8.94046,0,0,4109.59,6602.5,2601.54,-0.478904
2300,2019-04-20,00:00:00.00,15.2722,0,-2.62319e-14,115.931,3.8469,0,3698.97,0,93.8635,143.861,56.4792,0.205259,5.90896,0,0,4119.06,6617.78,2607.33,-0.478904
2301,2019-04-21,00:00:00.00,12.4589,0,-2.66795e-14,116.56,4.07781,0,3701.31,0,94.5044,144.132,60.3517,0.142516,4.10273,0,0,4125.19,6630.23,2613.67,-0.478904
2302,2019-04-22,00:00:00.00,0.20095,0,-2.79861e-14,116.76,3.7215,0,3706.62,0,92.1559,144.136,54.3762,0.0327366,0.942415,0,0,4118.75,6630.44,2620.31,-0.478904
2303,2019-04-23,00:00:00.00,0,0,-2.68675e-14,116.538,3.27984,0,3711.93,0,89.6307,144.136,46.9692,0,0,0,0,4112.48,6630.44,2626.58,-0.478904
2304,2019-04-24,00:00:00.00,7.43514,0,-2.70436e-14,116.3,3.07772,0,3717.23,0,89.7905,144.298,43.5797,0,0,0,0,4114.28,6637.87,2632.22,-0.478904
2305,2019-04-25,00:00:00.00,0,0,-2.65579e-14,116.022,2.67936,0,3721.79,0,87.5103,144.298,36.899,0,0,0,0,4109.2,6637.87,2637.29,-0.478904
2306,2019-04-26,00:00:00.00,20.095,0,-2.69784e-14,116.051,3.12861,0,3727.14,0,88.9869,144.735,44.4332,0,0,0,0,4124.48,6657.97,2642.11,-0.478904
2307,2019-04-27,00:00:00.00,3.81804,0,-2.64371e-14,116.14,2.78266,0,3731.7,0,89.3563,144.818,38.6313,0,0,0,0,4123.43,6661.78,2646.98,-0.478904
2308,2019-04-28,00:00:00.00,0.602849,0,-2.6413e-14,115.859,2.53721,0,3731.72,0,89.9307,144.831,34.5151,0,0,0,0,4119.39,6662.39,2651.62,-0.478904
2309,2019-04-29,00:00:00.00,0,0,-2.70323e-14,115.519,2.28478,0,3732.96,0,89.3086,144.831,30.2817,0,0,0,0,4115.19,6662.39,2655.82,-0.478904
2310,2019-04-30,00:00:00.00,5.22469,0,-2.74634e-14,115.274,2.24354,0,3733.09,0,91.4493,144.945,29.59,0,0,0,0,4116.6,6667.61,2659.64,-0.478904
2311,2019-05-01,00:00:00.00,12.057,0,-2.79492e-14,115.32,2.51683,0,3734.82,0,92.8614,145.207,34.1732,0,0,0,0,4124.9,6679.67,2663.39,-0.478904
2312,2019-05-02,00:00:00.00,3.91852,0,-2.95358e-14,115.409,2.42581,0,3734.92,0,94.2278,145.292,32.6469,0,0,0,0,4124.92,6683.59,2667.29,-0.478904
2313,2019-05-03,00:00:00.00,12.1575,0,-3.00132e-14,115.542,2.76779,0,3735.23,0,95.4986,145.556,38.382,0,0,0,0,4132.98,6695.74,2671.39,-0.478904
2314,2019-05-04,00:00:00.00,12.057,0,-2.94297e-14,115.922,3.08429,0,3735.54,0,96.4679,145.818,43.6898,0,0,0,0,4140.52,6707.8,2675.91,-0.478904
2315,2019-05-05,00:00:00.00,0,0,-2.9367e-14,115.988,2.80671,0,3735.54,0,96.4679,145.818,39.0346,0,0,0,0,4135.65,6707.8,2680.77,-0.478904
2316,2019-05-06,00:00:00.00,0,0,-2.94351e-14,115.642,2.52012,0,3736.98,0,95.7437,145.818,34.2285,0,0,0,0,4130.94,6707.8,2685.49,-0.478904
2317,2019-05-07,00:00:00.00,0.401899,0,-2.89563e-14,115.197,2.22691,0,3739.83,0,94.7151,145.827,29.3111,0,0,0,0,4127.11,6708.2,2689.72,-0.478904
2318,2019-05-08,00:00:00.00,0,0,-2.86219e-14,114.8,2.04068,0,3739.83,0,94.7151,145.827,26.188,0,0,0,0,4123.4,6708.2,2693.43,-0.478904
2319,2019-05-09,00:00:00.00,0,0,-2.81712e-14,114.452,1.8743,0,3739.83,0,94.7151,145.827,23.3977,0,0,0,0,4120.09,6708.2,2696.73,-0.478904
2320,2019-05-10,00:00:00.00,12.3584,0,-2.83946e-14,114.469,2.28978,0,3740.17,0,95.8739,146.096,30.3656,0,0,0,0,4129.26,6720.56,2699.92,-0.478904
2321,2019-05-11,00:00:00.00,0,0,-2.88848e-14,114.549,2.09686,0,3740.17,0,95.8739,146.096,27.1301,0,0,0,0,4125.92,6720.56,2703.27,-0.478904
2322,2019-05-12,00:00:00.00,0.803799,0,-2.92486e-14,114.294,1.92747,0,3740.19,0,96.5837,146.113,24.2895,0,0,0,0,4123.4,6721.37,2706.59,-0.478904
2323,2019-05-13,00:00:00.00,8.54036,0,-2.85947e-14,114.236,2.17092,0,3740.41,0,97.2543,146.299,28.3722,0,0,0,0,4128.74,6729.91,2709.79,-0.478904
2324,2019-05-14,00:00:00.00,8.03799,0,-2.89605e-14,114.444,2.37107,0,3740.61,0,97.7722,146.474,31.7288,0,0,0,0,4133.4,6737.94,2713.16,-0.478904
2325,2019-05-15,00:00:00.00,0.20095,0,-2.86128e-14,114.446,2.16948,0,3740.62,0,97.9636,146.478,28.348,0,0,0,0,4130.02,6738.14,2716.74,-0.478904
2326,2019-05-16,00:00:00.00,0,0,-2.98407e-14,114.184,1.98937,0,3740.62,0,97.9636,146.478,25.3276,0,0,0,0,4126.56,6738.14,2720.21,-0.478904
2327,2019-05-17,00:00:00.00,2.0095,0,-3.00486e-14,113.935,1.91169,0,3740.71,0,98.2736,146.522,24.0247,0,0,0,0,4125.38,6740.15,2723.4,-0.478904
2328,2019-05-18,00:00:00.00,0,0,-2.99966e-14,113.696,1.75763,0,3740.76,0,98.2471,146.522,21.4412,0,0,0,0,4122.43,6740.15,2726.35,-0.478904
2329,2019-05-19,00:00:00.00,0,0,-3.01245e-14,113.414,1.62141,0,3740.76,0,98.2471,146.522,19.1566,0,0,0,0,4119.73,6740.15,2729.05,-0.478904
2330,2019-05-20,00:00:00.00,5.42564,0,-3.07942e-14,112.966,1.40856,0,3751.93,0,94.1033,146.64,15.587,0,0,0,0,4122.63,6745.58,2731.57,-0.478904
2331,2019-05-21,00:00:00.00,0,0,-3.09599e-14,112.512,1.17803,0,3756.86,0,91.635,146.64,11.721,0,0,0,0,4120.55,6745.58,2733.65,-0.478904
2332,2019-05-22,00:00:00.00,0,0,-3.10532e-14,112.15,1.10356,0,3756.86,0,91.635,146.64,10.4721,0,0,0,0,4118.86,6745.58,2735.34,-0.478904
2333,2019-05-23,00:00:00.00,0.401899,0,-3.1328e-14,111.886,1.03703,0,3756.87,0,92.0179,146.648,9.3563,0,0,0,0,4117.82,6745.98,2736.79,-0.478904
2334,2019-05-24,00:00:00.00,3.21519,0,-3.15431e-14,111.38,0.728646,0,3767.39,0,89.3183,146.718,4.1846,0,0,0,0,4119.72,6749.2,2738.1,-0.478904
2335,2019-05-25,00:00:00.00,7.63609,0,-3.12826e-14,110.925,0.750447,0,3774.42,0,88.8543,146.884,4.55022,0,0,0,0,4126.38,6756.83,2739.07,-0.478904
2336,2019-05-26,00:00:00.00,13.0617,0,-3.1096e-14,110.779,0.95272,0,3784.55,0,87.1614,147.168,7.94242,0,0,0,0,4138.55,6769.89,2739.97,-0.478904
2337,2019-05-27,00:00:00.00,0,0,-3.10129e-14,110.523,0.604923,0,3795.71,0,81.5803,147.168,2.10971,0,0,0,0,4137.7,6769.89,2740.82,-0.478904
2338,2019-05-28,00:00:00.00,5.42564,0,-3.09822e-14,109.995,0.500021,0,3803.4,0,80.9146,147.286,0.350462,0,0,0,0,4142.45,6775.32,2741.5,-0.478904
2339,2019-05-29,00:00:00.00,2.8133,0,-3.10034e-14,109.697,0.497795,0,3803.47,0,83.595,147.347,0.313121,0,0,0,0,4144.92,6778.13,2741.83,-0.478904
2340,2019-05-30,00:00:00.00,0.602849,0,-3.10153e-14,109.466,0.479124,0,3804.86,0,83.1118,147.36,0,0,0,0,0,4145.28,6778.74,2742.08,-0.478904
2341,2019-05-31,00:00:00.00,0,0,-3.10153e-14,109.203,0.479124,0,3809.77,0,78.2018,147.36,0,0,0,0,0,4145.01,6778.74,2742.35,-0.478904
2342,2019-06-01,00:00:00.00,0,0,-3.10153e-14,109.028,0.479124,0,3812.94,0,75.0359,147.36,0,0,0,0,0,4144.84,6778.74,2742.52,-0.478904
2343,2019-06-02,00:00:00.00,2.21045,0,-3.10153e-14,108.937,0.479124,0,3813.28,0,76.8535,147.408,0,0,0,0,0,4146.96,6780.95,2742.61,-0.478904
2344,2019-06-03,00:00:00.00,0,0,-3.10153e-14,108.863,0.479124,0,3813.28,0,76.8535,147.408,0,0,0,0,0,4146.88,6780.95,2742.69,-0.478904
2345,2019-06-04,00:00:00.00,0,0,-3.10153e-14,108.797,0.479124,0,3813.28,0,76.8535,147.408,0,0,0,0,0,4146.82,6780.95,2742.75,-0.478904
2346,2019-06-05,00:00:00.00,0.20095,0,-3.10153e-14,108.738,0.479124,0,3813.29,0,77.045,147.413,0,0,0,0,0,4146.96,6781.15,2742.81,-0.478904
2347,2019-06-06,00:00:00.00,3.81804,0,-3.10153e-14,108.684,0.479124,0,3813.38,0,80.6827,147.496,0,0,0,0,0,4150.72,6784.97,2742.87,-0.478904
2348,2019-06-07,00:00:00.00,0,0,-3.10153e-14,108.537,0.479124,0,3817.92,0,76.145,147.496,0,0,0,0,0,4150.58,6784.97,2743.01,-0.478904
2349,2019-06-08,00:00:00.00,0,0,-3.10153e-14,108.442,0.479124,0,3820.59,0,73.4708,147.496,0,0,0,0,0,4150.48,6784.97,2743.11,-0.478904
2350,2019-06-09,00:00:00.00,0,0,-3.10153e-14,108.325,0.479124,0,3824.67,0,69.399,147.496,0,0,0,0,0,4150.37,6784.97,2743.22,-0.478904
2351,2019-06-10,00:00:00.00,0.502374,0,-3.10153e-14,108.186,0.479124,0,3830.14,0,64.421,147.507,0,0,0,0,0,4150.73,6785.47,2743.36,-0.478904
2352,2019-06-11,00:00:00.00,8.64084,0,-3.10146e-14,108.13,0.482037,0,3832.34,0,70.611,147.695,0.0488536,0,0,0,0,4159.31,6794.11,2743.42,-0.478904
2353,2019-06-12,00:00:00.00,0,0,-3.10099e-14,108.125,0.481727,0,3832.34,0,70.611,147.695,0.0436483,0,0,0,0,4159.3,6794.11,2743.43,-0.478904
2354,2019-06-13,00:00:00.00,8.43989,0,-3.09939e-14,108.192,0.566234,0,3832.56,0,77.0608,147.878,1.46088,0,0,0,0,4167.72,6802.55,2743.46,-0.478904
2355,2019-06-14,00:00:00.00,6.83229,0,-3.09656e-14,108.382,0.645515,0,3832.73,0,81.908,148.027,2.79046,0,0,0,0,4174.49,6809.38,2743.52,-0.478904
2356,2019-06-15,00:00:00.00,0.803799,0,-3.09297e-14,108.562,0.627786,0,3832.75,0,82.6738,148.044,2.49313,0,0,0,0,4175.15,6810.18,2743.65,-0.478904
2357,2019-06-16,00:00:00.00,0.401899,0,-3.08971e-14,108.643,0.611946,0,3832.76,0,83.0567,148.053,2.22749,0,0,0,0,4175.36,6810.59,2743.85,-0.478904
2358,2019-06-17,00:00:00.00,0,0,-3.0901e-14,108.663,0.597794,0,3832.76,0,83.0567,148.053,1.99015,0,0,0,0,4175.12,6810.59,2744.09,-0.478904
2359,2019-06-18,00:00:00.00,0,0,-3.09126e-14,108.6,0.541963,0,3834.39,0,82.2461,148.053,1.05383,0,0,0,0,4174.88,6810.59,2744.33,-0.478904
2360,2019-06-19,00:00:00.00,0,0,-3.09122e-14,108.352,0.479124,0,3841.37,0,76.3107,148.053,0,0,0,0,0,4174.57,6810.59,2744.64,-0.478904
2361,2019-06-20,00:00:00.00,0.803799,0,-3.09122e-14,108.089,0.479124,0,3848.24,0,70.23,148.07,0,0,0,0,0,4175.11,6811.39,2744.9,-0.478904
2362,2019-06-21,00:00:00.00,7.23419,0,-3.09122e-14,107.932,0.47918,0,3852.31,0,73.234,148.227,0.000934974,0,0,0,0,4182.19,6818.62,2745.06,-0.478904
2363,2019-06-22,00:00:00.00,0,0,-3.09122e-14,107.868,0.479124,0,3853.13,0,72.4234,148.227,0,0,0,0,0,4182.12,6818.62,2745.13,-0.478904
2364,2019-06-23,00:00:00.00,0,0,-3.09122e-14,107.796,0.479124,0,3854.87,0,70.681,148.227,0,0,0,0,0,4182.05,6818.62,2745.2,-0.478904
2365,2019-06-24,00:00:00.00,0,0,-3.09122e-14,107.675,0.479124,0,3859.41,0,66.1433,148.227,0,0,0,0,0,4181.93,6818.62,2745.32,-0.478904
2366,2019-06-25,00:00:00.00,10.8513,0,-3.09039e-14,107.577,0.548478,0,3866.27,0,68.5897,148.463,1.1631,0,0,0,0,4192.61,6829.48,2745.49,-0.478904
2367,2019-06-26,00:00:00.00,0,0,-3.08956e-14,107.468,0.479124,0,3874.77,0,61.2567,148.463,0,0,0,0,0,4192.44,6829.48,2745.66,-0.478904
2368,2019-06-27,00:00:00.00,0,0,-3.08956e-14,107.293,0.479124,0,3882.22,0,53.8026,148.463,0,0,0,0,0,4192.26,6829.48,2745.84,-0.478904
2369,2019-06-28,00:00:00.00,0,0,-3.08956e-14,107.124,0.479124,0,3889.47,0,46.5518,148.463,0,0,0,0,0,4192.09,6829.48,2746.01,-0.478904
2370,2019-06-29,00:00:00.00,10.6503,0,-3.08956e-14,106.956,0.479124,0,3896.21,0,50.2325,148.695,0,0,0,0,0,4202.57,6840.13,2746.18,-0.478904
2371,2019-06-30,00:00:00.00,0,0,-3.08956e-14,106.787,0.479124,0,3902.98,0,43.4605,148.695,0,0,0,0,0,4202.4,6840.13,2746.35,-0.478904
2372,2019-07-01,00:00:00.00,0,0,-3.08956e-14,106.663,0.479124,0,3907.28,0,39.1615,148.695,0,0,0,0,0,4202.28,6840.13,2746.47,-0.478904
2373,2019-07-02,00:00:00.00,0,0,-3.08956e-14,106.619,0.479124,0,3908.67,0,37.7694,148.695,0,0,0,0,0,4202.24,6840.13,2746.51,-0.478904
2374,2019-07-03,00:00:00.00,2.61235,0,-3.08956e-14,106.563,0.479124,0,3910.42,0,38.5792,148.752,0,0,0,0,0,4204.79,6842.74,2746.57,-0.478904
2375,2019-07-04,00:00:00.00,0,0,-3.08956e-14,106.382,0.479124,0,3915.99,0,33.0102,148.752,0,0,0,0,0,4204.61,6842.74,2746.75,-0.478904
2376,2019-07-05,00:00:00.00,0,0,-3.08956e-14,106.202,0.479124,0,3920.75,0,28.2452,148.752,0,0,0,0,0,4204.43,6842.74,2746.93,-0.478904
2377,2019-07-06,00:00:00.00,0,0,-3.08956e-14,106.021,0.479124,0,3924.83,0,24.168,148.752,0,0,0,0,0,4204.25,6842.74,2747.11,-0.478904
2378,2019-07-07,00:00:00.00,0,0,-3.08956e-14,105.84,0.479124,0,3928.32,0,20.6794,148.752,0,0,0,0,0,4204.07,6842.74,2747.29,-0.478904
2379,2019-07-08,00:00:00.00,0,0,-3.08956e-14,105.739,0.479124,0,3929.99,0,19.0116,148.752,0,0,0,0,0,4203.97,6842.74,2747.39,-0.478904
2380,2019-07-09,00:00:00.00,0,0,-3.08956e-14,105.684,0.479124,0,3930.84,0,18.1643,148.752,0,0,0,0,0,4203.91,6842.74,2747.45,-0.478904
2381,2019-07-10,00:00:00.00,0,0,-3.08956e-14,105.616,0.479124,0,3931.81,0,17.1909,148.752,0,0,0,0,0,4203.85,6842.74,2747.52,-0.478904
2382,2019-07-11,00:00:00.00,4.01899,0,-3.08956e-14,105.436,0.479124,0,3934.67,9.98275e-19,18.2604,148.839,0,0,0,0,0,4207.69,6846.76,2747.7,-0.478904
2383,2019-07-12,00:00:00.00,0,0,-3.08956e-14,105.256,0.479124,0,3937.3,-2.85713e-34,15.6345,148.839,0,0,0,0,0,4207.51,6846.76,2747.88,-0.478904
2384,2019-07-13,00:00:00.00,0,0,-3.08956e-14,105.256,0.479124,0,3937.3,2.46746e-50,15.6345,148.839,0,0,0,0,0,4207.51,6846.76,2747.88,-0.478904
2385,2019-07-14,00:00:00.00,0,0,-3.08956e-14,105.167,0.479124,0,3938.42,1.36971e-66,14.5146,148.839,0,0,0,0,0,4207.42,6846.76,2747.97,-0.478904
2386,2019-07-15,00:00:00.00,0,0,-3.08956e-14,105.134,0.479124,0,3938.8,7.60343e-83,14.1296,148.839,0,0,0,0,0,4207.38,6846.76,2748,-0.478904
2387,2019-07-16,00:00:00.00,1.6076,0,-3.08956e-14,105.089,0.479124,0,3939.37,-2.05502e-17,15.1361,148.874,0,0,0,0,0,4208.95,6848.37,2748.04,-0.478904
2388,2019-07-17,00:00:00.00,4.62184,0,-3.08956e-14,104.92,0.479124,0,3941.85,7.028e-17,17.173,148.974,0,0,0,0,0,4213.4,6852.99,2748.21,-0.478904
2389,2019-07-18,00:00:00.00,2.0095,0,-3.08956e-14,104.74,0.479124,0,3944.53,3.07139e-17,16.4628,149.018,0,0,0,0,0,4215.23,6855,2748.39,-0.478904
2390,2019-07-19,00:00:00.00,0,0,-3.08956e-14,104.559,0.479124,0,3946.9,1.36374e-35,14.0864,149.018,0,0,0,0,0,4215.05,6855,2748.57,-0.478904
2391,2019-07-20,00:00:00.00,0,0,-3.08956e-14,104.378,0.479124,0,3948.94,-1.83917e-50,12.0531,149.018,0,0,0,0,0,4214.87,6855,2748.75,-0.478904
2392,2019-07-21,00:00:00.00,8.03799,0,-3.08956e-14,104.198,0.479124,0,3951.55,-6.88774e-17,17.3092,149.193,0,0,0,0,0,4222.72,6863.03,2748.93,-0.478904
2393,2019-07-22,00:00:00.00,0,0,-3.08956e-14,104.017,0.479124,0,3954.04,-2.85926e-34,14.8106,149.193,0,0,0,0,0,4222.54,6863.03,2749.11,-0.478904
2394,2019-07-23,00:00:00.00,1.2057,0,-3.08956e-14,103.95,0.479124,0,3954.9,1.26032e-17,15.1358,149.219,0,0,0,0,0,4223.68,6864.24,2749.18,-0.478904
2395,2019-07-24,00:00:00.00,0,0,-3.08956e-14,103.95,0.479124,0,3954.9,-5.60384e-34,15.1358,149.219,0,0,0,0,0,4223.68,6864.24,2749.18,-0.478904
2396,2019-07-25,00:00:00.00,0,0,-3.08956e-14,103.928,0.479124,0,3955.16,3.2122e-51,14.8709,149.219,0,0,0,0,0,4223.66,6864.24,2749.2,-0.478904
2397,2019-07-26,00:00:00.00,0,0,-3.08956e-14,103.861,0.479124,0,3955.96,-1.21371e-69,14.074,149.219,0,0,0,0,0,4223.59,6864.24,2749.27,-0.478904
2398,2019-07-27,00:00:00.00,0,0,-3.08956e-14,103.726,0.479124,0,3957.48,0,12.5579,149.219,0,0,0,0,0,4223.46,6864.24,2749.41,-0.478904
2399,2019-07-28,00:00:00.00,0,0,-3.08956e-14,103.591,0.479124,0,3958.83,0,11.2052,149.219,0,0,0,0,0,4223.32,6864.24,2749.54,-0.478904
2400,2019-07-29,00:00:00.00,0,0,-3.08956e-14,103.411,0.479124,0,3960.45,0,9.58773,149.219,0,0,0,0,0,4223.14,6864.24,2749.72,-0.478904
2401,2019-07-30,00:00:00.00,12.057,0,-3.08956e-14,103.23,0.479124,0,3963.19,-2.01203e-17,18.6375,149.481,0,0,0,0,0,4235.02,6876.3,2749.9,-0.478904
2402,2019-07-31,00:00:00.00,0,0,-3.08956e-14,103.049,0.479124,0,3965.88,-5.70092e-34,15.947,149.481,0,0,0,0,0,4234.84,6876.3,2750.08,-0.478904
2403,2019-08-01,00:00:00.00,0,0,-3.08956e-14,103.028,0.479124,0,3966.16,0,15.6679,149.481,0,0,0,0,0,4234.82,6876.3,2750.1,-0.478904
2404,2019-08-02,00:00:00.00,0,0,-3.08956e-14,102.99,0.479124,0,3966.63,0,15.1954,149.481,0,0,0,0,0,4234.78,6876.3,2750.14,-0.478904
2405,2019-08-03,00:00:00.00,0,0,-3.08956e-14,102.894,0.479124,0,3967.79,0,14.0342,149.481,0,0,0,0,0,4234.68,6876.3,2750.24,-0.478904
2406,2019-08-04,00:00:00.00,0,0,-3.08956e-14,102.77,0.479124,0,3969.19,0,12.6372,149.481,0,0,0,0,0,4234.56,6876.3,2750.36,-0.478904
2407,2019-08-05,00:00:00.00,0,0,-3.08956e-14,102.635,0.479124,0,3970.55,0,11.2819,149.481,0,0,0,0,0,4234.42,6876.3,2750.5,-0.478904
2408,2019-08-06,00:00:00.00,2.61235,0,-3.08956e-14,102.501,0.479124,0,3971.99,2.0173e-17,12.398,149.538,0,0,0,0,0,4236.9,6878.91,2750.63,-0.478904
2409,2019-08-07,00:00:00.00,6.83229,0,-3.08956e-14,102.396,0.479124,0,3973.51,-1.99729e-17,17.558,149.687,0,0,0,0,0,4243.63,6885.74,2750.74,-0.478904
2410,2019-08-08,00:00:00.00,0,0,-3.08956e-14,102.252,0.479124,0,3975.53,-8.58648e-34,15.5395,149.687,0,0,0,0,0,4243.49,6885.74,2750.88,-0.478904
2411,2019-08-09,00:00:00.00,10.0475,0,-3.08956e-14,102.205,0.479124,0,3976.5,2.20547e-16,24.3956,149.905,0,0,0,0,0,4253.49,6895.79,2750.93,-0.478904
2412,2019-08-10,00:00:00.00,0,0,-3.08956e-14,102.196,0.479124,0,3976.67,-1.80677e-34,24.224,149.905,0,0,0,0,0,4253.48,6895.79,2750.94,-0.478904
2413,2019-08-11,00:00:00.00,0,0,-3.08956e-14,102.196,0.479124,0,3976.67,2.4141e-50,24.224,149.905,0,0,0,0,0,4253.48,6895.79,2750.94,-0.478904
2414,2019-08-12,00:00:00.00,2.0095,0,-3.08956e-14,102.187,0.479124,0,3976.88,4.19841e-17,25.9831,149.949,0,0,0,0,0,4255.48,6897.8,2750.94,-0.478904
2415,2019-08-13,00:00:00.00,0,0,-3.08956e-14,102.12,0.479124,0,3978.26,0,24.5985,149.949,0,0,0,0,0,4255.41,6897.8,2751.01,-0.478904
2416,2019-08-14,00:00:00.00,0,0,-3.08956e-14,101.986,0.479124,0,3980.9,0,21.9602,149.949,0,0,0,0,0,4255.28,6897.8,2751.15,-0.478904
2417,2019-08-15,00:00:00.00,0,0,-3.08956e-14,101.919,0.479124,0,3982.07,0,20.79,149.949,0,0,0,0,0,4255.21,6897.8,2751.21,-0.478904
2418,2019-08-16,00:00:00.00,0,0,-3.08956e-14,101.919,0.479124,0,3982.07,0,20.79,149.949,0,0,0,0,0,4255.21,6897.8,2751.21,-0.478904
2419,2019-08-17,00:00:00.00,20.095,0,-3.08956e-14,101.92,0.479413,0,3982.58,-2.96529e-17,39.9369,150.385,0.0048424,0,0,0,0,4275.3,6917.89,2751.21,-0.478904
2420,2019-08-18,00:00:00.00,2.21045,0,-3.08956e-14,101.766,0.479124,0,3987.62,0,37.0582,150.433,0,0,0,0,0,4277.36,6920.1,2751.37,-0.478904
2421,2019-08-19,00:00:00.00,45.0127,0,-3.08921e-14,102.504,1.37219,0,3994.35,0,57.607,151.412,14.9771,0,0,0,0,4322.22,6965.12,2751.52,-0.478904
2422,2019-08-20,00:00:00.00,0,0,-3.10806e-14,103.66,0.915677,0,4007.91,0,50.8264,151.412,7.32119,0,0,0,0,4322.05,6965.12,2751.7,-0.478904
2423,2019-08-21,00:00:00.00,2.0095,0,-3.11152e-14,104.04,0.644108,0,4016.06,0,48.8619,151.456,2.76685,0,0,0,0,4323.83,6967.13,2751.92,-0.478904
2424,2019-08-22,00:00:00.00,0.803799,0,-3.11393e-14,103.86,0.47942,0,4024.85,0,43.6231,151.473,0.00496584,0,0,0,0,4324.29,6967.93,2752.26,-0.478904
2425,2019-08-23,00:00:00.00,0,0,-3.11393e-14,103.717,0.479338,0,4025.16,0,43.3164,151.473,0.00359533,0,0,0,0,4324.15,6967.93,2752.41,-0.478904
2426,2019-08-24,00:00:00.00,0,0,-3.11393e-14,103.63,0.479315,0,4025.16,0,43.3164,151.473,0.00321224,0,0,0,0,4324.06,6967.93,2752.49,-0.478904
2427,2019-08-25,00:00:00.00,0,0,-3.11393e-14,103.565,0.479295,0,4025.16,0,43.3164,151.473,0.00286998,0,0,0,0,4324,6967.93,2752.56,-0.478904
2428,2019-08-26,00:00:00.00,0,0,-3.11393e-14,103.516,0.479277,0,4025.16,0,43.3164,151.473,0.00256418,0,0,0,0,4323.95,6967.93,2752.61,-0.478904
2429,2019-08-27,00:00:00.00,2.8133,0,-3.11393e-14,103.471,0.47921,0,4025.49,0,45.7399,151.534,0.00144957,0,0,0,0,4326.71,6970.74,2752.65,-0.478904
2430,2019-08-28,00:00:00.00,32.7548,0,-3.10891e-14,104.031,1.17896,0,4025.99,0,64.142,152.246,11.7366,0,0,0,0,4359.33,7003.5,2752.79,-0.478904
2431,2019-08-29,00:00:00.00,0,0,-3.11355e-14,104.738,1.01555,0,4029.33,0,62.4747,152.246,8.99616,0,0,0,0,4358.8,7003.5,2753.32,-0.478904
2432,2019-08-30,00:00:00.00,0.602849,0,-3.12987e-14,104.949,0.958396,0,4029.34,0,63.049,152.259,8.03761,0,0,0,0,4358.6,7004.1,2754.13,-0.478904
2433,2019-08-31,00:00:00.00,0,0,-3.13458e-14,104.982,0.907329,0,4029.34,0,63.049,152.259,7.1812,0,0,0,0,4357.72,7004.1,2755,-0.478904
2434,2019-09-01,00:00:00.00,0,0,-3.12565e-14,104.95,0.861704,0,4029.34,0,63.049,152.259,6.41604,0,0,0,0,4356.88,7004.1,2755.84,-0.4789
2435,2019-09-02,00:00:00.00,2.0095,0,-3.12657e-14,104.895,0.82094,0,4029.4,0,64.9636,152.303,5.73241,0,0,0,0,4358.11,7006.11,2756.62,-0.4789
2436,2019-09-03,00:00:00.00,0,0,-3.12672e-14,104.608,0.582464,0,4036.98,0,61.1712,152.303,1.73306,0,0,0,0,4357.38,7006.11,2757.36,-0.4789
2437,2019-09-04,00:00:00.00,1.40665,0,-3.12567e-14,104.224,0.479259,0,4041.34,0,59.9204,152.334,0.00226171,0,0,0,0,4358.3,7007.52,2757.84,-0.4789
2438,2019-09-05,00:00:00.00,0,0,-3.12567e-14,103.963,0.479131,0,4042.22,0,59.041,152.334,0.000116736,0,0,0,0,4358.04,7007.52,2758.1,-0.4789
2439,2019-09-06,00:00:00.00,0,0,-3.12567e-14,103.813,0.479124,0,4042.81,0,58.4527,152.334,0,0,0,0,0,4357.89,7007.52,2758.25,-0.47888
2440,2019-09-07,00:00:00.00,1.50712,0,-3.12567e-14,103.725,0.479124,0,4042.85,0,59.8887,152.366,0,0,0,0,0,4359.31,7009.02,2758.34,-0.47888
2441,2019-09-08,00:00:00.00,2.0095,0,-3.12567e-14,103.608,0.479124,0,4045.18,0,59.5189,152.41,0,0,0,0,0,4361.2,7011.03,2758.46,-0.47888
2442,2019-09-09,00:00:00.00,0,0,-3.12567e-14,103.562,0.479124,0,4045.18,0,59.5189,152.41,0,0,0,0,0,4361.15,7011.03,2758.5,-0.47888
2443,2019-09-10,00:00:00.00,0,0,-3.12567e-14,103.528,0.479124,0,4045.18,0,59.5189,152.41,0,0,0,0,0,4361.12,7011.03,2758.54,-0.47888
2444,2019-09-11,00:00:00.00,26.1235,0,-3.11304e-14,104.031,1.15197,0,4047.11,0,70.5132,152.978,11.2839,0,0,0,0,4387.07,7037.16,2758.71,-0.47888
2445,2019-09-12,00:00:00.00,5.02374,0,-3.09081e-14,104.54,0.831976,0,4056.44,0,70.767,153.087,5.91749,0,0,0,0,4391.58,7042.18,2759.23,-0.47888
2446,2019-09-13,00:00:00.00,0.20095,0,-3.07533e-14,104.516,0.716475,0,4059.36,0,69.5012,153.092,3.98048,0,0,0,0,4391.17,7042.38,2759.84,-0.47888
2447,2019-09-14,00:00:00.00,10.8513,0,-3.06806e-14,104.543,0.850483,0,4060.15,0,76.3365,153.328,6.22787,0,0,0,0,4401.44,7053.23,2760.42,-0.47888
2448,2019-09-15,00:00:00.00,0,0,-3.07229e-14,104.517,0.701972,0,4064.24,0,74.2916,153.328,3.73727,0,0,0,0,4400.82,7053.23,2761.04,-0.47888
2449,2019-09-16,00:00:00.00,9.44464,0,-3.07163e-14,104.542,0.852473,0,4064.48,0,80.0194,153.533,6.26124,0,0,0,0,4409.69,7062.68,2761.61,-0.47888
2450,2019-09-17,00:00:00.00,3.61709,0,-3.06634e-14,104.643,0.812382,0,4064.58,0,83.4657,153.611,5.5889,0,0,0,0,4412.7,7066.3,2762.22,-0.47888
2451,2019-09-18,00:00:00.00,0,0,-3.07599e-14,104.49,0.636981,0,4069.83,0,80.8382,153.611,2.64734,0,0,0,0,4412.06,7066.3,2762.86,-0.47888
2452,2019-09-19,00:00:00.00,0,0,-3.07749e-14,104.17,0.498865,0,4074.74,0,78.2107,153.611,0.331066,0,0,0,0,4411.56,7066.3,2763.36,-0.47888
2453,2019-09-20,00:00:00.00,0,0,-3.07803e-14,103.853,0.479124,0,4078.28,0,75.0006,153.611,0,0,0,0,0,4411.22,7066.3,2763.7,-0.47888
2454,2019-09-21,00:00:00.00,0,0,-3.07803e-14,103.604,0.479124,0,4082.94,0,70.3399,153.611,0,0,0,0,0,4410.97,7066.3,2763.95,-0.47888
2455,2019-09-22,00:00:00.00,2.21045,0,-3.07803e-14,103.418,0.479124,0,4087.6,0,67.8416,153.66,0,0,0,0,0,4413,7068.51,2764.13,-0.47888
2456,2019-09-23,00:00:00.00,1.6076,0,-3.07803e-14,103.26,0.479124,0,4092.26,0,64.7535,153.694,0,0,0,0,0,4414.45,7070.11,2764.29,-0.47888
2457,2019-09-24,00:00:00.00,1.6076,0,-3.07803e-14,103.125,0.479124,0,4096.92,0,61.6655,153.729,0,0,0,0,0,4415.92,7071.72,2764.43,-0.47888
2458,2019-09-25,00:00:00.00,0,0,-3.07803e-14,103.088,0.479124,0,4097.8,0,60.7859,153.729,0,0,0,0,0,4415.88,7071.72,2764.46,-0.47888
2459,2019-09-26,00:00:00.00,1.6076,0,-3.07803e-14,103.018,0.479124,0,4100.43,0,59.7316,153.764,0,0,0,0,0,4417.42,7073.33,2764.53,-0.47888
2460,2019-09-27,00:00:00.00,0,0,-3.07803e-14,102.982,0.479124,0,4101.89,0,58.2696,153.764,0,0,0,0,0,4417.38,7073.33,2764.57,-0.47888
2461,2019-09-28,00:00:00.00,3.81804,0,-3.07803e-14,102.981,0.479124,0,4101.99,0,61.9073,153.847,0,0,0,0,0,4421.2,7077.15,2764.57,-0.47888
2462,2019-09-29,00:00:00.00,3.01425,0,-3.07803e-14,102.98,0.479124,0,4102.06,0,64.7792,153.913,0,0,0,0,0,4424.21,7080.16,2764.57,-0.47888
2463,2019-09-30,00:00:00.00,0.20095,0,-3.07803e-14,102.98,0.479124,0,4102.07,0,64.9707,153.917,0,0,0,0,0,4424.41,7080.36,2764.57,-0.47888
2464,2019-10-01,00:00:00.00,0,0,-3.07803e-14,102.979,0.479124,0,4102.07,0,64.9707,153.917,0,0,0,0,0,4424.41,7080.36,2764.57,-0.47888
2465,2019-10-02,00:00:00.00,13.5641,0,-3.08067e-14,103.119,0.695424,0,4104.37,0,71.876,154.212,3.62746,0,0,0,0,4437.9,7093.93,2764.65,-0.47888
2466,2019-10-03,00:00:00.00,2.4114,0,-3.08269e-14,103.279,0.549977,0,4108.97,0,71.9312,154.265,1.18823,0,0,0,0,4440.19,7096.34,2764.77,-0.47888
2467,2019-10-04,00:00:00.00,2.4114,0,-3.08703e-14,103.303,0.540625,0,4109.09,0,74.2059,154.317,1.0314,0,0,0,0,4442.49,7098.75,2764.88,-0.47888
2468,2019-10-05,00:00:00.00,0,0,-3.08859e-14,103.304,0.532361,0,4109.16,0,74.1696,154.317,0.892813,0,0,0,0,4442.38,7098.75,2765,-0.47888
2469,2019-10-06,00:00:00.00,1.2057,0,-3.08556e-14,103.295,0.526689,0,4109.19,0,75.3184,154.343,0.797683,0,0,0,0,4443.47,7099.95,2765.11,-0.47888
2470,2019-10-07,00:00:00.00,0,0,-3.08534e-14,103.196,0.479124,0,4112.18,0,73.1223,154.343,0,0,0,0,0,4443.32,7099.95,2765.25,-0.47888
2471,2019-10-08,00:00:00.00,0,0,-3.08534e-14,103.071,0.479124,0,4114.49,0,70.8185,154.343,0,0,0,0,0,4443.2,7099.95,2765.38,-0.47888
2472,2019-10-09,00:00:00.00,0,0,-3.08534e-14,102.977,0.479124,0,4116.4,0,68.9103,154.343,0,0,0,0,0,4443.11,7099.95,2765.47,-0.47888
2473,2019-10-10,00:00:00.00,0,0,-3.08534e-14,102.897,0.479124,0,4118.45,0,66.8582,154.343,0,0,0,0,0,4443.03,7099.95,2765.55,-0.47888
2474,2019-10-11,00:00:00.00,0,0,-3.08534e-14,102.828,0.479124,0,4120.5,0,64.8061,154.343,0,0,0,0,0,4442.96,7099.95,2765.62,-0.47888
2475,2019-10-12,00:00:00.00,5.62659,0,-3.08534e-14,102.764,0.479124,0,4122.8,0,68.0066,154.465,0,0,0,0,0,4448.52,7105.58,2765.68,-0.47888
2476,2019-10-13,00:00:00.00,0,0,-3.08534e-14,102.744,0.479124,0,4123.42,0,67.3944,154.465,0,0,0,0,0,4448.5,7105.58,2765.71,-0.47888
2477,2019-10-14,00:00:00.00,0,0,-3.08534e-14,102.736,0.479124,0,4123.6,0,67.2141,154.465,0,0,0,0,0,4448.49,7105.58,2765.71,-0.47888
2478,2019-10-15,00:00:00.00,0,0,-3.08534e-14,102.733,0.479124,0,4123.6,0,67.2141,154.465,0,0,0,0,0,4448.49,7105.58,2765.72,-0.47888
2479,2019-10-16,00:00:00.00,8.23894,0,-3.08611e-14,102.751,0.513211,0,4124.18,0,74.0539,154.645,0.57165,0,0,0,0,4456.71,7113.82,2765.73,-0.47888
2480,2019-10-17,00:00:00.00,9.04274,0,-3.09115e-14,102.934,0.662858,0,4124.41,0,79.7924,154.841,3.08131,0,0,0,0,4465.72,7122.86,2765.77,-0.47888
2481,2019-10-18,00:00:00.00,0.401899,0,-3.08063e-14,103.178,0.643281,0,4124.42,0,80.1753,154.85,2.753,0,0,0,0,4466.02,7123.26,2765.87,-0.47888
2482,2019-10-19,00:00:00.00,0,0,-3.08273e-14,103.309,0.62579,0,4124.42,0,80.1753,154.85,2.45966,0,0,0,0,4465.84,7123.26,2766.05,-0.47888
2483,2019-10-20,00:00:00.00,0,0,-3.08651e-14,103.364,0.610163,0,4124.42,0,80.1753,154.85,2.19758,0,0,0,0,4465.61,7123.26,2766.27,-0.47888
2484,2019-10-21,00:00:00.00,0,0,-3.09026e-14,103.309,0.540644,0,4126.5,0,79.1311,154.85,1.03172,0,0,0,0,4465.37,7123.26,2766.52,-0.47888
2485,2019-10-22,00:00:00.00,9.84653,0,-3.09439e-14,103.346,0.717288,0,4129.16,0,82.673,155.064,3.99411,0,0,0,0,4474.95,7133.11,2766.78,-0.47888
2486,2019-10-23,00:00:00.00,1.00475,0,-3.10615e-14,103.405,0.597927,0,4132.68,0,81.8918,155.086,1.99238,0,0,0,0,4475.66,7134.12,2767.08,-0.47888
2487,2019-10-24,00:00:00.00,0.803799,0,-3.11059e-14,103.354,0.575664,0,4133.05,0,82.4978,155.103,1.61902,0,0,0,0,4476.2,7134.92,2767.35,-0.47888
2488,2019-10-25,00:00:00.00,0,0,-3.11018e-14,103.283,0.548103,0,4133.69,0,82.1736,155.103,1.15681,0,0,0,0,4475.96,7134.92,2767.58,-0.47888
2489,2019-10-26,00:00:00.00,0,0,-3.10967e-14,103.221,0.540753,0,4133.69,0,82.1736,155.103,1.03355,0,0,0,0,4475.77,7134.92,2767.78,-0.47888
2490,2019-10-27,00:00:00.00,31.1472,0,-3.09031e-14,104.162,1.83617,0,4134.2,0,87.699,155.78,22.7583,0,0,0,0,4506.44,7166.07,2768.25,-0.47888
2491,2019-10-28,00:00:00.00,4.42089,0,-3.0422e-14,105.454,1.7863,0,4134.31,0,90.1331,155.876,21.922,0,0,0,0,4509.48,7170.49,2769.63,-0.47888
2492,2019-10-29,00:00:00.00,0,0,-2.98408e-14,105.773,1.60673,0,4135.82,0,89.3769,155.876,18.9105,0,0,0,0,4507.37,7170.49,2771.74,-0.47888
2493,2019-10-30,00:00:00.00,0.401899,0,-3.02699e-14,105.737,1.47698,0,4136.19,0,89.5898,155.885,16.7345,0,0,0,0,4505.61,7170.89,2773.9,-0.47888
2494,2019-10-31,00:00:00.00,22.5064,0,-2.96724e-14,106.282,2.3681,0,4136.69,0,92.3786,156.374,31.6791,0,0,0,0,4525.77,7193.4,2776.25,-0.47888
2495,2019-11-01,00:00:00.00,22.1045,1.00475,-2.9589e-14,107.577,3.23453,0,4137.23,0,94.4045,156.877,46.2095,0,0,0,0,4545.53,7216.51,2779.6,-0.47888
2496,2019-11-02,00:00:00.00,0,0,-2.94858e-14,108.304,2.93597,0,4137.42,0,94.3112,156.877,41.2024,0,0,0,0,4541.05,7216.51,2784.08,-0.47888
2497,2019-11-03,00:00:00.00,0.803799,2.0095,-2.91667e-14,108.301,2.7391,0,4138.13,0,95.1303,156.938,37.9008,0,0,0,0,4539.14,7219.32,2788.8,-0.47888
2498,2019-11-04,00:00:00.00,3.21519,0,-2.87134e-14,108.273,2.59579,0,4138.75,0,95.8299,157.008,35.4974,0,0,0,0,4537.95,7222.53,2793.21,-0.47888
2499,2019-11-05,00:00:00.00,1.40665,0,-2.72568e-14,108.189,2.35605,0,4140.24,0,95.9784,157.038,31.477,0,0,0,0,4535.28,7223.94,2797.28,-0.47888
2500,2019-11-06,00:00:00.00,0,0,-2.63016e-14,108.018,2.1132,0,4141.85,0,95.1738,157.038,27.4042,0,0,0,0,4531.6,7223.94,2800.96,-0.47888
2501,2019-11-07,00:00:00.00,0,5.22469,-2.66809e-14,107.862,1.93909,0,4142.03,0,95.1738,157.152,24.4843,0,4.93494,0,0,4533.57,7229.16,2804.21,-0.47888
2502,2019-11-08,00:00:00.00,0,0,-2.72294e-14,107.735,1.78353,0,4142.03,0,95.1738,157.152,21.8755,0,4.93494,0,0,4530.68,7229.16,2807.11,-0.47888
2503,2019-11-09,00:00:00.00,0,0,-2.75178e-14,107.615,1.64454,0,4142.03,0,95.1738,157.152,19.5446,0,4.93494,0,0,4528.09,7229.16,2809.7,-0.47888
2504,2019-11-10,00:00:00.00,0,0,-2.68801e-14,107.5,1.52037,0,4142.03,0,95.1738,157.152,17.4621,0,4.93494,0,0,4525.77,7229.16,2812.02,-0.47888
2505,2019-11-11,00:00:00.00,0.0313878,0.772411,-2.68851e-14,107.391,1.40942,0,4142.05,0,95.1738,157.17,15.6015,0.0298298,5.66459,0,0,4524.49,7229.97,2814.1,-0.47888
2506,2019-11-12,00:00:00.00,0,14.0665,-2.68844e-14,107.287,1.3103,0,4142.53,0,95.1738,157.475,13.9392,0,18.9808,0,0,4536.69,7244.04,2815.96,-0.47888
2507,2019-11-13,00:00:00.00,0,2.0095,-2.66496e-14,107.187,1.22174,0,4142.6,0,95.1738,157.519,12.454,0,20.8788,0,0,4537.03,7246.04,2817.64,-0.47888
2508,2019-11-14,00:00:00.00,0,2.0095,-2.70579e-14,107.092,1.14261,0,4142.66,0,95.1738,157.563,11.127,0,22.7769,0,0,4537.54,7248.05,2819.14,-0.47888
2509,2019-11-15,00:00:00.00,0,0,-2.7164e-14,107.002,1.07192,0,4142.66,0,95.1738,157.563,9.9414,0,22.7769,0,0,4536.19,7248.05,2820.49,-0.47888
2510,2019-11-16,00:00:00.00,0,0,-2.71087e-14,106.917,1.00875,0,4142.66,0,95.1738,157.563,8.88214,0,22.7769,0,0,4534.99,7248.05,2821.69,-0.478878
2511,2019-11-17,00:00:00.00,0,0,-2.7061e-14,106.835,0.952322,0,4142.66,0,95.1738,157.563,7.93575,0,22.7769,0,0,4533.9,7248.05,2822.78,-0.478878
2512,2019-11-18,00:00:00.00,0,1.00475,-2.71358e-14,106.757,0.901902,0,4142.7,0,95.1738,157.585,7.09019,0,23.7259,0,0,4533.93,7249.06,2823.75,-0.478878
2513,2019-11-19,00:00:00.00,0,7.83704,-2.73155e-14,106.685,0.856855,0,4142.96,0,95.1738,157.755,6.33473,0,31.1283,0,0,4540.9,7256.9,2824.62,-0.478878
2514,2019-11-20,00:00:00.00,0,0,-2.73114e-14,106.628,0.837116,0,4143.13,0,95.8858,157.755,6.0037,0.994971,28.8649,0,0,4540.1,7256.9,2825.42,-0.478878
2515,2019-11-21,00:00:00.00,0,0,-2.69645e-14,106.849,1.19364,0,4143.79,0,96.6319,157.755,11.9827,0.706802,20.3473,0,0,4539.25,7256.9,2826.27,-0.478878
2516,2019-11-22,00:00:00.00,8.64084,0,-2.7088e-14,107.729,1.99133,0,4144.63,0,97.3885,157.943,25.3605,0.38633,11.1216,0,0,4546.55,7265.54,2827.61,-0.478878
2517,2019-11-23,00:00:00.00,0.348506,0.254343,-2.72535e-14,108.484,1.85929,0,4144.69,0,97.81,157.956,23.146,0.371566,10.6966,0,0,4545.01,7266.14,2829.75,-0.478878
2518,2019-11-24,00:00:00.00,0,0,-2.74218e-14,108.568,1.71223,0,4144.69,0,97.81,157.956,20.6798,0,11.0681,0,0,4542.48,7266.14,2832.28,-0.478878
2519,2019-11-25,00:00:00.00,0,0,-2.7084e-14,108.477,1.58084,0,4144.69,0,97.81,157.956,18.4763,0,11.0681,0,0,4540.06,7266.14,2834.71,-0.478878
2520,2019-11-26,00:00:00.00,0.20095,0,-2.70691e-14,108.567,1.81485,0,4145.28,0,98.1282,157.96,22.4008,0.126168,3.63211,0,0,4537.91,7266.34,2837.05,-0.478878
2521,2019-11-27,00:00:00.00,3.51662,0,-2.69367e-14,108.832,1.89419,0,4146.89,0,97.8611,158.037,23.7312,0.0569265,1.63879,0,0,4538.94,7269.86,2839.54,-0.478878
2522,2019-11-28,00:00:00.00,15.4731,0,-2.68112e-14,109.38,2.49203,0,4148.71,0,97.7947,158.373,33.7574,0.034559,0.994879,0,0,4551.53,7285.33,2842.42,-0.478878
2523,2019-11-29,00:00:00.00,0,0,-2.65471e-14,109.84,2.27432,0,4148.89,0,97.7466,158.373,30.1062,0.0319484,0.919723,0,0,4548.19,7285.33,2845.77,-0.478878
2524,2019-11-30,00:00:00.00,0,0,-2.69556e-14,109.807,2.08304,0,4148.89,0,97.7466,158.373,26.8984,0,0.951671,0,0,4544.75,7285.33,2849.2,-0.478878
2525,2019-12-01,00:00:00.00,0,1.2057,-2.66374e-14,109.696,1.91214,0,4148.93,0,97.7466,158.399,24.0324,0,2.0905,0,0,4542.81,7286.54,2852.35,-0.478878
2526,2019-12-02,00:00:00.00,0,6.63134,-2.6836e-14,109.575,1.75945,0,4149.16,0,97.7466,158.543,21.4717,0,8.35408,0,0,4546.61,7293.17,2855.18,-0.478878
2527,2019-12-03,00:00:00.00,0,0,-2.67274e-14,109.454,1.62058,0,4149.21,0,97.7377,158.543,19.1427,0,8.35408,0,0,4544.07,7293.17,2857.73,-0.478878
2528,2019-12-04,00:00:00.00,0,2.0095,-2.66891e-14,109.338,1.49896,0,4149.28,0,97.7377,158.587,17.1031,0,10.2521,0,0,4543.8,7295.18,2860,-0.478878
2529,2019-12-05,00:00:00.00,0,4.01899,-2.6812e-14,109.228,1.38994,0,4149.42,0,97.7377,158.674,15.2747,0,14.0482,0,0,4545.78,7299.2,2862.04,-0.478878
2530,2019-12-06,00:00:00.00,0,5.02374,-2.65691e-14,109.116,1.28624,0,4149.72,0,97.7334,158.784,13.5357,0,18.7934,0,0,4548.97,7304.22,2863.87,-0.478878
2531,2019-12-07,00:00:00.00,0,2.21045,-2.66711e-14,109.003,1.19254,0,4149.95,0,97.7278,158.832,11.9643,0,20.8812,0,0,4549.55,7306.43,2865.51,-0.478878
2532,2019-12-08,00:00:00.00,0,0,-2.63477e-14,108.901,1.11653,0,4149.95,0,97.7278,158.832,10.6895,0,20.8812,0,0,4548.09,7306.43,2866.96,-0.478878
2533,2019-12-09,00:00:00.00,0,9.04274,-2.6592e-14,108.802,1.04196,0,4150.38,0,97.7243,159.028,9.43904,0,29.4225,0,0,4555.84,7315.47,2868.26,-0.478878
2534,2019-12-10,00:00:00.00,10.2484,0,-2.60884e-14,109.271,1.82159,0,4150.97,0,98.2031,159.251,22.5137,0.75943,21.8623,0,0,4564.65,7325.72,2869.7,-0.478878
2535,2019-12-11,00:00:00.00,0,1.2057,-2.59773e-14,109.869,1.6656,0,4151.26,0,98.192,159.277,19.8978,0,23.7606,0,0,4563.92,7326.93,2871.63,-0.478878
2536,2019-12-12,00:00:00.00,0,0,-2.5693e-14,109.92,1.53918,0,4151.26,0,98.192,159.277,17.7777,0,23.7606,0,0,4561.73,7326.93,2873.82,-0.478878
2537,2019-12-13,00:00:00.00,0,0,-2.54458e-14,109.842,1.42623,0,4151.26,0,98.192,159.277,15.8835,0,23.7606,0,0,4559.64,7326.93,2875.91,-0.478878
2538,2019-12-14,00:00:00.00,0,0.20095,-2.54496e-14,109.735,1.32286,0,4151.32,0,98.189,159.282,14.1499,0,23.9504,0,0,4557.95,7327.13,2877.8,-0.478878
2539,2019-12-15,00:00:00.00,0,8.03799,-2.53506e-14,109.615,1.22107,0,4151.82,0,98.1812,159.456,12.4428,0,31.5426,0,0,4564.28,7335.17,2879.51,-0.478878
2540,2019-12-16,00:00:00.00,0,2.0095,-2.53948e-14,109.499,1.13851,0,4151.96,0,98.1788,159.5,11.0582,0,33.4407,0,0,4564.77,7337.18,2881.03,-0.478878
2541,2019-12-17,00:00:00.00,0,0,-2.53443e-14,109.396,1.06825,0,4151.96,0,98.1788,159.5,9.87996,0,33.4407,0,0,4563.42,7337.18,2882.38,-0.478878
2542,2019-12-18,00:00:00.00,0,6.02849,-2.55334e-14,109.303,1.00548,0,4152.16,0,98.1788,159.631,8.82725,0,39.1348,0,0,4568.24,7343.2,2883.59,-0.478876
2543,2019-12-19,00:00:00.00,0,1.00475,-2.57657e-14,109.216,0.949397,0,4152.19,0,98.1788,159.653,7.8867,0,40.0838,0,0,4568.16,7344.21,2884.67,-0.478876
2544,2019-12-20,00:00:00.00,0,2.0095,-2.57093e-14,109.132,0.899289,0,4152.26,0,98.1788,159.697,7.04637,0,41.9819,0,0,4569.2,7346.22,2885.65,-0.478876
2545,2019-12-21,00:00:00.00,0,0,-2.5731e-14,109.056,0.854521,0,4152.26,0,98.1788,159.697,6.29558,0,41.9819,0,0,4568.32,7346.22,2886.52,-0.478876
2546,2019-12-22,00:00:00.00,0,0,-2.55687e-14,108.983,0.814522,0,4152.26,0,98.1788,159.697,5.62478,0,41.9819,0,0,4567.54,7346.22,2887.3,-0.478876
2547,2019-12-23,00:00:00.00,0,0,-2.54328e-14,108.898,0.765842,0,4152.55,0,98.1318,159.697,4.80839,0,41.9819,0,0,4566.83,7346.22,2888.01,-0.478876
2548,2019-12-24,00:00:00.00,0,0,-2.54738e-14,108.919,0.881995,0,4152.93,0,98.3677,159.697,6.75633,1.29638,37.3199,0,0,4566.16,7346.22,2888.68,-0.478876
2549,2019-12-25,00:00:00.00,0,0,-2.59194e-14,108.988,0.833468,0,4153.05,0,98.3473,159.697,5.94251,0,38.6163,0,0,4565.48,7346.22,2889.36,-0.478876
2550,2019-12-26,00:00:00.00,0,0,-2.60438e-14,108.956,0.784866,0,4153.3,0,98.3079,159.697,5.12744,0,38.6163,0,0,4564.78,7346.22,2890.06,-0.478876
2551,2019-12-27,00:00:00.00,0.401899,0,-2.61117e-14,109.068,1.00222,0,4153.67,0,98.5388,159.705,8.77249,1.13167,32.5783,0,0,4564.47,7346.62,2890.77,-0.478876
2552,2019-12-28,00:00:00.00,0.401899,0,-2.59392e-14,109.539,1.38301,0,4154.05,0,98.7367,159.714,15.1586,0.850485,24.4836,0,0,4563.92,7347.02,2891.73,-0.478876
2553,2019-12-29,00:00:00.00,0,0,-2.62742e-14,109.948,1.33044,0,4154.43,0,98.8572,159.714,14.277,0.806254,23.2103,0,0,4562.57,7347.02,2893.08,-0.478876
2554,2019-12-30,00:00:00.00,0,9.44464,-2.62979e-14,109.999,1.22679,0,4155,0,98.8488,159.919,12.5387,0,32.9374,0,0,4570.47,7356.47,2894.62,-0.478876
2555,2019-12-31,00:00:00.00,0,3.61709,-2.61726e-14,110.096,1.42783,0,4155.45,0,98.9995,159.998,15.9103,1.02749,29.5791,0,0,4572.48,7360.08,2896.22,-0.478876
2556,2020-01-01,00:00:00.00,0,2.0095,-2.62712e-14,110.201,1.31485,0,4155.75,0,98.9905,160.042,14.0155,0,32.5046,0,0,4572.81,7362.09,2897.9,-0.478876
2557,2020-01-02,00:00:00.00,0,0,-2.66974e-14,110.114,1.21701,0,4155.94,0,98.9585,160.042,12.3747,0,32.5046,0,0,4571.15,7362.09,2899.56,-0.478876
2558,2020-01-03,00:00:00.00,0,0,-2.64767e-14,109.981,1.12959,0,4156.14,0,98.9265,160.042,10.9086,0,32.5046,0,0,4569.63,7362.09,2901.08,-0.478876
2559,2020-01-04,00:00:00.00,0,0,-2.65067e-14,109.997,1.28555,0,4156.34,0,99.0341,160.042,13.5241,0.93903,27.0326,0,0,4568.19,7362.09,2902.53,-0.478876
2560,2020-01-05,00:00:00.00,0,1.00475,-2.66975e-14,110.054,1.19083,0,4156.54,0,99.0273,160.064,11.9356,0.0977981,28.8229,0,0,4567.73,7363.1,2903.99,-0.478876
2561,2020-01-06,00:00:00.00,0,8.03799,-2.65105e-14,109.962,1.1062,0,4156.98,0,99.022,160.238,10.5164,0,36.5129,0,0,4574.34,7371.14,2905.42,-0.478876
2562,2020-01-07,00:00:00.00,0,0,-2.63822e-14,109.832,1.03059,0,4157.18,0,98.99,160.238,9.24833,0,36.5129,0,0,4573.03,7371.14,2906.73,-0.478876
2563,2020-01-08,00:00:00.00,0,5.02374,-2.61243e-14,109.697,0.963035,0,4157.52,0,98.984,160.348,8.11541,0,41.258,0,0,4576.89,7376.16,2907.9,-0.478876
2564,2020-01-09,00:00:00.00,0,2.0095,-2.61954e-14,109.569,0.907766,0,4157.66,0,98.9815,160.391,7.18853,0,43.1561,0,0,4577.86,7378.17,2908.94,-0.478876
2565,2020-01-10,00:00:00.00,0,0,-2.61162e-14,109.45,0.857837,0,4157.76,0,98.966,160.391,6.3512,0,43.1561,0,0,4576.93,7378.17,2909.86,-0.478876
2566,2020-01-11,00:00:00.00,0,30.9463,-2.6067e-14,109.333,0.809172,0,4158.59,0,98.9631,161.064,5.53506,0,72.7552,0,0,4607.05,7409.12,2910.69,-0.478876
2567,2020-01-12,00:00:00.00,56.8688,4.01899,-2.34485e-14,115.568,11.4962,0,4159.38,0,99.2555,162.388,47.4162,2.26017,65.0654,0,0,4662.82,7470,2915.8,-0.478876
2568,2020-01-13,00:00:00.00,0,1.00475,-2.3873e-14,117.791,3.00043,0,4159.5,0,99.2519,162.409,42.2834,0,68.2746,0,0,4652.51,7471.01,2927.12,-0.478876
2569,2020-01-14,00:00:00.00,0,0,-2.24851e-14,113.531,2.72298,0,4159.7,0,99.2199,162.409,37.6306,0,68.2746,0,0,4643.49,7471.01,2936.14,-0.478876
2570,2020-01-15,00:00:00.00,0,0,-2.29647e-14,113.228,2.4751,0,4159.9,0,99.1879,162.409,33.4735,0,68.2746,0,0,4638.95,7471.01,2940.69,-0.478876
2571,2020-01-16,00:00:00.00,0,3.01425,-2.1988e-14,113.007,2.25364,0,4160.17,0,99.1816,162.475,29.7594,0,71.1216,0,0,4637.97,7474.02,2944.68,-0.478876
2572,2020-01-17,00:00:00.00,0,2.0095,-2.19896e-14,112.794,2.05577,0,4160.41,0,99.175,162.519,26.441,0,73.0197,0,0,4636.42,7476.03,2948.24,-0.478876
2573,2020-01-18,00:00:00.00,0,0.602849,-2.25209e-14,112.59,1.88777,0,4160.43,0,99.175,162.532,23.6237,0,73.5891,0,0,4633.83,7476.63,2951.43,-0.478876
2574,2020-01-19,00:00:00.00,0,22.1045,-2.24422e-14,112.391,1.73617,0,4161.13,0,99.175,163.012,21.0813,0,94.5387,0,0,4653.07,7498.74,2954.29,-0.478876
2575,2020-01-20,00:00:00.00,0,0.20095,-2.27058e-14,112.191,1.59853,0,4161.22,0,99.1675,163.017,18.7729,0,94.7285,0,0,4650.69,7498.94,2956.87,-0.478876
2576,2020-01-21,00:00:00.00,0,0,-2.32702e-14,111.995,1.47925,0,4161.22,0,99.1675,163.017,16.7726,0,94.7285,0,0,4648.38,7498.94,2959.19,-0.478876
2577,2020-01-22,00:00:00.00,0,0,-2.29567e-14,111.806,1.37269,0,4161.22,0,99.1675,163.017,14.9855,0,94.7285,0,0,4646.29,7498.94,2961.27,-0.478876
2578,2020-01-23,00:00:00.00,0,0,-2.29462e-14,111.616,1.27212,0,4161.34,0,99.148,163.017,13.299,0,94.7285,0,0,4644.42,7498.94,2963.15,-0.478876
2579,2020-01-24,00:00:00.00,0,0,-2.2714e-14,111.425,1.17883,0,4161.53,0,99.116,163.017,11.7344,0,94.7285,0,0,4642.73,7498.94,2964.83,-0.478876
2580,2020-01-25,00:00:00.00,0,13.6646,-2.28351e-14,111.235,1.09548,0,4162.16,0,99.1118,163.314,10.3366,0,107.635,0,0,4654.89,7512.6,2966.34,-0.478876
2581,2020-01-26,00:00:00.00,0.5463,0.659398,-2.28809e-14,111.05,1.02101,0,4162.37,0,99.1051,163.34,9.08775,0.520391,108.258,0,0,4654.76,7513.81,2967.68,-0.478876
2582,2020-01-27,00:00:00.00,0,2.0095,-2.26218e-14,110.873,0.95448,0,4162.61,0,99.0985,163.384,7.97194,0.00188341,110.675,0,0,4655.57,7515.82,2968.87,-0.478876
2583,2020-01-28,00:00:00.00,0,0,-2.25867e-14,110.701,0.895035,0,4162.81,0,99.0665,163.384,6.97502,0,110.677,0,0,4654.51,7515.82,2969.94,-0.478876
2584,2020-01-29,00:00:00.00,0,0,-2.24374e-14,110.536,0.841924,0,4163.01,0,99.0345,163.384,6.08432,0,110.677,0,0,4653.56,7515.82,2970.88,-0.478876
2585,2020-01-30,00:00:00.00,0,0,-2.21614e-14,110.379,0.795712,0,4163.18,0,99.0071,163.384,5.30932,0,110.677,0,0,4652.73,7515.82,2971.72,-0.478876
2586,2020-01-31,00:00:00.00,0,0,-2.21259e-14,110.232,0.757722,0,4163.27,0,98.9916,163.384,4.67222,0,110.677,0,0,4651.99,7515.82,2972.46,-0.478876
2587,2020-02-01,00:00:00.00,0,0.602849,-2.19589e-14,110.093,0.722131,0,4163.41,0,98.987,163.397,4.07534,0,111.246,0,0,4651.93,7516.42,2973.12,-0.478876
2588,2020-02-02,00:00:00.00,0,4.01899,-2.19263e-14,109.953,0.682691,0,4163.81,0,98.977,163.484,3.41392,0,115.042,0,0,4655.36,7520.44,2973.71,-0.478876
2589,2020-02-03,00:00:00.00,0,7.03324,-2.20186e-14,109.81,0.647454,0,4164.31,0,98.9677,163.637,2.82297,0,121.685,0,0,4661.88,7527.47,2974.22,-0.478876
2590,2020-02-04,00:00:00.00,0,0,-2.20287e-14,109.668,0.615971,0,4164.61,0,98.9185,163.637,2.29498,0.000132557,121.685,0,0,4661.43,7527.47,2974.67,-0.478876
2591,2020-02-05,00:00:00.00,0,0,-2.1971e-14,109.53,0.587842,0,4164.91,0,98.8692,163.637,1.82325,0,121.685,0,0,4661.05,7527.47,2975.05,-0.478876
2592,2020-02-06,00:00:00.00,0,3.01425,-2.19747e-14,109.412,0.572709,0,4165.08,0,98.867,163.702,1.56946,0,124.532,0,0,4663.74,7530.49,2975.37,-0.478876
2593,2020-02-07,00:00:00.00,0,4.01899,-2.19434e-14,109.31,0.560881,0,4165.26,0,98.8664,163.79,1.37111,0,128.328,0,0,4667.48,7534.51,2975.65,-0.478876
2594,2020-02-08,00:00:00.00,0,0.602849,-2.19544e-14,109.209,0.54354,0,4165.45,0,98.8529,163.803,1.08029,0,128.898,0,0,4667.84,7535.11,2975.9,-0.478876
2595,2020-02-09,00:00:00.00,0,3.01425,-2.19414e-14,109.118,0.536677,0,4165.55,0,98.8529,163.868,0.965187,0,131.745,0,0,4670.64,7538.13,2976.11,-0.478876
2596,2020-02-10,00:00:00.00,0,12.057,-2.19307e-14,109.04,0.530544,0,4165.96,0,98.8529,164.131,0.862346,0,143.133,0,0,4682.51,7550.18,2976.3,-0.478876
2597,2020-02-11,00:00:00.00,0,0,-2.19479e-14,108.955,0.511518,0,4166.26,0,98.8037,164.131,0.543267,0,143.133,0,0,4682.34,7550.18,2976.47,-0.478876
2598,2020-02-12,00:00:00.00,0,0,-2.19245e-14,108.862,0.494519,0,4166.57,0,98.7545,164.131,0.258186,0,143.133,0,0,4682.2,7550.18,2976.61,-0.478876
2599,2020-02-13,00:00:00.00,0,3.01425,-2.19379e-14,108.765,0.480502,0,4166.91,0,98.7443,164.196,0.0231066,0,145.98,0,0,4685.1,7553.2,2976.72,-0.478876
2600,2020-02-14,00:00:00.00,0,2.0095,-2.19352e-14,108.675,0.479124,0,4167.01,0,98.7339,164.24,0,0,147.878,0,0,4687.02,7555.21,2976.81,-0.478876
2601,2020-02-15,00:00:00.00,0,0,-2.19352e-14,108.603,0.479124,0,4167.01,0,98.7339,164.24,0,0,147.878,0,0,4686.95,7555.21,2976.88,-0.478876
2602,2020-02-16,00:00:00.00,0,3.01425,-2.19352e-14,108.543,0.479124,0,4167.11,0,98.7339,164.305,0,0,150.726,0,0,4689.9,7558.22,2976.94,-0.478876
2603,2020-02-17,00:00:00.00,0,0,-2.19352e-14,108.488,0.479124,0,4167.14,0,98.7087,164.305,0,0,150.726,0,0,4689.85,7558.22,2977,-0.478876
2604,2020-02-18,00:00:00.00,0,5.02374,-2.19352e-14,108.44,0.479124,0,4167.31,0,98.7029,164.414,0,0,155.471,0,0,4694.82,7563.24,2977.05,-0.478876
2605,2020-02-19,00:00:00.00,0,0,-2.19352e-14,108.396,0.479124,0,4167.36,0,98.6536,164.414,0,0,155.471,0,0,4694.78,7563.24,2977.09,-0.478876
2606,2020-02-20,00:00:00.00,0,0.602849,-2.19352e-14,108.358,0.479124,0,4167.39,0,98.6463,164.428,0,0,156.04,0,0,4695.34,7563.85,2977.13,-0.478876
2607,2020-02-21,00:00:00.00,0,0,-2.19352e-14,108.327,0.479124,0,4167.39,0,98.6463,164.428,0,0,156.04,0,0,4695.31,7563.85,2977.16,-0.478876
2608,2020-02-22,00:00:00.00,0,0,-2.19352e-14,108.299,0.479124,0,4167.39,0,98.6463,164.428,0,0,156.04,0,0,4695.28,7563.85,2977.19,-0.478876
2609,2020-02-23,00:00:00.00,0,0,-2.19352e-14,108.267,0.479124,0,4167.43,0,98.6027,164.428,0,0,156.04,0,0,4695.25,7563.85,2977.22,-0.478876
2610,2020-02-24,00:00:00.00,0,0,-2.19352e-14,108.238,0.479124,0,4167.48,0,98.5534,164.428,0,0,156.04,0,0,4695.22,7563.85,2977.25,-0.478876
2611,2020-02-25,00:00:00.00,0,11.0522,-2.19427e-14,108.269,0.5462,0,4167.87,0,98.6344,164.668,1.1249,5.0078,160.123,0,0,4706.24,7574.9,2977.28,-0.478876
2612,2020-02-26,00:00:00.00,0,3.01425,-2.196e-14,108.414,0.625263,0,4168.19,0,98.6994,164.733,2.45082,5.13899,160.93,0,0,4709.19,7577.91,2977.35,-0.478876
2613,2020-02-27,00:00:00.00,0,7.03324,-2.19528e-14,108.555,0.598193,0,4168.66,0,98.6901,164.886,1.99685,0.46826,172.244,0,0,4716.09,7584.95,2977.48,-0.478876
2614,2020-02-28,00:00:00.00,0,3.01425,-2.19408e-14,108.603,0.580339,0,4168.86,0,98.6858,164.952,1.69742,0,175.559,0,0,4718.94,7587.96,2977.65,-0.478876
2615,2020-02-29,00:00:00.00,0,5.02374,-2.19346e-14,108.6,0.566542,0,4169.09,0,98.6841,165.061,1.46604,0,180.304,0,0,4723.77,7592.98,2977.84,-0.478876
2616,2020-03-01,00:00:00.00,0,0,-2.19031e-14,108.576,0.557228,0,4169.09,0,98.6841,165.061,1.30983,0,180.304,0,0,4723.58,7592.98,2978.03,-0.478876
2617,2020-03-02,00:00:00.00,0,0,-2.18813e-14,108.543,0.548906,0,4169.09,0,98.6841,165.061,1.17027,0,180.304,0,0,4723.4,7592.98,2978.21,-0.478876
2618,2020-03-03,00:00:00.00,0,0,-2.1887e-14,108.471,0.513922,0,4169.72,0,98.566,165.061,0.583577,0,180.304,0,0,4723.22,7592.98,2978.39,-0.478876
2619,2020-03-04,00:00:00.00,1.16169,0.847809,-2.18887e-14,108.359,0.479124,0,4170.48,0,98.4471,165.105,0,2.12152,180.09,0,0,4725.08,7594.99,2978.53,-0.478876
2620,2020-03-05,00:00:00.00,0,0,-2.18887e-14,108.248,0.479124,0,4170.65,0,98.2769,165.105,0,3.14691,179.065,0,0,4724.97,7594.99,2978.65,-0.478876
2621,2020-03-06,00:00:00.00,0,3.01425,-2.18887e-14,108.168,0.479124,0,4170.77,0,98.2587,165.17,0,0.0119126,185.047,0,0,4727.91,7598.01,2978.73,-0.478876
2622,2020-03-07,00:00:00.00,0,0,-2.18887e-14,108.107,0.479124,0,4170.83,0,98.2045,165.17,0,0,185.059,0,0,4727.85,7598.01,2978.79,-0.478876
2623,2020-03-08,00:00:00.00,0,0,-2.18887e-14,108.063,0.479124,0,4170.83,0,98.2045,165.17,0,0,185.059,0,0,4727.8,7598.01,2978.83,-0.478876
2624,2020-03-09,00:00:00.00,0,0,-2.18887e-14,108.02,0.479124,0,4170.9,0,98.129,165.17,0,0,185.059,0,0,4727.76,7598.01,2978.87,-0.478876
2625,2020-03-10,00:00:00.00,15.4731,0,-2.21417e-14,109.46,2.40475,0,4171.33,0,98.531,165.507,32.2936,5.4794,157.74,0,0,4742.75,7613.48,2979.36,-0.478876
2626,2020-03-11,00:00:00.00,4.21994,0,-2.3291e-14,112.168,3.73231,0,4172.39,0,98.7612,165.598,54.5575,4.60877,132.676,0,0,4744.5,7617.7,2981.83,-0.478876
2627,2020-03-12,00:00:00.00,0,0,-2.14469e-14,113.42,3.35322,0,4173.12,0,98.6432,165.598,48.1999,2.58359,134.702,0,0,4739.62,7617.7,2986.71,-0.478876
2628,2020-03-13,00:00:00.00,4.21994,0,-2.17231e-14,113.525,3.43591,0,4174.18,0,98.7866,165.69,49.5866,4.46181,128.446,0,0,4738.11,7621.92,2992.43,-0.478876
2629,2020-03-14,00:00:00.00,0,0,-2.17142e-14,113.557,3.19721,0,4175.23,0,98.8079,165.69,45.5836,4.37778,126.027,0,0,4732.47,7621.92,2998.07,-0.478876
2630,2020-03-15,00:00:00.00,0,0,-2.23342e-14,113.351,2.88099,0,4175.83,0,98.7111,165.69,40.2804,1.37362,129.031,0,0,4727.14,7621.92,3003.4,-0.478876
2631,2020-03-16,00:00:00.00,0,0,-2.27695e-14,113.067,2.60138,0,4176.36,0,98.625,165.69,35.5913,6.09486e-07,130.404,0,0,4722.34,7621.92,3008.21,-0.478876
2632,2020-03-17,00:00:00.00,0,1.00475,-2.22281e-14,112.786,2.3545,0,4176.83,0,98.5795,165.712,31.4509,0,131.353,0,0,4719.06,7622.93,3012.49,-0.478876
2633,2020-03-18,00:00:00.00,0,0,-2.23526e-14,112.493,2.11344,0,4177.75,0,98.4296,165.712,27.4082,0,131.353,0,0,4715.26,7622.93,3016.29,-0.478876
2634,2020-03-19,00:00:00.00,0,0.20095,-2.21421e-14,112.208,1.91269,0,4178.35,0,98.3388,165.716,24.0415,0,131.543,0,0,4712.11,7623.13,3019.64,-0.478876
2635,2020-03-20,00:00:00.00,5.02374,0,-2.13631e-14,112.865,3.28705,0,4179.41,0,98.6144,165.825,47.0901,3.57372,102.879,0,0,4713.55,7628.15,3023.23,-0.478876
2636,2020-03-21,00:00:00.00,3.61709,0,-2.14176e-14,116.702,8.73692,0,4180.47,0,98.8553,165.904,79.9585,1.99097,57.3156,0,0,4709.94,7631.77,3030.46,-0.478876
2637,2020-03-22,00:00:00.00,0,0,-2.24411e-14,117.842,4.73893,0,4180.47,0,98.8553,165.904,71.4389,0,59.3066,0,0,4698.56,7631.77,3041.83,-0.478876
2638,2020-03-23,00:00:00.00,0,5.02374,-2.30855e-14,115.765,4.28505,0,4180.64,0,98.8553,166.013,63.827,0,64.0517,0,0,4693.44,7636.79,3051.98,-0.478876
2639,2020-03-24,00:00:00.00,0,4.42089,-2.23521e-14,115.412,3.86754,0,4181.02,0,98.8467,166.109,56.8253,0,68.2274,0,0,4690.31,7641.21,3059.52,-0.478876
2640,2020-03-25,00:00:00.00,0,0,-2.33161e-14,115.372,4.11517,0,4182.07,0,98.7312,166.109,60.9782,1.81171,54.0573,0,0,4683.25,7641.21,3066.59,-0.478876
2641,2020-03-26,00:00:00.00,0,0,-2.24791e-14,116.082,5.09131,0,4183.12,0,98.8095,166.109,77.3485,0.978498,28.1688,0,0,4675.71,7641.21,3074.12,-0.478876
2642,2020-03-27,00:00:00.00,0,0,-2.04178e-14,116.613,4.89599,0,4184.86,0,98.29,166.109,74.0729,0.751024,21.6203,0,0,4667.21,7641.21,3082.62,-0.478876
2643,2020-03-28,00:00:00.00,0,0,-2.10764e-14,116.412,4.45666,0,4186.62,0,97.586,166.109,66.705,0.69596,20.0352,0,0,4658.62,7641.21,3091.22,-0.478876
2644,2020-03-29,00:00:00.00,15.0712,0,-1.99144e-14,116.488,4.81834,0,4188.58,0,97.5522,166.437,72.7707,0.631326,18.1745,0,0,4665.45,7656.28,3099.46,-0.478876
2645,2020-03-30,00:00:00.00,14.5689,0,-2.03712e-14,117.029,5.17495,0,4190.52,0,97.5261,166.754,78.7512,0.529219,15.235,0,0,4671.52,7670.85,3107.95,-0.478876
2646,2020-03-31,00:00:00.00,0.20095,0,-2.34885e-14,117.191,4.69669,0,4192.28,0,96.9063,166.758,70.7305,0.483721,13.9253,0,0,4662.97,7671.05,3116.71,-0.478876
2647,2020-04-01,00:00:00.00,1.2057,0,-2.28339e-14,116.937,4.29322,0,4194.04,0,96.747,166.784,63.9641,0.44074,12.688,0,0,4655.89,7672.26,3124.99,-0.478876
2648,2020-04-02,00:00:00.00,0,0,-2.26955e-14,116.677,3.9131,0,4195.95,0,95.8975,166.784,57.5894,0.388665,11.1888,0,0,4648.38,7672.26,3132.5,-0.478876
2649,2020-04-03,00:00:00.00,0,0,-2.19848e-14,116.39,3.55578,0,4199.18,0,94.4164,166.784,51.597,0.324417,9.33925,0,0,4641.59,7672.26,3139.3,-0.478876
2650,2020-04-04,00:00:00.00,0,0,-2.36695e-14,116.109,3.24039,0,4202.08,0,93.1216,166.784,46.3076,0.262622,7.56032,0,0,4635.47,7672.26,3145.42,-0.478876
2651,2020-04-05,00:00:00.00,0,0,-2.29945e-14,115.824,2.94529,0,4205.98,0,91.3628,166.784,41.3588,0.191389,5.50966,0,0,4629.95,7672.26,3150.93,-0.478876
2652,2020-04-06,00:00:00.00,0,0,-2.24492e-14,115.557,2.68992,0,4209.21,0,89.9492,166.784,37.0761,0.125617,3.61625,0,0,4625.01,7672.26,3155.87,-0.478876
2653,2020-04-07,00:00:00.00,0,0,-2.21176e-14,115.312,2.46467,0,4212.11,0,88.7045,166.784,33.2985,0.0634694,1.82715,0,0,4620.57,7672.26,3160.31,-0.478876
2654,2020-04-08,00:00:00.00,4.82279,0,-2.26233e-14,115.109,2.33955,0,4216.34,0,89.3687,166.889,31.2002,0.00311949,0.0898032,0,0,4621.34,7677.08,3164.36,-0.478876
2655,2020-04-09,00:00:00.00,8.64084,0,-2.12346e-14,115.025,2.33224,0,4220.57,0,90.1022,167.077,31.0777,0,0,0,0,4626.19,7685.72,3168.16,-0.478876
2656,2020-04-10,00:00:00.00,0,0.803799,-2.14339e-14,114.922,2.11932,0,4221.15,0,90.598,167.094,27.5068,0,0,0,0,4623.39,7686.53,3171.76,-0.478876
2657,2020-04-11,00:00:00.00,0,0,-2.19934e-14,114.683,1.94455,0,4221.15,0,90.598,167.094,24.5759,0,0,0,0,4620.05,7686.53,3175.1,-0.478876
2658,2020-04-12,00:00:00.00,0,0,-2.20416e-14,114.422,1.78841,0,4221.15,0,90.598,167.094,21.9573,0,0,0,0,4617.01,7686.53,3178.14,-0.478876
2659,2020-04-13,00:00:00.00,5.82754,0,-2.21443e-14,114.12,1.67756,0,4226.46,0,90.4551,167.221,20.0983,0,0,0,0,4620.03,7692.35,3180.95,-0.478876
2660,2020-04-14,00:00:00.00,0,0,-2.22906e-14,113.742,1.40853,0,4231.77,0,87.8021,167.221,15.5865,0,0,0,0,4617.53,7692.35,3183.45,-0.478876
2661,2020-04-15,00:00:00.00,0,0,-2.24259e-14,113.386,1.3095,0,4231.77,0,87.8021,167.221,13.9258,0,0,0,0,4615.41,7692.35,3185.57,-0.478876
2662,2020-04-16,00:00:00.00,0,0,-2.23889e-14,113.108,1.22102,0,4231.77,0,87.8021,167.221,12.442,0,0,0,0,4613.56,7692.35,3187.42,-0.478876
2663,2020-04-17,00:00:00.00,0,0,-2.25681e-14,112.854,1.14197,0,4231.77,0,87.8021,167.221,11.1163,0,0,0,0,4611.9,7692.35,3189.08,-0.478876
2664,2020-04-18,00:00:00.00,0,0,-2.25472e-14,112.612,1.07135,0,4231.77,0,87.8021,167.221,9.93184,0,0,0,0,4610.4,7692.35,3190.57,-0.478876
2665,2020-04-19,00:00:00.00,0,0,-2.30284e-14,112.379,1.00824,0,4231.77,0,87.8021,167.221,8.8736,0,0,0,0,4609.05,7692.35,3191.93,-0.478876
2666,2020-04-20,00:00:00.00,2.4114,0,-2.31241e-14,112.006,0.812036,0,4237.07,0,87.4798,167.274,5.58309,0,0,0,0,4610.23,7694.77,3193.16,-0.478876
2667,2020-04-21,00:00:00.00,1.30617,0,-2.30157e-14,111.674,0.776564,0,4237.1,0,88.7243,167.302,4.98821,0,0,0,0,4610.57,7696.07,3194.13,-0.478876
2668,2020-04-22,00:00:00.00,0,1.00475,-2.3071e-14,111.434,0.744872,0,4237.14,0,88.7243,167.324,4.45671,0,0.949026,0,0,4610.77,7697.08,3194.93,-0.478876
2669,2020-04-23,00:00:00.00,0,0,-2.32473e-14,111.231,0.716556,0,4237.14,0,88.7243,167.324,3.98185,0,0.949026,0,0,4610.07,7697.08,3195.63,-0.478876
2670,2020-04-24,00:00:00.00,0,0,-2.34099e-14,111.05,0.691258,0,4237.14,0,89.6733,167.324,3.55758,0,0,0,0,4609.43,7697.08,3196.27,-0.478876
2671,2020-04-25,00:00:00.00,0,0,-2.35817e-14,110.867,0.653178,0,4237.72,0,89.3828,167.324,2.91897,0,0,0,0,4608.87,7697.08,3196.83,-0.478871
2672,2020-04-26,00:00:00.00,0,0,-2.36225e-14,110.583,0.544156,0,4241.53,0,87.2684,167.324,1.09062,0,0,0,0,4608.34,7697.08,3197.36,-0.478871
2673,2020-04-27,00:00:00.00,0,0,-2.3654e-14,110.284,0.52137,0,4243.78,0,85.3198,167.324,0.708484,0,0,0,0,4607.94,7697.08,3197.76,-0.478871
2674,2020-04-28,00:00:00.00,0.602849,0,-2.36794e-14,110.016,0.495492,0,4246.83,0,83.2565,167.337,0.274499,0,0,0,0,4608.21,7697.68,3198.09,-0.478871
2675,2020-04-29,00:00:00.00,0.20095,0,-2.37242e-14,109.771,0.479124,0,4249.76,0,80.8002,167.341,0,0,0,0,0,4608.15,7697.88,3198.35,-0.478871
2676,2020-04-30,00:00:00.00,8.43989,0,-2.37252e-14,109.709,0.661356,0,4252.41,0,82.983,167.525,3.05611,0,0,0,0,4616.35,7706.32,3198.6,-0.478871
2677,2020-05-01,00:00:00.00,14.0665,0,-2.38526e-14,110.01,0.974989,0,4257.72,0,85.1863,167.831,8.31589,0,0,0,0,4630.04,7720.39,3198.97,-0.478871
2678,2020-05-02,00:00:00.00,0,0,-2.41207e-14,110.368,0.922154,0,4257.72,0,85.1863,167.831,7.42983,0,0,0,0,4629.46,7720.39,3199.55,-0.478871
2679,2020-05-03,00:00:00.00,1.6076,0,-2.41224e-14,110.438,0.874949,0,4257.76,0,86.7179,167.865,6.63818,0,0,0,0,4630.29,7721.99,3200.32,-0.478871
2680,2020-05-04,00:00:00.00,0,0,-2.40811e-14,110.363,0.812778,0,4258.51,0,86.3426,167.865,5.59554,0,0,0,0,4629.49,7721.99,3201.13,-0.478871
2681,2020-05-05,00:00:00.00,0,0,-2.40078e-14,110.246,0.777227,0,4258.51,0,86.3426,167.865,4.99933,0,0,0,0,4628.74,7721.99,3201.88,-0.478871
2682,2020-05-06,00:00:00.00,0,0,-2.40802e-14,110.128,0.745464,0,4258.51,0,86.3426,167.865,4.46665,0,0,0,0,4628.06,7721.99,3202.56,-0.478871
2683,2020-05-07,00:00:00.00,0,0,-2.37885e-14,110.013,0.717086,0,4258.51,0,86.3426,167.865,3.99073,0,0,0,0,4627.44,7721.99,3203.18,-0.478871
2684,2020-05-08,00:00:00.00,0,0,-2.38625e-14,109.904,0.691731,0,4258.51,0,86.3426,167.865,3.56551,0,0,0,0,4626.88,7721.99,3203.74,-0.47887
2685,2020-05-09,00:00:00.00,0,5.02374,-2.38915e-14,109.877,0.771458,0,4258.68,0,89.0842,167.975,4.90258,0.00274492,0.0790202,0,0,4631.37,7727.02,3204.27,-0.47887
2686,2020-05-10,00:00:00.00,0,2.0095,-2.4003e-14,109.882,0.74031,0,4258.75,0,89.0842,168.018,4.38021,0,1.97982,0,0,4632.83,7729.03,3204.82,-0.47887
2687,2020-05-11,00:00:00.00,2.61235,5.02374,-2.41321e-14,110.09,1.07663,0,4258.98,0,91.4629,168.184,10.0204,3.23325e-09,9.30783e-08,0,0,4639.82,7736.66,3205.47,-0.47887
2688,2020-05-12,00:00:00.00,0,0,-2.45041e-14,110.361,1.01296,0,4258.98,0,91.4629,168.184,8.95274,0,0,0,0,4638.96,7736.66,3206.33,-0.47887
2689,2020-05-13,00:00:00.00,0,0,-2.46834e-14,110.382,0.956083,0,4258.98,0,91.4629,168.184,7.99883,0,0,0,0,4637.97,7736.66,3207.32,-0.47887
2690,2020-05-14,00:00:00.00,0,0,-2.46065e-14,110.31,0.905263,0,4258.98,0,91.4629,168.184,7.14655,0,0,0,0,4636.99,7736.66,3208.29,-0.47887
2691,2020-05-15,00:00:00.00,3.61709,0,-2.46025e-14,110.277,0.956149,0,4259.08,0,93.1017,168.263,7.99992,0,0,0,0,4639.67,7740.28,3209.23,-0.47887
2692,2020-05-16,00:00:00.00,3.51662,0,-2.47614e-14,110.336,1.0142,0,4259.17,0,94.4085,168.339,8.97349,0,0,0,0,4642.24,7743.8,3210.18,-0.47887
2693,2020-05-17,00:00:00.00,0,0,-2.46605e-14,110.274,0.881442,0,4262.01,0,92.9867,168.339,6.74707,0,0,0,0,4641.24,7743.8,3211.18,-0.47887
2694,2020-05-18,00:00:00.00,18.2864,0,-2.51e-14,110.718,1.67475,0,4262.48,0,94.714,168.737,20.0511,0,0,0,0,4658.37,7762.08,3212.34,-0.47887
2695,2020-05-19,00:00:00.00,9.64558,0,-2.55435e-14,111.601,1.97808,0,4262.72,0,95.8191,168.947,25.1382,0,0,0,0,4666.21,7771.73,3214.15,-0.47887
2696,2020-05-20,00:00:00.00,0,0,-2.51069e-14,111.812,1.6497,0,4269.05,0,92.6532,168.947,19.6311,0,0,0,0,4663.75,7771.73,3216.61,-0.47887
2697,2020-05-21,00:00:00.00,0,0,-2.50259e-14,111.513,1.39348,0,4273.99,0,90.1849,168.947,15.3342,0,0,0,0,4661.36,7771.73,3218.99,-0.47887
2698,2020-05-22,00:00:00.00,0,0,-2.51688e-14,111.064,1.10881,0,4281.02,0,86.6702,168.947,10.5601,0,0,0,0,4659.37,7771.73,3220.98,-0.47887
2699,2020-05-23,00:00:00.00,0,0,-2.49885e-14,110.429,0.744381,0,4292.18,0,81.0891,168.947,4.44848,0,0,0,0,4657.84,7771.73,3222.51,-0.47887
2700,2020-05-24,00:00:00.00,0,0,-2.49625e-14,109.705,0.479124,0,4302.21,0,75.508,168.947,0,0,0,0,0,4656.85,7771.73,3223.5,-0.47887
2701,2020-05-25,00:00:00.00,0,0,-2.49625e-14,109.136,0.479124,0,4307.79,0,69.9269,168.947,0,0,0,0,0,4656.28,7771.73,3224.07,-0.47887
2702,2020-05-26,00:00:00.00,0.20095,0,-2.49625e-14,108.788,0.479124,0,4313.37,0,64.5424,168.951,0,0,0,0,0,4656.13,7771.93,3224.42,-0.47887
2703,2020-05-27,00:00:00.00,0,0,-2.49625e-14,108.535,0.479124,0,4318.95,0,58.9613,168.951,0,0,0,0,0,4655.88,7771.93,3224.67,-0.47887
2704,2020-05-28,00:00:00.00,0,0,-2.49625e-14,108.332,0.479124,0,4324.54,0,53.3801,168.951,0,0,0,0,0,4655.68,7771.93,3224.88,-0.47887
2705,2020-05-29,00:00:00.00,6.73181,0,-2.49625e-14,108.154,0.479124,0,4330.09,0,54.4121,169.097,0,0,0,0,0,4662.23,7778.66,3225.05,-0.47887
2706,2020-05-30,00:00:00.00,9.14321,0,-2.49625e-14,107.996,0.479124,0,4335.67,0,57.7765,169.296,0,0,0,0,0,4671.22,7787.81,3225.21,-0.47887
2707,2020-05-31,00:00:00.00,0,0,-2.49625e-14,107.952,0.479124,0,4336.74,0,56.7035,169.296,0,0,0,0,0,4671.17,7787.81,3225.26,-0.47887
2708,2020-06-01,00:00:00.00,0,0,-2.49625e-14,107.935,0.479124,0,4336.74,0,56.7035,169.296,0,0,0,0,0,4671.16,7787.81,3225.27,-0.47887
2709,2020-06-02,00:00:00.00,1.00475,0,-2.49625e-14,107.921,0.479124,0,4336.77,0,57.6608,169.318,0,0,0,0,0,4672.15,7788.81,3225.29,-0.47887
2710,2020-06-03,00:00:00.00,4.01899,0,-2.49625e-14,107.82,0.479124,0,4340.84,0,57.5206,169.405,0,0,0,0,0,4676.06,7792.83,3225.39,-0.47887
2711,2020-06-04,00:00:00.00,0,0,-2.49625e-14,107.715,0.479124,0,4345.38,0,52.983,169.405,0,0,0,0,0,4675.96,7792.83,3225.49,-0.47887
2712,2020-06-05,00:00:00.00,0,0,-2.49625e-14,107.546,0.479124,0,4352.52,0,45.8402,169.405,0,0,0,0,0,4675.79,7792.83,3225.66,-0.47887
2713,2020-06-06,00:00:00.00,0,0,-2.49625e-14,107.378,0.479124,0,4358.7,0,39.6604,169.405,0,0,0,0,0,4675.62,7792.83,3225.83,-0.47887
2714,2020-06-07,00:00:00.00,0,0,-2.49625e-14,107.254,0.479124,0,4362.62,0,35.7374,169.405,0,0,0,0,0,4675.5,7792.83,3225.95,-0.47887
2715,2020-06-08,00:00:00.00,0,0,-2.49625e-14,107.254,0.479124,0,4362.62,0,35.7374,169.405,0,0,0,0,0,4675.5,7792.83,3225.95,-0.47887
2716,2020-06-09,00:00:00.00,0,0,-2.49625e-14,107.204,0.479124,0,4364.05,0,34.3101,169.405,0,0,0,0,0,4675.45,7792.83,3226,-0.47887
2717,2020-06-10,00:00:00.00,11.4541,0,-2.49625e-14,107.035,0.479124,0,4369.38,0,40.1886,169.654,0,0,0,0,0,4686.73,7804.28,3226.17,-0.47887
2718,2020-06-11,00:00:00.00,19.0902,0,-2.49596e-14,106.903,0.515594,0,4375.78,0,51.7773,170.069,0.611626,0,0,0,0,4705.66,7823.37,3226.34,-0.47887
2719,2020-06-12,00:00:00.00,0,0,-2.49552e-14,106.922,0.480355,0,4377.13,0,51.0182,170.069,0.0206547,0,0,0,0,4705.64,7823.37,3226.36,-0.47887
2720,2020-06-13,00:00:00.00,0,0,-2.49551e-14,106.925,0.480224,0,4377.13,0,51.0182,170.069,0.0184539,0,0,0,0,4705.64,7823.37,3226.36,-0.47887
2721,2020-06-14,00:00:00.00,0,0,-2.49551e-14,106.927,0.480107,0,4377.13,0,51.0182,170.069,0.0164876,0,0,0,0,4705.64,7823.37,3226.36,-0.47887
2722,2020-06-15,00:00:00.00,0,0,-2.49554e-14,106.929,0.480002,0,4377.13,0,51.0182,170.069,0.0147309,0,0,0,0,4705.64,7823.37,3226.36,-0.47887
2723,2020-06-16,00:00:00.00,0,0,-2.49552e-14,106.93,0.479909,0,4377.13,0,51.0182,170.069,0.0131613,0,0,0,0,4705.64,7823.37,3226.36,-0.47887
2724,2020-06-17,00:00:00.00,0,0,-2.49551e-14,106.932,0.479825,0,4377.13,0,51.0182,170.069,0.0117589,0,0,0,0,4705.64,7823.37,3226.36,-0.47887
2725,2020-06-18,00:00:00.00,0,0,-2.4955e-14,106.83,0.479124,0,4381.33,0,46.8311,170.069,0,0,0,0,0,4705.53,7823.37,3226.46,-0.47887
2726,2020-06-19,00:00:00.00,0,0,-2.4955e-14,106.661,0.479124,0,4387.64,0,40.5176,170.069,0,0,0,0,0,4705.37,7823.37,3226.63,-0.47887
2727,2020-06-20,00:00:00.00,22.5064,0,-2.49466e-14,106.65,0.63728,0,4394.23,0,52.9741,170.559,2.65235,0,0,0,0,4727.7,7845.88,3226.8,-0.47887
2728,2020-06-21,00:00:00.00,2.71282,0,-2.49382e-14,106.64,0.479124,0,4404.12,0,48.3904,170.618,0,0,0,0,0,4730.25,7848.59,3226.97,-0.47887
2729,2020-06-22,00:00:00.00,0.401899,0,-2.49382e-14,106.471,0.479124,0,4410.66,0,42.2428,170.626,0,0,0,0,0,4730.48,7848.99,3227.14,-0.47887
2730,2020-06-23,00:00:00.00,0.20095,0,-2.49382e-14,106.302,0.479124,0,4416.37,0,36.7342,170.631,0,0,0,0,0,4730.51,7849.2,3227.31,-0.47887
2731,2020-06-24,00:00:00.00,20.6978,0,-2.49483e-14,106.171,0.516223,0,4422.47,0,50.1779,171.081,0.622169,0,0,0,0,4751.04,7869.89,3227.47,-0.47887
2732,2020-06-25,00:00:00.00,0.20095,0,-2.49615e-14,106.241,0.51227,0,4422.48,0,50.3694,171.085,0.555876,0,0,0,0,4751.24,7870.09,3227.47,-0.47887
2733,2020-06-26,00:00:00.00,0,0,-2.49568e-14,106.246,0.479398,0,4424.19,0,49.2065,171.085,0.00459905,0,0,0,0,4751.21,7870.09,3227.5,-0.47887
2734,2020-06-27,00:00:00.00,0.803799,0,-2.49568e-14,106.122,0.479124,0,4429.09,0,45.1005,171.102,0,0,0,0,0,4751.89,7870.9,3227.63,-0.47887
2735,2020-06-28,00:00:00.00,18.2864,0,-2.49405e-14,106.027,0.553064,0,4435.98,0,54.7072,171.5,1.24001,0,0,0,0,4770.01,7889.18,3227.8,-0.47887
2736,2020-06-29,00:00:00.00,0,0,-2.49242e-14,106.009,0.479124,0,4441.24,0,50.692,171.5,0,0,0,0,0,4769.92,7889.18,3227.89,-0.47887
2737,2020-06-30,00:00:00.00,0,0,-2.49242e-14,105.84,0.479124,0,4448.07,0,43.8578,171.5,0,0,0,0,0,4769.75,7889.18,3228.06,-0.47887
2738,2020-07-01,00:00:00.00,0,0,-2.49242e-14,105.672,0.479124,0,4453.99,0,37.945,171.5,0,0,0,0,0,4769.58,7889.18,3228.23,-0.47887
2739,2020-07-02,00:00:00.00,0,0,-2.49242e-14,105.492,0.479124,0,4459.44,0,32.4879,171.5,0,0,0,0,0,4769.4,7889.18,3228.41,-0.47887
2740,2020-07-03,00:00:00.00,0,0,-2.49242e-14,105.311,0.479124,0,4464.13,0,27.7981,171.5,0,0,0,0,0,4769.22,7889.18,3228.59,-0.47887
2741,2020-07-04,00:00:00.00,0,0,-2.49242e-14,105.13,0.479124,0,4468.15,0,23.7854,171.5,0,0,0,0,0,4769.04,7889.18,3228.77,-0.47887
2742,2020-07-05,00:00:00.00,0,0,-2.49242e-14,104.95,0.479124,0,4471.58,0,20.3519,171.5,0,0,0,0,0,4768.86,7889.18,3228.95,-0.47887
2743,2020-07-06,00:00:00.00,0,0,-2.49242e-14,104.769,0.479124,0,4474.52,0,17.4141,171.5,0,0,0,0,0,4768.68,7889.18,3229.13,-0.47887
2744,2020-07-07,00:00:00.00,0,0,-2.49242e-14,104.588,0.479124,0,4477.03,0,14.9004,171.5,0,0,0,0,0,4768.5,7889.18,3229.31,-0.47887
2745,2020-07-08,00:00:00.00,0,0,-2.49242e-14,104.408,0.479124,0,4479.18,0,12.7496,171.5,0,0,0,0,0,4768.32,7889.18,3229.49,-0.47887
2746,2020-07-09,00:00:00.00,0,0,-2.49242e-14,104.227,0.479124,0,4481.02,0,10.9092,171.5,0,0,0,0,0,4768.14,7889.18,3229.67,-0.47887
2747,2020-07-10,00:00:00.00,0,0,-2.49242e-14,104.046,0.479124,0,4482.6,0,9.33454,171.5,0,0,0,0,0,4767.96,7889.18,3229.85,-0.47887
2748,2020-07-11,00:00:00.00,7.63609,0,-2.49242e-14,103.866,0.479124,0,4484.82,-1.27215e-16,14.5829,171.666,0,0,0,0,0,4775.41,7896.82,3230.03,-0.47887
2749,2020-07-12,00:00:00.00,9.44464,0,-2.49242e-14,103.708,0.479124,0,4487.51,-1.57419e-16,21.1305,171.871,0,0,0,0,0,4784.7,7906.26,3230.19,-0.47887
2750,2020-07-13,00:00:00.00,0,0,-2.49242e-14,103.63,0.479124,0,4488.83,-9.33547e-34,19.8074,171.871,0,0,0,0,0,4784.62,7906.26,3230.27,-0.47887
2751,2020-07-14,00:00:00.00,0,0,-2.49242e-14,103.585,0.479124,0,4489.54,0,19.1033,171.871,0,0,0,0,0,4784.58,7906.26,3230.31,-0.47887
2752,2020-07-15,00:00:00.00,0,0,-2.49242e-14,103.496,0.479124,0,4490.91,0,17.7349,171.871,0,0,0,0,0,4784.49,7906.26,3230.4,-0.47887
2753,2020-07-16,00:00:00.00,0,0,-2.49242e-14,103.338,0.479124,0,4493.14,0,15.5044,171.871,0,0,0,0,0,4784.33,7906.26,3230.56,-0.47887
2754,2020-07-17,00:00:00.00,3.41614,0,-2.49242e-14,103.192,0.479124,0,4495.24,2.18647e-17,16.7444,171.946,0,0,0,0,0,4787.6,7909.68,3230.7,-0.47887
2755,2020-07-18,00:00:00.00,0,0,-2.49242e-14,103.024,0.479124,0,4497.5,8.70804e-34,14.4875,171.946,0,0,0,0,0,4787.43,7909.68,3230.87,-0.47887
2756,2020-07-19,00:00:00.00,0,0,-2.49242e-14,102.843,0.479124,0,4499.59,5.87051e-50,12.3962,171.946,0,0,0,0,0,4787.25,7909.68,3231.05,-0.47887
2757,2020-07-20,00:00:00.00,13.0617,0,-2.49242e-14,102.662,0.479124,0,4502.76,1.91562e-16,22.0018,172.229,0,0,0,0,0,4800.13,7922.74,3231.24,-0.47887
2758,2020-07-21,00:00:00.00,0,0,-2.49242e-14,102.482,0.479124,0,4505.92,-4.04652e-33,18.8376,172.229,0,0,0,0,0,4799.95,7922.74,3231.41,-0.47887
2759,2020-07-22,00:00:00.00,0.401899,0,-2.49242e-14,102.449,0.479124,0,4506.44,0,18.7184,172.238,0,0,0,0,0,4800.32,7923.14,3231.45,-0.47887
2760,2020-07-23,00:00:00.00,8.74131,0,-2.49242e-14,102.359,0.479124,0,4508.25,1.42663e-16,25.4549,172.428,0,0,0,0,0,4808.97,7931.89,3231.54,-0.47887
2761,2020-07-24,00:00:00.00,0,0,-2.49242e-14,102.213,0.479124,0,4511.22,6.86419e-35,22.4831,172.428,0,0,0,0,0,4808.83,7931.89,3231.68,-0.47887
2762,2020-07-25,00:00:00.00,0,0,-2.49242e-14,102.146,0.479124,0,4512.43,-3.81039e-51,21.2782,172.428,0,0,0,0,0,4808.76,7931.89,3231.75,-0.47887
2763,2020-07-26,00:00:00.00,0,0,-2.49242e-14,102.102,0.479124,0,4513.18,0,20.5218,172.428,0,0,0,0,0,4808.71,7931.89,3231.8,-0.47887
2764,2020-07-27,00:00:00.00,0,0,-2.49242e-14,101.921,0.479124,0,4516.15,0,17.5594,172.428,0,0,0,0,0,4808.53,7931.89,3231.98,-0.47887
2765,2020-07-28,00:00:00.00,0.401899,0,-2.49242e-14,101.74,0.479124,0,4518.72,0,15.3784,172.437,0,0,0,0,0,4808.75,7932.29,3232.16,-0.47887
2766,2020-07-29,00:00:00.00,0.803799,0,-2.49242e-14,101.583,0.479124,0,4520.73,-1.33093e-18,14.157,172.454,0,0,0,0,0,4809.4,7933.09,3232.31,-0.47887
2767,2020-07-30,00:00:00.00,0,0,-2.49242e-14,101.414,0.479124,0,4522.64,0,12.2488,172.454,0,0,0,0,0,4809.23,7933.09,3232.48,-0.47887
2768,2020-07-31,00:00:00.00,0,0,-2.49242e-14,101.302,0.479124,0,4523.73,0,11.1503,172.454,0,0,0,0,0,4809.12,7933.09,3232.6,-0.47887
2769,2020-08-01,00:00:00.00,0,0,-2.49242e-14,101.167,0.479124,0,4524.94,0,9.9492,172.454,0,0,0,0,0,4808.99,7933.09,3232.73,-0.47887
2770,2020-08-02,00:00:00.00,24.9178,0,-2.49242e-14,101.013,0.479505,0,4528.46,6.70631e-16,30.7949,172.996,0.0063921,0,0,0,0,4833.75,7958.01,3232.88,-0.47887
2771,2020-08-03,00:00:00.00,23.3102,0,-2.49196e-14,100.897,0.51719,0,4533.65,0,47.7015,173.503,0.638382,0,0,0,0,4856.9,7981.32,3233.04,-0.47887
2772,2020-08-04,00:00:00.00,13.0617,0,-2.49107e-14,100.869,0.479474,0,4537.06,0,57.6979,173.787,0.00587394,0,0,0,0,4869.9,7994.38,3233.11,-0.47887
2773,2020-08-05,00:00:00.00,13.0617,0,-2.49146e-14,100.839,0.553588,0,4541.72,0,64.427,174.071,1.2488,0,0,0,0,4882.86,8007.44,3233.21,-0.47887
2774,2020-08-06,00:00:00.00,0,0,-2.49095e-14,100.895,0.489458,0,4544.01,0,63.1857,174.071,0.173308,0,0,0,0,4882.83,8007.44,3233.24,-0.47887
2775,2020-08-07,00:00:00.00,0,0,-2.49114e-14,100.915,0.488357,0,4544.01,0,63.1857,174.071,0.154842,0,0,0,0,4882.83,8007.44,3233.24,-0.47887
2776,2020-08-08,00:00:00.00,0,0,-2.49129e-14,100.867,0.479124,0,4546.69,0,60.6656,174.071,0,0,0,0,0,4882.77,8007.44,3233.3,-0.47887
2777,2020-08-09,00:00:00.00,0,0,-2.49129e-14,100.762,0.479124,0,4551.34,0,56.0145,174.071,0,0,0,0,0,4882.67,8007.44,3233.4,-0.47887
2778,2020-08-10,00:00:00.00,0,0,-2.49129e-14,100.607,0.479124,0,4558.16,0,49.1972,174.071,0,0,0,0,0,4882.51,8007.44,3233.56,-0.47887
2779,2020-08-11,00:00:00.00,0,0,-2.49129e-14,100.453,0.479124,0,4564.23,0,43.1286,174.071,0,0,0,0,0,4882.36,8007.44,3233.71,-0.47887
2780,2020-08-12,00:00:00.00,0,0,-2.49129e-14,100.299,0.479124,0,4569.55,0,37.8086,174.071,0,0,0,0,0,4882.2,8007.44,3233.86,-0.47887
2781,2020-08-13,00:00:00.00,0,0,-2.49129e-14,100.203,0.479124,0,4572.43,0,34.9194,174.071,0,0,0,0,0,4882.11,8007.44,3233.96,-0.47887
2782,2020-08-14,00:00:00.00,0,0,-2.49129e-14,100.079,0.479124,0,4575.91,0,31.4434,174.071,0,0,0,0,0,4881.98,8007.44,3234.08,-0.47887
2783,2020-08-15,00:00:00.00,0,0,-2.49129e-14,99.9241,0.479124,0,4579.79,0,27.5649,174.071,0,0,0,0,0,4881.83,8007.44,3234.24,-0.47887
2784,2020-08-16,00:00:00.00,0,0,-2.49129e-14,99.8092,0.479124,0,4582.32,0,25.0336,174.071,0,0,0,0,0,4881.71,8007.44,3234.35,-0.47887
2785,2020-08-17,00:00:00.00,2.0095,0,-2.49129e-14,99.7618,0.479124,0,4583.33,1.64847e-17,25.9876,174.114,0,0,0,0,0,4883.67,8009.45,3234.4,-0.47887
2786,2020-08-18,00:00:00.00,3.81804,0,-2.49129e-14,99.6662,0.479124,0,4585.5,0,27.5507,174.197,0,0,0,0,0,4887.4,8013.27,3234.5,-0.47887
2787,2020-08-19,00:00:00.00,0,0,-2.49129e-14,99.6662,0.479124,0,4585.5,0,27.5507,174.197,0,0,0,0,0,4887.4,8013.27,3234.5,-0.47887
2788,2020-08-20,00:00:00.00,0,0,-2.49129e-14,99.6662,0.479124,0,4585.5,0,27.5507,174.197,0,0,0,0,0,4887.4,8013.27,3234.5,-0.47887
2789,2020-08-21,00:00:00.00,0,0,-2.49129e-14,99.6662,0.479124,0,4585.5,0,27.5507,174.197,0,0,0,0,0,4887.4,8013.27,3234.5,-0.47887
2790,2020-08-22,00:00:00.00,0,0,-2.49129e-14,99.532,0.479124,0,4588.46,0,24.5959,174.197,0,0,0,0,0,4887.26,8013.27,3234.63,-0.47887
2791,2020-08-23,00:00:00.00,0,0,-2.49129e-14,99.3776,0.479124,0,4591.49,0,21.562,174.197,0,0,0,0,0,4887.11,8013.27,3234.79,-0.47887
2792,2020-08-24,00:00:00.00,0,0,-2.49129e-14,99.2232,0.479124,0,4594.15,0,18.9024,174.197,0,0,0,0,0,4886.95,8013.27,3234.94,-0.47887
2793,2020-08-25,00:00:00.00,0,0,-2.49129e-14,99.0688,0.479124,0,4596.48,0,16.5709,174.197,0,0,0,0,0,4886.8,8013.27,3235.09,-0.47887
2794,2020-08-26,00:00:00.00,0,0,-2.49129e-14,98.9145,0.479124,0,4598.53,0,14.527,174.197,0,0,0,0,0,4886.65,8013.27,3235.25,-0.47887
2795,2020-08-27,00:00:00.00,20.2959,0,-2.49129e-14,98.9145,0.479169,0,4599.03,2.9959e-16,33.8751,174.639,0.000749888,0,0,0,0,4906.94,8033.57,3235.25,-0.47887
2796,2020-08-28,00:00:00.00,0,0,-2.49129e-14,98.8189,0.479124,0,4601.62,0,31.2865,174.639,0,0,0,0,0,4906.85,8033.57,3235.34,-0.47887
2797,2020-08-29,00:00:00.00,2.21045,0,-2.49129e-14,98.7715,0.479124,0,4602.87,0,32.203,174.687,0,0,0,0,0,4909.01,8035.78,3235.39,-0.47887
2798,2020-08-30,00:00:00.00,1.00475,0,-2.49129e-14,98.7338,0.479124,0,4603.86,0,32.1906,174.709,0,0,0,0,0,4909.98,8036.78,3235.43,-0.47887
2799,2020-08-31,00:00:00.00,0,0,-2.49129e-14,98.7338,0.479124,0,4603.86,0,32.1906,174.709,0,0,0,0,0,4909.98,8036.78,3235.43,-0.47887
2800,2020-09-01,00:00:00.00,0,0,-2.49129e-14,98.6864,0.479124,0,4605.08,0,30.9716,174.709,0,0,0,0,0,4909.93,8036.78,3235.48,-0.47887
2801,2020-09-02,00:00:00.00,19.4921,0,-2.49129e-14,98.5813,0.479519,0,4608.56,0,46.5576,175.132,0.00661855,0,0,0,0,4929.32,8056.27,3235.58,-0.47887
2802,2020-09-03,00:00:00.00,6.32992,0,-2.49129e-14,98.4762,0.479124,0,4612.68,0,48.6353,175.27,0,0,0,0,0,4935.54,8062.6,3235.69,-0.47887
2803,2020-09-04,00:00:00.00,4.62184,0,-2.49129e-14,98.3707,0.479124,0,4616.91,0,48.9272,175.37,0,0,0,0,0,4940.06,8067.23,3235.79,-0.47887
2804,2020-09-05,00:00:00.00,1.6076,0,-2.49129e-14,98.3508,0.479124,0,4617.7,0,49.708,175.405,0,0,0,0,0,4941.64,8068.83,3235.81,-0.47887
2805,2020-09-06,00:00:00.00,0,0,-2.49129e-14,98.3508,0.479124,0,4617.7,0,49.708,175.405,0,0,0,0,0,4941.64,8068.83,3235.81,-0.47887
2806,2020-09-07,00:00:00.00,12.057,0,-2.49129e-14,98.3509,0.479225,0,4618.01,0,61.1935,175.667,0.00169683,0,0,0,0,4953.7,8080.89,3235.81,-0.47887
2807,2020-09-08,00:00:00.00,0.602849,0,-2.49129e-14,98.3047,0.479124,0,4620.05,0,59.7384,175.68,0,0,0,0,0,4954.26,8081.49,3235.86,-0.47887
2808,2020-09-09,00:00:00.00,5.22469,0,-2.49129e-14,98.3047,0.479124,0,4620.19,0,64.7163,175.794,0,0,0,0,0,4959.48,8086.72,3235.86,-0.47887
2809,2020-09-10,00:00:00.00,0.401899,0,-2.49129e-14,98.3047,0.479124,0,4620.2,0,65.0992,175.803,0,0,0,0,0,4959.88,8087.12,3235.86,-0.47887
2810,2020-09-11,00:00:00.00,0,0,-2.49129e-14,98.2716,0.479124,0,4621.66,0,63.6369,175.803,0,0,0,0,0,4959.85,8087.12,3235.89,-0.47887
2811,2020-09-12,00:00:00.00,0,0,-2.49129e-14,98.2716,0.479124,0,4621.66,0,63.6369,175.803,0,0,0,0,0,4959.85,8087.12,3235.89,-0.47887
2812,2020-09-13,00:00:00.00,5.52612,0,-2.49129e-14,98.2715,0.479124,0,4621.8,0,68.902,175.923,0,0,0,0,0,4965.38,8092.65,3235.89,-0.47887
2813,2020-09-14,00:00:00.00,2.0095,0,-2.49129e-14,98.2252,0.479124,0,4623.85,0,68.8229,175.967,0,0,0,0,0,4967.34,8094.66,3235.94,-0.47887
2814,2020-09-15,00:00:00.00,0,0,-2.49129e-14,98.2252,0.479124,0,4623.85,0,68.8229,175.967,0,0,0,0,0,4967.34,8094.66,3235.94,-0.47887
2815,2020-09-16,00:00:00.00,0,0,-2.49129e-14,98.2252,0.479124,0,4623.85,0,68.8229,175.967,0,0,0,0,0,4967.34,8094.66,3235.94,-0.47887
2816,2020-09-17,00:00:00.00,0,0,-2.49129e-14,98.2252,0.479124,0,4623.85,0,68.8229,175.967,0,0,0,0,0,4967.34,8094.66,3235.94,-0.47887
2817,2020-09-18,00:00:00.00,0,0,-2.49129e-14,98.2252,0.479124,0,4623.85,0,68.8229,175.967,0,0,0,0,0,4967.34,8094.66,3235.94,-0.47887
2818,2020-09-19,00:00:00.00,0,0,-2.49129e-14,98.2252,0.479124,0,4623.85,0,68.8229,175.967,0,0,0,0,0,4967.34,8094.66,3235.94,-0.47887
2819,2020-09-20,00:00:00.00,0,0,-2.49129e-14,98.2252,0.479124,0,4623.85,0,68.8229,175.967,0,0,0,0,0,4967.34,8094.66,3235.94,-0.47887
2820,2020-09-21,00:00:00.00,0,0,-2.49129e-14,98.2252,0.479124,0,4623.85,0,68.8229,175.967,0,0,0,0,0,4967.34,8094.66,3235.94,-0.47887
2821,2020-09-22,00:00:00.00,0,0,-2.49129e-14,98.2252,0.479124,0,4623.85,0,68.8229,175.967,0,0,0,0,0,4967.34,8094.66,3235.94,-0.47887
2822,2020-09-23,00:00:00.00,0,0,-2.49129e-14,98.2252,0.479124,0,4623.85,0,68.8229,175.967,0,0,0,0,0,4967.34,8094.66,3235.94,-0.47887
2823,2020-09-24,00:00:00.00,0,0,-2.49129e-14,98.1987,0.479124,0,4625.02,0,67.6519,175.967,0,0,0,0,0,4967.31,8094.66,3235.97,-0.47887
2824,2020-09-25,00:00:00.00,0,0,-2.49129e-14,98.0996,0.479124,0,4629.39,0,63.2766,175.967,0,0,0,0,0,4967.21,8094.66,3236.06,-0.47887
2825,2020-09-26,00:00:00.00,0,0,-2.49129e-14,98.0138,0.479124,0,4633.19,0,59.484,175.967,0,0,0,0,0,4967.13,8094.66,3236.15,-0.47887
2826,2020-09-27,00:00:00.00,0,0,-2.49129e-14,97.9214,0.479124,0,4637.25,0,55.4144,175.967,0,0,0,0,0,4967.04,8094.66,3236.24,-0.47887
2827,2020-09-28,00:00:00.00,0,0,-2.49129e-14,97.8159,0.479124,0,4641.85,0,50.8232,175.967,0,0,0,0,0,4966.93,8094.66,3236.35,-0.47887
2828,2020-09-29,00:00:00.00,26.9273,0,-2.48079e-14,98.238,1.0068,0,4646.5,0,62.6092,176.552,8.84929,0,0,0,0,4993.75,8121.58,3236.45,-0.47887
2829,2020-09-30,00:00:00.00,0,0,-2.49153e-14,99.2372,0.950572,0,4646.5,0,62.6092,176.552,7.9064,0,0,0,0,4993.75,8121.58,3236.45,-0.47887
2830,2020-10-01,00:00:00.00,6.22944,0,-2.4868e-14,100.13,0.900339,0,4646.66,0,68.5444,176.687,7.06397,0,0,0,0,4999.98,8127.81,3236.45,-0.47887
2831,2020-10-02,00:00:00.00,2.21045,0,-2.48641e-14,100.733,0.738461,0,4651.05,0,68.5107,176.735,4.3492,0,0,0,0,5002.11,8130.02,3236.53,-0.47887
2832,2020-10-03,00:00:00.00,0,0,-2.47941e-14,101.038,0.66287,0,4652.85,0,67.6105,176.735,3.0815,0,0,0,0,5001.98,8130.02,3236.67,-0.47887
2833,2020-10-04,00:00:00.00,0,0,-2.46808e-14,101.175,0.643291,0,4652.85,0,67.6105,176.735,2.75316,0,0,0,0,5001.77,8130.02,3236.88,-0.47887
2834,2020-10-05,00:00:00.00,7.23419,0,-2.46931e-14,101.236,0.633908,0,4653.03,0,74.3508,176.893,2.5958,0,0,0,0,5008.74,8137.26,3237.14,-0.47887
2835,2020-10-06,00:00:00.00,0,0,-2.47456e-14,101.197,0.569555,0,4654.83,0,73.4505,176.893,1.51657,0,0,0,0,5008.46,8137.26,3237.42,-0.47887
2836,2020-10-07,00:00:00.00,4.21994,0,-2.47402e-14,101.023,0.479491,0,4658.39,0,75.5266,176.984,0.00615333,0,0,0,0,5012.41,8141.48,3237.69,-0.47887
2837,2020-10-08,00:00:00.00,2.61235,0,-2.47403e-14,100.834,0.479124,0,4660.6,0,75.8861,177.041,0,0,0,0,0,5014.84,8144.09,3237.88,-0.47887
2838,2020-10-09,00:00:00.00,1.40665,0,-2.47403e-14,100.733,0.479124,0,4661.21,0,76.6499,177.072,0,0,0,0,0,5016.14,8145.5,3237.98,-0.47887
2839,2020-10-10,00:00:00.00,0,0,-2.47403e-14,100.637,0.479124,0,4662.68,0,75.1738,177.072,0,0,0,0,0,5016.05,8145.5,3238.07,-0.47887
2840,2020-10-11,00:00:00.00,0,0,-2.47403e-14,100.541,0.479124,0,4664.99,0,72.87,177.072,0,0,0,0,0,5015.95,8145.5,3238.17,-0.47887
2841,2020-10-12,00:00:00.00,0,0,-2.47403e-14,100.511,0.479124,0,4664.99,0,72.87,177.072,0,0,0,0,0,5015.92,8145.5,3238.2,-0.47887
2842,2020-10-13,00:00:00.00,13.0617,0,-2.47484e-14,100.747,0.791858,0,4665.92,0,78.846,177.356,5.24469,0,0,0,0,5028.9,8158.56,3238.28,-0.47887
2843,2020-10-14,00:00:00.00,0,0,-2.47749e-14,101.001,0.6358,0,4670.53,0,76.5422,177.356,2.62754,0,0,0,0,5028.69,8158.56,3238.49,-0.47887
2844,2020-10-15,00:00:00.00,1.50712,0,-2.47363e-14,100.989,0.564404,0,4672.6,0,76.9724,177.389,1.43019,0,0,0,0,5029.94,8160.06,3238.75,-0.47887
2845,2020-10-16,00:00:00.00,9.04274,0,-2.4712e-14,101.075,0.734484,0,4673.11,0,81.947,177.585,4.2825,0,0,0,0,5038.73,8169.11,3239,-0.47887
2846,2020-10-17,00:00:00.00,0,0,-2.47802e-14,101.238,0.707275,0,4673.11,0,81.947,177.585,3.8262,0,0,0,0,5038.41,8169.11,3239.32,-0.47887
2847,2020-10-18,00:00:00.00,1.00475,0,-2.47155e-14,101.289,0.682966,0,4673.13,0,82.9043,177.607,3.41852,0,0,0,0,5039.03,8170.11,3239.7,-0.47887
2848,2020-10-19,00:00:00.00,6.02849,0,-2.47222e-14,101.375,0.779351,0,4673.29,0,86.4311,177.738,5.03494,0,0,0,0,5044.64,8176.14,3240.12,-0.47887
2849,2020-10-20,00:00:00.00,6.22944,0,-2.47018e-14,101.597,0.914883,0,4673.44,0,89.2218,177.873,7.30788,0,0,0,0,5050.36,8182.37,3240.63,-0.47887
2850,2020-10-21,00:00:00.00,10.4494,0,-2.48184e-14,102.051,1.26144,0,4674.01,0,91.5024,178.101,13.1198,0,0,0,0,5060.04,8192.82,3241.4,-0.47887
2851,2020-10-22,00:00:00.00,3.51662,0,-2.49081e-14,102.474,1.24116,0,4674.95,0,92.8149,178.177,12.7797,0,0,0,0,5062.44,8196.34,3242.52,-0.47887
2852,2020-10-23,00:00:00.00,0.602849,0,-2.45682e-14,102.594,1.15997,0,4674.97,0,93.3893,178.19,11.4181,0,0,0,0,5061.72,8196.94,3243.84,-0.47887
2853,2020-10-24,00:00:00.00,1.40665,0,-2.48491e-14,102.435,0.964688,0,4679.58,0,92.4615,178.221,8.14313,0,0,0,0,5061.8,8198.35,3245.17,-0.47887
2854,2020-10-25,00:00:00.00,0,0,-2.49267e-14,102.26,0.912951,0,4679.58,0,92.4615,178.221,7.27548,0,0,0,0,5060.71,8198.35,3246.26,-0.47887
2855,2020-10-26,00:00:00.00,0.803799,0,-2.48208e-14,102.148,0.866726,0,4679.6,0,93.2274,178.238,6.50027,0,0,0,0,5060.58,8199.15,3247.2,-0.47887
2856,2020-10-27,00:00:00.00,0,0,-2.48398e-14,102.06,0.825427,0,4679.6,0,93.2274,178.238,5.80767,0,0,0,0,5059.76,8199.15,3248.02,-0.47887
2857,2020-10-28,00:00:00.00,4.82279,0,-2.49143e-14,102.109,0.9633,0,4679.72,0,94.5418,178.343,8.11986,0,0,0,0,5063.8,8203.97,3248.8,-0.47887
2858,2020-10-29,00:00:00.00,0,0,-2.5002e-14,102.208,0.911711,0,4679.72,0,94.5418,178.343,7.25468,0,0,0,0,5062.98,8203.97,3249.62,-0.47887
2859,2020-10-30,00:00:00.00,0,0,-2.51602e-14,102.198,0.865619,0,4679.72,0,94.5418,178.343,6.4817,0,0,0,0,5062.15,8203.97,3250.45,-0.47887
2860,2020-10-31,00:00:00.00,0,0,-2.53134e-14,102.149,0.824437,0,4679.72,0,94.5418,178.343,5.79107,0,0,0,0,5061.37,8203.97,3251.23,-0.47887
2861,2020-11-01,00:00:00.00,1.13813,1.37375,-2.53964e-14,102.092,0.794701,0,4679.8,0,95.4932,178.398,5.29238,0.000143573,1.29789,0,0,5063.16,8206.48,3251.94,-0.47887
2862,2020-11-02,00:00:00.00,2.32337,6.11651,-2.54857e-14,102.109,0.864598,0,4680.1,0,96.3104,178.581,6.46457,0.21772,6.26768,0,0,5070.92,8214.92,3252.63,-0.47887
2863,2020-11-03,00:00:00.00,0,0,-2.56254e-14,102.152,0.823525,0,4680.1,0,96.3106,178.581,5.77577,0.150426,6.33483,0,0,5070.23,8214.92,3253.31,-0.47887
2864,2020-11-04,00:00:00.00,0,0,-2.55882e-14,102.263,0.979605,0,4680.4,0,96.9513,178.581,8.3933,0.064944,1.8696,0,0,5069.5,8214.92,3254.05,-0.47887
2865,2020-11-05,00:00:00.00,0,0,-2.57109e-14,102.402,0.950781,0,4682,0,96.8167,178.581,7.90991,0,0,0,0,5068.66,8214.92,3254.88,-0.47887
2866,2020-11-06,00:00:00.00,0,0,-2.60468e-14,102.385,0.857659,0,4683.61,0,96.012,178.581,6.34822,0,0,0,0,5067.8,8214.92,3255.75,-0.47887
2867,2020-11-07,00:00:00.00,0,0,-2.60481e-14,102.263,0.77446,0,4685.22,0,95.2074,178.581,4.95292,0,0,0,0,5067,8214.92,3256.54,-0.47887
2868,2020-11-08,00:00:00.00,0,0,-2.59956e-14,102.105,0.700125,0,4686.83,0,94.4028,178.581,3.7063,0,0,0,0,5066.33,8214.92,3257.22,-0.47887
2869,2020-11-09,00:00:00.00,0,0,-2.59784e-14,101.934,0.633711,0,4688.44,0,93.5982,178.581,2.5925,0,0,0,0,5065.78,8214.92,3257.77,-0.47887
2870,2020-11-10,00:00:00.00,0,0,-2.59743e-14,101.758,0.574396,0,4690.05,0,92.7936,178.581,1.59776,0,0,0,0,5065.36,8214.92,3258.19,-0.47887
2871,2020-11-11,00:00:00.00,4.42089,0,-2.59205e-14,101.695,0.668913,0,4691.58,0,93.6231,178.677,3.18286,0,0,0,0,5069.43,8219.34,3258.54,-0.47887
2872,2020-11-12,00:00:00.00,0,0,-2.59979e-14,101.686,0.605825,0,4693.19,0,92.8185,178.677,2.12483,0,0,0,0,5069.1,8219.34,3258.87,-0.47887
2873,2020-11-13,00:00:00.00,0,0,-2.60163e-14,101.587,0.549844,0,4694.79,0,92.0211,178.677,1.18601,0,0,0,0,5068.81,8219.34,3259.16,-0.47887
2874,2020-11-14,00:00:00.00,0,0,-2.60296e-14,101.461,0.515991,0,4695.82,0,91.4752,178.677,0.618276,0,0,0,0,5068.57,8219.34,3259.4,-0.47887
2875,2020-11-15,00:00:00.00,5.82754,0,-2.60429e-14,101.505,0.695976,0,4696.62,0,92.9265,178.804,3.63671,0,0,0,0,5074.19,8225.17,3259.6,-0.47887
2876,2020-11-16,00:00:00.00,18.6883,0,-2.61935e-14,102.251,1.47911,0,4698.52,0,94.173,179.21,16.7702,0,0,0,0,5092.41,8243.86,3260.08,-0.47887
2877,2020-11-17,00:00:00.00,0,2.0095,-2.62256e-14,103.114,1.40325,0,4698.85,0,95.123,179.254,15.498,0.00385471,0.110969,0,0,5093.36,8245.87,3261.14,-0.47887
2878,2020-11-18,00:00:00.00,0,0,-2.61367e-14,103.354,1.30479,0,4698.85,0,95.123,179.254,13.8467,0,0.114823,0,0,5091.85,8245.87,3262.65,-0.47887
2879,2020-11-19,00:00:00.00,0,0,-2.6014e-14,103.354,1.21681,0,4698.85,0,95.123,179.254,12.3713,0,0.114823,0,0,5090.28,8245.87,3264.21,-0.47887
2880,2020-11-20,00:00:00.00,0,0,-2.5856e-14,103.251,1.10377,0,4700.14,0,94.5913,179.254,10.4755,0,0,0,0,5088.82,8245.87,3265.68,-0.47887
2881,2020-11-21,00:00:00.00,0,0,-2.55182e-14,103.094,0.994345,0,4701.75,0,93.7866,179.254,8.64049,0,0,0,0,5087.52,8245.87,3266.97,-0.47887
2882,2020-11-22,00:00:00.00,0,0,-2.53513e-14,102.946,0.921079,0,4702.44,0,93.4419,179.254,7.4118,0,0,0,0,5086.42,8245.87,3268.08,-0.47887
2883,2020-11-23,00:00:00.00,0,17.0807,-2.54201e-14,102.835,0.873989,0,4703.02,0,93.4419,179.625,6.62207,0,16.1335,0,0,5102.55,8262.95,3269.03,-0.47887
2884,2020-11-24,00:00:00.00,0,0,-2.53836e-14,102.751,0.831916,0,4703.02,0,93.4419,179.625,5.91648,0,16.1335,0,0,5101.72,8262.95,3269.86,-0.47887
2885,2020-11-25,00:00:00.00,0,1.6076,-2.53205e-14,102.677,0.794326,0,4703.07,0,93.4419,179.66,5.28608,0,17.6519,0,0,5102.58,8264.56,3270.6,-0.47887
2886,2020-11-26,00:00:00.00,11.4915,0.565488,-2.50942e-14,103.048,1.38028,0,4703.58,0,94.9385,179.922,15.1128,0.530719,15.2782,0,0,5113.79,8276.62,3271.44,-0.47887
2887,2020-11-27,00:00:00.00,0,0,-2.50655e-14,103.904,1.8347,0,4704.54,0,95.9319,179.922,22.7337,0.118561,3.41312,0,0,5112.39,8276.62,3272.85,-0.47887
2888,2020-11-28,00:00:00.00,2.0095,0,-2.54021e-14,104.517,1.84844,0,4706.14,0,96.0787,179.966,22.964,0.0259328,0.746548,0,0,5112.29,8278.62,3274.96,-0.47887
2889,2020-11-29,00:00:00.00,0,0,-2.58151e-14,104.658,1.69313,0,4706.93,0,95.7929,179.966,20.3595,0.0149271,0.429718,0,0,5109.85,8278.62,3277.4,-0.47887
2890,2020-11-30,00:00:00.00,0,0,-2.5507e-14,104.571,1.55001,0,4708.13,0,95.3035,179.966,17.9593,1.22209e-06,3.51812e-05,0,0,5107.48,8278.62,3279.77,-0.47887
2891,2020-12-01,00:00:00.00,6.22944,5.02374,-2.55951e-14,104.758,1.90998,0,4708.76,0,96.2882,180.21,23.9962,0.0165216,0.475621,0,0,5116.42,8289.88,3282.09,-0.47887
2892,2020-12-02,00:00:00.00,0,2.0095,-2.54988e-14,105.002,1.74773,0,4709.02,0,96.2808,180.254,21.2751,0,2.3902,0,0,5115.97,8291.89,3284.54,-0.47887
2893,2020-12-03,00:00:00.00,0,0,-2.57158e-14,104.941,1.59856,0,4709.33,0,96.2299,180.254,18.7735,0,2.3902,0,0,5113.52,8291.89,3286.99,-0.47887
2894,2020-12-04,00:00:00.00,0,5.02374,-2.5344e-14,104.82,1.47054,0,4709.67,0,96.224,180.363,16.6265,0,7.13533,0,0,5116.31,8296.91,3289.22,-0.47887
2895,2020-12-05,00:00:00.00,0,3.01425,-2.50307e-14,104.687,1.35091,0,4710.05,0,96.2135,180.429,14.6203,0,9.98241,0,0,5117.33,8299.93,3291.22,-0.47887
2896,2020-12-06,00:00:00.00,0,0,-2.523e-14,104.556,1.24718,0,4710.29,0,96.1741,180.429,12.8806,0,9.98241,0,0,5115.56,8299.93,3292.99,-0.47887
2897,2020-12-07,00:00:00.00,0,0,-2.55643e-14,104.442,1.16498,0,4710.3,0,96.1728,180.429,11.5022,0,9.98241,0,0,5113.99,8299.93,3294.56,-0.47887
2898,2020-12-08,00:00:00.00,0,0,-2.5732e-14,104.34,1.0905,0,4710.33,0,96.1677,180.429,10.253,0,9.98241,0,0,5112.59,8299.93,3295.96,-0.47887
2899,2020-12-09,00:00:00.00,0,3.01425,-2.52689e-14,104.247,1.02536,0,4710.43,0,96.1677,180.494,9.16058,0,12.8295,0,0,5114.36,8302.94,3297.21,-0.47887
2900,2020-12-10,00:00:00.00,0,0,-2.51552e-14,104.15,0.958408,0,4710.63,0,96.1359,180.494,8.03781,0,12.8295,0,0,5113.23,8302.94,3298.33,-0.47887
2901,2020-12-11,00:00:00.00,0,0,-2.49553e-14,104.154,1.05267,0,4711,0,96.7917,180.494,9.61855,0.30448,8.7653,0,0,5112.18,8302.94,3299.38,-0.47887
2902,2020-12-12,00:00:00.00,0.602849,0,-2.46062e-14,104.463,1.37868,0,4711.55,0,97.2401,180.508,15.086,0.0468619,1.34905,0,0,5111.62,8303.54,3300.54,-0.47887
2903,2020-12-13,00:00:00.00,10.0475,0,-2.50411e-14,105.08,1.77681,0,4712.36,0,97.5952,180.726,21.7627,0.0266038,0.765865,0,0,5120.09,8313.59,3302.12,-0.47887
2904,2020-12-14,00:00:00.00,0,0,-2.53815e-14,105.481,1.62874,0,4712.73,0,97.4113,180.726,19.2796,0,0.792469,0,0,5118.04,8313.59,3304.17,-0.47887
2905,2020-12-15,00:00:00.00,0,3.01425,-2.61034e-14,105.475,1.4975,0,4713,0,97.405,180.791,17.0786,0,3.63955,0,0,5118.88,8316.6,3306.34,-0.47887
2906,2020-12-16,00:00:00.00,0,0,-2.61996e-14,105.384,1.38899,0,4713,0,97.405,180.791,15.2589,0,3.63955,0,0,5116.87,8316.6,3308.36,-0.47887
2907,2020-12-17,00:00:00.00,0,1.00475,-2.60262e-14,105.28,1.29204,0,4713.03,0,97.405,180.813,13.6331,0,4.58857,0,0,5116.04,8317.61,3310.19,-0.47887
2908,2020-12-18,00:00:00.00,0,0,-2.57285e-14,105.178,1.20543,0,4713.03,0,97.405,180.813,12.1805,0,4.58857,0,0,5114.4,8317.61,3311.83,-0.47887
2909,2020-12-19,00:00:00.00,0,0,-2.5491e-14,105.08,1.12804,0,4713.03,0,97.405,180.813,10.8826,0,4.58857,0,0,5112.93,8317.61,3313.3,-0.47887
2910,2020-12-20,00:00:00.00,0,5.02374,-2.57313e-14,104.986,1.0589,0,4713.2,0,97.405,180.923,9.72307,0,9.33371,0,0,5116.63,8322.63,3314.63,-0.47887
2911,2020-12-21,00:00:00.00,0,0,-2.59351e-14,104.881,0.982081,0,4713.54,0,97.3503,180.923,8.43482,0,9.33371,0,0,5115.44,8322.63,3315.81,-0.47887
2912,2020-12-22,00:00:00.00,0,1.00475,-2.58764e-14,104.772,0.916596,0,4713.81,0,97.337,180.944,7.33661,0,10.2827,0,0,5115.4,8323.64,3316.86,-0.47887
2913,2020-12-23,00:00:00.00,0,0,-2.59766e-14,104.667,0.860186,0,4714.03,0,97.3014,180.944,6.39059,0,10.2827,0,0,5114.47,8323.64,3317.79,-0.47887
2914,2020-12-24,00:00:00.00,2.61235,0,-2.61066e-14,104.803,1.1466,0,4714.42,0,97.7909,181.001,11.1939,0.195246,5.6207,0,0,5116.17,8326.25,3318.7,-0.47887
2915,2020-12-25,00:00:00.00,2.4114,8.03799,-2.63839e-14,105.372,1.58905,0,4715.08,0,98.2025,181.228,18.614,0.178857,5.14891,0,0,5125.41,8336.7,3319.91,-0.47887
2916,2020-12-26,00:00:00.00,0,7.03324,-2.70944e-14,105.807,1.46204,0,4715.49,0,98.1969,181.381,16.484,0,11.971,0,0,5130.79,8343.73,3321.57,-0.47887
2917,2020-12-27,00:00:00.00,0,9.04274,-2.71357e-14,105.832,1.35731,0,4715.79,0,98.1969,181.578,14.7276,0,20.5122,0,0,5138,8352.78,3323.4,-0.47887
2918,2020-12-28,00:00:00.00,0,17.0807,-2.72592e-14,105.742,1.25499,0,4716.54,0,98.1935,181.949,13.0117,0,36.6456,0,0,5153.33,8369.86,3325.15,-0.47887
2919,2020-12-29,00:00:00.00,0,0,-2.73916e-14,105.627,1.16672,0,4716.66,0,98.1732,181.949,11.5313,0,36.6456,0,0,5151.75,8369.86,3326.72,-0.47887
2920,2020-12-30,00:00:00.00,0,5.42564,-2.72432e-14,105.516,1.09346,0,4716.84,0,98.1732,182.067,10.3027,0,41.7704,0,0,5155.77,8375.28,3328.14,-0.47887
2921,2020-12-31,00:00:00.00,0,8.23894,-2.71609e-14,105.41,1.0245,0,4717.19,0,98.1721,182.246,9.14616,0,49.5524,0,0,5162.74,8383.52,3329.4,-0.47887
2922,2021-01-01,00:00:00.00,0,0,-2.74675e-14,105.302,0.957639,0,4717.39,0,98.1403,182.246,8.02493,0,49.5524,0,0,5161.61,8383.52,3330.54,-0.47887
2923,2021-01-02,00:00:00.00,0,9.04274,-2.74753e-14,105.195,0.899098,0,4717.84,0,98.1361,182.443,7.04316,0,58.0936,0,0,5169.65,8392.56,3331.54,-0.47887
2924,2021-01-03,00:00:00.00,0,0,-2.75109e-14,105.093,0.845554,0,4718.03,0,98.1041,182.443,6.1452,0,58.0936,0,0,5168.76,8392.56,3332.43,-0.47887
2925,2021-01-04,00:00:00.00,0,7.03324,-2.75592e-14,104.993,0.797715,0,4718.44,0,98.0986,182.596,5.34292,0,64.7368,0,0,5175.01,8399.6,3333.21,-0.47887
2926,2021-01-05,00:00:00.00,0,0,-2.74663e-14,104.896,0.754973,0,4718.64,0,98.0666,182.596,4.62612,0,64.7368,0,0,5174.32,8399.6,3333.9,-0.47887
2927,2021-01-06,00:00:00.00,0,0,-2.75638e-14,104.805,0.716786,0,4718.84,0,98.0346,182.596,3.9857,0,64.7368,0,0,5173.71,8399.6,3334.51,-0.47887
2928,2021-01-07,00:00:00.00,0,0,-2.76123e-14,104.719,0.682667,0,4719.03,0,98.0027,182.596,3.41351,0,64.7368,0,0,5173.18,8399.6,3335.04,-0.47887
2929,2021-01-08,00:00:00.00,0,0,-2.75398e-14,104.634,0.652184,0,4719.23,0,97.9707,182.596,2.90229,0,64.7368,0,0,5172.72,8399.6,3335.5,-0.47887
2930,2021-01-09,00:00:00.00,0,0,-2.75535e-14,104.559,0.630586,0,4719.3,0,97.9592,182.596,2.5401,0,64.7368,0,0,5172.32,8399.6,3335.9,-0.47887
2931,2021-01-10,00:00:00.00,0,0,-2.74991e-14,104.489,0.605652,0,4719.5,0,97.9272,182.596,2.12194,0,64.7368,0,0,5171.97,8399.6,3336.25,-0.47887
2932,2021-01-11,00:00:00.00,0,0,-2.74979e-14,104.42,0.583375,0,4719.69,0,97.8953,182.596,1.74834,0,64.7368,0,0,5171.67,8399.6,3336.55,-0.47887
2933,2021-01-12,00:00:00.00,0,0,-2.74794e-14,104.349,0.563612,0,4719.89,0,97.8638,182.596,1.41691,0,64.7368,0,0,5171.41,8399.6,3336.81,-0.47887
2934,2021-01-13,00:00:00.00,0,0,-2.74901e-14,104.279,0.545814,0,4720.09,0,97.8318,182.596,1.11843,0,64.7368,0,0,5171.19,8399.6,3337.03,-0.47887
2935,2021-01-14,00:00:00.00,0,0,-2.75333e-14,104.212,0.530928,0,4720.26,0,97.7999,182.596,0.868776,0,64.7368,0,0,5171.01,8399.6,3337.21,-0.47887
2936,2021-01-15,00:00:00.00,0,0,-2.75292e-14,104.151,0.517943,0,4720.44,0,97.7679,182.596,0.651008,0,64.7368,0,0,5170.86,8399.6,3337.36,-0.47887
2937,2021-01-16,00:00:00.00,0.602849,0.401899,-2.75218e-14,104.173,0.605186,0,4720.61,0,98.0182,182.617,2.11411,2.0759,61.5024,0,0,5171.72,8400.6,3337.51,-0.47887
2938,2021-01-17,00:00:00.00,0,0.20095,-2.75055e-14,104.239,0.584288,0,4720.78,0,97.9922,182.622,1.76366,0,63.7681,0,0,5171.75,8400.8,3337.67,-0.47887
2939,2021-01-18,00:00:00.00,0,1.00475,-2.75013e-14,104.247,0.565618,0,4720.97,0,97.9854,182.644,1.45054,0,64.7171,0,0,5172.57,8401.81,3337.86,-0.47887
2940,2021-01-19,00:00:00.00,0,2.0095,-2.75121e-14,104.223,0.548936,0,4721.18,0,97.9788,182.687,1.17078,0,66.6152,0,0,5174.4,8403.82,3338.04,-0.47887
2941,2021-01-20,00:00:00.00,0,1.00475,-2.74946e-14,104.185,0.534032,0,4721.36,0,97.972,182.709,0.920838,0,67.5642,0,0,5175.25,8404.82,3338.2,-0.47887
2942,2021-01-21,00:00:00.00,0,0,-2.75127e-14,104.145,0.525035,0,4721.43,0,97.9585,182.709,0.769951,0,67.5642,0,0,5175.1,8404.82,3338.34,-0.47887
2943,2021-01-22,00:00:00.00,0,3.01425,-2.7517e-14,104.105,0.514664,0,4721.64,0,97.954,182.775,0.596022,0,70.4113,0,0,5178,8407.84,3338.46,-0.47887
2944,2021-01-23,00:00:00.00,0,1.00475,-2.75175e-14,104.06,0.503413,0,4721.82,0,97.9472,182.797,0.407336,0,71.3603,0,0,5178.9,8408.84,3338.57,-0.47887
2945,2021-01-24,00:00:00.00,0,0,-2.75279e-14,104.019,0.500825,0,4721.82,0,97.9472,182.797,0.363934,0,71.3603,0,0,5178.81,8408.84,3338.65,-0.47887
2946,2021-01-25,00:00:00.00,0,0,-2.75429e-14,103.984,0.498513,0,4721.82,0,97.9472,182.797,0.325157,0,71.3603,0,0,5178.74,8408.84,3338.73,-0.47887
2947,2021-01-26,00:00:00.00,0,0,-2.75447e-14,103.947,0.490502,0,4721.96,0,97.9218,182.797,0.190812,0,71.3603,0,0,5178.67,8408.84,3338.8,-0.47887
2948,2021-01-27,00:00:00.00,0,10.0475,-2.75458e-14,103.902,0.481875,0,4722.44,0,97.9168,183.015,0.0461356,0,80.8506,0,0,5188.66,8418.89,3338.86,-0.47887
2949,2021-01-28,00:00:00.00,0,0,-2.75457e-14,103.86,0.479124,0,4722.51,0,97.8974,183.015,0,0,80.8506,0,0,5188.61,8418.89,3338.9,-0.47887
2950,2021-01-29,00:00:00.00,0,0,-2.75457e-14,103.828,0.479124,0,4722.51,0,97.8974,183.015,0,0,80.8506,0,0,5188.58,8418.89,3338.93,-0.47887
2951,2021-01-30,00:00:00.00,0,0.401899,-2.75457e-14,103.804,0.479124,0,4722.52,0,97.8974,183.024,0,0,81.2302,0,0,5188.96,8419.29,3338.96,-0.47887
2952,2021-01-31,00:00:00.00,0,0,-2.75457e-14,103.786,0.479124,0,4722.52,0,97.8974,183.024,0,0,81.2302,0,0,5188.94,8419.29,3338.97,-0.47887
2953,2021-02-01,00:00:00.00,0,0,-2.75457e-14,103.772,0.479124,0,4722.52,0,97.8974,183.024,0,0,81.2302,0,0,5188.92,8419.29,3338.99,-0.47887
2954,2021-02-02,00:00:00.00,0,0,-2.75457e-14,103.761,0.479124,0,4722.53,0,97.8875,183.024,0,0,81.2302,0,0,5188.91,8419.29,3339,-0.47887
2955,2021-02-03,00:00:00.00,0,0,-2.75457e-14,103.751,0.479124,0,4722.56,0,97.8623,183.024,0,0,81.2302,0,0,5188.9,8419.29,3339.01,-0.47887
2956,2021-02-04,00:00:00.00,0,0,-2.75457e-14,103.741,0.479124,0,4722.6,0,97.8217,183.024,0,0,81.2302,0,0,5188.89,8419.29,3339.02,-0.47887
2957,2021-02-05,00:00:00.00,0,7.03324,-2.75457e-14,103.736,0.479124,0,4722.84,0,97.8203,183.177,0,0,87.8733,0,0,5195.92,8426.32,3339.03,-0.47887
2958,2021-02-06,00:00:00.00,0,3.01425,-2.75457e-14,103.732,0.479124,0,4722.94,0,97.8181,183.242,0,0,90.7204,0,0,5198.93,8429.34,3339.03,-0.47887
2959,2021-02-07,00:00:00.00,0,4.01899,-2.75457e-14,103.73,0.479124,0,4723.08,0,97.8181,183.329,0,0,94.5165,0,0,5202.95,8433.36,3339.03,-0.47887
2960,2021-02-08,00:00:00.00,0,0.20095,-2.75457e-14,103.728,0.479124,0,4723.08,0,97.8181,183.334,0,0,94.7063,0,0,5203.15,8433.56,3339.03,-0.47887
2961,2021-02-09,00:00:00.00,0,0.602849,-2.75457e-14,103.727,0.479124,0,4723.1,0,97.8181,183.347,0,0,95.2758,0,0,5203.75,8434.16,3339.03,-0.47887
2962,2021-02-10,00:00:00.00,0,0,-2.75457e-14,103.726,0.479124,0,4723.1,0,97.8181,183.347,0,0,95.2758,0,0,5203.75,8434.16,3339.03,-0.47887
2963,2021-02-11,00:00:00.00,0,0,-2.75457e-14,103.726,0.479124,0,4723.1,0,97.8181,183.347,0,0,95.2758,0,0,5203.75,8434.16,3339.03,-0.47887
2964,2021-02-12,00:00:00.00,0,1.00475,-2.75457e-14,103.725,0.479124,0,4723.14,0,97.8181,183.369,0,0,96.2248,0,0,5204.75,8435.16,3339.04,-0.47887
2965,2021-02-13,00:00:00.00,0,0,-2.75457e-14,103.725,0.479124,0,4723.14,0,97.8181,183.369,0,0,96.2248,0,0,5204.75,8435.16,3339.04,-0.47887
2966,2021-02-14,00:00:00.00,0,5.02374,-2.75457e-14,103.725,0.479124,0,4723.31,0,97.8181,183.478,0,0,100.97,0,0,5209.78,8440.19,3339.04,-0.47887
2967,2021-02-15,00:00:00.00,0,2.0095,-2.75457e-14,103.725,0.479124,0,4723.37,0,97.8181,183.522,0,0,102.868,0,0,5211.79,8442.2,3339.04,-0.47887
2968,2021-02-16,00:00:00.00,0,13.0617,-2.75457e-14,103.724,0.479124,0,4723.81,0,97.8181,183.806,0,0,115.205,0,0,5224.85,8455.26,3339.04,-0.47887
2969,2021-02-17,00:00:00.00,0,2.0095,-2.75457e-14,103.724,0.479124,0,4723.88,0,97.8181,183.849,0,0,117.103,0,0,5226.86,8457.27,3339.04,-0.47887
2970,2021-02-18,00:00:00.00,0,0,-2.75457e-14,103.724,0.479124,0,4723.88,0,97.8181,183.849,0,0,117.103,0,0,5226.86,8457.27,3339.04,-0.47887
2971,2021-02-19,00:00:00.00,0,6.02849,-2.75457e-14,103.724,0.479124,0,4724.09,0,97.8181,183.98,0,0,122.798,0,0,5232.88,8463.3,3339.04,-0.47887
2972,2021-02-20,00:00:00.00,0,3.01425,-2.75457e-14,103.72,0.479124,0,4724.19,0,97.8105,184.046,0,0,125.645,0,0,5235.89,8466.31,3339.04,-0.478852
2973,2021-02-21,00:00:00.00,0,0,-2.75457e-14,103.717,0.479124,0,4724.22,0,97.7823,184.046,0,0,125.645,0,0,5235.89,8466.31,3339.04,-0.478842
2974,2021-02-22,00:00:00.00,0,8.03799,-2.75457e-14,103.717,0.479124,0,4724.49,0,97.7823,184.221,0,0,133.237,0,0,5243.93,8474.35,3339.04,-0.478842
2975,2021-02-23,00:00:00.00,0,2.0095,-2.75457e-14,103.717,0.479124,0,4724.56,0,97.7823,184.264,0,0,135.135,0,0,5245.94,8476.36,3339.04,-0.478842
2976,2021-02-24,00:00:00.00,0,1.00475,-2.75457e-14,103.711,0.479124,0,4724.61,0,97.7629,184.286,0,0.926838,135.157,0,0,5246.94,8477.36,3339.05,-0.478832
2977,2021-02-25,00:00:00.00,0,0,-2.75529e-14,103.838,0.629981,0,4724.66,0,97.9476,184.286,2.52994,4.22741,128.791,0,0,5246.91,8477.36,3339.07,-0.478832
2978,2021-02-26,00:00:00.00,0,1.00475,-2.74904e-14,104.042,0.602409,0,4724.93,0,97.9283,184.308,2.06754,0,133.967,0,0,5247.85,8478.37,3339.14,-0.478832
2979,2021-02-27,00:00:00.00,0,4.01899,-2.75022e-14,104.145,0.581229,0,4725.23,0,97.9216,184.395,1.71236,0,137.763,0,0,5251.75,8482.39,3339.27,-0.478832
2980,2021-02-28,00:00:00.00,0,0,-2.75525e-14,104.177,0.562307,0,4725.41,0,97.8871,184.395,1.39502,0,137.763,0,0,5251.59,8482.39,3339.42,-0.478832
2981,2021-03-01,00:00:00.00,0,0,-2.75725e-14,104.163,0.541947,0,4725.68,0,97.8379,184.395,1.05357,0.000171624,137.763,0,0,5251.43,8482.39,3339.58,-0.478832
2982,2021-03-02,00:00:00.00,0,3.01425,-2.75703e-14,104.122,0.522601,0,4726.03,0,97.8266,184.461,0.729131,0,140.611,0,0,5254.3,8485.4,3339.73,-0.478832
2983,2021-03-03,00:00:00.00,0,0,-2.75744e-14,104.083,0.517969,0,4726.03,0,97.8266,184.461,0.651442,0,140.611,0,0,5254.18,8485.4,3339.85,-0.478832
2984,2021-03-04,00:00:00.00,0,0,-2.75817e-14,104.053,0.51383,0,4726.03,0,97.8266,184.461,0.582031,0,140.611,0,0,5254.07,8485.4,3339.95,-0.478832
2985,2021-03-05,00:00:00.00,0,0,-2.75742e-14,104.025,0.510132,0,4726.03,0,97.8266,184.461,0.520015,0,140.611,0,0,5253.98,8485.4,3340.05,-0.478832
2986,2021-03-06,00:00:00.00,0,1.00475,-2.75717e-14,103.998,0.506828,0,4726.06,0,97.8266,184.483,0.464607,0,141.56,0,0,5254.9,8486.41,3340.13,-0.478832
2987,2021-03-07,00:00:00.00,0,0,-2.75811e-14,103.973,0.503876,0,4726.06,0,97.8266,184.483,0.415103,0,141.56,0,0,5254.82,8486.41,3340.21,-0.478832
2988,2021-03-08,00:00:00.00,0,0,-2.75939e-14,103.949,0.501239,0,4726.06,0,97.8266,184.483,0.370874,0,141.56,0,0,5254.75,8486.41,3340.28,-0.478832
2989,2021-03-09,00:00:00.00,0,0,-2.75927e-14,103.928,0.498882,0,4726.06,0,97.8266,184.483,0.331357,0,141.56,0,0,5254.69,8486.41,3340.34,-0.478832
2990,2021-03-10,00:00:00.00,0,0,-2.75853e-14,103.886,0.493739,0,4726.56,0,97.8444,184.483,0.245099,4.3256,136.772,0,0,5254.61,8486.41,3340.42,-0.478832
2991,2021-03-11,00:00:00.00,0,0,-2.77483e-14,105.024,2.00708,0,4726.98,0,98.1835,184.483,25.6246,3.75682,108.151,0,0,5254.21,8486.41,3340.82,-0.478832
2992,2021-03-12,00:00:00.00,0.20095,0,-2.80597e-14,108.229,4.74751,0,4728.03,0,98.4981,184.509,60.1942,2.26977,65.3417,0,0,5251.82,8486.61,3343.41,-0.478832
2993,2021-03-13,00:00:00.00,0,0,-2.99979e-14,110.306,4.31947,0,4729.08,0,98.608,184.487,64.4044,1.83243,52.7516,0,0,5245.78,8486.61,3349.45,-0.478832
2994,2021-03-14,00:00:00.00,0,0,-3.15497e-14,110.207,3.89537,0,4729.41,0,98.5538,184.487,57.2921,0,54.584,0,0,5238.43,8486.61,3356.8,-0.478832
2995,2021-03-15,00:00:00.00,0,0,-3.34508e-14,109.938,3.52524,0,4729.55,0,98.5316,184.487,51.0847,0,54.584,0,0,5231.7,8486.61,3363.53,-0.478832
2996,2021-03-16,00:00:00.00,0,0,-3.31791e-14,109.682,3.20067,0,4729.55,0,98.5316,184.487,45.6416,0,54.584,0,0,5225.67,8486.61,3369.56,-0.478832
2997,2021-03-17,00:00:00.00,0,0,-3.35284e-14,109.443,2.91041,0,4729.55,0,98.5305,184.487,40.7738,0,54.584,0,0,5220.28,8486.61,3374.95,-0.478832
2998,2021-03-18,00:00:00.00,0,0,-3.47191e-14,109.605,3.36488,0,4730.6,0,98.6272,184.487,48.3955,1.34435,38.701,0,0,5215.13,8486.61,3380.1,-0.478832
2999,2021-03-19,00:00:00.00,0,0,-3.40845e-14,110.101,3.58334,0,4731.65,0,98.7014,184.487,52.0592,0.975239,28.075,0,0,5209.63,8486.61,3385.6,-0.478832
3000,2021-03-20,00:00:00.00,0,0,-3.30969e-14,110.187,3.22013,0,4732.38,0,98.5834,184.487,45.9679,0.18936,28.8609,0,0,5203.87,8486.61,3391.36,-0.478832
3001,2021-03-21,00:00:00.00,0,0,-3.16279e-14,110.293,3.57149,0,4733.47,0,98.634,184.487,51.8605,0.531566,15.3026,0,0,5198.15,8486.61,3397.08,-0.478832
3002,2021-03-22,00:00:00.00,0,0,-3.29469e-14,110.488,3.34809,0,4735.22,0,98.1247,184.487,48.1138,0.422828,12.1723,0,0,5192.38,8486.61,3402.85,-0.478832
3003,2021-03-23,00:00:00.00,0,0,-3.37784e-14,110.373,3.0867,0,4736.98,0,97.4301,184.487,43.7303,0.359241,10.3418,0,0,5186.79,8486.61,3408.44,-0.478832
3004,2021-03-24,00:00:00.00,0,0,-3.43859e-14,110.271,2.90474,0,4738.74,0,96.74,184.487,40.6788,0.262997,7.5711,0,0,5181.65,8486.61,3413.58,-0.478832
3005,2021-03-25,00:00:00.00,0,0,-3.28482e-14,110.252,2.75274,0,4740.5,0,96.0379,184.487,38.1296,0.160499,4.6204,0,0,5176.94,8486.61,3418.3,-0.478832
3006,2021-03-26,00:00:00.00,26.5254,0,-3.17694e-14,111.202,4.13139,0,4742.56,0,96.595,185.064,58.4065,0.0175587,0.505477,0,0,5198.49,8513.13,3423.27,-0.478832
3007,2021-03-27,00:00:00.00,3.61709,0,-3.20691e-14,112.205,3.71497,0,4744.32,0,96.5675,185.142,54.2666,0,0,0,0,5196.22,8516.75,3429.16,-0.478832
3008,2021-03-28,00:00:00.00,1.2057,0,-3.13513e-14,112.235,3.34506,0,4746.08,0,96.4612,185.169,48.0631,0,0,0,0,5191.35,8517.96,3435.23,-0.478832
3009,2021-03-29,00:00:00.00,0,1.00475,-3.14133e-14,112.152,3.00303,0,4747.84,0,96.3752,185.19,42.327,0,0,0,0,5186.88,8518.96,3440.7,-0.478832
3010,2021-03-30,00:00:00.00,0,0,-2.95519e-14,112.038,2.6873,0,4749.59,0,95.4965,185.19,37.0321,0,0,0,0,5182.04,8518.96,3445.55,-0.478832
3011,2021-03-31,00:00:00.00,0.20095,0,-2.95883e-14,111.906,2.40521,0,4751.35,0,94.8145,185.195,32.3013,0,0,0,0,5177.97,8519.16,3449.81,-0.478832
3012,2021-04-01,00:00:00.00,0,0,-2.99403e-14,111.762,2.15317,0,4753.11,0,93.9358,185.195,28.0745,0,0,0,0,5174.23,8519.16,3453.56,-0.478832
3013,2021-04-02,00:00:00.00,0,0,-2.9779e-14,111.652,1.9748,0,4753.11,0,93.9358,185.195,25.0832,0,0,0,0,5170.95,8519.16,3456.84,-0.478832
3014,2021-04-03,00:00:00.00,0,0,-2.9352e-14,111.563,1.81544,0,4753.11,0,93.9358,185.195,22.4106,0,0,0,0,5168.03,8519.16,3459.76,-0.478832
3015,2021-04-04,00:00:00.00,0,0,-2.92222e-14,111.471,1.67305,0,4753.11,0,93.9358,185.195,20.0227,0,0,0,0,5165.4,8519.16,3462.38,-0.478832
3016,2021-04-05,00:00:00.00,0,0,-2.89877e-14,111.276,1.45086,0,4756.67,0,92.1531,185.195,16.2964,0,0,0,0,5163.04,8519.16,3464.74,-0.478832
3017,2021-04-06,00:00:00.00,0.20095,0,-2.86213e-14,110.988,1.23467,0,4760.9,0,90.2352,185.199,12.6709,0,0,0,0,5161.23,8519.36,3466.76,-0.478832
3018,2021-04-07,00:00:00.00,0,0,-2.86472e-14,110.633,1.01283,0,4766.21,0,87.5822,185.199,8.95054,0,0,0,0,5159.59,8519.36,3468.4,-0.478832
3019,2021-04-08,00:00:00.00,0,0,-2.87868e-14,110.237,0.814628,0,4771.51,0,84.9293,185.199,5.62656,0,0,0,0,5158.32,8519.36,3469.67,-0.478832
3020,2021-04-09,00:00:00.00,0.401899,0,-2.88614e-14,109.818,0.637542,0,4776.82,0,82.6695,185.208,2.65675,0,0,0,0,5157.81,8519.76,3470.58,-0.478832
3021,2021-04-10,00:00:00.00,0,0,-2.88998e-14,109.413,0.528635,0,4781.2,0,80.0165,185.208,0.830318,0,0,0,0,5157.2,8519.76,3471.19,-0.478832
3022,2021-04-11,00:00:00.00,4.42089,0,-2.8873e-14,109.09,0.50196,0,4784.25,0,81.6883,185.304,0.382969,0,0,0,0,5161.22,8524.19,3471.59,-0.478832
3023,2021-04-12,00:00:00.00,31.0467,0,-2.88365e-14,109.808,1.74666,0,4787.32,0,85.5826,185.979,21.2572,0,0,0,0,5191.7,8555.23,3472.16,-0.478832
3024,2021-04-13,00:00:00.00,4.01899,0,-2.83762e-14,110.793,1.49743,0,4792.63,0,86.3515,186.066,17.0774,0,0,0,0,5194.41,8559.25,3473.46,-0.478832
3025,2021-04-14,00:00:00.00,0,0,-2.8318e-14,110.807,1.24759,0,4797.93,0,83.6985,186.066,12.8875,0,0,0,0,5192.64,8559.25,3475.23,-0.478832
3026,2021-04-15,00:00:00.00,0,0,-2.77585e-14,110.501,1.02437,0,4803.24,0,81.0455,186.066,9.14403,0,0,0,0,5191.02,8559.25,3476.85,-0.478832
3027,2021-04-16,00:00:00.00,0.20095,0,-2.7764e-14,110.231,0.941964,0,4804.15,0,80.7858,186.071,7.76204,0,0,0,0,5189.94,8559.45,3478.13,-0.478832
3028,2021-04-17,00:00:00.00,0,0,-2.77852e-14,110.042,0.877172,0,4804.73,0,80.4953,186.071,6.67544,0,0,0,0,5188.89,8559.45,3479.18,-0.478832
3029,2021-04-18,00:00:00.00,0,0,-2.78222e-14,109.769,0.71328,0,4809.29,0,78.2151,186.071,3.9269,0,0,0,0,5187.99,8559.45,3480.09,-0.478832
3030,2021-04-19,00:00:00.00,0,0,-2.7897e-14,109.387,0.546993,0,4814.6,0,75.5621,186.071,1.13819,0,0,0,0,5187.31,8559.45,3480.77,-0.478832
3031,2021-04-20,00:00:00.00,4.42089,0,-2.78963e-14,109.006,0.479124,0,4818.39,0,77.2339,186.167,0,0,0,0,0,5191.28,8563.87,3481.22,-0.478832
3032,2021-04-21,00:00:00.00,0,1.00475,-2.78963e-14,108.778,0.479124,0,4818.43,0,78.1829,186.189,0,0,0,0,0,5192.05,8564.88,3481.45,-0.478832
3033,2021-04-22,00:00:00.00,0,0,-2.78963e-14,108.635,0.479124,0,4818.43,0,78.1829,186.189,0,0,0,0,0,5191.91,8564.88,3481.59,-0.478832
3034,2021-04-23,00:00:00.00,0,0,-2.78963e-14,108.536,0.479124,0,4818.43,0,78.1829,186.189,0,0,0,0,0,5191.81,8564.88,3481.69,-0.478832
3035,2021-04-24,00:00:00.00,0,0,-2.78963e-14,108.442,0.479124,0,4819.21,0,77.395,186.189,0,0,0,0,0,5191.72,8564.88,3481.78,-0.478832
3036,2021-04-25,00:00:00.00,1.2057,0,-2.78963e-14,108.323,0.479124,0,4821.87,0,75.9215,186.215,0,0,0,0,0,5192.8,8566.08,3481.9,-0.478832
3037,2021-04-26,00:00:00.00,0,0,-2.78963e-14,108.242,0.479124,0,4823.48,0,74.3045,186.215,0,0,0,0,0,5192.72,8566.08,3481.98,-0.478832
3038,2021-04-27,00:00:00.00,0,0,-2.78963e-14,108.199,0.479124,0,4823.77,0,74.014,186.215,0,0,0,0,0,5192.68,8566.08,3482.03,-0.478832
3039,2021-04-28,00:00:00.00,0.602849,0,-2.78963e-14,108.111,0.479124,0,4826.43,0,71.9508,186.228,0,0,0,0,0,5193.2,8566.69,3482.11,-0.478832
3040,2021-04-29,00:00:00.00,1.2057,0,-2.78963e-14,108.031,0.479124,0,4829.08,0,70.4773,186.254,0,0,0,0,0,5194.32,8567.89,3482.19,-0.478832
3041,2021-04-30,00:00:00.00,6.02849,0,-2.78963e-14,107.959,0.479124,0,4831.73,0,73.7218,186.385,0,0,0,0,0,5200.28,8573.92,3482.27,-0.478832
3042,2021-05-01,00:00:00.00,0,0,-2.78963e-14,107.929,0.479124,0,4832.69,0,72.768,186.385,0,0,0,0,0,5200.25,8573.92,3482.3,-0.478832
3043,2021-05-02,00:00:00.00,1.00475,0,-2.78963e-14,107.921,0.479124,0,4832.71,0,73.7253,186.407,0,0,0,0,0,5201.24,8574.92,3482.3,-0.478832
3044,2021-05-03,00:00:00.00,0,0,-2.78963e-14,107.912,0.479124,0,4832.71,0,73.7253,186.407,0,0,0,0,0,5201.24,8574.92,3482.31,-0.478832
3045,2021-05-04,00:00:00.00,7.23419,0,-2.78759e-14,107.953,0.544216,0,4833.19,0,79.1014,186.564,1.09162,0,0,0,0,5208.45,8582.16,3482.34,-0.478832
3046,2021-05-05,00:00:00.00,2.4114,0,-2.78615e-14,108.04,0.53728,0,4833.25,0,81.3989,186.617,0.975305,0,0,0,0,5210.82,8584.57,3482.37,-0.478832
3047,2021-05-06,00:00:00.00,0.20095,0,-2.78749e-14,108.092,0.531083,0,4833.26,0,81.5903,186.621,0.871386,0,0,0,0,5210.96,8584.77,3482.43,-0.478832
3048,2021-05-07,00:00:00.00,0,0,-2.78682e-14,108.12,0.525547,0,4833.26,0,81.5903,186.621,0.778539,0,0,0,0,5210.89,8584.77,3482.5,-0.478832
3049,2021-05-08,00:00:00.00,0,0,-2.79041e-14,108.131,0.520601,0,4833.26,0,81.5903,186.621,0.695585,0,0,0,0,5210.82,8584.77,3482.58,-0.478832
3050,2021-05-09,00:00:00.00,0,0,-2.7909e-14,108.13,0.516181,0,4833.26,0,81.5903,186.621,0.621471,0,0,0,0,5210.74,8584.77,3482.66,-0.478832
3051,2021-05-10,00:00:00.00,0,0,-2.79202e-14,108.12,0.512233,0,4833.26,0,81.5903,186.621,0.555253,0,0,0,0,5210.66,8584.77,3482.74,-0.478832
3052,2021-05-11,00:00:00.00,0,0,-2.79131e-14,108.105,0.508705,0,4833.26,0,81.5903,186.621,0.49609,0,0,0,0,5210.58,8584.77,3482.82,-0.478832
3053,2021-05-12,00:00:00.00,0.20095,0,-2.79184e-14,108.087,0.505553,0,4833.26,0,81.7818,186.625,0.443232,0,0,0,0,5210.71,8584.97,3482.89,-0.478832
3054,2021-05-13,00:00:00.00,0,0,-2.7943e-14,108.067,0.502737,0,4833.26,0,81.7818,186.625,0.396005,0,0,0,0,5210.64,8584.97,3482.96,-0.478832
3055,2021-05-14,00:00:00.00,0,0,-2.79363e-14,108.046,0.500221,0,4833.26,0,81.7818,186.625,0.353811,0,0,0,0,5210.57,8584.97,3483.03,-0.478832
3056,2021-05-15,00:00:00.00,0,0,-2.79344e-14,107.992,0.479124,0,4834.34,0,81.0577,186.625,0,0,0,0,0,5210.5,8584.97,3483.1,-0.478832
3057,2021-05-16,00:00:00.00,0,0,-2.79344e-14,107.899,0.479124,0,4836.46,0,78.9382,186.625,0,0,0,0,0,5210.4,8584.97,3483.19,-0.478832
3058,2021-05-17,00:00:00.00,0,0,-2.79344e-14,107.783,0.479124,0,4840.32,0,75.0747,186.625,0,0,0,0,0,5210.29,8584.97,3483.31,-0.478832
3059,2021-05-18,00:00:00.00,0,0,-2.79344e-14,107.657,0.479124,0,4845.23,0,70.1647,186.625,0,0,0,0,0,5210.16,8584.97,3483.44,-0.478831
3060,2021-05-19,00:00:00.00,0,0,-2.79344e-14,107.528,0.479124,0,4850.81,0,64.5836,186.625,0,0,0,0,0,5210.03,8584.97,3483.57,-0.478831
3061,2021-05-20,00:00:00.00,0,0,-2.79344e-14,107.401,0.479124,0,4856.4,0,59.0025,186.625,0,0,0,0,0,5209.9,8584.97,3483.69,-0.478831
3062,2021-05-21,00:00:00.00,0,0,-2.79344e-14,107.275,0.479124,0,4861.98,0,53.4216,186.625,0,0,0,0,0,5209.78,8584.97,3483.82,-0.478831
3063,2021-05-22,00:00:00.00,0,0,-2.79344e-14,107.149,0.479124,0,4867.37,0,48.0299,186.625,0,0,0,0,0,5209.65,8584.97,3483.94,-0.478831
3064,2021-05-23,00:00:00.00,0,0,-2.79344e-14,107.022,0.479124,0,4872.22,0,43.1819,186.625,0,0,0,0,0,5209.53,8584.97,3484.07,-0.478831
3065,2021-05-24,00:00:00.00,0,0,-2.79344e-14,106.896,0.479124,0,4876.58,0,38.8233,186.625,0,0,0,0,0,5209.4,8584.97,3484.2,-0.478831
3066,2021-05-25,00:00:00.00,0,0,-2.79344e-14,106.77,0.479124,0,4880.49,0,34.9046,186.625,0,0,0,0,0,5209.27,8584.97,3484.32,-0.478831
3067,2021-05-26,00:00:00.00,0.602849,0,-2.79344e-14,106.643,0.479124,0,4884.05,0,31.9419,186.639,0,0,0,0,0,5209.75,8585.58,3484.45,-0.478831
3068,2021-05-27,00:00:00.00,4.01899,0,-2.79344e-14,106.517,0.479124,0,4887.48,0,32.4409,186.726,0,0,0,0,0,5213.64,8589.59,3484.58,-0.478831
3069,2021-05-28,00:00:00.00,1.2057,0,-2.79344e-14,106.517,0.479124,0,4887.51,0,33.5896,186.752,0,0,0,0,0,5214.85,8590.8,3484.58,-0.478831
3070,2021-05-29,00:00:00.00,8.43989,0,-2.79344e-14,106.517,0.479124,0,4887.72,0,41.6308,186.936,0,0,0,0,0,5223.29,8599.24,3484.58,-0.478831
3071,2021-05-30,00:00:00.00,0,0,-2.79344e-14,106.517,0.479124,0,4887.72,0,41.6308,186.936,0,0,0,0,0,5223.29,8599.24,3484.58,-0.478831
3072,2021-05-31,00:00:00.00,0,0,-2.79344e-14,106.516,0.479124,0,4887.74,0,41.6109,186.936,0,0,0,0,0,5223.29,8599.24,3484.58,-0.478831
3073,2021-06-01,00:00:00.00,0,0,-2.79344e-14,106.429,0.479124,0,4890.65,0,38.7034,186.936,0,0,0,0,0,5223.2,8599.24,3484.66,-0.478831
3074,2021-06-02,00:00:00.00,0,0,-2.79344e-14,106.411,0.479124,0,4891.22,0,38.1359,186.936,0,0,0,0,0,5223.18,8599.24,3484.68,-0.478831
3075,2021-06-03,00:00:00.00,9.64558,0,-2.79344e-14,106.382,0.479124,0,4892.26,0,46.5301,187.145,0,0,0,0,0,5232.8,8608.89,3484.71,-0.478831
3076,2021-06-04,00:00:00.00,0,0,-2.79344e-14,106.279,0.479124,0,4896.08,0,42.7115,187.145,0,0,0,0,0,5232.7,8608.89,3484.81,-0.478831
3077,2021-06-05,00:00:00.00,0,0,-2.79344e-14,106.11,0.479124,0,4901.84,0,36.9534,187.145,0,0,0,0,0,5232.53,8608.89,3484.98,-0.478831
3078,2021-06-06,00:00:00.00,0,0,-2.79344e-14,105.942,0.479124,0,4906.82,0,31.9717,187.145,0,0,0,0,0,5232.36,8608.89,3485.15,-0.478831
3079,2021-06-07,00:00:00.00,0,0,-2.79344e-14,105.773,0.479124,0,4911.13,0,27.6616,187.145,0,0,0,0,0,5232.19,8608.89,3485.32,-0.478831
3080,2021-06-08,00:00:00.00,26.7263,0,-2.79308e-14,105.678,0.553285,0,4916.66,0,46.885,187.726,1.24372,0,0,0,0,5258.75,8635.61,3485.49,-0.478831
3081,2021-06-09,00:00:00.00,3.81804,0,-2.79217e-14,105.584,0.479124,0,4924.39,0,44.1307,187.809,4.99165e-07,0,0,0,0,5262.4,8639.43,3485.66,-0.478831
3082,2021-06-10,00:00:00.00,0,0,-2.79217e-14,105.415,0.479124,0,4930.34,0,38.1811,187.809,0,0,0,0,0,5262.23,8639.43,3485.83,-0.478831
3083,2021-06-11,00:00:00.00,0,0,-2.79217e-14,105.246,0.479124,0,4935.49,0,33.0338,187.809,0,0,0,0,0,5262.06,8639.43,3486,-0.478831
3084,2021-06-12,00:00:00.00,0,0,-2.79217e-14,105.078,0.479124,0,4939.94,0,28.5804,187.809,0,0,0,0,0,5261.89,8639.43,3486.16,-0.478831
3085,2021-06-13,00:00:00.00,0,0,-2.79217e-14,104.954,0.479124,0,4942.77,0,25.7533,187.809,0,0,0,0,0,5261.77,8639.43,3486.29,-0.478831
3086,2021-06-14,00:00:00.00,3.61709,0,-2.79217e-14,104.785,0.479124,0,4946.52,0,25.5432,187.888,0,0,0,0,0,5265.21,8643.05,3486.46,-0.478831
3087,2021-06-15,00:00:00.00,2.0095,0,-2.79217e-14,104.703,0.479124,0,4948.27,2.92381e-18,25.7542,187.932,0,0,0,0,0,5267.14,8645.06,3486.54,-0.478831
3088,2021-06-16,00:00:00.00,0,0,-2.79217e-14,104.696,0.479124,0,4948.43,-7.73521e-37,25.5937,187.932,0,0,0,0,0,5267.13,8645.06,3486.55,-0.478831
3089,2021-06-17,00:00:00.00,0,0,-2.79217e-14,104.696,0.479124,0,4948.43,0,25.5937,187.932,0,0,0,0,0,5267.13,8645.06,3486.55,-0.478831
3090,2021-06-18,00:00:00.00,0.602849,0,-2.79217e-14,104.688,0.479124,0,4948.6,7.57823e-20,26.0138,187.945,0,0,0,0,0,5267.73,8645.66,3486.55,-0.478831
3091,2021-06-19,00:00:00.00,4.01899,0,-2.79217e-14,104.659,0.479124,0,4949.3,-3.36387e-18,29.2498,188.032,0,0,0,0,0,5271.72,8649.68,3486.58,-0.478831
3092,2021-06-20,00:00:00.00,0,0,-2.79217e-14,104.49,0.479124,0,4953.24,0,25.3066,188.032,0,0,0,0,0,5271.55,8649.68,3486.75,-0.478831
3093,2021-06-21,00:00:00.00,5.82754,0,-2.79217e-14,104.345,0.479124,0,4956.57,0,27.6817,188.159,0,0,0,0,0,5277.23,8655.51,3486.9,-0.478831
3094,2021-06-22,00:00:00.00,0.20095,0,-2.79217e-14,104.177,0.479124,0,4960.32,0,24.1315,188.163,0,0,0,0,0,5277.27,8655.71,3487.06,-0.478831
3095,2021-06-23,00:00:00.00,0,0,-2.79217e-14,104.177,0.479124,0,4960.32,0,24.1315,188.163,0,0,0,0,0,5277.27,8655.71,3487.06,-0.478831
3096,2021-06-24,00:00:00.00,0,0,-2.79217e-14,104.177,0.479124,0,4960.32,0,24.1315,188.163,0,0,0,0,0,5277.27,8655.71,3487.06,-0.478831
3097,2021-06-25,00:00:00.00,0,0,-2.79217e-14,104.074,0.479124,0,4962.3,0,22.1511,188.163,0,0,0,0,0,5277.16,8655.71,3487.17,-0.478831
3098,2021-06-26,00:00:00.00,44.4099,0,-2.80295e-14,104.378,0.952074,0,4968.47,0,50.548,189.128,7.93158,0,0,0,0,5321.4,8700.12,3487.34,-0.478831
3099,2021-06-27,00:00:00.00,0.803799,0,-2.81367e-14,104.716,0.512705,0,4982.61,0,44.488,189.146,0.563172,0,0,0,0,5322.04,8700.92,3487.5,-0.478831
3100,2021-06-28,00:00:00.00,1.00475,0,-2.81365e-14,104.581,0.479468,0,4989.22,0,39.4252,189.168,0.00576701,0,0,0,0,5322.88,8701.93,3487.67,-0.478831
3101,2021-06-29,00:00:00.00,0.20095,0,-2.81365e-14,104.413,0.479124,0,4994.55,0,34.2955,189.172,0,0,0,0,0,5322.91,8702.13,3487.84,-0.478831
3102,2021-06-30,00:00:00.00,2.4114,0,-2.81365e-14,104.244,0.479124,0,4999.32,0,31.8797,189.225,0,0,0,0,0,5325.15,8704.54,3488.01,-0.478831
3103,2021-07-01,00:00:00.00,0.602849,0,-2.81365e-14,104.075,0.479124,0,5003.66,0,28.1313,189.238,0,0,0,0,0,5325.58,8705.14,3488.18,-0.478831
3104,2021-07-02,00:00:00.00,1.00475,0,-2.81365e-14,104.008,0.479124,0,5005.2,0,27.57,189.26,0,0,0,0,0,5326.52,8706.15,3488.25,-0.478831
3105,2021-07-03,00:00:00.00,0,0,-2.81365e-14,104.008,0.479124,0,5005.2,0,27.57,189.26,0,0,0,0,0,5326.52,8706.15,3488.25,-0.478831
3106,2021-07-04,00:00:00.00,0,0,-2.81365e-14,104.008,0.479124,0,5005.2,0,27.57,189.26,0,0,0,0,0,5326.52,8706.15,3488.25,-0.478831
3107,2021-07-05,00:00:00.00,0,0,-2.81365e-14,103.964,0.479124,0,5006.19,0,26.59,189.26,0,0,0,0,0,5326.48,8706.15,3488.29,-0.478831
3108,2021-07-06,00:00:00.00,0,0,-2.81365e-14,103.784,0.479124,0,5010.01,0,22.766,189.26,0,0,0,0,0,5326.3,8706.15,3488.47,-0.478831
3109,2021-07-07,00:00:00.00,10.8513,0,-2.81365e-14,103.603,0.479124,0,5014.22,0,29.1731,189.495,0,0,0,0,0,5336.97,8717,3488.65,-0.478831
3110,2021-07-08,00:00:00.00,4.21994,0,-2.81365e-14,103.525,0.479124,0,5016.21,0,31.3099,189.587,0,0,0,0,0,5341.11,8721.22,3488.73,-0.478831
3111,2021-07-09,00:00:00.00,5.82754,0,-2.81365e-14,103.525,0.479124,0,5016.36,0,36.8621,189.714,0,0,0,0,0,5346.94,8727.04,3488.73,-0.478831
3112,2021-07-10,00:00:00.00,0.401899,0,-2.81365e-14,103.525,0.479124,0,5016.37,0,37.2451,189.723,0,0,0,0,0,5347.34,8727.45,3488.73,-0.478831
3113,2021-07-11,00:00:00.00,0,0,-2.81365e-14,103.525,0.479124,0,5016.37,0,37.2451,189.723,0,0,0,0,0,5347.34,8727.45,3488.73,-0.478831
3114,2021-07-12,00:00:00.00,0,0,-2.81365e-14,103.525,0.479124,0,5016.37,0,37.2451,189.723,0,0,0,0,0,5347.34,8727.45,3488.73,-0.478831
3115,2021-07-13,00:00:00.00,0,0,-2.81365e-14,103.458,0.479124,0,5018.36,0,35.249,189.723,0,0,0,0,0,5347.27,8727.45,3488.8,-0.478831
3116,2021-07-14,00:00:00.00,6.32992,0,-2.81365e-14,103.278,0.479124,0,5023.84,0,35.962,189.86,0,0,0,0,0,5353.42,8733.78,3488.98,-0.478831
3117,2021-07-15,00:00:00.00,0,0,-2.81365e-14,103.109,0.479124,0,5028.69,0,31.1146,189.86,0,0,0,0,0,5353.25,8733.78,3489.15,-0.478831
3118,2021-07-16,00:00:00.00,3.21519,0,-2.81365e-14,102.94,0.479124,0,5033.1,0,29.8466,189.93,0,0,0,0,0,5356.3,8736.99,3489.31,-0.478831
3119,2021-07-17,00:00:00.00,0.20095,0,-2.81365e-14,102.907,0.479124,0,5033.9,0,29.2468,189.934,0,0,0,0,0,5356.47,8737.19,3489.35,-0.478831
3120,2021-07-18,00:00:00.00,0,0,-2.81365e-14,102.885,0.479124,0,5034.41,0,28.7349,189.934,0,0,0,0,0,5356.45,8737.19,3489.37,-0.478831
3121,2021-07-19,00:00:00.00,0,0,-2.81365e-14,102.717,0.479124,0,5038.29,0,24.8617,189.934,0,0,0,0,0,5356.28,8737.19,3489.54,-0.478831
3122,2021-07-20,00:00:00.00,0,0,-2.81365e-14,102.559,0.479124,0,5041.41,0,21.7349,189.934,0,0,0,0,0,5356.12,8737.19,3489.7,-0.478831
3123,2021-07-21,00:00:00.00,12.4589,0,-2.81365e-14,102.402,0.479124,0,5045.11,0,30.2254,190.205,0,0,0,0,0,5368.42,8749.65,3489.85,-0.478831
3124,2021-07-22,00:00:00.00,0,0,-2.81365e-14,102.402,0.479124,0,5045.11,0,30.2254,190.205,0,0,0,0,0,5368.42,8749.65,3489.85,-0.478831
3125,2021-07-23,00:00:00.00,0,0,-2.81365e-14,102.391,0.479124,0,5045.37,0,29.9691,190.205,0,0,0,0,0,5368.41,8749.65,3489.86,-0.478831
3126,2021-07-24,00:00:00.00,0,0,-2.81365e-14,102.38,0.479124,0,5045.62,0,29.7149,190.205,0,0,0,0,0,5368.4,8749.65,3489.87,-0.478831
3127,2021-07-25,00:00:00.00,23.3102,0,-2.81374e-14,102.442,0.541121,0,5046.13,0,50.8488,190.712,1.03973,0,0,0,0,5391.71,8772.96,3489.87,-0.478831
3128,2021-07-26,00:00:00.00,0,0,-2.81382e-14,102.336,0.479124,0,5054.02,0,43.9946,190.712,0,0,0,0,0,5391.54,8772.96,3490.04,-0.478831
3129,2021-07-27,00:00:00.00,0.602849,0,-2.81382e-14,102.178,0.479124,0,5059.58,0,39.0229,190.725,0,0,0,0,0,5391.99,8773.56,3490.2,-0.478831
3130,2021-07-28,00:00:00.00,4.42089,0,-2.81382e-14,102.1,0.479124,0,5062.16,0,40.7709,190.821,0,0,0,0,0,5396.33,8777.98,3490.28,-0.478831
3131,2021-07-29,00:00:00.00,8.03799,0,-2.81382e-14,102.056,0.479124,0,5063.76,0,47.035,190.996,0,0,0,0,0,5404.32,8786.02,3490.32,-0.478831
3132,2021-07-30,00:00:00.00,7.43514,0,-2.81382e-14,101.988,0.479124,0,5066.43,0,51.64,191.158,0,0,0,0,0,5411.69,8793.46,3490.39,-0.478831
3133,2021-07-31,00:00:00.00,0,0,-2.81382e-14,101.988,0.479124,0,5066.43,0,51.64,191.158,0,0,0,0,0,5411.69,8793.46,3490.39,-0.478831
3134,2021-08-01,00:00:00.00,4.82279,0,-2.81382e-14,101.988,0.479124,0,5066.55,0,56.235,191.262,0,0,0,0,0,5416.51,8798.28,3490.39,-0.478831
3135,2021-08-02,00:00:00.00,7.63609,0,-2.81382e-14,101.988,0.479124,0,5066.74,0,63.5104,191.428,0,0,0,0,0,5424.15,8805.92,3490.39,-0.478831
3136,2021-08-03,00:00:00.00,0,0,-2.81382e-14,101.988,0.479124,0,5066.74,0,63.5104,191.428,0,0,0,0,0,5424.15,8805.92,3490.39,-0.478831
3137,2021-08-04,00:00:00.00,0,0,-2.81382e-14,101.98,0.479124,0,5067.13,0,63.1216,191.428,0,0,0,0,0,5424.14,8805.92,3490.4,-0.478831
3138,2021-08-05,00:00:00.00,0,0,-2.81382e-14,101.884,0.479124,0,5071.36,0,58.8965,191.428,0,0,0,0,0,5424.05,8805.92,3490.5,-0.478831
3139,2021-08-06,00:00:00.00,0,0,-2.81382e-14,101.788,0.479124,0,5075.58,0,54.6744,191.428,0,0,0,0,0,5423.95,8805.92,3490.59,-0.478831
3140,2021-08-07,00:00:00.00,0.602849,0,-2.81382e-14,101.683,0.479124,0,5080.17,0,50.6707,191.442,0,0,0,0,0,5424.45,8806.52,3490.7,-0.478831
3141,2021-08-08,00:00:00.00,17.8845,0,-2.81306e-14,101.676,0.625081,0,5086.91,0,58.6846,191.83,2.44778,0,0,0,0,5442.18,8824.4,3490.85,-0.478831
3142,2021-08-09,00:00:00.00,0.401899,0,-2.81229e-14,101.707,0.479124,0,5094.44,0,54.0006,191.839,0,0,0,0,0,5442.47,8824.81,3490.96,-0.478831
3143,2021-08-10,00:00:00.00,0.20095,0,-2.81229e-14,101.552,0.479124,0,5101.11,0,47.5296,191.843,0,0,0,0,0,5442.51,8825.01,3491.12,-0.478831
3144,2021-08-11,00:00:00.00,12.057,0,-2.81229e-14,101.398,0.479124,0,5107.44,0,52.9889,192.106,0,0,0,0,0,5454.41,8837.06,3491.27,-0.478831
3145,2021-08-12,00:00:00.00,1.2057,0,-2.81229e-14,101.243,0.479124,0,5114.02,0,47.5917,192.132,0,0,0,0,0,5455.47,8838.27,3491.43,-0.478831
3146,2021-08-13,00:00:00.00,0,0,-2.81229e-14,101.089,0.479124,0,5119.89,0,41.7212,192.132,0,0,0,0,0,5455.31,8838.27,3491.58,-0.478831
3147,2021-08-14,00:00:00.00,0,0,-2.81229e-14,100.935,0.479124,0,5125.04,0,36.5749,192.132,0,0,0,0,0,5455.16,8838.27,3491.74,-0.478831
3148,2021-08-15,00:00:00.00,0,0,-2.81229e-14,100.926,0.479124,0,5125.29,0,36.3178,192.132,0,0,0,0,0,5455.15,8838.27,3491.75,-0.478831
3149,2021-08-16,00:00:00.00,0,0,-2.81229e-14,100.926,0.479124,0,5125.29,0,36.3178,192.132,0,0,0,0,0,5455.15,8838.27,3491.75,-0.478831
3150,2021-08-17,00:00:00.00,1.40665,0,-2.81229e-14,100.888,0.479124,0,5126.42,0,36.57,192.162,0,0,0,0,0,5456.52,8839.68,3491.78,-0.478831
3151,2021-08-18,00:00:00.00,0,0,-2.81229e-14,100.802,0.479124,0,5128.93,0,34.0575,192.162,0,0,0,0,0,5456.43,8839.68,3491.87,-0.478831
3152,2021-08-19,00:00:00.00,0,0,-2.81229e-14,100.648,0.479124,0,5133.13,0,29.8566,192.162,0,0,0,0,0,5456.28,8839.68,3492.02,-0.478831
3153,2021-08-20,00:00:00.00,0,0,-2.81229e-14,100.493,0.479124,0,5136.81,0,26.1738,192.162,0,0,0,0,0,5456.12,8839.68,3492.18,-0.478831
3154,2021-08-21,00:00:00.00,0,0,-2.81229e-14,100.339,0.479124,0,5140.04,0,22.9454,192.162,0,0,0,0,0,5455.97,8839.68,3492.33,-0.478831
3155,2021-08-22,00:00:00.00,0,0,-2.81229e-14,100.185,0.479124,0,5142.87,0,20.1152,192.162,0,0,0,0,0,5455.81,8839.68,3492.49,-0.478831
3156,2021-08-23,00:00:00.00,0,0,-2.81229e-14,100.03,0.479124,0,5145.35,0,17.6341,192.162,0,0,0,0,0,5455.66,8839.68,3492.64,-0.478831
3157,2021-08-24,00:00:00.00,0,0,-2.81229e-14,99.8759,0.479124,0,5147.53,0,15.4591,192.162,0,0,0,0,0,5455.5,8839.68,3492.8,-0.478831
3158,2021-08-25,00:00:00.00,0,0,-2.81229e-14,99.7216,0.479124,0,5149.44,0,13.5523,192.162,0,0,0,0,0,5455.35,8839.68,3492.95,-0.478831
3159,2021-08-26,00:00:00.00,0,0,-2.81229e-14,99.5672,0.479124,0,5151.11,0,11.8808,192.162,0,0,0,0,0,5455.2,8839.68,3493.1,-0.478831
3160,2021-08-27,00:00:00.00,0,0,-2.81229e-14,99.4128,0.479124,0,5152.57,0,10.4154,192.162,0,0,0,0,0,5455.04,8839.68,3493.26,-0.478831
3161,2021-08-28,00:00:00.00,0,0,-2.81229e-14,99.2593,0.479124,0,5153.85,0,9.13787,192.162,0,0,0,0,0,5454.89,8839.68,3493.41,-0.478831
3162,2021-08-29,00:00:00.00,4.42089,0,-2.81229e-14,99.1049,0.479124,0,5155.43,-5.82619e-18,11.8842,192.258,0,0,0,0,0,5459.15,8844.1,3493.57,-0.478831
3163,2021-08-30,00:00:00.00,9.04274,0,-2.81229e-14,98.9506,0.479124,0,5157.75,6.86206e-17,18.406,192.455,0,0,0,0,0,5468.04,8853.14,3493.72,-0.478831
3164,2021-08-31,00:00:00.00,0,0,-2.81229e-14,98.7962,0.479124,0,5160.02,-2.26655e-33,16.1357,192.455,0,0,0,0,0,5467.89,8853.14,3493.87,-0.478831
3165,2021-09-01,00:00:00.00,0,0,-2.81229e-14,98.7681,0.479124,0,5160.38,0,15.7734,192.455,0,0,0,0,0,5467.86,8853.14,3493.9,-0.478831
3166,2021-09-02,00:00:00.00,0,0,-2.81229e-14,98.6756,0.479124,0,5161.55,0,14.6084,192.455,0,0,0,0,0,5467.77,8853.14,3494,-0.478831
3167,2021-09-03,00:00:00.00,0,0,-2.81229e-14,98.6557,0.479124,0,5161.78,0,14.376,192.455,0,0,0,0,0,5467.75,8853.14,3494.02,-0.478831
3168,2021-09-04,00:00:00.00,0,0,-2.81229e-14,98.6358,0.479124,0,5162.01,0,14.1473,192.455,0,0,0,0,0,5467.73,8853.14,3494.04,-0.478831
3169,2021-09-05,00:00:00.00,5.02374,0,-2.81229e-14,98.5434,0.479124,0,5163.37,4.73194e-17,17.7052,192.564,0,0,0,0,0,5472.66,8858.16,3494.13,-0.478831
3170,2021-09-06,00:00:00.00,7.63609,0,-2.81229e-14,98.4379,0.479124,0,5165.34,-3.74007e-17,23.2042,192.73,0,0,0,0,0,5480.19,8865.8,3494.23,-0.478831
3171,2021-09-07,00:00:00.00,0,0,-2.81229e-14,98.3982,0.479124,0,5166.07,1.87277e-33,22.4682,192.73,0,0,0,0,0,5480.15,8865.8,3494.27,-0.478831
3172,2021-09-08,00:00:00.00,41.9985,0,-2.8135e-14,98.771,0.924553,0,5168.74,0,52.5241,193.643,7.47005,0,0,0,0,5522.08,8907.8,3494.35,-0.478831
3173,2021-09-09,00:00:00.00,1.40665,0,-2.79739e-14,99.437,0.752631,0,5173.32,0,51.6636,193.674,4.58684,0,0,0,0,5523.43,8909.2,3494.4,-0.478831
3174,2021-09-10,00:00:00.00,1.10522,0,-2.78644e-14,99.8881,0.676622,0,5175.02,0,51.9164,193.698,3.31213,0,0,0,0,5524.52,8910.31,3494.42,-0.478831
3175,2021-09-11,00:00:00.00,0,0,-2.78568e-14,100.129,0.562572,0,5178.42,0,50.2698,193.698,1.39946,0,0,0,0,5524.48,8910.31,3494.46,-0.478831
3176,2021-09-12,00:00:00.00,0,0,-2.78412e-14,100.141,0.47986,0,5182.72,0,47.3512,193.698,0.012347,0,0,0,0,5524.4,8910.31,3494.53,-0.478831
3177,2021-09-13,00:00:00.00,3.21519,0,-2.78412e-14,100.036,0.47918,0,5186.82,0,46.4133,193.768,0.000944066,0,0,0,0,5527.51,8913.53,3494.64,-0.478831
3178,2021-09-14,00:00:00.00,2.61235,0,-2.78412e-14,100.003,0.479124,0,5188.07,0,47.7104,193.824,0,0,0,0,0,5530.09,8916.14,3494.67,-0.478831
3179,2021-09-15,00:00:00.00,9.24369,0,-2.78412e-14,99.8977,0.479124,0,5192.35,0,52.478,194.025,0,0,0,0,0,5539.23,8925.38,3494.77,-0.478831
3180,2021-09-16,00:00:00.00,0.20095,0,-2.78412e-14,99.8052,0.479124,0,5196.23,0,48.7942,194.03,0,0,0,0,0,5539.34,8925.58,3494.87,-0.478831
3181,2021-09-17,00:00:00.00,0,0,-2.78412e-14,99.7523,0.479124,0,5198.29,0,46.7325,194.03,0,0,0,0,0,5539.29,8925.58,3494.92,-0.478831
3182,2021-09-18,00:00:00.00,0,0,-2.78412e-14,99.6469,0.479124,0,5202.23,0,42.7931,194.03,0,0,0,0,0,5539.18,8925.58,3495.03,-0.478831
3183,2021-09-19,00:00:00.00,0,0,-2.78412e-14,99.5414,0.479124,0,5205.84,0,39.1859,194.03,0,0,0,0,0,5539.07,8925.58,3495.13,-0.478831
3184,2021-09-20,00:00:00.00,0,0,-2.78412e-14,99.528,0.479124,0,5206.26,0,38.7689,194.03,0,0,0,0,0,5539.06,8925.58,3495.14,-0.478831
3185,2021-09-21,00:00:00.00,0.803799,0,-2.78412e-14,99.4488,0.479124,0,5208.74,0,37.0757,194.047,0,0,0,0,0,5539.79,8926.39,3495.22,-0.478831
3186,2021-09-22,00:00:00.00,38.3814,0,-2.78855e-14,100.058,1.17709,0,5211.5,0,58.752,194.882,11.7052,0,0,0,0,5578.08,8964.77,3495.31,-0.478831
3187,2021-09-23,00:00:00.00,41.9985,0,-2.84578e-14,102.015,2.44515,0,5212.01,0,74.1337,195.795,32.9711,0,0,0,0,5619.37,9006.77,3496.02,-0.478831
3188,2021-09-24,00:00:00.00,1.80855,0,-2.94602e-14,103.558,2.23567,0,5212.06,0,75.8568,195.834,29.4581,0,0,0,0,5619,9008.57,3498.2,-0.478831
3189,2021-09-25,00:00:00.00,0.401899,0,-2.99208e-14,103.817,2.04851,0,5212.07,0,76.2397,195.843,26.3193,0,0,0,0,5616.33,9008.98,3501.27,-0.478831
3190,2021-09-26,00:00:00.00,5.42564,0,-2.95358e-14,103.779,1.89899,0,5212.21,0,81.0768,195.961,23.8118,0,0,0,0,5618.73,9014.4,3504.29,-0.478831
3191,2021-09-27,00:00:00.00,2.0095,0,-3.03454e-14,103.687,1.7477,0,5212.26,0,82.9913,196.004,21.2747,0,0,0,0,5617.96,9016.41,3507.07,-0.478831
3192,2021-09-28,00:00:00.00,0,0,-2.94135e-14,103.563,1.59671,0,5212.85,0,82.6942,196.004,18.7424,0,0,0,0,5615.45,9016.41,3509.58,-0.478831
3193,2021-09-29,00:00:00.00,0,0,-2.87423e-14,103.444,1.47763,0,5212.85,0,82.6942,196.004,16.7454,0,0,0,0,5613.22,9016.41,3511.82,-0.478831
3194,2021-09-30,00:00:00.00,0,0,-2.83852e-14,103.337,1.37124,0,5212.85,0,82.6942,196.004,14.9611,0,0,0,0,5611.22,9016.41,3513.82,-0.478829
3195,2021-10-01,00:00:00.00,0,0,-2.78482e-14,103.236,1.27618,0,5212.85,0,82.6942,196.004,13.367,0,0,0,0,5609.43,9016.41,3515.61,-0.478829
3196,2021-10-02,00:00:00.00,0,0,-2.79669e-14,103.011,1.06852,0,5217.46,0,80.3904,196.004,9.88444,0,0,0,0,5607.82,9016.41,3517.22,-0.478829
3197,2021-10-03,00:00:00.00,22.3054,0,-2.81247e-14,103.252,1.71362,0,5222.16,0,84.2204,196.489,20.7031,0,0,0,0,5628.54,9038.72,3518.8,-0.478829
3198,2021-10-04,00:00:00.00,10.8513,0,-2.86381e-14,103.831,1.80062,0,5226.77,0,86.1262,196.725,22.1621,0,0,0,0,5637.41,9049.57,3520.78,-0.478829
3199,2021-10-05,00:00:00.00,0,0,-2.94555e-14,103.927,1.53708,0,5231.38,0,83.8224,196.725,17.7424,0,0,0,0,5635.13,9049.57,3523.06,-0.478829
3200,2021-10-06,00:00:00.00,0,0,-2.97758e-14,103.678,1.30162,0,5235.98,0,81.5186,196.725,13.7936,0,0,0,0,5633,9049.57,3525.19,-0.478829
3201,2021-10-07,00:00:00.00,0,0,-2.98612e-14,103.35,1.09125,0,5240.59,0,79.2148,196.725,10.2656,0,0,0,0,5631.24,9049.57,3526.95,-0.478829
3202,2021-10-08,00:00:00.00,0,0,-3.00574e-14,102.997,0.90329,0,5245.2,0,76.911,196.725,7.11346,0,0,0,0,5629.85,9049.57,3528.34,-0.478829
3203,2021-10-09,00:00:00.00,7.03324,0,-3.00113e-14,102.685,0.810344,0,5249.81,0,80.0801,196.878,5.55472,0,0,0,0,5635.81,9056.6,3529.41,-0.478829
3204,2021-10-10,00:00:00.00,0.20095,0,-3.00007e-14,102.38,0.652317,0,5254.41,0,77.9728,196.882,2.90453,0,0,0,0,5635.21,9056.8,3530.22,-0.478829
3205,2021-10-11,00:00:00.00,0,0,-2.99741e-14,102.024,0.521053,0,5258.84,0,75.6691,196.882,0.703175,0,0,0,0,5634.64,9056.8,3530.79,-0.478829
3206,2021-10-12,00:00:00.00,0,0,-2.99703e-14,101.702,0.479124,0,5261.84,0,73.3653,196.882,0,0,0,0,0,5634.27,9056.8,3531.15,-0.478829
3207,2021-10-13,00:00:00.00,0,0,-2.99703e-14,101.477,0.479124,0,5264.15,0,71.0615,196.882,0,0,0,0,0,5634.05,9056.8,3531.38,-0.478829
3208,2021-10-14,00:00:00.00,0,0,-2.99703e-14,101.323,0.479124,0,5266.45,0,68.7577,196.882,0,0,0,0,0,5633.89,9056.8,3531.53,-0.478829
3209,2021-10-15,00:00:00.00,0.803799,0,-2.99703e-14,101.203,0.479124,0,5268.75,0,67.2402,196.9,0,0,0,0,0,5634.58,9057.61,3531.65,-0.478829
3210,2021-10-16,00:00:00.00,7.23419,0,-2.99703e-14,101.105,0.479124,0,5271.06,0,72.0133,197.057,0,0,0,0,0,5641.71,9064.84,3531.75,-0.478829
3211,2021-10-17,00:00:00.00,3.01425,0,-2.99703e-14,101.023,0.479124,0,5273.36,0,72.6582,197.123,0,0,0,0,0,5644.64,9067.85,3531.83,-0.478829
3212,2021-10-18,00:00:00.00,4.01899,0,-2.99703e-14,100.977,0.479124,0,5274.55,0,75.4017,197.21,0,0,0,0,0,5648.62,9071.87,3531.88,-0.478829
3213,2021-10-19,00:00:00.00,0,0,-2.99703e-14,100.953,0.479124,0,5275.02,0,74.9334,197.21,0,0,0,0,0,5648.59,9071.87,3531.9,-0.478829
3214,2021-10-20,00:00:00.00,0,0,-2.99703e-14,100.894,0.479124,0,5277.32,0,72.6296,197.21,0,0,0,0,0,5648.53,9071.87,3531.96,-0.478829
3215,2021-10-21,00:00:00.00,0.502374,0,-2.99703e-14,100.84,0.479124,0,5279.63,0,70.8173,197.221,0,0,0,0,0,5648.98,9072.38,3532.02,-0.478829
3216,2021-10-22,00:00:00.00,4.21994,0,-2.99703e-14,100.788,0.479124,0,5281.93,0,72.6417,197.313,0,0,0,0,0,5653.15,9076.6,3532.07,-0.478829
3217,2021-10-23,00:00:00.00,0,0,-2.99703e-14,100.788,0.479124,0,5281.93,0,72.6417,197.313,0,0,0,0,0,5653.15,9076.6,3532.07,-0.478829
3218,2021-10-24,00:00:00.00,0,0,-2.99703e-14,100.788,0.479124,0,5281.93,0,72.6417,197.313,0,0,0,0,0,5653.15,9076.6,3532.07,-0.478829
3219,2021-10-25,00:00:00.00,8.23894,0,-2.99781e-14,100.879,0.579316,0,5282.14,0,78.6108,197.492,1.68027,0,0,0,0,5661.38,9084.83,3532.08,-0.478829
3220,2021-10-26,00:00:00.00,22.7073,0,-3.02548e-14,101.71,1.40981,0,5282.65,0,84.5296,197.985,15.608,0,0,0,0,5683.89,9107.54,3532.28,-0.478829
3221,2021-10-27,00:00:00.00,0.803799,0,-3.05659e-14,102.711,1.31064,0,5282.67,0,85.2954,198.003,13.945,0,0,0,0,5683.93,9108.35,3533.04,-0.478827
3222,2021-10-28,00:00:00.00,0,0,-3.05231e-14,102.956,1.15874,0,5285.04,0,84.1073,198.003,11.3975,0,0,0,0,5682.66,9108.35,3534.3,-0.478827
3223,2021-10-29,00:00:00.00,0,0,-3.04872e-14,102.94,1.08633,0,5285.04,0,84.1073,198.003,10.1831,0,0,0,0,5681.36,9108.35,3535.61,-0.478827
3224,2021-10-30,00:00:00.00,6.43039,0,-3.06344e-14,102.969,1.16138,0,5285.52,0,87.2988,198.143,11.4417,0,0,0,0,5686.53,9114.78,3536.87,-0.478827
3225,2021-10-31,00:00:00.00,1.6076,0,-3.06849e-14,103.018,1.08868,0,5285.56,0,88.8305,198.178,10.2226,0,0,0,0,5686.9,9116.38,3538.11,-0.478827
3226,2021-11-01,00:00:00.00,1.00475,0,-3.03683e-14,102.909,0.960434,0,5287.94,0,88.6252,198.199,8.07179,0,0,0,0,5686.7,9117.39,3539.31,-0.478827
3227,2021-11-02,00:00:00.00,0,0,-3.04466e-14,102.74,0.866284,0,5289.54,0,87.8206,198.199,6.49285,0,0,0,0,5685.66,9117.39,3540.35,-0.478827
3228,2021-11-03,00:00:00.00,0,0,-3.05436e-14,102.58,0.795947,0,5290.64,0,87.2747,198.199,5.31327,0,0,0,0,5684.8,9117.39,3541.21,-0.478827
3229,2021-11-04,00:00:00.00,0,0,-3.05805e-14,102.438,0.738463,0,5291.53,0,86.8293,198.199,4.34924,0,0,0,0,5684.08,9117.39,3541.93,-0.478827
3230,2021-11-05,00:00:00.00,0,0,-3.05808e-14,102.316,0.695141,0,5292.12,0,86.5348,198.199,3.62271,0,0,0,0,5683.48,9117.39,3542.53,-0.478827
3231,2021-11-06,00:00:00.00,0,0,-3.06394e-14,102.195,0.645719,0,5293.11,0,86.0392,198.199,2.79387,0,0,0,0,5682.98,9117.39,3543.03,-0.478827
3232,2021-11-07,00:00:00.00,0,0,-3.06817e-14,102.06,0.593525,0,5294.4,0,85.3926,198.199,1.91856,0,0,0,0,5682.56,9117.39,3543.45,-0.478827
3233,2021-11-08,00:00:00.00,0,0,-3.07057e-14,101.906,0.538469,0,5296.01,0,84.588,198.199,0.995246,0,0,0,0,5682.24,9117.39,3543.78,-0.478827
3234,2021-11-09,00:00:00.00,0,0,-3.06751e-14,101.739,0.493033,0,5297.55,0,83.7834,198.199,0.233256,0,0,0,0,5682,9117.39,3544.02,-0.478827
3235,2021-11-10,00:00:00.00,5.42564,0,-3.06772e-14,101.664,0.572002,0,5298.59,0,86.543,198.317,1.55761,0,0,0,0,5687.24,9122.81,3544.2,-0.478827
3236,2021-11-11,00:00:00.00,0,0,-3.06804e-14,101.638,0.519277,0,5300.2,0,85.7384,198.317,0.673389,0,0,0,0,5687.08,9122.81,3544.36,-0.478827
3237,2021-11-12,00:00:00.00,7.03324,0,-3.07177e-14,101.698,0.670666,0,5301.71,0,88.1865,198.47,3.21224,0,0,0,0,5693.94,9129.85,3544.53,-0.478827
3238,2021-11-13,00:00:00.00,0.803799,0,-3.07216e-14,101.803,0.60739,0,5303.31,0,88.1682,198.488,2.15109,0,0,0,0,5694.53,9130.65,3544.74,-0.478827
3239,2021-11-14,00:00:00.00,2.0095,0,-3.07333e-14,101.795,0.572676,0,5304.1,0,89.739,198.531,1.56891,0,0,0,0,5696.31,9132.66,3544.97,-0.478827
3240,2021-11-15,00:00:00.00,0,2.0095,-3.07048e-14,101.755,0.55522,0,5304.43,0,91.4081,198.575,1.27616,0.00376918,0.108506,0,0,5698.11,9134.67,3545.18,-0.478827
3241,2021-11-16,00:00:00.00,0,0,-3.06985e-14,101.701,0.534102,0,5304.92,0,91.2762,198.575,0.922003,0,0,0,0,5697.93,9134.67,3545.37,-0.478827
3242,2021-11-17,00:00:00.00,0.574575,0.0282744,-3.07045e-14,101.64,0.517913,0,5305.31,0,91.672,198.588,0.650511,0,0,0,0,5698.38,9135.27,3545.52,-0.478827
3243,2021-11-18,00:00:00.00,6.43039,0,-3.07182e-14,101.733,0.709095,0,5306.78,0,92.8204,198.728,3.85673,0,0,0,0,5704.63,9141.7,3545.7,-0.478827
3244,2021-11-19,00:00:00.00,0,3.01425,-3.0597e-14,101.955,0.724591,0,5308.08,0,93.7253,198.794,4.11659,0,0,0,0,5707.39,9144.72,3545.95,-0.478827
3245,2021-11-20,00:00:00.00,0,0,-3.05339e-14,102.078,0.690784,0,5308.36,0,93.5817,198.794,3.54964,0,0,0,0,5707.06,9144.72,3546.29,-0.478827
3246,2021-11-21,00:00:00.00,0.574575,0.0282744,-3.0484e-14,102.096,0.657901,0,5308.75,0,93.9775,198.807,2.99818,0,0,0,0,5707.29,9145.32,3546.66,-0.478827
3247,2021-11-22,00:00:00.00,5.82754,0,-3.04805e-14,102.233,0.853606,0,5309.42,0,94.9736,198.933,6.28025,0,0,0,0,5712.7,9151.15,3547.07,-0.478827
3248,2021-11-23,00:00:00.00,0,4.01899,-3.03536e-14,102.432,0.813705,0,5309.56,0,94.9736,199.021,5.61108,0,3.7961,0,0,5716.21,9155.17,3547.58,-0.478827
3249,2021-11-24,00:00:00.00,0,0,-3.04252e-14,102.485,0.778055,0,5309.56,0,94.9736,199.021,5.01322,0,3.7961,0,0,5715.63,9155.17,3548.16,-0.478827
3250,2021-11-25,00:00:00.00,1.0926,1.3188,-3.04148e-14,102.476,0.747722,0,5309.63,0,95.8538,199.073,4.50451,0.13198,5.0421,0,0,5717.46,9157.58,3548.74,-0.478827
3251,2021-11-26,00:00:00.00,2.0095,0,-3.04504e-14,102.616,0.965515,0,5309.94,0,96.6392,199.117,8.15701,0.0477962,1.37595,0,0,5718.86,9159.59,3549.36,-0.478827
3252,2021-11-27,00:00:00.00,0,0,-3.03581e-14,102.816,0.91369,0,5309.94,0,96.6392,199.117,7.28787,0,1.42374,0,0,5718.13,9159.59,3550.08,-0.478827
3253,2021-11-28,00:00:00.00,0,4.01899,-3.04023e-14,102.85,0.867387,0,5310.07,0,96.6392,199.204,6.51135,0,5.21985,0,0,5721.36,9163.61,3550.87,-0.478827
3254,2021-11-29,00:00:00.00,0,5.02374,-3.02709e-14,102.818,0.826017,0,5310.24,0,96.6392,199.313,5.81756,0,9.96498,0,0,5725.62,9168.63,3551.63,-0.478827
3255,2021-11-30,00:00:00.00,0,2.61235,-3.03361e-14,102.764,0.789056,0,5310.33,0,96.6392,199.37,5.1977,0,12.4324,0,0,5727.52,9171.24,3552.34,-0.478827
3256,2021-12-01,00:00:00.00,0,1.00475,-3.03065e-14,102.704,0.756032,0,5310.36,0,96.6392,199.392,4.64388,0,13.3815,0,0,5727.88,9172.25,3552.99,-0.478827
3257,2021-12-02,00:00:00.00,4.94506,2.08818,-3.03797e-14,102.819,0.973128,0,5310.89,0,97.2557,199.545,8.28467,0.486537,14.0063,0,0,5734.26,9179.28,3553.65,-0.478827
3258,2021-12-03,00:00:00.00,0,0,-3.07038e-14,103.187,1.18847,0,5311.26,0,97.7069,199.545,11.8961,0.289902,8.34564,0,0,5733.42,9179.28,3554.48,-0.478827
3259,2021-12-04,00:00:00.00,0,0,-3.07731e-14,103.44,1.09785,0,5311.6,0,97.6522,199.545,10.3763,0,8.63554,0,0,5732.35,9179.28,3555.56,-0.478827
3260,2021-12-05,00:00:00.00,0,0,-3.11355e-14,103.439,1.01772,0,5311.98,0,97.9085,199.545,9.03256,0.248418,8.02142,0,0,5731.19,9179.28,3556.72,-0.478827
3261,2021-12-06,00:00:00.00,24.3149,0,-3.05217e-14,104.318,2.3836,0,5312.81,0,98.4156,200.073,31.9389,0.134371,3.86824,0,0,5753.94,9203.6,3558.28,-0.478827
3262,2021-12-07,00:00:00.00,0.499219,3.11788,-3.09324e-14,105.428,2.28225,0,5313.25,0,98.6427,200.152,30.2393,0.166573,4.79526,0,0,5754.96,9207.21,3560.88,-0.478827
3263,2021-12-08,00:00:00.00,0,0,-3.08682e-14,105.606,2.09013,0,5313.25,0,98.6427,200.152,27.0173,0,4.96184,0,0,5751.72,9207.21,3564.11,-0.478827
3264,2021-12-09,00:00:00.00,0,2.61235,-3.14899e-14,105.52,1.91847,0,5313.34,0,98.6427,200.209,24.1386,0,7.42931,0,0,5751.2,9209.83,3567.25,-0.478827
3265,2021-12-10,00:00:00.00,0,3.01425,-3.12156e-14,105.394,1.76511,0,5313.44,0,98.6427,200.274,21.5666,0,10.2764,0,0,5751.36,9212.84,3570.1,-0.478827
3266,2021-12-11,00:00:00.00,19.6313,0.966042,-3.12031e-14,105.939,2.72023,0,5314.3,0,98.9032,200.722,37.5843,0.295767,8.51448,0,0,5768.98,9233.44,3573.08,-0.478827
3267,2021-12-12,00:00:00.00,0.1821,0.822648,-3.20751e-14,106.574,2.46471,0,5314.68,0,98.9736,200.744,33.2992,0.298209,9.35877,0,0,5766.39,9234.44,3576.67,-0.478827
3268,2021-12-13,00:00:00.00,0,0,-3.22916e-14,106.653,2.44991,0,5315.05,0,99.0561,200.744,33.0509,0.184811,5.3203,0,0,5762.51,9234.44,3580.55,-0.478827
3269,2021-12-14,00:00:00.00,0,0,-3.27238e-14,106.743,2.39019,0,5315.68,0,98.9135,200.744,32.0495,0.073758,2.12333,0,0,5758.72,9234.44,3584.34,-0.478827
3270,2021-12-15,00:00:00.00,0.401899,0,-3.31372e-14,106.721,2.1921,0,5316.31,0,98.8004,200.753,28.7274,0.0661151,1.90331,0,0,5755.48,9234.84,3587.99,-0.478827
3271,2021-12-16,00:00:00.00,0.602849,0,-3.32998e-14,106.625,2.05079,0,5316.94,0,98.7158,200.766,26.3576,0.0416354,1.19859,0,0,5752.7,9235.45,3591.37,-0.478827
3272,2021-12-17,00:00:00.00,0,0,-3.36217e-14,106.554,1.92303,0,5317.57,0,98.4446,200.766,24.215,0.00457151,0.131604,0,0,5749.61,9235.45,3594.46,-0.478827
3273,2021-12-18,00:00:00.00,0,0,-3.39157e-14,106.466,1.75499,0,5318.2,0,98.1666,200.766,21.3969,0.00169637,0.0488346,0,0,5746.81,9235.45,3597.26,-0.478827
3274,2021-12-19,00:00:00.00,0,6.02849,-3.385e-14,106.355,1.6103,0,5318.58,0,98.1609,200.897,18.9703,0,5.74469,0,0,5750.32,9241.48,3599.78,-0.478827
3275,2021-12-20,00:00:00.00,0,0,-3.38173e-14,106.252,1.48977,0,5318.58,0,98.1609,200.897,16.949,0,5.74469,0,0,5748.07,9241.48,3602.03,-0.478827
3276,2021-12-21,00:00:00.00,0,0,-3.41661e-14,106.158,1.38209,0,5318.58,0,98.1609,200.897,15.1431,0,5.74469,0,0,5746.06,9241.48,3604.04,-0.478827
3277,2021-12-22,00:00:00.00,0,1.00475,-3.4352e-14,106.056,1.27503,0,5318.82,0,98.1514,200.919,13.3477,0,6.69371,0,0,5745.27,9242.48,3605.84,-0.478827
3278,2021-12-23,00:00:00.00,0,1.00475,-3.40372e-14,105.962,1.19023,0,5318.86,0,98.1514,200.941,11.9255,0,7.64274,0,0,5744.67,9243.48,3607.44,-0.478827
3279,2021-12-24,00:00:00.00,0,7.03324,-3.40147e-14,105.877,1.11446,0,5319.1,0,98.1514,201.093,10.6548,0,14.2859,0,0,5750.27,9250.52,3608.87,-0.478827
3280,2021-12-25,00:00:00.00,0,10.4494,-3.38523e-14,105.79,1.04116,0,5319.56,0,98.1491,201.321,9.42563,0,24.1558,0,0,5759.44,9260.97,3610.15,-0.478827
3281,2021-12-26,00:00:00.00,0.502374,0,-3.38957e-14,105.819,1.14878,0,5319.93,0,98.4073,201.332,11.2304,0.700533,20.1668,0,0,5758.74,9261.47,3611.36,-0.478827
3282,2021-12-27,00:00:00.00,0,0,-3.37619e-14,105.875,1.06064,0,5320.31,0,98.3463,201.332,9.75233,0.143823,20.7235,0,0,5757.54,9261.47,3612.55,-0.478827
3283,2021-12-28,00:00:00.00,0,1.00475,-3.4041e-14,105.824,0.994129,0,5320.43,0,98.3429,201.353,8.63687,0,21.8164,0,0,5757.4,9262.47,3613.7,-0.478827
3284,2021-12-29,00:00:00.00,0,2.0095,-3.40293e-14,105.748,0.934703,0,5320.59,0,98.3397,201.397,7.64026,0,23.7144,0,0,5758.36,9264.48,3614.75,-0.478827
3285,2021-12-30,00:00:00.00,0,0,-3.41719e-14,105.657,0.873217,0,5320.88,0,98.2926,201.397,6.60912,0,23.7144,0,0,5757.42,9264.48,3615.69,-0.478827
3286,2021-12-31,00:00:00.00,0,0,-3.42967e-14,105.556,0.815136,0,5321.24,0,98.2341,201.397,5.63507,0,23.7144,0,0,5756.59,9264.48,3616.52,-0.478827
3287,2022-01-01,00:00:00.00,1.99687,0.414522,-3.43996e-14,105.559,0.913113,0,5321.63,0,98.5001,201.449,7.2782,0.768887,22.1346,0,0,5758.23,9266.9,3617.28,-0.478827
3288,2022-01-02,00:00:00.00,0,5.02374,-3.43741e-14,105.699,0.984583,0,5321.97,0,98.7165,201.559,8.47678,0.841003,24.2106,0,0,5762.46,9271.92,3618.08,-0.478827
3289,2022-01-03,00:00:00.00,0,2.0095,-3.42157e-14,105.787,0.928668,0,5322.08,0,98.7153,201.602,7.53906,0,26.9497,0,0,5763.6,9273.93,3618.95,-0.478827
3290,2022-01-04,00:00:00.00,0,0,-3.4367e-14,105.768,0.880769,0,5322.08,0,98.7153,201.602,6.73577,0,26.9497,0,0,5762.73,9273.93,3619.82,-0.478827
3291,2022-01-05,00:00:00.00,0,0,-3.44363e-14,105.709,0.833166,0,5322.19,0,98.6978,201.602,5.93746,0,26.9497,0,0,5761.92,9273.93,3620.64,-0.478827
3292,2022-01-06,00:00:00.00,0,2.0095,-3.44432e-14,105.63,0.786647,0,5322.43,0,98.6912,201.646,5.15731,0,28.8477,0,0,5763.19,9275.94,3621.38,-0.478827
3293,2022-01-07,00:00:00.00,0,1.00475,-3.42223e-14,105.552,0.752372,0,5322.49,0,98.6902,201.668,4.5825,0,29.7968,0,0,5763.53,9276.94,3622.04,-0.478827
3294,2022-01-08,00:00:00.00,0,0,-3.42967e-14,105.484,0.723257,0,5322.49,0,98.6902,201.668,4.09423,0,29.7968,0,0,5762.95,9276.94,3622.62,-0.478827
3295,2022-01-09,00:00:00.00,0,0,-3.42791e-14,105.423,0.697245,0,5322.49,0,98.6902,201.668,3.65799,0,29.7968,0,0,5762.42,9276.94,3623.14,-0.478827
3296,2022-01-10,00:00:00.00,0,2.0095,-3.42838e-14,105.365,0.674004,0,5322.56,0,98.6902,201.712,3.26823,0,31.6948,0,0,5763.96,9278.95,3623.61,-0.478827
3297,2022-01-11,00:00:00.00,0,1.00475,-3.41261e-14,105.31,0.653239,0,5322.59,0,98.6902,201.733,2.92,0,32.6438,0,0,5764.54,9279.96,3624.04,-0.478827
3298,2022-01-12,00:00:00.00,0,0,-3.40744e-14,105.26,0.634687,0,5322.59,0,98.6902,201.733,2.60887,0,32.6438,0,0,5764.16,9279.96,3624.42,-0.478827
3299,2022-01-13,00:00:00.00,0,0,-3.40548e-14,105.214,0.618112,0,5322.59,0,98.6902,201.733,2.33089,0,32.6438,0,0,5763.82,9279.96,3624.76,-0.478827
3300,2022-01-14,00:00:00.00,0,0,-3.41139e-14,105.162,0.594507,0,5322.79,0,98.6582,201.733,1.93503,0,32.6438,0,0,5763.52,9279.96,3625.06,-0.478827
3301,2022-01-15,00:00:00.00,0,0,-3.41156e-14,105.111,0.581804,0,5322.8,0,98.6568,201.733,1.72199,0,32.6438,0,0,5763.25,9279.96,3625.33,-0.478827
3302,2022-01-16,00:00:00.00,0,0,-3.41394e-14,105.066,0.570863,0,5322.8,0,98.6568,201.733,1.53851,0,32.6438,0,0,5763.01,9279.96,3625.57,-0.478827
3303,2022-01-17,00:00:00.00,0,12.057,-3.40816e-14,105.025,0.561088,0,5323.2,0,98.6568,201.996,1.37458,0,44.0322,0,0,5774.85,9292.01,3625.79,-0.478827
3304,2022-01-18,00:00:00.00,0,4.01899,-3.40814e-14,104.989,0.552355,0,5323.34,0,98.6568,202.083,1.22812,0,47.8283,0,0,5778.68,9296.03,3625.98,-0.478827
3305,2022-01-19,00:00:00.00,0,4.01899,-3.41031e-14,104.947,0.536447,0,5323.63,0,98.6511,202.17,0.961336,0,51.6244,0,0,5782.52,9300.05,3626.15,-0.478827
3306,2022-01-20,00:00:00.00,0,0,-3.40868e-14,104.901,0.523883,0,5323.78,0,98.6277,202.17,0.750635,0,51.6244,0,0,5782.38,9300.05,3626.3,-0.478827
3307,2022-01-21,00:00:00.00,0,0,-3.40703e-14,104.864,0.519114,0,5323.78,0,98.6277,202.17,0.670654,0,51.6244,0,0,5782.25,9300.05,3626.42,-0.478827
3308,2022-01-22,00:00:00.00,0,0,-3.40529e-14,104.834,0.514853,0,5323.78,0,98.6277,202.17,0.599196,0,51.6244,0,0,5782.15,9300.05,3626.53,-0.478827
3309,2022-01-23,00:00:00.00,0,2.0095,-3.40682e-14,104.808,0.511046,0,5323.85,0,98.6277,202.214,0.535351,0,53.5224,0,0,5784.06,9302.06,3626.62,-0.478827
3310,2022-01-24,00:00:00.00,0,0,-3.40782e-14,104.782,0.507645,0,5323.85,0,98.6277,202.214,0.478309,0,53.5224,0,0,5783.98,9302.06,3626.71,-0.478827
3311,2022-01-25,00:00:00.00,0,5.02374,-3.40694e-14,104.757,0.504606,0,5324.02,0,98.6277,202.323,0.427345,0,58.2675,0,0,5788.92,9307.09,3626.79,-0.478827
3312,2022-01-26,00:00:00.00,0,1.00475,-3.40726e-14,104.734,0.501891,0,5324.05,0,98.6277,202.345,0.381811,0,59.2166,0,0,5789.86,9308.09,3626.86,-0.478827
3313,2022-01-27,00:00:00.00,0,0,-3.40726e-14,104.713,0.499465,0,5324.05,0,98.6277,202.345,0.341129,0,59.2166,0,0,5789.79,9308.09,3626.92,-0.478827
3314,2022-01-28,00:00:00.00,0,2.61235,-3.40757e-14,104.693,0.497298,0,5324.14,0,98.6277,202.402,0.304782,0,61.684,0,0,5792.35,9310.7,3626.98,-0.478827
3315,2022-01-29,00:00:00.00,0,0,-3.40843e-14,104.675,0.495361,0,5324.14,0,98.6277,202.402,0.272307,0,61.684,0,0,5792.29,9310.7,3627.03,-0.478827
3316,2022-01-30,00:00:00.00,0,0,-3.40873e-14,104.658,0.493631,0,5324.14,0,98.6277,202.402,0.243293,0,61.684,0,0,5792.25,9310.7,3627.08,-0.478827
3317,2022-01-31,00:00:00.00,0,0,-3.40792e-14,104.643,0.492085,0,5324.14,0,98.6277,202.402,0.21737,0,61.684,0,0,5792.2,9310.7,3627.12,-0.478827
3318,2022-02-01,00:00:00.00,0,0,-3.40729e-14,104.626,0.488096,0,5324.2,0,98.6182,202.402,0.150473,0,61.684,0,0,5792.16,9310.7,3627.16,-0.478827
3319,2022-02-02,00:00:00.00,0,0.20095,-3.40741e-14,104.598,0.479124,0,5324.4,0,98.5749,202.406,0,0,61.8738,0,0,5792.33,9310.9,3627.2,-0.478827
3320,2022-02-03,00:00:00.00,0,16.6788,-3.40741e-14,104.567,0.479124,0,5324.97,0,98.5676,202.769,0,0,77.6277,0,0,5808.98,9327.58,3627.23,-0.478827
3321,2022-02-04,00:00:00.00,0,1.00475,-3.40741e-14,104.547,0.479124,0,5325,0,98.5636,202.791,0,0,78.5767,0,0,5809.96,9328.59,3627.25,-0.478827
3322,2022-02-05,00:00:00.00,0,0,-3.40741e-14,104.534,0.479124,0,5325,0,98.5636,202.791,0,0,78.5767,0,0,5809.95,9328.59,3627.26,-0.478827
3323,2022-02-06,00:00:00.00,0,0,-3.40741e-14,104.524,0.479124,0,5325,0,98.5636,202.791,0,0,78.5767,0,0,5809.94,9328.59,3627.27,-0.478827
3324,2022-02-07,00:00:00.00,0,0,-3.40741e-14,104.516,0.479124,0,5325,0,98.5636,202.791,0,0,78.5767,0,0,5809.93,9328.59,3627.28,-0.478827
3325,2022-02-08,00:00:00.00,0,2.0095,-3.40741e-14,104.506,0.479124,0,5325.08,0,98.5545,202.834,0,0,80.4748,0,0,5811.93,9330.6,3627.29,-0.478827
3326,2022-02-09,00:00:00.00,0,1.00475,-3.40741e-14,104.497,0.479124,0,5325.13,0,98.5438,202.856,0,0,81.4238,0,0,5812.93,9331.6,3627.3,-0.478827
3327,2022-02-10,00:00:00.00,0,3.01425,-3.40741e-14,104.489,0.479124,0,5325.24,0,98.5336,202.922,0,0,84.2709,0,0,5815.93,9334.62,3627.31,-0.478827
3328,2022-02-11,00:00:00.00,0,2.0095,-3.40741e-14,104.482,0.479124,0,5325.31,0,98.5232,202.965,0,0,86.1689,0,0,5817.93,9336.62,3627.31,-0.478827
3329,2022-02-12,00:00:00.00,0,10.0475,-3.40741e-14,104.476,0.479124,0,5325.66,0,98.5145,203.184,0,0,95.6592,0,0,5827.98,9346.67,3627.32,-0.478827
3330,2022-02-13,00:00:00.00,0,1.00475,-3.40741e-14,104.475,0.479124,0,5325.7,0,98.5126,203.206,0,0,96.6082,0,0,5828.98,9347.68,3627.32,-0.478815
3331,2022-02-14,00:00:00.00,0,1.00475,-3.40741e-14,104.475,0.479124,0,5325.73,0,98.5126,203.227,0,0,97.5572,0,0,5829.98,9348.68,3627.32,-0.478815
3332,2022-02-15,00:00:00.00,0,2.0095,-3.40741e-14,104.475,0.479124,0,5325.8,0,98.5126,203.271,0,0,99.4553,0,0,5831.99,9350.69,3627.32,-0.478815
3333,2022-02-16,00:00:00.00,0,0,-3.40741e-14,104.475,0.479124,0,5325.8,0,98.5126,203.271,0,0,99.4553,0,0,5831.99,9350.69,3627.32,-0.478815
3334,2022-02-17,00:00:00.00,0,41.7975,-3.40741e-14,104.469,0.479124,0,5326.48,0,98.5059,204.18,0,0,139.67,0,0,5873.78,9392.49,3627.33,-0.478791
3335,2022-02-18,00:00:00.00,0.659313,13.4072,-3.40741e-14,104.463,0.479124,0,5326.96,0,98.498,204.485,0,0.627793,152.334,0,0,5887.85,9406.56,3627.33,-0.47878
3336,2022-02-19,00:00:00.00,0,11.0522,-3.40741e-14,104.463,0.479124,0,5327.33,0,98.498,204.726,0,0,163.401,0,0,5898.9,9417.61,3627.33,-0.47878
3337,2022-02-20,00:00:00.00,0,2.0095,-3.40741e-14,104.463,0.479124,0,5327.4,0,98.498,204.769,0,0,165.299,0,0,5900.91,9419.62,3627.33,-0.47878
3338,2022-02-21,00:00:00.00,0,0,-3.40741e-14,104.458,0.479124,0,5327.45,0,98.4488,204.769,0,0,165.299,0,0,5900.9,9419.62,3627.34,-0.478777
3339,2022-02-22,00:00:00.00,0,0,-3.40741e-14,104.452,0.479124,0,5327.5,0,98.3995,204.769,0,0,165.299,0,0,5900.9,9419.62,3627.35,-0.478777
3340,2022-02-23,00:00:00.00,12.057,0,-3.39906e-14,105.082,1.2303,0,5327.81,0,98.6888,205.032,12.5975,5.45151,156.937,0,0,5912.83,9431.67,3627.47,-0.478777
3341,2022-02-24,00:00:00.00,0,0,-3.43496e-14,105.963,1.14332,0,5327.97,0,98.6636,205.032,11.1389,0,162.388,0,0,5912.3,9431.67,3628,-0.478777
3342,2022-02-25,00:00:00.00,0,2.0095,-3.42138e-14,106.269,1.07255,0,5328.04,0,98.6636,205.075,9.95206,0,164.287,0,0,5913.36,9433.68,3628.95,-0.478777
3343,2022-02-26,00:00:00.00,0,3.01425,-3.40931e-14,106.316,1.00932,0,5328.14,0,98.6636,205.141,8.89167,0,167.134,0,0,5915.29,9436.7,3630.03,-0.478777
3344,2022-02-27,00:00:00.00,0,0,-3.40354e-14,106.272,0.952829,0,5328.14,0,98.6636,205.141,7.94425,0,167.134,0,0,5914.25,9436.7,3631.08,-0.478777
3345,2022-02-28,00:00:00.00,0,0,-3.40354e-14,106.193,0.893726,0,5328.33,0,98.6322,205.141,6.95307,0,167.134,0,0,5913.28,9436.7,3632.04,-0.478777
3346,2022-03-01,00:00:00.00,0,0,-3.39268e-14,106.111,0.84955,0,5328.33,0,98.6322,205.141,6.21222,0,167.134,0,0,5912.41,9436.7,3632.91,-0.478777
3347,2022-03-02,00:00:00.00,0,0,-3.3931e-14,106.034,0.810081,0,5328.33,0,98.6322,205.141,5.5503,0,167.134,0,0,5911.63,9436.7,3633.69,-0.478777
3348,2022-03-03,00:00:00.00,0,3.01425,-3.38327e-14,105.944,0.759909,0,5328.72,0,98.621,205.206,4.70889,0,169.981,0,0,5913.94,9439.71,3634.39,-0.478777
3349,2022-03-04,00:00:00.00,0,0,-3.37465e-14,105.862,0.729991,0,5328.72,0,98.621,205.206,4.20715,0,169.981,0,0,5913.33,9439.71,3635,-0.478777
3350,2022-03-05,00:00:00.00,0,0,-3.37797e-14,105.795,0.703261,0,5328.72,0,98.621,205.206,3.75888,0,169.981,0,0,5912.79,9439.71,3635.55,-0.478777
3351,2022-03-06,00:00:00.00,0,3.81804,-3.38398e-14,105.703,0.652768,0,5329.37,0,98.6006,205.289,2.91209,0,173.587,0,0,5916.12,9443.53,3636.04,-0.478777
3352,2022-03-07,00:00:00.00,0,0,-3.37603e-14,105.996,1.17166,0,5330.42,0,98.6918,205.289,11.6142,5.45055,156.909,0,0,5915.54,9443.53,3636.61,-0.478777
3353,2022-03-08,00:00:00.00,1.18676,4.43983,-3.40441e-14,106.427,1.0792,0,5331.36,0,98.8326,205.412,10.0636,5.46988,161.66,0,0,5920.31,9449.16,3637.47,-0.478777
3354,2022-03-09,00:00:00.00,0,0,-3.41351e-14,106.505,1.01252,0,5331.43,0,98.8209,205.412,8.94538,0,167.13,0,0,5919.25,9449.16,3638.53,-0.478777
3355,2022-03-10,00:00:00.00,0,0,-3.44958e-14,106.444,0.940548,0,5331.78,0,98.7561,205.412,7.7383,0,167.13,0,0,5918.2,9449.16,3639.58,-0.478777
3356,2022-03-11,00:00:00.00,0,4.01899,-3.42175e-14,106.339,0.881212,0,5332.11,0,98.7474,205.499,6.74321,0,170.926,0,0,5921.25,9453.18,3640.55,-0.478777
3357,2022-03-12,00:00:00.00,0,6.02849,-3.42031e-14,106.234,0.833165,0,5332.42,0,98.7437,205.63,5.93743,0,176.62,0,0,5926.42,9459.2,3641.41,-0.478777
3358,2022-03-13,00:00:00.00,0,6.02849,-3.42335e-14,106.14,0.795442,0,5332.62,0,98.7437,205.761,5.3048,0,182.315,0,0,5931.68,9465.23,3642.18,-0.478777
3359,2022-03-14,00:00:00.00,0,1.00475,-3.41327e-14,106.055,0.761738,0,5332.65,0,98.7437,205.783,4.73957,0,183.264,0,0,5932,9466.24,3642.86,-0.478777
3360,2022-03-15,00:00:00.00,0,1.6076,-3.41351e-14,105.975,0.728904,0,5332.76,0,98.7415,205.818,4.18893,0,184.782,0,0,5933,9467.84,3643.47,-0.478777
3361,2022-03-16,00:00:00.00,0,5.02374,-3.41614e-14,105.902,0.70229,0,5332.93,0,98.7415,205.927,3.74259,0,189.527,0,0,5937.47,9472.87,3644.02,-0.478777
3362,2022-03-17,00:00:00.00,0,0,-3.41819e-14,106.112,1.08225,0,5333.85,0,98.6937,205.927,10.1148,5.96151,175.119,0,0,5936.86,9472.87,3644.64,-0.478777
3363,2022-03-18,00:00:00.00,2.31092,0,-3.37569e-14,107.818,3.12919,0,5334.77,0,98.8833,205.977,44.4429,4.7872,137.813,0,0,5937.62,9475.18,3646.18,-0.478777
3364,2022-03-19,00:00:00.00,0.20095,0,-3.3577e-14,111.14,5.9344,0,5335.82,0,98.979,205.998,77.1254,3.29137,94.7513,0,0,5933.04,9475.38,3650.97,-0.478776
3365,2022-03-20,00:00:00.00,7.03324,0,-3.49759e-14,113.561,6.68273,0,5336.91,0,99.1426,206.135,104.037,2.16069,62.2015,0,0,5930.83,9482.41,3660.2,-0.478776
3366,2022-03-21,00:00:00.00,0,0,-3.56474e-14,114.472,7.09492,0,5337.96,0,99.1206,206.135,110.95,1.44996,41.7412,0,0,5918.92,9482.41,3672.11,-0.478776
3367,2022-03-22,00:00:00.00,0,0,-3.41969e-14,115.242,7.59975,0,5339.4,0,98.786,206.135,119.416,0.650484,18.726,0,0,5905.96,9482.41,3685.08,-0.478776
3368,2022-03-23,00:00:00.00,2.49609,0.518153,-3.29579e-14,115.525,6.97732,0,5341.08,0,98.3743,206.2,108.978,0.621281,17.8853,0,0,5895.64,9485.43,3698.41,-0.478776
3369,2022-03-24,00:00:00.00,13.5983,0.669161,-3.3004e-14,115.582,6.9658,0,5342.99,0,98.1359,206.51,108.785,0.604482,17.4017,0,0,5896.98,9499.7,3711.34,-0.478776
3370,2022-03-25,00:00:00.00,2.61235,0,-2.90942e-14,115.684,6.41013,0,5344.75,0,97.7773,206.567,99.4657,0.55795,16.0622,0,0,5887.27,9502.31,3723.66,-0.478776
3371,2022-03-26,00:00:00.00,0.401899,0,-2.84686e-14,115.459,5.7556,0,5346.51,0,97.3163,206.576,88.4889,0.541871,15.5993,0,0,5876.24,9502.71,3735.09,-0.478776
3372,2022-03-27,00:00:00.00,0,2.0095,-2.58484e-14,115.21,5.22825,0,5348.26,0,97.1067,206.619,79.645,0.533943,15.371,0,0,5867.98,9504.72,3745.36,-0.478776
3373,2022-03-28,00:00:00.00,0,3.01425,-2.64342e-14,114.996,4.72223,0,5348.37,0,97.1067,206.685,71.1588,0,18.7521,0,0,5861.79,9507.73,3754.57,-0.478776
3374,2022-03-29,00:00:00.00,0,0.401899,-2.60376e-14,114.759,4.27013,0,5348.38,0,97.1067,206.694,63.5768,0,19.1317,0,0,5853.92,9508.14,3762.84,-0.478776
3375,2022-03-30,00:00:00.00,0,0,-2.56678e-14,114.519,3.86619,0,5348.38,0,97.1067,206.694,56.8027,0,19.1317,0,0,5846.5,9508.14,3770.26,-0.478776
3376,2022-03-31,00:00:00.00,2.11931,1.89968,-2.60348e-14,114.344,3.66479,0,5349.44,0,97.5047,206.781,53.425,0.48023,18.1284,0,0,5843.77,9512.15,3777.01,-0.478776
3377,2022-04-01,00:00:00.00,0,0,-2.51683e-14,114.237,3.43078,0,5351.2,0,97.2161,206.781,49.5007,0.508972,14.6522,0,0,5837.53,9512.15,3783.25,-0.478776
3378,2022-04-02,00:00:00.00,0,0,-2.38947e-14,114.07,3.11628,0,5351.2,0,97.2161,206.781,44.2264,0.424851,14.7363,0,0,5831.77,9512.15,3789.01,-0.478776
3379,2022-04-03,00:00:00.00,0,2.0095,-2.49168e-14,113.839,2.83529,0,5351.27,0,97.2161,206.825,39.514,0.266775,16.7924,0,0,5828.55,9514.16,3794.23,-0.478776
3380,2022-04-04,00:00:00.00,0,0,-2.4422e-14,113.6,2.58424,0,5351.27,0,97.2161,206.825,35.3038,0,17.0592,0,0,5823.85,9514.16,3798.93,-0.478776
3381,2022-04-05,00:00:00.00,2.21045,0,-2.39867e-14,113.46,2.52918,0,5351.32,0,97.7014,206.873,34.3803,0.520457,14.9828,0,0,5821.77,9516.37,3803.23,-0.478776
3382,2022-04-06,00:00:00.00,0,0,-2.41398e-14,113.33,2.33528,0,5353.56,0,96.6837,206.873,31.1286,0.463994,13.3574,0,0,5817.73,9516.37,3807.26,-0.478776
3383,2022-04-07,00:00:00.00,7.53561,0,-2.4265e-14,113.293,2.45701,0,5358.87,0,95.344,207.037,33.1701,0.376985,10.8526,0,0,5821.4,9523.91,3811.13,-0.478776
3384,2022-04-08,00:00:00.00,1.2057,0,-2.4657e-14,113.3,2.24387,0,5363.76,0,94.1073,207.063,29.5956,0.295382,8.50341,0,0,5818.87,9525.12,3814.87,-0.478776
3385,2022-04-09,00:00:00.00,4.62184,0,-2.47332e-14,113.322,2.27731,0,5363.88,0,95.2528,207.163,30.1565,0.265192,7.63429,0,0,5819.95,9529.74,3818.41,-0.478776
3386,2022-04-10,00:00:00.00,0,0,-2.56023e-14,113.353,2.10932,0,5363.88,0,95.3485,207.163,27.3391,0.24711,7.11375,0,0,5816.55,9529.74,3821.81,-0.478776
3387,2022-04-11,00:00:00.00,0,0,-2.6179e-14,113.28,1.98971,0,5363.88,0,95.4309,207.163,25.3332,0.210257,6.05285,0,0,5813.34,9529.74,3825.02,-0.478776
3388,2022-04-12,00:00:00.00,1.00475,0,-2.61859e-14,113.162,1.85179,0,5367.11,0,94.7853,207.185,23.0202,0.141849,4.08352,0,0,5811.34,9530.74,3828.02,-0.478776
3389,2022-04-13,00:00:00.00,0,0,-2.67715e-14,113.022,1.72106,0,5372.42,0,92.318,207.185,20.8278,0.0367663,1.05842,0,0,5808.59,9530.74,3830.78,-0.478776
3390,2022-04-14,00:00:00.00,2.4114,0,-2.68578e-14,112.845,1.52518,0,5377.72,0,91.659,207.238,17.5429,0,0,0,0,5808.53,9533.15,3833.24,-0.478776
3391,2022-04-15,00:00:00.00,0.401899,0,-2.67488e-14,112.558,1.27239,0,5383.03,0,89.3992,207.246,13.3034,0,0,0,0,5806.81,9533.56,3835.37,-0.478776
3392,2022-04-16,00:00:00.00,1.00475,0,-2.67279e-14,112.181,1.04872,0,5388.25,0,87.7703,207.268,9.55236,0,0,0,0,5806.07,9534.56,3837.11,-0.478776
3393,2022-04-17,00:00:00.00,0,0,-2.64298e-14,111.915,0.988028,0,5388.25,0,87.7703,207.268,8.53455,0,0,0,0,5804.73,9534.56,3838.45,-0.478776
3394,2022-04-18,00:00:00.00,0,0,-2.63208e-14,111.745,0.933804,0,5388.25,0,87.7703,207.268,7.62519,0,0,0,0,5803.6,9534.56,3839.59,-0.478776
3395,2022-04-19,00:00:00.00,0,6.02849,-2.60485e-14,111.71,1.04225,0,5388.46,0,90.2572,207.399,9.44386,0.00880528,0.253485,0,0,5808.57,9540.59,3840.64,-0.478776
3396,2022-04-20,00:00:00.00,0,0,-2.56289e-14,111.714,0.982247,0,5388.46,0,90.4408,207.399,8.43761,0.00264379,0.0761089,0,0,5807.51,9540.59,3841.7,-0.478776
3397,2022-04-21,00:00:00.00,6.02849,0,-2.55601e-14,111.7,1.07689,0,5390.36,0,91.7267,207.53,10.0248,0,0,0,0,5812.42,9546.62,3842.82,-0.478776
3398,2022-04-22,00:00:00.00,10.2484,0,-2.50652e-14,111.854,1.29602,0,5394.92,0,91.8832,207.753,13.6997,0,0,0,0,5821.41,9556.87,3844.08,-0.478776
3399,2022-04-23,00:00:00.00,0,0,-2.50252e-14,111.867,1.07867,0,5399.82,0,89.4372,207.753,10.0546,0,0,0,0,5820.01,9556.87,3845.48,-0.478776
3400,2022-04-24,00:00:00.00,0.602849,0,-2.47937e-14,111.542,0.873447,0,5405.12,0,87.3739,207.766,6.61298,0,0,0,0,5819.29,9557.47,3846.8,-0.478775
3401,2022-04-25,00:00:00.00,2.0095,0,-2.47591e-14,111.107,0.690094,0,5410.43,0,86.6868,207.81,3.53807,0,0,0,0,5820.26,9559.48,3847.84,-0.478775
3402,2022-04-26,00:00:00.00,6.02849,0,-2.47094e-14,110.769,0.720433,0,5414.64,0,87.3809,207.941,4.04686,0,0,0,0,5825.5,9565.51,3848.63,-0.478775
3403,2022-04-27,00:00:00.00,1.00475,1.00475,-2.4686e-14,110.53,0.608576,0,5417.87,0,87.7297,207.985,2.17097,0,0,0,0,5826.9,9567.52,3849.24,-0.478775
3404,2022-04-28,00:00:00.00,0,0,-2.46533e-14,110.313,0.594783,0,5417.87,0,87.7297,207.985,1.93965,0,0,0,0,5826.44,9567.52,3849.7,-0.478775
3405,2022-04-29,00:00:00.00,0,0,-2.4734e-14,110.154,0.582459,0,5417.87,0,87.7297,207.985,1.73298,0,0,0,0,5826.06,9567.52,3850.08,-0.478775
3406,2022-04-30,00:00:00.00,0,0,-2.4767e-14,109.958,0.535185,0,5420.5,0,85.7811,207.985,0.940175,0,0,0,0,5825.7,9567.52,3850.44,-0.478775
3407,2022-05-01,00:00:00.00,0,0,-2.47931e-14,109.734,0.507836,0,5423.56,0,83.1281,207.985,0.481513,0,0,0,0,5825.39,9567.52,3850.75,-0.478775
3408,2022-05-02,00:00:00.00,2.61235,0,-2.48081e-14,109.591,0.504777,0,5423.62,0,85.6171,208.041,0.430207,0,0,0,0,5827.81,9570.13,3850.94,-0.478775
3409,2022-05-03,00:00:00.00,0,0,-2.48503e-14,109.476,0.502043,0,5423.62,0,85.6171,208.041,0.384368,0,0,0,0,5827.65,9570.13,3851.11,-0.478775
3410,2022-05-04,00:00:00.00,18.4874,0,-2.50196e-14,109.96,1.24216,0,5424.1,0,89.293,208.443,12.7964,0,0,0,0,5845.83,9588.62,3851.41,-0.478775
3411,2022-05-05,00:00:00.00,0,0,-2.50953e-14,110.661,1.16086,0,5424.1,0,89.293,208.443,11.433,0,0,0,0,5845.09,9588.62,3852.15,-0.478775
3412,2022-05-06,00:00:00.00,0,0,-2.5012e-14,110.835,1.08822,0,5424.1,0,89.293,208.443,10.2148,0,0,0,0,5843.97,9588.62,3853.27,-0.478775
3413,2022-05-07,00:00:00.00,0,0,-2.49026e-14,110.759,0.984739,0,5425.54,0,88.5689,208.443,8.47941,0,0,0,0,5842.78,9588.62,3854.46,-0.478775
3414,2022-05-08,00:00:00.00,0,0,-2.49305e-14,110.621,0.930866,0,5425.54,0,88.5689,208.443,7.57592,0,0,0,0,5841.68,9588.62,3855.55,-0.478775
3415,2022-05-09,00:00:00.00,0,0,-2.50341e-14,110.487,0.882733,0,5425.54,0,88.5689,208.443,6.7687,0,0,0,0,5840.7,9588.62,3856.54,-0.478775
3416,2022-05-10,00:00:00.00,0,0,-2.50229e-14,110.277,0.763982,0,5428.39,0,87.1471,208.443,4.7772,0,0,0,0,5839.8,9588.62,3857.44,-0.478775
3417,2022-05-11,00:00:00.00,0,0,-2.49748e-14,109.785,0.479124,0,5438.75,0,81.566,208.443,2.67458e-07,0,0,0,0,5839.02,9588.62,3858.22,-0.478775
3418,2022-05-12,00:00:00.00,0,0,-2.49727e-14,109.277,0.479124,0,5444.33,0,75.9849,208.443,0,0,0,0,0,5838.51,9588.62,3858.73,-0.478775
3419,2022-05-13,00:00:00.00,0,0,-2.49727e-14,108.947,0.479124,0,5449.91,0,70.4038,208.443,0,0,0,0,0,5838.18,9588.62,3859.06,-0.478775
3420,2022-05-14,00:00:00.00,0,0,-2.49727e-14,108.701,0.479124,0,5455.49,0,64.8227,208.443,0,0,0,0,0,5837.94,9588.62,3859.3,-0.478775
3421,2022-05-15,00:00:00.00,0,0,-2.49727e-14,108.498,0.479124,0,5461.07,0,59.2415,208.443,0,0,0,0,0,5837.73,9588.62,3859.51,-0.478775
3422,2022-05-16,00:00:00.00,2.8133,0,-2.49727e-14,108.319,0.479124,0,5466.65,0,56.4126,208.504,0,0,0,0,0,5840.37,9591.43,3859.69,-0.478775
3423,2022-05-17,00:00:00.00,4.62184,0,-2.49727e-14,108.188,0.479124,0,5470.86,0,56.722,208.605,0,0,0,0,0,5844.86,9596.05,3859.82,-0.478775
3424,2022-05-18,00:00:00.00,0,0,-2.49727e-14,108.162,0.479124,0,5470.86,0,56.722,208.605,0,0,0,0,0,5844.83,9596.05,3859.84,-0.478775
3425,2022-05-19,00:00:00.00,1.00475,0,-2.49727e-14,108.138,0.479124,0,5470.89,0,57.6793,208.627,0,0,0,0,0,5845.81,9597.06,3859.87,-0.478775
3426,2022-05-20,00:00:00.00,0,0,-2.49727e-14,108.063,0.479124,0,5473.36,0,55.2112,208.627,0,0,0,0,0,5845.74,9597.06,3859.94,-0.478775
3427,2022-05-21,00:00:00.00,0,0,-2.49727e-14,107.927,0.479124,0,5478.9,0,49.6704,208.627,0,0,0,0,0,5845.6,9597.06,3860.08,-0.478775
3428,2022-05-22,00:00:00.00,14.9708,0,-2.49755e-14,107.829,0.510179,0,5484.34,0,58.2887,208.952,0.520809,0,0,0,0,5860.44,9612.03,3860.21,-0.478775
3429,2022-05-23,00:00:00.00,0.502374,0,-2.49783e-14,107.769,0.479124,0,5488.73,0,54.917,208.963,0,0,0,0,0,5860.85,9612.53,3860.3,-0.478775
3430,2022-05-24,00:00:00.00,0,0,-2.49783e-14,107.766,0.479124,0,5488.73,0,54.917,208.963,0,0,0,0,0,5860.85,9612.53,3860.3,-0.478775
3431,2022-05-25,00:00:00.00,0,0,-2.49783e-14,107.747,0.479124,0,5489.44,0,54.2016,208.963,0,0,0,0,0,5860.83,9612.53,3860.32,-0.478775
3432,2022-05-26,00:00:00.00,1.2057,0,-2.49783e-14,107.713,0.479124,0,5490.84,0,53.9852,208.989,0,0,0,0,0,5862,9613.73,3860.35,-0.478764
3433,2022-05-27,00:00:00.00,1.00475,0,-2.49783e-14,107.587,0.479124,0,5496.29,0,49.5115,209.011,0,0,0,0,0,5862.88,9614.74,3860.48,-0.478763
3434,2022-05-28,00:00:00.00,15.875,0,-2.49782e-14,107.524,0.542081,0,5501.75,0,58.4078,209.356,1.05582,0,0,0,0,5878.63,9630.61,3860.61,-0.478763
3435,2022-05-29,00:00:00.00,0,0,-2.49781e-14,107.46,0.479124,0,5508.38,0,52.8274,209.356,0,0,0,0,0,5878.51,9630.61,3860.73,-0.478763
3436,2022-05-30,00:00:00.00,0,0,-2.49781e-14,107.334,0.479124,0,5513.71,0,47.4996,209.356,0,0,0,0,0,5878.38,9630.61,3860.86,-0.478763
3437,2022-05-31,00:00:00.00,0,0,-2.49781e-14,107.208,0.479124,0,5518.5,0,42.705,209.356,0,0,0,0,0,5878.25,9630.61,3860.99,-0.478763
3438,2022-06-01,00:00:00.00,0,0,-2.49781e-14,107.081,0.479124,0,5522.82,0,38.3944,209.356,0,0,0,0,0,5878.13,9630.61,3861.11,-0.478763
3439,2022-06-02,00:00:00.00,1.40665,0,-2.49781e-14,106.913,0.479124,0,5528.07,0,34.5155,209.387,0,0,0,0,0,5879.36,9632.02,3861.28,-0.478763
3440,2022-06-03,00:00:00.00,0,0,-2.49781e-14,106.913,0.479124,0,5528.07,0,34.5155,209.387,0,0,0,0,0,5879.36,9632.02,3861.28,-0.478763
3441,2022-06-04,00:00:00.00,0,0,-2.49781e-14,106.913,0.479124,0,5528.07,0,34.5155,209.387,0,0,0,0,0,5879.36,9632.02,3861.28,-0.478763
3442,2022-06-05,00:00:00.00,0,0,-2.49781e-14,106.913,0.479124,0,5528.07,0,34.5155,209.387,0,0,0,0,0,5879.36,9632.02,3861.28,-0.478763
3443,2022-06-06,00:00:00.00,4.42089,0,-2.49781e-14,106.913,0.479124,0,5528.18,0,38.7275,209.483,0,0,0,0,0,5883.79,9636.44,3861.28,-0.478763
3444,2022-06-07,00:00:00.00,20.095,0,-2.4964e-14,107.013,0.57975,0,5528.69,0,55.9911,209.92,1.68754,0,0,0,0,5903.88,9656.54,3861.28,-0.478763
3445,2022-06-08,00:00:00.00,8.23894,0,-2.49672e-14,107.191,0.569028,0,5528.9,0,63.8408,210.099,1.50774,0,0,0,0,5912.11,9664.78,3861.29,-0.478763
3446,2022-06-09,00:00:00.00,11.0522,0,-2.50565e-14,107.419,0.673419,0,5529.18,0,72.2317,210.339,3.25843,0,0,0,0,5923.1,9675.83,3861.35,-0.478763
3447,2022-06-10,00:00:00.00,1.00475,0,-2.50097e-14,107.647,0.652717,0,5529.21,0,73.189,210.361,2.91124,0,0,0,0,5923.97,9676.83,3861.49,-0.478763
3448,2022-06-11,00:00:00.00,1.00475,0,-2.4993e-14,107.758,0.634221,0,5529.23,0,74.1463,210.383,2.60105,0,0,0,0,5924.75,9677.84,3861.71,-0.478763
3449,2022-06-12,00:00:00.00,8.64084,0,-2.50733e-14,107.73,0.602596,0,5534.29,0,77.8224,210.571,2.07069,0,0,0,0,5933.09,9686.48,3862.01,-0.478763
3450,2022-06-13,00:00:00.00,0,0,-2.50666e-14,107.546,0.479124,0,5540.43,0,73.7506,210.571,0,0,0,0,0,5932.78,9686.48,3862.32,-0.478763
3451,2022-06-14,00:00:00.00,0,0,-2.50666e-14,107.375,0.479124,0,5541.71,0,72.4741,210.571,0,0,0,0,0,5932.61,9686.48,3862.49,-0.478763
3452,2022-06-15,00:00:00.00,0,0,-2.50666e-14,107.157,0.479124,0,5547.65,0,66.5387,210.571,0,0,0,0,0,5932.39,9686.48,3862.71,-0.478763
3453,2022-06-16,00:00:00.00,0,0,-2.50666e-14,106.939,0.479124,0,5555.1,0,59.0846,210.571,0,0,0,0,0,5932.17,9686.48,3862.93,-0.478763
3454,2022-06-17,00:00:00.00,0,0,-2.50666e-14,106.747,0.479124,0,5562.55,0,51.6315,210.571,0,0,0,0,0,5931.98,9686.48,3863.12,-0.478763
3455,2022-06-18,00:00:00.00,0,0,-2.50666e-14,106.575,0.479124,0,5569.4,0,44.7839,210.571,0,0,0,0,0,5931.81,9686.48,3863.29,-0.478763
3456,2022-06-19,00:00:00.00,0,0,-2.50666e-14,106.575,0.479124,0,5569.4,0,44.7839,210.571,0,0,0,0,0,5931.81,9686.48,3863.29,-0.478763
3457,2022-06-20,00:00:00.00,0,0,-2.50666e-14,106.575,0.479124,0,5569.4,0,44.7839,210.571,0,0,0,0,0,5931.81,9686.48,3863.29,-0.478763
3458,2022-06-21,00:00:00.00,0.20095,0,-2.50666e-14,106.575,0.479124,0,5569.41,0,44.9754,210.575,0,0,0,0,0,5932.01,9686.68,3863.29,-0.478763
3459,2022-06-22,00:00:00.00,0,0,-2.50666e-14,106.406,0.479124,0,5575.47,0,38.9121,210.575,0,0,0,0,0,5931.84,9686.68,3863.46,-0.478763
3460,2022-06-23,00:00:00.00,0,0,-2.50666e-14,106.238,0.479124,0,5580.72,0,33.6662,210.575,0,0,0,0,0,5931.67,9686.68,3863.63,-0.478763
3461,2022-06-24,00:00:00.00,0,0,-2.50666e-14,106.145,0.479124,0,5583.19,0,31.187,210.575,0,0,0,0,0,5931.58,9686.68,3863.72,-0.478763
3462,2022-06-25,00:00:00.00,0,0,-2.50666e-14,105.99,0.479124,0,5587.07,0,27.3138,210.575,0,0,0,0,0,5931.43,9686.68,3863.88,-0.478763
3463,2022-06-26,00:00:00.00,0,0,-2.50666e-14,105.821,0.479124,0,5590.75,0,23.6317,210.575,0,0,0,0,0,5931.26,9686.68,3864.05,-0.478763
3464,2022-06-27,00:00:00.00,0,0,-2.50666e-14,105.653,0.479124,0,5593.94,0,20.4459,210.575,0,0,0,0,0,5931.09,9686.68,3864.21,-0.478763
3465,2022-06-28,00:00:00.00,0,0,-2.50666e-14,105.653,0.479124,0,5593.94,0,20.4459,210.575,0,0,0,0,0,5931.09,9686.68,3864.21,-0.478763
3466,2022-06-29,00:00:00.00,0,0,-2.50666e-14,105.645,0.479124,0,5594.06,0,20.3185,210.575,0,0,0,0,0,5931.08,9686.68,3864.22,-0.478763
3467,2022-06-30,00:00:00.00,3.61709,0,-2.50666e-14,105.489,0.479124,0,5596.88,-5.3022e-18,21.0419,210.654,0,0,0,0,0,5934.54,9690.3,3864.38,-0.478763
3468,2022-07-01,00:00:00.00,0,0,-2.50666e-14,105.321,0.479124,0,5599.72,6.29657e-35,18.2053,210.654,0,0,0,0,0,5934.37,9690.3,3864.55,-0.478763
3469,2022-07-02,00:00:00.00,0.401899,0,-2.50666e-14,105.208,0.479124,0,5601.37,0,16.9392,210.662,0,0,0,0,0,5934.66,9690.7,3864.66,-0.478763
3470,2022-07-03,00:00:00.00,0,0,-2.50666e-14,105.208,0.479124,0,5601.37,0,16.9392,210.662,0,0,0,0,0,5934.66,9690.7,3864.66,-0.478763
3471,2022-07-04,00:00:00.00,0,0,-2.50666e-14,105.208,0.479124,0,5601.37,0,16.9392,210.662,0,0,0,0,0,5934.66,9690.7,3864.66,-0.478763
3472,2022-07-05,00:00:00.00,3.01425,0,-2.50666e-14,105.153,0.479124,0,5602.26,-4.10776e-19,19.006,210.728,0,0,0,0,0,5937.62,9693.71,3864.71,-0.478763
3473,2022-07-06,00:00:00.00,11.856,0,-2.50666e-14,105.097,0.479124,0,5603.56,0,29.3035,210.986,0,0,0,0,0,5949.42,9705.57,3864.77,-0.478763
3474,2022-07-07,00:00:00.00,0,0,-2.50666e-14,105.075,0.479124,0,5604.07,0,28.7906,210.986,0,0,0,0,0,5949.4,9705.57,3864.79,-0.478763
3475,2022-07-08,00:00:00.00,0,0,-2.50666e-14,105.053,0.479124,0,5604.57,0,28.2866,210.986,0,0,0,0,0,5949.38,9705.57,3864.81,-0.478763
3476,2022-07-09,00:00:00.00,0,0,-2.50666e-14,105.02,0.479124,0,5605.32,0,27.5363,210.986,0,0,0,0,0,5949.35,9705.57,3864.85,-0.478763
3477,2022-07-10,00:00:00.00,0,0,-2.50666e-14,105.02,0.479124,0,5605.32,0,27.5363,210.986,0,0,0,0,0,5949.35,9705.57,3864.85,-0.478763
3478,2022-07-11,00:00:00.00,0,0,-2.50666e-14,104.975,0.479124,0,5606.3,0,26.5575,210.986,0,0,0,0,0,5949.3,9705.57,3864.89,-0.478763
3479,2022-07-12,00:00:00.00,3.41614,0,-2.50666e-14,104.897,0.479124,0,5608.11,0,28.0927,211.06,0,0,0,0,0,5952.64,9708.98,3864.97,-0.478763
3480,2022-07-13,00:00:00.00,4.01899,0,-2.50666e-14,104.83,0.479124,0,5609.76,0,30.3725,211.147,0,0,0,0,0,5956.59,9713,3865.04,-0.478763
3481,2022-07-14,00:00:00.00,0.904274,0,-2.50666e-14,104.83,0.479124,0,5609.78,0,31.2341,211.167,0,0,0,0,0,5957.49,9713.91,3865.04,-0.478763
3482,2022-07-15,00:00:00.00,0,0,-2.50666e-14,104.83,0.479124,0,5609.78,0,31.2341,211.167,0,0,0,0,0,5957.49,9713.91,3865.04,-0.478763
3483,2022-07-16,00:00:00.00,0,0,-2.50666e-14,104.83,0.479124,0,5609.78,0,31.2341,211.167,0,0,0,0,0,5957.49,9713.91,3865.04,-0.478763
3484,2022-07-17,00:00:00.00,0,0,-2.50666e-14,104.706,0.479124,0,5612.87,0,28.1512,211.167,0,0,0,0,0,5957.37,9713.91,3865.16,-0.478763
3485,2022-07-18,00:00:00.00,5.82754,0,-2.50666e-14,104.572,0.479124,0,5616.25,0,30.4675,211.294,0,0,0,0,0,5963.06,9719.74,3865.3,-0.478763
3486,2022-07-19,00:00:00.00,0.602849,0,-2.50666e-14,104.403,0.479124,0,5620.4,0,26.9084,211.307,0,0,0,0,0,5963.5,9720.34,3865.46,-0.478763
3487,2022-07-20,00:00:00.00,0,0,-2.50666e-14,104.222,0.479124,0,5624.29,0,23.024,211.307,0,0,0,0,0,5963.32,9720.34,3865.64,-0.478763
3488,2022-07-21,00:00:00.00,0.401899,0,-2.50666e-14,104.042,0.479124,0,5627.64,0,20.0586,211.315,0,0,0,0,0,5963.54,9720.74,3865.83,-0.478763
3489,2022-07-22,00:00:00.00,0,0,-2.50666e-14,103.861,0.479124,0,5630.54,0,17.1631,211.315,0,0,0,0,0,5963.36,9720.74,3866.01,-0.478763
3490,2022-07-23,00:00:00.00,0,0,-2.50666e-14,103.68,0.479124,0,5633.02,0,14.6857,211.315,0,0,0,0,0,5963.18,9720.74,3866.19,-0.478763
3491,2022-07-24,00:00:00.00,0.20095,0,-2.50666e-14,103.5,0.479124,0,5635.16,-3.52126e-20,12.7415,211.32,0,0,0,0,0,5963.2,9720.94,3866.37,-0.478763
3492,2022-07-25,00:00:00.00,13.1622,0,-2.50666e-14,103.319,0.479124,0,5638.38,3.38157e-16,22.3957,211.606,0,0,0,0,0,5976.18,9734.1,3866.55,-0.478763
3493,2022-07-26,00:00:00.00,0,0,-2.50666e-14,103.319,0.479124,0,5638.38,1.38731e-32,22.3957,211.606,0,0,0,0,0,5976.18,9734.1,3866.55,-0.478763
3494,2022-07-27,00:00:00.00,0,0,-2.50666e-14,103.319,0.479124,0,5638.38,7.70453e-49,22.3957,211.606,0,0,0,0,0,5976.18,9734.1,3866.55,-0.478763
3495,2022-07-28,00:00:00.00,0,0,-2.50666e-14,103.308,0.479124,0,5638.57,4.27687e-65,22.2058,211.606,0,0,0,0,0,5976.17,9734.1,3866.56,-0.478763
3496,2022-07-29,00:00:00.00,2.91377,0,-2.50666e-14,103.207,0.479124,0,5640.52,0,23.1019,211.669,0,0,0,0,0,5978.98,9737.02,3866.66,-0.478763
3497,2022-07-30,00:00:00.00,0,0,-2.50666e-14,103.197,0.479124,0,5640.72,0,22.906,211.669,0,0,0,0,0,5978.97,9737.02,3866.67,-0.478763
3498,2022-07-31,00:00:00.00,0,0,-2.50666e-14,103.186,0.479124,0,5640.91,0,22.7117,211.669,0,0,0,0,0,5978.96,9737.02,3866.68,-0.478763
3499,2022-08-01,00:00:00.00,0,0,-2.50666e-14,103.085,0.479124,0,5642.75,0,20.8798,211.669,0,0,0,0,0,5978.86,9737.02,3866.78,-0.478763
3500,2022-08-02,00:00:00.00,0.602849,0,-2.50666e-14,102.98,0.479124,0,5644.54,1.08138e-19,19.6769,211.682,0,0,0,0,0,5979.36,9737.62,3866.89,-0.478763
3501,2022-08-03,00:00:00.00,0,0,-2.50666e-14,102.894,0.479124,0,5645.89,1.82026e-35,18.325,211.682,0,0,0,0,0,5979.27,9737.62,3866.97,-0.478763
3502,2022-08-04,00:00:00.00,26.1235,0,-2.50666e-14,102.818,0.479923,0,5648.11,0,41.648,212.25,0.0133972,0,0,0,0,6005.32,9763.74,3867.05,-0.478763
3503,2022-08-05,00:00:00.00,11.0522,0,-2.50669e-14,102.743,0.479402,0,5650.95,0,49.6291,212.491,0.00467022,0,0,0,0,6016.29,9774.8,3867.13,-0.478763
3504,2022-08-06,00:00:00.00,0,0,-2.50669e-14,102.589,0.479124,0,5657.07,0,43.5072,212.491,0,0,0,0,0,6016.14,9774.8,3867.28,-0.478763
3505,2022-08-07,00:00:00.00,0,0,-2.50669e-14,102.435,0.479124,0,5662.44,0,38.1405,212.491,0,0,0,0,0,6015.98,9774.8,3867.43,-0.478763
3506,2022-08-08,00:00:00.00,5.22469,0,-2.50669e-14,102.28,0.479124,0,5667.42,0,38.2697,212.604,0,0,0,0,0,6021.06,9780.02,3867.59,-0.478763
3507,2022-08-09,00:00:00.00,3.21519,0,-2.50669e-14,102.126,0.479124,0,5672.31,0,36.5234,212.674,0,0,0,0,0,6024.12,9783.24,3867.74,-0.478763
3508,2022-08-10,00:00:00.00,0,0,-2.50669e-14,102.107,0.479124,0,5672.85,0,35.9851,212.674,0,0,0,0,0,6024.1,9783.24,3867.76,-0.478763
3509,2022-08-11,00:00:00.00,0,0,-2.50669e-14,102.07,0.479124,0,5673.94,0,34.8998,212.674,0,0,0,0,0,6024.06,9783.24,3867.8,-0.478763
3510,2022-08-12,00:00:00.00,0,0,-2.50669e-14,102.051,0.479124,0,5674.45,0,34.3854,212.674,0,0,0,0,0,6024.04,9783.24,3867.82,-0.478763
3511,2022-08-13,00:00:00.00,0,0,-2.50669e-14,102.051,0.479124,0,5674.45,0,34.3854,212.674,0,0,0,0,0,6024.04,9783.24,3867.82,-0.478763
3512,2022-08-14,00:00:00.00,0,0,-2.50669e-14,102.051,0.479124,0,5674.45,0,34.3854,212.674,0,0,0,0,0,6024.04,9783.24,3867.82,-0.478763
3513,2022-08-15,00:00:00.00,0,0,-2.50669e-14,102.051,0.479124,0,5674.45,0,34.3854,212.674,0,0,0,0,0,6024.04,9783.24,3867.82,-0.478763
3514,2022-08-16,00:00:00.00,0,0,-2.50669e-14,101.946,0.479124,0,5677.34,0,31.4927,212.674,0,0,0,0,0,6023.94,9783.24,3867.92,-0.478763
3515,2022-08-17,00:00:00.00,0,0,-2.50669e-14,101.841,0.479124,0,5679.99,0,28.8434,212.674,0,0,0,0,0,6023.83,9783.24,3868.03,-0.478763
3516,2022-08-18,00:00:00.00,0.20095,0,-2.50669e-14,101.745,0.479124,0,5682.21,0,26.8266,212.678,0,0,0,0,0,6023.94,9783.44,3868.12,-0.478763
3517,2022-08-19,00:00:00.00,0,0,-2.50669e-14,101.64,0.479124,0,5684.46,0,24.5698,212.678,0,0,0,0,0,6023.83,9783.44,3868.23,-0.478763
3518,2022-08-20,00:00:00.00,0,0,-2.50669e-14,101.525,0.479124,0,5686.72,0,22.3135,212.678,0,0,0,0,0,6023.72,9783.44,3868.34,-0.478763
3519,2022-08-21,00:00:00.00,0.20095,0,-2.50669e-14,101.381,0.479124,0,5689.3,0,19.9302,212.683,0,0,0,0,0,6023.77,9783.64,3868.49,-0.478763
3520,2022-08-22,00:00:00.00,0,0,-2.50669e-14,101.334,0.479124,0,5690.05,0,19.1755,212.683,0,0,0,0,0,6023.73,9783.64,3868.54,-0.478763
3521,2022-08-23,00:00:00.00,10.9518,0,-2.50669e-14,101.228,0.479124,0,5692.32,-1.90473e-17,27.6219,212.921,0,0,0,0,0,6034.57,9794.59,3868.64,-0.478763
3522,2022-08-24,00:00:00.00,0,0,-2.50669e-14,101.084,0.479124,0,5695.5,4.33292e-34,24.4465,212.921,0,0,0,0,0,6034.43,9794.59,3868.78,-0.478763
3523,2022-08-25,00:00:00.00,2.8133,0,-2.50669e-14,100.969,0.479124,0,5697.91,0,24.7887,212.982,0,0,0,0,0,6037.13,9797.4,3868.9,-0.478763
3524,2022-08-26,00:00:00.00,34.7643,0,-2.50355e-14,101.143,0.757663,0,5701.55,-8.57902e-17,49.9214,213.738,4.67124,0,0,0,0,6071.79,9832.17,3869,-0.478763
3525,2022-08-27,00:00:00.00,0,0,-2.50422e-14,101.331,0.494453,0,5710.14,0,45.7216,213.738,0.257075,0,0,0,0,6071.68,9832.17,3869.11,-0.478763
3526,2022-08-28,00:00:00.00,0,0,-2.50477e-14,101.36,0.49282,0,5710.14,0,45.7216,213.738,0.229684,0,0,0,0,6071.68,9832.17,3869.11,-0.478763
3527,2022-08-29,00:00:00.00,0,0,-2.50501e-14,101.308,0.479584,0,5712.8,0,43.2851,213.738,0.00771652,0,0,0,0,6071.61,9832.17,3869.18,-0.478763
3528,2022-08-30,00:00:00.00,19.0902,0,-2.50675e-14,101.251,0.565683,0,5718.56,0,54.5827,214.153,1.45164,0,0,0,0,6090.56,9851.26,3869.32,-0.478763
3529,2022-08-31,00:00:00.00,5.42564,0,-2.50572e-14,101.203,0.479124,0,5725.94,0,53.9629,214.271,0,0,0,0,0,6095.85,9856.68,3869.45,-0.478763
3530,2022-09-01,00:00:00.00,0,0,-2.50572e-14,101.175,0.479124,0,5727.15,0,52.7515,214.271,0,0,0,0,0,6095.82,9856.68,3869.48,-0.478763
3531,2022-09-02,00:00:00.00,0,0,-2.50572e-14,101.142,0.479124,0,5728.54,0,51.3564,214.271,0,0,0,0,0,6095.79,9856.68,3869.52,-0.478763
3532,2022-09-03,00:00:00.00,0,0,-2.50572e-14,101.037,0.479124,0,5732.87,0,47.0272,214.271,0,0,0,0,0,6095.68,9856.68,3869.62,-0.478763
3533,2022-09-04,00:00:00.00,0.401899,0,-2.50572e-14,100.931,0.479124,0,5736.85,0,43.4447,214.279,0,0,0,0,0,6095.98,9857.08,3869.73,-0.478763
3534,2022-09-05,00:00:00.00,0,0,-2.50572e-14,100.865,0.479124,0,5739.14,0,41.1512,214.279,0,0,0,0,0,6095.92,9857.08,3869.79,-0.478763
3535,2022-09-06,00:00:00.00,0,0,-2.50572e-14,100.786,0.479124,0,5741.75,0,38.5453,214.279,0,0,0,0,0,6095.84,9857.08,3869.87,-0.478763
3536,2022-09-07,00:00:00.00,0,0,-2.50572e-14,100.687,0.479124,0,5744.8,0,35.4952,214.279,0,0,0,0,0,6095.74,9857.08,3869.97,-0.478763
3537,2022-09-08,00:00:00.00,0,0,-2.50572e-14,100.581,0.479124,0,5747.79,0,32.5031,214.279,0,0,0,0,0,6095.63,9857.08,3870.08,-0.478763
3538,2022-09-09,00:00:00.00,0,0,-2.50572e-14,100.476,0.479124,0,5750.53,0,29.7634,214.279,0,0,0,0,0,6095.53,9857.08,3870.18,-0.478763
3539,2022-09-10,00:00:00.00,0,0,-2.50572e-14,100.37,0.479124,0,5753.04,0,27.2545,214.279,0,0,0,0,0,6095.42,9857.08,3870.29,-0.478763
3540,2022-09-11,00:00:00.00,0,0,-2.50572e-14,100.265,0.479124,0,5755.33,0,24.9572,214.279,0,0,0,0,0,6095.31,9857.08,3870.39,-0.478763
3541,2022-09-12,00:00:00.00,0.602849,0,-2.50572e-14,100.159,0.479124,0,5757.47,1.49476e-19,23.4106,214.292,0,0,0,0,0,6095.81,9857.69,3870.5,-0.478763
3542,2022-09-13,00:00:00.00,2.8133,0,-2.50572e-14,100.054,0.479124,0,5759.6,0,24.033,214.354,0,0,0,0,0,6098.52,9860.5,3870.6,-0.478763
3543,2022-09-14,00:00:00.00,1.00475,0,-2.50572e-14,100.04,0.479124,0,5759.88,1.74481e-17,24.7407,214.375,0,0,0,0,0,6099.51,9861.51,3870.62,-0.478763
3544,2022-09-15,00:00:00.00,0,0,-2.50572e-14,99.9941,0.479124,0,5760.79,-1.75257e-34,23.8257,214.375,0,0,0,0,0,6099.47,9861.51,3870.66,-0.478763
3545,2022-09-16,00:00:00.00,0,0,-2.50572e-14,99.9941,0.479124,0,5760.79,0,23.8257,214.375,0,0,0,0,0,6099.47,9861.51,3870.66,-0.478763
3546,2022-09-17,00:00:00.00,0,0,-2.50572e-14,99.9676,0.479124,0,5761.3,0,23.3211,214.375,0,0,0,0,0,6099.44,9861.51,3870.69,-0.478763
3547,2022-09-18,00:00:00.00,1.00475,0,-2.50572e-14,99.8621,0.479124,0,5763.32,-1.88122e-17,22.2818,214.397,0,0,0,0,0,6100.34,9862.51,3870.8,-0.478763
3548,2022-09-19,00:00:00.00,0.20095,0,-2.50572e-14,99.7567,0.479124,0,5765.21,0,20.5886,214.402,0,0,0,0,0,6100.43,9862.71,3870.9,-0.478763
3549,2022-09-20,00:00:00.00,0.803799,0,-2.50572e-14,99.6512,0.479124,0,5766.99,0,19.5914,214.419,0,0,0,0,0,6101.13,9863.51,3871.01,-0.478763
3550,2022-09-21,00:00:00.00,0,0,-2.50572e-14,99.5457,0.479124,0,5768.64,0,17.94,214.419,0,0,0,0,0,6101.03,9863.51,3871.11,-0.478763
3551,2022-09-22,00:00:00.00,1.80855,0,-2.50572e-14,99.4402,0.479124,0,5770.27,4.67074e-18,18.0826,214.458,0,0,0,0,0,6102.73,9865.32,3871.22,-0.478763
3552,2022-09-23,00:00:00.00,0,0,-2.50572e-14,99.4402,0.479124,0,5770.27,-7.14816e-35,18.0826,214.458,0,0,0,0,0,6102.73,9865.32,3871.22,-0.478763
3553,2022-09-24,00:00:00.00,0,0,-2.50572e-14,99.4402,0.479124,0,5770.27,0,18.0826,214.458,0,0,0,0,0,6102.73,9865.32,3871.22,-0.478763
3554,2022-09-25,00:00:00.00,3.01425,0,-2.50572e-14,99.4402,0.479124,0,5770.35,0,20.9545,214.524,0,0,0,0,0,6105.74,9868.34,3871.22,-0.478763
3555,2022-09-26,00:00:00.00,4.21994,0,-2.50572e-14,99.4402,0.479124,0,5770.45,9.68934e-17,24.9751,214.616,0,0,0,0,0,6109.96,9872.56,3871.22,-0.478763
3556,2022-09-27,00:00:00.00,9.04274,0,-2.50572e-14,99.4402,0.479124,0,5770.68,1.11985e-17,33.5907,214.812,0,0,0,0,0,6119.01,9881.6,3871.22,-0.478763
3557,2022-09-28,00:00:00.00,10.3489,0,-2.50572e-14,99.4402,0.479124,0,5770.95,0,43.4508,215.037,0,0,0,0,0,6129.35,9891.95,3871.22,-0.478763
3558,2022-09-29,00:00:00.00,0,0,-2.50572e-14,99.4402,0.479124,0,5770.95,0,43.4508,215.037,0,0,0,0,0,6129.35,9891.95,3871.22,-0.478763
3559,2022-09-30,00:00:00.00,0,0,-2.50572e-14,99.4402,0.479124,0,5770.95,0,43.4508,215.037,0,0,0,0,0,6129.35,9891.95,3871.22,-0.478763
3560,2022-10-01,00:00:00.00,0,0,-2.50572e-14,99.4402,0.479124,0,5770.95,0,43.4508,215.037,0,0,0,0,0,6129.35,9891.95,3871.22,-0.478763
3561,2022-10-02,00:00:00.00,0,0,-2.50572e-14,99.3937,0.479124,0,5772.56,0,41.8381,215.037,0,0,0,0,0,6129.31,9891.95,3871.26,-0.478763
3562,2022-10-03,00:00:00.00,0,0,-2.50572e-14,99.3733,0.479124,0,5773.24,0,41.1569,215.037,0,0,0,0,0,6129.29,9891.95,3871.28,-0.478763
3563,2022-10-04,00:00:00.00,0,0,-2.50572e-14,99.3628,0.479124,0,5773.59,0,40.8084,215.037,0,0,0,0,0,6129.28,9891.95,3871.3,-0.478763
3564,2022-10-05,00:00:00.00,0,0,-2.50572e-14,99.3163,0.479124,0,5775.1,0,39.2938,215.037,0,0,0,0,0,6129.23,9891.95,3871.34,-0.478763
3565,2022-10-06,00:00:00.00,0,0,-2.50572e-14,99.2642,0.479124,0,5776.74,0,37.6565,215.037,0,0,0,0,0,6129.18,9891.95,3871.39,-0.478763
3566,2022-10-07,00:00:00.00,0,0,-2.50572e-14,99.212,0.479124,0,5778.31,0,36.0875,215.037,0,0,0,0,0,6129.13,9891.95,3871.45,-0.478763
3567,2022-10-08,00:00:00.00,0.502374,0,-2.50572e-14,99.212,0.479124,0,5778.32,0,36.5662,215.048,0,0,0,0,0,6129.63,9892.45,3871.45,-0.478763
3568,2022-10-09,00:00:00.00,0,0,-2.50572e-14,99.212,0.479124,0,5778.32,0,36.5662,215.048,0,0,0,0,0,6129.63,9892.45,3871.45,-0.478763
3569,2022-10-10,00:00:00.00,0,0,-2.50572e-14,99.2112,0.479124,0,5778.35,0,36.5422,215.048,0,0,0,0,0,6129.63,9892.45,3871.45,-0.478763
3570,2022-10-11,00:00:00.00,0,0,-2.50572e-14,99.1941,0.479124,0,5778.85,0,36.0424,215.048,0,0,0,0,0,6129.61,9892.45,3871.46,-0.478763
3571,2022-10-12,00:00:00.00,1.80855,0,-2.50572e-14,99.1419,0.479124,0,5780.4,0,36.2635,215.088,0,0,0,0,0,6131.37,9894.26,3871.52,-0.478763
3572,2022-10-13,00:00:00.00,14.6693,0,-2.50572e-14,99.0955,0.479178,0,5782.07,0,48.94,215.406,0.000903861,0,0,0,0,6145.99,9908.93,3871.56,-0.478763
3573,2022-10-14,00:00:00.00,0.602849,0,-2.50572e-14,99.0557,0.479124,0,5783.64,0,47.9602,215.42,0,0,0,0,0,6146.55,9909.53,3871.6,-0.478763
3574,2022-10-15,00:00:00.00,1.6076,0,-2.50572e-14,99.0557,0.479124,0,5783.68,0,49.4919,215.454,0,0,0,0,0,6148.16,9911.14,3871.6,-0.478763
3575,2022-10-16,00:00:00.00,2.4114,0,-2.50572e-14,99.0557,0.479124,0,5783.74,0,51.7894,215.507,0,0,0,0,0,6150.57,9913.55,3871.6,-0.478763
3576,2022-10-17,00:00:00.00,0,0,-2.50572e-14,99.0548,0.479124,0,5783.78,0,51.7554,215.507,0,0,0,0,0,6150.57,9913.55,3871.6,-0.478763
3577,2022-10-18,00:00:00.00,2.8133,0,-2.50572e-14,99.0548,0.479124,0,5783.85,0,54.4358,215.568,0,0,0,0,0,6153.38,9916.36,3871.6,-0.478763
3578,2022-10-19,00:00:00.00,4.82279,0,-2.50572e-14,99.0548,0.479124,0,5783.97,0,59.0308,215.673,0,0,0,0,0,6158.21,9921.19,3871.6,-0.478763
3579,2022-10-20,00:00:00.00,3.61709,0,-2.50572e-14,99.0548,0.479124,0,5784.06,0,62.477,215.752,0,0,0,0,0,6161.82,9924.8,3871.6,-0.478763
3580,2022-10-21,00:00:00.00,0.602849,0,-2.50572e-14,99.0548,0.479124,0,5784.08,0,63.0514,215.765,0,0,0,0,0,6162.43,9925.41,3871.6,-0.478763
3581,2022-10-22,00:00:00.00,0,0,-2.50572e-14,99.0548,0.479124,0,5784.08,0,63.0514,215.765,0,0,0,0,0,6162.43,9925.41,3871.6,-0.478763
3582,2022-10-23,00:00:00.00,0,0,-2.50572e-14,99.0214,0.479124,0,5785.55,0,61.5753,215.765,0,0,0,0,0,6162.39,9925.41,3871.64,-0.478763
3583,2022-10-24,00:00:00.00,0,0,-2.50572e-14,98.9693,0.479124,0,5787.86,0,59.2715,215.765,0,0,0,0,0,6162.34,9925.41,3871.69,-0.478763
3584,2022-10-25,00:00:00.00,0,0,-2.50572e-14,98.9171,0.479124,0,5790.15,0,56.9747,215.765,0,0,0,0,0,6162.29,9925.41,3871.74,-0.478763
3585,2022-10-26,00:00:00.00,0,0,-2.50572e-14,98.865,0.479124,0,5792.44,0,54.6922,215.765,0,0,0,0,0,6162.24,9925.41,3871.79,-0.478763
3586,2022-10-27,00:00:00.00,5.52612,0,-2.50572e-14,98.8283,0.479124,0,5794.05,0,58.4874,215.885,0,0,0,0,0,6167.73,9930.93,3871.83,-0.478763
3587,2022-10-28,00:00:00.00,0,0,-2.50572e-14,98.8283,0.479124,0,5794.05,0,58.4874,215.885,0,0,0,0,0,6167.73,9930.93,3871.83,-0.478763
3588,2022-10-29,00:00:00.00,0,0,-2.50572e-14,98.8283,0.479124,0,5794.05,0,58.4874,215.885,0,0,0,0,0,6167.73,9930.93,3871.83,-0.478763
3589,2022-10-30,00:00:00.00,0,0,-2.50572e-14,98.8283,0.479124,0,5794.05,0,58.4874,215.885,0,0,0,0,0,6167.73,9930.93,3871.83,-0.478763
3590,2022-10-31,00:00:00.00,0,0,-2.50572e-14,98.821,0.479124,0,5794.37,0,58.1646,215.885,0,0,0,0,0,6167.72,9930.93,3871.84,-0.478763
3591,2022-11-01,00:00:00.00,4.42089,0,-2.50572e-14,98.821,0.479124,0,5794.48,0,62.3767,215.981,0,0,0,0,0,6172.14,9935.35,3871.84,-0.478763
3592,2022-11-02,00:00:00.00,0,0,-2.50572e-14,98.8028,0.479124,0,5795.29,0,61.5721,215.981,0,0,0,0,0,6172.12,9935.35,3871.86,-0.478763
3593,2022-11-03,00:00:00.00,0,0,-2.50572e-14,98.7846,0.479124,0,5796.09,0,60.7675,215.981,0,0,0,0,0,6172.1,9935.35,3871.87,-0.478763
3594,2022-11-04,00:00:00.00,0,0,-2.50572e-14,98.7663,0.479124,0,5796.9,0,59.9631,215.981,0,0,0,0,0,6172.09,9935.35,3871.89,-0.478763
3595,2022-11-05,00:00:00.00,0,0,-2.50572e-14,98.7481,0.479124,0,5797.7,0,59.1601,215.981,0,0,0,0,0,6172.07,9935.35,3871.91,-0.478763
3596,2022-11-06,00:00:00.00,2.8133,0,-2.50572e-14,98.7299,0.479124,0,5798.5,0,61.1086,216.042,0,0,0,0,0,6174.86,9938.17,3871.93,-0.478763
3597,2022-11-07,00:00:00.00,0,0,-2.50572e-14,98.7117,0.479124,0,5799.31,0,60.3041,216.042,0,0,0,0,0,6174.84,9938.17,3871.95,-0.478763
3598,2022-11-08,00:00:00.00,0,0,-2.50572e-14,98.6935,0.479124,0,5800.11,0,59.5004,216.042,0,0,0,0,0,6174.83,9938.17,3871.96,-0.478763
3599,2022-11-09,00:00:00.00,0,0,-2.50572e-14,98.6753,0.479124,0,5800.91,0,58.6984,216.042,0,0,0,0,0,6174.81,9938.17,3871.98,-0.478763
3600,2022-11-10,00:00:00.00,0,0,-2.50572e-14,98.6571,0.479124,0,5801.71,0,57.8981,216.042,0,0,0,0,0,6174.79,9938.17,3872,-0.478763
3601,2022-11-11,00:00:00.00,0,0,-2.50572e-14,98.6389,0.479124,0,5802.51,0,57.0996,216.042,0,0,0,0,0,6174.77,9938.17,3872.02,-0.478763
3602,2022-11-12,00:00:00.00,4.21994,0,-2.50572e-14,98.6206,0.479124,0,5803.32,0,60.4245,216.134,0,0,0,0,0,6178.97,9942.39,3872.04,-0.478763
3603,2022-11-13,00:00:00.00,0,3.01425,-2.50572e-14,98.6026,0.479124,0,5804.11,0,62.5758,216.199,0,0,0,0,0,6181.97,9945.4,3872.06,-0.478763
3604,2022-11-14,00:00:00.00,0.989012,1.42238,-2.50572e-14,98.6005,0.479124,0,5804.26,0,64.7053,216.252,0,0.00289704,0.0833994,0,0,6184.38,9947.81,3872.06,-0.478763
3605,2022-11-15,00:00:00.00,0,0,-2.50572e-14,98.6005,0.479124,0,5804.26,0,64.7053,216.252,0,0,0.0862964,0,0,6184.38,9947.81,3872.06,-0.478763
3606,2022-11-16,00:00:00.00,0,9.04274,-2.50572e-14,98.6005,0.479124,0,5804.56,0,64.7053,216.448,0,0,8.62753,0,0,6193.42,9956.86,3872.06,-0.478763
3607,2022-11-17,00:00:00.00,0,1.00475,-2.50572e-14,98.6005,0.479124,0,5804.6,0,64.7053,216.47,0,0,9.57656,0,0,6194.43,9957.86,3872.06,-0.478763
3608,2022-11-18,00:00:00.00,0,7.03324,-2.50572e-14,98.6005,0.479124,0,5804.83,0,64.7053,216.623,0,0,16.2197,0,0,6201.46,9964.89,3872.06,-0.478763
3609,2022-11-19,00:00:00.00,0,1.6076,-2.50572e-14,98.6005,0.479124,0,5804.89,0,64.7053,216.658,0,0,17.7382,0,0,6203.07,9966.5,3872.06,-0.478763
3610,2022-11-20,00:00:00.00,0,7.03324,-2.50572e-14,98.6005,0.479124,0,5805.12,0,64.7053,216.811,0,0,24.3814,0,0,6210.1,9973.53,3872.06,-0.478763
3611,2022-11-21,00:00:00.00,0,2.0095,-2.50572e-14,98.6005,0.479124,0,5805.19,0,64.7053,216.855,0,0,26.2794,0,0,6212.11,9975.54,3872.06,-0.478763
3612,2022-11-22,00:00:00.00,0,0,-2.50572e-14,98.6005,0.479124,0,5805.19,0,64.7053,216.855,0,0,26.2794,0,0,6212.11,9975.54,3872.06,-0.478763
3613,2022-11-23,00:00:00.00,0,0,-2.50572e-14,98.6005,0.479124,0,5805.19,0,64.7053,216.855,0,0,26.2794,0,0,6212.11,9975.54,3872.06,-0.478763
3614,2022-11-24,00:00:00.00,0,0,-2.50572e-14,98.6005,0.479124,0,5805.19,0,64.7053,216.855,0,0,26.2794,0,0,6212.11,9975.54,3872.06,-0.478763
3615,2022-11-25,00:00:00.00,1.00475,0,-2.50572e-14,98.5938,0.479124,0,5805.25,0,69.3231,216.876,0,0.758174,21.8262,0,0,6213.11,9976.55,3872.06,-0.478763
3616,2022-11-26,00:00:00.00,0.27315,0.329699,-2.50572e-14,98.5938,0.479124,0,5805.27,0,69.5136,216.889,0,0.760622,22.2049,0,0,6213.71,9977.15,3872.06,-0.478763
3617,2022-11-27,00:00:00.00,0,0,-2.51142e-14,98.8751,0.778492,0,5805.42,0,76.0149,216.889,5.02055,0.358885,10.3315,0,0,6213.69,9977.15,3872.08,-0.478763
3618,2022-11-28,00:00:00.00,9.24369,0,-2.49825e-14,99.8249,1.1362,0,5805.92,0,81.7567,217.09,11.0195,0.207526,5.9742,0,0,6222.93,9986.4,3872.09,-0.478763
3619,2022-11-29,00:00:00.00,0,0,-2.48489e-14,101.037,1.06619,0,5805.92,0,81.7567,217.09,9.84536,0,6.18173,0,0,6222.9,9986.4,3872.12,-0.478763
3620,2022-11-30,00:00:00.00,3.61709,0,-2.51837e-14,101.986,1.18276,0,5806.63,0,85.2178,217.169,11.8003,0.0734105,2.11333,0,0,6226.17,9990.01,3872.46,-0.478763
3621,2022-12-01,00:00:00.00,8.03799,1.00475,-2.55515e-14,102.679,1.3775,0,5808.01,0,88.0502,217.366,15.0662,0.0589985,1.69844,0,0,6234.31,9999.06,3873.37,-0.478763
3622,2022-12-02,00:00:00.00,0,0,-2.57602e-14,103.029,1.27618,0,5808.22,0,87.9451,217.366,13.3669,0,1.75744,0,0,6232.96,9999.06,3874.72,-0.478763
3623,2022-12-03,00:00:00.00,1.69545,0.715947,-2.61719e-14,103.038,1.18436,0,5808.86,0,89.7194,217.418,11.8272,0.0614429,1.76881,0,0,6233.88,10001.5,3876.21,-0.478763
3624,2022-12-04,00:00:00.00,7.03324,0,-2.65306e-14,103.12,1.35963,0,5809.6,0,91.6814,217.571,14.7666,0.0439692,1.26578,0,0,6239.41,10008.5,3877.71,-0.478763
3625,2022-12-05,00:00:00.00,0,0,-2.67468e-14,103.228,1.25812,0,5809.89,0,91.5369,217.571,13.0641,0,1.30975,0,0,6237.86,10008.5,3879.27,-0.478763
3626,2022-12-06,00:00:00.00,0,0,-2.62716e-14,103.16,1.16007,0,5810.45,0,91.2546,217.571,11.4198,0,1.30975,0,0,6236.33,10008.5,3880.79,-0.478763
3627,2022-12-07,00:00:00.00,0,0,-2.6188e-14,103.041,1.07073,0,5811.08,0,91.0878,217.571,9.92159,0.0389911,1.12247,0,0,6234.94,10008.5,3882.19,-0.478763
3628,2022-12-08,00:00:00.00,0.20095,0,-2.64984e-14,102.92,1.00286,0,5811.71,0,91.3345,217.575,8.78337,0.0192037,0.552831,0,0,6233.9,10008.7,3883.42,-0.478763
3629,2022-12-09,00:00:00.00,0,0,-2.67637e-14,102.804,0.932353,0,5812.34,0,91.3267,217.575,7.60086,0.00758243,0.218282,0,0,6232.81,10008.7,3884.51,-0.478763
3630,2022-12-10,00:00:00.00,0,0,-2.67406e-14,102.695,0.876362,0,5812.63,0,91.1822,217.575,6.66187,0,0.225864,0,0,6231.85,10008.7,3885.47,-0.478763
3631,2022-12-11,00:00:00.00,0,3.01425,-2.67078e-14,102.605,0.83368,0,5812.74,0,91.1822,217.641,5.94606,0,3.07294,0,0,6234.02,10011.7,3886.32,-0.478763
3632,2022-12-12,00:00:00.00,0,2.0095,-2.66086e-14,102.521,0.7903,0,5812.92,0,91.1782,217.685,5.21857,0,4.971,0,0,6235.28,10013.7,3887.07,-0.478763
3633,2022-12-13,00:00:00.00,0,0,-2.66905e-14,102.444,0.757144,0,5812.92,0,91.1782,217.685,4.66253,0,4.971,0,0,6234.62,10013.7,3887.73,-0.478763
3634,2022-12-14,00:00:00.00,0,0,-2.6563e-14,102.378,0.727521,0,5812.92,0,91.1782,217.685,4.16574,0,4.971,0,0,6234.02,10013.7,3888.32,-0.478763
3635,2022-12-15,00:00:00.00,0,0,-2.6575e-14,102.318,0.701054,0,5812.92,0,91.1782,217.685,3.72188,0,4.971,0,0,6233.49,10013.7,3888.85,-0.478763
3636,2022-12-16,00:00:00.00,0,9.04274,-2.63582e-14,102.259,0.676002,0,5813.25,0,91.1782,217.881,3.30174,0,13.5122,0,0,6242.06,10022.8,3889.33,-0.478763
3637,2022-12-17,00:00:00.00,0,3.01425,-2.62843e-14,102.184,0.638242,0,5813.68,0,91.9188,217.947,2.66848,0.517549,15.0884,0,0,6244.64,10025.8,3889.76,-0.478763
3638,2022-12-18,00:00:00.00,0,1.00475,-2.62504e-14,102.106,0.61254,0,5813.88,0,91.912,217.968,2.23745,0,16.555,0,0,6245.28,10026.8,3890.13,-0.478763
3639,2022-12-19,00:00:00.00,0,4.01899,-2.62465e-14,102.039,0.593772,0,5814.11,0,91.9092,218.056,1.9227,0,20.3511,0,0,6248.98,10030.8,3890.45,-0.478757
3640,2022-12-20,00:00:00.00,0,3.01425,-2.62094e-14,101.977,0.575955,0,5814.32,0,91.9054,218.121,1.62391,0,23.1982,0,0,6251.72,10033.8,3890.72,-0.478757
3641,2022-12-21,00:00:00.00,0,0,-2.62273e-14,101.922,0.564232,0,5814.35,0,91.9003,218.121,1.42731,0,23.1982,0,0,6251.48,10033.8,3890.96,-0.478757
3642,2022-12-22,00:00:00.00,0,0,-2.62461e-14,101.875,0.555164,0,5814.35,0,91.9003,218.121,1.27523,0,23.1982,0,0,6251.28,10033.8,3891.17,-0.478757
3643,2022-12-23,00:00:00.00,0,6.02849,-2.62491e-14,101.832,0.543558,0,5814.62,0,91.8987,218.252,1.0806,0,28.8923,0,0,6257.12,10039.8,3891.35,-0.478757
3644,2022-12-24,00:00:00.00,0,0,-2.62708e-14,101.791,0.53319,0,5814.7,0,91.886,218.252,0.906706,0,28.8923,0,0,6256.96,10039.8,3891.51,-0.478757
3645,2022-12-25,00:00:00.00,0,6.02849,-2.62579e-14,101.757,0.527429,0,5814.9,0,91.886,218.383,0.810096,0,34.5865,0,0,6262.85,10045.9,3891.65,-0.478757
3646,2022-12-26,00:00:00.00,0,2.0095,-2.62748e-14,101.729,0.522282,0,5814.97,0,91.886,218.427,0.72378,0,36.4845,0,0,6264.74,10047.9,3891.77,-0.478757
3647,2022-12-27,00:00:00.00,0,1.00475,-2.62729e-14,101.705,0.517683,0,5815,0,91.886,218.449,0.646661,0,37.4336,0,0,6265.64,10048.9,3891.87,-0.478757
3648,2022-12-28,00:00:00.00,0,2.0095,-2.62598e-14,101.682,0.513575,0,5815.07,0,91.886,218.493,0.577759,0,39.3316,0,0,6267.56,10050.9,3891.97,-0.478757
3649,2022-12-29,00:00:00.00,0,0,-2.62728e-14,101.652,0.504303,0,5815.2,0,91.8656,218.493,0.422264,0,39.3316,0,0,6267.47,10050.9,3892.06,-0.478757
3650,2022-12-30,00:00:00.00,1.90902,0,-2.62803e-14,101.885,0.82972,0,5815.55,0,93.5588,218.534,5.87966,1.10772,31.8887,0,0,6269.23,10052.8,3892.2,-0.478757
3651,2022-12-31,00:00:00.00,19.2912,0,-2.62815e-14,103.444,2.47665,0,5816.36,0,95.54,218.954,33.4995,0.58604,16.8708,0,0,6287.73,10072.1,3892.99,-0.478757
3652,2023-01-01,00:00:00.00,6.43039,0,-2.62879e-14,105.606,3.27562,0,5817.09,0,96.4452,219.093,46.8985,0.104917,3.02034,0,0,6291.53,10078.5,3895.62,-0.478757
3653,2023-01-02,00:00:00.00,3.21519,0,-2.53811e-14,106.564,3.10706,0,5817.47,0,96.9755,219.163,44.0717,0.0985166,2.83608,0,0,6290.28,10081.7,3900.09,-0.478757
3654,2023-01-03,00:00:00.00,0,0,-2.52365e-14,106.594,2.82344,0,5817.8,0,96.9041,219.163,39.3153,0.0921067,2.65155,0,0,6285.34,10081.7,3905.03,-0.478757
3655,2023-01-04,00:00:00.00,4.5212,1.90919,-2.67199e-14,106.588,2.83196,0,5818.15,0,97.4696,219.303,39.4581,0.109763,3.15983,0,0,6287.07,10088.2,3909.73,-0.478757
3656,2023-01-05,00:00:00.00,6.97012,5.08686,-2.74496e-14,106.789,2.92562,0,5818.67,0,97.9311,219.565,41.0289,0.255809,7.36418,0,0,6294.53,10100.2,3914.33,-0.478757
3657,2023-01-06,00:00:00.00,0.665625,0.138174,-2.82589e-14,106.934,2.78247,0,5818.87,0,98.2553,219.583,38.6281,0.190567,5.486,0,0,6290.72,10101,3918.94,-0.478757
3658,2023-01-07,00:00:00.00,0.574575,0.0282744,-2.86406e-14,106.951,2.67211,0,5819.19,0,98.409,219.596,36.7775,0.109132,3.14168,0,0,6286.85,10101.6,3923.42,-0.478757
3659,2023-01-08,00:00:00.00,0,0,-2.87685e-14,106.881,2.42965,0,5819.52,0,98.2476,219.596,32.7113,0,3.25081,0,0,6282.63,10101.6,3927.63,-0.478757
3660,2023-01-09,00:00:00.00,0,0,-2.8205e-14,106.721,2.21482,0,5819.78,0,98.1191,219.596,29.1084,0,3.25081,0,0,6278.79,10101.6,3931.48,-0.478757
3661,2023-01-10,00:00:00.00,0,0,-2.92951e-14,106.555,2.02108,0,5820.1,0,97.9577,219.596,25.8594,0,3.25081,0,0,6275.34,10101.6,3934.92,-0.478757
3662,2023-01-11,00:00:00.00,0,0,-2.98075e-14,106.392,1.84799,0,5820.43,0,97.7964,219.596,22.9566,0,3.25081,0,0,6272.27,10101.6,3937.99,-0.478757
3663,2023-01-12,00:00:00.00,0,0.803799,-2.95988e-14,106.234,1.69334,0,5820.63,0,97.7883,219.613,20.363,0,4.01003,0,0,6270.33,10102.4,3940.73,-0.478757
3664,2023-01-13,00:00:00.00,0,3.01425,-2.96594e-14,106.084,1.55517,0,5820.9,0,97.7819,219.679,18.0458,0,6.85711,0,0,6270.91,10105.5,3943.17,-0.478757
3665,2023-01-14,00:00:00.00,0,0,-2.92008e-14,105.94,1.43172,0,5821.1,0,97.75,219.679,15.9755,0,6.85711,0,0,6268.73,10105.5,3945.35,-0.478757
3666,2023-01-15,00:00:00.00,0,0,-2.86072e-14,105.809,1.32871,0,5821.14,0,97.7445,219.679,14.248,0,6.85711,0,0,6266.8,10105.5,3947.28,-0.478757
3667,2023-01-16,00:00:00.00,0,0,-2.849e-14,105.686,1.23283,0,5821.26,0,97.725,219.679,12.6401,0,6.85711,0,0,6265.08,10105.5,3949.01,-0.478757
3668,2023-01-17,00:00:00.00,0,1.6076,-2.88585e-14,105.564,1.14373,0,5821.48,0,97.7183,219.714,11.1458,0,8.37555,0,0,6265.14,10107.1,3950.55,-0.478757
3669,2023-01-18,00:00:00.00,0,4.01899,-2.86184e-14,105.444,1.06412,0,5821.79,0,97.7122,219.801,9.81066,0,12.1717,0,0,6267.79,10111.1,3951.92,-0.478757
3670,2023-01-19,00:00:00.00,0,0,-2.85141e-14,105.412,1.11444,0,5821.99,0,98.0136,219.801,10.6546,0.320888,9.23766,0,0,6266.54,10111.1,3953.17,-0.478757
3671,2023-01-20,00:00:00.00,0,2.0095,-2.8361e-14,105.407,1.03795,0,5822.22,0,98.0071,219.845,9.37181,0,11.4566,0,0,6267.35,10113.1,3954.37,-0.478757
3672,2023-01-21,00:00:00.00,0,0,-2.82525e-14,105.329,0.969613,0,5822.42,0,97.9751,219.845,8.22573,0,11.4566,0,0,6266.22,10113.1,3955.5,-0.478757
3673,2023-01-22,00:00:00.00,0,0,-2.82964e-14,105.228,0.908556,0,5822.62,0,97.9431,219.845,7.20177,0,11.4566,0,0,6265.2,10113.1,3956.52,-0.478757
3674,2023-01-23,00:00:00.00,0,3.01425,-2.84231e-14,105.126,0.854004,0,5822.89,0,97.9367,219.91,6.28691,0,14.3037,0,0,6267.31,10116.1,3957.42,-0.478757
3675,2023-01-24,00:00:00.00,0,1.40665,-2.84934e-14,105.026,0.805265,0,5823.11,0,97.93,219.941,5.46953,0,15.6323,0,0,6267.92,10117.5,3958.22,-0.478757
3676,2023-01-25,00:00:00.00,0,0,-2.86296e-14,104.929,0.761719,0,5823.31,0,97.898,219.941,4.73924,0,15.6323,0,0,6267.21,10117.5,3958.93,-0.478757
3677,2023-01-26,00:00:00.00,0,17.0807,-2.85496e-14,104.836,0.722812,0,5824.05,0,97.8946,220.312,4.08677,0,31.7658,0,0,6283.67,10134.6,3959.55,-0.478757
3678,2023-01-27,00:00:00.00,0,2.0095,-2.86265e-14,104.748,0.688052,0,5824.29,0,97.888,220.356,3.50381,0,33.6638,0,0,6285.14,10136.6,3960.09,-0.478757
3679,2023-01-28,00:00:00.00,0,3.01425,-2.86321e-14,104.663,0.656994,0,5824.57,0,97.8816,220.421,2.98297,0,36.5109,0,0,6287.68,10139.6,3960.56,-0.478757
3680,2023-01-29,00:00:00.00,0,8.03799,-2.85902e-14,104.58,0.629247,0,5825.01,0,97.8763,220.596,2.51763,0,44.1031,0,0,6295.31,10147.7,3960.97,-0.478757
3681,2023-01-30,00:00:00.00,0,7.03324,-2.85295e-14,104.503,0.604455,0,5825.41,0,97.8707,220.749,2.10187,0,50.7463,0,0,6301.99,10154.7,3961.32,-0.478757
3682,2023-01-31,00:00:00.00,0,1.00475,-2.84552e-14,104.44,0.590692,0,5825.46,0,97.8706,220.771,1.87105,0,51.6953,0,0,6302.7,10155.7,3961.62,-0.478757
3683,2023-02-01,00:00:00.00,0,0,-2.84672e-14,104.388,0.578805,0,5825.46,0,97.8706,220.771,1.67169,0,51.6953,0,0,6302.43,10155.7,3961.89,-0.478757
3684,2023-02-02,00:00:00.00,0,0,-2.84408e-14,104.342,0.568184,0,5825.46,0,97.8706,220.771,1.49357,0,51.6953,0,0,6302.2,10155.7,3962.12,-0.478757
3685,2023-02-03,00:00:00.00,0,2.0095,-2.83715e-14,104.292,0.551758,0,5825.66,0,97.8655,220.814,1.21811,0,53.5934,0,0,6304,10157.7,3962.33,-0.478757
3686,2023-02-04,00:00:00.00,0,0,-2.83946e-14,104.247,0.544019,0,5825.66,0,97.8655,220.814,1.08832,0,53.5934,0,0,6303.81,10157.7,3962.52,-0.478757
3687,2023-02-05,00:00:00.00,0,0,-2.83663e-14,104.211,0.537104,0,5825.66,0,97.8655,220.814,0.972356,0,53.5934,0,0,6303.65,10157.7,3962.68,-0.478757
3688,2023-02-06,00:00:00.00,0,0,-2.83527e-14,104.177,0.528224,0,5825.72,0,97.8556,220.814,0.823425,0,53.5934,0,0,6303.51,10157.7,3962.82,-0.478757
3689,2023-02-07,00:00:00.00,0,0,-2.83684e-14,104.132,0.510933,0,5826,0,97.8064,220.814,0.533449,0,53.5934,0,0,6303.39,10157.7,3962.94,-0.478757
3690,2023-02-08,00:00:00.00,0,2.21045,-2.83733e-14,104.076,0.496045,0,5826.3,0,97.7961,220.863,0.283774,0,55.6812,0,0,6305.49,10159.9,3963.05,-0.478757
3691,2023-02-09,00:00:00.00,1.27786,0.93259,-2.83705e-14,104.009,0.482931,0,5826.59,0,98.0053,220.911,0.0638501,1.78721,55.7693,0,0,6307.62,10162.1,3963.13,-0.478757
3692,2023-02-10,00:00:00.00,37.6346,3.86147,-2.82345e-14,105.529,2.56604,0,5827.29,0,98.5661,221.813,34.9985,1.93953,55.8349,0,0,6348.54,10203.6,3963.71,-0.478757
3693,2023-02-11,00:00:00.00,0,0,-2.84013e-14,107.416,2.33013,0,5827.6,0,98.517,221.813,31.0422,1.87224,55.9021,0,0,6346.49,10203.6,3965.76,-0.478757
3694,2023-02-12,00:00:00.00,0,0,-2.87416e-14,107.744,2.11936,0,5827.9,0,98.4677,221.813,27.5075,0,57.7743,0,0,6343.33,10203.6,3968.92,-0.478757
3695,2023-02-13,00:00:00.00,0,0,-2.94233e-14,107.679,1.93104,0,5828.2,0,98.4185,221.813,24.3493,0.000145313,57.7742,0,0,6340.17,10203.6,3972.08,-0.478757
3696,2023-02-14,00:00:00.00,0,0,-3.02191e-14,107.546,1.76279,0,5828.51,0,98.3692,221.813,21.5277,0,57.7743,0,0,6337.3,10203.6,3974.95,-0.478757
3697,2023-02-15,00:00:00.00,0.502374,0,-3.01223e-14,107.513,1.78682,0,5828.81,0,98.4966,221.824,21.9307,1.79785,53.017,0,0,6335.18,10204.1,3977.57,-0.478757
3698,2023-02-16,00:00:00.00,2.0095,0,-3.04757e-14,107.922,2.31162,0,5829.13,0,98.7483,221.867,30.7317,1.46862,42.2783,0,0,6334.46,10206.1,3980.3,-0.478757
3699,2023-02-17,00:00:00.00,0,1.00475,-2.97061e-14,108.288,2.10282,0,5829.44,0,98.729,221.889,27.2301,0.0402582,44.6557,0,0,6332.37,10207.1,3983.39,-0.478757
3700,2023-02-18,00:00:00.00,0,1.00475,-3.00727e-14,108.218,1.92372,0,5829.59,0,98.7243,221.911,24.2266,0,45.645,0,0,6330.24,10208.1,3986.53,-0.478757
3701,2023-02-19,00:00:00.00,0,0,-3.01448e-14,108.073,1.75863,0,5829.84,0,98.6837,221.911,21.4579,0,45.645,0,0,6327.37,10208.1,3989.4,-0.478757
3702,2023-02-20,00:00:00.00,0,0,-2.98731e-14,107.916,1.60875,0,5830.14,0,98.6345,221.911,18.9443,0,45.645,0,0,6324.8,10208.1,3991.97,-0.478757
3703,2023-02-21,00:00:00.00,0,0,-2.96878e-14,107.759,1.47484,0,5830.45,0,98.5852,221.911,16.6986,0.898278,44.7467,0,0,6322.52,10208.1,3994.25,-0.478757
3704,2023-02-22,00:00:00.00,0,0.602849,-2.96342e-14,107.608,1.3552,0,5830.75,0,98.5539,221.924,14.6922,0,46.2144,0,0,6321.1,10208.7,3996.27,-0.478757
3705,2023-02-23,00:00:00.00,0,11.0522,-2.97093e-14,107.463,1.24831,0,5831.39,0,98.5454,222.164,12.8995,0,56.6537,0,0,6330.36,10219.8,3998.06,-0.478757
3706,2023-02-24,00:00:00.00,0,0,-2.95903e-14,107.325,1.15433,0,5831.66,0,98.5018,222.164,11.3236,0,56.6537,0,0,6328.78,10219.8,3999.64,-0.478757
3707,2023-02-25,00:00:00.00,0,2.0095,-2.94256e-14,107.207,1.08239,0,5831.72,0,98.5018,222.208,10.117,0,58.5518,0,0,6329.39,10221.8,4001.04,-0.478757
3708,2023-02-26,00:00:00.00,0,1.00475,-2.955e-14,107.1,1.01456,0,5831.83,0,98.4991,222.23,8.97953,0,59.5008,0,0,6329.15,10222.8,4002.28,-0.478757
3709,2023-02-27,00:00:00.00,0,0,-2.96511e-14,106.989,0.943963,0,5832.13,0,98.4499,222.23,7.79556,0,59.5008,0,0,6328.04,10222.8,4003.4,-0.478757
3710,2023-02-28,00:00:00.00,0,7.03324,-2.96975e-14,106.874,0.880886,0,5832.63,0,98.4406,222.383,6.73774,0,66.144,0,0,6334.09,10229.8,4004.38,-0.478757
3711,2023-03-01,00:00:00.00,0,0,-2.96752e-14,106.763,0.826062,0,5832.9,0,98.3969,222.383,5.81831,0,66.144,0,0,6333.23,10229.8,4005.24,-0.478757
3712,2023-03-02,00:00:00.00,0,0,-2.9724e-14,106.651,0.771261,0,5833.3,0,98.332,222.383,4.89928,0,66.144,0,0,6332.48,10229.8,4005.99,-0.478757
3713,2023-03-03,00:00:00.00,0,0,-2.9664e-14,106.51,0.698895,0,5834.23,0,98.1821,222.383,3.68566,0,66.144,0,0,6331.83,10229.8,4006.64,-0.478757
3714,2023-03-04,00:00:00.00,0,22.1045,-2.96787e-14,106.396,0.675478,0,5834.9,0,98.1821,222.863,3.29295,0,87.0935,0,0,6353.4,10252,4007.17,-0.478757
3715,2023-03-05,00:00:00.00,0,3.01425,-2.97241e-14,106.267,0.613318,0,5835.84,0,98.122,222.929,2.25049,0,89.9406,0,0,6355.96,10255,4007.63,-0.478757
3716,2023-03-06,00:00:00.00,0,0,-2.96709e-14,106.11,0.555989,0,5836.81,0,97.9518,222.929,1.28906,2.21822,87.7224,0,0,6355.59,10255,4008,-0.478757
3717,2023-03-07,00:00:00.00,0,0,-2.96706e-14,105.971,0.532661,0,5837.16,0,97.887,222.929,0.897849,0,89.9406,0,0,6355.32,10255,4008.27,-0.478757
3718,2023-03-08,00:00:00.00,0,0,-2.96634e-14,105.858,0.514303,0,5837.45,0,97.8328,222.929,0.589971,0,89.9406,0,0,6355.12,10255,4008.47,-0.478757
3719,2023-03-09,00:00:00.00,0,0,-2.96631e-14,105.766,0.500384,0,5837.69,0,97.7892,222.929,0.356549,0,89.9406,0,0,6354.97,10255,4008.62,-0.478757
3720,2023-03-10,00:00:00.00,0,0,-2.96666e-14,105.672,0.479124,0,5838.14,0,97.6925,222.929,0,0,89.9406,0,0,6354.85,10255,4008.73,-0.478757
3721,2023-03-11,00:00:00.00,0,8.03799,-2.96666e-14,105.596,0.479124,0,5838.41,0,97.6925,223.103,0,0,97.5328,0,0,6362.82,10263,4008.81,-0.478757
3722,2023-03-12,00:00:00.00,0,0,-2.96666e-14,105.539,0.479124,0,5838.41,0,97.6925,223.103,0,0,97.5328,0,0,6362.76,10263,4008.87,-0.478757
3723,2023-03-13,00:00:00.00,0,3.01425,-2.96666e-14,105.496,0.479124,0,5838.51,0,97.6925,223.169,0,0,100.38,0,0,6365.73,10266,4008.91,-0.478757
3724,2023-03-14,00:00:00.00,0,2.0095,-2.96666e-14,105.461,0.479124,0,5838.59,0,97.6857,223.213,0,0,102.278,0,0,6367.7,10268,4008.95,-0.478757
3725,2023-03-15,00:00:00.00,0,0,-2.96666e-14,105.437,0.479124,0,5838.59,0,97.6857,223.213,0,0,102.278,0,0,6367.68,10268,4008.97,-0.478757
3726,2023-03-16,00:00:00.00,0,0,-2.96666e-14,105.419,0.479124,0,5838.59,0,97.6857,223.213,0,0,102.278,0,0,6367.66,10268,4008.99,-0.478757
3727,2023-03-17,00:00:00.00,0,8.03799,-2.96666e-14,105.393,0.479124,0,5838.88,0,97.6615,223.387,0,0,109.87,0,0,6375.67,10276.1,4009.01,-0.478757
3728,2023-03-18,00:00:00.00,6.43039,1.00475,-2.95631e-14,105.761,0.936777,0,5839.12,0,98.0489,223.549,7.67505,3.62336,104.309,0,0,6383.02,10283.5,4009.1,-0.478757
3729,2023-03-19,00:00:00.00,0,4.01899,-2.93588e-14,106.327,0.881882,0,5839.37,0,98.0448,223.636,6.75444,0,111.728,0,0,6386.75,10287.5,4009.4,-0.478757
3730,2023-03-20,00:00:00.00,0,0,-2.95158e-14,106.558,0.838968,0,5839.37,0,98.0448,223.636,6.03475,0,111.728,0,0,6386.21,10287.5,4009.93,-0.478757
3731,2023-03-21,00:00:00.00,0,0,-2.94912e-14,106.586,0.776941,0,5839.9,0,97.9587,223.636,4.99453,0,111.728,0,0,6385.58,10287.5,4010.56,-0.478757
3732,2023-03-22,00:00:00.00,0,0,-2.95819e-14,106.566,0.801004,0,5840.93,0,97.9284,223.636,5.39808,3.31957,106.362,0,0,6384.94,10287.5,4011.2,-0.478757
3733,2023-03-23,00:00:00.00,2.0095,0,-2.97328e-14,107.102,1.54964,0,5841.86,0,98.2065,223.68,17.953,3.21444,92.5368,0,0,6386.1,10289.5,4012.05,-0.478757
3734,2023-03-24,00:00:00.00,2.61235,0,-2.90794e-14,108.277,2.27166,0,5842.91,0,98.4458,223.737,30.0616,2.72987,78.5869,0,0,6387.02,10292.1,4013.74,-0.478757
3735,2023-03-25,00:00:00.00,0.56515,0.238649,-2.92232e-14,109.042,2.19486,0,5843.96,0,98.5537,223.754,28.7737,2.64538,76.1547,0,0,6385.08,10292.9,4016.49,-0.478757
3736,2023-03-26,00:00:00.00,14.8703,1.00475,-2.93289e-14,109.933,3.40561,0,5845.29,0,98.8196,224.099,49.0785,2.23515,64.345,0,0,6397.21,10308.8,4020.24,-0.478757
3737,2023-03-27,00:00:00.00,0,3.01425,-2.89868e-14,111.185,3.98066,0,5846.35,0,98.9402,224.165,58.7223,1.73563,49.9651,0,0,6395.04,10311.8,4025.41,-0.478757
3738,2023-03-28,00:00:00.00,0,2.0095,-3.00934e-14,111.63,3.69948,0,5847.41,0,98.9829,224.209,54.0069,1.7068,49.135,0,0,6390.78,10313.8,4031.69,-0.478757
3739,2023-03-29,00:00:00.00,0,0,-3.2213e-14,111.795,3.94076,0,5848.46,0,98.9837,224.209,58.0533,1.3033,37.5192,0,0,6384.26,10313.8,4038.21,-0.478757
3740,2023-03-30,00:00:00.00,0,7.03324,-3.01274e-14,111.862,3.52776,0,5849.56,0,98.95,224.362,51.127,1.23624,44.2295,0,0,6384.85,10320.9,4044.65,-0.478757
3741,2023-03-31,00:00:00.00,0,4.21994,-3.06068e-14,111.615,3.20293,0,5849.7,0,98.95,224.453,45.6794,0,49.4516,0,0,6383.05,10325.1,4050.67,-0.478757
3742,2023-04-01,00:00:00.00,6.42799,27.2311,-3.10213e-14,111.473,3.1015,0,5851.28,0,99.0623,225.185,43.9785,1.7178,75.4224,0,0,6411.22,10358.8,4056.16,-0.478757
3743,2023-04-02,00:00:00.00,0.20095,0,-2.96288e-14,112.101,4.15297,0,5852.22,0,99.0843,225.189,61.6121,1.72527,49.6669,0,0,6405.75,10359,4061.83,-0.478757
3744,2023-04-03,00:00:00.00,0,0,-2.94918e-14,112.673,3.76152,0,5852.22,0,99.0843,225.189,55.0473,0.308092,51.0841,0,0,6399.37,10359,4068.21,-0.478757
3745,2023-04-04,00:00:00.00,0.602849,0,-3.09476e-14,112.718,3.86004,0,5852.24,0,99.194,225.202,56.6996,1.45841,41.9844,0,0,6393.35,10359.6,4074.83,-0.478757
3746,2023-04-05,00:00:00.00,4.42089,0,-2.95279e-14,113.471,4.92498,0,5856.8,0,97.5518,225.299,74.5591,0.607588,17.4911,0,0,6390.7,10364,4081.9,-0.478757
3747,2023-04-06,00:00:00.00,9.04274,0,-2.80901e-14,114.237,4.87033,0,5862.1,0,96.0749,225.495,73.6404,0.512036,14.7404,0,0,6391.67,10373,4089.97,-0.478757
3748,2023-04-07,00:00:00.00,0,0,-2.9318e-14,114.245,4.39348,0,5867.41,0,93.618,225.495,65.6456,0.421968,12.1475,0,0,6383.38,10373,4098.27,-0.478757
3749,2023-04-08,00:00:00.00,0,0,-2.99105e-14,114.087,3.9786,0,5867.41,0,93.7455,225.495,58.6878,0.416305,11.9845,0,0,6375.8,10373,4105.84,-0.478757
3750,2023-04-09,00:00:00.00,0,0,-2.8727e-14,113.924,3.60573,0,5867.41,0,93.8243,225.495,52.4346,0.41366,11.9084,0,0,6369.01,10373,4112.63,-0.478757
3751,2023-04-10,00:00:00.00,0,0,-2.79623e-14,113.785,3.3253,0,5867.41,0,93.9245,225.495,47.7318,0.377076,10.8552,0,0,6362.9,10373,4118.74,-0.478757
3752,2023-04-11,00:00:00.00,0,0,-2.81521e-14,113.6,3.01135,0,5872.63,0,91.4798,225.495,42.4666,0.29052,8.36344,0,0,6357.34,10373,4124.31,-0.478757
3753,2023-04-12,00:00:00.00,0,0,-2.83483e-14,113.454,2.79478,0,5877.94,0,89.0765,225.495,38.8345,0.159533,4.59261,0,0,6352.35,10373,4129.3,-0.478757
3754,2023-04-13,00:00:00.00,0,0,-2.79826e-14,113.414,2.64322,0,5883.24,0,86.7362,225.495,36.2928,0,0,0,0,6347.83,10373,4133.82,-0.478757
3755,2023-04-14,00:00:00.00,0,0,-2.73344e-14,113.291,2.27129,0,5888.55,0,84.0832,225.495,30.0555,0,0,0,0,6343.75,10373,4137.9,-0.478757
3756,2023-04-15,00:00:00.00,0,0,-2.69569e-14,113.002,1.939,0,5893.86,0,81.4302,225.495,24.4828,0,0,0,0,6340.21,10373,4141.44,-0.478757
3757,2023-04-16,00:00:00.00,0,0,-2.64308e-14,112.663,1.64211,0,5899.16,0,78.7773,225.495,19.5038,0,0,0,0,6337.24,10373,4144.4,-0.478757
3758,2023-04-17,00:00:00.00,12.057,0,-2.61527e-14,112.504,1.70238,0,5904.47,0,81.8089,225.757,20.5146,0,0,0,0,6346.76,10385.1,4146.95,-0.478757
3759,2023-04-18,00:00:00.00,2.61235,0,-2.54075e-14,112.472,1.53007,0,5906.04,0,83.5766,225.814,17.6248,0,0,0,0,6347.06,10387.7,4149.25,-0.478757
3760,2023-04-19,00:00:00.00,0.957624,0.047124,-2.4691e-14,112.34,1.41809,0,5906.07,0,84.5335,225.836,15.7469,0,0,0,0,6345.94,10388.7,4151.38,-0.478757
3761,2023-04-20,00:00:00.00,0.602849,0,-2.45371e-14,112.2,1.31804,0,5906.09,0,85.1078,225.849,14.069,0,0,0,0,6344.63,10389.3,4153.29,-0.478757
3762,2023-04-21,00:00:00.00,0,0,-2.45681e-14,111.982,1.16018,0,5908.66,0,83.8225,225.849,11.4216,0,0,0,0,6342.89,10389.3,4155.03,-0.478757
3763,2023-04-22,00:00:00.00,14.0665,0,-2.44793e-14,111.957,1.4315,0,5913.96,0,85.8222,226.155,15.9718,0,0,0,0,6355.3,10403.4,4156.69,-0.478757
3764,2023-04-23,00:00:00.00,17.0807,0,-2.42301e-14,112.374,1.84474,0,5919.27,0,87.5642,226.526,22.902,0,0,0,0,6370.48,10420.4,4158.59,-0.478757
3765,2023-04-24,00:00:00.00,0.20095,0,-2.4346e-14,112.664,1.65726,0,5920.84,0,86.9729,226.53,19.7578,0,0,0,0,6368.43,10420.6,4160.84,-0.478757
3766,2023-04-25,00:00:00.00,0,0,-2.41841e-14,112.536,1.49858,0,5922.09,0,86.3508,226.53,17.0968,0,0,0,0,6366.1,10420.6,4163.17,-0.478757
3767,2023-04-26,00:00:00.00,0,0,-2.46171e-14,112.323,1.36565,0,5923,0,85.8945,226.53,14.8674,0,0,0,0,6363.98,10420.6,4165.29,-0.478757
3768,2023-04-27,00:00:00.00,0,0,-2.42758e-14,112.12,1.27119,0,5923,0,85.8945,226.53,13.2833,0,0,0,0,6362.1,10420.6,4167.17,-0.478757
3769,2023-04-28,00:00:00.00,0,0,-2.413e-14,111.835,1.09181,0,5926.57,0,84.1117,226.53,10.2751,0,0,0,0,6360.41,10420.6,4168.86,-0.478757
3770,2023-04-29,00:00:00.00,7.03324,0,-2.40507e-14,111.571,1.07374,0,5930.8,0,85.877,226.683,9.97201,0,0,0,0,6365.97,10427.7,4170.33,-0.478757
3771,2023-04-30,00:00:00.00,3.41614,0,-2.42583e-14,111.283,0.875638,0,5936.1,0,86.4422,226.758,6.64973,0,0,0,0,6368.11,10431.1,4171.61,-0.478757
3772,2023-05-01,00:00:00.00,7.23419,0,-2.41879e-14,110.999,0.883123,0,5941.41,0,87.2797,226.915,6.77525,0,0,0,0,6374.26,10438.3,4172.7,-0.478757
3773,2023-05-02,00:00:00.00,2.61235,0,-2.39716e-14,110.875,0.845281,0,5941.47,0,89.6709,226.972,6.14062,0,0,0,0,6375.98,10440.9,4173.59,-0.478757
3774,2023-05-03,00:00:00.00,2.0095,0,-2.40432e-14,110.75,0.809904,0,5941.52,0,91.5172,227.015,5.54734,0,0,0,0,6377.17,10443,4174.41,-0.478757
3775,2023-05-04,00:00:00.00,2.0095,0,-2.40994e-14,110.637,0.792779,0,5941.58,0,93.0917,227.059,5.26014,0,0,0,0,6378.42,10445,4175.17,-0.478757
3776,2023-05-05,00:00:00.00,5.02374,0,-2.42597e-14,110.662,0.942492,0,5941.7,0,94.4407,227.168,7.7709,0,0,0,0,6382.69,10450,4175.92,-0.478757
3777,2023-05-06,00:00:00.00,0,0,-2.43173e-14,110.723,0.89312,0,5941.7,0,94.4407,227.168,6.94291,0,0,0,0,6381.87,10450,4176.74,-0.478757
3778,2023-05-07,00:00:00.00,0,0,-2.42491e-14,110.664,0.849009,0,5941.7,0,94.4407,227.168,6.20314,0,0,0,0,6381.03,10450,4177.58,-0.478757
3779,2023-05-08,00:00:00.00,12.057,0,-2.41748e-14,110.946,1.35671,0,5942.01,0,95.6585,227.43,14.7176,0,0,0,0,6392.12,10462,4178.55,-0.478757
3780,2023-05-09,00:00:00.00,0,0,-2.41462e-14,111.281,1.22463,0,5943.46,0,94.9344,227.43,12.5024,0,0,0,0,6390.83,10462,4179.83,-0.478757
3781,2023-05-10,00:00:00.00,0,0,-2.41857e-14,111.258,1.14519,0,5943.46,0,94.9344,227.43,11.1703,0,0,0,0,6389.4,10462,4181.27,-0.478757
3782,2023-05-11,00:00:00.00,0,0,-2.40037e-14,111.063,0.998476,0,5946.3,0,93.5126,227.43,8.70977,0,0,0,0,6388.02,10462,4182.65,-0.478757
3783,2023-05-12,00:00:00.00,0,0,-2.38711e-14,110.543,0.645804,0,5957.47,0,87.9315,227.43,2.7953,0,0,0,0,6386.81,10462,4183.86,-0.478757
3784,2023-05-13,00:00:00.00,0,0,-2.38882e-14,109.897,0.479124,0,5965.84,0,82.3504,227.43,0,0,0,0,0,6386,10462,4184.67,-0.478757
3785,2023-05-14,00:00:00.00,0,0,-2.38882e-14,109.403,0.479124,0,5971.42,0,76.7693,227.43,0,0,0,0,0,6385.5,10462,4185.16,-0.478757
3786,2023-05-15,00:00:00.00,0,0,-2.38882e-14,109.119,0.479124,0,5974.94,0,73.2545,227.43,0,0,0,0,0,6385.22,10462,4185.45,-0.478757
3787,2023-05-16,00:00:00.00,0,0,-2.38882e-14,108.911,0.479124,0,5978.45,0,69.7398,227.43,0,0,0,0,0,6385.01,10462,4185.65,-0.478757
3788,2023-05-17,00:00:00.00,0,0,-2.38882e-14,108.713,0.479124,0,5983.36,0,64.8299,227.43,0,0,0,0,0,6384.82,10462,4185.85,-0.478757
3789,2023-05-18,00:00:00.00,0,0,-2.38882e-14,108.644,0.479124,0,5983.36,0,64.8299,227.43,0,0,0,0,0,6384.75,10462,4185.92,-0.478757
3790,2023-05-19,00:00:00.00,0,0,-2.38882e-14,108.585,0.479124,0,5983.36,0,64.8299,227.43,0,0,0,0,0,6384.69,10462,4185.98,-0.478757
3791,2023-05-20,00:00:00.00,14.4684,0,-2.39521e-14,108.691,0.726993,0,5986.18,0,71.514,227.745,4.15688,0,0,0,0,6399.01,10476.5,4186.12,-0.478757
3792,2023-05-21,00:00:00.00,0.20095,0,-2.41214e-14,108.982,0.700582,0,5986.18,0,71.7055,227.749,3.71396,0,0,0,0,6399.04,10476.7,4186.3,-0.478757
3793,2023-05-22,00:00:00.00,0,0,-2.41459e-14,108.855,0.479124,0,5994.46,0,67.1443,227.749,1.548e-06,0,0,0,0,6398.69,10476.7,4186.65,-0.478757
3794,2023-05-23,00:00:00.00,0,0,-2.41472e-14,108.621,0.479124,0,5996.58,0,65.0249,227.749,0,0,0,0,0,6398.45,10476.7,4186.88,-0.478757
3795,2023-05-24,00:00:00.00,0,0,-2.41472e-14,108.39,0.479124,0,6001.84,0,59.7661,227.749,0,0,0,0,0,6398.22,10476.7,4187.11,-0.478757
3796,2023-05-25,00:00:00.00,0,0,-2.41472e-14,108.277,0.479124,0,6003.61,0,57.9955,227.749,0,0,0,0,0,6398.11,10476.7,4187.23,-0.478757
3797,2023-05-26,00:00:00.00,0,0,-2.41472e-14,108.219,0.479124,0,6003.61,0,57.9955,227.749,0,0,0,0,0,6398.05,10476.7,4187.28,-0.478757
3798,2023-05-27,00:00:00.00,0,0,-2.41472e-14,108.112,0.479124,0,6006.43,0,55.1787,227.749,0,0,0,0,0,6397.94,10476.7,4187.39,-0.478757
3799,2023-05-28,00:00:00.00,0,0,-2.41472e-14,107.958,0.479124,0,6011.96,0,49.6427,227.749,0,0,0,0,0,6397.79,10476.7,4187.55,-0.478757
3800,2023-05-29,00:00:00.00,0,0,-2.41472e-14,107.819,0.479124,0,6016.97,0,44.6318,227.749,0,0,0,0,0,6397.65,10476.7,4187.68,-0.478757
3801,2023-05-30,00:00:00.00,0,0,-2.41472e-14,107.69,0.479124,0,6021.48,0,40.1267,227.749,0,0,0,0,0,6397.52,10476.7,4187.81,-0.478757
3802,2023-05-31,00:00:00.00,0,0,-2.41472e-14,107.563,0.479124,0,6025.53,0,36.0764,227.749,0,0,0,0,0,6397.4,10476.7,4187.94,-0.478756
3803,2023-06-01,00:00:00.00,0,0,-2.41472e-14,107.437,0.479124,0,6029.17,0,32.4349,227.749,0,0,0,0,0,6397.27,10476.7,4188.07,-0.478756
3804,2023-06-02,00:00:00.00,0,0,-2.41472e-14,107.268,0.479124,0,6033.54,0,28.0623,227.749,0,0,0,0,0,6397.1,10476.7,4188.24,-0.478756
3805,2023-06-03,00:00:00.00,0,0,-2.41472e-14,107.1,0.479124,0,6037.33,0,24.2792,227.749,0,0,0,0,0,6396.93,10476.7,4188.4,-0.478756
3806,2023-06-04,00:00:00.00,0,0,-2.41472e-14,106.931,0.479124,0,6040.6,0,21.0062,227.749,0,0,0,0,0,6396.76,10476.7,4188.57,-0.478756
3807,2023-06-05,00:00:00.00,0,0,-2.41472e-14,106.931,0.479124,0,6040.6,0,21.0062,227.749,0,0,0,0,0,6396.76,10476.7,4188.57,-0.478756
3808,2023-06-06,00:00:00.00,0,0,-2.41472e-14,106.891,0.479124,0,6041.26,0,20.3443,227.749,0,0,0,0,0,6396.72,10476.7,4188.61,-0.478756
3809,2023-06-07,00:00:00.00,0,0,-2.41472e-14,106.863,0.479124,0,6041.73,0,19.8746,227.749,0,0,0,0,0,6396.7,10476.7,4188.64,-0.478756
3810,2023-06-08,00:00:00.00,0,0,-2.41472e-14,106.863,0.479124,0,6041.73,0,19.8746,227.749,0,0,0,0,0,6396.7,10476.7,4188.64,-0.478756
3811,2023-06-09,00:00:00.00,0.602849,0,-2.41472e-14,106.863,0.479124,0,6041.75,-1.17946e-18,20.449,227.762,0,0,0,0,0,6397.3,10477.3,4188.64,-0.478756
3812,2023-06-10,00:00:00.00,2.8133,0,-2.41472e-14,106.863,0.479124,0,6041.82,0,23.1294,227.824,0,0,0,0,0,6400.11,10480.1,4188.64,-0.478756
3813,2023-06-11,00:00:00.00,0,0,-2.41472e-14,106.834,0.479124,0,6042.35,0,22.5954,227.824,0,0,0,0,0,6400.08,10480.1,4188.67,-0.478756
3814,2023-06-12,00:00:00.00,29.9415,0,-2.41639e-14,106.87,0.575928,0,6044.37,0,48.0499,228.474,1.62344,0,0,0,0,6429.96,10510.1,4188.73,-0.478756
3815,2023-06-13,00:00:00.00,10.8513,0,-2.4174e-14,107.053,0.565613,0,6044.65,0,58.3886,228.71,1.45047,0,0,0,0,6440.81,10520.9,4188.73,-0.478756
3816,2023-06-14,00:00:00.00,1.80855,0,-2.41804e-14,107.204,0.556398,0,6044.69,0,60.1117,228.75,1.29592,0,0,0,0,6442.61,10522.7,4188.74,-0.478756
3817,2023-06-15,00:00:00.00,0.20095,0,-2.42044e-14,107.309,0.548164,0,6044.7,0,60.3032,228.754,1.15784,0,0,0,0,6442.77,10522.9,4188.79,-0.478756
3818,2023-06-16,00:00:00.00,3.51662,0,-2.42057e-14,107.375,0.540808,0,6044.79,0,63.6537,228.83,1.03447,0,0,0,0,6446.22,10526.4,4188.85,-0.478756
3819,2023-06-17,00:00:00.00,0,0,-2.42208e-14,107.413,0.534235,0,6044.79,0,63.6537,228.83,0.924246,0,0,0,0,6446.14,10526.4,4188.93,-0.478756
3820,2023-06-18,00:00:00.00,0,0,-2.42161e-14,107.34,0.479483,0,6047.91,0,61.4455,228.83,0.00601846,0,0,0,0,6446.01,10526.4,4189.06,-0.478756
3821,2023-06-19,00:00:00.00,0,0,-2.42161e-14,107.179,0.479124,0,6052.46,0,56.9085,228.83,0,0,0,0,0,6445.85,10526.4,4189.22,-0.478756
3822,2023-06-20,00:00:00.00,0,0,-2.42161e-14,107.051,0.479124,0,6056.53,0,52.8385,228.83,0,0,0,0,0,6445.73,10526.4,4189.35,-0.478756
3823,2023-06-21,00:00:00.00,0,0,-2.42161e-14,106.866,0.479124,0,6063.65,0,45.715,228.83,0,0,0,0,0,6445.54,10526.4,4189.53,-0.478756
3824,2023-06-22,00:00:00.00,0,0,-2.42161e-14,106.695,0.479124,0,6069.81,0,39.5519,228.83,0,0,0,0,0,6445.37,10526.4,4189.7,-0.478756
3825,2023-06-23,00:00:00.00,0,0,-2.42161e-14,106.56,0.479124,0,6074.06,0,35.3062,228.83,0,0,0,0,0,6445.23,10526.4,4189.84,-0.478756
3826,2023-06-24,00:00:00.00,3.41614,0,-2.42161e-14,106.416,0.479124,0,6078.33,0,34.3759,228.905,0,0,0,0,0,6448.51,10529.9,4189.98,-0.478756
3827,2023-06-25,00:00:00.00,1.40665,0,-2.42161e-14,106.247,0.479124,0,6083.05,0,31.0287,228.935,0,0,0,0,0,6449.74,10531.3,4190.15,-0.478756
3828,2023-06-26,00:00:00.00,6.22944,0,-2.42161e-14,106.078,0.479124,0,6087.66,0,32.5181,229.071,0,0,0,0,0,6455.8,10537.5,4190.32,-0.478756
3829,2023-06-27,00:00:00.00,29.7406,0,-2.42334e-14,106.175,0.744665,0,6093.82,0,50.4682,229.717,4.45324,0,0,0,0,6485.38,10567.2,4190.49,-0.478756
3830,2023-06-28,00:00:00.00,8.23894,0,-2.43285e-14,106.266,0.479512,0,6104.83,0,51.9659,229.896,0.00651119,0,0,0,0,6493.44,10575.5,4190.66,-0.478756
3831,2023-06-29,00:00:00.00,0,0,-2.43285e-14,106.07,0.479124,0,6111.84,0,44.96,229.896,0,0,0,0,0,6493.24,10575.5,4190.86,-0.478756
3832,2023-06-30,00:00:00.00,0.20095,0,-2.43285e-14,105.893,0.479124,0,6117.91,0,39.0857,229.901,0,0,0,0,0,6493.27,10575.7,4191.04,-0.478756
3833,2023-07-01,00:00:00.00,0,0,-2.43285e-14,105.724,0.479124,0,6123.18,0,33.8164,229.901,0,0,0,0,0,6493.1,10575.7,4191.2,-0.478756
3834,2023-07-02,00:00:00.00,0.20095,0,-2.43285e-14,105.544,0.479124,0,6128.07,0,29.1178,229.905,0,0,0,0,0,6493.12,10575.9,4191.39,-0.478756
3835,2023-07-03,00:00:00.00,1.40665,0,-2.43285e-14,105.432,0.479124,0,6130.76,0,27.8104,229.936,0,0,0,0,0,6494.41,10577.3,4191.5,-0.478756
3836,2023-07-04,00:00:00.00,0,0,-2.43285e-14,105.252,0.479124,0,6134.76,0,23.8109,229.936,0,0,0,0,0,6494.23,10577.3,4191.68,-0.478756
3837,2023-07-05,00:00:00.00,0,0,-2.43285e-14,105.071,0.479124,0,6138.19,0,20.3738,229.936,0,0,0,0,0,6494.05,10577.3,4191.86,-0.478756
3838,2023-07-06,00:00:00.00,0,0,-2.43285e-14,104.89,0.479124,0,6141.14,0,17.4328,229.936,0,0,0,0,0,6493.87,10577.3,4192.04,-0.478756
3839,2023-07-07,00:00:00.00,24.5159,0,-2.43285e-14,104.71,0.479593,0,6145.86,0,36.6795,230.469,0.00786897,0,0,0,0,6518.21,10601.8,4192.22,-0.478756
3840,2023-07-08,00:00:00.00,0,0,-2.43285e-14,104.678,0.479354,0,6146.84,0,35.7066,230.469,0.00385625,0,0,0,0,6518.17,10601.8,4192.25,-0.478756
3841,2023-07-09,00:00:00.00,4.42089,0,-2.43286e-14,104.678,0.479329,0,6146.95,0,39.9186,230.565,0.00344536,0,0,0,0,6522.6,10606.2,4192.25,-0.478756
3842,2023-07-10,00:00:00.00,0.20095,0,-2.43287e-14,104.678,0.479307,0,6146.96,0,40.1101,230.569,0.00307826,0,0,0,0,6522.8,10606.4,4192.25,-0.478756
3843,2023-07-11,00:00:00.00,0,0,-2.43287e-14,104.668,0.479227,0,6147.3,0,39.7699,230.569,0.00173537,0,0,0,0,6522.79,10606.4,4192.26,-0.478756
3844,2023-07-12,00:00:00.00,1.40665,0,-2.43287e-14,104.556,0.479124,0,6150.92,0,37.5241,230.6,0,0,0,0,0,6524.08,10607.8,4192.38,-0.478756
3845,2023-07-13,00:00:00.00,32.7548,0,-2.43708e-14,105.08,1.00997,0,6151.43,0,59.0969,231.312,8.90248,0,0,0,0,6556.83,10640.6,4192.38,-0.478756
3846,2023-07-14,00:00:00.00,0,0,-2.46164e-14,105.896,0.953405,0,6151.43,0,59.0969,231.312,7.95392,0,0,0,0,6556.64,10640.6,4192.57,-0.478756
3847,2023-07-15,00:00:00.00,0,0,-2.46163e-14,106.297,0.90287,0,6151.43,0,59.0969,231.312,7.10643,0,0,0,0,6556.14,10640.6,4193.07,-0.478756
3848,2023-07-16,00:00:00.00,11.6551,0,-2.4457e-14,106.486,0.936071,0,6151.72,0,68.7308,231.565,7.66321,0,0,0,0,6567.11,10652.2,4193.76,-0.478756
3849,2023-07-17,00:00:00.00,0,0,-2.43864e-14,106.281,0.624219,0,6161.62,0,63.7721,231.565,2.43331,0,0,0,0,6566.3,10652.2,4194.57,-0.478756
3850,2023-07-18,00:00:00.00,0,0,-2.44297e-14,105.939,0.542306,0,6164.34,0,62.3056,231.565,1.05959,0,0,0,0,6565.75,10652.2,4195.12,-0.478756
3851,2023-07-19,00:00:00.00,0,0,-2.44412e-14,105.673,0.492188,0,6166.12,0,61.3379,231.565,0.219084,0,0,0,0,6565.41,10652.2,4195.46,-0.478756
3852,2023-07-20,00:00:00.00,2.10997,0,-2.44459e-14,105.502,0.490796,0,6166.17,0,63.3482,231.611,0.195741,0,0,0,0,6567.32,10654.4,4195.66,-0.478756
3853,2023-07-21,00:00:00.00,8.84179,0,-2.44462e-14,105.292,0.479124,0,6170.83,0,67.5382,231.803,0,0,0,0,0,6575.94,10663.2,4195.88,-0.478756
3854,2023-07-22,00:00:00.00,0,0,-2.44462e-14,105.162,0.479124,0,6173.29,0,65.0739,231.803,0,0,0,0,0,6575.81,10663.2,4196.01,-0.478756
3855,2023-07-23,00:00:00.00,0,0,-2.44462e-14,105.055,0.479124,0,6175.76,0,62.6095,231.803,0,0,0,0,0,6575.7,10663.2,4196.11,-0.478756
3856,2023-07-24,00:00:00.00,6.22944,0,-2.44462e-14,104.954,0.479124,0,6178.72,0,65.7406,231.939,0,0,0,0,0,6581.83,10669.4,4196.21,-0.478756
3857,2023-07-25,00:00:00.00,0,0,-2.44462e-14,104.825,0.479124,0,6183.68,0,60.782,231.939,0,0,0,0,0,6581.7,10669.4,4196.34,-0.478756
3858,2023-07-26,00:00:00.00,6.22944,0,-2.44462e-14,104.685,0.479124,0,6189.63,0,60.9208,232.074,0,0,0,0,0,6587.79,10675.7,4196.48,-0.478756
3859,2023-07-27,00:00:00.00,23.5111,0,-2.44319e-14,104.975,1.00455,0,6197.58,0,66.1073,232.585,8.81171,0,0,0,0,6611.07,10699.2,4196.72,-0.478756
3860,2023-07-28,00:00:00.00,0,0,-2.44061e-14,105.182,0.531756,0,6213.39,0,58.1256,232.585,0.882664,0,0,0,0,6610.7,10699.2,4197.09,-0.478756
3861,2023-07-29,00:00:00.00,1.80855,0,-2.44035e-14,104.841,0.479124,0,6222.25,0,51.916,232.624,0,0,0,0,0,6612.11,10701,4197.48,-0.478756
3862,2023-07-30,00:00:00.00,16.4779,0,-2.43841e-14,104.744,0.615801,0,6226.21,0,61.5122,232.983,2.29214,0,0,0,0,6628.36,10717.5,4197.72,-0.478756
3863,2023-07-31,00:00:00.00,0,0,-2.43566e-14,104.846,0.601238,0,6226.21,0,61.5122,232.983,2.04791,0,0,0,0,6628.2,10717.5,4197.88,-0.478756
3864,2023-08-01,00:00:00.00,0,0,-2.43689e-14,104.886,0.588227,0,6226.21,0,61.5122,232.983,1.82971,0,0,0,0,6628.01,10717.5,4198.07,-0.478756
3865,2023-08-02,00:00:00.00,0,0,-2.44039e-14,104.894,0.576602,0,6226.21,0,61.5122,232.983,1.63475,0,0,0,0,6627.81,10717.5,4198.26,-0.478756
3866,2023-08-03,00:00:00.00,7.63609,0,-2.44007e-14,104.806,0.502615,0,6228.64,0,67.7411,233.149,0.393949,0,0,0,0,6635.24,10725.1,4198.47,-0.478756
3867,2023-08-04,00:00:00.00,25.1187,0,-2.44022e-14,105.181,1.21816,0,6233.69,0,73.7902,233.695,12.394,0,0,0,0,6659.97,10750.2,4198.86,-0.478756
3868,2023-08-05,00:00:00.00,0,0,-2.42592e-14,105.641,0.891612,0,6242.99,0,69.1388,233.695,6.91761,0,0,0,0,6659.28,10750.2,4199.55,-0.478756
3869,2023-08-06,00:00:00.00,0,0,-2.41872e-14,105.561,0.758821,0,6246.33,0,67.4712,233.695,4.69065,0,0,0,0,6658.5,10750.2,4200.32,-0.478756
3870,2023-08-07,00:00:00.00,12.057,0,-2.41293e-14,105.513,0.856475,0,6248.89,0,74.3114,233.957,6.32834,0,0,0,0,6669.86,10762.3,4201.03,-0.478756
3871,2023-08-08,00:00:00.00,0.401899,0,-2.40121e-14,105.515,0.772847,0,6250.52,0,73.8895,233.965,4.92587,0,0,0,0,6669.59,10762.7,4201.7,-0.478756
3872,2023-08-09,00:00:00.00,0,0,-2.41284e-14,105.28,0.584582,0,6256.41,0,70.9431,233.965,1.76858,0,0,0,0,6668.96,10762.7,4202.33,-0.478756
3873,2023-08-10,00:00:00.00,0,0,-2.41021e-14,104.88,0.479124,0,6263.69,0,65.4392,233.965,0,0,0,0,0,6668.45,10762.7,4202.84,-0.478756
3874,2023-08-11,00:00:00.00,4.21994,0,-2.41021e-14,104.609,0.479124,0,6266.21,0,67.0473,234.057,0,0,0,0,0,6672.4,10766.9,4203.11,-0.478756
3875,2023-08-12,00:00:00.00,0.20095,0,-2.41021e-14,104.459,0.479124,0,6267.45,0,66.0026,234.062,0,0,0,0,0,6672.45,10767.1,4203.26,-0.478756
3876,2023-08-13,00:00:00.00,0.20095,0,-2.41021e-14,104.314,0.479124,0,6270.39,0,63.2528,234.066,0,0,0,0,0,6672.51,10767.3,4203.4,-0.478756
3877,2023-08-14,00:00:00.00,0,0,-2.41021e-14,104.186,0.479124,0,6273.77,0,59.8805,234.066,0,0,0,0,0,6672.38,10767.3,4203.53,-0.478756
3878,2023-08-15,00:00:00.00,1.6076,0,-2.41021e-14,104.123,0.479124,0,6275.01,0,60.2122,234.101,0,0,0,0,0,6673.92,10768.9,4203.6,-0.478756
3879,2023-08-16,00:00:00.00,0.401899,0,-2.41021e-14,104.098,0.479124,0,6275.02,0,60.5951,234.11,0,0,0,0,0,6674.3,10769.3,4203.62,-0.478756
3880,2023-08-17,00:00:00.00,0,0,-2.41021e-14,103.997,0.479124,0,6278.81,0,56.7971,234.11,0,0,0,0,0,6674.2,10769.3,4203.72,-0.478756
3881,2023-08-18,00:00:00.00,17.0807,0,-2.40799e-14,104.152,0.725504,0,6281.33,0,66.3621,234.481,4.13191,0,0,0,0,6691.19,10786.4,4203.81,-0.478756
3882,2023-08-19,00:00:00.00,2.0095,0,-2.39921e-14,104.491,0.699252,0,6281.39,0,68.2766,234.525,3.69165,0,0,0,0,6693.07,10788.4,4203.94,-0.478756
3883,2023-08-20,00:00:00.00,0,0,-2.3935e-14,104.671,0.675797,0,6281.39,0,68.2766,234.525,3.2983,0,0,0,0,6692.83,10788.4,4204.18,-0.478756
3884,2023-08-21,00:00:00.00,0,0,-2.39916e-14,104.56,0.498767,0,6287.26,0,65.3303,234.525,0.329424,0,0,0,0,6692.51,10788.4,4204.5,-0.478756
3885,2023-08-22,00:00:00.00,0,0,-2.39934e-14,104.305,0.479124,0,6291.39,0,61.5315,234.525,0,0,0,0,0,6692.23,10788.4,4204.78,-0.478756
3886,2023-08-23,00:00:00.00,6.02849,0,-2.39934e-14,104.193,0.479124,0,6291.54,0,67.2752,234.656,0,0,0,0,0,6698.15,10794.4,4204.89,-0.478756
3887,2023-08-24,00:00:00.00,6.02849,0,-2.39934e-14,104.115,0.479124,0,6291.7,0,73.0189,234.787,0,0,0,0,0,6704.1,10800.4,4204.97,-0.478756
3888,2023-08-25,00:00:00.00,21.0997,0,-2.39468e-14,104.586,1.15052,0,6293.19,0,79.5603,235.245,11.2596,0,0,0,0,6725,10821.5,4205.17,-0.478756
3889,2023-08-26,00:00:00.00,0,0,-2.40185e-14,105.203,0.967431,0,6297.38,0,77.4665,235.245,8.18914,0,0,0,0,6724.45,10821.5,4205.71,-0.478756
3890,2023-08-27,00:00:00.00,0,0,-2.41381e-14,105.243,0.803853,0,6301.57,0,75.3727,235.245,5.44585,0,0,0,0,6723.68,10821.5,4206.49,-0.478756
3891,2023-08-28,00:00:00.00,0,0,-2.40265e-14,105.159,0.769253,0,6301.57,0,75.3727,235.245,4.86559,0,0,0,0,6722.98,10821.5,4207.18,-0.478756
3892,2023-08-29,00:00:00.00,0,0,-2.40478e-14,105.091,0.738339,0,6301.57,0,75.3727,235.245,4.34716,0,0,0,0,6722.36,10821.5,4207.8,-0.478756
3893,2023-08-30,00:00:00.00,4.82279,0,-2.41068e-14,105.031,0.71072,0,6301.69,0,79.9676,235.35,3.88397,0,0,0,0,6726.64,10826.4,4208.35,-0.478756
3894,2023-08-31,00:00:00.00,0,0,-2.40744e-14,104.975,0.686043,0,6301.69,0,79.9676,235.35,3.47013,0,0,0,0,6726.14,10826.4,4208.85,-0.478756
3895,2023-09-01,00:00:00.00,0,0,-2.41364e-14,104.92,0.663996,0,6301.69,0,79.9676,235.35,3.10039,0,0,0,0,6725.7,10826.4,4209.29,-0.478756
3896,2023-09-02,00:00:00.00,0,0,-2.40648e-14,104.727,0.519911,0,6306.36,0,77.6314,235.35,0.684021,0,0,0,0,6725.28,10826.4,4209.71,-0.478756
3897,2023-09-03,00:00:00.00,0.20095,0,-2.40644e-14,104.455,0.479124,0,6309.97,0,74.9092,235.355,0,0,0,0,0,6725.17,10826.6,4210.02,-0.478756
3898,2023-09-04,00:00:00.00,0,0,-2.40644e-14,104.209,0.479124,0,6314.63,0,70.2485,235.355,0,0,0,0,0,6724.92,10826.6,4210.27,-0.478756
3899,2023-09-05,00:00:00.00,0,0,-2.40644e-14,104.023,0.479124,0,6319.29,0,65.5878,235.355,0,0,0,0,0,6724.73,10826.6,4210.46,-0.478756
3900,2023-09-06,00:00:00.00,0,0,-2.40644e-14,103.867,0.479124,0,6323.95,0,60.9271,235.355,0,0,0,0,0,6724.58,10826.6,4210.61,-0.478756
3901,2023-09-07,00:00:00.00,0.803799,0,-2.40644e-14,103.732,0.479124,0,6328.61,0,57.0537,235.372,0,0,0,0,0,6725.25,10827.4,4210.75,-0.478756
3902,2023-09-08,00:00:00.00,3.01425,0,-2.40644e-14,103.613,0.479124,0,6333.27,0,55.3435,235.438,0,0,0,0,0,6728.14,10830.4,4210.87,-0.478756
3903,2023-09-09,00:00:00.00,0,0,-2.40644e-14,103.595,0.479124,0,6333.85,0,54.7578,235.438,0,0,0,0,0,6728.12,10830.4,4210.89,-0.478756
3904,2023-09-10,00:00:00.00,0,0,-2.40644e-14,103.56,0.479124,0,6335.3,0,53.313,235.438,0,0,0,0,0,6728.09,10830.4,4210.92,-0.478749
3905,2023-09-11,00:00:00.00,0,0,-2.40644e-14,103.481,0.479124,0,6338.67,0,49.9374,235.438,0,0,0,0,0,6728.01,10830.4,4211,-0.478749
3906,2023-09-12,00:00:00.00,13.4636,0,-2.40644e-14,103.383,0.480133,0,6342.93,0,58.8307,235.73,0.0169176,0,0,0,0,6741.37,10843.8,4211.1,-0.478749
3907,2023-09-13,00:00:00.00,2.4114,0,-2.40643e-14,103.305,0.479124,0,6346.45,0,57.689,235.783,0,0,0,0,0,6743.71,10846.3,4211.18,-0.478749
3908,2023-09-14,00:00:00.00,0,0,-2.40643e-14,103.305,0.479124,0,6346.45,0,57.689,235.783,0,0,0,0,0,6743.71,10846.3,4211.18,-0.478749
3909,2023-09-15,00:00:00.00,0,0,-2.40643e-14,103.305,0.479124,0,6346.45,0,57.689,235.783,0,0,0,0,0,6743.71,10846.3,4211.18,-0.478749
3910,2023-09-16,00:00:00.00,0,0,-2.40643e-14,103.305,0.479124,0,6346.45,0,57.689,235.783,0,0,0,0,0,6743.71,10846.3,4211.18,-0.478749
3911,2023-09-17,00:00:00.00,0,0,-2.40643e-14,103.305,0.479124,0,6346.45,0,57.689,235.783,0,0,0,0,0,6743.71,10846.3,4211.18,-0.478749
3912,2023-09-18,00:00:00.00,0,0,-2.40643e-14,103.285,0.479124,0,6347.33,0,56.8096,235.783,0,0,0,0,0,6743.69,10846.3,4211.2,-0.478749
3913,2023-09-19,00:00:00.00,0.20095,0,-2.40643e-14,103.284,0.479124,0,6347.34,0,56.9968,235.787,0,0,0,0,0,6743.89,10846.5,4211.2,-0.478749
3914,2023-09-20,00:00:00.00,0,0,-2.40643e-14,103.284,0.479124,0,6347.34,0,56.9968,235.787,0,0,0,0,0,6743.89,10846.5,4211.2,-0.478749
3915,2023-09-21,00:00:00.00,0,0,-2.40643e-14,103.284,0.479124,0,6347.34,0,56.9968,235.787,0,0,0,0,0,6743.89,10846.5,4211.2,-0.478749
3916,2023-09-22,00:00:00.00,0,0,-2.40643e-14,103.284,0.479124,0,6347.34,0,56.991,235.787,0,0,0,0,0,6743.89,10846.5,4211.2,-0.478749
3917,2023-09-23,00:00:00.00,0,0,-2.40643e-14,103.212,0.479124,0,6350.55,0,53.7828,235.787,0,0,0,0,0,6743.81,10846.5,4211.27,-0.478749
3918,2023-09-24,00:00:00.00,0,0,-2.40643e-14,103.185,0.479124,0,6351.69,0,52.644,235.787,0,0,0,0,0,6743.79,10846.5,4211.3,-0.478749
3919,2023-09-25,00:00:00.00,0,0,-2.40643e-14,103.132,0.479124,0,6353.92,0,50.4197,235.787,0,0,0,0,0,6743.73,10846.5,4211.35,-0.478749
3920,2023-09-26,00:00:00.00,0,0,-2.40643e-14,103.066,0.479124,0,6356.58,0,47.7582,235.787,0,0,0,0,0,6743.67,10846.5,4211.42,-0.478749
3921,2023-09-27,00:00:00.00,0,0,-2.40643e-14,103.04,0.479124,0,6357.59,0,46.7468,235.787,0,0,0,0,0,6743.64,10846.5,4211.44,-0.478749
3922,2023-09-28,00:00:00.00,0,0,-2.40643e-14,103.007,0.479124,0,6358.83,0,45.5105,235.787,0,0,0,0,0,6743.61,10846.5,4211.48,-0.478749
3923,2023-09-29,00:00:00.00,0,0,-2.40643e-14,103.007,0.479124,0,6358.83,0,45.5105,235.787,0,0,0,0,0,6743.61,10846.5,4211.48,-0.478749
3924,2023-09-30,00:00:00.00,0,0,-2.40643e-14,102.987,0.479124,0,6359.55,0,44.7865,235.787,0,0,0,0,0,6743.59,10846.5,4211.5,-0.478749
3925,2023-10-01,00:00:00.00,0,0,-2.40643e-14,102.907,0.479124,0,6362.39,0,41.9505,235.787,0,0,0,0,0,6743.51,10846.5,4211.57,-0.478749
3926,2023-10-02,00:00:00.00,0,0,-2.40643e-14,102.855,0.479124,0,6364.13,0,40.2026,235.787,0,0,0,0,0,6743.46,10846.5,4211.63,-0.478749
3927,2023-10-03,00:00:00.00,0,0,-2.40643e-14,102.803,0.479124,0,6365.81,0,38.5276,235.787,0,0,0,0,0,6743.41,10846.5,4211.68,-0.478749
3928,2023-10-04,00:00:00.00,0,0,-2.40643e-14,102.751,0.479124,0,6367.41,0,36.9224,235.787,0,0,0,0,0,6743.35,10846.5,4211.73,-0.478749
3929,2023-10-05,00:00:00.00,0,0,-2.40643e-14,102.699,0.479124,0,6368.95,0,35.3841,235.787,0,0,0,0,0,6743.3,10846.5,4211.78,-0.478749
3930,2023-10-06,00:00:00.00,25.1187,0,-2.40224e-14,102.851,0.683235,0,6371.01,0,54.0698,236.333,3.42303,0,0,0,0,6768.37,10871.6,4211.84,-0.478749
3931,2023-10-07,00:00:00.00,0.602849,0,-2.40162e-14,103.047,0.539393,0,6375.56,0,52.4007,236.346,1.01074,0,0,0,0,6768.9,10872.2,4211.9,-0.478749
3932,2023-10-08,00:00:00.00,2.0095,0,-2.40189e-14,103.048,0.482108,0,6377.65,0,53.2275,236.39,0.0500446,0,0,0,0,6770.85,10874.2,4211.97,-0.478749
3933,2023-10-09,00:00:00.00,2.8133,0,-2.40192e-14,103.019,0.48179,0,6377.72,0,55.908,236.451,0.0447123,0,0,0,0,6773.63,10877,4212,-0.478749
3934,2023-10-10,00:00:00.00,1.40665,0,-2.40183e-14,102.998,0.481506,0,6377.76,0,57.2482,236.482,0.0399482,0,0,0,0,6775.01,10878.4,4212.03,-0.478749
3935,2023-10-11,00:00:00.00,2.21045,0,-2.40176e-14,102.981,0.481252,0,6377.82,0,59.3542,236.53,0.0356917,0,0,0,0,6777.2,10880.6,4212.05,-0.478749
3936,2023-10-12,00:00:00.00,0,0,-2.40175e-14,102.959,0.479346,0,6378.17,0,59.03,236.53,0.00371703,0,0,0,0,6777.17,10880.6,4212.07,-0.478749
3937,2023-10-13,00:00:00.00,0,0,-2.40175e-14,102.928,0.479206,0,6379.07,0,58.13,236.53,0.00137263,0,0,0,0,6777.14,10880.6,4212.1,-0.478749
3938,2023-10-14,00:00:00.00,0.803799,0,-2.40175e-14,102.919,0.479192,0,6379.12,0,58.8677,236.547,0.00114785,0,0,0,0,6777.94,10881.4,4212.11,-0.478749
3939,2023-10-15,00:00:00.00,0.20095,0,-2.40175e-14,102.91,0.479162,0,6379.3,0,58.8841,236.551,0.000635376,0,0,0,0,6778.13,10881.6,4212.12,-0.478749
3940,2023-10-16,00:00:00.00,0.602849,0,-2.40175e-14,102.906,0.479158,0,6379.32,0,59.4584,236.565,0.000567676,0,0,0,0,6778.73,10882.2,4212.13,-0.478749
3941,2023-10-17,00:00:00.00,0,0,-2.40175e-14,102.899,0.479131,0,6379.5,0,59.2782,236.565,0.000117023,0,0,0,0,6778.72,10882.2,4212.13,-0.478749
3942,2023-10-18,00:00:00.00,0,0,-2.40175e-14,102.858,0.479124,0,6381.26,0,57.5145,236.565,0,0,0,0,0,6778.68,10882.2,4212.17,-0.478749
3943,2023-10-19,00:00:00.00,0,0,-2.40175e-14,102.824,0.479124,0,6382.74,0,56.0387,236.565,0,0,0,0,0,6778.65,10882.2,4212.21,-0.478749
3944,2023-10-20,00:00:00.00,21.0997,0,-2.39671e-14,103.153,0.886766,0,6384.43,0,67.3319,237.023,6.83635,0,0,0,0,6799.67,10903.3,4212.29,-0.478749
3945,2023-10-21,00:00:00.00,7.03324,0,-2.37658e-14,103.631,0.787702,0,6386.52,0,73.168,237.176,5.17499,0,0,0,0,6806.46,10910.4,4212.52,-0.478749
3946,2023-10-22,00:00:00.00,0.602849,0,-2.36229e-14,103.792,0.729877,0,6387.46,0,73.2895,237.189,4.20524,0,0,0,0,6806.67,10911,4212.92,-0.478749
3947,2023-10-23,00:00:00.00,0,0,-2.35249e-14,103.824,0.703159,0,6387.46,0,73.2895,237.189,3.75717,0,0,0,0,6806.22,10911,4213.37,-0.478749
3948,2023-10-24,00:00:00.00,0,0,-2.34114e-14,103.811,0.679288,0,6387.46,0,73.2895,237.189,3.35684,0,0,0,0,6805.79,10911,4213.8,-0.478749
3949,2023-10-25,00:00:00.00,0.803799,0,-2.34252e-14,103.723,0.610002,0,6389.26,0,73.1756,237.207,2.19488,0,0,0,0,6806.17,10911.8,4214.22,-0.478749
3950,2023-10-26,00:00:00.00,2.21045,0,-2.34664e-14,103.496,0.48233,0,6393.7,0,73.0342,237.255,0.0537608,0,0,0,0,6808.02,10914,4214.58,-0.478749
3951,2023-10-27,00:00:00.00,4.82279,0,-2.34659e-14,103.254,0.479124,0,6396.06,0,75.4484,237.36,0,0,0,0,0,6812.6,10918.8,4214.83,-0.478749
3952,2023-10-28,00:00:00.00,1.2057,0,-2.34659e-14,103.09,0.479124,0,6398.36,0,74.3241,237.386,0,0,0,0,0,6813.64,10920,4214.99,-0.478749
3953,2023-10-29,00:00:00.00,0.20095,0,-2.34659e-14,102.996,0.479124,0,6399.26,0,73.6204,237.39,0,0,0,0,0,6813.75,10920.2,4215.09,-0.478749
3954,2023-10-30,00:00:00.00,3.81804,0,-2.34659e-14,102.942,0.479124,0,6399.36,0,77.2581,237.473,0,0,0,0,0,6817.51,10924,4215.14,-0.478749
3955,2023-10-31,00:00:00.00,0.602849,0,-2.34659e-14,102.901,0.479124,0,6399.37,0,77.8325,237.486,0,0,0,0,0,6818.07,10924.6,4215.18,-0.478749
3956,2023-11-01,00:00:00.00,0,0,-2.34659e-14,102.871,0.479124,0,6399.37,0,77.8325,237.486,0,0,0,0,0,6818.04,10924.6,4215.21,-0.478749
3957,2023-11-02,00:00:00.00,0,0,-2.34659e-14,102.845,0.479124,0,6399.52,0,77.6889,237.486,0,0,0,0,0,6818.02,10924.6,4215.24,-0.478749
3958,2023-11-03,00:00:00.00,0,0,-2.34659e-14,102.819,0.479124,0,6399.91,0,77.2938,237.486,0,0,0,0,0,6817.99,10924.6,4215.26,-0.478749
3959,2023-11-04,00:00:00.00,2.0095,0,-2.34659e-14,102.79,0.479124,0,6400.72,0,78.455,237.53,0,0,0,0,0,6819.97,10926.6,4215.29,-0.478749
3960,2023-11-05,00:00:00.00,0,0,-2.34659e-14,102.765,0.479124,0,6401.52,0,77.6504,237.53,0,0,0,0,0,6819.95,10926.6,4215.32,-0.478749
3961,2023-11-06,00:00:00.00,0,0,-2.34659e-14,102.745,0.479124,0,6402.22,0,76.9536,237.53,0,0,0,0,0,6819.93,10926.6,4215.34,-0.478749
3962,2023-11-07,00:00:00.00,8.43989,0,-2.34564e-14,102.861,0.633433,0,6403.09,0,81.4434,237.713,2.58784,0,0,0,0,6828.33,10935.1,4215.38,-0.478749
3963,2023-11-08,00:00:00.00,0,0,-2.34787e-14,103.03,0.574125,0,6404.7,0,80.6387,237.713,1.59322,0,0,0,0,6828.25,10935.1,4215.46,-0.478749
3964,2023-11-09,00:00:00.00,0,26.3244,-2.35308e-14,103.11,0.564003,0,6405.37,0,80.6387,238.286,1.42346,0,25.0778,0,0,6854.47,10961.4,4215.56,-0.478749
3965,2023-11-10,00:00:00.00,0,0,-2.36034e-14,103.255,0.700631,0,6405.9,0,84.4475,238.286,3.71478,0.604379,17.3988,0,0,6854.31,10961.4,4215.72,-0.478749
3966,2023-11-11,00:00:00.00,0,0,-2.34336e-14,103.865,1.26826,0,6407.19,0,87.8472,238.286,13.2342,0.0746024,2.14764,0,0,6853.91,10961.4,4216.12,-0.478749
3967,2023-11-12,00:00:00.00,0,0,-2.30992e-14,104.505,1.17385,0,6407.57,0,87.944,238.286,11.651,0.0648405,1.86662,0,0,6853.06,10961.4,4216.96,-0.478749
3968,2023-11-13,00:00:00.00,0,0,-2.32824e-14,104.634,1.0788,0,6408.36,0,87.9234,238.286,10.0569,0.0522546,1.50429,0,0,6851.9,10961.4,4218.13,-0.478749
3969,2023-11-14,00:00:00.00,0,0,-2.30247e-14,104.568,1.00211,0,6409.97,0,87.4908,238.286,8.77063,0.020825,0.599506,0,0,6850.71,10961.4,4219.32,-0.478749
3970,2023-11-15,00:00:00.00,0,0,-2.291e-14,104.446,0.920269,0,6411.58,0,86.992,238.286,7.39821,0,0,0,0,6849.63,10961.4,4220.4,-0.478749
3971,2023-11-16,00:00:00.00,0,0,-2.28869e-14,104.292,0.830399,0,6413.19,0,86.1874,238.286,5.89104,0,0,0,0,6848.68,10961.4,4221.35,-0.478749
3972,2023-11-17,00:00:00.00,0.20095,0,-2.29028e-14,104.118,0.750104,0,6414.8,0,85.5793,238.29,4.54446,0,0,0,0,6848.08,10961.6,4222.14,-0.478749
3973,2023-11-18,00:00:00.00,1.80855,0,-2.30054e-14,103.939,0.678364,0,6416.41,0,86.5439,238.329,3.34136,0,0,0,0,6849.24,10963.4,4222.79,-0.478749
3974,2023-11-19,00:00:00.00,0,0,-2.30627e-14,103.807,0.657135,0,6416.41,0,86.5439,238.329,2.98533,0,0,0,0,6848.73,10963.4,4223.3,-0.478749
3975,2023-11-20,00:00:00.00,0,0,-2.30653e-14,103.715,0.635875,0,6416.5,0,86.5009,238.329,2.62878,0,0,0,0,6848.31,10963.4,4223.73,-0.478749
3976,2023-11-21,00:00:00.00,0,0,-2.30137e-14,103.646,0.619173,0,6416.5,0,86.5009,238.329,2.34869,0,0,0,0,6847.94,10963.4,4224.1,-0.478749
3977,2023-11-22,00:00:00.00,0,12.2579,-2.29667e-14,103.592,0.604251,0,6416.91,0,86.5009,238.596,2.09843,0,11.5781,0,0,6859.88,10975.7,4224.42,-0.478749
3978,2023-11-23,00:00:00.00,0,0,-2.29416e-14,103.593,0.661709,0,6417.26,0,89.0993,238.596,3.06204,0.245078,7.05525,0,0,6859.57,10975.7,4224.72,-0.478749
3979,2023-11-24,00:00:00.00,0,0,-2.28958e-14,103.738,0.795412,0,6417.66,0,91.2557,238.596,5.30429,0.062606,1.80229,0,0,6859.22,10975.7,4225.08,-0.478749
3980,2023-11-25,00:00:00.00,0,0,-2.29513e-14,103.893,0.761711,0,6417.66,0,91.2557,238.596,4.73912,0,1.8649,0,0,6858.78,10975.7,4225.52,-0.478749
3981,2023-11-26,00:00:00.00,0,0,-2.29241e-14,103.927,0.731601,0,6417.66,0,91.2557,238.596,4.23416,0,1.8649,0,0,6858.27,10975.7,4226.02,-0.478749
3982,2023-11-27,00:00:00.00,1.48345,8.06166,-2.29958e-14,103.907,0.704701,0,6417.97,0,92.6034,238.803,3.78303,0.0647807,9.48031,0,0,6867.32,10985.2,4226.52,-0.478749
3983,2023-11-28,00:00:00.00,0,5.02374,-2.29178e-14,103.863,0.680666,0,6418.14,0,92.6034,238.913,3.37995,0,14.2902,0,0,6871.87,10990.2,4226.99,-0.478749
3984,2023-11-29,00:00:00.00,0,5.02374,-2.29297e-14,103.811,0.659191,0,6418.31,0,92.6034,239.022,3.01981,0,19.0354,0,0,6876.46,10995.3,4227.42,-0.478749
3985,2023-11-30,00:00:00.00,0,1.00475,-2.30267e-14,103.759,0.640005,0,6418.35,0,92.6034,239.044,2.69805,0,19.9844,0,0,6877.08,10996.3,4227.82,-0.478749
3986,2023-12-01,00:00:00.00,0,0,-2.3086e-14,103.709,0.622863,0,6418.35,0,92.6034,239.044,2.41057,0,19.9844,0,0,6876.72,10996.3,4228.17,-0.478749
3987,2023-12-02,00:00:00.00,0,3.01425,-2.30183e-14,103.848,0.862685,0,6418.76,0,94.1019,239.109,6.4325,0.544983,15.6889,0,0,6879.35,10999.3,4228.56,-0.478749
3988,2023-12-03,00:00:00.00,2.0095,0,-2.2967e-14,104.223,1.03811,0,6419.14,0,95.2479,239.153,9.37439,0.423376,12.1881,0,0,6880.79,11001.3,4229.13,-0.478749
3989,2023-12-04,00:00:00.00,0.9105,1.60137,-2.32926e-14,104.468,0.962327,0,6419.55,0,96.0219,239.207,8.10354,0.425822,13.7682,0,0,6882.5,11003.8,4229.92,-0.478749
3990,2023-12-05,00:00:00.00,0,0,-2.31632e-14,104.477,0.894059,0,6419.92,0,95.9609,239.207,6.95865,0.0211257,14.1729,0,0,6881.61,11003.8,4230.81,-0.478749
3991,2023-12-06,00:00:00.00,0,0,-2.33542e-14,104.403,0.835855,0,6420.24,0,95.9101,239.207,5.98254,0,14.194,0,0,6880.77,11003.8,4231.66,-0.478749
3992,2023-12-07,00:00:00.00,0,5.02374,-2.34618e-14,104.308,0.789097,0,6420.58,0,95.9041,239.317,5.19839,0,18.9391,0,0,6885.03,11008.8,4232.42,-0.478749
3993,2023-12-08,00:00:00.00,0,0,-2.35787e-14,104.208,0.745224,0,6420.82,0,95.8647,239.317,4.46261,0,18.9391,0,0,6884.35,11008.8,4233.1,-0.478749
3994,2023-12-09,00:00:00.00,0,0,-2.35276e-14,104.51,1.26694,0,6421.19,0,96.6982,239.317,13.2121,0.248574,7.15589,0,0,6883.6,11008.8,4233.85,-0.478749
3995,2023-12-10,00:00:00.00,6.02849,0,-2.31714e-14,105.294,1.69982,0,6421.91,0,97.1734,239.448,20.4717,0.0808958,2.32881,0,0,6888.41,11014.9,4235.07,-0.478749
3996,2023-12-11,00:00:00.00,0,0,-2.29546e-14,105.79,1.56936,0,6422.54,0,96.9374,239.448,18.2838,0.0679135,1.95508,0,0,6886.59,11014.9,4236.89,-0.478749
3997,2023-12-12,00:00:00.00,0,0,-2.25686e-14,105.819,1.43921,0,6423.07,0,96.6747,239.448,16.101,0,2.02299,0,0,6884.57,11014.9,4238.91,-0.478749
3998,2023-12-13,00:00:00.00,0,0,-2.22245e-14,105.716,1.32013,0,6423.7,0,96.3597,239.448,14.104,0,2.02299,0,0,6882.67,11014.9,4240.81,-0.478749
3999,2023-12-14,00:00:00.00,0,0,-2.25281e-14,105.588,1.21757,0,6424.18,0,96.1168,239.448,12.3841,0,2.02299,0,0,6880.96,11014.9,4242.52,-0.478749
4000,2023-12-15,00:00:00.00,0,0,-2.27023e-14,105.458,1.1249,0,6424.71,0,95.8541,239.448,10.8299,0,2.02299,0,0,6879.44,11014.9,4244.04,-0.478749
4001,2023-12-16,00:00:00.00,0.401899,0,-2.2464e-14,105.337,1.05307,0,6425.34,0,95.9848,239.456,9.62529,0.0574795,1.65471,0,0,6878.51,11015.3,4245.38,-0.478749
4002,2023-12-17,00:00:00.00,1.00475,0,-2.2381e-14,105.245,1.00441,0,6425.97,0,96.4449,239.478,8.80929,0.0460052,1.32439,0,0,6878.32,11016.3,4246.57,-0.478749
4003,2023-12-18,00:00:00.00,7.43514,0,-2.21887e-14,105.415,1.30023,0,6426.71,0,96.9401,239.64,13.7703,0.0267957,0.771388,0,0,6884.58,11023.7,4247.74,-0.478749
4004,2023-12-19,00:00:00.00,2.4114,1.00475,-2.20769e-14,105.756,1.35744,0,6427.38,0,97.2719,239.714,14.7298,0.0143218,0.412294,0,0,6886.64,11027.1,4249.1,-0.478749
4005,2023-12-20,00:00:00.00,0,0,-2.20963e-14,105.907,1.2635,0,6427.39,0,97.2652,239.714,13.1543,0,0.426616,0,0,6885.12,11027.1,4250.61,-0.478749
4006,2023-12-21,00:00:00.00,0,0,-2.18029e-14,105.88,1.16488,0,6427.96,0,96.9828,239.714,11.5005,0,0.426616,0,0,6883.63,11027.1,4252.11,-0.478749
4007,2023-12-22,00:00:00.00,0,0,-2.21681e-14,105.798,1.07887,0,6428.44,0,96.7399,239.714,10.058,0,0.426616,0,0,6882.26,11027.1,4253.48,-0.478749
4008,2023-12-23,00:00:00.00,0,3.01425,-2.22947e-14,105.714,1.01041,0,6428.63,0,96.7369,239.78,8.90999,0,3.27369,0,0,6884.06,11030.1,4254.69,-0.478747
4009,2023-12-24,00:00:00.00,0,7.23419,-2.22438e-14,105.629,0.944009,0,6429.07,0,96.7306,239.937,7.79633,0,10.1067,0,0,6890.21,11037.4,4255.77,-0.478747
4010,2023-12-25,00:00:00.00,0.20095,0,-2.21603e-14,105.632,1.01995,0,6429.44,0,97.2644,239.941,9.06993,0.236256,6.80129,0,0,6889.41,11037.6,4256.78,-0.478747
4011,2023-12-26,00:00:00.00,0,0,-2.19311e-14,105.865,1.23665,0,6430.07,0,97.508,239.941,12.704,0.0340665,0.980699,0,0,6888.34,11037.6,4257.84,-0.478747
4012,2023-12-27,00:00:00.00,9.64558,0,-2.23017e-14,106.403,1.64099,0,6430.87,0,97.7979,240.151,19.485,0.00871721,0.250949,0,0,6896.61,11047.2,4259.22,-0.478747
4013,2023-12-28,00:00:00.00,6.22944,0,-2.28741e-14,107.003,1.80736,0,6431.59,0,97.9845,240.286,22.2751,0,0,0,0,6900.95,11053.4,4261.11,-0.478747
4014,2023-12-29,00:00:00.00,3.01425,0,-2.28383e-14,107.339,1.78216,0,6432.24,0,98.1004,240.352,21.8526,0,0,0,0,6901.67,11056.5,4263.41,-0.478747
4015,2023-12-30,00:00:00.00,4.62184,0,-2.30147e-14,107.533,1.842,0,6432.93,0,98.2076,240.452,22.8561,0,0,0,0,6903.82,11061.1,4265.88,-0.478747
4016,2023-12-31,00:00:00.00,0,0,-2.28988e-14,107.612,1.68594,0,6433.33,0,98.004,240.452,20.2389,0,0,0,0,6901.33,11061.1,4268.37,-0.478747
4017,2024-01-01,00:00:00.00,0,5.02374,-2.39235e-14,107.532,1.54546,0,6433.73,0,97.9955,240.562,17.8829,0,4.74513,0,0,6904,11066.1,4270.73,-0.478747
